Trans_Date,Src,Tgt,Amount
2020-W01,一条堀川,二条堀川,238
2020-W01,四条新町,四条堀川,625
2020-W01,四条堀川,四条新町,620
2020-W01,五条堀川,四条堀川,622
2020-W01,四条堀川,五条堀川,622
2020-W01,四条車屋町,三条車屋町,709
2020-W01,三条車屋町,四条車屋町,722
2020-W01,三条車屋町,三条烏丸,821
2020-W01,四条新町,五条新町,679
2020-W01,三条烏丸,三条車屋町,817
2020-W01,三条烏丸,四条烏丸,864
2020-W01,三条烏丸,三条室町,694
2020-W01,三条室町,三条烏丸,707
2020-W01,四条室町,三条室町,693
2020-W01,三条室町,四条室町,698
2020-W01,三条室町,三条新町,580
2020-W01,三条新町,三条室町,575
2020-W01,四条烏丸,三条烏丸,866
2020-W01,四条新町,四条室町,698
2020-W01,四条室町,四条新町,714
2020-W01,四条室町,五条室町,816
2020-W01,五条車屋町,五条烏丸,822
2020-W01,五条烏丸,五条車屋町,819
2020-W01,五条烏丸,五条室町,727
2020-W01,五条室町,五条烏丸,723
2020-W01,五条室町,五条新町,603
2020-W01,五条新町,五条室町,587
2020-W01,五条新町,五条堀川,423
2020-W01,五条堀川,五条新町,452
2020-W01,五条車屋町,四条車屋町,841
2020-W01,四条車屋町,五条車屋町,832
2020-W01,四条車屋町,四条烏丸,954
2020-W01,四条烏丸,四条車屋町,938
2020-W01,五条烏丸,四条烏丸,937
2020-W01,四条烏丸,五条烏丸,958
2020-W01,四条烏丸,四条室町,801
2020-W01,四条室町,四条烏丸,812
2020-W01,五条室町,四条室町,814
2020-W01,四条新町,三条新町,569
2020-W01,三条新町,四条新町,560
2020-W01,五条新町,四条新町,694
2020-W01,三条堀川,三条新町,479
2020-W01,二条車屋町,一条車屋町,433
2020-W01,一条車屋町,二条車屋町,430
2020-W01,一条車屋町,一条烏丸,575
2020-W01,一条烏丸,一条車屋町,569
2020-W01,二条烏丸,一条烏丸,551
2020-W01,一条烏丸,二条烏丸,566
2020-W01,一条室町,一条烏丸,428
2020-W01,二条室町,一条室町,511
2020-W01,一条室町,二条室町,485
2020-W01,一条室町,一条新町,341
2020-W01,一条新町,一条室町,353
2020-W01,二条新町,一条新町,325
2020-W01,一条新町,二条新町,323
2020-W01,一条新町,一条堀川,198
2020-W01,一条堀川,一条新町,204
2020-W01,二条堀川,一条堀川,218
2020-W01,三条新町,三条堀川,464
2020-W01,二条堀川,三条堀川,343
2020-W01,三条堀川,二条堀川,341
2020-W01,一条烏丸,一条室町,437
2020-W01,四条堀川,三条堀川,484
2020-W01,二条堀川,二条新町,352
2020-W01,三条堀川,四条堀川,484
2020-W01,三条車屋町,二条車屋町,592
2020-W01,二条車屋町,三条車屋町,592
2020-W01,二条車屋町,二条烏丸,734
2020-W01,二条烏丸,二条車屋町,725
2020-W01,二条烏丸,三条烏丸,685
2020-W01,二条烏丸,二条室町,550
2020-W01,三条烏丸,二条烏丸,669
2020-W01,三条室町,二条室町,619
2020-W01,二条室町,三条室町,610
2020-W01,二条室町,二条新町,477
2020-W01,二条新町,二条室町,471
2020-W01,三条新町,二条新町,491
2020-W01,二条新町,三条新町,462
2020-W01,二条新町,二条堀川,358
2020-W01,二条室町,二条烏丸,550
2020-W02,四条新町,五条新町,1037
2020-W02,四条新町,四条堀川,889
2020-W02,四条堀川,四条新町,894
2020-W02,五条堀川,四条堀川,935
2020-W02,四条堀川,五条堀川,907
2020-W02,四条車屋町,三条車屋町,1034
2020-W02,三条車屋町,四条車屋町,1065
2020-W02,三条車屋町,三条烏丸,1258
2020-W02,三条室町,三条烏丸,1058
2020-W02,四条烏丸,三条烏丸,1246
2020-W02,三条烏丸,四条烏丸,1225
2020-W02,三条烏丸,三条室町,1056
2020-W02,四条室町,三条室町,1069
2020-W02,三条室町,四条室町,1071
2020-W02,三条室町,三条新町,903
2020-W02,三条新町,三条室町,917
2020-W02,三条烏丸,三条車屋町,1239
2020-W02,四条新町,四条室町,1056
2020-W02,四条新町,三条新町,922
2020-W02,四条室町,五条室町,1206
2020-W02,五条車屋町,五条烏丸,1198
2020-W02,五条烏丸,五条車屋町,1201
2020-W02,五条烏丸,五条室町,1056
2020-W02,五条室町,五条烏丸,1055
2020-W02,五条室町,五条新町,840
2020-W02,五条新町,五条室町,858
2020-W02,五条新町,五条堀川,743
2020-W02,五条堀川,五条新町,747
2020-W02,五条車屋町,四条車屋町,1218
2020-W02,四条車屋町,五条車屋町,1210
2020-W02,四条車屋町,四条烏丸,1405
2020-W02,四条烏丸,四条車屋町,1407
2020-W02,五条烏丸,四条烏丸,1383
2020-W02,四条烏丸,五条烏丸,1365
2020-W02,四条烏丸,四条室町,1200
2020-W02,四条室町,四条烏丸,1196
2020-W02,五条室町,四条室町,1172
2020-W02,四条室町,四条新町,1052
2020-W02,三条新町,四条新町,907
2020-W02,五条新町,四条新町,1067
2020-W02,三条堀川,三条新町,728
2020-W02,一条車屋町,二条車屋町,760
2020-W02,一条車屋町,一条烏丸,917
2020-W02,一条烏丸,一条車屋町,926
2020-W02,二条烏丸,一条烏丸,892
2020-W02,一条烏丸,二条烏丸,908
2020-W02,一条烏丸,一条室町,757
2020-W02,一条室町,一条烏丸,755
2020-W02,二条室町,一条室町,766
2020-W02,一条室町,二条室町,758
2020-W02,一条室町,一条新町,600
2020-W02,一条新町,一条室町,608
2020-W02,二条新町,一条新町,544
2020-W02,一条新町,二条新町,541
2020-W02,一条新町,一条堀川,437
2020-W02,一条堀川,一条新町,431
2020-W02,二条堀川,一条堀川,429
2020-W02,一条堀川,二条堀川,403
2020-W02,二条車屋町,一条車屋町,749
2020-W02,二条堀川,三条堀川,588
2020-W02,三条新町,三条堀川,749
2020-W02,四条堀川,三条堀川,784
2020-W02,三条堀川,二条堀川,582
2020-W02,三条堀川,四条堀川,764
2020-W02,三条車屋町,二条車屋町,884
2020-W02,二条車屋町,三条車屋町,899
2020-W02,二条車屋町,二条烏丸,1052
2020-W02,三条烏丸,二条烏丸,1041
2020-W02,二条烏丸,三条烏丸,1060
2020-W02,二条烏丸,二条室町,916
2020-W02,二条烏丸,二条車屋町,1055
2020-W02,三条室町,二条室町,931
2020-W02,二条室町,三条室町,937
2020-W02,二条室町,二条新町,750
2020-W02,二条新町,二条室町,758
2020-W02,三条新町,二条新町,741
2020-W02,二条新町,三条新町,731
2020-W02,二条新町,二条堀川,623
2020-W02,二条室町,二条烏丸,929
2020-W02,二条堀川,二条新町,616
2020-W03,四条新町,四条堀川,988
2020-W03,四条堀川,四条新町,963
2020-W03,五条堀川,四条堀川,946
2020-W03,四条堀川,五条堀川,943
2020-W03,四条車屋町,三条車屋町,1121
2020-W03,三条車屋町,四条車屋町,1126
2020-W03,三条車屋町,三条烏丸,1295
2020-W03,三条新町,三条室町,979
2020-W03,四条烏丸,三条烏丸,1297
2020-W03,三条烏丸,四条烏丸,1296
2020-W03,三条烏丸,三条室町,1112
2020-W03,三条室町,三条烏丸,1118
2020-W03,四条室町,三条室町,1083
2020-W03,三条室町,四条室町,1093
2020-W03,三条室町,三条新町,970
2020-W03,四条新町,五条新町,1111
2020-W03,三条烏丸,三条車屋町,1282
2020-W03,五条新町,四条新町,1125
2020-W03,四条車屋町,四条烏丸,1421
2020-W03,四条室町,四条新町,1103
2020-W03,四条新町,三条新町,924
2020-W03,五条烏丸,五条車屋町,1249
2020-W03,五条烏丸,五条室町,1138
2020-W03,五条室町,五条烏丸,1102
2020-W03,五条室町,五条新町,974
2020-W03,五条新町,五条室町,946
2020-W03,五条新町,五条堀川,787
2020-W03,五条堀川,五条新町,784
2020-W03,五条車屋町,四条車屋町,1261
2020-W03,四条車屋町,五条車屋町,1243
2020-W03,四条烏丸,四条車屋町,1422
2020-W03,五条烏丸,四条烏丸,1423
2020-W03,四条烏丸,五条烏丸,1425
2020-W03,四条烏丸,四条室町,1299
2020-W03,四条室町,四条烏丸,1295
2020-W03,五条室町,四条室町,1270
2020-W03,四条室町,五条室町,1284
2020-W03,四条新町,四条室町,1126
2020-W03,三条新町,四条新町,923
2020-W03,五条車屋町,五条烏丸,1249
2020-W03,三条堀川,三条新町,799
2020-W03,一条車屋町,二条車屋町,805
2020-W03,一条車屋町,一条烏丸,955
2020-W03,一条烏丸,一条車屋町,951
2020-W03,二条烏丸,一条烏丸,1012
2020-W03,一条烏丸,二条烏丸,1021
2020-W03,一条烏丸,一条室町,783
2020-W03,一条室町,一条烏丸,796
2020-W03,二条室町,一条室町,804
2020-W03,一条室町,二条室町,806
2020-W03,一条室町,一条新町,653
2020-W03,一条新町,一条室町,645
2020-W03,二条新町,一条新町,661
2020-W03,一条新町,二条新町,642
2020-W03,一条新町,一条堀川,440
2020-W03,一条堀川,一条新町,443
2020-W03,二条堀川,一条堀川,509
2020-W03,一条堀川,二条堀川,495
2020-W03,二条車屋町,一条車屋町,796
2020-W03,二条堀川,三条堀川,630
2020-W03,三条新町,三条堀川,823
2020-W03,二条堀川,二条新町,596
2020-W03,三条堀川,二条堀川,608
2020-W03,四条堀川,三条堀川,801
2020-W03,三条堀川,四条堀川,791
2020-W03,三条車屋町,二条車屋町,993
2020-W03,二条車屋町,三条車屋町,989
2020-W03,二条烏丸,二条車屋町,1089
2020-W03,三条烏丸,二条烏丸,1099
2020-W03,二条烏丸,三条烏丸,1085
2020-W03,二条車屋町,二条烏丸,1056
2020-W03,二条室町,二条烏丸,960
2020-W03,三条室町,二条室町,928
2020-W03,二条室町,三条室町,934
2020-W03,二条新町,二条堀川,599
2020-W03,二条室町,二条新町,823
2020-W03,二条新町,二条室町,816
2020-W03,三条新町,二条新町,805
2020-W03,二条新町,三条新町,784
2020-W03,二条烏丸,二条室町,975
2020-W04,五条新町,四条新町,1091
2020-W04,四条車屋町,三条車屋町,1118
2020-W04,四条堀川,五条堀川,919
2020-W04,四条新町,五条新町,1083
2020-W04,四条堀川,四条新町,864
2020-W04,四条新町,四条堀川,831
2020-W04,三条車屋町,四条車屋町,1114
2020-W04,五条堀川,四条堀川,953
2020-W04,三条車屋町,三条烏丸,1201
2020-W04,三条烏丸,三条室町,1084
2020-W04,四条烏丸,三条烏丸,1273
2020-W04,三条烏丸,四条烏丸,1249
2020-W04,三条室町,三条烏丸,1074
2020-W04,四条室町,三条室町,1071
2020-W04,三条室町,四条室町,1090
2020-W04,三条室町,三条新町,939
2020-W04,三条新町,三条室町,915
2020-W04,三条烏丸,三条車屋町,1206
2020-W04,四条新町,四条室町,1104
2020-W04,四条新町,三条新町,886
2020-W04,四条室町,五条室町,1247
2020-W04,五条車屋町,五条烏丸,1255
2020-W04,五条烏丸,五条車屋町,1263
2020-W04,五条烏丸,五条室町,1064
2020-W04,五条室町,五条烏丸,1062
2020-W04,五条室町,五条新町,874
2020-W04,五条新町,五条室町,894
2020-W04,五条新町,五条堀川,739
2020-W04,五条堀川,五条新町,747
2020-W04,五条車屋町,四条車屋町,1253
2020-W04,四条車屋町,五条車屋町,1222
2020-W04,四条車屋町,四条烏丸,1380
2020-W04,四条烏丸,四条車屋町,1388
2020-W04,五条烏丸,四条烏丸,1391
2020-W04,四条烏丸,五条烏丸,1378
2020-W04,四条烏丸,四条室町,1244
2020-W04,四条室町,四条烏丸,1237
2020-W04,五条室町,四条室町,1251
2020-W04,四条室町,四条新町,1115
2020-W04,三条新町,四条新町,902
2020-W04,一条堀川,二条堀川,463
2020-W04,三条堀川,三条新町,740
2020-W04,一条車屋町,二条車屋町,706
2020-W04,一条車屋町,一条烏丸,918
2020-W04,一条烏丸,一条車屋町,899
2020-W04,二条烏丸,一条烏丸,890
2020-W04,一条烏丸,二条烏丸,893
2020-W04,一条烏丸,一条室町,769
2020-W04,二条室町,一条室町,731
2020-W04,二条車屋町,一条車屋町,723
2020-W04,一条室町,二条室町,738
2020-W04,一条新町,一条室町,617
2020-W04,二条新町,一条新町,629
2020-W04,一条新町,二条新町,632
2020-W04,一条新町,一条堀川,453
2020-W04,一条堀川,一条新町,450
2020-W04,二条堀川,一条堀川,430
2020-W04,三条新町,三条堀川,735
2020-W04,一条室町,一条新町,647
2020-W04,二条堀川,三条堀川,654
2020-W04,一条室町,一条烏丸,763
2020-W04,二条堀川,二条新町,597
2020-W04,四条堀川,三条堀川,753
2020-W04,三条堀川,二条堀川,637
2020-W04,三条堀川,四条堀川,751
2020-W04,三条車屋町,二条車屋町,917
2020-W04,二条車屋町,三条車屋町,900
2020-W04,二条車屋町,二条烏丸,1041
2020-W04,三条烏丸,二条烏丸,1054
2020-W04,二条烏丸,三条烏丸,1049
2020-W04,二条烏丸,二条室町,922
2020-W04,二条烏丸,二条車屋町,1056
2020-W04,三条室町,二条室町,893
2020-W04,二条室町,三条室町,909
2020-W04,二条室町,二条新町,738
2020-W04,二条新町,二条室町,742
2020-W04,三条新町,二条新町,827
2020-W04,二条新町,三条新町,797
2020-W04,二条新町,二条堀川,603
2020-W04,二条室町,二条烏丸,916
2020-W05,四条新町,四条堀川,788
2020-W05,四条堀川,四条新町,792
2020-W05,五条堀川,四条堀川,766
2020-W05,四条堀川,五条堀川,784
2020-W05,四条車屋町,三条車屋町,914
2020-W05,三条車屋町,四条車屋町,927
2020-W05,三条車屋町,三条烏丸,1102
2020-W05,三条新町,三条室町,785
2020-W05,四条烏丸,三条烏丸,1108
2020-W05,三条烏丸,四条烏丸,1112
2020-W05,三条烏丸,三条室町,985
2020-W05,三条室町,三条烏丸,998
2020-W05,四条室町,三条室町,992
2020-W05,三条室町,四条室町,1002
2020-W05,三条室町,三条新町,791
2020-W05,四条新町,五条新町,948
2020-W05,三条烏丸,三条車屋町,1094
2020-W05,五条新町,四条新町,965
2020-W05,四条車屋町,四条烏丸,1308
2020-W05,四条室町,四条新町,986
2020-W05,四条新町,三条新町,775
2020-W05,五条烏丸,五条車屋町,1095
2020-W05,五条烏丸,五条室町,949
2020-W05,五条室町,五条烏丸,965
2020-W05,五条室町,五条新町,823
2020-W05,五条新町,五条室町,806
2020-W05,五条新町,五条堀川,656
2020-W05,五条堀川,五条新町,634
2020-W05,五条車屋町,四条車屋町,1173
2020-W05,四条車屋町,五条車屋町,1154
2020-W05,四条烏丸,四条車屋町,1292
2020-W05,五条烏丸,四条烏丸,1206
2020-W05,四条烏丸,五条烏丸,1223
2020-W05,四条烏丸,四条室町,1102
2020-W05,四条室町,四条烏丸,1110
2020-W05,五条室町,四条室町,1107
2020-W05,四条室町,五条室町,1097
2020-W05,四条新町,四条室町,981
2020-W05,三条新町,四条新町,767
2020-W05,五条車屋町,五条烏丸,1072
2020-W05,三条堀川,三条新町,643
2020-W05,一条車屋町,二条車屋町,630
2020-W05,一条車屋町,一条烏丸,859
2020-W05,一条烏丸,一条車屋町,833
2020-W05,二条烏丸,一条烏丸,794
2020-W05,一条烏丸,二条烏丸,774
2020-W05,一条烏丸,一条室町,673
2020-W05,一条室町,一条烏丸,660
2020-W05,二条室町,一条室町,622
2020-W05,一条室町,二条室町,639
2020-W05,一条室町,一条新町,453
2020-W05,一条新町,一条室町,462
2020-W05,二条新町,一条新町,476
2020-W05,一条新町,二条新町,459
2020-W05,一条新町,一条堀川,320
2020-W05,一条堀川,一条新町,286
2020-W05,二条堀川,一条堀川,339
2020-W05,一条堀川,二条堀川,352
2020-W05,二条車屋町,一条車屋町,642
2020-W05,二条堀川,三条堀川,420
2020-W05,三条新町,三条堀川,672
2020-W05,二条堀川,二条新町,480
2020-W05,三条堀川,二条堀川,459
2020-W05,四条堀川,三条堀川,638
2020-W05,三条堀川,四条堀川,641
2020-W05,三条車屋町,二条車屋町,765
2020-W05,二条車屋町,三条車屋町,784
2020-W05,二条烏丸,二条車屋町,958
2020-W05,三条烏丸,二条烏丸,943
2020-W05,二条烏丸,三条烏丸,927
2020-W05,二条車屋町,二条烏丸,955
2020-W05,二条室町,二条烏丸,798
2020-W05,三条室町,二条室町,799
2020-W05,二条室町,三条室町,804
2020-W05,二条新町,二条堀川,481
2020-W05,二条室町,二条新町,698
2020-W05,二条新町,二条室町,679
2020-W05,三条新町,二条新町,632
2020-W05,二条新町,三条新町,614
2020-W05,二条烏丸,二条室町,808
2020-W06,三条車屋町,四条車屋町,818
2020-W06,四条車屋町,三条車屋町,822
2020-W06,四条堀川,四条新町,645
2020-W06,五条堀川,四条堀川,599
2020-W06,三条車屋町,三条烏丸,994
2020-W06,四条新町,四条堀川,656
2020-W06,四条堀川,五条堀川,608
2020-W06,三条烏丸,三条車屋町,997
2020-W06,三条室町,三条烏丸,884
2020-W06,三条烏丸,四条烏丸,992
2020-W06,三条烏丸,三条室町,881
2020-W06,四条室町,三条室町,814
2020-W06,三条室町,四条室町,811
2020-W06,三条室町,三条新町,668
2020-W06,三条新町,三条室町,687
2020-W06,四条新町,五条新町,854
2020-W06,四条新町,三条新町,618
2020-W06,四条烏丸,三条烏丸,977
2020-W06,五条新町,四条新町,839
2020-W06,四条烏丸,四条車屋町,1155
2020-W06,四条室町,四条新町,853
2020-W06,五条車屋町,五条烏丸,1028
2020-W06,五条烏丸,五条車屋町,1029
2020-W06,五条烏丸,五条室町,835
2020-W06,五条室町,五条烏丸,806
2020-W06,五条室町,五条新町,683
2020-W06,五条新町,五条室町,684
2020-W06,五条新町,五条堀川,486
2020-W06,五条堀川,五条新町,501
2020-W06,五条車屋町,四条車屋町,1020
2020-W06,四条車屋町,五条車屋町,1011
2020-W06,四条車屋町,四条烏丸,1166
2020-W06,五条烏丸,四条烏丸,1128
2020-W06,四条烏丸,五条烏丸,1133
2020-W06,四条烏丸,四条室町,984
2020-W06,四条室町,四条烏丸,992
2020-W06,五条室町,四条室町,1001
2020-W06,四条室町,五条室町,958
2020-W06,四条新町,四条室町,865
2020-W06,三条新町,四条新町,617
2020-W06,三条新町,三条堀川,486
2020-W06,四条堀川,三条堀川,527
2020-W06,一条車屋町,一条烏丸,659
2020-W06,一条烏丸,一条車屋町,667
2020-W06,二条烏丸,一条烏丸,692
2020-W06,一条烏丸,二条烏丸,680
2020-W06,一条烏丸,一条室町,508
2020-W06,一条室町,一条烏丸,497
2020-W06,一条室町,二条室町,547
2020-W06,一条車屋町,二条車屋町,494
2020-W06,一条室町,一条新町,305
2020-W06,二条新町,一条新町,371
2020-W06,一条新町,二条新町,344
2020-W06,一条新町,一条堀川,188
2020-W06,一条堀川,一条新町,175
2020-W06,二条堀川,一条堀川,200
2020-W06,一条堀川,二条堀川,197
2020-W06,三条堀川,三条新町,478
2020-W06,一条新町,一条室町,302
2020-W06,二条車屋町,一条車屋町,493
2020-W06,二条室町,一条室町,574
2020-W06,三条堀川,二条堀川,376
2020-W06,二条堀川,三条堀川,345
2020-W06,三条車屋町,二条車屋町,666
2020-W06,二条車屋町,三条車屋町,675
2020-W06,二条車屋町,二条烏丸,845
2020-W06,二条烏丸,二条車屋町,857
2020-W06,三条烏丸,二条烏丸,821
2020-W06,二条烏丸,三条烏丸,839
2020-W06,二条烏丸,二条室町,702
2020-W06,二条室町,二条烏丸,688
2020-W06,三条堀川,四条堀川,514
2020-W06,二条室町,三条室町,660
2020-W06,二条室町,二条新町,504
2020-W06,二条新町,二条室町,512
2020-W06,三条新町,二条新町,498
2020-W06,二条新町,三条新町,490
2020-W06,二条新町,二条堀川,355
2020-W06,二条堀川,二条新町,354
2020-W06,三条室町,二条室町,655
2020-W07,三条車屋町,四条車屋町,698
2020-W07,四条車屋町,三条車屋町,723
2020-W07,四条新町,四条堀川,612
2020-W07,五条堀川,四条堀川,564
2020-W07,四条堀川,四条新町,585
2020-W07,三条車屋町,三条烏丸,865
2020-W07,四条堀川,五条堀川,565
2020-W07,三条烏丸,三条車屋町,859
2020-W07,四条新町,三条新町,606
2020-W07,三条烏丸,四条烏丸,897
2020-W07,三条烏丸,三条室町,688
2020-W07,三条室町,三条烏丸,687
2020-W07,四条室町,三条室町,737
2020-W07,三条室町,四条室町,736
2020-W07,三条室町,三条新町,541
2020-W07,三条新町,三条室町,548
2020-W07,四条新町,五条新町,725
2020-W07,四条烏丸,三条烏丸,897
2020-W07,五条新町,四条新町,743
2020-W07,四条烏丸,四条車屋町,1023
2020-W07,四条室町,四条新町,712
2020-W07,三条新町,四条新町,589
2020-W07,五条烏丸,五条車屋町,907
2020-W07,五条烏丸,五条室町,699
2020-W07,五条室町,五条烏丸,711
2020-W07,五条室町,五条新町,512
2020-W07,五条新町,五条室町,535
2020-W07,五条新町,五条堀川,446
2020-W07,五条堀川,五条新町,443
2020-W07,五条車屋町,四条車屋町,899
2020-W07,四条車屋町,五条車屋町,881
2020-W07,四条車屋町,四条烏丸,1028
2020-W07,五条烏丸,四条烏丸,1043
2020-W07,四条烏丸,五条烏丸,1048
2020-W07,四条烏丸,四条室町,879
2020-W07,四条室町,四条烏丸,859
2020-W07,五条室町,四条室町,877
2020-W07,四条室町,五条室町,872
2020-W07,四条新町,四条室町,714
2020-W07,五条車屋町,五条烏丸,892
2020-W07,三条新町,三条堀川,434
2020-W07,四条堀川,三条堀川,375
2020-W07,一条車屋町,一条烏丸,523
2020-W07,一条烏丸,一条車屋町,533
2020-W07,二条烏丸,一条烏丸,604
2020-W07,一条烏丸,二条烏丸,572
2020-W07,一条烏丸,一条室町,388
2020-W07,二条室町,一条室町,406
2020-W07,一条室町,二条室町,419
2020-W07,一条車屋町,二条車屋町,371
2020-W07,一条室町,一条新町,247
2020-W07,二条新町,一条新町,247
2020-W07,一条新町,二条新町,273
2020-W07,一条新町,一条堀川,101
2020-W07,一条堀川,一条新町,106
2020-W07,二条堀川,一条堀川,120
2020-W07,一条堀川,二条堀川,100
2020-W07,三条堀川,三条新町,427
2020-W07,一条新町,一条室町,260
2020-W07,二条車屋町,一条車屋町,369
2020-W07,一条室町,一条烏丸,375
2020-W07,三条堀川,二条堀川,260
2020-W07,二条堀川,三条堀川,234
2020-W07,三条堀川,四条堀川,372
2020-W07,三条車屋町,二条車屋町,520
2020-W07,二条車屋町,三条車屋町,532
2020-W07,二条車屋町,二条烏丸,729
2020-W07,二条烏丸,二条車屋町,729
2020-W07,二条烏丸,三条烏丸,719
2020-W07,二条烏丸,二条室町,565
2020-W07,二条室町,二条烏丸,576
2020-W07,三条烏丸,二条烏丸,723
2020-W07,二条室町,三条室町,556
2020-W07,二条室町,二条新町,362
2020-W07,二条新町,二条室町,382
2020-W07,三条新町,二条新町,446
2020-W07,二条新町,三条新町,434
2020-W07,二条新町,二条堀川,267
2020-W07,二条堀川,二条新町,266
2020-W07,三条室町,二条室町,559
2020-W08,四条新町,四条堀川,555
2020-W08,四条堀川,四条新町,565
2020-W08,五条堀川,四条堀川,496
2020-W08,四条堀川,五条堀川,519
2020-W08,四条車屋町,三条車屋町,672
2020-W08,三条車屋町,四条車屋町,688
2020-W08,三条車屋町,三条烏丸,851
2020-W08,三条新町,三条室町,537
2020-W08,四条烏丸,三条烏丸,874
2020-W08,三条烏丸,四条烏丸,870
2020-W08,三条烏丸,三条室町,683
2020-W08,三条室町,三条烏丸,711
2020-W08,四条室町,三条室町,712
2020-W08,三条室町,四条室町,721
2020-W08,三条室町,三条新町,568
2020-W08,四条新町,五条新町,713
2020-W08,三条烏丸,三条車屋町,863
2020-W08,五条新町,四条新町,697
2020-W08,四条車屋町,四条烏丸,1070
2020-W08,四条室町,四条新町,753
2020-W08,四条新町,三条新町,589
2020-W08,五条烏丸,五条車屋町,820
2020-W08,五条烏丸,五条室町,745
2020-W08,五条室町,五条烏丸,721
2020-W08,五条室町,五条新町,529
2020-W08,五条新町,五条室町,535
2020-W08,五条新町,五条堀川,361
2020-W08,五条堀川,五条新町,380
2020-W08,五条車屋町,四条車屋町,822
2020-W08,四条車屋町,五条車屋町,844
2020-W08,四条烏丸,四条車屋町,1057
2020-W08,五条烏丸,四条烏丸,1041
2020-W08,四条烏丸,五条烏丸,1027
2020-W08,四条烏丸,四条室町,887
2020-W08,四条室町,四条烏丸,863
2020-W08,五条室町,四条室町,857
2020-W08,四条室町,五条室町,862
2020-W08,四条新町,四条室町,720
2020-W08,三条新町,四条新町,573
2020-W08,五条車屋町,五条烏丸,830
2020-W08,三条堀川,三条新町,403
2020-W08,一条車屋町,二条車屋町,409
2020-W08,一条車屋町,一条烏丸,574
2020-W08,一条烏丸,一条車屋町,560
2020-W08,二条烏丸,一条烏丸,589
2020-W08,一条烏丸,二条烏丸,579
2020-W08,一条烏丸,一条室町,411
2020-W08,一条室町,一条烏丸,427
2020-W08,二条室町,一条室町,382
2020-W08,一条室町,二条室町,384
2020-W08,一条室町,一条新町,227
2020-W08,一条新町,一条室町,240
2020-W08,二条新町,一条新町,239
2020-W08,一条新町,二条新町,237
2020-W08,一条新町,一条堀川,42
2020-W08,一条堀川,一条新町,49
2020-W08,二条堀川,一条堀川,104
2020-W08,一条堀川,二条堀川,97
2020-W08,二条車屋町,一条車屋町,407
2020-W08,二条堀川,三条堀川,225
2020-W08,三条新町,三条堀川,410
2020-W08,二条堀川,二条新町,245
2020-W08,三条堀川,二条堀川,219
2020-W08,四条堀川,三条堀川,401
2020-W08,三条堀川,四条堀川,397
2020-W08,三条車屋町,二条車屋町,543
2020-W08,二条車屋町,三条車屋町,537
2020-W08,二条烏丸,二条車屋町,763
2020-W08,三条烏丸,二条烏丸,716
2020-W08,二条烏丸,三条烏丸,740
2020-W08,二条車屋町,二条烏丸,757
2020-W08,二条室町,二条烏丸,544
2020-W08,三条室町,二条室町,526
2020-W08,二条室町,三条室町,551
2020-W08,二条新町,二条堀川,241
2020-W08,二条室町,二条新町,393
2020-W08,二条新町,二条室町,372
2020-W08,三条新町,二条新町,372
2020-W08,二条新町,三条新町,386
2020-W08,二条烏丸,二条室町,549
2020-W09,五条新町,四条新町,790
2020-W09,四条車屋町,三条車屋町,766
2020-W09,四条堀川,五条堀川,629
2020-W09,四条新町,五条新町,790
2020-W09,四条堀川,四条新町,602
2020-W09,四条新町,四条堀川,588
2020-W09,三条車屋町,四条車屋町,773
2020-W09,五条堀川,四条堀川,625
2020-W09,三条車屋町,三条烏丸,949
2020-W09,三条烏丸,三条室町,792
2020-W09,四条烏丸,三条烏丸,944
2020-W09,三条烏丸,四条烏丸,937
2020-W09,三条室町,三条烏丸,778
2020-W09,四条室町,三条室町,870
2020-W09,三条室町,四条室町,838
2020-W09,三条室町,三条新町,675
2020-W09,三条新町,三条室町,649
2020-W09,三条烏丸,三条車屋町,962
2020-W09,四条新町,四条室町,782
2020-W09,四条新町,三条新町,646
2020-W09,四条室町,五条室町,975
2020-W09,五条車屋町,五条烏丸,934
2020-W09,五条烏丸,五条車屋町,942
2020-W09,五条烏丸,五条室町,778
2020-W09,五条室町,五条烏丸,804
2020-W09,五条室町,五条新町,601
2020-W09,五条新町,五条室町,622
2020-W09,五条新町,五条堀川,460
2020-W09,五条堀川,五条新町,463
2020-W09,五条車屋町,四条車屋町,945
2020-W09,四条車屋町,五条車屋町,961
2020-W09,四条車屋町,四条烏丸,1078
2020-W09,四条烏丸,四条車屋町,1093
2020-W09,五条烏丸,四条烏丸,1070
2020-W09,四条烏丸,五条烏丸,1105
2020-W09,四条烏丸,四条室町,1000
2020-W09,四条室町,四条烏丸,994
2020-W09,五条室町,四条室町,1008
2020-W09,四条室町,四条新町,794
2020-W09,三条新町,四条新町,625
2020-W09,一条堀川,二条堀川,147
2020-W09,三条堀川,三条新町,491
2020-W09,一条車屋町,二条車屋町,444
2020-W09,一条車屋町,一条烏丸,642
2020-W09,一条烏丸,一条車屋町,652
2020-W09,二条烏丸,一条烏丸,662
2020-W09,一条烏丸,二条烏丸,625
2020-W09,一条烏丸,一条室町,503
2020-W09,二条室町,一条室町,475
2020-W09,二条車屋町,一条車屋町,446
2020-W09,一条室町,二条室町,486
2020-W09,一条新町,一条室町,299
2020-W09,二条新町,一条新町,299
2020-W09,一条新町,二条新町,306
2020-W09,一条新町,一条堀川,135
2020-W09,一条堀川,一条新町,132
2020-W09,二条堀川,一条堀川,172
2020-W09,三条新町,三条堀川,493
2020-W09,一条室町,一条新町,302
2020-W09,二条堀川,三条堀川,292
2020-W09,一条室町,一条烏丸,495
2020-W09,二条堀川,二条新町,339
2020-W09,四条堀川,三条堀川,505
2020-W09,三条堀川,二条堀川,288
2020-W09,三条堀川,四条堀川,500
2020-W09,三条車屋町,二条車屋町,640
2020-W09,二条車屋町,三条車屋町,646
2020-W09,二条車屋町,二条烏丸,754
2020-W09,三条烏丸,二条烏丸,787
2020-W09,二条烏丸,三条烏丸,798
2020-W09,二条烏丸,二条室町,571
2020-W09,二条烏丸,二条車屋町,780
2020-W09,三条室町,二条室町,608
2020-W09,二条室町,三条室町,612
2020-W09,二条室町,二条新町,526
2020-W09,二条新町,二条室町,504
2020-W09,三条新町,二条新町,451
2020-W09,二条新町,三条新町,468
2020-W09,二条新町,二条堀川,331
2020-W09,二条室町,二条烏丸,584
2020-W10,三条車屋町,四条車屋町,965
2020-W10,四条車屋町,三条車屋町,987
2020-W10,四条新町,四条堀川,781
2020-W10,五条堀川,四条堀川,752
2020-W10,四条堀川,四条新町,783
2020-W10,三条車屋町,三条烏丸,1062
2020-W10,四条堀川,五条堀川,766
2020-W10,三条烏丸,三条車屋町,1089
2020-W10,三条室町,三条烏丸,960
2020-W10,三条烏丸,四条烏丸,1116
2020-W10,三条烏丸,三条室町,972
2020-W10,四条室町,三条室町,902
2020-W10,三条室町,四条室町,888
2020-W10,三条室町,三条新町,714
2020-W10,三条新町,三条室町,732
2020-W10,四条新町,五条新町,945
2020-W10,四条烏丸,三条烏丸,1107
2020-W10,五条新町,四条新町,940
2020-W10,四条車屋町,四条烏丸,1294
2020-W10,四条室町,四条新町,911
2020-W10,五条烏丸,五条車屋町,1075
2020-W10,五条烏丸,五条室町,938
2020-W10,五条室町,五条烏丸,934
2020-W10,五条室町,五条新町,789
2020-W10,五条新町,五条室町,786
2020-W10,五条新町,五条堀川,606
2020-W10,五条堀川,五条新町,595
2020-W10,五条車屋町,四条車屋町,1119
2020-W10,四条車屋町,五条車屋町,1111
2020-W10,四条新町,三条新町,782
2020-W10,四条烏丸,四条車屋町,1276
2020-W10,五条烏丸,四条烏丸,1289
2020-W10,四条烏丸,五条烏丸,1263
2020-W10,四条烏丸,四条室町,1050
2020-W10,四条室町,四条烏丸,1073
2020-W10,五条室町,四条室町,1058
2020-W10,四条室町,五条室町,1092
2020-W10,四条新町,四条室町,910
2020-W10,三条新町,四条新町,774
2020-W10,五条車屋町,五条烏丸,1077
2020-W10,三条堀川,三条新町,624
2020-W10,一条車屋町,二条車屋町,569
2020-W10,一条車屋町,一条烏丸,841
2020-W10,一条烏丸,一条車屋町,821
2020-W10,二条烏丸,一条烏丸,761
2020-W10,一条烏丸,二条烏丸,771
2020-W10,一条烏丸,一条室町,638
2020-W10,一条室町,一条烏丸,655
2020-W10,二条室町,一条室町,607
2020-W10,一条室町,二条室町,624
2020-W10,一条室町,一条新町,393
2020-W10,一条新町,一条室町,395
2020-W10,二条新町,一条新町,450
2020-W10,一条新町,二条新町,471
2020-W10,一条新町,一条堀川,313
2020-W10,一条堀川,一条新町,312
2020-W10,二条堀川,一条堀川,341
2020-W10,一条堀川,二条堀川,356
2020-W10,二条車屋町,一条車屋町,557
2020-W10,二条堀川,三条堀川,465
2020-W10,三条新町,三条堀川,622
2020-W10,二条堀川,二条新町,447
2020-W10,三条堀川,二条堀川,465
2020-W10,四条堀川,三条堀川,652
2020-W10,三条堀川,四条堀川,633
2020-W10,三条車屋町,二条車屋町,788
2020-W10,二条車屋町,三条車屋町,782
2020-W10,二条烏丸,二条車屋町,948
2020-W10,三条烏丸,二条烏丸,918
2020-W10,二条烏丸,三条烏丸,942
2020-W10,二条車屋町,二条烏丸,939
2020-W10,二条室町,二条烏丸,780
2020-W10,三条室町,二条室町,803
2020-W10,二条室町,三条室町,809
2020-W10,二条新町,二条堀川,425
2020-W10,二条室町,二条新町,592
2020-W10,二条新町,二条室町,594
2020-W10,三条新町,二条新町,658
2020-W10,二条新町,三条新町,645
2020-W10,二条烏丸,二条室町,772
2020-W11,四条新町,四条堀川,964
2020-W11,四条堀川,四条新町,945
2020-W11,五条堀川,四条堀川,889
2020-W11,四条堀川,五条堀川,873
2020-W11,四条車屋町,三条車屋町,1057
2020-W11,三条車屋町,四条車屋町,1050
2020-W11,三条車屋町,三条烏丸,1226
2020-W11,三条新町,三条室町,926
2020-W11,四条烏丸,三条烏丸,1207
2020-W11,三条烏丸,四条烏丸,1217
2020-W11,三条烏丸,三条室町,1134
2020-W11,三条室町,三条烏丸,1106
2020-W11,四条室町,三条室町,1075
2020-W11,三条室町,四条室町,1076
2020-W11,三条室町,三条新町,929
2020-W11,四条新町,五条新町,1052
2020-W11,三条烏丸,三条車屋町,1236
2020-W11,五条新町,四条新町,1054
2020-W11,四条車屋町,四条烏丸,1386
2020-W11,四条室町,四条新町,1055
2020-W11,四条新町,三条新町,908
2020-W11,五条烏丸,五条車屋町,1227
2020-W11,五条烏丸,五条室町,1085
2020-W11,五条室町,五条烏丸,1073
2020-W11,五条室町,五条新町,932
2020-W11,五条新町,五条室町,929
2020-W11,五条新町,五条堀川,807
2020-W11,五条堀川,五条新町,774
2020-W11,五条車屋町,四条車屋町,1256
2020-W11,四条車屋町,五条車屋町,1274
2020-W11,四条烏丸,四条車屋町,1371
2020-W11,五条烏丸,四条烏丸,1395
2020-W11,四条烏丸,五条烏丸,1399
2020-W11,四条烏丸,四条室町,1158
2020-W11,四条室町,四条烏丸,1189
2020-W11,五条室町,四条室町,1225
2020-W11,四条室町,五条室町,1225
2020-W11,四条新町,四条室町,1079
2020-W11,三条新町,四条新町,893
2020-W11,五条車屋町,五条烏丸,1225
2020-W11,三条堀川,三条新町,747
2020-W11,一条車屋町,二条車屋町,730
2020-W11,一条車屋町,一条烏丸,845
2020-W11,一条烏丸,一条車屋町,863
2020-W11,二条烏丸,一条烏丸,914
2020-W11,一条烏丸,二条烏丸,889
2020-W11,一条烏丸,一条室町,741
2020-W11,一条室町,一条烏丸,727
2020-W11,二条室町,一条室町,721
2020-W11,一条室町,二条室町,717
2020-W11,一条室町,一条新町,584
2020-W11,一条新町,一条室町,580
2020-W11,二条新町,一条新町,552
2020-W11,一条新町,二条新町,529
2020-W11,一条新町,一条堀川,433
2020-W11,一条堀川,一条新町,407
2020-W11,二条堀川,一条堀川,444
2020-W11,一条堀川,二条堀川,444
2020-W11,二条車屋町,一条車屋町,738
2020-W11,二条堀川,三条堀川,573
2020-W11,三条新町,三条堀川,795
2020-W11,二条堀川,二条新町,590
2020-W11,四条堀川,三条堀川,740
2020-W11,三条堀川,四条堀川,757
2020-W11,三条車屋町,二条車屋町,940
2020-W11,二条車屋町,三条車屋町,920
2020-W11,二条車屋町,二条烏丸,1003
2020-W11,三条堀川,二条堀川,577
2020-W11,三条烏丸,二条烏丸,1083
2020-W11,二条烏丸,三条烏丸,1092
2020-W11,二条烏丸,二条車屋町,1024
2020-W11,二条室町,二条烏丸,913
2020-W11,三条室町,二条室町,885
2020-W11,二条室町,三条室町,902
2020-W11,二条室町,二条新町,758
2020-W11,二条新町,二条室町,733
2020-W11,三条新町,二条新町,765
2020-W11,二条新町,三条新町,767
2020-W11,二条新町,二条堀川,595
2020-W11,二条烏丸,二条室町,916
2020-W12,四条新町,四条堀川,982
2020-W12,四条堀川,四条新町,968
2020-W12,五条堀川,四条堀川,928
2020-W12,四条堀川,五条堀川,946
2020-W12,四条車屋町,三条車屋町,1078
2020-W12,三条車屋町,四条車屋町,1074
2020-W12,三条車屋町,三条烏丸,1248
2020-W12,三条新町,三条室町,955
2020-W12,四条烏丸,三条烏丸,1333
2020-W12,三条烏丸,四条烏丸,1318
2020-W12,三条烏丸,三条室町,1104
2020-W12,三条室町,三条烏丸,1109
2020-W12,四条室町,三条室町,1129
2020-W12,三条室町,四条室町,1140
2020-W12,三条室町,三条新町,958
2020-W12,四条新町,五条新町,1102
2020-W12,三条烏丸,三条車屋町,1272
2020-W12,五条新町,四条新町,1100
2020-W12,四条車屋町,四条烏丸,1453
2020-W12,四条室町,四条新町,1151
2020-W12,四条新町,三条新町,961
2020-W12,五条烏丸,五条車屋町,1332
2020-W12,五条烏丸,五条室町,1139
2020-W12,五条室町,五条烏丸,1117
2020-W12,五条室町,五条新町,1014
2020-W12,五条新町,五条室町,1011
2020-W12,五条新町,五条堀川,834
2020-W12,五条堀川,五条新町,826
2020-W12,五条車屋町,四条車屋町,1299
2020-W12,四条車屋町,五条車屋町,1281
2020-W12,四条烏丸,四条車屋町,1462
2020-W12,五条烏丸,四条烏丸,1429
2020-W12,四条烏丸,五条烏丸,1419
2020-W12,四条烏丸,四条室町,1258
2020-W12,四条室町,四条烏丸,1294
2020-W12,五条室町,四条室町,1258
2020-W12,四条室町,五条室町,1262
2020-W12,四条新町,四条室町,1123
2020-W12,三条新町,四条新町,967
2020-W12,五条車屋町,五条烏丸,1315
2020-W12,三条堀川,三条新町,823
2020-W12,一条車屋町,二条車屋町,801
2020-W12,一条車屋町,一条烏丸,944
2020-W12,一条烏丸,一条車屋町,963
2020-W12,二条烏丸,一条烏丸,941
2020-W12,一条烏丸,二条烏丸,939
2020-W12,一条烏丸,一条室町,815
2020-W12,一条室町,一条烏丸,816
2020-W12,二条室町,一条室町,815
2020-W12,一条室町,二条室町,782
2020-W12,一条室町,一条新町,641
2020-W12,一条新町,一条室町,656
2020-W12,二条新町,一条新町,639
2020-W12,一条新町,二条新町,644
2020-W12,一条新町,一条堀川,460
2020-W12,一条堀川,一条新町,468
2020-W12,二条堀川,一条堀川,476
2020-W12,一条堀川,二条堀川,451
2020-W12,二条車屋町,一条車屋町,808
2020-W12,二条堀川,三条堀川,642
2020-W12,三条新町,三条堀川,853
2020-W12,二条堀川,二条新町,650
2020-W12,三条堀川,二条堀川,661
2020-W12,四条堀川,三条堀川,783
2020-W12,三条堀川,四条堀川,790
2020-W12,三条車屋町,二条車屋町,975
2020-W12,二条車屋町,三条車屋町,958
2020-W12,二条烏丸,二条車屋町,1119
2020-W12,三条烏丸,二条烏丸,1087
2020-W12,二条烏丸,三条烏丸,1102
2020-W12,二条車屋町,二条烏丸,1124
2020-W12,二条室町,二条烏丸,950
2020-W12,三条室町,二条室町,964
2020-W12,二条室町,三条室町,962
2020-W12,二条新町,二条堀川,667
2020-W12,二条室町,二条新町,809
2020-W12,二条新町,二条室町,810
2020-W12,三条新町,二条新町,847
2020-W12,二条新町,三条新町,820
2020-W12,二条烏丸,二条室町,981
2020-W13,三条車屋町,四条車屋町,1050
2020-W13,四条車屋町,三条車屋町,1014
2020-W13,四条新町,四条堀川,859
2020-W13,五条堀川,四条堀川,885
2020-W13,四条堀川,四条新町,871
2020-W13,三条車屋町,三条烏丸,1264
2020-W13,四条堀川,五条堀川,891
2020-W13,三条烏丸,三条車屋町,1258
2020-W13,四条新町,三条新町,1011
2020-W13,三条烏丸,四条烏丸,1220
2020-W13,三条烏丸,三条室町,1086
2020-W13,三条室町,三条烏丸,1087
2020-W13,四条室町,三条室町,1120
2020-W13,三条室町,四条室町,1124
2020-W13,三条室町,三条新町,902
2020-W13,三条新町,三条室町,904
2020-W13,四条新町,五条新町,1077
2020-W13,四条烏丸,三条烏丸,1207
2020-W13,五条新町,四条新町,1053
2020-W13,四条烏丸,四条車屋町,1440
2020-W13,四条室町,四条新町,1071
2020-W13,三条新町,四条新町,966
2020-W13,五条烏丸,五条車屋町,1237
2020-W13,五条烏丸,五条室町,1102
2020-W13,五条室町,五条烏丸,1079
2020-W13,五条室町,五条新町,906
2020-W13,五条新町,五条室町,918
2020-W13,五条新町,五条堀川,731
2020-W13,五条堀川,五条新町,755
2020-W13,五条車屋町,四条車屋町,1217
2020-W13,四条車屋町,五条車屋町,1230
2020-W13,四条車屋町,四条烏丸,1443
2020-W13,五条烏丸,四条烏丸,1321
2020-W13,四条烏丸,五条烏丸,1326
2020-W13,四条烏丸,四条室町,1292
2020-W13,四条室町,四条烏丸,1272
2020-W13,五条室町,四条室町,1184
2020-W13,四条室町,五条室町,1194
2020-W13,四条新町,四条室町,1103
2020-W13,五条車屋町,五条烏丸,1220
2020-W13,三条新町,三条堀川,749
2020-W13,四条堀川,三条堀川,763
2020-W13,一条車屋町,一条烏丸,882
2020-W13,一条烏丸,一条車屋町,877
2020-W13,二条烏丸,一条烏丸,888
2020-W13,一条烏丸,二条烏丸,903
2020-W13,一条烏丸,一条室町,769
2020-W13,二条室町,一条室町,762
2020-W13,一条室町,二条室町,742
2020-W13,一条車屋町,二条車屋町,723
2020-W13,一条室町,一条新町,548
2020-W13,二条新町,一条新町,597
2020-W13,一条新町,二条新町,591
2020-W13,一条新町,一条堀川,438
2020-W13,一条堀川,一条新町,411
2020-W13,二条堀川,一条堀川,488
2020-W13,一条堀川,二条堀川,437
2020-W13,三条堀川,三条新町,737
2020-W13,一条新町,一条室町,555
2020-W13,二条車屋町,一条車屋町,719
2020-W13,一条室町,一条烏丸,767
2020-W13,三条堀川,二条堀川,590
2020-W13,二条堀川,三条堀川,600
2020-W13,三条堀川,四条堀川,771
2020-W13,三条車屋町,二条車屋町,904
2020-W13,二条車屋町,三条車屋町,906
2020-W13,二条車屋町,二条烏丸,1064
2020-W13,二条烏丸,二条車屋町,1088
2020-W13,二条烏丸,三条烏丸,1030
2020-W13,二条烏丸,二条室町,954
2020-W13,二条室町,二条烏丸,941
2020-W13,三条烏丸,二条烏丸,1049
2020-W13,二条室町,三条室町,946
2020-W13,二条室町,二条新町,806
2020-W13,二条新町,二条室町,783
2020-W13,三条新町,二条新町,775
2020-W13,二条新町,三条新町,775
2020-W13,二条新町,二条堀川,604
2020-W13,二条堀川,二条新町,624
2020-W13,三条室町,二条室町,971
2020-W14,四条新町,五条新町,921
2020-W14,四条新町,四条堀川,816
2020-W14,四条堀川,四条新町,808
2020-W14,五条堀川,四条堀川,778
2020-W14,四条堀川,五条堀川,787
2020-W14,四条車屋町,三条車屋町,939
2020-W14,三条車屋町,四条車屋町,932
2020-W14,三条車屋町,三条烏丸,1106
2020-W14,三条室町,三条烏丸,985
2020-W14,四条烏丸,三条烏丸,1134
2020-W14,三条烏丸,四条烏丸,1119
2020-W14,三条烏丸,三条室町,989
2020-W14,四条室町,三条室町,991
2020-W14,三条室町,四条室町,988
2020-W14,三条室町,三条新町,859
2020-W14,三条新町,三条室町,827
2020-W14,三条烏丸,三条車屋町,1128
2020-W14,四条新町,四条室町,968
2020-W14,四条新町,三条新町,756
2020-W14,四条室町,五条室町,1107
2020-W14,五条車屋町,五条烏丸,1111
2020-W14,五条烏丸,五条車屋町,1106
2020-W14,五条烏丸,五条室町,928
2020-W14,五条室町,五条烏丸,923
2020-W14,五条室町,五条新町,851
2020-W14,五条新町,五条室町,828
2020-W14,五条新町,五条堀川,635
2020-W14,五条堀川,五条新町,633
2020-W14,五条車屋町,四条車屋町,1097
2020-W14,四条車屋町,五条車屋町,1104
2020-W14,四条車屋町,四条烏丸,1311
2020-W14,四条烏丸,四条車屋町,1312
2020-W14,五条烏丸,四条烏丸,1322
2020-W14,四条烏丸,五条烏丸,1332
2020-W14,四条烏丸,四条室町,1124
2020-W14,四条室町,四条烏丸,1097
2020-W14,五条室町,四条室町,1074
2020-W14,四条室町,四条新町,958
2020-W14,三条新町,四条新町,757
2020-W14,五条新町,四条新町,913
2020-W14,三条堀川,三条新町,640
2020-W14,一条車屋町,二条車屋町,653
2020-W14,一条車屋町,一条烏丸,793
2020-W14,一条烏丸,一条車屋町,790
2020-W14,二条烏丸,一条烏丸,816
2020-W14,一条烏丸,二条烏丸,850
2020-W14,一条烏丸,一条室町,679
2020-W14,一条室町,一条烏丸,680
2020-W14,二条室町,一条室町,693
2020-W14,一条室町,二条室町,674
2020-W14,一条室町,一条新町,465
2020-W14,一条新町,一条室町,483
2020-W14,二条新町,一条新町,488
2020-W14,一条新町,二条新町,475
2020-W14,一条新町,一条堀川,263
2020-W14,一条堀川,一条新町,306
2020-W14,二条堀川,一条堀川,368
2020-W14,一条堀川,二条堀川,351
2020-W14,二条車屋町,一条車屋町,680
2020-W14,二条堀川,三条堀川,464
2020-W14,三条新町,三条堀川,635
2020-W14,四条堀川,三条堀川,643
2020-W14,三条堀川,二条堀川,452
2020-W14,三条堀川,四条堀川,646
2020-W14,三条車屋町,二条車屋町,834
2020-W14,二条車屋町,三条車屋町,823
2020-W14,二条車屋町,二条烏丸,963
2020-W14,三条烏丸,二条烏丸,961
2020-W14,二条烏丸,三条烏丸,987
2020-W14,二条烏丸,二条室町,808
2020-W14,二条烏丸,二条車屋町,960
2020-W14,三条室町,二条室町,800
2020-W14,二条室町,三条室町,816
2020-W14,二条室町,二条新町,713
2020-W14,二条新町,二条室町,672
2020-W14,三条新町,二条新町,676
2020-W14,二条新町,三条新町,653
2020-W14,二条新町,二条堀川,444
2020-W14,二条室町,二条烏丸,790
2020-W14,二条堀川,二条新町,461
2020-W15,五条新町,四条新町,863
2020-W15,四条車屋町,三条車屋町,794
2020-W15,四条堀川,五条堀川,700
2020-W15,四条新町,五条新町,848
2020-W15,四条堀川,四条新町,648
2020-W15,四条新町,四条堀川,654
2020-W15,三条車屋町,四条車屋町,777
2020-W15,五条堀川,四条堀川,701
2020-W15,三条車屋町,三条烏丸,983
2020-W15,三条烏丸,三条室町,890
2020-W15,四条烏丸,三条烏丸,984
2020-W15,三条烏丸,四条烏丸,987
2020-W15,三条室町,三条烏丸,882
2020-W15,四条室町,三条室町,862
2020-W15,三条室町,四条室町,837
2020-W15,三条室町,三条新町,644
2020-W15,三条新町,三条室町,627
2020-W15,三条烏丸,三条車屋町,966
2020-W15,四条新町,四条室町,801
2020-W15,五条車屋町,五条烏丸,959
2020-W15,四条室町,五条室町,967
2020-W15,四条新町,三条新町,654
2020-W15,五条烏丸,五条車屋町,984
2020-W15,五条烏丸,五条室町,805
2020-W15,五条室町,五条烏丸,790
2020-W15,五条室町,五条新町,701
2020-W15,五条新町,五条室町,686
2020-W15,五条新町,五条堀川,555
2020-W15,五条堀川,五条新町,539
2020-W15,五条車屋町,四条車屋町,943
2020-W15,四条車屋町,五条車屋町,968
2020-W15,四条車屋町,四条烏丸,1125
2020-W15,四条烏丸,四条車屋町,1137
2020-W15,五条烏丸,四条烏丸,1181
2020-W15,四条烏丸,五条烏丸,1145
2020-W15,四条烏丸,四条室町,1010
2020-W15,四条室町,四条烏丸,1003
2020-W15,五条室町,四条室町,976
2020-W15,四条室町,四条新町,791
2020-W15,三条新町,四条新町,676
2020-W15,三条新町,三条堀川,487
2020-W15,三条堀川,三条新町,513
2020-W15,一条車屋町,二条車屋町,470
2020-W15,一条車屋町,一条烏丸,654
2020-W15,一条烏丸,一条車屋町,647
2020-W15,二条烏丸,一条烏丸,670
2020-W15,一条烏丸,二条烏丸,658
2020-W15,一条烏丸,一条室町,484
2020-W15,一条室町,一条烏丸,483
2020-W15,二条車屋町,一条車屋町,440
2020-W15,二条室町,一条室町,519
2020-W15,一条室町,一条新町,400
2020-W15,一条新町,一条室町,391
2020-W15,二条新町,一条新町,333
2020-W15,一条新町,二条新町,307
2020-W15,一条新町,一条堀川,162
2020-W15,一条堀川,一条新町,170
2020-W15,二条堀川,一条堀川,150
2020-W15,一条室町,二条室町,503
2020-W15,二条堀川,三条堀川,343
2020-W15,一条堀川,二条堀川,134
2020-W15,二条堀川,二条新町,359
2020-W15,四条堀川,三条堀川,496
2020-W15,三条堀川,四条堀川,496
2020-W15,三条車屋町,二条車屋町,663
2020-W15,二条車屋町,三条車屋町,634
2020-W15,二条車屋町,二条烏丸,801
2020-W15,三条堀川,二条堀川,319
2020-W15,三条烏丸,二条烏丸,769
2020-W15,二条烏丸,三条烏丸,775
2020-W15,二条烏丸,二条車屋町,799
2020-W15,二条室町,二条烏丸,673
2020-W15,三条室町,二条室町,708
2020-W15,二条室町,三条室町,704
2020-W15,二条室町,二条新町,474
2020-W15,二条新町,二条室町,490
2020-W15,三条新町,二条新町,495
2020-W15,二条新町,三条新町,485
2020-W15,二条新町,二条堀川,355
2020-W15,二条烏丸,二条室町,662
2020-W16,四条新町,五条新町,702
2020-W16,四条新町,四条堀川,609
2020-W16,四条堀川,四条新町,585
2020-W16,五条堀川,四条堀川,525
2020-W16,四条堀川,五条堀川,519
2020-W16,四条車屋町,三条車屋町,727
2020-W16,三条車屋町,四条車屋町,739
2020-W16,三条車屋町,三条烏丸,837
2020-W16,三条烏丸,四条烏丸,907
2020-W16,四条烏丸,三条烏丸,898
2020-W16,三条新町,三条室町,568
2020-W16,三条烏丸,三条室町,726
2020-W16,三条室町,三条烏丸,707
2020-W16,四条室町,三条室町,749
2020-W16,三条室町,四条室町,735
2020-W16,三条室町,三条新町,555
2020-W16,五条新町,四条新町,712
2020-W16,三条烏丸,三条車屋町,848
2020-W16,四条新町,四条室町,736
2020-W16,四条車屋町,四条烏丸,974
2020-W16,四条室町,五条室町,852
2020-W16,四条新町,三条新町,591
2020-W16,五条車屋町,五条烏丸,829
2020-W16,五条烏丸,五条車屋町,834
2020-W16,五条烏丸,五条室町,734
2020-W16,五条室町,五条烏丸,723
2020-W16,五条室町,五条新町,569
2020-W16,五条新町,五条室町,556
2020-W16,五条新町,五条堀川,394
2020-W16,五条堀川,五条新町,413
2020-W16,五条車屋町,四条車屋町,878
2020-W16,四条車屋町,五条車屋町,884
2020-W16,四条烏丸,四条車屋町,993
2020-W16,五条烏丸,四条烏丸,1051
2020-W16,四条烏丸,五条烏丸,1046
2020-W16,四条烏丸,四条室町,919
2020-W16,四条室町,四条烏丸,917
2020-W16,五条室町,四条室町,840
2020-W16,四条室町,四条新町,754
2020-W16,三条新町,四条新町,568
2020-W16,一条室町,一条烏丸,412
2020-W16,三条堀川,三条新町,395
2020-W16,一条車屋町,二条車屋町,395
2020-W16,一条烏丸,一条車屋町,585
2020-W16,二条烏丸,一条烏丸,572
2020-W16,一条烏丸,二条烏丸,581
2020-W16,一条烏丸,一条室町,410
2020-W16,二条室町,一条室町,369
2020-W16,一条室町,二条室町,371
2020-W16,二条車屋町,一条車屋町,400
2020-W16,一条室町,一条新町,259
2020-W16,二条新町,一条新町,237
2020-W16,一条新町,二条新町,214
2020-W16,一条新町,一条堀川,107
2020-W16,一条堀川,一条新町,101
2020-W16,二条堀川,一条堀川,89
2020-W16,一条堀川,二条堀川,78
2020-W16,三条新町,三条堀川,391
2020-W16,一条新町,一条室町,287
2020-W16,二条堀川,三条堀川,238
2020-W16,一条車屋町,一条烏丸,603
2020-W16,二条堀川,二条新町,210
2020-W16,四条堀川,三条堀川,426
2020-W16,三条堀川,四条堀川,411
2020-W16,三条車屋町,二条車屋町,595
2020-W16,二条車屋町,三条車屋町,608
2020-W16,二条車屋町,二条烏丸,729
2020-W16,二条烏丸,二条車屋町,740
2020-W16,三条堀川,二条堀川,231
2020-W16,二条烏丸,三条烏丸,667
2020-W16,二条烏丸,二条室町,552
2020-W16,三条烏丸,二条烏丸,680
2020-W16,三条室町,二条室町,577
2020-W16,二条室町,三条室町,567
2020-W16,二条室町,二条新町,337
2020-W16,二条新町,二条室町,365
2020-W16,三条新町,二条新町,390
2020-W16,二条新町,三条新町,389
2020-W16,二条新町,二条堀川,191
2020-W16,二条室町,二条烏丸,540
2020-W17,三条車屋町,四条車屋町,723
2020-W17,四条車屋町,三条車屋町,707
2020-W17,四条新町,四条堀川,563
2020-W17,五条堀川,四条堀川,539
2020-W17,四条堀川,四条新町,560
2020-W17,三条車屋町,三条烏丸,885
2020-W17,四条堀川,五条堀川,530
2020-W17,三条烏丸,三条車屋町,908
2020-W17,四条新町,三条新町,606
2020-W17,三条烏丸,四条烏丸,798
2020-W17,三条烏丸,三条室町,714
2020-W17,三条室町,三条烏丸,710
2020-W17,四条室町,三条室町,695
2020-W17,三条室町,四条室町,707
2020-W17,三条室町,三条新町,586
2020-W17,三条新町,三条室町,578
2020-W17,四条新町,五条新町,718
2020-W17,四条烏丸,三条烏丸,801
2020-W17,五条新町,四条新町,724
2020-W17,四条烏丸,四条車屋町,1049
2020-W17,四条室町,四条新町,727
2020-W17,三条新町,四条新町,594
2020-W17,五条烏丸,五条車屋町,844
2020-W17,五条烏丸,五条室町,725
2020-W17,五条室町,五条烏丸,720
2020-W17,五条室町,五条新町,549
2020-W17,五条新町,五条室町,556
2020-W17,五条新町,五条堀川,402
2020-W17,五条堀川,五条新町,420
2020-W17,五条車屋町,四条車屋町,872
2020-W17,四条車屋町,五条車屋町,892
2020-W17,四条車屋町,四条烏丸,1060
2020-W17,五条烏丸,四条烏丸,1010
2020-W17,四条烏丸,五条烏丸,1002
2020-W17,四条烏丸,四条室町,864
2020-W17,四条室町,四条烏丸,869
2020-W17,五条室町,四条室町,905
2020-W17,四条室町,五条室町,932
2020-W17,四条新町,四条室町,727
2020-W17,五条車屋町,五条烏丸,845
2020-W17,三条新町,三条堀川,447
2020-W17,四条堀川,三条堀川,367
2020-W17,一条車屋町,一条烏丸,581
2020-W17,一条烏丸,一条車屋町,567
2020-W17,二条烏丸,一条烏丸,581
2020-W17,一条烏丸,二条烏丸,559
2020-W17,一条烏丸,一条室町,391
2020-W17,一条室町,一条烏丸,370
2020-W17,一条室町,二条室町,368
2020-W17,一条車屋町,二条車屋町,447
2020-W17,一条室町,一条新町,258
2020-W17,二条新町,一条新町,253
2020-W17,一条新町,二条新町,240
2020-W17,一条新町,一条堀川,52
2020-W17,一条堀川,一条新町,50
2020-W17,二条堀川,一条堀川,90
2020-W17,一条堀川,二条堀川,83
2020-W17,三条堀川,三条新町,420
2020-W17,一条新町,一条室町,260
2020-W17,二条車屋町,一条車屋町,456
2020-W17,二条室町,一条室町,376
2020-W17,三条堀川,二条堀川,238
2020-W17,二条堀川,三条堀川,241
2020-W17,三条車屋町,二条車屋町,527
2020-W17,二条車屋町,三条車屋町,532
2020-W17,二条車屋町,二条烏丸,733
2020-W17,二条烏丸,二条車屋町,711
2020-W17,三条烏丸,二条烏丸,678
2020-W17,二条烏丸,三条烏丸,681
2020-W17,二条烏丸,二条室町,544
2020-W17,二条室町,二条烏丸,534
2020-W17,三条堀川,四条堀川,369
2020-W17,二条室町,三条室町,543
2020-W17,二条室町,二条新町,357
2020-W17,二条新町,二条室町,375
2020-W17,三条新町,二条新町,415
2020-W17,二条新町,三条新町,405
2020-W17,二条新町,二条堀川,186
2020-W17,二条堀川,二条新町,201
2020-W17,三条室町,二条室町,544
2020-W18,四条新町,五条新町,776
2020-W18,四条新町,四条堀川,620
2020-W18,四条堀川,四条新町,609
2020-W18,五条堀川,四条堀川,669
2020-W18,四条堀川,五条堀川,645
2020-W18,四条車屋町,三条車屋町,852
2020-W18,三条車屋町,四条車屋町,819
2020-W18,三条車屋町,三条烏丸,984
2020-W18,三条室町,三条烏丸,809
2020-W18,四条烏丸,三条烏丸,953
2020-W18,三条烏丸,四条烏丸,949
2020-W18,三条烏丸,三条室町,824
2020-W18,四条室町,三条室町,791
2020-W18,三条室町,四条室町,781
2020-W18,三条室町,三条新町,623
2020-W18,三条新町,三条室町,646
2020-W18,三条烏丸,三条車屋町,978
2020-W18,五条新町,四条新町,793
2020-W18,四条新町,三条新町,665
2020-W18,四条室町,四条新町,815
2020-W18,五条烏丸,五条車屋町,930
2020-W18,五条烏丸,五条室町,747
2020-W18,五条室町,五条烏丸,768
2020-W18,五条室町,五条新町,697
2020-W18,五条新町,五条室町,701
2020-W18,五条新町,五条堀川,516
2020-W18,五条堀川,五条新町,519
2020-W18,五条車屋町,四条車屋町,953
2020-W18,四条車屋町,五条車屋町,970
2020-W18,四条車屋町,四条烏丸,1114
2020-W18,四条烏丸,四条車屋町,1120
2020-W18,五条烏丸,四条烏丸,1067
2020-W18,四条烏丸,五条烏丸,1087
2020-W18,四条烏丸,四条室町,964
2020-W18,四条室町,四条烏丸,985
2020-W18,五条室町,四条室町,938
2020-W18,四条室町,五条室町,954
2020-W18,四条新町,四条室町,811
2020-W18,三条新町,四条新町,659
2020-W18,五条車屋町,五条烏丸,952
2020-W18,三条堀川,三条新町,480
2020-W18,一条車屋町,二条車屋町,449
2020-W18,一条車屋町,一条烏丸,637
2020-W18,一条烏丸,一条車屋町,650
2020-W18,二条烏丸,一条烏丸,710
2020-W18,一条烏丸,二条烏丸,676
2020-W18,一条烏丸,一条室町,468
2020-W18,一条室町,一条烏丸,465
2020-W18,二条室町,一条室町,517
2020-W18,一条室町,二条室町,499
2020-W18,一条室町,一条新町,361
2020-W18,一条新町,一条室町,326
2020-W18,二条新町,一条新町,339
2020-W18,一条新町,二条新町,317
2020-W18,一条新町,一条堀川,167
2020-W18,一条堀川,一条新町,173
2020-W18,二条堀川,一条堀川,105
2020-W18,一条堀川,二条堀川,118
2020-W18,二条車屋町,一条車屋町,448
2020-W18,二条堀川,三条堀川,335
2020-W18,三条新町,三条堀川,506
2020-W18,二条堀川,二条新町,307
2020-W18,三条堀川,二条堀川,328
2020-W18,四条堀川,三条堀川,462
2020-W18,三条堀川,四条堀川,481
2020-W18,三条車屋町,二条車屋町,667
2020-W18,二条車屋町,三条車屋町,647
2020-W18,二条烏丸,二条車屋町,776
2020-W18,三条烏丸,二条烏丸,734
2020-W18,二条烏丸,三条烏丸,744
2020-W18,二条車屋町,二条烏丸,778
2020-W18,二条室町,二条烏丸,617
2020-W18,三条室町,二条室町,668
2020-W18,二条室町,三条室町,675
2020-W18,二条新町,二条堀川,295
2020-W18,二条室町,二条新町,476
2020-W18,二条新町,二条室町,485
2020-W18,三条新町,二条新町,468
2020-W18,二条新町,三条新町,463
2020-W18,二条烏丸,二条室町,614
2020-W19,四条車屋町,三条車屋町,940
2020-W19,四条堀川,五条堀川,835
2020-W19,四条新町,五条新町,992
2020-W19,四条堀川,四条新町,792
2020-W19,四条新町,四条堀川,795
2020-W19,三条車屋町,四条車屋町,939
2020-W19,五条堀川,四条堀川,845
2020-W19,三条車屋町,三条烏丸,1044
2020-W19,三条新町,三条室町,816
2020-W19,四条烏丸,三条烏丸,1116
2020-W19,三条烏丸,四条烏丸,1109
2020-W19,三条烏丸,三条室町,965
2020-W19,三条室町,三条烏丸,979
2020-W19,四条室町,三条室町,985
2020-W19,三条室町,四条室町,987
2020-W19,三条室町,三条新町,809
2020-W19,五条新町,四条新町,1008
2020-W19,三条烏丸,三条車屋町,1089
2020-W19,四条新町,四条室町,942
2020-W19,四条車屋町,四条烏丸,1284
2020-W19,四条室町,五条室町,1078
2020-W19,四条新町,三条新町,767
2020-W19,五条車屋町,五条烏丸,1116
2020-W19,五条烏丸,五条車屋町,1119
2020-W19,五条烏丸,五条室町,929
2020-W19,五条室町,五条烏丸,930
2020-W19,五条室町,五条新町,882
2020-W19,五条新町,五条室町,844
2020-W19,五条新町,五条堀川,631
2020-W19,五条堀川,五条新町,648
2020-W19,五条車屋町,四条車屋町,1077
2020-W19,四条車屋町,五条車屋町,1080
2020-W19,四条烏丸,四条車屋町,1273
2020-W19,五条烏丸,四条烏丸,1291
2020-W19,四条烏丸,五条烏丸,1286
2020-W19,四条烏丸,四条室町,1098
2020-W19,四条室町,四条烏丸,1091
2020-W19,五条室町,四条室町,1085
2020-W19,四条室町,四条新町,920
2020-W19,三条新町,四条新町,766
2020-W19,三条新町,三条堀川,619
2020-W19,三条堀川,三条新町,622
2020-W19,一条車屋町,二条車屋町,581
2020-W19,一条車屋町,一条烏丸,825
2020-W19,一条烏丸,一条車屋町,820
2020-W19,二条烏丸,一条烏丸,745
2020-W19,一条烏丸,二条烏丸,753
2020-W19,一条烏丸,一条室町,621
2020-W19,一条室町,一条烏丸,619
2020-W19,二条車屋町,一条車屋町,592
2020-W19,二条室町,一条室町,583
2020-W19,一条室町,一条新町,439
2020-W19,一条新町,一条室町,435
2020-W19,二条新町,一条新町,434
2020-W19,一条新町,二条新町,451
2020-W19,一条新町,一条堀川,289
2020-W19,一条堀川,一条新町,287
2020-W19,二条堀川,一条堀川,267
2020-W19,一条室町,二条室町,604
2020-W19,二条堀川,三条堀川,481
2020-W19,一条堀川,二条堀川,281
2020-W19,二条堀川,二条新町,468
2020-W19,四条堀川,三条堀川,588
2020-W19,三条堀川,四条堀川,629
2020-W19,三条車屋町,二条車屋町,726
2020-W19,二条車屋町,三条車屋町,743
2020-W19,二条車屋町,二条烏丸,997
2020-W19,三条堀川,二条堀川,465
2020-W19,三条烏丸,二条烏丸,908
2020-W19,二条烏丸,三条烏丸,897
2020-W19,二条烏丸,二条車屋町,977
2020-W19,二条室町,二条烏丸,832
2020-W19,三条室町,二条室町,749
2020-W19,二条室町,三条室町,752
2020-W19,二条室町,二条新町,605
2020-W19,二条新町,二条室町,580
2020-W19,三条新町,二条新町,633
2020-W19,二条新町,三条新町,615
2020-W19,二条新町,二条堀川,493
2020-W19,二条烏丸,二条室町,845
2020-W20,四条新町,四条堀川,906
2020-W20,三条車屋町,三条烏丸,1239
2020-W20,四条堀川,四条新町,888
2020-W20,五条堀川,四条堀川,872
2020-W20,四条堀川,五条堀川,884
2020-W20,四条車屋町,三条車屋町,1007
2020-W20,三条車屋町,四条車屋町,1030
2020-W20,三条烏丸,三条車屋町,1226
2020-W20,三条新町,三条室町,903
2020-W20,三条烏丸,四条烏丸,1212
2020-W20,三条烏丸,三条室町,1101
2020-W20,三条室町,三条烏丸,1097
2020-W20,四条室町,三条室町,1128
2020-W20,三条室町,四条室町,1104
2020-W20,三条室町,三条新町,896
2020-W20,四条新町,五条新町,1035
2020-W20,四条新町,三条新町,952
2020-W20,四条烏丸,三条烏丸,1215
2020-W20,五条新町,四条新町,1047
2020-W20,四条烏丸,四条車屋町,1383
2020-W20,四条室町,四条新町,1106
2020-W20,五条車屋町,五条烏丸,1261
2020-W20,三条新町,四条新町,939
2020-W20,五条烏丸,五条室町,1010
2020-W20,五条室町,五条烏丸,1012
2020-W20,五条室町,五条新町,879
2020-W20,五条新町,五条室町,897
2020-W20,五条新町,五条堀川,765
2020-W20,五条堀川,五条新町,746
2020-W20,五条車屋町,四条車屋町,1244
2020-W20,四条車屋町,五条車屋町,1234
2020-W20,四条車屋町,四条烏丸,1378
2020-W20,五条烏丸,四条烏丸,1343
2020-W20,四条烏丸,五条烏丸,1359
2020-W20,四条烏丸,四条室町,1206
2020-W20,四条室町,四条烏丸,1199
2020-W20,五条室町,四条室町,1200
2020-W20,四条室町,五条室町,1203
2020-W20,四条新町,四条室町,1100
2020-W20,五条烏丸,五条車屋町,1236
2020-W20,三条新町,三条堀川,770
2020-W20,四条堀川,三条堀川,768
2020-W20,一条車屋町,一条烏丸,921
2020-W20,一条烏丸,一条車屋町,938
2020-W20,二条烏丸,一条烏丸,883
2020-W20,一条烏丸,二条烏丸,883
2020-W20,一条烏丸,一条室町,774
2020-W20,一条室町,一条烏丸,777
2020-W20,二条室町,一条室町,764
2020-W20,一条車屋町,二条車屋町,730
2020-W20,一条室町,二条室町,755
2020-W20,一条新町,一条室町,591
2020-W20,二条新町,一条新町,595
2020-W20,一条新町,二条新町,585
2020-W20,一条新町,一条堀川,391
2020-W20,一条堀川,一条新町,402
2020-W20,二条堀川,一条堀川,380
2020-W20,一条堀川,二条堀川,378
2020-W20,一条室町,一条新町,598
2020-W20,二条車屋町,一条車屋町,724
2020-W20,三条堀川,三条新町,770
2020-W20,三条堀川,二条堀川,598
2020-W20,三条堀川,四条堀川,773
2020-W20,三条車屋町,二条車屋町,881
2020-W20,二条車屋町,三条車屋町,886
2020-W20,二条車屋町,二条烏丸,1045
2020-W20,二条烏丸,二条車屋町,1033
2020-W20,二条堀川,三条堀川,614
2020-W20,二条烏丸,三条烏丸,1069
2020-W20,二条烏丸,二条室町,919
2020-W20,三条烏丸,二条烏丸,1098
2020-W20,三条室町,二条室町,868
2020-W20,二条室町,三条室町,863
2020-W20,二条室町,二条新町,790
2020-W20,二条新町,二条室町,793
2020-W20,三条新町,二条新町,772
2020-W20,二条新町,三条新町,765
2020-W20,二条新町,二条堀川,589
2020-W20,二条堀川,二条新町,598
2020-W20,二条室町,二条烏丸,925
2020-W21,四条新町,四条堀川,966
2020-W21,三条車屋町,三条烏丸,1245
2020-W21,四条堀川,四条新町,963
2020-W21,五条堀川,四条堀川,908
2020-W21,四条堀川,五条堀川,912
2020-W21,四条車屋町,三条車屋町,1120
2020-W21,三条車屋町,四条車屋町,1122
2020-W21,三条烏丸,三条車屋町,1244
2020-W21,三条新町,三条室町,954
2020-W21,三条烏丸,四条烏丸,1309
2020-W21,三条烏丸,三条室町,1134
2020-W21,三条室町,三条烏丸,1130
2020-W21,四条室町,三条室町,1126
2020-W21,三条室町,四条室町,1096
2020-W21,三条室町,三条新町,937
2020-W21,四条新町,五条新町,1121
2020-W21,四条烏丸,三条烏丸,1309
2020-W21,五条新町,四条新町,1104
2020-W21,五条車屋町,五条烏丸,1331
2020-W21,四条室町,四条新町,1135
2020-W21,四条新町,三条新町,947
2020-W21,五条烏丸,五条車屋町,1319
2020-W21,五条烏丸,五条室町,1124
2020-W21,五条室町,五条烏丸,1144
2020-W21,五条室町,五条新町,957
2020-W21,五条新町,五条室町,961
2020-W21,五条新町,五条堀川,781
2020-W21,五条堀川,五条新町,769
2020-W21,五条車屋町,四条車屋町,1266
2020-W21,四条車屋町,五条車屋町,1281
2020-W21,四条烏丸,四条車屋町,1420
2020-W21,五条烏丸,四条烏丸,1426
2020-W21,四条烏丸,五条烏丸,1436
2020-W21,四条烏丸,四条室町,1277
2020-W21,四条室町,四条烏丸,1283
2020-W21,五条室町,四条室町,1272
2020-W21,四条室町,五条室町,1263
2020-W21,四条新町,四条室町,1155
2020-W21,三条新町,四条新町,958
2020-W21,四条車屋町,四条烏丸,1440
2020-W21,三条堀川,三条新町,760
2020-W21,一条車屋町,二条車屋町,798
2020-W21,一条車屋町,一条烏丸,926
2020-W21,一条烏丸,一条車屋町,937
2020-W21,二条烏丸,一条烏丸,906
2020-W21,一条烏丸,二条烏丸,915
2020-W21,一条烏丸,一条室町,804
2020-W21,一条室町,一条烏丸,775
2020-W21,二条室町,一条室町,790
2020-W21,一条室町,二条室町,810
2020-W21,一条室町,一条新町,662
2020-W21,一条新町,一条室町,647
2020-W21,二条新町,一条新町,630
2020-W21,一条新町,二条新町,652
2020-W21,一条新町,一条堀川,515
2020-W21,一条堀川,一条新町,469
2020-W21,二条堀川,一条堀川,435
2020-W21,三条新町,三条堀川,748
2020-W21,二条車屋町,一条車屋町,800
2020-W21,二条堀川,三条堀川,671
2020-W21,一条堀川,二条堀川,454
2020-W21,二条堀川,二条新町,666
2020-W21,三条堀川,二条堀川,669
2020-W21,三条堀川,四条堀川,824
2020-W21,三条車屋町,二条車屋町,913
2020-W21,二条車屋町,三条車屋町,898
2020-W21,二条車屋町,二条烏丸,1168
2020-W21,二条烏丸,二条車屋町,1165
2020-W21,二条烏丸,三条烏丸,1128
2020-W21,二条烏丸,二条室町,929
2020-W21,三条烏丸,二条烏丸,1151
2020-W21,三条室町,二条室町,1012
2020-W21,二条室町,三条室町,999
2020-W21,二条室町,二条新町,796
2020-W21,二条新町,二条室町,783
2020-W21,三条新町,二条新町,761
2020-W21,二条新町,三条新町,791
2020-W21,二条新町,二条堀川,690
2020-W21,二条室町,二条烏丸,962
2020-W21,四条堀川,三条堀川,843
2020-W22,五条新町,四条新町,1051
2020-W22,四条車屋町,三条車屋町,1031
2020-W22,四条堀川,五条堀川,927
2020-W22,四条新町,五条新町,1062
2020-W22,四条堀川,四条新町,936
2020-W22,四条新町,四条堀川,934
2020-W22,三条車屋町,四条車屋町,1058
2020-W22,五条堀川,四条堀川,928
2020-W22,三条車屋町,三条烏丸,1214
2020-W22,三条烏丸,三条室町,1043
2020-W22,四条烏丸,三条烏丸,1257
2020-W22,三条烏丸,四条烏丸,1247
2020-W22,三条室町,三条烏丸,1039
2020-W22,四条室町,三条室町,1050
2020-W22,三条室町,四条室町,1061
2020-W22,三条室町,三条新町,887
2020-W22,三条新町,三条室町,888
2020-W22,三条烏丸,三条車屋町,1205
2020-W22,四条新町,四条室町,1056
2020-W22,四条新町,三条新町,927
2020-W22,四条室町,五条室町,1218
2020-W22,五条車屋町,五条烏丸,1172
2020-W22,五条烏丸,五条車屋町,1185
2020-W22,五条烏丸,五条室町,1078
2020-W22,五条室町,五条烏丸,1072
2020-W22,五条室町,五条新町,867
2020-W22,五条新町,五条室町,898
2020-W22,五条新町,五条堀川,740
2020-W22,五条堀川,五条新町,732
2020-W22,五条車屋町,四条車屋町,1192
2020-W22,四条車屋町,五条車屋町,1185
2020-W22,四条車屋町,四条烏丸,1412
2020-W22,四条烏丸,四条車屋町,1416
2020-W22,五条烏丸,四条烏丸,1389
2020-W22,四条烏丸,五条烏丸,1378
2020-W22,四条烏丸,四条室町,1219
2020-W22,四条室町,四条烏丸,1236
2020-W22,五条室町,四条室町,1192
2020-W22,四条室町,四条新町,1065
2020-W22,三条新町,四条新町,897
2020-W22,三条新町,三条堀川,740
2020-W22,三条堀川,三条新町,754
2020-W22,一条車屋町,二条車屋町,796
2020-W22,一条車屋町,一条烏丸,875
2020-W22,一条烏丸,一条車屋町,893
2020-W22,二条烏丸,一条烏丸,923
2020-W22,一条烏丸,二条烏丸,924
2020-W22,一条烏丸,一条室町,797
2020-W22,二条室町,一条室町,745
2020-W22,二条車屋町,一条車屋町,778
2020-W22,一条室町,二条室町,752
2020-W22,一条新町,一条室町,609
2020-W22,二条新町,一条新町,631
2020-W22,一条新町,二条新町,628
2020-W22,一条新町,一条堀川,480
2020-W22,一条堀川,一条新町,465
2020-W22,二条堀川,一条堀川,451
2020-W22,一条堀川,二条堀川,440
2020-W22,一条室町,一条新町,607
2020-W22,二条堀川,三条堀川,640
2020-W22,一条室町,一条烏丸,782
2020-W22,二条堀川,二条新町,587
2020-W22,三条堀川,二条堀川,635
2020-W22,三条堀川,四条堀川,731
2020-W22,三条車屋町,二条車屋町,919
2020-W22,二条車屋町,三条車屋町,909
2020-W22,二条車屋町,二条烏丸,1047
2020-W22,二条烏丸,二条車屋町,1038
2020-W22,三条烏丸,二条烏丸,1114
2020-W22,二条烏丸,三条烏丸,1101
2020-W22,二条烏丸,二条室町,868
2020-W22,四条堀川,三条堀川,727
2020-W22,三条室町,二条室町,906
2020-W22,二条室町,三条室町,899
2020-W22,二条室町,二条新町,733
2020-W22,二条新町,二条室町,738
2020-W22,三条新町,二条新町,797
2020-W22,二条新町,三条新町,785
2020-W22,二条新町,二条堀川,616
2020-W22,二条室町,二条烏丸,897
2020-W23,三条車屋町,四条車屋町,970
2020-W23,四条車屋町,三条車屋町,978
2020-W23,四条新町,四条堀川,809
2020-W23,五条堀川,四条堀川,774
2020-W23,四条堀川,四条新町,818
2020-W23,三条車屋町,三条烏丸,1102
2020-W23,四条堀川,五条堀川,788
2020-W23,三条烏丸,三条車屋町,1107
2020-W23,四条新町,三条新町,810
2020-W23,三条烏丸,四条烏丸,1101
2020-W23,三条烏丸,三条室町,950
2020-W23,三条室町,三条烏丸,987
2020-W23,四条室町,三条室町,977
2020-W23,三条室町,四条室町,944
2020-W23,三条室町,三条新町,749
2020-W23,三条新町,三条室町,755
2020-W23,四条新町,五条新町,961
2020-W23,四条烏丸,三条烏丸,1117
2020-W23,五条新町,四条新町,999
2020-W23,四条烏丸,四条車屋町,1254
2020-W23,四条室町,四条新町,955
2020-W23,三条新町,四条新町,823
2020-W23,五条烏丸,五条車屋町,1112
2020-W23,五条烏丸,五条室町,923
2020-W23,五条室町,五条烏丸,911
2020-W23,五条室町,五条新町,823
2020-W23,五条新町,五条室町,822
2020-W23,五条新町,五条堀川,606
2020-W23,五条堀川,五条新町,613
2020-W23,五条車屋町,四条車屋町,1096
2020-W23,四条車屋町,五条車屋町,1111
2020-W23,四条車屋町,四条烏丸,1252
2020-W23,五条烏丸,四条烏丸,1298
2020-W23,四条烏丸,五条烏丸,1279
2020-W23,四条烏丸,四条室町,1152
2020-W23,四条室町,四条烏丸,1144
2020-W23,五条室町,四条室町,1111
2020-W23,四条室町,五条室町,1110
2020-W23,四条新町,四条室町,955
2020-W23,五条車屋町,五条烏丸,1143
2020-W23,三条新町,三条堀川,678
2020-W23,四条堀川,三条堀川,610
2020-W23,一条車屋町,一条烏丸,831
2020-W23,一条烏丸,一条車屋町,841
2020-W23,二条烏丸,一条烏丸,744
2020-W23,一条烏丸,二条烏丸,771
2020-W23,一条烏丸,一条室町,620
2020-W23,二条室町,一条室町,658
2020-W23,一条室町,二条室町,666
2020-W23,一条車屋町,二条車屋町,621
2020-W23,一条室町,一条新町,524
2020-W23,二条新町,一条新町,491
2020-W23,一条新町,二条新町,495
2020-W23,一条新町,一条堀川,297
2020-W23,一条堀川,一条新町,297
2020-W23,二条堀川,一条堀川,327
2020-W23,一条堀川,二条堀川,338
2020-W23,三条堀川,三条新町,679
2020-W23,一条新町,一条室町,520
2020-W23,二条車屋町,一条車屋町,621
2020-W23,一条室町,一条烏丸,603
2020-W23,三条堀川,二条堀川,544
2020-W23,二条堀川,三条堀川,530
2020-W23,三条堀川,四条堀川,615
2020-W23,三条車屋町,二条車屋町,784
2020-W23,二条車屋町,三条車屋町,772
2020-W23,二条車屋町,二条烏丸,960
2020-W23,二条烏丸,二条車屋町,949
2020-W23,二条烏丸,三条烏丸,959
2020-W23,二条烏丸,二条室町,772
2020-W23,二条室町,二条烏丸,773
2020-W23,三条烏丸,二条烏丸,964
2020-W23,二条室町,三条室町,788
2020-W23,二条室町,二条新町,649
2020-W23,二条新町,二条室町,626
2020-W23,三条新町,二条新町,619
2020-W23,二条新町,三条新町,626
2020-W23,二条新町,二条堀川,463
2020-W23,二条堀川,二条新町,470
2020-W23,三条室町,二条室町,783
2020-W24,四条新町,四条堀川,649
2020-W24,四条堀川,四条新町,658
2020-W24,五条堀川,四条堀川,609
2020-W24,四条堀川,五条堀川,613
2020-W24,四条車屋町,三条車屋町,819
2020-W24,三条車屋町,四条車屋町,831
2020-W24,三条車屋町,三条烏丸,963
2020-W24,三条新町,三条室町,625
2020-W24,四条烏丸,三条烏丸,931
2020-W24,三条烏丸,四条烏丸,944
2020-W24,三条烏丸,三条室町,865
2020-W24,三条室町,三条烏丸,851
2020-W24,四条室町,三条室町,830
2020-W24,三条室町,四条室町,819
2020-W24,三条室町,三条新町,632
2020-W24,四条新町,五条新町,818
2020-W24,三条烏丸,三条車屋町,980
2020-W24,五条新町,四条新町,815
2020-W24,四条車屋町,四条烏丸,1154
2020-W24,四条室町,四条新町,788
2020-W24,四条新町,三条新町,700
2020-W24,五条烏丸,五条車屋町,969
2020-W24,五条烏丸,五条室町,815
2020-W24,五条室町,五条烏丸,829
2020-W24,五条室町,五条新町,634
2020-W24,五条新町,五条室町,629
2020-W24,五条新町,五条堀川,519
2020-W24,五条堀川,五条新町,533
2020-W24,五条車屋町,四条車屋町,983
2020-W24,四条車屋町,五条車屋町,989
2020-W24,四条烏丸,四条車屋町,1110
2020-W24,五条烏丸,四条烏丸,1132
2020-W24,四条烏丸,五条烏丸,1146
2020-W24,四条烏丸,四条室町,1010
2020-W24,四条室町,四条烏丸,979
2020-W24,五条室町,四条室町,1026
2020-W24,四条室町,五条室町,1019
2020-W24,四条新町,四条室町,805
2020-W24,三条新町,四条新町,669
2020-W24,五条車屋町,五条烏丸,963
2020-W24,三条堀川,三条新町,495
2020-W24,一条車屋町,二条車屋町,506
2020-W24,一条車屋町,一条烏丸,643
2020-W24,一条烏丸,一条車屋町,630
2020-W24,二条烏丸,一条烏丸,670
2020-W24,一条烏丸,二条烏丸,648
2020-W24,一条烏丸,一条室町,514
2020-W24,一条室町,一条烏丸,488
2020-W24,二条室町,一条室町,498
2020-W24,一条室町,二条室町,485
2020-W24,一条室町,一条新町,333
2020-W24,一条新町,一条室町,334
2020-W24,二条新町,一条新町,327
2020-W24,一条新町,二条新町,349
2020-W24,一条新町,一条堀川,202
2020-W24,一条堀川,一条新町,211
2020-W24,二条堀川,一条堀川,164
2020-W24,一条堀川,二条堀川,156
2020-W24,二条車屋町,一条車屋町,502
2020-W24,二条堀川,三条堀川,372
2020-W24,三条新町,三条堀川,497
2020-W24,二条堀川,二条新町,317
2020-W24,三条堀川,二条堀川,368
2020-W24,四条堀川,三条堀川,498
2020-W24,三条堀川,四条堀川,517
2020-W24,三条車屋町,二条車屋町,691
2020-W24,二条車屋町,三条車屋町,685
2020-W24,二条烏丸,二条車屋町,756
2020-W24,三条烏丸,二条烏丸,760
2020-W24,二条烏丸,三条烏丸,787
2020-W24,二条車屋町,二条烏丸,769
2020-W24,二条室町,二条烏丸,686
2020-W24,三条室町,二条室町,592
2020-W24,二条室町,三条室町,620
2020-W24,二条新町,二条堀川,325
2020-W24,二条室町,二条新町,481
2020-W24,二条新町,二条室町,470
2020-W24,三条新町,二条新町,498
2020-W24,二条新町,三条新町,518
2020-W24,二条烏丸,二条室町,702
2020-W25,三条車屋町,四条車屋町,750
2020-W25,四条車屋町,三条車屋町,747
2020-W25,四条新町,四条堀川,578
2020-W25,五条堀川,四条堀川,616
2020-W25,四条堀川,四条新町,560
2020-W25,三条車屋町,三条烏丸,880
2020-W25,四条堀川,五条堀川,608
2020-W25,三条烏丸,三条車屋町,893
2020-W25,四条新町,三条新町,542
2020-W25,三条烏丸,四条烏丸,869
2020-W25,三条烏丸,三条室町,757
2020-W25,三条室町,三条烏丸,765
2020-W25,四条室町,三条室町,668
2020-W25,三条室町,四条室町,687
2020-W25,三条室町,三条新町,533
2020-W25,三条新町,三条室町,552
2020-W25,四条新町,五条新町,693
2020-W25,四条烏丸,三条烏丸,860
2020-W25,五条新町,四条新町,710
2020-W25,四条烏丸,四条車屋町,1055
2020-W25,四条室町,四条新町,684
2020-W25,三条新町,四条新町,546
2020-W25,五条烏丸,五条車屋町,869
2020-W25,五条烏丸,五条室町,680
2020-W25,五条室町,五条烏丸,699
2020-W25,五条室町,五条新町,538
2020-W25,五条新町,五条室町,526
2020-W25,五条新町,五条堀川,325
2020-W25,五条堀川,五条新町,344
2020-W25,五条車屋町,四条車屋町,830
2020-W25,四条車屋町,五条車屋町,847
2020-W25,四条車屋町,四条烏丸,1026
2020-W25,五条烏丸,四条烏丸,981
2020-W25,四条烏丸,五条烏丸,981
2020-W25,四条烏丸,四条室町,881
2020-W25,四条室町,四条烏丸,891
2020-W25,五条室町,四条室町,884
2020-W25,四条室町,五条室町,866
2020-W25,四条新町,四条室町,716
2020-W25,五条車屋町,五条烏丸,862
2020-W25,三条新町,三条堀川,407
2020-W25,四条堀川,三条堀川,440
2020-W25,一条車屋町,一条烏丸,547
2020-W25,一条烏丸,一条車屋町,544
2020-W25,二条烏丸,一条烏丸,596
2020-W25,一条烏丸,二条烏丸,587
2020-W25,一条烏丸,一条室町,419
2020-W25,一条室町,一条烏丸,415
2020-W25,一条室町,二条室町,378
2020-W25,一条車屋町,二条車屋町,350
2020-W25,一条室町,一条新町,244
2020-W25,二条新町,一条新町,171
2020-W25,一条新町,二条新町,204
2020-W25,一条新町,一条堀川,106
2020-W25,一条堀川,一条新町,94
2020-W25,二条堀川,一条堀川,76
2020-W25,一条堀川,二条堀川,79
2020-W25,三条堀川,三条新町,416
2020-W25,一条新町,一条室町,235
2020-W25,二条車屋町,一条車屋町,335
2020-W25,二条室町,一条室町,377
2020-W25,三条堀川,二条堀川,223
2020-W25,二条堀川,三条堀川,232
2020-W25,三条車屋町,二条車屋町,580
2020-W25,二条車屋町,三条車屋町,558
2020-W25,二条車屋町,二条烏丸,689
2020-W25,二条烏丸,二条車屋町,705
2020-W25,三条烏丸,二条烏丸,725
2020-W25,二条烏丸,三条烏丸,710
2020-W25,二条烏丸,二条室町,556
2020-W25,二条室町,二条烏丸,575
2020-W25,三条堀川,四条堀川,398
2020-W25,二条室町,三条室町,601
2020-W25,二条室町,二条新町,371
2020-W25,二条新町,二条室町,415
2020-W25,三条新町,二条新町,373
2020-W25,二条新町,三条新町,370
2020-W25,二条新町,二条堀川,227
2020-W25,二条堀川,二条新町,235
2020-W25,三条室町,二条室町,615
2020-W26,四条新町,四条堀川,524
2020-W26,三条車屋町,三条烏丸,870
2020-W26,四条堀川,四条新町,525
2020-W26,五条堀川,四条堀川,559
2020-W26,四条堀川,五条堀川,552
2020-W26,四条車屋町,三条車屋町,663
2020-W26,三条車屋町,四条車屋町,680
2020-W26,三条烏丸,三条車屋町,879
2020-W26,三条新町,三条室町,554
2020-W26,三条烏丸,四条烏丸,863
2020-W26,三条烏丸,三条室町,730
2020-W26,三条室町,三条烏丸,726
2020-W26,四条室町,三条室町,695
2020-W26,三条室町,四条室町,706
2020-W26,三条室町,三条新町,577
2020-W26,四条新町,五条新町,720
2020-W26,四条新町,三条新町,537
2020-W26,四条烏丸,三条烏丸,864
2020-W26,五条新町,四条新町,727
2020-W26,四条烏丸,四条車屋町,1072
2020-W26,四条室町,四条新町,659
2020-W26,五条車屋町,五条烏丸,870
2020-W26,三条新町,四条新町,564
2020-W26,五条烏丸,五条室町,662
2020-W26,五条室町,五条烏丸,666
2020-W26,五条室町,五条新町,578
2020-W26,五条新町,五条室町,581
2020-W26,五条新町,五条堀川,412
2020-W26,五条堀川,五条新町,398
2020-W26,五条車屋町,四条車屋町,884
2020-W26,四条車屋町,五条車屋町,884
2020-W26,四条車屋町,四条烏丸,1092
2020-W26,五条烏丸,四条烏丸,1013
2020-W26,四条烏丸,五条烏丸,1021
2020-W26,四条烏丸,四条室町,900
2020-W26,四条室町,四条烏丸,882
2020-W26,五条室町,四条室町,926
2020-W26,四条室町,五条室町,921
2020-W26,四条新町,四条室町,670
2020-W26,五条烏丸,五条車屋町,874
2020-W26,三条新町,三条堀川,376
2020-W26,四条堀川,三条堀川,393
2020-W26,一条車屋町,一条烏丸,580
2020-W26,一条烏丸,一条車屋町,573
2020-W26,二条烏丸,一条烏丸,528
2020-W26,一条烏丸,二条烏丸,541
2020-W26,一条烏丸,一条室町,399
2020-W26,一条室町,一条烏丸,378
2020-W26,二条室町,一条室町,385
2020-W26,一条車屋町,二条車屋町,384
2020-W26,一条室町,二条室町,410
2020-W26,一条新町,一条室町,249
2020-W26,二条新町,一条新町,183
2020-W26,一条新町,二条新町,201
2020-W26,一条新町,一条堀川,106
2020-W26,一条堀川,一条新町,84
2020-W26,二条堀川,一条堀川,115
2020-W26,一条堀川,二条堀川,121
2020-W26,一条室町,一条新町,268
2020-W26,二条車屋町,一条車屋町,376
2020-W26,三条堀川,三条新町,385
2020-W26,三条堀川,二条堀川,257
2020-W26,三条堀川,四条堀川,391
2020-W26,三条車屋町,二条車屋町,561
2020-W26,二条車屋町,三条車屋町,566
2020-W26,二条車屋町,二条烏丸,668
2020-W26,二条烏丸,二条車屋町,689
2020-W26,三条烏丸,二条烏丸,727
2020-W26,二条烏丸,三条烏丸,718
2020-W26,二条烏丸,二条室町,527
2020-W26,二条堀川,三条堀川,257
2020-W26,三条室町,二条室町,609
2020-W26,二条室町,三条室町,594
2020-W26,二条室町,二条新町,350
2020-W26,二条新町,二条室町,349
2020-W26,三条新町,二条新町,355
2020-W26,二条新町,三条新町,348
2020-W26,二条新町,二条堀川,254
2020-W26,二条堀川,二条新町,266
2020-W26,二条室町,二条烏丸,528
2020-W27,四条車屋町,三条車屋町,813
2020-W27,四条堀川,五条堀川,619
2020-W27,五条堀川,四条堀川,634
2020-W27,四条新町,五条新町,794
2020-W27,四条新町,四条堀川,645
2020-W27,三条車屋町,四条車屋町,824
2020-W27,四条堀川,四条新町,635
2020-W27,三条車屋町,三条烏丸,936
2020-W27,五条車屋町,五条烏丸,994
2020-W27,三条烏丸,四条烏丸,980
2020-W27,三条烏丸,三条室町,813
2020-W27,三条室町,三条烏丸,810
2020-W27,四条室町,三条室町,808
2020-W27,三条室町,四条室町,795
2020-W27,三条室町,三条新町,581
2020-W27,三条新町,三条室町,598
2020-W27,五条新町,四条新町,799
2020-W27,四条烏丸,三条烏丸,972
2020-W27,四条新町,四条室町,836
2020-W27,四条車屋町,五条車屋町,962
2020-W27,四条室町,五条室町,996
2020-W27,五条烏丸,五条車屋町,966
2020-W27,五条烏丸,五条室町,835
2020-W27,五条室町,五条烏丸,809
2020-W27,五条室町,五条新町,646
2020-W27,五条新町,五条室町,653
2020-W27,五条新町,五条堀川,477
2020-W27,五条堀川,五条新町,477
2020-W27,四条室町,四条新町,839
2020-W27,五条車屋町,四条車屋町,990
2020-W27,四条車屋町,四条烏丸,1038
2020-W27,四条烏丸,四条車屋町,1072
2020-W27,五条烏丸,四条烏丸,1112
2020-W27,四条烏丸,五条烏丸,1124
2020-W27,四条烏丸,四条室町,927
2020-W27,四条室町,四条烏丸,930
2020-W27,五条室町,四条室町,959
2020-W27,四条新町,三条新町,637
2020-W27,三条新町,四条新町,624
2020-W27,三条烏丸,三条車屋町,955
2020-W27,三条堀川,三条新町,452
2020-W27,一条車屋町,二条車屋町,521
2020-W27,一条車屋町,一条烏丸,632
2020-W27,一条烏丸,一条車屋町,622
2020-W27,二条烏丸,一条烏丸,656
2020-W27,一条烏丸,二条烏丸,651
2020-W27,一条烏丸,一条室町,409
2020-W27,一条室町,一条烏丸,444
2020-W27,二条室町,一条室町,514
2020-W27,一条室町,二条室町,491
2020-W27,一条室町,一条新町,296
2020-W27,一条新町,一条室町,336
2020-W27,二条新町,一条新町,328
2020-W27,一条新町,二条新町,322
2020-W27,一条新町,一条堀川,138
2020-W27,一条堀川,一条新町,149
2020-W27,二条堀川,一条堀川,148
2020-W27,三条新町,三条堀川,425
2020-W27,二条車屋町,一条車屋町,541
2020-W27,二条堀川,三条堀川,313
2020-W27,一条堀川,二条堀川,146
2020-W27,二条堀川,二条新町,305
2020-W27,三条堀川,二条堀川,297
2020-W27,三条堀川,四条堀川,478
2020-W27,三条車屋町,二条車屋町,672
2020-W27,二条車屋町,三条車屋町,671
2020-W27,二条車屋町,二条烏丸,819
2020-W27,二条烏丸,二条車屋町,806
2020-W27,三条烏丸,二条烏丸,821
2020-W27,二条烏丸,三条烏丸,815
2020-W27,二条烏丸,二条室町,615
2020-W27,四条堀川,三条堀川,460
2020-W27,二条室町,二条烏丸,616
2020-W27,三条室町,二条室町,590
2020-W27,二条室町,三条室町,585
2020-W27,二条室町,二条新町,502
2020-W27,二条新町,二条室町,492
2020-W27,三条新町,二条新町,499
2020-W27,二条新町,三条新町,495
2020-W27,二条新町,二条堀川,306
2020-W28,四条新町,四条堀川,724
2020-W28,四条堀川,四条新町,740
2020-W28,五条堀川,四条堀川,774
2020-W28,四条堀川,五条堀川,769
2020-W28,四条車屋町,三条車屋町,900
2020-W28,三条車屋町,四条車屋町,911
2020-W28,三条車屋町,三条烏丸,1079
2020-W28,三条新町,三条室町,769
2020-W28,四条烏丸,三条烏丸,1091
2020-W28,三条烏丸,四条烏丸,1094
2020-W28,三条烏丸,三条室町,915
2020-W28,三条室町,三条烏丸,926
2020-W28,四条室町,三条室町,865
2020-W28,三条室町,四条室町,898
2020-W28,三条室町,三条新町,774
2020-W28,四条新町,五条新町,979
2020-W28,三条烏丸,三条車屋町,1104
2020-W28,五条新町,四条新町,992
2020-W28,四条車屋町,四条烏丸,1326
2020-W28,四条室町,四条新町,908
2020-W28,四条新町,三条新町,809
2020-W28,五条烏丸,五条車屋町,1105
2020-W28,五条烏丸,五条室町,970
2020-W28,五条室町,五条烏丸,962
2020-W28,五条室町,五条新町,777
2020-W28,五条新町,五条室町,761
2020-W28,五条新町,五条堀川,627
2020-W28,五条堀川,五条新町,627
2020-W28,五条車屋町,四条車屋町,1124
2020-W28,四条車屋町,五条車屋町,1127
2020-W28,四条烏丸,四条車屋町,1292
2020-W28,五条烏丸,四条烏丸,1265
2020-W28,四条烏丸,五条烏丸,1252
2020-W28,四条烏丸,四条室町,1101
2020-W28,四条室町,四条烏丸,1126
2020-W28,五条室町,四条室町,1093
2020-W28,四条室町,五条室町,1092
2020-W28,四条新町,四条室町,919
2020-W28,三条新町,四条新町,792
2020-W28,五条車屋町,五条烏丸,1134
2020-W28,三条堀川,三条新町,594
2020-W28,一条車屋町,二条車屋町,636
2020-W28,一条車屋町,一条烏丸,820
2020-W28,一条烏丸,一条車屋町,802
2020-W28,二条烏丸,一条烏丸,761
2020-W28,一条烏丸,二条烏丸,774
2020-W28,一条烏丸,一条室町,629
2020-W28,一条室町,一条烏丸,633
2020-W28,二条室町,一条室町,644
2020-W28,一条室町,二条室町,638
2020-W28,一条室町,一条新町,469
2020-W28,一条新町,一条室町,461
2020-W28,二条新町,一条新町,468
2020-W28,一条新町,二条新町,461
2020-W28,一条新町,一条堀川,258
2020-W28,一条堀川,一条新町,279
2020-W28,二条堀川,一条堀川,272
2020-W28,一条堀川,二条堀川,274
2020-W28,二条車屋町,一条車屋町,631
2020-W28,二条堀川,三条堀川,439
2020-W28,三条新町,三条堀川,608
2020-W28,二条堀川,二条新町,446
2020-W28,四条堀川,三条堀川,634
2020-W28,三条堀川,四条堀川,625
2020-W28,三条車屋町,二条車屋町,773
2020-W28,二条車屋町,三条車屋町,797
2020-W28,二条車屋町,二条烏丸,959
2020-W28,三条堀川,二条堀川,431
2020-W28,三条烏丸,二条烏丸,923
2020-W28,二条烏丸,三条烏丸,925
2020-W28,二条烏丸,二条車屋町,939
2020-W28,二条室町,二条烏丸,788
2020-W28,三条室町,二条室町,796
2020-W28,二条室町,三条室町,796
2020-W28,二条室町,二条新町,625
2020-W28,二条新町,二条室町,633
2020-W28,三条新町,二条新町,590
2020-W28,二条新町,三条新町,623
2020-W28,二条新町,二条堀川,451
2020-W28,二条烏丸,二条室町,797
2020-W29,四条新町,五条新町,1079
2020-W29,三条車屋町,四条車屋町,1043
2020-W29,四条新町,四条堀川,945
2020-W29,四条堀川,四条新町,948
2020-W29,五条堀川,四条堀川,906
2020-W29,四条堀川,五条堀川,881
2020-W29,四条車屋町,三条車屋町,1038
2020-W29,三条車屋町,三条烏丸,1232
2020-W29,三条新町,三条室町,932
2020-W29,四条烏丸,三条烏丸,1184
2020-W29,三条烏丸,四条烏丸,1193
2020-W29,三条烏丸,三条室町,1024
2020-W29,三条室町,三条烏丸,1046
2020-W29,四条室町,三条室町,1024
2020-W29,三条室町,四条室町,1039
2020-W29,三条室町,三条新町,928
2020-W29,五条新町,四条新町,1071
2020-W29,三条烏丸,三条車屋町,1203
2020-W29,四条新町,四条室町,1106
2020-W29,五条烏丸,五条車屋町,1229
2020-W29,四条室町,五条室町,1238
2020-W29,四条新町,三条新町,906
2020-W29,五条烏丸,五条室町,1095
2020-W29,五条室町,五条烏丸,1098
2020-W29,五条室町,五条新町,924
2020-W29,五条新町,五条室町,927
2020-W29,五条新町,五条堀川,738
2020-W29,五条堀川,五条新町,743
2020-W29,五条車屋町,四条車屋町,1271
2020-W29,四条車屋町,五条車屋町,1249
2020-W29,四条車屋町,四条烏丸,1395
2020-W29,五条車屋町,五条烏丸,1244
2020-W29,四条烏丸,四条車屋町,1407
2020-W29,五条烏丸,四条烏丸,1400
2020-W29,四条烏丸,五条烏丸,1381
2020-W29,四条烏丸,四条室町,1239
2020-W29,四条室町,四条烏丸,1238
2020-W29,五条室町,四条室町,1250
2020-W29,四条室町,四条新町,1117
2020-W29,三条新町,四条新町,888
2020-W29,一条室町,一条烏丸,748
2020-W29,三条堀川,三条新町,733
2020-W29,一条車屋町,二条車屋町,721
2020-W29,一条車屋町,一条烏丸,904
2020-W29,一条烏丸,一条車屋町,901
2020-W29,二条烏丸,一条烏丸,887
2020-W29,一条烏丸,二条烏丸,898
2020-W29,一条烏丸,一条室町,747
2020-W29,二条室町,一条室町,726
2020-W29,二条車屋町,一条車屋町,701
2020-W29,一条室町,二条室町,749
2020-W29,一条新町,一条室町,591
2020-W29,二条新町,一条新町,634
2020-W29,一条新町,二条新町,651
2020-W29,一条新町,一条堀川,427
2020-W29,一条堀川,一条新町,402
2020-W29,二条堀川,一条堀川,437
2020-W29,三条新町,三条堀川,716
2020-W29,一条室町,一条新町,591
2020-W29,二条堀川,三条堀川,579
2020-W29,一条堀川,二条堀川,418
2020-W29,二条堀川,二条新町,578
2020-W29,四条堀川,三条堀川,799
2020-W29,三条堀川,四条堀川,771
2020-W29,三条車屋町,二条車屋町,906
2020-W29,二条車屋町,三条車屋町,910
2020-W29,二条車屋町,二条烏丸,1039
2020-W29,三条烏丸,二条烏丸,1063
2020-W29,二条烏丸,三条烏丸,1057
2020-W29,二条烏丸,二条室町,905
2020-W29,二条烏丸,二条車屋町,1041
2020-W29,三条室町,二条室町,913
2020-W29,二条室町,三条室町,934
2020-W29,二条室町,二条新町,749
2020-W29,二条新町,二条室町,739
2020-W29,三条新町,二条新町,760
2020-W29,二条新町,三条新町,791
2020-W29,二条新町,二条堀川,581
2020-W29,二条室町,二条烏丸,895
2020-W29,三条堀川,二条堀川,586
2020-W30,四条新町,五条新町,1064
2020-W30,四条新町,四条堀川,948
2020-W30,四条堀川,四条新町,950
2020-W30,五条堀川,四条堀川,976
2020-W30,四条堀川,五条堀川,970
2020-W30,四条車屋町,三条車屋町,1136
2020-W30,三条車屋町,四条車屋町,1109
2020-W30,三条車屋町,三条烏丸,1275
2020-W30,三条室町,三条烏丸,1117
2020-W30,四条烏丸,三条烏丸,1238
2020-W30,三条烏丸,四条烏丸,1260
2020-W30,三条烏丸,三条室町,1105
2020-W30,四条室町,三条室町,1114
2020-W30,三条室町,四条室町,1117
2020-W30,三条室町,三条新町,971
2020-W30,三条新町,三条室町,961
2020-W30,三条烏丸,三条車屋町,1263
2020-W30,五条新町,四条新町,1082
2020-W30,四条新町,三条新町,1010
2020-W30,四条室町,四条新町,1144
2020-W30,五条烏丸,五条車屋町,1253
2020-W30,五条烏丸,五条室町,1197
2020-W30,五条室町,五条烏丸,1154
2020-W30,五条室町,五条新町,957
2020-W30,五条新町,五条室町,983
2020-W30,五条新町,五条堀川,788
2020-W30,五条堀川,五条新町,796
2020-W30,五条車屋町,四条車屋町,1268
2020-W30,四条車屋町,五条車屋町,1292
2020-W30,四条車屋町,四条烏丸,1473
2020-W30,四条烏丸,四条車屋町,1464
2020-W30,五条烏丸,四条烏丸,1491
2020-W30,四条烏丸,五条烏丸,1477
2020-W30,四条烏丸,四条室町,1295
2020-W30,四条室町,四条烏丸,1295
2020-W30,五条室町,四条室町,1274
2020-W30,四条室町,五条室町,1279
2020-W30,四条新町,四条室町,1160
2020-W30,三条新町,四条新町,1000
2020-W30,五条車屋町,五条烏丸,1232
2020-W30,三条堀川,三条新町,809
2020-W30,一条車屋町,二条車屋町,794
2020-W30,一条車屋町,一条烏丸,933
2020-W30,一条烏丸,一条車屋町,940
2020-W30,二条烏丸,一条烏丸,978
2020-W30,一条烏丸,二条烏丸,977
2020-W30,一条烏丸,一条室町,769
2020-W30,一条室町,一条烏丸,749
2020-W30,一条室町,二条室町,790
2020-W30,一条室町,一条新町,630
2020-W30,一条新町,一条室町,621
2020-W30,二条新町,一条新町,615
2020-W30,一条新町,二条新町,615
2020-W30,一条新町,一条堀川,471
2020-W30,一条堀川,一条新町,496
2020-W30,二条堀川,一条堀川,470
2020-W30,一条堀川,二条堀川,457
2020-W30,三条新町,三条堀川,820
2020-W30,二条車屋町,一条車屋町,785
2020-W30,二条堀川,三条堀川,613
2020-W30,二条室町,一条室町,804
2020-W30,二条堀川,二条新町,628
2020-W30,三条堀川,二条堀川,612
2020-W30,三条堀川,四条堀川,763
2020-W30,三条車屋町,二条車屋町,955
2020-W30,二条車屋町,三条車屋町,966
2020-W30,二条車屋町,二条烏丸,1107
2020-W30,二条烏丸,二条車屋町,1114
2020-W30,三条烏丸,二条烏丸,1170
2020-W30,二条烏丸,三条烏丸,1159
2020-W30,二条烏丸,二条室町,957
2020-W30,四条堀川,三条堀川,791
2020-W30,三条室町,二条室町,968
2020-W30,二条室町,三条室町,972
2020-W30,二条室町,二条新町,785
2020-W30,二条新町,二条室町,777
2020-W30,三条新町,二条新町,774
2020-W30,二条新町,三条新町,766
2020-W30,二条新町,二条堀川,627
2020-W30,二条室町,二条烏丸,971
2020-W31,三条車屋町,四条車屋町,1048
2020-W31,四条新町,五条新町,1078
2020-W31,四条新町,四条堀川,902
2020-W31,四条堀川,四条新町,902
2020-W31,五条堀川,四条堀川,882
2020-W31,四条堀川,五条堀川,899
2020-W31,四条車屋町,三条車屋町,1071
2020-W31,三条車屋町,三条烏丸,1191
2020-W31,五条新町,四条新町,1055
2020-W31,四条烏丸,三条烏丸,1196
2020-W31,三条烏丸,四条烏丸,1187
2020-W31,三条烏丸,三条室町,1062
2020-W31,三条室町,三条烏丸,1085
2020-W31,四条室町,三条室町,1075
2020-W31,三条室町,四条室町,1063
2020-W31,三条室町,三条新町,937
2020-W31,三条新町,三条室町,935
2020-W31,三条烏丸,三条車屋町,1199
2020-W31,四条新町,四条室町,1088
2020-W31,四条新町,三条新町,920
2020-W31,四条室町,五条室町,1244
2020-W31,五条車屋町,五条烏丸,1284
2020-W31,五条烏丸,五条車屋町,1254
2020-W31,五条烏丸,五条室町,1081
2020-W31,五条室町,五条烏丸,1063
2020-W31,五条室町,五条新町,893
2020-W31,五条新町,五条室町,883
2020-W31,五条新町,五条堀川,745
2020-W31,五条堀川,五条新町,749
2020-W31,五条車屋町,四条車屋町,1225
2020-W31,四条車屋町,五条車屋町,1216
2020-W31,四条車屋町,四条烏丸,1358
2020-W31,四条烏丸,四条車屋町,1332
2020-W31,五条烏丸,四条烏丸,1391
2020-W31,四条烏丸,五条烏丸,1415
2020-W31,四条烏丸,四条室町,1235
2020-W31,四条室町,四条烏丸,1233
2020-W31,五条室町,四条室町,1233
2020-W31,四条室町,四条新町,1092
2020-W31,三条新町,四条新町,905
2020-W31,一条堀川,二条堀川,401
2020-W31,三条堀川,三条新町,753
2020-W31,一条車屋町,二条車屋町,732
2020-W31,一条車屋町,一条烏丸,921
2020-W31,一条烏丸,一条車屋町,922
2020-W31,二条烏丸,一条烏丸,943
2020-W31,一条烏丸,二条烏丸,938
2020-W31,一条烏丸,一条室町,798
2020-W31,一条室町,一条烏丸,802
2020-W31,二条車屋町,一条車屋町,746
2020-W31,二条室町,一条室町,766
2020-W31,一条室町,一条新町,607
2020-W31,一条新町,一条室町,593
2020-W31,二条新町,一条新町,625
2020-W31,一条新町,二条新町,618
2020-W31,一条新町,一条堀川,428
2020-W31,一条堀川,一条新町,423
2020-W31,二条堀川,一条堀川,396
2020-W31,一条室町,二条室町,739
2020-W31,二条堀川,三条堀川,574
2020-W31,三条新町,三条堀川,762
2020-W31,二条堀川,二条新町,584
2020-W31,四条堀川,三条堀川,766
2020-W31,三条堀川,四条堀川,757
2020-W31,三条車屋町,二条車屋町,940
2020-W31,二条車屋町,三条車屋町,952
2020-W31,二条車屋町,二条烏丸,1066
2020-W31,三条堀川,二条堀川,574
2020-W31,三条烏丸,二条烏丸,1055
2020-W31,二条烏丸,三条烏丸,1041
2020-W31,二条烏丸,二条車屋町,1087
2020-W31,二条室町,二条烏丸,893
2020-W31,三条室町,二条室町,921
2020-W31,二条室町,三条室町,893
2020-W31,二条室町,二条新町,765
2020-W31,二条新町,二条室町,758
2020-W31,三条新町,二条新町,772
2020-W31,二条新町,三条新町,793
2020-W31,二条新町,二条堀川,570
2020-W31,二条烏丸,二条室町,869
2020-W32,四条新町,四条堀川,778
2020-W32,四条堀川,四条新町,786
2020-W32,五条堀川,四条堀川,799
2020-W32,四条堀川,五条堀川,779
2020-W32,四条車屋町,三条車屋町,950
2020-W32,三条車屋町,四条車屋町,972
2020-W32,三条車屋町,三条烏丸,1125
2020-W32,三条新町,三条室町,774
2020-W32,四条烏丸,三条烏丸,1100
2020-W32,三条烏丸,四条烏丸,1095
2020-W32,三条烏丸,三条室町,966
2020-W32,三条室町,三条烏丸,943
2020-W32,四条室町,三条室町,962
2020-W32,三条室町,四条室町,960
2020-W32,三条室町,三条新町,780
2020-W32,四条新町,五条新町,985
2020-W32,三条烏丸,三条車屋町,1141
2020-W32,五条新町,四条新町,997
2020-W32,四条車屋町,四条烏丸,1308
2020-W32,四条室町,四条新町,924
2020-W32,四条新町,三条新町,786
2020-W32,五条烏丸,五条車屋町,1115
2020-W32,五条烏丸,五条室町,958
2020-W32,五条室町,五条烏丸,957
2020-W32,五条室町,五条新町,761
2020-W32,五条新町,五条室町,786
2020-W32,五条新町,五条堀川,606
2020-W32,五条堀川,五条新町,586
2020-W32,五条車屋町,四条車屋町,1087
2020-W32,四条車屋町,五条車屋町,1066
2020-W32,四条烏丸,四条車屋町,1300
2020-W32,五条烏丸,四条烏丸,1257
2020-W32,四条烏丸,五条烏丸,1256
2020-W32,四条烏丸,四条室町,1088
2020-W32,四条室町,四条烏丸,1099
2020-W32,五条室町,四条室町,1083
2020-W32,四条室町,五条室町,1110
2020-W32,四条新町,四条室町,944
2020-W32,三条新町,四条新町,773
2020-W32,五条車屋町,五条烏丸,1134
2020-W32,三条堀川,三条新町,681
2020-W32,一条車屋町,二条車屋町,635
2020-W32,一条車屋町,一条烏丸,804
2020-W32,一条烏丸,一条車屋町,795
2020-W32,二条烏丸,一条烏丸,733
2020-W32,一条烏丸,二条烏丸,756
2020-W32,一条烏丸,一条室町,604
2020-W32,一条室町,一条烏丸,605
2020-W32,二条室町,一条室町,635
2020-W32,一条室町,二条室町,635
2020-W32,一条室町,一条新町,449
2020-W32,一条新町,一条室町,446
2020-W32,二条新町,一条新町,552
2020-W32,一条新町,二条新町,522
2020-W32,一条新町,一条堀川,335
2020-W32,一条堀川,一条新町,318
2020-W32,二条堀川,一条堀川,319
2020-W32,一条堀川,二条堀川,302
2020-W32,二条車屋町,一条車屋町,665
2020-W32,二条堀川,三条堀川,528
2020-W32,三条新町,三条堀川,689
2020-W32,二条堀川,二条新町,507
2020-W32,四条堀川,三条堀川,593
2020-W32,三条堀川,四条堀川,610
2020-W32,三条車屋町,二条車屋町,814
2020-W32,二条車屋町,三条車屋町,795
2020-W32,二条車屋町,二条烏丸,944
2020-W32,三条堀川,二条堀川,544
2020-W32,三条烏丸,二条烏丸,925
2020-W32,二条烏丸,三条烏丸,926
2020-W32,二条烏丸,二条車屋町,971
2020-W32,二条室町,二条烏丸,804
2020-W32,三条室町,二条室町,806
2020-W32,二条室町,三条室町,783
2020-W32,二条室町,二条新町,651
2020-W32,二条新町,二条室町,640
2020-W32,三条新町,二条新町,613
2020-W32,二条新町,三条新町,637
2020-W32,二条新町,二条堀川,512
2020-W32,二条烏丸,二条室町,803
2020-W33,四条新町,四条堀川,643
2020-W33,四条堀川,四条新町,642
2020-W33,五条堀川,四条堀川,632
2020-W33,四条堀川,五条堀川,633
2020-W33,四条車屋町,三条車屋町,770
2020-W33,三条車屋町,四条車屋町,769
2020-W33,三条車屋町,三条烏丸,993
2020-W33,三条新町,三条室町,686
2020-W33,四条烏丸,三条烏丸,966
2020-W33,三条烏丸,四条烏丸,960
2020-W33,三条烏丸,三条室町,759
2020-W33,三条室町,三条烏丸,780
2020-W33,四条室町,三条室町,807
2020-W33,三条室町,四条室町,822
2020-W33,三条室町,三条新町,673
2020-W33,四条新町,五条新町,805
2020-W33,三条烏丸,三条車屋町,979
2020-W33,五条新町,四条新町,799
2020-W33,五条車屋町,五条烏丸,1011
2020-W33,四条室町,四条新町,797
2020-W33,四条新町,三条新町,648
2020-W33,五条烏丸,五条車屋町,1011
2020-W33,五条烏丸,五条室町,858
2020-W33,五条室町,五条烏丸,838
2020-W33,五条室町,五条新町,683
2020-W33,五条新町,五条室町,676
2020-W33,五条新町,五条堀川,532
2020-W33,五条堀川,五条新町,528
2020-W33,五条車屋町,四条車屋町,994
2020-W33,四条車屋町,五条車屋町,987
2020-W33,四条烏丸,四条車屋町,1095
2020-W33,五条烏丸,四条烏丸,1091
2020-W33,四条烏丸,五条烏丸,1110
2020-W33,四条烏丸,四条室町,949
2020-W33,四条室町,四条烏丸,959
2020-W33,五条室町,四条室町,944
2020-W33,四条室町,五条室町,972
2020-W33,四条新町,四条室町,799
2020-W33,三条新町,四条新町,649
2020-W33,四条車屋町,四条烏丸,1110
2020-W33,三条堀川,三条新町,473
2020-W33,一条車屋町,二条車屋町,517
2020-W33,一条車屋町,一条烏丸,665
2020-W33,一条烏丸,一条車屋町,689
2020-W33,二条烏丸,一条烏丸,689
2020-W33,一条烏丸,二条烏丸,665
2020-W33,一条烏丸,一条室町,502
2020-W33,二条室町,一条室町,496
2020-W33,一条室町,二条室町,488
2020-W33,一条室町,一条新町,295
2020-W33,一条新町,一条室町,308
2020-W33,二条新町,一条新町,325
2020-W33,一条新町,二条新町,335
2020-W33,一条新町,一条堀川,184
2020-W33,一条堀川,一条新町,164
2020-W33,二条堀川,一条堀川,162
2020-W33,一条堀川,二条堀川,155
2020-W33,三条新町,三条堀川,481
2020-W33,二条車屋町,一条車屋町,510
2020-W33,二条堀川,三条堀川,327
2020-W33,一条室町,一条烏丸,468
2020-W33,二条堀川,二条新町,315
2020-W33,三条堀川,二条堀川,308
2020-W33,三条堀川,四条堀川,491
2020-W33,三条車屋町,二条車屋町,646
2020-W33,二条車屋町,三条車屋町,637
2020-W33,二条車屋町,二条烏丸,824
2020-W33,二条烏丸,二条車屋町,805
2020-W33,二条烏丸,三条烏丸,796
2020-W33,二条烏丸,二条室町,688
2020-W33,三条烏丸,二条烏丸,787
2020-W33,三条室町,二条室町,691
2020-W33,二条室町,三条室町,672
2020-W33,二条室町,二条新町,522
2020-W33,二条新町,二条室町,526
2020-W33,三条新町,二条新町,465
2020-W33,二条新町,三条新町,492
2020-W33,二条新町,二条堀川,319
2020-W33,二条室町,二条烏丸,688
2020-W33,四条堀川,三条堀川,496
2020-W34,三条車屋町,四条車屋町,712
2020-W34,四条車屋町,三条車屋町,699
2020-W34,四条新町,四条堀川,585
2020-W34,五条堀川,四条堀川,597
2020-W34,四条堀川,四条新町,571
2020-W34,三条車屋町,三条烏丸,863
2020-W34,四条堀川,五条堀川,583
2020-W34,三条烏丸,三条車屋町,878
2020-W34,四条新町,三条新町,558
2020-W34,三条烏丸,四条烏丸,890
2020-W34,三条烏丸,三条室町,808
2020-W34,三条室町,三条烏丸,769
2020-W34,四条室町,三条室町,683
2020-W34,三条室町,四条室町,668
2020-W34,三条室町,三条新町,568
2020-W34,三条新町,三条室町,572
2020-W34,四条新町,五条新町,689
2020-W34,四条烏丸,三条烏丸,886
2020-W34,五条新町,四条新町,707
2020-W34,四条烏丸,四条車屋町,1032
2020-W34,四条室町,四条新町,716
2020-W34,三条新町,四条新町,556
2020-W34,五条烏丸,五条車屋町,835
2020-W34,五条烏丸,五条室町,707
2020-W34,五条室町,五条烏丸,739
2020-W34,五条室町,五条新町,597
2020-W34,五条新町,五条室町,568
2020-W34,五条新町,五条堀川,409
2020-W34,五条堀川,五条新町,406
2020-W34,五条車屋町,四条車屋町,829
2020-W34,四条車屋町,五条車屋町,818
2020-W34,四条車屋町,四条烏丸,1054
2020-W34,五条烏丸,四条烏丸,1057
2020-W34,四条烏丸,五条烏丸,1059
2020-W34,四条烏丸,四条室町,917
2020-W34,四条室町,四条烏丸,923
2020-W34,五条室町,四条室町,884
2020-W34,四条室町,五条室町,884
2020-W34,四条新町,四条室町,714
2020-W34,五条車屋町,五条烏丸,862
2020-W34,三条新町,三条堀川,376
2020-W34,四条堀川,三条堀川,457
2020-W34,一条車屋町,一条烏丸,597
2020-W34,一条烏丸,一条車屋町,597
2020-W34,二条烏丸,一条烏丸,591
2020-W34,一条烏丸,二条烏丸,578
2020-W34,一条烏丸,一条室町,433
2020-W34,一条室町,一条烏丸,418
2020-W34,一条室町,二条室町,448
2020-W34,一条車屋町,二条車屋町,378
2020-W34,一条室町,一条新町,242
2020-W34,二条新町,一条新町,225
2020-W34,一条新町,二条新町,243
2020-W34,一条新町,一条堀川,49
2020-W34,一条堀川,一条新町,66
2020-W34,二条堀川,一条堀川,74
2020-W34,一条堀川,二条堀川,69
2020-W34,三条堀川,三条新町,350
2020-W34,一条新町,一条室町,239
2020-W34,二条車屋町,一条車屋町,365
2020-W34,二条室町,一条室町,421
2020-W34,三条堀川,二条堀川,195
2020-W34,二条堀川,三条堀川,227
2020-W34,三条車屋町,二条車屋町,599
2020-W34,二条車屋町,三条車屋町,564
2020-W34,二条車屋町,二条烏丸,737
2020-W34,二条烏丸,二条車屋町,711
2020-W34,三条烏丸,二条烏丸,779
2020-W34,二条烏丸,三条烏丸,765
2020-W34,二条烏丸,二条室町,553
2020-W34,二条室町,二条烏丸,533
2020-W34,三条堀川,四条堀川,425
2020-W34,二条室町,三条室町,576
2020-W34,二条室町,二条新町,420
2020-W34,二条新町,二条室町,402
2020-W34,三条新町,二条新町,387
2020-W34,二条新町,三条新町,359
2020-W34,二条新町,二条堀川,200
2020-W34,二条堀川,二条新町,225
2020-W34,三条室町,二条室町,566
2020-W35,三条車屋町,四条車屋町,710
2020-W35,四条新町,五条新町,705
2020-W35,四条新町,四条堀川,557
2020-W35,四条堀川,四条新町,554
2020-W35,五条堀川,四条堀川,589
2020-W35,四条堀川,五条堀川,595
2020-W35,四条車屋町,三条車屋町,714
2020-W35,三条車屋町,三条烏丸,879
2020-W35,五条新町,四条新町,672
2020-W35,四条烏丸,三条烏丸,878
2020-W35,三条烏丸,四条烏丸,864
2020-W35,三条烏丸,三条室町,676
2020-W35,三条室町,三条烏丸,679
2020-W35,四条室町,三条室町,691
2020-W35,三条室町,四条室町,680
2020-W35,三条室町,三条新町,517
2020-W35,三条新町,三条室町,496
2020-W35,三条烏丸,三条車屋町,873
2020-W35,四条新町,四条室町,731
2020-W35,四条新町,三条新町,558
2020-W35,四条室町,五条室町,897
2020-W35,五条車屋町,五条烏丸,891
2020-W35,五条烏丸,五条車屋町,864
2020-W35,五条烏丸,五条室町,726
2020-W35,五条室町,五条烏丸,685
2020-W35,五条室町,五条新町,575
2020-W35,五条新町,五条室町,575
2020-W35,五条新町,五条堀川,393
2020-W35,五条堀川,五条新町,401
2020-W35,五条車屋町,四条車屋町,857
2020-W35,四条車屋町,五条車屋町,877
2020-W35,四条車屋町,四条烏丸,1080
2020-W35,四条烏丸,四条車屋町,1046
2020-W35,五条烏丸,四条烏丸,1076
2020-W35,四条烏丸,五条烏丸,1057
2020-W35,四条烏丸,四条室町,892
2020-W35,四条室町,四条烏丸,908
2020-W35,五条室町,四条室町,898
2020-W35,四条室町,四条新町,715
2020-W35,三条新町,四条新町,570
2020-W35,一条堀川,二条堀川,45
2020-W35,三条堀川,三条新町,389
2020-W35,一条車屋町,二条車屋町,413
2020-W35,一条車屋町,一条烏丸,569
2020-W35,一条烏丸,一条車屋町,582
2020-W35,二条烏丸,一条烏丸,576
2020-W35,一条烏丸,二条烏丸,564
2020-W35,一条烏丸,一条室町,348
2020-W35,一条室町,一条烏丸,370
2020-W35,二条車屋町,一条車屋町,396
2020-W35,二条室町,一条室町,396
2020-W35,一条室町,一条新町,184
2020-W35,一条新町,一条室町,191
2020-W35,二条新町,一条新町,284
2020-W35,一条新町,二条新町,257
2020-W35,一条新町,一条堀川,103
2020-W35,一条堀川,一条新町,87
2020-W35,二条堀川,一条堀川,49
2020-W35,一条室町,二条室町,385
2020-W35,二条堀川,三条堀川,254
2020-W35,三条新町,三条堀川,380
2020-W35,二条堀川,二条新町,233
2020-W35,四条堀川,三条堀川,404
2020-W35,三条堀川,四条堀川,405
2020-W35,三条車屋町,二条車屋町,552
2020-W35,二条車屋町,三条車屋町,546
2020-W35,二条車屋町,二条烏丸,738
2020-W35,三条堀川,二条堀川,270
2020-W35,三条烏丸,二条烏丸,720
2020-W35,二条烏丸,三条烏丸,736
2020-W35,二条烏丸,二条車屋町,731
2020-W35,二条室町,二条烏丸,510
2020-W35,三条室町,二条室町,570
2020-W35,二条室町,三条室町,582
2020-W35,二条室町,二条新町,400
2020-W35,二条新町,二条室町,388
2020-W35,三条新町,二条新町,444
2020-W35,二条新町,三条新町,421
2020-W35,二条新町,二条堀川,234
2020-W35,二条烏丸,二条室町,510
2020-W36,四条新町,五条新町,845
2020-W36,四条新町,四条堀川,615
2020-W36,四条堀川,四条新町,630
2020-W36,五条堀川,四条堀川,664
2020-W36,四条堀川,五条堀川,662
2020-W36,四条車屋町,三条車屋町,730
2020-W36,三条車屋町,四条車屋町,753
2020-W36,三条室町,三条新町,666
2020-W36,三条烏丸,三条車屋町,984
2020-W36,四条烏丸,三条烏丸,952
2020-W36,三条烏丸,四条烏丸,945
2020-W36,三条烏丸,三条室町,799
2020-W36,三条室町,三条烏丸,788
2020-W36,四条室町,三条室町,765
2020-W36,三条室町,四条室町,773
2020-W36,五条新町,四条新町,836
2020-W36,三条車屋町,三条烏丸,969
2020-W36,四条新町,四条室町,792
2020-W36,四条車屋町,五条車屋町,967
2020-W36,四条室町,五条室町,997
2020-W36,三条新町,三条室町,665
2020-W36,五条車屋町,五条烏丸,953
2020-W36,五条烏丸,五条車屋町,946
2020-W36,五条烏丸,五条室町,839
2020-W36,五条室町,五条烏丸,838
2020-W36,五条室町,五条新町,652
2020-W36,五条新町,五条室町,636
2020-W36,五条新町,五条堀川,493
2020-W36,五条堀川,五条新町,496
2020-W36,五条車屋町,四条車屋町,948
2020-W36,四条車屋町,四条烏丸,1075
2020-W36,四条烏丸,四条車屋町,1088
2020-W36,五条烏丸,四条烏丸,1147
2020-W36,四条烏丸,五条烏丸,1158
2020-W36,四条烏丸,四条室町,985
2020-W36,四条室町,四条烏丸,967
2020-W36,五条室町,四条室町,1010
2020-W36,四条室町,四条新町,824
2020-W36,四条新町,三条新町,661
2020-W36,三条新町,四条新町,654
2020-W36,一条堀川,二条堀川,130
2020-W36,二条車屋町,一条車屋町,459
2020-W36,一条車屋町,二条車屋町,464
2020-W36,一条車屋町,一条烏丸,606
2020-W36,一条烏丸,一条車屋町,630
2020-W36,二条烏丸,一条烏丸,692
2020-W36,一条烏丸,二条烏丸,690
2020-W36,一条烏丸,一条室町,484
2020-W36,二条室町,一条室町,506
2020-W36,一条室町,二条室町,499
2020-W36,一条室町,一条新町,323
2020-W36,一条新町,一条室町,322
2020-W36,二条新町,一条新町,354
2020-W36,一条新町,二条新町,347
2020-W36,一条新町,一条堀川,199
2020-W36,一条堀川,一条新町,186
2020-W36,二条堀川,一条堀川,129
2020-W36,三条新町,三条堀川,526
2020-W36,二条堀川,三条堀川,280
2020-W36,三条堀川,二条堀川,255
2020-W36,一条室町,一条烏丸,493
2020-W36,二条新町,二条堀川,308
2020-W36,二条堀川,二条新町,300
2020-W36,四条堀川,三条堀川,527
2020-W36,三条堀川,四条堀川,521
2020-W36,三条車屋町,二条車屋町,650
2020-W36,二条車屋町,三条車屋町,656
2020-W36,二条車屋町,二条烏丸,816
2020-W36,二条烏丸,二条車屋町,815
2020-W36,三条烏丸,二条烏丸,810
2020-W36,二条烏丸,三条烏丸,808
2020-W36,三条堀川,三条新町,504
2020-W36,二条室町,二条烏丸,675
2020-W36,三条室町,二条室町,596
2020-W36,二条室町,三条室町,619
2020-W36,二条室町,二条新町,467
2020-W36,二条新町,二条室町,472
2020-W36,三条新町,二条新町,438
2020-W36,二条新町,三条新町,454
2020-W36,二条烏丸,二条室町,678
2020-W37,四条新町,五条新町,947
2020-W37,三条車屋町,四条車屋町,902
2020-W37,四条新町,四条堀川,813
2020-W37,四条堀川,四条新町,810
2020-W37,五条堀川,四条堀川,783
2020-W37,四条堀川,五条堀川,799
2020-W37,四条車屋町,三条車屋町,884
2020-W37,三条車屋町,三条烏丸,1128
2020-W37,三条新町,三条室町,782
2020-W37,四条烏丸,三条烏丸,1105
2020-W37,三条烏丸,四条烏丸,1121
2020-W37,三条烏丸,三条室町,934
2020-W37,三条室町,三条烏丸,935
2020-W37,四条室町,三条室町,950
2020-W37,三条室町,四条室町,933
2020-W37,三条室町,三条新町,794
2020-W37,五条新町,四条新町,921
2020-W37,三条烏丸,三条車屋町,1132
2020-W37,四条新町,四条室町,934
2020-W37,五条車屋町,五条烏丸,1081
2020-W37,四条室町,五条室町,1091
2020-W37,四条新町,三条新町,760
2020-W37,五条烏丸,五条車屋町,1063
2020-W37,五条烏丸,五条室町,929
2020-W37,五条室町,五条烏丸,920
2020-W37,五条室町,五条新町,807
2020-W37,五条新町,五条室町,817
2020-W37,五条新町,五条堀川,646
2020-W37,五条堀川,五条新町,650
2020-W37,五条車屋町,四条車屋町,1104
2020-W37,四条車屋町,五条車屋町,1089
2020-W37,四条車屋町,四条烏丸,1282
2020-W37,四条烏丸,四条車屋町,1283
2020-W37,五条烏丸,四条烏丸,1312
2020-W37,四条烏丸,五条烏丸,1284
2020-W37,四条烏丸,四条室町,1108
2020-W37,四条室町,四条烏丸,1095
2020-W37,五条室町,四条室町,1103
2020-W37,四条室町,四条新町,942
2020-W37,三条新町,四条新町,765
2020-W37,二条室町,一条室町,598
2020-W37,三条堀川,三条新町,604
2020-W37,一条車屋町,二条車屋町,604
2020-W37,一条車屋町,一条烏丸,735
2020-W37,一条烏丸,一条車屋町,754
2020-W37,二条烏丸,一条烏丸,787
2020-W37,一条烏丸,二条烏丸,805
2020-W37,一条烏丸,一条室町,619
2020-W37,一条室町,一条烏丸,621
2020-W37,二条車屋町,一条車屋町,592
2020-W37,一条室町,二条室町,595
2020-W37,一条新町,一条室町,507
2020-W37,二条新町,一条新町,472
2020-W37,一条新町,二条新町,477
2020-W37,一条新町,一条堀川,267
2020-W37,一条堀川,一条新町,284
2020-W37,二条堀川,一条堀川,255
2020-W37,一条堀川,二条堀川,267
2020-W37,一条室町,一条新町,489
2020-W37,二条堀川,三条堀川,441
2020-W37,三条新町,三条堀川,574
2020-W37,二条堀川,二条新町,468
2020-W37,三条堀川,二条堀川,440
2020-W37,三条堀川,四条堀川,651
2020-W37,三条車屋町,二条車屋町,772
2020-W37,二条車屋町,三条車屋町,797
2020-W37,二条車屋町,二条烏丸,963
2020-W37,二条烏丸,二条車屋町,972
2020-W37,三条烏丸,二条烏丸,983
2020-W37,二条烏丸,三条烏丸,988
2020-W37,二条烏丸,二条室町,764
2020-W37,四条堀川,三条堀川,646
2020-W37,二条室町,二条烏丸,789
2020-W37,三条室町,二条室町,781
2020-W37,二条室町,三条室町,745
2020-W37,二条室町,二条新町,620
2020-W37,二条新町,二条室町,639
2020-W37,三条新町,二条新町,671
2020-W37,二条新町,三条新町,641
2020-W37,二条新町,二条堀川,468
2020-W38,三条車屋町,四条車屋町,1011
2020-W38,四条車屋町,三条車屋町,1020
2020-W38,四条新町,四条堀川,904
2020-W38,五条堀川,四条堀川,904
2020-W38,四条堀川,四条新町,926
2020-W38,三条車屋町,三条烏丸,1287
2020-W38,四条堀川,五条堀川,891
2020-W38,三条烏丸,三条車屋町,1245
2020-W38,四条新町,三条新町,908
2020-W38,三条烏丸,四条烏丸,1233
2020-W38,三条烏丸,三条室町,1049
2020-W38,三条室町,三条烏丸,1027
2020-W38,四条室町,三条室町,1133
2020-W38,三条室町,四条室町,1098
2020-W38,三条室町,三条新町,903
2020-W38,三条新町,三条室町,889
2020-W38,四条新町,五条新町,1087
2020-W38,四条烏丸,三条烏丸,1202
2020-W38,五条新町,四条新町,1093
2020-W38,四条烏丸,四条車屋町,1427
2020-W38,四条室町,四条新町,1011
2020-W38,三条新町,四条新町,907
2020-W38,五条烏丸,五条車屋町,1285
2020-W38,五条烏丸,五条室町,1099
2020-W38,五条室町,五条烏丸,1075
2020-W38,五条室町,五条新町,874
2020-W38,五条新町,五条室町,863
2020-W38,五条新町,五条堀川,728
2020-W38,五条堀川,五条新町,753
2020-W38,五条車屋町,四条車屋町,1260
2020-W38,四条車屋町,五条車屋町,1237
2020-W38,四条車屋町,四条烏丸,1427
2020-W38,五条烏丸,四条烏丸,1380
2020-W38,四条烏丸,五条烏丸,1385
2020-W38,四条烏丸,四条室町,1216
2020-W38,四条室町,四条烏丸,1213
2020-W38,五条室町,四条室町,1266
2020-W38,四条室町,五条室町,1262
2020-W38,四条新町,四条室町,1011
2020-W38,五条車屋町,五条烏丸,1295
2020-W38,三条新町,三条堀川,759
2020-W38,四条堀川,三条堀川,762
2020-W38,一条車屋町,一条烏丸,937
2020-W38,一条烏丸,一条車屋町,946
2020-W38,二条烏丸,一条烏丸,886
2020-W38,一条烏丸,二条烏丸,885
2020-W38,一条烏丸,一条室町,769
2020-W38,一条室町,一条烏丸,754
2020-W38,一条室町,二条室町,792
2020-W38,一条車屋町,二条車屋町,714
2020-W38,一条室町,一条新町,605
2020-W38,二条新町,一条新町,573
2020-W38,一条新町,二条新町,595
2020-W38,一条新町,一条堀川,397
2020-W38,一条堀川,一条新町,382
2020-W38,二条堀川,一条堀川,418
2020-W38,一条堀川,二条堀川,387
2020-W38,三条堀川,三条新町,757
2020-W38,一条新町,一条室町,590
2020-W38,二条車屋町,一条車屋町,709
2020-W38,二条室町,一条室町,784
2020-W38,三条堀川,二条堀川,625
2020-W38,二条堀川,三条堀川,601
2020-W38,三条車屋町,二条車屋町,896
2020-W38,二条車屋町,三条車屋町,901
2020-W38,二条車屋町,二条烏丸,1080
2020-W38,二条烏丸,二条車屋町,1075
2020-W38,三条烏丸,二条烏丸,1092
2020-W38,二条烏丸,三条烏丸,1070
2020-W38,二条烏丸,二条室町,903
2020-W38,二条室町,二条烏丸,885
2020-W38,三条堀川,四条堀川,749
2020-W38,二条室町,三条室町,893
2020-W38,二条室町,二条新町,740
2020-W38,二条新町,二条室町,727
2020-W38,三条新町,二条新町,738
2020-W38,二条新町,三条新町,728
2020-W38,二条新町,二条堀川,570
2020-W38,三条室町,二条室町,878
2020-W38,二条堀川,二条新町,571
2020-W39,三条車屋町,四条車屋町,1117
2020-W39,四条車屋町,三条車屋町,1138
2020-W39,四条新町,四条堀川,938
2020-W39,五条堀川,四条堀川,904
2020-W39,四条堀川,四条新町,930
2020-W39,三条車屋町,三条烏丸,1294
2020-W39,四条堀川,五条堀川,934
2020-W39,三条烏丸,三条車屋町,1272
2020-W39,三条室町,三条烏丸,1149
2020-W39,三条烏丸,四条烏丸,1290
2020-W39,三条烏丸,三条室町,1143
2020-W39,四条室町,三条室町,1117
2020-W39,三条室町,四条室町,1123
2020-W39,三条室町,三条新町,944
2020-W39,三条新町,三条室町,956
2020-W39,四条新町,五条新町,1106
2020-W39,四条烏丸,三条烏丸,1267
2020-W39,五条新町,四条新町,1075
2020-W39,四条車屋町,四条烏丸,1420
2020-W39,四条室町,四条新町,1117
2020-W39,五条烏丸,五条車屋町,1301
2020-W39,五条烏丸,五条室町,1086
2020-W39,五条室町,五条烏丸,1112
2020-W39,五条室町,五条新町,1001
2020-W39,五条新町,五条室町,1001
2020-W39,五条新町,五条堀川,793
2020-W39,五条堀川,五条新町,777
2020-W39,五条車屋町,四条車屋町,1269
2020-W39,四条車屋町,五条車屋町,1252
2020-W39,四条新町,三条新町,1002
2020-W39,四条烏丸,四条車屋町,1432
2020-W39,五条烏丸,四条烏丸,1460
2020-W39,四条烏丸,五条烏丸,1436
2020-W39,四条烏丸,四条室町,1322
2020-W39,四条室町,四条烏丸,1305
2020-W39,五条室町,四条室町,1274
2020-W39,四条室町,五条室町,1263
2020-W39,四条新町,四条室町,1126
2020-W39,三条新町,四条新町,972
2020-W39,五条車屋町,五条烏丸,1301
2020-W39,三条堀川,三条新町,759
2020-W39,一条車屋町,二条車屋町,789
2020-W39,一条車屋町,一条烏丸,884
2020-W39,一条烏丸,一条車屋町,913
2020-W39,二条烏丸,一条烏丸,908
2020-W39,一条烏丸,二条烏丸,925
2020-W39,一条烏丸,一条室町,787
2020-W39,一条室町,一条烏丸,806
2020-W39,二条室町,一条室町,805
2020-W39,一条室町,二条室町,798
2020-W39,一条室町,一条新町,646
2020-W39,一条新町,一条室町,629
2020-W39,二条新町,一条新町,615
2020-W39,一条新町,二条新町,620
2020-W39,一条新町,一条堀川,445
2020-W39,一条堀川,一条新町,458
2020-W39,二条堀川,一条堀川,444
2020-W39,一条堀川,二条堀川,451
2020-W39,二条車屋町,一条車屋町,789
2020-W39,二条堀川,三条堀川,650
2020-W39,三条新町,三条堀川,793
2020-W39,二条堀川,二条新町,612
2020-W39,三条堀川,二条堀川,635
2020-W39,四条堀川,三条堀川,792
2020-W39,三条堀川,四条堀川,800
2020-W39,三条車屋町,二条車屋町,954
2020-W39,二条車屋町,三条車屋町,954
2020-W39,二条烏丸,二条車屋町,1121
2020-W39,三条烏丸,二条烏丸,1106
2020-W39,二条烏丸,三条烏丸,1120
2020-W39,二条車屋町,二条烏丸,1136
2020-W39,二条室町,二条烏丸,950
2020-W39,三条室町,二条室町,983
2020-W39,二条室町,三条室町,972
2020-W39,二条新町,二条堀川,588
2020-W39,二条室町,二条新町,806
2020-W39,二条新町,二条室町,795
2020-W39,三条新町,二条新町,845
2020-W39,二条新町,三条新町,832
2020-W39,二条烏丸,二条室町,932
2020-W40,四条新町,五条新町,1063
2020-W40,四条新町,四条堀川,948
2020-W40,四条堀川,四条新町,943
2020-W40,五条堀川,四条堀川,923
2020-W40,四条堀川,五条堀川,905
2020-W40,四条車屋町,三条車屋町,1107
2020-W40,三条車屋町,四条車屋町,1107
2020-W40,三条車屋町,三条烏丸,1267
2020-W40,三条烏丸,四条烏丸,1230
2020-W40,四条烏丸,三条烏丸,1194
2020-W40,三条新町,三条室町,901
2020-W40,三条烏丸,三条室町,1078
2020-W40,三条室町,三条烏丸,1065
2020-W40,四条室町,三条室町,1054
2020-W40,三条室町,四条室町,1067
2020-W40,三条室町,三条新町,907
2020-W40,五条新町,四条新町,1055
2020-W40,三条烏丸,三条車屋町,1264
2020-W40,四条新町,四条室町,1031
2020-W40,四条車屋町,四条烏丸,1399
2020-W40,四条室町,五条室町,1248
2020-W40,四条新町,三条新町,928
2020-W40,五条車屋町,五条烏丸,1243
2020-W40,五条烏丸,五条車屋町,1248
2020-W40,五条烏丸,五条室町,1038
2020-W40,五条室町,五条烏丸,1058
2020-W40,五条室町,五条新町,895
2020-W40,五条新町,五条室町,917
2020-W40,五条新町,五条堀川,763
2020-W40,五条堀川,五条新町,747
2020-W40,五条車屋町,四条車屋町,1219
2020-W40,四条車屋町,五条車屋町,1233
2020-W40,四条烏丸,四条車屋町,1412
2020-W40,五条烏丸,四条烏丸,1403
2020-W40,四条烏丸,五条烏丸,1427
2020-W40,四条烏丸,四条室町,1219
2020-W40,四条室町,四条烏丸,1224
2020-W40,五条室町,四条室町,1266
2020-W40,四条室町,四条新町,1019
2020-W40,三条新町,四条新町,911
2020-W40,二条室町,一条室町,719
2020-W40,三条堀川,三条新町,751
2020-W40,一条車屋町,二条車屋町,742
2020-W40,一条車屋町,一条烏丸,896
2020-W40,一条烏丸,一条車屋町,896
2020-W40,二条烏丸,一条烏丸,883
2020-W40,一条烏丸,二条烏丸,880
2020-W40,一条烏丸,一条室町,747
2020-W40,一条室町,一条烏丸,750
2020-W40,二条車屋町,一条車屋町,743
2020-W40,一条室町,二条室町,722
2020-W40,一条新町,一条室町,556
2020-W40,二条新町,一条新町,544
2020-W40,一条新町,二条新町,567
2020-W40,一条新町,一条堀川,440
2020-W40,一条堀川,一条新町,450
2020-W40,二条堀川,一条堀川,427
2020-W40,三条新町,三条堀川,767
2020-W40,一条室町,一条新町,549
2020-W40,二条堀川,三条堀川,609
2020-W40,一条堀川,二条堀川,454
2020-W40,二条堀川,二条新町,616
2020-W40,三条堀川,二条堀川,635
2020-W40,三条堀川,四条堀川,747
2020-W40,三条車屋町,二条車屋町,916
2020-W40,二条車屋町,三条車屋町,925
2020-W40,二条車屋町,二条烏丸,1042
2020-W40,二条烏丸,二条車屋町,1057
2020-W40,三条烏丸,二条烏丸,1083
2020-W40,二条烏丸,三条烏丸,1063
2020-W40,二条烏丸,二条室町,923
2020-W40,四条堀川,三条堀川,743
2020-W40,二条室町,二条烏丸,922
2020-W40,三条室町,二条室町,934
2020-W40,二条室町,三条室町,910
2020-W40,二条室町,二条新町,731
2020-W40,二条新町,二条室町,737
2020-W40,三条新町,二条新町,796
2020-W40,二条新町,三条新町,780
2020-W40,二条新町,二条堀川,600
2020-W41,四条新町,四条堀川,772
2020-W41,三条車屋町,三条烏丸,1022
2020-W41,四条堀川,四条新町,785
2020-W41,五条堀川,四条堀川,749
2020-W41,四条堀川,五条堀川,779
2020-W41,四条車屋町,三条車屋町,998
2020-W41,三条車屋町,四条車屋町,1003
2020-W41,三条烏丸,三条車屋町,1046
2020-W41,三条新町,三条室町,757
2020-W41,三条烏丸,四条烏丸,1099
2020-W41,三条烏丸,三条室町,926
2020-W41,三条室町,三条烏丸,929
2020-W41,四条室町,三条室町,932
2020-W41,三条室町,四条室町,914
2020-W41,三条室町,三条新町,738
2020-W41,四条新町,五条新町,936
2020-W41,四条新町,三条新町,815
2020-W41,四条烏丸,三条烏丸,1113
2020-W41,五条新町,四条新町,954
2020-W41,四条烏丸,四条車屋町,1253
2020-W41,四条室町,四条新町,917
2020-W41,五条車屋町,五条烏丸,1096
2020-W41,三条新町,四条新町,819
2020-W41,五条烏丸,五条室町,947
2020-W41,五条室町,五条烏丸,961
2020-W41,五条室町,五条新町,764
2020-W41,五条新町,五条室町,796
2020-W41,五条新町,五条堀川,636
2020-W41,五条堀川,五条新町,623
2020-W41,五条車屋町,四条車屋町,1064
2020-W41,四条車屋町,五条車屋町,1090
2020-W41,四条車屋町,四条烏丸,1241
2020-W41,五条烏丸,四条烏丸,1300
2020-W41,四条烏丸,五条烏丸,1295
2020-W41,四条烏丸,四条室町,1098
2020-W41,四条室町,四条烏丸,1104
2020-W41,五条室町,四条室町,1128
2020-W41,四条室町,五条室町,1116
2020-W41,四条新町,四条室町,926
2020-W41,五条烏丸,五条車屋町,1119
2020-W41,三条新町,三条堀川,604
2020-W41,四条堀川,三条堀川,612
2020-W41,一条車屋町,一条烏丸,761
2020-W41,一条烏丸,一条車屋町,776
2020-W41,二条烏丸,一条烏丸,786
2020-W41,一条烏丸,二条烏丸,767
2020-W41,一条烏丸,一条室町,654
2020-W41,一条室町,一条烏丸,635
2020-W41,二条室町,一条室町,633
2020-W41,一条車屋町,二条車屋町,633
2020-W41,一条室町,二条室町,648
2020-W41,一条新町,一条室町,442
2020-W41,二条新町,一条新町,491
2020-W41,一条新町,二条新町,476
2020-W41,一条新町,一条堀川,311
2020-W41,一条堀川,一条新町,298
2020-W41,二条堀川,一条堀川,327
2020-W41,一条堀川,二条堀川,344
2020-W41,一条室町,一条新町,462
2020-W41,二条車屋町,一条車屋町,602
2020-W41,三条堀川,三条新町,611
2020-W41,三条堀川,二条堀川,461
2020-W41,三条堀川,四条堀川,611
2020-W41,三条車屋町,二条車屋町,774
2020-W41,二条車屋町,三条車屋町,784
2020-W41,二条車屋町,二条烏丸,948
2020-W41,二条烏丸,二条車屋町,936
2020-W41,二条堀川,三条堀川,447
2020-W41,二条烏丸,三条烏丸,951
2020-W41,二条烏丸,二条室町,842
2020-W41,三条烏丸,二条烏丸,933
2020-W41,三条室町,二条室町,774
2020-W41,二条室町,三条室町,789
2020-W41,二条室町,二条新町,604
2020-W41,二条新町,二条室町,613
2020-W41,三条新町,二条新町,596
2020-W41,二条新町,三条新町,601
2020-W41,二条新町,二条堀川,502
2020-W41,二条堀川,二条新町,482
2020-W41,二条室町,二条烏丸,813
2020-W42,四条新町,四条堀川,651
2020-W42,三条車屋町,三条烏丸,939
2020-W42,四条堀川,四条新町,648
2020-W42,五条堀川,四条堀川,628
2020-W42,四条堀川,五条堀川,656
2020-W42,四条車屋町,三条車屋町,741
2020-W42,三条車屋町,四条車屋町,775
2020-W42,三条烏丸,三条車屋町,960
2020-W42,三条新町,三条室町,667
2020-W42,三条烏丸,四条烏丸,988
2020-W42,三条烏丸,三条室町,821
2020-W42,三条室町,三条烏丸,800
2020-W42,四条室町,三条室町,818
2020-W42,三条室町,四条室町,829
2020-W42,三条室町,三条新町,683
2020-W42,四条新町,五条新町,758
2020-W42,四条烏丸,三条烏丸,971
2020-W42,五条新町,四条新町,782
2020-W42,五条車屋町,五条烏丸,1007
2020-W42,四条室町,四条新町,802
2020-W42,四条新町,三条新町,650
2020-W42,五条烏丸,五条車屋町,995
2020-W42,五条烏丸,五条室町,802
2020-W42,五条室町,五条烏丸,816
2020-W42,五条室町,五条新町,629
2020-W42,五条新町,五条室町,637
2020-W42,五条新町,五条堀川,541
2020-W42,五条堀川,五条新町,509
2020-W42,五条車屋町,四条車屋町,985
2020-W42,四条車屋町,五条車屋町,981
2020-W42,四条烏丸,四条車屋町,1169
2020-W42,五条烏丸,四条烏丸,1123
2020-W42,四条烏丸,五条烏丸,1113
2020-W42,四条烏丸,四条室町,993
2020-W42,四条室町,四条烏丸,971
2020-W42,五条室町,四条室町,934
2020-W42,四条室町,五条室町,953
2020-W42,四条新町,四条室町,796
2020-W42,三条新町,四条新町,658
2020-W42,四条車屋町,四条烏丸,1174
2020-W42,三条堀川,三条新町,480
2020-W42,一条車屋町,二条車屋町,473
2020-W42,一条車屋町,一条烏丸,655
2020-W42,一条烏丸,一条車屋町,674
2020-W42,二条烏丸,一条烏丸,650
2020-W42,一条烏丸,二条烏丸,656
2020-W42,一条烏丸,一条室町,471
2020-W42,一条室町,一条烏丸,471
2020-W42,二条室町,一条室町,473
2020-W42,一条室町,二条室町,467
2020-W42,一条室町,一条新町,331
2020-W42,一条新町,一条室町,345
2020-W42,二条新町,一条新町,336
2020-W42,一条新町,二条新町,355
2020-W42,一条新町,一条堀川,140
2020-W42,一条堀川,一条新町,162
2020-W42,二条堀川,一条堀川,135
2020-W42,三条新町,三条堀川,477
2020-W42,二条車屋町,一条車屋町,468
2020-W42,二条堀川,三条堀川,351
2020-W42,一条堀川,二条堀川,150
2020-W42,二条堀川,二条新町,346
2020-W42,三条堀川,二条堀川,333
2020-W42,三条堀川,四条堀川,487
2020-W42,三条車屋町,二条車屋町,623
2020-W42,二条車屋町,三条車屋町,623
2020-W42,二条車屋町,二条烏丸,831
2020-W42,二条烏丸,二条車屋町,816
2020-W42,二条烏丸,三条烏丸,817
2020-W42,二条烏丸,二条室町,677
2020-W42,三条烏丸,二条烏丸,798
2020-W42,三条室町,二条室町,650
2020-W42,二条室町,三条室町,662
2020-W42,二条室町,二条新町,523
2020-W42,二条新町,二条室町,535
2020-W42,三条新町,二条新町,466
2020-W42,二条新町,三条新町,470
2020-W42,二条新町,二条堀川,354
2020-W42,二条室町,二条烏丸,701
2020-W42,四条堀川,三条堀川,462
2020-W43,五条新町,四条新町,714
2020-W43,四条車屋町,三条車屋町,753
2020-W43,四条堀川,五条堀川,567
2020-W43,四条新町,五条新町,709
2020-W43,四条堀川,四条新町,553
2020-W43,四条新町,四条堀川,582
2020-W43,三条車屋町,四条車屋町,748
2020-W43,五条堀川,四条堀川,549
2020-W43,三条車屋町,三条烏丸,855
2020-W43,三条烏丸,三条室町,713
2020-W43,四条烏丸,三条烏丸,891
2020-W43,三条烏丸,四条烏丸,886
2020-W43,三条室町,三条烏丸,716
2020-W43,四条室町,三条室町,751
2020-W43,三条室町,四条室町,769
2020-W43,三条室町,三条新町,622
2020-W43,三条新町,三条室町,585
2020-W43,三条烏丸,三条車屋町,870
2020-W43,四条新町,四条室町,710
2020-W43,四条新町,三条新町,610
2020-W43,四条室町,五条室町,857
2020-W43,五条烏丸,五条車屋町,918
2020-W43,五条烏丸,五条室町,662
2020-W43,五条室町,五条烏丸,678
2020-W43,五条室町,五条新町,522
2020-W43,五条新町,五条室町,535
2020-W43,五条新町,五条堀川,414
2020-W43,五条堀川,五条新町,419
2020-W43,五条車屋町,四条車屋町,904
2020-W43,四条車屋町,五条車屋町,903
2020-W43,四条車屋町,四条烏丸,1041
2020-W43,五条車屋町,五条烏丸,937
2020-W43,四条烏丸,四条車屋町,1027
2020-W43,五条烏丸,四条烏丸,1055
2020-W43,四条烏丸,五条烏丸,1060
2020-W43,四条烏丸,四条室町,852
2020-W43,四条室町,四条烏丸,856
2020-W43,五条室町,四条室町,846
2020-W43,四条室町,四条新町,700
2020-W43,三条新町,四条新町,587
2020-W43,一条室町,一条烏丸,386
2020-W43,三条堀川,三条新町,395
2020-W43,一条車屋町,二条車屋町,386
2020-W43,一条車屋町,一条烏丸,496
2020-W43,一条烏丸,一条車屋町,518
2020-W43,二条烏丸,一条烏丸,570
2020-W43,一条烏丸,二条烏丸,538
2020-W43,一条烏丸,一条室町,389
2020-W43,二条室町,一条室町,408
2020-W43,二条車屋町,一条車屋町,392
2020-W43,一条室町,二条室町,422
2020-W43,一条新町,一条室町,227
2020-W43,二条新町,一条新町,267
2020-W43,一条新町,二条新町,253
2020-W43,一条新町,一条堀川,115
2020-W43,一条堀川,一条新町,104
2020-W43,二条堀川,一条堀川,44
2020-W43,三条新町,三条堀川,370
2020-W43,一条室町,一条新町,199
2020-W43,二条堀川,三条堀川,248
2020-W43,一条堀川,二条堀川,63
2020-W43,二条堀川,二条新町,245
2020-W43,三条堀川,二条堀川,267
2020-W43,三条堀川,四条堀川,415
2020-W43,三条車屋町,二条車屋町,596
2020-W43,二条車屋町,三条車屋町,572
2020-W43,二条車屋町,二条烏丸,735
2020-W43,二条烏丸,二条車屋町,745
2020-W43,三条烏丸,二条烏丸,741
2020-W43,二条烏丸,三条烏丸,733
2020-W43,四条堀川,三条堀川,413
2020-W43,二条室町,二条烏丸,595
2020-W43,三条室町,二条室町,610
2020-W43,二条室町,三条室町,601
2020-W43,二条室町,二条新町,401
2020-W43,二条新町,二条室町,382
2020-W43,三条新町,二条新町,374
2020-W43,二条新町,三条新町,373
2020-W43,二条新町,二条堀川,248
2020-W43,二条烏丸,二条室町,604
2020-W44,五条新町,四条新町,759
2020-W44,四条車屋町,三条車屋町,715
2020-W44,四条堀川,五条堀川,553
2020-W44,四条新町,五条新町,731
2020-W44,四条堀川,四条新町,569
2020-W44,四条新町,四条堀川,576
2020-W44,三条車屋町,四条車屋町,725
2020-W44,五条堀川,四条堀川,568
2020-W44,三条車屋町,三条烏丸,883
2020-W44,三条烏丸,三条室町,747
2020-W44,四条烏丸,三条烏丸,840
2020-W44,三条烏丸,四条烏丸,842
2020-W44,三条室町,三条烏丸,747
2020-W44,四条室町,三条室町,764
2020-W44,三条室町,四条室町,752
2020-W44,三条室町,三条新町,551
2020-W44,三条新町,三条室町,564
2020-W44,三条烏丸,三条車屋町,883
2020-W44,四条新町,四条室町,677
2020-W44,五条車屋町,五条烏丸,901
2020-W44,四条室町,五条室町,881
2020-W44,四条新町,三条新町,506
2020-W44,五条烏丸,五条車屋町,885
2020-W44,五条烏丸,五条室町,758
2020-W44,五条室町,五条烏丸,739
2020-W44,五条室町,五条新町,612
2020-W44,五条新町,五条室町,577
2020-W44,五条新町,五条堀川,425
2020-W44,五条堀川,五条新町,411
2020-W44,五条車屋町,四条車屋町,903
2020-W44,四条車屋町,五条車屋町,902
2020-W44,四条車屋町,四条烏丸,1065
2020-W44,四条烏丸,四条車屋町,1066
2020-W44,五条烏丸,四条烏丸,1062
2020-W44,四条烏丸,五条烏丸,1051
2020-W44,四条烏丸,四条室町,904
2020-W44,四条室町,四条烏丸,875
2020-W44,五条室町,四条室町,862
2020-W44,四条室町,四条新町,689
2020-W44,三条新町,四条新町,539
2020-W44,三条新町,三条堀川,426
2020-W44,三条堀川,三条新町,428
2020-W44,一条車屋町,二条車屋町,373
2020-W44,一条車屋町,一条烏丸,511
2020-W44,一条烏丸,一条車屋町,541
2020-W44,二条烏丸,一条烏丸,570
2020-W44,一条烏丸,二条烏丸,565
2020-W44,一条烏丸,一条室町,395
2020-W44,一条室町,一条烏丸,394
2020-W44,二条車屋町,一条車屋町,376
2020-W44,二条室町,一条室町,434
2020-W44,一条室町,一条新町,247
2020-W44,一条新町,一条室町,230
2020-W44,二条新町,一条新町,192
2020-W44,一条新町,二条新町,205
2020-W44,一条新町,一条堀川,82
2020-W44,一条堀川,一条新町,101
2020-W44,二条堀川,一条堀川,101
2020-W44,一条室町,二条室町,441
2020-W44,二条堀川,三条堀川,285
2020-W44,一条堀川,二条堀川,72
2020-W44,二条堀川,二条新町,251
2020-W44,四条堀川,三条堀川,463
2020-W44,三条堀川,四条堀川,442
2020-W44,三条車屋町,二条車屋町,574
2020-W44,二条車屋町,三条車屋町,551
2020-W44,二条車屋町,二条烏丸,794
2020-W44,三条堀川,二条堀川,272
2020-W44,三条烏丸,二条烏丸,693
2020-W44,二条烏丸,三条烏丸,704
2020-W44,二条烏丸,二条車屋町,748
2020-W44,二条室町,二条烏丸,550
2020-W44,三条室町,二条室町,538
2020-W44,二条室町,三条室町,545
2020-W44,二条室町,二条新町,358
2020-W44,二条新町,二条室町,380
2020-W44,三条新町,二条新町,418
2020-W44,二条新町,三条新町,426
2020-W44,二条新町,二条堀川,263
2020-W44,二条烏丸,二条室町,568
2020-W45,四条新町,五条新町,790
2020-W45,三条車屋町,四条車屋町,815
2020-W45,四条新町,四条堀川,633
2020-W45,四条堀川,四条新町,636
2020-W45,五条堀川,四条堀川,654
2020-W45,四条堀川,五条堀川,684
2020-W45,四条車屋町,三条車屋町,809
2020-W45,三条車屋町,三条烏丸,964
2020-W45,三条新町,三条室町,640
2020-W45,四条烏丸,三条烏丸,994
2020-W45,三条烏丸,四条烏丸,983
2020-W45,三条烏丸,三条室町,755
2020-W45,三条室町,三条烏丸,778
2020-W45,四条室町,三条室町,838
2020-W45,三条室町,四条室町,842
2020-W45,三条室町,三条新町,665
2020-W45,五条新町,四条新町,778
2020-W45,三条烏丸,三条車屋町,948
2020-W45,四条新町,四条室町,788
2020-W45,五条車屋町,五条烏丸,1005
2020-W45,四条室町,五条室町,969
2020-W45,四条新町,三条新町,683
2020-W45,五条烏丸,五条車屋町,1001
2020-W45,五条烏丸,五条室町,845
2020-W45,五条室町,五条烏丸,848
2020-W45,五条室町,五条新町,649
2020-W45,五条新町,五条室町,615
2020-W45,五条新町,五条堀川,516
2020-W45,五条堀川,五条新町,509
2020-W45,五条車屋町,四条車屋町,943
2020-W45,四条車屋町,五条車屋町,946
2020-W45,四条車屋町,四条烏丸,1103
2020-W45,四条烏丸,四条車屋町,1132
2020-W45,五条烏丸,四条烏丸,1088
2020-W45,四条烏丸,五条烏丸,1123
2020-W45,四条烏丸,四条室町,932
2020-W45,四条室町,四条烏丸,933
2020-W45,五条室町,四条室町,964
2020-W45,四条室町,四条新町,780
2020-W45,三条新町,四条新町,664
2020-W45,二条室町,一条室町,474
2020-W45,三条堀川,三条新町,464
2020-W45,一条車屋町,二条車屋町,493
2020-W45,一条車屋町,一条烏丸,604
2020-W45,一条烏丸,一条車屋町,623
2020-W45,二条烏丸,一条烏丸,651
2020-W45,一条烏丸,二条烏丸,636
2020-W45,一条烏丸,一条室町,503
2020-W45,一条室町,一条烏丸,510
2020-W45,二条車屋町,一条車屋町,479
2020-W45,一条室町,二条室町,473
2020-W45,一条新町,一条室町,313
2020-W45,二条新町,一条新町,256
2020-W45,一条新町,二条新町,260
2020-W45,一条新町,一条堀川,158
2020-W45,一条堀川,一条新町,134
2020-W45,二条堀川,一条堀川,201
2020-W45,一条堀川,二条堀川,199
2020-W45,一条室町,一条新町,311
2020-W45,二条堀川,三条堀川,363
2020-W45,三条新町,三条堀川,440
2020-W45,二条堀川,二条新町,312
2020-W45,三条堀川,二条堀川,323
2020-W45,三条堀川,四条堀川,471
2020-W45,三条車屋町,二条車屋町,648
2020-W45,二条車屋町,三条車屋町,636
2020-W45,二条車屋町,二条烏丸,829
2020-W45,二条烏丸,二条車屋町,812
2020-W45,三条烏丸,二条烏丸,800
2020-W45,二条烏丸,三条烏丸,820
2020-W45,二条烏丸,二条室町,632
2020-W45,四条堀川,三条堀川,453
2020-W45,二条室町,二条烏丸,639
2020-W45,三条室町,二条室町,606
2020-W45,二条室町,三条室町,612
2020-W45,二条室町,二条新町,460
2020-W45,二条新町,二条室町,472
2020-W45,三条新町,二条新町,425
2020-W45,二条新町,三条新町,432
2020-W45,二条新町,二条堀川,302
2020-W46,四条新町,四条堀川,793
2020-W46,四条堀川,四条新町,787
2020-W46,五条堀川,四条堀川,759
2020-W46,四条堀川,五条堀川,786
2020-W46,四条車屋町,三条車屋町,944
2020-W46,三条車屋町,四条車屋町,943
2020-W46,三条車屋町,三条烏丸,1135
2020-W46,三条新町,三条室町,788
2020-W46,四条烏丸,三条烏丸,1112
2020-W46,三条烏丸,四条烏丸,1073
2020-W46,三条烏丸,三条室町,958
2020-W46,三条室町,三条烏丸,951
2020-W46,四条室町,三条室町,987
2020-W46,三条室町,四条室町,1001
2020-W46,三条室町,三条新町,800
2020-W46,四条新町,五条新町,949
2020-W46,三条烏丸,三条車屋町,1137
2020-W46,五条新町,四条新町,947
2020-W46,四条車屋町,四条烏丸,1303
2020-W46,四条室町,四条新町,950
2020-W46,四条新町,三条新町,767
2020-W46,五条烏丸,五条車屋町,1128
2020-W46,五条烏丸,五条室町,964
2020-W46,五条室町,五条烏丸,978
2020-W46,五条室町,五条新町,777
2020-W46,五条新町,五条室町,768
2020-W46,五条新町,五条堀川,617
2020-W46,五条堀川,五条新町,618
2020-W46,五条車屋町,四条車屋町,1111
2020-W46,四条車屋町,五条車屋町,1110
2020-W46,四条烏丸,四条車屋町,1293
2020-W46,五条烏丸,四条烏丸,1251
2020-W46,四条烏丸,五条烏丸,1261
2020-W46,四条烏丸,四条室町,1100
2020-W46,四条室町,四条烏丸,1075
2020-W46,五条室町,四条室町,1096
2020-W46,四条室町,五条室町,1088
2020-W46,四条新町,四条室町,971
2020-W46,五条車屋町,五条烏丸,1095
2020-W46,三条新町,四条新町,764
2020-W46,三条堀川,三条新町,636
2020-W46,一条車屋町,二条車屋町,631
2020-W46,一条車屋町,一条烏丸,814
2020-W46,一条烏丸,一条車屋町,797
2020-W46,二条烏丸,一条烏丸,817
2020-W46,一条烏丸,二条烏丸,812
2020-W46,一条烏丸,一条室町,606
2020-W46,一条室町,一条烏丸,614
2020-W46,二条室町,一条室町,638
2020-W46,一条室町,二条室町,637
2020-W46,一条室町,一条新町,465
2020-W46,一条新町,一条室町,456
2020-W46,二条新町,一条新町,507
2020-W46,一条新町,二条新町,524
2020-W46,一条新町,一条堀川,295
2020-W46,一条堀川,一条新町,308
2020-W46,二条堀川,一条堀川,335
2020-W46,三条新町,三条堀川,643
2020-W46,二条車屋町,一条車屋町,652
2020-W46,二条堀川,三条堀川,474
2020-W46,一条堀川,二条堀川,313
2020-W46,二条堀川,二条新町,505
2020-W46,三条堀川,二条堀川,478
2020-W46,三条堀川,四条堀川,658
2020-W46,三条車屋町,二条車屋町,781
2020-W46,二条車屋町,三条車屋町,774
2020-W46,二条車屋町,二条烏丸,972
2020-W46,二条烏丸,二条車屋町,975
2020-W46,三条烏丸,二条烏丸,955
2020-W46,二条烏丸,三条烏丸,969
2020-W46,四条堀川,三条堀川,664
2020-W46,二条室町,二条烏丸,787
2020-W46,三条室町,二条室町,763
2020-W46,二条室町,三条室町,766
2020-W46,二条室町,二条新町,602
2020-W46,二条新町,二条室町,615
2020-W46,三条新町,二条新町,601
2020-W46,二条新町,三条新町,620
2020-W46,二条新町,二条堀川,522
2020-W46,二条烏丸,二条室町,774
2020-W47,三条車屋町,四条車屋町,1075
2020-W47,四条新町,五条新町,1064
2020-W47,四条新町,四条堀川,871
2020-W47,四条堀川,四条新町,902
2020-W47,五条堀川,四条堀川,939
2020-W47,四条堀川,五条堀川,927
2020-W47,四条車屋町,三条車屋町,1090
2020-W47,三条車屋町,三条烏丸,1217
2020-W47,五条新町,四条新町,1028
2020-W47,四条烏丸,三条烏丸,1247
2020-W47,三条烏丸,四条烏丸,1269
2020-W47,三条烏丸,三条室町,1063
2020-W47,三条室町,三条烏丸,1052
2020-W47,四条室町,三条室町,1073
2020-W47,三条室町,四条室町,1068
2020-W47,三条室町,三条新町,927
2020-W47,三条新町,三条室町,914
2020-W47,三条烏丸,三条車屋町,1227
2020-W47,四条新町,四条室町,1062
2020-W47,四条新町,三条新町,917
2020-W47,四条室町,五条室町,1252
2020-W47,五条車屋町,五条烏丸,1225
2020-W47,五条烏丸,五条車屋町,1221
2020-W47,五条烏丸,五条室町,1090
2020-W47,五条室町,五条烏丸,1094
2020-W47,五条室町,五条新町,902
2020-W47,五条新町,五条室町,927
2020-W47,五条新町,五条堀川,733
2020-W47,五条堀川,五条新町,732
2020-W47,五条車屋町,四条車屋町,1230
2020-W47,四条車屋町,五条車屋町,1232
2020-W47,四条車屋町,四条烏丸,1365
2020-W47,四条烏丸,四条車屋町,1397
2020-W47,五条烏丸,四条烏丸,1431
2020-W47,四条烏丸,五条烏丸,1419
2020-W47,四条烏丸,四条室町,1278
2020-W47,四条室町,四条烏丸,1254
2020-W47,五条室町,四条室町,1234
2020-W47,四条室町,四条新町,1052
2020-W47,三条新町,四条新町,922
2020-W47,一条堀川,二条堀川,415
2020-W47,三条堀川,三条新町,701
2020-W47,一条車屋町,二条車屋町,746
2020-W47,一条車屋町,一条烏丸,961
2020-W47,一条烏丸,一条車屋町,920
2020-W47,二条烏丸,一条烏丸,915
2020-W47,一条烏丸,二条烏丸,918
2020-W47,一条烏丸,一条室町,750
2020-W47,一条室町,一条烏丸,755
2020-W47,二条車屋町,一条車屋町,735
2020-W47,二条室町,一条室町,793
2020-W47,一条室町,一条新町,581
2020-W47,一条新町,一条室町,573
2020-W47,二条新町,一条新町,557
2020-W47,一条新町,二条新町,576
2020-W47,一条新町,一条堀川,415
2020-W47,一条堀川,一条新町,435
2020-W47,二条堀川,一条堀川,437
2020-W47,一条室町,二条室町,762
2020-W47,二条堀川,三条堀川,595
2020-W47,三条新町,三条堀川,680
2020-W47,二条堀川,二条新町,566
2020-W47,四条堀川,三条堀川,777
2020-W47,三条堀川,四条堀川,769
2020-W47,三条車屋町,二条車屋町,972
2020-W47,二条車屋町,三条車屋町,938
2020-W47,二条車屋町,二条烏丸,1082
2020-W47,三条堀川,二条堀川,622
2020-W47,三条烏丸,二条烏丸,1130
2020-W47,二条烏丸,三条烏丸,1131
2020-W47,二条烏丸,二条車屋町,1083
2020-W47,二条室町,二条烏丸,882
2020-W47,三条室町,二条室町,895
2020-W47,二条室町,三条室町,924
2020-W47,二条室町,二条新町,748
2020-W47,二条新町,二条室町,747
2020-W47,三条新町,二条新町,725
2020-W47,二条新町,三条新町,723
2020-W47,二条新町,二条堀川,513
2020-W47,二条烏丸,二条室町,899
2020-W48,四条新町,四条堀川,959
2020-W48,四条堀川,四条新町,958
2020-W48,五条堀川,四条堀川,997
2020-W48,四条堀川,五条堀川,1016
2020-W48,四条車屋町,三条車屋町,1139
2020-W48,三条車屋町,四条車屋町,1122
2020-W48,三条車屋町,三条烏丸,1279
2020-W48,三条新町,三条室町,953
2020-W48,四条烏丸,三条烏丸,1227
2020-W48,三条烏丸,四条烏丸,1265
2020-W48,三条烏丸,三条室町,1118
2020-W48,三条室町,三条烏丸,1152
2020-W48,四条室町,三条室町,1096
2020-W48,三条室町,四条室町,1095
2020-W48,三条室町,三条新町,954
2020-W48,四条新町,五条新町,1107
2020-W48,三条烏丸,三条車屋町,1273
2020-W48,五条新町,四条新町,1083
2020-W48,四条車屋町,四条烏丸,1396
2020-W48,四条室町,四条新町,1116
2020-W48,四条新町,三条新町,929
2020-W48,五条烏丸,五条車屋町,1307
2020-W48,五条烏丸,五条室町,1121
2020-W48,五条室町,五条烏丸,1140
2020-W48,五条室町,五条新町,983
2020-W48,五条新町,五条室町,975
2020-W48,五条新町,五条堀川,809
2020-W48,五条堀川,五条新町,816
2020-W48,五条車屋町,四条車屋町,1263
2020-W48,四条車屋町,五条車屋町,1275
2020-W48,四条烏丸,四条車屋町,1419
2020-W48,五条烏丸,四条烏丸,1431
2020-W48,四条烏丸,五条烏丸,1419
2020-W48,四条烏丸,四条室町,1265
2020-W48,四条室町,四条烏丸,1267
2020-W48,五条室町,四条室町,1269
2020-W48,四条室町,五条室町,1294
2020-W48,四条新町,四条室町,1088
2020-W48,三条新町,四条新町,920
2020-W48,五条車屋町,五条烏丸,1324
2020-W48,三条堀川,三条新町,801
2020-W48,一条車屋町,二条車屋町,788
2020-W48,一条車屋町,一条烏丸,919
2020-W48,一条烏丸,一条車屋町,918
2020-W48,二条烏丸,一条烏丸,952
2020-W48,一条烏丸,二条烏丸,958
2020-W48,一条烏丸,一条室町,799
2020-W48,一条室町,一条烏丸,808
2020-W48,二条室町,一条室町,773
2020-W48,一条室町,二条室町,789
2020-W48,一条室町,一条新町,603
2020-W48,一条新町,一条室町,627
2020-W48,二条新町,一条新町,594
2020-W48,一条新町,二条新町,601
2020-W48,一条新町,一条堀川,478
2020-W48,一条堀川,一条新町,462
2020-W48,二条堀川,一条堀川,453
2020-W48,一条堀川,二条堀川,454
2020-W48,二条車屋町,一条車屋町,789
2020-W48,二条堀川,三条堀川,653
2020-W48,三条新町,三条堀川,795
2020-W48,二条堀川,二条新町,606
2020-W48,四条堀川,三条堀川,797
2020-W48,三条堀川,四条堀川,801
2020-W48,三条車屋町,二条車屋町,950
2020-W48,二条車屋町,三条車屋町,941
2020-W48,二条車屋町,二条烏丸,1134
2020-W48,三条堀川,二条堀川,677
2020-W48,三条烏丸,二条烏丸,1097
2020-W48,二条烏丸,三条烏丸,1091
2020-W48,二条烏丸,二条車屋町,1120
2020-W48,二条室町,二条烏丸,963
2020-W48,三条室町,二条室町,975
2020-W48,二条室町,三条室町,977
2020-W48,二条室町,二条新町,802
2020-W48,二条新町,二条室町,798
2020-W48,三条新町,二条新町,760
2020-W48,二条新町,三条新町,790
2020-W48,二条新町,二条堀川,655
2020-W48,二条烏丸,二条室町,965
2020-W49,四条新町,四条堀川,903
2020-W49,四条堀川,四条新町,896
2020-W49,五条堀川,四条堀川,930
2020-W49,四条堀川,五条堀川,923
2020-W49,四条車屋町,三条車屋町,1047
2020-W49,三条車屋町,四条車屋町,1056
2020-W49,三条車屋町,三条烏丸,1251
2020-W49,三条新町,三条室町,918
2020-W49,四条烏丸,三条烏丸,1256
2020-W49,三条烏丸,四条烏丸,1249
2020-W49,三条烏丸,三条室町,1081
2020-W49,三条室町,三条烏丸,1102
2020-W49,四条室町,三条室町,1042
2020-W49,三条室町,四条室町,1061
2020-W49,三条室町,三条新町,898
2020-W49,四条新町,五条新町,1052
2020-W49,三条烏丸,三条車屋町,1262
2020-W49,五条新町,四条新町,1044
2020-W49,四条車屋町,四条烏丸,1369
2020-W49,四条室町,四条新町,1094
2020-W49,四条新町,三条新町,903
2020-W49,五条烏丸,五条車屋町,1237
2020-W49,五条烏丸,五条室町,1060
2020-W49,五条室町,五条烏丸,1065
2020-W49,五条室町,五条新町,896
2020-W49,五条新町,五条室町,926
2020-W49,五条新町,五条堀川,717
2020-W49,五条堀川,五条新町,738
2020-W49,五条車屋町,四条車屋町,1248
2020-W49,四条車屋町,五条車屋町,1240
2020-W49,四条烏丸,四条車屋町,1386
2020-W49,五条烏丸,四条烏丸,1389
2020-W49,四条烏丸,五条烏丸,1407
2020-W49,四条烏丸,四条室町,1213
2020-W49,四条室町,四条烏丸,1242
2020-W49,五条室町,四条室町,1245
2020-W49,四条室町,五条室町,1247
2020-W49,四条新町,四条室町,1075
2020-W49,三条新町,四条新町,899
2020-W49,五条車屋町,五条烏丸,1234
2020-W49,三条堀川,三条新町,739
2020-W49,一条車屋町,二条車屋町,779
2020-W49,一条車屋町,一条烏丸,927
2020-W49,一条烏丸,一条車屋町,940
2020-W49,二条烏丸,一条烏丸,894
2020-W49,一条烏丸,二条烏丸,901
2020-W49,一条烏丸,一条室町,806
2020-W49,一条室町,一条烏丸,811
2020-W49,二条室町,一条室町,718
2020-W49,一条室町,二条室町,710
2020-W49,一条室町,一条新町,579
2020-W49,一条新町,一条室町,561
2020-W49,二条新町,一条新町,583
2020-W49,一条新町,二条新町,594
2020-W49,一条新町,一条堀川,463
2020-W49,一条堀川,一条新町,447
2020-W49,二条堀川,一条堀川,462
2020-W49,一条堀川,二条堀川,455
2020-W49,二条車屋町,一条車屋町,773
2020-W49,二条堀川,三条堀川,590
2020-W49,三条新町,三条堀川,760
2020-W49,二条堀川,二条新町,584
2020-W49,三条堀川,二条堀川,593
2020-W49,四条堀川,三条堀川,726
2020-W49,三条堀川,四条堀川,733
2020-W49,三条車屋町,二条車屋町,913
2020-W49,二条車屋町,三条車屋町,920
2020-W49,二条烏丸,二条車屋町,1011
2020-W49,三条烏丸,二条烏丸,1055
2020-W49,二条烏丸,三条烏丸,1061
2020-W49,二条車屋町,二条烏丸,998
2020-W49,二条室町,二条烏丸,918
2020-W49,三条室町,二条室町,918
2020-W49,二条室町,三条室町,895
2020-W49,二条新町,二条堀川,580
2020-W49,二条室町,二条新町,745
2020-W49,二条新町,二条室町,743
2020-W49,三条新町,二条新町,777
2020-W49,二条新町,三条新町,792
2020-W49,二条烏丸,二条室町,926
2020-W50,四条新町,五条新町,919
2020-W50,四条新町,四条堀川,696
2020-W50,四条堀川,四条新町,722
2020-W50,五条堀川,四条堀川,779
2020-W50,四条堀川,五条堀川,770
2020-W50,四条車屋町,三条車屋町,980
2020-W50,三条車屋町,四条車屋町,958
2020-W50,三条車屋町,三条烏丸,1095
2020-W50,三条室町,三条烏丸,935
2020-W50,四条烏丸,三条烏丸,1123
2020-W50,三条烏丸,四条烏丸,1119
2020-W50,三条烏丸,三条室町,924
2020-W50,四条室町,三条室町,919
2020-W50,三条室町,四条室町,928
2020-W50,三条室町,三条新町,795
2020-W50,三条新町,三条室町,778
2020-W50,三条烏丸,三条車屋町,1115
2020-W50,五条新町,四条新町,911
2020-W50,四条新町,三条新町,826
2020-W50,四条室町,四条新町,929
2020-W50,五条烏丸,五条車屋町,1132
2020-W50,五条烏丸,五条室町,968
2020-W50,五条室町,五条烏丸,956
2020-W50,五条室町,五条新町,782
2020-W50,五条新町,五条室町,770
2020-W50,五条新町,五条堀川,602
2020-W50,五条堀川,五条新町,602
2020-W50,五条車屋町,四条車屋町,1129
2020-W50,四条車屋町,五条車屋町,1127
2020-W50,四条車屋町,四条烏丸,1264
2020-W50,四条烏丸,四条車屋町,1280
2020-W50,五条烏丸,四条烏丸,1252
2020-W50,四条烏丸,五条烏丸,1267
2020-W50,四条烏丸,四条室町,1150
2020-W50,四条室町,四条烏丸,1128
2020-W50,五条室町,四条室町,1096
2020-W50,四条室町,五条室町,1076
2020-W50,四条新町,四条室町,940
2020-W50,三条新町,四条新町,807
2020-W50,五条車屋町,五条烏丸,1120
2020-W50,三条堀川,三条新町,607
2020-W50,一条車屋町,二条車屋町,669
2020-W50,一条車屋町,一条烏丸,795
2020-W50,一条烏丸,一条車屋町,773
2020-W50,二条烏丸,一条烏丸,770
2020-W50,一条烏丸,二条烏丸,765
2020-W50,一条烏丸,一条室町,616
2020-W50,一条室町,一条烏丸,626
2020-W50,二条室町,一条室町,621
2020-W50,一条室町,二条室町,602
2020-W50,一条室町,一条新町,440
2020-W50,一条新町,一条室町,449
2020-W50,二条新町,一条新町,461
2020-W50,一条新町,二条新町,468
2020-W50,一条新町,一条堀川,327
2020-W50,一条堀川,一条新町,314
2020-W50,二条堀川,一条堀川,321
2020-W50,一条堀川,二条堀川,325
2020-W50,二条車屋町,一条車屋町,663
2020-W50,二条堀川,三条堀川,441
2020-W50,三条新町,三条堀川,594
2020-W50,二条堀川,二条新町,480
2020-W50,四条堀川,三条堀川,594
2020-W50,三条堀川,四条堀川,596
2020-W50,三条車屋町,二条車屋町,754
2020-W50,二条車屋町,三条車屋町,748
2020-W50,二条車屋町,二条烏丸,927
2020-W50,二条烏丸,二条車屋町,964
2020-W50,三条烏丸,二条烏丸,920
2020-W50,二条烏丸,三条烏丸,937
2020-W50,三条堀川,二条堀川,446
2020-W50,二条室町,二条烏丸,856
2020-W50,三条室町,二条室町,782
2020-W50,二条室町,三条室町,796
2020-W50,二条室町,二条新町,591
2020-W50,二条新町,二条室町,618
2020-W50,三条新町,二条新町,589
2020-W50,二条新町,三条新町,601
2020-W50,二条新町,二条堀川,485
2020-W50,二条烏丸,二条室町,912
2020-W51,四条車屋町,三条車屋町,801
2020-W51,四条堀川,五条堀川,629
2020-W51,四条新町,五条新町,805
2020-W51,四条堀川,四条新町,637
2020-W51,四条新町,四条堀川,623
2020-W51,三条車屋町,四条車屋町,819
2020-W51,五条堀川,四条堀川,644
2020-W51,三条車屋町,三条烏丸,940
2020-W51,三条室町,三条烏丸,837
2020-W51,三条烏丸,四条烏丸,916
2020-W51,三条烏丸,三条室町,836
2020-W51,四条室町,三条室町,815
2020-W51,三条室町,四条室町,794
2020-W51,三条室町,三条新町,649
2020-W51,三条新町,三条室町,636
2020-W51,五条新町,四条新町,797
2020-W51,四条烏丸,三条烏丸,959
2020-W51,四条新町,四条室町,792
2020-W51,四条車屋町,五条車屋町,975
2020-W51,四条室町,五条室町,959
2020-W51,五条車屋町,五条烏丸,981
2020-W51,五条烏丸,五条車屋町,974
2020-W51,五条烏丸,五条室町,791
2020-W51,五条室町,五条烏丸,799
2020-W51,五条室町,五条新町,625
2020-W51,五条新町,五条室町,643
2020-W51,五条新町,五条堀川,461
2020-W51,五条堀川,五条新町,465
2020-W51,五条車屋町,四条車屋町,962
2020-W51,四条新町,三条新町,600
2020-W51,四条車屋町,四条烏丸,1118
2020-W51,四条烏丸,四条車屋町,1113
2020-W51,五条烏丸,四条烏丸,1166
2020-W51,四条烏丸,五条烏丸,1144
2020-W51,四条烏丸,四条室町,963
2020-W51,四条室町,四条烏丸,977
2020-W51,五条室町,四条室町,957
2020-W51,四条室町,四条新町,780
2020-W51,三条新町,四条新町,639
2020-W51,三条烏丸,三条車屋町,938
2020-W51,三条堀川,三条新町,511
2020-W51,一条車屋町,二条車屋町,452
2020-W51,一条車屋町,一条烏丸,618
2020-W51,一条烏丸,一条車屋町,639
2020-W51,二条烏丸,一条烏丸,594
2020-W51,一条烏丸,二条烏丸,618
2020-W51,一条烏丸,一条室町,425
2020-W51,一条室町,一条烏丸,450
2020-W51,二条室町,一条室町,432
2020-W51,一条室町,二条室町,447
2020-W51,一条室町,一条新町,307
2020-W51,一条新町,一条室町,321
2020-W51,二条新町,一条新町,319
2020-W51,一条新町,二条新町,340
2020-W51,一条新町,一条堀川,148
2020-W51,一条堀川,一条新町,145
2020-W51,二条堀川,一条堀川,159
2020-W51,三条新町,三条堀川,523
2020-W51,二条車屋町,一条車屋町,456
2020-W51,二条堀川,三条堀川,318
2020-W51,一条堀川,二条堀川,168
2020-W51,二条堀川,二条新町,377
2020-W51,三条堀川,二条堀川,336
2020-W51,三条堀川,四条堀川,482
2020-W51,三条車屋町,二条車屋町,645
2020-W51,二条車屋町,三条車屋町,669
2020-W51,二条車屋町,二条烏丸,809
2020-W51,二条烏丸,二条車屋町,807
2020-W51,三条烏丸,二条烏丸,828
2020-W51,二条烏丸,三条烏丸,794
2020-W51,二条烏丸,二条室町,607
2020-W51,四条堀川,三条堀川,494
2020-W51,二条室町,二条烏丸,623
2020-W51,三条室町,二条室町,631
2020-W51,二条室町,三条室町,616
2020-W51,二条室町,二条新町,478
2020-W51,二条新町,二条室町,466
2020-W51,三条新町,二条新町,491
2020-W51,二条新町,三条新町,473
2020-W51,二条新町,二条堀川,360
2020-W52,四条新町,五条新町,747
2020-W52,四条新町,四条堀川,535
2020-W52,四条堀川,四条新町,536
2020-W52,五条堀川,四条堀川,539
2020-W52,四条堀川,五条堀川,544
2020-W52,四条車屋町,三条車屋町,746
2020-W52,三条車屋町,四条車屋町,737
2020-W52,三条車屋町,三条烏丸,869
2020-W52,三条烏丸,四条烏丸,554
2020-W52,四条烏丸,三条烏丸,574
2020-W52,三条新町,三条室町,548
2020-W52,三条烏丸,三条室町,755
2020-W52,三条室町,三条烏丸,726
2020-W52,四条室町,三条室町,669
2020-W52,三条室町,四条室町,663
2020-W52,三条室町,三条新町,572
2020-W52,五条新町,四条新町,749
2020-W52,三条烏丸,三条車屋町,857
2020-W52,四条新町,四条室町,733
2020-W52,五条車屋町,五条烏丸,870
2020-W52,四条室町,五条室町,840
2020-W52,四条新町,三条新町,606
2020-W52,五条烏丸,五条車屋町,872
2020-W52,五条烏丸,五条室町,728
2020-W52,五条室町,五条烏丸,721
2020-W52,五条室町,五条新町,512
2020-W52,五条新町,五条室町,547
2020-W52,五条新町,五条堀川,378
2020-W52,五条堀川,五条新町,355
2020-W52,五条車屋町,四条車屋町,885
2020-W52,四条車屋町,五条車屋町,897
2020-W52,四条車屋町,四条烏丸,656
2020-W52,四条烏丸,四条車屋町,669
2020-W52,五条烏丸,四条烏丸,678
2020-W52,四条烏丸,五条烏丸,667
2020-W52,四条烏丸,四条室町,506
2020-W52,四条室町,四条烏丸,529
2020-W52,五条室町,四条室町,812
2020-W52,四条室町,四条新町,736
2020-W52,三条新町,四条新町,593
2020-W52,一条室町,一条烏丸,390
2020-W52,三条堀川,三条新町,371
2020-W52,一条車屋町,二条車屋町,381
2020-W52,一条車屋町,一条烏丸,537
2020-W52,一条烏丸,一条車屋町,538
2020-W52,二条烏丸,一条烏丸,586
2020-W52,一条烏丸,二条烏丸,551
2020-W52,一条烏丸,一条室町,386
2020-W52,二条室町,一条室町,421
2020-W52,二条車屋町,一条車屋町,409
2020-W52,一条室町,二条室町,420
2020-W52,一条新町,一条室町,260
2020-W52,二条新町,一条新町,236
2020-W52,一条新町,二条新町,226
2020-W52,一条新町,一条堀川,77
2020-W52,一条堀川,一条新町,84
2020-W52,二条堀川,一条堀川,71
2020-W52,三条新町,三条堀川,389
2020-W52,一条室町,一条新町,259
2020-W52,二条堀川,三条堀川,245
2020-W52,一条堀川,二条堀川,83
2020-W52,二条堀川,二条新町,204
2020-W52,三条堀川,二条堀川,231
2020-W52,四条堀川,三条堀川,356
2020-W52,三条堀川,四条堀川,347
2020-W52,三条車屋町,二条車屋町,600
2020-W52,二条車屋町,三条車屋町,603
2020-W52,二条烏丸,二条車屋町,751
2020-W52,三条烏丸,二条烏丸,698
2020-W52,二条烏丸,三条烏丸,712
2020-W52,二条車屋町,二条烏丸,762
2020-W52,二条室町,二条烏丸,545
2020-W52,三条室町,二条室町,587
2020-W52,二条室町,三条室町,570
2020-W52,二条新町,二条堀川,227
2020-W52,二条室町,二条新町,426
2020-W52,二条新町,二条室町,414
2020-W52,三条新町,二条新町,454
2020-W52,二条烏丸,二条室町,577
2020-W52,二条新町,三条新町,427
2020-W53,四条新町,四条堀川,523
2020-W53,四条堀川,四条新町,566
2020-W53,五条堀川,四条堀川,545
2020-W53,四条堀川,五条堀川,558
2020-W53,四条車屋町,三条車屋町,754
2020-W53,三条車屋町,四条車屋町,761
2020-W53,三条車屋町,三条烏丸,866
2020-W53,三条新町,三条室町,544
2020-W53,四条烏丸,三条烏丸,38
2020-W53,三条烏丸,四条烏丸,38
2020-W53,三条烏丸,三条室町,768
2020-W53,三条室町,三条烏丸,732
2020-W53,四条室町,三条室町,728
2020-W53,三条室町,四条室町,720
2020-W53,三条室町,三条新町,532
2020-W53,四条新町,五条新町,702
2020-W53,三条烏丸,三条車屋町,862
2020-W53,五条新町,四条新町,702
2020-W53,四条車屋町,四条烏丸,48
2020-W53,四条室町,四条新町,725
2020-W53,四条新町,三条新町,515
2020-W53,五条烏丸,五条車屋町,910
2020-W53,五条烏丸,五条室町,778
2020-W53,五条室町,五条烏丸,785
2020-W53,五条室町,五条新町,558
2020-W53,五条新町,五条室町,543
2020-W53,五条新町,五条堀川,374
2020-W53,五条堀川,五条新町,384
2020-W53,五条車屋町,四条車屋町,914
2020-W53,四条車屋町,五条車屋町,909
2020-W53,四条烏丸,四条車屋町,46
2020-W53,五条烏丸,四条烏丸,51
2020-W53,四条烏丸,五条烏丸,49
2020-W53,四条烏丸,四条室町,39
2020-W53,四条室町,四条烏丸,39
2020-W53,五条室町,四条室町,864
2020-W53,四条室町,五条室町,878
2020-W53,四条新町,四条室町,709
2020-W53,三条新町,四条新町,520
2020-W53,五条車屋町,五条烏丸,917
2020-W53,三条堀川,三条新町,468
2020-W53,一条車屋町,二条車屋町,427
2020-W53,一条車屋町,一条烏丸,550
2020-W53,一条烏丸,一条車屋町,563
2020-W53,二条烏丸,一条烏丸,560
2020-W53,一条烏丸,二条烏丸,547
2020-W53,一条烏丸,一条室町,433
2020-W53,一条室町,一条烏丸,420
2020-W53,二条室町,一条室町,441
2020-W53,一条室町,二条室町,417
2020-W53,一条室町,一条新町,209
2020-W53,一条新町,一条室町,208
2020-W53,二条新町,一条新町,267
2020-W53,一条新町,二条新町,249
2020-W53,一条新町,一条堀川,65
2020-W53,一条堀川,一条新町,51
2020-W53,二条堀川,一条堀川,106
2020-W53,一条堀川,二条堀川,124
2020-W53,二条車屋町,一条車屋町,456
2020-W53,二条堀川,三条堀川,204
2020-W53,三条新町,三条堀川,462
2020-W53,二条堀川,二条新町,220
2020-W53,三条堀川,二条堀川,194
2020-W53,四条堀川,三条堀川,432
2020-W53,三条堀川,四条堀川,414
2020-W53,三条車屋町,二条車屋町,560
2020-W53,二条車屋町,三条車屋町,548
2020-W53,二条烏丸,二条車屋町,673
2020-W53,三条烏丸,二条烏丸,711
2020-W53,二条烏丸,三条烏丸,724
2020-W53,二条車屋町,二条烏丸,691
2020-W53,二条室町,二条烏丸,552
2020-W53,三条室町,二条室町,550
2020-W53,二条室町,三条室町,535
2020-W53,二条新町,二条堀川,204
2020-W53,二条室町,二条新町,376
2020-W53,二条新町,二条室町,354
2020-W53,三条新町,二条新町,406
2020-W53,二条新町,三条新町,396
2020-W53,二条烏丸,二条室町,567
2021-W01,五条新町,四条新町,811
2021-W01,四条車屋町,三条車屋町,845
2021-W01,四条堀川,五条堀川,656
2021-W01,四条新町,五条新町,801
2021-W01,四条堀川,四条新町,686
2021-W01,四条新町,四条堀川,694
2021-W01,三条車屋町,四条車屋町,840
2021-W01,五条堀川,四条堀川,634
2021-W01,三条車屋町,三条烏丸,949
2021-W01,三条烏丸,三条室町,814
2021-W01,四条烏丸,三条烏丸,48
2021-W01,三条烏丸,四条烏丸,47
2021-W01,三条室町,三条烏丸,786
2021-W01,四条室町,三条室町,805
2021-W01,三条室町,四条室町,808
2021-W01,三条室町,三条新町,655
2021-W01,三条新町,三条室町,649
2021-W01,三条烏丸,三条車屋町,979
2021-W01,四条新町,四条室町,785
2021-W01,四条新町,三条新町,642
2021-W01,四条室町,五条室町,949
2021-W01,五条車屋町,五条烏丸,953
2021-W01,五条烏丸,五条車屋町,953
2021-W01,五条烏丸,五条室町,809
2021-W01,五条室町,五条烏丸,852
2021-W01,五条室町,五条新町,625
2021-W01,五条新町,五条室町,611
2021-W01,五条新町,五条堀川,528
2021-W01,五条堀川,五条新町,509
2021-W01,五条車屋町,四条車屋町,994
2021-W01,四条車屋町,五条車屋町,974
2021-W01,四条車屋町,四条烏丸,52
2021-W01,四条烏丸,四条車屋町,52
2021-W01,五条烏丸,四条烏丸,50
2021-W01,四条烏丸,五条烏丸,53
2021-W01,四条烏丸,四条室町,44
2021-W01,四条室町,四条烏丸,45
2021-W01,五条室町,四条室町,944
2021-W01,四条室町,四条新町,757
2021-W01,三条新町,四条新町,630
2021-W01,一条堀川,二条堀川,151
2021-W01,三条堀川,三条新町,524
2021-W01,一条車屋町,二条車屋町,487
2021-W01,一条車屋町,一条烏丸,596
2021-W01,一条烏丸,一条車屋町,647
2021-W01,二条烏丸,一条烏丸,698
2021-W01,一条烏丸,二条烏丸,676
2021-W01,一条烏丸,一条室町,478
2021-W01,二条室町,一条室町,510
2021-W01,二条車屋町,一条車屋町,478
2021-W01,一条室町,二条室町,503
2021-W01,一条新町,一条室町,345
2021-W01,二条新町,一条新町,318
2021-W01,一条新町,二条新町,317
2021-W01,一条新町,一条堀川,168
2021-W01,一条堀川,一条新町,150
2021-W01,二条堀川,一条堀川,169
2021-W01,三条新町,三条堀川,494
2021-W01,一条室町,一条新町,380
2021-W01,二条堀川,三条堀川,339
2021-W01,一条室町,一条烏丸,488
2021-W01,二条堀川,二条新町,334
2021-W01,四条堀川,三条堀川,470
2021-W01,三条堀川,二条堀川,356
2021-W01,三条堀川,四条堀川,495
2021-W01,三条車屋町,二条車屋町,651
2021-W01,二条車屋町,三条車屋町,647
2021-W01,二条車屋町,二条烏丸,788
2021-W01,三条烏丸,二条烏丸,845
2021-W01,二条烏丸,三条烏丸,846
2021-W01,二条烏丸,二条室町,662
2021-W01,二条烏丸,二条車屋町,781
2021-W01,三条室町,二条室町,641
2021-W01,二条室町,三条室町,639
2021-W01,二条室町,二条新町,484
2021-W01,二条新町,二条室町,505
2021-W01,三条新町,二条新町,470
2021-W01,二条新町,三条新町,493
2021-W01,二条新町,二条堀川,348
2021-W01,二条室町,二条烏丸,653
2021-W02,三条車屋町,四条車屋町,930
2021-W02,四条車屋町,三条車屋町,930
2021-W02,四条新町,四条堀川,776
2021-W02,五条堀川,四条堀川,814
2021-W02,四条堀川,四条新町,778
2021-W02,三条車屋町,三条烏丸,1164
2021-W02,四条堀川,五条堀川,811
2021-W02,三条烏丸,三条車屋町,1133
2021-W02,三条室町,三条烏丸,957
2021-W02,三条烏丸,四条烏丸,51
2021-W02,三条烏丸,三条室町,962
2021-W02,四条室町,三条室町,988
2021-W02,三条室町,四条室町,986
2021-W02,三条室町,三条新町,783
2021-W02,三条新町,三条室町,802
2021-W02,四条新町,五条新町,944
2021-W02,四条烏丸,三条烏丸,51
2021-W02,五条新町,四条新町,945
2021-W02,四条車屋町,四条烏丸,59
2021-W02,四条室町,四条新町,949
2021-W02,五条烏丸,五条車屋町,1125
2021-W02,五条烏丸,五条室町,998
2021-W02,五条室町,五条烏丸,998
2021-W02,五条室町,五条新町,784
2021-W02,五条新町,五条室町,757
2021-W02,五条新町,五条堀川,630
2021-W02,五条堀川,五条新町,624
2021-W02,五条車屋町,四条車屋町,1077
2021-W02,四条車屋町,五条車屋町,1094
2021-W02,四条新町,三条新町,774
2021-W02,四条烏丸,四条車屋町,59
2021-W02,五条烏丸,四条烏丸,61
2021-W02,四条烏丸,五条烏丸,61
2021-W02,四条烏丸,四条室町,53
2021-W02,四条室町,四条烏丸,52
2021-W02,五条室町,四条室町,1128
2021-W02,四条室町,五条室町,1116
2021-W02,四条新町,四条室町,959
2021-W02,三条新町,四条新町,783
2021-W02,五条車屋町,五条烏丸,1106
2021-W02,三条堀川,三条新町,632
2021-W02,一条車屋町,二条車屋町,630
2021-W02,一条車屋町,一条烏丸,767
2021-W02,一条烏丸,一条車屋町,775
2021-W02,二条烏丸,一条烏丸,796
2021-W02,一条烏丸,二条烏丸,792
2021-W02,一条烏丸,一条室町,629
2021-W02,一条室町,一条烏丸,638
2021-W02,二条室町,一条室町,571
2021-W02,一条室町,二条室町,590
2021-W02,一条室町,一条新町,474
2021-W02,一条新町,一条室町,476
2021-W02,二条新町,一条新町,442
2021-W02,一条新町,二条新町,446
2021-W02,一条新町,一条堀川,331
2021-W02,一条堀川,一条新町,317
2021-W02,二条堀川,一条堀川,321
2021-W02,一条堀川,二条堀川,302
2021-W02,二条車屋町,一条車屋町,641
2021-W02,二条堀川,三条堀川,467
2021-W02,三条新町,三条堀川,624
2021-W02,二条堀川,二条新町,466
2021-W02,三条堀川,二条堀川,442
2021-W02,四条堀川,三条堀川,627
2021-W02,三条堀川,四条堀川,636
2021-W02,三条車屋町,二条車屋町,807
2021-W02,二条車屋町,三条車屋町,792
2021-W02,二条烏丸,二条車屋町,932
2021-W02,三条烏丸,二条烏丸,921
2021-W02,二条烏丸,三条烏丸,927
2021-W02,二条車屋町,二条烏丸,922
2021-W02,二条室町,二条烏丸,765
2021-W02,三条室町,二条室町,815
2021-W02,二条室町,三条室町,812
2021-W02,二条新町,二条堀川,434
2021-W02,二条室町,二条新町,571
2021-W02,二条新町,二条室町,593
2021-W02,三条新町,二条新町,649
2021-W02,二条新町,三条新町,640
2021-W02,二条烏丸,二条室町,745
2021-W03,四条新町,四条堀川,873
2021-W03,四条堀川,四条新町,903
2021-W03,五条堀川,四条堀川,927
2021-W03,四条堀川,五条堀川,911
2021-W03,四条車屋町,三条車屋町,1067
2021-W03,三条車屋町,四条車屋町,1055
2021-W03,三条車屋町,三条烏丸,1216
2021-W03,三条新町,三条室町,880
2021-W03,四条烏丸,三条烏丸,60
2021-W03,三条烏丸,四条烏丸,58
2021-W03,三条烏丸,三条室町,1077
2021-W03,三条室町,三条烏丸,1068
2021-W03,四条室町,三条室町,1050
2021-W03,三条室町,四条室町,1079
2021-W03,三条室町,三条新町,875
2021-W03,四条新町,五条新町,1050
2021-W03,三条烏丸,三条車屋町,1209
2021-W03,五条新町,四条新町,1048
2021-W03,四条車屋町,四条烏丸,67
2021-W03,四条室町,四条新町,1099
2021-W03,四条新町,三条新町,910
2021-W03,五条烏丸,五条車屋町,1292
2021-W03,五条烏丸,五条室町,1054
2021-W03,五条室町,五条烏丸,1041
2021-W03,五条室町,五条新町,881
2021-W03,五条新町,五条室町,898
2021-W03,五条新町,五条堀川,731
2021-W03,五条堀川,五条新町,757
2021-W03,五条車屋町,四条車屋町,1229
2021-W03,四条車屋町,五条車屋町,1228
2021-W03,四条烏丸,四条車屋町,68
2021-W03,五条烏丸,四条烏丸,68
2021-W03,四条烏丸,五条烏丸,68
2021-W03,四条烏丸,四条室町,58
2021-W03,四条室町,四条烏丸,56
2021-W03,五条室町,四条室町,1230
2021-W03,四条室町,五条室町,1243
2021-W03,四条新町,四条室町,1095
2021-W03,三条新町,四条新町,931
2021-W03,五条車屋町,五条烏丸,1296
2021-W03,三条堀川,三条新町,740
2021-W03,一条車屋町,二条車屋町,759
2021-W03,一条車屋町,一条烏丸,967
2021-W03,一条烏丸,一条車屋町,966
2021-W03,二条烏丸,一条烏丸,868
2021-W03,一条烏丸,二条烏丸,882
2021-W03,一条烏丸,一条室町,754
2021-W03,一条室町,一条烏丸,770
2021-W03,二条室町,一条室町,768
2021-W03,一条室町,二条室町,790
2021-W03,一条室町,一条新町,576
2021-W03,一条新町,一条室町,582
2021-W03,二条新町,一条新町,583
2021-W03,一条新町,二条新町,596
2021-W03,一条新町,一条堀川,448
2021-W03,一条堀川,一条新町,446
2021-W03,二条堀川,一条堀川,457
2021-W03,一条堀川,二条堀川,457
2021-W03,二条車屋町,一条車屋町,756
2021-W03,二条堀川,三条堀川,612
2021-W03,三条新町,三条堀川,759
2021-W03,二条堀川,二条新町,585
2021-W03,四条堀川,三条堀川,698
2021-W03,三条堀川,四条堀川,696
2021-W03,三条車屋町,二条車屋町,889
2021-W03,二条車屋町,三条車屋町,917
2021-W03,二条車屋町,二条烏丸,1064
2021-W03,三条堀川,二条堀川,579
2021-W03,三条烏丸,二条烏丸,1056
2021-W03,二条烏丸,三条烏丸,1066
2021-W03,二条烏丸,二条車屋町,1066
2021-W03,二条室町,二条烏丸,950
2021-W03,三条室町,二条室町,906
2021-W03,二条室町,三条室町,919
2021-W03,二条室町,二条新町,758
2021-W03,二条新町,二条室町,727
2021-W03,三条新町,二条新町,729
2021-W03,二条新町,三条新町,757
2021-W03,二条新町,二条堀川,573
2021-W03,二条烏丸,二条室町,951
2021-W04,四条新町,四条堀川,935
2021-W04,四条堀川,四条新町,926
2021-W04,五条堀川,四条堀川,971
2021-W04,四条堀川,五条堀川,985
2021-W04,四条車屋町,三条車屋町,1087
2021-W04,三条車屋町,四条車屋町,1115
2021-W04,三条車屋町,三条烏丸,1272
2021-W04,三条新町,三条室町,979
2021-W04,四条烏丸,三条烏丸,63
2021-W04,三条烏丸,四条烏丸,60
2021-W04,三条烏丸,三条室町,1158
2021-W04,三条室町,三条烏丸,1142
2021-W04,四条室町,三条室町,1115
2021-W04,三条室町,四条室町,1113
2021-W04,三条室町,三条新町,1017
2021-W04,四条新町,五条新町,1102
2021-W04,三条烏丸,三条車屋町,1248
2021-W04,五条新町,四条新町,1102
2021-W04,四条車屋町,四条烏丸,69
2021-W04,四条室町,四条新町,1141
2021-W04,四条新町,三条新町,943
2021-W04,五条烏丸,五条車屋町,1290
2021-W04,五条烏丸,五条室町,1113
2021-W04,五条室町,五条烏丸,1127
2021-W04,五条室町,五条新町,959
2021-W04,五条新町,五条室町,964
2021-W04,五条新町,五条堀川,780
2021-W04,五条堀川,五条新町,792
2021-W04,五条車屋町,四条車屋町,1309
2021-W04,四条車屋町,五条車屋町,1306
2021-W04,四条烏丸,四条車屋町,69
2021-W04,五条烏丸,四条烏丸,70
2021-W04,四条烏丸,五条烏丸,68
2021-W04,四条烏丸,四条室町,59
2021-W04,四条室町,四条烏丸,61
2021-W04,五条室町,四条室町,1226
2021-W04,四条室町,五条室町,1230
2021-W04,四条新町,四条室町,1133
2021-W04,三条新町,四条新町,964
2021-W04,五条車屋町,五条烏丸,1297
2021-W04,三条堀川,三条新町,789
2021-W04,一条車屋町,二条車屋町,767
2021-W04,一条車屋町,一条烏丸,954
2021-W04,一条烏丸,一条車屋町,984
2021-W04,二条烏丸,一条烏丸,918
2021-W04,一条烏丸,二条烏丸,934
2021-W04,一条烏丸,一条室町,788
2021-W04,一条室町,一条烏丸,812
2021-W04,二条室町,一条室町,824
2021-W04,一条室町,二条室町,820
2021-W04,一条室町,一条新町,677
2021-W04,一条新町,一条室町,658
2021-W04,二条新町,一条新町,607
2021-W04,一条新町,二条新町,614
2021-W04,一条新町,一条堀川,492
2021-W04,一条堀川,一条新町,495
2021-W04,二条堀川,一条堀川,437
2021-W04,一条堀川,二条堀川,452
2021-W04,二条車屋町,一条車屋町,769
2021-W04,二条堀川,三条堀川,628
2021-W04,三条新町,三条堀川,776
2021-W04,二条堀川,二条新町,607
2021-W04,三条堀川,二条堀川,613
2021-W04,四条堀川,三条堀川,821
2021-W04,三条堀川,四条堀川,828
2021-W04,三条車屋町,二条車屋町,949
2021-W04,二条車屋町,三条車屋町,915
2021-W04,二条烏丸,二条車屋町,1081
2021-W04,三条烏丸,二条烏丸,1101
2021-W04,二条烏丸,三条烏丸,1108
2021-W04,二条車屋町,二条烏丸,1042
2021-W04,二条室町,二条烏丸,1001
2021-W04,三条室町,二条室町,949
2021-W04,二条室町,三条室町,965
2021-W04,二条新町,二条堀川,588
2021-W04,二条室町,二条新町,823
2021-W04,二条新町,二条室町,820
2021-W04,三条新町,二条新町,772
2021-W04,二条新町,三条新町,801
2021-W04,二条烏丸,二条室町,998
2021-W05,三条車屋町,四条車屋町,1046
2021-W05,四条車屋町,三条車屋町,1036
2021-W05,四条新町,四条堀川,940
2021-W05,五条堀川,四条堀川,910
2021-W05,四条堀川,四条新町,926
2021-W05,三条車屋町,三条烏丸,1230
2021-W05,四条堀川,五条堀川,901
2021-W05,三条烏丸,三条車屋町,1241
2021-W05,四条新町,三条新町,918
2021-W05,三条烏丸,四条烏丸,59
2021-W05,三条烏丸,三条室町,1086
2021-W05,三条室町,三条烏丸,1063
2021-W05,四条室町,三条室町,1098
2021-W05,三条室町,四条室町,1082
2021-W05,三条室町,三条新町,825
2021-W05,三条新町,三条室町,838
2021-W05,四条新町,五条新町,1033
2021-W05,四条烏丸,三条烏丸,57
2021-W05,五条新町,四条新町,1026
2021-W05,四条烏丸,四条車屋町,67
2021-W05,四条室町,四条新町,1088
2021-W05,三条新町,四条新町,914
2021-W05,五条烏丸,五条車屋町,1230
2021-W05,五条烏丸,五条室町,1043
2021-W05,五条室町,五条烏丸,1060
2021-W05,五条室町,五条新町,906
2021-W05,五条新町,五条室町,899
2021-W05,五条新町,五条堀川,735
2021-W05,五条堀川,五条新町,735
2021-W05,五条車屋町,四条車屋町,1195
2021-W05,四条車屋町,五条車屋町,1203
2021-W05,四条車屋町,四条烏丸,67
2021-W05,五条烏丸,四条烏丸,66
2021-W05,四条烏丸,五条烏丸,66
2021-W05,四条烏丸,四条室町,56
2021-W05,四条室町,四条烏丸,59
2021-W05,五条室町,四条室町,1223
2021-W05,四条室町,五条室町,1223
2021-W05,四条新町,四条室町,1086
2021-W05,五条車屋町,五条烏丸,1246
2021-W05,三条新町,三条堀川,730
2021-W05,四条堀川,三条堀川,738
2021-W05,一条車屋町,一条烏丸,885
2021-W05,一条烏丸,一条車屋町,912
2021-W05,二条烏丸,一条烏丸,938
2021-W05,一条烏丸,二条烏丸,939
2021-W05,一条烏丸,一条室町,771
2021-W05,二条室町,一条室町,785
2021-W05,一条室町,二条室町,787
2021-W05,一条車屋町,二条車屋町,736
2021-W05,一条室町,一条新町,597
2021-W05,二条新町,一条新町,593
2021-W05,一条新町,二条新町,595
2021-W05,一条新町,一条堀川,395
2021-W05,一条堀川,一条新町,395
2021-W05,二条堀川,一条堀川,418
2021-W05,一条堀川,二条堀川,430
2021-W05,三条堀川,三条新町,722
2021-W05,一条新町,一条室町,591
2021-W05,二条車屋町,一条車屋町,737
2021-W05,一条室町,一条烏丸,752
2021-W05,三条堀川,二条堀川,627
2021-W05,二条堀川,三条堀川,632
2021-W05,三条堀川,四条堀川,745
2021-W05,三条車屋町,二条車屋町,925
2021-W05,二条車屋町,三条車屋町,925
2021-W05,二条車屋町,二条烏丸,1093
2021-W05,二条烏丸,二条車屋町,1098
2021-W05,二条烏丸,三条烏丸,1095
2021-W05,二条烏丸,二条室町,884
2021-W05,二条室町,二条烏丸,888
2021-W05,三条烏丸,二条烏丸,1118
2021-W05,二条室町,三条室町,890
2021-W05,二条室町,二条新町,732
2021-W05,二条新町,二条室町,735
2021-W05,三条新町,二条新町,757
2021-W05,二条新町,三条新町,768
2021-W05,二条新町,二条堀川,585
2021-W05,二条堀川,二条新町,589
2021-W05,三条室町,二条室町,896
2021-W06,四条新町,五条新町,958
2021-W06,三条車屋町,四条車屋町,924
2021-W06,四条新町,四条堀川,836
2021-W06,四条堀川,四条新町,820
2021-W06,五条堀川,四条堀川,821
2021-W06,四条堀川,五条堀川,815
2021-W06,四条車屋町,三条車屋町,949
2021-W06,三条車屋町,三条烏丸,1094
2021-W06,三条新町,三条室町,811
2021-W06,四条烏丸,三条烏丸,50
2021-W06,三条烏丸,四条烏丸,51
2021-W06,三条烏丸,三条室町,934
2021-W06,三条室町,三条烏丸,934
2021-W06,四条室町,三条室町,943
2021-W06,三条室町,四条室町,943
2021-W06,三条室町,三条新町,818
2021-W06,五条新町,四条新町,950
2021-W06,三条烏丸,三条車屋町,1087
2021-W06,四条新町,四条室町,978
2021-W06,五条車屋町,五条烏丸,1108
2021-W06,四条室町,五条室町,1064
2021-W06,四条新町,三条新町,774
2021-W06,五条烏丸,五条車屋町,1101
2021-W06,五条烏丸,五条室町,908
2021-W06,五条室町,五条烏丸,914
2021-W06,五条室町,五条新町,771
2021-W06,五条新町,五条室町,757
2021-W06,五条新町,五条堀川,610
2021-W06,五条堀川,五条新町,620
2021-W06,五条車屋町,四条車屋町,1134
2021-W06,四条車屋町,五条車屋町,1120
2021-W06,四条車屋町,四条烏丸,59
2021-W06,四条烏丸,四条車屋町,59
2021-W06,五条烏丸,四条烏丸,60
2021-W06,四条烏丸,五条烏丸,59
2021-W06,四条烏丸,四条室町,51
2021-W06,四条室町,四条烏丸,50
2021-W06,五条室町,四条室町,1061
2021-W06,四条室町,四条新町,962
2021-W06,三条新町,四条新町,764
2021-W06,三条新町,三条堀川,595
2021-W06,三条堀川,三条新町,604
2021-W06,一条車屋町,二条車屋町,670
2021-W06,一条車屋町,一条烏丸,802
2021-W06,一条烏丸,一条車屋町,794
2021-W06,二条烏丸,一条烏丸,770
2021-W06,一条烏丸,二条烏丸,783
2021-W06,一条烏丸,一条室町,615
2021-W06,一条室町,一条烏丸,631
2021-W06,二条車屋町,一条車屋町,693
2021-W06,二条室町,一条室町,641
2021-W06,一条室町,一条新町,487
2021-W06,一条新町,一条室町,485
2021-W06,二条新町,一条新町,424
2021-W06,一条新町,二条新町,457
2021-W06,一条新町,一条堀川,364
2021-W06,一条堀川,一条新町,341
2021-W06,二条堀川,一条堀川,321
2021-W06,一条室町,二条室町,630
2021-W06,二条堀川,三条堀川,470
2021-W06,一条堀川,二条堀川,323
2021-W06,二条堀川,二条新町,462
2021-W06,四条堀川,三条堀川,625
2021-W06,三条堀川,四条堀川,632
2021-W06,三条車屋町,二条車屋町,794
2021-W06,二条車屋町,三条車屋町,805
2021-W06,二条車屋町,二条烏丸,940
2021-W06,三条堀川,二条堀川,465
2021-W06,三条烏丸,二条烏丸,944
2021-W06,二条烏丸,三条烏丸,937
2021-W06,二条烏丸,二条車屋町,930
2021-W06,二条室町,二条烏丸,796
2021-W06,三条室町,二条室町,762
2021-W06,二条室町,三条室町,766
2021-W06,二条室町,二条新町,652
2021-W06,二条新町,二条室町,649
2021-W06,三条新町,二条新町,682
2021-W06,二条新町,三条新町,674
2021-W06,二条新町,二条堀川,490
2021-W06,二条烏丸,二条室町,790
2021-W07,四条新町,四条堀川,670
2021-W07,四条堀川,四条新町,650
2021-W07,五条堀川,四条堀川,616
2021-W07,四条堀川,五条堀川,601
2021-W07,四条車屋町,三条車屋町,754
2021-W07,三条車屋町,四条車屋町,796
2021-W07,三条車屋町,三条烏丸,949
2021-W07,三条新町,三条室町,645
2021-W07,四条烏丸,三条烏丸,47
2021-W07,三条烏丸,四条烏丸,46
2021-W07,三条烏丸,三条室町,804
2021-W07,三条室町,三条烏丸,816
2021-W07,四条室町,三条室町,749
2021-W07,三条室町,四条室町,736
2021-W07,三条室町,三条新町,622
2021-W07,四条新町,五条新町,795
2021-W07,三条烏丸,三条車屋町,969
2021-W07,五条新町,四条新町,786
2021-W07,四条車屋町,四条烏丸,53
2021-W07,四条室町,四条新町,785
2021-W07,四条新町,三条新町,662
2021-W07,五条烏丸,五条車屋町,971
2021-W07,五条烏丸,五条室町,769
2021-W07,五条室町,五条烏丸,780
2021-W07,五条室町,五条新町,640
2021-W07,五条新町,五条室町,651
2021-W07,五条新町,五条堀川,464
2021-W07,五条堀川,五条新町,477
2021-W07,五条車屋町,四条車屋町,954
2021-W07,四条車屋町,五条車屋町,969
2021-W07,四条烏丸,四条車屋町,53
2021-W07,五条烏丸,四条烏丸,52
2021-W07,四条烏丸,五条烏丸,52
2021-W07,四条烏丸,四条室町,44
2021-W07,四条室町,四条烏丸,44
2021-W07,五条室町,四条室町,974
2021-W07,四条室町,五条室町,979
2021-W07,四条新町,四条室町,770
2021-W07,三条新町,四条新町,654
2021-W07,五条車屋町,五条烏丸,969
2021-W07,三条堀川,三条新町,476
2021-W07,一条車屋町,二条車屋町,484
2021-W07,一条車屋町,一条烏丸,603
2021-W07,一条烏丸,一条車屋町,617
2021-W07,二条烏丸,一条烏丸,631
2021-W07,一条烏丸,二条烏丸,643
2021-W07,一条烏丸,一条室町,534
2021-W07,一条室町,一条烏丸,501
2021-W07,二条室町,一条室町,459
2021-W07,一条室町,二条室町,462
2021-W07,一条室町,一条新町,367
2021-W07,一条新町,一条室町,364
2021-W07,二条新町,一条新町,321
2021-W07,一条新町,二条新町,334
2021-W07,一条新町,一条堀川,213
2021-W07,一条堀川,一条新町,180
2021-W07,二条堀川,一条堀川,122
2021-W07,一条堀川,二条堀川,122
2021-W07,二条車屋町,一条車屋町,496
2021-W07,二条堀川,三条堀川,330
2021-W07,三条新町,三条堀川,473
2021-W07,二条堀川,二条新町,328
2021-W07,三条堀川,二条堀川,340
2021-W07,四条堀川,三条堀川,456
2021-W07,三条堀川,四条堀川,469
2021-W07,三条車屋町,二条車屋町,653
2021-W07,二条車屋町,三条車屋町,649
2021-W07,二条烏丸,二条車屋町,792
2021-W07,三条烏丸,二条烏丸,840
2021-W07,二条烏丸,三条烏丸,819
2021-W07,二条車屋町,二条烏丸,773
2021-W07,二条室町,二条烏丸,635
2021-W07,三条室町,二条室町,629
2021-W07,二条室町,三条室町,639
2021-W07,二条新町,二条堀川,324
2021-W07,二条室町,二条新町,481
2021-W07,二条新町,二条室町,497
2021-W07,三条新町,二条新町,491
2021-W07,二条新町,三条新町,512
2021-W07,二条烏丸,二条室町,610
2021-W08,三条車屋町,四条車屋町,724
2021-W08,四条車屋町,三条車屋町,725
2021-W08,四条新町,四条堀川,587
2021-W08,五条堀川,四条堀川,541
2021-W08,四条堀川,四条新町,576
2021-W08,三条車屋町,三条烏丸,893
2021-W08,四条堀川,五条堀川,541
2021-W08,三条烏丸,三条車屋町,901
2021-W08,四条新町,三条新町,600
2021-W08,三条烏丸,四条烏丸,42
2021-W08,三条烏丸,三条室町,705
2021-W08,三条室町,三条烏丸,722
2021-W08,四条室町,三条室町,680
2021-W08,三条室町,四条室町,691
2021-W08,三条室町,三条新町,574
2021-W08,三条新町,三条室町,569
2021-W08,四条新町,五条新町,724
2021-W08,四条烏丸,三条烏丸,41
2021-W08,五条新町,四条新町,744
2021-W08,四条烏丸,四条車屋町,49
2021-W08,四条室町,四条新町,760
2021-W08,三条新町,四条新町,577
2021-W08,五条烏丸,五条車屋町,862
2021-W08,五条烏丸,五条室町,714
2021-W08,五条室町,五条烏丸,705
2021-W08,五条室町,五条新町,541
2021-W08,五条新町,五条室町,574
2021-W08,五条新町,五条堀川,402
2021-W08,五条堀川,五条新町,393
2021-W08,五条車屋町,四条車屋町,904
2021-W08,四条車屋町,五条車屋町,901
2021-W08,四条車屋町,四条烏丸,49
2021-W08,五条烏丸,四条烏丸,49
2021-W08,四条烏丸,五条烏丸,50
2021-W08,四条烏丸,四条室町,38
2021-W08,四条室町,四条烏丸,40
2021-W08,五条室町,四条室町,908
2021-W08,四条室町,五条室町,898
2021-W08,四条新町,四条室町,748
2021-W08,五条車屋町,五条烏丸,839
2021-W08,三条新町,三条堀川,372
2021-W08,四条堀川,三条堀川,358
2021-W08,一条車屋町,一条烏丸,515
2021-W08,一条烏丸,一条車屋町,545
2021-W08,二条烏丸,一条烏丸,570
2021-W08,一条烏丸,二条烏丸,567
2021-W08,一条烏丸,一条室町,382
2021-W08,一条室町,一条烏丸,381
2021-W08,一条室町,二条室町,390
2021-W08,一条車屋町,二条車屋町,396
2021-W08,一条室町,一条新町,206
2021-W08,二条新町,一条新町,222
2021-W08,一条新町,二条新町,219
2021-W08,一条新町,一条堀川,84
2021-W08,一条堀川,一条新町,79
2021-W08,二条堀川,一条堀川,100
2021-W08,一条堀川,二条堀川,85
2021-W08,三条堀川,三条新町,369
2021-W08,一条新町,一条室町,216
2021-W08,二条車屋町,一条車屋町,416
2021-W08,二条室町,一条室町,405
2021-W08,三条堀川,二条堀川,198
2021-W08,二条堀川,三条堀川,204
2021-W08,三条車屋町,二条車屋町,604
2021-W08,二条車屋町,三条車屋町,593
2021-W08,二条車屋町,二条烏丸,782
2021-W08,二条烏丸,二条車屋町,769
2021-W08,三条烏丸,二条烏丸,718
2021-W08,二条烏丸,三条烏丸,706
2021-W08,二条烏丸,二条室町,542
2021-W08,二条室町,二条烏丸,561
2021-W08,三条堀川,四条堀川,374
2021-W08,二条室町,三条室町,580
2021-W08,二条室町,二条新町,422
2021-W08,二条新町,二条室町,400
2021-W08,三条新町,二条新町,390
2021-W08,二条新町,三条新町,378
2021-W08,二条新町,二条堀川,232
2021-W08,二条堀川,二条新町,230
2021-W08,三条室町,二条室町,586
2021-W09,四条新町,五条新町,730
2021-W09,三条車屋町,四条車屋町,706
2021-W09,四条新町,四条堀川,591
2021-W09,四条堀川,四条新町,594
2021-W09,五条堀川,四条堀川,594
2021-W09,四条堀川,五条堀川,573
2021-W09,四条車屋町,三条車屋町,718
2021-W09,三条車屋町,三条烏丸,879
2021-W09,三条新町,三条室町,551
2021-W09,四条烏丸,三条烏丸,42
2021-W09,三条烏丸,四条烏丸,41
2021-W09,三条烏丸,三条室町,693
2021-W09,三条室町,三条烏丸,691
2021-W09,四条室町,三条室町,696
2021-W09,三条室町,四条室町,723
2021-W09,三条室町,三条新町,553
2021-W09,五条新町,四条新町,730
2021-W09,三条烏丸,三条車屋町,880
2021-W09,四条新町,四条室町,720
2021-W09,五条車屋町,五条烏丸,909
2021-W09,四条室町,五条室町,888
2021-W09,四条新町,三条新町,582
2021-W09,五条烏丸,五条車屋町,902
2021-W09,五条烏丸,五条室町,717
2021-W09,五条室町,五条烏丸,705
2021-W09,五条室町,五条新町,592
2021-W09,五条新町,五条室町,565
2021-W09,五条新町,五条堀川,404
2021-W09,五条堀川,五条新町,393
2021-W09,五条車屋町,四条車屋町,868
2021-W09,四条車屋町,五条車屋町,882
2021-W09,四条車屋町,四条烏丸,51
2021-W09,四条烏丸,四条車屋町,49
2021-W09,五条烏丸,四条烏丸,49
2021-W09,四条烏丸,五条烏丸,48
2021-W09,四条烏丸,四条室町,42
2021-W09,四条室町,四条烏丸,41
2021-W09,五条室町,四条室町,909
2021-W09,四条室町,四条新町,726
2021-W09,三条新町,四条新町,579
2021-W09,一条堀川,二条堀川,86
2021-W09,三条堀川,三条新町,427
2021-W09,一条車屋町,二条車屋町,394
2021-W09,一条車屋町,一条烏丸,542
2021-W09,一条烏丸,一条車屋町,544
2021-W09,二条烏丸,一条烏丸,592
2021-W09,一条烏丸,二条烏丸,598
2021-W09,一条烏丸,一条室町,370
2021-W09,一条室町,一条烏丸,388
2021-W09,二条車屋町,一条車屋町,385
2021-W09,二条室町,一条室町,432
2021-W09,一条室町,一条新町,253
2021-W09,一条新町,一条室町,252
2021-W09,二条新町,一条新町,265
2021-W09,一条新町,二条新町,275
2021-W09,一条新町,一条堀川,111
2021-W09,一条堀川,一条新町,107
2021-W09,二条堀川,一条堀川,80
2021-W09,一条室町,二条室町,418
2021-W09,二条堀川,三条堀川,247
2021-W09,三条新町,三条堀川,443
2021-W09,二条堀川,二条新町,242
2021-W09,四条堀川,三条堀川,409
2021-W09,三条堀川,四条堀川,408
2021-W09,三条車屋町,二条車屋町,583
2021-W09,二条車屋町,三条車屋町,563
2021-W09,二条車屋町,二条烏丸,751
2021-W09,三条堀川,二条堀川,235
2021-W09,三条烏丸,二条烏丸,723
2021-W09,二条烏丸,三条烏丸,752
2021-W09,二条烏丸,二条車屋町,756
2021-W09,二条室町,二条烏丸,604
2021-W09,三条室町,二条室町,543
2021-W09,二条室町,三条室町,541
2021-W09,二条室町,二条新町,413
2021-W09,二条新町,二条室町,410
2021-W09,三条新町,二条新町,454
2021-W09,二条新町,三条新町,440
2021-W09,二条新町,二条堀川,251
2021-W09,二条烏丸,二条室町,625
2021-W10,四条新町,五条新町,761
2021-W10,四条新町,四条堀川,674
2021-W10,四条堀川,四条新町,685
2021-W10,五条堀川,四条堀川,627
2021-W10,四条堀川,五条堀川,647
2021-W10,四条車屋町,三条車屋町,816
2021-W10,三条車屋町,四条車屋町,824
2021-W10,三条車屋町,三条烏丸,979
2021-W10,三条室町,三条烏丸,819
2021-W10,四条烏丸,三条烏丸,45
2021-W10,三条烏丸,四条烏丸,47
2021-W10,三条烏丸,三条室町,811
2021-W10,四条室町,三条室町,793
2021-W10,三条室町,四条室町,834
2021-W10,三条室町,三条新町,655
2021-W10,三条新町,三条室町,652
2021-W10,三条烏丸,三条車屋町,961
2021-W10,五条新町,四条新町,768
2021-W10,四条新町,三条新町,678
2021-W10,四条室町,四条新町,804
2021-W10,五条烏丸,五条車屋町,963
2021-W10,五条烏丸,五条室町,780
2021-W10,五条室町,五条烏丸,804
2021-W10,五条室町,五条新町,661
2021-W10,五条新町,五条室町,659
2021-W10,五条新町,五条堀川,468
2021-W10,五条堀川,五条新町,460
2021-W10,五条車屋町,四条車屋町,928
2021-W10,四条車屋町,五条車屋町,941
2021-W10,四条車屋町,四条烏丸,53
2021-W10,四条烏丸,四条車屋町,54
2021-W10,五条烏丸,四条烏丸,53
2021-W10,四条烏丸,五条烏丸,54
2021-W10,四条烏丸,四条室町,45
2021-W10,四条室町,四条烏丸,45
2021-W10,五条室町,四条室町,969
2021-W10,四条室町,五条室町,976
2021-W10,四条新町,四条室町,802
2021-W10,三条新町,四条新町,660
2021-W10,五条車屋町,五条烏丸,958
2021-W10,三条堀川,三条新町,492
2021-W10,一条車屋町,二条車屋町,498
2021-W10,一条車屋町,一条烏丸,637
2021-W10,一条烏丸,一条車屋町,633
2021-W10,二条烏丸,一条烏丸,650
2021-W10,一条烏丸,二条烏丸,637
2021-W10,一条烏丸,一条室町,477
2021-W10,一条室町,一条烏丸,501
2021-W10,二条室町,一条室町,483
2021-W10,一条室町,二条室町,481
2021-W10,一条室町,一条新町,332
2021-W10,一条新町,一条室町,335
2021-W10,二条新町,一条新町,374
2021-W10,一条新町,二条新町,369
2021-W10,一条新町,一条堀川,173
2021-W10,一条堀川,一条新町,174
2021-W10,二条堀川,一条堀川,162
2021-W10,一条堀川,二条堀川,152
2021-W10,二条車屋町,一条車屋町,483
2021-W10,二条堀川,三条堀川,328
2021-W10,三条新町,三条堀川,482
2021-W10,二条堀川,二条新町,346
2021-W10,三条堀川,二条堀川,329
2021-W10,四条堀川,三条堀川,452
2021-W10,三条堀川,四条堀川,447
2021-W10,三条車屋町,二条車屋町,649
2021-W10,二条車屋町,三条車屋町,667
2021-W10,二条烏丸,二条車屋町,779
2021-W10,三条烏丸,二条烏丸,798
2021-W10,二条烏丸,三条烏丸,800
2021-W10,二条車屋町,二条烏丸,754
2021-W10,二条室町,二条烏丸,616
2021-W10,三条室町,二条室町,609
2021-W10,二条室町,三条室町,614
2021-W10,二条新町,二条堀川,383
2021-W10,二条室町,二条新町,496
2021-W10,二条新町,二条室町,501
2021-W10,三条新町,二条新町,509
2021-W10,二条新町,三条新町,527
2021-W10,二条烏丸,二条室町,619
2021-W11,四条車屋町,三条車屋町,992
2021-W11,四条堀川,五条堀川,795
2021-W11,四条新町,五条新町,982
2021-W11,四条堀川,四条新町,754
2021-W11,四条新町,四条堀川,753
2021-W11,三条車屋町,四条車屋町,979
2021-W11,五条堀川,四条堀川,768
2021-W11,三条車屋町,三条烏丸,1068
2021-W11,三条新町,三条室町,796
2021-W11,四条烏丸,三条烏丸,53
2021-W11,三条烏丸,四条烏丸,54
2021-W11,三条烏丸,三条室町,945
2021-W11,三条室町,三条烏丸,953
2021-W11,四条室町,三条室町,963
2021-W11,三条室町,四条室町,954
2021-W11,三条室町,三条新町,828
2021-W11,五条新町,四条新町,990
2021-W11,三条烏丸,三条車屋町,1073
2021-W11,四条新町,四条室町,943
2021-W11,四条車屋町,四条烏丸,60
2021-W11,四条室町,五条室町,1122
2021-W11,四条新町,三条新町,765
2021-W11,五条車屋町,五条烏丸,1115
2021-W11,五条烏丸,五条車屋町,1121
2021-W11,五条烏丸,五条室町,980
2021-W11,五条室町,五条烏丸,980
2021-W11,五条室町,五条新町,785
2021-W11,五条新町,五条室町,765
2021-W11,五条新町,五条堀川,608
2021-W11,五条堀川,五条新町,635
2021-W11,五条車屋町,四条車屋町,1108
2021-W11,四条車屋町,五条車屋町,1133
2021-W11,四条烏丸,四条車屋町,60
2021-W11,五条烏丸,四条烏丸,61
2021-W11,四条烏丸,五条烏丸,61
2021-W11,四条烏丸,四条室町,50
2021-W11,四条室町,四条烏丸,52
2021-W11,五条室町,四条室町,1129
2021-W11,四条室町,四条新町,940
2021-W11,三条新町,四条新町,772
2021-W11,三条新町,三条堀川,634
2021-W11,三条堀川,三条新町,631
2021-W11,一条車屋町,二条車屋町,657
2021-W11,一条車屋町,一条烏丸,820
2021-W11,一条烏丸,一条車屋町,807
2021-W11,二条烏丸,一条烏丸,811
2021-W11,一条烏丸,二条烏丸,797
2021-W11,一条烏丸,一条室町,648
2021-W11,一条室町,一条烏丸,635
2021-W11,二条車屋町,一条車屋町,658
2021-W11,二条室町,一条室町,642
2021-W11,一条室町,一条新町,462
2021-W11,一条新町,一条室町,494
2021-W11,二条新町,一条新町,438
2021-W11,一条新町,二条新町,451
2021-W11,一条新町,一条堀川,320
2021-W11,一条堀川,一条新町,318
2021-W11,二条堀川,一条堀川,348
2021-W11,一条室町,二条室町,617
2021-W11,二条堀川,三条堀川,472
2021-W11,一条堀川,二条堀川,339
2021-W11,二条堀川,二条新町,470
2021-W11,四条堀川,三条堀川,618
2021-W11,三条堀川,四条堀川,613
2021-W11,三条車屋町,二条車屋町,792
2021-W11,二条車屋町,三条車屋町,772
2021-W11,二条車屋町,二条烏丸,904
2021-W11,三条堀川,二条堀川,490
2021-W11,三条烏丸,二条烏丸,921
2021-W11,二条烏丸,三条烏丸,913
2021-W11,二条烏丸,二条車屋町,924
2021-W11,二条室町,二条烏丸,828
2021-W11,三条室町,二条室町,767
2021-W11,二条室町,三条室町,771
2021-W11,二条室町,二条新町,622
2021-W11,二条新町,二条室町,642
2021-W11,三条新町,二条新町,644
2021-W11,二条新町,三条新町,634
2021-W11,二条新町,二条堀川,479
2021-W11,二条烏丸,二条室町,843
2021-W12,四条新町,四条堀川,860
2021-W12,三条車屋町,三条烏丸,1232
2021-W12,四条堀川,四条新町,868
2021-W12,五条堀川,四条堀川,912
2021-W12,四条堀川,五条堀川,887
2021-W12,四条車屋町,三条車屋町,1021
2021-W12,三条車屋町,四条車屋町,1023
2021-W12,三条烏丸,三条車屋町,1226
2021-W12,三条新町,三条室町,903
2021-W12,三条烏丸,四条烏丸,58
2021-W12,三条烏丸,三条室町,1091
2021-W12,三条室町,三条烏丸,1077
2021-W12,四条室町,三条室町,1017
2021-W12,三条室町,四条室町,1033
2021-W12,三条室町,三条新町,862
2021-W12,四条新町,五条新町,1075
2021-W12,四条新町,三条新町,899
2021-W12,四条烏丸,三条烏丸,56
2021-W12,五条新町,四条新町,1062
2021-W12,四条烏丸,四条車屋町,66
2021-W12,四条室町,四条新町,1055
2021-W12,五条車屋町,五条烏丸,1207
2021-W12,三条新町,四条新町,914
2021-W12,五条烏丸,五条室町,1087
2021-W12,五条室町,五条烏丸,1085
2021-W12,五条室町,五条新町,934
2021-W12,五条新町,五条室町,923
2021-W12,五条新町,五条堀川,782
2021-W12,五条堀川,五条新町,745
2021-W12,五条車屋町,四条車屋町,1172
2021-W12,四条車屋町,五条車屋町,1199
2021-W12,四条車屋町,四条烏丸,65
2021-W12,五条烏丸,四条烏丸,64
2021-W12,四条烏丸,五条烏丸,65
2021-W12,四条烏丸,四条室町,61
2021-W12,四条室町,四条烏丸,58
2021-W12,五条室町,四条室町,1223
2021-W12,四条室町,五条室町,1206
2021-W12,四条新町,四条室町,1062
2021-W12,五条烏丸,五条車屋町,1196
2021-W12,三条新町,三条堀川,796
2021-W12,四条堀川,三条堀川,741
2021-W12,一条車屋町,一条烏丸,904
2021-W12,一条烏丸,一条車屋町,931
2021-W12,二条烏丸,一条烏丸,906
2021-W12,一条烏丸,二条烏丸,926
2021-W12,一条烏丸,一条室町,789
2021-W12,一条室町,一条烏丸,770
2021-W12,二条室町,一条室町,703
2021-W12,一条車屋町,二条車屋町,703
2021-W12,一条室町,二条室町,726
2021-W12,一条新町,一条室町,623
2021-W12,二条新町,一条新町,614
2021-W12,一条新町,二条新町,605
2021-W12,一条新町,一条堀川,416
2021-W12,一条堀川,一条新町,421
2021-W12,二条堀川,一条堀川,435
2021-W12,一条堀川,二条堀川,476
2021-W12,一条室町,一条新町,604
2021-W12,二条車屋町,一条車屋町,716
2021-W12,三条堀川,三条新町,788
2021-W12,三条堀川,二条堀川,624
2021-W12,三条堀川,四条堀川,740
2021-W12,三条車屋町,二条車屋町,914
2021-W12,二条車屋町,三条車屋町,928
2021-W12,二条車屋町,二条烏丸,1078
2021-W12,二条烏丸,二条車屋町,1083
2021-W12,二条堀川,三条堀川,613
2021-W12,二条烏丸,三条烏丸,1068
2021-W12,二条烏丸,二条室町,925
2021-W12,三条烏丸,二条烏丸,1079
2021-W12,三条室町,二条室町,949
2021-W12,二条室町,三条室町,941
2021-W12,二条室町,二条新町,743
2021-W12,二条新町,二条室町,758
2021-W12,三条新町,二条新町,735
2021-W12,二条新町,三条新町,756
2021-W12,二条新町,二条堀川,577
2021-W12,二条堀川,二条新町,594
2021-W12,二条室町,二条烏丸,931
2021-W13,四条新町,四条堀川,898
2021-W13,四条堀川,四条新町,917
2021-W13,五条堀川,四条堀川,963
2021-W13,四条堀川,五条堀川,958
2021-W13,四条車屋町,三条車屋町,1088
2021-W13,三条車屋町,四条車屋町,1100
2021-W13,三条車屋町,三条烏丸,1276
2021-W13,三条新町,三条室町,988
2021-W13,四条烏丸,三条烏丸,61
2021-W13,三条烏丸,四条烏丸,62
2021-W13,三条烏丸,三条室町,1170
2021-W13,三条室町,三条烏丸,1128
2021-W13,四条室町,三条室町,1120
2021-W13,三条室町,四条室町,1113
2021-W13,三条室町,三条新町,975
2021-W13,四条新町,五条新町,1120
2021-W13,三条烏丸,三条車屋町,1285
2021-W13,五条新町,四条新町,1153
2021-W13,四条車屋町,四条烏丸,67
2021-W13,四条室町,四条新町,1108
2021-W13,四条新町,三条新町,960
2021-W13,五条烏丸,五条車屋町,1262
2021-W13,五条烏丸,五条室町,1110
2021-W13,五条室町,五条烏丸,1098
2021-W13,五条室町,五条新町,993
2021-W13,五条新町,五条室町,999
2021-W13,五条新町,五条堀川,799
2021-W13,五条堀川,五条新町,791
2021-W13,五条車屋町,四条車屋町,1264
2021-W13,四条車屋町,五条車屋町,1288
2021-W13,四条烏丸,四条車屋町,68
2021-W13,五条烏丸,四条烏丸,67
2021-W13,四条烏丸,五条烏丸,66
2021-W13,四条烏丸,四条室町,59
2021-W13,四条室町,四条烏丸,60
2021-W13,五条室町,四条室町,1298
2021-W13,四条室町,五条室町,1287
2021-W13,四条新町,四条室町,1082
2021-W13,三条新町,四条新町,969
2021-W13,五条車屋町,五条烏丸,1292
2021-W13,三条堀川,三条新町,796
2021-W13,一条車屋町,二条車屋町,822
2021-W13,一条車屋町,一条烏丸,983
2021-W13,一条烏丸,一条車屋町,968
2021-W13,二条烏丸,一条烏丸,941
2021-W13,一条烏丸,二条烏丸,937
2021-W13,一条烏丸,一条室町,805
2021-W13,一条室町,一条烏丸,802
2021-W13,二条室町,一条室町,740
2021-W13,一条室町,二条室町,775
2021-W13,一条室町,一条新町,648
2021-W13,一条新町,一条室町,656
2021-W13,二条新町,一条新町,681
2021-W13,一条新町,二条新町,678
2021-W13,一条新町,一条堀川,483
2021-W13,一条堀川,一条新町,483
2021-W13,二条堀川,一条堀川,450
2021-W13,一条堀川,二条堀川,473
2021-W13,二条車屋町,一条車屋町,804
2021-W13,二条堀川,三条堀川,661
2021-W13,三条新町,三条堀川,796
2021-W13,二条堀川,二条新町,654
2021-W13,三条堀川,二条堀川,674
2021-W13,四条堀川,三条堀川,812
2021-W13,三条堀川,四条堀川,807
2021-W13,三条車屋町,二条車屋町,924
2021-W13,二条車屋町,三条車屋町,926
2021-W13,二条烏丸,二条車屋町,1147
2021-W13,三条烏丸,二条烏丸,1024
2021-W13,二条烏丸,三条烏丸,1052
2021-W13,二条車屋町,二条烏丸,1134
2021-W13,二条室町,二条烏丸,957
2021-W13,三条室町,二条室町,910
2021-W13,二条室町,三条室町,932
2021-W13,二条新町,二条堀川,651
2021-W13,二条室町,二条新町,828
2021-W13,二条新町,二条室町,810
2021-W13,三条新町,二条新町,807
2021-W13,二条新町,三条新町,810
2021-W13,二条烏丸,二条室町,946
2021-W14,三条烏丸,三条車屋町,1265
2021-W14,四条新町,四条堀川,849
2021-W14,四条堀川,四条新町,875
2021-W14,五条堀川,四条堀川,856
2021-W14,四条堀川,五条堀川,879
2021-W14,四条車屋町,三条車屋町,1057
2021-W14,三条車屋町,四条車屋町,1074
2021-W14,三条車屋町,三条烏丸,1259
2021-W14,三条新町,三条室町,907
2021-W14,三条烏丸,四条烏丸,58
2021-W14,三条烏丸,三条室町,1083
2021-W14,三条室町,三条烏丸,1074
2021-W14,四条室町,三条室町,1096
2021-W14,三条室町,四条室町,1096
2021-W14,三条室町,三条新町,922
2021-W14,四条新町,五条新町,1054
2021-W14,四条烏丸,三条烏丸,56
2021-W14,五条新町,四条新町,1032
2021-W14,五条車屋町,五条烏丸,1232
2021-W14,四条室町,四条新町,1085
2021-W14,四条新町,三条新町,936
2021-W14,五条烏丸,五条車屋町,1231
2021-W14,五条烏丸,五条室町,1065
2021-W14,五条室町,五条烏丸,1045
2021-W14,五条室町,五条新町,909
2021-W14,五条新町,五条室町,912
2021-W14,五条新町,五条堀川,780
2021-W14,五条堀川,五条新町,746
2021-W14,四条新町,四条室町,1070
2021-W14,五条車屋町,四条車屋町,1223
2021-W14,四条車屋町,四条烏丸,65
2021-W14,四条烏丸,四条車屋町,66
2021-W14,五条烏丸,四条烏丸,68
2021-W14,四条烏丸,五条烏丸,64
2021-W14,四条烏丸,四条室町,58
2021-W14,四条室町,四条烏丸,58
2021-W14,五条室町,四条室町,1205
2021-W14,四条室町,五条室町,1235
2021-W14,四条車屋町,五条車屋町,1216
2021-W14,三条新町,四条新町,895
2021-W14,二条烏丸,二条室町,906
2021-W14,三条堀川,三条新町,749
2021-W14,一条車屋町,一条烏丸,919
2021-W14,一条烏丸,一条車屋町,907
2021-W14,二条烏丸,一条烏丸,896
2021-W14,一条烏丸,二条烏丸,900
2021-W14,一条烏丸,一条室町,759
2021-W14,一条室町,一条烏丸,772
2021-W14,三条新町,三条堀川,766
2021-W14,一条車屋町,二条車屋町,736
2021-W14,一条室町,二条室町,756
2021-W14,一条新町,一条室町,555
2021-W14,二条新町,一条新町,579
2021-W14,一条新町,二条新町,584
2021-W14,一条新町,一条堀川,387
2021-W14,一条堀川,一条新町,398
2021-W14,二条堀川,一条堀川,432
2021-W14,一条堀川,二条堀川,434
2021-W14,一条室町,一条新町,555
2021-W14,二条車屋町,一条車屋町,755
2021-W14,二条室町,一条室町,747
2021-W14,三条堀川,二条堀川,623
2021-W14,二条堀川,三条堀川,622
2021-W14,四条堀川,三条堀川,723
2021-W14,三条堀川,四条堀川,716
2021-W14,三条車屋町,二条車屋町,912
2021-W14,二条車屋町,三条車屋町,928
2021-W14,二条烏丸,二条車屋町,1047
2021-W14,三条烏丸,二条烏丸,1030
2021-W14,二条烏丸,三条烏丸,1055
2021-W14,二条車屋町,二条烏丸,1047
2021-W14,三条室町,二条室町,927
2021-W14,二条室町,二条烏丸,902
2021-W14,二条新町,二条堀川,579
2021-W14,二条新町,三条新町,747
2021-W14,三条新町,二条新町,739
2021-W14,二条堀川,二条新町,585
2021-W14,二条室町,二条新町,769
2021-W14,二条室町,三条室町,907
2021-W14,二条新町,二条室町,781
2021-W15,三条車屋町,四条車屋町,943
2021-W15,四条新町,五条新町,934
2021-W15,四条新町,四条堀川,768
2021-W15,四条堀川,四条新町,776
2021-W15,五条堀川,四条堀川,785
2021-W15,四条堀川,五条堀川,768
2021-W15,四条車屋町,三条車屋町,916
2021-W15,三条車屋町,三条烏丸,1143
2021-W15,五条新町,四条新町,920
2021-W15,四条烏丸,三条烏丸,51
2021-W15,三条烏丸,四条烏丸,53
2021-W15,三条烏丸,三条室町,912
2021-W15,三条室町,三条烏丸,911
2021-W15,四条室町,三条室町,923
2021-W15,三条室町,四条室町,910
2021-W15,三条室町,三条新町,795
2021-W15,三条新町,三条室町,806
2021-W15,三条烏丸,三条車屋町,1127
2021-W15,四条新町,四条室町,975
2021-W15,四条新町,三条新町,738
2021-W15,四条室町,五条室町,1107
2021-W15,五条車屋町,五条烏丸,1066
2021-W15,五条烏丸,五条車屋町,1079
2021-W15,五条烏丸,五条室町,935
2021-W15,五条室町,五条烏丸,929
2021-W15,五条室町,五条新町,727
2021-W15,五条新町,五条室町,731
2021-W15,五条新町,五条堀川,638
2021-W15,五条堀川,五条新町,609
2021-W15,五条車屋町,四条車屋町,1121
2021-W15,四条車屋町,五条車屋町,1097
2021-W15,四条車屋町,四条烏丸,58
2021-W15,四条烏丸,四条車屋町,59
2021-W15,五条烏丸,四条烏丸,61
2021-W15,四条烏丸,五条烏丸,60
2021-W15,四条烏丸,四条室町,52
2021-W15,四条室町,四条烏丸,51
2021-W15,五条室町,四条室町,1098
2021-W15,四条室町,四条新町,993
2021-W15,三条新町,四条新町,728
2021-W15,一条堀川,二条堀川,311
2021-W15,三条堀川,三条新町,615
2021-W15,一条車屋町,二条車屋町,632
2021-W15,一条車屋町,一条烏丸,783
2021-W15,一条烏丸,一条車屋町,761
2021-W15,二条烏丸,一条烏丸,769
2021-W15,一条烏丸,二条烏丸,782
2021-W15,一条烏丸,一条室町,673
2021-W15,一条室町,一条烏丸,675
2021-W15,二条車屋町,一条車屋町,595
2021-W15,二条室町,一条室町,586
2021-W15,一条室町,一条新町,534
2021-W15,一条新町,一条室町,508
2021-W15,二条新町,一条新町,487
2021-W15,一条新町,二条新町,453
2021-W15,一条新町,一条堀川,258
2021-W15,一条堀川,一条新町,274
2021-W15,二条堀川,一条堀川,318
2021-W15,一条室町,二条室町,610
2021-W15,二条堀川,三条堀川,492
2021-W15,三条新町,三条堀川,617
2021-W15,二条堀川,二条新町,456
2021-W15,四条堀川,三条堀川,611
2021-W15,三条堀川,四条堀川,627
2021-W15,三条車屋町,二条車屋町,752
2021-W15,二条車屋町,三条車屋町,758
2021-W15,二条車屋町,二条烏丸,912
2021-W15,三条堀川,二条堀川,499
2021-W15,三条烏丸,二条烏丸,894
2021-W15,二条烏丸,三条烏丸,899
2021-W15,二条烏丸,二条車屋町,934
2021-W15,二条室町,二条烏丸,793
2021-W15,三条室町,二条室町,759
2021-W15,二条室町,三条室町,764
2021-W15,二条室町,二条新町,618
2021-W15,二条新町,二条室町,612
2021-W15,三条新町,二条新町,582
2021-W15,二条新町,三条新町,585
2021-W15,二条新町,二条堀川,467
2021-W15,二条烏丸,二条室町,778
2021-W16,四条新町,五条新町,806
2021-W16,四条新町,四条堀川,601
2021-W16,四条堀川,四条新町,637
2021-W16,五条堀川,四条堀川,611
2021-W16,四条堀川,五条堀川,604
2021-W16,四条車屋町,三条車屋町,778
2021-W16,三条車屋町,四条車屋町,796
2021-W16,三条車屋町,三条烏丸,968
2021-W16,三条烏丸,四条烏丸,43
2021-W16,四条烏丸,三条烏丸,44
2021-W16,三条新町,三条室町,640
2021-W16,三条烏丸,三条室町,775
2021-W16,三条室町,三条烏丸,801
2021-W16,四条室町,三条室町,763
2021-W16,三条室町,四条室町,758
2021-W16,三条室町,三条新町,637
2021-W16,五条新町,四条新町,821
2021-W16,三条烏丸,三条車屋町,970
2021-W16,四条新町,四条室町,816
2021-W16,四条車屋町,四条烏丸,51
2021-W16,四条室町,五条室町,960
2021-W16,四条新町,三条新町,627
2021-W16,五条車屋町,五条烏丸,992
2021-W16,五条烏丸,五条車屋町,985
2021-W16,五条烏丸,五条室町,845
2021-W16,五条室町,五条烏丸,837
2021-W16,五条室町,五条新町,688
2021-W16,五条新町,五条室町,669
2021-W16,五条新町,五条堀川,480
2021-W16,五条堀川,五条新町,480
2021-W16,五条車屋町,四条車屋町,940
2021-W16,四条車屋町,五条車屋町,942
2021-W16,四条烏丸,四条車屋町,51
2021-W16,五条烏丸,四条烏丸,54
2021-W16,四条烏丸,五条烏丸,52
2021-W16,四条烏丸,四条室町,44
2021-W16,四条室町,四条烏丸,44
2021-W16,五条室町,四条室町,954
2021-W16,四条室町,四条新町,827
2021-W16,三条新町,四条新町,649
2021-W16,一条室町,一条烏丸,492
2021-W16,三条堀川,三条新町,497
2021-W16,一条車屋町,二条車屋町,427
2021-W16,一条烏丸,一条車屋町,677
2021-W16,二条烏丸,一条烏丸,651
2021-W16,一条烏丸,二条烏丸,646
2021-W16,一条烏丸,一条室町,502
2021-W16,二条室町,一条室町,498
2021-W16,一条室町,二条室町,486
2021-W16,二条車屋町,一条車屋町,421
2021-W16,一条室町,一条新町,254
2021-W16,二条新町,一条新町,315
2021-W16,一条新町,二条新町,330
2021-W16,一条新町,一条堀川,161
2021-W16,一条堀川,一条新町,173
2021-W16,二条堀川,一条堀川,179
2021-W16,一条堀川,二条堀川,186
2021-W16,三条新町,三条堀川,490
2021-W16,一条新町,一条室町,267
2021-W16,二条堀川,三条堀川,270
2021-W16,一条車屋町,一条烏丸,664
2021-W16,二条堀川,二条新町,298
2021-W16,四条堀川,三条堀川,473
2021-W16,三条堀川,四条堀川,487
2021-W16,三条車屋町,二条車屋町,636
2021-W16,二条車屋町,三条車屋町,680
2021-W16,二条車屋町,二条烏丸,820
2021-W16,二条烏丸,二条車屋町,802
2021-W16,三条堀川,二条堀川,263
2021-W16,二条烏丸,三条烏丸,782
2021-W16,二条烏丸,二条室町,683
2021-W16,三条烏丸,二条烏丸,797
2021-W16,三条室町,二条室町,655
2021-W16,二条室町,三条室町,637
2021-W16,二条室町,二条新町,468
2021-W16,二条新町,二条室町,490
2021-W16,三条新町,二条新町,494
2021-W16,二条新町,三条新町,502
2021-W16,二条新町,二条堀川,262
2021-W16,二条室町,二条烏丸,678
2021-W17,三条車屋町,四条車屋町,703
2021-W17,四条車屋町,三条車屋町,711
2021-W17,四条新町,四条堀川,620
2021-W17,五条堀川,四条堀川,559
2021-W17,四条堀川,四条新町,614
2021-W17,三条車屋町,三条烏丸,799
2021-W17,四条堀川,五条堀川,539
2021-W17,三条烏丸,三条車屋町,815
2021-W17,三条室町,三条烏丸,676
2021-W17,三条烏丸,四条烏丸,41
2021-W17,三条烏丸,三条室町,674
2021-W17,四条室町,三条室町,704
2021-W17,三条室町,四条室町,699
2021-W17,三条室町,三条新町,550
2021-W17,三条新町,三条室町,551
2021-W17,四条新町,五条新町,693
2021-W17,四条烏丸,三条烏丸,42
2021-W17,五条新町,四条新町,711
2021-W17,四条車屋町,四条烏丸,47
2021-W17,四条室町,四条新町,713
2021-W17,五条烏丸,五条車屋町,854
2021-W17,五条烏丸,五条室町,726
2021-W17,五条室町,五条烏丸,731
2021-W17,五条室町,五条新町,529
2021-W17,五条新町,五条室町,531
2021-W17,五条新町,五条堀川,413
2021-W17,五条堀川,五条新町,382
2021-W17,五条車屋町,四条車屋町,844
2021-W17,四条車屋町,五条車屋町,868
2021-W17,四条新町,三条新町,549
2021-W17,四条烏丸,四条車屋町,46
2021-W17,五条烏丸,四条烏丸,48
2021-W17,四条烏丸,五条烏丸,48
2021-W17,四条烏丸,四条室町,41
2021-W17,四条室町,四条烏丸,42
2021-W17,五条室町,四条室町,914
2021-W17,四条室町,五条室町,898
2021-W17,四条新町,四条室町,681
2021-W17,三条新町,四条新町,555
2021-W17,五条車屋町,五条烏丸,833
2021-W17,三条堀川,三条新町,391
2021-W17,一条車屋町,二条車屋町,453
2021-W17,一条車屋町,一条烏丸,550
2021-W17,一条烏丸,一条車屋町,544
2021-W17,二条烏丸,一条烏丸,579
2021-W17,一条烏丸,二条烏丸,574
2021-W17,一条烏丸,一条室町,380
2021-W17,一条室町,一条烏丸,391
2021-W17,二条室町,一条室町,446
2021-W17,一条室町,二条室町,440
2021-W17,一条室町,一条新町,237
2021-W17,一条新町,一条室町,252
2021-W17,二条新町,一条新町,232
2021-W17,一条新町,二条新町,248
2021-W17,一条新町,一条堀川,114
2021-W17,一条堀川,一条新町,94
2021-W17,二条堀川,一条堀川,100
2021-W17,一条堀川,二条堀川,109
2021-W17,二条車屋町,一条車屋町,483
2021-W17,二条堀川,三条堀川,272
2021-W17,三条新町,三条堀川,373
2021-W17,二条堀川,二条新町,265
2021-W17,三条堀川,二条堀川,242
2021-W17,四条堀川,三条堀川,433
2021-W17,三条堀川,四条堀川,424
2021-W17,三条車屋町,二条車屋町,566
2021-W17,二条車屋町,三条車屋町,572
2021-W17,二条烏丸,二条車屋町,701
2021-W17,三条烏丸,二条烏丸,708
2021-W17,二条烏丸,三条烏丸,708
2021-W17,二条車屋町,二条烏丸,712
2021-W17,二条室町,二条烏丸,524
2021-W17,三条室町,二条室町,607
2021-W17,二条室町,三条室町,581
2021-W17,二条新町,二条堀川,242
2021-W17,二条室町,二条新町,359
2021-W17,二条新町,二条室町,400
2021-W17,三条新町,二条新町,379
2021-W17,二条新町,三条新町,375
2021-W17,二条烏丸,二条室町,505
2021-W18,四条新町,五条新町,787
2021-W18,四条新町,四条堀川,585
2021-W18,四条堀川,四条新町,597
2021-W18,五条堀川,四条堀川,543
2021-W18,四条堀川,五条堀川,573
2021-W18,四条車屋町,三条車屋町,684
2021-W18,三条車屋町,四条車屋町,711
2021-W18,三条車屋町,三条烏丸,900
2021-W18,三条室町,三条烏丸,730
2021-W18,四条烏丸,三条烏丸,43
2021-W18,三条烏丸,四条烏丸,44
2021-W18,三条烏丸,三条室町,736
2021-W18,四条室町,三条室町,694
2021-W18,三条室町,四条室町,696
2021-W18,三条室町,三条新町,538
2021-W18,三条新町,三条室町,556
2021-W18,三条烏丸,三条車屋町,882
2021-W18,五条新町,四条新町,796
2021-W18,四条新町,三条新町,587
2021-W18,四条室町,四条新町,725
2021-W18,五条烏丸,五条車屋町,884
2021-W18,五条烏丸,五条室町,688
2021-W18,五条室町,五条烏丸,704
2021-W18,五条室町,五条新町,577
2021-W18,五条新町,五条室町,567
2021-W18,五条新町,五条堀川,422
2021-W18,五条堀川,五条新町,394
2021-W18,五条車屋町,四条車屋町,847
2021-W18,四条車屋町,五条車屋町,863
2021-W18,四条車屋町,四条烏丸,50
2021-W18,四条烏丸,四条車屋町,47
2021-W18,五条烏丸,四条烏丸,52
2021-W18,四条烏丸,五条烏丸,50
2021-W18,四条烏丸,四条室町,40
2021-W18,四条室町,四条烏丸,40
2021-W18,五条室町,四条室町,866
2021-W18,四条室町,五条室町,862
2021-W18,四条新町,四条室町,740
2021-W18,三条新町,四条新町,590
2021-W18,五条車屋町,五条烏丸,895
2021-W18,三条堀川,三条新町,365
2021-W18,一条車屋町,二条車屋町,405
2021-W18,一条車屋町,一条烏丸,580
2021-W18,一条烏丸,一条車屋町,595
2021-W18,二条烏丸,一条烏丸,564
2021-W18,一条烏丸,二条烏丸,557
2021-W18,一条烏丸,一条室町,339
2021-W18,一条室町,一条烏丸,358
2021-W18,二条室町,一条室町,386
2021-W18,一条室町,二条室町,395
2021-W18,一条室町,一条新町,265
2021-W18,一条新町,一条室町,255
2021-W18,二条新町,一条新町,252
2021-W18,一条新町,二条新町,256
2021-W18,一条新町,一条堀川,75
2021-W18,一条堀川,一条新町,97
2021-W18,二条堀川,一条堀川,90
2021-W18,一条堀川,二条堀川,97
2021-W18,二条車屋町,一条車屋町,405
2021-W18,二条堀川,三条堀川,278
2021-W18,三条新町,三条堀川,374
2021-W18,二条堀川,二条新町,243
2021-W18,四条堀川,三条堀川,438
2021-W18,三条堀川,四条堀川,438
2021-W18,三条車屋町,二条車屋町,528
2021-W18,二条車屋町,三条車屋町,530
2021-W18,二条車屋町,二条烏丸,699
2021-W18,二条烏丸,二条車屋町,691
2021-W18,三条烏丸,二条烏丸,722
2021-W18,二条烏丸,三条烏丸,721
2021-W18,三条堀川,二条堀川,297
2021-W18,二条室町,二条烏丸,568
2021-W18,三条室町,二条室町,553
2021-W18,二条室町,三条室町,568
2021-W18,二条室町,二条新町,452
2021-W18,二条新町,二条室町,441
2021-W18,三条新町,二条新町,372
2021-W18,二条新町,三条新町,373
2021-W18,二条新町,二条堀川,221
2021-W18,二条烏丸,二条室町,551
2021-W19,四条新町,四条堀川,657
2021-W19,四条堀川,四条新町,655
2021-W19,五条堀川,四条堀川,665
2021-W19,四条堀川,五条堀川,654
2021-W19,四条車屋町,三条車屋町,818
2021-W19,三条車屋町,四条車屋町,826
2021-W19,三条車屋町,三条烏丸,983
2021-W19,三条新町,三条室町,682
2021-W19,四条烏丸,三条烏丸,45
2021-W19,三条烏丸,四条烏丸,45
2021-W19,三条烏丸,三条室町,839
2021-W19,三条室町,三条烏丸,823
2021-W19,四条室町,三条室町,847
2021-W19,三条室町,四条室町,839
2021-W19,三条室町,三条新町,671
2021-W19,四条新町,五条新町,839
2021-W19,三条烏丸,三条車屋町,989
2021-W19,五条新町,四条新町,867
2021-W19,四条車屋町,四条烏丸,56
2021-W19,四条室町,四条新町,805
2021-W19,四条新町,三条新町,655
2021-W19,五条烏丸,五条車屋町,1001
2021-W19,五条烏丸,五条室町,854
2021-W19,五条室町,五条烏丸,834
2021-W19,五条室町,五条新町,629
2021-W19,五条新町,五条室町,637
2021-W19,五条新町,五条堀川,525
2021-W19,五条堀川,五条新町,535
2021-W19,五条車屋町,四条車屋町,1033
2021-W19,四条車屋町,五条車屋町,1005
2021-W19,四条烏丸,四条車屋町,55
2021-W19,五条烏丸,四条烏丸,54
2021-W19,四条烏丸,五条烏丸,55
2021-W19,四条烏丸,四条室町,45
2021-W19,四条室町,四条烏丸,45
2021-W19,五条室町,四条室町,988
2021-W19,四条室町,五条室町,1010
2021-W19,四条新町,四条室町,816
2021-W19,三条新町,四条新町,634
2021-W19,五条車屋町,五条烏丸,983
2021-W19,三条堀川,三条新町,466
2021-W19,一条車屋町,二条車屋町,489
2021-W19,一条車屋町,一条烏丸,701
2021-W19,一条烏丸,一条車屋町,683
2021-W19,二条烏丸,一条烏丸,643
2021-W19,一条烏丸,二条烏丸,656
2021-W19,一条烏丸,一条室町,527
2021-W19,一条室町,一条烏丸,505
2021-W19,二条室町,一条室町,546
2021-W19,一条室町,二条室町,518
2021-W19,一条室町,一条新町,302
2021-W19,一条新町,一条室町,311
2021-W19,二条新町,一条新町,414
2021-W19,一条新町,二条新町,387
2021-W19,一条新町,一条堀川,127
2021-W19,一条堀川,一条新町,131
2021-W19,二条堀川,一条堀川,144
2021-W19,一条堀川,二条堀川,135
2021-W19,二条車屋町,一条車屋町,486
2021-W19,二条堀川,三条堀川,338
2021-W19,三条新町,三条堀川,463
2021-W19,二条堀川,二条新町,339
2021-W19,三条堀川,二条堀川,339
2021-W19,四条堀川,三条堀川,498
2021-W19,三条堀川,四条堀川,505
2021-W19,三条車屋町,二条車屋町,700
2021-W19,二条車屋町,三条車屋町,689
2021-W19,二条烏丸,二条車屋町,840
2021-W19,三条烏丸,二条烏丸,838
2021-W19,二条烏丸,三条烏丸,853
2021-W19,二条車屋町,二条烏丸,847
2021-W19,二条室町,二条烏丸,656
2021-W19,三条室町,二条室町,659
2021-W19,二条室町,三条室町,660
2021-W19,二条新町,二条堀川,358
2021-W19,二条室町,二条新町,521
2021-W19,二条新町,二条室町,512
2021-W19,三条新町,二条新町,519
2021-W19,二条新町,三条新町,538
2021-W19,二条烏丸,二条室町,655
2021-W20,五条新町,四条新町,1049
2021-W20,四条車屋町,三条車屋町,985
2021-W20,四条堀川,五条堀川,783
2021-W20,四条新町,五条新町,1012
2021-W20,四条堀川,四条新町,756
2021-W20,四条新町,四条堀川,764
2021-W20,三条車屋町,四条車屋町,984
2021-W20,五条堀川,四条堀川,776
2021-W20,三条車屋町,三条烏丸,1167
2021-W20,三条烏丸,三条室町,927
2021-W20,四条烏丸,三条烏丸,53
2021-W20,三条烏丸,四条烏丸,52
2021-W20,三条室町,三条烏丸,928
2021-W20,四条室町,三条室町,955
2021-W20,三条室町,四条室町,967
2021-W20,三条室町,三条新町,803
2021-W20,三条新町,三条室町,810
2021-W20,三条烏丸,三条車屋町,1155
2021-W20,四条新町,四条室町,945
2021-W20,四条新町,三条新町,767
2021-W20,四条室町,五条室町,1107
2021-W20,五条車屋町,五条烏丸,1105
2021-W20,五条烏丸,五条車屋町,1120
2021-W20,五条烏丸,五条室町,955
2021-W20,五条室町,五条烏丸,961
2021-W20,五条室町,五条新町,777
2021-W20,五条新町,五条室町,750
2021-W20,五条新町,五条堀川,637
2021-W20,五条堀川,五条新町,656
2021-W20,五条車屋町,四条車屋町,1156
2021-W20,四条車屋町,五条車屋町,1171
2021-W20,四条車屋町,四条烏丸,62
2021-W20,四条烏丸,四条車屋町,62
2021-W20,五条烏丸,四条烏丸,61
2021-W20,四条烏丸,五条烏丸,61
2021-W20,四条烏丸,四条室町,52
2021-W20,四条室町,四条烏丸,53
2021-W20,五条室町,四条室町,1120
2021-W20,四条室町,四条新町,954
2021-W20,三条新町,四条新町,782
2021-W20,一条堀川,二条堀川,375
2021-W20,三条堀川,三条新町,645
2021-W20,一条車屋町,二条車屋町,664
2021-W20,一条車屋町,一条烏丸,828
2021-W20,一条烏丸,一条車屋町,823
2021-W20,二条烏丸,一条烏丸,796
2021-W20,一条烏丸,二条烏丸,802
2021-W20,一条烏丸,一条室町,628
2021-W20,二条室町,一条室町,645
2021-W20,二条車屋町,一条車屋町,670
2021-W20,一条室町,二条室町,617
2021-W20,一条新町,一条室町,482
2021-W20,二条新町,一条新町,484
2021-W20,一条新町,二条新町,494
2021-W20,一条新町,一条堀川,254
2021-W20,一条堀川,一条新町,271
2021-W20,二条堀川,一条堀川,373
2021-W20,三条新町,三条堀川,659
2021-W20,一条室町,一条新町,507
2021-W20,二条堀川,三条堀川,480
2021-W20,一条室町,一条烏丸,644
2021-W20,二条堀川,二条新町,489
2021-W20,四条堀川,三条堀川,634
2021-W20,三条堀川,二条堀川,466
2021-W20,三条堀川,四条堀川,621
2021-W20,三条車屋町,二条車屋町,800
2021-W20,二条車屋町,三条車屋町,785
2021-W20,二条車屋町,二条烏丸,1000
2021-W20,三条烏丸,二条烏丸,971
2021-W20,二条烏丸,三条烏丸,970
2021-W20,二条烏丸,二条室町,800
2021-W20,二条烏丸,二条車屋町,968
2021-W20,三条室町,二条室町,812
2021-W20,二条室町,三条室町,806
2021-W20,二条室町,二条新町,633
2021-W20,二条新町,二条室町,636
2021-W20,三条新町,二条新町,650
2021-W20,二条新町,三条新町,657
2021-W20,二条新町,二条堀川,479
2021-W20,二条室町,二条烏丸,804
2021-W21,三条車屋町,四条車屋町,1086
2021-W21,四条車屋町,三条車屋町,1110
2021-W21,四条新町,四条堀川,917
2021-W21,五条堀川,四条堀川,924
2021-W21,四条堀川,四条新町,910
2021-W21,三条車屋町,三条烏丸,1222
2021-W21,四条堀川,五条堀川,907
2021-W21,三条烏丸,三条車屋町,1216
2021-W21,四条新町,三条新町,946
2021-W21,三条烏丸,四条烏丸,57
2021-W21,三条烏丸,三条室町,1085
2021-W21,三条室町,三条烏丸,1085
2021-W21,四条室町,三条室町,1115
2021-W21,三条室町,四条室町,1070
2021-W21,三条室町,三条新町,915
2021-W21,三条新町,三条室町,919
2021-W21,四条新町,五条新町,1077
2021-W21,四条烏丸,三条烏丸,57
2021-W21,五条新町,四条新町,1086
2021-W21,四条烏丸,四条車屋町,67
2021-W21,四条室町,四条新町,1102
2021-W21,三条新町,四条新町,922
2021-W21,五条烏丸,五条車屋町,1245
2021-W21,五条烏丸,五条室町,1093
2021-W21,五条室町,五条烏丸,1104
2021-W21,五条室町,五条新町,948
2021-W21,五条新町,五条室町,934
2021-W21,五条新町,五条堀川,749
2021-W21,五条堀川,五条新町,744
2021-W21,五条車屋町,四条車屋町,1224
2021-W21,四条車屋町,五条車屋町,1220
2021-W21,四条車屋町,四条烏丸,68
2021-W21,五条烏丸,四条烏丸,71
2021-W21,四条烏丸,五条烏丸,70
2021-W21,四条烏丸,四条室町,59
2021-W21,四条室町,四条烏丸,58
2021-W21,五条室町,四条室町,1192
2021-W21,四条室町,五条室町,1200
2021-W21,四条新町,四条室町,1114
2021-W21,五条車屋町,五条烏丸,1217
2021-W21,三条新町,三条堀川,795
2021-W21,四条堀川,三条堀川,762
2021-W21,一条車屋町,一条烏丸,935
2021-W21,一条烏丸,一条車屋町,937
2021-W21,二条烏丸,一条烏丸,924
2021-W21,一条烏丸,二条烏丸,922
2021-W21,一条烏丸,一条室町,775
2021-W21,一条室町,一条烏丸,764
2021-W21,一条室町,二条室町,741
2021-W21,一条車屋町,二条車屋町,750
2021-W21,一条室町,一条新町,599
2021-W21,二条新町,一条新町,585
2021-W21,一条新町,二条新町,594
2021-W21,一条新町,一条堀川,398
2021-W21,一条堀川,一条新町,419
2021-W21,二条堀川,一条堀川,400
2021-W21,一条堀川,二条堀川,416
2021-W21,三条堀川,三条新町,801
2021-W21,一条新町,一条室町,592
2021-W21,二条車屋町,一条車屋町,761
2021-W21,二条室町,一条室町,738
2021-W21,三条堀川,二条堀川,616
2021-W21,二条堀川,三条堀川,600
2021-W21,三条車屋町,二条車屋町,886
2021-W21,二条車屋町,三条車屋町,884
2021-W21,二条車屋町,二条烏丸,1085
2021-W21,二条烏丸,二条車屋町,1074
2021-W21,三条烏丸,二条烏丸,1071
2021-W21,二条烏丸,三条烏丸,1089
2021-W21,二条烏丸,二条室町,922
2021-W21,二条室町,二条烏丸,885
2021-W21,三条堀川,四条堀川,754
2021-W21,二条室町,三条室町,971
2021-W21,二条室町,二条新町,769
2021-W21,二条新町,二条室町,774
2021-W21,三条新町,二条新町,714
2021-W21,二条新町,三条新町,742
2021-W21,二条新町,二条堀川,592
2021-W21,二条堀川,二条新町,602
2021-W21,三条室町,二条室町,983
2021-W22,四条新町,五条新町,1151
2021-W22,四条新町,四条堀川,941
2021-W22,四条堀川,四条新町,940
2021-W22,五条堀川,四条堀川,928
2021-W22,四条堀川,五条堀川,940
2021-W22,四条車屋町,三条車屋町,1139
2021-W22,三条車屋町,四条車屋町,1140
2021-W22,三条車屋町,三条烏丸,1283
2021-W22,三条室町,三条烏丸,1086
2021-W22,四条烏丸,三条烏丸,58
2021-W22,三条烏丸,四条烏丸,59
2021-W22,三条烏丸,三条室町,1083
2021-W22,四条室町,三条室町,1076
2021-W22,三条室町,四条室町,1091
2021-W22,三条室町,三条新町,955
2021-W22,三条新町,三条室町,956
2021-W22,三条烏丸,三条車屋町,1272
2021-W22,五条新町,四条新町,1158
2021-W22,四条新町,三条新町,971
2021-W22,四条室町,四条新町,1163
2021-W22,五条烏丸,五条車屋町,1322
2021-W22,五条烏丸,五条室町,1144
2021-W22,五条室町,五条烏丸,1152
2021-W22,五条室町,五条新町,957
2021-W22,五条新町,五条室町,953
2021-W22,五条新町,五条堀川,824
2021-W22,五条堀川,五条新町,801
2021-W22,五条車屋町,四条車屋町,1255
2021-W22,四条車屋町,五条車屋町,1277
2021-W22,四条車屋町,四条烏丸,70
2021-W22,四条烏丸,四条車屋町,69
2021-W22,五条烏丸,四条烏丸,66
2021-W22,四条烏丸,五条烏丸,67
2021-W22,四条烏丸,四条室町,60
2021-W22,四条室町,四条烏丸,60
2021-W22,五条室町,四条室町,1275
2021-W22,四条室町,五条室町,1259
2021-W22,四条新町,四条室町,1144
2021-W22,三条新町,四条新町,966
2021-W22,五条車屋町,五条烏丸,1314
2021-W22,三条堀川,三条新町,790
2021-W22,一条車屋町,二条車屋町,780
2021-W22,一条車屋町,一条烏丸,908
2021-W22,一条烏丸,一条車屋町,922
2021-W22,二条烏丸,一条烏丸,957
2021-W22,一条烏丸,二条烏丸,958
2021-W22,一条烏丸,一条室町,797
2021-W22,一条室町,一条烏丸,815
2021-W22,二条室町,一条室町,775
2021-W22,一条室町,二条室町,796
2021-W22,一条室町,一条新町,653
2021-W22,一条新町,一条室町,622
2021-W22,二条新町,一条新町,682
2021-W22,一条新町,二条新町,662
2021-W22,一条新町,一条堀川,395
2021-W22,一条堀川,一条新町,423
2021-W22,二条堀川,一条堀川,494
2021-W22,一条堀川,二条堀川,486
2021-W22,二条車屋町,一条車屋町,791
2021-W22,二条堀川,三条堀川,660
2021-W22,三条新町,三条堀川,781
2021-W22,二条堀川,二条新町,611
2021-W22,三条堀川,二条堀川,651
2021-W22,四条堀川,三条堀川,789
2021-W22,三条堀川,四条堀川,773
2021-W22,三条車屋町,二条車屋町,970
2021-W22,二条車屋町,三条車屋町,964
2021-W22,二条烏丸,二条車屋町,1107
2021-W22,三条烏丸,二条烏丸,1101
2021-W22,二条烏丸,三条烏丸,1123
2021-W22,二条車屋町,二条烏丸,1113
2021-W22,二条室町,二条烏丸,974
2021-W22,三条室町,二条室町,972
2021-W22,二条室町,三条室町,950
2021-W22,二条新町,二条堀川,614
2021-W22,二条室町,二条新町,753
2021-W22,二条新町,二条室町,761
2021-W22,三条新町,二条新町,770
2021-W22,二条新町,三条新町,776
2021-W22,二条烏丸,二条室町,959
2021-W23,三条車屋町,四条車屋町,1077
2021-W23,四条車屋町,三条車屋町,1101
2021-W23,四条新町,四条堀川,930
2021-W23,五条堀川,四条堀川,903
2021-W23,四条堀川,四条新町,916
2021-W23,三条車屋町,三条烏丸,1209
2021-W23,四条堀川,五条堀川,915
2021-W23,三条烏丸,三条車屋町,1231
2021-W23,四条新町,三条新町,926
2021-W23,三条烏丸,四条烏丸,59
2021-W23,三条烏丸,三条室町,1043
2021-W23,三条室町,三条烏丸,1069
2021-W23,四条室町,三条室町,1051
2021-W23,三条室町,四条室町,1080
2021-W23,三条室町,三条新町,865
2021-W23,三条新町,三条室町,881
2021-W23,四条新町,五条新町,1017
2021-W23,四条烏丸,三条烏丸,58
2021-W23,五条新町,四条新町,1015
2021-W23,四条烏丸,四条車屋町,66
2021-W23,四条室町,四条新町,1030
2021-W23,三条新町,四条新町,908
2021-W23,五条烏丸,五条車屋町,1217
2021-W23,五条烏丸,五条室町,1021
2021-W23,五条室町,五条烏丸,1031
2021-W23,五条室町,五条新町,913
2021-W23,五条新町,五条室町,927
2021-W23,五条新町,五条堀川,743
2021-W23,五条堀川,五条新町,720
2021-W23,五条車屋町,四条車屋町,1275
2021-W23,四条車屋町,五条車屋町,1253
2021-W23,四条車屋町,四条烏丸,68
2021-W23,五条烏丸,四条烏丸,65
2021-W23,四条烏丸,五条烏丸,65
2021-W23,四条烏丸,四条室町,56
2021-W23,四条室町,四条烏丸,56
2021-W23,五条室町,四条室町,1255
2021-W23,四条室町,五条室町,1230
2021-W23,四条新町,四条室町,1018
2021-W23,五条車屋町,五条烏丸,1198
2021-W23,三条新町,三条堀川,720
2021-W23,四条堀川,三条堀川,745
2021-W23,一条車屋町,一条烏丸,893
2021-W23,一条烏丸,一条車屋町,906
2021-W23,二条烏丸,一条烏丸,879
2021-W23,一条烏丸,二条烏丸,886
2021-W23,一条烏丸,一条室町,731
2021-W23,二条室町,一条室町,706
2021-W23,一条室町,二条室町,715
2021-W23,一条車屋町,二条車屋町,727
2021-W23,一条室町,一条新町,536
2021-W23,二条新町,一条新町,575
2021-W23,一条新町,二条新町,576
2021-W23,一条新町,一条堀川,467
2021-W23,一条堀川,一条新町,461
2021-W23,二条堀川,一条堀川,440
2021-W23,一条堀川,二条堀川,444
2021-W23,三条堀川,三条新町,713
2021-W23,一条新町,一条室町,554
2021-W23,二条車屋町,一条車屋町,733
2021-W23,一条室町,一条烏丸,729
2021-W23,三条堀川,二条堀川,603
2021-W23,二条堀川,三条堀川,571
2021-W23,三条堀川,四条堀川,766
2021-W23,三条車屋町,二条車屋町,891
2021-W23,二条車屋町,三条車屋町,910
2021-W23,二条車屋町,二条烏丸,1047
2021-W23,二条烏丸,二条車屋町,1048
2021-W23,二条烏丸,三条烏丸,1018
2021-W23,二条烏丸,二条室町,905
2021-W23,二条室町,二条烏丸,897
2021-W23,三条烏丸,二条烏丸,992
2021-W23,二条室町,三条室町,908
2021-W23,二条室町,二条新町,741
2021-W23,二条新町,二条室町,724
2021-W23,三条新町,二条新町,717
2021-W23,二条新町,三条新町,716
2021-W23,二条新町,二条堀川,595
2021-W23,二条堀川,二条新町,607
2021-W23,三条室町,二条室町,891
2021-W24,四条新町,四条堀川,805
2021-W24,四条堀川,四条新町,804
2021-W24,五条堀川,四条堀川,732
2021-W24,四条堀川,五条堀川,747
2021-W24,四条車屋町,三条車屋町,954
2021-W24,三条車屋町,四条車屋町,959
2021-W24,三条車屋町,三条烏丸,1101
2021-W24,三条烏丸,三条室町,981
2021-W24,四条烏丸,三条烏丸,52
2021-W24,三条烏丸,四条烏丸,53
2021-W24,三条新町,三条室町,770
2021-W24,三条室町,三条烏丸,960
2021-W24,四条室町,三条室町,972
2021-W24,三条室町,四条室町,985
2021-W24,三条室町,三条新町,757
2021-W24,四条新町,五条新町,937
2021-W24,五条車屋町,五条烏丸,1088
2021-W24,五条新町,四条新町,925
2021-W24,四条車屋町,四条烏丸,58
2021-W24,四条室町,四条新町,936
2021-W24,四条新町,三条新町,788
2021-W24,五条烏丸,五条車屋町,1094
2021-W24,五条烏丸,五条室町,907
2021-W24,五条室町,五条烏丸,919
2021-W24,五条室町,五条新町,810
2021-W24,五条新町,五条室町,811
2021-W24,五条新町,五条堀川,610
2021-W24,五条堀川,五条新町,625
2021-W24,五条車屋町,四条車屋町,1122
2021-W24,四条車屋町,五条車屋町,1106
2021-W24,四条烏丸,四条車屋町,58
2021-W24,五条烏丸,四条烏丸,60
2021-W24,四条烏丸,五条烏丸,61
2021-W24,四条烏丸,四条室町,50
2021-W24,四条室町,四条烏丸,50
2021-W24,五条室町,四条室町,1094
2021-W24,四条室町,五条室町,1096
2021-W24,四条新町,四条室町,926
2021-W24,三条新町,四条新町,805
2021-W24,三条烏丸,三条車屋町,1108
2021-W24,三条堀川,三条新町,604
2021-W24,一条車屋町,二条車屋町,591
2021-W24,一条車屋町,一条烏丸,745
2021-W24,一条烏丸,一条車屋町,739
2021-W24,二条烏丸,一条烏丸,800
2021-W24,一条烏丸,二条烏丸,777
2021-W24,一条烏丸,一条室町,642
2021-W24,一条室町,一条烏丸,625
2021-W24,二条室町,一条室町,590
2021-W24,一条室町,二条室町,580
2021-W24,一条室町,一条新町,490
2021-W24,一条新町,一条室町,483
2021-W24,二条新町,一条新町,483
2021-W24,一条新町,二条新町,469
2021-W24,一条新町,一条堀川,288
2021-W24,一条堀川,一条新町,285
2021-W24,二条堀川,一条堀川,299
2021-W24,一条堀川,二条堀川,290
2021-W24,二条車屋町,一条車屋町,585
2021-W24,二条堀川,三条堀川,472
2021-W24,三条新町,三条堀川,590
2021-W24,二条堀川,二条新町,458
2021-W24,四条堀川,三条堀川,647
2021-W24,三条堀川,四条堀川,618
2021-W24,三条車屋町,二条車屋町,760
2021-W24,二条車屋町,三条車屋町,779
2021-W24,二条車屋町,二条烏丸,931
2021-W24,二条烏丸,二条車屋町,942
2021-W24,三条烏丸,二条烏丸,932
2021-W24,二条烏丸,三条烏丸,916
2021-W24,三条堀川,二条堀川,468
2021-W24,二条室町,二条烏丸,779
2021-W24,三条室町,二条室町,757
2021-W24,二条室町,三条室町,804
2021-W24,二条室町,二条新町,597
2021-W24,二条新町,二条室町,604
2021-W24,三条新町,二条新町,600
2021-W24,二条新町,三条新町,630
2021-W24,二条新町,二条堀川,435
2021-W24,二条烏丸,二条室町,771
2021-W25,四条新町,四条堀川,622
2021-W25,四条堀川,四条新町,609
2021-W25,五条堀川,四条堀川,628
2021-W25,四条堀川,五条堀川,624
2021-W25,四条車屋町,三条車屋町,757
2021-W25,三条車屋町,四条車屋町,750
2021-W25,三条車屋町,三条烏丸,965
2021-W25,三条新町,三条室町,629
2021-W25,四条烏丸,三条烏丸,43
2021-W25,三条烏丸,四条烏丸,43
2021-W25,三条烏丸,三条室町,793
2021-W25,三条室町,三条烏丸,818
2021-W25,四条室町,三条室町,817
2021-W25,三条室町,四条室町,794
2021-W25,三条室町,三条新町,648
2021-W25,四条新町,五条新町,814
2021-W25,三条烏丸,三条車屋町,965
2021-W25,五条新町,四条新町,830
2021-W25,四条車屋町,四条烏丸,51
2021-W25,四条室町,四条新町,768
2021-W25,四条新町,三条新町,686
2021-W25,五条烏丸,五条車屋町,953
2021-W25,五条烏丸,五条室町,806
2021-W25,五条室町,五条烏丸,817
2021-W25,五条室町,五条新町,655
2021-W25,五条新町,五条室町,649
2021-W25,五条新町,五条堀川,473
2021-W25,五条堀川,五条新町,446
2021-W25,五条車屋町,四条車屋町,939
2021-W25,四条車屋町,五条車屋町,948
2021-W25,四条烏丸,四条車屋町,50
2021-W25,五条烏丸,四条烏丸,53
2021-W25,四条烏丸,五条烏丸,53
2021-W25,四条烏丸,四条室町,44
2021-W25,四条室町,四条烏丸,45
2021-W25,五条室町,四条室町,991
2021-W25,四条室町,五条室町,985
2021-W25,四条新町,四条室町,762
2021-W25,三条新町,四条新町,683
2021-W25,五条車屋町,五条烏丸,931
2021-W25,三条堀川,三条新町,452
2021-W25,一条車屋町,二条車屋町,426
2021-W25,一条車屋町,一条烏丸,654
2021-W25,一条烏丸,一条車屋町,656
2021-W25,二条烏丸,一条烏丸,651
2021-W25,一条烏丸,二条烏丸,638
2021-W25,一条烏丸,一条室町,464
2021-W25,一条室町,一条烏丸,474
2021-W25,二条室町,一条室町,450
2021-W25,一条室町,二条室町,464
2021-W25,一条室町,一条新町,362
2021-W25,一条新町,一条室町,352
2021-W25,二条新町,一条新町,330
2021-W25,一条新町,二条新町,312
2021-W25,一条新町,一条堀川,229
2021-W25,一条堀川,一条新町,206
2021-W25,二条堀川,一条堀川,164
2021-W25,一条堀川,二条堀川,165
2021-W25,二条車屋町,一条車屋町,404
2021-W25,二条堀川,三条堀川,307
2021-W25,三条新町,三条堀川,442
2021-W25,二条堀川,二条新町,332
2021-W25,三条堀川,二条堀川,283
2021-W25,四条堀川,三条堀川,478
2021-W25,三条堀川,四条堀川,466
2021-W25,三条車屋町,二条車屋町,626
2021-W25,二条車屋町,三条車屋町,635
2021-W25,二条烏丸,二条車屋町,773
2021-W25,三条烏丸,二条烏丸,817
2021-W25,二条烏丸,三条烏丸,823
2021-W25,二条車屋町,二条烏丸,766
2021-W25,二条室町,二条烏丸,652
2021-W25,三条室町,二条室町,618
2021-W25,二条室町,三条室町,600
2021-W25,二条新町,二条堀川,323
2021-W25,二条室町,二条新町,474
2021-W25,二条新町,二条室町,486
2021-W25,三条新町,二条新町,475
2021-W25,二条新町,三条新町,458
2021-W25,二条烏丸,二条室町,626
2021-W26,四条新町,五条新町,724
2021-W26,四条新町,四条堀川,535
2021-W26,四条堀川,四条新町,521
2021-W26,五条堀川,四条堀川,582
2021-W26,四条堀川,五条堀川,580
2021-W26,四条車屋町,三条車屋町,700
2021-W26,三条車屋町,四条車屋町,713
2021-W26,三条車屋町,三条烏丸,876
2021-W26,三条室町,三条烏丸,718
2021-W26,四条烏丸,三条烏丸,43
2021-W26,三条烏丸,四条烏丸,41
2021-W26,三条烏丸,三条室町,706
2021-W26,四条室町,三条室町,709
2021-W26,三条室町,四条室町,700
2021-W26,三条室町,三条新町,558
2021-W26,三条新町,三条室町,540
2021-W26,三条烏丸,三条車屋町,892
2021-W26,五条新町,四条新町,721
2021-W26,四条新町,三条新町,565
2021-W26,四条室町,四条新町,747
2021-W26,五条烏丸,五条車屋町,883
2021-W26,五条烏丸,五条室町,697
2021-W26,五条室町,五条烏丸,699
2021-W26,五条室町,五条新町,562
2021-W26,五条新町,五条室町,569
2021-W26,五条新町,五条堀川,409
2021-W26,五条堀川,五条新町,395
2021-W26,五条車屋町,四条車屋町,861
2021-W26,四条車屋町,五条車屋町,885
2021-W26,四条車屋町,四条烏丸,49
2021-W26,四条烏丸,四条車屋町,47
2021-W26,五条烏丸,四条烏丸,53
2021-W26,四条烏丸,五条烏丸,53
2021-W26,四条烏丸,四条室町,39
2021-W26,四条室町,四条烏丸,39
2021-W26,五条室町,四条室町,956
2021-W26,四条室町,五条室町,902
2021-W26,四条新町,四条室町,743
2021-W26,三条新町,四条新町,565
2021-W26,五条車屋町,五条烏丸,905
2021-W26,三条堀川,三条新町,353
2021-W26,一条車屋町,二条車屋町,375
2021-W26,一条車屋町,一条烏丸,615
2021-W26,一条烏丸,一条車屋町,608
2021-W26,二条烏丸,一条烏丸,544
2021-W26,一条烏丸,二条烏丸,541
2021-W26,一条烏丸,一条室町,410
2021-W26,一条室町,一条烏丸,418
2021-W26,二条室町,一条室町,389
2021-W26,一条室町,二条室町,366
2021-W26,一条室町,一条新町,261
2021-W26,一条新町,一条室町,259
2021-W26,二条新町,一条新町,204
2021-W26,一条新町,二条新町,187
2021-W26,一条新町,一条堀川,104
2021-W26,一条堀川,一条新町,83
2021-W26,二条堀川,一条堀川,93
2021-W26,一条堀川,二条堀川,91
2021-W26,二条車屋町,一条車屋町,367
2021-W26,二条堀川,三条堀川,214
2021-W26,三条新町,三条堀川,383
2021-W26,二条堀川,二条新町,202
2021-W26,四条堀川,三条堀川,409
2021-W26,三条堀川,四条堀川,402
2021-W26,三条車屋町,二条車屋町,541
2021-W26,二条車屋町,三条車屋町,554
2021-W26,二条車屋町,二条烏丸,747
2021-W26,二条烏丸,二条車屋町,717
2021-W26,三条烏丸,二条烏丸,716
2021-W26,二条烏丸,三条烏丸,708
2021-W26,三条堀川,二条堀川,198
2021-W26,二条室町,二条烏丸,560
2021-W26,三条室町,二条室町,592
2021-W26,二条室町,三条室町,599
2021-W26,二条室町,二条新町,393
2021-W26,二条新町,二条室町,435
2021-W26,三条新町,二条新町,404
2021-W26,二条新町,三条新町,399
2021-W26,二条新町,二条堀川,212
2021-W26,二条烏丸,二条室町,556
2021-W27,五条新町,四条新町,720
2021-W27,四条車屋町,三条車屋町,711
2021-W27,四条堀川,五条堀川,563
2021-W27,四条新町,五条新町,735
2021-W27,四条堀川,四条新町,539
2021-W27,四条新町,四条堀川,534
2021-W27,三条車屋町,四条車屋町,711
2021-W27,五条堀川,四条堀川,581
2021-W27,三条車屋町,三条烏丸,886
2021-W27,三条烏丸,三条室町,728
2021-W27,四条烏丸,三条烏丸,42
2021-W27,三条烏丸,四条烏丸,42
2021-W27,三条室町,三条烏丸,728
2021-W27,四条室町,三条室町,727
2021-W27,三条室町,四条室町,720
2021-W27,三条室町,三条新町,507
2021-W27,三条新町,三条室町,514
2021-W27,三条烏丸,三条車屋町,899
2021-W27,四条新町,四条室町,754
2021-W27,五条車屋町,五条烏丸,919
2021-W27,四条室町,五条室町,888
2021-W27,四条新町,三条新町,574
2021-W27,五条烏丸,五条車屋町,894
2021-W27,五条烏丸,五条室町,684
2021-W27,五条室町,五条烏丸,687
2021-W27,五条室町,五条新町,600
2021-W27,五条新町,五条室町,590
2021-W27,五条新町,五条堀川,401
2021-W27,五条堀川,五条新町,412
2021-W27,五条車屋町,四条車屋町,887
2021-W27,四条車屋町,五条車屋町,888
2021-W27,四条車屋町,四条烏丸,49
2021-W27,四条烏丸,四条車屋町,48
2021-W27,五条烏丸,四条烏丸,48
2021-W27,四条烏丸,五条烏丸,48
2021-W27,四条烏丸,四条室町,41
2021-W27,四条室町,四条烏丸,43
2021-W27,五条室町,四条室町,873
2021-W27,四条室町,四条新町,761
2021-W27,三条新町,四条新町,557
2021-W27,三条新町,三条堀川,399
2021-W27,三条堀川,三条新町,379
2021-W27,一条車屋町,二条車屋町,396
2021-W27,一条車屋町,一条烏丸,548
2021-W27,一条烏丸,一条車屋町,563
2021-W27,二条烏丸,一条烏丸,544
2021-W27,一条烏丸,二条烏丸,567
2021-W27,一条烏丸,一条室町,408
2021-W27,一条室町,一条烏丸,414
2021-W27,二条車屋町,一条車屋町,408
2021-W27,二条室町,一条室町,403
2021-W27,一条室町,一条新町,251
2021-W27,一条新町,一条室町,235
2021-W27,二条新町,一条新町,266
2021-W27,一条新町,二条新町,261
2021-W27,一条新町,一条堀川,93
2021-W27,一条堀川,一条新町,96
2021-W27,二条堀川,一条堀川,88
2021-W27,一条室町,二条室町,397
2021-W27,二条堀川,三条堀川,243
2021-W27,一条堀川,二条堀川,81
2021-W27,二条堀川,二条新町,263
2021-W27,四条堀川,三条堀川,356
2021-W27,三条堀川,四条堀川,376
2021-W27,三条車屋町,二条車屋町,570
2021-W27,二条車屋町,三条車屋町,565
2021-W27,二条車屋町,二条烏丸,768
2021-W27,三条堀川,二条堀川,241
2021-W27,三条烏丸,二条烏丸,708
2021-W27,二条烏丸,三条烏丸,714
2021-W27,二条烏丸,二条車屋町,749
2021-W27,二条室町,二条烏丸,584
2021-W27,三条室町,二条室町,620
2021-W27,二条室町,三条室町,600
2021-W27,二条室町,二条新町,431
2021-W27,二条新町,二条室町,434
2021-W27,三条新町,二条新町,383
2021-W27,二条新町,三条新町,398
2021-W27,二条新町,二条堀川,252
2021-W27,二条烏丸,二条室町,579
2021-W28,四条新町,四条堀川,637
2021-W28,三条車屋町,三条烏丸,961
2021-W28,四条堀川,四条新町,641
2021-W28,五条堀川,四条堀川,662
2021-W28,四条堀川,五条堀川,665
2021-W28,四条車屋町,三条車屋町,846
2021-W28,三条車屋町,四条車屋町,843
2021-W28,三条烏丸,三条車屋町,990
2021-W28,三条新町,三条室町,629
2021-W28,三条烏丸,四条烏丸,46
2021-W28,三条烏丸,三条室町,864
2021-W28,三条室町,三条烏丸,832
2021-W28,四条室町,三条室町,824
2021-W28,三条室町,四条室町,793
2021-W28,三条室町,三条新町,634
2021-W28,四条新町,五条新町,796
2021-W28,四条新町,三条新町,701
2021-W28,四条烏丸,三条烏丸,45
2021-W28,五条新町,四条新町,779
2021-W28,四条烏丸,四条車屋町,55
2021-W28,四条室町,四条新町,861
2021-W28,五条車屋町,五条烏丸,980
2021-W28,三条新町,四条新町,718
2021-W28,五条烏丸,五条室町,832
2021-W28,五条室町,五条烏丸,830
2021-W28,五条室町,五条新町,656
2021-W28,五条新町,五条室町,665
2021-W28,五条新町,五条堀川,491
2021-W28,五条堀川,五条新町,501
2021-W28,五条車屋町,四条車屋町,995
2021-W28,四条車屋町,五条車屋町,991
2021-W28,四条車屋町,四条烏丸,56
2021-W28,五条烏丸,四条烏丸,54
2021-W28,四条烏丸,五条烏丸,54
2021-W28,四条烏丸,四条室町,44
2021-W28,四条室町,四条烏丸,44
2021-W28,五条室町,四条室町,944
2021-W28,四条室町,五条室町,968
2021-W28,四条新町,四条室町,864
2021-W28,五条烏丸,五条車屋町,973
2021-W28,三条新町,三条堀川,520
2021-W28,四条堀川,三条堀川,533
2021-W28,一条車屋町,一条烏丸,657
2021-W28,一条烏丸,一条車屋町,656
2021-W28,二条烏丸,一条烏丸,648
2021-W28,一条烏丸,二条烏丸,651
2021-W28,一条烏丸,一条室町,483
2021-W28,一条室町,一条烏丸,478
2021-W28,二条室町,一条室町,516
2021-W28,一条車屋町,二条車屋町,512
2021-W28,一条室町,二条室町,544
2021-W28,一条新町,一条室町,338
2021-W28,二条新町,一条新町,318
2021-W28,一条新町,二条新町,303
2021-W28,一条新町,一条堀川,196
2021-W28,一条堀川,一条新町,227
2021-W28,二条堀川,一条堀川,187
2021-W28,一条堀川,二条堀川,194
2021-W28,一条室町,一条新町,345
2021-W28,二条車屋町,一条車屋町,493
2021-W28,三条堀川,三条新町,492
2021-W28,三条堀川,二条堀川,323
2021-W28,三条堀川,四条堀川,514
2021-W28,三条車屋町,二条車屋町,622
2021-W28,二条車屋町,三条車屋町,623
2021-W28,二条車屋町,二条烏丸,805
2021-W28,二条烏丸,二条車屋町,802
2021-W28,二条堀川,三条堀川,329
2021-W28,二条烏丸,三条烏丸,859
2021-W28,二条烏丸,二条室町,643
2021-W28,三条烏丸,二条烏丸,869
2021-W28,三条室町,二条室町,650
2021-W28,二条室町,三条室町,664
2021-W28,二条室町,二条新町,529
2021-W28,二条新町,二条室町,509
2021-W28,三条新町,二条新町,486
2021-W28,二条新町,三条新町,476
2021-W28,二条新町,二条堀川,340
2021-W28,二条堀川,二条新町,349
2021-W28,二条室町,二条烏丸,627
2021-W29,三条車屋町,四条車屋町,992
2021-W29,四条車屋町,三条車屋町,996
2021-W29,四条新町,四条堀川,859
2021-W29,五条堀川,四条堀川,786
2021-W29,四条堀川,四条新町,850
2021-W29,三条車屋町,三条烏丸,1127
2021-W29,四条堀川,五条堀川,807
2021-W29,三条烏丸,三条車屋町,1133
2021-W29,四条新町,三条新町,863
2021-W29,三条烏丸,四条烏丸,52
2021-W29,三条烏丸,三条室町,956
2021-W29,三条室町,三条烏丸,970
2021-W29,四条室町,三条室町,996
2021-W29,三条室町,四条室町,983
2021-W29,三条室町,三条新町,772
2021-W29,三条新町,三条室町,760
2021-W29,四条新町,五条新町,949
2021-W29,四条烏丸,三条烏丸,51
2021-W29,五条新町,四条新町,940
2021-W29,四条烏丸,四条車屋町,59
2021-W29,四条室町,四条新町,974
2021-W29,三条新町,四条新町,847
2021-W29,五条烏丸,五条車屋町,1112
2021-W29,五条烏丸,五条室町,951
2021-W29,五条室町,五条烏丸,975
2021-W29,五条室町,五条新町,834
2021-W29,五条新町,五条室町,817
2021-W29,五条新町,五条堀川,600
2021-W29,五条堀川,五条新町,619
2021-W29,五条車屋町,四条車屋町,1129
2021-W29,四条車屋町,五条車屋町,1123
2021-W29,四条車屋町,四条烏丸,59
2021-W29,五条烏丸,四条烏丸,62
2021-W29,四条烏丸,五条烏丸,63
2021-W29,四条烏丸,四条室町,55
2021-W29,四条室町,四条烏丸,53
2021-W29,五条室町,四条室町,1131
2021-W29,四条室町,五条室町,1126
2021-W29,四条新町,四条室町,974
2021-W29,五条車屋町,五条烏丸,1108
2021-W29,三条新町,三条堀川,632
2021-W29,四条堀川,三条堀川,695
2021-W29,一条車屋町,一条烏丸,814
2021-W29,一条烏丸,一条車屋町,797
2021-W29,二条烏丸,一条烏丸,847
2021-W29,一条烏丸,二条烏丸,858
2021-W29,一条烏丸,一条室町,690
2021-W29,一条室町,一条烏丸,682
2021-W29,一条室町,二条室町,629
2021-W29,一条車屋町,二条車屋町,613
2021-W29,一条室町,一条新町,484
2021-W29,二条新町,一条新町,489
2021-W29,一条新町,二条新町,490
2021-W29,一条新町,一条堀川,316
2021-W29,一条堀川,一条新町,308
2021-W29,二条堀川,一条堀川,286
2021-W29,一条堀川,二条堀川,319
2021-W29,三条堀川,三条新町,631
2021-W29,一条新町,一条室町,491
2021-W29,二条車屋町,一条車屋町,630
2021-W29,二条室町,一条室町,632
2021-W29,三条堀川,二条堀川,476
2021-W29,二条堀川,三条堀川,479
2021-W29,三条車屋町,二条車屋町,836
2021-W29,二条車屋町,三条車屋町,835
2021-W29,二条車屋町,二条烏丸,903
2021-W29,二条烏丸,二条車屋町,908
2021-W29,三条烏丸,二条烏丸,1002
2021-W29,二条烏丸,三条烏丸,1002
2021-W29,二条烏丸,二条室町,756
2021-W29,二条室町,二条烏丸,769
2021-W29,三条堀川,四条堀川,675
2021-W29,二条室町,三条室町,809
2021-W29,二条室町,二条新町,660
2021-W29,二条新町,二条室町,666
2021-W29,三条新町,二条新町,639
2021-W29,二条新町,三条新町,642
2021-W29,二条新町,二条堀川,498
2021-W29,二条堀川,二条新町,494
2021-W29,三条室町,二条室町,792
2021-W30,四条新町,五条新町,1110
2021-W30,四条新町,四条堀川,897
2021-W30,四条堀川,四条新町,896
2021-W30,五条堀川,四条堀川,930
2021-W30,四条堀川,五条堀川,939
2021-W30,四条車屋町,三条車屋町,1086
2021-W30,三条車屋町,四条車屋町,1070
2021-W30,三条車屋町,三条烏丸,1242
2021-W30,三条室町,三条烏丸,1057
2021-W30,四条烏丸,三条烏丸,58
2021-W30,三条烏丸,四条烏丸,58
2021-W30,三条烏丸,三条室町,1098
2021-W30,四条室町,三条室町,1105
2021-W30,三条室町,四条室町,1093
2021-W30,三条室町,三条新町,915
2021-W30,三条新町,三条室町,925
2021-W30,三条烏丸,三条車屋町,1255
2021-W30,五条新町,四条新町,1102
2021-W30,四条新町,三条新町,962
2021-W30,四条室町,四条新町,1093
2021-W30,五条烏丸,五条車屋町,1205
2021-W30,五条烏丸,五条室町,1138
2021-W30,五条室町,五条烏丸,1114
2021-W30,五条室町,五条新町,925
2021-W30,五条新町,五条室町,919
2021-W30,五条新町,五条堀川,789
2021-W30,五条堀川,五条新町,795
2021-W30,五条車屋町,四条車屋町,1238
2021-W30,四条車屋町,五条車屋町,1252
2021-W30,四条車屋町,四条烏丸,69
2021-W30,四条烏丸,四条車屋町,69
2021-W30,五条烏丸,四条烏丸,65
2021-W30,四条烏丸,五条烏丸,68
2021-W30,四条烏丸,四条室町,58
2021-W30,四条室町,四条烏丸,58
2021-W30,五条室町,四条室町,1233
2021-W30,四条室町,五条室町,1213
2021-W30,四条新町,四条室町,1095
2021-W30,三条新町,四条新町,980
2021-W30,五条車屋町,五条烏丸,1199
2021-W30,三条堀川,三条新町,772
2021-W30,一条車屋町,二条車屋町,771
2021-W30,一条車屋町,一条烏丸,940
2021-W30,一条烏丸,一条車屋町,903
2021-W30,二条烏丸,一条烏丸,925
2021-W30,一条烏丸,二条烏丸,924
2021-W30,一条烏丸,一条室町,761
2021-W30,一条室町,一条烏丸,745
2021-W30,二条室町,一条室町,755
2021-W30,一条室町,二条室町,743
2021-W30,一条室町,一条新町,626
2021-W30,一条新町,一条室町,631
2021-W30,二条新町,一条新町,578
2021-W30,一条新町,二条新町,593
2021-W30,一条新町,一条堀川,440
2021-W30,一条堀川,一条新町,428
2021-W30,二条堀川,一条堀川,434
2021-W30,一条堀川,二条堀川,428
2021-W30,二条車屋町,一条車屋町,776
2021-W30,二条堀川,三条堀川,612
2021-W30,三条新町,三条堀川,773
2021-W30,二条堀川,二条新町,570
2021-W30,四条堀川,三条堀川,775
2021-W30,三条堀川,四条堀川,781
2021-W30,三条車屋町,二条車屋町,941
2021-W30,二条車屋町,三条車屋町,930
2021-W30,二条車屋町,二条烏丸,1078
2021-W30,二条烏丸,二条車屋町,1046
2021-W30,三条烏丸,二条烏丸,1114
2021-W30,二条烏丸,三条烏丸,1096
2021-W30,三条堀川,二条堀川,631
2021-W30,二条室町,二条烏丸,907
2021-W30,三条室町,二条室町,893
2021-W30,二条室町,三条室町,888
2021-W30,二条室町,二条新町,756
2021-W30,二条新町,二条室町,772
2021-W30,三条新町,二条新町,818
2021-W30,二条新町,三条新町,802
2021-W30,二条新町,二条堀川,564
2021-W30,二条烏丸,二条室町,888
2021-W31,三条車屋町,四条車屋町,1080
2021-W31,四条車屋町,三条車屋町,1057
2021-W31,四条新町,四条堀川,958
2021-W31,五条堀川,四条堀川,957
2021-W31,四条堀川,四条新町,963
2021-W31,三条車屋町,三条烏丸,1273
2021-W31,四条堀川,五条堀川,947
2021-W31,三条烏丸,三条車屋町,1282
2021-W31,三条室町,三条烏丸,1074
2021-W31,三条烏丸,四条烏丸,61
2021-W31,三条烏丸,三条室町,1072
2021-W31,四条室町,三条室町,1115
2021-W31,三条室町,四条室町,1111
2021-W31,三条室町,三条新町,975
2021-W31,三条新町,三条室町,970
2021-W31,四条新町,五条新町,1166
2021-W31,四条烏丸,三条烏丸,64
2021-W31,五条新町,四条新町,1175
2021-W31,四条車屋町,四条烏丸,70
2021-W31,四条室町,四条新町,1131
2021-W31,五条烏丸,五条車屋町,1250
2021-W31,五条烏丸,五条室町,1122
2021-W31,五条室町,五条烏丸,1124
2021-W31,五条室町,五条新町,949
2021-W31,五条新町,五条室町,951
2021-W31,五条新町,五条堀川,776
2021-W31,五条堀川,五条新町,768
2021-W31,五条車屋町,四条車屋町,1233
2021-W31,四条車屋町,五条車屋町,1243
2021-W31,四条新町,三条新町,974
2021-W31,四条烏丸,四条車屋町,68
2021-W31,五条烏丸,四条烏丸,68
2021-W31,四条烏丸,五条烏丸,68
2021-W31,四条烏丸,四条室町,62
2021-W31,四条室町,四条烏丸,61
2021-W31,五条室町,四条室町,1325
2021-W31,四条室町,五条室町,1311
2021-W31,四条新町,四条室町,1126
2021-W31,三条新町,四条新町,978
2021-W31,五条車屋町,五条烏丸,1239
2021-W31,三条堀川,三条新町,774
2021-W31,一条車屋町,二条車屋町,810
2021-W31,一条車屋町,一条烏丸,915
2021-W31,一条烏丸,一条車屋町,939
2021-W31,二条烏丸,一条烏丸,986
2021-W31,一条烏丸,二条烏丸,952
2021-W31,一条烏丸,一条室町,753
2021-W31,一条室町,一条烏丸,787
2021-W31,二条室町,一条室町,754
2021-W31,一条室町,二条室町,760
2021-W31,一条室町,一条新町,660
2021-W31,一条新町,一条室町,635
2021-W31,二条新町,一条新町,660
2021-W31,一条新町,二条新町,668
2021-W31,一条新町,一条堀川,423
2021-W31,一条堀川,一条新町,464
2021-W31,二条堀川,一条堀川,467
2021-W31,一条堀川,二条堀川,454
2021-W31,二条車屋町,一条車屋町,836
2021-W31,二条堀川,三条堀川,606
2021-W31,三条新町,三条堀川,751
2021-W31,二条堀川,二条新町,678
2021-W31,三条堀川,二条堀川,610
2021-W31,四条堀川,三条堀川,817
2021-W31,三条堀川,四条堀川,821
2021-W31,三条車屋町,二条車屋町,915
2021-W31,二条車屋町,三条車屋町,927
2021-W31,二条烏丸,二条車屋町,1107
2021-W31,三条烏丸,二条烏丸,1106
2021-W31,二条烏丸,三条烏丸,1096
2021-W31,二条車屋町,二条烏丸,1104
2021-W31,二条室町,二条烏丸,1018
2021-W31,三条室町,二条室町,989
2021-W31,二条室町,三条室町,980
2021-W31,二条新町,二条堀川,662
2021-W31,二条室町,二条新町,818
2021-W31,二条新町,二条室町,815
2021-W31,三条新町,二条新町,741
2021-W31,二条新町,三条新町,752
2021-W31,二条烏丸,二条室町,1039
2021-W32,三条車屋町,四条車屋町,1041
2021-W32,四条車屋町,三条車屋町,1033
2021-W32,四条新町,四条堀川,920
2021-W32,五条堀川,四条堀川,837
2021-W32,四条堀川,四条新町,908
2021-W32,三条車屋町,三条烏丸,1285
2021-W32,四条堀川,五条堀川,827
2021-W32,三条烏丸,三条車屋町,1273
2021-W32,四条新町,三条新町,916
2021-W32,三条烏丸,四条烏丸,58
2021-W32,三条烏丸,三条室町,1060
2021-W32,三条室町,三条烏丸,1058
2021-W32,四条室町,三条室町,1042
2021-W32,三条室町,四条室町,1054
2021-W32,三条室町,三条新町,888
2021-W32,三条新町,三条室町,875
2021-W32,四条新町,五条新町,1038
2021-W32,四条烏丸,三条烏丸,57
2021-W32,五条新町,四条新町,1042
2021-W32,四条烏丸,四条車屋町,64
2021-W32,四条室町,四条新町,1096
2021-W32,三条新町,四条新町,893
2021-W32,五条烏丸,五条車屋町,1210
2021-W32,五条烏丸,五条室町,1050
2021-W32,五条室町,五条烏丸,1052
2021-W32,五条室町,五条新町,902
2021-W32,五条新町,五条室町,901
2021-W32,五条新町,五条堀川,715
2021-W32,五条堀川,五条新町,730
2021-W32,五条車屋町,四条車屋町,1249
2021-W32,四条車屋町,五条車屋町,1216
2021-W32,四条車屋町,四条烏丸,65
2021-W32,五条烏丸,四条烏丸,66
2021-W32,四条烏丸,五条烏丸,65
2021-W32,四条烏丸,四条室町,56
2021-W32,四条室町,四条烏丸,56
2021-W32,五条室町,四条室町,1256
2021-W32,四条室町,五条室町,1267
2021-W32,四条新町,四条室町,1106
2021-W32,五条車屋町,五条烏丸,1227
2021-W32,三条新町,三条堀川,709
2021-W32,四条堀川,三条堀川,697
2021-W32,一条車屋町,一条烏丸,936
2021-W32,一条烏丸,一条車屋町,926
2021-W32,二条烏丸,一条烏丸,896
2021-W32,一条烏丸,二条烏丸,910
2021-W32,一条烏丸,一条室町,783
2021-W32,一条室町,一条烏丸,768
2021-W32,一条室町,二条室町,786
2021-W32,一条車屋町,二条車屋町,788
2021-W32,一条室町,一条新町,622
2021-W32,二条新町,一条新町,593
2021-W32,一条新町,二条新町,597
2021-W32,一条新町,一条堀川,429
2021-W32,一条堀川,一条新町,439
2021-W32,二条堀川,一条堀川,380
2021-W32,一条堀川,二条堀川,369
2021-W32,三条堀川,三条新町,702
2021-W32,一条新町,一条室町,603
2021-W32,二条車屋町,一条車屋町,817
2021-W32,二条室町,一条室町,777
2021-W32,三条堀川,二条堀川,543
2021-W32,二条堀川,三条堀川,578
2021-W32,三条車屋町,二条車屋町,881
2021-W32,二条車屋町,三条車屋町,901
2021-W32,二条車屋町,二条烏丸,1084
2021-W32,二条烏丸,二条車屋町,1052
2021-W32,三条烏丸,二条烏丸,1009
2021-W32,二条烏丸,三条烏丸,1006
2021-W32,二条烏丸,二条室町,914
2021-W32,二条室町,二条烏丸,932
2021-W32,三条堀川,四条堀川,715
2021-W32,二条室町,三条室町,871
2021-W32,二条室町,二条新町,674
2021-W32,二条新町,二条室町,688
2021-W32,三条新町,二条新町,772
2021-W32,二条新町,三条新町,786
2021-W32,二条新町,二条堀川,634
2021-W32,二条堀川,二条新町,613
2021-W32,三条室町,二条室町,859
2021-W33,四条新町,五条新町,914
2021-W33,三条車屋町,四条車屋町,938
2021-W33,四条新町,四条堀川,797
2021-W33,四条堀川,四条新町,790
2021-W33,五条堀川,四条堀川,772
2021-W33,四条堀川,五条堀川,785
2021-W33,四条車屋町,三条車屋町,958
2021-W33,三条車屋町,三条烏丸,1061
2021-W33,三条新町,三条室町,767
2021-W33,四条烏丸,三条烏丸,54
2021-W33,三条烏丸,四条烏丸,52
2021-W33,三条烏丸,三条室町,901
2021-W33,三条室町,三条烏丸,902
2021-W33,四条室町,三条室町,949
2021-W33,三条室町,四条室町,957
2021-W33,三条室町,三条新町,748
2021-W33,五条新町,四条新町,909
2021-W33,三条烏丸,三条車屋町,1069
2021-W33,四条新町,四条室町,931
2021-W33,五条車屋町,五条烏丸,1123
2021-W33,四条室町,五条室町,1095
2021-W33,四条新町,三条新町,769
2021-W33,五条烏丸,五条車屋町,1105
2021-W33,五条烏丸,五条室町,899
2021-W33,五条室町,五条烏丸,893
2021-W33,五条室町,五条新町,787
2021-W33,五条新町,五条室町,787
2021-W33,五条新町,五条堀川,629
2021-W33,五条堀川,五条新町,630
2021-W33,五条車屋町,四条車屋町,1010
2021-W33,四条車屋町,五条車屋町,1021
2021-W33,四条車屋町,四条烏丸,60
2021-W33,四条烏丸,四条車屋町,58
2021-W33,五条烏丸,四条烏丸,59
2021-W33,四条烏丸,五条烏丸,58
2021-W33,四条烏丸,四条室町,50
2021-W33,四条室町,四条烏丸,49
2021-W33,五条室町,四条室町,1095
2021-W33,四条室町,四条新町,927
2021-W33,三条新町,四条新町,766
2021-W33,一条堀川,二条堀川,280
2021-W33,三条堀川,三条新町,651
2021-W33,一条車屋町,二条車屋町,591
2021-W33,一条車屋町,一条烏丸,735
2021-W33,一条烏丸,一条車屋町,725
2021-W33,二条烏丸,一条烏丸,722
2021-W33,一条烏丸,二条烏丸,707
2021-W33,一条烏丸,一条室町,575
2021-W33,一条室町,一条烏丸,589
2021-W33,二条車屋町,一条車屋町,598
2021-W33,二条室町,一条室町,647
2021-W33,一条室町,一条新町,478
2021-W33,一条新町,一条室町,468
2021-W33,二条新町,一条新町,474
2021-W33,一条新町,二条新町,464
2021-W33,一条新町,一条堀川,255
2021-W33,一条堀川,一条新町,261
2021-W33,二条堀川,一条堀川,297
2021-W33,一条室町,二条室町,648
2021-W33,二条堀川,三条堀川,493
2021-W33,三条新町,三条堀川,646
2021-W33,二条堀川,二条新町,426
2021-W33,四条堀川,三条堀川,592
2021-W33,三条堀川,四条堀川,612
2021-W33,三条車屋町,二条車屋町,811
2021-W33,二条車屋町,三条車屋町,786
2021-W33,二条車屋町,二条烏丸,945
2021-W33,三条堀川,二条堀川,504
2021-W33,三条烏丸,二条烏丸,962
2021-W33,二条烏丸,三条烏丸,961
2021-W33,二条烏丸,二条車屋町,924
2021-W33,二条室町,二条烏丸,820
2021-W33,三条室町,二条室町,780
2021-W33,二条室町,三条室町,757
2021-W33,二条室町,二条新町,604
2021-W33,二条新町,二条室町,621
2021-W33,三条新町,二条新町,630
2021-W33,二条新町,三条新町,601
2021-W33,二条新町,二条堀川,455
2021-W33,二条烏丸,二条室町,814
2021-W34,四条新町,五条新町,811
2021-W34,四条新町,四条堀川,642
2021-W34,四条堀川,四条新町,651
2021-W34,五条堀川,四条堀川,661
2021-W34,四条堀川,五条堀川,669
2021-W34,四条車屋町,三条車屋町,861
2021-W34,三条車屋町,四条車屋町,852
2021-W34,三条車屋町,三条烏丸,980
2021-W34,三条室町,三条烏丸,778
2021-W34,四条烏丸,三条烏丸,45
2021-W34,三条烏丸,四条烏丸,44
2021-W34,三条烏丸,三条室町,805
2021-W34,四条室町,三条室町,748
2021-W34,三条室町,四条室町,754
2021-W34,三条室町,三条新町,597
2021-W34,三条新町,三条室町,603
2021-W34,三条烏丸,三条車屋町,984
2021-W34,五条新町,四条新町,819
2021-W34,四条新町,三条新町,634
2021-W34,四条室町,四条新町,832
2021-W34,五条烏丸,五条車屋町,958
2021-W34,五条烏丸,五条室町,801
2021-W34,五条室町,五条烏丸,826
2021-W34,五条室町,五条新町,659
2021-W34,五条新町,五条室町,656
2021-W34,五条新町,五条堀川,490
2021-W34,五条堀川,五条新町,473
2021-W34,五条車屋町,四条車屋町,961
2021-W34,四条車屋町,五条車屋町,948
2021-W34,四条車屋町,四条烏丸,51
2021-W34,四条烏丸,四条車屋町,52
2021-W34,五条烏丸,四条烏丸,54
2021-W34,四条烏丸,五条烏丸,53
2021-W34,四条烏丸,四条室町,41
2021-W34,四条室町,四条烏丸,43
2021-W34,五条室町,四条室町,961
2021-W34,四条室町,五条室町,979
2021-W34,四条新町,四条室町,850
2021-W34,三条新町,四条新町,643
2021-W34,五条車屋町,五条烏丸,947
2021-W34,三条堀川,三条新町,491
2021-W34,一条車屋町,二条車屋町,473
2021-W34,一条車屋町,一条烏丸,641
2021-W34,一条烏丸,一条車屋町,635
2021-W34,二条烏丸,一条烏丸,571
2021-W34,一条烏丸,二条烏丸,583
2021-W34,一条烏丸,一条室町,487
2021-W34,一条室町,一条烏丸,507
2021-W34,二条室町,一条室町,481
2021-W34,一条室町,二条室町,490
2021-W34,一条室町,一条新町,279
2021-W34,一条新町,一条室町,286
2021-W34,二条新町,一条新町,334
2021-W34,一条新町,二条新町,329
2021-W34,一条新町,一条堀川,167
2021-W34,一条堀川,一条新町,157
2021-W34,二条堀川,一条堀川,184
2021-W34,一条堀川,二条堀川,197
2021-W34,二条車屋町,一条車屋町,485
2021-W34,二条堀川,三条堀川,358
2021-W34,三条新町,三条堀川,513
2021-W34,二条堀川,二条新町,316
2021-W34,四条堀川,三条堀川,495
2021-W34,三条堀川,四条堀川,483
2021-W34,三条車屋町,二条車屋町,677
2021-W34,二条車屋町,三条車屋町,651
2021-W34,二条車屋町,二条烏丸,741
2021-W34,二条烏丸,二条車屋町,753
2021-W34,三条烏丸,二条烏丸,850
2021-W34,二条烏丸,三条烏丸,839
2021-W34,三条堀川,二条堀川,376
2021-W34,二条室町,二条烏丸,649
2021-W34,三条室町,二条室町,623
2021-W34,二条室町,三条室町,653
2021-W34,二条室町,二条新町,449
2021-W34,二条新町,二条室町,462
2021-W34,三条新町,二条新町,459
2021-W34,二条新町,三条新町,485
2021-W34,二条新町,二条堀川,322
2021-W34,二条烏丸,二条室町,646
2021-W35,四条車屋町,三条車屋町,749
2021-W35,四条堀川,五条堀川,579
2021-W35,四条新町,五条新町,686
2021-W35,四条堀川,四条新町,489
2021-W35,四条新町,四条堀川,527
2021-W35,三条車屋町,四条車屋町,736
2021-W35,五条堀川,四条堀川,584
2021-W35,三条車屋町,三条烏丸,841
2021-W35,三条新町,三条室町,589
2021-W35,四条烏丸,三条烏丸,40
2021-W35,三条烏丸,四条烏丸,39
2021-W35,三条烏丸,三条室町,724
2021-W35,三条室町,三条烏丸,731
2021-W35,四条室町,三条室町,688
2021-W35,三条室町,四条室町,684
2021-W35,三条室町,三条新町,584
2021-W35,五条新町,四条新町,684
2021-W35,三条烏丸,三条車屋町,848
2021-W35,四条新町,四条室町,714
2021-W35,四条車屋町,四条烏丸,48
2021-W35,四条室町,五条室町,902
2021-W35,四条新町,三条新町,571
2021-W35,五条車屋町,五条烏丸,883
2021-W35,五条烏丸,五条車屋町,881
2021-W35,五条烏丸,五条室町,733
2021-W35,五条室町,五条烏丸,738
2021-W35,五条室町,五条新町,517
2021-W35,五条新町,五条室町,542
2021-W35,五条新町,五条堀川,405
2021-W35,五条堀川,五条新町,388
2021-W35,五条車屋町,四条車屋町,840
2021-W35,四条車屋町,五条車屋町,850
2021-W35,四条烏丸,四条車屋町,47
2021-W35,五条烏丸,四条烏丸,47
2021-W35,四条烏丸,五条烏丸,43
2021-W35,四条烏丸,四条室町,41
2021-W35,四条室町,四条烏丸,41
2021-W35,五条室町,四条室町,885
2021-W35,四条室町,四条新町,702
2021-W35,三条新町,四条新町,584
2021-W35,三条新町,三条堀川,412
2021-W35,三条堀川,三条新町,417
2021-W35,一条車屋町,二条車屋町,420
2021-W35,一条車屋町,一条烏丸,580
2021-W35,一条烏丸,一条車屋町,576
2021-W35,二条烏丸,一条烏丸,584
2021-W35,一条烏丸,二条烏丸,573
2021-W35,一条烏丸,一条室町,376
2021-W35,一条室町,一条烏丸,360
2021-W35,二条車屋町,一条車屋町,416
2021-W35,二条室町,一条室町,399
2021-W35,一条室町,一条新町,222
2021-W35,一条新町,一条室町,216
2021-W35,二条新町,一条新町,207
2021-W35,一条新町,二条新町,223
2021-W35,一条新町,一条堀川,84
2021-W35,一条堀川,一条新町,50
2021-W35,二条堀川,一条堀川,21
2021-W35,一条室町,二条室町,405
2021-W35,二条堀川,三条堀川,252
2021-W35,一条堀川,二条堀川,38
2021-W35,二条堀川,二条新町,186
2021-W35,四条堀川,三条堀川,389
2021-W35,三条堀川,四条堀川,408
2021-W35,三条車屋町,二条車屋町,577
2021-W35,二条車屋町,三条車屋町,573
2021-W35,二条車屋町,二条烏丸,752
2021-W35,三条堀川,二条堀川,248
2021-W35,三条烏丸,二条烏丸,717
2021-W35,二条烏丸,三条烏丸,720
2021-W35,二条烏丸,二条車屋町,754
2021-W35,二条室町,二条烏丸,535
2021-W35,三条室町,二条室町,549
2021-W35,二条室町,三条室町,555
2021-W35,二条室町,二条新町,408
2021-W35,二条新町,二条室町,392
2021-W35,三条新町,二条新町,396
2021-W35,二条新町,三条新町,420
2021-W35,二条新町,二条堀川,220
2021-W35,二条烏丸,二条室町,533
2021-W36,四条新町,四条堀川,582
2021-W36,三条車屋町,三条烏丸,860
2021-W36,四条堀川,四条新町,567
2021-W36,五条堀川,四条堀川,625
2021-W36,四条堀川,五条堀川,596
2021-W36,四条車屋町,三条車屋町,693
2021-W36,三条車屋町,四条車屋町,696
2021-W36,三条烏丸,三条車屋町,894
2021-W36,三条新町,三条室町,574
2021-W36,三条烏丸,四条烏丸,39
2021-W36,三条烏丸,三条室町,725
2021-W36,三条室町,三条烏丸,725
2021-W36,四条室町,三条室町,771
2021-W36,三条室町,四条室町,748
2021-W36,三条室町,三条新町,585
2021-W36,四条新町,五条新町,726
2021-W36,四条新町,三条新町,590
2021-W36,四条烏丸,三条烏丸,39
2021-W36,五条新町,四条新町,765
2021-W36,四条烏丸,四条車屋町,50
2021-W36,四条室町,四条新町,716
2021-W36,五条車屋町,五条烏丸,882
2021-W36,三条新町,四条新町,595
2021-W36,五条烏丸,五条室町,725
2021-W36,五条室町,五条烏丸,707
2021-W36,五条室町,五条新町,534
2021-W36,五条新町,五条室町,541
2021-W36,五条新町,五条堀川,432
2021-W36,五条堀川,五条新町,422
2021-W36,五条車屋町,四条車屋町,923
2021-W36,四条車屋町,五条車屋町,920
2021-W36,四条車屋町,四条烏丸,50
2021-W36,五条烏丸,四条烏丸,49
2021-W36,四条烏丸,五条烏丸,50
2021-W36,四条烏丸,四条室町,38
2021-W36,四条室町,四条烏丸,39
2021-W36,五条室町,四条室町,878
2021-W36,四条室町,五条室町,886
2021-W36,四条新町,四条室町,723
2021-W36,五条烏丸,五条車屋町,875
2021-W36,三条新町,三条堀川,395
2021-W36,四条堀川,三条堀川,420
2021-W36,一条車屋町,一条烏丸,577
2021-W36,一条烏丸,一条車屋町,561
2021-W36,二条烏丸,一条烏丸,610
2021-W36,一条烏丸,二条烏丸,599
2021-W36,一条烏丸,一条室町,469
2021-W36,一条室町,一条烏丸,435
2021-W36,二条室町,一条室町,366
2021-W36,一条車屋町,二条車屋町,419
2021-W36,一条室町,二条室町,352
2021-W36,一条新町,一条室町,276
2021-W36,二条新町,一条新町,197
2021-W36,一条新町,二条新町,182
2021-W36,一条新町,一条堀川,108
2021-W36,一条堀川,一条新町,106
2021-W36,二条堀川,一条堀川,52
2021-W36,一条堀川,二条堀川,73
2021-W36,一条室町,一条新町,279
2021-W36,二条車屋町,一条車屋町,441
2021-W36,三条堀川,三条新町,398
2021-W36,三条堀川,二条堀川,262
2021-W36,三条堀川,四条堀川,396
2021-W36,三条車屋町,二条車屋町,549
2021-W36,二条車屋町,三条車屋町,532
2021-W36,二条車屋町,二条烏丸,707
2021-W36,二条烏丸,二条車屋町,706
2021-W36,二条堀川,三条堀川,225
2021-W36,二条烏丸,三条烏丸,763
2021-W36,二条烏丸,二条室町,573
2021-W36,三条烏丸,二条烏丸,762
2021-W36,三条室町,二条室町,551
2021-W36,二条室町,三条室町,536
2021-W36,二条室町,二条新町,384
2021-W36,二条新町,二条室町,373
2021-W36,三条新町,二条新町,362
2021-W36,二条新町,三条新町,380
2021-W36,二条新町,二条堀川,248
2021-W36,二条堀川,二条新町,252
2021-W36,二条室町,二条烏丸,576
2021-W37,三条車屋町,四条車屋町,838
2021-W37,四条車屋町,三条車屋町,859
2021-W37,四条新町,四条堀川,678
2021-W37,五条堀川,四条堀川,720
2021-W37,四条堀川,四条新町,679
2021-W37,三条車屋町,三条烏丸,1012
2021-W37,四条堀川,五条堀川,700
2021-W37,三条烏丸,三条車屋町,1016
2021-W37,三条室町,三条烏丸,799
2021-W37,三条烏丸,四条烏丸,45
2021-W37,三条烏丸,三条室町,794
2021-W37,四条室町,三条室町,856
2021-W37,三条室町,四条室町,845
2021-W37,三条室町,三条新町,700
2021-W37,三条新町,三条室町,703
2021-W37,四条新町,五条新町,819
2021-W37,四条烏丸,三条烏丸,47
2021-W37,五条新町,四条新町,807
2021-W37,四条車屋町,四条烏丸,57
2021-W37,四条室町,四条新町,863
2021-W37,五条烏丸,五条車屋町,1011
2021-W37,五条烏丸,五条室町,833
2021-W37,五条室町,五条烏丸,808
2021-W37,五条室町,五条新町,662
2021-W37,五条新町,五条室町,660
2021-W37,五条新町,五条堀川,564
2021-W37,五条堀川,五条新町,547
2021-W37,五条車屋町,四条車屋町,1008
2021-W37,四条車屋町,五条車屋町,1010
2021-W37,四条新町,三条新町,628
2021-W37,四条烏丸,四条車屋町,55
2021-W37,五条烏丸,四条烏丸,55
2021-W37,四条烏丸,五条烏丸,55
2021-W37,四条烏丸,四条室町,47
2021-W37,四条室町,四条烏丸,48
2021-W37,五条室町,四条室町,924
2021-W37,四条室町,五条室町,947
2021-W37,四条新町,四条室町,842
2021-W37,三条新町,四条新町,667
2021-W37,五条車屋町,五条烏丸,1030
2021-W37,三条堀川,三条新町,520
2021-W37,一条車屋町,二条車屋町,532
2021-W37,一条車屋町,一条烏丸,657
2021-W37,一条烏丸,一条車屋町,664
2021-W37,二条烏丸,一条烏丸,653
2021-W37,一条烏丸,二条烏丸,655
2021-W37,一条烏丸,一条室町,504
2021-W37,一条室町,一条烏丸,505
2021-W37,二条室町,一条室町,431
2021-W37,一条室町,二条室町,436
2021-W37,一条室町,一条新町,310
2021-W37,一条新町,一条室町,310
2021-W37,二条新町,一条新町,350
2021-W37,一条新町,二条新町,363
2021-W37,一条新町,一条堀川,123
2021-W37,一条堀川,一条新町,135
2021-W37,二条堀川,一条堀川,208
2021-W37,一条堀川,二条堀川,175
2021-W37,二条車屋町,一条車屋町,525
2021-W37,二条堀川,三条堀川,306
2021-W37,三条新町,三条堀川,539
2021-W37,二条堀川,二条新町,355
2021-W37,三条堀川,二条堀川,319
2021-W37,四条堀川,三条堀川,471
2021-W37,三条堀川,四条堀川,484
2021-W37,三条車屋町,二条車屋町,600
2021-W37,二条車屋町,三条車屋町,627
2021-W37,二条烏丸,二条車屋町,844
2021-W37,三条烏丸,二条烏丸,872
2021-W37,二条烏丸,三条烏丸,889
2021-W37,二条車屋町,二条烏丸,827
2021-W37,二条室町,二条烏丸,642
2021-W37,三条室町,二条室町,657
2021-W37,二条室町,三条室町,680
2021-W37,二条新町,二条堀川,341
2021-W37,二条室町,二条新町,507
2021-W37,二条新町,二条室町,531
2021-W37,三条新町,二条新町,465
2021-W37,二条新町,三条新町,507
2021-W37,二条烏丸,二条室町,638
2021-W38,三条車屋町,四条車屋町,980
2021-W38,四条車屋町,三条車屋町,960
2021-W38,四条新町,四条堀川,811
2021-W38,五条堀川,四条堀川,753
2021-W38,四条堀川,四条新町,801
2021-W38,三条車屋町,三条烏丸,1096
2021-W38,四条堀川,五条堀川,770
2021-W38,三条烏丸,三条車屋町,1128
2021-W38,四条新町,三条新町,829
2021-W38,三条烏丸,四条烏丸,54
2021-W38,三条烏丸,三条室町,1008
2021-W38,三条室町,三条烏丸,986
2021-W38,四条室町,三条室町,1005
2021-W38,三条室町,四条室町,1007
2021-W38,三条室町,三条新町,795
2021-W38,三条新町,三条室町,811
2021-W38,四条新町,五条新町,981
2021-W38,四条烏丸,三条烏丸,53
2021-W38,五条新町,四条新町,976
2021-W38,四条烏丸,四条車屋町,60
2021-W38,四条室町,四条新町,955
2021-W38,三条新町,四条新町,851
2021-W38,五条烏丸,五条車屋町,1136
2021-W38,五条烏丸,五条室町,972
2021-W38,五条室町,五条烏丸,956
2021-W38,五条室町,五条新町,789
2021-W38,五条新町,五条室町,804
2021-W38,五条新町,五条堀川,638
2021-W38,五条堀川,五条新町,619
2021-W38,五条車屋町,四条車屋町,1118
2021-W38,四条車屋町,五条車屋町,1113
2021-W38,四条車屋町,四条烏丸,60
2021-W38,五条烏丸,四条烏丸,62
2021-W38,四条烏丸,五条烏丸,62
2021-W38,四条烏丸,四条室町,52
2021-W38,四条室町,四条烏丸,53
2021-W38,五条室町,四条室町,1120
2021-W38,四条室町,五条室町,1134
2021-W38,四条新町,四条室町,965
2021-W38,五条車屋町,五条烏丸,1138
2021-W38,三条新町,三条堀川,635
2021-W38,四条堀川,三条堀川,640
2021-W38,一条車屋町,一条烏丸,779
2021-W38,一条烏丸,一条車屋町,790
2021-W38,二条烏丸,一条烏丸,812
2021-W38,一条烏丸,二条烏丸,813
2021-W38,一条烏丸,一条室町,635
2021-W38,一条室町,一条烏丸,639
2021-W38,一条室町,二条室町,673
2021-W38,一条車屋町,二条車屋町,641
2021-W38,一条室町,一条新町,496
2021-W38,二条新町,一条新町,484
2021-W38,一条新町,二条新町,490
2021-W38,一条新町,一条堀川,298
2021-W38,一条堀川,一条新町,315
2021-W38,二条堀川,一条堀川,275
2021-W38,一条堀川,二条堀川,317
2021-W38,三条堀川,三条新町,632
2021-W38,一条新町,一条室町,503
2021-W38,二条車屋町,一条車屋町,640
2021-W38,二条室町,一条室町,678
2021-W38,三条堀川,二条堀川,498
2021-W38,二条堀川,三条堀川,524
2021-W38,三条車屋町,二条車屋町,825
2021-W38,二条車屋町,三条車屋町,809
2021-W38,二条車屋町,二条烏丸,995
2021-W38,二条烏丸,二条車屋町,983
2021-W38,三条烏丸,二条烏丸,968
2021-W38,二条烏丸,三条烏丸,992
2021-W38,二条烏丸,二条室町,849
2021-W38,二条室町,二条烏丸,835
2021-W38,三条堀川,四条堀川,657
2021-W38,二条室町,三条室町,841
2021-W38,二条室町,二条新町,653
2021-W38,二条新町,二条室町,644
2021-W38,三条新町,二条新町,662
2021-W38,二条新町,三条新町,669
2021-W38,二条新町,二条堀川,512
2021-W38,二条堀川,二条新町,506
2021-W38,三条室町,二条室町,871
2021-W39,三条車屋町,四条車屋町,1079
2021-W39,四条車屋町,三条車屋町,1075
2021-W39,四条新町,四条堀川,872
2021-W39,五条堀川,四条堀川,864
2021-W39,四条堀川,四条新町,876
2021-W39,三条車屋町,三条烏丸,1210
2021-W39,四条堀川,五条堀川,882
2021-W39,三条烏丸,三条車屋町,1218
2021-W39,三条室町,三条烏丸,1121
2021-W39,三条烏丸,四条烏丸,58
2021-W39,三条烏丸,三条室町,1120
2021-W39,四条室町,三条室町,1028
2021-W39,三条室町,四条室町,1059
2021-W39,三条室町,三条新町,954
2021-W39,三条新町,三条室町,949
2021-W39,四条新町,五条新町,1058
2021-W39,四条烏丸,三条烏丸,59
2021-W39,五条新町,四条新町,1025
2021-W39,四条車屋町,四条烏丸,69
2021-W39,四条室町,四条新町,1061
2021-W39,五条烏丸,五条車屋町,1257
2021-W39,五条烏丸,五条室町,1134
2021-W39,五条室町,五条烏丸,1125
2021-W39,五条室町,五条新町,914
2021-W39,五条新町,五条室町,929
2021-W39,五条新町,五条堀川,758
2021-W39,五条堀川,五条新町,750
2021-W39,五条車屋町,四条車屋町,1226
2021-W39,四条車屋町,五条車屋町,1213
2021-W39,四条新町,三条新町,889
2021-W39,四条烏丸,四条車屋町,68
2021-W39,五条烏丸,四条烏丸,64
2021-W39,四条烏丸,五条烏丸,65
2021-W39,四条烏丸,四条室町,59
2021-W39,四条室町,四条烏丸,59
2021-W39,五条室町,四条室町,1222
2021-W39,四条室町,五条室町,1231
2021-W39,四条新町,四条室町,1052
2021-W39,三条新町,四条新町,911
2021-W39,五条車屋町,五条烏丸,1263
2021-W39,三条堀川,三条新町,792
2021-W39,一条車屋町,二条車屋町,754
2021-W39,一条車屋町,一条烏丸,959
2021-W39,一条烏丸,一条車屋町,952
2021-W39,二条烏丸,一条烏丸,920
2021-W39,一条烏丸,二条烏丸,924
2021-W39,一条烏丸,一条室町,713
2021-W39,一条室町,一条烏丸,722
2021-W39,二条室町,一条室町,713
2021-W39,一条室町,二条室町,722
2021-W39,一条室町,一条新町,606
2021-W39,一条新町,一条室町,599
2021-W39,二条新町,一条新町,618
2021-W39,一条新町,二条新町,629
2021-W39,一条新町,一条堀川,437
2021-W39,一条堀川,一条新町,456
2021-W39,二条堀川,一条堀川,419
2021-W39,一条堀川,二条堀川,442
2021-W39,二条車屋町,一条車屋町,748
2021-W39,二条堀川,三条堀川,630
2021-W39,三条新町,三条堀川,780
2021-W39,二条堀川,二条新町,608
2021-W39,三条堀川,二条堀川,643
2021-W39,四条堀川,三条堀川,753
2021-W39,三条堀川,四条堀川,742
2021-W39,三条車屋町,二条車屋町,945
2021-W39,二条車屋町,三条車屋町,945
2021-W39,二条烏丸,二条車屋町,1064
2021-W39,三条烏丸,二条烏丸,1068
2021-W39,二条烏丸,三条烏丸,1083
2021-W39,二条車屋町,二条烏丸,1061
2021-W39,二条室町,二条烏丸,911
2021-W39,三条室町,二条室町,906
2021-W39,二条室町,三条室町,899
2021-W39,二条新町,二条堀川,623
2021-W39,二条室町,二条新町,797
2021-W39,二条新町,二条室町,779
2021-W39,三条新町,二条新町,765
2021-W39,二条新町,三条新町,770
2021-W39,二条烏丸,二条室町,904
2021-W40,四条新町,四条堀川,944
2021-W40,四条堀川,四条新町,936
2021-W40,五条堀川,四条堀川,993
2021-W40,四条堀川,五条堀川,998
2021-W40,四条車屋町,三条車屋町,1102
2021-W40,三条車屋町,四条車屋町,1074
2021-W40,三条車屋町,三条烏丸,1311
2021-W40,三条新町,三条室町,943
2021-W40,四条烏丸,三条烏丸,59
2021-W40,三条烏丸,四条烏丸,59
2021-W40,三条烏丸,三条室町,1133
2021-W40,三条室町,三条烏丸,1121
2021-W40,四条室町,三条室町,1074
2021-W40,三条室町,四条室町,1075
2021-W40,三条室町,三条新町,926
2021-W40,四条新町,五条新町,1168
2021-W40,三条烏丸,三条車屋町,1300
2021-W40,五条新町,四条新町,1181
2021-W40,四条車屋町,四条烏丸,70
2021-W40,四条室町,四条新町,1102
2021-W40,四条新町,三条新町,973
2021-W40,五条烏丸,五条車屋町,1232
2021-W40,五条烏丸,五条室町,1073
2021-W40,五条室町,五条烏丸,1109
2021-W40,五条室町,五条新町,969
2021-W40,五条新町,五条室町,980
2021-W40,五条新町,五条堀川,821
2021-W40,五条堀川,五条新町,817
2021-W40,五条車屋町,四条車屋町,1287
2021-W40,四条車屋町,五条車屋町,1292
2021-W40,四条烏丸,四条車屋町,69
2021-W40,五条烏丸,四条烏丸,70
2021-W40,四条烏丸,五条烏丸,69
2021-W40,四条烏丸,四条室町,62
2021-W40,四条室町,四条烏丸,61
2021-W40,五条室町,四条室町,1293
2021-W40,四条室町,五条室町,1269
2021-W40,四条新町,四条室町,1093
2021-W40,三条新町,四条新町,970
2021-W40,五条車屋町,五条烏丸,1231
2021-W40,三条堀川,三条新町,780
2021-W40,一条車屋町,二条車屋町,797
2021-W40,一条車屋町,一条烏丸,978
2021-W40,一条烏丸,一条車屋町,947
2021-W40,二条烏丸,一条烏丸,988
2021-W40,一条烏丸,二条烏丸,952
2021-W40,一条烏丸,一条室町,829
2021-W40,一条室町,一条烏丸,822
2021-W40,二条室町,一条室町,773
2021-W40,一条室町,二条室町,792
2021-W40,一条室町,一条新町,589
2021-W40,一条新町,一条室町,596
2021-W40,二条新町,一条新町,584
2021-W40,一条新町,二条新町,604
2021-W40,一条新町,一条堀川,468
2021-W40,一条堀川,一条新町,440
2021-W40,二条堀川,一条堀川,479
2021-W40,一条堀川,二条堀川,475
2021-W40,二条車屋町,一条車屋町,801
2021-W40,二条堀川,三条堀川,613
2021-W40,三条新町,三条堀川,778
2021-W40,二条堀川,二条新町,649
2021-W40,四条堀川,三条堀川,845
2021-W40,三条堀川,四条堀川,812
2021-W40,三条車屋町,二条車屋町,997
2021-W40,二条車屋町,三条車屋町,982
2021-W40,二条車屋町,二条烏丸,1149
2021-W40,三条堀川,二条堀川,624
2021-W40,三条烏丸,二条烏丸,1066
2021-W40,二条烏丸,三条烏丸,1084
2021-W40,二条烏丸,二条車屋町,1163
2021-W40,二条室町,二条烏丸,974
2021-W40,三条室町,二条室町,927
2021-W40,二条室町,三条室町,936
2021-W40,二条室町,二条新町,799
2021-W40,二条新町,二条室町,783
2021-W40,三条新町,二条新町,744
2021-W40,二条新町,三条新町,749
2021-W40,二条新町,二条堀川,635
2021-W40,二条烏丸,二条室町,995
2021-W41,四条新町,四条堀川,890
2021-W41,四条堀川,四条新町,867
2021-W41,五条堀川,四条堀川,917
2021-W41,四条堀川,五条堀川,912
2021-W41,四条車屋町,三条車屋町,1041
2021-W41,三条車屋町,四条車屋町,1058
2021-W41,三条車屋町,三条烏丸,1251
2021-W41,三条新町,三条室町,899
2021-W41,四条烏丸,三条烏丸,58
2021-W41,三条烏丸,四条烏丸,57
2021-W41,三条烏丸,三条室町,1048
2021-W41,三条室町,三条烏丸,1038
2021-W41,四条室町,三条室町,1057
2021-W41,三条室町,四条室町,1055
2021-W41,三条室町,三条新町,885
2021-W41,四条新町,五条新町,1094
2021-W41,三条烏丸,三条車屋町,1212
2021-W41,五条新町,四条新町,1106
2021-W41,四条車屋町,四条烏丸,65
2021-W41,四条室町,四条新町,1029
2021-W41,四条新町,三条新町,903
2021-W41,五条烏丸,五条車屋町,1200
2021-W41,五条烏丸,五条室町,1120
2021-W41,五条室町,五条烏丸,1110
2021-W41,五条室町,五条新町,905
2021-W41,五条新町,五条室町,912
2021-W41,五条新町,五条堀川,748
2021-W41,五条堀川,五条新町,743
2021-W41,五条車屋町,四条車屋町,1214
2021-W41,四条車屋町,五条車屋町,1198
2021-W41,四条烏丸,四条車屋町,66
2021-W41,五条烏丸,四条烏丸,65
2021-W41,四条烏丸,五条烏丸,65
2021-W41,四条烏丸,四条室町,57
2021-W41,四条室町,四条烏丸,57
2021-W41,五条室町,四条室町,1194
2021-W41,四条室町,五条室町,1214
2021-W41,四条新町,四条室町,1055
2021-W41,三条新町,四条新町,897
2021-W41,五条車屋町,五条烏丸,1202
2021-W41,三条堀川,三条新町,709
2021-W41,一条車屋町,二条車屋町,730
2021-W41,一条車屋町,一条烏丸,855
2021-W41,一条烏丸,一条車屋町,886
2021-W41,二条烏丸,一条烏丸,954
2021-W41,一条烏丸,二条烏丸,961
2021-W41,一条烏丸,一条室町,666
2021-W41,一条室町,一条烏丸,693
2021-W41,二条室町,一条室町,749
2021-W41,一条室町,二条室町,748
2021-W41,一条室町,一条新町,544
2021-W41,一条新町,一条室町,583
2021-W41,二条新町,一条新町,612
2021-W41,一条新町,二条新町,609
2021-W41,一条新町,一条堀川,392
2021-W41,一条堀川,一条新町,407
2021-W41,二条堀川,一条堀川,428
2021-W41,一条堀川,二条堀川,440
2021-W41,二条車屋町,一条車屋町,730
2021-W41,二条堀川,三条堀川,532
2021-W41,三条新町,三条堀川,729
2021-W41,二条堀川,二条新町,573
2021-W41,三条堀川,二条堀川,549
2021-W41,四条堀川,三条堀川,693
2021-W41,三条堀川,四条堀川,709
2021-W41,三条車屋町,二条車屋町,899
2021-W41,二条車屋町,三条車屋町,888
2021-W41,二条烏丸,二条車屋町,1072
2021-W41,三条烏丸,二条烏丸,1065
2021-W41,二条烏丸,三条烏丸,1068
2021-W41,二条車屋町,二条烏丸,1074
2021-W41,二条室町,二条烏丸,928
2021-W41,三条室町,二条室町,901
2021-W41,二条室町,三条室町,899
2021-W41,二条新町,二条堀川,561
2021-W41,二条室町,二条新町,758
2021-W41,二条新町,二条室町,755
2021-W41,三条新町,二条新町,748
2021-W41,二条新町,三条新町,740
2021-W41,二条烏丸,二条室町,929
2021-W42,四条新町,五条新町,933
2021-W42,四条新町,四条堀川,760
2021-W42,四条堀川,四条新町,758
2021-W42,五条堀川,四条堀川,789
2021-W42,四条堀川,五条堀川,774
2021-W42,四条車屋町,三条車屋町,936
2021-W42,三条車屋町,四条車屋町,951
2021-W42,三条車屋町,三条烏丸,1087
2021-W42,三条室町,三条烏丸,875
2021-W42,四条烏丸,三条烏丸,50
2021-W42,三条烏丸,四条烏丸,51
2021-W42,三条烏丸,三条室町,879
2021-W42,四条室町,三条室町,963
2021-W42,三条室町,四条室町,953
2021-W42,三条室町,三条新町,707
2021-W42,三条新町,三条室町,726
2021-W42,三条烏丸,三条車屋町,1071
2021-W42,五条新町,四条新町,938
2021-W42,四条新町,三条新町,727
2021-W42,四条室町,四条新町,909
2021-W42,五条烏丸,五条車屋町,1132
2021-W42,五条烏丸,五条室町,910
2021-W42,五条室町,五条烏丸,932
2021-W42,五条室町,五条新町,764
2021-W42,五条新町,五条室町,775
2021-W42,五条新町,五条堀川,614
2021-W42,五条堀川,五条新町,590
2021-W42,五条車屋町,四条車屋町,1067
2021-W42,四条車屋町,五条車屋町,1057
2021-W42,四条車屋町,四条烏丸,62
2021-W42,四条烏丸,四条車屋町,61
2021-W42,五条烏丸,四条烏丸,57
2021-W42,四条烏丸,五条烏丸,58
2021-W42,四条烏丸,四条室町,51
2021-W42,四条室町,四条烏丸,51
2021-W42,五条室町,四条室町,1082
2021-W42,四条室町,五条室町,1080
2021-W42,四条新町,四条室町,930
2021-W42,三条新町,四条新町,727
2021-W42,五条車屋町,五条烏丸,1127
2021-W42,三条堀川,三条新町,634
2021-W42,一条車屋町,二条車屋町,572
2021-W42,一条車屋町,一条烏丸,757
2021-W42,一条烏丸,一条車屋町,764
2021-W42,二条烏丸,一条烏丸,791
2021-W42,一条烏丸,二条烏丸,777
2021-W42,一条烏丸,一条室町,605
2021-W42,一条室町,一条烏丸,604
2021-W42,二条室町,一条室町,647
2021-W42,一条室町,二条室町,635
2021-W42,一条室町,一条新町,450
2021-W42,一条新町,一条室町,441
2021-W42,二条新町,一条新町,440
2021-W42,一条新町,二条新町,441
2021-W42,一条新町,一条堀川,261
2021-W42,一条堀川,一条新町,285
2021-W42,二条堀川,一条堀川,250
2021-W42,一条堀川,二条堀川,272
2021-W42,二条車屋町,一条車屋町,567
2021-W42,二条堀川,三条堀川,434
2021-W42,三条新町,三条堀川,618
2021-W42,二条堀川,二条新町,470
2021-W42,四条堀川,三条堀川,583
2021-W42,三条堀川,四条堀川,599
2021-W42,三条車屋町,二条車屋町,722
2021-W42,二条車屋町,三条車屋町,747
2021-W42,二条車屋町,二条烏丸,917
2021-W42,二条烏丸,二条車屋町,929
2021-W42,三条烏丸,二条烏丸,909
2021-W42,二条烏丸,三条烏丸,931
2021-W42,三条堀川,二条堀川,439
2021-W42,二条室町,二条烏丸,763
2021-W42,三条室町,二条室町,804
2021-W42,二条室町,三条室町,770
2021-W42,二条室町,二条新町,625
2021-W42,二条新町,二条室町,631
2021-W42,三条新町,二条新町,572
2021-W42,二条新町,三条新町,573
2021-W42,二条新町,二条堀川,456
2021-W42,二条烏丸,二条室町,757
2021-W43,四条車屋町,三条車屋町,788
2021-W43,四条堀川,五条堀川,584
2021-W43,四条新町,五条新町,781
2021-W43,四条堀川,四条新町,641
2021-W43,四条新町,四条堀川,621
2021-W43,三条車屋町,四条車屋町,787
2021-W43,五条堀川,四条堀川,585
2021-W43,三条車屋町,三条烏丸,937
2021-W43,三条室町,三条烏丸,774
2021-W43,三条烏丸,四条烏丸,44
2021-W43,三条烏丸,三条室町,763
2021-W43,四条室町,三条室町,801
2021-W43,三条室町,四条室町,812
2021-W43,三条室町,三条新町,617
2021-W43,三条新町,三条室町,614
2021-W43,五条新町,四条新町,780
2021-W43,四条烏丸,三条烏丸,43
2021-W43,四条新町,四条室町,813
2021-W43,四条車屋町,五条車屋町,924
2021-W43,四条室町,五条室町,937
2021-W43,五条車屋町,五条烏丸,973
2021-W43,五条烏丸,五条車屋町,981
2021-W43,五条烏丸,五条室町,771
2021-W43,五条室町,五条烏丸,790
2021-W43,五条室町,五条新町,657
2021-W43,五条新町,五条室町,648
2021-W43,五条新町,五条堀川,503
2021-W43,五条堀川,五条新町,482
2021-W43,五条車屋町,四条車屋町,926
2021-W43,四条新町,三条新町,622
2021-W43,四条車屋町,四条烏丸,51
2021-W43,四条烏丸,四条車屋町,50
2021-W43,五条烏丸,四条烏丸,52
2021-W43,四条烏丸,五条烏丸,51
2021-W43,四条烏丸,四条室町,44
2021-W43,四条室町,四条烏丸,44
2021-W43,五条室町,四条室町,930
2021-W43,四条室町,四条新町,795
2021-W43,三条新町,四条新町,622
2021-W43,三条烏丸,三条車屋町,923
2021-W43,三条堀川,三条新町,470
2021-W43,一条車屋町,二条車屋町,443
2021-W43,一条車屋町,一条烏丸,663
2021-W43,一条烏丸,一条車屋町,673
2021-W43,二条烏丸,一条烏丸,626
2021-W43,一条烏丸,二条烏丸,624
2021-W43,一条烏丸,一条室町,521
2021-W43,一条室町,一条烏丸,512
2021-W43,二条室町,一条室町,470
2021-W43,一条室町,二条室町,483
2021-W43,一条室町,一条新町,326
2021-W43,一条新町,一条室町,319
2021-W43,二条新町,一条新町,308
2021-W43,一条新町,二条新町,320
2021-W43,一条新町,一条堀川,163
2021-W43,一条堀川,一条新町,146
2021-W43,二条堀川,一条堀川,114
2021-W43,三条新町,三条堀川,482
2021-W43,二条車屋町,一条車屋町,439
2021-W43,二条堀川,三条堀川,267
2021-W43,一条堀川,二条堀川,130
2021-W43,二条堀川,二条新町,297
2021-W43,三条堀川,二条堀川,264
2021-W43,三条堀川,四条堀川,483
2021-W43,三条車屋町,二条車屋町,601
2021-W43,二条車屋町,三条車屋町,607
2021-W43,二条車屋町,二条烏丸,775
2021-W43,二条烏丸,二条車屋町,785
2021-W43,三条烏丸,二条烏丸,812
2021-W43,二条烏丸,三条烏丸,789
2021-W43,二条烏丸,二条室町,613
2021-W43,四条堀川,三条堀川,493
2021-W43,二条室町,二条烏丸,602
2021-W43,三条室町,二条室町,601
2021-W43,二条室町,三条室町,603
2021-W43,二条室町,二条新町,484
2021-W43,二条新町,二条室町,491
2021-W43,三条新町,二条新町,477
2021-W43,二条新町,三条新町,452
2021-W43,二条新町,二条堀川,265
2021-W44,四条新町,五条新町,721
2021-W44,四条新町,四条堀川,564
2021-W44,四条堀川,四条新町,588
2021-W44,五条堀川,四条堀川,531
2021-W44,四条堀川,五条堀川,548
2021-W44,四条車屋町,三条車屋町,704
2021-W44,三条車屋町,四条車屋町,710
2021-W44,三条車屋町,三条烏丸,855
2021-W44,三条烏丸,四条烏丸,40
2021-W44,四条烏丸,三条烏丸,41
2021-W44,三条新町,三条室町,535
2021-W44,三条烏丸,三条室町,671
2021-W44,三条室町,三条烏丸,685
2021-W44,四条室町,三条室町,739
2021-W44,三条室町,四条室町,734
2021-W44,三条室町,三条新町,521
2021-W44,五条新町,四条新町,755
2021-W44,三条烏丸,三条車屋町,882
2021-W44,四条新町,四条室町,730
2021-W44,五条車屋町,五条烏丸,871
2021-W44,四条室町,五条室町,866
2021-W44,四条新町,三条新町,527
2021-W44,五条烏丸,五条車屋町,880
2021-W44,五条烏丸,五条室町,730
2021-W44,五条室町,五条烏丸,735
2021-W44,五条室町,五条新町,606
2021-W44,五条新町,五条室町,602
2021-W44,五条新町,五条堀川,418
2021-W44,五条堀川,五条新町,407
2021-W44,五条車屋町,四条車屋町,870
2021-W44,四条車屋町,五条車屋町,887
2021-W44,四条車屋町,四条烏丸,48
2021-W44,四条烏丸,四条車屋町,49
2021-W44,五条烏丸,四条烏丸,48
2021-W44,四条烏丸,五条烏丸,50
2021-W44,四条烏丸,四条室町,41
2021-W44,四条室町,四条烏丸,39
2021-W44,五条室町,四条室町,868
2021-W44,四条室町,四条新町,734
2021-W44,三条新町,四条新町,543
2021-W44,一条室町,一条烏丸,382
2021-W44,三条堀川,三条新町,374
2021-W44,一条車屋町,二条車屋町,372
2021-W44,一条車屋町,一条烏丸,560
2021-W44,一条烏丸,一条車屋町,541
2021-W44,二条烏丸,一条烏丸,536
2021-W44,一条烏丸,二条烏丸,546
2021-W44,一条烏丸,一条室町,376
2021-W44,二条室町,一条室町,367
2021-W44,二条車屋町,一条車屋町,405
2021-W44,一条室町,二条室町,389
2021-W44,一条新町,一条室町,245
2021-W44,二条新町,一条新町,169
2021-W44,一条新町,二条新町,194
2021-W44,一条新町,一条堀川,92
2021-W44,一条堀川,一条新町,89
2021-W44,二条堀川,一条堀川,62
2021-W44,三条新町,三条堀川,378
2021-W44,一条室町,一条新町,274
2021-W44,二条堀川,三条堀川,243
2021-W44,一条堀川,二条堀川,57
2021-W44,二条堀川,二条新町,243
2021-W44,三条堀川,二条堀川,244
2021-W44,四条堀川,三条堀川,394
2021-W44,三条堀川,四条堀川,386
2021-W44,三条車屋町,二条車屋町,547
2021-W44,二条車屋町,三条車屋町,545
2021-W44,二条烏丸,二条車屋町,747
2021-W44,三条烏丸,二条烏丸,735
2021-W44,二条烏丸,三条烏丸,728
2021-W44,二条車屋町,二条烏丸,740
2021-W44,二条室町,二条烏丸,531
2021-W44,三条室町,二条室町,580
2021-W44,二条室町,三条室町,565
2021-W44,二条新町,二条堀川,244
2021-W44,二条室町,二条新町,373
2021-W44,二条新町,二条室町,385
2021-W44,三条新町,二条新町,402
2021-W44,二条烏丸,二条室町,529
2021-W44,二条新町,三条新町,420
2021-W45,四条新町,四条堀川,560
2021-W45,四条堀川,四条新町,540
2021-W45,五条堀川,四条堀川,547
2021-W45,四条堀川,五条堀川,567
2021-W45,四条車屋町,三条車屋町,744
2021-W45,三条車屋町,四条車屋町,720
2021-W45,三条車屋町,三条烏丸,901
2021-W45,三条新町,三条室町,564
2021-W45,四条烏丸,三条烏丸,42
2021-W45,三条烏丸,四条烏丸,42
2021-W45,三条烏丸,三条室町,725
2021-W45,三条室町,三条烏丸,722
2021-W45,四条室町,三条室町,779
2021-W45,三条室町,四条室町,751
2021-W45,三条室町,三条新町,562
2021-W45,四条新町,五条新町,735
2021-W45,三条烏丸,三条車屋町,891
2021-W45,五条新町,四条新町,751
2021-W45,四条車屋町,四条烏丸,49
2021-W45,四条室町,四条新町,702
2021-W45,四条新町,三条新町,572
2021-W45,五条烏丸,五条車屋町,894
2021-W45,五条烏丸,五条室町,738
2021-W45,五条室町,五条烏丸,734
2021-W45,五条室町,五条新町,573
2021-W45,五条新町,五条室町,556
2021-W45,五条新町,五条堀川,370
2021-W45,五条堀川,五条新町,355
2021-W45,五条車屋町,四条車屋町,881
2021-W45,四条車屋町,五条車屋町,886
2021-W45,四条烏丸,四条車屋町,51
2021-W45,五条烏丸,四条烏丸,46
2021-W45,四条烏丸,五条烏丸,48
2021-W45,四条烏丸,四条室町,43
2021-W45,四条室町,四条烏丸,42
2021-W45,五条室町,四条室町,884
2021-W45,四条室町,五条室町,876
2021-W45,四条新町,四条室町,701
2021-W45,三条新町,四条新町,566
2021-W45,五条車屋町,五条烏丸,899
2021-W45,三条堀川,三条新町,412
2021-W45,一条車屋町,二条車屋町,424
2021-W45,一条車屋町,一条烏丸,532
2021-W45,一条烏丸,一条車屋町,549
2021-W45,二条烏丸,一条烏丸,537
2021-W45,一条烏丸,二条烏丸,554
2021-W45,一条烏丸,一条室町,367
2021-W45,一条室町,一条烏丸,356
2021-W45,二条室町,一条室町,380
2021-W45,一条室町,二条室町,395
2021-W45,一条室町,一条新町,254
2021-W45,一条新町,一条室町,260
2021-W45,二条新町,一条新町,265
2021-W45,一条新町,二条新町,265
2021-W45,一条新町,一条堀川,66
2021-W45,一条堀川,一条新町,84
2021-W45,二条堀川,一条堀川,78
2021-W45,一条堀川,二条堀川,75
2021-W45,二条車屋町,一条車屋町,432
2021-W45,二条堀川,三条堀川,201
2021-W45,三条新町,三条堀川,440
2021-W45,二条堀川,二条新町,278
2021-W45,三条堀川,二条堀川,212
2021-W45,四条堀川,三条堀川,383
2021-W45,三条堀川,四条堀川,400
2021-W45,三条車屋町,二条車屋町,617
2021-W45,二条車屋町,三条車屋町,625
2021-W45,二条烏丸,二条車屋町,668
2021-W45,三条烏丸,二条烏丸,734
2021-W45,二条烏丸,三条烏丸,720
2021-W45,二条車屋町,二条烏丸,669
2021-W45,二条室町,二条烏丸,581
2021-W45,三条室町,二条室町,554
2021-W45,二条室町,三条室町,549
2021-W45,二条新町,二条堀川,290
2021-W45,二条室町,二条新町,459
2021-W45,二条新町,二条室町,439
2021-W45,三条新町,二条新町,401
2021-W45,二条新町,三条新町,399
2021-W45,二条烏丸,二条室町,548
2021-W46,三条車屋町,四条車屋町,832
2021-W46,四条車屋町,三条車屋町,817
2021-W46,四条新町,四条堀川,661
2021-W46,五条堀川,四条堀川,681
2021-W46,四条堀川,四条新町,649
2021-W46,三条車屋町,三条烏丸,983
2021-W46,四条堀川,五条堀川,679
2021-W46,三条烏丸,三条車屋町,978
2021-W46,四条新町,三条新町,611
2021-W46,三条烏丸,四条烏丸,45
2021-W46,三条烏丸,三条室町,797
2021-W46,三条室町,三条烏丸,811
2021-W46,四条室町,三条室町,829
2021-W46,三条室町,四条室町,832
2021-W46,三条室町,三条新町,705
2021-W46,三条新町,三条室町,681
2021-W46,四条新町,五条新町,854
2021-W46,四条烏丸,三条烏丸,44
2021-W46,五条新町,四条新町,871
2021-W46,四条烏丸,四条車屋町,52
2021-W46,四条室町,四条新町,821
2021-W46,三条新町,四条新町,630
2021-W46,五条烏丸,五条車屋町,998
2021-W46,五条烏丸,五条室町,834
2021-W46,五条室町,五条烏丸,831
2021-W46,五条室町,五条新町,701
2021-W46,五条新町,五条室町,687
2021-W46,五条新町,五条堀川,508
2021-W46,五条堀川,五条新町,531
2021-W46,五条車屋町,四条車屋町,935
2021-W46,四条車屋町,五条車屋町,970
2021-W46,四条車屋町,四条烏丸,53
2021-W46,五条烏丸,四条烏丸,54
2021-W46,四条烏丸,五条烏丸,53
2021-W46,四条烏丸,四条室町,45
2021-W46,四条室町,四条烏丸,47
2021-W46,五条室町,四条室町,1029
2021-W46,四条室町,五条室町,1030
2021-W46,四条新町,四条室町,809
2021-W46,五条車屋町,五条烏丸,983
2021-W46,三条新町,三条堀川,504
2021-W46,四条堀川,三条堀川,529
2021-W46,一条車屋町,一条烏丸,696
2021-W46,一条烏丸,一条車屋町,695
2021-W46,二条烏丸,一条烏丸,672
2021-W46,一条烏丸,二条烏丸,656
2021-W46,一条烏丸,一条室町,518
2021-W46,一条室町,一条烏丸,518
2021-W46,一条室町,二条室町,512
2021-W46,一条車屋町,二条車屋町,505
2021-W46,一条室町,一条新町,352
2021-W46,二条新町,一条新町,315
2021-W46,一条新町,二条新町,332
2021-W46,一条新町,一条堀川,192
2021-W46,一条堀川,一条新町,196
2021-W46,二条堀川,一条堀川,190
2021-W46,一条堀川,二条堀川,181
2021-W46,三条堀川,三条新町,484
2021-W46,一条新町,一条室町,330
2021-W46,二条車屋町,一条車屋町,502
2021-W46,二条室町,一条室町,496
2021-W46,三条堀川,二条堀川,367
2021-W46,二条堀川,三条堀川,355
2021-W46,三条車屋町,二条車屋町,688
2021-W46,二条車屋町,三条車屋町,715
2021-W46,二条車屋町,二条烏丸,843
2021-W46,二条烏丸,二条車屋町,852
2021-W46,三条烏丸,二条烏丸,879
2021-W46,二条烏丸,三条烏丸,850
2021-W46,二条烏丸,二条室町,711
2021-W46,二条室町,二条烏丸,708
2021-W46,三条堀川,四条堀川,523
2021-W46,二条室町,三条室町,633
2021-W46,二条室町,二条新町,565
2021-W46,二条新町,二条室町,565
2021-W46,三条新町,二条新町,515
2021-W46,二条新町,三条新町,503
2021-W46,二条新町,二条堀川,354
2021-W46,二条堀川,二条新町,348
2021-W46,三条室町,二条室町,628
2021-W47,四条新町,四条堀川,837
2021-W47,三条車屋町,三条烏丸,1152
2021-W47,四条堀川,四条新町,838
2021-W47,五条堀川,四条堀川,784
2021-W47,四条堀川,五条堀川,786
2021-W47,四条車屋町,三条車屋町,975
2021-W47,三条車屋町,四条車屋町,965
2021-W47,三条烏丸,三条車屋町,1142
2021-W47,三条新町,三条室町,773
2021-W47,三条烏丸,四条烏丸,52
2021-W47,三条烏丸,三条室町,947
2021-W47,三条室町,三条烏丸,960
2021-W47,四条室町,三条室町,994
2021-W47,三条室町,四条室町,989
2021-W47,三条室町,三条新町,753
2021-W47,四条新町,五条新町,946
2021-W47,四条新町,三条新町,804
2021-W47,四条烏丸,三条烏丸,53
2021-W47,五条新町,四条新町,957
2021-W47,四条烏丸,四条車屋町,61
2021-W47,四条室町,四条新町,960
2021-W47,五条車屋町,五条烏丸,1110
2021-W47,三条新町,四条新町,797
2021-W47,五条烏丸,五条室町,985
2021-W47,五条室町,五条烏丸,965
2021-W47,五条室町,五条新町,777
2021-W47,五条新町,五条室町,791
2021-W47,五条新町,五条堀川,621
2021-W47,五条堀川,五条新町,608
2021-W47,五条車屋町,四条車屋町,1115
2021-W47,四条車屋町,五条車屋町,1128
2021-W47,四条車屋町,四条烏丸,60
2021-W47,五条烏丸,四条烏丸,63
2021-W47,四条烏丸,五条烏丸,62
2021-W47,四条烏丸,四条室町,53
2021-W47,四条室町,四条烏丸,54
2021-W47,五条室町,四条室町,1070
2021-W47,四条室町,五条室町,1110
2021-W47,四条新町,四条室町,999
2021-W47,五条烏丸,五条車屋町,1140
2021-W47,三条新町,三条堀川,665
2021-W47,四条堀川,三条堀川,655
2021-W47,一条車屋町,一条烏丸,799
2021-W47,一条烏丸,一条車屋町,816
2021-W47,二条烏丸,一条烏丸,833
2021-W47,一条烏丸,二条烏丸,829
2021-W47,一条烏丸,一条室町,655
2021-W47,一条室町,一条烏丸,642
2021-W47,二条室町,一条室町,640
2021-W47,一条車屋町,二条車屋町,652
2021-W47,一条室町,二条室町,630
2021-W47,一条新町,一条室町,474
2021-W47,二条新町,一条新町,475
2021-W47,一条新町,二条新町,475
2021-W47,一条新町,一条堀川,299
2021-W47,一条堀川,一条新町,314
2021-W47,二条堀川,一条堀川,356
2021-W47,一条堀川,二条堀川,342
2021-W47,一条室町,一条新町,487
2021-W47,二条車屋町,一条車屋町,669
2021-W47,三条堀川,三条新町,673
2021-W47,三条堀川,二条堀川,490
2021-W47,三条堀川,四条堀川,654
2021-W47,三条車屋町,二条車屋町,794
2021-W47,二条車屋町,三条車屋町,781
2021-W47,二条車屋町,二条烏丸,935
2021-W47,二条烏丸,二条車屋町,946
2021-W47,三条烏丸,二条烏丸,988
2021-W47,二条烏丸,三条烏丸,968
2021-W47,二条烏丸,二条室町,813
2021-W47,二条堀川,三条堀川,507
2021-W47,三条室町,二条室町,834
2021-W47,二条室町,三条室町,833
2021-W47,二条室町,二条新町,649
2021-W47,二条新町,二条室町,639
2021-W47,三条新町,二条新町,625
2021-W47,二条新町,三条新町,649
2021-W47,二条新町,二条堀川,472
2021-W47,二条堀川,二条新町,489
2021-W47,二条室町,二条烏丸,808
2021-W48,五条新町,四条新町,1065
2021-W48,四条車屋町,三条車屋町,1078
2021-W48,四条堀川,五条堀川,916
2021-W48,四条新町,五条新町,1056
2021-W48,四条堀川,四条新町,892
2021-W48,四条新町,四条堀川,883
2021-W48,三条車屋町,四条車屋町,1095
2021-W48,五条堀川,四条堀川,938
2021-W48,三条車屋町,三条烏丸,1210
2021-W48,三条烏丸,三条室町,1085
2021-W48,四条烏丸,三条烏丸,57
2021-W48,三条烏丸,四条烏丸,58
2021-W48,三条室町,三条烏丸,1068
2021-W48,四条室町,三条室町,1111
2021-W48,三条室町,四条室町,1099
2021-W48,三条室町,三条新町,911
2021-W48,三条新町,三条室町,931
2021-W48,三条烏丸,三条車屋町,1239
2021-W48,四条新町,四条室町,1114
2021-W48,五条車屋町,五条烏丸,1266
2021-W48,四条室町,五条室町,1225
2021-W48,四条新町,三条新町,931
2021-W48,五条烏丸,五条車屋町,1236
2021-W48,五条烏丸,五条室町,1138
2021-W48,五条室町,五条烏丸,1118
2021-W48,五条室町,五条新町,950
2021-W48,五条新町,五条室町,930
2021-W48,五条新町,五条堀川,744
2021-W48,五条堀川,五条新町,731
2021-W48,五条車屋町,四条車屋町,1248
2021-W48,四条車屋町,五条車屋町,1250
2021-W48,四条車屋町,四条烏丸,68
2021-W48,四条烏丸,四条車屋町,67
2021-W48,五条烏丸,四条烏丸,65
2021-W48,四条烏丸,五条烏丸,65
2021-W48,四条烏丸,四条室町,59
2021-W48,四条室町,四条烏丸,60
2021-W48,五条室町,四条室町,1243
2021-W48,四条室町,四条新町,1098
2021-W48,三条新町,四条新町,914
2021-W48,三条新町,三条堀川,794
2021-W48,三条堀川,三条新町,794
2021-W48,一条車屋町,二条車屋町,806
2021-W48,一条車屋町,一条烏丸,899
2021-W48,一条烏丸,一条車屋町,894
2021-W48,二条烏丸,一条烏丸,920
2021-W48,一条烏丸,二条烏丸,927
2021-W48,一条烏丸,一条室町,742
2021-W48,一条室町,一条烏丸,733
2021-W48,二条車屋町,一条車屋町,824
2021-W48,二条室町,一条室町,756
2021-W48,一条室町,一条新町,596
2021-W48,一条新町,一条室町,595
2021-W48,二条新町,一条新町,612
2021-W48,一条新町,二条新町,630
2021-W48,一条新町,一条堀川,450
2021-W48,一条堀川,一条新町,432
2021-W48,二条堀川,一条堀川,488
2021-W48,一条室町,二条室町,746
2021-W48,二条堀川,三条堀川,587
2021-W48,一条堀川,二条堀川,452
2021-W48,二条堀川,二条新町,613
2021-W48,四条堀川,三条堀川,784
2021-W48,三条堀川,四条堀川,740
2021-W48,三条車屋町,二条車屋町,937
2021-W48,二条車屋町,三条車屋町,944
2021-W48,二条車屋町,二条烏丸,1074
2021-W48,三条堀川,二条堀川,588
2021-W48,三条烏丸,二条烏丸,1063
2021-W48,二条烏丸,三条烏丸,1083
2021-W48,二条烏丸,二条車屋町,1075
2021-W48,二条室町,二条烏丸,940
2021-W48,三条室町,二条室町,951
2021-W48,二条室町,三条室町,924
2021-W48,二条室町,二条新町,772
2021-W48,二条新町,二条室町,750
2021-W48,三条新町,二条新町,741
2021-W48,二条新町,三条新町,739
2021-W48,二条新町,二条堀川,600
2021-W48,二条烏丸,二条室町,950
2021-W49,四条新町,四条堀川,947
2021-W49,三条車屋町,三条烏丸,1280
2021-W49,四条堀川,四条新町,946
2021-W49,五条堀川,四条堀川,944
2021-W49,四条堀川,五条堀川,948
2021-W49,四条車屋町,三条車屋町,1124
2021-W49,三条車屋町,四条車屋町,1129
2021-W49,三条烏丸,三条車屋町,1249
2021-W49,三条新町,三条室町,927
2021-W49,三条烏丸,四条烏丸,60
2021-W49,三条烏丸,三条室町,1113
2021-W49,三条室町,三条烏丸,1125
2021-W49,四条室町,三条室町,1090
2021-W49,三条室町,四条室町,1097
2021-W49,三条室町,三条新町,909
2021-W49,四条新町,五条新町,1123
2021-W49,四条新町,三条新町,992
2021-W49,四条烏丸,三条烏丸,59
2021-W49,五条新町,四条新町,1139
2021-W49,四条烏丸,四条車屋町,68
2021-W49,四条室町,四条新町,1153
2021-W49,五条車屋町,五条烏丸,1277
2021-W49,三条新町,四条新町,982
2021-W49,五条烏丸,五条室町,1070
2021-W49,五条室町,五条烏丸,1084
2021-W49,五条室町,五条新町,1002
2021-W49,五条新町,五条室町,991
2021-W49,五条新町,五条堀川,831
2021-W49,五条堀川,五条新町,825
2021-W49,五条車屋町,四条車屋町,1290
2021-W49,四条車屋町,五条車屋町,1287
2021-W49,四条車屋町,四条烏丸,68
2021-W49,五条烏丸,四条烏丸,68
2021-W49,四条烏丸,五条烏丸,67
2021-W49,四条烏丸,四条室町,61
2021-W49,四条室町,四条烏丸,60
2021-W49,五条室町,四条室町,1277
2021-W49,四条室町,五条室町,1261
2021-W49,四条新町,四条室町,1142
2021-W49,五条烏丸,五条車屋町,1294
2021-W49,三条新町,三条堀川,799
2021-W49,四条堀川,三条堀川,824
2021-W49,一条車屋町,一条烏丸,995
2021-W49,一条烏丸,一条車屋町,987
2021-W49,二条烏丸,一条烏丸,945
2021-W49,一条烏丸,二条烏丸,932
2021-W49,一条烏丸,一条室町,794
2021-W49,一条室町,一条烏丸,785
2021-W49,二条室町,一条室町,861
2021-W49,一条車屋町,二条車屋町,808
2021-W49,一条室町,二条室町,840
2021-W49,一条新町,一条室町,614
2021-W49,二条新町,一条新町,600
2021-W49,一条新町,二条新町,622
2021-W49,一条新町,一条堀川,439
2021-W49,一条堀川,一条新町,449
2021-W49,二条堀川,一条堀川,476
2021-W49,一条堀川,二条堀川,486
2021-W49,一条室町,一条新町,642
2021-W49,二条車屋町,一条車屋町,796
2021-W49,三条堀川,三条新町,814
2021-W49,三条堀川,二条堀川,609
2021-W49,三条堀川,四条堀川,817
2021-W49,三条車屋町,二条車屋町,974
2021-W49,二条車屋町,三条車屋町,966
2021-W49,二条車屋町,二条烏丸,1182
2021-W49,二条烏丸,二条車屋町,1156
2021-W49,二条堀川,三条堀川,628
2021-W49,二条烏丸,三条烏丸,1087
2021-W49,二条烏丸,二条室町,929
2021-W49,三条烏丸,二条烏丸,1079
2021-W49,三条室町,二条室町,909
2021-W49,二条室町,三条室町,929
2021-W49,二条室町,二条新町,853
2021-W49,二条新町,二条室町,842
2021-W49,三条新町,二条新町,773
2021-W49,二条新町,三条新町,783
2021-W49,二条新町,二条堀川,650
2021-W49,二条堀川,二条新町,658
2021-W49,二条室町,二条烏丸,944
2021-W50,四条新町,五条新町,1067
2021-W50,四条新町,四条堀川,893
2021-W50,四条堀川,四条新町,908
2021-W50,五条堀川,四条堀川,921
2021-W50,四条堀川,五条堀川,887
2021-W50,四条車屋町,三条車屋町,1032
2021-W50,三条車屋町,四条車屋町,1026
2021-W50,三条室町,三条新町,898
2021-W50,三条烏丸,三条車屋町,1237
2021-W50,四条烏丸,三条烏丸,57
2021-W50,三条烏丸,四条烏丸,58
2021-W50,三条烏丸,三条室町,1049
2021-W50,三条室町,三条烏丸,1068
2021-W50,四条室町,三条室町,1109
2021-W50,三条室町,四条室町,1112
2021-W50,五条新町,四条新町,1053
2021-W50,三条車屋町,三条烏丸,1245
2021-W50,四条新町,四条室町,1033
2021-W50,四条車屋町,五条車屋町,1202
2021-W50,四条室町,五条室町,1219
2021-W50,三条新町,三条室町,894
2021-W50,五条車屋町,五条烏丸,1243
2021-W50,五条烏丸,五条車屋町,1229
2021-W50,五条烏丸,五条室町,1049
2021-W50,五条室町,五条烏丸,1059
2021-W50,五条室町,五条新町,918
2021-W50,五条新町,五条室町,898
2021-W50,五条新町,五条堀川,768
2021-W50,五条堀川,五条新町,755
2021-W50,五条車屋町,四条車屋町,1201
2021-W50,四条車屋町,四条烏丸,64
2021-W50,四条烏丸,四条車屋町,65
2021-W50,五条烏丸,四条烏丸,64
2021-W50,四条烏丸,五条烏丸,66
2021-W50,四条烏丸,四条室町,54
2021-W50,四条室町,四条烏丸,55
2021-W50,五条室町,四条室町,1210
2021-W50,四条室町,四条新町,1036
2021-W50,四条新町,三条新町,933
2021-W50,三条新町,四条新町,922
2021-W50,一条堀川,二条堀川,395
2021-W50,二条車屋町,一条車屋町,720
2021-W50,一条車屋町,二条車屋町,724
2021-W50,一条車屋町,一条烏丸,913
2021-W50,一条烏丸,一条車屋町,891
2021-W50,二条烏丸,一条烏丸,882
2021-W50,一条烏丸,二条烏丸,874
2021-W50,一条烏丸,一条室町,735
2021-W50,二条室町,一条室町,766
2021-W50,一条室町,二条室町,750
2021-W50,一条室町,一条新町,594
2021-W50,一条新町,一条室町,583
2021-W50,二条新町,一条新町,563
2021-W50,一条新町,二条新町,564
2021-W50,一条新町,一条堀川,445
2021-W50,一条堀川,一条新町,428
2021-W50,二条堀川,一条堀川,364
2021-W50,三条新町,三条堀川,744
2021-W50,二条堀川,三条堀川,589
2021-W50,三条堀川,二条堀川,590
2021-W50,一条室町,一条烏丸,736
2021-W50,二条新町,二条堀川,573
2021-W50,二条堀川,二条新町,573
2021-W50,四条堀川,三条堀川,736
2021-W50,三条堀川,四条堀川,734
2021-W50,三条車屋町,二条車屋町,892
2021-W50,二条車屋町,三条車屋町,877
2021-W50,二条車屋町,二条烏丸,1058
2021-W50,二条烏丸,二条車屋町,1047
2021-W50,三条烏丸,二条烏丸,1066
2021-W50,二条烏丸,三条烏丸,1053
2021-W50,三条堀川,三条新町,730
2021-W50,二条室町,二条烏丸,883
2021-W50,三条室町,二条室町,940
2021-W50,二条室町,三条室町,926
2021-W50,二条室町,二条新町,730
2021-W50,二条新町,二条室町,730
2021-W50,三条新町,二条新町,731
2021-W50,二条新町,三条新町,728
2021-W50,二条烏丸,二条室町,907
2021-W51,三条車屋町,三条烏丸,129
2021-W51,四条新町,四条堀川,99
2021-W51,四条堀川,四条新町,105
2021-W51,五条堀川,四条堀川,88
2021-W51,四条堀川,五条堀川,90
2021-W51,四条車屋町,三条車屋町,130
2021-W51,三条車屋町,四条車屋町,120
2021-W51,三条烏丸,三条車屋町,139
2021-W51,四条新町,三条新町,102
2021-W51,三条烏丸,四条烏丸,6
2021-W51,三条烏丸,三条室町,135
2021-W51,三条室町,三条烏丸,140
2021-W51,四条室町,三条室町,111
2021-W51,三条室町,四条室町,111
2021-W51,三条室町,三条新町,99
2021-W51,三条新町,三条室町,99
2021-W51,四条烏丸,三条烏丸,7
2021-W51,四条新町,五条新町,134
2021-W51,五条烏丸,五条室町,112
2021-W51,四条新町,四条室町,110
2021-W51,三条新町,四条新町,105
2021-W51,五条室町,五条烏丸,122
2021-W51,五条室町,五条新町,100
2021-W51,五条新町,五条室町,97
2021-W51,五条新町,五条堀川,89
2021-W51,五条堀川,五条新町,85
2021-W51,五条車屋町,四条車屋町,149
2021-W51,四条車屋町,五条車屋町,141
2021-W51,四条車屋町,四条烏丸,7
2021-W51,四条烏丸,四条車屋町,7
2021-W51,五条烏丸,四条烏丸,8
2021-W51,四条烏丸,五条烏丸,7
2021-W51,四条烏丸,四条室町,7
2021-W51,四条室町,四条烏丸,7
2021-W51,五条室町,四条室町,155
2021-W51,四条室町,五条室町,145
2021-W51,四条室町,四条新町,119
2021-W51,五条新町,四条新町,137
2021-W51,三条新町,三条堀川,108
2021-W51,三条堀川,二条堀川,61
2021-W51,四条堀川,三条堀川,83
2021-W51,一条烏丸,一条車屋町,113
2021-W51,二条烏丸,一条烏丸,102
2021-W51,一条烏丸,二条烏丸,104
2021-W51,一条烏丸,一条室町,100
2021-W51,一条室町,一条烏丸,96
2021-W51,二条室町,一条室町,76
2021-W51,一条室町,二条室町,77
2021-W51,一条車屋町,一条烏丸,121
2021-W51,一条室町,一条新町,54
2021-W51,二条新町,一条新町,74
2021-W51,一条新町,二条新町,74
2021-W51,一条新町,一条堀川,41
2021-W51,一条堀川,一条新町,39
2021-W51,二条堀川,一条堀川,65
2021-W51,一条堀川,二条堀川,55
2021-W51,五条烏丸,五条車屋町,148
2021-W51,一条新町,一条室町,57
2021-W51,一条車屋町,二条車屋町,83
2021-W51,二条車屋町,一条車屋町,80
2021-W51,二条堀川,三条堀川,56
2021-W51,三条堀川,四条堀川,76
2021-W51,三条車屋町,二条車屋町,104
2021-W51,二条車屋町,三条車屋町,105
2021-W51,二条車屋町,二条烏丸,111
2021-W51,二条烏丸,二条車屋町,115
2021-W51,三条烏丸,二条烏丸,111
2021-W51,二条烏丸,三条烏丸,121
2021-W51,二条烏丸,二条室町,101
2021-W51,二条室町,二条烏丸,109
2021-W51,三条室町,二条室町,99
2021-W51,二条室町,三条室町,106
2021-W51,二条室町,二条新町,94
2021-W51,二条新町,二条室町,99
2021-W51,三条新町,二条新町,77
2021-W51,二条新町,三条新町,74
2021-W51,二条新町,二条堀川,62
2021-W51,二条堀川,二条新町,68
2021-W51,三条堀川,三条新町,98
2021-W51,五条車屋町,五条烏丸,155
