t_idx,spectral_radius,is_stable
0,1.000000,0
1,1.000000,0
2,1.000000,0
3,1.000000,0
4,1.000000,0
5,1.000000,0
6,1.000000,0
7,1.000000,1
8,1.000000,0
9,1.000000,1
10,1.000000,0
11,1.000000,0
12,1.000000,0
13,1.000000,0
14,1.000000,0
15,1.000000,0
16,1.000000,0
17,1.000000,0
18,1.000000,0
19,1.000000,0
20,1.000000,1
21,1.000000,0
22,1.000000,0
23,1.000000,1
