t_idx,time_label,component_idx,node_idx,node_label,eigenvalue,explained_variance_ratio,vector_value
0,2020-W01,0,0,ACC_Accounts_Payable,0.0,0.0,0.0
0,2020-W01,0,1,ACC_Inventory,0.0,0.0,0.0
0,2020-W01,0,2,ACC_Cash,0.0,0.0,0.0
0,2020-W01,0,3,ACC_Travel_Exp,0.0,0.0,0.0
0,2020-W01,0,4,ACC_COGS,0.0,0.0,0.0
0,2020-W01,0,5,ACC_Sales_Revenue,0.0,0.0,0.0
0,2020-W01,0,6,ACC_Accounts_Receivable,0.0,0.0,0.0
0,2020-W01,0,7,ACC_Payroll_Exp,0.0,0.0,0.0
0,2020-W01,0,8,ACC_Rent_Exp,0.0,0.0,0.0
0,2020-W01,0,9,UNKNOWN_LEAK,0.0,0.0,0.0
0,2020-W01,1,0,ACC_Accounts_Payable,0.0,0.0,0.0
0,2020-W01,1,1,ACC_Inventory,0.0,0.0,0.0
0,2020-W01,1,2,ACC_Cash,0.0,0.0,0.0
0,2020-W01,1,3,ACC_Travel_Exp,0.0,0.0,0.0
0,2020-W01,1,4,ACC_COGS,0.0,0.0,0.0
0,2020-W01,1,5,ACC_Sales_Revenue,0.0,0.0,0.0
0,2020-W01,1,6,ACC_Accounts_Receivable,0.0,0.0,0.0
0,2020-W01,1,7,ACC_Payroll_Exp,0.0,0.0,0.0
0,2020-W01,1,8,ACC_Rent_Exp,0.0,0.0,0.0
0,2020-W01,1,9,UNKNOWN_LEAK,0.0,0.0,0.0
0,2020-W01,2,0,ACC_Accounts_Payable,0.0,0.0,0.0
0,2020-W01,2,1,ACC_Inventory,0.0,0.0,0.0
0,2020-W01,2,2,ACC_Cash,0.0,0.0,0.0
0,2020-W01,2,3,ACC_Travel_Exp,0.0,0.0,0.0
0,2020-W01,2,4,ACC_COGS,0.0,0.0,0.0
0,2020-W01,2,5,ACC_Sales_Revenue,0.0,0.0,0.0
0,2020-W01,2,6,ACC_Accounts_Receivable,0.0,0.0,0.0
0,2020-W01,2,7,ACC_Payroll_Exp,0.0,0.0,0.0
0,2020-W01,2,8,ACC_Rent_Exp,0.0,0.0,0.0
0,2020-W01,2,9,UNKNOWN_LEAK,0.0,0.0,0.0
1,2020-W02,0,0,ACC_Accounts_Payable,0.0,0.0,0.0
1,2020-W02,0,1,ACC_Inventory,0.0,0.0,0.0
1,2020-W02,0,2,ACC_Cash,0.0,0.0,0.0
1,2020-W02,0,3,ACC_Travel_Exp,0.0,0.0,0.0
1,2020-W02,0,4,ACC_COGS,0.0,0.0,0.0
1,2020-W02,0,5,ACC_Sales_Revenue,0.0,0.0,0.0
1,2020-W02,0,6,ACC_Accounts_Receivable,0.0,0.0,0.0
1,2020-W02,0,7,ACC_Payroll_Exp,0.0,0.0,0.0
1,2020-W02,0,8,ACC_Rent_Exp,0.0,0.0,0.0
1,2020-W02,0,9,UNKNOWN_LEAK,0.0,0.0,0.0
1,2020-W02,1,0,ACC_Accounts_Payable,0.0,0.0,0.0
1,2020-W02,1,1,ACC_Inventory,0.0,0.0,0.0
1,2020-W02,1,2,ACC_Cash,0.0,0.0,0.0
1,2020-W02,1,3,ACC_Travel_Exp,0.0,0.0,0.0
1,2020-W02,1,4,ACC_COGS,0.0,0.0,0.0
1,2020-W02,1,5,ACC_Sales_Revenue,0.0,0.0,0.0
1,2020-W02,1,6,ACC_Accounts_Receivable,0.0,0.0,0.0
1,2020-W02,1,7,ACC_Payroll_Exp,0.0,0.0,0.0
1,2020-W02,1,8,ACC_Rent_Exp,0.0,0.0,0.0
1,2020-W02,1,9,UNKNOWN_LEAK,0.0,0.0,0.0
1,2020-W02,2,0,ACC_Accounts_Payable,0.0,0.0,0.0
1,2020-W02,2,1,ACC_Inventory,0.0,0.0,0.0
1,2020-W02,2,2,ACC_Cash,0.0,0.0,0.0
1,2020-W02,2,3,ACC_Travel_Exp,0.0,0.0,0.0
1,2020-W02,2,4,ACC_COGS,0.0,0.0,0.0
1,2020-W02,2,5,ACC_Sales_Revenue,0.0,0.0,0.0
1,2020-W02,2,6,ACC_Accounts_Receivable,0.0,0.0,0.0
1,2020-W02,2,7,ACC_Payroll_Exp,0.0,0.0,0.0
1,2020-W02,2,8,ACC_Rent_Exp,0.0,0.0,0.0
1,2020-W02,2,9,UNKNOWN_LEAK,0.0,0.0,0.0
2,2020-W03,0,0,ACC_Accounts_Payable,29904258.9172,1.0,0.559534
2,2020-W03,0,1,ACC_Inventory,29904258.9172,1.0,-0.764114
2,2020-W03,0,2,ACC_Cash,29904258.9172,1.0,0.022472
2,2020-W03,0,3,ACC_Travel_Exp,29904258.9172,1.0,-0.022472
2,2020-W03,0,4,ACC_COGS,29904258.9172,1.0,0.20458
2,2020-W03,0,5,ACC_Sales_Revenue,29904258.9172,1.0,-0.173477
2,2020-W03,0,6,ACC_Accounts_Receivable,29904258.9172,1.0,0.173477
2,2020-W03,0,7,ACC_Payroll_Exp,29904258.9172,1.0,0.0
2,2020-W03,0,8,ACC_Rent_Exp,29904258.9172,1.0,0.0
2,2020-W03,0,9,UNKNOWN_LEAK,29904258.9172,1.0,0.0
2,2020-W03,1,0,ACC_Accounts_Payable,0.0,0.0,-0.581092
2,2020-W03,1,1,ACC_Inventory,0.0,0.0,-0.375866
2,2020-W03,1,2,ACC_Cash,0.0,0.0,-0.059023
2,2020-W03,1,3,ACC_Travel_Exp,0.0,0.0,0.059023
2,2020-W03,1,4,ACC_COGS,0.0,0.0,-0.460574
2,2020-W03,1,5,ACC_Sales_Revenue,0.0,0.0,-0.388562
2,2020-W03,1,6,ACC_Accounts_Receivable,0.0,0.0,0.388562
2,2020-W03,1,7,ACC_Payroll_Exp,0.0,0.0,-0.0
2,2020-W03,1,8,ACC_Rent_Exp,0.0,0.0,-0.0
2,2020-W03,1,9,UNKNOWN_LEAK,0.0,0.0,-0.0
2,2020-W03,2,0,ACC_Accounts_Payable,0.0,0.0,-0.207927
2,2020-W03,2,1,ACC_Inventory,0.0,0.0,0.221919
2,2020-W03,2,2,ACC_Cash,0.0,0.0,0.271111
2,2020-W03,2,3,ACC_Travel_Exp,0.0,0.0,-0.271111
2,2020-W03,2,4,ACC_COGS,0.0,0.0,0.673181
2,2020-W03,2,5,ACC_Sales_Revenue,0.0,0.0,-0.39201
2,2020-W03,2,6,ACC_Accounts_Receivable,0.0,0.0,0.39201
2,2020-W03,2,7,ACC_Payroll_Exp,0.0,0.0,0.0
2,2020-W03,2,8,ACC_Rent_Exp,0.0,0.0,0.0
2,2020-W03,2,9,UNKNOWN_LEAK,0.0,0.0,0.0
3,2020-W04,0,0,ACC_Accounts_Payable,424644857.624675,0.966133,-0.100554
3,2020-W04,0,1,ACC_Inventory,424644857.624675,0.966133,-0.031106
3,2020-W04,0,2,ACC_Cash,424644857.624675,0.966133,0.775276
3,2020-W04,0,3,ACC_Travel_Exp,424644857.624675,0.966133,-0.056494
3,2020-W04,0,4,ACC_COGS,424644857.624675,0.966133,0.131659
3,2020-W04,0,5,ACC_Sales_Revenue,424644857.624675,0.966133,-0.157707
3,2020-W04,0,6,ACC_Accounts_Receivable,424644857.624675,0.966133,0.157707
3,2020-W04,0,7,ACC_Payroll_Exp,424644857.624675,0.966133,-0.531548
3,2020-W04,0,8,ACC_Rent_Exp,424644857.624675,0.966133,-0.187234
3,2020-W04,0,9,UNKNOWN_LEAK,424644857.624675,0.966133,-0.0
3,2020-W04,1,0,ACC_Accounts_Payable,14885711.096392,0.033867,0.567664
3,2020-W04,1,1,ACC_Inventory,14885711.096392,0.033867,-0.763764
3,2020-W04,1,2,ACC_Cash,14885711.096392,0.033867,-0.030199
3,2020-W04,1,3,ACC_Travel_Exp,14885711.096392,0.033867,-0.018682
3,2020-W04,1,4,ACC_COGS,14885711.096392,0.033867,0.196099
3,2020-W04,1,5,ACC_Sales_Revenue,14885711.096392,0.033867,-0.163153
3,2020-W04,1,6,ACC_Accounts_Receivable,14885711.096392,0.033867,0.163153
3,2020-W04,1,7,ACC_Payroll_Exp,14885711.096392,0.033867,0.036148
3,2020-W04,1,8,ACC_Rent_Exp,14885711.096392,0.033867,0.012733
3,2020-W04,1,9,UNKNOWN_LEAK,14885711.096392,0.033867,0.0
3,2020-W04,2,0,ACC_Accounts_Payable,0.0,0.0,-0.495208
3,2020-W04,2,1,ACC_Inventory,0.0,0.0,-0.302838
3,2020-W04,2,2,ACC_Cash,0.0,0.0,0.375838
3,2020-W04,2,3,ACC_Travel_Exp,0.0,0.0,0.020164
3,2020-W04,2,4,ACC_COGS,0.0,0.0,-0.041438
3,2020-W04,2,5,ACC_Sales_Revenue,0.0,0.0,-0.174651
3,2020-W04,2,6,ACC_Accounts_Receivable,0.0,0.0,0.091482
3,2020-W04,2,7,ACC_Payroll_Exp,0.0,0.0,0.609958
3,2020-W04,2,8,ACC_Rent_Exp,0.0,0.0,0.329787
3,2020-W04,2,9,UNKNOWN_LEAK,0.0,0.0,-0.0
4,2020-W05,0,0,ACC_Accounts_Payable,727961932.91885,0.951729,-0.024606
4,2020-W05,0,1,ACC_Inventory,727961932.91885,0.951729,-0.007516
4,2020-W05,0,2,ACC_Cash,727961932.91885,0.951729,0.792143
4,2020-W05,0,3,ACC_Travel_Exp,727961932.91885,0.951729,-0.016146
4,2020-W05,0,4,ACC_COGS,727961932.91885,0.951729,0.032123
4,2020-W05,0,5,ACC_Sales_Revenue,727961932.91885,0.951729,-0.013814
4,2020-W05,0,6,ACC_Accounts_Receivable,727961932.91885,0.951729,0.013814
4,2020-W05,0,7,ACC_Payroll_Exp,727961932.91885,0.951729,-0.573859
4,2020-W05,0,8,ACC_Rent_Exp,727961932.91885,0.951729,-0.202138
4,2020-W05,0,9,UNKNOWN_LEAK,727961932.91885,0.951729,-0.0
4,2020-W05,1,0,ACC_Accounts_Payable,27470196.191292,0.035914,0.25249
4,2020-W05,1,1,ACC_Inventory,27470196.191292,0.035914,0.165827
4,2020-W05,1,2,ACC_Cash,27470196.191292,0.035914,-0.030371
4,2020-W05,1,3,ACC_Travel_Exp,27470196.191292,0.035914,0.164308
4,2020-W05,1,4,ACC_COGS,27470196.191292,0.035914,-0.418317
4,2020-W05,1,5,ACC_Sales_Revenue,27470196.191292,0.035914,0.589412
4,2020-W05,1,6,ACC_Accounts_Receivable,27470196.191292,0.035914,-0.589412
4,2020-W05,1,7,ACC_Payroll_Exp,27470196.191292,0.035914,-0.099048
4,2020-W05,1,8,ACC_Rent_Exp,27470196.191292,0.035914,-0.034889
4,2020-W05,1,9,UNKNOWN_LEAK,27470196.191292,0.035914,0.0
4,2020-W05,2,0,ACC_Accounts_Payable,9451334.519225,0.012357,0.657154
4,2020-W05,2,1,ACC_Inventory,9451334.519225,0.012357,-0.747599
4,2020-W05,2,2,ACC_Cash,9451334.519225,0.012357,-0.003191
4,2020-W05,2,3,ACC_Travel_Exp,9451334.519225,0.012357,0.024863
4,2020-W05,2,4,ACC_COGS,9451334.519225,0.012357,0.090445
4,2020-W05,2,5,ACC_Sales_Revenue,9451334.519225,0.012357,-0.008555
4,2020-W05,2,6,ACC_Accounts_Receivable,9451334.519225,0.012357,0.008555
4,2020-W05,2,7,ACC_Payroll_Exp,9451334.519225,0.012357,-0.016027
4,2020-W05,2,8,ACC_Rent_Exp,9451334.519225,0.012357,-0.005645
4,2020-W05,2,9,UNKNOWN_LEAK,9451334.519225,0.012357,0.0
5,2020-W06,0,0,ACC_Accounts_Payable,546481571.198143,0.940329,-0.025543
5,2020-W06,0,1,ACC_Inventory,546481571.198143,0.940329,-0.005766
5,2020-W06,0,2,ACC_Cash,546481571.198143,0.940329,0.792649
5,2020-W06,0,3,ACC_Travel_Exp,546481571.198143,0.940329,-0.016053
5,2020-W06,0,4,ACC_COGS,546481571.198143,0.940329,0.03131
5,2020-W06,0,5,ACC_Sales_Revenue,546481571.198143,0.940329,-0.012947
5,2020-W06,0,6,ACC_Accounts_Receivable,546481571.198143,0.940329,0.011256
5,2020-W06,0,7,ACC_Payroll_Exp,546481571.198143,0.940329,-0.573328
5,2020-W06,0,8,ACC_Rent_Exp,546481571.198143,0.940329,-0.201951
5,2020-W06,0,9,UNKNOWN_LEAK,546481571.198143,0.940329,0.000373
5,2020-W06,1,0,ACC_Accounts_Payable,24327485.600382,0.04186,0.110768
5,2020-W06,1,1,ACC_Inventory,24327485.600382,0.04186,0.290972
5,2020-W06,1,2,ACC_Cash,24327485.600382,0.04186,0.006711
5,2020-W06,1,3,ACC_Travel_Exp,24327485.600382,0.04186,0.139664
5,2020-W06,1,4,ACC_COGS,24327485.600382,0.04186,-0.40174
5,2020-W06,1,5,ACC_Sales_Revenue,24327485.600382,0.04186,0.54137
5,2020-W06,1,6,ACC_Accounts_Receivable,24327485.600382,0.04186,-0.652882
5,2020-W06,1,7,ACC_Payroll_Exp,24327485.600382,0.04186,-0.044
5,2020-W06,1,8,ACC_Rent_Exp,24327485.600382,0.04186,-0.015499
5,2020-W06,1,9,UNKNOWN_LEAK,24327485.600382,0.04186,0.024636
5,2020-W06,2,0,ACC_Accounts_Payable,9251297.831844,0.015919,0.704245
5,2020-W06,2,1,ACC_Inventory,9251297.831844,0.015919,-0.665148
5,2020-W06,2,2,ACC_Cash,9251297.831844,0.015919,-0.072261
5,2020-W06,2,3,ACC_Travel_Exp,9251297.831844,0.015919,0.084892
5,2020-W06,2,4,ACC_COGS,9251297.831844,0.015919,-0.039097
5,2020-W06,2,5,ACC_Sales_Revenue,9251297.831844,0.015919,0.173221
5,2020-W06,2,6,ACC_Accounts_Receivable,9251297.831844,0.015919,0.015526
5,2020-W06,2,7,ACC_Payroll_Exp,9251297.831844,0.015919,-0.118085
5,2020-W06,2,8,ACC_Rent_Exp,9251297.831844,0.015919,-0.041595
5,2020-W06,2,9,UNKNOWN_LEAK,9251297.831844,0.015919,-0.041699
6,2020-W07,0,0,ACC_Accounts_Payable,440675199.627439,0.917576,-0.022929
6,2020-W07,0,1,ACC_Inventory,440675199.627439,0.917576,-0.006319
6,2020-W07,0,2,ACC_Cash,440675199.627439,0.917576,0.796642
6,2020-W07,0,3,ACC_Travel_Exp,440675199.627439,0.917576,-0.016074
6,2020-W07,0,4,ACC_COGS,440675199.627439,0.917576,0.029248
6,2020-W07,0,5,ACC_Sales_Revenue,440675199.627439,0.917576,-0.009004
6,2020-W07,0,6,ACC_Accounts_Receivable,440675199.627439,0.917576,-0.001538
6,2020-W07,0,7,ACC_Payroll_Exp,440675199.627439,0.917576,-0.568739
6,2020-W07,0,8,ACC_Rent_Exp,440675199.627439,0.917576,-0.200335
6,2020-W07,0,9,UNKNOWN_LEAK,440675199.627439,0.917576,-0.000952
6,2020-W07,1,0,ACC_Accounts_Payable,27320846.28953,0.056888,0.154411
6,2020-W07,1,1,ACC_Inventory,27320846.28953,0.056888,0.167777
6,2020-W07,1,2,ACC_Cash,27320846.28953,0.056888,0.100294
6,2020-W07,1,3,ACC_Travel_Exp,27320846.28953,0.056888,0.093842
6,2020-W07,1,4,ACC_COGS,27320846.28953,0.056888,-0.322189
6,2020-W07,1,5,ACC_Sales_Revenue,27320846.28953,0.056888,0.465892
6,2020-W07,1,6,ACC_Accounts_Receivable,27320846.28953,0.056888,-0.773071
6,2020-W07,1,7,ACC_Payroll_Exp,27320846.28953,0.056888,0.096004
6,2020-W07,1,8,ACC_Rent_Exp,27320846.28953,0.056888,0.033817
6,2020-W07,1,9,UNKNOWN_LEAK,27320846.28953,0.056888,-0.016778
6,2020-W07,2,0,ACC_Accounts_Payable,7666263.165787,0.015963,0.671436
6,2020-W07,2,1,ACC_Inventory,7666263.165787,0.015963,-0.732922
6,2020-W07,2,2,ACC_Cash,7666263.165787,0.015963,0.007393
6,2020-W07,2,3,ACC_Travel_Exp,7666263.165787,0.015963,0.031216
6,2020-W07,2,4,ACC_COGS,7666263.165787,0.015963,0.061486
6,2020-W07,2,5,ACC_Sales_Revenue,7666263.165787,0.015963,0.050597
6,2020-W07,2,6,ACC_Accounts_Receivable,7666263.165787,0.015963,-0.014765
6,2020-W07,2,7,ACC_Payroll_Exp,7666263.165787,0.015963,-0.006175
6,2020-W07,2,8,ACC_Rent_Exp,7666263.165787,0.015963,-0.002175
6,2020-W07,2,9,UNKNOWN_LEAK,7666263.165787,0.015963,-0.06609
7,2020-W08,0,0,ACC_Accounts_Payable,383649410.326252,0.867198,-0.057881
7,2020-W08,0,1,ACC_Inventory,383649410.326252,0.867198,-0.026219
7,2020-W08,0,2,ACC_Cash,383649410.326252,0.867198,0.813063
7,2020-W08,0,3,ACC_Travel_Exp,383649410.326252,0.867198,-0.014287
7,2020-W08,0,4,ACC_COGS,383649410.326252,0.867198,0.041031
7,2020-W08,0,5,ACC_Sales_Revenue,383649410.326252,0.867198,-0.030327
7,2020-W08,0,6,ACC_Accounts_Receivable,383649410.326252,0.867198,0.01039
7,2020-W08,0,7,ACC_Payroll_Exp,383649410.326252,0.867198,-0.543444
7,2020-W08,0,8,ACC_Rent_Exp,383649410.326252,0.867198,-0.191425
7,2020-W08,0,9,UNKNOWN_LEAK,383649410.326252,0.867198,-0.000902
7,2020-W08,1,0,ACC_Accounts_Payable,36133832.121882,0.081677,0.491696
7,2020-W08,1,1,ACC_Inventory,36133832.121882,0.081677,0.297685
7,2020-W08,1,2,ACC_Cash,36133832.121882,0.081677,-0.129361
7,2020-W08,1,3,ACC_Travel_Exp,36133832.121882,0.081677,0.034289
7,2020-W08,1,4,ACC_COGS,36133832.121882,0.081677,-0.300565
7,2020-W08,1,5,ACC_Sales_Revenue,36133832.121882,0.081677,0.483685
7,2020-W08,1,6,ACC_Accounts_Receivable,36133832.121882,0.081677,-0.486006
7,2020-W08,1,7,ACC_Payroll_Exp,36133832.121882,0.081677,-0.284804
7,2020-W08,1,8,ACC_Rent_Exp,36133832.121882,0.081677,-0.10032
7,2020-W08,1,9,UNKNOWN_LEAK,36133832.121882,0.081677,-0.006297
7,2020-W08,2,0,ACC_Accounts_Payable,14994624.60373,0.033894,0.376216
7,2020-W08,2,1,ACC_Inventory,14994624.60373,0.033894,0.052586
7,2020-W08,2,2,ACC_Cash,14994624.60373,0.033894,-0.36099
7,2020-W08,2,3,ACC_Travel_Exp,14994624.60373,0.033894,-0.076633
7,2020-W08,2,4,ACC_COGS,14994624.60373,0.033894,0.112602
7,2020-W08,2,5,ACC_Sales_Revenue,14994624.60373,0.033894,-0.10923
7,2020-W08,2,6,ACC_Accounts_Receivable,14994624.60373,0.033894,0.649353
7,2020-W08,2,7,ACC_Payroll_Exp,14994624.60373,0.033894,-0.492587
7,2020-W08,2,8,ACC_Rent_Exp,14994624.60373,0.033894,-0.173511
7,2020-W08,2,9,UNKNOWN_LEAK,14994624.60373,0.033894,0.022192
8,2020-W09,0,0,ACC_Accounts_Payable,374443754.620706,0.815047,-0.04385
8,2020-W09,0,1,ACC_Inventory,374443754.620706,0.815047,0.031816
8,2020-W09,0,2,ACC_Cash,374443754.620706,0.815047,-0.770948
8,2020-W09,0,3,ACC_Travel_Exp,374443754.620706,0.815047,0.000444
8,2020-W09,0,4,ACC_COGS,374443754.620706,0.815047,-0.034638
8,2020-W09,0,5,ACC_Sales_Revenue,374443754.620706,0.815047,0.030922
8,2020-W09,0,6,ACC_Accounts_Receivable,374443754.620706,0.815047,-0.017325
8,2020-W09,0,7,ACC_Payroll_Exp,374443754.620706,0.815047,0.598905
8,2020-W09,0,8,ACC_Rent_Exp,374443754.620706,0.815047,0.203863
8,2020-W09,0,9,UNKNOWN_LEAK,374443754.620706,0.815047,0.000811
8,2020-W09,1,0,ACC_Accounts_Payable,53758546.555383,0.117016,0.779505
8,2020-W09,1,1,ACC_Inventory,53758546.555383,0.117016,0.084306
8,2020-W09,1,2,ACC_Cash,53758546.555383,0.117016,-0.371061
8,2020-W09,1,3,ACC_Travel_Exp,53758546.555383,0.117016,0.076336
8,2020-W09,1,4,ACC_COGS,53758546.555383,0.117016,-0.143004
8,2020-W09,1,5,ACC_Sales_Revenue,53758546.555383,0.117016,0.184353
8,2020-W09,1,6,ACC_Accounts_Receivable,53758546.555383,0.117016,-0.092336
8,2020-W09,1,7,ACC_Payroll_Exp,53758546.555383,0.117016,-0.408802
8,2020-W09,1,8,ACC_Rent_Exp,53758546.555383,0.117016,-0.108022
8,2020-W09,1,9,UNKNOWN_LEAK,53758546.555383,0.117016,-0.001275
8,2020-W09,2,0,ACC_Accounts_Payable,22498014.957261,0.048971,0.122943
8,2020-W09,2,1,ACC_Inventory,22498014.957261,0.048971,-0.307985
8,2020-W09,2,2,ACC_Cash,22498014.957261,0.048971,-0.184278
8,2020-W09,2,3,ACC_Travel_Exp,22498014.957261,0.048971,-0.009688
8,2020-W09,2,4,ACC_COGS,22498014.957261,0.048971,0.297645
8,2020-W09,2,5,ACC_Sales_Revenue,22498014.957261,0.048971,-0.482282
8,2020-W09,2,6,ACC_Accounts_Receivable,22498014.957261,0.048971,0.717091
8,2020-W09,2,7,ACC_Payroll_Exp,22498014.957261,0.048971,-0.14115
8,2020-W09,2,8,ACC_Rent_Exp,22498014.957261,0.048971,-0.023061
8,2020-W09,2,9,UNKNOWN_LEAK,22498014.957261,0.048971,0.010764
9,2020-W10,0,0,ACC_Accounts_Payable,409206242.323743,0.78869,-0.146792
9,2020-W10,0,1,ACC_Inventory,409206242.323743,0.78869,-0.002599
9,2020-W10,0,2,ACC_Cash,409206242.323743,0.78869,-0.722688
9,2020-W10,0,3,ACC_Travel_Exp,409206242.323743,0.78869,-0.006701
9,2020-W10,0,4,ACC_COGS,409206242.323743,0.78869,0.010973
9,2020-W10,0,5,ACC_Sales_Revenue,409206242.323743,0.78869,-0.039935
9,2020-W10,0,6,ACC_Accounts_Receivable,409206242.323743,0.78869,0.067169
9,2020-W10,0,7,ACC_Payroll_Exp,409206242.323743,0.78869,0.637263
9,2020-W10,0,8,ACC_Rent_Exp,409206242.323743,0.78869,0.209183
9,2020-W10,0,9,UNKNOWN_LEAK,409206242.323743,0.78869,-0.005873
9,2020-W10,1,0,ACC_Accounts_Payable,76776047.799053,0.147976,0.681106
9,2020-W10,1,1,ACC_Inventory,76776047.799053,0.147976,0.165551
9,2020-W10,1,2,ACC_Cash,76776047.799053,0.147976,-0.412483
9,2020-W10,1,3,ACC_Travel_Exp,76776047.799053,0.147976,0.060695
9,2020-W10,1,4,ACC_COGS,76776047.799053,0.147976,-0.227924
9,2020-W10,1,5,ACC_Sales_Revenue,76776047.799053,0.147976,0.332928
9,2020-W10,1,6,ACC_Accounts_Receivable,76776047.799053,0.147976,-0.338888
9,2020-W10,1,7,ACC_Payroll_Exp,76776047.799053,0.147976,-0.234559
9,2020-W10,1,8,ACC_Rent_Exp,76776047.799053,0.147976,-0.043703
9,2020-W10,1,9,UNKNOWN_LEAK,76776047.799053,0.147976,0.017277
9,2020-W10,2,0,ACC_Accounts_Payable,25104177.694088,0.048385,0.377117
9,2020-W10,2,1,ACC_Inventory,25104177.694088,0.048385,-0.242969
9,2020-W10,2,2,ACC_Cash,25104177.694088,0.048385,-0.272062
9,2020-W10,2,3,ACC_Travel_Exp,25104177.694088,0.048385,0.027754
9,2020-W10,2,4,ACC_COGS,25104177.694088,0.048385,0.224485
9,2020-W10,2,5,ACC_Sales_Revenue,25104177.694088,0.048385,-0.388851
9,2020-W10,2,6,ACC_Accounts_Receivable,25104177.694088,0.048385,0.655523
9,2020-W10,2,7,ACC_Payroll_Exp,25104177.694088,0.048385,-0.293875
9,2020-W10,2,8,ACC_Rent_Exp,25104177.694088,0.048385,-0.078879
9,2020-W10,2,9,UNKNOWN_LEAK,25104177.694088,0.048385,-0.008241
10,2020-W11,0,0,ACC_Accounts_Payable,366362470.775722,0.77786,-0.139182
10,2020-W11,0,1,ACC_Inventory,366362470.775722,0.77786,-0.000368
10,2020-W11,0,2,ACC_Cash,366362470.775722,0.77786,-0.729434
10,2020-W11,0,3,ACC_Travel_Exp,366362470.775722,0.77786,-0.00917
10,2020-W11,0,4,ACC_COGS,366362470.775722,0.77786,0.008319
10,2020-W11,0,5,ACC_Sales_Revenue,366362470.775722,0.77786,-0.033783
10,2020-W11,0,6,ACC_Accounts_Receivable,366362470.775722,0.77786,0.068486
10,2020-W11,0,7,ACC_Payroll_Exp,366362470.775722,0.77786,0.632041
10,2020-W11,0,8,ACC_Rent_Exp,366362470.775722,0.77786,0.207542
10,2020-W11,0,9,UNKNOWN_LEAK,366362470.775722,0.77786,-0.004452
10,2020-W11,1,0,ACC_Accounts_Payable,72940788.129595,0.154868,0.681751
10,2020-W11,1,1,ACC_Inventory,72940788.129595,0.154868,0.166389
10,2020-W11,1,2,ACC_Cash,72940788.129595,0.154868,-0.419199
10,2020-W11,1,3,ACC_Travel_Exp,72940788.129595,0.154868,0.039227
10,2020-W11,1,4,ACC_COGS,72940788.129595,0.154868,-0.225837
10,2020-W11,1,5,ACC_Sales_Revenue,72940788.129595,0.154868,0.345094
10,2020-W11,1,6,ACC_Accounts_Receivable,72940788.129595,0.154868,-0.297104
10,2020-W11,1,7,ACC_Payroll_Exp,72940788.129595,0.154868,-0.261272
10,2020-W11,1,8,ACC_Rent_Exp,72940788.129595,0.154868,-0.054621
10,2020-W11,1,9,UNKNOWN_LEAK,72940788.129595,0.154868,0.025573
10,2020-W11,2,0,ACC_Accounts_Payable,22891780.447744,0.048604,0.336326
10,2020-W11,2,1,ACC_Inventory,22891780.447744,0.048604,-0.23362
10,2020-W11,2,2,ACC_Cash,22891780.447744,0.048604,-0.263721
10,2020-W11,2,3,ACC_Travel_Exp,22891780.447744,0.048604,0.000175
10,2020-W11,2,4,ACC_COGS,22891780.447744,0.048604,0.225184
10,2020-W11,2,5,ACC_Sales_Revenue,22891780.447744,0.048604,-0.370734
10,2020-W11,2,6,ACC_Accounts_Receivable,22891780.447744,0.048604,0.69087
10,2020-W11,2,7,ACC_Payroll_Exp,22891780.447744,0.048604,-0.300009
10,2020-W11,2,8,ACC_Rent_Exp,22891780.447744,0.048604,-0.085435
10,2020-W11,2,9,UNKNOWN_LEAK,22891780.447744,0.048604,0.000965
11,2020-W12,0,0,ACC_Accounts_Payable,331327309.52831,0.741197,-0.121903
11,2020-W12,0,1,ACC_Inventory,331327309.52831,0.741197,-0.004213
11,2020-W12,0,2,ACC_Cash,331327309.52831,0.741197,-0.736546
11,2020-W12,0,3,ACC_Travel_Exp,331327309.52831,0.741197,-0.004681
11,2020-W12,0,4,ACC_COGS,331327309.52831,0.741197,0.010178
11,2020-W12,0,5,ACC_Sales_Revenue,331327309.52831,0.741197,-0.037387
11,2020-W12,0,6,ACC_Accounts_Receivable,331327309.52831,0.741197,0.06465
11,2020-W12,0,7,ACC_Payroll_Exp,331327309.52831,0.741197,0.627961
11,2020-W12,0,8,ACC_Rent_Exp,331327309.52831,0.741197,0.206312
11,2020-W12,0,9,UNKNOWN_LEAK,331327309.52831,0.741197,-0.004372
11,2020-W12,1,0,ACC_Accounts_Payable,76811405.498759,0.171831,0.768184
11,2020-W12,1,1,ACC_Inventory,76811405.498759,0.171831,0.076309
11,2020-W12,1,2,ACC_Cash,76811405.498759,0.171831,-0.416756
11,2020-W12,1,3,ACC_Travel_Exp,76811405.498759,0.171831,0.086887
11,2020-W12,1,4,ACC_COGS,76811405.498759,0.171831,-0.151405
11,2020-W12,1,5,ACC_Sales_Revenue,76811405.498759,0.171831,0.220751
11,2020-W12,1,6,ACC_Accounts_Receivable,76811405.498759,0.171831,-0.267169
11,2020-W12,1,7,ACC_Payroll_Exp,76811405.498759,0.171831,-0.274591
11,2020-W12,1,8,ACC_Rent_Exp,76811405.498759,0.171831,-0.062999
11,2020-W12,1,9,UNKNOWN_LEAK,76811405.498759,0.171831,0.02079
11,2020-W12,2,0,ACC_Accounts_Payable,25933316.488976,0.058014,0.310633
11,2020-W12,2,1,ACC_Inventory,25933316.488976,0.058014,-0.377977
11,2020-W12,2,2,ACC_Cash,25933316.488976,0.058014,-0.122623
11,2020-W12,2,3,ACC_Travel_Exp,25933316.488976,0.058014,0.095791
11,2020-W12,2,4,ACC_COGS,25933316.488976,0.058014,0.329903
11,2020-W12,2,5,ACC_Sales_Revenue,25933316.488976,0.058014,-0.548532
11,2020-W12,2,6,ACC_Accounts_Receivable,25933316.488976,0.058014,0.545259
11,2020-W12,2,7,ACC_Payroll_Exp,25933316.488976,0.058014,-0.161969
11,2020-W12,2,8,ACC_Rent_Exp,25933316.488976,0.058014,-0.053675
11,2020-W12,2,9,UNKNOWN_LEAK,25933316.488976,0.058014,-0.01681
12,2020-W13,0,0,ACC_Accounts_Payable,397765207.786692,0.725055,-0.0474
12,2020-W13,0,1,ACC_Inventory,397765207.786692,0.725055,-0.035271
12,2020-W13,0,2,ACC_Cash,397765207.786692,0.725055,0.796153
12,2020-W13,0,3,ACC_Travel_Exp,397765207.786692,0.725055,-0.002652
12,2020-W13,0,4,ACC_COGS,397765207.786692,0.725055,0.036103
12,2020-W13,0,5,ACC_Sales_Revenue,397765207.786692,0.725055,-0.056358
12,2020-W13,0,6,ACC_Accounts_Receivable,397765207.786692,0.725055,0.063293
12,2020-W13,0,7,ACC_Payroll_Exp,397765207.786692,0.725055,-0.562829
12,2020-W13,0,8,ACC_Rent_Exp,397765207.786692,0.725055,-0.193327
12,2020-W13,0,9,UNKNOWN_LEAK,397765207.786692,0.725055,0.002286
12,2020-W13,1,0,ACC_Accounts_Payable,111825653.067032,0.203838,0.719662
12,2020-W13,1,1,ACC_Inventory,111825653.067032,0.203838,0.121128
12,2020-W13,1,2,ACC_Cash,111825653.067032,0.203838,-0.178304
12,2020-W13,1,3,ACC_Travel_Exp,111825653.067032,0.203838,0.05716
12,2020-W13,1,4,ACC_COGS,111825653.067032,0.203838,-0.172853
12,2020-W13,1,5,ACC_Sales_Revenue,111825653.067032,0.203838,0.305634
12,2020-W13,1,6,ACC_Accounts_Receivable,111825653.067032,0.203838,-0.399254
12,2020-W13,1,7,ACC_Payroll_Exp,111825653.067032,0.203838,-0.374976
12,2020-W13,1,8,ACC_Rent_Exp,111825653.067032,0.203838,-0.093858
12,2020-W13,1,9,UNKNOWN_LEAK,111825653.067032,0.203838,0.015662
12,2020-W13,2,0,ACC_Accounts_Payable,26748906.279079,0.048758,0.432294
12,2020-W13,2,1,ACC_Inventory,26748906.279079,0.048758,-0.334312
12,2020-W13,2,2,ACC_Cash,26748906.279079,0.048758,-0.240154
12,2020-W13,2,3,ACC_Travel_Exp,26748906.279079,0.048758,0.115013
12,2020-W13,2,4,ACC_COGS,26748906.279079,0.048758,0.266299
12,2020-W13,2,5,ACC_Sales_Revenue,26748906.279079,0.048758,-0.485366
12,2020-W13,2,6,ACC_Accounts_Receivable,26748906.279079,0.048758,0.525556
12,2020-W13,2,7,ACC_Payroll_Exp,26748906.279079,0.048758,-0.208084
12,2020-W13,2,8,ACC_Rent_Exp,26748906.279079,0.048758,-0.066552
12,2020-W13,2,9,UNKNOWN_LEAK,26748906.279079,0.048758,-0.004696
13,2020-W14,0,0,ACC_Accounts_Payable,469368055.219693,0.772071,-0.076574
13,2020-W14,0,1,ACC_Inventory,469368055.219693,0.772071,-0.014535
13,2020-W14,0,2,ACC_Cash,469368055.219693,0.772071,0.797539
13,2020-W14,0,3,ACC_Travel_Exp,469368055.219693,0.772071,0.004248
13,2020-W14,0,4,ACC_COGS,469368055.219693,0.772071,0.028977
13,2020-W14,0,5,ACC_Sales_Revenue,469368055.219693,0.772071,-0.048067
13,2020-W14,0,6,ACC_Accounts_Receivable,469368055.219693,0.772071,0.059013
13,2020-W14,0,7,ACC_Payroll_Exp,469368055.219693,0.772071,-0.559145
13,2020-W14,0,8,ACC_Rent_Exp,469368055.219693,0.772071,-0.196312
13,2020-W14,0,9,UNKNOWN_LEAK,469368055.219693,0.772071,0.004855
13,2020-W14,1,0,ACC_Accounts_Payable,109047756.042823,0.179374,0.754705
13,2020-W14,1,1,ACC_Inventory,109047756.042823,0.179374,0.082586
13,2020-W14,1,2,ACC_Cash,109047756.042823,0.179374,-0.178209
13,2020-W14,1,3,ACC_Travel_Exp,109047756.042823,0.179374,0.055231
13,2020-W14,1,4,ACC_COGS,109047756.042823,0.179374,-0.148136
13,2020-W14,1,5,ACC_Sales_Revenue,109047756.042823,0.179374,0.270029
13,2020-W14,1,6,ACC_Accounts_Receivable,109047756.042823,0.179374,-0.359466
13,2020-W14,1,7,ACC_Payroll_Exp,109047756.042823,0.179374,-0.393552
13,2020-W14,1,8,ACC_Rent_Exp,109047756.042823,0.179374,-0.09804
13,2020-W14,1,9,UNKNOWN_LEAK,109047756.042823,0.179374,0.014852
13,2020-W14,2,0,ACC_Accounts_Payable,16842096.616226,0.027704,0.358121
13,2020-W14,2,1,ACC_Inventory,16842096.616226,0.027704,-0.272991
13,2020-W14,2,2,ACC_Cash,16842096.616226,0.027704,-0.217912
13,2020-W14,2,3,ACC_Travel_Exp,16842096.616226,0.027704,0.17198
13,2020-W14,2,4,ACC_COGS,16842096.616226,0.027704,0.250804
13,2020-W14,2,5,ACC_Sales_Revenue,16842096.616226,0.027704,-0.548075
13,2020-W14,2,6,ACC_Accounts_Receivable,16842096.616226,0.027704,0.55512
13,2020-W14,2,7,ACC_Payroll_Exp,16842096.616226,0.027704,-0.208926
13,2020-W14,2,8,ACC_Rent_Exp,16842096.616226,0.027704,-0.068373
13,2020-W14,2,9,UNKNOWN_LEAK,16842096.616226,0.027704,-0.01975
14,2020-W15,0,0,ACC_Accounts_Payable,476242432.124919,0.750814,-0.078584
14,2020-W15,0,1,ACC_Inventory,476242432.124919,0.750814,-0.007896
14,2020-W15,0,2,ACC_Cash,476242432.124919,0.750814,0.806005
14,2020-W15,0,3,ACC_Travel_Exp,476242432.124919,0.750814,0.006444
14,2020-W15,0,4,ACC_COGS,476242432.124919,0.750814,0.022091
14,2020-W15,0,5,ACC_Sales_Revenue,476242432.124919,0.750814,-0.037745
14,2020-W15,0,6,ACC_Accounts_Receivable,476242432.124919,0.750814,0.030504
14,2020-W15,0,7,ACC_Payroll_Exp,476242432.124919,0.750814,-0.551179
14,2020-W15,0,8,ACC_Rent_Exp,476242432.124919,0.750814,-0.193444
14,2020-W15,0,9,UNKNOWN_LEAK,476242432.124919,0.750814,0.003806
14,2020-W15,1,0,ACC_Accounts_Payable,104582245.613232,0.164878,0.757211
14,2020-W15,1,1,ACC_Inventory,104582245.613232,0.164878,0.092637
14,2020-W15,1,2,ACC_Cash,104582245.613232,0.164878,-0.185089
14,2020-W15,1,3,ACC_Travel_Exp,104582245.613232,0.164878,0.057404
14,2020-W15,1,4,ACC_COGS,104582245.613232,0.164878,-0.141494
14,2020-W15,1,5,ACC_Sales_Revenue,104582245.613232,0.164878,0.256278
14,2020-W15,1,6,ACC_Accounts_Receivable,104582245.613232,0.164878,-0.366077
14,2020-W15,1,7,ACC_Payroll_Exp,104582245.613232,0.164878,-0.389367
14,2020-W15,1,8,ACC_Rent_Exp,104582245.613232,0.164878,-0.094872
14,2020-W15,1,9,UNKNOWN_LEAK,104582245.613232,0.164878,0.01337
14,2020-W15,2,0,ACC_Accounts_Payable,39755290.652253,0.062676,0.26618
14,2020-W15,2,1,ACC_Inventory,39755290.652253,0.062676,-0.206805
14,2020-W15,2,2,ACC_Cash,39755290.652253,0.062676,-0.277647
14,2020-W15,2,3,ACC_Travel_Exp,39755290.652253,0.062676,0.002863
14,2020-W15,2,4,ACC_COGS,39755290.652253,0.062676,0.164828
14,2020-W15,2,5,ACC_Sales_Revenue,39755290.652253,0.062676,-0.286766
14,2020-W15,2,6,ACC_Accounts_Receivable,39755290.652253,0.062676,0.758712
14,2020-W15,2,7,ACC_Payroll_Exp,39755290.652253,0.062676,-0.332293
14,2020-W15,2,8,ACC_Rent_Exp,39755290.652253,0.062676,-0.114718
14,2020-W15,2,9,UNKNOWN_LEAK,39755290.652253,0.062676,0.025644
15,2020-W16,0,0,ACC_Accounts_Payable,372641974.039091,0.684321,-0.106277
15,2020-W16,0,1,ACC_Inventory,372641974.039091,0.684321,-0.023955
15,2020-W16,0,2,ACC_Cash,372641974.039091,0.684321,0.815487
15,2020-W16,0,3,ACC_Travel_Exp,372641974.039091,0.684321,0.023484
15,2020-W16,0,4,ACC_COGS,372641974.039091,0.684321,0.029798
15,2020-W16,0,5,ACC_Sales_Revenue,372641974.039091,0.684321,-0.072672
15,2020-W16,0,6,ACC_Accounts_Receivable,372641974.039091,0.684321,0.047278
15,2020-W16,0,7,ACC_Payroll_Exp,372641974.039091,0.684321,-0.528757
15,2020-W16,0,8,ACC_Rent_Exp,372641974.039091,0.684321,-0.18593
15,2020-W16,0,9,UNKNOWN_LEAK,372641974.039091,0.684321,0.001545
15,2020-W16,1,0,ACC_Accounts_Payable,103519015.704674,0.190103,0.769888
15,2020-W16,1,1,ACC_Inventory,103519015.704674,0.190103,0.066039
15,2020-W16,1,2,ACC_Cash,103519015.704674,0.190103,-0.167287
15,2020-W16,1,3,ACC_Travel_Exp,103519015.704674,0.190103,0.061851
15,2020-W16,1,4,ACC_COGS,103519015.704674,0.190103,-0.133162
15,2020-W16,1,5,ACC_Sales_Revenue,103519015.704674,0.190103,0.238159
15,2020-W16,1,6,ACC_Accounts_Receivable,103519015.704674,0.190103,-0.299567
15,2020-W16,1,7,ACC_Payroll_Exp,103519015.704674,0.190103,-0.440446
15,2020-W16,1,8,ACC_Rent_Exp,103519015.704674,0.190103,-0.112379
15,2020-W16,1,9,UNKNOWN_LEAK,103519015.704674,0.190103,0.016904
15,2020-W16,2,0,ACC_Accounts_Payable,53698903.439071,0.098613,0.15933
15,2020-W16,2,1,ACC_Inventory,53698903.439071,0.098613,-0.215489
15,2020-W16,2,2,ACC_Cash,53698903.439071,0.098613,-0.282782
15,2020-W16,2,3,ACC_Travel_Exp,53698903.439071,0.098613,-0.062251
15,2020-W16,2,4,ACC_COGS,53698903.439071,0.098613,0.130912
15,2020-W16,2,5,ACC_Sales_Revenue,53698903.439071,0.098613,-0.16598
15,2020-W16,2,6,ACC_Accounts_Receivable,53698903.439071,0.098613,0.827413
15,2020-W16,2,7,ACC_Payroll_Exp,53698903.439071,0.098613,-0.316036
15,2020-W16,2,8,ACC_Rent_Exp,53698903.439071,0.098613,-0.116099
15,2020-W16,2,9,UNKNOWN_LEAK,53698903.439071,0.098613,0.040981
16,2020-W17,0,0,ACC_Accounts_Payable,315687919.13905,0.622636,-0.056842
16,2020-W17,0,1,ACC_Inventory,315687919.13905,0.622636,0.006208
16,2020-W17,0,2,ACC_Cash,315687919.13905,0.622636,0.797985
16,2020-W17,0,3,ACC_Travel_Exp,315687919.13905,0.622636,0.02837
16,2020-W17,0,4,ACC_COGS,315687919.13905,0.622636,0.014522
16,2020-W17,0,5,ACC_Sales_Revenue,315687919.13905,0.622636,-0.048111
16,2020-W17,0,6,ACC_Accounts_Receivable,315687919.13905,0.622636,0.009222
16,2020-W17,0,7,ACC_Payroll_Exp,315687919.13905,0.622636,-0.565602
16,2020-W17,0,8,ACC_Rent_Exp,315687919.13905,0.622636,-0.191305
16,2020-W17,0,9,UNKNOWN_LEAK,315687919.13905,0.622636,0.005553
16,2020-W17,1,0,ACC_Accounts_Payable,123544811.032467,0.243669,0.780377
16,2020-W17,1,1,ACC_Inventory,123544811.032467,0.243669,0.062094
16,2020-W17,1,2,ACC_Cash,123544811.032467,0.243669,-0.263157
16,2020-W17,1,3,ACC_Travel_Exp,123544811.032467,0.243669,0.049867
16,2020-W17,1,4,ACC_COGS,123544811.032467,0.243669,-0.113239
16,2020-W17,1,5,ACC_Sales_Revenue,123544811.032467,0.243669,0.226453
16,2020-W17,1,6,ACC_Accounts_Receivable,123544811.032467,0.243669,-0.221891
16,2020-W17,1,7,ACC_Payroll_Exp,123544811.032467,0.243669,-0.436586
16,2020-W17,1,8,ACC_Rent_Exp,123544811.032467,0.243669,-0.105004
16,2020-W17,1,9,UNKNOWN_LEAK,123544811.032467,0.243669,0.021086
16,2020-W17,2,0,ACC_Accounts_Payable,53440379.159633,0.105401,0.068912
16,2020-W17,2,1,ACC_Inventory,53440379.159633,0.105401,-0.193617
16,2020-W17,2,2,ACC_Cash,53440379.159633,0.105401,-0.253022
16,2020-W17,2,3,ACC_Travel_Exp,53440379.159633,0.105401,-0.070161
16,2020-W17,2,4,ACC_COGS,53440379.159633,0.105401,0.142014
16,2020-W17,2,5,ACC_Sales_Revenue,53440379.159633,0.105401,-0.184996
16,2020-W17,2,6,ACC_Accounts_Receivable,53440379.159633,0.105401,0.855174
16,2020-W17,2,7,ACC_Payroll_Exp,53440379.159633,0.105401,-0.299101
16,2020-W17,2,8,ACC_Rent_Exp,53440379.159633,0.105401,-0.108498
16,2020-W17,2,9,UNKNOWN_LEAK,53440379.159633,0.105401,0.043294
17,2020-W18,0,0,ACC_Accounts_Payable,329536330.746631,0.556511,-0.089579
17,2020-W18,0,1,ACC_Inventory,329536330.746631,0.556511,0.003282
17,2020-W18,0,2,ACC_Cash,329536330.746631,0.556511,-0.725392
17,2020-W18,0,3,ACC_Travel_Exp,329536330.746631,0.556511,-0.034104
17,2020-W18,0,4,ACC_COGS,329536330.746631,0.556511,-0.012723
17,2020-W18,0,5,ACC_Sales_Revenue,329536330.746631,0.556511,0.043738
17,2020-W18,0,6,ACC_Accounts_Receivable,329536330.746631,0.556511,-0.03494
17,2020-W18,0,7,ACC_Payroll_Exp,329536330.746631,0.556511,0.645516
17,2020-W18,0,8,ACC_Rent_Exp,329536330.746631,0.556511,0.211122
17,2020-W18,0,9,UNKNOWN_LEAK,329536330.746631,0.556511,-0.00692
17,2020-W18,1,0,ACC_Accounts_Payable,183092745.327016,0.309201,0.796088
17,2020-W18,1,1,ACC_Inventory,183092745.327016,0.309201,-0.013355
17,2020-W18,1,2,ACC_Cash,183092745.327016,0.309201,-0.452425
17,2020-W18,1,3,ACC_Travel_Exp,183092745.327016,0.309201,0.034189
17,2020-W18,1,4,ACC_COGS,183092745.327016,0.309201,-0.045487
17,2020-W18,1,5,ACC_Sales_Revenue,183092745.327016,0.309201,0.099652
17,2020-W18,1,6,ACC_Accounts_Receivable,183092745.327016,0.309201,0.025019
17,2020-W18,1,7,ACC_Payroll_Exp,183092745.327016,0.309201,-0.374077
17,2020-W18,1,8,ACC_Rent_Exp,183092745.327016,0.309201,-0.085925
17,2020-W18,1,9,UNKNOWN_LEAK,183092745.327016,0.309201,0.01632
17,2020-W18,2,0,ACC_Accounts_Payable,64012382.783909,0.108102,0.139871
17,2020-W18,2,1,ACC_Inventory,64012382.783909,0.108102,0.220113
17,2020-W18,2,2,ACC_Cash,64012382.783909,0.108102,0.168109
17,2020-W18,2,3,ACC_Travel_Exp,64012382.783909,0.108102,0.073961
17,2020-W18,2,4,ACC_COGS,64012382.783909,0.108102,-0.184981
17,2020-W18,2,5,ACC_Sales_Revenue,64012382.783909,0.108102,0.292136
17,2020-W18,2,6,ACC_Accounts_Receivable,64012382.783909,0.108102,-0.871915
17,2020-W18,2,7,ACC_Payroll_Exp,64012382.783909,0.108102,0.120774
17,2020-W18,2,8,ACC_Rent_Exp,64012382.783909,0.108102,0.059655
17,2020-W18,2,9,UNKNOWN_LEAK,64012382.783909,0.108102,-0.017723
18,2020-W19,0,0,ACC_Accounts_Payable,331999827.440362,0.548058,-0.048197
18,2020-W19,0,1,ACC_Inventory,331999827.440362,0.548058,-0.001886
18,2020-W19,0,2,ACC_Cash,331999827.440362,0.548058,-0.743658
18,2020-W19,0,3,ACC_Travel_Exp,331999827.440362,0.548058,-0.030615
18,2020-W19,0,4,ACC_COGS,331999827.440362,0.548058,-0.014476
18,2020-W19,0,5,ACC_Sales_Revenue,331999827.440362,0.548058,0.045454
18,2020-W19,0,6,ACC_Accounts_Receivable,331999827.440362,0.548058,-0.035657
18,2020-W19,0,7,ACC_Payroll_Exp,331999827.440362,0.548058,0.630243
18,2020-W19,0,8,ACC_Rent_Exp,331999827.440362,0.548058,0.207092
18,2020-W19,0,9,UNKNOWN_LEAK,331999827.440362,0.548058,-0.008301
18,2020-W19,1,0,ACC_Accounts_Payable,196826122.2676,0.324916,0.80428
18,2020-W19,1,1,ACC_Inventory,196826122.2676,0.324916,-0.018804
18,2020-W19,1,2,ACC_Cash,196826122.2676,0.324916,-0.413333
18,2020-W19,1,3,ACC_Travel_Exp,196826122.2676,0.324916,0.040733
18,2020-W19,1,4,ACC_COGS,196826122.2676,0.324916,-0.047444
18,2020-W19,1,5,ACC_Sales_Revenue,196826122.2676,0.324916,0.094086
18,2020-W19,1,6,ACC_Accounts_Receivable,196826122.2676,0.324916,0.0241
18,2020-W19,1,7,ACC_Payroll_Exp,196826122.2676,0.324916,-0.398898
18,2020-W19,1,8,ACC_Rent_Exp,196826122.2676,0.324916,-0.096603
18,2020-W19,1,9,UNKNOWN_LEAK,196826122.2676,0.324916,0.011883
18,2020-W19,2,0,ACC_Accounts_Payable,64005130.877014,0.105658,0.136429
18,2020-W19,2,1,ACC_Inventory,64005130.877014,0.105658,0.222099
18,2020-W19,2,2,ACC_Cash,64005130.877014,0.105658,0.169522
18,2020-W19,2,3,ACC_Travel_Exp,64005130.877014,0.105658,0.073938
18,2020-W19,2,4,ACC_COGS,64005130.877014,0.105658,-0.186092
18,2020-W19,2,5,ACC_Sales_Revenue,64005130.877014,0.105658,0.293304
18,2020-W19,2,6,ACC_Accounts_Receivable,64005130.877014,0.105658,-0.871153
18,2020-W19,2,7,ACC_Payroll_Exp,64005130.877014,0.105658,0.120324
18,2020-W19,2,8,ACC_Rent_Exp,64005130.877014,0.105658,0.059188
18,2020-W19,2,9,UNKNOWN_LEAK,64005130.877014,0.105658,-0.01756
19,2020-W20,0,0,ACC_Accounts_Payable,338339272.348431,0.525571,-0.055596
19,2020-W20,0,1,ACC_Inventory,338339272.348431,0.525571,0.013669
19,2020-W20,0,2,ACC_Cash,338339272.348431,0.525571,0.781647
19,2020-W20,0,3,ACC_Travel_Exp,338339272.348431,0.525571,0.029149
19,2020-W20,0,4,ACC_COGS,338339272.348431,0.525571,0.010043
19,2020-W20,0,5,ACC_Sales_Revenue,338339272.348431,0.525571,-0.03779
19,2020-W20,0,6,ACC_Accounts_Receivable,338339272.348431,0.525571,0.030529
19,2020-W20,0,7,ACC_Payroll_Exp,338339272.348431,0.525571,-0.58674
19,2020-W20,0,8,ACC_Rent_Exp,338339272.348431,0.525571,-0.19512
19,2020-W20,0,9,UNKNOWN_LEAK,338339272.348431,0.525571,0.01021
19,2020-W20,1,0,ACC_Accounts_Payable,226127439.094469,0.351263,0.821769
19,2020-W20,1,1,ACC_Inventory,226127439.094469,0.351263,-0.037384
19,2020-W20,1,2,ACC_Cash,226127439.094469,0.351263,-0.312196
19,2020-W20,1,3,ACC_Travel_Exp,226127439.094469,0.351263,0.035764
19,2020-W20,1,4,ACC_COGS,226127439.094469,0.351263,-0.022083
19,2020-W20,1,5,ACC_Sales_Revenue,226127439.094469,0.351263,0.043966
19,2020-W20,1,6,ACC_Accounts_Receivable,226127439.094469,0.351263,0.038989
19,2020-W20,1,7,ACC_Payroll_Exp,226127439.094469,0.351263,-0.454176
19,2020-W20,1,8,ACC_Rent_Exp,226127439.094469,0.351263,-0.119629
19,2020-W20,1,9,UNKNOWN_LEAK,226127439.094469,0.351263,0.00498
19,2020-W20,2,0,ACC_Accounts_Payable,64519282.999885,0.100223,0.146985
19,2020-W20,2,1,ACC_Inventory,64519282.999885,0.100223,0.229059
19,2020-W20,2,2,ACC_Cash,64519282.999885,0.100223,0.146759
19,2020-W20,2,3,ACC_Travel_Exp,64519282.999885,0.100223,0.076867
19,2020-W20,2,4,ACC_COGS,64519282.999885,0.100223,-0.19687
19,2020-W20,2,5,ACC_Sales_Revenue,64519282.999885,0.100223,0.314923
19,2020-W20,2,6,ACC_Accounts_Receivable,64519282.999885,0.100223,-0.864036
19,2020-W20,2,7,ACC_Payroll_Exp,64519282.999885,0.100223,0.103182
19,2020-W20,2,8,ACC_Rent_Exp,64519282.999885,0.100223,0.056282
19,2020-W20,2,9,UNKNOWN_LEAK,64519282.999885,0.100223,-0.013151
20,2020-W21,0,0,ACC_Accounts_Payable,450126081.210807,0.586301,-0.648825
20,2020-W21,0,1,ACC_Inventory,450126081.210807,0.586301,0.024754
20,2020-W21,0,2,ACC_Cash,450126081.210807,0.586301,0.739259
20,2020-W21,0,3,ACC_Travel_Exp,450126081.210807,0.586301,0.021154
20,2020-W21,0,4,ACC_COGS,450126081.210807,0.586301,0.017335
20,2020-W21,0,5,ACC_Sales_Revenue,450126081.210807,0.586301,-0.038299
20,2020-W21,0,6,ACC_Accounts_Receivable,450126081.210807,0.586301,0.082097
20,2020-W21,0,7,ACC_Payroll_Exp,450126081.210807,0.586301,-0.139826
20,2020-W21,0,8,ACC_Rent_Exp,450126081.210807,0.586301,-0.058336
20,2020-W21,0,9,UNKNOWN_LEAK,450126081.210807,0.586301,0.000688
20,2020-W21,1,0,ACC_Accounts_Payable,234195721.683124,0.305046,0.563344
20,2020-W21,1,1,ACC_Inventory,234195721.683124,0.305046,-0.023634
20,2020-W21,1,2,ACC_Cash,234195721.683124,0.305046,0.33324
20,2020-W21,1,3,ACC_Travel_Exp,234195721.683124,0.305046,0.026795
20,2020-W21,1,4,ACC_COGS,234195721.683124,0.305046,0.015564
20,2020-W21,1,5,ACC_Sales_Revenue,234195721.683124,0.305046,-0.036477
20,2020-W21,1,6,ACC_Accounts_Receivable,234195721.683124,0.305046,0.048587
20,2020-W21,1,7,ACC_Payroll_Exp,234195721.683124,0.305046,-0.718168
20,2020-W21,1,8,ACC_Rent_Exp,234195721.683124,0.305046,-0.224472
20,2020-W21,1,9,UNKNOWN_LEAK,234195721.683124,0.305046,0.01522
20,2020-W21,2,0,ACC_Accounts_Payable,65547581.80944,0.085377,0.122496
20,2020-W21,2,1,ACC_Inventory,65547581.80944,0.085377,0.223696
20,2020-W21,2,2,ACC_Cash,65547581.80944,0.085377,0.237538
20,2020-W21,2,3,ACC_Travel_Exp,65547581.80944,0.085377,0.053822
20,2020-W21,2,4,ACC_COGS,65547581.80944,0.085377,-0.167089
20,2020-W21,2,5,ACC_Sales_Revenue,65547581.80944,0.085377,0.257541
20,2020-W21,2,6,ACC_Accounts_Receivable,65547581.80944,0.085377,-0.875773
20,2020-W21,2,7,ACC_Payroll_Exp,65547581.80944,0.085377,0.110238
20,2020-W21,2,8,ACC_Rent_Exp,65547581.80944,0.085377,0.046628
20,2020-W21,2,9,UNKNOWN_LEAK,65547581.80944,0.085377,-0.009096
21,2020-W22,0,0,ACC_Accounts_Payable,500252705.784223,0.62093,-0.539653
21,2020-W22,0,1,ACC_Inventory,500252705.784223,0.62093,0.005993
21,2020-W22,0,2,ACC_Cash,500252705.784223,0.62093,0.798844
21,2020-W22,0,3,ACC_Travel_Exp,500252705.784223,0.62093,0.025855
21,2020-W22,0,4,ACC_COGS,500252705.784223,0.62093,0.019566
21,2020-W22,0,5,ACC_Sales_Revenue,500252705.784223,0.62093,-0.04431
21,2020-W22,0,6,ACC_Accounts_Receivable,500252705.784223,0.62093,0.058701
21,2020-W22,0,7,ACC_Payroll_Exp,500252705.784223,0.62093,-0.238989
21,2020-W22,0,8,ACC_Rent_Exp,500252705.784223,0.62093,-0.083694
21,2020-W22,0,9,UNKNOWN_LEAK,500252705.784223,0.62093,-0.002314
21,2020-W22,1,0,ACC_Accounts_Payable,224884461.504242,0.279134,0.670084
21,2020-W22,1,1,ACC_Inventory,224884461.504242,0.279134,-0.071087
21,2020-W22,1,2,ACC_Cash,224884461.504242,0.279134,0.222318
21,2020-W22,1,3,ACC_Travel_Exp,224884461.504242,0.279134,0.024583
21,2020-W22,1,4,ACC_COGS,224884461.504242,0.279134,0.038739
21,2020-W22,1,5,ACC_Sales_Revenue,224884461.504242,0.279134,-0.078249
21,2020-W22,1,6,ACC_Accounts_Receivable,224884461.504242,0.279134,0.058888
21,2020-W22,1,7,ACC_Payroll_Exp,224884461.504242,0.279134,-0.667019
21,2020-W22,1,8,ACC_Rent_Exp,224884461.504242,0.279134,-0.199741
21,2020-W22,1,9,UNKNOWN_LEAK,224884461.504242,0.279134,0.001484
21,2020-W22,2,0,ACC_Accounts_Payable,62547207.401333,0.077636,0.192305
21,2020-W22,2,1,ACC_Inventory,62547207.401333,0.077636,0.164143
21,2020-W22,2,2,ACC_Cash,62547207.401333,0.077636,0.252612
21,2020-W22,2,3,ACC_Travel_Exp,62547207.401333,0.077636,0.06109
21,2020-W22,2,4,ACC_COGS,62547207.401333,0.077636,-0.130313
21,2020-W22,2,5,ACC_Sales_Revenue,62547207.401333,0.077636,0.183714
21,2020-W22,2,6,ACC_Accounts_Receivable,62547207.401333,0.077636,-0.891329
21,2020-W22,2,7,ACC_Payroll_Exp,62547207.401333,0.077636,0.135086
21,2020-W22,2,8,ACC_Rent_Exp,62547207.401333,0.077636,0.064032
21,2020-W22,2,9,UNKNOWN_LEAK,62547207.401333,0.077636,-0.031341
22,2020-W23,0,0,ACC_Accounts_Payable,497219651.321378,0.581469,-0.512692
22,2020-W23,0,1,ACC_Inventory,497219651.321378,0.581469,0.007132
22,2020-W23,0,2,ACC_Cash,497219651.321378,0.581469,0.8044
22,2020-W23,0,3,ACC_Travel_Exp,497219651.321378,0.581469,0.02337
22,2020-W23,0,4,ACC_COGS,497219651.321378,0.581469,0.016918
22,2020-W23,0,5,ACC_Sales_Revenue,497219651.321378,0.581469,-0.039804
22,2020-W23,0,6,ACC_Accounts_Receivable,497219651.321378,0.581469,0.06727
22,2020-W23,0,7,ACC_Payroll_Exp,497219651.321378,0.581469,-0.272807
22,2020-W23,0,8,ACC_Rent_Exp,497219651.321378,0.581469,-0.093113
22,2020-W23,0,9,UNKNOWN_LEAK,497219651.321378,0.581469,-0.000673
22,2020-W23,1,0,ACC_Accounts_Payable,282209641.958473,0.330027,0.683587
22,2020-W23,1,1,ACC_Inventory,282209641.958473,0.330027,-0.071907
22,2020-W23,1,2,ACC_Cash,282209641.958473,0.330027,0.175339
22,2020-W23,1,3,ACC_Travel_Exp,282209641.958473,0.330027,0.014431
22,2020-W23,1,4,ACC_COGS,282209641.958473,0.330027,0.034321
22,2020-W23,1,5,ACC_Sales_Revenue,282209641.958473,0.330027,-0.0767
22,2020-W23,1,6,ACC_Accounts_Receivable,282209641.958473,0.330027,0.0948
22,2020-W23,1,7,ACC_Payroll_Exp,282209641.958473,0.330027,-0.665926
22,2020-W23,1,8,ACC_Rent_Exp,282209641.958473,0.330027,-0.192512
22,2020-W23,1,9,UNKNOWN_LEAK,282209641.958473,0.330027,0.004568
22,2020-W23,2,0,ACC_Accounts_Payable,63555497.825366,0.074324,0.217432
22,2020-W23,2,1,ACC_Inventory,63555497.825366,0.074324,0.160326
22,2020-W23,2,2,ACC_Cash,63555497.825366,0.074324,0.263699
22,2020-W23,2,3,ACC_Travel_Exp,63555497.825366,0.074324,0.064225
22,2020-W23,2,4,ACC_COGS,63555497.825366,0.074324,-0.126102
22,2020-W23,2,5,ACC_Sales_Revenue,63555497.825366,0.074324,0.180818
22,2020-W23,2,6,ACC_Accounts_Receivable,63555497.825366,0.074324,-0.888525
22,2020-W23,2,7,ACC_Payroll_Exp,63555497.825366,0.074324,0.107655
22,2020-W23,2,8,ACC_Rent_Exp,63555497.825366,0.074324,0.051974
22,2020-W23,2,9,UNKNOWN_LEAK,63555497.825366,0.074324,-0.031503
23,2020-W24,0,0,ACC_Accounts_Payable,481338701.05687,0.575116,-0.48629
23,2020-W24,0,1,ACC_Inventory,481338701.05687,0.575116,0.001068
23,2020-W24,0,2,ACC_Cash,481338701.05687,0.575116,0.81137
23,2020-W24,0,3,ACC_Travel_Exp,481338701.05687,0.575116,0.032511
23,2020-W24,0,4,ACC_COGS,481338701.05687,0.575116,0.019633
23,2020-W24,0,5,ACC_Sales_Revenue,481338701.05687,0.575116,-0.045616
23,2020-W24,0,6,ACC_Accounts_Receivable,481338701.05687,0.575116,0.064026
23,2020-W24,0,7,ACC_Payroll_Exp,481338701.05687,0.575116,-0.295858
23,2020-W24,0,8,ACC_Rent_Exp,481338701.05687,0.575116,-0.100224
23,2020-W24,0,9,UNKNOWN_LEAK,481338701.05687,0.575116,-0.000619
23,2020-W24,1,0,ACC_Accounts_Payable,278714497.906766,0.333015,0.700751
23,2020-W24,1,1,ACC_Inventory,278714497.906766,0.333015,-0.070988
23,2020-W24,1,2,ACC_Cash,278714497.906766,0.333015,0.144317
23,2020-W24,1,3,ACC_Travel_Exp,278714497.906766,0.333015,0.005789
23,2020-W24,1,4,ACC_COGS,278714497.906766,0.333015,0.033486
23,2020-W24,1,5,ACC_Sales_Revenue,278714497.906766,0.333015,-0.074044
23,2020-W24,1,6,ACC_Accounts_Receivable,278714497.906766,0.333015,0.101157
23,2020-W24,1,7,ACC_Payroll_Exp,278714497.906766,0.333015,-0.656161
23,2020-W24,1,8,ACC_Rent_Exp,278714497.906766,0.333015,-0.188795
23,2020-W24,1,9,UNKNOWN_LEAK,278714497.906766,0.333015,0.004487
23,2020-W24,2,0,ACC_Accounts_Payable,65133105.7297,0.077823,0.22017
23,2020-W24,2,1,ACC_Inventory,65133105.7297,0.077823,0.182798
23,2020-W24,2,2,ACC_Cash,65133105.7297,0.077823,0.25316
23,2020-W24,2,3,ACC_Travel_Exp,65133105.7297,0.077823,0.054493
23,2020-W24,2,4,ACC_COGS,65133105.7297,0.077823,-0.137685
23,2020-W24,2,5,ACC_Sales_Revenue,65133105.7297,0.077823,0.198398
23,2020-W24,2,6,ACC_Accounts_Receivable,65133105.7297,0.077823,-0.883897
23,2020-W24,2,7,ACC_Payroll_Exp,65133105.7297,0.077823,0.091928
23,2020-W24,2,8,ACC_Rent_Exp,65133105.7297,0.077823,0.047697
23,2020-W24,2,9,UNKNOWN_LEAK,65133105.7297,0.077823,-0.027063
24,2020-W25,0,0,ACC_Accounts_Payable,372157172.106188,0.520788,-0.620569
24,2020-W25,0,1,ACC_Inventory,372157172.106188,0.520788,0.046409
24,2020-W25,0,2,ACC_Cash,372157172.106188,0.520788,0.766484
24,2020-W25,0,3,ACC_Travel_Exp,372157172.106188,0.520788,0.039028
24,2020-W25,0,4,ACC_COGS,372157172.106188,0.520788,-0.014771
24,2020-W25,0,5,ACC_Sales_Revenue,372157172.106188,0.520788,0.025839
24,2020-W25,0,6,ACC_Accounts_Receivable,372157172.106188,0.520788,-0.07477
24,2020-W25,0,7,ACC_Payroll_Exp,372157172.106188,0.520788,-0.124556
24,2020-W25,0,8,ACC_Rent_Exp,372157172.106188,0.520788,-0.041554
24,2020-W25,0,9,UNKNOWN_LEAK,372157172.106188,0.520788,-0.00154
24,2020-W25,1,0,ACC_Accounts_Payable,267216642.832942,0.373937,0.579086
24,2020-W25,1,1,ACC_Inventory,267216642.832942,0.373937,-0.047378
24,2020-W25,1,2,ACC_Cash,267216642.832942,0.373937,0.349768
24,2020-W25,1,3,ACC_Travel_Exp,267216642.832942,0.373937,0.019437
24,2020-W25,1,4,ACC_COGS,267216642.832942,0.373937,0.018097
24,2020-W25,1,5,ACC_Sales_Revenue,267216642.832942,0.373937,-0.044537
24,2020-W25,1,6,ACC_Accounts_Receivable,267216642.832942,0.373937,0.026191
24,2020-W25,1,7,ACC_Payroll_Exp,267216642.832942,0.373937,-0.704706
24,2020-W25,1,8,ACC_Rent_Exp,267216642.832942,0.373937,-0.200185
24,2020-W25,1,9,UNKNOWN_LEAK,267216642.832942,0.373937,0.004226
24,2020-W25,2,0,ACC_Accounts_Payable,65563743.772923,0.091748,0.27364
24,2020-W25,2,1,ACC_Inventory,65563743.772923,0.091748,0.148886
24,2020-W25,2,2,ACC_Cash,65563743.772923,0.091748,0.160831
24,2020-W25,2,3,ACC_Travel_Exp,65563743.772923,0.091748,-0.021782
24,2020-W25,2,4,ACC_COGS,65563743.772923,0.091748,-0.109126
24,2020-W25,2,5,ACC_Sales_Revenue,65563743.772923,0.091748,0.155569
24,2020-W25,2,6,ACC_Accounts_Receivable,65563743.772923,0.091748,-0.884908
24,2020-W25,2,7,ACC_Payroll_Exp,65563743.772923,0.091748,0.23001
24,2020-W25,2,8,ACC_Rent_Exp,65563743.772923,0.091748,0.064896
24,2020-W25,2,9,UNKNOWN_LEAK,65563743.772923,0.091748,-0.018017
25,2020-W26,0,0,ACC_Accounts_Payable,414187053.312466,0.543212,-0.600107
25,2020-W26,0,1,ACC_Inventory,414187053.312466,0.543212,0.014598
25,2020-W26,0,2,ACC_Cash,414187053.312466,0.543212,0.771132
25,2020-W26,0,3,ACC_Travel_Exp,414187053.312466,0.543212,0.044252
25,2020-W26,0,4,ACC_COGS,414187053.312466,0.543212,-0.015802
25,2020-W26,0,5,ACC_Sales_Revenue,414187053.312466,0.543212,0.02609
25,2020-W26,0,6,ACC_Accounts_Receivable,414187053.312466,0.543212,0.015614
25,2020-W26,0,7,ACC_Payroll_Exp,414187053.312466,0.543212,-0.197285
25,2020-W26,0,8,ACC_Rent_Exp,414187053.312466,0.543212,-0.054246
25,2020-W26,0,9,UNKNOWN_LEAK,414187053.312466,0.543212,-0.004244
25,2020-W26,1,0,ACC_Accounts_Payable,265204776.946521,0.34782,0.606552
25,2020-W26,1,1,ACC_Inventory,265204776.946521,0.34782,-0.072931
25,2020-W26,1,2,ACC_Cash,265204776.946521,0.34782,0.277595
25,2020-W26,1,3,ACC_Travel_Exp,265204776.946521,0.34782,0.019252
25,2020-W26,1,4,ACC_COGS,265204776.946521,0.34782,0.017659
25,2020-W26,1,5,ACC_Sales_Revenue,265204776.946521,0.34782,-0.043729
25,2020-W26,1,6,ACC_Accounts_Receivable,265204776.946521,0.34782,0.09486
25,2020-W26,1,7,ACC_Payroll_Exp,265204776.946521,0.34782,-0.707646
25,2020-W26,1,8,ACC_Rent_Exp,265204776.946521,0.34782,-0.193282
25,2020-W26,1,9,UNKNOWN_LEAK,265204776.946521,0.34782,0.001669
25,2020-W26,2,0,ACC_Accounts_Payable,73913785.294024,0.096939,0.26051
25,2020-W26,2,1,ACC_Inventory,73913785.294024,0.096939,0.146316
25,2020-W26,2,2,ACC_Cash,73913785.294024,0.096939,0.258236
25,2020-W26,2,3,ACC_Travel_Exp,73913785.294024,0.096939,-0.018232
25,2020-W26,2,4,ACC_COGS,73913785.294024,0.096939,-0.094814
25,2020-W26,2,5,ACC_Sales_Revenue,73913785.294024,0.096939,0.135942
25,2020-W26,2,6,ACC_Accounts_Receivable,73913785.294024,0.096939,-0.886557
25,2020-W26,2,7,ACC_Payroll_Exp,73913785.294024,0.096939,0.1657
25,2020-W26,2,8,ACC_Rent_Exp,73913785.294024,0.096939,0.050045
25,2020-W26,2,9,UNKNOWN_LEAK,73913785.294024,0.096939,-0.017149
26,2020-W27,0,0,ACC_Accounts_Payable,586788582.562369,0.645,-0.430859
26,2020-W27,0,1,ACC_Inventory,586788582.562369,0.645,-0.049285
26,2020-W27,0,2,ACC_Cash,586788582.562369,0.645,0.816074
26,2020-W27,0,3,ACC_Travel_Exp,586788582.562369,0.645,0.033766
26,2020-W27,0,4,ACC_COGS,586788582.562369,0.645,0.030275
26,2020-W27,0,5,ACC_Sales_Revenue,586788582.562369,0.645,-0.050437
26,2020-W27,0,6,ACC_Accounts_Receivable,586788582.562369,0.645,0.098318
26,2020-W27,0,7,ACC_Payroll_Exp,586788582.562369,0.645,-0.34944
26,2020-W27,0,8,ACC_Rent_Exp,586788582.562369,0.645,-0.097869
26,2020-W27,0,9,UNKNOWN_LEAK,586788582.562369,0.645,-0.000544
26,2020-W27,1,0,ACC_Accounts_Payable,279500181.138331,0.307228,0.745022
26,2020-W27,1,1,ACC_Inventory,279500181.138331,0.307228,-0.083475
26,2020-W27,1,2,ACC_Cash,279500181.138331,0.307228,0.085842
26,2020-W27,1,3,ACC_Travel_Exp,279500181.138331,0.307228,0.003926
26,2020-W27,1,4,ACC_COGS,279500181.138331,0.307228,0.02991
26,2020-W27,1,5,ACC_Sales_Revenue,279500181.138331,0.307228,-0.063544
26,2020-W27,1,6,ACC_Accounts_Receivable,279500181.138331,0.307228,0.075642
26,2020-W27,1,7,ACC_Payroll_Exp,279500181.138331,0.307228,-0.624962
26,2020-W27,1,8,ACC_Rent_Exp,279500181.138331,0.307228,-0.171318
26,2020-W27,1,9,UNKNOWN_LEAK,279500181.138331,0.307228,0.002956
26,2020-W27,2,0,ACC_Accounts_Payable,31874920.877581,0.035037,0.270078
26,2020-W27,2,1,ACC_Inventory,31874920.877581,0.035037,0.034666
26,2020-W27,2,2,ACC_Cash,31874920.877581,0.035037,0.361607
26,2020-W27,2,3,ACC_Travel_Exp,31874920.877581,0.035037,-0.110235
26,2020-W27,2,4,ACC_COGS,31874920.877581,0.035037,0.044742
26,2020-W27,2,5,ACC_Sales_Revenue,31874920.877581,0.035037,-0.0819
26,2020-W27,2,6,ACC_Accounts_Receivable,31874920.877581,0.035037,-0.838757
26,2020-W27,2,7,ACC_Payroll_Exp,31874920.877581,0.035037,0.253275
26,2020-W27,2,8,ACC_Rent_Exp,31874920.877581,0.035037,0.079958
26,2020-W27,2,9,UNKNOWN_LEAK,31874920.877581,0.035037,-0.013433
27,2020-W28,0,0,ACC_Accounts_Payable,586022475.610881,0.64758,-0.439966
27,2020-W28,0,1,ACC_Inventory,586022475.610881,0.64758,-0.055244
27,2020-W28,0,2,ACC_Cash,586022475.610881,0.64758,0.810408
27,2020-W28,0,3,ACC_Travel_Exp,586022475.610881,0.64758,0.034131
27,2020-W28,0,4,ACC_COGS,586022475.610881,0.64758,0.027752
27,2020-W28,0,5,ACC_Sales_Revenue,586022475.610881,0.64758,-0.04366
27,2020-W28,0,6,ACC_Accounts_Receivable,586022475.610881,0.64758,0.110854
27,2020-W28,0,7,ACC_Payroll_Exp,586022475.610881,0.64758,-0.347838
27,2020-W28,0,8,ACC_Rent_Exp,586022475.610881,0.64758,-0.09744
27,2020-W28,0,9,UNKNOWN_LEAK,586022475.610881,0.64758,0.001005
27,2020-W28,1,0,ACC_Accounts_Payable,281687065.505121,0.311276,0.744511
27,2020-W28,1,1,ACC_Inventory,281687065.505121,0.311276,-0.078547
27,2020-W28,1,2,ACC_Cash,281687065.505121,0.311276,0.095963
27,2020-W28,1,3,ACC_Travel_Exp,281687065.505121,0.311276,0.002892
27,2020-W28,1,4,ACC_COGS,281687065.505121,0.311276,0.031953
27,2020-W28,1,5,ACC_Sales_Revenue,281687065.505121,0.311276,-0.068
27,2020-W28,1,6,ACC_Accounts_Receivable,281687065.505121,0.311276,0.065903
27,2020-W28,1,7,ACC_Payroll_Exp,281687065.505121,0.311276,-0.625252
27,2020-W28,1,8,ACC_Rent_Exp,281687065.505121,0.311276,-0.171417
27,2020-W28,1,9,UNKNOWN_LEAK,281687065.505121,0.311276,0.001993
27,2020-W28,2,0,ACC_Accounts_Payable,27736602.897549,0.03065,0.255768
27,2020-W28,2,1,ACC_Inventory,27736602.897549,0.03065,-0.018053
27,2020-W28,2,2,ACC_Cash,27736602.897549,0.03065,0.376602
27,2020-W28,2,3,ACC_Travel_Exp,27736602.897549,0.03065,-0.153277
27,2020-W28,2,4,ACC_COGS,27736602.897549,0.03065,0.02564
27,2020-W28,2,5,ACC_Sales_Revenue,27736602.897549,0.03065,0.002595
27,2020-W28,2,6,ACC_Accounts_Receivable,27736602.897549,0.03065,-0.834683
27,2020-W28,2,7,ACC_Payroll_Exp,27736602.897549,0.03065,0.254669
27,2020-W28,2,8,ACC_Rent_Exp,27736602.897549,0.03065,0.081426
27,2020-W28,2,9,UNKNOWN_LEAK,27736602.897549,0.03065,0.009314
28,2020-W29,0,0,ACC_Accounts_Payable,599260067.721392,0.684559,-0.501174
28,2020-W29,0,1,ACC_Inventory,599260067.721392,0.684559,-0.049
28,2020-W29,0,2,ACC_Cash,599260067.721392,0.684559,0.802568
28,2020-W29,0,3,ACC_Travel_Exp,599260067.721392,0.684559,0.037475
28,2020-W29,0,4,ACC_COGS,599260067.721392,0.684559,0.023011
28,2020-W29,0,5,ACC_Sales_Revenue,599260067.721392,0.684559,-0.034688
28,2020-W29,0,6,ACC_Accounts_Receivable,599260067.721392,0.684559,0.092637
28,2020-W29,0,7,ACC_Payroll_Exp,599260067.721392,0.684559,-0.289794
28,2020-W29,0,8,ACC_Rent_Exp,599260067.721392,0.684559,-0.081292
28,2020-W29,0,9,UNKNOWN_LEAK,599260067.721392,0.684559,0.000257
28,2020-W29,1,0,ACC_Accounts_Payable,241271052.929528,0.275614,0.719552
28,2020-W29,1,1,ACC_Inventory,241271052.929528,0.275614,-0.098602
28,2020-W29,1,2,ACC_Cash,241271052.929528,0.275614,0.188532
28,2020-W29,1,3,ACC_Travel_Exp,241271052.929528,0.275614,-0.001875
28,2020-W29,1,4,ACC_COGS,241271052.929528,0.275614,0.032067
28,2020-W29,1,5,ACC_Sales_Revenue,241271052.929528,0.275614,-0.082935
28,2020-W29,1,6,ACC_Accounts_Receivable,241271052.929528,0.275614,0.046196
28,2020-W29,1,7,ACC_Payroll_Exp,241271052.929528,0.275614,-0.630373
28,2020-W29,1,8,ACC_Rent_Exp,241271052.929528,0.275614,-0.171942
28,2020-W29,1,9,UNKNOWN_LEAK,241271052.929528,0.275614,-0.00062
28,2020-W29,2,0,ACC_Accounts_Payable,25244902.503778,0.028838,0.211145
28,2020-W29,2,1,ACC_Inventory,25244902.503778,0.028838,0.039505
28,2020-W29,2,2,ACC_Cash,25244902.503778,0.028838,0.339295
28,2020-W29,2,3,ACC_Travel_Exp,25244902.503778,0.028838,-0.145994
28,2020-W29,2,4,ACC_COGS,25244902.503778,0.028838,0.02308
28,2020-W29,2,5,ACC_Sales_Revenue,25244902.503778,0.028838,0.054591
28,2020-W29,2,6,ACC_Accounts_Receivable,25244902.503778,0.028838,-0.864241
28,2020-W29,2,7,ACC_Payroll_Exp,25244902.503778,0.028838,0.246134
28,2020-W29,2,8,ACC_Rent_Exp,25244902.503778,0.028838,0.07791
28,2020-W29,2,9,UNKNOWN_LEAK,25244902.503778,0.028838,0.018577
29,2020-W30,0,0,ACC_Accounts_Payable,638742145.540217,0.731951,-0.413483
29,2020-W30,0,1,ACC_Inventory,638742145.540217,0.731951,-0.05015
29,2020-W30,0,2,ACC_Cash,638742145.540217,0.731951,0.816043
29,2020-W30,0,3,ACC_Travel_Exp,638742145.540217,0.731951,0.031855
29,2020-W30,0,4,ACC_COGS,638742145.540217,0.731951,0.013873
29,2020-W30,0,5,ACC_Sales_Revenue,638742145.540217,0.731951,-0.027271
29,2020-W30,0,6,ACC_Accounts_Receivable,638742145.540217,0.731951,0.105148
29,2020-W30,0,7,ACC_Payroll_Exp,638742145.540217,0.731951,-0.369266
29,2020-W30,0,8,ACC_Rent_Exp,638742145.540217,0.731951,-0.105957
29,2020-W30,0,9,UNKNOWN_LEAK,638742145.540217,0.731951,-0.000792
29,2020-W30,1,0,ACC_Accounts_Payable,195749681.639219,0.224314,0.782803
29,2020-W30,1,1,ACC_Inventory,195749681.639219,0.224314,-0.085417
29,2020-W30,1,2,ACC_Cash,195749681.639219,0.224314,0.102168
29,2020-W30,1,3,ACC_Travel_Exp,195749681.639219,0.224314,-0.042794
29,2020-W30,1,4,ACC_COGS,195749681.639219,0.224314,0.013416
29,2020-W30,1,5,ACC_Sales_Revenue,195749681.639219,0.224314,-0.066636
29,2020-W30,1,6,ACC_Accounts_Receivable,195749681.639219,0.224314,0.042819
29,2020-W30,1,7,ACC_Payroll_Exp,195749681.639219,0.224314,-0.578582
29,2020-W30,1,8,ACC_Rent_Exp,195749681.639219,0.224314,-0.162528
29,2020-W30,1,9,UNKNOWN_LEAK,195749681.639219,0.224314,-0.00525
29,2020-W30,2,0,ACC_Accounts_Payable,25434538.102954,0.029146,0.200944
29,2020-W30,2,1,ACC_Inventory,25434538.102954,0.029146,0.013139
29,2020-W30,2,2,ACC_Cash,25434538.102954,0.029146,0.342962
29,2020-W30,2,3,ACC_Travel_Exp,25434538.102954,0.029146,-0.115828
29,2020-W30,2,4,ACC_COGS,25434538.102954,0.029146,0.055901
29,2020-W30,2,5,ACC_Sales_Revenue,25434538.102954,0.029146,0.013666
29,2020-W30,2,6,ACC_Accounts_Receivable,25434538.102954,0.029146,-0.868711
29,2020-W30,2,7,ACC_Payroll_Exp,25434538.102954,0.029146,0.250157
29,2020-W30,2,8,ACC_Rent_Exp,25434538.102954,0.029146,0.085922
29,2020-W30,2,9,UNKNOWN_LEAK,25434538.102954,0.029146,0.021847
30,2020-W31,0,0,ACC_Accounts_Payable,675218212.102132,0.719627,-0.339507
30,2020-W31,0,1,ACC_Inventory,675218212.102132,0.719627,-0.048245
30,2020-W31,0,2,ACC_Cash,675218212.102132,0.719627,0.815656
30,2020-W31,0,3,ACC_Travel_Exp,675218212.102132,0.719627,0.038607
30,2020-W31,0,4,ACC_COGS,675218212.102132,0.719627,0.002824
30,2020-W31,0,5,ACC_Sales_Revenue,675218212.102132,0.719627,-0.013643
30,2020-W31,0,6,ACC_Accounts_Receivable,675218212.102132,0.719627,0.107098
30,2020-W31,0,7,ACC_Payroll_Exp,675218212.102132,0.719627,-0.433476
30,2020-W31,0,8,ACC_Rent_Exp,675218212.102132,0.719627,-0.126687
30,2020-W31,0,9,UNKNOWN_LEAK,675218212.102132,0.719627,-0.002627
30,2020-W31,1,0,ACC_Accounts_Payable,223020794.502619,0.237689,0.815453
30,2020-W31,1,1,ACC_Inventory,223020794.502619,0.237689,-0.046562
30,2020-W31,1,2,ACC_Cash,223020794.502619,0.237689,0.021286
30,2020-W31,1,3,ACC_Travel_Exp,223020794.502619,0.237689,-0.032303
30,2020-W31,1,4,ACC_COGS,223020794.502619,0.237689,-0.017008
30,2020-W31,1,5,ACC_Sales_Revenue,223020794.502619,0.237689,-0.010713
30,2020-W31,1,6,ACC_Accounts_Receivable,223020794.502619,0.237689,-0.012672
30,2020-W31,1,7,ACC_Payroll_Exp,223020794.502619,0.237689,-0.552226
30,2020-W31,1,8,ACC_Rent_Exp,223020794.502619,0.237689,-0.160723
30,2020-W31,1,9,UNKNOWN_LEAK,223020794.502619,0.237689,-0.004531
30,2020-W31,2,0,ACC_Accounts_Payable,20768759.243666,0.022135,0.185983
30,2020-W31,2,1,ACC_Inventory,20768759.243666,0.022135,-0.055408
30,2020-W31,2,2,ACC_Cash,20768759.243666,0.022135,0.356049
30,2020-W31,2,3,ACC_Travel_Exp,20768759.243666,0.022135,-0.070837
30,2020-W31,2,4,ACC_COGS,20768759.243666,0.022135,0.087638
30,2020-W31,2,5,ACC_Sales_Revenue,20768759.243666,0.022135,-0.040608
30,2020-W31,2,6,ACC_Accounts_Receivable,20768759.243666,0.022135,-0.854163
30,2020-W31,2,7,ACC_Payroll_Exp,20768759.243666,0.022135,0.286092
30,2020-W31,2,8,ACC_Rent_Exp,20768759.243666,0.022135,0.098673
30,2020-W31,2,9,UNKNOWN_LEAK,20768759.243666,0.022135,0.006579
31,2020-W32,0,0,ACC_Accounts_Payable,646776139.242449,0.723194,-0.295727
31,2020-W32,0,1,ACC_Inventory,646776139.242449,0.723194,-0.053454
31,2020-W32,0,2,ACC_Cash,646776139.242449,0.723194,0.815087
31,2020-W32,0,3,ACC_Travel_Exp,646776139.242449,0.723194,0.039826
31,2020-W32,0,4,ACC_COGS,646776139.242449,0.723194,0.003527
31,2020-W32,0,5,ACC_Sales_Revenue,646776139.242449,0.723194,-0.015503
31,2020-W32,0,6,ACC_Accounts_Receivable,646776139.242449,0.723194,0.108616
31,2020-W32,0,7,ACC_Payroll_Exp,646776139.242449,0.723194,-0.461986
31,2020-W32,0,8,ACC_Rent_Exp,646776139.242449,0.723194,-0.135003
31,2020-W32,0,9,UNKNOWN_LEAK,646776139.242449,0.723194,-0.005382
31,2020-W32,1,0,ACC_Accounts_Payable,203856128.254526,0.227942,0.83284
31,2020-W32,1,1,ACC_Inventory,203856128.254526,0.227942,-0.033476
31,2020-W32,1,2,ACC_Cash,203856128.254526,0.227942,-0.017629
31,2020-W32,1,3,ACC_Travel_Exp,203856128.254526,0.227942,-0.045028
31,2020-W32,1,4,ACC_COGS,203856128.254526,0.227942,-0.022648
31,2020-W32,1,5,ACC_Sales_Revenue,203856128.254526,0.227942,-0.005019
31,2020-W32,1,6,ACC_Accounts_Receivable,203856128.254526,0.227942,-0.032345
31,2020-W32,1,7,ACC_Payroll_Exp,203856128.254526,0.227942,-0.527074
31,2020-W32,1,8,ACC_Rent_Exp,203856128.254526,0.227942,-0.153341
31,2020-W32,1,9,UNKNOWN_LEAK,203856128.254526,0.227942,0.003721
31,2020-W32,2,0,ACC_Accounts_Payable,24128316.573018,0.026979,0.149265
31,2020-W32,2,1,ACC_Inventory,24128316.573018,0.026979,0.049104
31,2020-W32,2,2,ACC_Cash,24128316.573018,0.026979,0.340528
31,2020-W32,2,3,ACC_Travel_Exp,24128316.573018,0.026979,-0.094699
31,2020-W32,2,4,ACC_COGS,24128316.573018,0.026979,0.011501
31,2020-W32,2,5,ACC_Sales_Revenue,24128316.573018,0.026979,0.060001
31,2020-W32,2,6,ACC_Accounts_Receivable,24128316.573018,0.026979,-0.878944
31,2020-W32,2,7,ACC_Payroll_Exp,24128316.573018,0.026979,0.258463
31,2020-W32,2,8,ACC_Rent_Exp,24128316.573018,0.026979,0.08251
31,2020-W32,2,9,UNKNOWN_LEAK,24128316.573018,0.026979,0.022269
32,2020-W33,0,0,ACC_Accounts_Payable,571333470.213875,0.795494,-0.12666
32,2020-W33,0,1,ACC_Inventory,571333470.213875,0.795494,-0.078282
32,2020-W33,0,2,ACC_Cash,571333470.213875,0.795494,0.797258
32,2020-W33,0,3,ACC_Travel_Exp,571333470.213875,0.795494,0.031894
32,2020-W33,0,4,ACC_COGS,571333470.213875,0.795494,0.010702
32,2020-W33,0,5,ACC_Sales_Revenue,571333470.213875,0.795494,-0.033933
32,2020-W33,0,6,ACC_Accounts_Receivable,571333470.213875,0.795494,0.113163
32,2020-W33,0,7,ACC_Payroll_Exp,571333470.213875,0.795494,-0.548987
32,2020-W33,0,8,ACC_Rent_Exp,571333470.213875,0.795494,-0.16034
32,2020-W33,0,9,UNKNOWN_LEAK,571333470.213875,0.795494,-0.004815
32,2020-W33,1,0,ACC_Accounts_Payable,108622167.249316,0.15124,0.824255
32,2020-W33,1,1,ACC_Inventory,108622167.249316,0.15124,0.111653
32,2020-W33,1,2,ACC_Cash,108622167.249316,0.15124,-0.167903
32,2020-W33,1,3,ACC_Travel_Exp,108622167.249316,0.15124,-0.05986
32,2020-W33,1,4,ACC_COGS,108622167.249316,0.15124,-0.108821
32,2020-W33,1,5,ACC_Sales_Revenue,108622167.249316,0.15124,0.132091
32,2020-W33,1,6,ACC_Accounts_Receivable,108622167.249316,0.15124,-0.148128
32,2020-W33,1,7,ACC_Payroll_Exp,108622167.249316,0.15124,-0.455313
32,2020-W33,1,8,ACC_Rent_Exp,108622167.249316,0.15124,-0.133385
32,2020-W33,1,9,UNKNOWN_LEAK,108622167.249316,0.15124,0.005411
32,2020-W33,2,0,ACC_Accounts_Payable,23663357.908828,0.032948,0.134443
32,2020-W33,2,1,ACC_Inventory,23663357.908828,0.032948,-0.038154
32,2020-W33,2,2,ACC_Cash,23663357.908828,0.032948,0.373689
32,2020-W33,2,3,ACC_Travel_Exp,23663357.908828,0.032948,-0.098286
32,2020-W33,2,4,ACC_COGS,23663357.908828,0.032948,0.091665
32,2020-W33,2,5,ACC_Sales_Revenue,23663357.908828,0.032948,-0.062879
32,2020-W33,2,6,ACC_Accounts_Receivable,23663357.908828,0.032948,-0.842318
32,2020-W33,2,7,ACC_Payroll_Exp,23663357.908828,0.032948,0.312649
32,2020-W33,2,8,ACC_Rent_Exp,23663357.908828,0.032948,0.104696
32,2020-W33,2,9,UNKNOWN_LEAK,23663357.908828,0.032948,0.024496
33,2020-W34,0,0,ACC_Accounts_Payable,502519595.308765,0.739987,-0.240793
33,2020-W34,0,1,ACC_Inventory,502519595.308765,0.739987,-0.049243
33,2020-W34,0,2,ACC_Cash,502519595.308765,0.739987,0.809784
33,2020-W34,0,3,ACC_Travel_Exp,502519595.308765,0.739987,0.029836
33,2020-W34,0,4,ACC_COGS,502519595.308765,0.739987,-0.002658
33,2020-W34,0,5,ACC_Sales_Revenue,502519595.308765,0.739987,-0.010649
33,2020-W34,0,6,ACC_Accounts_Receivable,502519595.308765,0.739987,0.111978
33,2020-W34,0,7,ACC_Payroll_Exp,502519595.308765,0.739987,-0.498039
33,2020-W34,0,8,ACC_Rent_Exp,502519595.308765,0.739987,-0.149165
33,2020-W34,0,9,UNKNOWN_LEAK,502519595.308765,0.739987,-0.00105
33,2020-W34,1,0,ACC_Accounts_Payable,127441563.727969,0.187664,0.794093
33,2020-W34,1,1,ACC_Inventory,127441563.727969,0.187664,0.028056
33,2020-W34,1,2,ACC_Cash,127441563.727969,0.187664,-0.139474
33,2020-W34,1,3,ACC_Travel_Exp,127441563.727969,0.187664,-0.031615
33,2020-W34,1,4,ACC_COGS,127441563.727969,0.187664,-0.068067
33,2020-W34,1,5,ACC_Sales_Revenue,127441563.727969,0.187664,0.076707
33,2020-W34,1,6,ACC_Accounts_Receivable,127441563.727969,0.187664,0.058483
33,2020-W34,1,7,ACC_Payroll_Exp,127441563.727969,0.187664,-0.55382
33,2020-W34,1,8,ACC_Rent_Exp,127441563.727969,0.187664,-0.165893
33,2020-W34,1,9,UNKNOWN_LEAK,127441563.727969,0.187664,0.00153
33,2020-W34,2,0,ACC_Accounts_Payable,34760260.235014,0.051186,0.115009
33,2020-W34,2,1,ACC_Inventory,34760260.235014,0.051186,0.313888
33,2020-W34,2,2,ACC_Cash,34760260.235014,0.051186,0.2376
33,2020-W34,2,3,ACC_Travel_Exp,34760260.235014,0.051186,-0.099363
33,2020-W34,2,4,ACC_COGS,34760260.235014,0.051186,-0.175249
33,2020-W34,2,5,ACC_Sales_Revenue,34760260.235014,0.051186,0.293755
33,2020-W34,2,6,ACC_Accounts_Receivable,34760260.235014,0.051186,-0.83322
33,2020-W34,2,7,ACC_Payroll_Exp,34760260.235014,0.051186,0.095777
33,2020-W34,2,8,ACC_Rent_Exp,34760260.235014,0.051186,0.017353
33,2020-W34,2,9,UNKNOWN_LEAK,34760260.235014,0.051186,0.034449
34,2020-W35,0,0,ACC_Accounts_Payable,915025125.378627,0.85066,-0.363554
34,2020-W35,0,1,ACC_Inventory,915025125.378627,0.85066,-0.03057
34,2020-W35,0,2,ACC_Cash,915025125.378627,0.85066,0.848976
34,2020-W35,0,3,ACC_Travel_Exp,915025125.378627,0.85066,0.010349
34,2020-W35,0,4,ACC_COGS,915025125.378627,0.85066,0.014848
34,2020-W35,0,5,ACC_Sales_Revenue,915025125.378627,0.85066,-0.041932
34,2020-W35,0,6,ACC_Accounts_Receivable,915025125.378627,0.85066,0.029477
34,2020-W35,0,7,ACC_Payroll_Exp,915025125.378627,0.85066,-0.3636
34,2020-W35,0,8,ACC_Rent_Exp,915025125.378627,0.85066,-0.10475
34,2020-W35,0,9,UNKNOWN_LEAK,915025125.378627,0.85066,0.000756
34,2020-W35,1,0,ACC_Accounts_Payable,105684691.212051,0.098251,-0.684831
34,2020-W35,1,1,ACC_Inventory,105684691.212051,0.098251,0.02162
34,2020-W35,1,2,ACC_Cash,105684691.212051,0.098251,0.014857
34,2020-W35,1,3,ACC_Travel_Exp,105684691.212051,0.098251,-0.010111
34,2020-W35,1,4,ACC_COGS,105684691.212051,0.098251,0.078628
34,2020-W35,1,5,ACC_Sales_Revenue,105684691.212051,0.098251,-0.103613
34,2020-W35,1,6,ACC_Accounts_Receivable,105684691.212051,0.098251,-0.195859
34,2020-W35,1,7,ACC_Payroll_Exp,105684691.212051,0.098251,0.654713
34,2020-W35,1,8,ACC_Rent_Exp,105684691.212051,0.098251,0.214928
34,2020-W35,1,9,UNKNOWN_LEAK,105684691.212051,0.098251,0.009668
34,2020-W35,2,0,ACC_Accounts_Payable,38943438.485539,0.036204,-0.269416
34,2020-W35,2,1,ACC_Inventory,38943438.485539,0.036204,-0.304585
34,2020-W35,2,2,ACC_Cash,38943438.485539,0.036204,-0.200415
34,2020-W35,2,3,ACC_Travel_Exp,38943438.485539,0.036204,0.136832
34,2020-W35,2,4,ACC_COGS,38943438.485539,0.036204,0.147276
34,2020-W35,2,5,ACC_Sales_Revenue,38943438.485539,0.036204,-0.231117
34,2020-W35,2,6,ACC_Accounts_Receivable,38943438.485539,0.036204,0.833746
34,2020-W35,2,7,ACC_Payroll_Exp,38943438.485539,0.036204,-0.064815
34,2020-W35,2,8,ACC_Rent_Exp,38943438.485539,0.036204,-0.014101
34,2020-W35,2,9,UNKNOWN_LEAK,38943438.485539,0.036204,-0.033406
35,2020-W36,0,0,ACC_Accounts_Payable,1281133850.847661,0.879028,-0.3576
35,2020-W36,0,1,ACC_Inventory,1281133850.847661,0.879028,-0.005792
35,2020-W36,0,2,ACC_Cash,1281133850.847661,0.879028,0.859956
35,2020-W36,0,3,ACC_Travel_Exp,1281133850.847661,0.879028,0.004466
35,2020-W36,0,4,ACC_COGS,1281133850.847661,0.879028,0.014498
35,2020-W36,0,5,ACC_Sales_Revenue,1281133850.847661,0.879028,-0.034712
35,2020-W36,0,6,ACC_Accounts_Receivable,1281133850.847661,0.879028,-0.037549
35,2020-W36,0,7,ACC_Payroll_Exp,1281133850.847661,0.879028,-0.346712
35,2020-W36,0,8,ACC_Rent_Exp,1281133850.847661,0.879028,-0.097511
35,2020-W36,0,9,UNKNOWN_LEAK,1281133850.847661,0.879028,0.000956
35,2020-W36,1,0,ACC_Accounts_Payable,107173582.906577,0.073535,-0.651705
35,2020-W36,1,1,ACC_Inventory,107173582.906577,0.073535,0.046291
35,2020-W36,1,2,ACC_Cash,107173582.906577,0.073535,0.006363
35,2020-W36,1,3,ACC_Travel_Exp,107173582.906577,0.073535,-0.01852
35,2020-W36,1,4,ACC_COGS,107173582.906577,0.073535,0.073228
35,2020-W36,1,5,ACC_Sales_Revenue,107173582.906577,0.073535,-0.089749
35,2020-W36,1,6,ACC_Accounts_Receivable,107173582.906577,0.073535,-0.260992
35,2020-W36,1,7,ACC_Payroll_Exp,107173582.906577,0.073535,0.665632
35,2020-W36,1,8,ACC_Rent_Exp,107173582.906577,0.073535,0.2192
35,2020-W36,1,9,UNKNOWN_LEAK,107173582.906577,0.073535,0.010253
35,2020-W36,2,0,ACC_Accounts_Payable,53024959.944628,0.036382,-0.352345
35,2020-W36,2,1,ACC_Inventory,53024959.944628,0.036382,-0.307019
35,2020-W36,2,2,ACC_Cash,53024959.944628,0.036382,-0.137193
35,2020-W36,2,3,ACC_Travel_Exp,53024959.944628,0.036382,0.125537
35,2020-W36,2,4,ACC_COGS,53024959.944628,0.036382,0.116505
35,2020-W36,2,5,ACC_Sales_Revenue,53024959.944628,0.036382,-0.210569
35,2020-W36,2,6,ACC_Accounts_Receivable,53024959.944628,0.036382,0.829176
35,2020-W36,2,7,ACC_Payroll_Exp,53024959.944628,0.036382,-0.030899
35,2020-W36,2,8,ACC_Rent_Exp,53024959.944628,0.036382,-0.011143
35,2020-W36,2,9,UNKNOWN_LEAK,53024959.944628,0.036382,-0.022049
36,2020-W37,0,0,ACC_Accounts_Payable,1287318414.255036,0.88361,-0.365126
36,2020-W37,0,1,ACC_Inventory,1287318414.255036,0.88361,-0.004546
36,2020-W37,0,2,ACC_Cash,1287318414.255036,0.88361,0.857948
36,2020-W37,0,3,ACC_Travel_Exp,1287318414.255036,0.88361,0.005746
36,2020-W37,0,4,ACC_COGS,1287318414.255036,0.88361,0.011954
36,2020-W37,0,5,ACC_Sales_Revenue,1287318414.255036,0.88361,-0.032273
36,2020-W37,0,6,ACC_Accounts_Receivable,1287318414.255036,0.88361,-0.032994
36,2020-W37,0,7,ACC_Payroll_Exp,1287318414.255036,0.88361,-0.344787
36,2020-W37,0,8,ACC_Rent_Exp,1287318414.255036,0.88361,-0.09696
36,2020-W37,0,9,UNKNOWN_LEAK,1287318414.255036,0.88361,0.001038
36,2020-W37,1,0,ACC_Accounts_Payable,111150653.576681,0.076293,-0.670078
36,2020-W37,1,1,ACC_Inventory,111150653.576681,0.076293,0.055415
36,2020-W37,1,2,ACC_Cash,111150653.576681,0.076293,-0.007318
36,2020-W37,1,3,ACC_Travel_Exp,111150653.576681,0.076293,-0.012041
36,2020-W37,1,4,ACC_COGS,111150653.576681,0.076293,0.049573
36,2020-W37,1,5,ACC_Sales_Revenue,111150653.576681,0.076293,-0.061576
36,2020-W37,1,6,ACC_Accounts_Receivable,111150653.576681,0.076293,-0.241977
36,2020-W37,1,7,ACC_Payroll_Exp,111150653.576681,0.076293,0.660315
36,2020-W37,1,8,ACC_Rent_Exp,111150653.576681,0.076293,0.216283
36,2020-W37,1,9,UNKNOWN_LEAK,111150653.576681,0.076293,0.011405
36,2020-W37,2,0,ACC_Accounts_Payable,40540085.335282,0.027827,-0.275127
36,2020-W37,2,1,ACC_Inventory,40540085.335282,0.027827,-0.411854
36,2020-W37,2,2,ACC_Cash,40540085.335282,0.027827,-0.099116
36,2020-W37,2,3,ACC_Travel_Exp,40540085.335282,0.027827,0.09901
36,2020-W37,2,4,ACC_COGS,40540085.335282,0.027827,0.178547
36,2020-W37,2,5,ACC_Sales_Revenue,40540085.335282,0.027827,-0.273947
36,2020-W37,2,6,ACC_Accounts_Receivable,40540085.335282,0.027827,0.792308
36,2020-W37,2,7,ACC_Payroll_Exp,40540085.335282,0.027827,0.007668
36,2020-W37,2,8,ACC_Rent_Exp,40540085.335282,0.027827,0.000342
36,2020-W37,2,9,UNKNOWN_LEAK,40540085.335282,0.027827,-0.017831
37,2020-W38,0,0,ACC_Accounts_Payable,1140555916.132928,0.817587,-0.367538
37,2020-W38,0,1,ACC_Inventory,1140555916.132928,0.817587,0.002097
37,2020-W38,0,2,ACC_Cash,1140555916.132928,0.817587,0.862827
37,2020-W38,0,3,ACC_Travel_Exp,1140555916.132928,0.817587,0.000306
37,2020-W38,0,4,ACC_COGS,1140555916.132928,0.817587,0.013147
37,2020-W38,0,5,ACC_Sales_Revenue,1140555916.132928,0.817587,-0.035106
37,2020-W38,0,6,ACC_Accounts_Receivable,1140555916.132928,0.817587,-0.057471
37,2020-W38,0,7,ACC_Payroll_Exp,1140555916.132928,0.817587,-0.327632
37,2020-W38,0,8,ACC_Rent_Exp,1140555916.132928,0.817587,-0.09159
37,2020-W38,0,9,UNKNOWN_LEAK,1140555916.132928,0.817587,0.000961
37,2020-W38,1,0,ACC_Accounts_Payable,135215126.166465,0.096927,0.70032
37,2020-W38,1,1,ACC_Inventory,135215126.166465,0.096927,0.049796
37,2020-W38,1,2,ACC_Cash,135215126.166465,0.096927,0.138018
37,2020-W38,1,3,ACC_Travel_Exp,135215126.166465,0.096927,-0.035805
37,2020-W38,1,4,ACC_COGS,135215126.166465,0.096927,-0.10233
37,2020-W38,1,5,ACC_Sales_Revenue,135215126.166465,0.096927,0.225974
37,2020-W38,1,6,ACC_Accounts_Receivable,135215126.166465,0.096927,-0.556478
37,2020-W38,1,7,ACC_Payroll_Exp,135215126.166465,0.096927,-0.32328
37,2020-W38,1,8,ACC_Rent_Exp,135215126.166465,0.096927,-0.10467
37,2020-W38,1,9,UNKNOWN_LEAK,135215126.166465,0.096927,0.008455
37,2020-W38,2,0,ACC_Accounts_Payable,96562565.513257,0.069219,0.322365
37,2020-W38,2,1,ACC_Inventory,96562565.513257,0.069219,-0.119467
37,2020-W38,2,2,ACC_Cash,96562565.513257,0.069219,-0.060966
37,2020-W38,2,3,ACC_Travel_Exp,96562565.513257,0.069219,0.034431
37,2020-W38,2,4,ACC_COGS,96562565.513257,0.069219,0.025442
37,2020-W38,2,5,ACC_Sales_Revenue,96562565.513257,0.069219,-0.109727
37,2020-W38,2,6,ACC_Accounts_Receivable,96562565.513257,0.069219,0.700818
37,2020-W38,2,7,ACC_Payroll_Exp,96562565.513257,0.069219,-0.579701
37,2020-W38,2,8,ACC_Rent_Exp,96562565.513257,0.069219,-0.191139
37,2020-W38,2,9,UNKNOWN_LEAK,96562565.513257,0.069219,-0.022055
38,2020-W39,0,0,ACC_Accounts_Payable,1129036874.431217,0.772892,-0.282705
38,2020-W39,0,1,ACC_Inventory,1129036874.431217,0.772892,0.025312
38,2020-W39,0,2,ACC_Cash,1129036874.431217,0.772892,0.873202
38,2020-W39,0,3,ACC_Travel_Exp,1129036874.431217,0.772892,-0.004046
38,2020-W39,0,4,ACC_COGS,1129036874.431217,0.772892,-0.003937
38,2020-W39,0,5,ACC_Sales_Revenue,1129036874.431217,0.772892,0.002292
38,2020-W39,0,6,ACC_Accounts_Receivable,1129036874.431217,0.772892,-0.180451
38,2020-W39,0,7,ACC_Payroll_Exp,1129036874.431217,0.772892,-0.341657
38,2020-W39,0,8,ACC_Rent_Exp,1129036874.431217,0.772892,-0.087325
38,2020-W39,0,9,UNKNOWN_LEAK,1129036874.431217,0.772892,-0.000687
38,2020-W39,1,0,ACC_Accounts_Payable,231756083.375078,0.158651,0.759049
38,2020-W39,1,1,ACC_Inventory,231756083.375078,0.158651,0.019905
38,2020-W39,1,2,ACC_Cash,231756083.375078,0.158651,0.020828
38,2020-W39,1,3,ACC_Travel_Exp,231756083.375078,0.158651,-0.028003
38,2020-W39,1,4,ACC_COGS,231756083.375078,0.158651,-0.056343
38,2020-W39,1,5,ACC_Sales_Revenue,231756083.375078,0.158651,0.164009
38,2020-W39,1,6,ACC_Accounts_Receivable,231756083.375078,0.158651,-0.568268
38,2020-W39,1,7,ACC_Payroll_Exp,231756083.375078,0.158651,-0.25812
38,2020-W39,1,8,ACC_Rent_Exp,231756083.375078,0.158651,-0.050967
38,2020-W39,1,9,UNKNOWN_LEAK,231756083.375078,0.158651,-0.00209
38,2020-W39,2,0,ACC_Accounts_Payable,81865394.30325,0.056042,0.287723
38,2020-W39,2,1,ACC_Inventory,81865394.30325,0.056042,-0.038918
38,2020-W39,2,2,ACC_Cash,81865394.30325,0.056042,-0.032546
38,2020-W39,2,3,ACC_Travel_Exp,81865394.30325,0.056042,0.035806
38,2020-W39,2,4,ACC_COGS,81865394.30325,0.056042,-0.043107
38,2020-W39,2,5,ACC_Sales_Revenue,81865394.30325,0.056042,-0.022435
38,2020-W39,2,6,ACC_Accounts_Receivable,81865394.30325,0.056042,0.683361
38,2020-W39,2,7,ACC_Payroll_Exp,81865394.30325,0.056042,-0.629822
38,2020-W39,2,8,ACC_Rent_Exp,81865394.30325,0.056042,-0.21627
38,2020-W39,2,9,UNKNOWN_LEAK,81865394.30325,0.056042,-0.023791
39,2020-W40,0,0,ACC_Accounts_Payable,1141125831.989328,0.750668,-0.252001
39,2020-W40,0,1,ACC_Inventory,1141125831.989328,0.750668,0.02754
39,2020-W40,0,2,ACC_Cash,1141125831.989328,0.750668,0.870857
39,2020-W40,0,3,ACC_Travel_Exp,1141125831.989328,0.750668,-0.003796
39,2020-W40,0,4,ACC_COGS,1141125831.989328,0.750668,-0.007813
39,2020-W40,0,5,ACC_Sales_Revenue,1141125831.989328,0.750668,0.011854
39,2020-W40,0,6,ACC_Accounts_Receivable,1141125831.989328,0.750668,-0.187188
39,2020-W40,0,7,ACC_Payroll_Exp,1141125831.989328,0.750668,-0.365786
39,2020-W40,0,8,ACC_Rent_Exp,1141125831.989328,0.750668,-0.091016
39,2020-W40,0,9,UNKNOWN_LEAK,1141125831.989328,0.750668,-0.002651
39,2020-W40,1,0,ACC_Accounts_Payable,257481921.166645,0.16938,0.79538
39,2020-W40,1,1,ACC_Inventory,257481921.166645,0.16938,0.013705
39,2020-W40,1,2,ACC_Cash,257481921.166645,0.16938,-0.029184
39,2020-W40,1,3,ACC_Travel_Exp,257481921.166645,0.16938,-0.009292
39,2020-W40,1,4,ACC_COGS,257481921.166645,0.16938,-0.070317
39,2020-W40,1,5,ACC_Sales_Revenue,257481921.166645,0.16938,0.185916
39,2020-W40,1,6,ACC_Accounts_Receivable,257481921.166645,0.16938,-0.427561
39,2020-W40,1,7,ACC_Payroll_Exp,257481921.166645,0.16938,-0.372618
39,2020-W40,1,8,ACC_Rent_Exp,257481921.166645,0.16938,-0.069314
39,2020-W40,1,9,UNKNOWN_LEAK,257481921.166645,0.16938,-0.016715
39,2020-W40,2,0,ACC_Accounts_Payable,101764635.978846,0.066944,0.118839
39,2020-W40,2,1,ACC_Inventory,101764635.978846,0.066944,-0.022919
39,2020-W40,2,2,ACC_Cash,101764635.978846,0.066944,-0.065126
39,2020-W40,2,3,ACC_Travel_Exp,101764635.978846,0.066944,0.050598
39,2020-W40,2,4,ACC_COGS,101764635.978846,0.066944,-0.044634
39,2020-W40,2,5,ACC_Sales_Revenue,101764635.978846,0.066944,-0.005689
39,2020-W40,2,6,ACC_Accounts_Receivable,101764635.978846,0.066944,0.772343
39,2020-W40,2,7,ACC_Payroll_Exp,101764635.978846,0.066944,-0.589476
39,2020-W40,2,8,ACC_Rent_Exp,101764635.978846,0.066944,-0.176418
39,2020-W40,2,9,UNKNOWN_LEAK,101764635.978846,0.066944,-0.037518
40,2020-W41,0,0,ACC_Accounts_Payable,1130381313.141941,0.752761,-0.241266
40,2020-W41,0,1,ACC_Inventory,1130381313.141941,0.752761,0.028037
40,2020-W41,0,2,ACC_Cash,1130381313.141941,0.752761,0.871958
40,2020-W41,0,3,ACC_Travel_Exp,1130381313.141941,0.752761,-0.007152
40,2020-W41,0,4,ACC_COGS,1130381313.141941,0.752761,-0.005867
40,2020-W41,0,5,ACC_Sales_Revenue,1130381313.141941,0.752761,0.00597
40,2020-W41,0,6,ACC_Accounts_Receivable,1130381313.141941,0.752761,-0.187235
40,2020-W41,0,7,ACC_Payroll_Exp,1130381313.141941,0.752761,-0.37018
40,2020-W41,0,8,ACC_Rent_Exp,1130381313.141941,0.752761,-0.09207
40,2020-W41,0,9,UNKNOWN_LEAK,1130381313.141941,0.752761,-0.002195
40,2020-W41,1,0,ACC_Accounts_Payable,253611679.214511,0.168889,0.789112
40,2020-W41,1,1,ACC_Inventory,253611679.214511,0.168889,0.01498
40,2020-W41,1,2,ACC_Cash,253611679.214511,0.168889,-0.038666
40,2020-W41,1,3,ACC_Travel_Exp,253611679.214511,0.168889,-0.003761
40,2020-W41,1,4,ACC_COGS,253611679.214511,0.168889,-0.074351
40,2020-W41,1,5,ACC_Sales_Revenue,253611679.214511,0.168889,0.197912
40,2020-W41,1,6,ACC_Accounts_Receivable,253611679.214511,0.168889,-0.444728
40,2020-W41,1,7,ACC_Payroll_Exp,253611679.214511,0.168889,-0.358547
40,2020-W41,1,8,ACC_Rent_Exp,253611679.214511,0.168889,-0.065216
40,2020-W41,1,9,UNKNOWN_LEAK,253611679.214511,0.168889,-0.016734
40,2020-W41,2,0,ACC_Accounts_Payable,100771180.754801,0.067107,0.11835
40,2020-W41,2,1,ACC_Inventory,100771180.754801,0.067107,-0.025309
40,2020-W41,2,2,ACC_Cash,100771180.754801,0.067107,-0.078108
40,2020-W41,2,3,ACC_Travel_Exp,100771180.754801,0.067107,0.068989
40,2020-W41,2,4,ACC_COGS,100771180.754801,0.067107,-0.062735
40,2020-W41,2,5,ACC_Sales_Revenue,100771180.754801,0.067107,0.043097
40,2020-W41,2,6,ACC_Accounts_Receivable,100771180.754801,0.067107,0.75743
40,2020-W41,2,7,ACC_Payroll_Exp,100771180.754801,0.067107,-0.601154
40,2020-W41,2,8,ACC_Rent_Exp,100771180.754801,0.067107,-0.178433
40,2020-W41,2,9,UNKNOWN_LEAK,100771180.754801,0.067107,-0.042127
41,2020-W42,0,0,ACC_Accounts_Payable,1105233644.655488,0.761002,-0.289454
41,2020-W42,0,1,ACC_Inventory,1105233644.655488,0.761002,0.022623
41,2020-W42,0,2,ACC_Cash,1105233644.655488,0.761002,0.875267
41,2020-W42,0,3,ACC_Travel_Exp,1105233644.655488,0.761002,-0.006307
41,2020-W42,0,4,ACC_COGS,1105233644.655488,0.761002,0.006456
41,2020-W42,0,5,ACC_Sales_Revenue,1105233644.655488,0.761002,-0.013367
41,2020-W42,0,6,ACC_Accounts_Receivable,1105233644.655488,0.761002,-0.188028
41,2020-W42,0,7,ACC_Payroll_Exp,1105233644.655488,0.761002,-0.328314
41,2020-W42,0,8,ACC_Rent_Exp,1105233644.655488,0.761002,-0.078786
41,2020-W42,0,9,UNKNOWN_LEAK,1105233644.655488,0.761002,-9.1e-05
41,2020-W42,1,0,ACC_Accounts_Payable,249962741.258575,0.17211,0.755976
41,2020-W42,1,1,ACC_Inventory,249962741.258575,0.17211,0.02708
41,2020-W42,1,2,ACC_Cash,249962741.258575,0.17211,0.012192
41,2020-W42,1,3,ACC_Travel_Exp,249962741.258575,0.17211,-0.002965
41,2020-W42,1,4,ACC_COGS,249962741.258575,0.17211,-0.061012
41,2020-W42,1,5,ACC_Sales_Revenue,249962741.258575,0.17211,0.189484
41,2020-W42,1,6,ACC_Accounts_Receivable,249962741.258575,0.17211,-0.527481
41,2020-W42,1,7,ACC_Payroll_Exp,249962741.258575,0.17211,-0.327235
41,2020-W42,1,8,ACC_Rent_Exp,249962741.258575,0.17211,-0.048553
41,2020-W42,1,9,UNKNOWN_LEAK,249962741.258575,0.17211,-0.017488
41,2020-W42,2,0,ACC_Accounts_Payable,81048669.895751,0.055806,0.177187
41,2020-W42,2,1,ACC_Inventory,81048669.895751,0.055806,-0.024176
41,2020-W42,2,2,ACC_Cash,81048669.895751,0.055806,-0.054709
41,2020-W42,2,3,ACC_Travel_Exp,81048669.895751,0.055806,0.096208
41,2020-W42,2,4,ACC_COGS,81048669.895751,0.055806,-0.029876
41,2020-W42,2,5,ACC_Sales_Revenue,81048669.895751,0.055806,0.027643
41,2020-W42,2,6,ACC_Accounts_Receivable,81048669.895751,0.055806,0.693876
41,2020-W42,2,7,ACC_Payroll_Exp,81048669.895751,0.055806,-0.664942
41,2020-W42,2,8,ACC_Rent_Exp,81048669.895751,0.055806,-0.165538
41,2020-W42,2,9,UNKNOWN_LEAK,81048669.895751,0.055806,-0.055675
42,2020-W43,0,0,ACC_Accounts_Payable,1189184746.961109,0.783358,-0.27123
42,2020-W43,0,1,ACC_Inventory,1189184746.961109,0.783358,0.020777
42,2020-W43,0,2,ACC_Cash,1189184746.961109,0.783358,0.879286
42,2020-W43,0,3,ACC_Travel_Exp,1189184746.961109,0.783358,-0.013967
42,2020-W43,0,4,ACC_COGS,1189184746.961109,0.783358,0.009147
42,2020-W43,0,5,ACC_Sales_Revenue,1189184746.961109,0.783358,-0.014668
42,2020-W43,0,6,ACC_Accounts_Receivable,1189184746.961109,0.783358,-0.200918
42,2020-W43,0,7,ACC_Payroll_Exp,1189184746.961109,0.783358,-0.324785
42,2020-W43,0,8,ACC_Rent_Exp,1189184746.961109,0.783358,-0.080634
42,2020-W43,0,9,UNKNOWN_LEAK,1189184746.961109,0.783358,-0.003006
42,2020-W43,1,0,ACC_Accounts_Payable,253106042.461427,0.16673,0.762108
42,2020-W43,1,1,ACC_Inventory,253106042.461427,0.16673,0.024404
42,2020-W43,1,2,ACC_Cash,253106042.461427,0.16673,0.000567
42,2020-W43,1,3,ACC_Travel_Exp,253106042.461427,0.16673,-0.013649
42,2020-W43,1,4,ACC_COGS,253106042.461427,0.16673,-0.05561
42,2020-W43,1,5,ACC_Sales_Revenue,253106042.461427,0.16673,0.183087
42,2020-W43,1,6,ACC_Accounts_Receivable,253106042.461427,0.16673,-0.539163
42,2020-W43,1,7,ACC_Payroll_Exp,253106042.461427,0.16673,-0.297943
42,2020-W43,1,8,ACC_Rent_Exp,253106042.461427,0.16673,-0.044026
42,2020-W43,1,9,UNKNOWN_LEAK,253106042.461427,0.16673,-0.019774
42,2020-W43,2,0,ACC_Accounts_Payable,59091327.56843,0.038926,0.22078
42,2020-W43,2,1,ACC_Inventory,59091327.56843,0.038926,-0.033568
42,2020-W43,2,2,ACC_Cash,59091327.56843,0.038926,-0.032131
42,2020-W43,2,3,ACC_Travel_Exp,59091327.56843,0.038926,0.04692
42,2020-W43,2,4,ACC_COGS,59091327.56843,0.038926,0.005025
42,2020-W43,2,5,ACC_Sales_Revenue,59091327.56843,0.038926,-0.00428
42,2020-W43,2,6,ACC_Accounts_Receivable,59091327.56843,0.038926,0.690014
42,2020-W43,2,7,ACC_Payroll_Exp,59091327.56843,0.038926,-0.665741
42,2020-W43,2,8,ACC_Rent_Exp,59091327.56843,0.038926,-0.143113
42,2020-W43,2,9,UNKNOWN_LEAK,59091327.56843,0.038926,-0.083905
43,2020-W44,0,0,ACC_Accounts_Payable,1681580427.717111,0.837327,-0.30278
43,2020-W44,0,1,ACC_Inventory,1681580427.717111,0.837327,0.025972
43,2020-W44,0,2,ACC_Cash,1681580427.717111,0.837327,0.87784
43,2020-W44,0,3,ACC_Travel_Exp,1681580427.717111,0.837327,-0.018548
43,2020-W44,0,4,ACC_COGS,1681580427.717111,0.837327,0.000384
43,2020-W44,0,5,ACC_Sales_Revenue,1681580427.717111,0.837327,0.001209
43,2020-W44,0,6,ACC_Accounts_Receivable,1681580427.717111,0.837327,-0.190966
43,2020-W44,0,7,ACC_Payroll_Exp,1681580427.717111,0.837327,-0.305325
43,2020-W44,0,8,ACC_Rent_Exp,1681580427.717111,0.837327,-0.083623
43,2020-W44,0,9,UNKNOWN_LEAK,1681580427.717111,0.837327,-0.004163
43,2020-W44,1,0,ACC_Accounts_Payable,249733787.275937,0.124353,0.750889
43,2020-W44,1,1,ACC_Inventory,249733787.275937,0.124353,0.020832
43,2020-W44,1,2,ACC_Cash,249733787.275937,0.124353,0.026485
43,2020-W44,1,3,ACC_Travel_Exp,249733787.275937,0.124353,-0.005242
43,2020-W44,1,4,ACC_COGS,249733787.275937,0.124353,-0.054425
43,2020-W44,1,5,ACC_Sales_Revenue,249733787.275937,0.124353,0.183787
43,2020-W44,1,6,ACC_Accounts_Receivable,249733787.275937,0.124353,-0.546607
43,2020-W44,1,7,ACC_Payroll_Exp,249733787.275937,0.124353,-0.31175
43,2020-W44,1,8,ACC_Rent_Exp,249733787.275937,0.124353,-0.043162
43,2020-W44,1,9,UNKNOWN_LEAK,249733787.275937,0.124353,-0.020807
43,2020-W44,2,0,ACC_Accounts_Payable,59563987.192342,0.029659,0.217596
43,2020-W44,2,1,ACC_Inventory,59563987.192342,0.029659,-0.040693
43,2020-W44,2,2,ACC_Cash,59563987.192342,0.029659,-0.020551
43,2020-W44,2,3,ACC_Travel_Exp,59563987.192342,0.029659,0.055443
43,2020-W44,2,4,ACC_COGS,59563987.192342,0.029659,0.012987
43,2020-W44,2,5,ACC_Sales_Revenue,59563987.192342,0.029659,-0.018098
43,2020-W44,2,6,ACC_Accounts_Receivable,59563987.192342,0.029659,0.685575
43,2020-W44,2,7,ACC_Payroll_Exp,59563987.192342,0.029659,-0.671675
43,2020-W44,2,8,ACC_Rent_Exp,59563987.192342,0.029659,-0.137807
43,2020-W44,2,9,UNKNOWN_LEAK,59563987.192342,0.029659,-0.082777
44,2020-W45,0,0,ACC_Accounts_Payable,1684633044.169229,0.841689,-0.302253
44,2020-W45,0,1,ACC_Inventory,1684633044.169229,0.841689,0.028762
44,2020-W45,0,2,ACC_Cash,1684633044.169229,0.841689,0.877047
44,2020-W45,0,3,ACC_Travel_Exp,1684633044.169229,0.841689,-0.018205
44,2020-W45,0,4,ACC_COGS,1684633044.169229,0.841689,-0.001037
44,2020-W45,0,5,ACC_Sales_Revenue,1684633044.169229,0.841689,0.003684
44,2020-W45,0,6,ACC_Accounts_Receivable,1684633044.169229,0.841689,-0.195822
44,2020-W45,0,7,ACC_Payroll_Exp,1684633044.169229,0.841689,-0.304841
44,2020-W45,0,8,ACC_Rent_Exp,1684633044.169229,0.841689,-0.083475
44,2020-W45,0,9,UNKNOWN_LEAK,1684633044.169229,0.841689,-0.00386
44,2020-W45,1,0,ACC_Accounts_Payable,241924357.187626,0.120872,0.762427
44,2020-W45,1,1,ACC_Inventory,241924357.187626,0.120872,0.000945
44,2020-W45,1,2,ACC_Cash,241924357.187626,0.120872,0.028588
44,2020-W45,1,3,ACC_Travel_Exp,241924357.187626,0.120872,-0.00253
44,2020-W45,1,4,ACC_COGS,241924357.187626,0.120872,-0.045876
44,2020-W45,1,5,ACC_Sales_Revenue,241924357.187626,0.120872,0.172156
44,2020-W45,1,6,ACC_Accounts_Receivable,241924357.187626,0.120872,-0.531984
44,2020-W45,1,7,ACC_Payroll_Exp,241924357.187626,0.120872,-0.317379
44,2020-W45,1,8,ACC_Rent_Exp,241924357.187626,0.120872,-0.04318
44,2020-W45,1,9,UNKNOWN_LEAK,241924357.187626,0.120872,-0.023167
44,2020-W45,2,0,ACC_Accounts_Payable,60901341.124325,0.030428,0.20353
44,2020-W45,2,1,ACC_Inventory,60901341.124325,0.030428,-0.025113
44,2020-W45,2,2,ACC_Cash,60901341.124325,0.030428,-0.017963
44,2020-W45,2,3,ACC_Travel_Exp,60901341.124325,0.030428,0.039182
44,2020-W45,2,4,ACC_COGS,60901341.124325,0.030428,0.008586
44,2020-W45,2,5,ACC_Sales_Revenue,60901341.124325,0.030428,-0.017351
44,2020-W45,2,6,ACC_Accounts_Receivable,60901341.124325,0.030428,0.696655
44,2020-W45,2,7,ACC_Payroll_Exp,60901341.124325,0.030428,-0.666444
44,2020-W45,2,8,ACC_Rent_Exp,60901341.124325,0.030428,-0.140523
44,2020-W45,2,9,UNKNOWN_LEAK,60901341.124325,0.030428,-0.080558
45,2020-W46,0,0,ACC_Accounts_Payable,1672322137.398421,0.842536,-0.296882
45,2020-W46,0,1,ACC_Inventory,1672322137.398421,0.842536,0.026569
45,2020-W46,0,2,ACC_Cash,1672322137.398421,0.842536,0.877257
45,2020-W46,0,3,ACC_Travel_Exp,1672322137.398421,0.842536,-0.018743
45,2020-W46,0,4,ACC_COGS,1672322137.398421,0.842536,-0.002383
45,2020-W46,0,5,ACC_Sales_Revenue,1672322137.398421,0.842536,0.008807
45,2020-W46,0,6,ACC_Accounts_Receivable,1672322137.398421,0.842536,-0.198813
45,2020-W46,0,7,ACC_Payroll_Exp,1672322137.398421,0.842536,-0.307437
45,2020-W46,0,8,ACC_Rent_Exp,1672322137.398421,0.842536,-0.084138
45,2020-W46,0,9,UNKNOWN_LEAK,1672322137.398421,0.842536,-0.004236
45,2020-W46,1,0,ACC_Accounts_Payable,234545523.893691,0.118167,0.762703
45,2020-W46,1,1,ACC_Inventory,234545523.893691,0.118167,0.009319
45,2020-W46,1,2,ACC_Cash,234545523.893691,0.118167,0.021437
45,2020-W46,1,3,ACC_Travel_Exp,234545523.893691,0.118167,-0.001294
45,2020-W46,1,4,ACC_COGS,234545523.893691,0.118167,-0.044159
45,2020-W46,1,5,ACC_Sales_Revenue,234545523.893691,0.118167,0.162935
45,2020-W46,1,6,ACC_Accounts_Receivable,234545523.893691,0.118167,-0.540054
45,2020-W46,1,7,ACC_Payroll_Exp,234545523.893691,0.118167,-0.309059
45,2020-W46,1,8,ACC_Rent_Exp,234545523.893691,0.118167,-0.03963
45,2020-W46,1,9,UNKNOWN_LEAK,234545523.893691,0.118167,-0.022198
45,2020-W46,2,0,ACC_Accounts_Payable,61262016.298412,0.030865,0.219906
45,2020-W46,2,1,ACC_Inventory,61262016.298412,0.030865,-0.009649
45,2020-W46,2,2,ACC_Cash,61262016.298412,0.030865,-0.016507
45,2020-W46,2,3,ACC_Travel_Exp,61262016.298412,0.030865,0.044036
45,2020-W46,2,4,ACC_COGS,61262016.298412,0.030865,0.022259
45,2020-W46,2,5,ACC_Sales_Revenue,61262016.298412,0.030865,-0.059222
45,2020-W46,2,6,ACC_Accounts_Receivable,61262016.298412,0.030865,0.686589
45,2020-W46,2,7,ACC_Payroll_Exp,61262016.298412,0.030865,-0.669566
45,2020-W46,2,8,ACC_Rent_Exp,61262016.298412,0.030865,-0.139597
45,2020-W46,2,9,UNKNOWN_LEAK,61262016.298412,0.030865,-0.078248
46,2020-W47,0,0,ACC_Accounts_Payable,1277297674.485229,0.80689,-0.249396
46,2020-W47,0,1,ACC_Inventory,1277297674.485229,0.80689,0.028265
46,2020-W47,0,2,ACC_Cash,1277297674.485229,0.80689,0.877663
46,2020-W47,0,3,ACC_Travel_Exp,1277297674.485229,0.80689,-0.021637
46,2020-W47,0,4,ACC_COGS,1277297674.485229,0.80689,-0.009917
46,2020-W47,0,5,ACC_Sales_Revenue,1277297674.485229,0.80689,0.028852
46,2020-W47,0,6,ACC_Accounts_Receivable,1277297674.485229,0.80689,-0.252935
46,2020-W47,0,7,ACC_Payroll_Exp,1277297674.485229,0.80689,-0.306739
46,2020-W47,0,8,ACC_Rent_Exp,1277297674.485229,0.80689,-0.08459
46,2020-W47,0,9,UNKNOWN_LEAK,1277297674.485229,0.80689,-0.009566
46,2020-W47,1,0,ACC_Accounts_Payable,218299001.780605,0.137903,0.786534
46,2020-W47,1,1,ACC_Inventory,218299001.780605,0.137903,0.004171
46,2020-W47,1,2,ACC_Cash,218299001.780605,0.137903,-0.039102
46,2020-W47,1,3,ACC_Travel_Exp,218299001.780605,0.137903,0.003507
46,2020-W47,1,4,ACC_COGS,218299001.780605,0.137903,-0.040797
46,2020-W47,1,5,ACC_Sales_Revenue,218299001.780605,0.137903,0.153171
46,2020-W47,1,6,ACC_Accounts_Receivable,218299001.780605,0.137903,-0.50998
46,2020-W47,1,7,ACC_Payroll_Exp,218299001.780605,0.137903,-0.30516
46,2020-W47,1,8,ACC_Rent_Exp,218299001.780605,0.137903,-0.033501
46,2020-W47,1,9,UNKNOWN_LEAK,218299001.780605,0.137903,-0.018844
46,2020-W47,2,0,ACC_Accounts_Payable,70169218.954489,0.044327,0.189819
46,2020-W47,2,1,ACC_Inventory,70169218.954489,0.044327,0.008013
46,2020-W47,2,2,ACC_Cash,70169218.954489,0.044327,0.00241
46,2020-W47,2,3,ACC_Travel_Exp,70169218.954489,0.044327,0.039328
46,2020-W47,2,4,ACC_COGS,70169218.954489,0.044327,0.043442
46,2020-W47,2,5,ACC_Sales_Revenue,70169218.954489,0.044327,-0.078913
46,2020-W47,2,6,ACC_Accounts_Receivable,70169218.954489,0.044327,0.683788
46,2020-W47,2,7,ACC_Payroll_Exp,70169218.954489,0.044327,-0.67841
46,2020-W47,2,8,ACC_Rent_Exp,70169218.954489,0.044327,-0.152125
46,2020-W47,2,9,UNKNOWN_LEAK,70169218.954489,0.044327,-0.057351
47,2020-W48,0,0,ACC_Accounts_Payable,949495670.585268,0.739747,-0.182979
47,2020-W48,0,1,ACC_Inventory,949495670.585268,0.739747,0.030931
47,2020-W48,0,2,ACC_Cash,949495670.585268,0.739747,0.868925
47,2020-W48,0,3,ACC_Travel_Exp,949495670.585268,0.739747,-0.024031
47,2020-W48,0,4,ACC_COGS,949495670.585268,0.739747,-0.028063
47,2020-W48,0,5,ACC_Sales_Revenue,949495670.585268,0.739747,0.064387
47,2020-W48,0,6,ACC_Accounts_Receivable,949495670.585268,0.739747,-0.29822
47,2020-W48,0,7,ACC_Payroll_Exp,949495670.585268,0.739747,-0.327929
47,2020-W48,0,8,ACC_Rent_Exp,949495670.585268,0.739747,-0.09177
47,2020-W48,0,9,UNKNOWN_LEAK,949495670.585268,0.739747,-0.011252
47,2020-W48,1,0,ACC_Accounts_Payable,237151170.831207,0.184763,0.820499
47,2020-W48,1,1,ACC_Inventory,237151170.831207,0.184763,0.027168
47,2020-W48,1,2,ACC_Cash,237151170.831207,0.184763,-0.119696
47,2020-W48,1,3,ACC_Travel_Exp,237151170.831207,0.184763,0.024011
47,2020-W48,1,4,ACC_COGS,237151170.831207,0.184763,-0.017535
47,2020-W48,1,5,ACC_Sales_Revenue,237151170.831207,0.184763,0.104182
47,2020-W48,1,6,ACC_Accounts_Receivable,237151170.831207,0.184763,-0.387294
47,2020-W48,1,7,ACC_Payroll_Exp,237151170.831207,0.184763,-0.381883
47,2020-W48,1,8,ACC_Rent_Exp,237151170.831207,0.184763,-0.06418
47,2020-W48,1,9,UNKNOWN_LEAK,237151170.831207,0.184763,-0.005272
47,2020-W48,2,0,ACC_Accounts_Payable,80709527.304422,0.06288,0.04974
47,2020-W48,2,1,ACC_Inventory,80709527.304422,0.06288,0.047477
47,2020-W48,2,2,ACC_Cash,80709527.304422,0.06288,0.012363
47,2020-W48,2,3,ACC_Travel_Exp,80709527.304422,0.06288,0.049368
47,2020-W48,2,4,ACC_COGS,80709527.304422,0.06288,0.034215
47,2020-W48,2,5,ACC_Sales_Revenue,80709527.304422,0.06288,-0.089939
47,2020-W48,2,6,ACC_Accounts_Receivable,80709527.304422,0.06288,0.739132
47,2020-W48,2,7,ACC_Payroll_Exp,80709527.304422,0.06288,-0.63564
47,2020-W48,2,8,ACC_Rent_Exp,80709527.304422,0.06288,-0.179849
47,2020-W48,2,9,UNKNOWN_LEAK,80709527.304422,0.06288,-0.026868
48,2020-W49,0,0,ACC_Accounts_Payable,1118243779.210519,0.763963,-0.210082
48,2020-W49,0,1,ACC_Inventory,1118243779.210519,0.763963,0.039152
48,2020-W49,0,2,ACC_Cash,1118243779.210519,0.763963,0.87105
48,2020-W49,0,3,ACC_Travel_Exp,1118243779.210519,0.763963,-0.02221
48,2020-W49,0,4,ACC_COGS,1118243779.210519,0.763963,-0.014188
48,2020-W49,0,5,ACC_Sales_Revenue,1118243779.210519,0.763963,0.042305
48,2020-W49,0,6,ACC_Accounts_Receivable,1118243779.210519,0.763963,-0.253272
48,2020-W49,0,7,ACC_Payroll_Exp,1118243779.210519,0.763963,-0.34464
48,2020-W49,0,8,ACC_Rent_Exp,1118243779.210519,0.763963,-0.100711
48,2020-W49,0,9,UNKNOWN_LEAK,1118243779.210519,0.763963,-0.007404
48,2020-W49,1,0,ACC_Accounts_Payable,239028321.068419,0.1633,0.806368
48,2020-W49,1,1,ACC_Inventory,239028321.068419,0.1633,0.020517
48,2020-W49,1,2,ACC_Cash,239028321.068419,0.1633,-0.086952
48,2020-W49,1,3,ACC_Travel_Exp,239028321.068419,0.1633,0.021297
48,2020-W49,1,4,ACC_COGS,239028321.068419,0.1633,-0.035946
48,2020-W49,1,5,ACC_Sales_Revenue,239028321.068419,0.1633,0.129767
48,2020-W49,1,6,ACC_Accounts_Receivable,239028321.068419,0.1633,-0.443825
48,2020-W49,1,7,ACC_Payroll_Exp,239028321.068419,0.1633,-0.351327
48,2020-W49,1,8,ACC_Rent_Exp,239028321.068419,0.1633,-0.052305
48,2020-W49,1,9,UNKNOWN_LEAK,239028321.068419,0.1633,-0.007594
48,2020-W49,2,0,ACC_Accounts_Payable,89509865.702202,0.061151,0.108526
48,2020-W49,2,1,ACC_Inventory,89509865.702202,0.061151,0.071037
48,2020-W49,2,2,ACC_Cash,89509865.702202,0.061151,-0.04135
48,2020-W49,2,3,ACC_Travel_Exp,89509865.702202,0.061151,0.057601
48,2020-W49,2,4,ACC_COGS,89509865.702202,0.061151,0.053288
48,2020-W49,2,5,ACC_Sales_Revenue,89509865.702202,0.061151,-0.112494
48,2020-W49,2,6,ACC_Accounts_Receivable,89509865.702202,0.061151,0.710843
48,2020-W49,2,7,ACC_Payroll_Exp,89509865.702202,0.061151,-0.650093
48,2020-W49,2,8,ACC_Rent_Exp,89509865.702202,0.061151,-0.186029
48,2020-W49,2,9,UNKNOWN_LEAK,89509865.702202,0.061151,-0.011327
49,2020-W50,0,0,ACC_Accounts_Payable,1287137242.994749,0.800959,-0.32652
49,2020-W50,0,1,ACC_Inventory,1287137242.994749,0.800959,0.045644
49,2020-W50,0,2,ACC_Cash,1287137242.994749,0.800959,0.868159
49,2020-W50,0,3,ACC_Travel_Exp,1287137242.994749,0.800959,-0.020314
49,2020-W50,0,4,ACC_COGS,1287137242.994749,0.800959,-0.010809
49,2020-W50,0,5,ACC_Sales_Revenue,1287137242.994749,0.800959,0.035234
49,2020-W50,0,6,ACC_Accounts_Receivable,1287137242.994749,0.800959,-0.215094
49,2020-W50,0,7,ACC_Payroll_Exp,1287137242.994749,0.800959,-0.286894
49,2020-W50,0,8,ACC_Rent_Exp,1287137242.994749,0.800959,-0.085075
49,2020-W50,0,9,UNKNOWN_LEAK,1287137242.994749,0.800959,-0.004331
49,2020-W50,1,0,ACC_Accounts_Payable,260452692.666391,0.162074,0.781119
49,2020-W50,1,1,ACC_Inventory,260452692.666391,0.162074,0.025952
49,2020-W50,1,2,ACC_Cash,260452692.666391,0.162074,0.039959
49,2020-W50,1,3,ACC_Travel_Exp,260452692.666391,0.162074,0.021499
49,2020-W50,1,4,ACC_COGS,260452692.666391,0.162074,-0.02086
49,2020-W50,1,5,ACC_Sales_Revenue,260452692.666391,0.162074,0.066447
49,2020-W50,1,6,ACC_Accounts_Receivable,260452692.666391,0.162074,-0.195446
49,2020-W50,1,7,ACC_Payroll_Exp,260452692.666391,0.162074,-0.572911
49,2020-W50,1,8,ACC_Rent_Exp,260452692.666391,0.162074,-0.123975
49,2020-W50,1,9,UNKNOWN_LEAK,260452692.666391,0.162074,-0.021783
49,2020-W50,2,0,ACC_Accounts_Payable,40908283.270994,0.025456,0.135181
49,2020-W50,2,1,ACC_Inventory,40908283.270994,0.025456,0.023356
49,2020-W50,2,2,ACC_Cash,40908283.270994,0.025456,0.002873
49,2020-W50,2,3,ACC_Travel_Exp,40908283.270994,0.025456,-0.028214
49,2020-W50,2,4,ACC_COGS,40908283.270994,0.025456,-0.097036
49,2020-W50,2,5,ACC_Sales_Revenue,40908283.270994,0.025456,0.159444
49,2020-W50,2,6,ACC_Accounts_Receivable,40908283.270994,0.025456,-0.835233
49,2020-W50,2,7,ACC_Payroll_Exp,40908283.270994,0.025456,0.444231
49,2020-W50,2,8,ACC_Rent_Exp,40908283.270994,0.025456,0.223183
49,2020-W50,2,9,UNKNOWN_LEAK,40908283.270994,0.025456,-0.027786
50,2020-W51,0,0,ACC_Accounts_Payable,1237538649.266253,0.834221,-0.426475
50,2020-W51,0,1,ACC_Inventory,1237538649.266253,0.834221,0.032678
50,2020-W51,0,2,ACC_Cash,1237538649.266253,0.834221,0.857139
50,2020-W51,0,3,ACC_Travel_Exp,1237538649.266253,0.834221,-0.017794
50,2020-W51,0,4,ACC_COGS,1237538649.266253,0.834221,-0.001874
50,2020-W51,0,5,ACC_Sales_Revenue,1237538649.266253,0.834221,0.015885
50,2020-W51,0,6,ACC_Accounts_Receivable,1237538649.266253,0.834221,-0.153766
50,2020-W51,0,7,ACC_Payroll_Exp,1237538649.266253,0.834221,-0.228716
50,2020-W51,0,8,ACC_Rent_Exp,1237538649.266253,0.834221,-0.076392
50,2020-W51,0,9,UNKNOWN_LEAK,1237538649.266253,0.834221,-0.000683
50,2020-W51,1,0,ACC_Accounts_Payable,196524919.025053,0.132477,0.691271
50,2020-W51,1,1,ACC_Inventory,196524919.025053,0.132477,0.075747
50,2020-W51,1,2,ACC_Cash,196524919.025053,0.132477,0.129774
50,2020-W51,1,3,ACC_Travel_Exp,196524919.025053,0.132477,0.015109
50,2020-W51,1,4,ACC_COGS,196524919.025053,0.132477,-0.043965
50,2020-W51,1,5,ACC_Sales_Revenue,196524919.025053,0.132477,0.093386
50,2020-W51,1,6,ACC_Accounts_Receivable,196524919.025053,0.132477,-0.082915
50,2020-W51,1,7,ACC_Payroll_Exp,196524919.025053,0.132477,-0.668627
50,2020-W51,1,8,ACC_Rent_Exp,196524919.025053,0.132477,-0.184713
50,2020-W51,1,9,UNKNOWN_LEAK,196524919.025053,0.132477,-0.025066
50,2020-W51,2,0,ACC_Accounts_Payable,31527526.209381,0.021253,-0.097054
50,2020-W51,2,1,ACC_Inventory,31527526.209381,0.021253,-0.266951
50,2020-W51,2,2,ACC_Cash,31527526.209381,0.021253,0.02744
50,2020-W51,2,3,ACC_Travel_Exp,31527526.209381,0.021253,0.051236
50,2020-W51,2,4,ACC_COGS,31527526.209381,0.021253,0.263794
50,2020-W51,2,5,ACC_Sales_Revenue,31527526.209381,0.021253,-0.420824
50,2020-W51,2,6,ACC_Accounts_Receivable,31527526.209381,0.021253,0.763648
50,2020-W51,2,7,ACC_Payroll_Exp,31527526.209381,0.021253,-0.266807
50,2020-W51,2,8,ACC_Rent_Exp,31527526.209381,0.021253,-0.109187
50,2020-W51,2,9,UNKNOWN_LEAK,31527526.209381,0.021253,0.054706
51,2020-W52,0,0,ACC_Accounts_Payable,1244379647.913033,0.848928,-0.433313
51,2020-W52,0,1,ACC_Inventory,1244379647.913033,0.848928,0.029089
51,2020-W52,0,2,ACC_Cash,1244379647.913033,0.848928,0.856315
51,2020-W52,0,3,ACC_Travel_Exp,1244379647.913033,0.848928,-0.018553
51,2020-W52,0,4,ACC_COGS,1244379647.913033,0.848928,0.002729
51,2020-W52,0,5,ACC_Sales_Revenue,1244379647.913033,0.848928,0.007018
51,2020-W52,0,6,ACC_Accounts_Receivable,1244379647.913033,0.848928,-0.140325
51,2020-W52,0,7,ACC_Payroll_Exp,1244379647.913033,0.848928,-0.228859
51,2020-W52,0,8,ACC_Rent_Exp,1244379647.913033,0.848928,-0.075156
51,2020-W52,0,9,UNKNOWN_LEAK,1244379647.913033,0.848928,0.001056
51,2020-W52,1,0,ACC_Accounts_Payable,152174713.026686,0.103815,0.663168
51,2020-W52,1,1,ACC_Inventory,152174713.026686,0.103815,0.047361
51,2020-W52,1,2,ACC_Cash,152174713.026686,0.103815,0.140198
51,2020-W52,1,3,ACC_Travel_Exp,152174713.026686,0.103815,0.003583
51,2020-W52,1,4,ACC_COGS,152174713.026686,0.103815,0.022745
51,2020-W52,1,5,ACC_Sales_Revenue,152174713.026686,0.103815,-0.040002
51,2020-W52,1,6,ACC_Accounts_Receivable,152174713.026686,0.103815,0.066667
51,2020-W52,1,7,ACC_Payroll_Exp,152174713.026686,0.103815,-0.699552
51,2020-W52,1,8,ACC_Rent_Exp,152174713.026686,0.103815,-0.20581
51,2020-W52,1,9,UNKNOWN_LEAK,152174713.026686,0.103815,0.001642
51,2020-W52,2,0,ACC_Accounts_Payable,54227353.684235,0.036994,0.271795
51,2020-W52,2,1,ACC_Inventory,54227353.684235,0.036994,0.280031
51,2020-W52,2,2,ACC_Cash,54227353.684235,0.036994,0.04284
51,2020-W52,2,3,ACC_Travel_Exp,54227353.684235,0.036994,-0.030698
51,2020-W52,2,4,ACC_COGS,54227353.684235,0.036994,-0.219953
51,2020-W52,2,5,ACC_Sales_Revenue,54227353.684235,0.036994,0.345197
51,2020-W52,2,6,ACC_Accounts_Receivable,54227353.684235,0.036994,-0.797929
51,2020-W52,2,7,ACC_Payroll_Exp,54227353.684235,0.036994,0.192648
51,2020-W52,2,8,ACC_Rent_Exp,54227353.684235,0.036994,-0.03619
51,2020-W52,2,9,UNKNOWN_LEAK,54227353.684235,0.036994,-0.047742
