Transaction_ID,Timestamp,Stock_ID,Buyer_ID,Seller_ID,Price,Volume,Transaction_Amount,Memo
M_000001,2020-01-03T11:23:50,STK_004,USR_003,USR_009,1880.80,242,455153.60,Normal
M_000003,2020-01-04T14:00:15,STK_005,USR_005,USR_003,3949.39,75,296204.25,Normal
M_000002,2020-01-04T14:09:51,STK_003,USR_004,USR_007,2128.67,132,280984.44,Normal
M_000004,2020-01-05T12:00:27,STK_001,USR_008,USR_003,3450.22,44,151809.68,Normal
M_000005,2020-01-06T09:59:40,STK_001,USR_008,USR_003,3425.71,136,465896.56,Normal
M_000006,2020-01-07T13:08:29,STK_004,USR_003,USR_006,1818.29,209,380022.61,Normal
M_000008,2020-01-08T11:08:27,STK_002,USR_005,USR_003,1103.08,44,48535.52,Normal
M_000007,2020-01-08T13:50:03,STK_005,USR_007,USR_004,3996.19,267,1066982.73,Normal
M_000009,2020-01-09T09:39:37,STK_003,USR_005,USR_004,2067.66,171,353569.86,Normal
M_000010,2020-01-09T13:36:16,STK_005,USR_007,USR_003,4040.30,38,153531.40,Normal
M_000011,2020-01-09T15:18:00,STK_003,USR_004,USR_003,2050.82,1756,3601239.92,MM_Balance
M_000012,2020-01-10T15:21:00,STK_003,USR_003,USR_004,2057.61,2469,5080239.09,MM_Balance
M_000013,2020-01-10T15:40:00,STK_003,USR_004,USR_003,2057.61,2407,4952667.27,MM_Balance
M_000015,2020-01-11T10:20:52,STK_002,USR_006,USR_003,1092.63,199,217433.37,Normal
M_000014,2020-01-11T14:01:17,STK_002,USR_005,USR_004,1085.29,37,40155.73,Normal
M_000016,2020-01-13T13:11:23,STK_004,USR_006,USR_003,1853.28,112,207567.36,Normal
M_000017,2020-01-15T11:44:21,STK_004,USR_006,USR_004,1863.05,99,184441.95,Normal
M_000018,2020-01-20T13:00:00,STK_003,USR_004,USR_002,1654.13,45564,75368779.32,Panic_Dump_Whale
M_000019,2020-01-20T13:00:07,STK_003,USR_003,USR_005,1444.44,615,888330.60,Panic_Dump_Retail
M_000020,2020-01-20T13:00:15,STK_003,USR_003,USR_006,1419.79,227,322292.33,Panic_Dump_Retail
M_000021,2020-01-20T13:00:22,STK_003,USR_003,USR_007,1531.85,14,21445.90,Panic_Dump_Retail
M_000022,2020-01-20T13:00:29,STK_003,USR_003,USR_010,1344.13,801,1076648.13,Panic_Dump_Retail
M_000023,2020-01-21T15:47:00,STK_003,USR_003,USR_004,1592.58,1039,1654690.62,MM_Balance
M_000024,2020-01-22T10:02:28,STK_002,USR_003,USR_005,1083.03,74,80144.22,Normal
M_000025,2020-01-22T15:52:00,STK_003,USR_003,USR_004,1576.81,2592,4087091.52,MM_Balance
M_000027,2020-01-23T09:57:38,STK_003,USR_005,USR_003,1540.42,225,346594.50,Normal
M_000026,2020-01-23T12:09:37,STK_003,USR_008,USR_003,1547.62,1,1547.62,Normal
M_000028,2020-01-23T15:57:00,STK_003,USR_003,USR_004,1560.06,2301,3589698.06,MM_Balance
M_000029,2020-01-24T15:39:00,STK_003,USR_003,USR_004,1540.86,2167,3339043.62,MM_Balance
M_000030,2020-01-25T13:26:49,STK_002,USR_005,USR_003,1092.55,133,145309.15,Normal
M_000031,2020-01-25T15:45:00,STK_003,USR_004,USR_003,1544.86,2322,3587164.92,MM_Balance
M_000032,2020-01-25T15:50:00,STK_003,USR_003,USR_004,1544.86,1917,2961496.62,MM_Balance
M_000033,2020-01-26T15:13:00,STK_003,USR_004,USR_003,1548.73,1392,2155832.16,MM_Balance
M_000034,2020-01-26T15:46:00,STK_003,USR_003,USR_004,1548.73,1566,2425311.18,MM_Balance
M_000035,2020-01-27T10:08:57,STK_001,USR_003,USR_006,3322.37,293,973454.41,Normal
M_000036,2020-01-27T10:40:41,STK_003,USR_004,USR_001,1378.38,10374,14299314.12,Normal
M_000037,2020-01-27T15:52:00,STK_003,USR_003,USR_004,1577.63,1233,1945217.79,MM_Balance
M_000039,2020-01-28T09:44:20,STK_001,USR_003,USR_009,3353.52,118,395715.36,Normal
M_000038,2020-01-28T13:01:47,STK_004,USR_003,USR_008,1950.48,277,540282.96,Normal
M_000040,2020-01-28T15:00:00,STK_003,USR_004,USR_003,1564.68,1243,1944897.24,MM_Balance
M_000041,2020-01-28T15:44:00,STK_003,USR_003,USR_004,1564.68,1922,3007314.96,MM_Balance
M_000042,2020-01-29T15:09:00,STK_003,USR_004,USR_003,1550.76,1939,3006923.64,MM_Balance
M_000043,2020-01-29T15:10:00,STK_003,USR_003,USR_004,1550.76,1122,1739952.72,MM_Balance
M_000044,2020-01-30T09:14:07,STK_001,USR_005,USR_004,3338.56,143,477414.08,Normal
M_000045,2020-01-30T10:35:40,STK_005,USR_009,USR_003,3945.26,147,579953.22,Normal
M_000047,2020-01-30T15:05:00,STK_003,USR_003,USR_004,1563.59,2984,4665752.56,MM_Balance
M_000046,2020-01-30T15:27:00,STK_003,USR_004,USR_003,1563.59,1418,2217170.62,MM_Balance
M_000048,2020-01-31T15:32:00,STK_003,USR_004,USR_003,1546.84,2771,4286293.64,MM_Balance
M_000049,2020-01-31T15:55:00,STK_003,USR_003,USR_004,1546.84,2346,3628886.64,MM_Balance
M_000050,2020-02-01T09:07:28,STK_005,USR_003,USR_007,3854.28,91,350739.48,Normal
M_000052,2020-02-01T15:07:00,STK_003,USR_003,USR_004,1545.72,1945,3006425.40,MM_Balance
M_000051,2020-02-01T15:53:00,STK_003,USR_004,USR_003,1545.72,1460,2256751.20,MM_Balance
M_000054,2020-02-02T15:00:00,STK_003,USR_003,USR_004,1526.46,2680,4090912.80,MM_Balance
M_000053,2020-02-02T15:59:00,STK_003,USR_004,USR_003,1526.46,1696,2588876.16,MM_Balance
M_000055,2020-02-03T15:20:00,STK_003,USR_004,USR_003,1527.35,1089,1663284.15,MM_Balance
M_000056,2020-02-03T15:58:00,STK_003,USR_003,USR_004,1527.35,2444,3732843.40,MM_Balance
M_000058,2020-02-04T11:59:26,STK_003,USR_008,USR_004,1325.17,213,282261.21,Normal
M_000057,2020-02-04T14:57:35,STK_004,USR_003,USR_009,1879.77,83,156020.91,Normal
M_000060,2020-02-04T15:04:00,STK_003,USR_003,USR_004,1543.44,2264,3494348.16,MM_Balance
M_000059,2020-02-04T15:34:00,STK_003,USR_004,USR_003,1543.44,2786,4300023.84,MM_Balance
M_000061,2020-02-05T10:19:30,STK_001,USR_004,USR_006,3426.64,193,661341.52,Normal
M_000062,2020-02-05T15:39:00,STK_003,USR_004,USR_003,1552.26,1161,1802173.86,MM_Balance
M_000063,2020-02-05T15:43:00,STK_003,USR_003,USR_004,1552.26,2269,3522077.94,MM_Balance
M_000064,2020-02-06T13:09:29,STK_003,USR_010,USR_004,1325.40,227,300865.80,Normal
M_000065,2020-02-06T15:15:00,STK_003,USR_004,USR_003,1540.26,1218,1876036.68,MM_Balance
M_000066,2020-02-06T15:22:00,STK_003,USR_003,USR_004,1540.26,2171,3343904.46,MM_Balance
M_000068,2020-02-07T15:06:00,STK_003,USR_003,USR_004,1550.83,2286,3545197.38,MM_Balance
M_000067,2020-02-07T15:16:00,STK_003,USR_004,USR_003,1550.83,2271,3521934.93,MM_Balance
M_000069,2020-02-08T15:10:00,STK_003,USR_004,USR_003,1534.12,2700,4142124.00,MM_Balance
M_000070,2020-02-08T15:52:00,STK_003,USR_003,USR_004,1534.12,2871,4404458.52,MM_Balance
M_000071,2020-02-09T13:08:22,STK_004,USR_007,USR_003,1840.54,145,266878.30,Normal
M_000073,2020-02-09T15:24:00,STK_003,USR_003,USR_004,1534.82,2197,3371999.54,MM_Balance
M_000072,2020-02-09T15:47:00,STK_003,USR_004,USR_003,1534.82,2377,3648267.14,MM_Balance
M_000075,2020-02-10T10:24:23,STK_004,USR_004,USR_010,1848.38,286,528636.68,Normal
M_000074,2020-02-10T13:53:34,STK_004,USR_003,USR_006,1856.64,59,109541.76,Normal
M_000076,2020-02-10T15:26:00,STK_003,USR_004,USR_003,1524.66,2260,3445731.60,MM_Balance
M_000077,2020-02-10T15:44:00,STK_003,USR_003,USR_004,1524.66,1067,1626812.22,MM_Balance
M_000078,2020-02-11T13:08:20,STK_003,USR_007,USR_003,1454.18,72,104700.96,Normal
M_000079,2020-02-11T15:13:00,STK_003,USR_004,USR_003,1517.42,2200,3338324.00,MM_Balance
M_000080,2020-02-11T15:49:00,STK_003,USR_003,USR_004,1517.42,1672,2537126.24,MM_Balance
M_000081,2020-02-12T09:08:37,STK_001,USR_006,USR_004,3428.05,131,449074.55,Normal
M_000082,2020-02-12T12:17:43,STK_004,USR_003,USR_009,1811.73,42,76092.66,Normal
M_000084,2020-02-12T15:41:00,STK_003,USR_003,USR_004,1533.08,1938,2971109.04,MM_Balance
M_000083,2020-02-12T15:50:00,STK_003,USR_004,USR_003,1533.08,2489,3815836.12,MM_Balance
M_000085,2020-02-13T11:30:11,STK_001,USR_004,USR_007,3429.03,85,291467.55,Normal
M_000087,2020-02-13T15:41:00,STK_003,USR_003,USR_004,1518.87,2746,4170817.02,MM_Balance
M_000086,2020-02-13T15:50:00,STK_003,USR_004,USR_003,1518.87,1203,1827200.61,MM_Balance
M_000088,2020-02-14T15:05:00,STK_003,USR_004,USR_003,1543.67,2703,4172540.01,MM_Balance
M_000089,2020-02-14T15:06:00,STK_003,USR_003,USR_004,1543.67,1884,2908274.28,MM_Balance
M_000090,2020-02-15T15:32:00,STK_003,USR_004,USR_003,1521.50,2183,3321434.50,MM_Balance
M_000091,2020-02-15T15:42:00,STK_003,USR_003,USR_004,1521.50,1316,2002294.00,MM_Balance
M_000092,2020-02-16T15:00:00,STK_003,USR_004,USR_003,1524.53,1718,2619142.54,MM_Balance
M_000093,2020-02-16T15:09:00,STK_003,USR_003,USR_004,1524.53,2781,4239717.93,MM_Balance
M_000095,2020-02-17T15:05:00,STK_003,USR_003,USR_004,1548.71,2380,3685929.80,MM_Balance
M_000094,2020-02-17T15:48:00,STK_003,USR_004,USR_003,1548.71,1322,2047394.62,MM_Balance
M_000096,2020-02-18T09:24:48,STK_005,USR_009,USR_004,3871.64,279,1080187.56,Normal
M_000097,2020-02-18T11:19:32,STK_002,USR_008,USR_004,1180.99,118,139356.82,Normal
M_000098,2020-02-18T13:50:51,STK_004,USR_004,USR_007,1767.34,99,174966.66,Normal
M_000100,2020-02-18T15:01:00,STK_003,USR_003,USR_004,1557.82,1893,2948953.26,MM_Balance
M_000099,2020-02-18T15:25:00,STK_003,USR_004,USR_003,1557.82,1147,1786819.54,MM_Balance
M_000101,2020-02-19T15:06:00,STK_003,USR_004,USR_003,1547.03,2729,4221844.87,MM_Balance
M_000102,2020-02-19T15:37:00,STK_003,USR_003,USR_004,1547.03,1892,2926980.76,MM_Balance
M_000104,2020-02-20T15:48:00,STK_003,USR_003,USR_004,1534.20,1950,2991690.00,MM_Balance
M_000103,2020-02-20T15:49:00,STK_003,USR_004,USR_003,1534.20,2948,4522821.60,MM_Balance
M_000106,2020-02-21T09:22:24,STK_001,USR_009,USR_004,3401.79,133,452438.07,Normal
M_000105,2020-02-21T11:36:46,STK_004,USR_004,USR_010,1783.68,29,51726.72,Normal
M_000108,2020-02-21T15:09:00,STK_003,USR_003,USR_004,1525.13,2026,3089913.38,MM_Balance
M_000107,2020-02-21T15:38:00,STK_003,USR_004,USR_003,1525.13,1658,2528665.54,MM_Balance
M_000110,2020-02-22T15:21:00,STK_003,USR_003,USR_004,1545.04,1134,1752075.36,MM_Balance
M_000109,2020-02-22T15:40:00,STK_003,USR_004,USR_003,1545.04,2616,4041824.64,MM_Balance
M_000112,2020-02-23T15:08:00,STK_003,USR_003,USR_004,1543.03,2665,4112174.95,MM_Balance
M_000111,2020-02-23T15:24:00,STK_003,USR_004,USR_003,1543.03,2144,3308256.32,MM_Balance
M_000114,2020-02-24T15:21:00,STK_003,USR_003,USR_004,1527.50,2355,3597262.50,MM_Balance
M_000113,2020-02-24T15:49:00,STK_003,USR_004,USR_003,1527.50,2039,3114572.50,MM_Balance
M_000115,2020-02-25T15:51:00,STK_003,USR_004,USR_003,1537.10,1633,2510084.30,MM_Balance
M_000116,2020-02-25T15:53:00,STK_003,USR_003,USR_004,1537.10,2851,4382272.10,MM_Balance
M_000119,2020-02-26T12:10:55,STK_004,USR_006,USR_003,1770.90,123,217820.70,Normal
M_000118,2020-02-26T13:40:21,STK_001,USR_003,USR_005,3418.48,149,509353.52,Normal
M_000117,2020-02-26T14:02:51,STK_003,USR_008,USR_003,1481.74,80,118539.20,Normal
M_000121,2020-02-26T15:24:00,STK_003,USR_003,USR_004,1552.09,1482,2300197.38,MM_Balance
M_000120,2020-02-26T15:25:00,STK_003,USR_004,USR_003,1552.09,1109,1721267.81,MM_Balance
M_000122,2020-02-27T10:21:39,STK_001,USR_003,USR_005,3387.45,141,477630.45,Normal
M_000124,2020-02-27T15:19:00,STK_003,USR_003,USR_004,1555.89,1486,2312052.54,MM_Balance
M_000123,2020-02-27T15:49:00,STK_003,USR_004,USR_003,1555.89,1227,1909077.03,MM_Balance
M_000125,2020-02-28T09:46:45,STK_003,USR_003,USR_005,1477.15,223,329404.45,Normal
M_000127,2020-02-28T15:40:00,STK_003,USR_003,USR_004,1544.71,1089,1682189.19,MM_Balance
M_000126,2020-02-28T15:55:00,STK_003,USR_004,USR_003,1544.71,1799,2778933.29,MM_Balance
M_000129,2020-02-29T15:08:00,STK_003,USR_003,USR_004,1544.42,2661,4109701.62,MM_Balance
M_000128,2020-02-29T15:30:00,STK_003,USR_004,USR_003,1544.42,2424,3743674.08,MM_Balance
M_000130,2020-03-01T09:26:06,STK_002,USR_005,USR_004,1235.42,192,237200.64,Normal
M_000131,2020-03-01T15:23:00,STK_003,USR_004,USR_003,1531.64,2637,4038934.68,MM_Balance
M_000132,2020-03-01T15:25:00,STK_003,USR_003,USR_004,1531.64,2821,4320756.44,MM_Balance
M_000133,2020-03-02T12:52:42,STK_003,USR_004,USR_007,1315.97,72,94749.84,Normal
M_000134,2020-03-02T15:27:00,STK_003,USR_004,USR_003,1525.50,2259,3446104.50,MM_Balance
M_000135,2020-03-02T15:50:00,STK_003,USR_003,USR_004,1525.50,2309,3522379.50,MM_Balance
M_000136,2020-03-03T09:41:59,STK_002,USR_004,USR_006,1253.40,199,249426.60,Normal
M_000138,2020-03-03T15:33:00,STK_003,USR_003,USR_004,1547.64,2022,3129328.08,MM_Balance
M_000137,2020-03-03T15:47:00,STK_003,USR_004,USR_003,1547.64,1053,1629664.92,MM_Balance
M_000139,2020-03-04T11:54:32,STK_002,USR_006,USR_004,1272.33,54,68705.82,Normal
M_000140,2020-03-04T15:19:00,STK_003,USR_004,USR_003,1535.13,2825,4336742.25,MM_Balance
M_000141,2020-03-04T15:45:00,STK_003,USR_003,USR_004,1535.13,2457,3771814.41,MM_Balance
M_000143,2020-03-05T13:21:24,STK_001,USR_003,USR_009,3353.03,168,563309.04,Normal
M_000142,2020-03-05T14:01:16,STK_005,USR_005,USR_004,4136.18,249,1029908.82,Normal
M_000145,2020-03-05T15:08:00,STK_003,USR_003,USR_004,1537.44,2572,3954295.68,MM_Balance
M_000144,2020-03-05T15:53:00,STK_003,USR_004,USR_003,1537.44,2798,4301757.12,MM_Balance
M_000146,2020-03-06T14:35:33,STK_002,USR_009,USR_004,1247.26,74,92297.24,Normal
M_000147,2020-03-06T15:37:00,STK_003,USR_004,USR_003,1565.59,2212,3463085.08,MM_Balance
M_000148,2020-03-06T15:42:00,STK_003,USR_003,USR_004,1565.59,1350,2113546.50,MM_Balance
M_000149,2020-03-07T12:41:46,STK_005,USR_004,USR_009,4087.77,164,670394.28,Normal
M_000150,2020-03-07T15:03:00,STK_003,USR_004,USR_003,1584.97,2410,3819777.70,MM_Balance
M_000151,2020-03-07T15:26:00,STK_003,USR_003,USR_004,1584.97,1900,3011443.00,MM_Balance
M_000152,2020-03-08T11:38:29,STK_004,USR_003,USR_009,1738.18,82,142530.76,Normal
M_000153,2020-03-08T15:20:00,STK_003,USR_004,USR_003,1594.84,2666,4251843.44,MM_Balance
M_000154,2020-03-08T15:48:00,STK_003,USR_003,USR_004,1594.84,1388,2213637.92,MM_Balance
M_000155,2020-03-09T09:58:42,STK_004,USR_009,USR_004,1700.91,156,265341.96,Normal
M_000156,2020-03-09T15:02:00,STK_003,USR_004,USR_003,1576.91,1749,2758015.59,MM_Balance
M_000157,2020-03-09T15:36:00,STK_003,USR_003,USR_004,1576.91,1104,1740908.64,MM_Balance
M_000158,2020-03-10T15:02:00,STK_003,USR_004,USR_003,1578.73,2024,3195349.52,MM_Balance
M_000159,2020-03-10T15:08:00,STK_003,USR_003,USR_004,1578.73,1079,1703449.67,MM_Balance
M_000161,2020-03-11T15:21:00,STK_003,USR_003,USR_004,1594.07,1754,2795998.78,MM_Balance
M_000160,2020-03-11T15:52:00,STK_003,USR_004,USR_003,1594.07,1972,3143506.04,MM_Balance
M_000162,2020-03-12T13:00:51,STK_002,USR_003,USR_009,1279.20,66,84427.20,Normal
M_000164,2020-03-12T15:32:00,STK_003,USR_003,USR_004,1610.94,1840,2964129.60,MM_Balance
M_000163,2020-03-12T15:44:00,STK_003,USR_004,USR_003,1610.94,1845,2972184.30,MM_Balance
M_000166,2020-03-13T15:15:00,STK_003,USR_003,USR_004,1635.14,2960,4840014.40,MM_Balance
M_000165,2020-03-13T15:30:00,STK_003,USR_004,USR_003,1635.14,2249,3677429.86,MM_Balance
M_000168,2020-03-14T15:02:00,STK_003,USR_003,USR_004,1634.24,1594,2604978.56,MM_Balance
M_000167,2020-03-14T15:49:00,STK_003,USR_004,USR_003,1634.24,2955,4829179.20,MM_Balance
M_000169,2020-03-15T13:50:01,STK_005,USR_003,USR_005,4229.21,134,566714.14,Normal
M_000170,2020-03-15T15:35:00,STK_003,USR_004,USR_003,1612.92,1010,1629049.20,MM_Balance
M_000171,2020-03-15T15:41:00,STK_003,USR_003,USR_004,1612.92,1833,2956482.36,MM_Balance
M_000173,2020-03-16T15:25:00,STK_003,USR_003,USR_004,1628.32,2712,4416003.84,MM_Balance
M_000172,2020-03-16T15:58:00,STK_003,USR_004,USR_003,1628.32,2912,4741667.84,MM_Balance
M_000174,2020-03-17T10:01:31,STK_005,USR_004,USR_005,4210.76,149,627403.24,Normal
M_000176,2020-03-17T15:18:00,STK_003,USR_003,USR_004,1626.58,2619,4260013.02,MM_Balance
M_000175,2020-03-17T15:47:00,STK_003,USR_004,USR_003,1626.58,1028,1672124.24,MM_Balance
M_000178,2020-03-18T15:15:00,STK_003,USR_003,USR_004,1615.20,2418,3905553.60,MM_Balance
M_000177,2020-03-18T15:41:00,STK_003,USR_004,USR_003,1615.20,1535,2479332.00,MM_Balance
M_000180,2020-03-19T15:34:00,STK_003,USR_003,USR_004,1606.63,2551,4098513.13,MM_Balance
M_000179,2020-03-19T15:44:00,STK_003,USR_004,USR_003,1606.63,1851,2973872.13,MM_Balance
M_000181,2020-03-20T13:36:03,STK_005,USR_009,USR_003,4211.03,41,172652.23,Normal
M_000183,2020-03-20T15:03:00,STK_003,USR_003,USR_004,1628.59,2656,4325535.04,MM_Balance
M_000182,2020-03-20T15:57:00,STK_003,USR_004,USR_003,1628.59,1186,1931507.74,MM_Balance
M_000185,2020-03-21T15:41:00,STK_003,USR_003,USR_004,1646.82,2568,4229033.76,MM_Balance
M_000184,2020-03-21T15:49:00,STK_003,USR_004,USR_003,1646.82,1368,2252849.76,MM_Balance
M_000186,2020-03-22T15:00:00,STK_003,USR_004,USR_003,1623.40,2709,4397790.60,MM_Balance
M_000187,2020-03-22T15:29:00,STK_003,USR_003,USR_004,1623.40,1611,2615297.40,MM_Balance
M_000188,2020-03-23T09:55:06,STK_004,USR_003,USR_006,1726.49,133,229623.17,Normal
M_000189,2020-03-23T15:02:00,STK_003,USR_004,USR_003,1623.27,2516,4084147.32,MM_Balance
M_000190,2020-03-23T15:14:00,STK_003,USR_003,USR_004,1623.27,1898,3080966.46,MM_Balance
M_000191,2020-03-24T15:35:00,STK_003,USR_004,USR_003,1606.44,1124,1805638.56,MM_Balance
M_000192,2020-03-24T15:43:00,STK_003,USR_003,USR_004,1606.44,2282,3665896.08,MM_Balance
M_000193,2020-03-25T12:47:28,STK_004,USR_003,USR_008,1699.07,196,333017.72,Normal
M_000194,2020-03-25T15:15:00,STK_003,USR_004,USR_003,1637.11,1795,2938612.45,MM_Balance
M_000195,2020-03-25T15:21:00,STK_003,USR_003,USR_004,1637.11,1416,2318147.76,MM_Balance
M_000196,2020-03-26T15:58:00,STK_003,USR_004,USR_003,1622.96,1620,2629195.20,MM_Balance
M_000197,2020-03-26T15:59:00,STK_003,USR_003,USR_004,1622.96,1433,2325701.68,MM_Balance
M_000198,2020-03-27T15:46:00,STK_003,USR_004,USR_003,1619.09,2644,4280873.96,MM_Balance
M_000199,2020-03-27T15:53:00,STK_003,USR_003,USR_004,1619.09,2559,4143251.31,MM_Balance
M_000200,2020-03-28T12:00:09,STK_005,USR_004,USR_009,4056.42,161,653083.62,Normal
M_000202,2020-03-28T15:10:00,STK_003,USR_003,USR_004,1603.26,1943,3115134.18,MM_Balance
M_000201,2020-03-28T15:46:00,STK_003,USR_004,USR_003,1603.26,2979,4776111.54,MM_Balance
M_000205,2020-03-29T09:09:21,STK_005,USR_005,USR_004,3984.33,284,1131549.72,Normal
M_000203,2020-03-29T12:23:49,STK_002,USR_006,USR_003,1298.65,121,157136.65,Normal
M_000204,2020-03-29T13:50:39,STK_005,USR_004,USR_007,3996.48,214,855246.72,Normal
M_000206,2020-03-29T15:58:00,STK_003,USR_004,USR_003,1612.41,2651,4274498.91,MM_Balance
M_000207,2020-03-29T15:58:00,STK_003,USR_003,USR_004,1612.41,1219,1965527.79,MM_Balance
M_000208,2020-03-30T14:01:50,STK_001,USR_003,USR_006,3399.85,217,737767.45,Normal
M_000210,2020-03-30T15:10:00,STK_003,USR_003,USR_004,1611.34,2439,3930058.26,MM_Balance
M_000209,2020-03-30T15:40:00,STK_003,USR_004,USR_003,1611.34,1114,1795032.76,MM_Balance
M_000212,2020-03-31T15:13:00,STK_003,USR_003,USR_004,1627.56,1032,1679641.92,MM_Balance
M_000211,2020-03-31T15:59:00,STK_003,USR_004,USR_003,1627.56,1367,2224874.52,MM_Balance
M_000213,2020-04-01T15:06:00,STK_003,USR_004,USR_003,1651.02,1109,1830981.18,MM_Balance
M_000214,2020-04-01T15:53:00,STK_003,USR_003,USR_004,1651.02,1475,2435254.50,MM_Balance
M_000215,2020-04-02T15:04:00,STK_003,USR_004,USR_003,1657.15,2460,4076589.00,MM_Balance
M_000216,2020-04-02T15:09:00,STK_003,USR_003,USR_004,1657.15,1548,2565268.20,MM_Balance
M_000219,2020-04-03T09:06:44,STK_003,USR_007,USR_003,1593.69,176,280489.44,Normal
M_000217,2020-04-03T09:55:49,STK_003,USR_002,USR_004,1425.55,10896,15532792.80,Normal
M_000218,2020-04-03T13:39:51,STK_002,USR_009,USR_004,1284.43,239,306978.77,Normal
M_000221,2020-04-03T15:09:00,STK_003,USR_003,USR_004,1661.36,2009,3337672.24,MM_Balance
M_000220,2020-04-03T15:19:00,STK_003,USR_004,USR_003,1661.36,1550,2575108.00,MM_Balance
M_000222,2020-04-04T11:59:58,STK_004,USR_006,USR_004,1585.52,204,323446.08,Normal
M_000223,2020-04-04T15:20:00,STK_003,USR_004,USR_003,1675.84,1615,2706481.60,MM_Balance
M_000224,2020-04-04T15:20:00,STK_003,USR_003,USR_004,1675.84,1981,3319839.04,MM_Balance
M_000226,2020-04-05T15:45:00,STK_003,USR_003,USR_004,1644.48,2931,4819970.88,MM_Balance
M_000225,2020-04-05T15:46:00,STK_003,USR_004,USR_003,1644.48,2951,4852860.48,MM_Balance
M_000227,2020-04-06T12:48:26,STK_005,USR_008,USR_004,3919.19,85,333131.15,Normal
M_000229,2020-04-06T15:42:00,STK_003,USR_003,USR_004,1640.88,2346,3849504.48,MM_Balance
M_000228,2020-04-06T15:49:00,STK_003,USR_004,USR_003,1640.88,1223,2006796.24,MM_Balance
M_000230,2020-04-07T14:04:44,STK_003,USR_009,USR_003,1583.10,271,429020.10,Normal
M_000232,2020-04-07T15:26:00,STK_003,USR_003,USR_004,1659.65,1605,2663738.25,MM_Balance
M_000231,2020-04-07T15:30:00,STK_003,USR_004,USR_003,1659.65,1050,1742632.50,MM_Balance
M_000233,2020-04-08T15:11:00,STK_003,USR_004,USR_003,1663.77,2056,3420711.12,MM_Balance
M_000234,2020-04-08T15:35:00,STK_003,USR_003,USR_004,1663.77,1677,2790142.29,MM_Balance
M_000235,2020-04-09T09:34:10,STK_002,USR_010,USR_003,1295.98,152,196988.96,Normal
M_000236,2020-04-09T15:12:00,STK_003,USR_004,USR_003,1655.82,1667,2760251.94,MM_Balance
M_000237,2020-04-09T15:16:00,STK_003,USR_003,USR_004,1655.82,1233,2041626.06,MM_Balance
M_000238,2020-04-10T10:03:52,STK_002,USR_004,USR_008,1286.73,70,90071.10,Normal
M_000240,2020-04-10T15:24:00,STK_003,USR_003,USR_004,1639.61,2046,3354642.06,MM_Balance
M_000239,2020-04-10T15:44:00,STK_003,USR_004,USR_003,1639.61,1764,2892272.04,MM_Balance
M_000241,2020-04-11T12:29:41,STK_003,USR_003,USR_010,1582.11,227,359138.97,Normal
M_000243,2020-04-11T15:10:00,STK_003,USR_003,USR_004,1661.84,2000,3323680.00,MM_Balance
M_000242,2020-04-11T15:45:00,STK_003,USR_004,USR_003,1661.84,1851,3076065.84,MM_Balance
M_000244,2020-04-12T09:22:43,STK_005,USR_005,USR_004,3969.72,28,111152.16,Normal
M_000245,2020-04-12T15:13:00,STK_003,USR_004,USR_003,1686.70,2118,3572430.60,MM_Balance
M_000246,2020-04-12T15:47:00,STK_003,USR_003,USR_004,1686.70,1209,2039220.30,MM_Balance
M_000248,2020-04-13T15:13:00,STK_003,USR_003,USR_004,1688.88,2607,4402910.16,MM_Balance
M_000247,2020-04-13T15:39:00,STK_003,USR_004,USR_003,1688.88,1339,2261410.32,MM_Balance
M_000249,2020-04-14T11:15:11,STK_002,USR_007,USR_003,1316.92,84,110621.28,Normal
M_000250,2020-04-14T15:09:00,STK_003,USR_004,USR_003,1675.53,2002,3354411.06,MM_Balance
M_000251,2020-04-14T15:26:00,STK_003,USR_003,USR_004,1675.53,2285,3828586.05,MM_Balance
M_000252,2020-04-15T13:51:52,STK_001,USR_009,USR_004,3279.23,193,632891.39,Normal
M_000254,2020-04-15T15:21:00,STK_003,USR_003,USR_004,1673.43,2614,4374346.02,MM_Balance
M_000253,2020-04-15T15:54:00,STK_003,USR_004,USR_003,1673.43,2159,3612935.37,MM_Balance
M_000255,2020-04-16T14:54:23,STK_003,USR_004,USR_008,1509.67,52,78502.84,Normal
M_000257,2020-04-16T15:41:00,STK_003,USR_003,USR_004,1666.28,1879,3130940.12,MM_Balance
M_000256,2020-04-16T15:44:00,STK_003,USR_004,USR_003,1666.28,2486,4142372.08,MM_Balance
M_000260,2020-04-17T09:04:37,STK_002,USR_007,USR_003,1280.54,45,57624.30,Normal
M_000259,2020-04-17T12:20:44,STK_004,USR_003,USR_009,1637.56,62,101528.72,Normal
M_000258,2020-04-17T13:20:53,STK_003,USR_008,USR_003,1573.92,107,168409.44,Normal
M_000262,2020-04-17T15:13:00,STK_003,USR_003,USR_004,1660.69,2761,4585165.09,MM_Balance
M_000261,2020-04-17T15:26:00,STK_003,USR_004,USR_003,1660.69,2883,4787769.27,MM_Balance
M_000264,2020-04-18T15:33:00,STK_003,USR_003,USR_004,1656.85,1420,2352727.00,MM_Balance
M_000263,2020-04-18T15:54:00,STK_003,USR_004,USR_003,1656.85,2736,4533141.60,MM_Balance
M_000265,2020-04-19T09:06:35,STK_004,USR_007,USR_003,1691.92,280,473737.60,Normal
M_000267,2020-04-19T15:37:00,STK_003,USR_003,USR_004,1638.52,1034,1694229.68,MM_Balance
M_000266,2020-04-19T15:49:00,STK_003,USR_004,USR_003,1638.52,2954,4840188.08,MM_Balance
M_000268,2020-04-20T12:33:23,STK_001,USR_006,USR_003,3237.39,89,288127.71,Normal
M_000269,2020-04-20T15:44:00,STK_003,USR_004,USR_003,1636.15,1635,2675105.25,MM_Balance
M_000270,2020-04-20T15:54:00,STK_003,USR_003,USR_004,1636.15,2494,4080558.10,MM_Balance
M_000271,2020-04-21T12:09:20,STK_002,USR_003,USR_005,1263.96,93,117548.28,Normal
M_000273,2020-04-21T15:29:00,STK_003,USR_003,USR_004,1637.89,2016,3301986.24,MM_Balance
M_000272,2020-04-21T15:36:00,STK_003,USR_004,USR_003,1637.89,2458,4025933.62,MM_Balance
M_000275,2020-04-22T11:54:43,STK_004,USR_003,USR_010,1669.49,174,290491.26,Normal
M_000274,2020-04-22T12:29:09,STK_001,USR_003,USR_007,3256.03,33,107448.99,Normal
M_000276,2020-04-22T15:23:00,STK_003,USR_004,USR_003,1632.28,2170,3542047.60,MM_Balance
M_000277,2020-04-22T15:43:00,STK_003,USR_003,USR_004,1632.28,2028,3310263.84,MM_Balance
M_000279,2020-04-23T15:00:00,STK_003,USR_003,USR_004,1653.04,1308,2162176.32,MM_Balance
M_000278,2020-04-23T15:57:00,STK_003,USR_004,USR_003,1653.04,2500,4132600.00,MM_Balance
M_000280,2020-04-24T11:06:24,STK_002,USR_004,USR_005,1235.46,57,70421.22,Normal
M_000281,2020-04-24T15:06:00,STK_003,USR_004,USR_003,1664.82,2189,3644290.98,MM_Balance
M_000282,2020-04-24T15:52:00,STK_003,USR_003,USR_004,1664.82,2305,3837410.10,MM_Balance
M_000284,2020-04-25T15:06:00,STK_003,USR_003,USR_004,1646.82,1318,2170508.76,MM_Balance
M_000283,2020-04-25T15:49:00,STK_003,USR_004,USR_003,1646.82,2597,4276791.54,MM_Balance
M_000285,2020-04-26T11:59:01,STK_003,USR_006,USR_003,1574.31,120,188917.20,Normal
M_000286,2020-04-26T12:40:51,STK_003,USR_004,USR_009,1443.13,99,142869.87,Normal
M_000288,2020-04-26T15:29:00,STK_003,USR_003,USR_004,1626.22,1193,1940080.46,MM_Balance
M_000287,2020-04-26T15:47:00,STK_003,USR_004,USR_003,1626.22,2138,3476858.36,MM_Balance
M_000289,2020-04-27T15:08:00,STK_003,USR_004,USR_003,1600.91,2657,4253617.87,MM_Balance
M_000290,2020-04-27T15:54:00,STK_003,USR_003,USR_004,1600.91,2853,4567396.23,MM_Balance
M_000291,2020-04-28T15:18:00,STK_003,USR_004,USR_003,1628.07,2325,3785262.75,MM_Balance
M_000292,2020-04-28T15:56:00,STK_003,USR_003,USR_004,1628.07,1843,3000533.01,MM_Balance
M_000293,2020-04-29T15:17:00,STK_003,USR_004,USR_003,1627.45,1795,2921272.75,MM_Balance
M_000294,2020-04-29T15:20:00,STK_003,USR_003,USR_004,1627.45,1053,1713704.85,MM_Balance
M_000295,2020-04-30T09:30:32,STK_002,USR_009,USR_004,1206.31,283,341385.73,Normal
M_000296,2020-04-30T15:15:00,STK_003,USR_004,USR_003,1626.53,1360,2212080.80,MM_Balance
M_000297,2020-04-30T15:47:00,STK_003,USR_003,USR_004,1626.53,2651,4311931.03,MM_Balance
M_000299,2020-05-01T10:36:55,STK_005,USR_003,USR_008,3952.05,76,300355.80,Normal
M_000298,2020-05-01T13:21:02,STK_001,USR_003,USR_009,3354.10,122,409200.20,Normal
M_000300,2020-05-01T15:01:00,STK_003,USR_004,USR_003,1623.53,1121,1819977.13,MM_Balance
M_000301,2020-05-01T15:45:00,STK_003,USR_003,USR_004,1623.53,2201,3573389.53,MM_Balance
M_000303,2020-05-02T15:19:00,STK_003,USR_003,USR_004,1630.16,1774,2891903.84,MM_Balance
M_000302,2020-05-02T15:42:00,STK_003,USR_004,USR_003,1630.16,1457,2375143.12,MM_Balance
M_000304,2020-05-03T15:22:00,STK_003,USR_004,USR_003,1646.18,1487,2447869.66,MM_Balance
M_000305,2020-05-03T15:40:00,STK_003,USR_003,USR_004,1646.18,1343,2210819.74,MM_Balance
M_000306,2020-05-04T15:34:00,STK_003,USR_004,USR_003,1635.90,1719,2812112.10,MM_Balance
M_000307,2020-05-04T15:53:00,STK_003,USR_003,USR_004,1635.90,1207,1974531.30,MM_Balance
M_000308,2020-05-05T13:58:45,STK_002,USR_009,USR_004,1188.61,92,109352.12,Normal
M_000309,2020-05-05T15:41:00,STK_003,USR_004,USR_003,1623.54,1883,3057125.82,MM_Balance
M_000310,2020-05-05T15:56:00,STK_003,USR_003,USR_004,1623.54,2243,3641600.22,MM_Balance
M_000311,2020-05-06T09:02:05,STK_004,USR_004,USR_010,1711.51,88,150612.88,Normal
M_000312,2020-05-06T10:03:04,STK_002,USR_004,USR_008,1179.99,48,56639.52,Normal
M_000313,2020-05-06T15:25:00,STK_003,USR_004,USR_003,1640.64,2607,4277148.48,MM_Balance
M_000314,2020-05-06T15:57:00,STK_003,USR_003,USR_004,1640.64,2001,3282920.64,MM_Balance
M_000315,2020-05-07T11:26:40,STK_004,USR_004,USR_007,1711.07,144,246394.08,Normal
M_000316,2020-05-07T12:31:24,STK_003,USR_006,USR_004,1446.28,126,182231.28,Normal
M_000318,2020-05-07T15:19:00,STK_003,USR_003,USR_004,1631.20,1975,3221620.00,MM_Balance
M_000317,2020-05-07T15:56:00,STK_003,USR_004,USR_003,1631.20,2172,3542966.40,MM_Balance
M_000319,2020-05-08T09:36:35,STK_005,USR_007,USR_004,4270.67,173,738825.91,Normal
M_000320,2020-05-08T15:20:00,STK_003,USR_004,USR_003,1660.09,2130,3535991.70,MM_Balance
M_000321,2020-05-08T15:29:00,STK_003,USR_003,USR_004,1660.09,2064,3426425.76,MM_Balance
M_000323,2020-05-09T12:39:23,STK_003,USR_006,USR_004,1476.65,83,122561.95,Normal
M_000322,2020-05-09T14:57:36,STK_003,USR_004,USR_005,1476.15,2,2952.30,Normal
M_000324,2020-05-09T15:15:00,STK_003,USR_004,USR_003,1670.41,2414,4032369.74,MM_Balance
M_000325,2020-05-09T15:30:00,STK_003,USR_003,USR_004,1670.41,2527,4221126.07,MM_Balance
M_000326,2020-05-10T15:28:00,STK_003,USR_004,USR_003,1648.10,1384,2280970.40,MM_Balance
M_000327,2020-05-10T15:52:00,STK_003,USR_003,USR_004,1648.10,2870,4730047.00,MM_Balance
M_000328,2020-05-11T15:02:00,STK_003,USR_004,USR_003,1661.85,1510,2509393.50,MM_Balance
M_000329,2020-05-11T15:58:00,STK_003,USR_003,USR_004,1661.85,1103,1833020.55,MM_Balance
M_000331,2020-05-12T15:01:00,STK_003,USR_003,USR_004,1665.30,1583,2636169.90,MM_Balance
M_000330,2020-05-12T15:53:00,STK_003,USR_004,USR_003,1665.30,2533,4218204.90,MM_Balance
M_000332,2020-05-13T15:38:00,STK_003,USR_004,USR_003,1664.64,1516,2523594.24,MM_Balance
M_000333,2020-05-13T15:45:00,STK_003,USR_003,USR_004,1664.64,2459,4093349.76,MM_Balance
M_000334,2020-05-14T13:23:05,STK_003,USR_006,USR_004,1469.89,162,238122.18,Normal
M_000336,2020-05-14T15:03:00,STK_003,USR_003,USR_004,1656.05,2842,4706494.10,MM_Balance
M_000335,2020-05-14T15:09:00,STK_003,USR_004,USR_003,1656.05,1385,2293629.25,MM_Balance
M_000337,2020-05-15T15:34:00,STK_003,USR_004,USR_003,1676.84,2405,4032800.20,MM_Balance
M_000338,2020-05-15T15:42:00,STK_003,USR_003,USR_004,1676.84,2856,4789055.04,MM_Balance
M_000339,2020-05-16T15:14:00,STK_003,USR_004,USR_003,1680.14,1727,2901601.78,MM_Balance
M_000340,2020-05-16T15:50:00,STK_003,USR_003,USR_004,1680.14,1861,3126740.54,MM_Balance
M_000341,2020-05-17T13:09:53,STK_002,USR_009,USR_004,1272.42,219,278659.98,Normal
M_000342,2020-05-17T15:21:00,STK_003,USR_004,USR_003,1681.52,1998,3359676.96,MM_Balance
M_000343,2020-05-17T15:40:00,STK_003,USR_003,USR_004,1681.52,1641,2759374.32,MM_Balance
M_000344,2020-05-18T11:55:58,STK_005,USR_010,USR_003,4092.47,201,822586.47,Normal
M_000345,2020-05-18T12:08:03,STK_001,USR_002,USR_003,3149.61,4844,15256710.84,Normal
M_000346,2020-05-18T15:18:00,STK_001,USR_003,USR_004,3177.63,1610,5115984.30,MM_Balance
M_000347,2020-05-18T15:33:00,STK_003,USR_004,USR_003,1705.96,2490,4247840.40,MM_Balance
M_000348,2020-05-18T15:56:00,STK_003,USR_003,USR_004,1705.96,1888,3220852.48,MM_Balance
M_000349,2020-05-19T15:03:00,STK_003,USR_004,USR_003,1705.37,2216,3779099.92,MM_Balance
M_000350,2020-05-19T15:53:00,STK_003,USR_003,USR_004,1705.37,2338,3987155.06,MM_Balance
M_000352,2020-05-20T10:50:08,STK_002,USR_009,USR_003,1254.66,113,141776.58,Normal
M_000351,2020-05-20T14:40:07,STK_004,USR_002,USR_003,1778.77,2801,4982334.77,Normal
M_000354,2020-05-20T15:02:00,STK_004,USR_003,USR_004,1776.24,1328,2358846.72,MM_Balance
M_000355,2020-05-20T15:13:00,STK_003,USR_003,USR_004,1704.53,2864,4881773.92,MM_Balance
M_000353,2020-05-20T15:26:00,STK_003,USR_004,USR_003,1704.53,2440,4159053.20,MM_Balance
M_000358,2020-05-21T10:33:07,STK_001,USR_006,USR_003,3208.90,80,256712.00,Normal
M_000357,2020-05-21T11:50:46,STK_002,USR_003,USR_009,1283.05,158,202721.90,Normal
M_000356,2020-05-21T14:51:53,STK_001,USR_010,USR_003,3197.08,61,195021.88,Normal
M_000360,2020-05-21T15:39:00,STK_003,USR_003,USR_004,1693.66,2956,5006458.96,MM_Balance
M_000359,2020-05-21T15:57:00,STK_003,USR_004,USR_003,1693.66,1732,2933419.12,MM_Balance
M_000361,2020-05-22T14:22:37,STK_001,USR_003,USR_008,3251.73,63,204858.99,Normal
M_000362,2020-05-22T15:36:00,STK_003,USR_004,USR_003,1679.56,2643,4439077.08,MM_Balance
M_000363,2020-05-22T15:39:00,STK_003,USR_003,USR_004,1679.56,1371,2302676.76,MM_Balance
M_000364,2020-05-23T14:14:55,STK_003,USR_007,USR_003,1639.08,67,109818.36,Normal
M_000366,2020-05-23T15:22:00,STK_003,USR_003,USR_004,1705.55,1986,3387222.30,MM_Balance
M_000365,2020-05-23T15:42:00,STK_003,USR_004,USR_003,1705.55,1886,3216667.30,MM_Balance
M_000367,2020-05-24T15:41:00,STK_003,USR_004,USR_003,1716.78,2127,3651591.06,MM_Balance
M_000368,2020-05-24T15:52:00,STK_003,USR_003,USR_004,1716.78,1825,3133123.50,MM_Balance
M_000369,2020-05-25T09:00:05,STK_004,USR_002,USR_004,1841.02,2967,5462306.34,Normal
M_000371,2020-05-25T15:03:00,STK_003,USR_003,USR_004,1704.23,2690,4584378.70,MM_Balance
M_000370,2020-05-25T15:21:00,STK_003,USR_004,USR_003,1704.23,2946,5020661.58,MM_Balance
M_000372,2020-05-25T15:29:00,STK_004,USR_004,USR_003,1842.73,1328,2447145.44,MM_Balance
M_000376,2020-05-26T15:07:00,STK_004,USR_004,USR_003,1889.29,1287,2431516.23,MM_Balance
M_000373,2020-05-26T15:10:00,STK_003,USR_004,USR_003,1724.49,2836,4890653.64,MM_Balance
M_000375,2020-05-26T15:16:00,STK_003,USR_003,USR_004,1724.49,1219,2102153.31,MM_Balance
M_000374,2020-05-26T15:52:00,STK_004,USR_003,USR_004,1889.29,1287,2431516.23,MM_Balance
M_000378,2020-05-27T15:32:00,STK_004,USR_003,USR_004,1924.18,1328,2555311.04,MM_Balance
M_000377,2020-05-27T15:37:00,STK_003,USR_004,USR_003,1736.25,2717,4717391.25,MM_Balance
M_000379,2020-05-27T15:37:00,STK_003,USR_003,USR_004,1736.25,2416,4194780.00,MM_Balance
M_000380,2020-05-27T15:52:00,STK_004,USR_004,USR_003,1924.18,1328,2555311.04,MM_Balance
M_000382,2020-05-28T15:13:00,STK_004,USR_003,USR_004,1933.94,1328,2568272.32,MM_Balance
M_000383,2020-05-28T15:22:00,STK_003,USR_003,USR_004,1750.49,2406,4211678.94,MM_Balance
M_000384,2020-05-28T15:41:00,STK_004,USR_004,USR_003,1933.94,1328,2568272.32,MM_Balance
M_000381,2020-05-28T15:47:00,STK_003,USR_004,USR_003,1750.49,2457,4300953.93,MM_Balance
M_000385,2020-05-29T09:30:54,STK_001,USR_003,USR_001,3293.12,11240,37014668.80,Normal
M_000386,2020-05-29T15:43:00,STK_001,USR_004,USR_003,3269.19,1586,5184935.34,MM_Balance
M_000389,2020-05-29T15:48:00,STK_003,USR_003,USR_004,1761.85,1417,2496541.45,MM_Balance
M_000388,2020-05-29T15:50:00,STK_004,USR_003,USR_004,1930.71,1328,2563982.88,MM_Balance
M_000390,2020-05-29T15:52:00,STK_004,USR_004,USR_003,1930.71,1328,2563982.88,MM_Balance
M_000387,2020-05-29T15:53:00,STK_003,USR_004,USR_003,1761.85,1299,2288643.15,MM_Balance
M_000391,2020-05-30T14:46:07,STK_003,USR_006,USR_003,1702.38,236,401761.68,Normal
M_000395,2020-05-30T15:04:00,STK_003,USR_003,USR_004,1754.92,2398,4208298.16,MM_Balance
M_000396,2020-05-30T15:11:00,STK_004,USR_004,USR_003,1931.26,1328,2564713.28,MM_Balance
M_000394,2020-05-30T15:28:00,STK_004,USR_003,USR_004,1931.26,1328,2564713.28,MM_Balance
M_000392,2020-05-30T15:37:00,STK_001,USR_004,USR_003,3242.48,2546,8255354.08,MM_Balance
M_000393,2020-05-30T15:46:00,STK_003,USR_004,USR_003,1754.92,2589,4543487.88,MM_Balance
M_000400,2020-05-31T15:04:00,STK_004,USR_004,USR_003,1943.73,1149,2233345.77,MM_Balance
M_000399,2020-05-31T15:14:00,STK_003,USR_003,USR_004,1768.01,2076,3670388.76,MM_Balance
M_000397,2020-05-31T15:50:00,STK_003,USR_004,USR_003,1768.01,2004,3543092.04,MM_Balance
M_000398,2020-05-31T15:50:00,STK_004,USR_003,USR_004,1943.73,1149,2233345.77,MM_Balance
M_000403,2020-06-01T15:02:00,STK_003,USR_003,USR_004,1772.42,2963,5251680.46,MM_Balance
M_000401,2020-06-01T15:22:00,STK_003,USR_004,USR_003,1772.42,2369,4198862.98,MM_Balance
M_000402,2020-06-01T15:57:00,STK_004,USR_003,USR_004,1974.39,1328,2621989.92,MM_Balance
M_000404,2020-06-01T15:58:00,STK_004,USR_004,USR_003,1974.39,1328,2621989.92,MM_Balance
M_000406,2020-06-02T12:57:41,STK_002,USR_004,USR_007,1279.69,63,80620.47,Normal
M_000405,2020-06-02T14:42:23,STK_001,USR_010,USR_003,3188.89,285,908833.65,Normal
M_000409,2020-06-02T15:05:00,STK_003,USR_003,USR_004,1775.73,1077,1912461.21,MM_Balance
M_000410,2020-06-02T15:11:00,STK_004,USR_004,USR_003,1965.58,1048,2059927.84,MM_Balance
M_000408,2020-06-02T15:29:00,STK_004,USR_003,USR_004,1965.58,1048,2059927.84,MM_Balance
M_000407,2020-06-02T15:43:00,STK_003,USR_004,USR_003,1775.73,2529,4490821.17,MM_Balance
M_000411,2020-06-03T09:34:32,STK_001,USR_002,USR_003,3191.78,8355,26667321.90,Normal
M_000412,2020-06-03T11:44:34,STK_005,USR_010,USR_003,4296.26,158,678809.08,Normal
M_000414,2020-06-03T15:10:00,STK_003,USR_004,USR_003,1796.95,1970,3539991.50,MM_Balance
M_000413,2020-06-03T15:25:00,STK_001,USR_003,USR_004,3247.34,1781,5783512.54,MM_Balance
M_000417,2020-06-03T15:40:00,STK_004,USR_004,USR_003,1935.64,1279,2475683.56,MM_Balance
M_000415,2020-06-03T15:47:00,STK_004,USR_003,USR_004,1935.64,1279,2475683.56,MM_Balance
M_000416,2020-06-03T15:51:00,STK_003,USR_003,USR_004,1796.95,2631,4727775.45,MM_Balance
M_000418,2020-06-04T09:46:29,STK_005,USR_006,USR_004,4178.62,285,1190906.70,Normal
M_000420,2020-06-04T15:07:00,STK_004,USR_003,USR_004,1907.61,1328,2533306.08,MM_Balance
M_000419,2020-06-04T15:14:00,STK_003,USR_004,USR_003,1830.75,1376,2519112.00,MM_Balance
M_000422,2020-06-04T15:48:00,STK_004,USR_004,USR_003,1907.61,1328,2533306.08,MM_Balance
M_000421,2020-06-04T15:51:00,STK_003,USR_003,USR_004,1830.75,2374,4346200.50,MM_Balance
M_000423,2020-06-05T15:12:00,STK_003,USR_004,USR_003,1843.72,2843,5241695.96,MM_Balance
M_000424,2020-06-05T15:28:00,STK_004,USR_003,USR_004,1912.26,1328,2539481.28,MM_Balance
M_000426,2020-06-05T15:37:00,STK_004,USR_004,USR_003,1912.26,1328,2539481.28,MM_Balance
M_000425,2020-06-05T15:42:00,STK_003,USR_003,USR_004,1843.72,2262,4170494.64,MM_Balance
M_000429,2020-06-06T15:17:00,STK_003,USR_003,USR_004,1855.71,2723,5053098.33,MM_Balance
M_000430,2020-06-06T15:34:00,STK_004,USR_004,USR_003,1910.36,1328,2536958.08,MM_Balance
M_000427,2020-06-06T15:35:00,STK_003,USR_004,USR_003,1855.71,1997,3705852.87,MM_Balance
M_000428,2020-06-06T15:41:00,STK_004,USR_003,USR_004,1910.36,1328,2536958.08,MM_Balance
M_000434,2020-06-07T15:10:00,STK_004,USR_004,USR_003,1909.49,1328,2535802.72,MM_Balance
M_000432,2020-06-07T15:15:00,STK_004,USR_003,USR_004,1909.49,1328,2535802.72,MM_Balance
M_000431,2020-06-07T15:23:00,STK_003,USR_004,USR_003,1842.87,1812,3339280.44,MM_Balance
M_000433,2020-06-07T15:32:00,STK_003,USR_003,USR_004,1842.87,2550,4699318.50,MM_Balance
M_000435,2020-06-08T15:02:00,STK_003,USR_004,USR_003,1869.48,2805,5243891.40,MM_Balance
M_000436,2020-06-08T15:20:00,STK_004,USR_003,USR_004,1907.92,1328,2533717.76,MM_Balance
M_000437,2020-06-08T15:33:00,STK_003,USR_003,USR_004,1869.48,2441,4563400.68,MM_Balance
M_000438,2020-06-08T15:47:00,STK_004,USR_004,USR_003,1907.92,1328,2533717.76,MM_Balance
M_000442,2020-06-09T15:09:00,STK_004,USR_004,USR_003,1916.47,1328,2545072.16,MM_Balance
M_000440,2020-06-09T15:10:00,STK_004,USR_003,USR_004,1916.47,1328,2545072.16,MM_Balance
M_000441,2020-06-09T15:32:00,STK_003,USR_003,USR_004,1880.13,1157,2175310.41,MM_Balance
M_000439,2020-06-09T15:56:00,STK_003,USR_004,USR_003,1880.13,2027,3811023.51,MM_Balance
M_000444,2020-06-10T10:38:19,STK_005,USR_003,USR_008,4407.88,9,39670.92,Normal
M_000443,2020-06-10T13:39:58,STK_001,USR_003,USR_010,3226.32,92,296821.44,Normal
M_000447,2020-06-10T15:05:00,STK_003,USR_003,USR_004,1893.46,2939,5564878.94,MM_Balance
M_000445,2020-06-10T15:36:00,STK_003,USR_004,USR_003,1893.46,2227,4216735.42,MM_Balance
M_000448,2020-06-10T15:38:00,STK_004,USR_004,USR_003,1914.75,1328,2542788.00,MM_Balance
M_000446,2020-06-10T15:46:00,STK_004,USR_003,USR_004,1914.75,1328,2542788.00,MM_Balance
M_000449,2020-06-11T15:01:00,STK_003,USR_004,USR_003,1895.88,1222,2316765.36,MM_Balance
M_000451,2020-06-11T15:09:00,STK_003,USR_003,USR_004,1895.88,2692,5103708.96,MM_Balance
M_000452,2020-06-11T15:30:00,STK_004,USR_004,USR_003,1901.71,1328,2525470.88,MM_Balance
M_000450,2020-06-11T15:55:00,STK_004,USR_003,USR_004,1901.71,1328,2525470.88,MM_Balance
M_000453,2020-06-12T13:23:18,STK_005,USR_005,USR_004,4295.64,44,189008.16,Normal
M_000454,2020-06-12T15:08:00,STK_003,USR_004,USR_003,1860.06,1871,3480172.26,MM_Balance
M_000457,2020-06-12T15:38:00,STK_004,USR_004,USR_003,1893.10,1328,2514036.80,MM_Balance
M_000455,2020-06-12T15:49:00,STK_004,USR_003,USR_004,1893.10,1328,2514036.80,MM_Balance
M_000456,2020-06-12T15:54:00,STK_003,USR_003,USR_004,1860.06,2863,5325351.78,MM_Balance
M_000458,2020-06-13T12:51:19,STK_004,USR_009,USR_004,1885.23,107,201719.61,Normal
M_000459,2020-06-13T15:13:00,STK_003,USR_004,USR_003,1867.98,2546,4755877.08,MM_Balance
M_000462,2020-06-13T15:19:00,STK_004,USR_004,USR_003,1874.80,1221,2289130.80,MM_Balance
M_000461,2020-06-13T15:23:00,STK_003,USR_003,USR_004,1867.98,1366,2551660.68,MM_Balance
M_000460,2020-06-13T15:50:00,STK_004,USR_003,USR_004,1874.80,1221,2289130.80,MM_Balance
M_000463,2020-06-14T09:20:37,STK_003,USR_003,USR_008,1813.24,199,360834.76,Normal
M_000467,2020-06-14T15:31:00,STK_004,USR_004,USR_003,1870.66,1221,2284075.86,MM_Balance
M_000465,2020-06-14T15:38:00,STK_004,USR_003,USR_004,1870.66,1221,2284075.86,MM_Balance
M_000464,2020-06-14T15:41:00,STK_003,USR_004,USR_003,1884.36,2257,4253000.52,MM_Balance
M_000466,2020-06-14T15:49:00,STK_003,USR_003,USR_004,1884.36,2936,5532480.96,MM_Balance
M_000468,2020-06-15T12:41:25,STK_003,USR_010,USR_004,1682.64,190,319701.60,Normal
M_000469,2020-06-15T15:05:00,STK_003,USR_004,USR_003,1879.07,2882,5415479.74,MM_Balance
M_000472,2020-06-15T15:38:00,STK_004,USR_004,USR_003,1904.28,1221,2325125.88,MM_Balance
M_000471,2020-06-15T15:52:00,STK_003,USR_003,USR_004,1879.07,1711,3215088.77,MM_Balance
M_000470,2020-06-15T15:53:00,STK_004,USR_003,USR_004,1904.28,1221,2325125.88,MM_Balance
M_000475,2020-06-16T15:21:00,STK_003,USR_003,USR_004,1896.44,2551,4837818.44,MM_Balance
M_000473,2020-06-16T15:28:00,STK_003,USR_004,USR_003,1896.44,2421,4591281.24,MM_Balance
M_000476,2020-06-16T15:29:00,STK_004,USR_004,USR_003,1905.42,1221,2326517.82,MM_Balance
M_000474,2020-06-16T15:30:00,STK_004,USR_003,USR_004,1905.42,1221,2326517.82,MM_Balance
M_000478,2020-06-17T15:20:00,STK_004,USR_003,USR_004,1917.52,1221,2341291.92,MM_Balance
M_000480,2020-06-17T15:47:00,STK_004,USR_004,USR_003,1917.52,1221,2341291.92,MM_Balance
M_000479,2020-06-17T15:57:00,STK_003,USR_003,USR_004,1913.42,1447,2768718.74,MM_Balance
M_000477,2020-06-17T15:59:00,STK_003,USR_004,USR_003,1913.42,2135,4085151.70,MM_Balance
M_000483,2020-06-18T15:11:00,STK_003,USR_003,USR_004,1953.13,2005,3916025.65,MM_Balance
M_000484,2020-06-18T15:14:00,STK_004,USR_004,USR_003,1904.31,1221,2325162.51,MM_Balance
M_000481,2020-06-18T15:20:00,STK_003,USR_004,USR_003,1953.13,2271,4435558.23,MM_Balance
M_000482,2020-06-18T15:56:00,STK_004,USR_003,USR_004,1904.31,1221,2325162.51,MM_Balance
M_000485,2020-06-19T09:06:27,STK_005,USR_008,USR_004,4447.44,171,760512.24,Normal
M_000488,2020-06-19T15:11:00,STK_003,USR_003,USR_004,1946.87,1749,3405075.63,MM_Balance
M_000489,2020-06-19T15:13:00,STK_004,USR_004,USR_003,1912.38,1221,2335015.98,MM_Balance
M_000486,2020-06-19T15:17:00,STK_003,USR_004,USR_003,1946.87,1485,2891101.95,MM_Balance
M_000487,2020-06-19T15:39:00,STK_004,USR_003,USR_004,1912.38,1221,2335015.98,MM_Balance
M_000491,2020-06-20T15:26:00,STK_004,USR_003,USR_004,1920.73,1221,2345211.33,MM_Balance
M_000493,2020-06-20T15:31:00,STK_004,USR_004,USR_003,1920.73,1221,2345211.33,MM_Balance
M_000490,2020-06-20T15:51:00,STK_003,USR_004,USR_003,1980.50,1968,3897624.00,MM_Balance
M_000492,2020-06-20T15:57:00,STK_003,USR_003,USR_004,1980.50,1275,2525137.50,MM_Balance
M_000494,2020-06-21T15:07:00,STK_003,USR_004,USR_003,1960.25,1843,3612740.75,MM_Balance
M_000497,2020-06-21T15:18:00,STK_004,USR_004,USR_003,1915.78,1221,2339167.38,MM_Balance
M_000496,2020-06-21T15:36:00,STK_003,USR_003,USR_004,1960.25,2181,4275305.25,MM_Balance
M_000495,2020-06-21T15:43:00,STK_004,USR_003,USR_004,1915.78,1221,2339167.38,MM_Balance
M_000498,2020-06-22T15:10:00,STK_003,USR_004,USR_003,1950.77,1162,2266794.74,MM_Balance
M_000500,2020-06-22T15:18:00,STK_003,USR_003,USR_004,1950.77,2337,4558949.49,MM_Balance
M_000499,2020-06-22T15:20:00,STK_004,USR_003,USR_004,1945.94,1221,2375992.74,MM_Balance
M_000501,2020-06-22T15:41:00,STK_004,USR_004,USR_003,1945.94,1221,2375992.74,MM_Balance
M_000502,2020-06-23T13:18:25,STK_002,USR_004,USR_010,1296.61,62,80389.82,Normal
M_000506,2020-06-23T15:14:00,STK_004,USR_004,USR_003,1978.71,1212,2398196.52,MM_Balance
M_000504,2020-06-23T15:16:00,STK_004,USR_003,USR_004,1978.71,1212,2398196.52,MM_Balance
M_000503,2020-06-23T15:25:00,STK_003,USR_004,USR_003,1971.20,2578,5081753.60,MM_Balance
M_000505,2020-06-23T15:41:00,STK_003,USR_003,USR_004,1971.20,1172,2310246.40,MM_Balance
M_000510,2020-06-24T15:22:00,STK_004,USR_004,USR_003,1991.61,1221,2431755.81,MM_Balance
M_000507,2020-06-24T15:38:00,STK_003,USR_004,USR_003,1988.62,2210,4394850.20,MM_Balance
M_000509,2020-06-24T15:40:00,STK_003,USR_003,USR_004,1988.62,2072,4120420.64,MM_Balance
M_000508,2020-06-24T15:47:00,STK_004,USR_003,USR_004,1991.61,1221,2431755.81,MM_Balance
M_000511,2020-06-25T09:04:32,STK_002,USR_004,USR_001,1309.82,9698,12702634.36,Normal
M_000512,2020-06-25T15:00:00,STK_003,USR_004,USR_003,1976.18,2631,5199329.58,MM_Balance
M_000514,2020-06-25T15:15:00,STK_002,USR_003,USR_004,1312.42,1808,2372855.36,MM_Balance
M_000516,2020-06-25T15:24:00,STK_004,USR_004,USR_003,1999.50,1221,2441389.50,MM_Balance
M_000513,2020-06-25T15:26:00,STK_004,USR_003,USR_004,1999.50,1221,2441389.50,MM_Balance
M_000515,2020-06-25T15:47:00,STK_003,USR_003,USR_004,1976.18,2464,4869307.52,MM_Balance
M_000521,2020-06-26T15:00:00,STK_004,USR_004,USR_003,2022.95,1101,2227267.95,MM_Balance
M_000517,2020-06-26T15:01:00,STK_003,USR_004,USR_003,1975.68,1656,3271726.08,MM_Balance
M_000519,2020-06-26T15:06:00,STK_002,USR_003,USR_004,1303.61,1380,1798981.80,MM_Balance
M_000520,2020-06-26T15:08:00,STK_003,USR_003,USR_004,1975.68,1551,3064279.68,MM_Balance
M_000518,2020-06-26T15:34:00,STK_004,USR_003,USR_004,2022.95,1101,2227267.95,MM_Balance
M_000522,2020-06-27T15:00:00,STK_003,USR_004,USR_003,1919.40,2696,5174702.40,MM_Balance
M_000526,2020-06-27T15:29:00,STK_004,USR_004,USR_003,2046.19,1221,2498397.99,MM_Balance
M_000525,2020-06-27T15:47:00,STK_003,USR_003,USR_004,1919.40,1506,2890616.40,MM_Balance
M_000523,2020-06-27T15:49:00,STK_004,USR_003,USR_004,2046.19,1221,2498397.99,MM_Balance
M_000524,2020-06-27T15:49:00,STK_002,USR_003,USR_004,1313.67,1788,2348841.96,MM_Balance
M_000528,2020-06-28T09:04:52,STK_003,USR_006,USR_003,1890.78,212,400845.36,Normal
M_000527,2020-06-28T11:57:13,STK_002,USR_010,USR_003,1276.19,130,165904.70,Normal
M_000532,2020-06-28T15:10:00,STK_004,USR_004,USR_003,2036.62,1221,2486713.02,MM_Balance
M_000530,2020-06-28T15:38:00,STK_004,USR_003,USR_004,2036.62,1221,2486713.02,MM_Balance
M_000531,2020-06-28T15:49:00,STK_003,USR_003,USR_004,1941.68,1760,3417356.80,MM_Balance
M_000529,2020-06-28T15:50:00,STK_003,USR_004,USR_003,1941.68,2190,4252279.20,MM_Balance
M_000536,2020-06-29T15:02:00,STK_004,USR_004,USR_003,2026.56,1221,2474429.76,MM_Balance
M_000535,2020-06-29T15:08:00,STK_003,USR_003,USR_004,1961.02,2483,4869212.66,MM_Balance
M_000533,2020-06-29T15:12:00,STK_003,USR_004,USR_003,1961.02,2501,4904511.02,MM_Balance
M_000534,2020-06-29T15:24:00,STK_004,USR_003,USR_004,2026.56,1221,2474429.76,MM_Balance
M_000540,2020-06-30T15:11:00,STK_004,USR_004,USR_003,2019.49,1221,2465797.29,MM_Balance
M_000538,2020-06-30T15:23:00,STK_004,USR_003,USR_004,2019.49,1221,2465797.29,MM_Balance
M_000539,2020-06-30T15:49:00,STK_003,USR_003,USR_004,1977.70,1001,1979677.70,MM_Balance
M_000537,2020-06-30T15:52:00,STK_003,USR_004,USR_003,1977.70,1605,3174208.50,MM_Balance
M_000541,2020-07-01T15:06:00,STK_004,USR_003,USR_004,2028.18,1221,2476407.78,MM_Balance
M_000542,2020-07-01T15:53:00,STK_003,USR_003,USR_004,1985.25,1089,2161937.25,MM_Balance
M_000543,2020-07-01T15:55:00,STK_004,USR_004,USR_003,2028.18,1221,2476407.78,MM_Balance
M_000544,2020-07-02T14:48:56,STK_002,USR_004,USR_009,1300.54,50,65027.00,Normal
M_000547,2020-07-02T15:02:00,STK_003,USR_003,USR_004,1981.35,2083,4127152.05,MM_Balance
M_000548,2020-07-02T15:19:00,STK_004,USR_004,USR_003,2026.73,1221,2474637.33,MM_Balance
M_000545,2020-07-02T15:23:00,STK_003,USR_004,USR_003,1981.35,2683,5315962.05,MM_Balance
M_000546,2020-07-02T15:39:00,STK_004,USR_003,USR_004,2026.73,1221,2474637.33,MM_Balance
M_000550,2020-07-03T15:06:00,STK_004,USR_003,USR_004,2028.32,1221,2476578.72,MM_Balance
M_000551,2020-07-03T15:11:00,STK_003,USR_003,USR_004,1979.75,2622,5190904.50,MM_Balance
M_000552,2020-07-03T15:21:00,STK_004,USR_004,USR_003,2028.32,1221,2476578.72,MM_Balance
M_000549,2020-07-03T15:29:00,STK_003,USR_004,USR_003,1979.75,2381,4713784.75,MM_Balance
M_000556,2020-07-04T15:01:00,STK_004,USR_004,USR_003,1969.57,1221,2404844.97,MM_Balance
M_000555,2020-07-04T15:02:00,STK_003,USR_003,USR_004,1999.51,2487,4972781.37,MM_Balance
M_000554,2020-07-04T15:25:00,STK_004,USR_003,USR_004,1969.57,1221,2404844.97,MM_Balance
M_000553,2020-07-04T15:28:00,STK_003,USR_004,USR_003,1999.51,1737,3473148.87,MM_Balance
M_000557,2020-07-05T12:20:28,STK_004,USR_004,USR_007,1990.91,89,177190.99,Normal
M_000561,2020-07-05T15:04:00,STK_004,USR_004,USR_003,1981.64,1188,2354188.32,MM_Balance
M_000558,2020-07-05T15:16:00,STK_003,USR_004,USR_003,1978.72,1477,2922569.44,MM_Balance
M_000559,2020-07-05T15:36:00,STK_004,USR_003,USR_004,1981.64,1188,2354188.32,MM_Balance
M_000560,2020-07-05T15:58:00,STK_003,USR_003,USR_004,1978.72,2165,4283928.80,MM_Balance
M_000562,2020-07-06T12:02:37,STK_005,USR_009,USR_004,4165.62,15,62484.30,Normal
M_000564,2020-07-06T15:19:00,STK_004,USR_003,USR_004,1998.89,1110,2218767.90,MM_Balance
M_000566,2020-07-06T15:32:00,STK_004,USR_004,USR_003,1998.89,1110,2218767.90,MM_Balance
M_000565,2020-07-06T15:34:00,STK_003,USR_003,USR_004,1983.02,1653,3277932.06,MM_Balance
M_000563,2020-07-06T15:49:00,STK_003,USR_004,USR_003,1983.02,2298,4556979.96,MM_Balance
M_000567,2020-07-07T11:23:23,STK_001,USR_010,USR_004,3244.18,35,113546.30,Normal
M_000568,2020-07-07T12:35:53,STK_002,USR_004,USR_006,1359.54,175,237919.50,Normal
M_000570,2020-07-07T15:04:00,STK_004,USR_003,USR_004,2002.90,1310,2623799.00,MM_Balance
M_000571,2020-07-07T15:27:00,STK_003,USR_003,USR_004,1981.88,2590,5133069.20,MM_Balance
M_000569,2020-07-07T15:39:00,STK_003,USR_004,USR_003,1981.88,2149,4259060.12,MM_Balance
M_000572,2020-07-07T15:59:00,STK_004,USR_004,USR_003,2002.90,1310,2623799.00,MM_Balance
M_000573,2020-07-08T13:01:30,STK_003,USR_007,USR_003,1951.93,132,257654.76,Normal
M_000577,2020-07-08T15:21:00,STK_004,USR_004,USR_003,1979.94,1028,2035378.32,MM_Balance
M_000575,2020-07-08T15:39:00,STK_004,USR_003,USR_004,1979.94,1310,2593721.40,MM_Balance
M_000574,2020-07-08T15:47:00,STK_003,USR_004,USR_003,2014.25,1230,2477527.50,MM_Balance
M_000576,2020-07-08T15:53:00,STK_003,USR_003,USR_004,2014.25,2779,5597600.75,MM_Balance
M_000578,2020-07-09T11:35:06,STK_005,USR_003,USR_010,4301.94,140,602271.60,Normal
M_000581,2020-07-09T15:24:00,STK_003,USR_003,USR_004,2020.72,1136,2295537.92,MM_Balance
M_000580,2020-07-09T15:29:00,STK_004,USR_003,USR_004,1988.30,1028,2043972.40,MM_Balance
M_000579,2020-07-09T15:44:00,STK_003,USR_004,USR_003,2020.72,2616,5286203.52,MM_Balance
M_000582,2020-07-09T15:54:00,STK_004,USR_004,USR_003,1988.30,1310,2604673.00,MM_Balance
M_000583,2020-07-10T09:11:44,STK_002,USR_010,USR_004,1359.29,297,403709.13,Normal
M_000584,2020-07-10T10:25:44,STK_005,USR_004,USR_006,4312.24,180,776203.20,Normal
M_000588,2020-07-10T15:09:00,STK_004,USR_004,USR_003,1963.89,1310,2572695.90,MM_Balance
M_000585,2020-07-10T15:16:00,STK_003,USR_004,USR_003,2044.76,2281,4664097.56,MM_Balance
M_000587,2020-07-10T15:35:00,STK_003,USR_003,USR_004,2044.76,2933,5997281.08,MM_Balance
M_000586,2020-07-10T15:52:00,STK_004,USR_003,USR_004,1963.89,1310,2572695.90,MM_Balance
M_000591,2020-07-11T15:04:00,STK_003,USR_003,USR_004,2041.22,1650,3368013.00,MM_Balance
M_000592,2020-07-11T15:20:00,STK_004,USR_004,USR_003,1964.20,1310,2573102.00,MM_Balance
M_000589,2020-07-11T15:58:00,STK_003,USR_004,USR_003,2041.22,1880,3837493.60,MM_Balance
M_000590,2020-07-11T15:59:00,STK_004,USR_003,USR_004,1964.20,1310,2573102.00,MM_Balance
M_000593,2020-07-12T14:25:41,STK_001,USR_009,USR_004,3286.16,1,3286.16,Normal
M_000594,2020-07-12T15:05:00,STK_003,USR_004,USR_003,2020.98,1735,3506400.30,MM_Balance
M_000595,2020-07-12T15:32:00,STK_004,USR_003,USR_004,1921.90,1274,2448500.60,MM_Balance
M_000596,2020-07-12T15:41:00,STK_003,USR_003,USR_004,2020.98,2458,4967568.84,MM_Balance
M_000597,2020-07-12T15:54:00,STK_004,USR_004,USR_003,1921.90,1274,2448500.60,MM_Balance
M_000599,2020-07-13T15:15:00,STK_004,USR_003,USR_004,1965.19,1310,2574398.90,MM_Balance
M_000598,2020-07-13T15:20:00,STK_003,USR_004,USR_003,2007.08,2408,4833048.64,MM_Balance
M_000601,2020-07-13T15:47:00,STK_004,USR_004,USR_003,1965.19,1310,2574398.90,MM_Balance
M_000600,2020-07-13T15:49:00,STK_003,USR_003,USR_004,2007.08,1829,3670949.32,MM_Balance
M_000602,2020-07-14T13:41:52,STK_002,USR_005,USR_004,1331.22,2,2662.44,Normal
M_000603,2020-07-14T15:10:00,STK_003,USR_004,USR_003,2053.06,1944,3991148.64,MM_Balance
M_000605,2020-07-14T15:33:00,STK_003,USR_003,USR_004,2053.06,2413,4954033.78,MM_Balance
M_000604,2020-07-14T15:39:00,STK_004,USR_003,USR_004,1937.88,1310,2538622.80,MM_Balance
M_000606,2020-07-14T15:53:00,STK_004,USR_004,USR_003,1937.88,1310,2538622.80,MM_Balance
M_000607,2020-07-15T15:23:00,STK_003,USR_004,USR_003,2064.63,2298,4744519.74,MM_Balance
M_000610,2020-07-15T15:35:00,STK_004,USR_004,USR_003,1949.41,1310,2553727.10,MM_Balance
M_000608,2020-07-15T15:45:00,STK_004,USR_003,USR_004,1949.41,1310,2553727.10,MM_Balance
M_000609,2020-07-15T15:50:00,STK_003,USR_003,USR_004,2064.63,2488,5136799.44,MM_Balance
M_000611,2020-07-16T13:32:19,STK_003,USR_003,USR_010,1994.14,190,378886.60,Normal
M_000612,2020-07-16T15:26:00,STK_003,USR_004,USR_003,2063.34,1929,3980182.86,MM_Balance
M_000613,2020-07-16T15:38:00,STK_004,USR_003,USR_004,1934.71,1162,2248133.02,MM_Balance
M_000615,2020-07-16T15:40:00,STK_004,USR_004,USR_003,1934.71,1162,2248133.02,MM_Balance
M_000614,2020-07-16T15:56:00,STK_003,USR_003,USR_004,2063.34,1501,3097073.34,MM_Balance
M_000617,2020-07-17T15:02:00,STK_004,USR_003,USR_004,1952.48,1310,2557748.80,MM_Balance
M_000618,2020-07-17T15:19:00,STK_003,USR_003,USR_004,2092.06,2573,5382870.38,MM_Balance
M_000616,2020-07-17T15:29:00,STK_003,USR_004,USR_003,2092.06,2978,6230154.68,MM_Balance
M_000619,2020-07-17T15:57:00,STK_004,USR_004,USR_003,1952.48,1310,2557748.80,MM_Balance
M_000620,2020-07-18T10:54:36,STK_003,USR_004,USR_006,1855.31,279,517631.49,Normal
M_000622,2020-07-18T15:08:00,STK_004,USR_003,USR_004,1963.22,1310,2571818.20,MM_Balance
M_000621,2020-07-18T15:33:00,STK_003,USR_004,USR_003,2087.36,1531,3195748.16,MM_Balance
M_000623,2020-07-18T15:46:00,STK_003,USR_003,USR_004,2087.36,2064,4308311.04,MM_Balance
M_000624,2020-07-18T15:51:00,STK_004,USR_004,USR_003,1963.22,1310,2571818.20,MM_Balance
M_000625,2020-07-19T11:33:48,STK_003,USR_008,USR_003,1988.56,15,29828.40,Normal
M_000626,2020-07-19T15:00:00,STK_003,USR_004,USR_003,2054.11,2570,5279062.70,MM_Balance
M_000629,2020-07-19T15:11:00,STK_004,USR_004,USR_003,1971.86,1310,2583136.60,MM_Balance
M_000627,2020-07-19T15:21:00,STK_004,USR_003,USR_004,1971.86,1310,2583136.60,MM_Balance
M_000628,2020-07-19T15:46:00,STK_003,USR_003,USR_004,2054.11,1811,3719993.21,MM_Balance
M_000633,2020-07-20T15:09:00,STK_004,USR_004,USR_003,1963.40,1135,2228459.00,MM_Balance
M_000630,2020-07-20T15:34:00,STK_003,USR_004,USR_003,2056.68,2137,4395125.16,MM_Balance
M_000631,2020-07-20T15:36:00,STK_004,USR_003,USR_004,1963.40,1310,2572054.00,MM_Balance
M_000632,2020-07-20T15:58:00,STK_003,USR_003,USR_004,2056.68,2637,5423465.16,MM_Balance
M_000637,2020-07-21T15:12:00,STK_004,USR_004,USR_003,1949.61,1310,2553989.10,MM_Balance
M_000634,2020-07-21T15:19:00,STK_003,USR_004,USR_003,2057.52,2698,5551188.96,MM_Balance
M_000635,2020-07-21T15:19:00,STK_004,USR_003,USR_004,1949.61,1135,2212807.35,MM_Balance
M_000636,2020-07-21T15:23:00,STK_003,USR_003,USR_004,2057.52,1229,2528692.08,MM_Balance
M_000640,2020-07-22T15:29:00,STK_003,USR_003,USR_004,2031.93,1682,3417706.26,MM_Balance
M_000641,2020-07-22T15:33:00,STK_004,USR_004,USR_003,1936.10,1211,2344617.10,MM_Balance
M_000639,2020-07-22T15:54:00,STK_004,USR_003,USR_004,1936.10,1310,2536291.00,MM_Balance
M_000638,2020-07-22T15:59:00,STK_003,USR_004,USR_003,2031.93,1636,3324237.48,MM_Balance
M_000643,2020-07-23T15:15:00,STK_004,USR_003,USR_004,1941.51,1211,2351168.61,MM_Balance
M_000644,2020-07-23T15:19:00,STK_003,USR_003,USR_004,2018.24,1145,2310884.80,MM_Balance
M_000645,2020-07-23T15:28:00,STK_004,USR_004,USR_003,1941.51,1310,2543378.10,MM_Balance
M_000642,2020-07-23T15:45:00,STK_003,USR_004,USR_003,2018.24,1289,2601511.36,MM_Balance
M_000647,2020-07-24T15:08:00,STK_004,USR_003,USR_004,1949.54,1310,2553897.40,MM_Balance
M_000649,2020-07-24T15:29:00,STK_004,USR_004,USR_003,1949.54,1199,2337498.46,MM_Balance
M_000648,2020-07-24T15:51:00,STK_003,USR_003,USR_004,2031.03,2664,5410663.92,MM_Balance
M_000646,2020-07-24T15:59:00,STK_003,USR_004,USR_003,2031.03,2994,6080903.82,MM_Balance
M_000650,2020-07-25T10:33:16,STK_004,USR_003,USR_010,1985.07,189,375178.23,Normal
M_000652,2020-07-25T15:06:00,STK_004,USR_003,USR_004,1968.33,1199,2360027.67,MM_Balance
M_000651,2020-07-25T15:22:00,STK_003,USR_004,USR_003,2028.05,2572,5216144.60,MM_Balance
M_000654,2020-07-25T15:35:00,STK_004,USR_004,USR_003,1968.33,1499,2950526.67,MM_Balance
M_000653,2020-07-25T15:45:00,STK_003,USR_003,USR_004,2028.05,2674,5423005.70,MM_Balance
M_000658,2020-07-26T15:37:00,STK_004,USR_004,USR_003,1952.51,1234,2409397.34,MM_Balance
M_000656,2020-07-26T15:42:00,STK_004,USR_003,USR_004,1952.51,1354,2643698.54,MM_Balance
M_000655,2020-07-26T15:44:00,STK_003,USR_004,USR_003,2080.36,2115,4399961.40,MM_Balance
M_000657,2020-07-26T15:59:00,STK_003,USR_003,USR_004,2080.36,2514,5230025.04,MM_Balance
M_000661,2020-07-27T15:13:00,STK_003,USR_003,USR_004,2092.20,1400,2929080.00,MM_Balance
M_000659,2020-07-27T15:18:00,STK_003,USR_004,USR_003,2092.20,2088,4368513.60,MM_Balance
M_000660,2020-07-27T15:36:00,STK_004,USR_003,USR_004,1984.31,1379,2736363.49,MM_Balance
M_000662,2020-07-27T15:36:00,STK_004,USR_004,USR_003,1984.31,1499,2974480.69,MM_Balance
M_000663,2020-07-28T12:16:11,STK_005,USR_010,USR_003,4176.89,10,41768.90,Normal
M_000664,2020-07-28T14:22:18,STK_003,USR_003,USR_007,2027.35,130,263555.50,Normal
M_000665,2020-07-28T15:11:00,STK_003,USR_004,USR_003,2078.62,2356,4897228.72,MM_Balance
M_000666,2020-07-28T15:12:00,STK_004,USR_003,USR_004,1960.02,1284,2516665.68,MM_Balance
M_000668,2020-07-28T15:26:00,STK_004,USR_004,USR_003,1960.02,1284,2516665.68,MM_Balance
M_000667,2020-07-28T15:59:00,STK_003,USR_003,USR_004,2078.62,2727,5668396.74,MM_Balance
M_000669,2020-07-29T14:30:05,STK_002,USR_006,USR_004,1391.53,243,338141.79,Normal
M_000670,2020-07-29T15:14:00,STK_003,USR_004,USR_003,2095.94,1727,3619688.38,MM_Balance
M_000672,2020-07-29T15:31:00,STK_003,USR_003,USR_004,2095.94,2183,4575437.02,MM_Balance
M_000673,2020-07-29T15:32:00,STK_004,USR_004,USR_003,1920.94,1499,2879489.06,MM_Balance
M_000671,2020-07-29T15:38:00,STK_004,USR_003,USR_004,1920.94,1499,2879489.06,MM_Balance
M_000676,2020-07-30T15:03:00,STK_003,USR_003,USR_004,2104.73,2255,4746166.15,MM_Balance
M_000674,2020-07-30T15:40:00,STK_003,USR_004,USR_003,2104.73,1967,4140003.91,MM_Balance
M_000675,2020-07-30T15:40:00,STK_004,USR_003,USR_004,1907.40,1499,2859192.60,MM_Balance
M_000677,2020-07-30T15:49:00,STK_004,USR_004,USR_003,1907.40,1499,2859192.60,MM_Balance
M_000679,2020-07-31T11:33:26,STK_001,USR_004,USR_008,3223.05,117,377096.85,Normal
M_000678,2020-07-31T14:43:40,STK_005,USR_004,USR_009,4127.32,298,1229941.36,Normal
M_000680,2020-07-31T15:11:00,STK_003,USR_004,USR_003,2085.35,2236,4662842.60,MM_Balance
M_000682,2020-07-31T15:11:00,STK_003,USR_003,USR_004,2085.35,2654,5534518.90,MM_Balance
M_000681,2020-07-31T15:28:00,STK_004,USR_003,USR_004,1910.63,1499,2864034.37,MM_Balance
M_000683,2020-07-31T15:44:00,STK_004,USR_004,USR_003,1910.63,1499,2864034.37,MM_Balance
M_000684,2020-08-01T15:10:00,STK_003,USR_004,USR_003,2098.05,1107,2322541.35,MM_Balance
M_000685,2020-08-01T15:30:00,STK_004,USR_003,USR_004,1889.76,1499,2832750.24,MM_Balance
M_000687,2020-08-01T15:43:00,STK_004,USR_004,USR_003,1889.76,1499,2832750.24,MM_Balance
M_000686,2020-08-01T15:47:00,STK_003,USR_003,USR_004,2098.05,1975,4143648.75,MM_Balance
M_000688,2020-08-02T14:56:06,STK_005,USR_010,USR_004,4116.43,231,950895.33,Normal
M_000692,2020-08-02T15:00:00,STK_004,USR_004,USR_003,1897.19,1499,2843887.81,MM_Balance
M_000690,2020-08-02T15:21:00,STK_004,USR_003,USR_004,1897.19,1499,2843887.81,MM_Balance
M_000691,2020-08-02T15:35:00,STK_003,USR_003,USR_004,2146.71,1641,3522751.11,MM_Balance
M_000689,2020-08-02T15:43:00,STK_003,USR_004,USR_003,2146.71,2503,5373215.13,MM_Balance
M_000693,2020-08-03T14:58:35,STK_005,USR_010,USR_003,4062.30,39,158429.70,Normal
M_000695,2020-08-03T15:07:00,STK_004,USR_003,USR_004,1882.28,1499,2821537.72,MM_Balance
M_000696,2020-08-03T15:18:00,STK_003,USR_003,USR_004,2167.25,1518,3289885.50,MM_Balance
M_000694,2020-08-03T15:42:00,STK_003,USR_004,USR_003,2167.25,1769,3833865.25,MM_Balance
M_000697,2020-08-03T15:59:00,STK_004,USR_004,USR_003,1882.28,1499,2821537.72,MM_Balance
M_000698,2020-08-04T09:58:01,STK_005,USR_006,USR_004,4169.36,121,504492.56,Normal
M_000699,2020-08-04T15:04:00,STK_003,USR_004,USR_003,2120.59,1071,2271151.89,MM_Balance
M_000701,2020-08-04T15:28:00,STK_003,USR_003,USR_004,2120.59,2591,5494448.69,MM_Balance
M_000702,2020-08-04T15:31:00,STK_004,USR_004,USR_003,1889.59,1499,2832495.41,MM_Balance
M_000700,2020-08-04T15:46:00,STK_004,USR_003,USR_004,1889.59,1499,2832495.41,MM_Balance
M_000703,2020-08-05T15:14:00,STK_003,USR_004,USR_003,2114.43,2106,4452989.58,MM_Balance
M_000705,2020-08-05T15:36:00,STK_003,USR_003,USR_004,2114.43,1248,2638808.64,MM_Balance
M_000706,2020-08-05T15:43:00,STK_004,USR_004,USR_003,1894.65,1499,2840080.35,MM_Balance
M_000704,2020-08-05T15:44:00,STK_004,USR_003,USR_004,1894.65,1499,2840080.35,MM_Balance
M_000710,2020-08-06T15:01:00,STK_004,USR_004,USR_003,1880.33,1499,2818614.67,MM_Balance
M_000707,2020-08-06T15:24:00,STK_003,USR_004,USR_003,2110.74,2001,4223590.74,MM_Balance
M_000708,2020-08-06T15:34:00,STK_004,USR_003,USR_004,1880.33,1499,2818614.67,MM_Balance
M_000709,2020-08-06T15:34:00,STK_003,USR_003,USR_004,2110.74,2023,4270027.02,MM_Balance
M_000713,2020-08-07T09:58:04,STK_005,USR_010,USR_003,4249.96,29,123248.84,Normal
M_000712,2020-08-07T11:47:50,STK_002,USR_009,USR_003,1479.73,98,145013.54,Normal
M_000714,2020-08-07T12:52:46,STK_005,USR_006,USR_003,4239.13,42,178043.46,Normal
M_000711,2020-08-07T14:37:42,STK_002,USR_004,USR_005,1479.29,19,28106.51,Normal
M_000717,2020-08-07T15:02:00,STK_003,USR_003,USR_004,2120.76,2565,5439749.40,MM_Balance
M_000718,2020-08-07T15:04:00,STK_004,USR_004,USR_003,1879.86,1499,2817910.14,MM_Balance
M_000715,2020-08-07T15:07:00,STK_003,USR_004,USR_003,2120.76,1664,3528944.64,MM_Balance
M_000716,2020-08-07T15:53:00,STK_004,USR_003,USR_004,1879.86,1499,2817910.14,MM_Balance
M_000719,2020-08-08T13:25:56,STK_005,USR_004,USR_006,4247.52,90,382276.80,Normal
M_000720,2020-08-08T14:24:15,STK_001,USR_010,USR_003,3288.65,1,3288.65,Normal
M_000721,2020-08-08T15:09:00,STK_003,USR_004,USR_003,2107.83,1422,2997334.26,MM_Balance
M_000723,2020-08-08T15:11:00,STK_003,USR_003,USR_004,2107.83,1489,3138558.87,MM_Balance
M_000724,2020-08-08T15:11:00,STK_004,USR_004,USR_003,1876.34,1499,2812633.66,MM_Balance
M_000722,2020-08-08T15:28:00,STK_004,USR_003,USR_004,1876.34,1499,2812633.66,MM_Balance
M_000725,2020-08-09T15:03:00,STK_003,USR_004,USR_003,2066.19,1566,3235653.54,MM_Balance
M_000728,2020-08-09T15:11:00,STK_004,USR_004,USR_003,1858.72,1230,2286225.60,MM_Balance
M_000726,2020-08-09T15:50:00,STK_004,USR_003,USR_004,1858.72,1230,2286225.60,MM_Balance
M_000727,2020-08-09T15:54:00,STK_003,USR_003,USR_004,2066.19,2403,4965054.57,MM_Balance
M_000729,2020-08-10T15:07:00,STK_003,USR_004,USR_003,2097.82,2054,4308922.28,MM_Balance
M_000732,2020-08-10T15:12:00,STK_004,USR_004,USR_003,1881.37,1499,2820173.63,MM_Balance
M_000730,2020-08-10T15:15:00,STK_004,USR_003,USR_004,1881.37,1499,2820173.63,MM_Balance
M_000731,2020-08-10T15:37:00,STK_003,USR_003,USR_004,2097.82,2213,4642475.66,MM_Balance
M_000733,2020-08-11T10:14:29,STK_005,USR_004,USR_006,4210.54,101,425264.54,Normal
M_000736,2020-08-11T15:08:00,STK_003,USR_003,USR_004,2090.75,1687,3527095.25,MM_Balance
M_000734,2020-08-11T15:12:00,STK_003,USR_004,USR_003,2090.75,2474,5172515.50,MM_Balance
M_000735,2020-08-11T15:17:00,STK_004,USR_003,USR_004,1869.83,1499,2802875.17,MM_Balance
M_000737,2020-08-11T15:36:00,STK_004,USR_004,USR_003,1869.83,1499,2802875.17,MM_Balance
M_000738,2020-08-12T15:00:00,STK_003,USR_004,USR_003,2090.81,1571,3284662.51,MM_Balance
M_000741,2020-08-12T15:14:00,STK_004,USR_004,USR_003,1878.00,1499,2815122.00,MM_Balance
M_000740,2020-08-12T15:20:00,STK_003,USR_003,USR_004,2090.81,1507,3150850.67,MM_Balance
M_000739,2020-08-12T15:55:00,STK_004,USR_003,USR_004,1878.00,1499,2815122.00,MM_Balance
M_000742,2020-08-13T15:05:00,STK_003,USR_004,USR_003,2110.34,2326,4908650.84,MM_Balance
M_000745,2020-08-13T15:36:00,STK_004,USR_004,USR_003,1852.33,1499,2776642.67,MM_Balance
M_000743,2020-08-13T15:42:00,STK_004,USR_003,USR_004,1852.33,1499,2776642.67,MM_Balance
M_000744,2020-08-13T15:45:00,STK_003,USR_003,USR_004,2110.34,1331,2808862.54,MM_Balance
M_000746,2020-08-14T11:41:58,STK_001,USR_005,USR_004,3258.30,8,26066.40,Normal
M_000750,2020-08-14T15:03:00,STK_004,USR_004,USR_003,1804.34,1499,2704705.66,MM_Balance
M_000747,2020-08-14T15:56:00,STK_003,USR_004,USR_003,2098.18,2270,4762868.60,MM_Balance
M_000749,2020-08-14T15:58:00,STK_003,USR_003,USR_004,2098.18,2054,4309661.72,MM_Balance
M_000748,2020-08-14T15:59:00,STK_004,USR_003,USR_004,1804.34,1499,2704705.66,MM_Balance
M_000751,2020-08-15T13:21:19,STK_003,USR_003,USR_007,2027.19,245,496661.55,Normal
M_000753,2020-08-15T15:03:00,STK_004,USR_003,USR_004,1814.79,1499,2720370.21,MM_Balance
M_000754,2020-08-15T15:22:00,STK_003,USR_003,USR_004,2097.86,1763,3698527.18,MM_Balance
M_000755,2020-08-15T15:32:00,STK_004,USR_004,USR_003,1814.79,1499,2720370.21,MM_Balance
M_000752,2020-08-15T15:43:00,STK_003,USR_004,USR_003,2097.86,2031,4260753.66,MM_Balance
M_000756,2020-08-16T09:12:23,STK_002,USR_005,USR_003,1461.30,1,1461.30,Normal
M_000759,2020-08-16T15:12:00,STK_003,USR_003,USR_004,2097.28,1597,3349356.16,MM_Balance
M_000757,2020-08-16T15:22:00,STK_003,USR_004,USR_003,2097.28,1970,4131641.60,MM_Balance
M_000758,2020-08-16T15:47:00,STK_004,USR_003,USR_004,1797.85,1499,2694977.15,MM_Balance
M_000760,2020-08-16T15:55:00,STK_004,USR_004,USR_003,1797.85,1045,1878753.25,MM_Balance
M_000762,2020-08-17T15:10:00,STK_004,USR_003,USR_004,1824.30,1045,1906393.50,MM_Balance
M_000764,2020-08-17T15:11:00,STK_004,USR_004,USR_003,1824.30,1373,2504763.90,MM_Balance
M_000761,2020-08-17T15:22:00,STK_003,USR_004,USR_003,2063.44,1303,2688662.32,MM_Balance
M_000763,2020-08-17T15:34:00,STK_003,USR_003,USR_004,2063.44,2457,5069872.08,MM_Balance
M_000766,2020-08-18T15:01:00,STK_004,USR_003,USR_004,1857.61,1373,2550498.53,MM_Balance
M_000765,2020-08-18T15:19:00,STK_003,USR_004,USR_003,2050.95,2092,4290587.40,MM_Balance
M_000768,2020-08-18T15:29:00,STK_004,USR_004,USR_003,1857.61,1499,2784557.39,MM_Balance
M_000767,2020-08-18T15:31:00,STK_003,USR_003,USR_004,2050.95,2906,5960060.70,MM_Balance
M_000769,2020-08-19T09:50:30,STK_001,USR_004,USR_009,3273.74,122,399396.28,Normal
M_000772,2020-08-19T15:01:00,STK_003,USR_003,USR_004,2038.52,1400,2853928.00,MM_Balance
M_000770,2020-08-19T15:33:00,STK_003,USR_004,USR_003,2038.52,2194,4472512.88,MM_Balance
M_000773,2020-08-19T15:54:00,STK_004,USR_004,USR_003,1871.40,1499,2805228.60,MM_Balance
M_000771,2020-08-19T15:59:00,STK_004,USR_003,USR_004,1871.40,1499,2805228.60,MM_Balance
M_000774,2020-08-20T11:35:27,STK_004,USR_004,USR_009,1868.53,207,386785.71,Normal
M_000776,2020-08-20T15:10:00,STK_004,USR_003,USR_004,1858.72,1591,2957223.52,MM_Balance
M_000775,2020-08-20T15:26:00,STK_003,USR_004,USR_003,2047.90,2518,5156612.20,MM_Balance
M_000778,2020-08-20T15:53:00,STK_004,USR_004,USR_003,1858.72,1285,2388455.20,MM_Balance
M_000777,2020-08-20T15:57:00,STK_003,USR_003,USR_004,2047.90,2492,5103366.80,MM_Balance
M_000781,2020-08-21T15:01:00,STK_003,USR_003,USR_004,2020.31,1459,2947632.29,MM_Balance
M_000782,2020-08-21T15:16:00,STK_004,USR_004,USR_003,1840.66,1315,2420467.90,MM_Balance
M_000780,2020-08-21T15:35:00,STK_004,USR_003,USR_004,1840.66,1400,2576924.00,MM_Balance
M_000779,2020-08-21T15:37:00,STK_003,USR_004,USR_003,2020.31,2709,5473019.79,MM_Balance
M_000783,2020-08-22T12:17:34,STK_003,USR_009,USR_004,1807.36,44,79523.84,Normal
M_000786,2020-08-22T15:03:00,STK_003,USR_003,USR_004,2044.27,2191,4478995.57,MM_Balance
M_000785,2020-08-22T15:16:00,STK_004,USR_003,USR_004,1853.89,1315,2437865.35,MM_Balance
M_000787,2020-08-22T15:29:00,STK_004,USR_004,USR_003,1853.89,1654,3066334.06,MM_Balance
M_000784,2020-08-22T15:32:00,STK_003,USR_004,USR_003,2044.27,1764,3606092.28,MM_Balance
M_000789,2020-08-23T11:44:25,STK_002,USR_007,USR_004,1507.79,171,257832.09,Normal
M_000788,2020-08-23T14:42:59,STK_003,USR_003,USR_009,1975.55,216,426718.80,Normal
M_000790,2020-08-23T15:08:00,STK_003,USR_004,USR_003,2037.67,1026,2090649.42,MM_Balance
M_000793,2020-08-23T15:13:00,STK_004,USR_004,USR_003,1849.24,1209,2235731.16,MM_Balance
M_000792,2020-08-23T15:21:00,STK_003,USR_003,USR_004,2037.67,1843,3755425.81,MM_Balance
M_000791,2020-08-23T15:49:00,STK_004,USR_003,USR_004,1849.24,1654,3058642.96,MM_Balance
M_000794,2020-08-24T12:18:00,STK_002,USR_003,USR_005,1504.84,166,249803.44,Normal
M_000796,2020-08-24T15:08:00,STK_004,USR_003,USR_004,1850.29,1209,2237000.61,MM_Balance
M_000798,2020-08-24T15:13:00,STK_004,USR_004,USR_003,1850.29,1256,2323964.24,MM_Balance
M_000797,2020-08-24T15:14:00,STK_003,USR_003,USR_004,2056.58,2409,4954301.22,MM_Balance
M_000795,2020-08-24T15:47:00,STK_003,USR_004,USR_003,2056.58,1058,2175861.64,MM_Balance
M_000799,2020-08-25T11:18:10,STK_005,USR_003,USR_010,4467.05,250,1116762.50,Normal
M_000800,2020-08-25T14:28:39,STK_003,USR_005,USR_003,1988.66,59,117330.94,Normal
M_000802,2020-08-25T15:10:00,STK_004,USR_003,USR_004,1843.54,1256,2315486.24,MM_Balance
M_000803,2020-08-25T15:36:00,STK_003,USR_003,USR_004,2078.63,2034,4227933.42,MM_Balance
M_000801,2020-08-25T15:37:00,STK_003,USR_004,USR_003,2078.63,2943,6117408.09,MM_Balance
M_000804,2020-08-25T15:52:00,STK_004,USR_004,USR_003,1843.54,1202,2215935.08,MM_Balance
M_000807,2020-08-26T15:14:00,STK_003,USR_003,USR_004,2074.04,2053,4258004.12,MM_Balance
M_000806,2020-08-26T15:27:00,STK_004,USR_003,USR_004,1838.44,1202,2209804.88,MM_Balance
M_000808,2020-08-26T15:48:00,STK_004,USR_004,USR_003,1838.44,1231,2263119.64,MM_Balance
M_000805,2020-08-26T15:53:00,STK_003,USR_004,USR_003,2074.04,1370,2841434.80,MM_Balance
M_000809,2020-08-27T13:09:33,STK_003,USR_004,USR_008,1841.42,69,127057.98,Normal
M_000813,2020-08-27T15:00:00,STK_004,USR_004,USR_003,1835.37,1367,2508950.79,MM_Balance
M_000812,2020-08-27T15:43:00,STK_003,USR_003,USR_004,2061.94,2923,6027050.62,MM_Balance
M_000811,2020-08-27T15:53:00,STK_004,USR_003,USR_004,1835.37,1231,2259340.47,MM_Balance
M_000810,2020-08-27T15:54:00,STK_003,USR_004,USR_003,2061.94,1386,2857848.84,MM_Balance
M_000815,2020-08-28T15:14:00,STK_004,USR_003,USR_004,1847.53,1251,2311260.03,MM_Balance
M_000816,2020-08-28T15:31:00,STK_003,USR_003,USR_004,2077.09,2485,5161568.65,MM_Balance
M_000817,2020-08-28T15:45:00,STK_004,USR_004,USR_003,1847.53,1590,2937572.70,MM_Balance
M_000814,2020-08-28T15:54:00,STK_003,USR_004,USR_003,2077.09,2218,4606985.62,MM_Balance
M_000818,2020-08-29T10:37:48,STK_001,USR_005,USR_003,3449.79,38,131092.02,Normal
M_000820,2020-08-29T15:04:00,STK_004,USR_003,USR_004,1835.50,1706,3131363.00,MM_Balance
M_000819,2020-08-29T15:19:00,STK_003,USR_004,USR_003,2085.40,1312,2736044.80,MM_Balance
M_000821,2020-08-29T15:29:00,STK_003,USR_003,USR_004,2085.40,2623,5470004.20,MM_Balance
M_000822,2020-08-29T15:42:00,STK_004,USR_004,USR_003,1835.50,1601,2938635.50,MM_Balance
M_000823,2020-08-30T10:13:26,STK_002,USR_004,USR_007,1497.72,94,140785.68,Normal
M_000827,2020-08-30T15:03:00,STK_004,USR_004,USR_003,1866.74,1706,3184658.44,MM_Balance
M_000825,2020-08-30T15:35:00,STK_004,USR_003,USR_004,1866.74,1601,2988650.74,MM_Balance
M_000826,2020-08-30T15:35:00,STK_003,USR_003,USR_004,2091.84,1974,4129292.16,MM_Balance
M_000824,2020-08-30T15:43:00,STK_003,USR_004,USR_003,2091.84,2165,4528833.60,MM_Balance
M_000829,2020-08-31T11:13:22,STK_003,USR_004,USR_005,1902.65,59,112256.35,Normal
M_000828,2020-08-31T14:18:55,STK_001,USR_003,USR_006,3513.31,197,692122.07,Normal
M_000831,2020-08-31T15:10:00,STK_004,USR_003,USR_004,1873.86,1691,3168697.26,MM_Balance
M_000830,2020-08-31T15:19:00,STK_003,USR_004,USR_003,2107.60,2779,5857020.40,MM_Balance
M_000832,2020-08-31T15:20:00,STK_003,USR_003,USR_004,2107.60,2102,4430175.20,MM_Balance
M_000833,2020-08-31T15:42:00,STK_004,USR_004,USR_003,1873.86,1691,3168697.26,MM_Balance
M_000835,2020-09-01T15:27:00,STK_004,USR_003,USR_004,1862.98,1706,3178243.88,MM_Balance
M_000834,2020-09-01T15:39:00,STK_003,USR_004,USR_003,2089.67,1341,2802247.47,MM_Balance
M_000836,2020-09-01T15:40:00,STK_003,USR_003,USR_004,2089.67,2017,4214864.39,MM_Balance
M_000837,2020-09-01T15:54:00,STK_004,USR_004,USR_003,1862.98,1706,3178243.88,MM_Balance
M_000841,2020-09-02T15:26:00,STK_004,USR_004,USR_003,1871.26,1409,2636605.34,MM_Balance
M_000840,2020-09-02T15:42:00,STK_003,USR_003,USR_004,2064.68,1886,3893986.48,MM_Balance
M_000839,2020-09-02T15:51:00,STK_004,USR_003,USR_004,1871.26,1706,3192369.56,MM_Balance
M_000838,2020-09-02T15:52:00,STK_003,USR_004,USR_003,2064.68,2334,4818963.12,MM_Balance
M_000844,2020-09-03T15:09:00,STK_003,USR_003,USR_004,2064.98,1947,4020516.06,MM_Balance
M_000843,2020-09-03T15:12:00,STK_004,USR_003,USR_004,1856.57,1409,2615907.13,MM_Balance
M_000842,2020-09-03T15:36:00,STK_003,USR_004,USR_003,2064.98,2914,6017351.72,MM_Balance
M_000845,2020-09-03T15:47:00,STK_004,USR_004,USR_003,1856.57,1308,2428393.56,MM_Balance
M_000846,2020-09-04T11:49:35,STK_002,USR_005,USR_003,1471.31,77,113290.87,Normal
M_000849,2020-09-04T15:01:00,STK_003,USR_003,USR_004,2046.66,1279,2617678.14,MM_Balance
M_000848,2020-09-04T15:10:00,STK_004,USR_003,USR_004,1848.45,1308,2417772.60,MM_Balance
M_000847,2020-09-04T15:41:00,STK_003,USR_004,USR_003,2046.66,1864,3814974.24,MM_Balance
M_000850,2020-09-04T15:51:00,STK_004,USR_004,USR_003,1848.45,1706,3153455.70,MM_Balance
M_000851,2020-09-05T13:33:12,STK_002,USR_008,USR_003,1461.74,67,97936.58,Normal
M_000853,2020-09-05T15:38:00,STK_004,USR_003,USR_004,1865.69,1487,2774281.03,MM_Balance
M_000854,2020-09-05T15:51:00,STK_003,USR_003,USR_004,2051.26,2583,5298404.58,MM_Balance
M_000855,2020-09-05T15:53:00,STK_004,USR_004,USR_003,1865.69,1487,2774281.03,MM_Balance
M_000852,2020-09-05T15:56:00,STK_003,USR_004,USR_003,2051.26,2016,4135340.16,MM_Balance
M_000857,2020-09-06T15:17:00,STK_004,USR_003,USR_004,1913.42,1706,3264294.52,MM_Balance
M_000859,2020-09-06T15:19:00,STK_004,USR_004,USR_003,1913.42,1706,3264294.52,MM_Balance
M_000858,2020-09-06T15:30:00,STK_003,USR_003,USR_004,2039.94,1743,3555615.42,MM_Balance
M_000856,2020-09-06T15:43:00,STK_003,USR_004,USR_003,2039.94,1972,4022761.68,MM_Balance
M_000860,2020-09-07T12:34:37,STK_002,USR_004,USR_010,1508.71,208,313811.68,Normal
M_000864,2020-09-07T15:02:00,STK_004,USR_004,USR_003,1952.86,1706,3331579.16,MM_Balance
M_000861,2020-09-07T15:13:00,STK_003,USR_004,USR_003,2080.86,1609,3348103.74,MM_Balance
M_000862,2020-09-07T15:28:00,STK_004,USR_003,USR_004,1952.86,1706,3331579.16,MM_Balance
M_000863,2020-09-07T15:51:00,STK_003,USR_003,USR_004,2080.86,2801,5828488.86,MM_Balance
M_000866,2020-09-08T15:03:00,STK_004,USR_003,USR_004,1936.89,1706,3304334.34,MM_Balance
M_000868,2020-09-08T15:25:00,STK_004,USR_004,USR_003,1936.89,1006,1948511.34,MM_Balance
M_000867,2020-09-08T15:28:00,STK_003,USR_003,USR_004,2069.39,2290,4738903.10,MM_Balance
M_000865,2020-09-08T15:44:00,STK_003,USR_004,USR_003,2069.39,1928,3989783.92,MM_Balance
M_000872,2020-09-09T15:01:00,STK_004,USR_004,USR_003,1955.39,1042,2037516.38,MM_Balance
M_000870,2020-09-09T15:25:00,STK_004,USR_003,USR_004,1955.39,1006,1967122.34,MM_Balance
M_000869,2020-09-09T15:26:00,STK_003,USR_004,USR_003,2083.80,1172,2442213.60,MM_Balance
M_000871,2020-09-09T15:53:00,STK_003,USR_003,USR_004,2083.80,2934,6113869.20,MM_Balance
M_000873,2020-09-10T12:20:56,STK_005,USR_004,USR_007,4611.62,143,659461.66,Normal
M_000875,2020-09-10T15:08:00,STK_004,USR_003,USR_004,1941.37,1042,2022907.54,MM_Balance
M_000876,2020-09-10T15:13:00,STK_003,USR_003,USR_004,2079.76,2753,5725579.28,MM_Balance
M_000877,2020-09-10T15:18:00,STK_004,USR_004,USR_003,1941.37,1706,3311977.22,MM_Balance
M_000874,2020-09-10T15:47:00,STK_003,USR_004,USR_003,2079.76,1589,3304738.64,MM_Balance
M_000878,2020-09-11T10:55:53,STK_002,USR_004,USR_002,1503.33,16354,24585458.82,Normal
M_000879,2020-09-11T15:06:00,STK_003,USR_004,USR_003,2058.46,1149,2365170.54,MM_Balance
M_000883,2020-09-11T15:16:00,STK_004,USR_004,USR_003,1977.37,1010,1997143.70,MM_Balance
M_000880,2020-09-11T15:21:00,STK_004,USR_003,USR_004,1977.37,1106,2186971.22,MM_Balance
M_000882,2020-09-11T15:42:00,STK_003,USR_003,USR_004,2058.46,2241,4613008.86,MM_Balance
M_000881,2020-09-11T15:58:00,STK_002,USR_003,USR_004,1528.62,1964,3002209.68,MM_Balance
M_000884,2020-09-12T13:32:38,STK_001,USR_009,USR_004,3596.99,32,115103.68,Normal
M_000889,2020-09-12T15:10:00,STK_004,USR_004,USR_003,1998.90,1675,3348157.50,MM_Balance
M_000888,2020-09-12T15:20:00,STK_003,USR_003,USR_004,2050.80,2058,4220546.40,MM_Balance
M_000885,2020-09-12T15:23:00,STK_003,USR_004,USR_003,2050.80,2531,5190574.80,MM_Balance
M_000887,2020-09-12T15:53:00,STK_002,USR_003,USR_004,1513.96,2255,3413979.80,MM_Balance
M_000886,2020-09-12T15:57:00,STK_004,USR_003,USR_004,1998.90,1579,3156263.10,MM_Balance
M_000891,2020-09-13T15:22:00,STK_003,USR_004,USR_003,2053.69,1253,2573273.57,MM_Balance
M_000894,2020-09-13T15:32:00,STK_003,USR_003,USR_004,2053.69,2535,5206104.15,MM_Balance
M_000893,2020-09-13T15:53:00,STK_002,USR_003,USR_004,1497.00,1369,2049393.00,MM_Balance
M_000890,2020-09-13T15:54:00,STK_002,USR_004,USR_003,1497.00,1230,1841310.00,MM_Balance
M_000892,2020-09-13T15:55:00,STK_004,USR_003,USR_004,1963.55,1417,2782350.35,MM_Balance
M_000895,2020-09-13T15:57:00,STK_004,USR_004,USR_003,1963.55,1417,2782350.35,MM_Balance
M_000897,2020-09-14T09:03:10,STK_004,USR_007,USR_004,1961.40,147,288325.80,Normal
M_000896,2020-09-14T09:57:55,STK_001,USR_006,USR_004,3531.74,201,709879.74,Normal
M_000903,2020-09-14T15:04:00,STK_004,USR_004,USR_003,1953.09,1432,2796824.88,MM_Balance
M_000898,2020-09-14T15:39:00,STK_002,USR_004,USR_003,1473.13,2343,3451543.59,MM_Balance
M_000901,2020-09-14T15:41:00,STK_002,USR_003,USR_004,1473.13,2641,3890536.33,MM_Balance
M_000899,2020-09-14T15:46:00,STK_003,USR_004,USR_003,2064.24,1665,3436959.60,MM_Balance
M_000902,2020-09-14T15:51:00,STK_003,USR_003,USR_004,2064.24,1661,3428702.64,MM_Balance
M_000900,2020-09-14T15:55:00,STK_004,USR_003,USR_004,1953.09,1432,2796824.88,MM_Balance
M_000904,2020-09-15T11:35:36,STK_002,USR_008,USR_003,1448.99,208,301389.92,Normal
M_000908,2020-09-15T15:17:00,STK_002,USR_003,USR_004,1497.60,1975,2957760.00,MM_Balance
M_000906,2020-09-15T15:23:00,STK_003,USR_004,USR_003,2054.80,2704,5556179.20,MM_Balance
M_000910,2020-09-15T15:23:00,STK_004,USR_004,USR_003,1941.32,1559,3026517.88,MM_Balance
M_000907,2020-09-15T15:28:00,STK_004,USR_003,USR_004,1941.32,1559,3026517.88,MM_Balance
M_000905,2020-09-15T15:42:00,STK_002,USR_004,USR_003,1497.60,1735,2598336.00,MM_Balance
M_000909,2020-09-15T15:48:00,STK_003,USR_003,USR_004,2054.80,1184,2432883.20,MM_Balance
M_000911,2020-09-16T13:20:50,STK_004,USR_010,USR_004,1945.27,50,97263.50,Normal
M_000914,2020-09-16T15:04:00,STK_004,USR_003,USR_004,1939.38,1509,2926524.42,MM_Balance
M_000915,2020-09-16T15:06:00,STK_002,USR_003,USR_004,1509.08,2051,3095123.08,MM_Balance
M_000916,2020-09-16T15:06:00,STK_003,USR_003,USR_004,2080.01,1845,3837618.45,MM_Balance
M_000912,2020-09-16T15:15:00,STK_002,USR_004,USR_003,1509.08,2723,4109224.84,MM_Balance
M_000913,2020-09-16T15:36:00,STK_003,USR_004,USR_003,2080.01,1605,3338416.05,MM_Balance
M_000917,2020-09-16T15:46:00,STK_004,USR_004,USR_003,1939.38,1509,2926524.42,MM_Balance
M_000918,2020-09-17T13:05:43,STK_003,USR_008,USR_004,1914.36,144,275667.84,Normal
M_000924,2020-09-17T15:10:00,STK_004,USR_004,USR_003,1957.10,1027,2009941.70,MM_Balance
M_000919,2020-09-17T15:11:00,STK_002,USR_004,USR_003,1505.66,1432,2156105.12,MM_Balance
M_000923,2020-09-17T15:25:00,STK_003,USR_003,USR_004,2087.66,1011,2110624.26,MM_Balance
M_000922,2020-09-17T15:34:00,STK_002,USR_003,USR_004,1505.66,1888,2842686.08,MM_Balance
M_000920,2020-09-17T15:38:00,STK_003,USR_004,USR_003,2087.66,2529,5279692.14,MM_Balance
M_000921,2020-09-17T15:43:00,STK_004,USR_003,USR_004,1957.10,1509,2953263.90,MM_Balance
M_000925,2020-09-18T09:08:40,STK_002,USR_003,USR_007,1462.47,107,156484.29,Normal
M_000926,2020-09-18T14:41:54,STK_004,USR_003,USR_009,1924.60,133,255971.80,Normal
M_000929,2020-09-18T15:07:00,STK_004,USR_003,USR_004,1909.65,1027,1961210.55,MM_Balance
M_000930,2020-09-18T15:09:00,STK_002,USR_003,USR_004,1505.34,2848,4287208.32,MM_Balance
M_000927,2020-09-18T15:19:00,STK_002,USR_004,USR_003,1505.34,1176,1770279.84,MM_Balance
M_000928,2020-09-18T15:30:00,STK_003,USR_004,USR_003,2072.06,1303,2699894.18,MM_Balance
M_000931,2020-09-18T15:31:00,STK_003,USR_003,USR_004,2072.06,2973,6160234.38,MM_Balance
M_000932,2020-09-18T15:55:00,STK_004,USR_004,USR_003,1909.65,1040,1986036.00,MM_Balance
M_000935,2020-09-19T15:01:00,STK_004,USR_003,USR_004,1899.55,1040,1975532.00,MM_Balance
M_000936,2020-09-19T15:20:00,STK_002,USR_003,USR_004,1513.10,2180,3298558.00,MM_Balance
M_000938,2020-09-19T15:30:00,STK_004,USR_004,USR_003,1899.55,1642,3119061.10,MM_Balance
M_000933,2020-09-19T15:31:00,STK_002,USR_004,USR_003,1513.10,1818,2750815.80,MM_Balance
M_000934,2020-09-19T15:45:00,STK_003,USR_004,USR_003,2039.68,1474,3006488.32,MM_Balance
M_000937,2020-09-19T15:57:00,STK_003,USR_003,USR_004,2039.68,1548,3157424.64,MM_Balance
M_000943,2020-09-20T15:13:00,STK_003,USR_003,USR_004,2012.01,2273,4573298.73,MM_Balance
M_000941,2020-09-20T15:26:00,STK_004,USR_003,USR_004,1908.41,1642,3133609.22,MM_Balance
M_000942,2020-09-20T15:30:00,STK_002,USR_003,USR_004,1517.55,2630,3991156.50,MM_Balance
M_000940,2020-09-20T15:45:00,STK_003,USR_004,USR_003,2012.01,2480,4989784.80,MM_Balance
M_000944,2020-09-20T15:47:00,STK_004,USR_004,USR_003,1908.41,1642,3133609.22,MM_Balance
M_000939,2020-09-20T15:56:00,STK_002,USR_004,USR_003,1517.55,1268,1924253.40,MM_Balance
M_000946,2020-09-21T15:04:00,STK_003,USR_004,USR_003,1997.23,2652,5296653.96,MM_Balance
M_000947,2020-09-21T15:07:00,STK_004,USR_003,USR_004,1892.95,1642,3108223.90,MM_Balance
M_000949,2020-09-21T15:16:00,STK_003,USR_003,USR_004,1997.23,1996,3986471.08,MM_Balance
M_000950,2020-09-21T15:22:00,STK_004,USR_004,USR_003,1892.95,1642,3108223.90,MM_Balance
M_000948,2020-09-21T15:35:00,STK_002,USR_003,USR_004,1535.22,1247,1914419.34,MM_Balance
M_000945,2020-09-21T15:55:00,STK_002,USR_004,USR_003,1535.22,2695,4137417.90,MM_Balance
M_000951,2020-09-22T09:57:34,STK_001,USR_003,USR_010,3561.64,290,1032875.60,Normal
M_000953,2020-09-22T15:28:00,STK_003,USR_004,USR_003,1998.46,2450,4896227.00,MM_Balance
M_000955,2020-09-22T15:41:00,STK_002,USR_003,USR_004,1519.63,1315,1998313.45,MM_Balance
M_000952,2020-09-22T15:46:00,STK_002,USR_004,USR_003,1519.63,1321,2007431.23,MM_Balance
M_000956,2020-09-22T15:52:00,STK_003,USR_003,USR_004,1998.46,1685,3367405.10,MM_Balance
M_000957,2020-09-22T15:54:00,STK_004,USR_004,USR_003,1901.06,1251,2378226.06,MM_Balance
M_000954,2020-09-22T15:55:00,STK_004,USR_003,USR_004,1901.06,1642,3121540.52,MM_Balance
M_000958,2020-09-23T11:14:02,STK_003,USR_009,USR_004,1821.89,194,353446.66,Normal
M_000960,2020-09-23T15:01:00,STK_003,USR_004,USR_003,2000.18,2932,5864527.76,MM_Balance
M_000963,2020-09-23T15:21:00,STK_003,USR_003,USR_004,2000.18,1173,2346211.14,MM_Balance
M_000961,2020-09-23T15:49:00,STK_004,USR_003,USR_004,1880.68,1251,2352730.68,MM_Balance
M_000964,2020-09-23T15:49:00,STK_004,USR_004,USR_003,1880.68,1642,3088076.56,MM_Balance
M_000962,2020-09-23T15:51:00,STK_002,USR_003,USR_004,1507.05,2469,3720906.45,MM_Balance
M_000959,2020-09-23T15:54:00,STK_002,USR_004,USR_003,1507.05,2949,4444290.45,MM_Balance
M_000969,2020-09-24T15:02:00,STK_003,USR_003,USR_004,1979.99,1172,2320548.28,MM_Balance
M_000968,2020-09-24T15:12:00,STK_002,USR_003,USR_004,1471.44,2588,3808086.72,MM_Balance
M_000966,2020-09-24T15:13:00,STK_003,USR_004,USR_003,1979.99,2318,4589616.82,MM_Balance
M_000967,2020-09-24T15:22:00,STK_004,USR_003,USR_004,1892.33,1642,3107205.86,MM_Balance
M_000965,2020-09-24T15:25:00,STK_002,USR_004,USR_003,1471.44,2434,3581484.96,MM_Balance
M_000970,2020-09-24T15:46:00,STK_004,USR_004,USR_003,1892.33,1642,3107205.86,MM_Balance
M_000971,2020-09-25T11:45:59,STK_005,USR_006,USR_004,4725.67,133,628514.11,Normal
M_000972,2020-09-25T15:03:00,STK_002,USR_004,USR_003,1460.73,1253,1830294.69,MM_Balance
M_000973,2020-09-25T15:19:00,STK_003,USR_004,USR_003,1976.37,1919,3792654.03,MM_Balance
M_000976,2020-09-25T15:19:00,STK_003,USR_003,USR_004,1976.37,1717,3393427.29,MM_Balance
M_000974,2020-09-25T15:21:00,STK_004,USR_003,USR_004,1918.34,1642,3149914.28,MM_Balance
M_000975,2020-09-25T15:47:00,STK_002,USR_003,USR_004,1460.73,2649,3869473.77,MM_Balance
M_000977,2020-09-25T15:50:00,STK_004,USR_004,USR_003,1918.34,1642,3149914.28,MM_Balance
M_000978,2020-09-26T12:52:02,STK_004,USR_004,USR_007,1957.35,51,99824.85,Normal
M_000981,2020-09-26T15:16:00,STK_004,USR_003,USR_004,1949.51,1693,3300520.43,MM_Balance
M_000984,2020-09-26T15:26:00,STK_004,USR_004,USR_003,1949.51,1693,3300520.43,MM_Balance
M_000982,2020-09-26T15:27:00,STK_002,USR_003,USR_004,1446.80,2303,3331980.40,MM_Balance
M_000979,2020-09-26T15:33:00,STK_002,USR_004,USR_003,1446.80,2386,3452064.80,MM_Balance
M_000980,2020-09-26T15:35:00,STK_003,USR_004,USR_003,1978.79,2204,4361253.16,MM_Balance
M_000983,2020-09-26T15:59:00,STK_003,USR_003,USR_004,1978.79,2411,4770862.69,MM_Balance
M_000985,2020-09-27T12:43:09,STK_002,USR_010,USR_004,1366.15,70,95630.50,Normal
M_000991,2020-09-27T15:07:00,STK_004,USR_004,USR_003,1947.99,1004,1955781.96,MM_Balance
M_000986,2020-09-27T15:09:00,STK_002,USR_004,USR_003,1424.19,2620,3731377.80,MM_Balance
M_000989,2020-09-27T15:18:00,STK_002,USR_003,USR_004,1424.19,2820,4016215.80,MM_Balance
M_000987,2020-09-27T15:37:00,STK_003,USR_004,USR_003,1996.26,2605,5200257.30,MM_Balance
M_000990,2020-09-27T15:52:00,STK_003,USR_003,USR_004,1996.26,1374,2742861.24,MM_Balance
M_000988,2020-09-27T15:59:00,STK_004,USR_003,USR_004,1947.99,1099,2140841.01,MM_Balance
M_000995,2020-09-28T15:14:00,STK_002,USR_003,USR_004,1418.11,1793,2542671.23,MM_Balance
M_000992,2020-09-28T15:28:00,STK_002,USR_004,USR_003,1418.11,2366,3355248.26,MM_Balance
M_000996,2020-09-28T15:34:00,STK_003,USR_003,USR_004,2019.19,1694,3420507.86,MM_Balance
M_000997,2020-09-28T15:42:00,STK_004,USR_004,USR_003,1950.20,1277,2490405.40,MM_Balance
M_000993,2020-09-28T15:46:00,STK_003,USR_004,USR_003,2019.19,2774,5601233.06,MM_Balance
M_000994,2020-09-28T15:51:00,STK_004,USR_003,USR_004,1950.20,1182,2305136.40,MM_Balance
M_000999,2020-09-29T10:52:23,STK_005,USR_003,USR_005,4663.62,19,88608.78,Normal
M_000998,2020-09-29T13:19:52,STK_005,USR_003,USR_007,4675.40,30,140262.00,Normal
M_001003,2020-09-29T15:01:00,STK_002,USR_003,USR_004,1408.64,1849,2604575.36,MM_Balance
M_001005,2020-09-29T15:06:00,STK_004,USR_004,USR_003,1971.26,1234,2432534.84,MM_Balance
M_001004,2020-09-29T15:16:00,STK_003,USR_003,USR_004,2057.02,1782,3665609.64,MM_Balance
M_001002,2020-09-29T15:27:00,STK_004,USR_003,USR_004,1971.26,1693,3337343.18,MM_Balance
M_001000,2020-09-29T15:37:00,STK_002,USR_004,USR_003,1408.64,1822,2566542.08,MM_Balance
M_001001,2020-09-29T15:55:00,STK_003,USR_004,USR_003,2057.02,2006,4126382.12,MM_Balance
M_001006,2020-09-30T11:42:45,STK_003,USR_006,USR_003,1962.90,23,45146.70,Normal
M_001007,2020-09-30T13:35:28,STK_002,USR_003,USR_005,1359.34,77,104669.18,Normal
M_001011,2020-09-30T15:01:00,STK_002,USR_003,USR_004,1415.47,1991,2818200.77,MM_Balance
M_001008,2020-09-30T15:07:00,STK_002,USR_004,USR_003,1415.47,2944,4167143.68,MM_Balance
M_001012,2020-09-30T15:14:00,STK_003,USR_003,USR_004,2039.61,2297,4684984.17,MM_Balance
M_001009,2020-09-30T15:20:00,STK_003,USR_004,USR_003,2039.61,1124,2292521.64,MM_Balance
M_001010,2020-09-30T15:26:00,STK_004,USR_003,USR_004,1958.58,1234,2416887.72,MM_Balance
M_001013,2020-09-30T15:35:00,STK_004,USR_004,USR_003,1958.58,1551,3037757.58,MM_Balance
M_001015,2020-10-01T15:00:00,STK_003,USR_004,USR_003,2081.67,1085,2258611.95,MM_Balance
M_001017,2020-10-01T15:10:00,STK_002,USR_003,USR_004,1421.46,2337,3321952.02,MM_Balance
M_001019,2020-10-01T15:38:00,STK_004,USR_004,USR_003,1937.67,1559,3020827.53,MM_Balance
M_001016,2020-10-01T15:53:00,STK_004,USR_003,USR_004,1937.67,1551,3005326.17,MM_Balance
M_001014,2020-10-01T15:58:00,STK_002,USR_004,USR_003,1421.46,2968,4218893.28,MM_Balance
M_001018,2020-10-01T15:59:00,STK_003,USR_003,USR_004,2081.67,1123,2337715.41,MM_Balance
M_001027,2020-10-02T12:00:00.050000,STK_004,USR_003,USR_004,1917.08,1693,3245616.44,Wash_Trade
M_001028,2020-10-02T12:00:00.100000,STK_004,USR_004,USR_003,1917.08,1693,3245616.44,Wash_Trade
M_001029,2020-10-02T12:00:00.150000,STK_004,USR_003,USR_004,1917.08,1693,3245616.44,Wash_Trade
M_001030,2020-10-02T12:00:00.200000,STK_004,USR_004,USR_003,1917.08,1693,3245616.44,Wash_Trade
M_001031,2020-10-02T12:00:00.250000,STK_004,USR_003,USR_004,1917.08,1693,3245616.44,Wash_Trade
M_001032,2020-10-02T12:00:00.300000,STK_004,USR_004,USR_003,1917.08,1693,3245616.44,Wash_Trade
M_001033,2020-10-02T12:00:00.350000,STK_004,USR_003,USR_004,1917.08,1693,3245616.44,Wash_Trade
M_001034,2020-10-02T12:00:00.400000,STK_004,USR_004,USR_003,1917.08,1693,3245616.44,Wash_Trade
M_001035,2020-10-02T12:00:00.450000,STK_004,USR_003,USR_004,1917.08,1693,3245616.44,Wash_Trade
M_001036,2020-10-02T12:00:00.500000,STK_004,USR_004,USR_003,1917.08,1693,3245616.44,Wash_Trade
M_001037,2020-10-02T12:00:00.550000,STK_004,USR_003,USR_004,1917.08,1693,3245616.44,Wash_Trade
M_001038,2020-10-02T12:00:00.600000,STK_004,USR_004,USR_003,1917.08,1693,3245616.44,Wash_Trade
M_001039,2020-10-02T12:00:00.650000,STK_004,USR_003,USR_004,1917.08,1693,3245616.44,Wash_Trade
M_001040,2020-10-02T12:00:00.700000,STK_004,USR_004,USR_003,1917.08,1693,3245616.44,Wash_Trade
M_001041,2020-10-02T12:00:00.750000,STK_004,USR_003,USR_004,1917.08,1693,3245616.44,Wash_Trade
M_001042,2020-10-02T12:00:00.800000,STK_004,USR_004,USR_003,1917.08,1693,3245616.44,Wash_Trade
M_001043,2020-10-02T12:00:00.850000,STK_004,USR_003,USR_004,1917.08,1693,3245616.44,Wash_Trade
M_001044,2020-10-02T12:00:00.900000,STK_004,USR_004,USR_003,1917.08,1693,3245616.44,Wash_Trade
M_001045,2020-10-02T12:00:00.950000,STK_004,USR_003,USR_004,1917.08,1693,3245616.44,Wash_Trade
M_001046,2020-10-02T12:00:01,STK_004,USR_004,USR_003,1917.08,1693,3245616.44,Wash_Trade
M_001020,2020-10-02T13:35:41,STK_005,USR_004,USR_010,4720.39,231,1090410.09,Normal
M_001023,2020-10-02T15:13:00,STK_004,USR_003,USR_004,1917.08,1559,2988727.72,MM_Balance
M_001022,2020-10-02T15:15:00,STK_003,USR_004,USR_003,2091.09,1559,3260009.31,MM_Balance
M_001021,2020-10-02T15:16:00,STK_002,USR_004,USR_003,1420.33,2300,3266759.00,MM_Balance
M_001024,2020-10-02T15:38:00,STK_002,USR_003,USR_004,1420.33,2964,4209858.12,MM_Balance
M_001025,2020-10-02T15:58:00,STK_003,USR_003,USR_004,2091.09,1032,2158004.88,MM_Balance
M_001026,2020-10-02T15:59:00,STK_004,USR_004,USR_003,1917.08,1693,3245616.44,MM_Balance
M_001047,2020-10-03T12:25:33,STK_001,USR_004,USR_005,3609.11,73,263465.03,Normal
M_001052,2020-10-03T15:05:00,STK_003,USR_003,USR_004,2145.24,1392,2986174.08,MM_Balance
M_001049,2020-10-03T15:12:00,STK_003,USR_004,USR_003,2145.24,2917,6257665.08,MM_Balance
M_001050,2020-10-03T15:14:00,STK_004,USR_003,USR_004,1928.20,1019,1964835.80,MM_Balance
M_001051,2020-10-03T15:17:00,STK_002,USR_003,USR_004,1437.20,2553,3669171.60,MM_Balance
M_001048,2020-10-03T15:29:00,STK_002,USR_004,USR_003,1437.20,1255,1803686.00,MM_Balance
M_001053,2020-10-03T15:45:00,STK_004,USR_004,USR_003,1928.20,1019,1964835.80,MM_Balance
M_001054,2020-10-04T14:08:57,STK_003,USR_009,USR_004,1899.35,97,184236.95,Normal
M_001060,2020-10-04T15:27:00,STK_004,USR_004,USR_003,1931.44,1004,1939165.76,MM_Balance
M_001056,2020-10-04T15:33:00,STK_003,USR_004,USR_003,2138.90,2593,5546167.70,MM_Balance
M_001059,2020-10-04T15:35:00,STK_003,USR_003,USR_004,2138.90,2394,5120526.60,MM_Balance
M_001058,2020-10-04T15:44:00,STK_002,USR_003,USR_004,1442.06,2986,4305991.16,MM_Balance
M_001057,2020-10-04T15:54:00,STK_004,USR_003,USR_004,1931.44,1392,2688564.48,MM_Balance
M_001055,2020-10-04T15:59:00,STK_002,USR_004,USR_003,1442.06,1531,2207793.86,MM_Balance
M_001061,2020-10-05T15:00:00,STK_002,USR_004,USR_003,1461.05,1647,2406349.35,MM_Balance
M_001065,2020-10-05T15:04:00,STK_003,USR_003,USR_004,2136.38,2961,6325821.18,MM_Balance
M_001066,2020-10-05T15:10:00,STK_004,USR_004,USR_003,1890.46,1403,2652315.38,MM_Balance
M_001064,2020-10-05T15:14:00,STK_002,USR_003,USR_004,1461.05,2510,3667235.50,MM_Balance
M_001062,2020-10-05T15:21:00,STK_003,USR_004,USR_003,2136.38,1398,2986659.24,MM_Balance
M_001063,2020-10-05T15:36:00,STK_004,USR_003,USR_004,1890.46,1305,2467050.30,MM_Balance
M_001070,2020-10-06T15:03:00,STK_002,USR_003,USR_004,1460.72,2995,4374856.40,MM_Balance
M_001068,2020-10-06T15:06:00,STK_003,USR_004,USR_003,2115.03,2564,5422936.92,MM_Balance
M_001069,2020-10-06T15:07:00,STK_004,USR_003,USR_004,1880.92,1403,2638930.76,MM_Balance
M_001072,2020-10-06T15:08:00,STK_004,USR_004,USR_003,1880.92,1693,3184397.56,MM_Balance
M_001071,2020-10-06T15:20:00,STK_003,USR_003,USR_004,2115.03,1772,3747833.16,MM_Balance
M_001067,2020-10-06T15:38:00,STK_002,USR_004,USR_003,1460.72,2588,3780343.36,MM_Balance
M_001073,2020-10-07T13:13:31,STK_004,USR_003,USR_010,1898.40,15,28476.00,Normal
M_001076,2020-10-07T15:00:00,STK_004,USR_003,USR_004,1873.55,1210,2266995.50,MM_Balance
M_001075,2020-10-07T15:12:00,STK_003,USR_004,USR_003,2107.27,2203,4642315.81,MM_Balance
M_001079,2020-10-07T15:32:00,STK_004,USR_004,USR_003,1873.55,1225,2295098.75,MM_Balance
M_001074,2020-10-07T15:33:00,STK_002,USR_004,USR_003,1457.23,1929,2810996.67,MM_Balance
M_001078,2020-10-07T15:36:00,STK_003,USR_003,USR_004,2107.27,2852,6009934.04,MM_Balance
M_001077,2020-10-07T15:50:00,STK_002,USR_003,USR_004,1457.23,2214,3226307.22,MM_Balance
M_001084,2020-10-08T15:04:00,STK_003,USR_003,USR_004,2139.33,2608,5579372.64,MM_Balance
M_001083,2020-10-08T15:12:00,STK_002,USR_003,USR_004,1474.97,2999,4423435.03,MM_Balance
M_001081,2020-10-08T15:15:00,STK_003,USR_004,USR_003,2139.33,1117,2389631.61,MM_Balance
M_001082,2020-10-08T15:22:00,STK_004,USR_003,USR_004,1892.25,1708,3231963.00,MM_Balance
M_001080,2020-10-08T15:37:00,STK_002,USR_004,USR_003,1474.97,2060,3038438.20,MM_Balance
M_001085,2020-10-08T15:42:00,STK_004,USR_004,USR_003,1892.25,1387,2624550.75,MM_Balance
M_001086,2020-10-09T13:14:47,STK_002,USR_005,USR_003,1382.07,124,171376.68,Normal
M_001089,2020-10-09T15:00:00,STK_004,USR_003,USR_004,1869.94,1387,2593606.78,MM_Balance
M_001090,2020-10-09T15:04:00,STK_002,USR_003,USR_004,1461.64,1020,1490872.80,MM_Balance
M_001092,2020-10-09T15:18:00,STK_004,USR_004,USR_003,1869.94,1291,2414092.54,MM_Balance
M_001088,2020-10-09T15:25:00,STK_003,USR_004,USR_003,2146.27,1420,3047703.40,MM_Balance
M_001091,2020-10-09T15:35:00,STK_003,USR_003,USR_004,2146.27,1061,2277192.47,MM_Balance
M_001087,2020-10-09T15:47:00,STK_002,USR_004,USR_003,1461.64,2653,3877730.92,MM_Balance
M_001098,2020-10-10T15:10:00,STK_004,USR_004,USR_003,1880.91,1708,3212594.28,MM_Balance
M_001096,2020-10-10T15:29:00,STK_002,USR_003,USR_004,1465.78,1624,2380426.72,MM_Balance
M_001094,2020-10-10T15:41:00,STK_003,USR_004,USR_003,2140.71,1776,3801900.96,MM_Balance
M_001097,2020-10-10T15:51:00,STK_003,USR_003,USR_004,2140.71,1757,3761227.47,MM_Balance
M_001093,2020-10-10T15:53:00,STK_002,USR_004,USR_003,1465.78,1042,1527342.76,MM_Balance
M_001095,2020-10-10T15:59:00,STK_004,USR_003,USR_004,1880.91,1291,2428254.81,MM_Balance
M_001099,2020-10-11T10:21:08,STK_005,USR_003,USR_008,4735.17,171,809714.07,Normal
M_001101,2020-10-11T15:08:00,STK_003,USR_004,USR_003,2143.42,2787,5973711.54,MM_Balance
M_001103,2020-10-11T15:30:00,STK_002,USR_003,USR_004,1446.05,2606,3768406.30,MM_Balance
M_001104,2020-10-11T15:32:00,STK_003,USR_003,USR_004,2143.42,1342,2876469.64,MM_Balance
M_001102,2020-10-11T15:46:00,STK_004,USR_003,USR_004,1917.38,1428,2738018.64,MM_Balance
M_001100,2020-10-11T15:50:00,STK_002,USR_004,USR_003,1446.05,2289,3310008.45,MM_Balance
M_001105,2020-10-11T15:56:00,STK_004,USR_004,USR_003,1917.38,1428,2738018.64,MM_Balance
M_001110,2020-10-12T15:10:00,STK_003,USR_003,USR_004,2150.93,2170,4667518.10,MM_Balance
M_001108,2020-10-12T15:13:00,STK_004,USR_003,USR_004,1926.76,1708,3290906.08,MM_Balance
M_001111,2020-10-12T15:35:00,STK_004,USR_004,USR_003,1926.76,1521,2930601.96,MM_Balance
M_001107,2020-10-12T15:55:00,STK_003,USR_004,USR_003,2150.93,1925,4140540.25,MM_Balance
M_001109,2020-10-12T15:56:00,STK_002,USR_003,USR_004,1448.65,1870,2708975.50,MM_Balance
M_001106,2020-10-12T15:57:00,STK_002,USR_004,USR_003,1448.65,1449,2099093.85,MM_Balance
M_001113,2020-10-13T15:04:00,STK_003,USR_004,USR_003,2145.74,2321,4980262.54,MM_Balance
M_001114,2020-10-13T15:05:00,STK_004,USR_003,USR_004,1939.72,1521,2950314.12,MM_Balance
M_001117,2020-10-13T15:07:00,STK_004,USR_004,USR_003,1939.72,1201,2329603.72,MM_Balance
M_001112,2020-10-13T15:14:00,STK_002,USR_004,USR_003,1454.58,1904,2769520.32,MM_Balance
M_001116,2020-10-13T15:17:00,STK_003,USR_003,USR_004,2145.74,2609,5598235.66,MM_Balance
M_001115,2020-10-13T15:32:00,STK_002,USR_003,USR_004,1454.58,2725,3963730.50,MM_Balance
M_001118,2020-10-14T11:33:55,STK_005,USR_008,USR_004,4751.15,14,66516.10,Normal
M_001122,2020-10-14T15:14:00,STK_002,USR_003,USR_004,1440.41,1971,2839048.11,MM_Balance
M_001120,2020-10-14T15:25:00,STK_003,USR_004,USR_003,2169.50,2772,6013854.00,MM_Balance
M_001119,2020-10-14T15:41:00,STK_002,USR_004,USR_003,1440.41,1966,2831846.06,MM_Balance
M_001121,2020-10-14T15:46:00,STK_004,USR_003,USR_004,1937.39,1201,2326805.39,MM_Balance
M_001124,2020-10-14T15:50:00,STK_004,USR_004,USR_003,1937.39,1697,3287750.83,MM_Balance
M_001123,2020-10-14T15:52:00,STK_003,USR_003,USR_004,2169.50,2479,5378190.50,MM_Balance
M_001125,2020-10-15T09:05:17,STK_002,USR_005,USR_003,1358.98,166,225590.68,Normal
M_001128,2020-10-15T15:08:00,STK_004,USR_003,USR_004,1941.08,1697,3294012.76,MM_Balance
M_001130,2020-10-15T15:13:00,STK_003,USR_003,USR_004,2176.70,1780,3874526.00,MM_Balance
M_001129,2020-10-15T15:21:00,STK_002,USR_003,USR_004,1439.10,2951,4246784.10,MM_Balance
M_001131,2020-10-15T15:34:00,STK_004,USR_004,USR_003,1941.08,1130,2193420.40,MM_Balance
M_001126,2020-10-15T15:37:00,STK_002,USR_004,USR_003,1439.10,1667,2398979.70,MM_Balance
M_001127,2020-10-15T15:50:00,STK_003,USR_004,USR_003,2176.70,2162,4706025.40,MM_Balance
M_001132,2020-10-16T11:07:16,STK_002,USR_003,USR_005,1354.22,207,280323.54,Normal
M_001133,2020-10-16T15:00:00,STK_002,USR_004,USR_003,1435.37,2061,2958297.57,MM_Balance
M_001135,2020-10-16T15:10:00,STK_004,USR_003,USR_004,1953.02,1130,2206912.60,MM_Balance
M_001136,2020-10-16T15:34:00,STK_002,USR_003,USR_004,1435.37,1264,1814307.68,MM_Balance
M_001137,2020-10-16T15:47:00,STK_003,USR_003,USR_004,2192.78,1979,4339511.62,MM_Balance
M_001134,2020-10-16T15:55:00,STK_003,USR_004,USR_003,2192.78,1669,3659749.82,MM_Balance
M_001138,2020-10-16T15:57:00,STK_004,USR_004,USR_003,1953.02,1708,3335758.16,MM_Balance
M_001139,2020-10-17T14:30:19,STK_002,USR_008,USR_004,1402.58,42,58908.36,Normal
M_001141,2020-10-17T15:05:00,STK_003,USR_004,USR_003,2200.84,2509,5521907.56,MM_Balance
M_001145,2020-10-17T15:15:00,STK_004,USR_004,USR_003,1988.92,1708,3397075.36,MM_Balance
M_001140,2020-10-17T15:29:00,STK_002,USR_004,USR_003,1446.97,1942,2810015.74,MM_Balance
M_001144,2020-10-17T15:39:00,STK_003,USR_003,USR_004,2200.84,1800,3961512.00,MM_Balance
M_001143,2020-10-17T15:44:00,STK_002,USR_003,USR_004,1446.97,1710,2474318.70,MM_Balance
M_001142,2020-10-17T15:56:00,STK_004,USR_003,USR_004,1988.92,1708,3397075.36,MM_Balance
M_001148,2020-10-18T15:04:00,STK_004,USR_003,USR_004,1956.78,1708,3342180.24,MM_Balance
M_001151,2020-10-18T15:13:00,STK_004,USR_004,USR_003,1956.78,1517,2968435.26,MM_Balance
M_001150,2020-10-18T15:28:00,STK_003,USR_003,USR_004,2218.44,1839,4079711.16,MM_Balance
M_001146,2020-10-18T15:31:00,STK_002,USR_004,USR_003,1442.58,2861,4127221.38,MM_Balance
M_001147,2020-10-18T15:35:00,STK_003,USR_004,USR_003,2218.44,2560,5679206.40,MM_Balance
M_001149,2020-10-18T15:49:00,STK_002,USR_003,USR_004,1442.58,2033,2932765.14,MM_Balance
M_001153,2020-10-19T11:32:26,STK_005,USR_003,USR_006,4685.43,210,983940.30,Normal
M_001154,2020-10-19T12:33:27,STK_001,USR_003,USR_002,3748.54,9819,36806914.26,Normal
M_001152,2020-10-19T13:13:32,STK_001,USR_010,USR_003,3753.82,177,664426.14,Normal
M_001156,2020-10-19T15:17:00,STK_002,USR_004,USR_003,1456.29,2387,3476164.23,MM_Balance
M_001157,2020-10-19T15:22:00,STK_003,USR_004,USR_003,2256.39,1902,4291653.78,MM_Balance
M_001161,2020-10-19T15:40:00,STK_004,USR_004,USR_003,1954.73,1634,3194028.82,MM_Balance
M_001155,2020-10-19T15:42:00,STK_001,USR_004,USR_003,3744.82,1158,4336501.56,MM_Balance
M_001159,2020-10-19T15:43:00,STK_002,USR_003,USR_004,1456.29,2828,4118388.12,MM_Balance
M_001160,2020-10-19T15:44:00,STK_003,USR_003,USR_004,2256.39,1905,4298422.95,MM_Balance
M_001158,2020-10-19T15:45:00,STK_004,USR_003,USR_004,1954.73,1443,2820675.39,MM_Balance
M_001163,2020-10-20T09:34:30,STK_001,USR_001,USR_003,3661.04,10523,38525123.92,Normal
M_001162,2020-10-20T11:10:16,STK_004,USR_003,USR_010,1967.33,137,269524.21,Normal
M_001167,2020-10-20T15:13:00,STK_004,USR_003,USR_004,1958.44,1708,3345015.52,MM_Balance
M_001169,2020-10-20T15:13:00,STK_003,USR_003,USR_004,2267.70,1475,3344857.50,MM_Balance
M_001165,2020-10-20T15:20:00,STK_002,USR_004,USR_003,1470.49,2670,3926208.30,MM_Balance
M_001170,2020-10-20T15:20:00,STK_004,USR_004,USR_003,1958.44,1730,3388101.20,MM_Balance
M_001164,2020-10-20T15:26:00,STK_001,USR_003,USR_004,3753.74,1090,4091576.60,MM_Balance
M_001168,2020-10-20T15:27:00,STK_002,USR_003,USR_004,1470.49,2922,4296771.78,MM_Balance
M_001166,2020-10-20T15:40:00,STK_003,USR_004,USR_003,2267.70,2151,4877822.70,MM_Balance
M_001171,2020-10-21T13:32:50,STK_002,USR_010,USR_004,1401.37,164,229824.68,Normal
M_001172,2020-10-21T14:27:36,STK_005,USR_006,USR_003,4726.77,138,652294.26,Normal
M_001174,2020-10-21T15:11:00,STK_003,USR_004,USR_003,2279.29,1680,3829207.20,MM_Balance
M_001176,2020-10-21T15:21:00,STK_002,USR_003,USR_004,1443.57,1138,1642782.66,MM_Balance
M_001178,2020-10-21T15:32:00,STK_004,USR_004,USR_003,1985.34,1783,3539861.22,MM_Balance
M_001175,2020-10-21T15:42:00,STK_004,USR_003,USR_004,1985.34,1730,3434638.20,MM_Balance
M_001177,2020-10-21T15:58:00,STK_003,USR_003,USR_004,2279.29,2246,5119285.34,MM_Balance
M_001173,2020-10-21T15:59:00,STK_002,USR_004,USR_003,1443.57,2388,3447245.16,MM_Balance
M_001180,2020-10-22T11:53:25,STK_005,USR_004,USR_010,4621.13,178,822561.14,Normal
M_001179,2020-10-22T12:25:12,STK_003,USR_004,USR_008,2039.21,161,328312.81,Normal
M_001182,2020-10-22T15:01:00,STK_003,USR_004,USR_003,2296.21,2537,5825484.77,MM_Balance
M_001185,2020-10-22T15:03:00,STK_003,USR_003,USR_004,2296.21,2104,4831225.84,MM_Balance
M_001184,2020-10-22T15:15:00,STK_002,USR_003,USR_004,1467.24,1701,2495775.24,MM_Balance
M_001186,2020-10-22T15:43:00,STK_004,USR_004,USR_003,1986.84,1845,3665719.80,MM_Balance
M_001183,2020-10-22T15:46:00,STK_004,USR_003,USR_004,1986.84,1783,3542535.72,MM_Balance
M_001181,2020-10-22T15:52:00,STK_002,USR_004,USR_003,1467.24,2327,3414267.48,MM_Balance
M_001187,2020-10-23T10:17:17,STK_004,USR_003,USR_010,2024.61,18,36442.98,Normal
M_001188,2020-10-23T12:52:47,STK_002,USR_008,USR_003,1390.96,130,180824.80,Normal
M_001193,2020-10-23T15:10:00,STK_003,USR_003,USR_004,2299.03,1773,4076180.19,MM_Balance
M_001189,2020-10-23T15:18:00,STK_002,USR_004,USR_003,1464.66,1620,2372749.20,MM_Balance
M_001192,2020-10-23T15:23:00,STK_002,USR_003,USR_004,1464.66,1163,1703399.58,MM_Balance
M_001194,2020-10-23T15:27:00,STK_004,USR_004,USR_003,1997.79,1574,3144521.46,MM_Balance
M_001190,2020-10-23T15:40:00,STK_003,USR_004,USR_003,2299.03,2550,5862526.50,MM_Balance
M_001191,2020-10-23T15:55:00,STK_004,USR_003,USR_004,1997.79,1556,3108561.24,MM_Balance
M_001199,2020-10-24T15:00:00,STK_003,USR_003,USR_004,2268.69,1008,2286839.52,MM_Balance
M_001196,2020-10-24T15:21:00,STK_003,USR_004,USR_003,2268.69,1147,2602187.43,MM_Balance
M_001200,2020-10-24T15:25:00,STK_004,USR_004,USR_003,1985.57,1863,3699116.91,MM_Balance
M_001197,2020-10-24T15:30:00,STK_004,USR_003,USR_004,1985.57,1863,3699116.91,MM_Balance
M_001195,2020-10-24T15:38:00,STK_002,USR_004,USR_003,1453.79,2151,3127102.29,MM_Balance
M_001198,2020-10-24T15:58:00,STK_002,USR_003,USR_004,1453.79,1316,1913187.64,MM_Balance
M_001201,2020-10-25T11:19:24,STK_005,USR_010,USR_003,4575.68,109,498749.12,Normal
M_001204,2020-10-25T15:02:00,STK_004,USR_003,USR_004,1983.92,1863,3696042.96,MM_Balance
M_001203,2020-10-25T15:15:00,STK_003,USR_004,USR_003,2236.78,378,845502.84,MM_Balance
M_001202,2020-10-25T15:24:00,STK_002,USR_004,USR_003,1443.72,2333,3368198.76,MM_Balance
M_001207,2020-10-25T15:38:00,STK_004,USR_004,USR_003,1983.92,1535,3045317.20,MM_Balance
M_001206,2020-10-25T15:42:00,STK_003,USR_003,USR_004,2236.78,2428,5430901.84,MM_Balance
M_001205,2020-10-25T15:45:00,STK_002,USR_003,USR_004,1443.72,2292,3309006.24,MM_Balance
M_001211,2020-10-26T15:19:00,STK_002,USR_003,USR_004,1422.68,2200,3129896.00,MM_Balance
M_001210,2020-10-26T15:34:00,STK_004,USR_003,USR_004,1969.00,1535,3022415.00,MM_Balance
M_001213,2020-10-26T15:40:00,STK_004,USR_004,USR_003,1969.00,1223,2408087.00,MM_Balance
M_001209,2020-10-26T15:44:00,STK_003,USR_004,USR_003,2229.87,1517,3382712.79,MM_Balance
M_001208,2020-10-26T15:53:00,STK_002,USR_004,USR_003,1422.68,1339,1904968.52,MM_Balance
M_001212,2020-10-26T15:56:00,STK_003,USR_003,USR_004,2229.87,2541,5666099.67,MM_Balance
M_001214,2020-10-27T12:48:11,STK_002,USR_004,USR_001,1343.02,5025,6748675.50,Normal
M_001215,2020-10-27T15:07:00,STK_002,USR_004,USR_003,1396.00,2029,2832484.00,MM_Balance
M_001218,2020-10-27T15:11:00,STK_002,USR_003,USR_004,1396.00,2535,3538860.00,MM_Balance
M_001217,2020-10-27T15:12:00,STK_004,USR_003,USR_004,1965.85,1223,2404234.55,MM_Balance
M_001220,2020-10-27T15:40:00,STK_004,USR_004,USR_003,1965.85,1863,3662378.55,MM_Balance
M_001216,2020-10-27T15:52:00,STK_003,USR_004,USR_003,2232.43,1762,3933541.66,MM_Balance
M_001219,2020-10-27T15:57:00,STK_003,USR_003,USR_004,2232.43,1531,3417850.33,MM_Balance
M_001221,2020-10-28T12:04:03,STK_005,USR_004,USR_009,4596.56,126,579166.56,Normal
M_001226,2020-10-28T15:06:00,STK_003,USR_003,USR_004,2214.66,2651,5871063.66,MM_Balance
M_001225,2020-10-28T15:22:00,STK_002,USR_003,USR_004,1391.55,2997,4170475.35,MM_Balance
M_001223,2020-10-28T15:23:00,STK_003,USR_004,USR_003,2214.66,1278,2830335.48,MM_Balance
M_001224,2020-10-28T15:39:00,STK_004,USR_003,USR_004,1987.00,1775,3526925.00,MM_Balance
M_001222,2020-10-28T15:52:00,STK_002,USR_004,USR_003,1391.55,1645,2289099.75,MM_Balance
M_001227,2020-10-28T15:55:00,STK_004,USR_004,USR_003,1987.00,1775,3526925.00,MM_Balance
M_001229,2020-10-29T15:02:00,STK_003,USR_004,USR_003,2179.58,2788,6076669.04,MM_Balance
M_001233,2020-10-29T15:27:00,STK_004,USR_004,USR_003,1992.31,1713,3412827.03,MM_Balance
M_001230,2020-10-29T15:28:00,STK_004,USR_003,USR_004,1992.31,1863,3711673.53,MM_Balance
M_001231,2020-10-29T15:31:00,STK_002,USR_003,USR_004,1366.46,2242,3063603.32,MM_Balance
M_001232,2020-10-29T15:39:00,STK_003,USR_003,USR_004,2179.58,2513,5477284.54,MM_Balance
M_001228,2020-10-29T15:40:00,STK_002,USR_004,USR_003,1366.46,1034,1412919.64,MM_Balance
M_001234,2020-10-30T13:59:41,STK_004,USR_009,USR_003,2017.80,150,302670.00,Normal
M_001235,2020-10-30T15:07:00,STK_002,USR_004,USR_003,1378.69,2955,4074028.95,MM_Balance
M_001237,2020-10-30T15:13:00,STK_004,USR_003,USR_004,1995.23,1498,2988854.54,MM_Balance
M_001239,2020-10-30T15:27:00,STK_003,USR_003,USR_004,2169.05,1216,2637564.80,MM_Balance
M_001236,2020-10-30T15:34:00,STK_003,USR_004,USR_003,2169.05,2357,5112450.85,MM_Balance
M_001238,2020-10-30T15:42:00,STK_002,USR_003,USR_004,1378.69,2542,3504629.98,MM_Balance
M_001240,2020-10-30T15:59:00,STK_004,USR_004,USR_003,1995.23,1328,2649665.44,MM_Balance
M_001245,2020-10-31T15:07:00,STK_003,USR_003,USR_004,2122.37,1530,3247226.10,MM_Balance
M_001246,2020-10-31T15:07:00,STK_004,USR_004,USR_003,1980.88,1179,2335457.52,MM_Balance
M_001244,2020-10-31T15:14:00,STK_002,USR_003,USR_004,1366.40,2655,3627792.00,MM_Balance
M_001241,2020-10-31T15:21:00,STK_002,USR_004,USR_003,1366.40,2318,3167315.20,MM_Balance
M_001243,2020-10-31T15:41:00,STK_004,USR_003,USR_004,1980.88,1543,3056497.84,MM_Balance
M_001242,2020-10-31T15:45:00,STK_003,USR_004,USR_003,2122.37,2600,5518162.00,MM_Balance
M_001247,2020-11-01T11:54:34,STK_001,USR_009,USR_003,3731.88,208,776231.04,Normal
M_001248,2020-11-01T13:53:58,STK_005,USR_003,USR_008,4678.64,14,65500.96,Normal
M_001250,2020-11-01T15:14:00,STK_003,USR_004,USR_003,2124.00,2714,5764536.00,MM_Balance
M_001252,2020-11-01T15:18:00,STK_002,USR_003,USR_004,1364.61,2231,3044444.91,MM_Balance
M_001254,2020-11-01T15:20:00,STK_004,USR_004,USR_003,1976.43,1713,3385624.59,MM_Balance
M_001251,2020-11-01T15:29:00,STK_004,USR_003,USR_004,1976.43,1179,2330210.97,MM_Balance
M_001253,2020-11-01T15:42:00,STK_003,USR_003,USR_004,2124.00,2529,5371596.00,MM_Balance
M_001249,2020-11-01T15:52:00,STK_002,USR_004,USR_003,1364.61,1296,1768534.56,MM_Balance
M_001260,2020-11-02T15:27:00,STK_004,USR_004,USR_003,1976.80,1691,3342768.80,MM_Balance
M_001257,2020-11-02T15:31:00,STK_004,USR_003,USR_004,1976.80,1713,3386258.40,MM_Balance
M_001259,2020-11-02T15:35:00,STK_003,USR_003,USR_004,2121.91,1044,2215274.04,MM_Balance
M_001255,2020-11-02T15:47:00,STK_002,USR_004,USR_003,1383.86,2434,3368315.24,MM_Balance
M_001258,2020-11-02T15:52:00,STK_002,USR_003,USR_004,1383.86,1612,2230782.32,MM_Balance
M_001256,2020-11-02T15:55:00,STK_003,USR_004,USR_003,2121.91,1911,4054970.01,MM_Balance
M_001261,2020-11-03T13:01:19,STK_003,USR_006,USR_004,1880.55,93,174891.15,Normal
M_001262,2020-11-03T15:09:00,STK_002,USR_004,USR_003,1397.05,2837,3963430.85,MM_Balance
M_001267,2020-11-03T15:27:00,STK_004,USR_004,USR_003,1964.70,1713,3365531.10,MM_Balance
M_001264,2020-11-03T15:41:00,STK_004,USR_003,USR_004,1964.70,1691,3322307.70,MM_Balance
M_001265,2020-11-03T15:46:00,STK_002,USR_003,USR_004,1397.05,1741,2432264.05,MM_Balance
M_001266,2020-11-03T15:50:00,STK_003,USR_003,USR_004,2128.00,2389,5083792.00,MM_Balance
M_001263,2020-11-03T15:51:00,STK_003,USR_004,USR_003,2128.00,330,702240.00,MM_Balance
M_001268,2020-11-04T14:25:34,STK_002,USR_004,USR_010,1327.50,260,345150.00,Normal
M_001272,2020-11-04T15:00:00,STK_002,USR_003,USR_004,1396.59,1752,2446825.68,MM_Balance
M_001273,2020-11-04T15:05:00,STK_003,USR_003,USR_004,2123.57,1238,2628979.66,MM_Balance
M_001270,2020-11-04T15:29:00,STK_003,USR_004,USR_003,2123.57,1654,3512384.78,MM_Balance
M_001271,2020-11-04T15:40:00,STK_004,USR_003,USR_004,1962.17,1563,3066871.71,MM_Balance
M_001274,2020-11-04T15:41:00,STK_004,USR_004,USR_003,1962.17,1563,3066871.71,MM_Balance
M_001269,2020-11-04T15:44:00,STK_002,USR_004,USR_003,1396.59,2588,3614374.92,MM_Balance
M_001275,2020-11-05T09:10:47,STK_001,USR_007,USR_003,3715.75,217,806317.75,Normal
M_001282,2020-11-05T15:08:00,STK_004,USR_004,USR_003,1987.01,1080,2145970.80,MM_Balance
M_001281,2020-11-05T15:20:00,STK_003,USR_003,USR_004,2101.75,2639,5546518.25,MM_Balance
M_001276,2020-11-05T15:33:00,STK_001,USR_003,USR_004,3686.00,1130,4165180.00,MM_Balance
M_001280,2020-11-05T15:35:00,STK_002,USR_003,USR_004,1398.82,1010,1412808.20,MM_Balance
M_001278,2020-11-05T15:42:00,STK_003,USR_004,USR_003,2101.75,2705,5685233.75,MM_Balance
M_001277,2020-11-05T15:48:00,STK_002,USR_004,USR_003,1398.82,2543,3557199.26,MM_Balance
M_001279,2020-11-05T15:55:00,STK_004,USR_003,USR_004,1987.01,1370,2722203.70,MM_Balance
M_001283,2020-11-06T11:40:14,STK_003,USR_001,USR_003,2067.25,13510,27928547.50,Normal
M_001287,2020-11-06T15:02:00,STK_002,USR_003,USR_004,1389.78,1485,2063823.30,MM_Balance
M_001286,2020-11-06T15:06:00,STK_004,USR_003,USR_004,1963.29,1423,2793761.67,MM_Balance
M_001289,2020-11-06T15:08:00,STK_004,USR_004,USR_003,1963.29,1713,3363115.77,MM_Balance
M_001288,2020-11-06T15:19:00,STK_003,USR_003,USR_004,2139.06,1290,2759387.40,MM_Balance
M_001285,2020-11-06T15:34:00,STK_003,USR_003,USR_004,2139.06,2241,4793633.46,MM_Balance
M_001284,2020-11-06T15:58:00,STK_002,USR_004,USR_003,1389.78,2070,2876844.60,MM_Balance
M_001290,2020-11-07T14:52:34,STK_002,USR_008,USR_003,1346.81,147,197981.07,Normal
M_001294,2020-11-07T15:01:00,STK_003,USR_003,USR_004,2133.72,1776,3789486.72,MM_Balance
M_001295,2020-11-07T15:17:00,STK_004,USR_004,USR_003,1968.96,1158,2280055.68,MM_Balance
M_001291,2020-11-07T15:23:00,STK_002,USR_004,USR_003,1409.13,2463,3470687.19,MM_Balance
M_001293,2020-11-07T15:50:00,STK_002,USR_003,USR_004,1409.13,1647,2320837.11,MM_Balance
M_001292,2020-11-07T15:52:00,STK_004,USR_003,USR_004,1968.96,1713,3372828.48,MM_Balance
M_001296,2020-11-08T11:01:21,STK_002,USR_004,USR_007,1335.21,15,20028.15,Normal
M_001300,2020-11-08T15:03:00,STK_003,USR_003,USR_004,2096.41,2836,5945418.76,MM_Balance
M_001299,2020-11-08T15:17:00,STK_002,USR_003,USR_004,1420.31,2129,3023839.99,MM_Balance
M_001297,2020-11-08T15:33:00,STK_002,USR_004,USR_003,1420.31,1195,1697270.45,MM_Balance
M_001298,2020-11-08T15:36:00,STK_004,USR_003,USR_004,1994.64,1158,2309793.12,MM_Balance
M_001301,2020-11-08T15:48:00,STK_004,USR_004,USR_003,1994.64,1651,3293150.64,MM_Balance
M_001302,2020-11-09T14:49:05,STK_005,USR_010,USR_004,4544.53,37,168147.61,Normal
M_001306,2020-11-09T15:19:00,STK_003,USR_003,USR_004,2087.79,2940,6138102.60,MM_Balance
M_001307,2020-11-09T15:20:00,STK_004,USR_004,USR_003,1972.58,1626,3207415.08,MM_Balance
M_001304,2020-11-09T15:27:00,STK_004,USR_003,USR_004,1972.58,1564,3085115.12,MM_Balance
M_001303,2020-11-09T15:29:00,STK_002,USR_004,USR_003,1404.82,2635,3701700.70,MM_Balance
M_001305,2020-11-09T15:40:00,STK_002,USR_003,USR_004,1404.82,1625,2282832.50,MM_Balance
M_001309,2020-11-10T10:43:51,STK_004,USR_003,USR_009,1977.92,208,411407.36,Normal
M_001308,2020-11-10T12:51:33,STK_003,USR_006,USR_004,1958.43,15,29376.45,Normal
M_001315,2020-11-10T15:03:00,STK_004,USR_004,USR_003,1961.49,1921,3768022.29,MM_Balance
M_001313,2020-11-10T15:04:00,STK_002,USR_003,USR_004,1423.23,1358,1932746.34,MM_Balance
M_001314,2020-11-10T15:08:00,STK_003,USR_003,USR_004,2116.93,2719,5755932.67,MM_Balance
M_001311,2020-11-10T15:28:00,STK_003,USR_004,USR_003,2116.93,2243,4748273.99,MM_Balance
M_001310,2020-11-10T15:47:00,STK_002,USR_004,USR_003,1423.23,1500,2134845.00,MM_Balance
M_001312,2020-11-10T15:59:00,STK_004,USR_003,USR_004,1961.49,1713,3360032.37,MM_Balance
M_001316,2020-11-11T14:51:08,STK_005,USR_007,USR_004,4539.72,121,549306.12,Normal
M_001317,2020-11-11T15:00:00,STK_002,USR_004,USR_003,1446.22,1728,2499068.16,MM_Balance
M_001319,2020-11-11T15:00:00,STK_004,USR_003,USR_004,1949.87,1219,2376891.53,MM_Balance
M_001318,2020-11-11T15:19:00,STK_003,USR_004,USR_003,2090.80,1672,3495817.60,MM_Balance
M_001321,2020-11-11T15:22:00,STK_003,USR_003,USR_004,2090.80,1823,3811528.40,MM_Balance
M_001322,2020-11-11T15:27:00,STK_004,USR_004,USR_003,1949.87,1207,2353493.09,MM_Balance
M_001320,2020-11-11T15:46:00,STK_002,USR_003,USR_004,1446.22,2823,4082679.06,MM_Balance
M_001324,2020-11-12T10:13:00,STK_002,USR_003,USR_005,1387.69,83,115178.27,Normal
M_001323,2020-11-12T12:57:00,STK_004,USR_004,USR_006,1956.71,92,180017.32,Normal
M_001326,2020-11-12T15:02:00,STK_003,USR_004,USR_003,2080.90,2845,5920160.50,MM_Balance
M_001327,2020-11-12T15:12:00,STK_004,USR_003,USR_004,1949.59,2001,3901129.59,MM_Balance
M_001329,2020-11-12T15:26:00,STK_003,USR_003,USR_004,2080.90,1243,2586558.70,MM_Balance
M_001330,2020-11-12T15:31:00,STK_004,USR_004,USR_003,1949.59,2013,3924524.67,MM_Balance
M_001328,2020-11-12T15:42:00,STK_002,USR_003,USR_004,1452.35,2965,4306217.75,MM_Balance
M_001325,2020-11-12T15:47:00,STK_002,USR_004,USR_003,1452.35,1862,2704275.70,MM_Balance
M_001331,2020-11-13T14:26:05,STK_002,USR_003,USR_007,1383.49,185,255945.65,Normal
M_001336,2020-11-13T15:16:00,STK_003,USR_003,USR_004,2073.20,2769,5740690.80,MM_Balance
M_001335,2020-11-13T15:17:00,STK_002,USR_003,USR_004,1451.07,1510,2191115.70,MM_Balance
M_001334,2020-11-13T15:32:00,STK_004,USR_003,USR_004,1944.54,2013,3914359.02,MM_Balance
M_001333,2020-11-13T15:39:00,STK_003,USR_004,USR_003,2073.20,1507,3124312.40,MM_Balance
M_001332,2020-11-13T15:48:00,STK_002,USR_004,USR_003,1451.07,1169,1696300.83,MM_Balance
M_001337,2020-11-13T15:52:00,STK_004,USR_004,USR_003,1944.54,2013,3914359.02,MM_Balance
M_001346,2020-11-14T12:00:00.050000,STK_003,USR_003,USR_004,2066.28,5000,10331400.00,Wash_Trade
M_001347,2020-11-14T12:00:00.100000,STK_003,USR_004,USR_003,2066.28,5000,10331400.00,Wash_Trade
M_001348,2020-11-14T12:00:00.150000,STK_003,USR_003,USR_004,2066.28,5000,10331400.00,Wash_Trade
M_001349,2020-11-14T12:00:00.200000,STK_003,USR_004,USR_003,2066.28,5000,10331400.00,Wash_Trade
M_001350,2020-11-14T12:00:00.250000,STK_003,USR_003,USR_004,2066.28,5000,10331400.00,Wash_Trade
M_001351,2020-11-14T12:00:00.300000,STK_003,USR_004,USR_003,2066.28,5000,10331400.00,Wash_Trade
M_001352,2020-11-14T12:00:00.350000,STK_003,USR_003,USR_004,2066.28,5000,10331400.00,Wash_Trade
M_001353,2020-11-14T12:00:00.400000,STK_003,USR_004,USR_003,2066.28,5000,10331400.00,Wash_Trade
M_001354,2020-11-14T12:00:00.450000,STK_003,USR_003,USR_004,2066.28,5000,10331400.00,Wash_Trade
M_001355,2020-11-14T12:00:00.500000,STK_003,USR_004,USR_003,2066.28,5000,10331400.00,Wash_Trade
M_001356,2020-11-14T12:00:00.550000,STK_003,USR_003,USR_004,2066.28,5000,10331400.00,Wash_Trade
M_001357,2020-11-14T12:00:00.600000,STK_003,USR_004,USR_003,2066.28,5000,10331400.00,Wash_Trade
M_001358,2020-11-14T12:00:00.650000,STK_003,USR_003,USR_004,2066.28,5000,10331400.00,Wash_Trade
M_001359,2020-11-14T12:00:00.700000,STK_003,USR_004,USR_003,2066.28,5000,10331400.00,Wash_Trade
M_001360,2020-11-14T12:00:00.750000,STK_003,USR_003,USR_004,2066.28,5000,10331400.00,Wash_Trade
M_001361,2020-11-14T12:00:00.800000,STK_003,USR_004,USR_003,2066.28,5000,10331400.00,Wash_Trade
M_001362,2020-11-14T12:00:00.850000,STK_003,USR_003,USR_004,2066.28,5000,10331400.00,Wash_Trade
M_001363,2020-11-14T12:00:00.900000,STK_003,USR_004,USR_003,2066.28,5000,10331400.00,Wash_Trade
M_001364,2020-11-14T12:00:00.950000,STK_003,USR_003,USR_004,2066.28,5000,10331400.00,Wash_Trade
M_001365,2020-11-14T12:00:01,STK_003,USR_004,USR_003,2066.28,5000,10331400.00,Wash_Trade
M_001339,2020-11-14T12:42:26,STK_002,USR_003,USR_001,1390.25,19161,26638580.25,Normal
M_001338,2020-11-14T12:52:49,STK_001,USR_005,USR_004,3758.30,108,405896.40,Normal
M_001345,2020-11-14T15:02:00,STK_004,USR_004,USR_003,1967.36,1372,2699217.92,MM_Balance
M_001341,2020-11-14T15:07:00,STK_003,USR_004,USR_003,2066.28,1623,3353572.44,MM_Balance
M_001342,2020-11-14T15:17:00,STK_004,USR_003,USR_004,1967.36,1744,3431075.84,MM_Balance
M_001343,2020-11-14T15:26:00,STK_002,USR_003,USR_004,1461.18,2457,3590119.26,MM_Balance
M_001340,2020-11-14T15:27:00,STK_002,USR_004,USR_003,1461.18,2044,2986651.92,MM_Balance
M_001344,2020-11-14T15:57:00,STK_003,USR_003,USR_004,2066.28,1655,3419693.40,MM_Balance
M_001366,2020-11-15T12:17:21,STK_001,USR_003,USR_007,3736.81,179,668888.99,Normal
M_001367,2020-11-15T15:06:00,STK_002,USR_004,USR_003,1444.72,2816,4068331.52,MM_Balance
M_001371,2020-11-15T15:06:00,STK_003,USR_003,USR_004,2041.61,2895,5910460.95,MM_Balance
M_001372,2020-11-15T15:34:00,STK_004,USR_004,USR_003,1970.17,1456,2868567.52,MM_Balance
M_001369,2020-11-15T15:37:00,STK_004,USR_003,USR_004,1970.17,1084,2135664.28,MM_Balance
M_001370,2020-11-15T15:45:00,STK_002,USR_003,USR_004,1444.72,1395,2015384.40,MM_Balance
M_001368,2020-11-15T15:47:00,STK_003,USR_004,USR_003,2041.61,2289,4673245.29,MM_Balance
M_001377,2020-11-16T15:08:00,STK_003,USR_003,USR_004,2004.84,2426,4863741.84,MM_Balance
M_001375,2020-11-16T15:26:00,STK_004,USR_003,USR_004,1959.48,1988,3895446.24,MM_Balance
M_001374,2020-11-16T15:27:00,STK_003,USR_004,USR_003,2004.84,2865,5743866.60,MM_Balance
M_001378,2020-11-16T15:36:00,STK_004,USR_004,USR_003,1959.48,1093,2141711.64,MM_Balance
M_001376,2020-11-16T15:38:00,STK_002,USR_003,USR_004,1451.95,1341,1947064.95,MM_Balance
M_001373,2020-11-16T15:45:00,STK_002,USR_004,USR_003,1451.95,2289,3323513.55,MM_Balance
M_001384,2020-11-17T15:02:00,STK_004,USR_004,USR_003,1920.69,1458,2800366.02,MM_Balance
M_001383,2020-11-17T15:07:00,STK_003,USR_003,USR_004,1995.37,2130,4250138.10,MM_Balance
M_001380,2020-11-17T15:45:00,STK_003,USR_004,USR_003,1995.37,2031,4052596.47,MM_Balance
M_001382,2020-11-17T15:45:00,STK_002,USR_003,USR_004,1449.51,1606,2327913.06,MM_Balance
M_001381,2020-11-17T15:54:00,STK_004,USR_003,USR_004,1920.69,1118,2147331.42,MM_Balance
M_001379,2020-11-17T15:59:00,STK_002,USR_004,USR_003,1449.51,2800,4058628.00,MM_Balance
M_001388,2020-11-18T15:01:00,STK_002,USR_003,USR_004,1452.98,1524,2214341.52,MM_Balance
M_001387,2020-11-18T15:17:00,STK_004,USR_003,USR_004,1903.04,1458,2774632.32,MM_Balance
M_001386,2020-11-18T15:22:00,STK_003,USR_004,USR_003,2036.76,2687,5472774.12,MM_Balance
M_001385,2020-11-18T15:40:00,STK_002,USR_004,USR_003,1452.98,1117,1622978.66,MM_Balance
M_001390,2020-11-18T15:41:00,STK_004,USR_004,USR_003,1903.04,2013,3830819.52,MM_Balance
M_001389,2020-11-18T15:47:00,STK_003,USR_003,USR_004,2036.76,2479,5049128.04,MM_Balance
M_001396,2020-11-19T15:10:00,STK_004,USR_004,USR_003,1912.49,1386,2650711.14,MM_Balance
M_001391,2020-11-19T15:11:00,STK_002,USR_004,USR_003,1481.43,2015,2985081.45,MM_Balance
M_001395,2020-11-19T15:18:00,STK_003,USR_003,USR_004,2011.71,2326,4679237.46,MM_Balance
M_001393,2020-11-19T15:36:00,STK_004,USR_003,USR_004,1912.49,1386,2650711.14,MM_Balance
M_001394,2020-11-19T15:46:00,STK_002,USR_003,USR_004,1481.43,2931,4342071.33,MM_Balance
M_001392,2020-11-19T15:52:00,STK_003,USR_004,USR_003,2011.71,1378,2772136.38,MM_Balance
M_001398,2020-11-20T09:45:39,STK_001,USR_003,USR_009,3715.88,77,286122.76,Normal
M_001397,2020-11-20T12:26:22,STK_005,USR_007,USR_003,4635.67,16,74170.72,Normal
M_001402,2020-11-20T15:08:00,STK_002,USR_003,USR_004,1520.61,1414,2150142.54,MM_Balance
M_001404,2020-11-20T15:10:00,STK_004,USR_004,USR_003,1917.34,2013,3859605.42,MM_Balance
M_001403,2020-11-20T15:36:00,STK_003,USR_003,USR_004,1981.48,2555,5062681.40,MM_Balance
M_001401,2020-11-20T15:45:00,STK_004,USR_003,USR_004,1917.34,2013,3859605.42,MM_Balance
M_001400,2020-11-20T15:47:00,STK_003,USR_004,USR_003,1981.48,2110,4180922.80,MM_Balance
M_001399,2020-11-20T15:50:00,STK_002,USR_004,USR_003,1520.61,2961,4502526.21,MM_Balance
M_001405,2020-11-21T10:01:23,STK_003,USR_007,USR_003,1922.07,206,395946.42,Normal
M_001409,2020-11-21T15:02:00,STK_002,USR_003,USR_004,1514.65,2834,4292518.10,MM_Balance
M_001411,2020-11-21T15:11:00,STK_004,USR_004,USR_003,1910.76,1242,2373163.92,MM_Balance
M_001406,2020-11-21T15:18:00,STK_002,USR_004,USR_003,1514.65,1208,1829697.20,MM_Balance
M_001408,2020-11-21T15:23:00,STK_004,USR_003,USR_004,1910.76,1242,2373163.92,MM_Balance
M_001410,2020-11-21T15:27:00,STK_003,USR_003,USR_004,1986.81,1364,2710008.84,MM_Balance
M_001407,2020-11-21T15:39:00,STK_003,USR_004,USR_003,1986.81,1156,2296752.36,MM_Balance
M_001412,2020-11-22T15:04:00,STK_002,USR_004,USR_003,1531.71,2668,4086602.28,MM_Balance
M_001414,2020-11-22T15:05:00,STK_004,USR_003,USR_004,1876.88,1296,2432436.48,MM_Balance
M_001415,2020-11-22T15:11:00,STK_002,USR_003,USR_004,1531.71,1261,1931486.31,MM_Balance
M_001416,2020-11-22T15:20:00,STK_003,USR_003,USR_004,1985.79,1722,3419530.38,MM_Balance
M_001413,2020-11-22T15:27:00,STK_003,USR_004,USR_003,1985.79,2183,4334979.57,MM_Balance
M_001417,2020-11-22T15:30:00,STK_004,USR_004,USR_003,1876.88,1296,2432436.48,MM_Balance
M_001418,2020-11-23T10:12:57,STK_001,USR_004,USR_010,3686.27,177,652469.79,Normal
M_001419,2020-11-23T10:18:43,STK_003,USR_004,USR_008,1878.72,79,148418.88,Normal
M_001420,2020-11-23T15:13:00,STK_002,USR_004,USR_003,1522.58,1496,2277779.68,MM_Balance
M_001424,2020-11-23T15:27:00,STK_003,USR_003,USR_004,2013.08,2425,4881719.00,MM_Balance
M_001422,2020-11-23T15:44:00,STK_004,USR_003,USR_004,1836.80,1240,2277632.00,MM_Balance
M_001425,2020-11-23T15:44:00,STK_004,USR_004,USR_003,1836.80,1110,2038848.00,MM_Balance
M_001423,2020-11-23T15:46:00,STK_002,USR_003,USR_004,1522.58,1773,2699534.34,MM_Balance
M_001421,2020-11-23T15:47:00,STK_003,USR_004,USR_003,2013.08,1114,2242571.12,MM_Balance
M_001428,2020-11-24T09:17:32,STK_001,USR_009,USR_003,3709.32,40,148372.80,Normal
M_001427,2020-11-24T11:43:34,STK_002,USR_008,USR_004,1432.49,81,116031.69,Normal
M_001426,2020-11-24T12:47:27,STK_002,USR_005,USR_003,1371.31,16,21940.96,Normal
M_001429,2020-11-24T15:10:00,STK_002,USR_004,USR_003,1530.52,2030,3106955.60,MM_Balance
M_001434,2020-11-24T15:14:00,STK_004,USR_004,USR_003,1847.00,2013,3718011.00,MM_Balance
M_001433,2020-11-24T15:36:00,STK_003,USR_003,USR_004,2026.07,2882,5839133.74,MM_Balance
M_001432,2020-11-24T15:45:00,STK_002,USR_003,USR_004,1530.52,2134,3266129.68,MM_Balance
M_001430,2020-11-24T15:53:00,STK_003,USR_004,USR_003,2026.07,1811,3669212.77,MM_Balance
M_001431,2020-11-24T15:56:00,STK_004,USR_003,USR_004,1847.00,1883,3477901.00,MM_Balance
M_001438,2020-11-25T15:06:00,STK_002,USR_003,USR_004,1539.60,1552,2389459.20,MM_Balance
M_001440,2020-11-25T15:15:00,STK_004,USR_004,USR_003,1859.12,1057,1965089.84,MM_Balance
M_001439,2020-11-25T15:23:00,STK_003,USR_003,USR_004,1966.50,1159,2279173.50,MM_Balance
M_001435,2020-11-25T15:24:00,STK_002,USR_004,USR_003,1539.60,2694,4147682.40,MM_Balance
M_001437,2020-11-25T15:27:00,STK_004,USR_003,USR_004,1859.12,2013,3742408.56,MM_Balance
M_001436,2020-11-25T15:51:00,STK_003,USR_004,USR_003,1966.50,1111,2184781.50,MM_Balance
M_001441,2020-11-26T13:24:13,STK_003,USR_003,USR_006,1910.84,299,571341.16,Normal
M_001442,2020-11-26T15:08:00,STK_002,USR_004,USR_003,1533.62,2994,4591658.28,MM_Balance
M_001447,2020-11-26T15:10:00,STK_004,USR_004,USR_003,1876.73,1594,2991507.62,MM_Balance
M_001443,2020-11-26T15:26:00,STK_003,USR_004,USR_003,1988.60,1678,3336870.80,MM_Balance
M_001445,2020-11-26T15:37:00,STK_002,USR_003,USR_004,1533.62,1048,1607233.76,MM_Balance
M_001446,2020-11-26T15:37:00,STK_003,USR_003,USR_004,1988.60,1976,3929473.60,MM_Balance
M_001444,2020-11-26T15:51:00,STK_004,USR_003,USR_004,1876.73,1057,1983703.61,MM_Balance
M_001451,2020-11-27T15:09:00,STK_002,USR_003,USR_004,1524.01,2962,4514117.62,MM_Balance
M_001450,2020-11-27T15:13:00,STK_004,USR_003,USR_004,1894.62,1489,2821089.18,MM_Balance
M_001448,2020-11-27T15:39:00,STK_002,USR_004,USR_003,1524.01,1737,2647205.37,MM_Balance
M_001453,2020-11-27T15:49:00,STK_004,USR_004,USR_003,1894.62,1292,2447849.04,MM_Balance
M_001452,2020-11-27T15:51:00,STK_003,USR_003,USR_004,2005.75,1199,2404894.25,MM_Balance
M_001449,2020-11-27T15:57:00,STK_003,USR_004,USR_003,2005.75,1081,2168215.75,MM_Balance
M_001454,2020-11-28T11:19:49,STK_002,USR_005,USR_004,1427.78,19,27127.82,Normal
M_001458,2020-11-28T15:05:00,STK_002,USR_003,USR_004,1531.88,1765,2703768.20,MM_Balance
M_001455,2020-11-28T15:23:00,STK_002,USR_004,USR_003,1531.88,1081,1655962.28,MM_Balance
M_001457,2020-11-28T15:23:00,STK_004,USR_003,USR_004,1902.80,1397,2658211.60,MM_Balance
M_001456,2020-11-28T15:26:00,STK_003,USR_004,USR_003,1992.89,1821,3629052.69,MM_Balance
M_001459,2020-11-28T15:28:00,STK_003,USR_003,USR_004,1992.89,2036,4057524.04,MM_Balance
M_001460,2020-11-28T15:56:00,STK_004,USR_004,USR_003,1902.80,2013,3830336.40,MM_Balance
M_001461,2020-11-29T15:06:00,STK_002,USR_004,USR_003,1542.73,2498,3853739.54,MM_Balance
M_001466,2020-11-29T15:17:00,STK_004,USR_004,USR_003,1923.17,1234,2373191.78,MM_Balance
M_001463,2020-11-29T15:21:00,STK_004,USR_003,USR_004,1923.17,1822,3504015.74,MM_Balance
M_001464,2020-11-29T15:21:00,STK_002,USR_003,USR_004,1542.73,1649,2543961.77,MM_Balance
M_001462,2020-11-29T15:27:00,STK_003,USR_004,USR_003,1999.89,2573,5145716.97,MM_Balance
M_001465,2020-11-29T15:44:00,STK_003,USR_003,USR_004,1999.89,1435,2869842.15,MM_Balance
M_001467,2020-11-30T10:55:30,STK_003,USR_004,USR_006,1865.07,252,469997.64,Normal
M_001468,2020-11-30T15:04:00,STK_002,USR_004,USR_003,1531.24,1290,1975299.60,MM_Balance
M_001469,2020-11-30T15:05:00,STK_003,USR_004,USR_003,1986.39,1829,3633107.31,MM_Balance
M_001471,2020-11-30T15:26:00,STK_002,USR_003,USR_004,1531.24,2784,4262972.16,MM_Balance
M_001470,2020-11-30T15:45:00,STK_004,USR_003,USR_004,1920.39,1425,2736555.75,MM_Balance
M_001473,2020-11-30T15:53:00,STK_004,USR_004,USR_003,1920.39,1376,2642456.64,MM_Balance
M_001472,2020-11-30T15:57:00,STK_003,USR_003,USR_004,1986.39,2371,4709730.69,MM_Balance
M_001476,2020-12-01T15:09:00,STK_004,USR_003,USR_004,1904.70,1029,1959936.30,MM_Balance
M_001477,2020-12-01T15:09:00,STK_002,USR_003,USR_004,1534.50,2912,4468464.00,MM_Balance
M_001478,2020-12-01T15:20:00,STK_003,USR_003,USR_004,1986.41,2770,5502355.70,MM_Balance
M_001475,2020-12-01T15:42:00,STK_003,USR_004,USR_003,1986.41,1663,3303399.83,MM_Balance
M_001479,2020-12-01T15:43:00,STK_004,USR_004,USR_003,1904.70,1666,3173230.20,MM_Balance
M_001474,2020-12-01T15:46:00,STK_002,USR_004,USR_003,1534.50,1159,1778485.50,MM_Balance
M_001481,2020-12-02T15:19:00,STK_003,USR_004,USR_003,1971.26,1033,2036311.58,MM_Balance
M_001484,2020-12-02T15:26:00,STK_003,USR_003,USR_004,1971.26,1847,3640917.22,MM_Balance
M_001483,2020-12-02T15:31:00,STK_002,USR_003,USR_004,1509.83,2432,3671906.56,MM_Balance
M_001480,2020-12-02T15:52:00,STK_002,USR_004,USR_003,1509.83,1758,2654281.14,MM_Balance
M_001482,2020-12-02T15:52:00,STK_004,USR_003,USR_004,1890.05,2013,3804670.65,MM_Balance
M_001485,2020-12-02T15:53:00,STK_004,USR_004,USR_003,1890.05,1721,3252776.05,MM_Balance
M_001491,2020-12-03T15:18:00,STK_004,USR_004,USR_003,1852.17,2013,3728418.21,MM_Balance
M_001490,2020-12-03T15:28:00,STK_003,USR_003,USR_004,1966.05,2297,4516016.85,MM_Balance
M_001489,2020-12-03T15:31:00,STK_002,USR_003,USR_004,1506.91,1212,1826374.92,MM_Balance
M_001487,2020-12-03T15:41:00,STK_003,USR_004,USR_003,1966.05,1183,2325837.15,MM_Balance
M_001486,2020-12-03T15:51:00,STK_002,USR_004,USR_003,1506.91,1179,1776646.89,MM_Balance
M_001488,2020-12-03T15:59:00,STK_004,USR_003,USR_004,1852.17,1721,3187584.57,MM_Balance
M_001497,2020-12-04T15:00:00,STK_004,USR_004,USR_003,1877.37,1066,2001276.42,MM_Balance
M_001495,2020-12-04T15:15:00,STK_002,USR_003,USR_004,1507.81,2378,3585572.18,MM_Balance
M_001492,2020-12-04T15:18:00,STK_002,USR_004,USR_003,1507.81,2039,3074424.59,MM_Balance
M_001493,2020-12-04T15:42:00,STK_003,USR_004,USR_003,1971.50,2801,5522171.50,MM_Balance
M_001494,2020-12-04T15:53:00,STK_004,USR_003,USR_004,1877.37,1629,3058235.73,MM_Balance
M_001496,2020-12-04T15:58:00,STK_003,USR_003,USR_004,1971.50,2843,5604974.50,MM_Balance
M_001500,2020-12-05T15:06:00,STK_004,USR_003,USR_004,1900.63,1450,2755913.50,MM_Balance
M_001501,2020-12-05T15:07:00,STK_002,USR_003,USR_004,1510.58,2032,3069498.56,MM_Balance
M_001499,2020-12-05T15:10:00,STK_003,USR_004,USR_003,2007.00,2059,4132413.00,MM_Balance
M_001503,2020-12-05T15:35:00,STK_004,USR_004,USR_003,1900.63,2013,3825968.19,MM_Balance
M_001502,2020-12-05T15:48:00,STK_003,USR_003,USR_004,2007.00,2726,5471082.00,MM_Balance
M_001498,2020-12-05T15:57:00,STK_002,USR_004,USR_003,1510.58,1825,2756808.50,MM_Balance
M_001504,2020-12-06T10:11:17,STK_005,USR_003,USR_010,4858.78,205,996049.90,Normal
M_001508,2020-12-06T15:01:00,STK_002,USR_003,USR_004,1522.77,2284,3478006.68,MM_Balance
M_001507,2020-12-06T15:05:00,STK_004,USR_003,USR_004,1909.69,1563,2984845.47,MM_Balance
M_001510,2020-12-06T15:09:00,STK_004,USR_004,USR_003,1909.69,1219,2327912.11,MM_Balance
M_001506,2020-12-06T15:16:00,STK_003,USR_004,USR_003,1987.46,2577,5121684.42,MM_Balance
M_001509,2020-12-06T15:29:00,STK_003,USR_003,USR_004,1987.46,1227,2438613.42,MM_Balance
M_001505,2020-12-06T15:49:00,STK_002,USR_004,USR_003,1522.77,2487,3787128.99,MM_Balance
M_001512,2020-12-07T12:09:23,STK_002,USR_002,USR_003,1357.14,6920,9391408.80,Normal
M_001511,2020-12-07T12:49:19,STK_001,USR_004,USR_009,3659.34,49,179307.66,Normal
M_001516,2020-12-07T15:01:00,STK_002,USR_003,USR_004,1528.75,2241,3425928.75,MM_Balance
M_001515,2020-12-07T15:07:00,STK_004,USR_003,USR_004,1909.20,1669,3186454.80,MM_Balance
M_001517,2020-12-07T15:32:00,STK_003,USR_003,USR_004,1977.34,2060,4073320.40,MM_Balance
M_001514,2020-12-07T15:33:00,STK_003,USR_004,USR_003,1977.34,1324,2617998.16,MM_Balance
M_001513,2020-12-07T15:38:00,STK_002,USR_004,USR_003,1528.75,2257,3450388.75,MM_Balance
M_001518,2020-12-07T15:55:00,STK_004,USR_004,USR_003,1909.20,1442,2753066.40,MM_Balance
M_001519,2020-12-08T15:12:00,STK_002,USR_004,USR_003,1531.08,2888,4421759.04,MM_Balance
M_001520,2020-12-08T15:12:00,STK_003,USR_004,USR_003,1961.08,1354,2655302.32,MM_Balance
M_001521,2020-12-08T15:25:00,STK_004,USR_003,USR_004,1930.60,1442,2783925.20,MM_Balance
M_001524,2020-12-08T15:46:00,STK_004,USR_004,USR_003,1930.60,2013,3886297.80,MM_Balance
M_001522,2020-12-08T15:50:00,STK_002,USR_003,USR_004,1531.08,2195,3360720.60,MM_Balance
M_001523,2020-12-08T15:50:00,STK_003,USR_003,USR_004,1961.08,1339,2625886.12,MM_Balance
M_001525,2020-12-09T12:43:48,STK_002,USR_003,USR_008,1392.83,271,377456.93,Normal
M_001526,2020-12-09T15:01:00,STK_002,USR_004,USR_003,1526.06,1815,2769798.90,MM_Balance
M_001531,2020-12-09T15:09:00,STK_004,USR_004,USR_003,1946.53,1761,3427839.33,MM_Balance
M_001529,2020-12-09T15:15:00,STK_002,USR_003,USR_004,1526.06,1732,2643135.92,MM_Balance
M_001530,2020-12-09T15:42:00,STK_003,USR_003,USR_004,1964.12,1440,2828332.80,MM_Balance
M_001528,2020-12-09T15:50:00,STK_004,USR_003,USR_004,1946.53,1879,3657529.87,MM_Balance
M_001527,2020-12-09T15:51:00,STK_003,USR_004,USR_003,1964.12,1368,2686916.16,MM_Balance
M_001535,2020-12-10T15:12:00,STK_002,USR_003,USR_004,1505.52,1405,2115255.60,MM_Balance
M_001537,2020-12-10T15:17:00,STK_004,USR_004,USR_003,1937.26,1095,2121299.70,MM_Balance
M_001536,2020-12-10T15:31:00,STK_003,USR_003,USR_004,1948.03,2643,5148643.29,MM_Balance
M_001533,2020-12-10T15:48:00,STK_003,USR_004,USR_003,1948.03,2397,4669427.91,MM_Balance
M_001534,2020-12-10T15:52:00,STK_004,USR_003,USR_004,1937.26,1650,3196479.00,MM_Balance
M_001532,2020-12-10T15:57:00,STK_002,USR_004,USR_003,1505.52,2175,3274506.00,MM_Balance
M_001543,2020-12-11T15:05:00,STK_004,USR_004,USR_003,1934.60,1819,3519037.40,MM_Balance
M_001541,2020-12-11T15:19:00,STK_002,USR_003,USR_004,1508.43,2481,3742414.83,MM_Balance
M_001539,2020-12-11T15:30:00,STK_003,USR_004,USR_003,1964.61,1142,2243584.62,MM_Balance
M_001538,2020-12-11T15:41:00,STK_002,USR_004,USR_003,1508.43,1690,2549246.70,MM_Balance
M_001542,2020-12-11T15:48:00,STK_003,USR_003,USR_004,1964.61,1649,3239641.89,MM_Balance
M_001540,2020-12-11T15:51:00,STK_004,USR_003,USR_004,1934.60,1340,2592364.00,MM_Balance
M_001545,2020-12-12T09:23:31,STK_003,USR_003,USR_006,1850.86,36,66630.96,Normal
M_001544,2020-12-12T11:56:19,STK_002,USR_003,USR_008,1385.10,15,20776.50,Normal
M_001549,2020-12-12T15:08:00,STK_002,USR_003,USR_004,1512.44,2894,4377001.36,MM_Balance
M_001550,2020-12-12T15:08:00,STK_003,USR_003,USR_004,1953.16,1245,2431684.20,MM_Balance
M_001551,2020-12-12T15:09:00,STK_004,USR_004,USR_003,1887.42,1746,3295435.32,MM_Balance
M_001546,2020-12-12T15:16:00,STK_002,USR_004,USR_003,1512.44,1153,1743843.32,MM_Balance
M_001547,2020-12-12T15:39:00,STK_003,USR_004,USR_003,1953.16,2408,4703209.28,MM_Balance
M_001548,2020-12-12T15:44:00,STK_004,USR_003,USR_004,1887.42,1552,2929275.84,MM_Balance
M_001552,2020-12-13T09:41:02,STK_005,USR_009,USR_003,4739.17,115,545004.55,Normal
M_001556,2020-12-13T15:06:00,STK_002,USR_003,USR_004,1531.13,1998,3059197.74,MM_Balance
M_001553,2020-12-13T15:13:00,STK_002,USR_004,USR_003,1531.13,1123,1719458.99,MM_Balance
M_001554,2020-12-13T15:13:00,STK_003,USR_004,USR_003,1954.89,2373,4638953.97,MM_Balance
M_001558,2020-12-13T15:19:00,STK_004,USR_004,USR_003,1891.14,2013,3806864.82,MM_Balance
M_001555,2020-12-13T15:24:00,STK_004,USR_003,USR_004,1891.14,2013,3806864.82,MM_Balance
M_001557,2020-12-13T15:52:00,STK_003,USR_003,USR_004,1954.89,1427,2789628.03,MM_Balance
M_001559,2020-12-14T15:07:00,STK_002,USR_004,USR_003,1549.57,2525,3912664.25,MM_Balance
M_001563,2020-12-14T15:16:00,STK_003,USR_003,USR_004,1952.16,1720,3357715.20,MM_Balance
M_001561,2020-12-14T15:17:00,STK_004,USR_003,USR_004,1882.63,1383,2603677.29,MM_Balance
M_001564,2020-12-14T15:35:00,STK_004,USR_004,USR_003,1882.63,1383,2603677.29,MM_Balance
M_001562,2020-12-14T15:42:00,STK_002,USR_003,USR_004,1549.57,1975,3060400.75,MM_Balance
M_001560,2020-12-14T15:57:00,STK_003,USR_004,USR_003,1952.16,1033,2016581.28,MM_Balance
M_001566,2020-12-15T15:03:00,STK_003,USR_004,USR_003,1907.34,2395,4568079.30,MM_Balance
M_001568,2020-12-15T15:03:00,STK_002,USR_003,USR_004,1527.19,1235,1886079.65,MM_Balance
M_001567,2020-12-15T15:07:00,STK_004,USR_003,USR_004,1872.26,2013,3768859.38,MM_Balance
M_001569,2020-12-15T15:17:00,STK_003,USR_003,USR_004,1907.34,2178,4154186.52,MM_Balance
M_001565,2020-12-15T15:27:00,STK_002,USR_004,USR_003,1527.19,2062,3149065.78,MM_Balance
M_001570,2020-12-15T15:34:00,STK_004,USR_004,USR_003,1872.26,1134,2123142.84,MM_Balance
M_001571,2020-12-16T11:10:19,STK_002,USR_006,USR_004,1443.52,166,239624.32,Normal
M_001578,2020-12-16T13:00:00,STK_003,USR_003,USR_002,1480.69,17830,26400702.70,Panic_Dump_Whale
M_001579,2020-12-16T13:00:02,STK_003,USR_003,USR_006,1366.44,204,278753.76,Panic_Dump_Retail
M_001580,2020-12-16T13:00:07,STK_003,USR_003,USR_007,1301.22,206,268051.32,Panic_Dump_Retail
M_001574,2020-12-16T15:00:00,STK_004,USR_003,USR_004,1899.46,1134,2153987.64,MM_Balance
M_001572,2020-12-16T15:11:00,STK_002,USR_004,USR_003,1524.94,1341,2044944.54,MM_Balance
M_001576,2020-12-16T15:16:00,STK_003,USR_003,USR_004,1898.69,1363,2587914.47,MM_Balance
M_001575,2020-12-16T15:21:00,STK_002,USR_003,USR_004,1524.94,1876,2860787.44,MM_Balance
M_001573,2020-12-16T15:29:00,STK_003,USR_004,USR_003,1898.69,2842,5396076.98,MM_Balance
M_001577,2020-12-16T15:43:00,STK_004,USR_004,USR_003,1899.46,1349,2562371.54,MM_Balance
M_001584,2020-12-17T15:01:00,STK_002,USR_003,USR_004,1507.57,1336,2014113.52,MM_Balance
M_001583,2020-12-17T15:09:00,STK_004,USR_003,USR_004,1898.02,1349,2560428.98,MM_Balance
M_001585,2020-12-17T15:13:00,STK_004,USR_004,USR_003,1898.02,1736,3294962.72,MM_Balance
M_001581,2020-12-17T15:17:00,STK_002,USR_004,USR_003,1507.57,1230,1854311.10,MM_Balance
M_001582,2020-12-17T15:26:00,STK_003,USR_004,USR_003,1534.74,1302,1998231.48,MM_Balance
M_001586,2020-12-18T13:08:30,STK_005,USR_004,USR_009,4690.29,72,337700.88,Normal
M_001587,2020-12-18T15:07:00,STK_002,USR_004,USR_003,1519.90,1590,2416641.00,MM_Balance
M_001590,2020-12-18T15:18:00,STK_002,USR_003,USR_004,1519.90,2071,3147712.90,MM_Balance
M_001591,2020-12-18T15:31:00,STK_003,USR_003,USR_004,1540.52,1566,2412454.32,MM_Balance
M_001589,2020-12-18T15:43:00,STK_004,USR_003,USR_004,1880.90,1736,3265242.40,MM_Balance
M_001592,2020-12-18T15:51:00,STK_004,USR_004,USR_003,1880.90,1132,2129178.80,MM_Balance
M_001588,2020-12-18T15:59:00,STK_003,USR_004,USR_003,1540.52,2021,3113390.92,MM_Balance
M_001593,2020-12-19T15:14:00,STK_002,USR_004,USR_003,1544.87,1595,2464067.65,MM_Balance
M_001597,2020-12-19T15:16:00,STK_003,USR_003,USR_004,1526.64,1687,2575441.68,MM_Balance
M_001598,2020-12-19T15:19:00,STK_004,USR_004,USR_003,1892.91,2013,3810427.83,MM_Balance
M_001596,2020-12-19T15:25:00,STK_002,USR_003,USR_004,1544.87,1865,2881182.55,MM_Balance
M_001595,2020-12-19T15:51:00,STK_004,USR_003,USR_004,1892.91,1132,2142774.12,MM_Balance
M_001594,2020-12-19T15:59:00,STK_003,USR_004,USR_003,1526.64,1969,3005954.16,MM_Balance
M_001603,2020-12-20T15:01:00,STK_003,USR_003,USR_004,1511.34,1694,2560209.96,MM_Balance
M_001599,2020-12-20T15:08:00,STK_002,USR_004,USR_003,1545.50,1196,1848418.00,MM_Balance
M_001600,2020-12-20T15:20:00,STK_003,USR_004,USR_003,1511.34,2421,3658954.14,MM_Balance
M_001601,2020-12-20T15:22:00,STK_004,USR_003,USR_004,1906.93,1959,3735675.87,MM_Balance
M_001602,2020-12-20T15:26:00,STK_002,USR_003,USR_004,1545.50,1955,3021452.50,MM_Balance
M_001604,2020-12-20T15:49:00,STK_004,USR_004,USR_003,1906.93,1959,3735675.87,MM_Balance
M_001609,2020-12-21T15:13:00,STK_003,USR_003,USR_004,1472.62,2436,3587302.32,MM_Balance
M_001606,2020-12-21T15:18:00,STK_003,USR_004,USR_003,1472.62,2683,3951039.46,MM_Balance
M_001607,2020-12-21T15:21:00,STK_004,USR_003,USR_004,1903.29,2013,3831322.77,MM_Balance
M_001605,2020-12-21T15:38:00,STK_002,USR_004,USR_003,1530.13,1682,2573678.66,MM_Balance
M_001608,2020-12-21T15:47:00,STK_002,USR_003,USR_004,1530.13,1248,1909602.24,MM_Balance
M_001610,2020-12-21T15:47:00,STK_004,USR_004,USR_003,1903.29,2013,3831322.77,MM_Balance
M_001611,2020-12-22T11:15:00,STK_001,USR_007,USR_003,3633.36,71,257968.56,Normal
M_001614,2020-12-22T15:09:00,STK_004,USR_003,USR_004,1913.70,1885,3607324.50,MM_Balance
M_001615,2020-12-22T15:09:00,STK_002,USR_003,USR_004,1526.11,1378,2102979.58,MM_Balance
M_001617,2020-12-22T15:30:00,STK_004,USR_004,USR_003,1913.70,1885,3607324.50,MM_Balance
M_001616,2020-12-22T15:32:00,STK_003,USR_003,USR_004,1472.95,1349,1987009.55,MM_Balance
M_001612,2020-12-22T15:39:00,STK_002,USR_004,USR_003,1526.11,2682,4093027.02,MM_Balance
M_001613,2020-12-22T15:42:00,STK_003,USR_004,USR_003,1472.95,2759,4063869.05,MM_Balance
M_001620,2020-12-23T15:00:00,STK_004,USR_003,USR_004,1926.58,1567,3018950.86,MM_Balance
M_001623,2020-12-23T15:04:00,STK_004,USR_004,USR_003,1926.58,1567,3018950.86,MM_Balance
M_001618,2020-12-23T15:08:00,STK_002,USR_004,USR_003,1532.80,2971,4553948.80,MM_Balance
M_001621,2020-12-23T15:32:00,STK_002,USR_003,USR_004,1532.80,1732,2654809.60,MM_Balance
M_001619,2020-12-23T15:46:00,STK_003,USR_004,USR_003,1473.24,2807,4135384.68,MM_Balance
M_001622,2020-12-23T15:57:00,STK_003,USR_003,USR_004,1473.24,1714,2525133.36,MM_Balance
M_001624,2020-12-24T10:38:30,STK_004,USR_007,USR_004,1909.59,251,479307.09,Normal
M_001625,2020-12-24T13:32:45,STK_002,USR_008,USR_003,1399.49,59,82569.91,Normal
M_001630,2020-12-24T15:26:00,STK_003,USR_003,USR_004,1496.06,2547,3810464.82,MM_Balance
M_001631,2020-12-24T15:39:00,STK_004,USR_004,USR_003,1902.70,1126,2142440.20,MM_Balance
M_001626,2020-12-24T15:48:00,STK_002,USR_004,USR_003,1534.36,1662,2550106.32,MM_Balance
M_001627,2020-12-24T15:51:00,STK_003,USR_004,USR_003,1496.06,2580,3859834.80,MM_Balance
M_001628,2020-12-24T15:57:00,STK_004,USR_003,USR_004,1902.70,1215,2311780.50,MM_Balance
M_001629,2020-12-24T15:57:00,STK_002,USR_003,USR_004,1534.36,2491,3822090.76,MM_Balance
M_001632,2020-12-25T14:13:21,STK_004,USR_008,USR_004,1880.14,78,146650.92,Normal
M_001636,2020-12-25T15:00:00,STK_002,USR_003,USR_004,1530.94,2829,4331029.26,MM_Balance
M_001635,2020-12-25T15:02:00,STK_004,USR_003,USR_004,1872.24,1416,2651091.84,MM_Balance
M_001638,2020-12-25T15:11:00,STK_004,USR_004,USR_003,1872.24,1505,2817721.20,MM_Balance
M_001637,2020-12-25T15:26:00,STK_003,USR_003,USR_004,1518.35,2585,3924934.75,MM_Balance
M_001633,2020-12-25T15:37:00,STK_002,USR_004,USR_003,1530.94,1176,1800385.44,MM_Balance
M_001634,2020-12-25T15:42:00,STK_003,USR_004,USR_003,1518.35,2288,3473984.80,MM_Balance
