t_idx,time_label,node_idx,node_label,optimal_input_u,state_error_x
0,2020-02,0,AAPL_Close,0.0,8.5498
0,2020-02,1,Sector_IT,0.0,25.5666
0,2020-02,2,AMZN_Close,0.0,6.2485
0,2020-02,3,Sector_Disc,0.0,18.6165
0,2020-02,4,APA_Close,0.0,2.1558
0,2020-02,5,Sector_Energy,0.0,13.9552
0,2020-02,6,AVGO_Close,23.2423,2.7936
0,2020-02,7,BIIB_Close,0.0,39.54
0,2020-02,8,Sector_Health,0.0,23.108
0,2020-02,9,BXP_Close,0.0,10.5487
0,2020-02,10,Sector_RE,0.0,27.4126
0,2020-02,11,CAG_Close,0.0,4.6649
0,2020-02,12,Sector_Staples,0.0,16.9982
0,2020-02,13,CAT_Close,0.0,6.2934
0,2020-02,14,Sector_Ind,0.0,19.3226
0,2020-02,15,CPB_Close,0.0,2.6095
0,2020-02,16,DIS_Close,0.0,20.1847
0,2020-02,17,Sector_Comm,0.0,43.09
0,2020-02,18,DOV_Close,0.0,9.7795
0,2020-02,19,GOOG_Close,0.0,4.7064
0,2020-02,20,HAL_Close,0.0,4.3249
0,2020-02,21,HD_Close,16.9241,8.8152
0,2020-02,22,HPQ_Close,0.0,0.4243
0,2020-02,23,JNJ_Close,0.0,11.3694
0,2020-02,24,JPM_Close,17.038,13.7277
0,2020-02,25,Sector_Fin,0.0,18.7418
0,2020-02,26,KSS_Close,0.0,2.543
0,2020-02,27,LIN_Close,0.0,11.0847
0,2020-02,28,Sector_Mat,0.0,17.4712
0,2020-02,29,LYV_Close,0.0,7.39
0,2020-02,30,META_Close,0.0,9.3665
0,2020-02,31,MSFT_Close,0.0,7.3677
0,2020-02,32,M_Close,0.0,2.1711
0,2020-02,33,NAVI_Close,0.0,2.3538
0,2020-02,34,NEE_Close,0.0,3.0229
0,2020-02,35,Sector_Util,0.0,10.9736
0,2020-02,36,NI_Close,0.0,1.6917
0,2020-02,37,NVDA_Close,0.0,1000.8412
0,2020-02,38,NWSA_Close,0.0,1.4425
0,2020-02,39,OI_Close,0.0,1.7679
0,2020-02,40,PG_Close,0.0,9.7239
0,2020-02,41,PLD_Close,0.0,7.2264
0,2020-02,42,PNR_Close,0.0,3.2497
0,2020-02,43,PNW_Close,0.0,6.2589
0,2020-02,44,PRGO_Close,0.0,5.0626
0,2020-02,45,SEE_Close,0.0,4.6187
0,2020-02,46,STX_Close,0.0,7.2724
0,2020-02,47,SYF_Close,0.0,2.6603
0,2020-02,48,TSLA_Close,0.0,1.1613
0,2020-02,49,VNO_Close,0.0,9.6375
0,2020-02,50,XOM_Close,0.0,7.4746
1,2020-03,0,AAPL_Close,0.0,4.6036
1,2020-03,1,Sector_IT,0.0,12.8484
1,2020-03,2,AMZN_Close,0.0,3.2985
1,2020-03,3,Sector_Disc,0.0,55.4194
1,2020-03,4,APA_Close,0.0,17.7423
1,2020-03,5,Sector_Energy,0.0,36.966
1,2020-03,6,AVGO_Close,11.6804,2.7034
1,2020-03,7,BIIB_Close,0.0,7.99
1,2020-03,8,Sector_Health,0.0,3.0132
1,2020-03,9,BXP_Close,0.0,26.1605
1,2020-03,10,Sector_RE,0.0,42.616
1,2020-03,11,CAG_Close,0.0,1.9842
1,2020-03,12,Sector_Staples,0.0,0.0567
1,2020-03,13,CAT_Close,0.0,7.2582
1,2020-03,14,Sector_Ind,0.0,33.4517
1,2020-03,15,CPB_Close,0.0,0.8299
1,2020-03,16,DIS_Close,0.0,20.5657
1,2020-03,17,Sector_Comm,0.0,72.9199
1,2020-03,18,DOV_Close,0.0,17.3531
1,2020-03,19,GOOG_Close,0.0,8.7541
1,2020-03,20,HAL_Close,0.0,8.9509
1,2020-03,21,HD_Close,50.3813,25.673
1,2020-03,22,HPQ_Close,0.0,2.6154
1,2020-03,23,JNJ_Close,0.0,2.8325
1,2020-03,24,JPM_Close,32.5938,22.032
1,2020-03,25,Sector_Fin,0.0,35.8532
1,2020-03,26,KSS_Close,0.0,16.9671
1,2020-03,27,LIN_Close,0.0,15.7267
1,2020-03,28,Sector_Mat,0.0,24.2872
1,2020-03,29,LYV_Close,0.0,15.31
1,2020-03,30,META_Close,0.0,25.4701
1,2020-03,31,MSFT_Close,0.0,4.0846
1,2020-03,32,M_Close,0.0,6.4784
1,2020-03,33,NAVI_Close,0.0,2.6446
1,2020-03,34,NEE_Close,0.0,2.6126
1,2020-03,35,Sector_Util,0.0,14.7341
1,2020-03,36,NI_Close,0.0,1.6646
1,2020-03,37,NVDA_Close,0.0,999.8389
1,2020-03,38,NWSA_Close,0.0,2.82
1,2020-03,39,OI_Close,0.0,3.69
1,2020-03,40,PG_Close,0.0,2.7575
1,2020-03,41,PLD_Close,0.0,2.7227
1,2020-03,42,PNR_Close,0.0,8.8403
1,2020-03,43,PNW_Close,0.0,10.4569
1,2020-03,44,PRGO_Close,0.0,2.1443
1,2020-03,45,SEE_Close,0.0,4.8705
1,2020-03,46,STX_Close,0.0,1.3197
1,2020-03,47,SYF_Close,0.0,11.1765
1,2020-03,48,TSLA_Close,0.0,9.5993
1,2020-03,49,VNO_Close,0.0,13.7328
1,2020-03,50,XOM_Close,0.0,10.2729
2,2020-04,0,AAPL_Close,0.0,9.5378
2,2020-04,1,Sector_IT,0.0,33.1343
2,2020-04,2,AMZN_Close,0.0,26.214
2,2020-04,3,Sector_Disc,0.0,75.6771
2,2020-04,4,APA_Close,0.0,7.6467
2,2020-04,5,Sector_Energy,0.0,17.4184
2,2020-04,6,AVGO_Close,-30.1221,3.0139
2,2020-04,7,BIIB_Close,0.0,19.55
2,2020-04,8,Sector_Health,0.0,0.7356
2,2020-04,9,BXP_Close,0.0,3.6618
2,2020-04,10,Sector_RE,0.0,17.1853
2,2020-04,11,CAG_Close,0.0,3.225
2,2020-04,12,Sector_Staples,0.0,13.9642
2,2020-04,13,CAT_Close,0.0,1.2467
2,2020-04,14,Sector_Ind,0.0,14.8384
2,2020-04,15,CPB_Close,0.0,3.3493
2,2020-04,16,DIS_Close,0.0,11.2843
2,2020-04,17,Sector_Comm,0.0,58.4057
2,2020-04,18,DOV_Close,0.0,8.9627
2,2020-04,19,GOOG_Close,0.0,9.2168
2,2020-04,20,HAL_Close,0.0,3.2892
2,2020-04,21,HD_Close,-68.7974,28.6464
2,2020-04,22,HPQ_Close,0.0,1.4947
2,2020-04,23,JNJ_Close,0.0,15.9887
2,2020-04,24,JPM_Close,-8.0819,5.6812
2,2020-04,25,Sector_Fin,0.0,8.8901
2,2020-04,26,KSS_Close,0.0,2.835
2,2020-04,27,LIN_Close,0.0,10.0985
2,2020-04,28,Sector_Mat,0.0,14.6991
2,2020-04,29,LYV_Close,0.0,0.59
2,2020-04,30,META_Close,0.0,37.6148
2,2020-04,31,MSFT_Close,0.0,20.423
2,2020-04,32,M_Close,0.0,0.7897
2,2020-04,33,NAVI_Close,0.0,0.0303
2,2020-04,34,NEE_Close,0.0,2.0445
2,2020-04,35,Sector_Util,0.0,0.8541
2,2020-04,36,NI_Close,0.0,0.2744
2,2020-04,37,NVDA_Close,0.0,1000.7142
2,2020-04,38,NWSA_Close,0.0,0.8798
2,2020-04,39,OI_Close,0.0,1.13
2,2020-04,40,PG_Close,0.0,7.3898
2,2020-04,41,PLD_Close,0.0,7.507
2,2020-04,42,PNR_Close,0.0,4.629
2,2020-04,43,PNW_Close,0.0,0.9159
2,2020-04,44,PRGO_Close,0.0,4.2969
2,2020-04,45,SEE_Close,0.0,3.4706
2,2020-04,46,STX_Close,0.0,0.9401
2,2020-04,47,SYF_Close,0.0,3.1786
2,2020-04,48,TSLA_Close,0.0,17.192
2,2020-04,49,VNO_Close,0.0,6.0165
2,2020-04,50,XOM_Close,0.0,6.4825
3,2020-05,0,AAPL_Close,0.0,6.0352
3,2020-05,1,Sector_IT,0.0,15.8628
3,2020-05,2,AMZN_Close,0.0,1.5815
3,2020-05,3,Sector_Disc,0.0,27.7125
3,2020-05,4,APA_Close,0.0,1.9648
3,2020-05,5,Sector_Energy,0.0,0.9286
3,2020-05,6,AVGO_Close,-14.4207,1.7157
3,2020-05,7,BIIB_Close,0.0,10.26
3,2020-05,8,Sector_Health,0.0,11.4373
3,2020-05,9,BXP_Close,0.0,8.2854
3,2020-05,10,Sector_RE,0.0,11.8683
3,2020-05,11,CAG_Close,0.0,1.0171
3,2020-05,12,Sector_Staples,0.0,0.1453
3,2020-05,13,CAT_Close,0.0,3.3498
3,2020-05,14,Sector_Ind,0.0,11.3298
3,2020-05,15,CPB_Close,0.0,0.804
3,2020-05,16,DIS_Close,0.0,8.9395
3,2020-05,17,Sector_Comm,0.0,39.6448
3,2020-05,18,DOV_Close,0.0,3.7774
3,2020-05,19,GOOG_Close,0.0,3.9803
3,2020-05,20,HAL_Close,0.0,1.1264
3,2020-05,21,HD_Close,-25.1931,24.7802
3,2020-05,22,HPQ_Close,0.0,0.299
3,2020-05,23,JNJ_Close,0.0,0.2189
3,2020-05,24,JPM_Close,-1.7105,1.323
3,2020-05,25,Sector_Fin,0.0,1.8815
3,2020-05,26,KSS_Close,0.0,0.5567
3,2020-05,27,LIN_Close,0.0,16.8615
3,2020-05,28,Sector_Mat,0.0,19.4211
3,2020-05,29,LYV_Close,0.0,4.29
3,2020-05,30,META_Close,0.0,20.2213
3,2020-05,31,MSFT_Close,0.0,4.3224
3,2020-05,32,M_Close,0.0,0.4157
3,2020-05,33,NAVI_Close,0.0,0.1365
3,2020-05,34,NEE_Close,0.0,5.2597
3,2020-05,35,Sector_Util,0.0,5.5177
3,2020-05,36,NI_Close,0.0,1.0475
3,2020-05,37,NVDA_Close,0.0,1001.5624
3,2020-05,38,NWSA_Close,0.0,2.2137
3,2020-05,39,OI_Close,0.0,0.58
3,2020-05,40,PG_Close,0.0,1.6759
3,2020-05,41,PLD_Close,0.0,1.9233
3,2020-05,42,PNR_Close,0.0,4.2026
3,2020-05,43,PNW_Close,0.0,1.3055
3,2020-05,44,PRGO_Close,0.0,1.3961
3,2020-05,45,SEE_Close,0.0,3.1397
3,2020-05,46,STX_Close,0.0,2.5261
3,2020-05,47,SYF_Close,0.0,0.695
3,2020-05,48,TSLA_Close,0.0,3.5413
3,2020-05,49,VNO_Close,0.0,5.5062
3,2020-05,50,XOM_Close,0.0,0.0903
4,2020-06,0,AAPL_Close,0.0,11.3428
4,2020-06,1,Sector_IT,0.0,32.3895
4,2020-06,2,AMZN_Close,0.0,15.8225
4,2020-06,3,Sector_Disc,0.0,36.7605
4,2020-06,4,APA_Close,0.0,2.3252
4,2020-06,5,Sector_Energy,0.0,2.8944
4,2020-06,6,AVGO_Close,-29.445,2.409
4,2020-06,7,BIIB_Close,0.0,39.54
4,2020-06,8,Sector_Health,0.0,46.0392
4,2020-06,9,BXP_Close,0.0,4.0146
4,2020-06,10,Sector_RE,0.0,7.663
4,2020-06,11,CAG_Close,0.0,0.2863
4,2020-06,12,Sector_Staples,0.0,2.3377
4,2020-06,13,CAT_Close,0.0,5.6901
4,2020-06,14,Sector_Ind,0.0,3.9878
4,2020-06,15,CPB_Close,0.0,1.0854
4,2020-06,16,DIS_Close,0.0,5.6568
4,2020-06,17,Sector_Comm,0.0,9.6504
4,2020-06,18,DOV_Close,0.0,0.6401
4,2020-06,19,GOOG_Close,0.0,0.7593
4,2020-06,20,HAL_Close,0.0,1.1523
4,2020-06,21,HD_Close,-33.4186,3.0496
4,2020-06,22,HPQ_Close,0.0,1.988
4,2020-06,23,JNJ_Close,0.0,6.9132
4,2020-06,24,JPM_Close,1.2943,2.7741
4,2020-06,25,Sector_Fin,0.0,1.4237
4,2020-06,26,KSS_Close,0.0,1.1355
4,2020-06,27,LIN_Close,0.0,9.8964
4,2020-06,28,Sector_Mat,0.0,12.0277
4,2020-06,29,LYV_Close,0.0,4.83
4,2020-06,30,META_Close,0.0,1.9646
4,2020-06,31,MSFT_Close,0.0,19.2987
4,2020-06,32,M_Close,0.0,0.4323
4,2020-06,33,NAVI_Close,0.0,0.2046
4,2020-06,34,NEE_Close,0.0,3.0273
4,2020-06,35,Sector_Util,0.0,7.4742
4,2020-06,36,NI_Close,0.0,0.892
4,2020-06,37,NVDA_Close,0.0,1000.6241
4,2020-06,38,NWSA_Close,0.0,0.369
4,2020-06,39,OI_Close,0.0,1.32
4,2020-06,40,PG_Close,0.0,3.1369
4,2020-06,41,PLD_Close,0.0,2.0391
4,2020-06,42,PNR_Close,0.0,1.0622
4,2020-06,43,PNW_Close,0.0,3.5549
4,2020-06,44,PRGO_Close,0.0,0.414
4,2020-06,45,SEE_Close,0.0,0.8114
4,2020-06,46,STX_Close,0.0,3.2732
4,2020-06,47,SYF_Close,0.0,1.555
4,2020-06,48,TSLA_Close,0.0,16.3207
4,2020-06,49,VNO_Close,0.0,1.6094
4,2020-06,50,XOM_Close,0.0,0.5831
5,2020-07,0,AAPL_Close,0.0,14.5815
5,2020-07,1,Sector_IT,0.0,14.7049
5,2020-07,2,AMZN_Close,0.0,20.293
5,2020-07,3,Sector_Disc,0.0,54.7746
5,2020-07,4,APA_Close,0.0,1.6115
5,2020-07,5,Sector_Energy,0.0,0.7802
5,2020-07,6,AVGO_Close,-13.3681,0.1006
5,2020-07,7,BIIB_Close,0.0,7.14
5,2020-07,8,Sector_Health,0.0,9.6444
5,2020-07,9,BXP_Close,0.0,0.9651
5,2020-07,10,Sector_RE,0.0,6.3725
5,2020-07,11,CAG_Close,0.0,1.7178
5,2020-07,12,Sector_Staples,0.0,12.5888
5,2020-07,13,CAT_Close,0.0,6.5881
5,2020-07,14,Sector_Ind,0.0,17.1629
5,2020-07,15,CPB_Close,0.0,0.2337
5,2020-07,16,DIS_Close,0.0,5.3051
5,2020-07,17,Sector_Comm,0.0,38.4308
5,2020-07,18,DOV_Close,0.0,5.9095
5,2020-07,19,GOOG_Close,0.0,3.4393
5,2020-07,20,HAL_Close,0.0,1.2211
5,2020-07,21,HD_Close,-49.7951,13.034
5,2020-07,22,HPQ_Close,0.0,0.1224
5,2020-07,23,JNJ_Close,0.0,4.3676
5,2020-07,24,JPM_Close,-3.5303,3.006
5,2020-07,25,Sector_Fin,0.0,3.8834
5,2020-07,26,KSS_Close,0.0,1.2673
5,2020-07,27,LIN_Close,0.0,30.4661
5,2020-07,28,Sector_Mat,0.0,34.4696
5,2020-07,29,LYV_Close,0.0,2.48
5,2020-07,30,META_Close,0.0,26.3928
5,2020-07,31,MSFT_Close,0.0,1.4288
5,2020-07,32,M_Close,0.0,0.6817
5,2020-07,33,NAVI_Close,0.0,0.7191
5,2020-07,34,NEE_Close,0.0,8.7704
5,2020-07,35,Sector_Util,0.0,18.5026
5,2020-07,36,NI_Close,0.0,1.5706
5,2020-07,37,NVDA_Close,0.0,1001.1131
5,2020-07,38,NWSA_Close,0.0,0.8136
5,2020-07,39,OI_Close,0.0,1.46
5,2020-07,40,PG_Close,0.0,10.6373
5,2020-07,41,PLD_Close,0.0,10.3069
5,2020-07,42,PNR_Close,0.0,4.6653
5,2020-07,43,PNW_Close,0.0,8.1616
5,2020-07,44,PRGO_Close,0.0,1.8632
5,2020-07,45,SEE_Close,0.0,2.5435
5,2020-07,46,STX_Close,0.0,2.6415
5,2020-07,47,SYF_Close,0.0,0.1582
5,2020-07,48,TSLA_Close,0.0,23.3967
5,2020-07,49,VNO_Close,0.0,2.9693
5,2020-07,50,XOM_Close,0.0,2.0524
6,2020-08,0,AAPL_Close,0.0,22.2815
6,2020-08,1,Sector_IT,0.0,51.68
6,2020-08,2,AMZN_Close,0.0,14.314
6,2020-08,3,Sector_Disc,0.0,104.5031
6,2020-08,4,APA_Close,0.0,0.4728
6,2020-08,5,Sector_Energy,0.0,0.1495
6,2020-08,6,AVGO_Close,-46.9819,2.6816
6,2020-08,7,BIIB_Close,0.0,12.95
6,2020-08,8,Sector_Health,0.0,19.9237
6,2020-08,9,BXP_Close,0.0,1.6609
6,2020-08,10,Sector_RE,0.0,3.2079
6,2020-08,11,CAG_Close,0.0,0.8509
6,2020-08,12,Sector_Staples,0.0,9.5479
6,2020-08,13,CAT_Close,0.0,8.4866
6,2020-08,14,Sector_Ind,0.0,17.476
6,2020-08,15,CPB_Close,0.0,2.4615
6,2020-08,16,DIS_Close,0.0,14.5865
6,2020-08,17,Sector_Comm,0.0,73.5686
6,2020-08,18,DOV_Close,0.0,6.8648
6,2020-08,19,GOOG_Close,0.0,7.4994
6,2020-08,20,HAL_Close,0.0,1.6734
6,2020-08,21,HD_Close,-95.0029,17.0105
6,2020-08,22,HPQ_Close,0.0,1.6073
6,2020-08,23,JNJ_Close,0.0,7.3823
6,2020-08,24,JPM_Close,-5.7127,3.0597
6,2020-08,25,Sector_Fin,0.0,6.284
6,2020-08,26,KSS_Close,0.0,1.6995
6,2020-08,27,LIN_Close,0.0,4.2745
6,2020-08,28,Sector_Mat,0.0,7.968
6,2020-08,29,LYV_Close,0.0,9.99
6,2020-08,30,META_Close,0.0,39.2222
6,2020-08,31,MSFT_Close,0.0,20.0657
6,2020-08,32,M_Close,0.0,0.7565
6,2020-08,33,NAVI_Close,0.0,0.8738
6,2020-08,34,NEE_Close,0.0,0.0264
6,2020-08,35,Sector_Util,0.0,9.4913
6,2020-08,36,NI_Close,0.0,1.8901
6,2020-08,37,NVDA_Close,0.0,1002.7502
6,2020-08,38,NWSA_Close,0.0,2.2705
6,2020-08,39,OI_Close,0.0,0.44
6,2020-08,40,PG_Close,0.0,6.2355
6,2020-08,41,PLD_Close,0.0,3.035
6,2020-08,42,PNR_Close,0.0,2.1246
6,2020-08,43,PNW_Close,0.0,7.5747
6,2020-08,44,PRGO_Close,0.0,0.4087
6,2020-08,45,SEE_Close,0.0,3.2535
6,2020-08,46,STX_Close,0.0,2.2937
6,2020-08,47,SYF_Close,0.0,2.3505
6,2020-08,48,TSLA_Close,0.0,70.7227
6,2020-08,49,VNO_Close,0.0,1.488
6,2020-08,50,XOM_Close,0.0,1.0511
7,2020-09,0,AAPL_Close,0.0,12.8327
7,2020-09,1,Sector_IT,0.0,24.076
7,2020-09,2,AMZN_Close,0.0,15.1115
7,2020-09,3,Sector_Disc,0.0,46.4474
7,2020-09,4,APA_Close,0.0,4.5815
7,2020-09,5,Sector_Energy,0.0,12.7343
7,2020-09,6,AVGO_Close,21.8873,1.8076
7,2020-09,7,BIIB_Close,0.0,3.96
7,2020-09,8,Sector_Health,0.0,13.1568
7,2020-09,9,BXP_Close,0.0,4.1953
7,2020-09,10,Sector_RE,0.0,6.497
7,2020-09,11,CAG_Close,0.0,2.008
7,2020-09,12,Sector_Staples,0.0,4.8703
7,2020-09,13,CAT_Close,0.0,6.1557
7,2020-09,14,Sector_Ind,0.0,5.3424
7,2020-09,15,CPB_Close,0.0,3.4332
7,2020-09,16,DIS_Close,0.0,7.6108
7,2020-09,17,Sector_Comm,0.0,50.7024
7,2020-09,18,DOV_Close,0.0,1.3978
7,2020-09,19,GOOG_Close,0.0,8.162
7,2020-09,20,HAL_Close,0.0,3.7053
7,2020-09,21,HD_Close,42.2249,5.1036
7,2020-09,22,HPQ_Close,0.0,0.3138
7,2020-09,23,JNJ_Close,0.0,3.8824
7,2020-09,24,JPM_Close,2.3315,3.3786
7,2020-09,25,Sector_Fin,0.0,2.5646
7,2020-09,26,KSS_Close,0.0,2.0731
7,2020-09,27,LIN_Close,0.0,9.8915
7,2020-09,28,Sector_Mat,0.0,10.4846
7,2020-09,29,LYV_Close,0.0,2.92
7,2020-09,30,META_Close,0.0,31.0563
7,2020-09,31,MSFT_Close,0.0,14.5138
7,2020-09,32,M_Close,0.0,1.0558
7,2020-09,33,NAVI_Close,0.0,0.3789
7,2020-09,34,NEE_Close,0.0,0.3502
7,2020-09,35,Sector_Util,0.0,0.452
7,2020-09,36,NI_Close,0.0,0.1321
7,2020-09,37,NVDA_Close,0.0,1000.1595
7,2020-09,38,NWSA_Close,0.0,0.9534
7,2020-09,39,OI_Close,0.0,0.29
7,2020-09,40,PG_Close,0.0,0.5708
7,2020-09,41,PLD_Close,0.0,0.5701
7,2020-09,42,PNR_Close,0.0,0.5845
7,2020-09,43,PNW_Close,0.0,0.9342
7,2020-09,44,PRGO_Close,0.0,5.3144
7,2020-09,45,SEE_Close,0.0,0.3032
7,2020-09,46,STX_Close,0.0,1.6173
7,2020-09,47,SYF_Close,0.0,1.1928
7,2020-09,48,TSLA_Close,0.0,23.1033
7,2020-09,49,VNO_Close,0.0,1.7316
7,2020-09,50,XOM_Close,0.0,4.4474
8,2020-10,0,AAPL_Close,0.0,6.7413
8,2020-10,1,Sector_IT,0.0,18.6126
8,2020-10,2,AMZN_Close,0.0,5.629
8,2020-10,3,Sector_Disc,0.0,26.4614
8,2020-10,4,APA_Close,0.0,0.9871
8,2020-10,5,Sector_Energy,0.0,2.3337
8,2020-10,6,AVGO_Close,16.9206,1.3076
8,2020-10,7,BIIB_Close,0.0,31.61
8,2020-10,8,Sector_Health,0.0,43.3941
8,2020-10,9,BXP_Close,0.0,5.9738
8,2020-10,10,Sector_RE,0.0,9.6254
8,2020-10,11,CAG_Close,0.0,0.2622
8,2020-10,12,Sector_Staples,0.0,2.3406
8,2020-10,13,CAT_Close,0.0,7.9731
8,2020-10,14,Sector_Ind,0.0,14.0553
8,2020-10,15,CPB_Close,0.0,1.1023
8,2020-10,16,DIS_Close,0.0,2.7649
8,2020-10,17,Sector_Comm,0.0,0.0169
8,2020-10,18,DOV_Close,0.0,2.2085
8,2020-10,19,GOOG_Close,0.0,7.5088
8,2020-10,20,HAL_Close,0.0,0.0091
8,2020-10,21,HD_Close,24.0558,9.6215
8,2020-10,22,HPQ_Close,0.0,0.8481
8,2020-10,23,JNJ_Close,0.0,10.0875
8,2020-10,24,JPM_Close,-1.0418,2.3096
8,2020-10,25,Sector_Fin,0.0,1.146
8,2020-10,26,KSS_Close,0.0,2.0218
8,2020-10,27,LIN_Close,0.0,16.4857
8,2020-10,28,Sector_Mat,0.0,16.942
8,2020-10,29,LYV_Close,0.0,5.08
8,2020-10,30,META_Close,0.0,1.2005
8,2020-10,31,MSFT_Close,0.0,7.5051
8,2020-10,32,M_Close,0.0,0.424
8,2020-10,33,NAVI_Close,0.0,0.3463
8,2020-10,34,NEE_Close,0.0,3.3232
8,2020-10,35,Sector_Util,0.0,10.4015
8,2020-10,36,NI_Close,0.0,0.9739
8,2020-10,37,NVDA_Close,0.0,999.0066
8,2020-10,38,NWSA_Close,0.0,0.8475
8,2020-10,39,OI_Close,0.0,1.16
8,2020-10,40,PG_Close,0.0,0.9762
8,2020-10,41,PLD_Close,0.0,1.2174
8,2020-10,42,PNR_Close,0.0,3.8738
8,2020-10,43,PNW_Close,0.0,6.1044
8,2020-10,44,PRGO_Close,0.0,1.6966
8,2020-10,45,SEE_Close,0.0,0.7038
8,2020-10,46,STX_Close,0.0,1.2171
8,2020-10,47,SYF_Close,0.0,0.8173
8,2020-10,48,TSLA_Close,0.0,13.6567
8,2020-10,49,VNO_Close,0.0,2.4341
8,2020-10,50,XOM_Close,0.0,1.3556
9,2020-11,0,AAPL_Close,0.0,10.0833
9,2020-11,1,Sector_IT,0.0,39.6775
9,2020-11,2,AMZN_Close,0.0,6.5945
9,2020-11,3,Sector_Disc,0.0,87.1244
9,2020-11,4,APA_Close,0.0,3.9557
9,2020-11,5,Sector_Energy,0.0,13.1622
9,2020-11,6,AVGO_Close,-36.0704,4.6243
9,2020-11,7,BIIB_Close,0.0,11.9
9,2020-11,8,Sector_Health,0.0,0.7464
9,2020-11,9,BXP_Close,0.0,19.4964
9,2020-11,10,Sector_RE,0.0,27.4444
9,2020-11,11,CAG_Close,0.0,1.1225
9,2020-11,12,Sector_Staples,0.0,5.394
9,2020-11,13,CAT_Close,0.0,14.9763
9,2020-11,14,Sector_Ind,0.0,27.8984
9,2020-11,15,CPB_Close,0.0,2.7322
9,2020-11,16,DIS_Close,0.0,26.1443
9,2020-11,17,Sector_Comm,0.0,67.9802
9,2020-11,18,DOV_Close,0.0,11.0039
9,2020-11,19,GOOG_Close,0.0,6.9296
9,2020-11,20,HAL_Close,0.0,4.109
9,2020-11,21,HD_Close,-79.204,9.3591
9,2020-11,22,HPQ_Close,0.0,3.2689
9,2020-11,23,JNJ_Close,0.0,7.3494
9,2020-11,24,JPM_Close,-21.0457,17.2584
9,2020-11,25,Sector_Fin,0.0,23.1503
9,2020-11,26,KSS_Close,0.0,7.9922
9,2020-11,27,LIN_Close,0.0,33.435
9,2020-11,28,Sector_Mat,0.0,40.2606
9,2020-11,29,LYV_Close,0.0,16.85
9,2020-11,30,META_Close,0.0,13.7522
9,2020-11,31,MSFT_Close,0.0,11.6114
9,2020-11,32,M_Close,0.0,3.3252
9,2020-11,33,NAVI_Close,0.0,1.0703
9,2020-11,34,NEE_Close,0.0,0.6308
9,2020-11,35,Sector_Util,0.0,1.8755
9,2020-11,36,NI_Close,0.0,1.0245
9,2020-11,37,NVDA_Close,0.0,1000.8648
9,2020-11,38,NWSA_Close,0.0,4.3042
9,2020-11,39,OI_Close,0.0,1.89
9,2020-11,40,PG_Close,0.0,1.5392
9,2020-11,41,PLD_Close,0.0,0.7287
9,2020-11,42,PNR_Close,0.0,1.9183
9,2020-11,43,PNW_Close,0.0,0.2202
9,2020-11,44,PRGO_Close,0.0,3.8042
9,2020-11,45,SEE_Close,0.0,4.9356
9,2020-11,46,STX_Close,0.0,9.2248
9,2020-11,47,SYF_Close,0.0,4.8216
9,2020-11,48,TSLA_Close,0.0,59.8533
9,2020-11,49,VNO_Close,0.0,7.2193
9,2020-11,50,XOM_Close,0.0,5.0975
10,2020-12,0,AAPL_Close,0.0,13.2533
10,2020-12,1,Sector_IT,0.0,30.1787
10,2020-12,2,AMZN_Close,0.0,4.4445
10,2020-12,3,Sector_Disc,0.0,48.5061
10,2020-12,4,APA_Close,0.0,1.1204
10,2020-12,5,Sector_Energy,0.0,5.7697
10,2020-12,6,AVGO_Close,-27.4352,3.5606
10,2020-12,7,BIIB_Close,0.0,4.69
10,2020-12,8,Sector_Health,0.0,12.7257
10,2020-12,9,BXP_Close,0.0,1.9886
10,2020-12,10,Sector_RE,0.0,3.1278
10,2020-12,11,CAG_Close,0.0,0.2291
10,2020-12,12,Sector_Staples,0.0,1.3563
10,2020-12,13,CAT_Close,0.0,7.633
10,2020-12,14,Sector_Ind,0.0,12.7639
10,2020-12,15,CPB_Close,0.0,1.362
10,2020-12,16,DIS_Close,0.0,32.4068
10,2020-12,17,Sector_Comm,0.0,36.3218
10,2020-12,18,DOV_Close,0.0,3.9482
10,2020-12,19,GOOG_Close,0.0,0.4394
10,2020-12,20,HAL_Close,0.0,2.1406
10,2020-12,21,HD_Close,-44.0964,9.0457
10,2020-12,22,HPQ_Close,0.0,2.3575
10,2020-12,23,JNJ_Close,0.0,10.9601
10,2020-12,24,JPM_Close,-11.1173,7.9942
10,2020-12,25,Sector_Fin,0.0,12.2291
10,2020-12,26,KSS_Close,0.0,6.2194
10,2020-12,27,LIN_Close,0.0,7.4819
10,2020-12,28,Sector_Mat,0.0,8.8659
10,2020-12,29,LYV_Close,0.0,7.83
10,2020-12,30,META_Close,0.0,3.7803
10,2020-12,31,MSFT_Close,0.0,7.9939
10,2020-12,32,M_Close,0.0,0.8646
10,2020-12,33,NAVI_Close,0.0,0.4838
10,2020-12,34,NEE_Close,0.0,3.1115
10,2020-12,35,Sector_Util,0.0,0.568
10,2020-12,36,NI_Close,0.0,1.0495
10,2020-12,37,NVDA_Close,0.0,999.6584
10,2020-12,38,NWSA_Close,0.0,0.3047
10,2020-12,39,OI_Close,0.0,0.58
10,2020-12,40,PG_Close,0.0,0.2348
10,2020-12,41,PLD_Close,0.0,0.1648
10,2020-12,42,PNR_Close,0.0,1.1826
10,2020-12,43,PNW_Close,0.0,1.494
10,2020-12,44,PRGO_Close,0.0,2.9244
10,2020-12,45,SEE_Close,0.0,0.804
10,2020-12,46,STX_Close,0.0,3.3549
10,2020-12,47,SYF_Close,0.0,3.7511
10,2020-12,48,TSLA_Close,0.0,46.0233
10,2020-12,49,VNO_Close,0.0,1.3041
10,2020-12,50,XOM_Close,0.0,2.5088
11,2021-01,0,AAPL_Close,0.0,0.7092
11,2021-01,1,Sector_IT,0.0,12.6455
11,2021-01,2,AMZN_Close,0.0,2.5365
11,2021-01,3,Sector_Disc,0.0,36.9427
11,2021-01,4,APA_Close,0.0,0.0952
11,2021-01,5,Sector_Energy,0.0,1.8793
11,2021-01,6,AVGO_Close,-11.4959,1.1356
11,2021-01,7,BIIB_Close,0.0,37.75
11,2021-01,8,Sector_Health,0.0,41.0244
11,2021-01,9,BXP_Close,0.0,2.4945
11,2021-01,10,Sector_RE,0.0,3.0085
11,2021-01,11,CAG_Close,0.0,1.0629
11,2021-01,12,Sector_Staples,0.0,9.7859
11,2021-01,13,CAT_Close,0.0,1.6233
11,2021-01,14,Sector_Ind,0.0,6.0571
11,2021-01,15,CPB_Close,0.0,0.1097
11,2021-01,16,DIS_Close,0.0,12.7106
11,2021-01,17,Sector_Comm,0.0,28.9347
11,2021-01,18,DOV_Close,0.0,9.1313
11,2021-01,19,GOOG_Close,0.0,4.1588
11,2021-01,20,HAL_Close,0.0,1.155
11,2021-01,21,HD_Close,-33.5842,4.5731
11,2021-01,22,HPQ_Close,0.0,0.2076
11,2021-01,23,JNJ_Close,0.0,4.9622
11,2021-01,24,JPM_Close,-2.1894,2.1979
11,2021-01,25,Sector_Fin,0.0,2.4084
11,2021-01,26,KSS_Close,0.0,2.4687
11,2021-01,27,LIN_Close,0.0,16.845
11,2021-01,28,Sector_Mat,0.0,19.2923
11,2021-01,29,LYV_Close,0.0,7.03
11,2021-01,30,META_Close,0.0,14.7146
11,2021-01,31,MSFT_Close,0.0,9.1331
11,2021-01,32,M_Close,0.0,3.1507
11,2021-01,33,NAVI_Close,0.0,1.1483
11,2021-01,34,NEE_Close,0.0,3.2513
11,2021-01,35,Sector_Util,0.0,0.4549
11,2021-01,36,NI_Close,0.0,0.658
11,2021-01,37,NVDA_Close,0.0,999.9349
11,2021-01,38,NWSA_Close,0.0,1.3617
11,2021-01,39,OI_Close,0.0,0.74
11,2021-01,40,PG_Close,0.0,8.8326
11,2021-01,41,PLD_Close,0.0,3.0528
11,2021-01,42,PNR_Close,0.0,1.4509
11,2021-01,43,PNW_Close,0.0,3.0483
11,2021-01,44,PRGO_Close,0.0,1.6878
11,2021-01,45,SEE_Close,0.0,3.1873
11,2021-01,46,STX_Close,0.0,3.3585
11,2021-01,47,SYF_Close,0.0,0.9378
11,2021-01,48,TSLA_Close,0.0,29.2867
11,2021-01,49,VNO_Close,0.0,2.4502
11,2021-01,50,XOM_Close,0.0,2.9391
12,2021-02,0,AAPL_Close,0.0,10.2206
12,2021-02,1,Sector_IT,0.0,3.0295
12,2021-02,2,AMZN_Close,0.0,5.6635
12,2021-02,3,Sector_Disc,0.0,47.6438
12,2021-02,4,APA_Close,0.0,4.7036
12,2021-02,5,Sector_Energy,0.0,17.0104
12,2021-02,6,AVGO_Close,-2.7541,1.7389
12,2021-02,7,BIIB_Close,0.0,9.73
12,2021-02,8,Sector_Health,0.0,14.8626
12,2021-02,9,BXP_Close,0.0,6.0143
12,2021-02,10,Sector_RE,0.0,5.1293
12,2021-02,11,CAG_Close,0.0,0.5156
12,2021-02,12,Sector_Staples,0.0,6.7717
12,2021-02,13,CAT_Close,0.0,30.0755
12,2021-02,14,Sector_Ind,0.0,38.2397
12,2021-02,15,CPB_Close,0.0,2.1617
12,2021-02,16,DIS_Close,0.0,20.3898
12,2021-02,17,Sector_Comm,0.0,55.9261
12,2021-02,18,DOV_Close,0.0,6.7905
12,2021-02,19,GOOG_Close,0.0,9.9741
12,2021-02,20,HAL_Close,0.0,3.8197
12,2021-02,21,HD_Close,43.3125,10.9755
12,2021-02,22,HPQ_Close,0.0,3.8439
12,2021-02,23,JNJ_Close,0.0,3.1775
12,2021-02,24,JPM_Close,-19.7897,16.2086
12,2021-02,25,Sector_Fin,0.0,21.7687
12,2021-02,26,KSS_Close,0.0,8.1973
12,2021-02,27,LIN_Close,0.0,1.051
12,2021-02,28,Sector_Mat,0.0,2.3461
12,2021-02,29,LYV_Close,0.0,22.41
12,2021-02,30,META_Close,0.0,0.7044
12,2021-02,31,MSFT_Close,0.0,0.9145
12,2021-02,32,M_Close,0.0,0.1413
12,2021-02,33,NAVI_Close,0.0,0.9002
12,2021-02,34,NEE_Close,0.0,6.122
12,2021-02,35,Sector_Util,0.0,10.6339
12,2021-02,36,NI_Close,0.0,0.2828
12,2021-02,37,NVDA_Close,0.0,1000.7227
12,2021-02,38,NWSA_Close,0.0,3.8566
12,2021-02,39,OI_Close,0.0,0.96
12,2021-02,40,PG_Close,0.0,4.0944
12,2021-02,41,PLD_Close,0.0,3.5616
12,2021-02,42,PNR_Close,0.0,1.3736
12,2021-02,43,PNW_Close,0.0,4.2291
12,2021-02,44,PRGO_Close,0.0,1.9552
12,2021-02,45,SEE_Close,0.0,0.335
12,2021-02,46,STX_Close,0.0,6.0301
12,2021-02,47,SYF_Close,0.0,4.6598
12,2021-02,48,TSLA_Close,0.0,39.3433
12,2021-02,49,VNO_Close,0.0,2.6766
12,2021-02,50,XOM_Close,0.0,8.487
13,2021-03,0,AAPL_Close,0.0,0.8661
13,2021-03,1,Sector_IT,0.0,9.5696
13,2021-03,2,AMZN_Close,0.0,0.0575
13,2021-03,3,Sector_Disc,0.0,44.654
13,2021-03,4,APA_Close,0.0,1.5794
13,2021-03,5,Sector_Energy,0.0,0.6721
13,2021-03,6,AVGO_Close,-8.6997,0.2321
13,2021-03,7,BIIB_Close,0.0,6.87
13,2021-03,8,Sector_Health,0.0,12.2728
13,2021-03,9,BXP_Close,0.0,2.3735
13,2021-03,10,Sector_RE,0.0,10.9794
13,2021-03,11,CAG_Close,0.0,2.8243
13,2021-03,12,Sector_Staples,0.0,17.1724
13,2021-03,13,CAT_Close,0.0,14.5553
13,2021-03,14,Sector_Ind,0.0,33.5542
13,2021-03,15,CPB_Close,0.0,3.9371
13,2021-03,16,DIS_Close,0.0,4.416
13,2021-03,17,Sector_Comm,0.0,31.5507
13,2021-03,18,DOV_Close,0.0,13.0279
13,2021-03,19,GOOG_Close,0.0,1.5756
13,2021-03,20,HAL_Close,0.0,0.2983
13,2021-03,21,HD_Close,-40.5946,42.9373
13,2021-03,22,HPQ_Close,0.0,2.4786
13,2021-03,23,JNJ_Close,0.0,5.1148
13,2021-03,24,JPM_Close,-7.1694,4.4332
13,2021-03,25,Sector_Fin,0.0,7.8863
13,2021-03,26,KSS_Close,0.0,3.3679
13,2021-03,27,LIN_Close,0.0,34.485
13,2021-03,28,Sector_Mat,0.0,41.2456
13,2021-03,29,LYV_Close,0.0,4.21
13,2021-03,30,META_Close,0.0,36.6226
13,2021-03,31,MSFT_Close,0.0,3.2529
13,2021-03,32,M_Close,0.0,0.8147
13,2021-03,33,NAVI_Close,0.0,1.6906
13,2021-03,34,NEE_Close,0.0,1.8714
13,2021-03,35,Sector_Util,0.0,13.0606
13,2021-03,36,NI_Close,0.0,2.111
13,2021-03,37,NVDA_Close,0.0,999.6394
13,2021-03,38,NWSA_Close,0.0,1.9785
13,2021-03,39,OI_Close,0.0,3.06
13,2021-03,40,PG_Close,0.0,10.4111
13,2021-03,41,PLD_Close,0.0,6.5437
13,2021-03,42,PNR_Close,0.0,5.971
13,2021-03,43,PNW_Close,0.0,9.0782
13,2021-03,44,PRGO_Close,0.0,0.288
13,2021-03,45,SEE_Close,0.0,3.7007
13,2021-03,46,STX_Close,0.0,3.5648
13,2021-03,47,SYF_Close,0.0,1.7624
13,2021-03,48,TSLA_Close,0.0,2.5233
13,2021-03,49,VNO_Close,0.0,2.0622
13,2021-03,50,XOM_Close,0.0,1.2055
14,2021-04,0,AAPL_Close,0.0,9.0596
14,2021-04,1,Sector_IT,0.0,41.5278
14,2021-04,2,AMZN_Close,0.0,18.667
14,2021-04,3,Sector_Disc,0.0,48.4303
14,2021-04,4,APA_Close,0.0,1.8378
14,2021-04,5,Sector_Energy,0.0,1.2707
14,2021-04,6,AVGO_Close,-37.7525,0.6749
14,2021-04,7,BIIB_Close,0.0,12.42
14,2021-04,8,Sector_Health,0.0,12.8519
14,2021-04,9,BXP_Close,0.0,6.2497
14,2021-04,10,Sector_RE,0.0,15.6898
14,2021-04,11,CAG_Close,0.0,0.1787
14,2021-04,12,Sector_Staples,0.0,2.9696
14,2021-04,13,CAT_Close,0.0,2.484
14,2021-04,14,Sector_Ind,0.0,11.078
14,2021-04,15,CPB_Close,0.0,1.7792
14,2021-04,16,DIS_Close,0.0,1.4655
14,2021-04,17,Sector_Comm,0.0,46.6791
14,2021-04,18,DOV_Close,0.0,11.3278
14,2021-04,19,GOOG_Close,0.0,16.9355
14,2021-04,20,HAL_Close,0.0,1.7313
14,2021-04,21,HD_Close,-44.0275,16.3011
14,2021-04,22,HPQ_Close,0.0,1.972
14,2021-04,23,JNJ_Close,0.0,1.4068
14,2021-04,24,JPM_Close,-6.5051,2.1781
14,2021-04,25,Sector_Fin,0.0,7.1556
14,2021-04,26,KSS_Close,0.0,0.6987
14,2021-04,27,LIN_Close,0.0,5.3246
14,2021-04,28,Sector_Mat,0.0,10.3281
14,2021-04,29,LYV_Close,0.0,2.77
14,2021-04,30,META_Close,0.0,30.3121
14,2021-04,31,MSFT_Close,0.0,15.7464
14,2021-04,32,M_Close,0.0,0.3242
14,2021-04,33,NAVI_Close,0.0,2.0422
14,2021-04,34,NEE_Close,0.0,1.6693
14,2021-04,35,Sector_Util,0.0,6.7637
14,2021-04,36,NI_Close,0.0,1.796
14,2021-04,37,NVDA_Close,0.0,1001.6571
14,2021-04,38,NWSA_Close,0.0,0.7361
14,2021-04,39,OI_Close,0.0,1.75
14,2021-04,40,PG_Close,0.0,1.0117
14,2021-04,41,PLD_Close,0.0,9.1371
14,2021-04,42,PNR_Close,0.0,2.2343
14,2021-04,43,PNW_Close,0.0,3.2983
14,2021-04,44,PRGO_Close,0.0,0.9748
14,2021-04,45,SEE_Close,0.0,3.2534
14,2021-04,46,STX_Close,0.0,13.7677
14,2021-04,47,SYF_Close,0.0,2.9353
14,2021-04,48,TSLA_Close,0.0,13.8367
14,2021-04,49,VNO_Close,0.0,0.303
14,2021-04,50,XOM_Close,0.0,1.1642
15,2021-05,0,AAPL_Close,0.0,6.4598
15,2021-05,1,Sector_IT,0.0,6.5873
15,2021-05,2,AMZN_Close,0.0,12.2175
15,2021-05,3,Sector_Disc,0.0,45.4215
15,2021-05,4,APA_Close,0.0,0.6915
15,2021-05,5,Sector_Energy,0.0,4.9601
15,2021-05,6,AVGO_Close,5.9884,1.4593
15,2021-05,7,BIIB_Close,0.0,0.15
15,2021-05,8,Sector_Health,0.0,10.5189
15,2021-05,9,BXP_Close,0.0,6.3424
15,2021-05,10,Sector_RE,0.0,9.2225
15,2021-05,11,CAG_Close,0.0,0.7831
15,2021-05,12,Sector_Staples,0.0,2.804
15,2021-05,13,CAT_Close,0.0,11.8597
15,2021-05,14,Sector_Ind,0.0,17.7422
15,2021-05,15,CPB_Close,0.0,0.7618
15,2021-05,16,DIS_Close,0.0,7.2005
15,2021-05,17,Sector_Comm,0.0,5.4777
15,2021-05,18,DOV_Close,0.0,1.702
15,2021-05,19,GOOG_Close,0.0,0.0714
15,2021-05,20,HAL_Close,0.0,2.6335
15,2021-05,21,HD_Close,41.2923,4.2125
15,2021-05,22,HPQ_Close,0.0,4.0777
15,2021-05,23,JNJ_Close,0.0,6.5788
15,2021-05,24,JPM_Close,-12.4018,9.192
15,2021-05,25,Sector_Fin,0.0,13.642
15,2021-05,26,KSS_Close,0.0,2.3315
15,2021-05,27,LIN_Close,0.0,13.7881
15,2021-05,28,Sector_Mat,0.0,22.5076
15,2021-05,29,LYV_Close,0.0,8.23
15,2021-05,30,META_Close,0.0,3.6216
15,2021-05,31,MSFT_Close,0.0,1.8457
15,2021-05,32,M_Close,0.0,1.4132
15,2021-05,33,NAVI_Close,0.0,1.167
15,2021-05,34,NEE_Close,0.0,3.7692
15,2021-05,35,Sector_Util,0.0,4.2665
15,2021-05,36,NI_Close,0.0,0.4411
15,2021-05,37,NVDA_Close,0.0,1001.2319
15,2021-05,38,NWSA_Close,0.0,0.7552
15,2021-05,39,OI_Close,0.0,1.94
15,2021-05,40,PG_Close,0.0,1.2591
15,2021-05,41,PLD_Close,0.0,1.1367
15,2021-05,42,PNR_Close,0.0,4.1805
15,2021-05,43,PNW_Close,0.0,0.0562
15,2021-05,44,PRGO_Close,0.0,3.7901
15,2021-05,45,SEE_Close,0.0,6.7795
15,2021-05,46,STX_Close,0.0,3.1046
15,2021-05,47,SYF_Close,0.0,3.283
15,2021-05,48,TSLA_Close,0.0,28.0733
15,2021-05,49,VNO_Close,0.0,1.7433
15,2021-05,50,XOM_Close,0.0,1.6351
16,2021-06,0,AAPL_Close,0.0,12.0382
16,2021-06,1,Sector_IT,0.0,31.1678
16,2021-06,2,AMZN_Close,0.0,10.8545
16,2021-06,3,Sector_Disc,0.0,30.9498
16,2021-06,4,APA_Close,0.0,0.7174
16,2021-06,5,Sector_Energy,0.0,5.3159
16,2021-06,6,AVGO_Close,-28.3344,0.7457
16,2021-06,7,BIIB_Close,0.0,78.79
16,2021-06,8,Sector_Health,0.0,74.8021
16,2021-06,9,BXP_Close,0.0,1.5449
16,2021-06,10,Sector_RE,0.0,0.0772
16,2021-06,11,CAG_Close,0.0,1.3335
16,2021-06,12,Sector_Staples,0.0,3.8136
16,2021-06,13,CAT_Close,0.0,21.4425
16,2021-06,14,Sector_Ind,0.0,22.7355
16,2021-06,15,CPB_Close,0.0,2.5504
16,2021-06,16,DIS_Close,0.0,2.8137
16,2021-06,17,Sector_Comm,0.0,17.0317
16,2021-06,18,DOV_Close,0.0,0.0942
16,2021-06,19,GOOG_Close,0.0,4.6994
16,2021-06,20,HAL_Close,0.0,0.6528
16,2021-06,21,HD_Close,-28.1362,1.4622
16,2021-06,22,HPQ_Close,0.0,0.9634
16,2021-06,23,JNJ_Close,0.0,3.9409
16,2021-06,24,JPM_Close,5.1634,7.6673
16,2021-06,25,Sector_Fin,0.0,5.6798
16,2021-06,26,KSS_Close,0.0,0.0921
16,2021-06,27,LIN_Close,0.0,9.7923
16,2021-06,28,Sector_Mat,0.0,9.5322
16,2021-06,29,LYV_Close,0.0,2.52
16,2021-06,30,META_Close,0.0,18.8322
16,2021-06,31,MSFT_Close,0.0,20.4089
16,2021-06,32,M_Close,0.0,0.5653
16,2021-06,33,NAVI_Close,0.0,0.9946
16,2021-06,34,NEE_Close,0.0,0.393
16,2021-06,35,Sector_Util,0.0,2.5509
16,2021-06,36,NI_Close,0.0,0.8483
16,2021-06,37,NVDA_Close,0.0,1003.7531
16,2021-06,38,NWSA_Close,0.0,1.1662
16,2021-06,39,OI_Close,0.0,2.1
16,2021-06,40,PG_Close,0.0,0.0704
16,2021-06,41,PLD_Close,0.0,1.987
16,2021-06,42,PNR_Close,0.0,1.3872
16,2021-06,43,PNW_Close,0.0,2.0956
16,2021-06,44,PRGO_Close,0.0,0.047
16,2021-06,45,SEE_Close,0.0,2.3601
16,2021-06,46,STX_Close,0.0,6.7415
16,2021-06,47,SYF_Close,0.0,0.993
16,2021-06,48,TSLA_Close,0.0,18.16
16,2021-06,49,VNO_Close,0.0,0.5193
16,2021-06,50,XOM_Close,0.0,3.9456
17,2021-07,0,AAPL_Close,0.0,8.6752
17,2021-07,1,Sector_IT,0.0,21.292
17,2021-07,2,AMZN_Close,0.0,5.6285
17,2021-07,3,Sector_Disc,0.0,0.3309
17,2021-07,4,APA_Close,0.0,2.4661
17,2021-07,5,Sector_Energy,0.0,9.3098
17,2021-07,6,AVGO_Close,-19.3564,0.7805
17,2021-07,7,BIIB_Close,0.0,19.54
17,2021-07,8,Sector_Health,0.0,11.18
17,2021-07,9,BXP_Close,0.0,2.1736
17,2021-07,10,Sector_RE,0.0,6.8963
17,2021-07,11,CAG_Close,0.0,2.2407
17,2021-07,12,Sector_Staples,0.0,3.7225
17,2021-07,13,CAT_Close,0.0,8.9341
17,2021-07,14,Sector_Ind,0.0,12.6272
17,2021-07,15,CPB_Close,0.0,1.252
17,2021-07,16,DIS_Close,0.0,0.2442
17,2021-07,17,Sector_Comm,0.0,8.802
17,2021-07,18,DOV_Close,0.0,15.5688
17,2021-07,19,GOOG_Close,0.0,9.8243
17,2021-07,20,HAL_Close,0.0,2.2279
17,2021-07,21,HD_Close,-0.3008,8.2733
17,2021-07,22,HPQ_Close,0.0,1.11
17,2021-07,23,JNJ_Close,0.0,6.5186
17,2021-07,24,JPM_Close,2.5392,2.5429
17,2021-07,25,Sector_Fin,0.0,2.7932
17,2021-07,26,KSS_Close,0.0,3.1845
17,2021-07,27,LIN_Close,0.0,17.1456
17,2021-07,28,Sector_Mat,0.0,13.3257
17,2021-07,29,LYV_Close,0.0,8.7
17,2021-07,30,META_Close,0.0,8.5231
17,2021-07,31,MSFT_Close,0.0,13.4745
17,2021-07,32,M_Close,0.0,1.6294
17,2021-07,33,NAVI_Close,0.0,0.8992
17,2021-07,34,NEE_Close,0.0,4.0806
17,2021-07,35,Sector_Util,0.0,6.4195
17,2021-07,36,NI_Close,0.0,0.4119
17,2021-07,37,NVDA_Close,0.0,999.4977
17,2021-07,38,NWSA_Close,0.0,1.0897
17,2021-07,39,OI_Close,0.0,1.54
17,2021-07,40,PG_Close,0.0,7.2151
17,2021-07,41,PLD_Close,0.0,7.4214
17,2021-07,42,PNR_Close,0.0,5.9925
17,2021-07,43,PNW_Close,0.0,1.927
17,2021-07,44,PRGO_Close,0.0,1.8414
17,2021-07,45,SEE_Close,0.0,2.2799
17,2021-07,46,STX_Close,0.0,0.0259
17,2021-07,47,SYF_Close,0.0,1.1494
17,2021-07,48,TSLA_Close,0.0,2.5
17,2021-07,49,VNO_Close,0.0,2.6987
17,2021-07,50,XOM_Close,0.0,4.6158
18,2021-08,0,AAPL_Close,0.0,6.041
18,2021-08,1,Sector_IT,0.0,27.3428
18,2021-08,2,AMZN_Close,0.0,7.16
18,2021-08,3,Sector_Disc,0.0,30.9026
18,2021-08,4,APA_Close,0.0,0.6319
18,2021-08,5,Sector_Energy,0.0,1.8302
18,2021-08,6,AVGO_Close,-24.8571,1.0769
18,2021-08,7,BIIB_Close,0.0,12.18
18,2021-08,8,Sector_Health,0.0,7.9113
18,2021-08,9,BXP_Close,0.0,3.4201
18,2021-08,10,Sector_RE,0.0,1.4239
18,2021-08,11,CAG_Close,0.0,0.0446
18,2021-08,12,Sector_Staples,0.0,1.5642
18,2021-08,13,CAT_Close,0.0,3.7875
18,2021-08,14,Sector_Ind,0.0,14.3633
18,2021-08,15,CPB_Close,0.0,1.6613
18,2021-08,16,DIS_Close,0.0,5.1585
18,2021-08,17,Sector_Comm,0.0,43.9617
18,2021-08,18,DOV_Close,0.0,7.295
18,2021-08,19,GOOG_Close,0.0,10.1576
18,2021-08,20,HAL_Close,0.0,0.5983
18,2021-08,21,HD_Close,-28.0933,1.788
18,2021-08,22,HPQ_Close,0.0,0.7316
18,2021-08,23,JNJ_Close,0.0,1.7116
18,2021-08,24,JPM_Close,-10.8795,7.2417
18,2021-08,25,Sector_Fin,0.0,11.9674
18,2021-08,26,KSS_Close,0.0,4.8765
18,2021-08,27,LIN_Close,0.0,6.7496
18,2021-08,28,Sector_Mat,0.0,10.9927
18,2021-08,29,LYV_Close,0.0,7.81
18,2021-08,30,META_Close,0.0,22.9003
18,2021-08,31,MSFT_Close,0.0,16.8771
18,2021-08,32,M_Close,0.0,4.4807
18,2021-08,33,NAVI_Close,0.0,2.2724
18,2021-08,34,NEE_Close,0.0,5.7184
18,2021-08,35,Sector_Util,0.0,0.2239
18,2021-08,36,NI_Close,0.0,0.1027
18,2021-08,37,NVDA_Close,0.0,1002.8833
18,2021-08,38,NWSA_Close,0.0,2.0648
18,2021-08,39,OI_Close,0.0,0.34
18,2021-08,40,PG_Close,0.0,0.1418
18,2021-08,41,PLD_Close,0.0,5.7732
18,2021-08,42,PNR_Close,0.0,3.2808
18,2021-08,43,PNW_Close,0.0,5.3918
18,2021-08,44,PRGO_Close,0.0,5.9803
18,2021-08,45,SEE_Close,0.0,3.9032
18,2021-08,46,STX_Close,0.0,0.2672
18,2021-08,47,SYF_Close,0.0,2.4533
18,2021-08,48,TSLA_Close,0.0,16.1733
18,2021-08,49,VNO_Close,0.0,0.9291
18,2021-08,50,XOM_Close,0.0,1.8637
19,2021-09,0,AAPL_Close,0.0,10.0843
19,2021-09,1,Sector_IT,0.0,37.4217
19,2021-09,2,AMZN_Close,0.0,9.2875
19,2021-09,3,Sector_Disc,0.0,0.149
19,2021-09,4,APA_Close,0.0,1.6878
19,2021-09,5,Sector_Energy,0.0,6.8453
19,2021-09,6,AVGO_Close,34.0197,0.7957
19,2021-09,7,BIIB_Close,0.0,55.92
19,2021-09,8,Sector_Health,0.0,60.517
19,2021-09,9,BXP_Close,0.0,2.876
19,2021-09,10,Sector_RE,0.0,10.2938
19,2021-09,11,CAG_Close,0.0,0.587
19,2021-09,12,Sector_Staples,0.0,1.641
19,2021-09,13,CAT_Close,0.0,17.3747
19,2021-09,14,Sector_Ind,0.0,39.4582
19,2021-09,15,CPB_Close,0.0,0.0668
19,2021-09,16,DIS_Close,0.0,11.8509
19,2021-09,17,Sector_Comm,0.0,58.0802
19,2021-09,18,DOV_Close,0.0,17.825
19,2021-09,19,GOOG_Close,0.0,12.0972
19,2021-09,20,HAL_Close,0.0,1.5008
19,2021-09,21,HD_Close,-0.1354,3.335
19,2021-09,22,HPQ_Close,0.0,1.851
19,2021-09,23,JNJ_Close,0.0,10.2227
19,2021-09,24,JPM_Close,0.1811,3.3151
19,2021-09,25,Sector_Fin,0.0,0.1992
19,2021-09,26,KSS_Close,0.0,7.461
19,2021-09,27,LIN_Close,0.0,18.9511
19,2021-09,28,Sector_Mat,0.0,25.3389
19,2021-09,29,LYV_Close,0.0,4.43
19,2021-09,30,META_Close,0.0,39.6786
19,2021-09,31,MSFT_Close,0.0,19.2337
19,2021-09,32,M_Close,0.0,0.3092
19,2021-09,33,NAVI_Close,0.0,2.7325
19,2021-09,34,NEE_Close,0.0,4.8535
19,2021-09,35,Sector_Util,0.0,8.8939
19,2021-09,36,NI_Close,0.0,0.3594
19,2021-09,37,NVDA_Close,0.0,998.3345
19,2021-09,38,NWSA_Close,0.0,1.1165
19,2021-09,39,OI_Close,0.0,0.86
19,2021-09,40,PG_Close,0.0,2.2948
19,2021-09,41,PLD_Close,0.0,7.5298
19,2021-09,42,PNR_Close,0.0,4.2584
19,2021-09,43,PNW_Close,0.0,3.681
19,2021-09,44,PRGO_Close,0.0,5.6257
19,2021-09,45,SEE_Close,0.0,5.5277
19,2021-09,46,STX_Close,0.0,3.7915
19,2021-09,47,SYF_Close,0.0,0.7818
19,2021-09,48,TSLA_Close,0.0,13.2533
19,2021-09,49,VNO_Close,0.0,0.1121
19,2021-09,50,XOM_Close,0.0,3.6567
20,2021-10,0,AAPL_Close,0.0,8.1026
20,2021-10,1,Sector_IT,0.0,73.3347
20,2021-10,2,AMZN_Close,0.0,4.3695
20,2021-10,3,Sector_Disc,0.0,160.3951
20,2021-10,4,APA_Close,0.0,4.1895
20,2021-10,5,Sector_Energy,0.0,12.0782
20,2021-10,6,AVGO_Close,-66.6679,4.2931
20,2021-10,7,BIIB_Close,0.0,16.31
20,2021-10,8,Sector_Health,0.0,16.9493
20,2021-10,9,BXP_Close,0.0,4.1574
20,2021-10,10,Sector_RE,0.0,21.8044
20,2021-10,11,CAG_Close,0.0,1.064
20,2021-10,12,Sector_Staples,0.0,1.2874
20,2021-10,13,CAT_Close,0.0,12.1039
20,2021-10,14,Sector_Ind,0.0,26.3878
20,2021-10,15,CPB_Close,0.0,1.2603
20,2021-10,16,DIS_Close,0.0,0.0977
20,2021-10,17,Sector_Comm,0.0,8.5033
20,2021-10,18,DOV_Close,0.0,12.8348
20,2021-10,19,GOOG_Close,0.0,14.8828
20,2021-10,20,HAL_Close,0.0,3.0839
20,2021-10,21,HD_Close,-145.8137,38.8766
20,2021-10,22,HPQ_Close,0.0,2.5139
20,2021-10,23,JNJ_Close,0.0,1.213
20,2021-10,24,JPM_Close,-3.9923,6.403
20,2021-10,25,Sector_Fin,0.0,4.3915
20,2021-10,26,KSS_Close,0.0,1.0688
20,2021-10,27,LIN_Close,0.0,24.2867
20,2021-10,28,Sector_Mat,0.0,27.2113
20,2021-10,29,LYV_Close,0.0,10.02
20,2021-10,30,META_Close,0.0,15.6968
20,2021-10,31,MSFT_Close,0.0,47.8917
20,2021-10,32,M_Close,0.0,3.2402
20,2021-10,33,NAVI_Close,0.0,0.0247
20,2021-10,34,NEE_Close,0.0,6.0424
20,2021-10,35,Sector_Util,0.0,0.2267
20,2021-10,36,NI_Close,0.0,0.5652
20,2021-10,37,NVDA_Close,0.0,1004.8408
20,2021-10,38,NWSA_Close,0.0,0.605
20,2021-10,39,OI_Close,0.0,1.22
20,2021-10,40,PG_Close,0.0,3.6118
20,2021-10,41,PLD_Close,0.0,17.1125
20,2021-10,42,PNR_Close,0.0,1.4491
20,2021-10,43,PNW_Close,0.0,6.3809
20,2021-10,44,PRGO_Close,0.0,1.8523
20,2021-10,45,SEE_Close,0.0,4.1446
20,2021-10,46,STX_Close,0.0,5.6927
20,2021-10,47,SYF_Close,0.0,1.9869
20,2021-10,48,TSLA_Close,0.0,112.84
20,2021-10,49,VNO_Close,0.0,0.5345
20,2021-10,50,XOM_Close,0.0,4.8047
21,2021-11,0,AAPL_Close,0.0,15.3668
21,2021-11,1,Sector_IT,0.0,40.0825
21,2021-11,2,AMZN_Close,0.0,6.732
21,2021-11,3,Sector_Disc,0.0,46.5024
21,2021-11,4,APA_Close,0.0,0.3817
21,2021-11,5,Sector_Energy,0.0,6.7465
21,2021-11,6,AVGO_Close,-36.4386,2.0216
21,2021-11,7,BIIB_Close,0.0,30.94
21,2021-11,8,Sector_Health,0.0,43.3225
21,2021-11,9,BXP_Close,0.0,4.5582
21,2021-11,10,Sector_RE,0.0,1.2058
21,2021-11,11,CAG_Close,0.0,1.3038
21,2021-11,12,Sector_Staples,0.0,0.4337
21,2021-11,13,CAT_Close,0.0,9.8539
21,2021-11,14,Sector_Ind,0.0,14.6073
21,2021-11,15,CPB_Close,0.0,0.32
21,2021-11,16,DIS_Close,0.0,23.6139
21,2021-11,17,Sector_Comm,0.0,24.2312
21,2021-11,18,DOV_Close,0.0,4.4896
21,2021-11,19,GOOG_Close,0.0,5.7711
21,2021-11,20,HAL_Close,0.0,3.1114
21,2021-11,21,HD_Close,-42.2749,25.8135
21,2021-11,22,HPQ_Close,0.0,4.1898
21,2021-11,23,JNJ_Close,0.0,5.2113
21,2021-11,24,JPM_Close,10.306,9.8625
21,2021-11,25,Sector_Fin,0.0,11.3366
21,2021-11,26,KSS_Close,0.0,2.0039
21,2021-11,27,LIN_Close,0.0,0.9971
21,2021-11,28,Sector_Mat,0.0,0.4153
21,2021-11,29,LYV_Close,0.0,5.5
21,2021-11,30,META_Close,0.0,0.8831
21,2021-11,31,MSFT_Close,0.0,0.4096
21,2021-11,32,M_Close,0.0,1.6996
21,2021-11,33,NAVI_Close,0.0,0.0247
21,2021-11,34,NEE_Close,0.0,1.6276
21,2021-11,35,Sector_Util,0.0,2.6306
21,2021-11,36,NI_Close,0.0,0.1381
21,2021-11,37,NVDA_Close,0.0,1007.094
21,2021-11,38,NWSA_Close,0.0,1.2292
21,2021-11,39,OI_Close,0.0,1.98
21,2021-11,40,PG_Close,0.0,1.4175
21,2021-11,41,PLD_Close,0.0,5.0733
21,2021-11,42,PNR_Close,0.0,0.2639
21,2021-11,43,PNW_Close,0.0,1.1411
21,2021-11,44,PRGO_Close,0.0,7.1713
21,2021-11,45,SEE_Close,0.0,2.5618
21,2021-11,46,STX_Close,0.0,11.8198
21,2021-11,47,SYF_Close,0.0,1.4988
21,2021-11,48,TSLA_Close,0.0,10.2533
21,2021-11,49,VNO_Close,0.0,1.7209
21,2021-11,50,XOM_Close,0.0,3.2534
22,2021-12,0,AAPL_Close,0.0,11.9956
22,2021-12,1,Sector_IT,0.0,36.785
22,2021-12,2,AMZN_Close,0.0,8.6365
22,2021-12,3,Sector_Disc,0.0,26.5484
22,2021-12,4,APA_Close,0.0,0.9716
22,2021-12,5,Sector_Energy,0.0,3.3468
22,2021-12,6,AVGO_Close,-33.4409,10.6534
22,2021-12,7,BIIB_Close,0.0,4.18
22,2021-12,8,Sector_Health,0.0,19.6587
22,2021-12,9,BXP_Close,0.0,6.5425
22,2021-12,10,Sector_RE,0.0,24.0602
22,2021-12,11,CAG_Close,0.0,2.8446
22,2021-12,12,Sector_Staples,0.0,22.4193
22,2021-12,13,CAT_Close,0.0,12.3774
22,2021-12,14,Sector_Ind,0.0,28.5804
22,2021-12,15,CPB_Close,0.0,2.636
22,2021-12,16,DIS_Close,0.0,9.7601
22,2021-12,17,Sector_Comm,0.0,37.4695
22,2021-12,18,DOV_Close,0.0,16.8251
22,2021-12,19,GOOG_Close,0.0,2.2094
22,2021-12,20,HAL_Close,0.0,1.2117
22,2021-12,21,HD_Close,24.1349,14.41
22,2021-12,22,HPQ_Close,0.0,2.2403
22,2021-12,23,JNJ_Close,0.0,13.3951
22,2021-12,24,JPM_Close,-2.1697,0.428
22,2021-12,25,Sector_Fin,0.0,2.3867
22,2021-12,26,KSS_Close,0.0,1.1853
22,2021-12,27,LIN_Close,0.0,27.6987
22,2021-12,28,Sector_Mat,0.0,33.7573
22,2021-12,29,LYV_Close,0.0,13.04
22,2021-12,30,META_Close,0.0,11.7974
22,2021-12,31,MSFT_Close,0.0,5.5315
22,2021-12,32,M_Close,0.0,1.8099
22,2021-12,33,NAVI_Close,0.0,1.3701
22,2021-12,34,NEE_Close,0.0,5.8642
22,2021-12,35,Sector_Util,0.0,13.0909
22,2021-12,36,NI_Close,0.0,2.6764
22,2021-12,37,NVDA_Close,0.0,996.7455
22,2021-12,38,NWSA_Close,0.0,0.6626
22,2021-12,39,OI_Close,0.0,0.96
22,2021-12,40,PG_Close,0.0,16.9387
22,2021-12,41,PLD_Close,0.0,16.0167
22,2021-12,42,PNR_Close,0.0,0.6221
22,2021-12,43,PNW_Close,0.0,4.5503
22,2021-12,44,PRGO_Close,0.0,2.0836
22,2021-12,45,SEE_Close,0.0,5.0986
22,2021-12,46,STX_Close,0.0,9.6187
22,2021-12,47,SYF_Close,0.0,1.4446
22,2021-12,48,TSLA_Close,0.0,29.3267
22,2021-12,49,VNO_Close,0.0,1.501
22,2021-12,50,XOM_Close,0.0,1.1635
23,2022-01,0,AAPL_Close,0.0,2.7276
23,2022-01,1,Sector_IT,0.0,45.3591
23,2022-01,2,AMZN_Close,0.0,17.1435
23,2022-01,3,Sector_Disc,0.0,93.0773
23,2022-01,4,APA_Close,0.0,5.5945
23,2022-01,5,Sector_Energy,0.0,25.5394
23,2022-01,6,AVGO_Close,41.2356,7.3516
23,2022-01,7,BIIB_Close,0.0,13.92
23,2022-01,8,Sector_Health,0.0,13.5506
23,2022-01,9,BXP_Close,0.0,2.4571
23,2022-01,10,Sector_RE,0.0,12.8634
23,2022-01,11,CAG_Close,0.0,0.7272
23,2022-01,12,Sector_Staples,0.0,0.4208
23,2022-01,13,CAT_Close,0.0,3.8842
23,2022-01,14,Sector_Ind,0.0,23.5689
23,2022-01,15,CPB_Close,0.0,0.8701
23,2022-01,16,DIS_Close,0.0,11.6457
23,2022-01,17,Sector_Comm,0.0,53.7109
23,2022-01,18,DOV_Close,0.0,11.0809
23,2022-01,19,GOOG_Close,0.0,8.9078
23,2022-01,20,HAL_Close,0.0,7.2157
23,2022-01,21,HD_Close,84.6157,43.1224
23,2022-01,22,HPQ_Close,0.0,0.8011
23,2022-01,23,JNJ_Close,0.0,1.0794
23,2022-01,24,JPM_Close,13.1602,7.9001
23,2022-01,25,Sector_Fin,0.0,14.4763
23,2022-01,26,KSS_Close,0.0,7.6972
23,2022-01,27,LIN_Close,0.0,26.1892
23,2022-01,28,Sector_Mat,0.0,24.4961
23,2022-01,29,LYV_Close,0.0,10.18
23,2022-01,30,META_Close,0.0,22.9102
23,2022-01,31,MSFT_Close,0.0,24.4627
23,2022-01,32,M_Close,0.0,0.4886
23,2022-01,33,NAVI_Close,0.0,3.1452
23,2022-01,34,NEE_Close,0.0,13.5822
23,2022-01,35,Sector_Util,0.0,12.3373
23,2022-01,36,NI_Close,0.0,1.3555
23,2022-01,37,NVDA_Close,0.0,995.0848
23,2022-01,38,NWSA_Close,0.0,0.0672
23,2022-01,39,OI_Close,0.0,1.28
23,2022-01,40,PG_Close,0.0,2.0181
23,2022-01,41,PLD_Close,0.0,10.1517
23,2022-01,42,PNR_Close,0.0,8.6038
23,2022-01,43,PNW_Close,0.0,0.1106
23,2022-01,44,PRGO_Close,0.0,0.71
23,2022-01,45,SEE_Close,0.0,0.4131
23,2022-01,46,STX_Close,0.0,5.1009
23,2022-01,47,SYF_Close,0.0,3.431
23,2022-01,48,TSLA_Close,0.0,40.02
23,2022-01,49,VNO_Close,0.0,0.2545
23,2022-01,50,XOM_Close,0.0,12.7291
24,2022-02,0,AAPL_Close,0.0,9.2383
24,2022-02,1,Sector_IT,0.0,25.8771
24,2022-02,2,AMZN_Close,0.0,3.9895
24,2022-02,3,Sector_Disc,0.0,66.8118
24,2022-02,4,APA_Close,0.0,2.1076
24,2022-02,5,Sector_Energy,0.0,7.535
24,2022-02,6,AVGO_Close,23.5246,0.1442
24,2022-02,7,BIIB_Close,0.0,14.99
24,2022-02,8,Sector_Health,0.0,22.8392
24,2022-02,9,BXP_Close,0.0,8.1084
24,2022-02,10,Sector_RE,0.0,0.466
24,2022-02,11,CAG_Close,0.0,0.1674
24,2022-02,12,Sector_Staples,0.0,3.1979
24,2022-02,13,CAT_Close,0.0,12.9855
24,2022-02,14,Sector_Ind,0.0,30.3505
24,2022-02,15,CPB_Close,0.0,0.7219
24,2022-02,16,DIS_Close,0.0,5.3637
24,2022-02,17,Sector_Comm,0.0,85.4845
24,2022-02,18,DOV_Close,0.0,11.8899
24,2022-02,19,GOOG_Close,0.0,0.801
24,2022-02,20,HAL_Close,0.0,2.5581
24,2022-02,21,HD_Close,60.738,45.9236
24,2022-02,22,HPQ_Close,0.0,2.0197
24,2022-02,23,JNJ_Close,0.0,5.8956
24,2022-02,24,JPM_Close,5.0772,6.1
24,2022-02,25,Sector_Fin,0.0,5.5849
24,2022-02,26,KSS_Close,0.0,3.0505
24,2022-02,27,LIN_Close,0.0,24.0092
24,2022-02,28,Sector_Mat,0.0,25.2643
24,2022-02,29,LYV_Close,0.0,11.31
24,2022-02,30,META_Close,0.0,101.434
24,2022-02,31,MSFT_Close,0.0,11.1715
24,2022-02,32,M_Close,0.0,0.2695
24,2022-02,33,NAVI_Close,0.0,0.1494
24,2022-02,34,NEE_Close,0.0,0.52
24,2022-02,35,Sector_Util,0.0,1.52
24,2022-02,36,NI_Close,0.0,0.0142
24,2022-02,37,NVDA_Close,0.0,999.8992
24,2022-02,38,NWSA_Close,0.0,0.0768
24,2022-02,39,OI_Close,0.0,0.53
24,2022-02,40,PG_Close,0.0,4.0873
24,2022-02,41,PLD_Close,0.0,9.6503
24,2022-02,42,PNR_Close,0.0,5.4751
24,2022-02,43,PNW_Close,0.0,1.0142
24,2022-02,44,PRGO_Close,0.0,1.9535
24,2022-02,45,SEE_Close,0.0,0.7252
24,2022-02,46,STX_Close,0.0,3.491
24,2022-02,47,SYF_Close,0.0,0.3657
24,2022-02,48,TSLA_Close,0.0,22.0966
24,2022-02,49,VNO_Close,0.0,2.008
24,2022-02,50,XOM_Close,0.0,2.8693
25,2022-03,0,AAPL_Close,0.0,9.2896
25,2022-03,1,Sector_IT,0.0,16.5552
25,2022-03,2,AMZN_Close,0.0,9.4345
25,2022-03,3,Sector_Disc,0.0,68.1546
25,2022-03,4,APA_Close,0.0,4.9642
25,2022-03,5,Sector_Energy,0.0,12.7017
25,2022-03,6,AVGO_Close,-15.0502,4.2982
25,2022-03,7,BIIB_Close,0.0,0.41
25,2022-03,8,Sector_Health,0.0,13.3707
25,2022-03,9,BXP_Close,0.0,5.9046
25,2022-03,10,Sector_RE,0.0,22.1886
25,2022-03,11,CAG_Close,0.0,1.1161
25,2022-03,12,Sector_Staples,0.0,4.2254
25,2022-03,13,CAT_Close,0.0,32.733
25,2022-03,14,Sector_Ind,0.0,29.2723
25,2022-03,15,CPB_Close,0.0,0.3397
25,2022-03,16,DIS_Close,0.0,11.04
25,2022-03,17,Sector_Comm,0.0,1.6795
25,2022-03,18,DOV_Close,0.0,0.038
25,2022-03,19,GOOG_Close,0.0,4.7198
25,2022-03,20,HAL_Close,0.0,4.1039
25,2022-03,21,HD_Close,-61.9587,13.1924
25,2022-03,22,HPQ_Close,0.0,1.8717
25,2022-03,23,JNJ_Close,0.0,11.2728
25,2022-03,24,JPM_Close,11.3555,4.916
25,2022-03,25,Sector_Fin,0.0,12.491
25,2022-03,26,KSS_Close,0.0,4.0317
25,2022-03,27,LIN_Close,0.0,25.9266
25,2022-03,28,Sector_Mat,0.0,26.362
25,2022-03,29,LYV_Close,0.0,3.18
25,2022-03,30,META_Close,0.0,11.2418
25,2022-03,31,MSFT_Close,0.0,9.2094
25,2022-03,32,M_Close,0.0,1.176
25,2022-03,33,NAVI_Close,0.0,0.3429
25,2022-03,34,NEE_Close,0.0,5.7712
25,2022-03,35,Sector_Util,0.0,14.3128
25,2022-03,36,NI_Close,0.0,2.4978
25,2022-03,37,NVDA_Close,0.0,1002.8999
25,2022-03,38,NWSA_Close,0.0,0.062
25,2022-03,39,OI_Close,0.0,0.4
25,2022-03,40,PG_Close,0.0,2.7696
25,2022-03,41,PLD_Close,0.0,14.4795
25,2022-03,42,PNR_Close,0.0,3.4987
25,2022-03,43,PNW_Close,0.0,6.0437
25,2022-03,44,PRGO_Close,0.0,2.5079
25,2022-03,45,SEE_Close,0.0,0.0354
25,2022-03,46,STX_Close,0.0,11.0135
25,2022-03,47,SYF_Close,0.0,7.2321
25,2022-03,48,TSLA_Close,0.0,69.0567
25,2022-03,49,VNO_Close,0.0,1.8045
25,2022-03,50,XOM_Close,0.0,3.6337
26,2022-04,0,AAPL_Close,0.0,16.6019
26,2022-04,1,Sector_IT,0.0,68.7623
26,2022-04,2,AMZN_Close,0.0,38.716
26,2022-04,3,Sector_Disc,0.0,108.7995
26,2022-04,4,APA_Close,0.0,0.2476
26,2022-04,5,Sector_Energy,0.0,0.0001
26,2022-04,6,AVGO_Close,62.5112,7.0067
26,2022-04,7,BIIB_Close,0.0,3.16
26,2022-04,8,Sector_Health,0.0,3.8432
26,2022-04,9,BXP_Close,0.0,8.9433
26,2022-04,10,Sector_RE,0.0,15.8425
26,2022-04,11,CAG_Close,0.0,1.331
26,2022-04,12,Sector_Staples,0.0,11.6689
26,2022-04,13,CAT_Close,0.0,10.4686
26,2022-04,14,Sector_Ind,0.0,35.9966
26,2022-04,15,CPB_Close,0.0,2.584
26,2022-04,16,DIS_Close,0.0,24.9426
26,2022-04,17,Sector_Comm,0.0,86.1137
26,2022-04,18,DOV_Close,0.0,22.4425
26,2022-04,19,GOOG_Close,0.0,24.482
26,2022-04,20,HAL_Close,0.0,2.0704
26,2022-04,21,HD_Close,98.9087,0.9666
26,2022-04,22,HPQ_Close,0.0,0.2832
26,2022-04,23,JNJ_Close,0.0,2.8761
26,2022-04,24,JPM_Close,12.1588,14.4206
26,2022-04,25,Sector_Fin,0.0,13.3747
26,2022-04,26,KSS_Close,0.0,1.9423
26,2022-04,27,LIN_Close,0.0,7.0782
26,2022-04,28,Sector_Mat,0.0,9.3104
26,2022-04,29,LYV_Close,0.0,12.76
26,2022-04,30,META_Close,0.0,21.7196
26,2022-04,31,MSFT_Close,0.0,29.7854
26,2022-04,32,M_Close,0.0,0.1611
26,2022-04,33,NAVI_Close,0.0,0.9631
26,2022-04,34,NEE_Close,0.0,12.2684
26,2022-04,35,Sector_Util,0.0,19.4546
26,2022-04,36,NI_Close,0.0,2.1331
26,2022-04,37,NVDA_Close,0.0,991.2769
26,2022-04,38,NWSA_Close,0.0,2.2095
26,2022-04,39,OI_Close,0.0,0.3
26,2022-04,40,PG_Close,0.0,7.7539
26,2022-04,41,PLD_Close,0.0,1.0522
26,2022-04,42,PNR_Close,0.0,3.0856
26,2022-04,43,PNW_Close,0.0,5.0531
26,2022-04,44,PRGO_Close,0.0,3.5593
26,2022-04,45,SEE_Close,0.0,2.5322
26,2022-04,46,STX_Close,0.0,6.9284
26,2022-04,47,SYF_Close,0.0,2.009
26,2022-04,48,TSLA_Close,0.0,68.9467
26,2022-04,49,VNO_Close,0.0,5.8469
26,2022-04,50,XOM_Close,0.0,2.3178
27,2022-05,0,AAPL_Close,0.0,8.4099
27,2022-05,1,Sector_IT,0.0,6.5279
27,2022-05,2,AMZN_Close,0.0,4.072
27,2022-05,3,Sector_Disc,0.0,53.11
27,2022-05,4,APA_Close,0.0,5.3101
27,2022-05,5,Sector_Energy,0.0,20.1331
27,2022-05,6,AVGO_Close,5.9345,2.3955
27,2022-05,7,BIIB_Close,0.0,7.44
27,2022-05,8,Sector_Health,0.0,2.4492
27,2022-05,9,BXP_Close,0.0,5.1264
27,2022-05,10,Sector_RE,0.0,37.0088
27,2022-05,11,CAG_Close,0.0,1.6408
27,2022-05,12,Sector_Staples,0.0,12.47
27,2022-05,13,CAT_Close,0.0,4.9559
27,2022-05,14,Sector_Ind,0.0,5.4657
27,2022-05,15,CPB_Close,0.0,0.5909
27,2022-05,16,DIS_Close,0.0,1.1626
27,2022-05,17,Sector_Comm,0.0,21.063
27,2022-05,18,DOV_Close,0.0,1.0604
27,2022-05,19,GOOG_Close,0.0,0.9199
27,2022-05,20,HAL_Close,0.0,4.5988
27,2022-05,21,HD_Close,48.2818,2.1227
27,2022-05,22,HPQ_Close,0.0,1.8967
27,2022-05,23,JNJ_Close,0.0,0.1991
27,2022-05,24,JPM_Close,-10.8481,11.6308
27,2022-05,25,Sector_Fin,0.0,11.9329
27,2022-05,26,KSS_Close,0.0,13.2197
27,2022-05,27,LIN_Close,0.0,12.0528
27,2022-05,28,Sector_Mat,0.0,13.1536
27,2022-05,29,LYV_Close,0.0,9.83
27,2022-05,30,META_Close,0.0,6.7768
27,2022-05,31,MSFT_Close,0.0,4.8532
27,2022-05,32,M_Close,0.0,0.441
27,2022-05,33,NAVI_Close,0.0,0.0921
27,2022-05,34,NEE_Close,0.0,4.5714
27,2022-05,35,Sector_Util,0.0,12.0391
27,2022-05,36,NI_Close,0.0,2.0438
27,2022-05,37,NVDA_Close,0.0,1000.1248
27,2022-05,38,NWSA_Close,0.0,2.3736
27,2022-05,39,OI_Close,0.0,2.97
27,2022-05,40,PG_Close,0.0,11.4202
27,2022-05,41,PLD_Close,0.0,29.0113
27,2022-05,42,PNR_Close,0.0,0.5506
27,2022-05,43,PNW_Close,0.0,5.4239
27,2022-05,44,PRGO_Close,0.0,4.7917
27,2022-05,45,SEE_Close,0.0,1.8692
27,2022-05,46,STX_Close,0.0,2.3183
27,2022-05,47,SYF_Close,0.0,0.2099
27,2022-05,48,TSLA_Close,0.0,37.5
27,2022-05,49,VNO_Close,0.0,2.8711
27,2022-05,50,XOM_Close,0.0,10.2242
28,2022-06,0,AAPL_Close,0.0,11.8815
28,2022-06,1,Sector_IT,0.0,54.4328
28,2022-06,2,AMZN_Close,0.0,13.9995
28,2022-06,3,Sector_Disc,0.0,74.0054
28,2022-06,4,APA_Close,0.0,10.5765
28,2022-06,5,Sector_Energy,0.0,28.1312
28,2022-06,6,AVGO_Close,49.4844,8.4029
28,2022-06,7,BIIB_Close,0.0,3.94
28,2022-06,8,Sector_Health,0.0,2.9703
28,2022-06,9,BXP_Close,0.0,16.9569
28,2022-06,10,Sector_RE,0.0,30.6167
28,2022-06,11,CAG_Close,0.0,1.0858
28,2022-06,12,Sector_Staples,0.0,2.4809
28,2022-06,13,CAT_Close,0.0,34.6166
28,2022-06,14,Sector_Ind,0.0,50.8111
28,2022-06,15,CPB_Close,0.0,0.1199
28,2022-06,16,DIS_Close,0.0,15.671
28,2022-06,17,Sector_Comm,0.0,66.6633
28,2022-06,18,DOV_Close,0.0,12.0177
28,2022-06,19,GOOG_Close,0.0,4.6285
28,2022-06,20,HAL_Close,0.0,8.4347
28,2022-06,21,HD_Close,67.2777,24.1598
28,2022-06,22,HPQ_Close,0.0,5.0217
28,2022-06,23,JNJ_Close,0.0,1.8103
28,2022-06,24,JPM_Close,25.3552,17.7309
28,2022-06,25,Sector_Fin,0.0,27.8908
28,2022-06,26,KSS_Close,0.0,3.1628
28,2022-06,27,LIN_Close,0.0,34.2002
28,2022-06,28,Sector_Mat,0.0,40.5848
28,2022-06,29,LYV_Close,0.0,12.47
28,2022-06,30,META_Close,0.0,32.1378
28,2022-06,31,MSFT_Close,0.0,14.5832
28,2022-06,32,M_Close,0.0,4.4033
28,2022-06,33,NAVI_Close,0.0,1.5622
28,2022-06,34,NEE_Close,0.0,1.5952
28,2022-06,35,Sector_Util,0.0,3.9334
28,2022-06,36,NI_Close,0.0,1.7193
28,2022-06,37,NVDA_Close,0.0,996.4966
28,2022-06,38,NWSA_Close,0.0,1.7561
28,2022-06,39,OI_Close,0.0,2.45
28,2022-06,40,PG_Close,0.0,3.6865
28,2022-06,41,PLD_Close,0.0,7.9439
28,2022-06,42,PNR_Close,0.0,4.1768
28,2022-06,43,PNW_Close,0.0,3.8093
28,2022-06,44,PRGO_Close,0.0,0.8405
28,2022-06,45,SEE_Close,0.0,3.9346
28,2022-06,46,STX_Close,0.0,11.0401
28,2022-06,47,SYF_Close,0.0,8.5976
28,2022-06,48,TSLA_Close,0.0,28.28
28,2022-06,49,VNO_Close,0.0,5.7159
28,2022-06,50,XOM_Close,0.0,9.1199
29,2022-07,0,AAPL_Close,0.0,25.2825
29,2022-07,1,Sector_IT,0.0,64.2552
29,2022-07,2,AMZN_Close,0.0,28.74
29,2022-07,3,Sector_Disc,0.0,120.0956
29,2022-07,4,APA_Close,0.0,2.0989
29,2022-07,5,Sector_Energy,0.0,10.1365
29,2022-07,6,AVGO_Close,-58.4138,4.6608
29,2022-07,7,BIIB_Close,0.0,11.12
29,2022-07,8,Sector_Health,0.0,9.5682
29,2022-07,9,BXP_Close,0.0,1.7596
29,2022-07,10,Sector_RE,0.0,16.6533
29,2022-07,11,CAG_Close,0.0,0.0241
29,2022-07,12,Sector_Staples,0.0,2.1701
29,2022-07,13,CAT_Close,0.0,19.479
29,2022-07,14,Sector_Ind,0.0,34.4403
29,2022-07,15,CPB_Close,0.0,1.4398
29,2022-07,16,DIS_Close,0.0,11.4308
29,2022-07,17,Sector_Comm,0.0,29.421
29,2022-07,18,DOV_Close,0.0,11.7981
29,2022-07,19,GOOG_Close,0.0,7.2083
29,2022-07,20,HAL_Close,0.0,1.9011
29,2022-07,21,HD_Close,-109.1778,24.2416
29,2022-07,22,HPQ_Close,0.0,0.5268
29,2022-07,23,JNJ_Close,0.0,2.6795
29,2022-07,24,JPM_Close,-10.0646,3.4074
29,2022-07,25,Sector_Fin,0.0,11.0711
29,2022-07,26,KSS_Close,0.0,4.9903
29,2022-07,27,LIN_Close,0.0,13.7613
29,2022-07,28,Sector_Mat,0.0,17.6121
29,2022-07,29,LYV_Close,0.0,11.41
29,2022-07,30,META_Close,0.0,2.1333
29,2022-07,31,MSFT_Close,0.0,23.1838
29,2022-07,32,M_Close,0.0,0.5724
29,2022-07,33,NAVI_Close,0.0,2.0985
29,2022-07,34,NEE_Close,0.0,6.3359
29,2022-07,35,Sector_Util,0.0,8.3649
29,2022-07,36,NI_Close,0.0,1.0138
29,2022-07,37,NVDA_Close,0.0,1002.9992
29,2022-07,38,NWSA_Close,0.0,1.5052
29,2022-07,39,OI_Close,0.0,0.71
29,2022-07,40,PG_Close,0.0,3.5858
29,2022-07,41,PLD_Close,0.0,13.2785
29,2022-07,42,PNR_Close,0.0,3.1632
29,2022-07,43,PNW_Close,0.0,1.0153
29,2022-07,44,PRGO_Close,0.0,1.1277
29,2022-07,45,SEE_Close,0.0,3.1409
29,2022-07,46,STX_Close,0.0,7.6021
29,2022-07,47,SYF_Close,0.0,5.5651
29,2022-07,48,TSLA_Close,0.0,72.6767
29,2022-07,49,VNO_Close,0.0,1.6152
29,2022-07,50,XOM_Close,0.0,9.9386
30,2022-08,0,AAPL_Close,0.0,4.9718
30,2022-08,1,Sector_IT,0.0,45.2274
30,2022-08,2,AMZN_Close,0.0,8.18
30,2022-08,3,Sector_Disc,0.0,40.22
30,2022-08,4,APA_Close,0.0,1.7004
30,2022-08,5,Sector_Energy,0.0,2.1044
30,2022-08,6,AVGO_Close,41.1158,3.4128
30,2022-08,7,BIIB_Close,0.0,19.68
30,2022-08,8,Sector_Health,0.0,34.3799
30,2022-08,9,BXP_Close,0.0,9.468
30,2022-08,10,Sector_RE,0.0,19.9321
30,2022-08,11,CAG_Close,0.0,0.4012
30,2022-08,12,Sector_Staples,0.0,0.4101
30,2022-08,13,CAT_Close,0.0,12.7251
30,2022-08,14,Sector_Ind,0.0,24.7595
30,2022-08,15,CPB_Close,0.0,0.8889
30,2022-08,16,DIS_Close,0.0,5.8424
30,2022-08,17,Sector_Comm,0.0,1.6287
30,2022-08,18,DOV_Close,0.0,7.849
30,2022-08,19,GOOG_Close,0.0,7.429
30,2022-08,20,HAL_Close,0.0,0.766
30,2022-08,21,HD_Close,36.5636,9.6695
30,2022-08,22,HPQ_Close,0.0,4.042
30,2022-08,23,JNJ_Close,0.0,10.8398
30,2022-08,24,JPM_Close,2.7918,1.4861
30,2022-08,25,Sector_Fin,0.0,3.071
30,2022-08,26,KSS_Close,0.0,0.5485
30,2022-08,27,LIN_Close,0.0,18.2025
30,2022-08,28,Sector_Mat,0.0,26.6554
30,2022-08,29,LYV_Close,0.0,3.63
30,2022-08,30,META_Close,0.0,3.8002
30,2022-08,31,MSFT_Close,0.0,18.1466
30,2022-08,32,M_Close,0.0,0.2819
30,2022-08,33,NAVI_Close,0.0,0.9139
30,2022-08,34,NEE_Close,0.0,0.8855
30,2022-08,35,Sector_Util,0.0,1.6979
30,2022-08,36,NI_Close,0.0,0.787
30,2022-08,37,NVDA_Close,0.0,996.9359
30,2022-08,38,NWSA_Close,0.0,0.2123
30,2022-08,39,OI_Close,0.0,1.7
30,2022-08,40,PG_Close,0.0,0.88
30,2022-08,41,PLD_Close,0.0,7.1692
30,2022-08,42,PNR_Close,0.0,4.1854
30,2022-08,43,PNW_Close,0.0,1.5994
30,2022-08,44,PRGO_Close,0.0,3.8602
30,2022-08,45,SEE_Close,0.0,6.7529
30,2022-08,46,STX_Close,0.0,11.5901
30,2022-08,47,SYF_Close,0.0,0.671
30,2022-08,48,TSLA_Close,0.0,21.54
30,2022-08,49,VNO_Close,0.0,3.2949
30,2022-08,50,XOM_Close,0.0,0.362
31,2022-09,0,AAPL_Close,0.0,18.6716
31,2022-09,1,Sector_IT,0.0,68.9644
31,2022-09,2,AMZN_Close,0.0,13.77
31,2022-09,3,Sector_Disc,0.0,38.999
31,2022-09,4,APA_Close,0.0,4.3124
31,2022-09,5,Sector_Energy,0.0,16.6657
31,2022-09,6,AVGO_Close,62.6949,4.8209
31,2022-09,7,BIIB_Close,0.0,71.62
31,2022-09,8,Sector_Health,0.0,72.1321
31,2022-09,9,BXP_Close,0.0,2.8147
31,2022-09,10,Sector_RE,0.0,25.4407
31,2022-09,11,CAG_Close,0.0,1.421
31,2022-09,12,Sector_Staples,0.0,14.8395
31,2022-09,13,CAT_Close,0.0,19.3884
31,2022-09,14,Sector_Ind,0.0,31.1089
31,2022-09,15,CPB_Close,0.0,2.8132
31,2022-09,16,DIS_Close,0.0,17.3416
31,2022-09,17,Sector_Comm,0.0,73.2567
31,2022-09,18,DOV_Close,0.0,8.0309
31,2022-09,19,GOOG_Close,0.0,12.8941
31,2022-09,20,HAL_Close,0.0,4.9936
31,2022-09,21,HD_Close,35.4536,11.4177
31,2022-09,22,HPQ_Close,0.0,3.0829
31,2022-09,23,JNJ_Close,0.0,1.8224
31,2022-09,24,JPM_Close,11.8802,8.4151
31,2022-09,25,Sector_Fin,0.0,13.0683
31,2022-09,26,KSS_Close,0.0,2.1662
31,2022-09,27,LIN_Close,0.0,11.5551
31,2022-09,28,Sector_Mat,0.0,20.0532
31,2022-09,29,LYV_Close,0.0,14.32
31,2022-09,30,META_Close,0.0,27.0378
31,2022-09,31,MSFT_Close,0.0,27.7611
31,2022-09,32,M_Close,0.0,1.2851
31,2022-09,33,NAVI_Close,0.0,0.4617
31,2022-09,34,NEE_Close,0.0,6.0224
31,2022-09,35,Sector_Util,0.0,19.0644
31,2022-09,36,NI_Close,0.0,3.82
31,2022-09,37,NVDA_Close,0.0,997.0533
31,2022-09,38,NWSA_Close,0.0,1.6631
31,2022-09,39,OI_Close,0.0,0.06
31,2022-09,40,PG_Close,0.0,10.6052
31,2022-09,41,PLD_Close,0.0,19.828
31,2022-09,42,PNR_Close,0.0,3.6896
31,2022-09,43,PNW_Close,0.0,9.2219
31,2022-09,44,PRGO_Close,0.0,1.3103
31,2022-09,45,SEE_Close,0.0,8.4381
31,2022-09,46,STX_Close,0.0,11.6812
31,2022-09,47,SYF_Close,0.0,4.1914
31,2022-09,48,TSLA_Close,0.0,10.36
31,2022-09,49,VNO_Close,0.0,2.7979
31,2022-09,50,XOM_Close,0.0,7.3597
32,2022-10,0,AAPL_Close,0.0,14.8627
32,2022-10,1,Sector_IT,0.0,17.0796
32,2022-10,2,AMZN_Close,0.0,10.56
32,2022-10,3,Sector_Disc,0.0,21.6128
32,2022-10,4,APA_Close,0.0,10.1173
32,2022-10,5,Sector_Energy,0.0,41.9386
32,2022-10,6,AVGO_Close,-15.5269,2.4706
32,2022-10,7,BIIB_Close,0.0,16.44
32,2022-10,8,Sector_Health,0.0,30.0477
32,2022-10,9,BXP_Close,0.0,1.8561
32,2022-10,10,Sector_RE,0.0,6.7377
32,2022-10,11,CAG_Close,0.0,3.3048
32,2022-10,12,Sector_Staples,0.0,17.1613
32,2022-10,13,CAT_Close,0.0,50.5887
32,2022-10,14,Sector_Ind,0.0,66.5382
32,2022-10,15,CPB_Close,0.0,5.3508
32,2022-10,16,DIS_Close,0.0,11.9291
32,2022-10,17,Sector_Comm,0.0,26.4598
32,2022-10,18,DOV_Close,0.0,13.5222
32,2022-10,19,GOOG_Close,0.0,1.4779
32,2022-10,20,HAL_Close,0.0,10.9332
32,2022-10,21,HD_Close,19.648,18.4714
32,2022-10,22,HPQ_Close,0.0,2.3526
32,2022-10,23,JNJ_Close,0.0,9.5721
32,2022-10,24,JPM_Close,-25.3524,20.5192
32,2022-10,25,Sector_Fin,0.0,27.8876
32,2022-10,26,KSS_Close,0.0,3.719
32,2022-10,27,LIN_Close,0.0,26.5099
32,2022-10,28,Sector_Mat,0.0,32.7536
32,2022-10,29,LYV_Close,0.0,3.57
32,2022-10,30,META_Close,0.0,42.1889
32,2022-10,31,MSFT_Close,0.0,0.7482
32,2022-10,32,M_Close,0.0,4.4668
32,2022-10,33,NAVI_Close,0.0,0.3848
32,2022-10,34,NEE_Close,0.0,0.8241
32,2022-10,35,Sector_Util,0.0,2.8608
32,2022-10,36,NI_Close,0.0,0.6545
32,2022-10,37,NVDA_Close,0.0,1001.3562
32,2022-10,38,NWSA_Close,0.0,1.7079
32,2022-10,39,OI_Close,0.0,3.36
32,2022-10,40,PG_Close,0.0,8.5057
32,2022-10,41,PLD_Close,0.0,8.2006
32,2022-10,42,PNR_Close,0.0,2.4273
32,2022-10,43,PNW_Close,0.0,3.0304
32,2022-10,44,PRGO_Close,0.0,4.0357
32,2022-10,45,SEE_Close,0.0,2.8837
32,2022-10,46,STX_Close,0.0,3.2142
32,2022-10,47,SYF_Close,0.0,6.9837
32,2022-10,48,TSLA_Close,0.0,37.71
32,2022-10,49,VNO_Close,0.0,0.3932
32,2022-10,50,XOM_Close,0.0,20.8881
33,2022-11,0,AAPL_Close,0.0,4.9717
33,2022-11,1,Sector_IT,0.0,34.2559
33,2022-11,2,AMZN_Close,0.0,5.9
33,2022-11,3,Sector_Disc,0.0,7.5229
33,2022-11,4,APA_Close,0.0,1.2256
33,2022-11,5,Sector_Energy,0.0,3.8554
33,2022-11,6,AVGO_Close,-31.1417,7.6558
33,2022-11,7,BIIB_Close,0.0,21.73
33,2022-11,8,Sector_Health,0.0,19.3705
33,2022-11,9,BXP_Close,0.0,0.5069
33,2022-11,10,Sector_RE,0.0,7.9111
33,2022-11,11,CAG_Close,0.0,1.322
33,2022-11,12,Sector_Staples,0.0,15.2216
33,2022-11,13,CAT_Close,0.0,18.8748
33,2022-11,14,Sector_Ind,0.0,32.8632
33,2022-11,15,CPB_Close,0.0,0.6609
33,2022-11,16,DIS_Close,0.0,8.4705
33,2022-11,17,Sector_Comm,0.0,18.3724
33,2022-11,18,DOV_Close,0.0,11.2857
33,2022-11,19,GOOG_Close,0.0,6.7347
33,2022-11,20,HAL_Close,0.0,1.362
33,2022-11,21,HD_Close,6.839,27.2817
33,2022-11,22,HPQ_Close,0.0,2.1086
33,2022-11,23,JNJ_Close,0.0,4.6723
33,2022-11,24,JPM_Close,-13.0961,11.3144
33,2022-11,25,Sector_Fin,0.0,14.4057
33,2022-11,26,KSS_Close,0.0,1.6503
33,2022-11,27,LIN_Close,0.0,37.3681
33,2022-11,28,Sector_Mat,0.0,42.6699
33,2022-11,29,LYV_Close,0.0,6.85
33,2022-11,30,META_Close,0.0,24.7458
33,2022-11,31,MSFT_Close,0.0,23.0572
33,2022-11,32,M_Close,0.0,2.2851
33,2022-11,33,NAVI_Close,0.0,1.2227
33,2022-11,34,NEE_Close,0.0,6.9101
33,2022-11,35,Sector_Util,0.0,18.4912
33,2022-11,36,NI_Close,0.0,2.0082
33,2022-11,37,NVDA_Close,0.0,1003.4258
33,2022-11,38,NWSA_Close,0.0,2.2125
33,2022-11,39,OI_Close,0.0,0.1
33,2022-11,40,PG_Close,0.0,13.2387
33,2022-11,41,PLD_Close,0.0,6.3095
33,2022-11,42,PNR_Close,0.0,2.7027
33,2022-11,43,PNW_Close,0.0,9.5729
33,2022-11,44,PRGO_Close,0.0,7.0318
33,2022-11,45,SEE_Close,0.0,5.2018
33,2022-11,46,STX_Close,0.0,2.9801
33,2022-11,47,SYF_Close,0.0,1.8686
33,2022-11,48,TSLA_Close,0.0,32.84
33,2022-11,49,VNO_Close,0.0,2.1085
33,2022-11,50,XOM_Close,0.0,1.2678
34,2022-12,0,AAPL_Close,0.0,17.7979
34,2022-12,1,Sector_IT,0.0,36.0376
34,2022-12,2,AMZN_Close,0.0,12.54
34,2022-12,3,Sector_Disc,0.0,98.8231
34,2022-12,4,APA_Close,0.0,0.1499
34,2022-12,5,Sector_Energy,0.0,0.3923
34,2022-12,6,AVGO_Close,32.7614,1.2079
34,2022-12,7,BIIB_Close,0.0,28.25
34,2022-12,8,Sector_Health,0.0,27.6089
34,2022-12,9,BXP_Close,0.0,2.8509
34,2022-12,10,Sector_RE,0.0,10.9028
34,2022-12,11,CAG_Close,0.0,0.59
34,2022-12,12,Sector_Staples,0.0,5.4613
34,2022-12,13,CAT_Close,0.0,2.9802
34,2022-12,14,Sector_Ind,0.0,4.0673
34,2022-12,15,CPB_Close,0.0,2.6785
34,2022-12,16,DIS_Close,0.0,10.7371
34,2022-12,17,Sector_Comm,0.0,25.0729
34,2022-12,18,DOV_Close,0.0,6.2903
34,2022-12,19,GOOG_Close,0.0,12.6164
34,2022-12,20,HAL_Close,0.0,1.474
34,2022-12,21,HD_Close,89.8392,7.483
34,2022-12,22,HPQ_Close,0.0,2.548
34,2022-12,23,JNJ_Close,0.0,1.2258
34,2022-12,24,JPM_Close,7.3498,3.753
34,2022-12,25,Sector_Fin,0.0,8.0847
34,2022-12,26,KSS_Close,0.0,4.9545
34,2022-12,27,LIN_Close,0.0,8.7494
34,2022-12,28,Sector_Mat,0.0,11.5212
34,2022-12,29,LYV_Close,0.0,3.02
34,2022-12,30,META_Close,0.0,2.2225
34,2022-12,31,MSFT_Close,0.0,14.9282
34,2022-12,32,M_Close,0.0,2.3257
34,2022-12,33,NAVI_Close,0.0,0.0345
34,2022-12,34,NEE_Close,0.0,1.0012
34,2022-12,35,Sector_Util,0.0,3.4299
34,2022-12,36,NI_Close,0.0,0.4641
34,2022-12,37,NVDA_Close,0.0,997.6934
34,2022-12,38,NWSA_Close,0.0,0.9219
34,2022-12,39,OI_Close,0.0,0.16
34,2022-12,40,PG_Close,0.0,2.1927
34,2022-12,41,PLD_Close,0.0,3.8574
34,2022-12,42,PNR_Close,0.0,0.7571
34,2022-12,43,PNW_Close,0.0,1.9646
34,2022-12,44,PRGO_Close,0.0,1.8669
34,2022-12,45,SEE_Close,0.0,2.9318
34,2022-12,46,STX_Close,0.0,0.3352
34,2022-12,47,SYF_Close,0.0,4.3663
34,2022-12,48,TSLA_Close,0.0,71.52
34,2022-12,49,VNO_Close,0.0,4.1945
34,2022-12,50,XOM_Close,0.0,0.9318
35,2023-01,0,AAPL_Close,0.0,14.1203
35,2023-01,1,Sector_IT,0.0,45.1373
35,2023-01,2,AMZN_Close,0.0,19.13
35,2023-01,3,Sector_Disc,0.0,85.019
35,2023-01,4,APA_Close,0.0,1.8545
35,2023-01,5,Sector_Energy,0.0,5.0001
35,2023-01,6,AVGO_Close,-41.0339,2.4692
35,2023-01,7,BIIB_Close,0.0,13.98
35,2023-01,8,Sector_Health,0.0,4.8997
35,2023-01,9,BXP_Close,0.0,5.7761
35,2023-01,10,Sector_RE,0.0,24.4504
35,2023-01,11,CAG_Close,0.0,0.9619
35,2023-01,12,Sector_Staples,0.0,12.4253
35,2023-01,13,CAT_Close,0.0,13.1823
35,2023-01,14,Sector_Ind,0.0,39.1764
35,2023-01,15,CPB_Close,0.0,3.8924
35,2023-01,16,DIS_Close,0.0,21.1128
35,2023-01,17,Sector_Comm,0.0,73.3181
35,2023-01,18,DOV_Close,0.0,15.7932
35,2023-01,19,GOOG_Close,0.0,11.0493
35,2023-01,20,HAL_Close,0.0,1.7384
35,2023-01,21,HD_Close,-77.29,7.6486
35,2023-01,22,HPQ_Close,0.0,1.996
35,2023-01,23,JNJ_Close,0.0,12.0128
35,2023-01,24,JPM_Close,-10.9974,6.3414
35,2023-01,25,Sector_Fin,0.0,12.0972
35,2023-01,26,KSS_Close,0.0,5.6117
35,2023-01,27,LIN_Close,0.0,4.5616
35,2023-01,28,Sector_Mat,0.0,11.7835
35,2023-01,29,LYV_Close,0.0,10.75
35,2023-01,30,META_Close,0.0,28.4071
35,2023-01,31,MSFT_Close,0.0,7.7857
35,2023-01,32,M_Close,0.0,2.5887
35,2023-01,33,NAVI_Close,0.0,2.1758
35,2023-01,34,NEE_Close,0.0,8.1648
35,2023-01,35,Sector_Util,0.0,8.3944
35,2023-01,36,NI_Close,0.0,0.2945
35,2023-01,37,NVDA_Close,0.0,1004.9178
35,2023-01,38,NWSA_Close,0.0,1.999
35,2023-01,39,OI_Close,0.0,2.68
35,2023-01,40,PG_Close,0.0,7.571
35,2023-01,41,PLD_Close,0.0,14.9322
35,2023-01,42,PNR_Close,0.0,10.2009
35,2023-01,43,PNW_Close,0.0,0.5242
35,2023-01,44,PRGO_Close,0.0,2.9325
35,2023-01,45,SEE_Close,0.0,4.542
35,2023-01,46,STX_Close,0.0,13.8482
35,2023-01,47,SYF_Close,0.0,3.58
35,2023-01,48,TSLA_Close,0.0,50.04
35,2023-01,49,VNO_Close,0.0,3.7421
35,2023-01,50,XOM_Close,0.0,5.1162
36,2023-02,0,AAPL_Close,0.0,3.2893
36,2023-02,1,Sector_IT,0.0,7.422
36,2023-02,2,AMZN_Close,0.0,8.9
36,2023-02,3,Sector_Disc,0.0,8.0074
36,2023-02,4,APA_Close,0.0,5.2757
36,2023-02,5,Sector_Energy,0.0,14.4768
36,2023-02,6,AVGO_Close,-6.7473,0.8854
36,2023-02,7,BIIB_Close,0.0,21.04
36,2023-02,8,Sector_Health,0.0,29.0266
36,2023-02,9,BXP_Close,0.0,7.5189
36,2023-02,10,Sector_RE,0.0,17.2141
36,2023-02,11,CAG_Close,0.0,0.6449
36,2023-02,12,Sector_Staples,0.0,4.5598
36,2023-02,13,CAT_Close,0.0,12.1109
36,2023-02,14,Sector_Ind,0.0,12.9358
36,2023-02,15,CPB_Close,0.0,0.5165
36,2023-02,16,DIS_Close,0.0,8.6757
36,2023-02,17,Sector_Comm,0.0,3.8478
36,2023-02,18,DOV_Close,0.0,1.364
36,2023-02,19,GOOG_Close,0.0,9.4921
36,2023-02,20,HAL_Close,0.0,4.4933
36,2023-02,21,HD_Close,7.2795,25.4309
36,2023-02,22,HPQ_Close,0.0,0.3341
36,2023-02,23,JNJ_Close,0.0,8.2243
36,2023-02,24,JPM_Close,-1.4598,3.1414
36,2023-02,25,Sector_Fin,0.0,1.6058
36,2023-02,26,KSS_Close,0.0,3.4127
36,2023-02,27,LIN_Close,0.0,16.7033
36,2023-02,28,Sector_Mat,0.0,13.9586
36,2023-02,29,LYV_Close,0.0,8.43
36,2023-02,30,META_Close,0.0,25.7678
36,2023-02,31,MSFT_Close,0.0,2.1776
36,2023-02,32,M_Close,0.0,2.7538
36,2023-02,33,NAVI_Close,0.0,0.7943
36,2023-02,34,NEE_Close,0.0,2.8592
36,2023-02,35,Sector_Util,0.0,3.6771
36,2023-02,36,NI_Close,0.0,0.0594
36,2023-02,37,NVDA_Close,0.0,1003.6751
36,2023-02,38,NWSA_Close,0.0,3.0179
36,2023-02,39,OI_Close,0.0,2.97
36,2023-02,40,PG_Close,0.0,4.4314
36,2023-02,41,PLD_Close,0.0,5.3052
36,2023-02,42,PNR_Close,0.0,0.5391
36,2023-02,43,PNW_Close,0.0,0.7585
36,2023-02,44,PRGO_Close,0.0,0.2378
36,2023-02,45,SEE_Close,0.0,5.7147
36,2023-02,46,STX_Close,0.0,2.9394
36,2023-02,47,SYF_Close,0.0,0.7413
36,2023-02,48,TSLA_Close,0.0,32.49
36,2023-02,49,VNO_Close,0.0,4.39
36,2023-02,50,XOM_Close,0.0,4.7078
37,2023-03,0,AAPL_Close,0.0,17.2243
37,2023-03,1,Sector_IT,0.0,66.9175
37,2023-03,2,AMZN_Close,0.0,9.06
37,2023-03,3,Sector_Disc,0.0,5.8946
37,2023-03,4,APA_Close,0.0,2.0571
37,2023-03,5,Sector_Energy,0.0,6.5682
37,2023-03,6,AVGO_Close,-60.8341,4.9487
37,2023-03,7,BIIB_Close,0.0,8.17
37,2023-03,8,Sector_Health,0.0,8.393
37,2023-03,9,BXP_Close,0.0,8.584
37,2023-03,10,Sector_RE,0.0,10.7253
37,2023-03,11,CAG_Close,0.0,0.9509
37,2023-03,12,Sector_Staples,0.0,13.337
37,2023-03,13,CAT_Close,0.0,10.1811
37,2023-03,14,Sector_Ind,0.0,8.8573
37,2023-03,15,CPB_Close,0.0,2.1535
37,2023-03,16,DIS_Close,0.0,0.508
37,2023-03,17,Sector_Comm,0.0,48.9729
37,2023-03,18,DOV_Close,0.0,1.9688
37,2023-03,19,GOOG_Close,0.0,13.5884
37,2023-03,20,HAL_Close,0.0,4.2854
37,2023-03,21,HD_Close,-5.3587,0.6601
37,2023-03,22,HPQ_Close,0.0,0.0903
37,2023-03,23,JNJ_Close,0.0,1.5913
37,2023-03,24,JPM_Close,18.0995,12.0837
37,2023-03,25,Sector_Fin,0.0,19.9094
37,2023-03,26,KSS_Close,0.0,3.1311
37,2023-03,27,LIN_Close,0.0,8.0515
37,2023-03,28,Sector_Mat,0.0,6.1997
37,2023-03,29,LYV_Close,0.0,2.06
37,2023-03,30,META_Close,0.0,36.7119
37,2023-03,31,MSFT_Close,0.0,37.9805
37,2023-03,32,M_Close,0.0,2.4444
37,2023-03,33,NAVI_Close,0.0,1.655
37,2023-03,34,NEE_Close,0.0,5.5424
37,2023-03,35,Sector_Util,0.0,10.8672
37,2023-03,36,NI_Close,0.0,0.4774
37,2023-03,37,NVDA_Close,0.0,1004.5609
37,2023-03,38,NWSA_Close,0.0,0.2246
37,2023-03,39,OI_Close,0.0,0.49
37,2023-03,40,PG_Close,0.0,10.2327
37,2023-03,41,PLD_Close,0.0,2.0581
37,2023-03,42,PNR_Close,0.0,0.645
37,2023-03,43,PNW_Close,0.0,4.8474
37,2023-03,44,PRGO_Close,0.0,1.3683
37,2023-03,45,SEE_Close,0.0,2.3419
37,2023-03,46,STX_Close,0.0,2.1127
37,2023-03,47,SYF_Close,0.0,6.1707
37,2023-03,48,TSLA_Close,0.0,1.75
37,2023-03,49,VNO_Close,0.0,4.1995
37,2023-03,50,XOM_Close,0.0,0.2258
38,2023-04,0,AAPL_Close,0.0,4.7074
38,2023-04,1,Sector_IT,0.0,15.2889
38,2023-04,2,AMZN_Close,0.0,2.16
38,2023-04,3,Sector_Disc,0.0,38.19
38,2023-04,4,APA_Close,0.0,0.9124
38,2023-04,5,Sector_Energy,0.0,9.786
38,2023-04,6,AVGO_Close,-13.899,1.4453
38,2023-04,7,BIIB_Close,0.0,26.2
38,2023-04,8,Sector_Health,0.0,35.3274
38,2023-04,9,BXP_Close,0.0,0.6426
38,2023-04,10,Sector_RE,0.0,0.5491
38,2023-04,11,CAG_Close,0.0,0.607
38,2023-04,12,Sector_Staples,0.0,8.3039
38,2023-04,13,CAT_Close,0.0,8.4151
38,2023-04,14,Sector_Ind,0.0,11.0546
38,2023-04,15,CPB_Close,0.0,0.2732
38,2023-04,16,DIS_Close,0.0,2.3155
38,2023-04,17,Sector_Comm,0.0,32.7722
38,2023-04,18,DOV_Close,0.0,5.5783
38,2023-04,19,GOOG_Close,0.0,4.1856
38,2023-04,20,HAL_Close,0.0,1.0363
38,2023-04,21,HD_Close,34.7182,5.0247
38,2023-04,22,HPQ_Close,0.0,0.3195
38,2023-04,23,JNJ_Close,0.0,7.9564
38,2023-04,24,JPM_Close,-8.3937,8.3538
38,2023-04,25,Sector_Fin,0.0,9.2331
38,2023-04,26,KSS_Close,0.0,1.2168
38,2023-04,27,LIN_Close,0.0,13.4762
38,2023-04,28,Sector_Mat,0.0,15.1803
38,2023-04,29,LYV_Close,0.0,2.22
38,2023-04,30,META_Close,0.0,28.159
38,2023-04,31,MSFT_Close,0.0,18.5214
38,2023-04,32,M_Close,0.0,1.0079
38,2023-04,33,NAVI_Close,0.0,0.4791
38,2023-04,34,NEE_Close,0.0,0.4122
38,2023-04,35,Sector_Util,0.0,0.3379
38,2023-04,36,NI_Close,0.0,0.679
38,2023-04,37,NVDA_Close,0.0,999.972
38,2023-04,38,NWSA_Close,0.0,0.3321
38,2023-04,39,OI_Close,0.0,0.24
38,2023-04,40,PG_Close,0.0,7.9702
38,2023-04,41,PLD_Close,0.0,0.4362
38,2023-04,42,PNR_Close,0.0,2.9389
38,2023-04,43,PNW_Close,0.0,0.0712
38,2023-04,44,PRGO_Close,0.0,1.171
38,2023-04,45,SEE_Close,0.0,1.9441
38,2023-04,46,STX_Close,0.0,6.7861
38,2023-04,47,SYF_Close,0.0,0.4002
38,2023-04,48,TSLA_Close,0.0,43.15
38,2023-04,49,VNO_Close,0.0,0.3428
38,2023-04,50,XOM_Close,0.0,7.8372
39,2023-05,0,AAPL_Close,0.0,7.6965
39,2023-05,1,Sector_IT,0.0,57.204
39,2023-05,2,AMZN_Close,0.0,15.13
39,2023-05,3,Sector_Disc,0.0,35.3982
39,2023-05,4,APA_Close,0.0,4.5246
39,2023-05,5,Sector_Energy,0.0,22.1429
39,2023-05,6,AVGO_Close,-52.0037,17.4379
39,2023-05,7,BIIB_Close,0.0,7.82
39,2023-05,8,Sector_Health,0.0,19.2914
39,2023-05,9,BXP_Close,0.0,3.9653
39,2023-05,10,Sector_RE,0.0,5.9823
39,2023-05,11,CAG_Close,0.0,2.5774
39,2023-05,12,Sector_Staples,0.0,18.7233
39,2023-05,13,CAT_Close,0.0,12.4729
39,2023-05,14,Sector_Ind,0.0,26.9022
39,2023-05,15,CPB_Close,0.0,3.305
39,2023-05,16,DIS_Close,0.0,14.2055
39,2023-05,17,Sector_Comm,0.0,37.8749
39,2023-05,18,DOV_Close,0.0,11.9064
39,2023-05,19,GOOG_Close,0.0,15.0266
39,2023-05,20,HAL_Close,0.0,3.8279
39,2023-05,21,HD_Close,-32.1802,13.952
39,2023-05,22,HPQ_Close,0.0,0.5768
39,2023-05,23,JNJ_Close,0.0,6.8316
39,2023-05,24,JPM_Close,1.8162,2.3628
39,2023-05,25,Sector_Fin,0.0,1.9978
39,2023-05,26,KSS_Close,0.0,2.9896
39,2023-05,27,LIN_Close,0.0,15.1884
39,2023-05,28,Sector_Mat,0.0,26.4158
39,2023-05,29,LYV_Close,0.0,12.16
39,2023-05,30,META_Close,0.0,24.21
39,2023-05,31,MSFT_Close,0.0,21.3424
39,2023-05,32,M_Close,0.0,2.4102
39,2023-05,33,NAVI_Close,0.0,1.2109
39,2023-05,34,NEE_Close,0.0,2.4722
39,2023-05,35,Sector_Util,0.0,4.939
39,2023-05,36,NI_Close,0.0,1.4268
39,2023-05,37,NVDA_Close,0.0,1010.0761
39,2023-05,38,NWSA_Close,0.0,0.6836
39,2023-05,39,OI_Close,0.0,1.75
39,2023-05,40,PG_Close,0.0,12.8408
39,2023-05,41,PLD_Close,0.0,0.6362
39,2023-05,42,PNR_Close,0.0,2.523
39,2023-05,43,PNW_Close,0.0,1.0401
39,2023-05,44,PRGO_Close,0.0,4.6398
39,2023-05,45,SEE_Close,0.0,9.4774
39,2023-05,46,STX_Close,0.0,1.228
39,2023-05,47,SYF_Close,0.0,1.5759
39,2023-05,48,TSLA_Close,0.0,39.62
39,2023-05,49,VNO_Close,0.0,1.3808
39,2023-05,50,XOM_Close,0.0,13.7904
40,2023-06,0,AAPL_Close,0.0,16.4888
40,2023-06,1,Sector_IT,0.0,42.9759
40,2023-06,2,AMZN_Close,0.0,9.78
40,2023-06,3,Sector_Disc,0.0,99.5875
40,2023-06,4,APA_Close,0.0,2.1329
40,2023-06,5,Sector_Energy,0.0,10.9613
40,2023-06,6,AVGO_Close,-39.069,6.159
40,2023-06,7,BIIB_Close,0.0,11.56
40,2023-06,8,Sector_Health,0.0,0.1031
40,2023-06,9,BXP_Close,0.0,8.3965
40,2023-06,10,Sector_RE,0.0,11.8116
40,2023-06,11,CAG_Close,0.0,0.9592
40,2023-06,12,Sector_Staples,0.0,3.3233
40,2023-06,13,CAT_Close,0.0,38.5178
40,2023-06,14,Sector_Ind,0.0,61.2148
40,2023-06,15,CPB_Close,0.0,4.2657
40,2023-06,16,DIS_Close,0.0,1.2896
40,2023-06,17,Sector_Comm,0.0,33.328
40,2023-06,18,DOV_Close,0.0,13.8715
40,2023-06,19,GOOG_Close,0.0,2.3805
40,2023-06,20,HAL_Close,0.0,4.211
40,2023-06,21,HD_Close,-90.5341,25.3887
40,2023-06,22,HPQ_Close,0.0,1.7018
40,2023-06,23,JNJ_Close,0.0,9.6381
40,2023-06,24,JPM_Close,-13.6587,9.0872
40,2023-06,25,Sector_Fin,0.0,15.0245
40,2023-06,26,KSS_Close,0.0,4.2794
40,2023-06,27,LIN_Close,0.0,27.7015
40,2023-06,28,Sector_Mat,0.0,30.5074
40,2023-06,29,LYV_Close,0.0,11.17
40,2023-06,30,META_Close,0.0,22.0866
40,2023-06,31,MSFT_Close,0.0,11.8949
40,2023-06,32,M_Close,0.0,2.2994
40,2023-06,33,NAVI_Close,0.0,3.1608
40,2023-06,34,NEE_Close,0.0,0.6823
40,2023-06,35,Sector_Util,0.0,4.7846
40,2023-06,36,NI_Close,0.0,0.4181
40,2023-06,37,NVDA_Close,0.0,1004.4684
40,2023-06,38,NWSA_Close,0.0,1.1622
40,2023-06,39,OI_Close,0.0,0.61
40,2023-06,40,PG_Close,0.0,8.5482
40,2023-06,41,PLD_Close,0.0,0.9463
40,2023-06,42,PNR_Close,0.0,8.8256
40,2023-06,43,PNW_Close,0.0,3.6843
40,2023-06,44,PRGO_Close,0.0,2.0249
40,2023-06,45,SEE_Close,0.0,2.1959
40,2023-06,46,STX_Close,0.0,2.2629
40,2023-06,47,SYF_Close,0.0,2.7766
40,2023-06,48,TSLA_Close,0.0,57.84
40,2023-06,49,VNO_Close,0.0,4.3614
40,2023-06,50,XOM_Close,0.0,4.6175
41,2023-07,0,AAPL_Close,0.0,2.4457
41,2023-07,1,Sector_IT,0.0,8.7818
41,2023-07,2,AMZN_Close,0.0,3.32
41,2023-07,3,Sector_Disc,0.0,35.5822
41,2023-07,4,APA_Close,0.0,5.8792
41,2023-07,5,Sector_Energy,0.0,11.5853
41,2023-07,6,AVGO_Close,-7.9835,3.0162
41,2023-07,7,BIIB_Close,0.0,14.66
41,2023-07,8,Sector_Health,0.0,10.4009
41,2023-07,9,BXP_Close,0.0,7.7774
41,2023-07,10,Sector_RE,0.0,13.8508
41,2023-07,11,CAG_Close,0.0,0.4667
41,2023-07,12,Sector_Staples,0.0,5.0838
41,2023-07,13,CAT_Close,0.0,19.5296
41,2023-07,14,Sector_Ind,0.0,22.8624
41,2023-07,15,CPB_Close,0.0,0.4208
41,2023-07,16,DIS_Close,0.0,0.381
41,2023-07,17,Sector_Comm,0.0,39.9865
41,2023-07,18,DOV_Close,0.0,1.6274
41,2023-07,19,GOOG_Close,0.0,12.0412
41,2023-07,20,HAL_Close,0.0,5.7152
41,2023-07,21,HD_Close,-32.3474,21.663
41,2023-07,22,HPQ_Close,0.0,1.8978
41,2023-07,23,JNJ_Close,0.0,1.8521
41,2023-07,24,JPM_Close,-12.6614,12.706
41,2023-07,25,Sector_Fin,0.0,13.9275
41,2023-07,26,KSS_Close,0.0,4.461
41,2023-07,27,LIN_Close,0.0,9.258
41,2023-07,28,Sector_Mat,0.0,16.1669
41,2023-07,29,LYV_Close,0.0,3.36
41,2023-07,30,META_Close,0.0,31.3738
41,2023-07,31,MSFT_Close,0.0,4.5229
41,2023-07,32,M_Close,0.0,0.4781
41,2023-07,33,NAVI_Close,0.0,0.405
41,2023-07,34,NEE_Close,0.0,0.8298
41,2023-07,35,Sector_Util,0.0,1.8037
41,2023-07,36,NI_Close,0.0,0.6734
41,2023-07,37,NVDA_Close,0.0,1004.4236
41,2023-07,38,NWSA_Close,0.0,0.3125
41,2023-07,39,OI_Close,0.0,1.63
41,2023-07,40,PG_Close,0.0,5.1296
41,2023-07,41,PLD_Close,0.0,1.9405
41,2023-07,42,PNR_Close,0.0,4.9602
41,2023-07,43,PNW_Close,0.0,1.9601
41,2023-07,44,PRGO_Close,0.0,2.407
41,2023-07,45,SEE_Close,0.0,5.279
41,2023-07,46,STX_Close,0.0,1.5215
41,2023-07,47,SYF_Close,0.0,0.8165
41,2023-07,48,TSLA_Close,0.0,5.66
41,2023-07,49,VNO_Close,0.0,4.1328
41,2023-07,50,XOM_Close,0.0,0.0091
42,2023-08,0,AAPL_Close,0.0,8.2112
42,2023-08,1,Sector_IT,0.0,6.5429
42,2023-08,2,AMZN_Close,0.0,4.33
42,2023-08,3,Sector_Disc,0.0,11.7115
42,2023-08,4,APA_Close,0.0,3.0094
42,2023-08,5,Sector_Energy,0.0,7.0052
42,2023-08,6,AVGO_Close,5.9481,2.3418
42,2023-08,7,BIIB_Close,0.0,2.83
42,2023-08,8,Sector_Health,0.0,8.3664
42,2023-08,9,BXP_Close,0.0,0.1204
42,2023-08,10,Sector_RE,0.0,1.0835
42,2023-08,11,CAG_Close,0.0,2.4701
42,2023-08,12,Sector_Staples,0.0,7.955
42,2023-08,13,CAT_Close,0.0,15.3297
42,2023-08,14,Sector_Ind,0.0,18.8254
42,2023-08,15,CPB_Close,0.0,3.6603
42,2023-08,16,DIS_Close,0.0,5.0901
42,2023-08,17,Sector_Comm,0.0,25.0068
42,2023-08,18,DOV_Close,0.0,2.7586
42,2023-08,19,GOOG_Close,0.0,4.2055
42,2023-08,20,HAL_Close,0.0,0.4317
42,2023-08,21,HD_Close,10.6468,1.336
42,2023-08,22,HPQ_Close,0.0,2.793
42,2023-08,23,JNJ_Close,0.0,4.3087
42,2023-08,24,JPM_Close,12.8666,10.9363
42,2023-08,25,Sector_Fin,0.0,14.1532
42,2023-08,26,KSS_Close,0.0,1.4953
42,2023-08,27,LIN_Close,0.0,3.5043
42,2023-08,28,Sector_Mat,0.0,14.6449
42,2023-08,29,LYV_Close,0.0,3.22
42,2023-08,30,META_Close,0.0,22.5332
42,2023-08,31,MSFT_Close,0.0,7.3094
42,2023-08,32,M_Close,0.0,3.8603
42,2023-08,33,NAVI_Close,0.0,1.0816
42,2023-08,34,NEE_Close,0.0,5.5663
42,2023-08,35,Sector_Util,0.0,11.4995
42,2023-08,36,NI_Close,0.0,0.9904
42,2023-08,37,NVDA_Close,0.0,1002.6239
42,2023-08,38,NWSA_Close,0.0,1.631
42,2023-08,39,OI_Close,0.0,3.1
42,2023-08,40,PG_Close,0.0,1.8247
42,2023-08,41,PLD_Close,0.0,0.5034
42,2023-08,42,PNR_Close,0.0,0.7371
42,2023-08,43,PNW_Close,0.0,4.9429
42,2023-08,44,PRGO_Close,0.0,1.2276
42,2023-08,45,SEE_Close,0.0,8.0405
42,2023-08,46,STX_Close,0.0,6.8048
42,2023-08,47,SYF_Close,0.0,2.1353
42,2023-08,48,TSLA_Close,0.0,9.35
42,2023-08,49,VNO_Close,0.0,1.4665
42,2023-08,50,XOM_Close,0.0,4.4275
43,2023-09,0,AAPL_Close,0.0,16.4519
43,2023-09,1,Sector_IT,0.0,49.8035
43,2023-09,2,AMZN_Close,0.0,10.89
43,2023-09,3,Sector_Disc,0.0,49.9493
43,2023-09,4,APA_Close,0.0,2.4614
43,2023-09,5,Sector_Energy,0.0,5.3236
43,2023-09,6,AVGO_Close,45.276,8.481
43,2023-09,7,BIIB_Close,0.0,10.35
43,2023-09,8,Sector_Health,0.0,18.6037
43,2023-09,9,BXP_Close,0.0,5.4055
43,2023-09,10,Sector_RE,0.0,16.9328
43,2023-09,11,CAG_Close,0.0,2.0738
43,2023-09,12,Sector_Staples,0.0,10.5192
43,2023-09,13,CAT_Close,0.0,7.809
43,2023-09,14,Sector_Ind,0.0,21.6974
43,2023-09,15,CPB_Close,0.0,0.5508
43,2023-09,16,DIS_Close,0.0,2.5695
43,2023-09,17,Sector_Comm,0.0,6.5314
43,2023-09,18,DOV_Close,0.0,8.5444
43,2023-09,19,GOOG_Close,0.0,5.4552
43,2023-09,20,HAL_Close,0.0,1.9177
43,2023-09,21,HD_Close,45.4085,26.4435
43,2023-09,22,HPQ_Close,0.0,3.3832
43,2023-09,23,JNJ_Close,0.0,5.5037
43,2023-09,24,JPM_Close,2.936,1.2318
43,2023-09,25,Sector_Fin,0.0,3.2295
43,2023-09,26,KSS_Close,0.0,4.3584
43,2023-09,27,LIN_Close,0.0,12.9933
43,2023-09,28,Sector_Mat,0.0,19.8934
43,2023-09,29,LYV_Close,0.0,1.49
43,2023-09,30,META_Close,0.0,4.2863
43,2023-09,31,MSFT_Close,0.0,11.7827
43,2023-09,32,M_Close,0.0,0.3974
43,2023-09,33,NAVI_Close,0.0,0.3821
43,2023-09,34,NEE_Close,0.0,8.8288
43,2023-09,35,Sector_Util,0.0,13.9335
43,2023-09,36,NI_Close,0.0,1.9074
43,2023-09,37,NVDA_Close,0.0,994.1522
43,2023-09,38,NWSA_Close,0.0,1.303
43,2023-09,39,OI_Close,0.0,3.13
43,2023-09,40,PG_Close,0.0,7.8945
43,2023-09,41,PLD_Close,0.0,10.2513
43,2023-09,42,PNR_Close,0.0,5.344
43,2023-09,43,PNW_Close,0.0,3.1973
43,2023-09,44,PRGO_Close,0.0,2.75
43,2023-09,45,SEE_Close,0.0,3.7701
43,2023-09,46,STX_Close,0.0,3.857
43,2023-09,47,SYF_Close,0.0,1.6157
43,2023-09,48,TSLA_Close,0.0,7.86
43,2023-09,49,VNO_Close,0.0,1.276
43,2023-09,50,XOM_Close,0.0,5.8673
44,2023-10,0,AAPL_Close,0.0,0.4345
44,2023-10,1,Sector_IT,0.0,22.5723
44,2023-10,2,AMZN_Close,0.0,5.97
44,2023-10,3,Sector_Disc,0.0,57.9759
44,2023-10,4,APA_Close,0.0,1.0325
44,2023-10,5,Sector_Energy,0.0,12.8961
44,2023-10,6,AVGO_Close,-20.5203,1.0481
44,2023-10,7,BIIB_Close,0.0,19.47
44,2023-10,8,Sector_Health,0.0,30.2335
44,2023-10,9,BXP_Close,0.0,5.1706
44,2023-10,10,Sector_RE,0.0,19.0483
44,2023-10,11,CAG_Close,0.0,0.0506
44,2023-10,12,Sector_Staples,0.0,4.4541
44,2023-10,13,CAT_Close,0.0,43.974
44,2023-10,14,Sector_Ind,0.0,59.4981
44,2023-10,15,CPB_Close,0.0,0.259
44,2023-10,16,DIS_Close,0.0,0.5276
44,2023-10,17,Sector_Comm,0.0,7.3289
44,2023-10,18,DOV_Close,0.0,9.2929
44,2023-10,19,GOOG_Close,0.0,6.4967
44,2023-10,20,HAL_Close,0.0,1.093
44,2023-10,21,HD_Close,52.7054,16.4168
44,2023-10,22,HPQ_Close,0.0,0.569
44,2023-10,23,JNJ_Close,0.0,6.8773
44,2023-10,24,JPM_Close,7.226,4.6396
44,2023-10,25,Sector_Fin,0.0,7.9486
44,2023-10,26,KSS_Close,0.0,1.3389
44,2023-10,27,LIN_Close,0.0,9.5016
44,2023-10,28,Sector_Mat,0.0,6.2662
44,2023-10,29,LYV_Close,0.0,3.02
44,2023-10,30,META_Close,0.0,1.0518
44,2023-10,31,MSFT_Close,0.0,21.9368
44,2023-10,32,M_Close,0.0,0.5121
44,2023-10,33,NAVI_Close,0.0,1.1639
44,2023-10,34,NEE_Close,0.0,0.9377
44,2023-10,35,Sector_Util,0.0,2.8461
44,2023-10,36,NI_Close,0.0,0.6718
44,2023-10,37,NVDA_Close,0.0,997.2829
44,2023-10,38,NWSA_Close,0.0,0.6084
44,2023-10,39,OI_Close,0.0,1.28
44,2023-10,40,PG_Close,0.0,4.7637
44,2023-10,41,PLD_Close,0.0,10.5638
44,2023-10,42,PNR_Close,0.0,6.2312
44,2023-10,43,PNW_Close,0.0,1.2366
44,2023-10,44,PRGO_Close,0.0,3.8861
44,2023-10,45,SEE_Close,0.0,1.9554
44,2023-10,46,STX_Close,0.0,2.17
44,2023-10,47,SYF_Close,0.0,2.145
44,2023-10,48,TSLA_Close,0.0,49.38
44,2023-10,49,VNO_Close,0.0,3.3139
44,2023-10,50,XOM_Close,0.0,10.7706
45,2023-11,0,AAPL_Close,0.0,19.1875
45,2023-11,1,Sector_IT,0.0,87.1054
45,2023-11,2,AMZN_Close,0.0,13.0
45,2023-11,3,Sector_Disc,0.0,85.3459
45,2023-11,4,APA_Close,0.0,3.3612
45,2023-11,5,Sector_Energy,0.0,7.5307
45,2023-11,6,AVGO_Close,-79.1867,8.1944
45,2023-11,7,BIIB_Close,0.0,3.46
45,2023-11,8,Sector_Health,0.0,6.3472
45,2023-11,9,BXP_Close,0.0,2.9396
45,2023-11,10,Sector_RE,0.0,20.1436
45,2023-11,11,CAG_Close,0.0,1.0931
45,2023-11,12,Sector_Staples,0.0,4.1564
45,2023-11,13,CAT_Close,0.0,23.8182
45,2023-11,14,Sector_Ind,0.0,41.4649
45,2023-11,15,CPB_Close,0.0,0.2062
45,2023-11,16,DIS_Close,0.0,10.8446
45,2023-11,17,Sector_Comm,0.0,50.6075
45,2023-11,18,DOV_Close,0.0,11.3982
45,2023-11,19,GOOG_Close,0.0,8.5498
45,2023-11,20,HAL_Close,0.0,2.1766
45,2023-11,21,HD_Close,-77.5872,29.0419
45,2023-11,22,HPQ_Close,0.0,2.7187
45,2023-11,23,JNJ_Close,0.0,7.0152
45,2023-11,24,JPM_Close,-19.5087,16.1228
45,2023-11,25,Sector_Fin,0.0,21.4596
45,2023-11,26,KSS_Close,0.0,0.7578
45,2023-11,27,LIN_Close,0.0,30.6164
45,2023-11,28,Sector_Mat,0.0,32.5644
45,2023-11,29,LYV_Close,0.0,4.2
45,2023-11,30,META_Close,0.0,25.6785
45,2023-11,31,MSFT_Close,0.0,40.7823
45,2023-11,32,M_Close,0.0,3.3062
45,2023-11,33,NAVI_Close,0.0,1.2282
45,2023-11,34,NEE_Close,0.0,0.637
45,2023-11,35,Sector_Util,0.0,1.7665
45,2023-11,36,NI_Close,0.0,0.4446
45,2023-11,37,NVDA_Close,0.0,1005.9858
45,2023-11,38,NWSA_Close,0.0,1.3346
45,2023-11,39,OI_Close,0.0,0.69
45,2023-11,40,PG_Close,0.0,3.2696
45,2023-11,41,PLD_Close,0.0,13.0711
45,2023-11,42,PNR_Close,0.0,6.2486
45,2023-11,43,PNW_Close,0.0,0.685
45,2023-11,44,PRGO_Close,0.0,2.792
45,2023-11,45,SEE_Close,0.0,2.638
45,2023-11,46,STX_Close,0.0,10.2366
45,2023-11,47,SYF_Close,0.0,4.1085
45,2023-11,48,TSLA_Close,0.0,39.24
45,2023-11,49,VNO_Close,0.0,4.1329
45,2023-11,50,XOM_Close,0.0,1.993
46,2023-12,0,AAPL_Close,0.0,2.5511
46,2023-12,1,Sector_IT,0.0,29.009
46,2023-12,2,AMZN_Close,0.0,5.85
46,2023-12,3,Sector_Disc,0.0,54.3923
46,2023-12,4,APA_Close,0.0,0.1084
46,2023-12,5,Sector_Energy,0.0,3.3443
46,2023-12,6,AVGO_Close,-26.3718,19.0049
46,2023-12,7,BIIB_Close,0.0,24.69
46,2023-12,8,Sector_Health,0.0,28.2009
46,2023-12,9,BXP_Close,0.0,12.434
46,2023-12,10,Sector_RE,0.0,34.9164
46,2023-12,11,CAG_Close,0.0,0.316
46,2023-12,12,Sector_Staples,0.0,3.4881
46,2023-12,13,CAT_Close,0.0,43.3979
46,2023-12,14,Sector_Ind,0.0,63.6912
46,2023-12,15,CPB_Close,0.0,2.7351
46,2023-12,16,DIS_Close,0.0,2.0573
46,2023-12,17,Sector_Comm,0.0,43.3399
46,2023-12,18,DOV_Close,0.0,12.3415
46,2023-12,19,GOOG_Close,0.0,6.9529
46,2023-12,20,HAL_Close,0.0,0.6785
46,2023-12,21,HD_Close,-49.4476,31.2755
46,2023-12,22,HPQ_Close,0.0,0.9267
46,2023-12,23,JNJ_Close,0.0,1.946
46,2023-12,24,JPM_Close,-18.3407,13.2809
46,2023-12,25,Sector_Fin,0.0,20.1748
46,2023-12,26,KSS_Close,0.0,4.8855
46,2023-12,27,LIN_Close,0.0,1.7343
46,2023-12,28,Sector_Mat,0.0,2.8699
46,2023-12,29,LYV_Close,0.0,9.38
46,2023-12,30,META_Close,0.0,26.6012
46,2023-12,31,MSFT_Close,0.0,2.8213
46,2023-12,32,M_Close,0.0,3.9813
46,2023-12,33,NAVI_Close,0.0,1.3364
46,2023-12,34,NEE_Close,0.0,2.0871
46,2023-12,35,Sector_Util,0.0,0.136
46,2023-12,36,NI_Close,0.0,0.8428
46,2023-12,37,NVDA_Close,0.0,1002.7544
46,2023-12,38,NWSA_Close,0.0,2.4631
46,2023-12,39,OI_Close,0.0,1.62
46,2023-12,40,PG_Close,0.0,6.5391
46,2023-12,41,PLD_Close,0.0,17.7181
46,2023-12,42,PNR_Close,0.0,7.9518
46,2023-12,43,PNW_Close,0.0,2.7939
46,2023-12,44,PRGO_Close,0.0,1.5649
46,2023-12,45,SEE_Close,0.0,2.9842
46,2023-12,46,STX_Close,0.0,6.5932
46,2023-12,47,SYF_Close,0.0,5.5574
46,2023-12,48,TSLA_Close,0.0,8.4
46,2023-12,49,VNO_Close,0.0,4.7643
46,2023-12,50,XOM_Close,0.0,2.5574
47,2024-01,0,AAPL_Close,0.0,8.039
47,2024-01,1,Sector_IT,0.0,30.3917
47,2024-01,2,AMZN_Close,0.0,3.26
47,2024-01,3,Sector_Disc,0.0,56.0319
47,2024-01,4,APA_Close,0.0,3.8785
47,2024-01,5,Sector_Energy,0.0,1.7295
47,2024-01,6,AVGO_Close,-27.6288,6.2209
47,2024-01,7,BIIB_Close,0.0,12.11
47,2024-01,8,Sector_Health,0.0,10.1802
47,2024-01,9,BXP_Close,0.0,3.2553
47,2024-01,10,Sector_RE,0.0,10.4072
47,2024-01,11,CAG_Close,0.0,0.7161
47,2024-01,12,Sector_Staples,0.0,13.1655
47,2024-01,13,CAT_Close,0.0,5.823
47,2024-01,14,Sector_Ind,0.0,2.5742
47,2024-01,15,CPB_Close,0.0,1.5892
47,2024-01,16,DIS_Close,0.0,5.6458
47,2024-01,17,Sector_Comm,0.0,37.7453
47,2024-01,18,DOV_Close,0.0,3.9317
47,2024-01,19,GOOG_Close,0.0,0.8629
47,2024-01,20,HAL_Close,0.0,0.4732
47,2024-01,21,HD_Close,50.9381,6.064
47,2024-01,22,HPQ_Close,0.0,1.2579
47,2024-01,23,JNJ_Close,0.0,2.0208
47,2024-01,24,JPM_Close,-4.0423,5.054
47,2024-01,25,Sector_Fin,0.0,4.4465
47,2024-01,26,KSS_Close,0.0,2.5078
47,2024-01,27,LIN_Close,0.0,5.7128
47,2024-01,28,Sector_Mat,0.0,9.405
47,2024-01,29,LYV_Close,0.0,4.75
47,2024-01,30,META_Close,0.0,35.8983
47,2024-01,31,MSFT_Close,0.0,21.1751
47,2024-01,32,M_Close,0.0,1.6581
47,2024-01,33,NAVI_Close,0.0,1.2557
47,2024-01,34,NEE_Close,0.0,1.9748
47,2024-01,35,Sector_Util,0.0,4.3759
47,2024-01,36,NI_Close,0.0,0.5372
47,2024-01,37,NVDA_Close,0.0,1011.9977
47,2024-01,38,NWSA_Close,0.0,0.0883
47,2024-01,39,OI_Close,0.0,1.82
47,2024-01,40,PG_Close,0.0,10.8602
47,2024-01,41,PLD_Close,0.0,6.132
47,2024-01,42,PNR_Close,0.0,0.6829
47,2024-01,43,PNW_Close,0.0,1.8639
47,2024-01,44,PRGO_Close,0.0,0.091
47,2024-01,45,SEE_Close,0.0,1.8722
47,2024-01,46,STX_Close,0.0,0.2949
47,2024-01,47,SYF_Close,0.0,0.6482
47,2024-01,48,TSLA_Close,0.0,61.19
47,2024-01,49,VNO_Close,0.0,1.0199
47,2024-01,50,XOM_Close,0.0,2.6223
48,2024-02,0,AAPL_Close,0.0,3.3811
48,2024-02,1,Sector_IT,0.0,49.1565
48,2024-02,2,AMZN_Close,0.0,21.56
48,2024-02,3,Sector_Disc,0.0,63.3496
48,2024-02,4,APA_Close,0.0,1.4029
48,2024-02,5,Sector_Energy,0.0,0.5328
48,2024-02,6,AVGO_Close,-44.6877,11.7577
48,2024-02,7,BIIB_Close,0.0,29.67
48,2024-02,8,Sector_Health,0.0,31.4987
48,2024-02,9,BXP_Close,0.0,1.5789
48,2024-02,10,Sector_RE,0.0,3.669
48,2024-02,11,CAG_Close,0.0,0.9247
48,2024-02,12,Sector_Staples,0.0,1.0271
48,2024-02,13,CAT_Close,0.0,32.6386
48,2024-02,14,Sector_Ind,0.0,52.8727
48,2024-02,15,CPB_Close,0.0,1.7994
48,2024-02,16,DIS_Close,0.0,15.2221
48,2024-02,17,Sector_Comm,0.0,123.2741
48,2024-02,18,DOV_Close,0.0,15.7226
48,2024-02,19,GOOG_Close,0.0,2.0036
48,2024-02,20,HAL_Close,0.0,0.5489
48,2024-02,21,HD_Close,-57.5905,26.1576
48,2024-02,22,HPQ_Close,0.0,0.3464
48,2024-02,23,JNJ_Close,0.0,3.4665
48,2024-02,24,JPM_Close,-11.8302,11.1516
48,2024-02,25,Sector_Fin,0.0,13.0132
48,2024-02,26,KSS_Close,0.0,1.8122
48,2024-02,27,LIN_Close,0.0,42.739
48,2024-02,28,Sector_Mat,0.0,45.4031
48,2024-02,29,LYV_Close,0.0,8.13
48,2024-02,30,META_Close,0.0,99.7275
48,2024-02,31,MSFT_Close,0.0,16.5401
48,2024-02,32,M_Close,0.0,0.7702
48,2024-02,33,NAVI_Close,0.0,0.7114
48,2024-02,34,NEE_Close,0.0,2.7468
48,2024-02,35,Sector_Util,0.0,2.9384
48,2024-02,36,NI_Close,0.0,0.3286
48,2024-02,37,NVDA_Close,0.0,1017.5742
48,2024-02,38,NWSA_Close,0.0,2.1981
48,2024-02,39,OI_Close,0.0,2.36
48,2024-02,40,PG_Close,0.0,1.697
48,2024-02,41,PLD_Close,0.0,6.1042
48,2024-02,42,PNR_Close,0.0,4.5115
48,2024-02,43,PNW_Close,0.0,0.5202
48,2024-02,44,PRGO_Close,0.0,5.2953
48,2024-02,45,SEE_Close,0.0,0.3041
48,2024-02,46,STX_Close,0.0,7.0119
48,2024-02,47,SYF_Close,0.0,2.573
48,2024-02,48,TSLA_Close,0.0,14.59
48,2024-02,49,VNO_Close,0.0,0.8563
48,2024-02,50,XOM_Close,0.0,2.4846
49,2024-03,0,AAPL_Close,0.0,9.1779
49,2024-03,1,Sector_IT,0.0,14.712
49,2024-03,2,AMZN_Close,0.0,3.62
49,2024-03,3,Sector_Disc,0.0,13.3994
49,2024-03,4,APA_Close,0.0,4.1813
49,2024-03,5,Sector_Energy,0.0,19.4401
49,2024-03,6,AVGO_Close,-13.3745,2.9826
49,2024-03,7,BIIB_Close,0.0,1.36
49,2024-03,8,Sector_Health,0.0,1.3189
49,2024-03,9,BXP_Close,0.0,1.4681
49,2024-03,10,Sector_RE,0.0,1.9087
49,2024-03,11,CAG_Close,0.0,1.3481
49,2024-03,12,Sector_Staples,0.0,6.1052
49,2024-03,13,CAT_Close,0.0,31.4941
49,2024-03,14,Sector_Ind,0.0,50.5223
49,2024-03,15,CPB_Close,0.0,1.6366
49,2024-03,16,DIS_Close,0.0,10.5663
49,2024-03,17,Sector_Comm,0.0,26.6258
49,2024-03,18,DOV_Close,0.0,11.5579
49,2024-03,19,GOOG_Close,0.0,12.3784
49,2024-03,20,HAL_Close,0.0,4.2981
49,2024-03,21,HD_Close,12.1813,4.999
49,2024-03,22,HPQ_Close,0.0,1.9713
49,2024-03,23,JNJ_Close,0.0,3.007
49,2024-03,24,JPM_Close,-14.8652,13.5726
49,2024-03,25,Sector_Fin,0.0,16.3518
49,2024-03,26,KSS_Close,0.0,1.6094
49,2024-03,27,LIN_Close,0.0,16.3931
49,2024-03,28,Sector_Mat,0.0,18.4775
49,2024-03,29,LYV_Close,0.0,8.79
49,2024-03,30,META_Close,0.0,4.5193
49,2024-03,31,MSFT_Close,0.0,6.973
49,2024-03,32,M_Close,0.0,2.4622
49,2024-03,33,NAVI_Close,0.0,1.033
49,2024-03,34,NEE_Close,0.0,8.236
49,2024-03,35,Sector_Util,0.0,15.5741
49,2024-03,36,NI_Close,0.0,1.497
49,2024-03,37,NVDA_Close,0.0,1011.2414
49,2024-03,38,NWSA_Close,0.0,0.5895
49,2024-03,39,OI_Close,0.0,0.33
49,2024-03,40,PG_Close,0.0,3.1205
49,2024-03,41,PLD_Close,0.0,1.9359
49,2024-03,42,PNR_Close,0.0,7.4703
49,2024-03,43,PNW_Close,0.0,5.8411
49,2024-03,44,PRGO_Close,0.0,5.686
49,2024-03,45,SEE_Close,0.0,2.4143
49,2024-03,46,STX_Close,0.0,0.7217
49,2024-03,47,SYF_Close,0.0,1.7462
49,2024-03,48,TSLA_Close,0.0,26.09
49,2024-03,49,VNO_Close,0.0,2.3765
49,2024-03,50,XOM_Close,0.0,10.9607
50,2024-04,0,AAPL_Close,0.0,1.1386
50,2024-04,1,Sector_IT,0.0,47.277
50,2024-04,2,AMZN_Close,0.0,5.38
50,2024-04,3,Sector_Disc,0.0,50.8751
50,2024-04,4,APA_Close,0.0,2.4557
50,2024-04,5,Sector_Energy,0.0,2.4117
50,2024-04,6,AVGO_Close,42.9791,2.4637
50,2024-04,7,BIIB_Close,0.0,0.81
50,2024-04,8,Sector_Health,0.0,13.1982
50,2024-04,9,BXP_Close,0.0,3.0831
50,2024-04,10,Sector_RE,0.0,32.0456
50,2024-04,11,CAG_Close,0.0,1.2881
50,2024-04,12,Sector_Staples,0.0,4.6637
50,2024-04,13,CAT_Close,0.0,29.7195
50,2024-04,14,Sector_Ind,0.0,33.6304
50,2024-04,15,CPB_Close,0.0,1.4865
50,2024-04,16,DIS_Close,0.0,11.0368
50,2024-04,17,Sector_Comm,0.0,72.9988
50,2024-04,18,DOV_Close,0.0,2.0649
50,2024-04,19,GOOG_Close,0.0,12.2792
50,2024-04,20,HAL_Close,0.0,1.8545
50,2024-04,21,HD_Close,46.2501,46.9941
50,2024-04,22,HPQ_Close,0.0,1.959
50,2024-04,23,JNJ_Close,0.0,12.8201
50,2024-04,24,JPM_Close,7.6584,7.0928
50,2024-04,25,Sector_Fin,0.0,8.4242
50,2024-04,26,KSS_Close,0.0,4.5657
50,2024-04,27,LIN_Close,0.0,22.7628
50,2024-04,28,Sector_Mat,0.0,29.8597
50,2024-04,29,LYV_Close,0.0,16.86
50,2024-04,30,META_Close,0.0,55.0369
50,2024-04,31,MSFT_Close,0.0,30.9155
50,2024-04,32,M_Close,0.0,1.4253
50,2024-04,33,NAVI_Close,0.0,2.1565
50,2024-04,34,NEE_Close,0.0,2.8902
50,2024-04,35,Sector_Util,0.0,3.1402
50,2024-04,36,NI_Close,0.0,0.4367
50,2024-04,37,NVDA_Close,0.0,996.0482
50,2024-04,38,NWSA_Close,0.0,2.3444
50,2024-04,39,OI_Close,0.0,1.63
50,2024-04,40,PG_Close,0.0,1.8891
50,2024-04,41,PLD_Close,0.0,26.3263
50,2024-04,42,PNR_Close,0.0,5.9759
50,2024-04,43,PNW_Close,0.0,0.1866
50,2024-04,44,PRGO_Close,0.0,0.4319
50,2024-04,45,SEE_Close,0.0,5.4669
50,2024-04,46,STX_Close,0.0,6.8484
50,2024-04,47,SYF_Close,0.0,0.8251
50,2024-04,48,TSLA_Close,0.0,7.49
50,2024-04,49,VNO_Close,0.0,2.6363
50,2024-04,50,XOM_Close,0.0,1.8985
51,2024-05,0,AAPL_Close,0.0,21.9605
51,2024-05,1,Sector_IT,0.0,88.8629
51,2024-05,2,AMZN_Close,0.0,1.44
51,2024-05,3,Sector_Disc,0.0,1.3249
51,2024-05,4,APA_Close,0.0,0.8354
51,2024-05,5,Sector_Energy,0.0,1.6215
51,2024-05,6,AVGO_Close,-80.7845,2.7714
51,2024-05,7,BIIB_Close,0.0,10.12
51,2024-05,8,Sector_Health,0.0,8.7403
51,2024-05,9,BXP_Close,0.0,1.0998
51,2024-05,10,Sector_RE,0.0,5.3349
51,2024-05,11,CAG_Close,0.0,0.7866
51,2024-05,12,Sector_Staples,0.0,0.7279
51,2024-05,13,CAT_Close,0.0,3.8452
51,2024-05,14,Sector_Ind,0.0,11.018
51,2024-05,15,CPB_Close,0.0,1.2127
51,2024-05,16,DIS_Close,0.0,7.0475
51,2024-05,17,Sector_Comm,0.0,46.7789
51,2024-05,18,DOV_Close,0.0,4.9301
51,2024-05,19,GOOG_Close,0.0,9.2441
51,2024-05,20,HAL_Close,0.0,0.7323
51,2024-05,21,HD_Close,1.2044,2.8341
51,2024-05,22,HPQ_Close,0.0,7.735
51,2024-05,23,JNJ_Close,0.0,3.0783
51,2024-05,24,JPM_Close,-9.5875,10.4401
51,2024-05,25,Sector_Fin,0.0,10.5462
51,2024-05,26,KSS_Close,0.0,1.3583
51,2024-05,27,LIN_Close,0.0,5.3009
51,2024-05,28,Sector_Mat,0.0,0.5079
51,2024-05,29,LYV_Close,0.0,4.83
51,2024-05,30,META_Close,0.0,36.4131
51,2024-05,31,MSFT_Close,0.0,26.1475
51,2024-05,32,M_Close,0.0,0.9594
51,2024-05,33,NAVI_Close,0.0,0.0453
51,2024-05,34,NEE_Close,0.0,12.3257
51,2024-05,35,Sector_Util,0.0,18.2707
51,2024-05,36,NI_Close,0.0,1.1335
51,2024-05,37,NVDA_Close,0.0,1023.2179
51,2024-05,38,NWSA_Close,0.0,3.3392
51,2024-05,39,OI_Close,0.0,2.27
51,2024-05,40,PG_Close,0.0,1.2714
51,2024-05,41,PLD_Close,0.0,7.8876
51,2024-05,42,PNR_Close,0.0,2.2427
51,2024-05,43,PNW_Close,0.0,4.8116
51,2024-05,44,PRGO_Close,0.0,4.458
51,2024-05,45,SEE_Close,0.0,7.063
51,2024-05,46,STX_Close,0.0,7.0306
51,2024-05,47,SYF_Close,0.0,0.0608
51,2024-05,48,TSLA_Close,0.0,5.2
51,2024-05,49,VNO_Close,0.0,1.4528
51,2024-05,50,XOM_Close,0.0,0.0538
52,2024-06,0,AAPL_Close,0.0,18.2122
52,2024-06,1,Sector_IT,0.0,100.3245
52,2024-06,2,AMZN_Close,0.0,16.81
52,2024-06,3,Sector_Disc,0.0,46.4734
52,2024-06,4,APA_Close,0.0,1.0007
52,2024-06,5,Sector_Energy,0.0,5.6332
52,2024-06,6,AVGO_Close,-91.2041,27.6431
52,2024-06,7,BIIB_Close,0.0,6.88
52,2024-06,8,Sector_Health,0.0,4.6783
52,2024-06,9,BXP_Close,0.0,1.7057
52,2024-06,10,Sector_RE,0.0,6.0147
52,2024-06,11,CAG_Close,0.0,1.276
52,2024-06,12,Sector_Staples,0.0,0.1769
52,2024-06,13,CAT_Close,0.0,5.2762
52,2024-06,14,Sector_Ind,0.0,13.1963
52,2024-06,15,CPB_Close,0.0,0.7386
52,2024-06,16,DIS_Close,0.0,4.5284
52,2024-06,17,Sector_Comm,0.0,43.0714
52,2024-06,18,DOV_Close,0.0,3.3073
52,2024-06,19,GOOG_Close,0.0,9.59
52,2024-06,20,HAL_Close,0.0,2.6149
52,2024-06,21,HD_Close,-42.2486,8.9792
52,2024-06,22,HPQ_Close,0.0,1.1146
52,2024-06,23,JNJ_Close,0.0,0.4846
52,2024-06,24,JPM_Close,-2.3633,0.3547
52,2024-06,25,Sector_Fin,0.0,2.5997
52,2024-06,26,KSS_Close,0.0,0.9779
52,2024-06,27,LIN_Close,0.0,4.5787
52,2024-06,28,Sector_Mat,0.0,0.7051
52,2024-06,29,LYV_Close,0.0,0.0
52,2024-06,30,META_Close,0.0,37.6356
52,2024-06,31,MSFT_Close,0.0,31.3955
52,2024-06,32,M_Close,0.0,0.0938
52,2024-06,33,NAVI_Close,0.0,0.3162
52,2024-06,34,NEE_Close,0.0,8.2656
52,2024-06,35,Sector_Util,0.0,10.7921
52,2024-06,36,NI_Close,0.0,0.2361
52,2024-06,37,NVDA_Close,0.0,1013.9093
52,2024-06,38,NWSA_Close,0.0,0.3743
52,2024-06,39,OI_Close,0.0,1.56
52,2024-06,40,PG_Close,0.0,0.3606
52,2024-06,41,PLD_Close,0.0,2.6059
52,2024-06,42,PNR_Close,0.0,4.6128
52,2024-06,43,PNW_Close,0.0,2.2904
52,2024-06,44,PRGO_Close,0.0,1.7171
52,2024-06,45,SEE_Close,0.0,3.7238
52,2024-06,46,STX_Close,0.0,10.2789
52,2024-06,47,SYF_Close,0.0,3.2706
52,2024-06,48,TSLA_Close,0.0,19.8
52,2024-06,49,VNO_Close,0.0,1.703
52,2024-06,50,XOM_Close,0.0,2.0176
53,2024-07,0,AAPL_Close,0.0,11.3616
53,2024-07,1,Sector_IT,0.0,23.3194
53,2024-07,2,AMZN_Close,0.0,6.27
53,2024-07,3,Sector_Disc,0.0,47.8803
53,2024-07,4,APA_Close,0.0,1.832
53,2024-07,5,Sector_Energy,0.0,5.9637
53,2024-07,6,AVGO_Close,21.1994,0.1249
53,2024-07,7,BIIB_Close,0.0,18.62
53,2024-07,8,Sector_Health,0.0,5.1074
53,2024-07,9,BXP_Close,0.0,8.9325
53,2024-07,10,Sector_RE,0.0,25.4439
53,2024-07,11,CAG_Close,0.0,1.6606
53,2024-07,12,Sector_Staples,0.0,0.5036
53,2024-07,13,CAT_Close,0.0,14.1251
53,2024-07,14,Sector_Ind,0.0,29.0819
53,2024-07,15,CPB_Close,0.0,1.8728
53,2024-07,16,DIS_Close,0.0,5.0653
53,2024-07,17,Sector_Comm,0.0,42.0246
53,2024-07,18,DOV_Close,0.0,3.7392
53,2024-07,19,GOOG_Close,0.0,10.198
53,2024-07,20,HAL_Close,0.0,0.8602
53,2024-07,21,HD_Close,-43.5276,22.9225
53,2024-07,22,HPQ_Close,0.0,0.9916
53,2024-07,23,JNJ_Close,0.0,11.1087
53,2024-07,24,JPM_Close,-14.9119,11.235
53,2024-07,25,Sector_Fin,0.0,16.4031
53,2024-07,26,KSS_Close,0.0,1.1917
53,2024-07,27,LIN_Close,0.0,14.3604
53,2024-07,28,Sector_Mat,0.0,19.7226
53,2024-07,29,LYV_Close,0.0,2.45
53,2024-07,30,META_Close,0.0,29.2211
53,2024-07,31,MSFT_Close,0.0,28.2185
53,2024-07,32,M_Close,0.0,1.7704
53,2024-07,33,NAVI_Close,0.0,1.6948
53,2024-07,34,NEE_Close,0.0,5.3044
53,2024-07,35,Sector_Util,0.0,16.3659
53,2024-07,36,NI_Close,0.0,2.5558
53,2024-07,37,NVDA_Close,0.0,993.4831
53,2024-07,38,NWSA_Close,0.0,0.0098
53,2024-07,39,OI_Close,0.0,2.23
53,2024-07,40,PG_Close,0.0,3.0298
53,2024-07,41,PLD_Close,0.0,12.9514
53,2024-07,42,PNR_Close,0.0,11.2176
53,2024-07,43,PNW_Close,0.0,8.5057
53,2024-07,44,PRGO_Close,0.0,2.4039
53,2024-07,45,SEE_Close,0.0,3.1322
53,2024-07,46,STX_Close,0.0,1.0621
53,2024-07,47,SYF_Close,0.0,3.4732
53,2024-07,48,TSLA_Close,0.0,34.19
53,2024-07,49,VNO_Close,0.0,3.56
53,2024-07,50,XOM_Close,0.0,3.2715
54,2024-08,0,AAPL_Close,0.0,7.1234
54,2024-08,1,Sector_IT,0.0,8.6778
54,2024-08,2,AMZN_Close,0.0,8.48
54,2024-08,3,Sector_Disc,0.0,27.58
54,2024-08,4,APA_Close,0.0,2.4982
54,2024-08,5,Sector_Energy,0.0,5.6472
54,2024-08,6,AVGO_Close,-7.8889,2.1038
54,2024-08,7,BIIB_Close,0.0,8.44
54,2024-08,8,Sector_Health,0.0,1.3979
54,2024-08,9,BXP_Close,0.0,3.5822
54,2024-08,10,Sector_RE,0.0,9.4648
54,2024-08,11,CAG_Close,0.0,1.0876
54,2024-08,12,Sector_Staples,0.0,14.0068
54,2024-08,13,CAT_Close,0.0,9.6767
54,2024-08,14,Sector_Ind,0.0,12.7344
54,2024-08,15,CPB_Close,0.0,2.6292
54,2024-08,16,DIS_Close,0.0,3.2594
54,2024-08,17,Sector_Comm,0.0,37.1886
54,2024-08,18,DOV_Close,0.0,2.2523
54,2024-08,19,GOOG_Close,0.0,7.9836
54,2024-08,20,HAL_Close,0.0,3.4314
54,2024-08,21,HD_Close,25.0728,2.4707
54,2024-08,22,HPQ_Close,0.0,0.0834
54,2024-08,23,JNJ_Close,0.0,8.808
54,2024-08,24,JPM_Close,-10.7309,11.568
54,2024-08,25,Sector_Fin,0.0,11.804
54,2024-08,26,KSS_Close,0.0,2.0339
54,2024-08,27,LIN_Close,0.0,24.1946
54,2024-08,28,Sector_Mat,0.0,20.5462
54,2024-08,29,LYV_Close,0.0,1.48
54,2024-08,30,META_Close,0.0,46.2128
54,2024-08,31,MSFT_Close,0.0,0.452
54,2024-08,32,M_Close,0.0,1.5768
54,2024-08,33,NAVI_Close,0.0,0.4764
54,2024-08,34,NEE_Close,0.0,4.4122
54,2024-08,35,Sector_Util,0.0,8.7585
54,2024-08,36,NI_Close,0.0,1.7242
54,2024-08,37,NVDA_Close,0.0,1002.3489
54,2024-08,38,NWSA_Close,0.0,0.7388
54,2024-08,39,OI_Close,0.0,0.67
54,2024-08,40,PG_Close,0.0,10.2901
54,2024-08,41,PLD_Close,0.0,1.6684
54,2024-08,42,PNR_Close,0.0,0.8054
54,2024-08,43,PNW_Close,0.0,2.6221
54,2024-08,44,PRGO_Close,0.0,1.0299
54,2024-08,45,SEE_Close,0.0,2.9785
54,2024-08,46,STX_Close,0.0,2.5297
54,2024-08,47,SYF_Close,0.0,0.2404
54,2024-08,48,TSLA_Close,0.0,17.96
54,2024-08,49,VNO_Close,0.0,4.2142
54,2024-08,50,XOM_Close,0.0,0.2824
55,2024-09,0,AAPL_Close,0.0,3.9702
55,2024-09,1,Sector_IT,0.0,39.4683
55,2024-09,2,AMZN_Close,0.0,7.83
55,2024-09,3,Sector_Disc,0.0,93.0372
55,2024-09,4,APA_Close,0.0,3.7288
55,2024-09,5,Sector_Energy,0.0,6.2039
55,2024-09,6,AVGO_Close,-35.8803,10.0741
55,2024-09,7,BIIB_Close,0.0,10.92
55,2024-09,8,Sector_Health,0.0,17.2479
55,2024-09,9,BXP_Close,0.0,5.706
55,2024-09,10,Sector_RE,0.0,9.9797
55,2024-09,11,CAG_Close,0.0,1.1672
55,2024-09,12,Sector_Staples,0.0,2.0163
55,2024-09,13,CAT_Close,0.0,34.2301
55,2024-09,14,Sector_Ind,0.0,48.7877
55,2024-09,15,CPB_Close,0.0,0.7354
55,2024-09,16,DIS_Close,0.0,5.7211
55,2024-09,17,Sector_Comm,0.0,69.6295
55,2024-09,18,DOV_Close,0.0,5.6197
55,2024-09,19,GOOG_Close,0.0,2.284
55,2024-09,20,HAL_Close,0.0,1.7908
55,2024-09,21,HD_Close,-84.5793,35.3832
55,2024-09,22,HPQ_Close,0.0,0.0109
55,2024-09,23,JNJ_Close,0.0,3.6385
55,2024-09,24,JPM_Close,13.5365,13.4382
55,2024-09,25,Sector_Fin,0.0,14.8901
55,2024-09,26,KSS_Close,0.0,2.0199
55,2024-09,27,LIN_Close,0.0,0.0121
55,2024-09,28,Sector_Mat,0.0,1.9505
55,2024-09,29,LYV_Close,0.0,11.82
55,2024-09,30,META_Close,0.0,51.3792
55,2024-09,31,MSFT_Close,0.0,13.0078
55,2024-09,32,M_Close,0.0,0.2841
55,2024-09,33,NAVI_Close,0.0,1.0833
55,2024-09,34,NEE_Close,0.0,3.8462
55,2024-09,35,Sector_Util,0.0,6.3593
55,2024-09,36,NI_Close,0.0,1.5147
55,2024-09,37,NVDA_Close,0.0,1002.0794
55,2024-09,38,NWSA_Close,0.0,1.5747
55,2024-09,39,OI_Close,0.0,0.43
55,2024-09,40,PG_Close,0.0,1.5845
55,2024-09,41,PLD_Close,0.0,0.5659
55,2024-09,42,PNR_Close,0.0,8.9379
55,2024-09,43,PNW_Close,0.0,0.9984
55,2024-09,44,PRGO_Close,0.0,2.6894
55,2024-09,45,SEE_Close,0.0,1.5085
55,2024-09,46,STX_Close,0.0,10.3476
55,2024-09,47,SYF_Close,0.0,0.3687
55,2024-09,48,TSLA_Close,0.0,47.52
55,2024-09,49,VNO_Close,0.0,4.8396
55,2024-09,50,XOM_Close,0.0,0.6843
56,2024-10,0,AAPL_Close,0.0,7.0372
56,2024-10,1,Sector_IT,0.0,31.3184
56,2024-10,2,AMZN_Close,0.0,0.07
56,2024-10,3,Sector_Disc,0.0,25.4839
56,2024-10,4,APA_Close,0.0,0.5761
56,2024-10,5,Sector_Energy,0.0,2.2536
56,2024-10,6,AVGO_Close,28.4713,2.6927
56,2024-10,7,BIIB_Close,0.0,19.84
56,2024-10,8,Sector_Health,0.0,22.5087
56,2024-10,9,BXP_Close,0.0,0.0927
56,2024-10,10,Sector_RE,0.0,10.6413
56,2024-10,11,CAG_Close,0.0,2.8575
56,2024-10,12,Sector_Staples,0.0,11.3386
56,2024-10,13,CAT_Close,0.0,13.2624
56,2024-10,14,Sector_Ind,0.0,14.1019
56,2024-10,15,CPB_Close,0.0,1.7527
56,2024-10,16,DIS_Close,0.0,0.0098
56,2024-10,17,Sector_Comm,0.0,8.9049
56,2024-10,18,DOV_Close,0.0,2.3719
56,2024-10,19,GOOG_Close,0.0,5.4686
56,2024-10,20,HAL_Close,0.0,1.2593
56,2024-10,21,HD_Close,23.1672,11.0392
56,2024-10,22,HPQ_Close,0.0,0.3271
56,2024-10,23,JNJ_Close,0.0,2.1065
56,2024-10,24,JPM_Close,-14.3795,11.9728
56,2024-10,25,Sector_Fin,0.0,15.8174
56,2024-10,26,KSS_Close,0.0,2.4081
56,2024-10,27,LIN_Close,0.0,20.3049
56,2024-10,28,Sector_Mat,0.0,22.4309
56,2024-10,29,LYV_Close,0.0,7.65
56,2024-10,30,META_Close,0.0,4.8366
56,2024-10,31,MSFT_Close,0.0,23.6731
56,2024-10,32,M_Close,0.0,0.3266
56,2024-10,33,NAVI_Close,0.0,1.2585
56,2024-10,34,NEE_Close,0.0,5.0517
56,2024-10,35,Sector_Util,0.0,5.0392
56,2024-10,36,NI_Close,0.0,0.7404
56,2024-10,37,NVDA_Close,0.0,1011.3155
56,2024-10,38,NWSA_Close,0.0,0.613
56,2024-10,39,OI_Close,0.0,2.01
56,2024-10,40,PG_Close,0.0,6.7285
56,2024-10,41,PLD_Close,0.0,12.6679
56,2024-10,42,PNR_Close,0.0,1.5323
56,2024-10,43,PNW_Close,0.0,0.7278
56,2024-10,44,PRGO_Close,0.0,0.5622
56,2024-10,45,SEE_Close,0.0,0.116
56,2024-10,46,STX_Close,0.0,8.9038
56,2024-10,47,SYF_Close,0.0,5.1031
56,2024-10,48,TSLA_Close,0.0,11.78
56,2024-10,49,VNO_Close,0.0,1.9339
56,2024-10,50,XOM_Close,0.0,0.4182
57,2024-11,0,AAPL_Close,0.0,11.5942
57,2024-11,1,Sector_IT,0.0,28.0962
57,2024-11,2,AMZN_Close,0.0,21.49
57,2024-11,3,Sector_Disc,0.0,150.703
57,2024-11,4,APA_Close,0.0,0.8878
57,2024-11,5,Sector_Energy,0.0,5.1153
57,2024-11,6,AVGO_Close,-25.542,7.5849
57,2024-11,7,BIIB_Close,0.0,13.37
57,2024-11,8,Sector_Health,0.0,13.8376
57,2024-11,9,BXP_Close,0.0,1.3262
57,2024-11,10,Sector_RE,0.0,6.5507
57,2024-11,11,CAG_Close,0.0,1.2438
57,2024-11,12,Sector_Staples,0.0,11.8583
57,2024-11,13,CAT_Close,0.0,29.3404
57,2024-11,14,Sector_Ind,0.0,55.8715
57,2024-11,15,CPB_Close,0.0,0.4169
57,2024-11,16,DIS_Close,0.0,20.9445
57,2024-11,17,Sector_Comm,0.0,48.6512
57,2024-11,18,DOV_Close,0.0,16.8144
57,2024-11,19,GOOG_Close,0.0,2.1875
57,2024-11,20,HAL_Close,0.0,3.9605
57,2024-11,21,HD_Close,-137.0027,36.2893
57,2024-11,22,HPQ_Close,0.0,0.0841
57,2024-11,23,JNJ_Close,0.0,3.4529
57,2024-11,24,JPM_Close,-36.8376,26.9635
57,2024-11,25,Sector_Fin,0.0,40.5214
57,2024-11,26,KSS_Close,0.0,3.2261
57,2024-11,27,LIN_Close,0.0,4.7453
57,2024-11,28,Sector_Mat,0.0,6.6413
57,2024-11,29,LYV_Close,0.0,21.11
57,2024-11,30,META_Close,0.0,6.7076
57,2024-11,31,MSFT_Close,0.0,17.75
57,2024-11,32,M_Close,0.0,0.8398
57,2024-11,33,NAVI_Close,0.0,1.2493
57,2024-11,34,NEE_Close,0.0,0.0505
57,2024-11,35,Sector_Util,0.0,9.1793
57,2024-11,36,NI_Close,0.0,2.8124
57,2024-11,37,NVDA_Close,0.0,1005.4878
57,2024-11,38,NWSA_Close,0.0,2.0764
57,2024-11,39,OI_Close,0.0,1.49
57,2024-11,40,PG_Close,0.0,13.5191
57,2024-11,41,PLD_Close,0.0,3.6465
57,2024-11,42,PNR_Close,0.0,9.7167
57,2024-11,43,PNW_Close,0.0,6.4174
57,2024-11,44,PRGO_Close,0.0,2.9853
57,2024-11,45,SEE_Close,0.0,0.406
57,2024-11,46,STX_Close,0.0,0.9332
57,2024-11,47,SYF_Close,0.0,12.3086
57,2024-11,48,TSLA_Close,0.0,95.31
57,2024-11,49,VNO_Close,0.0,1.5779
57,2024-11,50,XOM_Close,0.0,2.0427
58,2024-12,0,AAPL_Close,0.0,13.0069
58,2024-12,1,Sector_IT,0.0,60.1965
58,2024-12,2,AMZN_Close,0.0,11.5
58,2024-12,3,Sector_Disc,0.0,31.6742
58,2024-12,4,APA_Close,0.0,0.4112
58,2024-12,5,Sector_Energy,0.0,13.893
58,2024-12,6,AVGO_Close,-54.7241,69.4189
58,2024-12,7,BIIB_Close,0.0,7.71
58,2024-12,8,Sector_Health,0.0,20.4157
58,2024-12,9,BXP_Close,0.0,6.1527
58,2024-12,10,Sector_RE,0.0,16.0901
58,2024-12,11,CAG_Close,0.0,0.179
58,2024-12,12,Sector_Staples,0.0,14.9707
58,2024-12,13,CAT_Close,0.0,42.5244
58,2024-12,14,Sector_Ind,0.0,68.8002
58,2024-12,15,CPB_Close,0.0,4.0022
58,2024-12,16,DIS_Close,0.0,5.5405
58,2024-12,17,Sector_Comm,0.0,15.577
58,2024-12,18,DOV_Close,0.0,18.0555
58,2024-12,19,GOOG_Close,0.0,20.051
58,2024-12,20,HAL_Close,0.0,4.3484
58,2024-12,21,HD_Close,-28.7948,38.9035
58,2024-12,22,HPQ_Close,0.0,2.3622
58,2024-12,23,JNJ_Close,0.0,10.0281
58,2024-12,24,JPM_Close,12.8669,9.7088
58,2024-12,25,Sector_Fin,0.0,14.1536
58,2024-12,26,KSS_Close,0.0,0.4165
58,2024-12,27,LIN_Close,0.0,40.2471
58,2024-12,28,Sector_Mat,0.0,44.5041
58,2024-12,29,LYV_Close,0.0,8.75
58,2024-12,30,META_Close,0.0,11.6063
58,2024-12,31,MSFT_Close,0.0,1.9412
58,2024-12,32,M_Close,0.0,0.8142
58,2024-12,33,NAVI_Close,0.0,1.9888
58,2024-12,34,NEE_Close,0.0,6.723
58,2024-12,35,Sector_Util,0.0,16.4202
58,2024-12,36,NI_Close,0.0,1.2766
58,2024-12,37,NVDA_Close,0.0,996.0508
58,2024-12,38,NWSA_Close,0.0,1.7897
58,2024-12,39,OI_Close,0.0,1.76
58,2024-12,40,PG_Close,0.0,11.1475
58,2024-12,41,PLD_Close,0.0,9.6472
58,2024-12,42,PNR_Close,0.0,8.2203
58,2024-12,43,PNW_Close,0.0,8.4205
58,2024-12,44,PRGO_Close,0.0,2.6776
58,2024-12,45,SEE_Close,0.0,2.497
58,2024-12,46,STX_Close,0.0,13.9767
58,2024-12,47,SYF_Close,0.0,2.456
58,2024-12,48,TSLA_Close,0.0,58.68
58,2024-12,49,VNO_Close,0.0,0.2903
58,2024-12,50,XOM_Close,0.0,9.9558
