t_idx,time_label,node_idx,node_label,fk_total_ripple,fk_max_impact,fk_max_impact_node,ik_strain_energy,ik_max_adjust,ik_max_adjust_node
0,2020-02,0,00_AAPL_Close,18.5,8.5,42,49.99,0.0,0
0,2020-02,1,01_AMZN_Close,18.5,8.5,38,49.99,0.0,0
0,2020-02,2,02_APA_Close,18.5,8.5,39,49.99,0.0,0
0,2020-02,3,03_AVGO_Close,18.5,8.5,42,49.99,0.0,0
0,2020-02,4,04_BIIB_Close,18.5,8.5,41,49.99,0.0,0
0,2020-02,5,05_BXP_Close,18.5,8.5,45,49.99,0.0,0
0,2020-02,6,06_CAG_Close,18.5,8.5,46,49.99,0.0,0
0,2020-02,7,07_CAT_Close,18.5,8.5,43,49.99,0.0,0
0,2020-02,8,08_CPB_Close,18.5,8.5,46,49.99,0.0,0
0,2020-02,9,09_DIS_Close,18.5,8.5,37,49.99,0.0,0
0,2020-02,10,10_DOV_Close,18.5,8.5,43,49.99,0.0,0
0,2020-02,11,11_GOOG_Close,18.5,8.5,37,49.99,0.0,0
0,2020-02,12,12_HAL_Close,18.5,8.5,39,49.99,0.0,0
0,2020-02,13,13_HD_Close,18.5,8.5,38,49.99,0.0,0
0,2020-02,14,14_HPQ_Close,18.5,8.5,42,49.99,0.0,0
0,2020-02,15,15_JNJ_Close,18.5,8.5,41,49.99,0.0,0
0,2020-02,16,16_JPM_Close,18.5,8.5,40,49.99,0.0,0
0,2020-02,17,17_KSS_Close,18.5,8.5,38,49.99,0.0,0
0,2020-02,18,18_LIN_Close,18.5,8.5,44,49.99,0.0,0
0,2020-02,19,19_LYV_Close,18.5,8.5,37,49.99,0.0,0
0,2020-02,20,20_META_Close,18.5,8.5,37,49.99,0.0,0
0,2020-02,21,21_MSFT_Close,18.5,8.5,42,49.99,0.0,0
0,2020-02,22,22_M_Close,18.5,8.5,38,49.99,0.0,0
0,2020-02,23,23_NAVI_Close,18.5,8.5,40,49.99,0.0,0
0,2020-02,24,24_NEE_Close,18.5,8.5,47,49.99,0.0,0
0,2020-02,25,25_NI_Close,18.5,8.5,47,49.99,0.0,0
0,2020-02,26,26_NVDA_Close,18.5,8.5,42,49.99,0.0,0
0,2020-02,27,27_NWSA_Close,18.5,8.5,37,49.99,0.0,0
0,2020-02,28,28_OI_Close,18.5,8.5,44,49.99,0.0,0
0,2020-02,29,29_PG_Close,18.5,8.5,46,49.99,0.0,0
0,2020-02,30,30_PLD_Close,18.5,8.5,45,49.99,0.0,0
0,2020-02,31,31_PNR_Close,18.5,8.5,43,49.99,0.0,0
0,2020-02,32,32_PNW_Close,18.5,8.5,47,49.99,0.0,0
0,2020-02,33,33_PRGO_Close,18.5,8.5,41,49.99,0.0,0
0,2020-02,34,34_SEE_Close,18.5,8.5,44,49.99,0.0,0
0,2020-02,35,35_STX_Close,18.5,8.5,42,49.99,0.0,0
0,2020-02,36,36_SYF_Close,18.5,8.5,40,49.99,0.0,0
0,2020-02,37,37_Sector_Comm,10.0,0.0,0,10.8396,1.8428,9
0,2020-02,38,38_Sector_Disc,10.0,0.0,0,10.8396,1.8428,1
0,2020-02,39,39_Sector_Energy,10.0,0.0,0,15.7843,2.6834,2
0,2020-02,40,40_Sector_Fin,10.0,0.0,0,15.7843,2.6834,16
0,2020-02,41,41_Sector_Health,10.0,0.0,0,15.7843,2.6834,4
0,2020-02,42,42_Sector_IT,10.0,0.0,0,9.3717,1.5932,0
0,2020-02,43,43_Sector_Ind,10.0,0.0,0,15.7843,2.6834,7
0,2020-02,44,44_Sector_Mat,10.0,0.0,0,15.7843,2.6834,18
0,2020-02,45,45_Sector_RE,10.0,0.0,0,15.7843,2.6834,5
0,2020-02,46,46_Sector_Staples,10.0,0.0,0,15.7843,2.6834,6
0,2020-02,47,47_Sector_Util,10.0,0.0,0,15.7843,2.6834,24
0,2020-02,48,48_TSLA_Close,18.5,8.5,38,49.99,0.0,0
0,2020-02,49,49_VNO_Close,18.5,8.5,45,49.99,0.0,0
0,2020-02,50,50_XOM_Close,18.5,8.5,39,49.99,0.0,0
1,2020-03,0,00_AAPL_Close,18.5,8.5,42,49.99,0.0,0
1,2020-03,1,01_AMZN_Close,18.5,8.5,38,49.99,0.0,0
1,2020-03,2,02_APA_Close,18.5,8.5,39,49.99,0.0,0
1,2020-03,3,03_AVGO_Close,18.5,8.5,42,49.99,0.0,0
1,2020-03,4,04_BIIB_Close,18.5,8.5,41,49.99,0.0,0
1,2020-03,5,05_BXP_Close,18.5,8.5,45,49.99,0.0,0
1,2020-03,6,06_CAG_Close,18.5,8.5,46,49.99,0.0,0
1,2020-03,7,07_CAT_Close,18.5,8.5,43,49.99,0.0,0
1,2020-03,8,08_CPB_Close,18.5,8.5,46,49.99,0.0,0
1,2020-03,9,09_DIS_Close,18.5,8.5,37,49.99,0.0,0
1,2020-03,10,10_DOV_Close,18.5,8.5,43,49.99,0.0,0
1,2020-03,11,11_GOOG_Close,18.5,8.5,37,49.99,0.0,0
1,2020-03,12,12_HAL_Close,18.5,8.5,39,49.99,0.0,0
1,2020-03,13,13_HD_Close,18.5,8.5,38,49.99,0.0,0
1,2020-03,14,14_HPQ_Close,18.5,8.5,42,49.99,0.0,0
1,2020-03,15,15_JNJ_Close,18.5,8.5,41,49.99,0.0,0
1,2020-03,16,16_JPM_Close,18.5,8.5,40,49.99,0.0,0
1,2020-03,17,17_KSS_Close,18.5,8.5,38,49.99,0.0,0
1,2020-03,18,18_LIN_Close,18.5,8.5,44,49.99,0.0,0
1,2020-03,19,19_LYV_Close,18.5,8.5,37,49.99,0.0,0
1,2020-03,20,20_META_Close,18.5,8.5,37,49.99,0.0,0
1,2020-03,21,21_MSFT_Close,18.5,8.5,42,49.99,0.0,0
1,2020-03,22,22_M_Close,18.5,8.5,38,49.99,0.0,0
1,2020-03,23,23_NAVI_Close,18.5,8.5,40,49.99,0.0,0
1,2020-03,24,24_NEE_Close,18.5,8.5,47,49.99,0.0,0
1,2020-03,25,25_NI_Close,18.5,8.5,47,49.99,0.0,0
1,2020-03,26,26_NVDA_Close,18.5,8.5,42,49.99,0.0,0
1,2020-03,27,27_NWSA_Close,18.5,8.5,37,49.99,0.0,0
1,2020-03,28,28_OI_Close,18.5,8.5,44,49.99,0.0,0
1,2020-03,29,29_PG_Close,18.5,8.5,46,49.99,0.0,0
1,2020-03,30,30_PLD_Close,18.5,8.5,45,49.99,0.0,0
1,2020-03,31,31_PNR_Close,18.5,8.5,43,49.99,0.0,0
1,2020-03,32,32_PNW_Close,18.5,8.5,47,49.99,0.0,0
1,2020-03,33,33_PRGO_Close,18.5,8.5,41,49.99,0.0,0
1,2020-03,34,34_SEE_Close,18.5,8.5,44,49.99,0.0,0
1,2020-03,35,35_STX_Close,18.5,8.5,42,49.99,0.0,0
1,2020-03,36,36_SYF_Close,18.5,8.5,40,49.99,0.0,0
1,2020-03,37,37_Sector_Comm,10.0,0.0,0,10.8396,1.8428,9
1,2020-03,38,38_Sector_Disc,10.0,0.0,0,10.8396,1.8428,1
1,2020-03,39,39_Sector_Energy,10.0,0.0,0,15.7843,2.6834,2
1,2020-03,40,40_Sector_Fin,10.0,0.0,0,15.7843,2.6834,16
1,2020-03,41,41_Sector_Health,10.0,0.0,0,15.7843,2.6834,4
1,2020-03,42,42_Sector_IT,10.0,0.0,0,9.3717,1.5932,0
1,2020-03,43,43_Sector_Ind,10.0,0.0,0,15.7843,2.6834,7
1,2020-03,44,44_Sector_Mat,10.0,0.0,0,15.7843,2.6834,18
1,2020-03,45,45_Sector_RE,10.0,0.0,0,15.7843,2.6834,5
1,2020-03,46,46_Sector_Staples,10.0,0.0,0,15.7843,2.6834,6
1,2020-03,47,47_Sector_Util,10.0,0.0,0,15.7843,2.6834,24
1,2020-03,48,48_TSLA_Close,18.5,8.5,38,49.99,0.0,0
1,2020-03,49,49_VNO_Close,18.5,8.5,45,49.99,0.0,0
1,2020-03,50,50_XOM_Close,18.5,8.5,39,49.99,0.0,0
2,2020-04,0,00_AAPL_Close,18.5,8.5,42,0.9704,-166.0672,38
2,2020-04,1,01_AMZN_Close,18.5,8.5,38,0.5595,-125.745,38
2,2020-04,2,02_APA_Close,18.5,8.5,39,0.059,-41.2063,38
2,2020-04,3,03_AVGO_Close,18.5,8.5,42,3.1483,-297.3513,38
2,2020-04,4,04_BIIB_Close,18.5,8.5,41,6.1416,-417.4726,38
2,2020-04,5,05_BXP_Close,18.5,8.5,45,0.0462,-35.9086,38
2,2020-04,6,06_CAG_Close,18.5,8.5,46,3.4831,314.6583,38
2,2020-04,7,07_CAT_Close,18.5,8.5,43,1.1425,-178.2402,38
2,2020-04,8,08_CPB_Close,18.5,8.5,46,117.4382,1824.921,38
2,2020-04,9,09_DIS_Close,18.5,8.5,37,0.0973,-52.8329,38
2,2020-04,10,10_DOV_Close,18.5,8.5,43,0.087,-49.6267,38
2,2020-04,11,11_GOOG_Close,18.5,8.5,37,0.2073,-76.7286,38
2,2020-04,12,12_HAL_Close,18.5,8.5,39,0.3579,-100.5881,38
2,2020-04,13,13_HD_Close,18.5,8.5,38,0.0198,-23.5773,38
2,2020-04,14,14_HPQ_Close,18.5,8.5,42,8.8762,-498.9063,38
2,2020-04,15,15_JNJ_Close,18.5,8.5,41,0.9227,-162.2348,38
2,2020-04,16,16_JPM_Close,18.5,8.5,40,0.0775,-46.9834,38
2,2020-04,17,17_KSS_Close,18.5,8.5,38,0.0847,-48.6898,38
2,2020-04,18,18_LIN_Close,18.5,8.5,44,0.1083,-55.0273,38
2,2020-04,19,19_LYV_Close,18.5,8.5,37,0.1926,-73.7681,38
2,2020-04,20,20_META_Close,18.5,8.5,37,0.016,-21.3284,38
2,2020-04,21,21_MSFT_Close,18.5,8.5,42,0.2196,-78.7195,38
2,2020-04,22,22_M_Close,18.5,8.5,38,0.7348,-143.8989,38
2,2020-04,23,23_NAVI_Close,18.5,8.5,40,11.2199,-563.5068,38
2,2020-04,24,24_NEE_Close,18.5,8.5,47,3596.0377,-10110.7184,38
2,2020-04,25,25_NI_Close,18.5,8.5,47,27.597,-884.7623,38
2,2020-04,26,26_NVDA_Close,18.5,8.5,42,28.039,-886.0403,38
2,2020-04,27,27_NWSA_Close,18.5,8.5,37,3.8287,-327.7527,38
2,2020-04,28,28_OI_Close,18.5,8.5,44,2.1948,-249.188,38
2,2020-04,29,29_PG_Close,18.5,8.5,46,9.8969,-533.2631,38
2,2020-04,30,30_PLD_Close,18.5,8.5,45,3.0209,-290.6585,38
2,2020-04,31,31_PNR_Close,18.5,8.5,43,0.2773,-88.0934,38
2,2020-04,32,32_PNW_Close,18.5,8.5,47,0.4124,-107.8201,38
2,2020-04,33,33_PRGO_Close,18.5,8.5,41,7.9947,-476.2677,38
2,2020-04,34,34_SEE_Close,18.5,8.5,44,1.3702,-196.5097,38
2,2020-04,35,35_STX_Close,18.5,8.5,42,1.253,188.3647,38
2,2020-04,36,36_SYF_Close,18.5,8.5,40,0.1928,-73.887,38
2,2020-04,37,37_Sector_Comm,10.0,0.0,0,0.1753,67.4491,38
2,2020-04,38,38_Sector_Disc,10.0,0.0,0,0.1199,56.2482,37
2,2020-04,39,39_Sector_Energy,10.0,0.0,0,1.0991,173.8835,37
2,2020-04,40,40_Sector_Fin,10.0,0.0,0,1.4979,203.658,38
2,2020-04,41,41_Sector_Health,10.0,0.0,0,18.7114,725.0921,38
2,2020-04,42,42_Sector_IT,10.0,0.0,0,7.3801,464.88,38
2,2020-04,43,43_Sector_Ind,10.0,0.0,0,0.6099,136.8268,38
2,2020-04,44,44_Sector_Mat,10.0,0.0,0,2.132,247.0077,38
2,2020-04,45,45_Sector_RE,10.0,0.0,0,0.4289,115.7102,38
2,2020-04,46,46_Sector_Staples,10.0,0.0,0,249.217,-2659.3674,38
2,2020-04,47,47_Sector_Util,10.0,0.0,0,6.5749,429.17,38
2,2020-04,48,48_TSLA_Close,18.5,8.5,38,0.0712,-44.783,38
2,2020-04,49,49_VNO_Close,18.5,8.5,45,0.175,-70.291,38
2,2020-04,50,50_XOM_Close,18.5,8.5,39,0.2597,-85.6739,38
3,2020-05,0,00_AAPL_Close,18.5,8.5,42,3.0469,-77.2185,4
3,2020-05,1,01_AMZN_Close,18.5,8.5,38,0.1434,-16.4324,4
3,2020-05,2,02_APA_Close,18.5,8.5,39,0.9266,36.7021,4
3,2020-05,3,03_AVGO_Close,18.5,8.5,42,29.1612,-250.9647,4
3,2020-05,4,04_BIIB_Close,18.5,8.5,41,0.0539,-6.044,1
3,2020-05,5,05_BXP_Close,18.5,8.5,45,0.5873,-34.537,37
3,2020-05,6,06_CAG_Close,18.5,8.5,46,2.531,-67.8353,4
3,2020-05,7,07_CAT_Close,18.5,8.5,43,12.0856,141.4742,4
3,2020-05,8,08_CPB_Close,18.5,8.5,46,5.6607,-102.3548,4
3,2020-05,9,09_DIS_Close,18.5,8.5,37,0.2011,-52.5209,38
3,2020-05,10,10_DOV_Close,18.5,8.5,43,0.9694,-47.3571,37
3,2020-05,11,11_GOOG_Close,18.5,8.5,37,0.3698,-76.9994,38
3,2020-05,12,12_HAL_Close,18.5,8.5,39,5.4594,89.0828,4
3,2020-05,13,13_HD_Close,18.5,8.5,38,0.3086,21.7033,4
3,2020-05,14,14_HPQ_Close,18.5,8.5,42,16.5731,172.0812,4
3,2020-05,15,15_JNJ_Close,18.5,8.5,41,0.3253,-24.7696,4
3,2020-05,16,16_JPM_Close,18.5,8.5,40,1.1059,-40.7484,37
3,2020-05,17,17_KSS_Close,18.5,8.5,38,0.8502,37.7967,4
3,2020-05,18,18_LIN_Close,18.5,8.5,44,1.0039,41.1626,4
3,2020-05,19,19_LYV_Close,18.5,8.5,37,1.0089,41.9422,4
3,2020-05,20,20_META_Close,18.5,8.5,37,0.0303,-21.3065,38
3,2020-05,21,21_MSFT_Close,18.5,8.5,42,0.4845,-30.5965,4
3,2020-05,22,22_M_Close,18.5,8.5,38,7.7737,113.9353,4
3,2020-05,23,23_NAVI_Close,18.5,8.5,40,112.1117,-565.8525,37
3,2020-05,24,24_NEE_Close,18.5,8.5,47,4.2568,89.0473,4
3,2020-05,25,25_NI_Close,18.5,8.5,47,96.2299,-432.0582,4
3,2020-05,26,26_NVDA_Close,18.5,8.5,42,55.6782,316.6256,4
3,2020-05,27,27_NWSA_Close,18.5,8.5,37,21.8831,194.822,4
3,2020-05,28,28_OI_Close,18.5,8.5,44,14.8707,-249.4958,37
3,2020-05,29,29_PG_Close,18.5,8.5,46,0.785,-38.3385,4
3,2020-05,30,30_PLD_Close,18.5,8.5,45,1.9236,-60.442,4
3,2020-05,31,31_PNR_Close,18.5,8.5,43,3.6105,76.7879,4
3,2020-05,32,32_PNW_Close,18.5,8.5,47,4.998,90.7267,4
3,2020-05,33,33_PRGO_Close,18.5,8.5,41,5.7702,-104.6983,4
3,2020-05,34,34_SEE_Close,18.5,8.5,44,3.0317,-194.3824,38
3,2020-05,35,35_STX_Close,18.5,8.5,42,3.7246,-81.4099,4
3,2020-05,36,36_SYF_Close,18.5,8.5,40,2.4986,63.556,4
3,2020-05,37,37_Sector_Comm,10.0,0.0,0,1.8574,52.7081,38
3,2020-05,38,38_Sector_Disc,10.0,0.0,0,0.3567,51.8698,37
3,2020-05,39,39_Sector_Energy,10.0,0.0,0,7.1328,141.1921,37
3,2020-05,40,40_Sector_Fin,10.0,0.0,0,18.244,-163.8899,4
3,2020-05,41,41_Sector_Health,10.0,0.0,0,9.3182,-129.9287,4
3,2020-05,42,42_Sector_IT,10.0,0.0,0,9.597,135.3608,4
3,2020-05,43,43_Sector_Ind,10.0,0.0,0,15.2732,-149.3818,4
3,2020-05,44,44_Sector_Mat,10.0,0.0,0,27.4361,-210.0329,4
3,2020-05,45,45_Sector_RE,10.0,0.0,0,9.72,147.2842,4
3,2020-05,46,46_Sector_Staples,10.0,0.0,0,9.5879,133.2531,4
3,2020-05,47,47_Sector_Util,10.0,0.0,0,65.7212,-334.9805,4
3,2020-05,48,48_TSLA_Close,18.5,8.5,38,0.2135,-44.0854,38
3,2020-05,49,49_VNO_Close,18.5,8.5,45,1.6685,-58.8649,4
3,2020-05,50,50_XOM_Close,18.5,8.5,39,2.6665,-76.4803,4
4,2020-06,0,00_AAPL_Close,18.5,8.5,42,4.6611,-77.08,4
4,2020-06,1,01_AMZN_Close,18.5,8.5,38,0.173,-16.7955,4
4,2020-06,2,02_APA_Close,18.5,8.5,39,1.0715,-16.7356,38
4,2020-06,3,03_AVGO_Close,18.5,8.5,42,64.6458,-269.7762,4
4,2020-06,4,04_BIIB_Close,18.5,8.5,41,0.0515,-6.6784,41
4,2020-06,5,05_BXP_Close,18.5,8.5,45,0.5218,13.5483,41
4,2020-06,6,06_CAG_Close,18.5,8.5,46,3.4149,-29.0613,46
4,2020-06,7,07_CAT_Close,18.5,8.5,43,22.7306,76.8181,4
4,2020-06,8,08_CPB_Close,18.5,8.5,46,6.6579,-39.8098,46
4,2020-06,9,09_DIS_Close,18.5,8.5,37,0.7089,-23.1989,37
4,2020-06,10,10_DOV_Close,18.5,8.5,43,1.0698,-58.2164,37
4,2020-06,11,11_GOOG_Close,18.5,8.5,37,5.7214,-85.567,37
4,2020-06,12,12_HAL_Close,18.5,8.5,39,13.5769,-61.0253,38
4,2020-06,13,13_HD_Close,18.5,8.5,38,0.2161,-21.1452,37
4,2020-06,14,14_HPQ_Close,18.5,8.5,42,14.3042,54.8324,46
4,2020-06,15,15_JNJ_Close,18.5,8.5,41,0.4701,-11.4381,4
4,2020-06,16,16_JPM_Close,18.5,8.5,40,1.7282,43.1897,4
4,2020-06,17,17_KSS_Close,18.5,8.5,38,1.3173,17.3555,46
4,2020-06,18,18_LIN_Close,18.5,8.5,44,0.7649,40.2655,4
4,2020-06,19,19_LYV_Close,18.5,8.5,37,1.0098,43.5162,4
4,2020-06,20,20_META_Close,18.5,8.5,37,0.3872,-25.7283,37
4,2020-06,21,21_MSFT_Close,18.5,8.5,42,0.3627,-28.484,4
4,2020-06,22,22_M_Close,18.5,8.5,38,13.8473,57.7721,46
4,2020-06,23,23_NAVI_Close,18.5,8.5,40,98.0942,-745.017,37
4,2020-06,24,24_NEE_Close,18.5,8.5,47,1.3123,-45.2673,41
4,2020-06,25,25_NI_Close,18.5,8.5,47,157.0046,-405.8865,4
4,2020-06,26,26_NVDA_Close,18.5,8.5,42,76.5865,327.3169,4
4,2020-06,27,27_NWSA_Close,18.5,8.5,37,12.9621,166.9684,4
4,2020-06,28,28_OI_Close,18.5,8.5,44,26.6195,106.6665,41
4,2020-06,29,29_PG_Close,18.5,8.5,46,1.3483,-34.3011,4
4,2020-06,30,30_PLD_Close,18.5,8.5,45,3.1755,-35.7656,4
4,2020-06,31,31_PNR_Close,18.5,8.5,43,3.5219,82.2254,4
4,2020-06,32,32_PNW_Close,18.5,8.5,47,3.8662,90.0729,4
4,2020-06,33,33_PRGO_Close,18.5,8.5,41,7.8026,-44.3869,46
4,2020-06,34,34_SEE_Close,18.5,8.5,44,18.1821,-135.0528,37
4,2020-06,35,35_STX_Close,18.5,8.5,42,1.6344,-19.7702,37
4,2020-06,36,36_SYF_Close,18.5,8.5,40,3.9222,28.8089,46
4,2020-06,37,37_Sector_Comm,10.0,0.0,0,2.5523,52.6824,41
4,2020-06,38,38_Sector_Disc,10.0,0.0,0,3.0801,-51.7274,41
4,2020-06,39,39_Sector_Energy,10.0,0.0,0,22.6677,100.2201,38
4,2020-06,40,40_Sector_Fin,10.0,0.0,0,47.0908,-120.4687,4
4,2020-06,41,41_Sector_Health,10.0,0.0,0,2.852,-63.4433,4
4,2020-06,42,42_Sector_IT,10.0,0.0,0,13.8439,129.2348,4
4,2020-06,43,43_Sector_Ind,10.0,0.0,0,30.8941,-195.1306,4
4,2020-06,44,44_Sector_Mat,10.0,0.0,0,24.8141,-226.0756,4
4,2020-06,45,45_Sector_RE,10.0,0.0,0,7.1599,-91.7291,41
4,2020-06,46,46_Sector_Staples,10.0,0.0,0,15.8494,83.0729,4
4,2020-06,47,47_Sector_Util,10.0,0.0,0,27.7252,214.5802,41
4,2020-06,48,48_TSLA_Close,18.5,8.5,38,0.58,19.886,41
4,2020-06,49,49_VNO_Close,18.5,8.5,45,1.0168,-40.3681,4
4,2020-06,50,50_XOM_Close,18.5,8.5,39,5.3869,-81.6472,4
5,2020-07,0,00_AAPL_Close,18.5,8.5,42,9.2875,-54.2515,4
5,2020-07,1,01_AMZN_Close,18.5,8.5,38,0.3239,-7.6061,46
5,2020-07,2,02_APA_Close,18.5,8.5,39,1.615,-15.07,38
5,2020-07,3,03_AVGO_Close,18.5,8.5,42,27.0613,76.8501,41
5,2020-07,4,04_BIIB_Close,18.5,8.5,41,0.0698,-6.7977,41
5,2020-07,5,05_BXP_Close,18.5,8.5,45,0.8377,-11.3691,38
5,2020-07,6,06_CAG_Close,18.5,8.5,46,4.5082,-30.2243,46
5,2020-07,7,07_CAT_Close,18.5,8.5,43,17.6529,-59.2762,1
5,2020-07,8,08_CPB_Close,18.5,8.5,46,8.6934,-41.7557,46
5,2020-07,9,09_DIS_Close,18.5,8.5,37,1.2739,-19.3986,37
5,2020-07,10,10_DOV_Close,18.5,8.5,43,2.8899,-51.0574,37
5,2020-07,11,11_GOOG_Close,18.5,8.5,37,11.2869,-80.0339,37
5,2020-07,12,12_HAL_Close,18.5,8.5,39,15.7459,56.4488,46
5,2020-07,13,13_HD_Close,18.5,8.5,38,0.7069,-12.5686,37
5,2020-07,14,14_HPQ_Close,18.5,8.5,42,15.6875,58.2571,46
5,2020-07,15,15_JNJ_Close,18.5,8.5,41,0.5248,-11.0048,46
5,2020-07,16,16_JPM_Close,18.5,8.5,40,5.3386,-34.0514,1
5,2020-07,17,17_KSS_Close,18.5,8.5,38,1.5356,18.2663,46
5,2020-07,18,18_LIN_Close,18.5,8.5,44,0.8565,43.1908,4
5,2020-07,19,19_LYV_Close,18.5,8.5,37,2.7593,-30.1274,1
5,2020-07,20,20_META_Close,18.5,8.5,37,0.6611,-17.5432,41
5,2020-07,21,21_MSFT_Close,18.5,8.5,42,0.4101,-25.8946,4
5,2020-07,22,22_M_Close,18.5,8.5,38,13.3427,53.4148,46
5,2020-07,23,23_NAVI_Close,18.5,8.5,40,202.6083,-693.0279,37
5,2020-07,24,24_NEE_Close,18.5,8.5,47,1.2926,-51.6199,41
5,2020-07,25,25_NI_Close,18.5,8.5,47,49.0642,101.7763,1
5,2020-07,26,26_NVDA_Close,18.5,8.5,42,155.2095,-216.8129,1
5,2020-07,27,27_NWSA_Close,18.5,8.5,37,37.1763,-96.6818,1
5,2020-07,28,28_OI_Close,18.5,8.5,44,46.4218,-96.7025,38
5,2020-07,29,29_PG_Close,18.5,8.5,46,1.489,19.9035,1
5,2020-07,30,30_PLD_Close,18.5,8.5,45,2.8185,25.3251,1
5,2020-07,31,31_PNR_Close,18.5,8.5,43,8.5792,66.8244,4
5,2020-07,32,32_PNW_Close,18.5,8.5,47,5.0626,-56.6096,41
5,2020-07,33,33_PRGO_Close,18.5,8.5,41,8.0015,-43.0281,4
5,2020-07,34,34_SEE_Close,18.5,8.5,44,28.2723,-83.955,37
5,2020-07,35,35_STX_Close,18.5,8.5,42,2.1873,-17.1253,37
5,2020-07,36,36_SYF_Close,18.5,8.5,40,4.5572,31.1448,46
5,2020-07,37,37_Sector_Comm,10.0,0.0,0,6.1484,33.526,41
5,2020-07,38,38_Sector_Disc,10.0,0.0,0,8.0471,46.208,45
5,2020-07,39,39_Sector_Energy,10.0,0.0,0,34.1471,-79.262,41
5,2020-07,40,40_Sector_Fin,10.0,0.0,0,67.2659,-118.962,46
5,2020-07,41,41_Sector_Health,10.0,0.0,0,3.0468,-51.1802,4
5,2020-07,42,42_Sector_IT,10.0,0.0,0,14.7304,95.4854,4
5,2020-07,43,43_Sector_Ind,10.0,0.0,0,74.4023,135.6263,1
5,2020-07,44,44_Sector_Mat,10.0,0.0,0,38.5998,-222.1015,4
5,2020-07,45,45_Sector_RE,10.0,0.0,0,17.1721,81.7176,38
5,2020-07,46,46_Sector_Staples,10.0,0.0,0,19.0421,-62.2494,1
5,2020-07,47,47_Sector_Util,10.0,0.0,0,31.4063,197.6677,41
5,2020-07,48,48_TSLA_Close,18.5,8.5,38,0.9092,-12.5152,38
5,2020-07,49,49_VNO_Close,18.5,8.5,45,1.4127,36.2984,41
5,2020-07,50,50_XOM_Close,18.5,8.5,39,8.9877,-70.4207,4
6,2020-08,0,00_AAPL_Close,18.5,8.5,42,9.5525,-42.6039,4
6,2020-08,1,01_AMZN_Close,18.5,8.5,38,0.3125,-7.4025,46
6,2020-08,2,02_APA_Close,18.5,8.5,39,1.6127,-15.5875,45
6,2020-08,3,03_AVGO_Close,18.5,8.5,42,26.7443,-79.6181,42
6,2020-08,4,04_BIIB_Close,18.5,8.5,41,0.072,-7.4483,41
6,2020-08,5,05_BXP_Close,18.5,8.5,45,0.8711,12.8448,41
6,2020-08,6,06_CAG_Close,18.5,8.5,46,5.2696,-30.9476,46
6,2020-08,7,07_CAT_Close,18.5,8.5,43,19.6085,54.3663,41
6,2020-08,8,08_CPB_Close,18.5,8.5,46,10.1726,-36.7314,46
6,2020-08,9,09_DIS_Close,18.5,8.5,37,1.462,-20.5429,37
6,2020-08,10,10_DOV_Close,18.5,8.5,43,3.8019,-46.6556,44
6,2020-08,11,11_GOOG_Close,18.5,8.5,37,11.2338,-81.3396,37
6,2020-08,12,12_HAL_Close,18.5,8.5,39,15.5384,53.8577,41
6,2020-08,13,13_HD_Close,18.5,8.5,38,0.7733,-11.8589,37
6,2020-08,14,14_HPQ_Close,18.5,8.5,42,18.1565,59.0676,46
6,2020-08,15,15_JNJ_Close,18.5,8.5,41,0.6498,-11.0959,46
6,2020-08,16,16_JPM_Close,18.5,8.5,40,3.678,-36.8976,44
6,2020-08,17,17_KSS_Close,18.5,8.5,38,1.8822,18.1123,46
6,2020-08,18,18_LIN_Close,18.5,8.5,44,0.2141,-10.9795,44
6,2020-08,19,19_LYV_Close,18.5,8.5,37,2.4779,-29.2076,1
6,2020-08,20,20_META_Close,18.5,8.5,37,0.671,-18.2744,37
6,2020-08,21,21_MSFT_Close,18.5,8.5,42,0.38,-16.0913,42
6,2020-08,22,22_M_Close,18.5,8.5,38,16.2764,53.4907,46
6,2020-08,23,23_NAVI_Close,18.5,8.5,40,362.3049,-466.552,44
6,2020-08,24,24_NEE_Close,18.5,8.5,47,1.2588,-28.1557,48
6,2020-08,25,25_NI_Close,18.5,8.5,47,14.1074,-61.8441,47
6,2020-08,26,26_NVDA_Close,18.5,8.5,42,75.1851,-153.1066,1
6,2020-08,27,27_NWSA_Close,18.5,8.5,37,39.7401,-100.5033,1
6,2020-08,28,28_OI_Close,18.5,8.5,44,29.7026,-89.2219,45
6,2020-08,29,29_PG_Close,18.5,8.5,46,1.2639,19.0135,1
6,2020-08,30,30_PLD_Close,18.5,8.5,45,0.8167,-14.4642,48
6,2020-08,31,31_PNR_Close,18.5,8.5,43,5.5085,-52.0282,44
6,2020-08,32,32_PNW_Close,18.5,8.5,47,0.7218,-19.3309,44
6,2020-08,33,33_PRGO_Close,18.5,8.5,41,9.7839,-44.266,4
6,2020-08,34,34_SEE_Close,18.5,8.5,44,29.265,-73.7487,48
6,2020-08,35,35_STX_Close,18.5,8.5,42,2.3717,-17.7911,37
6,2020-08,36,36_SYF_Close,18.5,8.5,40,5.5256,30.3507,46
6,2020-08,37,37_Sector_Comm,10.0,0.0,0,6.1695,41.9385,41
6,2020-08,38,38_Sector_Disc,10.0,0.0,0,6.5553,-60.4927,48
6,2020-08,39,39_Sector_Energy,10.0,0.0,0,30.1681,-88.696,41
6,2020-08,40,40_Sector_Fin,10.0,0.0,0,65.474,85.8372,44
6,2020-08,41,41_Sector_Health,10.0,0.0,0,3.3513,-55.6282,4
6,2020-08,42,42_Sector_IT,10.0,0.0,0,9.7869,-49.9453,47
6,2020-08,43,43_Sector_Ind,10.0,0.0,0,47.6482,126.563,44
6,2020-08,44,44_Sector_Mat,10.0,0.0,0,7.9373,64.4453,48
6,2020-08,45,45_Sector_RE,10.0,0.0,0,10.6459,-52.9553,41
6,2020-08,46,46_Sector_Staples,10.0,0.0,0,20.716,-65.6066,1
6,2020-08,47,47_Sector_Util,10.0,0.0,0,9.1185,69.8627,44
6,2020-08,48,48_TSLA_Close,18.5,8.5,38,0.1712,7.6709,44
6,2020-08,49,49_VNO_Close,18.5,8.5,45,1.5011,36.5622,41
6,2020-08,50,50_XOM_Close,18.5,8.5,39,8.6672,-74.6276,4
7,2020-09,0,00_AAPL_Close,18.5,8.5,42,1.2165,12.6868,48
7,2020-09,1,01_AMZN_Close,18.5,8.5,38,0.344,-7.2959,46
7,2020-09,2,02_APA_Close,18.5,8.5,39,0.9996,-15.9619,45
7,2020-09,3,03_AVGO_Close,18.5,8.5,42,23.0691,-46.742,1
7,2020-09,4,04_BIIB_Close,18.5,8.5,41,0.0911,-6.9233,41
7,2020-09,5,05_BXP_Close,18.5,8.5,45,0.6343,-12.8197,45
7,2020-09,6,06_CAG_Close,18.5,8.5,46,5.5056,-30.5281,46
7,2020-09,7,07_CAT_Close,18.5,8.5,43,24.2977,50.1512,41
7,2020-09,8,08_CPB_Close,18.5,8.5,46,12.0077,-40.5344,46
7,2020-09,9,09_DIS_Close,18.5,8.5,37,1.9407,-17.9714,37
7,2020-09,10,10_DOV_Close,18.5,8.5,43,2.1899,-32.6091,48
7,2020-09,11,11_GOOG_Close,18.5,8.5,37,23.1379,-68.1249,37
7,2020-09,12,12_HAL_Close,18.5,8.5,39,11.8255,-49.0139,39
7,2020-09,13,13_HD_Close,18.5,8.5,38,0.5417,-11.398,48
7,2020-09,14,14_HPQ_Close,18.5,8.5,42,21.4504,54.0561,46
7,2020-09,15,15_JNJ_Close,18.5,8.5,41,0.7767,-9.9149,46
7,2020-09,16,16_JPM_Close,18.5,8.5,40,1.616,-28.0371,48
7,2020-09,17,17_KSS_Close,18.5,8.5,38,1.3456,15.242,46
7,2020-09,18,18_LIN_Close,18.5,8.5,44,0.3441,-10.4368,44
7,2020-09,19,19_LYV_Close,18.5,8.5,37,3.3856,-31.9358,1
7,2020-09,20,20_META_Close,18.5,8.5,37,1.221,-16.5661,41
7,2020-09,21,21_MSFT_Close,18.5,8.5,42,0.4278,-16.9523,42
7,2020-09,22,22_M_Close,18.5,8.5,38,12.5603,-48.279,1
7,2020-09,23,23_NAVI_Close,18.5,8.5,40,409.2887,-455.3376,44
7,2020-09,24,24_NEE_Close,18.5,8.5,47,2.1767,-25.6965,44
7,2020-09,25,25_NI_Close,18.5,8.5,47,18.8465,63.6453,1
7,2020-09,26,26_NVDA_Close,18.5,8.5,42,96.724,-150.8307,1
7,2020-09,27,27_NWSA_Close,18.5,8.5,37,51.4283,-104.3085,1
7,2020-09,28,28_OI_Close,18.5,8.5,44,28.757,-98.2366,45
7,2020-09,29,29_PG_Close,18.5,8.5,46,1.4993,19.6622,1
7,2020-09,30,30_PLD_Close,18.5,8.5,45,1.1371,16.0918,1
7,2020-09,31,31_PNR_Close,18.5,8.5,43,2.752,-44.8711,48
7,2020-09,32,32_PNW_Close,18.5,8.5,47,0.8003,-18.2095,44
7,2020-09,33,33_PRGO_Close,18.5,8.5,41,12.2587,-45.6304,4
7,2020-09,34,34_SEE_Close,18.5,8.5,44,31.7632,-84.5923,48
7,2020-09,35,35_STX_Close,18.5,8.5,42,3.0129,-15.8714,37
7,2020-09,36,36_SYF_Close,18.5,8.5,40,3.0069,-22.4113,39
7,2020-09,37,37_Sector_Comm,10.0,0.0,0,11.7692,37.3221,41
7,2020-09,38,38_Sector_Disc,10.0,0.0,0,13.4509,-67.5291,48
7,2020-09,39,39_Sector_Energy,10.0,0.0,0,14.4312,69.3833,45
7,2020-09,40,40_Sector_Fin,10.0,0.0,0,27.1645,82.8929,39
7,2020-09,41,41_Sector_Health,10.0,0.0,0,4.2756,-56.0088,4
7,2020-09,42,42_Sector_IT,10.0,0.0,0,9.2616,37.5351,4
7,2020-09,43,43_Sector_Ind,10.0,0.0,0,24.3658,109.5274,48
7,2020-09,44,44_Sector_Mat,10.0,0.0,0,12.9619,-63.1078,18
7,2020-09,45,45_Sector_RE,10.0,0.0,0,7.2519,43.0705,39
7,2020-09,46,46_Sector_Staples,10.0,0.0,0,22.8777,-68.0422,1
7,2020-09,47,47_Sector_Util,10.0,0.0,0,13.7481,73.7738,44
7,2020-09,48,48_TSLA_Close,18.5,8.5,38,0.133,-5.1454,38
7,2020-09,49,49_VNO_Close,18.5,8.5,45,2.0204,-22.283,45
7,2020-09,50,50_XOM_Close,18.5,8.5,39,4.3989,-35.7034,48
8,2020-10,0,00_AAPL_Close,18.5,8.5,42,1.4015,12.8402,48
8,2020-10,1,01_AMZN_Close,18.5,8.5,38,0.3977,-7.1578,46
8,2020-10,2,02_APA_Close,18.5,8.5,39,1.1446,-16.0169,45
8,2020-10,3,03_AVGO_Close,18.5,8.5,42,10.7647,32.2166,13
8,2020-10,4,04_BIIB_Close,18.5,8.5,41,0.1004,-7.9639,41
8,2020-10,5,05_BXP_Close,18.5,8.5,45,0.6607,-14.0436,45
8,2020-10,6,06_CAG_Close,18.5,8.5,46,6.3404,-30.0199,46
8,2020-10,7,07_CAT_Close,18.5,8.5,43,25.6089,-41.2418,1
8,2020-10,8,08_CPB_Close,18.5,8.5,46,12.9748,-36.6662,46
8,2020-10,9,09_DIS_Close,18.5,8.5,37,2.1932,-13.6879,37
8,2020-10,10,10_DOV_Close,18.5,8.5,43,2.5309,-31.3098,48
8,2020-10,11,11_GOOG_Close,18.5,8.5,37,2.4694,-23.6978,37
8,2020-10,12,12_HAL_Close,18.5,8.5,39,13.0998,50.4595,41
8,2020-10,13,13_HD_Close,18.5,8.5,38,0.5179,-8.0666,48
8,2020-10,14,14_HPQ_Close,18.5,8.5,42,23.3488,49.0021,46
8,2020-10,15,15_JNJ_Close,18.5,8.5,41,0.7168,-8.4393,46
8,2020-10,16,16_JPM_Close,18.5,8.5,40,1.8591,-28.1776,48
8,2020-10,17,17_KSS_Close,18.5,8.5,38,1.5572,15.2466,46
8,2020-10,18,18_LIN_Close,18.5,8.5,44,0.3718,-10.6703,44
8,2020-10,19,19_LYV_Close,18.5,8.5,37,3.1727,-25.6126,1
8,2020-10,20,20_META_Close,18.5,8.5,37,0.6374,-12.4997,37
8,2020-10,21,21_MSFT_Close,18.5,8.5,42,0.5245,-17.7971,42
8,2020-10,22,22_M_Close,18.5,8.5,38,14.5716,-47.6814,1
8,2020-10,23,23_NAVI_Close,18.5,8.5,40,395.9365,-288.3824,44
8,2020-10,24,24_NEE_Close,18.5,8.5,47,2.2378,-20.6284,47
8,2020-10,25,25_NI_Close,18.5,8.5,47,20.888,-61.3854,47
8,2020-10,26,26_NVDA_Close,18.5,8.5,42,76.1132,122.4304,4
8,2020-10,27,27_NWSA_Close,18.5,8.5,37,57.4215,-102.0179,1
8,2020-10,28,28_OI_Close,18.5,8.5,44,27.0033,-94.8013,45
8,2020-10,29,29_PG_Close,18.5,8.5,46,1.5727,16.8419,1
8,2020-10,30,30_PLD_Close,18.5,8.5,45,1.303,15.3987,1
8,2020-10,31,31_PNR_Close,18.5,8.5,43,3.572,-42.6602,48
8,2020-10,32,32_PNW_Close,18.5,8.5,47,0.9628,-18.0402,47
8,2020-10,33,33_PRGO_Close,18.5,8.5,41,12.3688,-47.5873,4
8,2020-10,34,34_SEE_Close,18.5,8.5,44,34.9038,-76.7194,48
8,2020-10,35,35_STX_Close,18.5,8.5,42,3.1164,-15.7587,42
8,2020-10,36,36_SYF_Close,18.5,8.5,40,2.943,-20.3529,45
8,2020-10,37,37_Sector_Comm,10.0,0.0,0,9.9201,-34.4992,20
8,2020-10,38,38_Sector_Disc,10.0,0.0,0,14.5906,-57.8536,48
8,2020-10,39,39_Sector_Energy,10.0,0.0,0,16.6162,66.9393,45
8,2020-10,40,40_Sector_Fin,10.0,0.0,0,30.5211,82.7923,45
8,2020-10,41,41_Sector_Health,10.0,0.0,0,5.2286,-50.7302,4
8,2020-10,42,42_Sector_IT,10.0,0.0,0,10.9711,-34.0283,47
8,2020-10,43,43_Sector_Ind,10.0,0.0,0,28.0037,108.9723,48
8,2020-10,44,44_Sector_Mat,10.0,0.0,0,13.6239,-61.4922,18
8,2020-10,45,45_Sector_RE,10.0,0.0,0,8.5788,-39.4015,37
8,2020-10,46,46_Sector_Staples,10.0,0.0,0,26.4175,-66.0746,1
8,2020-10,47,47_Sector_Util,10.0,0.0,0,15.1829,50.1798,44
8,2020-10,48,48_TSLA_Close,18.5,8.5,38,0.1508,-5.3152,38
8,2020-10,49,49_VNO_Close,18.5,8.5,45,2.027,-23.5328,45
8,2020-10,50,50_XOM_Close,18.5,8.5,39,5.0558,-35.7804,48
9,2020-11,0,00_AAPL_Close,18.5,8.5,42,2.1953,10.8653,1
9,2020-11,1,01_AMZN_Close,18.5,8.5,38,0.5106,-7.211,46
9,2020-11,2,02_APA_Close,18.5,8.5,39,1.9391,13.3524,42
9,2020-11,3,03_AVGO_Close,18.5,8.5,42,12.4218,-32.9285,20
9,2020-11,4,04_BIIB_Close,18.5,8.5,41,0.2167,-6.2709,41
9,2020-11,5,05_BXP_Close,18.5,8.5,45,0.7063,-11.919,45
9,2020-11,6,06_CAG_Close,18.5,8.5,46,7.5584,-29.883,46
9,2020-11,7,07_CAT_Close,18.5,8.5,43,31.4882,-46.7423,1
9,2020-11,8,08_CPB_Close,18.5,8.5,46,16.9314,-35.3326,46
9,2020-11,9,09_DIS_Close,18.5,8.5,37,2.5651,-9.6051,42
9,2020-11,10,10_DOV_Close,18.5,8.5,43,5.0197,-29.7494,48
9,2020-11,11,11_GOOG_Close,18.5,8.5,37,1.958,-23.6519,37
9,2020-11,12,12_HAL_Close,18.5,8.5,39,22.0847,49.8185,46
9,2020-11,13,13_HD_Close,18.5,8.5,38,0.774,-7.8131,48
9,2020-11,14,14_HPQ_Close,18.5,8.5,42,24.3584,50.8485,46
9,2020-11,15,15_JNJ_Close,18.5,8.5,41,0.8586,-8.0912,46
9,2020-11,16,16_JPM_Close,18.5,8.5,40,4.2795,-19.6447,45
9,2020-11,17,17_KSS_Close,18.5,8.5,38,2.0564,16.8666,46
9,2020-11,18,18_LIN_Close,18.5,8.5,44,0.2884,-10.2999,44
9,2020-11,19,19_LYV_Close,18.5,8.5,37,3.6085,-24.9012,1
9,2020-11,20,20_META_Close,18.5,8.5,37,0.3073,-8.3325,37
9,2020-11,21,21_MSFT_Close,18.5,8.5,42,1.4974,-19.9405,42
9,2020-11,22,22_M_Close,18.5,8.5,38,19.0925,-53.2894,1
9,2020-11,23,23_NAVI_Close,18.5,8.5,40,705.8498,182.0794,13
9,2020-11,24,24_NEE_Close,18.5,8.5,47,3.2484,-19.7887,47
9,2020-11,25,25_NI_Close,18.5,8.5,47,33.0431,69.2843,1
9,2020-11,26,26_NVDA_Close,18.5,8.5,42,130.9109,-109.5606,1
9,2020-11,27,27_NWSA_Close,18.5,8.5,37,58.4415,-78.5869,1
9,2020-11,28,28_OI_Close,18.5,8.5,44,37.7599,-90.6353,45
9,2020-11,29,29_PG_Close,18.5,8.5,46,1.9161,15.7688,1
9,2020-11,30,30_PLD_Close,18.5,8.5,45,1.8094,17.2893,1
9,2020-11,31,31_PNR_Close,18.5,8.5,43,4.8197,-31.3106,48
9,2020-11,32,32_PNW_Close,18.5,8.5,47,1.7754,-18.9259,47
9,2020-11,33,33_PRGO_Close,18.5,8.5,41,14.2405,-28.3676,4
9,2020-11,34,34_SEE_Close,18.5,8.5,44,51.2731,-65.1758,48
9,2020-11,35,35_STX_Close,18.5,8.5,42,3.0361,-13.649,42
9,2020-11,36,36_SYF_Close,18.5,8.5,40,3.9516,-20.1491,1
9,2020-11,37,37_Sector_Comm,10.0,0.0,0,8.8169,-38.2054,20
9,2020-11,38,38_Sector_Disc,10.0,0.0,0,34.4937,-63.5147,37
9,2020-11,39,39_Sector_Energy,10.0,0.0,0,29.6378,60.1204,45
9,2020-11,40,40_Sector_Fin,10.0,0.0,0,48.3178,76.8336,1
9,2020-11,41,41_Sector_Health,10.0,0.0,0,11.5745,-36.7233,4
9,2020-11,42,42_Sector_IT,10.0,0.0,0,21.3956,-28.3642,47
9,2020-11,43,43_Sector_Ind,10.0,0.0,0,53.4906,99.0518,48
9,2020-11,44,44_Sector_Mat,10.0,0.0,0,11.1819,-64.0108,18
9,2020-11,45,45_Sector_RE,10.0,0.0,0,11.4765,-46.9767,37
9,2020-11,46,46_Sector_Staples,10.0,0.0,0,31.1486,-63.5387,1
9,2020-11,47,47_Sector_Util,10.0,0.0,0,24.7013,-46.5636,1
9,2020-11,48,48_TSLA_Close,18.5,8.5,38,0.3,-6.0426,13
9,2020-11,49,49_VNO_Close,18.5,8.5,45,3.252,-20.88,45
9,2020-11,50,50_XOM_Close,18.5,8.5,39,9.9408,-25.6587,48
10,2020-12,0,00_AAPL_Close,18.5,8.5,42,2.1874,11.9576,1
10,2020-12,1,01_AMZN_Close,18.5,8.5,38,0.5322,-5.8278,46
10,2020-12,2,02_APA_Close,18.5,8.5,39,1.9319,-14.0352,39
10,2020-12,3,03_AVGO_Close,18.5,8.5,42,14.1198,-32.7865,20
10,2020-12,4,04_BIIB_Close,18.5,8.5,41,0.2511,-6.544,41
10,2020-12,5,05_BXP_Close,18.5,8.5,45,0.817,-10.7299,45
10,2020-12,6,06_CAG_Close,18.5,8.5,46,8.2079,-29.4674,46
10,2020-12,7,07_CAT_Close,18.5,8.5,43,9.9375,-25.4098,1
10,2020-12,8,08_CPB_Close,18.5,8.5,46,12.962,26.3033,39
10,2020-12,9,09_DIS_Close,18.5,8.5,37,1.8036,8.2788,15
10,2020-12,10,10_DOV_Close,18.5,8.5,43,6.0564,-29.5426,48
10,2020-12,11,11_GOOG_Close,18.5,8.5,37,2.5203,-21.9863,37
10,2020-12,12,12_HAL_Close,18.5,8.5,39,25.0051,-45.5725,39
10,2020-12,13,13_HD_Close,18.5,8.5,38,0.8767,-7.3443,1
10,2020-12,14,14_HPQ_Close,18.5,8.5,42,27.4612,51.2384,46
10,2020-12,15,15_JNJ_Close,18.5,8.5,41,0.8347,-7.868,41
10,2020-12,16,16_JPM_Close,18.5,8.5,40,5.1098,-20.3321,1
10,2020-12,17,17_KSS_Close,18.5,8.5,38,2.2016,15.6537,46
10,2020-12,18,18_LIN_Close,18.5,8.5,44,0.2828,-10.336,44
10,2020-12,19,19_LYV_Close,18.5,8.5,37,3.1975,-22.3856,1
10,2020-12,20,20_META_Close,18.5,8.5,37,0.3719,-8.4864,37
10,2020-12,21,21_MSFT_Close,18.5,8.5,42,1.9029,-17.2774,42
10,2020-12,22,22_M_Close,18.5,8.5,38,21.6955,-55.4726,1
10,2020-12,23,23_NAVI_Close,18.5,8.5,40,831.3668,182.4772,13
10,2020-12,24,24_NEE_Close,18.5,8.5,47,3.7038,-19.7202,47
10,2020-12,25,25_NI_Close,18.5,8.5,47,35.707,55.1724,1
10,2020-12,26,26_NVDA_Close,18.5,8.5,42,118.8164,-104.9656,1
10,2020-12,27,27_NWSA_Close,18.5,8.5,37,28.6219,-52.3604,1
10,2020-12,28,28_OI_Close,18.5,8.5,44,51.1871,84.5796,37
10,2020-12,29,29_PG_Close,18.5,8.5,46,2.1171,16.4715,1
10,2020-12,30,30_PLD_Close,18.5,8.5,45,2.1102,18.0847,1
10,2020-12,31,31_PNR_Close,18.5,8.5,43,6.1505,-31.3889,48
10,2020-12,32,32_PNW_Close,18.5,8.5,47,2.23,-18.6118,47
10,2020-12,33,33_PRGO_Close,18.5,8.5,41,9.5665,-21.4202,4
10,2020-12,34,34_SEE_Close,18.5,8.5,44,36.7633,42.6404,13
10,2020-12,35,35_STX_Close,18.5,8.5,42,2.4157,8.7224,39
10,2020-12,36,36_SYF_Close,18.5,8.5,40,4.1721,-19.0513,39
10,2020-12,37,37_Sector_Comm,10.0,0.0,0,11.1763,-37.756,20
10,2020-12,38,38_Sector_Disc,10.0,0.0,0,38.4639,-64.0012,37
10,2020-12,39,39_Sector_Energy,10.0,0.0,0,35.2814,-42.9396,2
10,2020-12,40,40_Sector_Fin,10.0,0.0,0,59.4912,80.0151,39
10,2020-12,41,41_Sector_Health,10.0,0.0,0,12.494,-35.5352,4
10,2020-12,42,42_Sector_IT,10.0,0.0,0,24.4549,27.1955,20
10,2020-12,43,43_Sector_Ind,10.0,0.0,0,68.1057,-89.1474,13
10,2020-12,44,44_Sector_Mat,10.0,0.0,0,10.8292,-63.7129,18
10,2020-12,45,45_Sector_RE,10.0,0.0,0,14.9311,-46.7433,37
10,2020-12,46,46_Sector_Staples,10.0,0.0,0,34.7088,-58.3117,1
10,2020-12,47,47_Sector_Util,10.0,0.0,0,29.018,-50.4099,1
10,2020-12,48,48_TSLA_Close,18.5,8.5,38,0.3728,-5.3349,13
10,2020-12,49,49_VNO_Close,18.5,8.5,45,3.8092,-20.5183,45
10,2020-12,50,50_XOM_Close,18.5,8.5,39,10.425,-25.3779,48
11,2021-01,0,00_AAPL_Close,18.5,8.5,42,2.2385,10.2335,1
11,2021-01,1,01_AMZN_Close,18.5,8.5,38,0.5861,-5.6895,46
11,2021-01,2,02_APA_Close,18.5,8.5,39,2.34,-14.0522,39
11,2021-01,3,03_AVGO_Close,18.5,8.5,42,14.5651,-34.7272,20
11,2021-01,4,04_BIIB_Close,18.5,8.5,41,0.2241,-6.0997,41
11,2021-01,5,05_BXP_Close,18.5,8.5,45,0.9481,-10.4862,45
11,2021-01,6,06_CAG_Close,18.5,8.5,46,10.1082,-28.3108,46
11,2021-01,7,07_CAT_Close,18.5,8.5,43,9.3453,-25.3338,1
11,2021-01,8,08_CPB_Close,18.5,8.5,46,12.0173,-21.4644,9
11,2021-01,9,09_DIS_Close,18.5,8.5,37,0.4153,-4.8147,20
11,2021-01,10,10_DOV_Close,18.5,8.5,43,6.101,24.5957,9
11,2021-01,11,11_GOOG_Close,18.5,8.5,37,2.0955,-16.7341,9
11,2021-01,12,12_HAL_Close,18.5,8.5,39,30.153,44.0227,46
11,2021-01,13,13_HD_Close,18.5,8.5,38,0.6167,-6.2276,48
11,2021-01,14,14_HPQ_Close,18.5,8.5,42,24.2811,41.1355,46
11,2021-01,15,15_JNJ_Close,18.5,8.5,41,0.9217,-7.1178,41
11,2021-01,16,16_JPM_Close,18.5,8.5,40,6.5362,-21.7113,1
11,2021-01,17,17_KSS_Close,18.5,8.5,38,2.6661,15.2525,46
11,2021-01,18,18_LIN_Close,18.5,8.5,44,0.266,-10.3274,44
11,2021-01,19,19_LYV_Close,18.5,8.5,37,1.9933,-15.857,1
11,2021-01,20,20_META_Close,18.5,8.5,37,0.453,-7.4197,9
11,2021-01,21,21_MSFT_Close,18.5,8.5,42,2.0679,-13.2649,42
11,2021-01,22,22_M_Close,18.5,8.5,38,18.8264,-43.3372,1
11,2021-01,23,23_NAVI_Close,18.5,8.5,40,463.9104,207.9582,13
11,2021-01,24,24_NEE_Close,18.5,8.5,47,4.8013,-19.9805,47
11,2021-01,25,25_NI_Close,18.5,8.5,47,38.7053,53.2524,1
11,2021-01,26,26_NVDA_Close,18.5,8.5,42,138.4375,-102.1981,1
11,2021-01,27,27_NWSA_Close,18.5,8.5,37,28.7263,-40.3955,1
11,2021-01,28,28_OI_Close,18.5,8.5,44,60.4914,79.4879,37
11,2021-01,29,29_PG_Close,18.5,8.5,46,2.2664,14.5087,1
11,2021-01,30,30_PLD_Close,18.5,8.5,45,2.1932,17.2143,1
11,2021-01,31,31_PNR_Close,18.5,8.5,43,6.4601,-32.4525,48
11,2021-01,32,32_PNW_Close,18.5,8.5,47,2.8451,-18.8599,47
11,2021-01,33,33_PRGO_Close,18.5,8.5,41,8.5341,-16.8449,9
11,2021-01,34,34_SEE_Close,18.5,8.5,44,40.387,-41.4699,1
11,2021-01,35,35_STX_Close,18.5,8.5,42,2.8153,8.0816,39
11,2021-01,36,36_SYF_Close,18.5,8.5,40,4.8441,17.1521,9
11,2021-01,37,37_Sector_Comm,10.0,0.0,0,8.0921,-36.539,45
11,2021-01,38,38_Sector_Disc,10.0,0.0,0,19.338,-62.0936,37
11,2021-01,39,39_Sector_Energy,10.0,0.0,0,40.7906,-42.22,2
11,2021-01,40,40_Sector_Fin,10.0,0.0,0,76.8637,70.4111,1
11,2021-01,41,41_Sector_Health,10.0,0.0,0,13.5229,-36.354,15
11,2021-01,42,42_Sector_IT,10.0,0.0,0,29.9742,28.9923,20
11,2021-01,43,43_Sector_Ind,10.0,0.0,0,82.6641,69.6485,1
11,2021-01,44,44_Sector_Mat,10.0,0.0,0,9.9176,-63.7316,18
11,2021-01,45,45_Sector_RE,10.0,0.0,0,11.6664,-48.3476,37
11,2021-01,46,46_Sector_Staples,10.0,0.0,0,40.8854,-59.0112,1
11,2021-01,47,47_Sector_Util,10.0,0.0,0,37.1051,-53.7487,1
11,2021-01,48,48_TSLA_Close,18.5,8.5,38,0.472,-6.7724,13
11,2021-01,49,49_VNO_Close,18.5,8.5,45,3.3432,-20.9653,45
11,2021-01,50,50_XOM_Close,18.5,8.5,39,10.3877,-25.5841,48
12,2021-02,0,00_AAPL_Close,18.5,8.5,42,2.2256,10.1804,45
12,2021-02,1,01_AMZN_Close,18.5,8.5,38,0.6859,-5.7805,46
12,2021-02,2,02_APA_Close,18.5,8.5,39,2.5057,-14.17,39
12,2021-02,3,03_AVGO_Close,18.5,8.5,42,15.8598,-35.937,20
12,2021-02,4,04_BIIB_Close,18.5,8.5,41,0.387,-5.5412,41
12,2021-02,5,05_BXP_Close,18.5,8.5,45,1.0024,-10.1778,45
12,2021-02,6,06_CAG_Close,18.5,8.5,46,10.9482,-28.3316,46
12,2021-02,7,07_CAT_Close,18.5,8.5,43,3.2884,16.7206,47
12,2021-02,8,08_CPB_Close,18.5,8.5,46,13.363,-20.9189,9
12,2021-02,9,09_DIS_Close,18.5,8.5,37,0.5908,-5.421,20
12,2021-02,10,10_DOV_Close,18.5,8.5,43,9.734,23.4269,9
12,2021-02,11,11_GOOG_Close,18.5,8.5,37,2.2792,-16.6979,9
12,2021-02,12,12_HAL_Close,18.5,8.5,39,35.7398,-45.1361,39
12,2021-02,13,13_HD_Close,18.5,8.5,38,0.6529,-5.59,48
12,2021-02,14,14_HPQ_Close,18.5,8.5,42,19.6217,34.8422,47
12,2021-02,15,15_JNJ_Close,18.5,8.5,41,0.9931,-6.4898,41
12,2021-02,16,16_JPM_Close,18.5,8.5,40,7.5512,-23.6465,45
12,2021-02,17,17_KSS_Close,18.5,8.5,38,2.9896,15.0613,46
12,2021-02,18,18_LIN_Close,18.5,8.5,44,0.2921,-10.295,44
12,2021-02,19,19_LYV_Close,18.5,8.5,37,1.2406,14.2826,47
12,2021-02,20,20_META_Close,18.5,8.5,37,0.4965,-7.4032,9
12,2021-02,21,21_MSFT_Close,18.5,8.5,42,2.2976,-13.7795,42
12,2021-02,22,22_M_Close,18.5,8.5,38,20.2589,-43.1612,1
12,2021-02,23,23_NAVI_Close,18.5,8.5,40,558.015,208.3484,13
12,2021-02,24,24_NEE_Close,18.5,8.5,47,2.6163,-20.9635,47
12,2021-02,25,25_NI_Close,18.5,8.5,47,35.8744,-56.4318,47
12,2021-02,26,26_NVDA_Close,18.5,8.5,42,81.5496,81.9746,47
12,2021-02,27,27_NWSA_Close,18.5,8.5,37,23.7989,-34.5183,9
12,2021-02,28,28_OI_Close,18.5,8.5,44,63.0316,67.8632,37
12,2021-02,29,29_PG_Close,18.5,8.5,46,2.4278,14.1915,1
12,2021-02,30,30_PLD_Close,18.5,8.5,45,1.8961,14.3114,1
12,2021-02,31,31_PNR_Close,18.5,8.5,43,6.3999,-26.9012,47
12,2021-02,32,32_PNW_Close,18.5,8.5,47,1.7112,-19.2359,47
12,2021-02,33,33_PRGO_Close,18.5,8.5,41,9.3598,-17.1649,9
12,2021-02,34,34_SEE_Close,18.5,8.5,44,46.9864,43.3254,13
12,2021-02,35,35_STX_Close,18.5,8.5,42,2.9378,-8.6372,42
12,2021-02,36,36_SYF_Close,18.5,8.5,40,5.4264,15.4946,9
12,2021-02,37,37_Sector_Comm,10.0,0.0,0,7.0702,-36.6038,45
12,2021-02,38,38_Sector_Disc,10.0,0.0,0,21.79,42.7174,47
12,2021-02,39,39_Sector_Energy,10.0,0.0,0,43.6539,-42.1357,2
12,2021-02,40,40_Sector_Fin,10.0,0.0,0,86.9246,74.9766,39
12,2021-02,41,41_Sector_Health,10.0,0.0,0,19.7174,-36.2067,15
12,2021-02,42,42_Sector_IT,10.0,0.0,0,28.0383,-44.1317,47
12,2021-02,43,43_Sector_Ind,10.0,0.0,0,116.1447,54.7653,1
12,2021-02,44,44_Sector_Mat,10.0,0.0,0,10.9732,-63.5696,18
12,2021-02,45,45_Sector_RE,10.0,0.0,0,16.071,-37.1269,5
12,2021-02,46,46_Sector_Staples,10.0,0.0,0,44.2944,-57.8189,1
12,2021-02,47,47_Sector_Util,10.0,0.0,0,20.6358,-34.1229,42
12,2021-02,48,48_TSLA_Close,18.5,8.5,38,0.5763,-6.1617,13
12,2021-02,49,49_VNO_Close,18.5,8.5,45,3.8221,-20.5701,45
12,2021-02,50,50_XOM_Close,18.5,8.5,39,10.9129,-26.6532,48
13,2021-03,0,00_AAPL_Close,18.5,8.5,42,3.0737,9.0794,45
13,2021-03,1,01_AMZN_Close,18.5,8.5,38,0.8113,-6.5768,13
13,2021-03,2,02_APA_Close,18.5,8.5,39,2.8713,-14.3259,39
13,2021-03,3,03_AVGO_Close,18.5,8.5,42,20.3579,-33.6667,20
13,2021-03,4,04_BIIB_Close,18.5,8.5,41,0.5711,-4.9356,41
13,2021-03,5,05_BXP_Close,18.5,8.5,45,1.2045,-10.9481,45
13,2021-03,6,06_CAG_Close,18.5,8.5,46,14.5994,-25.4395,46
13,2021-03,7,07_CAT_Close,18.5,8.5,43,4.6062,-13.5928,9
13,2021-03,8,08_CPB_Close,18.5,8.5,46,15.4376,-19.5963,9
13,2021-03,9,09_DIS_Close,18.5,8.5,37,0.7617,-5.4599,20
13,2021-03,10,10_DOV_Close,18.5,8.5,43,7.7044,13.6899,13
13,2021-03,11,11_GOOG_Close,18.5,8.5,37,2.6131,-11.5681,9
13,2021-03,12,12_HAL_Close,18.5,8.5,39,35.0244,-42.8882,39
13,2021-03,13,13_HD_Close,18.5,8.5,38,0.6038,-5.3259,1
13,2021-03,14,14_HPQ_Close,18.5,8.5,42,28.3923,-32.0743,15
13,2021-03,15,15_JNJ_Close,18.5,8.5,41,1.0753,-6.8159,41
13,2021-03,16,16_JPM_Close,18.5,8.5,40,5.1783,-17.6642,45
13,2021-03,17,17_KSS_Close,18.5,8.5,38,4.0495,14.317,46
13,2021-03,18,18_LIN_Close,18.5,8.5,44,0.3432,-10.2422,44
13,2021-03,19,19_LYV_Close,18.5,8.5,37,1.4158,9.6214,47
13,2021-03,20,20_META_Close,18.5,8.5,37,0.4439,-6.3755,9
13,2021-03,21,21_MSFT_Close,18.5,8.5,42,3.3742,-14.1213,42
13,2021-03,22,22_M_Close,18.5,8.5,38,25.1596,-37.0472,1
13,2021-03,23,23_NAVI_Close,18.5,8.5,40,604.798,-114.1709,48
13,2021-03,24,24_NEE_Close,18.5,8.5,47,4.2556,-18.849,47
13,2021-03,25,25_NI_Close,18.5,8.5,47,64.7333,53.3398,1
13,2021-03,26,26_NVDA_Close,18.5,8.5,42,106.0383,67.3446,47
13,2021-03,27,27_NWSA_Close,18.5,8.5,37,25.9411,-33.762,9
13,2021-03,28,28_OI_Close,18.5,8.5,44,105.0636,57.1717,37
13,2021-03,29,29_PG_Close,18.5,8.5,46,2.7383,-11.1119,46
13,2021-03,30,30_PLD_Close,18.5,8.5,45,3.0666,15.8564,1
13,2021-03,31,31_PNR_Close,18.5,8.5,43,9.7711,-24.832,47
13,2021-03,32,32_PNW_Close,18.5,8.5,47,2.872,-19.2238,47
13,2021-03,33,33_PRGO_Close,18.5,8.5,41,10.5647,-14.3867,9
13,2021-03,34,34_SEE_Close,18.5,8.5,44,43.7637,53.0854,13
13,2021-03,35,35_STX_Close,18.5,8.5,42,3.3846,-7.7527,42
13,2021-03,36,36_SYF_Close,18.5,8.5,40,7.7081,15.2501,9
13,2021-03,37,37_Sector_Comm,10.0,0.0,0,16.6386,-37.8348,20
13,2021-03,38,38_Sector_Disc,10.0,0.0,0,47.8884,-41.428,41
13,2021-03,39,39_Sector_Energy,10.0,0.0,0,40.1796,-38.9414,2
13,2021-03,40,40_Sector_Fin,10.0,0.0,0,71.0762,87.2553,20
13,2021-03,41,41_Sector_Health,10.0,0.0,0,24.0791,-41.1745,15
13,2021-03,42,42_Sector_IT,10.0,0.0,0,41.1067,-34.0659,47
13,2021-03,43,43_Sector_Ind,10.0,0.0,0,185.0526,-75.7759,13
13,2021-03,44,44_Sector_Mat,10.0,0.0,0,11.1654,-63.2045,18
13,2021-03,45,45_Sector_RE,10.0,0.0,0,22.4888,-33.2653,5
13,2021-03,46,46_Sector_Staples,10.0,0.0,0,52.8351,-52.7143,15
13,2021-03,47,47_Sector_Util,10.0,0.0,0,37.5136,-31.2299,42
13,2021-03,48,48_TSLA_Close,18.5,8.5,38,0.8184,-7.2575,13
13,2021-03,49,49_VNO_Close,18.5,8.5,45,4.5387,-22.2057,45
13,2021-03,50,50_XOM_Close,18.5,8.5,39,8.6272,-20.154,45
14,2021-04,0,00_AAPL_Close,18.5,8.5,42,3.2614,9.0428,9
14,2021-04,1,01_AMZN_Close,18.5,8.5,38,0.7674,-6.0019,13
14,2021-04,2,02_APA_Close,18.5,8.5,39,2.9258,-13.6336,39
14,2021-04,3,03_AVGO_Close,18.5,8.5,42,20.4342,-32.7257,20
14,2021-04,4,04_BIIB_Close,18.5,8.5,41,0.5988,5.3036,46
14,2021-04,5,05_BXP_Close,18.5,8.5,45,1.2944,-11.4957,45
14,2021-04,6,06_CAG_Close,18.5,8.5,46,13.7721,-29.3418,46
14,2021-04,7,07_CAT_Close,18.5,8.5,43,1.6153,8.3099,47
14,2021-04,8,08_CPB_Close,18.5,8.5,46,10.8776,-20.5612,46
14,2021-04,9,09_DIS_Close,18.5,8.5,37,0.8156,-5.4745,20
14,2021-04,10,10_DOV_Close,18.5,8.5,43,8.2663,11.7629,9
14,2021-04,11,11_GOOG_Close,18.5,8.5,37,2.1016,-9.5058,9
14,2021-04,12,12_HAL_Close,18.5,8.5,39,31.7287,-33.5987,39
14,2021-04,13,13_HD_Close,18.5,8.5,38,0.6484,-5.5517,1
14,2021-04,14,14_HPQ_Close,18.5,8.5,42,28.0189,31.4963,47
14,2021-04,15,15_JNJ_Close,18.5,8.5,41,1.1296,-6.7437,41
14,2021-04,16,16_JPM_Close,18.5,8.5,40,5.6464,-14.4051,45
14,2021-04,17,17_KSS_Close,18.5,8.5,38,3.8853,-11.6756,1
14,2021-04,18,18_LIN_Close,18.5,8.5,44,0.4307,-10.1491,44
14,2021-04,19,19_LYV_Close,18.5,8.5,37,1.4882,9.5956,47
14,2021-04,20,20_META_Close,18.5,8.5,37,0.4578,-6.3137,9
14,2021-04,21,21_MSFT_Close,18.5,8.5,42,3.4757,11.383,47
14,2021-04,22,22_M_Close,18.5,8.5,38,26.6834,-39.8324,1
14,2021-04,23,23_NAVI_Close,18.5,8.5,40,563.5487,-128.482,45
14,2021-04,24,24_NEE_Close,18.5,8.5,47,3.5862,-19.4546,47
14,2021-04,25,25_NI_Close,18.5,8.5,47,53.2867,53.7692,1
14,2021-04,26,26_NVDA_Close,18.5,8.5,42,82.502,-37.1385,42
14,2021-04,27,27_NWSA_Close,18.5,8.5,37,27.3461,-33.1252,9
14,2021-04,28,28_OI_Close,18.5,8.5,44,114.5922,57.9595,37
14,2021-04,29,29_PG_Close,18.5,8.5,46,2.4878,-12.8283,46
14,2021-04,30,30_PLD_Close,18.5,8.5,45,2.415,14.7274,1
14,2021-04,31,31_PNR_Close,18.5,8.5,43,10.4208,-24.1266,47
14,2021-04,32,32_PNW_Close,18.5,8.5,47,2.7053,-19.7935,47
14,2021-04,33,33_PRGO_Close,18.5,8.5,41,11.4183,-14.4747,9
14,2021-04,34,34_SEE_Close,18.5,8.5,44,45.4945,39.305,13
14,2021-04,35,35_STX_Close,18.5,8.5,42,2.6859,-7.4052,42
14,2021-04,36,36_SYF_Close,18.5,8.5,40,8.1671,15.017,9
14,2021-04,37,37_Sector_Comm,10.0,0.0,0,20.47,-33.4456,20
14,2021-04,38,38_Sector_Disc,10.0,0.0,0,52.6499,-41.6832,37
14,2021-04,39,39_Sector_Energy,10.0,0.0,0,45.3517,-36.5847,2
14,2021-04,40,40_Sector_Fin,10.0,0.0,0,75.795,85.9555,20
14,2021-04,41,41_Sector_Health,10.0,0.0,0,25.9049,-41.5807,15
14,2021-04,42,42_Sector_IT,10.0,0.0,0,44.4103,-26.2048,47
14,2021-04,43,43_Sector_Ind,10.0,0.0,0,82.734,-59.0602,7
14,2021-04,44,44_Sector_Mat,10.0,0.0,0,15.227,-63.4446,18
14,2021-04,45,45_Sector_RE,10.0,0.0,0,23.0683,-34.1954,5
14,2021-04,46,46_Sector_Staples,10.0,0.0,0,42.491,-44.0049,15
14,2021-04,47,47_Sector_Util,10.0,0.0,0,31.6018,32.6894,7
14,2021-04,48,48_TSLA_Close,18.5,8.5,38,0.9118,-6.6529,13
14,2021-04,49,49_VNO_Close,18.5,8.5,45,4.4621,-15.2854,45
14,2021-04,50,50_XOM_Close,18.5,8.5,39,9.2591,-17.5569,41
15,2021-05,0,00_AAPL_Close,18.5,8.5,42,3.818,-10.1623,13
15,2021-05,1,01_AMZN_Close,18.5,8.5,38,0.8325,-5.3247,13
15,2021-05,2,02_APA_Close,18.5,8.5,39,3.2726,-14.4318,39
15,2021-05,3,03_AVGO_Close,18.5,8.5,42,22.6085,27.1828,9
15,2021-05,4,04_BIIB_Close,18.5,8.5,41,0.8338,6.5561,46
15,2021-05,5,05_BXP_Close,18.5,8.5,45,1.5428,-11.397,45
15,2021-05,6,06_CAG_Close,18.5,8.5,46,13.8637,-30.1928,46
15,2021-05,7,07_CAT_Close,18.5,8.5,43,1.8394,8.1073,47
15,2021-05,8,08_CPB_Close,18.5,8.5,46,9.038,-20.7142,46
15,2021-05,9,09_DIS_Close,18.5,8.5,37,0.8585,-5.8694,20
15,2021-05,10,10_DOV_Close,18.5,8.5,43,6.3783,12.4477,9
15,2021-05,11,11_GOOG_Close,18.5,8.5,37,2.2261,-8.5586,9
15,2021-05,12,12_HAL_Close,18.5,8.5,39,15.4364,-24.4155,39
15,2021-05,13,13_HD_Close,18.5,8.5,38,0.6655,-4.8856,48
15,2021-05,14,14_HPQ_Close,18.5,8.5,42,14.2101,-19.6047,15
15,2021-05,15,15_JNJ_Close,18.5,8.5,41,1.0402,-6.992,46
15,2021-05,16,16_JPM_Close,18.5,8.5,40,5.6982,-13.4656,39
15,2021-05,17,17_KSS_Close,18.5,8.5,38,4.3646,-11.1325,1
15,2021-05,18,18_LIN_Close,18.5,8.5,44,0.5336,-9.9152,44
15,2021-05,19,19_LYV_Close,18.5,8.5,37,1.8758,9.2592,47
15,2021-05,20,20_META_Close,18.5,8.5,37,0.6392,-6.8217,9
15,2021-05,21,21_MSFT_Close,18.5,8.5,42,3.2931,11.7835,47
15,2021-05,22,22_M_Close,18.5,8.5,38,26.2038,-36.0253,1
15,2021-05,23,23_NAVI_Close,18.5,8.5,40,531.2244,-121.005,48
15,2021-05,24,24_NEE_Close,18.5,8.5,47,3.5072,-19.6713,47
15,2021-05,25,25_NI_Close,18.5,8.5,47,42.9896,45.7751,1
15,2021-05,26,26_NVDA_Close,18.5,8.5,42,89.4624,-37.0261,42
15,2021-05,27,27_NWSA_Close,18.5,8.5,37,30.3903,-29.1132,9
15,2021-05,28,28_OI_Close,18.5,8.5,44,118.5325,-55.0438,39
15,2021-05,29,29_PG_Close,18.5,8.5,46,2.5,-13.2476,46
15,2021-05,30,30_PLD_Close,18.5,8.5,45,2.3247,14.4421,1
15,2021-05,31,31_PNR_Close,18.5,8.5,43,12.0809,-18.1399,39
15,2021-05,32,32_PNW_Close,18.5,8.5,47,2.6285,-20.0573,47
15,2021-05,33,33_PRGO_Close,18.5,8.5,41,8.5701,-14.2247,9
15,2021-05,34,34_SEE_Close,18.5,8.5,44,24.3914,-19.7906,1
15,2021-05,35,35_STX_Close,18.5,8.5,42,2.0107,-7.0701,42
15,2021-05,36,36_SYF_Close,18.5,8.5,40,9.1362,15.1163,9
15,2021-05,37,37_Sector_Comm,10.0,0.0,0,22.1106,-31.751,11
15,2021-05,38,38_Sector_Disc,10.0,0.0,0,74.665,-39.7238,41
15,2021-05,39,39_Sector_Energy,10.0,0.0,0,46.5649,37.6561,35
15,2021-05,40,40_Sector_Fin,10.0,0.0,0,89.8636,86.957,39
15,2021-05,41,41_Sector_Health,10.0,0.0,0,27.8211,-46.8366,15
15,2021-05,42,42_Sector_IT,10.0,0.0,0,47.2112,-30.3141,35
15,2021-05,43,43_Sector_Ind,10.0,0.0,0,98.5203,-55.6284,7
15,2021-05,44,44_Sector_Mat,10.0,0.0,0,19.8508,-61.2208,18
15,2021-05,45,45_Sector_RE,10.0,0.0,0,27.0108,-33.6825,5
15,2021-05,46,46_Sector_Staples,10.0,0.0,0,38.1825,-46.5905,15
15,2021-05,47,47_Sector_Util,10.0,0.0,0,29.0062,-30.2393,24
15,2021-05,48,48_TSLA_Close,18.5,8.5,38,0.9571,-7.254,13
15,2021-05,49,49_VNO_Close,18.5,8.5,45,3.9795,14.8664,47
15,2021-05,50,50_XOM_Close,18.5,8.5,39,10.122,-17.6852,39
16,2021-06,0,00_AAPL_Close,18.5,8.5,42,4.0858,-9.9024,13
16,2021-06,1,01_AMZN_Close,18.5,8.5,38,0.7457,-5.016,13
16,2021-06,2,02_APA_Close,18.5,8.5,39,3.4937,-14.8791,39
16,2021-06,3,03_AVGO_Close,18.5,8.5,42,25.2741,30.1705,9
16,2021-06,4,04_BIIB_Close,18.5,8.5,41,0.976,-7.9755,15
16,2021-06,5,05_BXP_Close,18.5,8.5,45,1.7536,-11.2965,45
16,2021-06,6,06_CAG_Close,18.5,8.5,46,15.466,-29.6758,46
16,2021-06,7,07_CAT_Close,18.5,8.5,43,1.7492,-6.7862,43
16,2021-06,8,08_CPB_Close,18.5,8.5,46,9.2103,-18.4022,46
16,2021-06,9,09_DIS_Close,18.5,8.5,37,0.8554,-5.3573,20
16,2021-06,10,10_DOV_Close,18.5,8.5,43,5.8544,13.1583,9
16,2021-06,11,11_GOOG_Close,18.5,8.5,37,2.4675,-9.5193,9
16,2021-06,12,12_HAL_Close,18.5,8.5,39,16.7096,-25.3503,39
16,2021-06,13,13_HD_Close,18.5,8.5,38,0.7289,-4.7036,48
16,2021-06,14,14_HPQ_Close,18.5,8.5,42,10.342,-20.666,15
16,2021-06,15,15_JNJ_Close,18.5,8.5,41,0.9713,-5.8757,41
16,2021-06,16,16_JPM_Close,18.5,8.5,40,4.8371,9.8589,48
16,2021-06,17,17_KSS_Close,18.5,8.5,38,4.3202,-11.0436,35
16,2021-06,18,18_LIN_Close,18.5,8.5,44,0.8044,-9.2763,44
16,2021-06,19,19_LYV_Close,18.5,8.5,37,2.1476,8.786,47
16,2021-06,20,20_META_Close,18.5,8.5,37,0.7218,-6.8074,9
16,2021-06,21,21_MSFT_Close,18.5,8.5,42,3.0009,9.4683,47
16,2021-06,22,22_M_Close,18.5,8.5,38,25.6824,-37.5953,1
16,2021-06,23,23_NAVI_Close,18.5,8.5,40,401.1577,98.0453,35
16,2021-06,24,24_NEE_Close,18.5,8.5,47,3.9804,-18.1864,47
16,2021-06,25,25_NI_Close,18.5,8.5,47,44.688,47.6959,1
16,2021-06,26,26_NVDA_Close,18.5,8.5,42,94.7887,-41.0668,15
16,2021-06,27,27_NWSA_Close,18.5,8.5,37,30.1297,-31.0531,9
16,2021-06,28,28_OI_Close,18.5,8.5,44,75.6721,35.7208,15
16,2021-06,29,29_PG_Close,18.5,8.5,46,2.4611,-12.0296,46
16,2021-06,30,30_PLD_Close,18.5,8.5,45,2.6407,13.0074,1
16,2021-06,31,31_PNR_Close,18.5,8.5,43,10.418,14.6315,42
16,2021-06,32,32_PNW_Close,18.5,8.5,47,2.7886,-19.5828,47
16,2021-06,33,33_PRGO_Close,18.5,8.5,41,9.0849,-14.9501,9
16,2021-06,34,34_SEE_Close,18.5,8.5,44,26.2167,-20.3708,1
16,2021-06,35,35_STX_Close,18.5,8.5,42,1.6448,6.2288,39
16,2021-06,36,36_SYF_Close,18.5,8.5,40,9.9102,15.7154,9
16,2021-06,37,37_Sector_Comm,10.0,0.0,0,27.655,-31.8897,11
16,2021-06,38,38_Sector_Disc,10.0,0.0,0,88.967,-42.3851,41
16,2021-06,39,39_Sector_Energy,10.0,0.0,0,48.1727,46.2929,35
16,2021-06,40,40_Sector_Fin,10.0,0.0,0,110.3638,50.3485,39
16,2021-06,41,41_Sector_Health,10.0,0.0,0,36.0659,-54.9251,15
16,2021-06,42,42_Sector_IT,10.0,0.0,0,50.2892,32.9899,48
16,2021-06,43,43_Sector_Ind,10.0,0.0,0,94.7828,-56.8767,7
16,2021-06,44,44_Sector_Mat,10.0,0.0,0,30.1461,-63.3123,18
16,2021-06,45,45_Sector_RE,10.0,0.0,0,29.2473,-35.8117,1
16,2021-06,46,46_Sector_Staples,10.0,0.0,0,44.2909,-38.4005,15
16,2021-06,47,47_Sector_Util,10.0,0.0,0,32.977,-30.9276,24
16,2021-06,48,48_TSLA_Close,18.5,8.5,38,0.8195,-5.5837,13
16,2021-06,49,49_VNO_Close,18.5,8.5,45,4.7455,14.4902,47
16,2021-06,50,50_XOM_Close,18.5,8.5,39,9.4722,-17.2141,39
17,2021-07,0,00_AAPL_Close,18.5,8.5,42,4.3274,-9.9559,13
17,2021-07,1,01_AMZN_Close,18.5,8.5,38,0.6308,-4.8722,13
17,2021-07,2,02_APA_Close,18.5,8.5,39,3.9808,-14.1366,39
17,2021-07,3,03_AVGO_Close,18.5,8.5,42,26.9578,30.365,9
17,2021-07,4,04_BIIB_Close,18.5,8.5,41,1.3442,-10.273,15
17,2021-07,5,05_BXP_Close,18.5,8.5,45,1.8414,-11.1431,45
17,2021-07,6,06_CAG_Close,18.5,8.5,46,12.9137,-26.6089,46
17,2021-07,7,07_CAT_Close,18.5,8.5,43,1.8284,6.6605,47
17,2021-07,8,08_CPB_Close,18.5,8.5,46,9.7412,-19.1439,46
17,2021-07,9,09_DIS_Close,18.5,8.5,37,0.8881,-5.6518,20
17,2021-07,10,10_DOV_Close,18.5,8.5,43,4.6948,11.2071,9
17,2021-07,11,11_GOOG_Close,18.5,8.5,37,2.3142,-7.367,9
17,2021-07,12,12_HAL_Close,18.5,8.5,39,16.4361,-24.6797,39
17,2021-07,13,13_HD_Close,18.5,8.5,38,0.7405,-4.8818,1
17,2021-07,14,14_HPQ_Close,18.5,8.5,42,10.9025,-21.2143,15
17,2021-07,15,15_JNJ_Close,18.5,8.5,41,0.9891,-5.7684,41
17,2021-07,16,16_JPM_Close,18.5,8.5,40,5.117,9.9908,48
17,2021-07,17,17_KSS_Close,18.5,8.5,38,4.6642,-10.8514,35
17,2021-07,18,18_LIN_Close,18.5,8.5,44,0.9174,-8.8242,44
17,2021-07,19,19_LYV_Close,18.5,8.5,37,2.3391,8.8012,47
17,2021-07,20,20_META_Close,18.5,8.5,37,0.7376,-6.5628,9
17,2021-07,21,21_MSFT_Close,18.5,8.5,42,3.1806,9.5736,47
17,2021-07,22,22_M_Close,18.5,8.5,38,27.1152,-31.6344,1
17,2021-07,23,23_NAVI_Close,18.5,8.5,40,422.8587,96.0398,35
17,2021-07,24,24_NEE_Close,18.5,8.5,47,3.6106,-16.8875,47
17,2021-07,25,25_NI_Close,18.5,8.5,47,46.6624,49.9436,1
17,2021-07,26,26_NVDA_Close,18.5,8.5,42,86.9083,-43.9366,15
17,2021-07,27,27_NWSA_Close,18.5,8.5,37,31.3723,-29.6088,9
17,2021-07,28,28_OI_Close,18.5,8.5,44,65.0543,-23.6883,40
17,2021-07,29,29_PG_Close,18.5,8.5,46,2.534,-12.2772,46
17,2021-07,30,30_PLD_Close,18.5,8.5,45,2.8153,-11.894,47
17,2021-07,31,31_PNR_Close,18.5,8.5,43,8.392,-14.636,1
17,2021-07,32,32_PNW_Close,18.5,8.5,47,2.9845,-19.0038,47
17,2021-07,33,33_PRGO_Close,18.5,8.5,41,9.4559,-15.2356,9
17,2021-07,34,34_SEE_Close,18.5,8.5,44,11.9437,10.1812,20
17,2021-07,35,35_STX_Close,18.5,8.5,42,1.7848,5.8402,39
17,2021-07,36,36_SYF_Close,18.5,8.5,40,10.3145,14.3064,9
17,2021-07,37,37_Sector_Comm,10.0,0.0,0,29.751,-33.7873,11
17,2021-07,38,38_Sector_Disc,10.0,0.0,0,89.0797,-39.5275,13
17,2021-07,39,39_Sector_Energy,10.0,0.0,0,49.1279,43.2939,35
17,2021-07,40,40_Sector_Fin,10.0,0.0,0,118.3059,51.98,39
17,2021-07,41,41_Sector_Health,10.0,0.0,0,50.6535,-67.3945,15
17,2021-07,42,42_Sector_IT,10.0,0.0,0,51.9943,33.9179,48
17,2021-07,43,43_Sector_Ind,10.0,0.0,0,86.0916,54.1844,1
17,2021-07,44,44_Sector_Mat,10.0,0.0,0,38.734,-54.9424,18
17,2021-07,45,45_Sector_RE,10.0,0.0,0,29.8484,-35.0842,1
17,2021-07,46,46_Sector_Staples,10.0,0.0,0,43.2018,-35.7801,29
17,2021-07,47,47_Sector_Util,10.0,0.0,0,33.8871,-31.6915,24
17,2021-07,48,48_TSLA_Close,18.5,8.5,38,0.7761,-5.1322,13
17,2021-07,49,49_VNO_Close,18.5,8.5,45,4.4664,14.3365,47
17,2021-07,50,50_XOM_Close,18.5,8.5,39,8.3046,-16.3577,48
18,2021-08,0,00_AAPL_Close,18.5,8.5,42,4.0361,-7.8086,35
18,2021-08,1,01_AMZN_Close,18.5,8.5,38,0.6872,-5.1175,13
18,2021-08,2,02_APA_Close,18.5,8.5,39,4.9727,-13.8164,39
18,2021-08,3,03_AVGO_Close,18.5,8.5,42,30.5844,31.4939,9
18,2021-08,4,04_BIIB_Close,18.5,8.5,41,1.66,-10.8849,15
18,2021-08,5,05_BXP_Close,18.5,8.5,45,2.2437,-9.9353,45
18,2021-08,6,06_CAG_Close,18.5,8.5,46,12.9452,-21.9943,46
18,2021-08,7,07_CAT_Close,18.5,8.5,43,1.4867,-5.3859,9
18,2021-08,8,08_CPB_Close,18.5,8.5,46,10.9023,-18.7935,46
18,2021-08,9,09_DIS_Close,18.5,8.5,37,0.9505,-5.5051,20
18,2021-08,10,10_DOV_Close,18.5,8.5,43,3.6207,9.4791,9
18,2021-08,11,11_GOOG_Close,18.5,8.5,37,2.4903,-6.6874,9
18,2021-08,12,12_HAL_Close,18.5,8.5,39,18.6955,-23.9733,39
18,2021-08,13,13_HD_Close,18.5,8.5,38,0.7727,-5.4295,1
18,2021-08,14,14_HPQ_Close,18.5,8.5,42,11.7504,-20.87,15
18,2021-08,15,15_JNJ_Close,18.5,8.5,41,1.044,-5.9967,41
18,2021-08,16,16_JPM_Close,18.5,8.5,40,4.9161,-10.0687,40
18,2021-08,17,17_KSS_Close,18.5,8.5,38,4.8379,-9.8337,35
18,2021-08,18,18_LIN_Close,18.5,8.5,44,1.1679,-8.096,44
18,2021-08,19,19_LYV_Close,18.5,8.5,37,3.0728,9.0781,7
18,2021-08,20,20_META_Close,18.5,8.5,37,0.8569,-6.7991,9
18,2021-08,21,21_MSFT_Close,18.5,8.5,42,3.4465,8.6838,47
18,2021-08,22,22_M_Close,18.5,8.5,38,18.2274,-17.5985,40
18,2021-08,23,23_NAVI_Close,18.5,8.5,40,319.6152,72.0493,35
18,2021-08,24,24_NEE_Close,18.5,8.5,47,4.1011,-15.5358,47
18,2021-08,25,25_NI_Close,18.5,8.5,47,54.3109,51.523,1
18,2021-08,26,26_NVDA_Close,18.5,8.5,42,76.6675,-36.5436,15
18,2021-08,27,27_NWSA_Close,18.5,8.5,37,30.0337,22.0458,11
18,2021-08,28,28_OI_Close,18.5,8.5,44,47.5108,-25.1014,40
18,2021-08,29,29_PG_Close,18.5,8.5,46,2.6845,-11.5237,46
18,2021-08,30,30_PLD_Close,18.5,8.5,45,3.3305,12.499,1
18,2021-08,31,31_PNR_Close,18.5,8.5,43,9.0976,-16.1901,1
18,2021-08,32,32_PNW_Close,18.5,8.5,47,3.5622,-17.1821,47
18,2021-08,33,33_PRGO_Close,18.5,8.5,41,6.2116,8.5169,38
18,2021-08,34,34_SEE_Close,18.5,8.5,44,9.9075,-8.5506,10
18,2021-08,35,35_STX_Close,18.5,8.5,42,1.9405,5.7884,39
18,2021-08,36,36_SYF_Close,18.5,8.5,40,11.5899,13.7783,9
18,2021-08,37,37_Sector_Comm,10.0,0.0,0,46.2279,-39.7217,11
18,2021-08,38,38_Sector_Disc,10.0,0.0,0,102.8595,-40.993,41
18,2021-08,39,39_Sector_Energy,10.0,0.0,0,64.2646,45.7829,35
18,2021-08,40,40_Sector_Fin,10.0,0.0,0,125.0696,-43.2622,16
18,2021-08,41,41_Sector_Health,10.0,0.0,0,56.6458,-65.9011,15
18,2021-08,42,42_Sector_IT,10.0,0.0,0,53.3613,33.3956,48
18,2021-08,43,43_Sector_Ind,10.0,0.0,0,99.1729,46.3378,1
18,2021-08,44,44_Sector_Mat,10.0,0.0,0,49.64,-49.1753,18
18,2021-08,45,45_Sector_RE,10.0,0.0,0,37.4872,-38.0403,5
18,2021-08,46,46_Sector_Staples,10.0,0.0,0,47.3597,-36.0307,29
18,2021-08,47,47_Sector_Util,10.0,0.0,0,39.926,-32.3742,24
18,2021-08,48,48_TSLA_Close,18.5,8.5,38,0.9173,-5.0904,13
18,2021-08,49,49_VNO_Close,18.5,8.5,45,5.5704,14.3124,47
18,2021-08,50,50_XOM_Close,18.5,8.5,39,9.965,-15.1972,48
19,2021-09,0,00_AAPL_Close,18.5,8.5,42,4.2965,-8.0459,35
19,2021-09,1,01_AMZN_Close,18.5,8.5,38,0.75,-4.9668,13
19,2021-09,2,02_APA_Close,18.5,8.5,39,5.5356,-13.2098,39
19,2021-09,3,03_AVGO_Close,18.5,8.5,42,31.7658,28.634,9
19,2021-09,4,04_BIIB_Close,18.5,8.5,41,1.7422,-10.8823,15
19,2021-09,5,05_BXP_Close,18.5,8.5,45,2.3679,-10.0684,45
19,2021-09,6,06_CAG_Close,18.5,8.5,46,12.9903,-22.4575,46
19,2021-09,7,07_CAT_Close,18.5,8.5,43,1.4131,-5.939,43
19,2021-09,8,08_CPB_Close,18.5,8.5,46,10.9231,-19.5204,46
19,2021-09,9,09_DIS_Close,18.5,8.5,37,0.8606,-5.5712,20
19,2021-09,10,10_DOV_Close,18.5,8.5,43,3.1277,6.7721,9
19,2021-09,11,11_GOOG_Close,18.5,8.5,37,2.1968,-6.998,9
19,2021-09,12,12_HAL_Close,18.5,8.5,39,16.6834,-24.25,39
19,2021-09,13,13_HD_Close,18.5,8.5,38,0.7684,-4.6641,1
19,2021-09,14,14_HPQ_Close,18.5,8.5,42,12.5013,-21.1674,15
19,2021-09,15,15_JNJ_Close,18.5,8.5,41,1.0943,-5.9756,41
19,2021-09,16,16_JPM_Close,18.5,8.5,40,5.2021,-9.772,40
19,2021-09,17,17_KSS_Close,18.5,8.5,38,4.6147,-8.5772,43
19,2021-09,18,18_LIN_Close,18.5,8.5,44,1.2806,-7.9171,44
19,2021-09,19,19_LYV_Close,18.5,8.5,37,2.1375,-6.0016,21
19,2021-09,20,20_META_Close,18.5,8.5,37,0.8597,-7.0205,9
19,2021-09,21,21_MSFT_Close,18.5,8.5,42,1.3953,-8.5496,42
19,2021-09,22,22_M_Close,18.5,8.5,38,16.7838,16.33,7
19,2021-09,23,23_NAVI_Close,18.5,8.5,40,117.5579,-51.5387,43
19,2021-09,24,24_NEE_Close,18.5,8.5,47,4.0833,-15.0505,47
19,2021-09,25,25_NI_Close,18.5,8.5,47,57.7757,50.9813,1
19,2021-09,26,26_NVDA_Close,18.5,8.5,42,81.7419,-37.227,15
19,2021-09,27,27_NWSA_Close,18.5,8.5,37,22.2825,20.9383,13
19,2021-09,28,28_OI_Close,18.5,8.5,44,45.9146,24.2155,7
19,2021-09,29,29_PG_Close,18.5,8.5,46,2.8327,-11.8112,46
19,2021-09,30,30_PLD_Close,18.5,8.5,45,2.8681,-11.2614,47
19,2021-09,31,31_PNR_Close,18.5,8.5,43,8.5653,-14.1837,1
19,2021-09,32,32_PNW_Close,18.5,8.5,47,3.5972,-17.2515,47
19,2021-09,33,33_PRGO_Close,18.5,8.5,41,5.1956,8.4938,43
19,2021-09,34,34_SEE_Close,18.5,8.5,44,10.0099,9.1495,20
19,2021-09,35,35_STX_Close,18.5,8.5,42,2.0771,5.4533,39
19,2021-09,36,36_SYF_Close,18.5,8.5,40,12.5152,12.1453,9
19,2021-09,37,37_Sector_Comm,10.0,0.0,0,51.6846,-39.3033,43
19,2021-09,38,38_Sector_Disc,10.0,0.0,0,103.896,-40.2014,42
19,2021-09,39,39_Sector_Energy,10.0,0.0,0,55.4213,40.7073,35
19,2021-09,40,40_Sector_Fin,10.0,0.0,0,139.4104,-41.5574,16
19,2021-09,41,41_Sector_Health,10.0,0.0,0,63.1023,-69.2199,15
19,2021-09,42,42_Sector_IT,10.0,0.0,0,29.2828,-31.6344,21
19,2021-09,43,43_Sector_Ind,10.0,0.0,0,53.3734,-35.1082,7
19,2021-09,44,44_Sector_Mat,10.0,0.0,0,53.0022,-47.9027,18
19,2021-09,45,45_Sector_RE,10.0,0.0,0,33.0677,-36.3185,5
19,2021-09,46,46_Sector_Staples,10.0,0.0,0,48.6932,-35.1359,29
19,2021-09,47,47_Sector_Util,10.0,0.0,0,42.6853,-33.2501,24
19,2021-09,48,48_TSLA_Close,18.5,8.5,38,0.9523,-5.3875,13
19,2021-09,49,49_VNO_Close,18.5,8.5,45,5.8558,14.109,47
19,2021-09,50,50_XOM_Close,18.5,8.5,39,7.4229,-14.324,39
20,2021-10,0,00_AAPL_Close,18.5,8.5,42,3.6165,-6.6799,7
20,2021-10,1,01_AMZN_Close,18.5,8.5,38,0.7901,-5.2506,13
20,2021-10,2,02_APA_Close,18.5,8.5,39,5.7985,-13.9986,39
20,2021-10,3,03_AVGO_Close,18.5,8.5,42,35.1691,28.8832,9
20,2021-10,4,04_BIIB_Close,18.5,8.5,41,1.7525,-11.4101,15
20,2021-10,5,05_BXP_Close,18.5,8.5,45,2.2346,-9.7034,45
20,2021-10,6,06_CAG_Close,18.5,8.5,46,14.5496,-21.7615,46
20,2021-10,7,07_CAT_Close,18.5,8.5,43,1.3231,-6.013,43
20,2021-10,8,08_CPB_Close,18.5,8.5,46,10.5088,-17.5854,46
20,2021-10,9,09_DIS_Close,18.5,8.5,37,0.923,-6.045,20
20,2021-10,10,10_DOV_Close,18.5,8.5,43,3.2636,7.4569,9
20,2021-10,11,11_GOOG_Close,18.5,8.5,37,2.0975,-6.1368,9
20,2021-10,12,12_HAL_Close,18.5,8.5,39,17.7641,-25.0967,39
20,2021-10,13,13_HD_Close,18.5,8.5,38,0.7938,-4.637,1
20,2021-10,14,14_HPQ_Close,18.5,8.5,42,13.3628,-21.0508,15
20,2021-10,15,15_JNJ_Close,18.5,8.5,41,1.1064,-5.9638,41
20,2021-10,16,16_JPM_Close,18.5,8.5,40,5.5098,-10.2074,40
20,2021-10,17,17_KSS_Close,18.5,8.5,38,5.1329,-8.6482,35
20,2021-10,18,18_LIN_Close,18.5,8.5,44,1.3996,-8.0318,44
20,2021-10,19,19_LYV_Close,18.5,8.5,37,2.3733,-7.3448,20
20,2021-10,20,20_META_Close,18.5,8.5,37,0.724,-6.1874,9
20,2021-10,21,21_MSFT_Close,18.5,8.5,42,1.6574,-6.2585,42
20,2021-10,22,22_M_Close,18.5,8.5,38,17.6737,-16.9242,40
20,2021-10,23,23_NAVI_Close,18.5,8.5,40,128.426,-39.4689,40
20,2021-10,24,24_NEE_Close,18.5,8.5,47,4.0242,-15.9751,47
20,2021-10,25,25_NI_Close,18.5,8.5,47,61.2467,46.6893,1
20,2021-10,26,26_NVDA_Close,18.5,8.5,42,70.6218,-36.1721,15
20,2021-10,27,27_NWSA_Close,18.5,8.5,37,23.0956,19.7306,13
20,2021-10,28,28_OI_Close,18.5,8.5,44,34.3441,-22.9557,40
20,2021-10,29,29_PG_Close,18.5,8.5,46,3.1803,-11.2679,46
20,2021-10,30,30_PLD_Close,18.5,8.5,45,2.7153,-11.4324,47
20,2021-10,31,31_PNR_Close,18.5,8.5,43,9.092,13.7408,15
20,2021-10,32,32_PNW_Close,18.5,8.5,47,4.1465,-17.7009,47
20,2021-10,33,33_PRGO_Close,18.5,8.5,41,5.665,7.2056,43
20,2021-10,34,34_SEE_Close,18.5,8.5,44,10.3325,-7.4012,44
20,2021-10,35,35_STX_Close,18.5,8.5,42,2.2318,5.6477,39
20,2021-10,36,36_SYF_Close,18.5,8.5,40,11.898,-11.9858,11
20,2021-10,37,37_Sector_Comm,10.0,0.0,0,55.919,31.0902,21
20,2021-10,38,38_Sector_Disc,10.0,0.0,0,104.4497,-44.9966,42
20,2021-10,39,39_Sector_Energy,10.0,0.0,0,68.0163,36.2799,35
20,2021-10,40,40_Sector_Fin,10.0,0.0,0,142.8287,-37.1301,16
20,2021-10,41,41_Sector_Health,10.0,0.0,0,63.5529,-70.3536,15
20,2021-10,42,42_Sector_IT,10.0,0.0,0,45.1139,35.0665,48
20,2021-10,43,43_Sector_Ind,10.0,0.0,0,40.7445,-38.4881,7
20,2021-10,44,44_Sector_Mat,10.0,0.0,0,56.9185,-47.5435,18
20,2021-10,45,45_Sector_RE,10.0,0.0,0,36.4891,-39.2209,5
20,2021-10,46,46_Sector_Staples,10.0,0.0,0,53.9957,-35.713,29
20,2021-10,47,47_Sector_Util,10.0,0.0,0,42.2171,-32.082,24
20,2021-10,48,48_TSLA_Close,18.5,8.5,38,0.9921,-5.0112,13
20,2021-10,49,49_VNO_Close,18.5,8.5,45,5.4435,14.236,47
20,2021-10,50,50_XOM_Close,18.5,8.5,39,8.6276,-15.2244,39
21,2021-11,0,00_AAPL_Close,18.5,8.5,42,3.0489,-5.9043,42
21,2021-11,1,01_AMZN_Close,18.5,8.5,38,0.9642,-5.6837,13
21,2021-11,2,02_APA_Close,18.5,8.5,39,7.0152,-12.5279,39
21,2021-11,3,03_AVGO_Close,18.5,8.5,42,31.9746,-28.2334,42
21,2021-11,4,04_BIIB_Close,18.5,8.5,41,2.0038,-11.7856,15
21,2021-11,5,05_BXP_Close,18.5,8.5,45,2.3108,-9.2774,45
21,2021-11,6,06_CAG_Close,18.5,8.5,46,15.3708,-20.8964,46
21,2021-11,7,07_CAT_Close,18.5,8.5,43,1.5993,-5.5755,9
21,2021-11,8,08_CPB_Close,18.5,8.5,46,11.446,-16.3041,46
21,2021-11,9,09_DIS_Close,18.5,8.5,37,0.9536,-5.4283,20
21,2021-11,10,10_DOV_Close,18.5,8.5,43,3.3621,7.9085,9
21,2021-11,11,11_GOOG_Close,18.5,8.5,37,1.8942,-5.3166,47
21,2021-11,12,12_HAL_Close,18.5,8.5,39,19.8532,-24.5828,39
21,2021-11,13,13_HD_Close,18.5,8.5,38,0.8308,-4.7971,1
21,2021-11,14,14_HPQ_Close,18.5,8.5,42,12.8426,-18.5954,15
21,2021-11,15,15_JNJ_Close,18.5,8.5,41,1.1822,-5.7653,41
21,2021-11,16,16_JPM_Close,18.5,8.5,40,5.9981,-10.1408,40
21,2021-11,17,17_KSS_Close,18.5,8.5,38,4.7315,-6.8867,11
21,2021-11,18,18_LIN_Close,18.5,8.5,44,1.5929,-7.8093,44
21,2021-11,19,19_LYV_Close,18.5,8.5,37,2.7222,-6.2042,21
21,2021-11,20,20_META_Close,18.5,8.5,37,0.9337,-7.1121,9
21,2021-11,21,21_MSFT_Close,18.5,8.5,42,1.7443,-5.5693,35
21,2021-11,22,22_M_Close,18.5,8.5,38,18.4961,-16.2345,40
21,2021-11,23,23_NAVI_Close,18.5,8.5,40,142.5169,-43.6485,40
21,2021-11,24,24_NEE_Close,18.5,8.5,47,4.1801,-15.7908,47
21,2021-11,25,25_NI_Close,18.5,8.5,47,60.4162,44.0206,1
21,2021-11,26,26_NVDA_Close,18.5,8.5,42,39.0614,24.4376,19
21,2021-11,27,27_NWSA_Close,18.5,8.5,37,24.2955,19.7689,13
21,2021-11,28,28_OI_Close,18.5,8.5,44,37.5496,-24.1826,40
21,2021-11,29,29_PG_Close,18.5,8.5,46,3.3722,-11.1581,46
21,2021-11,30,30_PLD_Close,18.5,8.5,45,2.654,-10.8709,47
21,2021-11,31,31_PNR_Close,18.5,8.5,43,10.3193,14.4028,15
21,2021-11,32,32_PNW_Close,18.5,8.5,47,4.6913,-17.2609,47
21,2021-11,33,33_PRGO_Close,18.5,8.5,41,5.6777,-6.908,17
21,2021-11,34,34_SEE_Close,18.5,8.5,44,10.7612,-7.2805,44
21,2021-11,35,35_STX_Close,18.5,8.5,42,2.0172,4.9882,39
21,2021-11,36,36_SYF_Close,18.5,8.5,40,11.9745,-12.9265,11
21,2021-11,37,37_Sector_Comm,10.0,0.0,0,73.0028,-36.4844,11
21,2021-11,38,38_Sector_Disc,10.0,0.0,0,133.2928,-42.4556,41
21,2021-11,39,39_Sector_Energy,10.0,0.0,0,78.0885,38.8132,35
21,2021-11,40,40_Sector_Fin,10.0,0.0,0,164.9733,-36.354,16
21,2021-11,41,41_Sector_Health,10.0,0.0,0,70.3834,-70.7077,15
21,2021-11,42,42_Sector_IT,10.0,0.0,0,32.7852,30.7964,48
21,2021-11,43,43_Sector_Ind,10.0,0.0,0,43.2408,-36.3816,7
21,2021-11,44,44_Sector_Mat,10.0,0.0,0,60.514,-46.4679,18
21,2021-11,45,45_Sector_RE,10.0,0.0,0,41.971,-39.5962,5
21,2021-11,46,46_Sector_Staples,10.0,0.0,0,60.7915,-36.3351,29
21,2021-11,47,47_Sector_Util,10.0,0.0,0,42.2915,-32.0853,24
21,2021-11,48,48_TSLA_Close,18.5,8.5,38,1.0813,-6.0103,13
21,2021-11,49,49_VNO_Close,18.5,8.5,45,5.7645,14.0944,47
21,2021-11,50,50_XOM_Close,18.5,8.5,39,8.8418,-13.7835,39
22,2021-12,0,00_AAPL_Close,18.5,8.5,42,3.5002,-5.4711,42
22,2021-12,1,01_AMZN_Close,18.5,8.5,38,1.0931,-5.2236,13
22,2021-12,2,02_APA_Close,18.5,8.5,39,8.4442,-12.0839,39
22,2021-12,3,03_AVGO_Close,18.5,8.5,42,27.3025,-18.0019,42
22,2021-12,4,04_BIIB_Close,18.5,8.5,41,2.1106,-11.6227,15
22,2021-12,5,05_BXP_Close,18.5,8.5,45,2.5407,-9.1334,45
22,2021-12,6,06_CAG_Close,18.5,8.5,46,16.1449,-20.3482,46
22,2021-12,7,07_CAT_Close,18.5,8.5,43,1.7749,-5.1574,9
22,2021-12,8,08_CPB_Close,18.5,8.5,46,12.19,-16.4088,46
22,2021-12,9,09_DIS_Close,18.5,8.5,37,1.0757,-5.0807,20
22,2021-12,10,10_DOV_Close,18.5,8.5,43,3.6066,7.6586,9
22,2021-12,11,11_GOOG_Close,18.5,8.5,37,2.0395,-5.0769,47
22,2021-12,12,12_HAL_Close,18.5,8.5,39,22.4101,-24.0649,39
22,2021-12,13,13_HD_Close,18.5,8.5,38,0.9374,-4.6589,1
22,2021-12,14,14_HPQ_Close,18.5,8.5,42,14.7853,-17.139,15
22,2021-12,15,15_JNJ_Close,18.5,8.5,41,1.4743,-4.7643,41
22,2021-12,16,16_JPM_Close,18.5,8.5,40,6.5497,-10.2069,40
22,2021-12,17,17_KSS_Close,18.5,8.5,38,4.4587,-6.9263,11
22,2021-12,18,18_LIN_Close,18.5,8.5,44,1.9383,-7.5853,44
22,2021-12,19,19_LYV_Close,18.5,8.5,37,2.3998,-5.5212,21
22,2021-12,20,20_META_Close,18.5,8.5,37,1.1498,-6.728,9
22,2021-12,21,21_MSFT_Close,18.5,8.5,42,1.9614,-5.8346,35
22,2021-12,22,22_M_Close,18.5,8.5,38,18.2803,-17.0563,40
22,2021-12,23,23_NAVI_Close,18.5,8.5,40,152.3306,-46.079,40
22,2021-12,24,24_NEE_Close,18.5,8.5,47,4.8825,-15.4553,47
22,2021-12,25,25_NI_Close,18.5,8.5,47,59.6185,30.6157,1
22,2021-12,26,26_NVDA_Close,18.5,8.5,42,11.2222,12.9893,19
22,2021-12,27,27_NWSA_Close,18.5,8.5,37,25.9395,18.6919,13
22,2021-12,28,28_OI_Close,18.5,8.5,44,36.4637,-17.1225,40
22,2021-12,29,29_PG_Close,18.5,8.5,46,3.4565,-11.1131,46
22,2021-12,30,30_PLD_Close,18.5,8.5,45,3.1285,-10.8487,47
22,2021-12,31,31_PNR_Close,18.5,8.5,43,9.9586,12.2183,15
22,2021-12,32,32_PNW_Close,18.5,8.5,47,5.6387,-16.7834,47
22,2021-12,33,33_PRGO_Close,18.5,8.5,41,4.0244,-6.6465,1
22,2021-12,34,34_SEE_Close,18.5,8.5,44,10.5475,-7.3239,44
22,2021-12,35,35_STX_Close,18.5,8.5,42,2.1574,-4.833,21
22,2021-12,36,36_SYF_Close,18.5,8.5,40,13.2461,-12.5922,11
22,2021-12,37,37_Sector_Comm,10.0,0.0,0,94.1726,-41.0207,11
22,2021-12,38,38_Sector_Disc,10.0,0.0,0,151.688,47.206,33
22,2021-12,39,39_Sector_Energy,10.0,0.0,0,96.0107,39.2915,35
22,2021-12,40,40_Sector_Fin,10.0,0.0,0,173.9862,-39.9805,15
22,2021-12,41,41_Sector_Health,10.0,0.0,0,81.394,-76.8039,15
22,2021-12,42,42_Sector_IT,10.0,0.0,0,40.1273,31.5221,48
22,2021-12,43,43_Sector_Ind,10.0,0.0,0,54.1946,-36.2904,7
22,2021-12,44,44_Sector_Mat,10.0,0.0,0,66.6784,-45.5191,18
22,2021-12,45,45_Sector_RE,10.0,0.0,0,45.9652,-42.2313,5
22,2021-12,46,46_Sector_Staples,10.0,0.0,0,57.1287,-35.0648,29
22,2021-12,47,47_Sector_Util,10.0,0.0,0,48.6361,-32.3132,24
22,2021-12,48,48_TSLA_Close,18.5,8.5,38,1.2952,-5.8613,13
22,2021-12,49,49_VNO_Close,18.5,8.5,45,6.8274,13.4985,47
22,2021-12,50,50_XOM_Close,18.5,8.5,39,10.2831,-13.2308,39
23,2022-01,0,00_AAPL_Close,18.5,8.5,42,4.457,-4.7556,42
23,2022-01,1,01_AMZN_Close,18.5,8.5,38,1.4394,-4.0974,13
23,2022-01,2,02_APA_Close,18.5,8.5,39,13.0912,-10.134,39
23,2022-01,3,03_AVGO_Close,18.5,8.5,42,12.7407,8.2172,19
23,2022-01,4,04_BIIB_Close,18.5,8.5,41,3.3008,-13.1447,15
23,2022-01,5,05_BXP_Close,18.5,8.5,45,3.3903,-8.2689,45
23,2022-01,6,06_CAG_Close,18.5,8.5,46,19.558,-18.1564,46
23,2022-01,7,07_CAT_Close,18.5,8.5,43,2.6409,-4.7244,46
23,2022-01,8,08_CPB_Close,18.5,8.5,46,17.4865,-14.4766,46
23,2022-01,9,09_DIS_Close,18.5,8.5,37,1.4815,-4.216,20
23,2022-01,10,10_DOV_Close,18.5,8.5,43,4.5829,-6.9399,19
23,2022-01,11,11_GOOG_Close,18.5,8.5,37,2.6931,-5.4543,9
23,2022-01,12,12_HAL_Close,18.5,8.5,39,29.3127,-24.2061,39
23,2022-01,13,13_HD_Close,18.5,8.5,38,0.807,-4.3893,1
23,2022-01,14,14_HPQ_Close,18.5,8.5,42,19.2071,-14.9184,15
23,2022-01,15,15_JNJ_Close,18.5,8.5,41,1.7592,-4.2907,41
23,2022-01,16,16_JPM_Close,18.5,8.5,40,8.1215,-11.1783,40
23,2022-01,17,17_KSS_Close,18.5,8.5,38,4.1866,-5.7013,33
23,2022-01,18,18_LIN_Close,18.5,8.5,44,3.1049,-6.8557,44
23,2022-01,19,19_LYV_Close,18.5,8.5,37,2.1819,-4.0503,10
23,2022-01,20,20_META_Close,18.5,8.5,37,1.219,-6.1169,9
23,2022-01,21,21_MSFT_Close,18.5,8.5,42,3.1083,-6.1455,35
23,2022-01,22,22_M_Close,18.5,8.5,38,25.2218,-17.4864,40
23,2022-01,23,23_NAVI_Close,18.5,8.5,40,178.9138,-53.6274,40
23,2022-01,24,24_NEE_Close,18.5,8.5,47,6.1163,-12.2621,47
23,2022-01,25,25_NI_Close,18.5,8.5,47,78.6352,26.2946,1
23,2022-01,26,26_NVDA_Close,18.5,8.5,42,15.8304,10.8802,19
23,2022-01,27,27_NWSA_Close,18.5,8.5,37,34.1166,13.7458,11
23,2022-01,28,28_OI_Close,18.5,8.5,44,42.1996,-14.5003,40
23,2022-01,29,29_PG_Close,18.5,8.5,46,4.5659,-10.1526,46
23,2022-01,30,30_PLD_Close,18.5,8.5,45,4.1102,10.2724,1
23,2022-01,31,31_PNR_Close,18.5,8.5,43,12.2795,12.3143,15
23,2022-01,32,32_PNW_Close,18.5,8.5,47,9.0111,-14.4052,47
23,2022-01,33,33_PRGO_Close,18.5,8.5,41,4.9229,-6.9103,17
23,2022-01,34,34_SEE_Close,18.5,8.5,44,12.4639,-7.0351,44
23,2022-01,35,35_STX_Close,18.5,8.5,42,3.1207,-5.1007,21
23,2022-01,36,36_SYF_Close,18.5,8.5,40,15.3883,-12.0984,11
23,2022-01,37,37_Sector_Comm,10.0,0.0,0,149.9554,-48.7308,11
23,2022-01,38,38_Sector_Disc,10.0,0.0,0,246.1905,-55.9999,1
23,2022-01,39,39_Sector_Energy,10.0,0.0,0,137.1451,-28.9992,50
23,2022-01,40,40_Sector_Fin,10.0,0.0,0,197.1216,-35.4658,16
23,2022-01,41,41_Sector_Health,10.0,0.0,0,128.4975,-88.6828,15
23,2022-01,42,42_Sector_IT,10.0,0.0,0,78.7497,-30.3818,0
23,2022-01,43,43_Sector_Ind,10.0,0.0,0,91.4971,-32.2533,7
23,2022-01,44,44_Sector_Mat,10.0,0.0,0,98.8386,-40.2777,18
23,2022-01,45,45_Sector_RE,10.0,0.0,0,79.9946,-44.1778,5
23,2022-01,46,46_Sector_Staples,10.0,0.0,0,79.5457,-36.6608,29
23,2022-01,47,47_Sector_Util,10.0,0.0,0,76.4657,-36.3557,24
23,2022-01,48,48_TSLA_Close,18.5,8.5,38,2.1554,-4.902,13
23,2022-01,49,49_VNO_Close,18.5,8.5,45,12.6542,-11.8012,45
23,2022-01,50,50_XOM_Close,18.5,8.5,39,10.9598,-11.9289,39
24,2022-02,0,00_AAPL_Close,18.5,8.5,42,4.7892,-4.8637,42
24,2022-02,1,01_AMZN_Close,18.5,8.5,38,1.2359,-4.4557,13
24,2022-02,2,02_APA_Close,18.5,8.5,39,13.2013,-11.1749,39
24,2022-02,3,03_AVGO_Close,18.5,8.5,42,14.5683,-9.2555,11
24,2022-02,4,04_BIIB_Close,18.5,8.5,41,3.4632,-13.1858,15
24,2022-02,5,05_BXP_Close,18.5,8.5,45,3.723,-7.2291,45
24,2022-02,6,06_CAG_Close,18.5,8.5,46,19.7456,-18.955,46
24,2022-02,7,07_CAT_Close,18.5,8.5,43,2.8607,-4.4394,10
24,2022-02,8,08_CPB_Close,18.5,8.5,46,16.1277,-13.6851,46
24,2022-02,9,09_DIS_Close,18.5,8.5,37,1.7697,-3.5744,11
24,2022-02,10,10_DOV_Close,18.5,8.5,43,4.7867,7.1387,9
24,2022-02,11,11_GOOG_Close,18.5,8.5,37,2.8306,-5.0839,9
24,2022-02,12,12_HAL_Close,18.5,8.5,39,32.4633,-24.4221,39
24,2022-02,13,13_HD_Close,18.5,8.5,38,0.8569,-4.7486,1
24,2022-02,14,14_HPQ_Close,18.5,8.5,42,18.3049,-13.2218,15
24,2022-02,15,15_JNJ_Close,18.5,8.5,41,1.864,-4.2681,41
24,2022-02,16,16_JPM_Close,18.5,8.5,40,8.8986,-10.584,40
24,2022-02,17,17_KSS_Close,18.5,8.5,38,4.6428,-6.1398,33
24,2022-02,18,18_LIN_Close,18.5,8.5,44,3.1034,-6.6638,44
24,2022-02,19,19_LYV_Close,18.5,8.5,37,2.39,-4.7518,9
24,2022-02,20,20_META_Close,18.5,8.5,37,1.9333,-5.6265,9
24,2022-02,21,21_MSFT_Close,18.5,8.5,42,3.2876,-6.5982,35
24,2022-02,22,22_M_Close,18.5,8.5,38,23.6041,-17.0712,40
24,2022-02,23,23_NAVI_Close,18.5,8.5,40,109.2397,38.0829,39
24,2022-02,24,24_NEE_Close,18.5,8.5,47,6.8789,-11.9343,47
24,2022-02,25,25_NI_Close,18.5,8.5,47,74.2369,23.4577,30
24,2022-02,26,26_NVDA_Close,18.5,8.5,42,15.5782,10.0778,19
24,2022-02,27,27_NWSA_Close,18.5,8.5,37,35.8151,14.6099,11
24,2022-02,28,28_OI_Close,18.5,8.5,44,44.9396,-16.2252,40
24,2022-02,29,29_PG_Close,18.5,8.5,46,4.7158,-10.2096,46
24,2022-02,30,30_PLD_Close,18.5,8.5,45,4.764,-4.7119,5
24,2022-02,31,31_PNR_Close,18.5,8.5,43,9.8576,9.3717,15
24,2022-02,32,32_PNW_Close,18.5,8.5,47,9.5797,-13.7431,47
24,2022-02,33,33_PRGO_Close,18.5,8.5,41,5.1638,-7.2601,17
24,2022-02,34,34_SEE_Close,18.5,8.5,44,12.6199,-6.7966,44
24,2022-02,35,35_STX_Close,18.5,8.5,42,3.0225,-5.1086,21
24,2022-02,36,36_SYF_Close,18.5,8.5,40,15.4504,-10.639,40
24,2022-02,37,37_Sector_Comm,10.0,0.0,0,154.1055,-51.1134,11
24,2022-02,38,38_Sector_Disc,10.0,0.0,0,210.4298,-57.0489,1
24,2022-02,39,39_Sector_Energy,10.0,0.0,0,121.5181,-32.3362,50
24,2022-02,40,40_Sector_Fin,10.0,0.0,0,198.1091,-32.9954,16
24,2022-02,41,41_Sector_Health,10.0,0.0,0,136.8535,-88.3254,15
24,2022-02,42,42_Sector_IT,10.0,0.0,0,80.7906,-28.4606,0
24,2022-02,43,43_Sector_Ind,10.0,0.0,0,106.4674,-28.1369,7
24,2022-02,44,44_Sector_Mat,10.0,0.0,0,101.4253,-40.5877,18
24,2022-02,45,45_Sector_RE,10.0,0.0,0,88.4229,-40.1397,5
24,2022-02,46,46_Sector_Staples,10.0,0.0,0,78.7657,-33.3184,29
24,2022-02,47,47_Sector_Util,10.0,0.0,0,86.8765,-34.9492,24
24,2022-02,48,48_TSLA_Close,18.5,8.5,38,2.1005,-4.7885,1
24,2022-02,49,49_VNO_Close,18.5,8.5,45,13.4024,-10.9846,46
24,2022-02,50,50_XOM_Close,18.5,8.5,39,8.7419,-11.9859,39
25,2022-03,0,00_AAPL_Close,18.5,8.5,42,5.2596,-4.6875,42
25,2022-03,1,01_AMZN_Close,18.5,8.5,38,1.3866,-4.0588,13
25,2022-03,2,02_APA_Close,18.5,8.5,39,14.9764,-10.5625,39
25,2022-03,3,03_AVGO_Close,18.5,8.5,42,8.974,-9.3575,11
25,2022-03,4,04_BIIB_Close,18.5,8.5,41,4.1771,-12.9302,15
25,2022-03,5,05_BXP_Close,18.5,8.5,45,4.1554,-7.3546,45
25,2022-03,6,06_CAG_Close,18.5,8.5,46,20.2437,-19.8759,46
25,2022-03,7,07_CAT_Close,18.5,8.5,43,2.7327,-4.8767,10
25,2022-03,8,08_CPB_Close,18.5,8.5,46,14.6454,-14.72,46
25,2022-03,9,09_DIS_Close,18.5,8.5,37,2.4641,-4.5911,11
25,2022-03,10,10_DOV_Close,18.5,8.5,43,4.5645,-7.2909,7
25,2022-03,11,11_GOOG_Close,18.5,8.5,37,3.0445,-4.7953,9
25,2022-03,12,12_HAL_Close,18.5,8.5,39,31.1543,-23.3833,39
25,2022-03,13,13_HD_Close,18.5,8.5,38,1.0058,-4.8759,1
25,2022-03,14,14_HPQ_Close,18.5,8.5,42,18.9285,-11.6791,15
25,2022-03,15,15_JNJ_Close,18.5,8.5,41,2.0275,-4.2119,41
25,2022-03,16,16_JPM_Close,18.5,8.5,40,9.6531,-10.8347,40
25,2022-03,17,17_KSS_Close,18.5,8.5,38,4.4212,-6.5,33
25,2022-03,18,18_LIN_Close,18.5,8.5,44,3.7059,-5.7313,44
25,2022-03,19,19_LYV_Close,18.5,8.5,37,2.7725,-4.8285,10
25,2022-03,20,20_META_Close,18.5,8.5,37,3.5356,-4.4029,45
25,2022-03,21,21_MSFT_Close,18.5,8.5,42,3.2315,-5.1095,35
25,2022-03,22,22_M_Close,18.5,8.5,38,19.0256,-15.3939,40
25,2022-03,23,23_NAVI_Close,18.5,8.5,40,116.275,-37.7589,40
25,2022-03,24,24_NEE_Close,18.5,8.5,47,7.6938,-11.7153,47
25,2022-03,25,25_NI_Close,18.5,8.5,47,85.5601,23.464,35
25,2022-03,26,26_NVDA_Close,18.5,8.5,42,17.0889,10.0428,19
25,2022-03,27,27_NWSA_Close,18.5,8.5,37,39.416,14.2879,11
25,2022-03,28,28_OI_Close,18.5,8.5,44,40.9375,-16.5372,40
25,2022-03,29,29_PG_Close,18.5,8.5,46,5.1324,-10.6945,46
25,2022-03,30,30_PLD_Close,18.5,8.5,45,4.4641,-4.3105,5
25,2022-03,31,31_PNR_Close,18.5,8.5,43,9.6944,8.6707,15
25,2022-03,32,32_PNW_Close,18.5,8.5,47,11.3753,-13.4082,47
25,2022-03,33,33_PRGO_Close,18.5,8.5,41,5.2466,-7.3924,17
25,2022-03,34,34_SEE_Close,18.5,8.5,44,9.9291,-7.782,44
25,2022-03,35,35_STX_Close,18.5,8.5,42,3.1302,-3.6517,21
25,2022-03,36,36_SYF_Close,18.5,8.5,40,17.9607,-10.9109,40
25,2022-03,37,37_Sector_Comm,10.0,0.0,0,177.2548,-49.4457,11
25,2022-03,38,38_Sector_Disc,10.0,0.0,0,235.4406,-56.243,1
25,2022-03,39,39_Sector_Energy,10.0,0.0,0,133.142,-32.6701,50
25,2022-03,40,40_Sector_Fin,10.0,0.0,0,209.8445,-34.9642,16
25,2022-03,41,41_Sector_Health,10.0,0.0,0,169.0469,-87.8757,15
25,2022-03,42,42_Sector_IT,10.0,0.0,0,103.0349,-30.769,0
25,2022-03,43,43_Sector_Ind,10.0,0.0,0,138.8753,-30.1358,44
25,2022-03,44,44_Sector_Mat,10.0,0.0,0,124.4196,31.2233,13
25,2022-03,45,45_Sector_RE,10.0,0.0,0,80.3568,-35.8375,5
25,2022-03,46,46_Sector_Staples,10.0,0.0,0,78.2739,-31.5629,29
25,2022-03,47,47_Sector_Util,10.0,0.0,0,101.5721,-35.2226,24
25,2022-03,48,48_TSLA_Close,18.5,8.5,38,2.2951,-4.7411,1
25,2022-03,49,49_VNO_Close,18.5,8.5,45,16.4074,10.28,39
25,2022-03,50,50_XOM_Close,18.5,8.5,39,9.2096,-11.8282,39
26,2022-04,0,00_AAPL_Close,18.5,8.5,42,4.7767,-5.2092,42
26,2022-04,1,01_AMZN_Close,18.5,8.5,38,1.6976,-3.4972,48
26,2022-04,2,02_APA_Close,18.5,8.5,39,15.6258,-9.5451,39
26,2022-04,3,03_AVGO_Close,18.5,8.5,42,7.5733,-9.2068,11
26,2022-04,4,04_BIIB_Close,18.5,8.5,41,4.1825,-12.6374,15
26,2022-04,5,05_BXP_Close,18.5,8.5,45,4.1684,-6.8483,45
26,2022-04,6,06_CAG_Close,18.5,8.5,46,21.3956,-19.3819,46
26,2022-04,7,07_CAT_Close,18.5,8.5,43,2.7913,4.4391,19
26,2022-04,8,08_CPB_Close,18.5,8.5,46,15.1989,-13.5173,46
26,2022-04,9,09_DIS_Close,18.5,8.5,37,2.547,-4.3573,11
26,2022-04,10,10_DOV_Close,18.5,8.5,43,5.0538,-5.972,7
26,2022-04,11,11_GOOG_Close,18.5,8.5,37,3.1643,-4.4766,9
26,2022-04,12,12_HAL_Close,18.5,8.5,39,29.3541,-20.6893,39
26,2022-04,13,13_HD_Close,18.5,8.5,38,1.5997,4.5767,44
26,2022-04,14,14_HPQ_Close,18.5,8.5,42,19.7047,-11.5446,15
26,2022-04,15,15_JNJ_Close,18.5,8.5,41,2.108,-4.2198,41
26,2022-04,16,16_JPM_Close,18.5,8.5,40,9.9139,-11.1605,40
26,2022-04,17,17_KSS_Close,18.5,8.5,38,4.7488,-6.0601,33
26,2022-04,18,18_LIN_Close,18.5,8.5,44,3.8905,-5.8223,44
26,2022-04,19,19_LYV_Close,18.5,8.5,37,2.7034,-4.7816,9
26,2022-04,20,20_META_Close,18.5,8.5,37,3.8158,-4.7593,45
26,2022-04,21,21_MSFT_Close,18.5,8.5,42,2.6038,-4.6444,35
26,2022-04,22,22_M_Close,18.5,8.5,38,19.2986,-15.9442,40
26,2022-04,23,23_NAVI_Close,18.5,8.5,40,116.2866,-39.2531,40
26,2022-04,24,24_NEE_Close,18.5,8.5,47,9.4949,-10.5496,47
26,2022-04,25,25_NI_Close,18.5,8.5,47,90.1284,22.8945,35
26,2022-04,26,26_NVDA_Close,18.5,8.5,42,15.5935,9.9284,19
26,2022-04,27,27_NWSA_Close,18.5,8.5,37,33.7993,14.354,33
26,2022-04,28,28_OI_Close,18.5,8.5,44,42.9165,-15.9486,40
26,2022-04,29,29_PG_Close,18.5,8.5,46,5.4699,-10.0723,46
26,2022-04,30,30_PLD_Close,18.5,8.5,45,4.2777,-4.2078,5
26,2022-04,31,31_PNR_Close,18.5,8.5,43,9.944,8.4052,15
26,2022-04,32,32_PNW_Close,18.5,8.5,47,9.2933,-11.9118,47
26,2022-04,33,33_PRGO_Close,18.5,8.5,41,4.8732,-5.9563,17
26,2022-04,34,34_SEE_Close,18.5,8.5,44,10.586,-7.5285,44
26,2022-04,35,35_STX_Close,18.5,8.5,42,3.287,-3.749,21
26,2022-04,36,36_SYF_Close,18.5,8.5,40,17.4334,-11.5668,40
26,2022-04,37,37_Sector_Comm,10.0,0.0,0,194.1465,-50.8891,11
26,2022-04,38,38_Sector_Disc,10.0,0.0,0,248.0192,-55.2877,1
26,2022-04,39,39_Sector_Energy,10.0,0.0,0,140.7831,-32.6743,50
26,2022-04,40,40_Sector_Fin,10.0,0.0,0,199.988,-33.4671,16
26,2022-04,41,41_Sector_Health,10.0,0.0,0,164.9814,-81.5753,15
26,2022-04,42,42_Sector_IT,10.0,0.0,0,124.058,-35.9981,0
26,2022-04,43,43_Sector_Ind,10.0,0.0,0,144.7647,30.7063,18
26,2022-04,44,44_Sector_Mat,10.0,0.0,0,120.9203,33.7083,13
26,2022-04,45,45_Sector_RE,10.0,0.0,0,89.0242,-36.0692,5
26,2022-04,46,46_Sector_Staples,10.0,0.0,0,88.3214,-30.9246,29
26,2022-04,47,47_Sector_Util,10.0,0.0,0,103.7567,-32.1032,32
26,2022-04,48,48_TSLA_Close,18.5,8.5,38,2.9052,-7.0637,1
26,2022-04,49,49_VNO_Close,18.5,8.5,45,12.7831,-11.7468,30
26,2022-04,50,50_XOM_Close,18.5,8.5,39,9.8211,-11.9288,39
27,2022-05,0,00_AAPL_Close,18.5,8.5,42,5.9002,4.2736,17
27,2022-05,1,01_AMZN_Close,18.5,8.5,38,2.6214,-3.1523,0
27,2022-05,2,02_APA_Close,18.5,8.5,39,20.8979,-8.6389,39
27,2022-05,3,03_AVGO_Close,18.5,8.5,42,8.3049,-9.2353,11
27,2022-05,4,04_BIIB_Close,18.5,8.5,41,5.5228,-13.2078,15
27,2022-05,5,05_BXP_Close,18.5,8.5,45,5.5056,-8.1089,30
27,2022-05,6,06_CAG_Close,18.5,8.5,46,27.2978,-17.3841,46
27,2022-05,7,07_CAT_Close,18.5,8.5,43,3.8053,-4.5023,11
27,2022-05,8,08_CPB_Close,18.5,8.5,46,18.3928,-13.2388,46
27,2022-05,9,09_DIS_Close,18.5,8.5,37,3.6489,-5.066,11
27,2022-05,10,10_DOV_Close,18.5,8.5,43,6.9224,-5.1111,30
27,2022-05,11,11_GOOG_Close,18.5,8.5,37,3.9144,-4.9979,3
27,2022-05,12,12_HAL_Close,18.5,8.5,39,37.241,-19.5432,39
27,2022-05,13,13_HD_Close,18.5,8.5,38,2.5054,4.4889,44
27,2022-05,14,14_HPQ_Close,18.5,8.5,42,25.147,10.6592,9
27,2022-05,15,15_JNJ_Close,18.5,8.5,41,2.5241,-3.9711,41
27,2022-05,16,16_JPM_Close,18.5,8.5,40,8.9251,-10.6686,40
27,2022-05,17,17_KSS_Close,18.5,8.5,38,4.5582,-5.0096,33
27,2022-05,18,18_LIN_Close,18.5,8.5,44,5.9024,4.6476,43
27,2022-05,19,19_LYV_Close,18.5,8.5,37,3.6395,-4.8312,9
27,2022-05,20,20_META_Close,18.5,8.5,37,7.9745,-6.5185,40
27,2022-05,21,21_MSFT_Close,18.5,8.5,42,3.5926,-5.1321,35
27,2022-05,22,22_M_Close,18.5,8.5,38,23.0457,-12.6489,40
27,2022-05,23,23_NAVI_Close,18.5,8.5,40,134.1482,35.8566,39
27,2022-05,24,24_NEE_Close,18.5,8.5,47,14.8361,-8.7721,40
27,2022-05,25,25_NI_Close,18.5,8.5,47,97.959,24.0888,35
27,2022-05,26,26_NVDA_Close,18.5,8.5,42,21.994,9.8476,19
27,2022-05,27,27_NWSA_Close,18.5,8.5,37,42.6538,13.5826,40
27,2022-05,28,28_OI_Close,18.5,8.5,44,46.4523,-15.4456,40
27,2022-05,29,29_PG_Close,18.5,8.5,46,7.9233,-9.4984,46
27,2022-05,30,30_PLD_Close,18.5,8.5,45,3.2887,-4.6663,5
27,2022-05,31,31_PNR_Close,18.5,8.5,43,11.635,7.5671,15
27,2022-05,32,32_PNW_Close,18.5,8.5,47,15.5445,-9.7767,47
27,2022-05,33,33_PRGO_Close,18.5,8.5,41,4.6458,-6.9321,17
27,2022-05,34,34_SEE_Close,18.5,8.5,44,12.0648,-6.015,44
27,2022-05,35,35_STX_Close,18.5,8.5,42,3.838,-3.6225,21
27,2022-05,36,36_SYF_Close,18.5,8.5,40,20.8072,-11.6932,40
27,2022-05,37,37_Sector_Comm,10.0,0.0,0,227.9277,-59.3366,11
27,2022-05,38,38_Sector_Disc,10.0,0.0,0,360.8306,-54.1509,17
27,2022-05,39,39_Sector_Energy,10.0,0.0,0,170.0502,-33.5321,50
27,2022-05,40,40_Sector_Fin,10.0,0.0,0,222.2485,-35.715,16
27,2022-05,41,41_Sector_Health,10.0,0.0,0,190.4626,-82.5227,15
27,2022-05,42,42_Sector_IT,10.0,0.0,0,154.0433,-34.812,0
27,2022-05,43,43_Sector_Ind,10.0,0.0,0,220.8213,-32.3765,44
27,2022-05,44,44_Sector_Mat,10.0,0.0,0,169.1304,33.2602,13
27,2022-05,45,45_Sector_RE,10.0,0.0,0,66.0105,-33.3576,5
27,2022-05,46,46_Sector_Staples,10.0,0.0,0,125.5179,-27.4455,29
27,2022-05,47,47_Sector_Util,10.0,0.0,0,217.7381,-32.5875,24
27,2022-05,48,48_TSLA_Close,18.5,8.5,38,4.9915,-7.242,1
27,2022-05,49,49_VNO_Close,18.5,8.5,45,15.7405,-14.0135,30
27,2022-05,50,50_XOM_Close,18.5,8.5,39,10.3823,-10.9577,39
28,2022-06,0,00_AAPL_Close,18.5,8.5,42,6.6442,-4.3858,1
28,2022-06,1,01_AMZN_Close,18.5,8.5,38,3.707,-3.8647,0
28,2022-06,2,02_APA_Close,18.5,8.5,39,24.3391,7.9304,0
28,2022-06,3,03_AVGO_Close,18.5,8.5,42,9.877,-9.1274,11
28,2022-06,4,04_BIIB_Close,18.5,8.5,41,8.6468,-12.991,15
28,2022-06,5,05_BXP_Close,18.5,8.5,45,6.5344,-9.2608,30
28,2022-06,6,06_CAG_Close,18.5,8.5,46,33.9481,-15.196,46
28,2022-06,7,07_CAT_Close,18.5,8.5,43,4.3324,-4.9302,10
28,2022-06,8,08_CPB_Close,18.5,8.5,46,22.2156,-12.7376,46
28,2022-06,9,09_DIS_Close,18.5,8.5,37,4.7045,-5.2219,11
28,2022-06,10,10_DOV_Close,18.5,8.5,43,7.0918,-5.8835,30
28,2022-06,11,11_GOOG_Close,18.5,8.5,37,5.105,-5.3648,9
28,2022-06,12,12_HAL_Close,18.5,8.5,39,47.1723,-16.8969,39
28,2022-06,13,13_HD_Close,18.5,8.5,38,3.2333,5.3772,44
28,2022-06,14,14_HPQ_Close,18.5,8.5,42,27.7964,10.3092,9
28,2022-06,15,15_JNJ_Close,18.5,8.5,41,2.9531,-3.9019,41
28,2022-06,16,16_JPM_Close,18.5,8.5,40,12.2738,-9.5073,40
28,2022-06,17,17_KSS_Close,18.5,8.5,38,5.2965,-3.2793,1
28,2022-06,18,18_LIN_Close,18.5,8.5,44,8.7006,-5.2458,34
28,2022-06,19,19_LYV_Close,18.5,8.5,37,5.3928,-5.266,9
28,2022-06,20,20_META_Close,18.5,8.5,37,12.2315,-7.6328,40
28,2022-06,21,21_MSFT_Close,18.5,8.5,42,4.6128,-5.853,35
28,2022-06,22,22_M_Close,18.5,8.5,38,28.2112,-12.344,40
28,2022-06,23,23_NAVI_Close,18.5,8.5,40,169.9773,-33.1858,40
28,2022-06,24,24_NEE_Close,18.5,8.5,47,18.793,-9.4373,40
28,2022-06,25,25_NI_Close,18.5,8.5,47,115.9543,25.533,35
28,2022-06,26,26_NVDA_Close,18.5,8.5,42,24.7583,9.0085,19
28,2022-06,27,27_NWSA_Close,18.5,8.5,37,49.9848,13.8951,40
28,2022-06,28,28_OI_Close,18.5,8.5,44,53.4485,-13.7188,40
28,2022-06,29,29_PG_Close,18.5,8.5,46,10.8565,-8.7559,46
28,2022-06,30,30_PLD_Close,18.5,8.5,45,3.7968,-4.894,5
28,2022-06,31,31_PNR_Close,18.5,8.5,43,14.1309,7.0219,15
28,2022-06,32,32_PNW_Close,18.5,8.5,47,20.6795,9.0751,40
28,2022-06,33,33_PRGO_Close,18.5,8.5,41,6.2306,-4.6432,17
28,2022-06,34,34_SEE_Close,18.5,8.5,44,13.1483,-5.8384,44
28,2022-06,35,35_STX_Close,18.5,8.5,42,4.2628,-4.0154,21
28,2022-06,36,36_SYF_Close,18.5,8.5,40,22.0437,-10.8307,40
28,2022-06,37,37_Sector_Comm,10.0,0.0,0,404.1848,-64.7501,11
28,2022-06,38,38_Sector_Disc,10.0,0.0,0,493.6771,-61.4179,17
28,2022-06,39,39_Sector_Energy,10.0,0.0,0,214.9766,-34.151,30
28,2022-06,40,40_Sector_Fin,10.0,0.0,0,270.0446,-31.4788,16
28,2022-06,41,41_Sector_Health,10.0,0.0,0,286.6775,-84.3574,15
28,2022-06,42,42_Sector_IT,10.0,0.0,0,226.6376,-47.194,0
28,2022-06,43,43_Sector_Ind,10.0,0.0,0,282.161,38.4872,30
28,2022-06,44,44_Sector_Mat,10.0,0.0,0,257.1984,-39.2781,34
28,2022-06,45,45_Sector_RE,10.0,0.0,0,108.3931,-34.0605,5
28,2022-06,46,46_Sector_Staples,10.0,0.0,0,172.0164,-27.4634,29
28,2022-06,47,47_Sector_Util,10.0,0.0,0,334.2784,-33.9964,24
28,2022-06,48,48_TSLA_Close,18.5,8.5,38,8.9007,-6.9764,1
28,2022-06,49,49_VNO_Close,18.5,8.5,45,15.3791,-13.353,30
28,2022-06,50,50_XOM_Close,18.5,8.5,39,13.1729,-9.3035,39
29,2022-07,0,00_AAPL_Close,18.5,8.5,42,5.1625,3.6045,31
29,2022-07,1,01_AMZN_Close,18.5,8.5,38,4.7378,-3.512,17
29,2022-07,2,02_APA_Close,18.5,8.5,39,26.5134,-6.295,35
29,2022-07,3,03_AVGO_Close,18.5,8.5,42,11.0067,-8.2647,11
29,2022-07,4,04_BIIB_Close,18.5,8.5,41,10.0897,-14.3185,15
29,2022-07,5,05_BXP_Close,18.5,8.5,45,8.39,-9.1873,30
29,2022-07,6,06_CAG_Close,18.5,8.5,46,39.6807,-14.2232,46
29,2022-07,7,07_CAT_Close,18.5,8.5,43,7.6027,-5.3928,10
29,2022-07,8,08_CPB_Close,18.5,8.5,46,24.141,-12.0454,46
29,2022-07,9,09_DIS_Close,18.5,8.5,37,5.7071,-5.1319,19
29,2022-07,10,10_DOV_Close,18.5,8.5,43,8.8813,-5.1325,43
29,2022-07,11,11_GOOG_Close,18.5,8.5,37,6.9932,-5.6373,3
29,2022-07,12,12_HAL_Close,18.5,8.5,39,50.2284,-14.9201,39
29,2022-07,13,13_HD_Close,18.5,8.5,38,4.4248,5.111,44
29,2022-07,14,14_HPQ_Close,18.5,8.5,42,31.619,-8.6916,0
29,2022-07,15,15_JNJ_Close,18.5,8.5,41,3.3999,-3.6828,4
29,2022-07,16,16_JPM_Close,18.5,8.5,40,15.0778,-9.5136,40
29,2022-07,17,17_KSS_Close,18.5,8.5,38,5.8059,-3.5155,1
29,2022-07,18,18_LIN_Close,18.5,8.5,44,10.2501,-5.9392,34
29,2022-07,19,19_LYV_Close,18.5,8.5,37,7.481,-5.7396,9
29,2022-07,20,20_META_Close,18.5,8.5,37,16.0508,-8.5397,40
29,2022-07,21,21_MSFT_Close,18.5,8.5,42,4.0508,-6.5813,35
29,2022-07,22,22_M_Close,18.5,8.5,38,32.6548,-11.5134,40
29,2022-07,23,23_NAVI_Close,18.5,8.5,40,191.1142,-32.6155,40
29,2022-07,24,24_NEE_Close,18.5,8.5,47,19.3706,-8.1963,47
29,2022-07,25,25_NI_Close,18.5,8.5,47,128.3962,25.8366,35
29,2022-07,26,26_NVDA_Close,18.5,8.5,42,23.1236,8.9842,19
29,2022-07,27,27_NWSA_Close,18.5,8.5,37,52.7298,10.7173,40
29,2022-07,28,28_OI_Close,18.5,8.5,44,57.7915,-13.3571,40
29,2022-07,29,29_PG_Close,18.5,8.5,46,14.1824,-7.9117,46
29,2022-07,30,30_PLD_Close,18.5,8.5,45,4.1281,-4.8435,5
29,2022-07,31,31_PNR_Close,18.5,8.5,43,15.7548,9.2617,0
29,2022-07,32,32_PNW_Close,18.5,8.5,47,25.3801,9.1722,40
29,2022-07,33,33_PRGO_Close,18.5,8.5,41,8.5103,-6.2619,15
29,2022-07,34,34_SEE_Close,18.5,8.5,44,14.5568,-5.5547,44
29,2022-07,35,35_STX_Close,18.5,8.5,42,4.2197,-4.0062,21
29,2022-07,36,36_SYF_Close,18.5,8.5,40,20.5928,-11.132,40
29,2022-07,37,37_Sector_Comm,10.0,0.0,0,559.1152,-62.6164,11
29,2022-07,38,38_Sector_Disc,10.0,0.0,0,679.7697,-70.2385,17
29,2022-07,39,39_Sector_Energy,10.0,0.0,0,291.8398,-31.8572,40
29,2022-07,40,40_Sector_Fin,10.0,0.0,0,298.1054,-28.7751,36
29,2022-07,41,41_Sector_Health,10.0,0.0,0,353.7095,-90.4752,15
29,2022-07,42,42_Sector_IT,10.0,0.0,0,367.4309,49.8274,1
29,2022-07,43,43_Sector_Ind,10.0,0.0,0,305.439,-42.7312,10
29,2022-07,44,44_Sector_Mat,10.0,0.0,0,319.8782,-44.6036,34
29,2022-07,45,45_Sector_RE,10.0,0.0,0,156.5622,-33.4538,5
29,2022-07,46,46_Sector_Staples,10.0,0.0,0,195.2182,-25.257,8
29,2022-07,47,47_Sector_Util,10.0,0.0,0,458.8139,-37.4376,24
29,2022-07,48,48_TSLA_Close,18.5,8.5,38,11.6248,-7.8729,17
29,2022-07,49,49_VNO_Close,18.5,8.5,45,16.6209,-12.8203,30
29,2022-07,50,50_XOM_Close,18.5,8.5,39,13.4393,7.9455,35
30,2022-08,0,00_AAPL_Close,18.5,8.5,42,5.1951,3.8045,31
30,2022-08,1,01_AMZN_Close,18.5,8.5,38,4.7496,3.3443,42
30,2022-08,2,02_APA_Close,18.5,8.5,39,26.2935,-6.7293,33
30,2022-08,3,03_AVGO_Close,18.5,8.5,42,9.046,-8.2141,11
30,2022-08,4,04_BIIB_Close,18.5,8.5,41,10.6788,-12.711,15
30,2022-08,5,05_BXP_Close,18.5,8.5,45,8.7142,-9.1144,30
30,2022-08,6,06_CAG_Close,18.5,8.5,46,40.4973,-13.8576,46
30,2022-08,7,07_CAT_Close,18.5,8.5,43,8.0176,-5.8163,10
30,2022-08,8,08_CPB_Close,18.5,8.5,46,25.9546,-12.4275,46
30,2022-08,9,09_DIS_Close,18.5,8.5,37,5.6794,-5.2434,11
30,2022-08,10,10_DOV_Close,18.5,8.5,43,8.3342,-5.1811,43
30,2022-08,11,11_GOOG_Close,18.5,8.5,37,6.7262,-5.9083,3
30,2022-08,12,12_HAL_Close,18.5,8.5,39,44.6338,-12.6667,39
30,2022-08,13,13_HD_Close,18.5,8.5,38,4.5388,5.0201,44
30,2022-08,14,14_HPQ_Close,18.5,8.5,42,33.0894,-6.6841,31
30,2022-08,15,15_JNJ_Close,18.5,8.5,41,3.6011,-3.6545,4
30,2022-08,16,16_JPM_Close,18.5,8.5,40,14.6457,-9.4431,40
30,2022-08,17,17_KSS_Close,18.5,8.5,38,5.9137,-3.3704,48
30,2022-08,18,18_LIN_Close,18.5,8.5,44,10.4812,-6.2885,34
30,2022-08,19,19_LYV_Close,18.5,8.5,37,7.7167,-5.8501,9
30,2022-08,20,20_META_Close,18.5,8.5,37,15.1782,-8.7986,40
30,2022-08,21,21_MSFT_Close,18.5,8.5,42,3.8289,-6.0505,35
30,2022-08,22,22_M_Close,18.5,8.5,38,30.3408,-10.774,40
30,2022-08,23,23_NAVI_Close,18.5,8.5,40,189.4419,-32.4824,40
30,2022-08,24,24_NEE_Close,18.5,8.5,47,16.5542,-8.5104,47
30,2022-08,25,25_NI_Close,18.5,8.5,47,130.9331,25.4614,35
30,2022-08,26,26_NVDA_Close,18.5,8.5,42,23.6279,8.2616,19
30,2022-08,27,27_NWSA_Close,18.5,8.5,37,53.9388,10.9884,40
30,2022-08,28,28_OI_Close,18.5,8.5,44,59.0727,-13.0062,40
30,2022-08,29,29_PG_Close,18.5,8.5,46,13.885,-8.2441,46
30,2022-08,30,30_PLD_Close,18.5,8.5,45,4.295,-4.8513,5
30,2022-08,31,31_PNR_Close,18.5,8.5,43,14.7568,9.0521,0
30,2022-08,32,32_PNW_Close,18.5,8.5,47,26.2972,-9.0348,47
30,2022-08,33,33_PRGO_Close,18.5,8.5,41,8.2523,-4.9441,15
30,2022-08,34,34_SEE_Close,18.5,8.5,44,13.2853,-5.8434,44
30,2022-08,35,35_STX_Close,18.5,8.5,42,4.5612,-3.6736,21
30,2022-08,36,36_SYF_Close,18.5,8.5,40,21.2586,-10.786,40
30,2022-08,37,37_Sector_Comm,10.0,0.0,0,644.6947,-67.0154,11
30,2022-08,38,38_Sector_Disc,10.0,0.0,0,682.5542,-71.6117,17
30,2022-08,39,39_Sector_Energy,10.0,0.0,0,299.1412,-31.1892,40
30,2022-08,40,40_Sector_Fin,10.0,0.0,0,297.7576,-28.9212,16
30,2022-08,41,41_Sector_Health,10.0,0.0,0,363.0819,-77.9347,15
30,2022-08,42,42_Sector_IT,10.0,0.0,0,412.0758,54.4083,1
30,2022-08,43,43_Sector_Ind,10.0,0.0,0,275.9774,-45.5621,10
30,2022-08,44,44_Sector_Mat,10.0,0.0,0,352.3195,-48.0726,34
30,2022-08,45,45_Sector_RE,10.0,0.0,0,178.1454,-34.0016,5
30,2022-08,46,46_Sector_Staples,10.0,0.0,0,207.0259,-25.9541,29
30,2022-08,47,47_Sector_Util,10.0,0.0,0,428.7175,38.0414,1
30,2022-08,48,48_TSLA_Close,18.5,8.5,38,11.7665,-7.9691,17
30,2022-08,49,49_VNO_Close,18.5,8.5,45,17.1354,-12.7761,30
30,2022-08,50,50_XOM_Close,18.5,8.5,39,12.2066,6.5041,35
31,2022-09,0,00_AAPL_Close,18.5,8.5,42,5.3718,3.8526,31
31,2022-09,1,01_AMZN_Close,18.5,8.5,38,3.2116,-3.6037,17
31,2022-09,2,02_APA_Close,18.5,8.5,39,27.9752,-6.3743,50
31,2022-09,3,03_AVGO_Close,18.5,8.5,42,9.8073,-7.8747,11
31,2022-09,4,04_BIIB_Close,18.5,8.5,41,11.1503,-12.4006,15
31,2022-09,5,05_BXP_Close,18.5,8.5,45,9.2141,-8.2365,30
31,2022-09,6,06_CAG_Close,18.5,8.5,46,43.7098,-12.5748,46
31,2022-09,7,07_CAT_Close,18.5,8.5,43,8.4967,-5.4547,10
31,2022-09,8,08_CPB_Close,18.5,8.5,46,22.725,-11.1143,46
31,2022-09,9,09_DIS_Close,18.5,8.5,37,5.8814,-5.3942,19
31,2022-09,10,10_DOV_Close,18.5,8.5,43,7.7829,-4.9896,43
31,2022-09,11,11_GOOG_Close,18.5,8.5,37,6.8759,-5.3992,3
31,2022-09,12,12_HAL_Close,18.5,8.5,39,50.0589,-11.823,39
31,2022-09,13,13_HD_Close,18.5,8.5,38,4.7334,5.0909,44
31,2022-09,14,14_HPQ_Close,18.5,8.5,42,31.3669,-6.5855,34
31,2022-09,15,15_JNJ_Close,18.5,8.5,41,4.0384,-3.7329,4
31,2022-09,16,16_JPM_Close,18.5,8.5,40,14.9332,-9.4716,40
31,2022-09,17,17_KSS_Close,18.5,8.5,38,6.2181,-3.8427,1
31,2022-09,18,18_LIN_Close,18.5,8.5,44,10.7187,-6.484,34
31,2022-09,19,19_LYV_Close,18.5,8.5,37,7.6069,-6.0085,9
31,2022-09,20,20_META_Close,18.5,8.5,37,15.9673,-8.9187,40
31,2022-09,21,21_MSFT_Close,18.5,8.5,42,3.7251,-5.7521,35
31,2022-09,22,22_M_Close,18.5,8.5,38,27.6939,-11.1452,40
31,2022-09,23,23_NAVI_Close,18.5,8.5,40,197.4435,-32.2976,40
31,2022-09,24,24_NEE_Close,18.5,8.5,47,14.2326,-8.4359,40
31,2022-09,25,25_NI_Close,18.5,8.5,47,126.1295,21.7622,35
31,2022-09,26,26_NVDA_Close,18.5,8.5,42,24.1487,8.5867,19
31,2022-09,27,27_NWSA_Close,18.5,8.5,37,54.949,9.3731,40
31,2022-09,28,28_OI_Close,18.5,8.5,44,61.7319,-13.1411,40
31,2022-09,29,29_PG_Close,18.5,8.5,46,16.0055,-7.4453,46
31,2022-09,30,30_PLD_Close,18.5,8.5,45,4.9651,-4.6477,5
31,2022-09,31,31_PNR_Close,18.5,8.5,43,15.4714,9.0728,0
31,2022-09,32,32_PNW_Close,18.5,8.5,47,24.4421,-9.4345,47
31,2022-09,33,33_PRGO_Close,18.5,8.5,41,8.5273,-5.0478,15
31,2022-09,34,34_SEE_Close,18.5,8.5,44,12.793,-5.8926,44
31,2022-09,35,35_STX_Close,18.5,8.5,42,4.8281,-3.5673,21
31,2022-09,36,36_SYF_Close,18.5,8.5,40,22.0928,-10.8422,40
31,2022-09,37,37_Sector_Comm,10.0,0.0,0,731.3439,-70.9388,11
31,2022-09,38,38_Sector_Disc,10.0,0.0,0,594.2473,-65.8491,17
31,2022-09,39,39_Sector_Energy,10.0,0.0,0,282.3948,-34.6938,40
31,2022-09,40,40_Sector_Fin,10.0,0.0,0,304.6147,-28.8142,16
31,2022-09,41,41_Sector_Health,10.0,0.0,0,427.8143,-78.8478,15
31,2022-09,42,42_Sector_IT,10.0,0.0,0,302.5091,57.1999,1
31,2022-09,43,43_Sector_Ind,10.0,0.0,0,200.3549,-42.5407,10
31,2022-09,44,44_Sector_Mat,10.0,0.0,0,366.889,-49.7893,34
31,2022-09,45,45_Sector_RE,10.0,0.0,0,192.4803,-31.9402,5
31,2022-09,46,46_Sector_Staples,10.0,0.0,0,209.1891,-28.1114,8
31,2022-09,47,47_Sector_Util,10.0,0.0,0,266.8415,42.2875,1
31,2022-09,48,48_TSLA_Close,18.5,8.5,38,11.3155,-7.3532,17
31,2022-09,49,49_VNO_Close,18.5,8.5,45,19.8806,-10.6687,30
31,2022-09,50,50_XOM_Close,18.5,8.5,39,12.635,6.051,35
32,2022-10,0,00_AAPL_Close,18.5,8.5,42,5.5309,-3.5736,21
32,2022-10,1,01_AMZN_Close,18.5,8.5,38,2.9453,-3.925,17
32,2022-10,2,02_APA_Close,18.5,8.5,39,29.7072,-6.6114,50
32,2022-10,3,03_AVGO_Close,18.5,8.5,42,9.4328,-8.6971,11
32,2022-10,4,04_BIIB_Close,18.5,8.5,41,11.6931,-11.7025,15
32,2022-10,5,05_BXP_Close,18.5,8.5,45,11.8973,-8.5787,30
32,2022-10,6,06_CAG_Close,18.5,8.5,46,47.9586,-11.2598,46
32,2022-10,7,07_CAT_Close,18.5,8.5,43,10.3697,-5.3248,0
32,2022-10,8,08_CPB_Close,18.5,8.5,46,24.4845,-10.2661,46
32,2022-10,9,09_DIS_Close,18.5,8.5,37,5.7794,-5.4804,11
32,2022-10,10,10_DOV_Close,18.5,8.5,43,8.5253,-5.2303,43
32,2022-10,11,11_GOOG_Close,18.5,8.5,37,6.5493,-5.3733,3
32,2022-10,12,12_HAL_Close,18.5,8.5,39,55.8207,8.9928,40
32,2022-10,13,13_HD_Close,18.5,8.5,38,5.0604,5.0815,44
32,2022-10,14,14_HPQ_Close,18.5,8.5,42,31.0148,-6.7738,31
32,2022-10,15,15_JNJ_Close,18.5,8.5,41,4.3143,-3.6814,4
32,2022-10,16,16_JPM_Close,18.5,8.5,40,15.7583,-8.0465,40
32,2022-10,17,17_KSS_Close,18.5,8.5,38,4.9281,-3.6923,1
32,2022-10,18,18_LIN_Close,18.5,8.5,44,12.6693,-6.5536,34
32,2022-10,19,19_LYV_Close,18.5,8.5,37,8.2941,-5.8764,9
32,2022-10,20,20_META_Close,18.5,8.5,37,13.7207,-9.2262,11
32,2022-10,21,21_MSFT_Close,18.5,8.5,42,4.3662,-5.2461,0
32,2022-10,22,22_M_Close,18.5,8.5,38,27.5726,-10.7241,40
32,2022-10,23,23_NAVI_Close,18.5,8.5,40,185.3241,-28.2554,40
32,2022-10,24,24_NEE_Close,18.5,8.5,47,14.9887,-8.4485,40
32,2022-10,25,25_NI_Close,18.5,8.5,47,133.1562,21.4402,35
32,2022-10,26,26_NVDA_Close,18.5,8.5,42,20.6278,6.8696,19
32,2022-10,27,27_NWSA_Close,18.5,8.5,37,49.7326,9.7482,33
32,2022-10,28,28_OI_Close,18.5,8.5,44,64.3521,-12.7698,40
32,2022-10,29,29_PG_Close,18.5,8.5,46,18.3751,-6.7273,46
32,2022-10,30,30_PLD_Close,18.5,8.5,45,5.6964,-4.4738,5
32,2022-10,31,31_PNR_Close,18.5,8.5,43,16.5126,6.2725,0
32,2022-10,32,32_PNW_Close,18.5,8.5,47,31.0017,-8.6895,47
32,2022-10,33,33_PRGO_Close,18.5,8.5,41,8.7785,-4.6772,15
32,2022-10,34,34_SEE_Close,18.5,8.5,44,14.165,-5.9915,44
32,2022-10,35,35_STX_Close,18.5,8.5,42,4.9795,-2.8964,21
32,2022-10,36,36_SYF_Close,18.5,8.5,40,19.6412,-9.8495,40
32,2022-10,37,37_Sector_Comm,10.0,0.0,0,953.1717,-82.1642,11
32,2022-10,38,38_Sector_Disc,10.0,0.0,0,677.8446,-76.7725,17
32,2022-10,39,39_Sector_Energy,10.0,0.0,0,420.0886,-39.358,40
32,2022-10,40,40_Sector_Fin,10.0,0.0,0,312.1565,-28.6825,36
32,2022-10,41,41_Sector_Health,10.0,0.0,0,459.4289,-73.0883,15
32,2022-10,42,42_Sector_IT,10.0,0.0,0,310.1088,58.4248,1
32,2022-10,43,43_Sector_Ind,10.0,0.0,0,242.2831,-43.8591,10
32,2022-10,44,44_Sector_Mat,10.0,0.0,0,403.2877,-51.2991,34
32,2022-10,45,45_Sector_RE,10.0,0.0,0,194.5021,-29.0212,5
32,2022-10,46,46_Sector_Staples,10.0,0.0,0,260.1955,31.5744,30
32,2022-10,47,47_Sector_Util,10.0,0.0,0,307.1245,40.3365,1
32,2022-10,48,48_TSLA_Close,18.5,8.5,38,11.8238,-8.1945,17
32,2022-10,49,49_VNO_Close,18.5,8.5,45,21.3648,-10.4787,30
32,2022-10,50,50_XOM_Close,18.5,8.5,39,15.8112,7.4624,35
33,2022-11,0,00_AAPL_Close,18.5,8.5,42,5.7582,-3.0761,35
33,2022-11,1,01_AMZN_Close,18.5,8.5,38,3.1617,-4.1118,17
33,2022-11,2,02_APA_Close,18.5,8.5,39,31.2404,-6.9501,50
33,2022-11,3,03_AVGO_Close,18.5,8.5,42,9.9517,-8.7523,11
33,2022-11,4,04_BIIB_Close,18.5,8.5,41,13.2344,-11.3554,15
33,2022-11,5,05_BXP_Close,18.5,8.5,45,12.951,-8.478,30
33,2022-11,6,06_CAG_Close,18.5,8.5,46,52.5873,-10.0273,46
33,2022-11,7,07_CAT_Close,18.5,8.5,43,11.7287,-5.6503,0
33,2022-11,8,08_CPB_Close,18.5,8.5,46,25.6812,-9.2122,46
33,2022-11,9,09_DIS_Close,18.5,8.5,37,6.7358,-5.5426,11
33,2022-11,10,10_DOV_Close,18.5,8.5,43,9.5976,-4.4158,43
33,2022-11,11,11_GOOG_Close,18.5,8.5,37,6.8677,-5.4111,3
33,2022-11,12,12_HAL_Close,18.5,8.5,39,61.3575,9.0478,40
33,2022-11,13,13_HD_Close,18.5,8.5,38,5.6509,-4.9677,17
33,2022-11,14,14_HPQ_Close,18.5,8.5,42,33.0069,-6.8764,31
33,2022-11,15,15_JNJ_Close,18.5,8.5,41,4.7894,-3.9232,33
33,2022-11,16,16_JPM_Close,18.5,8.5,40,17.8828,-7.9089,40
33,2022-11,17,17_KSS_Close,18.5,8.5,38,5.4449,-3.7863,1
33,2022-11,18,18_LIN_Close,18.5,8.5,44,14.3387,-7.0959,34
33,2022-11,19,19_LYV_Close,18.5,8.5,37,9.0961,-5.7651,9
33,2022-11,20,20_META_Close,18.5,8.5,37,17.8872,-10.5923,11
33,2022-11,21,21_MSFT_Close,18.5,8.5,42,6.4156,-6.1788,35
33,2022-11,22,22_M_Close,18.5,8.5,38,31.4599,-8.9002,40
33,2022-11,23,23_NAVI_Close,18.5,8.5,40,175.9717,-22.1309,40
33,2022-11,24,24_NEE_Close,18.5,8.5,47,20.0133,-6.4775,40
33,2022-11,25,25_NI_Close,18.5,8.5,47,137.9987,21.8636,35
33,2022-11,26,26_NVDA_Close,18.5,8.5,42,21.7915,6.6575,19
33,2022-11,27,27_NWSA_Close,18.5,8.5,37,46.8925,-6.5644,9
33,2022-11,28,28_OI_Close,18.5,8.5,44,64.3009,-11.5523,40
33,2022-11,29,29_PG_Close,18.5,8.5,46,18.1694,-5.8675,46
33,2022-11,30,30_PLD_Close,18.5,8.5,45,6.2294,-4.438,5
33,2022-11,31,31_PNR_Close,18.5,8.5,43,17.6764,-4.929,7
33,2022-11,32,32_PNW_Close,18.5,8.5,47,24.1797,-6.5418,47
33,2022-11,33,33_PRGO_Close,18.5,8.5,41,8.9543,-5.1122,15
33,2022-11,34,34_SEE_Close,18.5,8.5,44,14.3027,-5.5276,44
33,2022-11,35,35_STX_Close,18.5,8.5,42,5.0436,-2.9776,21
33,2022-11,36,36_SYF_Close,18.5,8.5,40,20.5127,-9.4983,40
33,2022-11,37,37_Sector_Comm,10.0,0.0,0,1100.8306,-82.2835,11
33,2022-11,38,38_Sector_Disc,10.0,0.0,0,776.6642,-75.9027,17
33,2022-11,39,39_Sector_Energy,10.0,0.0,0,482.1192,-39.9599,40
33,2022-11,40,40_Sector_Fin,10.0,0.0,0,334.345,-29.3425,36
33,2022-11,41,41_Sector_Health,10.0,0.0,0,563.5933,-74.5421,15
33,2022-11,42,42_Sector_IT,10.0,0.0,0,360.418,59.0528,1
33,2022-11,43,43_Sector_Ind,10.0,0.0,0,348.1939,-45.2545,10
33,2022-11,44,44_Sector_Mat,10.0,0.0,0,494.9733,-53.1493,34
33,2022-11,45,45_Sector_RE,10.0,0.0,0,237.5328,-29.3844,5
33,2022-11,46,46_Sector_Staples,10.0,0.0,0,285.219,32.5969,30
33,2022-11,47,47_Sector_Util,10.0,0.0,0,322.4598,40.3139,1
33,2022-11,48,48_TSLA_Close,18.5,8.5,38,12.4305,-7.4404,17
33,2022-11,49,49_VNO_Close,18.5,8.5,45,22.4091,-10.3713,30
33,2022-11,50,50_XOM_Close,18.5,8.5,39,16.6066,7.8107,35
34,2022-12,0,00_AAPL_Close,18.5,8.5,42,5.6937,-3.2205,35
34,2022-12,1,01_AMZN_Close,18.5,8.5,38,3.0447,-3.9181,17
34,2022-12,2,02_APA_Close,18.5,8.5,39,30.7305,-6.814,50
34,2022-12,3,03_AVGO_Close,18.5,8.5,42,10.6551,-8.0245,11
34,2022-12,4,04_BIIB_Close,18.5,8.5,41,13.7529,-11.5295,15
34,2022-12,5,05_BXP_Close,18.5,8.5,45,13.6187,-7.6358,30
34,2022-12,6,06_CAG_Close,18.5,8.5,46,53.7659,-9.9156,46
34,2022-12,7,07_CAT_Close,18.5,8.5,43,12.5247,-5.9375,31
34,2022-12,8,08_CPB_Close,18.5,8.5,46,24.901,-7.3232,46
34,2022-12,9,09_DIS_Close,18.5,8.5,37,6.8278,-5.949,11
34,2022-12,10,10_DOV_Close,18.5,8.5,43,10.0009,-4.3446,43
34,2022-12,11,11_GOOG_Close,18.5,8.5,37,6.4829,-4.6892,9
34,2022-12,12,12_HAL_Close,18.5,8.5,39,56.0883,11.3994,40
34,2022-12,13,13_HD_Close,18.5,8.5,38,5.2552,-4.5607,17
34,2022-12,14,14_HPQ_Close,18.5,8.5,42,32.8167,-7.4011,31
34,2022-12,15,15_JNJ_Close,18.5,8.5,41,4.9548,-4.0179,33
34,2022-12,16,16_JPM_Close,18.5,8.5,40,14.9807,-8.3171,40
34,2022-12,17,17_KSS_Close,18.5,8.5,38,5.5619,-3.6535,1
34,2022-12,18,18_LIN_Close,18.5,8.5,44,14.8148,-7.2205,34
34,2022-12,19,19_LYV_Close,18.5,8.5,37,8.6135,-4.8208,9
34,2022-12,20,20_META_Close,18.5,8.5,37,18.6598,-11.6399,11
34,2022-12,21,21_MSFT_Close,18.5,8.5,42,7.5759,-5.0516,35
34,2022-12,22,22_M_Close,18.5,8.5,38,36.3658,8.889,24
34,2022-12,23,23_NAVI_Close,18.5,8.5,40,146.0366,15.9862,24
34,2022-12,24,24_NEE_Close,18.5,8.5,47,17.6655,-5.6853,32
34,2022-12,25,25_NI_Close,18.5,8.5,47,141.1086,21.4462,35
34,2022-12,26,26_NVDA_Close,18.5,8.5,42,22.4516,6.2661,19
34,2022-12,27,27_NWSA_Close,18.5,8.5,37,35.7674,7.386,32
34,2022-12,28,28_OI_Close,18.5,8.5,44,57.8628,-8.6419,18
34,2022-12,29,29_PG_Close,18.5,8.5,46,17.0079,-5.2701,46
34,2022-12,30,30_PLD_Close,18.5,8.5,45,6.3133,-4.3375,49
34,2022-12,31,31_PNR_Close,18.5,8.5,43,17.1394,-4.9146,7
34,2022-12,32,32_PNW_Close,18.5,8.5,47,20.0143,-5.8852,24
34,2022-12,33,33_PRGO_Close,18.5,8.5,41,9.2889,-5.2972,15
34,2022-12,34,34_SEE_Close,18.5,8.5,44,14.9199,-5.7151,18
34,2022-12,35,35_STX_Close,18.5,8.5,42,5.2573,2.8029,50
34,2022-12,36,36_SYF_Close,18.5,8.5,40,20.0967,-10.1329,40
34,2022-12,37,37_Sector_Comm,10.0,0.0,0,1228.1318,-94.2083,11
34,2022-12,38,38_Sector_Disc,10.0,0.0,0,812.2868,-74.0229,17
34,2022-12,39,39_Sector_Energy,10.0,0.0,0,484.2778,-46.6864,40
34,2022-12,40,40_Sector_Fin,10.0,0.0,0,304.2153,-31.2182,16
34,2022-12,41,41_Sector_Health,10.0,0.0,0,572.686,-75.0047,15
34,2022-12,42,42_Sector_IT,10.0,0.0,0,363.2527,58.1098,1
34,2022-12,43,43_Sector_Ind,10.0,0.0,0,373.3561,-44.1172,10
34,2022-12,44,44_Sector_Mat,10.0,0.0,0,584.5154,-53.6062,34
34,2022-12,45,45_Sector_RE,10.0,0.0,0,259.2341,-28.1881,5
34,2022-12,46,46_Sector_Staples,10.0,0.0,0,289.593,32.6989,30
34,2022-12,47,47_Sector_Util,10.0,0.0,0,346.276,38.0357,1
34,2022-12,48,48_TSLA_Close,18.5,8.5,38,12.8239,-6.9781,17
34,2022-12,49,49_VNO_Close,18.5,8.5,45,19.5061,-8.7693,30
34,2022-12,50,50_XOM_Close,18.5,8.5,39,17.2918,7.6148,35
35,2023-01,0,00_AAPL_Close,18.5,8.5,42,6.6824,-4.1298,35
35,2023-01,1,01_AMZN_Close,18.5,8.5,38,3.3089,-3.9222,17
35,2023-01,2,02_APA_Close,18.5,8.5,39,22.3346,-7.2568,49
35,2023-01,3,03_AVGO_Close,18.5,8.5,42,13.0743,-7.4315,11
35,2023-01,4,04_BIIB_Close,18.5,8.5,41,16.5924,-11.0047,15
35,2023-01,5,05_BXP_Close,18.5,8.5,45,14.14,-6.9433,30
35,2023-01,6,06_CAG_Close,18.5,8.5,46,53.4067,-10.5218,2
35,2023-01,7,07_CAT_Close,18.5,8.5,43,14.3802,-6.8451,31
35,2023-01,8,08_CPB_Close,18.5,8.5,46,26.7686,-6.7569,46
35,2023-01,9,09_DIS_Close,18.5,8.5,37,7.7783,-5.9159,11
35,2023-01,10,10_DOV_Close,18.5,8.5,43,12.6121,-3.9604,43
35,2023-01,11,11_GOOG_Close,18.5,8.5,37,7.2255,-4.8105,9
35,2023-01,12,12_HAL_Close,18.5,8.5,39,68.4588,7.9798,40
35,2023-01,13,13_HD_Close,18.5,8.5,38,5.5422,4.5354,44
35,2023-01,14,14_HPQ_Close,18.5,8.5,42,34.9803,-7.3656,31
35,2023-01,15,15_JNJ_Close,18.5,8.5,41,4.6312,-4.9941,33
35,2023-01,16,16_JPM_Close,18.5,8.5,40,14.2898,-7.6727,40
35,2023-01,17,17_KSS_Close,18.5,8.5,38,6.2237,-3.4625,1
35,2023-01,18,18_LIN_Close,18.5,8.5,44,16.0185,-7.4008,34
35,2023-01,19,19_LYV_Close,18.5,8.5,37,7.688,-5.0915,9
35,2023-01,20,20_META_Close,18.5,8.5,37,21.2275,-11.5479,11
35,2023-01,21,21_MSFT_Close,18.5,8.5,42,10.0164,-4.3118,35
35,2023-01,22,22_M_Close,18.5,8.5,38,38.3204,6.4243,24
35,2023-01,23,23_NAVI_Close,18.5,8.5,40,152.5959,16.3121,24
35,2023-01,24,24_NEE_Close,18.5,8.5,47,13.743,-6.3067,32
35,2023-01,25,25_NI_Close,18.5,8.5,47,145.6115,19.32,35
35,2023-01,26,26_NVDA_Close,18.5,8.5,42,25.3229,4.4991,17
35,2023-01,27,27_NWSA_Close,18.5,8.5,37,39.4415,6.7522,32
35,2023-01,28,28_OI_Close,18.5,8.5,44,56.4479,-8.4301,18
35,2023-01,29,29_PG_Close,18.5,8.5,46,18.7424,-4.9398,46
35,2023-01,30,30_PLD_Close,18.5,8.5,45,7.1841,-4.718,5
35,2023-01,31,31_PNR_Close,18.5,8.5,43,16.5703,-4.8046,7
35,2023-01,32,32_PNW_Close,18.5,8.5,47,17.6082,-6.9367,24
35,2023-01,33,33_PRGO_Close,18.5,8.5,41,9.6636,-5.8842,15
35,2023-01,34,34_SEE_Close,18.5,8.5,44,15.832,-5.7737,18
35,2023-01,35,35_STX_Close,18.5,8.5,42,6.3159,-3.4267,0
35,2023-01,36,36_SYF_Close,18.5,8.5,40,24.2162,-9.2111,40
35,2023-01,37,37_Sector_Comm,10.0,0.0,0,1451.663,-94.3775,11
35,2023-01,38,38_Sector_Disc,10.0,0.0,0,928.6788,-76.9841,17
35,2023-01,39,39_Sector_Energy,10.0,0.0,0,478.5248,-46.0264,40
35,2023-01,40,40_Sector_Fin,10.0,0.0,0,284.9354,-33.9645,16
35,2023-01,41,41_Sector_Health,10.0,0.0,0,729.4745,-68.2763,15
35,2023-01,42,42_Sector_IT,10.0,0.0,0,460.0692,60.4545,1
35,2023-01,43,43_Sector_Ind,10.0,0.0,0,444.7701,-40.603,10
35,2023-01,44,44_Sector_Mat,10.0,0.0,0,663.1814,-55.0344,34
35,2023-01,45,45_Sector_RE,10.0,0.0,0,289.6571,-25.7531,49
35,2023-01,46,46_Sector_Staples,10.0,0.0,0,344.2729,33.1639,30
35,2023-01,47,47_Sector_Util,10.0,0.0,0,434.1669,39.5417,1
35,2023-01,48,48_TSLA_Close,18.5,8.5,38,13.6936,-7.6252,17
35,2023-01,49,49_VNO_Close,18.5,8.5,45,16.6762,-6.259,30
35,2023-01,50,50_XOM_Close,18.5,8.5,39,18.8632,6.9246,35
36,2023-02,0,00_AAPL_Close,18.5,8.5,42,6.5764,-3.9687,35
36,2023-02,1,01_AMZN_Close,18.5,8.5,38,4.0043,-4.2562,17
36,2023-02,2,02_APA_Close,18.5,8.5,39,21.3704,-7.4963,49
36,2023-02,3,03_AVGO_Close,18.5,8.5,42,14.4327,-7.0661,11
36,2023-02,4,04_BIIB_Close,18.5,8.5,41,19.066,-10.6753,15
36,2023-02,5,05_BXP_Close,18.5,8.5,45,15.5986,-7.0977,30
36,2023-02,6,06_CAG_Close,18.5,8.5,46,59.5731,10.5144,33
36,2023-02,7,07_CAT_Close,18.5,8.5,43,14.1004,-6.2442,31
36,2023-02,8,08_CPB_Close,18.5,8.5,46,27.5524,-6.549,46
36,2023-02,9,09_DIS_Close,18.5,8.5,37,7.7601,-5.678,19
36,2023-02,10,10_DOV_Close,18.5,8.5,43,13.7654,-4.4653,7
36,2023-02,11,11_GOOG_Close,18.5,8.5,37,7.8871,-4.7548,9
36,2023-02,12,12_HAL_Close,18.5,8.5,39,41.9091,8.2714,40
36,2023-02,13,13_HD_Close,18.5,8.5,38,7.216,-4.7359,17
36,2023-02,14,14_HPQ_Close,18.5,8.5,42,36.9486,-6.8417,31
36,2023-02,15,15_JNJ_Close,18.5,8.5,41,5.0368,-5.1362,33
36,2023-02,16,16_JPM_Close,18.5,8.5,40,15.8041,-7.3018,40
36,2023-02,17,17_KSS_Close,18.5,8.5,38,6.7878,-3.4712,1
36,2023-02,18,18_LIN_Close,18.5,8.5,44,18.1413,-8.0996,34
36,2023-02,19,19_LYV_Close,18.5,8.5,37,8.1271,-5.5588,9
36,2023-02,20,20_META_Close,18.5,8.5,37,22.4913,-11.6765,11
36,2023-02,21,21_MSFT_Close,18.5,8.5,42,11.7657,-3.9544,35
36,2023-02,22,22_M_Close,18.5,8.5,38,37.7717,5.5238,12
36,2023-02,23,23_NAVI_Close,18.5,8.5,40,160.3194,16.0261,24
36,2023-02,24,24_NEE_Close,18.5,8.5,47,14.9716,-6.6466,32
36,2023-02,25,25_NI_Close,18.5,8.5,47,160.6188,17.5005,35
36,2023-02,26,26_NVDA_Close,18.5,8.5,42,26.835,4.6882,19
36,2023-02,27,27_NWSA_Close,18.5,8.5,37,38.5698,6.4548,32
36,2023-02,28,28_OI_Close,18.5,8.5,44,58.3962,-8.1422,18
36,2023-02,29,29_PG_Close,18.5,8.5,46,20.245,-4.6525,33
36,2023-02,30,30_PLD_Close,18.5,8.5,45,7.8219,-4.8186,5
36,2023-02,31,31_PNR_Close,18.5,8.5,43,17.382,-4.7308,7
36,2023-02,32,32_PNW_Close,18.5,8.5,47,18.4777,-7.0035,24
36,2023-02,33,33_PRGO_Close,18.5,8.5,41,10.5385,-5.8523,15
36,2023-02,34,34_SEE_Close,18.5,8.5,44,14.7369,-5.5519,44
36,2023-02,35,35_STX_Close,18.5,8.5,42,6.5076,-3.0739,0
36,2023-02,36,36_SYF_Close,18.5,8.5,40,20.8268,-8.9739,40
36,2023-02,37,37_Sector_Comm,10.0,0.0,0,1602.3659,-96.7701,11
36,2023-02,38,38_Sector_Disc,10.0,0.0,0,954.7818,-80.3967,17
36,2023-02,39,39_Sector_Energy,10.0,0.0,0,526.5551,-48.1671,40
36,2023-02,40,40_Sector_Fin,10.0,0.0,0,232.7731,-31.4741,16
36,2023-02,41,41_Sector_Health,10.0,0.0,0,855.4292,-67.1335,15
36,2023-02,42,42_Sector_IT,10.0,0.0,0,586.8141,57.6283,1
36,2023-02,43,43_Sector_Ind,10.0,0.0,0,611.4789,-45.4469,10
36,2023-02,44,44_Sector_Mat,10.0,0.0,0,756.2515,-61.7117,34
36,2023-02,45,45_Sector_RE,10.0,0.0,0,357.055,-27.6829,49
36,2023-02,46,46_Sector_Staples,10.0,0.0,0,390.6971,31.8395,30
36,2023-02,47,47_Sector_Util,10.0,0.0,0,518.8432,37.8706,1
36,2023-02,48,48_TSLA_Close,18.5,8.5,38,15.1924,-7.9422,17
36,2023-02,49,49_VNO_Close,18.5,8.5,45,17.084,-6.3699,30
36,2023-02,50,50_XOM_Close,18.5,8.5,39,22.2748,5.2225,35
37,2023-03,0,00_AAPL_Close,18.5,8.5,42,7.0235,-3.8652,35
37,2023-03,1,01_AMZN_Close,18.5,8.5,38,4.1039,-4.246,17
37,2023-03,2,02_APA_Close,18.5,8.5,39,21.4158,-6.8582,49
37,2023-03,3,03_AVGO_Close,18.5,8.5,42,14.9771,-6.7664,11
37,2023-03,4,04_BIIB_Close,18.5,8.5,41,19.6304,-10.6297,15
37,2023-03,5,05_BXP_Close,18.5,8.5,45,16.0056,-7.0823,30
37,2023-03,6,06_CAG_Close,18.5,8.5,46,58.4578,10.8682,33
37,2023-03,7,07_CAT_Close,18.5,8.5,43,14.081,-6.4898,10
37,2023-03,8,08_CPB_Close,18.5,8.5,46,27.4794,-6.6277,46
37,2023-03,9,09_DIS_Close,18.5,8.5,37,7.8927,-5.5914,19
37,2023-03,10,10_DOV_Close,18.5,8.5,43,12.1936,-4.3872,7
37,2023-03,11,11_GOOG_Close,18.5,8.5,37,7.5717,-4.5591,9
37,2023-03,12,12_HAL_Close,18.5,8.5,39,45.0795,-5.9204,36
37,2023-03,13,13_HD_Close,18.5,8.5,38,7.7458,-5.6428,17
37,2023-03,14,14_HPQ_Close,18.5,8.5,42,35.8901,-6.8,31
37,2023-03,15,15_JNJ_Close,18.5,8.5,41,4.9508,-5.31,33
37,2023-03,16,16_JPM_Close,18.5,8.5,40,15.7978,-6.0689,40
37,2023-03,17,17_KSS_Close,18.5,8.5,38,7.0549,-3.5354,1
37,2023-03,18,18_LIN_Close,18.5,8.5,44,18.3085,-8.2339,34
37,2023-03,19,19_LYV_Close,18.5,8.5,37,8.5226,-5.5239,9
37,2023-03,20,20_META_Close,18.5,8.5,37,17.2794,-12.4514,11
37,2023-03,21,21_MSFT_Close,18.5,8.5,42,12.7066,-4.0173,35
37,2023-03,22,22_M_Close,18.5,8.5,38,38.0687,-6.6385,10
37,2023-03,23,23_NAVI_Close,18.5,8.5,40,138.7042,16.6186,24
37,2023-03,24,24_NEE_Close,18.5,8.5,47,14.5854,-6.9276,32
37,2023-03,25,25_NI_Close,18.5,8.5,47,162.6602,17.4693,35
37,2023-03,26,26_NVDA_Close,18.5,8.5,42,28.2481,4.3977,19
37,2023-03,27,27_NWSA_Close,18.5,8.5,37,39.4519,7.0201,32
37,2023-03,28,28_OI_Close,18.5,8.5,44,62.8743,-7.1063,18
37,2023-03,29,29_PG_Close,18.5,8.5,46,20.5508,-4.8354,33
37,2023-03,30,30_PLD_Close,18.5,8.5,45,7.6372,-4.6547,5
37,2023-03,31,31_PNR_Close,18.5,8.5,43,18.3053,-4.2638,7
37,2023-03,32,32_PNW_Close,18.5,8.5,47,17.3553,-7.2013,24
37,2023-03,33,33_PRGO_Close,18.5,8.5,41,10.5435,-5.965,15
37,2023-03,34,34_SEE_Close,18.5,8.5,44,15.1631,-5.4907,18
37,2023-03,35,35_STX_Close,18.5,8.5,42,6.6217,-3.0501,33
37,2023-03,36,36_SYF_Close,18.5,8.5,40,28.6162,-6.1729,40
37,2023-03,37,37_Sector_Comm,10.0,0.0,0,1328.0933,-102.8194,11
37,2023-03,38,38_Sector_Disc,10.0,0.0,0,956.2906,-78.7374,17
37,2023-03,39,39_Sector_Energy,10.0,0.0,0,560.2654,38.3185,49
37,2023-03,40,40_Sector_Fin,10.0,0.0,0,196.275,-34.6426,16
37,2023-03,41,41_Sector_Health,10.0,0.0,0,924.3513,-65.5788,15
37,2023-03,42,42_Sector_IT,10.0,0.0,0,635.5728,58.2567,1
37,2023-03,43,43_Sector_Ind,10.0,0.0,0,610.1517,-47.8619,10
37,2023-03,44,44_Sector_Mat,10.0,0.0,0,740.8825,-58.0536,34
37,2023-03,45,45_Sector_RE,10.0,0.0,0,337.6065,-26.1909,49
37,2023-03,46,46_Sector_Staples,10.0,0.0,0,400.2667,-29.1288,8
37,2023-03,47,47_Sector_Util,10.0,0.0,0,532.3134,38.1956,1
37,2023-03,48,48_TSLA_Close,18.5,8.5,38,17.7562,-8.097,17
37,2023-03,49,49_VNO_Close,18.5,8.5,45,17.6611,-6.6759,30
37,2023-03,50,50_XOM_Close,18.5,8.5,39,22.8013,5.2471,35
38,2023-04,0,00_AAPL_Close,18.5,8.5,42,7.6204,-4.6943,35
38,2023-04,1,01_AMZN_Close,18.5,8.5,38,3.7557,-4.3751,17
38,2023-04,2,02_APA_Close,18.5,8.5,39,19.4318,-4.8206,49
38,2023-04,3,03_AVGO_Close,18.5,8.5,42,14.5008,-6.0272,11
38,2023-04,4,04_BIIB_Close,18.5,8.5,41,19.4123,-10.3007,15
38,2023-04,5,05_BXP_Close,18.5,8.5,45,17.8476,-6.4655,30
38,2023-04,6,06_CAG_Close,18.5,8.5,46,61.8401,-10.8369,46
38,2023-04,7,07_CAT_Close,18.5,8.5,43,14.7853,-6.8103,10
38,2023-04,8,08_CPB_Close,18.5,8.5,46,26.5522,-7.1577,46
38,2023-04,9,09_DIS_Close,18.5,8.5,37,8.3184,-5.6619,19
38,2023-04,10,10_DOV_Close,18.5,8.5,43,11.8031,-4.4779,7
38,2023-04,11,11_GOOG_Close,18.5,8.5,37,7.8998,-4.5296,9
38,2023-04,12,12_HAL_Close,18.5,8.5,39,45.3813,-6.196,36
38,2023-04,13,13_HD_Close,18.5,8.5,38,10.451,5.7913,46
38,2023-04,14,14_HPQ_Close,18.5,8.5,42,36.1249,-6.6922,31
38,2023-04,15,15_JNJ_Close,18.5,8.5,41,5.2846,-5.4089,33
38,2023-04,16,16_JPM_Close,18.5,8.5,40,15.6488,-5.2321,40
38,2023-04,17,17_KSS_Close,18.5,8.5,38,7.5593,-3.4435,1
38,2023-04,18,18_LIN_Close,18.5,8.5,44,17.9533,-7.867,34
38,2023-04,19,19_LYV_Close,18.5,8.5,37,8.8912,-5.5903,9
38,2023-04,20,20_META_Close,18.5,8.5,37,19.3454,-12.7225,11
38,2023-04,21,21_MSFT_Close,18.5,8.5,42,12.8723,-4.883,35
38,2023-04,22,22_M_Close,18.5,8.5,38,36.5565,-4.7934,50
38,2023-04,23,23_NAVI_Close,18.5,8.5,40,144.9081,16.5711,24
38,2023-04,24,24_NEE_Close,18.5,8.5,47,15.2029,-7.0838,32
38,2023-04,25,25_NI_Close,18.5,8.5,47,172.3105,-16.2502,31
38,2023-04,26,26_NVDA_Close,18.5,8.5,42,29.4695,4.3758,19
38,2023-04,27,27_NWSA_Close,18.5,8.5,37,42.5074,6.1687,32
38,2023-04,28,28_OI_Close,18.5,8.5,44,42.9507,5.7977,35
38,2023-04,29,29_PG_Close,18.5,8.5,46,21.5542,-4.8325,33
38,2023-04,30,30_PLD_Close,18.5,8.5,45,7.032,-4.5616,49
38,2023-04,31,31_PNR_Close,18.5,8.5,43,19.104,-4.2577,7
38,2023-04,32,32_PNW_Close,18.5,8.5,47,16.5646,-7.2933,24
38,2023-04,33,33_PRGO_Close,18.5,8.5,41,10.7872,-5.944,15
38,2023-04,34,34_SEE_Close,18.5,8.5,44,15.7231,-5.0673,44
38,2023-04,35,35_STX_Close,18.5,8.5,42,6.1542,-3.7178,0
38,2023-04,36,36_SYF_Close,18.5,8.5,40,28.3659,-5.2993,16
38,2023-04,37,37_Sector_Comm,10.0,0.0,0,1508.4962,-105.3675,11
38,2023-04,38,38_Sector_Disc,10.0,0.0,0,1057.2346,-82.082,17
38,2023-04,39,39_Sector_Energy,10.0,0.0,0,587.9074,-38.5671,35
38,2023-04,40,40_Sector_Fin,10.0,0.0,0,206.5639,-33.9648,16
38,2023-04,41,41_Sector_Health,10.0,0.0,0,942.9994,-66.1806,33
38,2023-04,42,42_Sector_IT,10.0,0.0,0,695.0941,55.9903,1
38,2023-04,43,43_Sector_Ind,10.0,0.0,0,571.7164,-50.2355,10
38,2023-04,44,44_Sector_Mat,10.0,0.0,0,796.617,-58.7307,34
38,2023-04,45,45_Sector_RE,10.0,0.0,0,401.4737,-26.1741,49
38,2023-04,46,46_Sector_Staples,10.0,0.0,0,359.6408,-29.823,8
38,2023-04,47,47_Sector_Util,10.0,0.0,0,497.2721,36.2288,1
38,2023-04,48,48_TSLA_Close,18.5,8.5,38,16.8414,-8.4236,17
38,2023-04,49,49_VNO_Close,18.5,8.5,45,17.7096,-6.3995,30
38,2023-04,50,50_XOM_Close,18.5,8.5,39,24.289,4.4851,35
39,2023-05,0,00_AAPL_Close,18.5,8.5,42,7.1466,-4.411,35
39,2023-05,1,01_AMZN_Close,18.5,8.5,38,4.1147,-4.3713,17
39,2023-05,2,02_APA_Close,18.5,8.5,39,18.3597,-5.3587,49
39,2023-05,3,03_AVGO_Close,18.5,8.5,42,10.2436,3.9478,32
39,2023-05,4,04_BIIB_Close,18.5,8.5,41,17.6802,-10.6067,15
39,2023-05,5,05_BXP_Close,18.5,8.5,45,16.5749,-6.734,30
39,2023-05,6,06_CAG_Close,18.5,8.5,46,57.1777,-11.1253,46
39,2023-05,7,07_CAT_Close,18.5,8.5,43,13.981,-6.8881,10
39,2023-05,8,08_CPB_Close,18.5,8.5,46,26.0404,-7.5067,46
39,2023-05,9,09_DIS_Close,18.5,8.5,37,8.2017,-5.9149,11
39,2023-05,10,10_DOV_Close,18.5,8.5,43,11.0039,-4.4551,7
39,2023-05,11,11_GOOG_Close,18.5,8.5,37,7.6588,-4.5806,9
39,2023-05,12,12_HAL_Close,18.5,8.5,39,38.4259,-5.3041,50
39,2023-05,13,13_HD_Close,18.5,8.5,38,9.2537,5.6293,46
39,2023-05,14,14_HPQ_Close,18.5,8.5,42,35.9465,-6.5373,31
39,2023-05,15,15_JNJ_Close,18.5,8.5,41,4.8341,-5.2167,33
39,2023-05,16,16_JPM_Close,18.5,8.5,40,14.7117,-5.3841,40
39,2023-05,17,17_KSS_Close,18.5,8.5,38,6.9658,-3.3619,1
39,2023-05,18,18_LIN_Close,18.5,8.5,44,17.8795,-8.3377,34
39,2023-05,19,19_LYV_Close,18.5,8.5,37,9.2739,-5.2845,9
39,2023-05,20,20_META_Close,18.5,8.5,37,18.5493,-13.0203,11
39,2023-05,21,21_MSFT_Close,18.5,8.5,42,9.9027,-4.6969,35
39,2023-05,22,22_M_Close,18.5,8.5,38,36.18,-4.6911,10
39,2023-05,23,23_NAVI_Close,18.5,8.5,40,110.8456,14.9356,24
39,2023-05,24,24_NEE_Close,18.5,8.5,47,12.585,-6.7708,32
39,2023-05,25,25_NI_Close,18.5,8.5,47,168.4817,-16.8872,31
39,2023-05,26,26_NVDA_Close,18.5,8.5,42,30.0125,4.2733,19
39,2023-05,27,27_NWSA_Close,18.5,8.5,37,41.6557,-6.4343,2
39,2023-05,28,28_OI_Close,18.5,8.5,44,42.1049,5.6767,35
39,2023-05,29,29_PG_Close,18.5,8.5,46,21.0232,-4.6037,33
39,2023-05,30,30_PLD_Close,18.5,8.5,45,7.4036,-4.6175,49
39,2023-05,31,31_PNR_Close,18.5,8.5,43,17.9641,-4.149,7
39,2023-05,32,32_PNW_Close,18.5,8.5,47,14.0674,-8.0941,24
39,2023-05,33,33_PRGO_Close,18.5,8.5,41,9.9909,-5.9908,15
39,2023-05,34,34_SEE_Close,18.5,8.5,44,13.8741,-5.1953,18
39,2023-05,35,35_STX_Close,18.5,8.5,42,6.0014,-3.54,0
39,2023-05,36,36_SYF_Close,18.5,8.5,40,22.9617,-4.9412,40
39,2023-05,37,37_Sector_Comm,10.0,0.0,0,1389.5036,-106.2251,11
39,2023-05,38,38_Sector_Disc,10.0,0.0,0,986.8151,-81.1653,17
39,2023-05,39,39_Sector_Energy,10.0,0.0,0,613.5118,-38.6312,2
39,2023-05,40,40_Sector_Fin,10.0,0.0,0,179.3463,-33.3782,16
39,2023-05,41,41_Sector_Health,10.0,0.0,0,818.499,-68.6092,15
39,2023-05,42,42_Sector_IT,10.0,0.0,0,581.4096,51.3532,1
39,2023-05,43,43_Sector_Ind,10.0,0.0,0,553.2422,-49.0034,10
39,2023-05,44,44_Sector_Mat,10.0,0.0,0,798.4808,-60.205,34
39,2023-05,45,45_Sector_RE,10.0,0.0,0,424.4216,-26.8212,49
39,2023-05,46,46_Sector_Staples,10.0,0.0,0,333.2488,-29.0389,8
39,2023-05,47,47_Sector_Util,10.0,0.0,0,537.0632,-33.5365,24
39,2023-05,48,48_TSLA_Close,18.5,8.5,38,16.5674,-8.923,17
39,2023-05,49,49_VNO_Close,18.5,8.5,45,18.8794,-6.7125,30
39,2023-05,50,50_XOM_Close,18.5,8.5,39,20.9711,5.0422,35
40,2023-06,0,00_AAPL_Close,18.5,8.5,42,6.2362,-4.219,35
40,2023-06,1,01_AMZN_Close,18.5,8.5,38,3.7423,-4.2447,17
40,2023-06,2,02_APA_Close,18.5,8.5,39,16.72,-5.2013,49
40,2023-06,3,03_AVGO_Close,18.5,8.5,42,8.7829,3.8025,32
40,2023-06,4,04_BIIB_Close,18.5,8.5,41,12.7986,-11.4132,15
40,2023-06,5,05_BXP_Close,18.5,8.5,45,11.1737,-6.95,30
40,2023-06,6,06_CAG_Close,18.5,8.5,46,49.9969,-12.5788,46
40,2023-06,7,07_CAT_Close,18.5,8.5,43,11.3631,-7.0469,10
40,2023-06,8,08_CPB_Close,18.5,8.5,46,20.8858,-6.1368,46
40,2023-06,9,09_DIS_Close,18.5,8.5,37,7.3564,-5.4619,11
40,2023-06,10,10_DOV_Close,18.5,8.5,43,9.7553,-4.9819,7
40,2023-06,11,11_GOOG_Close,18.5,8.5,37,5.7723,-4.1448,9
40,2023-06,12,12_HAL_Close,18.5,8.5,39,37.0572,-5.1304,50
40,2023-06,13,13_HD_Close,18.5,8.5,38,6.7303,-5.2466,17
40,2023-06,14,14_HPQ_Close,18.5,8.5,42,34.192,-6.6964,31
40,2023-06,15,15_JNJ_Close,18.5,8.5,41,4.4039,-4.7736,33
40,2023-06,16,16_JPM_Close,18.5,8.5,40,12.7392,-6.1283,40
40,2023-06,17,17_KSS_Close,18.5,8.5,38,5.8625,-3.61,1
40,2023-06,18,18_LIN_Close,18.5,8.5,44,13.8335,-7.8678,34
40,2023-06,19,19_LYV_Close,18.5,8.5,37,7.5218,-5.1648,9
40,2023-06,20,20_META_Close,18.5,8.5,37,13.4055,-12.531,11
40,2023-06,21,21_MSFT_Close,18.5,8.5,42,7.3323,-4.5025,35
40,2023-06,22,22_M_Close,18.5,8.5,38,32.4795,-5.0832,1
40,2023-06,23,23_NAVI_Close,18.5,8.5,40,78.5014,15.847,24
40,2023-06,24,24_NEE_Close,18.5,8.5,47,10.333,-6.0889,32
40,2023-06,25,25_NI_Close,18.5,8.5,47,147.7965,16.09,35
40,2023-06,26,26_NVDA_Close,18.5,8.5,42,26.6131,5.2695,17
40,2023-06,27,27_NWSA_Close,18.5,8.5,37,38.5068,-6.5818,2
40,2023-06,28,28_OI_Close,18.5,8.5,44,38.609,5.5533,8
40,2023-06,29,29_PG_Close,18.5,8.5,46,14.4335,-5.0272,8
40,2023-06,30,30_PLD_Close,18.5,8.5,45,4.7988,-4.9348,5
40,2023-06,31,31_PNR_Close,18.5,8.5,43,17.1973,-4.5382,7
40,2023-06,32,32_PNW_Close,18.5,8.5,47,12.7571,-7.9172,24
40,2023-06,33,33_PRGO_Close,18.5,8.5,41,8.9863,-6.0642,15
40,2023-06,34,34_SEE_Close,18.5,8.5,44,12.1985,-5.0727,18
40,2023-06,35,35_STX_Close,18.5,8.5,42,5.2446,-3.1353,0
40,2023-06,36,36_SYF_Close,18.5,8.5,40,20.1899,-5.5606,40
40,2023-06,37,37_Sector_Comm,10.0,0.0,0,953.3738,-98.1167,11
40,2023-06,38,38_Sector_Disc,10.0,0.0,0,986.0417,-81.1426,17
40,2023-06,39,39_Sector_Energy,10.0,0.0,0,481.4463,-36.812,2
40,2023-06,40,40_Sector_Fin,10.0,0.0,0,166.4363,-32.4196,16
40,2023-06,41,41_Sector_Health,10.0,0.0,0,538.2522,-74.3528,15
40,2023-06,42,42_Sector_IT,10.0,0.0,0,551.0019,54.4149,1
40,2023-06,43,43_Sector_Ind,10.0,0.0,0,503.2538,-51.6138,10
40,2023-06,44,44_Sector_Mat,10.0,0.0,0,636.7462,-50.5931,34
40,2023-06,45,45_Sector_RE,10.0,0.0,0,364.5989,-31.5206,5
40,2023-06,46,46_Sector_Staples,10.0,0.0,0,295.6895,-26.8637,8
40,2023-06,47,47_Sector_Util,10.0,0.0,0,373.2457,-37.5067,24
40,2023-06,48,48_TSLA_Close,18.5,8.5,38,13.5964,-8.2494,17
40,2023-06,49,49_VNO_Close,18.5,8.5,45,16.9166,-7.1101,30
40,2023-06,50,50_XOM_Close,18.5,8.5,39,17.6381,6.2058,35
41,2023-07,0,00_AAPL_Close,18.5,8.5,42,6.6531,-4.1996,35
41,2023-07,1,01_AMZN_Close,18.5,8.5,38,4.0524,-4.2751,17
41,2023-07,2,02_APA_Close,18.5,8.5,39,17.2285,-4.8016,50
41,2023-07,3,03_AVGO_Close,18.5,8.5,42,9.4614,-3.5784,50
41,2023-07,4,04_BIIB_Close,18.5,8.5,41,14.3015,-11.3115,15
41,2023-07,5,05_BXP_Close,18.5,8.5,45,12.4637,-6.727,30
41,2023-07,6,06_CAG_Close,18.5,8.5,46,53.6724,-10.8772,46
41,2023-07,7,07_CAT_Close,18.5,8.5,43,10.6485,-6.9489,10
41,2023-07,8,08_CPB_Close,18.5,8.5,46,18.8137,-6.08,46
41,2023-07,9,09_DIS_Close,18.5,8.5,37,7.6497,-6.0897,19
41,2023-07,10,10_DOV_Close,18.5,8.5,43,10.1565,-5.2367,7
41,2023-07,11,11_GOOG_Close,18.5,8.5,37,5.2333,-3.4079,9
41,2023-07,12,12_HAL_Close,18.5,8.5,39,37.8669,-5.772,50
41,2023-07,13,13_HD_Close,18.5,8.5,38,7.6439,-5.0955,17
41,2023-07,14,14_HPQ_Close,18.5,8.5,42,33.3587,-6.748,31
41,2023-07,15,15_JNJ_Close,18.5,8.5,41,4.6084,-4.7732,33
41,2023-07,16,16_JPM_Close,18.5,8.5,40,14.1316,-5.9717,40
41,2023-07,17,17_KSS_Close,18.5,8.5,38,6.3237,-3.5891,1
41,2023-07,18,18_LIN_Close,18.5,8.5,44,15.1239,-8.4391,34
41,2023-07,19,19_LYV_Close,18.5,8.5,37,6.3907,-5.7458,9
41,2023-07,20,20_META_Close,18.5,8.5,37,13.6301,-12.1671,11
41,2023-07,21,21_MSFT_Close,18.5,8.5,42,7.856,-3.7939,11
41,2023-07,22,22_M_Close,18.5,8.5,38,33.1209,-4.7574,1
41,2023-07,23,23_NAVI_Close,18.5,8.5,40,78.0432,13.5588,24
41,2023-07,24,24_NEE_Close,18.5,8.5,47,10.8411,-6.4986,32
41,2023-07,25,25_NI_Close,18.5,8.5,47,141.7826,12.5346,35
41,2023-07,26,26_NVDA_Close,18.5,8.5,42,25.7673,4.4753,17
41,2023-07,27,27_NWSA_Close,18.5,8.5,37,38.0957,-7.3998,2
41,2023-07,28,28_OI_Close,18.5,8.5,44,38.1901,6.0326,8
41,2023-07,29,29_PG_Close,18.5,8.5,46,15.8161,-5.1251,8
41,2023-07,30,30_PLD_Close,18.5,8.5,45,5.7156,-5.0827,5
41,2023-07,31,31_PNR_Close,18.5,8.5,43,17.1026,-4.7237,7
41,2023-07,32,32_PNW_Close,18.5,8.5,47,12.3082,-8.0171,24
41,2023-07,33,33_PRGO_Close,18.5,8.5,41,9.6196,-5.9999,15
41,2023-07,34,34_SEE_Close,18.5,8.5,44,12.1947,-5.2038,18
41,2023-07,35,35_STX_Close,18.5,8.5,42,5.5695,-3.1397,0
41,2023-07,36,36_SYF_Close,18.5,8.5,40,21.5392,-5.4908,40
41,2023-07,37,37_Sector_Comm,10.0,0.0,0,1146.1431,-83.8535,11
41,2023-07,38,38_Sector_Disc,10.0,0.0,0,1076.7766,-81.9719,17
41,2023-07,39,39_Sector_Energy,10.0,0.0,0,527.9567,-36.6222,2
41,2023-07,40,40_Sector_Fin,10.0,0.0,0,180.2661,-31.5157,16
41,2023-07,41,41_Sector_Health,10.0,0.0,0,621.656,-73.9924,15
41,2023-07,42,42_Sector_IT,10.0,0.0,0,654.1402,54.0413,1
41,2023-07,43,43_Sector_Ind,10.0,0.0,0,506.9325,-52.2483,10
41,2023-07,44,44_Sector_Mat,10.0,0.0,0,647.9432,-55.1706,34
41,2023-07,45,45_Sector_RE,10.0,0.0,0,424.9097,-33.3739,5
41,2023-07,46,46_Sector_Staples,10.0,0.0,0,308.9123,-29.741,8
41,2023-07,47,47_Sector_Util,10.0,0.0,0,380.9681,33.4049,11
41,2023-07,48,48_TSLA_Close,18.5,8.5,38,14.6982,-8.4138,17
41,2023-07,49,49_VNO_Close,18.5,8.5,45,17.818,-6.8301,30
41,2023-07,50,50_XOM_Close,18.5,8.5,39,15.8736,-5.0258,3
42,2023-08,0,00_AAPL_Close,18.5,8.5,42,6.4723,-4.3088,35
42,2023-08,1,01_AMZN_Close,18.5,8.5,38,3.683,-4.1558,17
42,2023-08,2,02_APA_Close,18.5,8.5,39,17.4443,-4.829,50
42,2023-08,3,03_AVGO_Close,18.5,8.5,42,9.4987,-3.5965,0
42,2023-08,4,04_BIIB_Close,18.5,8.5,41,14.3773,-11.3505,15
42,2023-08,5,05_BXP_Close,18.5,8.5,45,10.8015,-6.0525,30
42,2023-08,6,06_CAG_Close,18.5,8.5,46,54.2789,-10.8237,46
42,2023-08,7,07_CAT_Close,18.5,8.5,43,9.6613,-6.9893,10
42,2023-08,8,08_CPB_Close,18.5,8.5,46,19.2224,-5.9307,46
42,2023-08,9,09_DIS_Close,18.5,8.5,37,7.6942,-6.0592,19
42,2023-08,10,10_DOV_Close,18.5,8.5,43,9.7248,-5.4917,7
42,2023-08,11,11_GOOG_Close,18.5,8.5,37,5.3987,-3.3856,9
42,2023-08,12,12_HAL_Close,18.5,8.5,39,36.952,-6.0336,50
42,2023-08,13,13_HD_Close,18.5,8.5,38,8.0686,-4.9929,17
42,2023-08,14,14_HPQ_Close,18.5,8.5,42,26.5655,-5.4595,31
42,2023-08,15,15_JNJ_Close,18.5,8.5,41,4.6503,-4.7583,33
42,2023-08,16,16_JPM_Close,18.5,8.5,40,15.9119,-5.2825,40
42,2023-08,17,17_KSS_Close,18.5,8.5,38,6.394,-3.5083,1
42,2023-08,18,18_LIN_Close,18.5,8.5,44,11.6648,-8.5439,34
42,2023-08,19,19_LYV_Close,18.5,8.5,37,6.2126,-5.8998,9
42,2023-08,20,20_META_Close,18.5,8.5,37,13.8456,-12.2816,11
42,2023-08,21,21_MSFT_Close,18.5,8.5,42,7.8504,-3.676,11
42,2023-08,22,22_M_Close,18.5,8.5,38,35.0876,4.9801,35
42,2023-08,23,23_NAVI_Close,18.5,8.5,40,82.615,14.6818,24
42,2023-08,24,24_NEE_Close,18.5,8.5,47,11.219,-6.6252,32
42,2023-08,25,25_NI_Close,18.5,8.5,47,148.1719,12.4575,35
42,2023-08,26,26_NVDA_Close,18.5,8.5,42,26.5063,4.4858,17
42,2023-08,27,27_NWSA_Close,18.5,8.5,37,35.5209,6.7759,50
42,2023-08,28,28_OI_Close,18.5,8.5,44,37.5063,-5.6399,18
42,2023-08,29,29_PG_Close,18.5,8.5,46,15.436,-5.3506,8
42,2023-08,30,30_PLD_Close,18.5,8.5,45,5.1736,-5.6843,5
42,2023-08,31,31_PNR_Close,18.5,8.5,43,17.4577,-4.8372,7
42,2023-08,32,32_PNW_Close,18.5,8.5,47,12.6094,-7.8192,24
42,2023-08,33,33_PRGO_Close,18.5,8.5,41,9.3314,-5.9823,15
42,2023-08,34,34_SEE_Close,18.5,8.5,44,9.9573,-5.6728,18
42,2023-08,35,35_STX_Close,18.5,8.5,42,5.5416,-3.1373,0
42,2023-08,36,36_SYF_Close,18.5,8.5,40,20.3506,-5.5028,40
42,2023-08,37,37_Sector_Comm,10.0,0.0,0,1151.2493,-81.9625,11
42,2023-08,38,38_Sector_Disc,10.0,0.0,0,1098.6169,-80.9664,17
42,2023-08,39,39_Sector_Energy,10.0,0.0,0,452.9244,-36.1516,2
42,2023-08,40,40_Sector_Fin,10.0,0.0,0,214.6301,-28.132,16
42,2023-08,41,41_Sector_Health,10.0,0.0,0,614.7097,-73.5761,15
42,2023-08,42,42_Sector_IT,10.0,0.0,0,631.0038,54.2804,1
42,2023-08,43,43_Sector_Ind,10.0,0.0,0,510.9042,-51.2603,10
42,2023-08,44,44_Sector_Mat,10.0,0.0,0,629.8821,-57.8946,34
42,2023-08,45,45_Sector_RE,10.0,0.0,0,409.3364,-34.5828,5
42,2023-08,46,46_Sector_Staples,10.0,0.0,0,334.8076,-30.2535,8
42,2023-08,47,47_Sector_Util,10.0,0.0,0,372.8813,33.8628,11
42,2023-08,48,48_TSLA_Close,18.5,8.5,38,14.9004,-8.379,17
42,2023-08,49,49_VNO_Close,18.5,8.5,45,18.5957,-5.554,30
42,2023-08,50,50_XOM_Close,18.5,8.5,39,14.6116,5.2303,35
43,2023-09,0,00_AAPL_Close,18.5,8.5,42,7.5352,-4.3225,35
43,2023-09,1,01_AMZN_Close,18.5,8.5,38,4.3266,-4.2641,17
43,2023-09,2,02_APA_Close,18.5,8.5,39,16.6961,-4.6491,50
43,2023-09,3,03_AVGO_Close,18.5,8.5,42,9.5546,-3.9337,0
43,2023-09,4,04_BIIB_Close,18.5,8.5,41,17.7219,-11.0668,15
43,2023-09,5,05_BXP_Close,18.5,8.5,45,12.4424,-5.6724,30
43,2023-09,6,06_CAG_Close,18.5,8.5,46,61.6137,-10.566,46
43,2023-09,7,07_CAT_Close,18.5,8.5,43,11.6054,-7.0356,10
43,2023-09,8,08_CPB_Close,18.5,8.5,46,20.2846,-6.2549,29
43,2023-09,9,09_DIS_Close,18.5,8.5,37,8.4396,-6.2329,19
43,2023-09,10,10_DOV_Close,18.5,8.5,43,11.5687,-5.0176,7
43,2023-09,11,11_GOOG_Close,18.5,8.5,37,5.7911,-3.5908,9
43,2023-09,12,12_HAL_Close,18.5,8.5,39,39.7596,-5.5628,50
43,2023-09,13,13_HD_Close,18.5,8.5,38,10.9334,-5.6533,35
43,2023-09,14,14_HPQ_Close,18.5,8.5,42,28.6345,-5.7139,31
43,2023-09,15,15_JNJ_Close,18.5,8.5,41,5.3706,-5.0821,33
43,2023-09,16,16_JPM_Close,18.5,8.5,40,20.2134,-4.7116,36
43,2023-09,17,17_KSS_Close,18.5,8.5,38,7.4473,-3.2279,1
43,2023-09,18,18_LIN_Close,18.5,8.5,44,12.8463,-8.8188,34
43,2023-09,19,19_LYV_Close,18.5,8.5,37,6.303,-5.9038,9
43,2023-09,20,20_META_Close,18.5,8.5,37,16.215,-12.2939,11
43,2023-09,21,21_MSFT_Close,18.5,8.5,42,8.1898,-4.0156,35
43,2023-09,22,22_M_Close,18.5,8.5,38,33.8456,4.1291,35
43,2023-09,23,23_NAVI_Close,18.5,8.5,40,87.3581,12.8772,24
43,2023-09,24,24_NEE_Close,18.5,8.5,47,12.4125,-7.3614,32
43,2023-09,25,25_NI_Close,18.5,8.5,47,180.2864,12.4818,35
43,2023-09,26,26_NVDA_Close,18.5,8.5,42,22.8483,4.1768,17
43,2023-09,27,27_NWSA_Close,18.5,8.5,37,37.8409,6.4134,49
43,2023-09,28,28_OI_Close,18.5,8.5,44,39.6497,-5.4552,18
43,2023-09,29,29_PG_Close,18.5,8.5,46,16.1441,-5.8535,8
43,2023-09,30,30_PLD_Close,18.5,8.5,45,6.1215,-5.7844,5
43,2023-09,31,31_PNR_Close,18.5,8.5,43,18.8337,-4.1476,7
43,2023-09,32,32_PNW_Close,18.5,8.5,47,12.9072,-7.827,24
43,2023-09,33,33_PRGO_Close,18.5,8.5,41,10.6895,-6.104,15
43,2023-09,34,34_SEE_Close,18.5,8.5,44,10.564,-5.7134,18
43,2023-09,35,35_STX_Close,18.5,8.5,42,5.9966,-3.1786,0
43,2023-09,36,36_SYF_Close,18.5,8.5,40,23.5541,-4.955,40
43,2023-09,37,37_Sector_Comm,10.0,0.0,0,1502.9205,-85.6121,11
43,2023-09,38,38_Sector_Disc,10.0,0.0,0,1388.9725,-83.9356,17
43,2023-09,39,39_Sector_Energy,10.0,0.0,0,587.2291,-40.7996,2
43,2023-09,40,40_Sector_Fin,10.0,0.0,0,287.2755,-29.7813,36
43,2023-09,41,41_Sector_Health,10.0,0.0,0,826.3246,-71.2422,15
43,2023-09,42,42_Sector_IT,10.0,0.0,0,840.7706,53.6987,1
43,2023-09,43,43_Sector_Ind,10.0,0.0,0,701.6978,-55.7934,31
43,2023-09,44,44_Sector_Mat,10.0,0.0,0,773.5328,-59.2246,34
43,2023-09,45,45_Sector_RE,10.0,0.0,0,536.074,36.4597,11
43,2023-09,46,46_Sector_Staples,10.0,0.0,0,369.5195,-29.0157,8
43,2023-09,47,47_Sector_Util,10.0,0.0,0,404.6871,34.4473,11
43,2023-09,48,48_TSLA_Close,18.5,8.5,38,19.8286,-8.5335,17
43,2023-09,49,49_VNO_Close,18.5,8.5,45,20.5933,-5.0166,30
43,2023-09,50,50_XOM_Close,18.5,8.5,39,14.9583,-5.0207,2
44,2023-10,0,00_AAPL_Close,18.5,8.5,42,7.3211,-4.049,35
44,2023-10,1,01_AMZN_Close,18.5,8.5,38,3.8052,-4.1358,17
44,2023-10,2,02_APA_Close,18.5,8.5,39,15.6882,-5.1763,50
44,2023-10,3,03_AVGO_Close,18.5,8.5,42,8.7952,-3.8899,0
44,2023-10,4,04_BIIB_Close,18.5,8.5,41,13.816,-10.3098,15
44,2023-10,5,05_BXP_Close,18.5,8.5,45,11.4736,-6.0837,30
44,2023-10,6,06_CAG_Close,18.5,8.5,46,58.2337,-10.7427,46
44,2023-10,7,07_CAT_Close,18.5,8.5,43,10.8058,-7.3569,10
44,2023-10,8,08_CPB_Close,18.5,8.5,46,19.2696,-5.904,29
44,2023-10,9,09_DIS_Close,18.5,8.5,37,7.8972,-6.281,19
44,2023-10,10,10_DOV_Close,18.5,8.5,43,10.1722,-5.2888,7
44,2023-10,11,11_GOOG_Close,18.5,8.5,37,5.2639,-3.2427,9
44,2023-10,12,12_HAL_Close,18.5,8.5,39,34.809,-6.5336,50
44,2023-10,13,13_HD_Close,18.5,8.5,38,9.5596,-5.6424,17
44,2023-10,14,14_HPQ_Close,18.5,8.5,42,28.5539,-5.9722,31
44,2023-10,15,15_JNJ_Close,18.5,8.5,41,5.2347,-5.4197,33
44,2023-10,16,16_JPM_Close,18.5,8.5,40,16.9159,-4.7193,36
44,2023-10,17,17_KSS_Close,18.5,8.5,38,5.6777,-3.312,1
44,2023-10,18,18_LIN_Close,18.5,8.5,44,12.2622,-8.8017,34
44,2023-10,19,19_LYV_Close,18.5,8.5,37,5.7422,-5.7559,9
44,2023-10,20,20_META_Close,18.5,8.5,37,14.1809,-12.2128,11
44,2023-10,21,21_MSFT_Close,18.5,8.5,42,7.2367,-3.8497,11
44,2023-10,22,22_M_Close,18.5,8.5,38,32.4417,4.6631,35
44,2023-10,23,23_NAVI_Close,18.5,8.5,40,78.9886,13.1404,24
44,2023-10,24,24_NEE_Close,18.5,8.5,47,12.0389,-7.0604,32
44,2023-10,25,25_NI_Close,18.5,8.5,47,147.2999,11.1945,35
44,2023-10,26,26_NVDA_Close,18.5,8.5,42,21.9785,-4.0406,21
44,2023-10,27,27_NWSA_Close,18.5,8.5,37,34.0497,5.2129,49
44,2023-10,28,28_OI_Close,18.5,8.5,44,37.977,-5.6203,18
44,2023-10,29,29_PG_Close,18.5,8.5,46,14.9312,-5.4905,8
44,2023-10,30,30_PLD_Close,18.5,8.5,45,5.7825,-5.7621,5
44,2023-10,31,31_PNR_Close,18.5,8.5,43,17.8866,-4.3771,7
44,2023-10,32,32_PNW_Close,18.5,8.5,47,12.1432,-7.4488,24
44,2023-10,33,33_PRGO_Close,18.5,8.5,41,8.4395,-5.835,15
44,2023-10,34,34_SEE_Close,18.5,8.5,44,9.9493,-5.792,18
44,2023-10,35,35_STX_Close,18.5,8.5,42,6.0225,-3.0238,0
44,2023-10,36,36_SYF_Close,18.5,8.5,40,19.1667,-5.4094,33
44,2023-10,37,37_Sector_Comm,10.0,0.0,0,1237.8055,-84.6295,11
44,2023-10,38,38_Sector_Disc,10.0,0.0,0,1041.534,-83.5021,17
44,2023-10,39,39_Sector_Energy,10.0,0.0,0,491.6344,-39.143,2
44,2023-10,40,40_Sector_Fin,10.0,0.0,0,221.0897,-30.573,36
44,2023-10,41,41_Sector_Health,10.0,0.0,0,675.9241,-67.4527,33
44,2023-10,42,42_Sector_IT,10.0,0.0,0,800.6233,59.3753,1
44,2023-10,43,43_Sector_Ind,10.0,0.0,0,657.5051,-55.5795,31
44,2023-10,44,44_Sector_Mat,10.0,0.0,0,706.7436,-60.2133,34
44,2023-10,45,45_Sector_RE,10.0,0.0,0,450.2044,-36.4357,5
44,2023-10,46,46_Sector_Staples,10.0,0.0,0,325.807,-28.3756,8
44,2023-10,47,47_Sector_Util,10.0,0.0,0,356.8339,33.773,11
44,2023-10,48,48_TSLA_Close,18.5,8.5,38,15.6045,-8.3673,17
44,2023-10,49,49_VNO_Close,18.5,8.5,45,19.3052,-5.6661,30
44,2023-10,50,50_XOM_Close,18.5,8.5,39,12.3059,-4.859,2
45,2023-11,0,00_AAPL_Close,18.5,8.5,42,8.5637,-4.1232,35
45,2023-11,1,01_AMZN_Close,18.5,8.5,38,4.6259,-4.2212,17
45,2023-11,2,02_APA_Close,18.5,8.5,39,17.6987,-5.5486,50
45,2023-11,3,03_AVGO_Close,18.5,8.5,42,10.5092,-3.9701,0
45,2023-11,4,04_BIIB_Close,18.5,8.5,41,17.3091,-9.8777,15
45,2023-11,5,05_BXP_Close,18.5,8.5,45,12.8584,-5.7939,30
45,2023-11,6,06_CAG_Close,18.5,8.5,46,64.0907,-9.8218,46
45,2023-11,7,07_CAT_Close,18.5,8.5,43,12.5361,-7.5685,10
45,2023-11,8,08_CPB_Close,18.5,8.5,46,20.7026,-6.1328,29
45,2023-11,9,09_DIS_Close,18.5,8.5,37,8.2864,-6.2474,19
45,2023-11,10,10_DOV_Close,18.5,8.5,43,11.8123,-4.941,7
45,2023-11,11,11_GOOG_Close,18.5,8.5,37,6.084,-3.5625,9
45,2023-11,12,12_HAL_Close,18.5,8.5,39,33.1975,-6.2672,50
45,2023-11,13,13_HD_Close,18.5,8.5,38,12.4936,-6.2004,35
45,2023-11,14,14_HPQ_Close,18.5,8.5,42,30.4529,-5.9585,31
45,2023-11,15,15_JNJ_Close,18.5,8.5,41,5.9441,-5.8574,33
45,2023-11,16,16_JPM_Close,18.5,8.5,40,21.2275,-5.4992,36
45,2023-11,17,17_KSS_Close,18.5,8.5,38,7.2903,-3.2556,1
45,2023-11,18,18_LIN_Close,18.5,8.5,44,15.3075,-9.4238,34
45,2023-11,19,19_LYV_Close,18.5,8.5,37,6.2547,-6.1915,9
45,2023-11,20,20_META_Close,18.5,8.5,37,18.162,-12.7309,11
45,2023-11,21,21_MSFT_Close,18.5,8.5,42,9.1256,-4.0727,11
45,2023-11,22,22_M_Close,18.5,8.5,38,35.6236,4.3275,35
45,2023-11,23,23_NAVI_Close,18.5,8.5,40,86.8616,13.3569,24
45,2023-11,24,24_NEE_Close,18.5,8.5,47,13.0324,-7.4027,32
45,2023-11,25,25_NI_Close,18.5,8.5,47,158.1363,10.6842,35
45,2023-11,26,26_NVDA_Close,18.5,8.5,42,21.3383,-3.0115,21
45,2023-11,27,27_NWSA_Close,18.5,8.5,37,36.7718,5.0704,49
45,2023-11,28,28_OI_Close,18.5,8.5,44,38.459,-5.6201,18
45,2023-11,29,29_PG_Close,18.5,8.5,46,16.9707,-5.9236,8
45,2023-11,30,30_PLD_Close,18.5,8.5,45,6.7637,-6.0756,5
45,2023-11,31,31_PNR_Close,18.5,8.5,43,19.4209,-4.0074,7
45,2023-11,32,32_PNW_Close,18.5,8.5,47,13.2957,-7.7137,24
45,2023-11,33,33_PRGO_Close,18.5,8.5,41,9.355,-5.9869,15
45,2023-11,34,34_SEE_Close,18.5,8.5,44,11.0226,-5.8104,18
45,2023-11,35,35_STX_Close,18.5,8.5,42,6.3761,-3.0476,0
45,2023-11,36,36_SYF_Close,18.5,8.5,40,22.2808,-5.4927,16
45,2023-11,37,37_Sector_Comm,10.0,0.0,0,1674.225,-88.7779,11
45,2023-11,38,38_Sector_Disc,10.0,0.0,0,1342.6312,-84.0523,17
45,2023-11,39,39_Sector_Energy,10.0,0.0,0,604.5822,-39.7493,2
45,2023-11,40,40_Sector_Fin,10.0,0.0,0,315.2304,-34.3952,36
45,2023-11,41,41_Sector_Health,10.0,0.0,0,926.7625,-72.5002,33
45,2023-11,42,42_Sector_IT,10.0,0.0,0,1043.9773,58.6118,1
45,2023-11,43,43_Sector_Ind,10.0,0.0,0,984.589,-64.4125,31
45,2023-11,44,44_Sector_Mat,10.0,0.0,0,881.4844,-65.902,34
45,2023-11,45,45_Sector_RE,10.0,0.0,0,587.0915,-39.1858,5
45,2023-11,46,46_Sector_Staples,10.0,0.0,0,373.1267,-29.931,8
45,2023-11,47,47_Sector_Util,10.0,0.0,0,444.5074,36.4046,11
45,2023-11,48,48_TSLA_Close,18.5,8.5,38,19.7209,-8.3081,17
45,2023-11,49,49_VNO_Close,18.5,8.5,45,21.6337,-5.1963,30
45,2023-11,50,50_XOM_Close,18.5,8.5,39,14.6327,-5.1474,2
46,2023-12,0,00_AAPL_Close,18.5,8.5,42,8.2295,-4.0619,35
46,2023-12,1,01_AMZN_Close,18.5,8.5,38,4.4128,-4.2034,17
46,2023-12,2,02_APA_Close,18.5,8.5,39,18.1474,-5.2775,50
46,2023-12,3,03_AVGO_Close,18.5,8.5,42,8.7773,-3.3988,0
46,2023-12,4,04_BIIB_Close,18.5,8.5,41,15.2333,-9.8013,15
46,2023-12,5,05_BXP_Close,18.5,8.5,45,12.3078,-5.6911,30
46,2023-12,6,06_CAG_Close,18.5,8.5,46,62.9239,-10.3316,46
46,2023-12,7,07_CAT_Close,18.5,8.5,43,12.4597,-8.1465,10
46,2023-12,8,08_CPB_Close,18.5,8.5,46,17.9697,-6.0855,29
46,2023-12,9,09_DIS_Close,18.5,8.5,37,8.2415,-6.2384,19
46,2023-12,10,10_DOV_Close,18.5,8.5,43,10.3581,-5.146,7
46,2023-12,11,11_GOOG_Close,18.5,8.5,37,5.9189,-3.517,9
46,2023-12,12,12_HAL_Close,18.5,8.5,39,32.8064,-5.942,50
46,2023-12,13,13_HD_Close,18.5,8.5,38,11.2519,-5.7361,35
46,2023-12,14,14_HPQ_Close,18.5,8.5,42,30.1549,-6.0717,31
46,2023-12,15,15_JNJ_Close,18.5,8.5,41,5.7716,-5.7549,33
46,2023-12,16,16_JPM_Close,18.5,8.5,40,20.489,-5.2969,36
46,2023-12,17,17_KSS_Close,18.5,8.5,38,6.8302,-3.3059,1
46,2023-12,18,18_LIN_Close,18.5,8.5,44,13.9055,-9.9105,34
46,2023-12,19,19_LYV_Close,18.5,8.5,37,6.0563,-6.0376,9
46,2023-12,20,20_META_Close,18.5,8.5,37,15.8191,-12.8248,11
46,2023-12,21,21_MSFT_Close,18.5,8.5,42,8.2263,-4.1822,11
46,2023-12,22,22_M_Close,18.5,8.5,38,35.3039,4.4302,35
46,2023-12,23,23_NAVI_Close,18.5,8.5,40,85.5451,12.0261,24
46,2023-12,24,24_NEE_Close,18.5,8.5,47,11.5908,-7.8626,32
46,2023-12,25,25_NI_Close,18.5,8.5,47,148.969,9.8511,35
46,2023-12,26,26_NVDA_Close,18.5,8.5,42,19.128,-2.6612,35
46,2023-12,27,27_NWSA_Close,18.5,8.5,37,37.1786,4.8322,17
46,2023-12,28,28_OI_Close,18.5,8.5,44,36.3918,-5.7179,18
46,2023-12,29,29_PG_Close,18.5,8.5,46,16.3863,-6.029,8
46,2023-12,30,30_PLD_Close,18.5,8.5,45,6.6477,-5.8166,5
46,2023-12,31,31_PNR_Close,18.5,8.5,43,18.7642,-3.9608,14
46,2023-12,32,32_PNW_Close,18.5,8.5,47,10.8405,-7.4084,24
46,2023-12,33,33_PRGO_Close,18.5,8.5,41,9.1451,-5.7876,15
46,2023-12,34,34_SEE_Close,18.5,8.5,44,10.5461,-5.9711,18
46,2023-12,35,35_STX_Close,18.5,8.5,42,6.289,-2.9881,0
46,2023-12,36,36_SYF_Close,18.5,8.5,40,21.8341,-5.2875,16
46,2023-12,37,37_Sector_Comm,10.0,0.0,0,1378.8295,-87.3866,11
46,2023-12,38,38_Sector_Disc,10.0,0.0,0,1253.403,-83.7214,17
46,2023-12,39,39_Sector_Energy,10.0,0.0,0,543.051,-37.4485,2
46,2023-12,40,40_Sector_Fin,10.0,0.0,0,294.3983,-34.0571,36
46,2023-12,41,41_Sector_Health,10.0,0.0,0,830.179,-72.4148,33
46,2023-12,42,42_Sector_IT,10.0,0.0,0,951.8593,58.8971,1
46,2023-12,43,43_Sector_Ind,10.0,0.0,0,935.0617,-64.4116,31
46,2023-12,44,44_Sector_Mat,10.0,0.0,0,839.6624,-67.0066,34
46,2023-12,45,45_Sector_RE,10.0,0.0,0,580.7064,-34.8471,5
46,2023-12,46,46_Sector_Staples,10.0,0.0,0,321.7574,-30.7733,8
46,2023-12,47,47_Sector_Util,10.0,0.0,0,444.8268,35.9411,11
46,2023-12,48,48_TSLA_Close,18.5,8.5,38,18.3586,-8.301,17
46,2023-12,49,49_VNO_Close,18.5,8.5,45,19.1456,5.0104,32
46,2023-12,50,50_XOM_Close,18.5,8.5,39,14.9757,-4.9687,2
47,2024-01,0,00_AAPL_Close,18.5,8.5,42,7.6599,-3.8199,35
47,2024-01,1,01_AMZN_Close,18.5,8.5,38,4.2681,-4.0725,17
47,2024-01,2,02_APA_Close,18.5,8.5,39,17.1632,-5.3366,50
47,2024-01,3,03_AVGO_Close,18.5,8.5,42,8.4053,-3.1946,0
47,2024-01,4,04_BIIB_Close,18.5,8.5,41,14.4843,-9.9762,15
47,2024-01,5,05_BXP_Close,18.5,8.5,45,12.32,-5.8961,30
47,2024-01,6,06_CAG_Close,18.5,8.5,46,58.1146,-9.9083,46
47,2024-01,7,07_CAT_Close,18.5,8.5,43,12.0845,-8.0267,10
47,2024-01,8,08_CPB_Close,18.5,8.5,46,17.6391,-5.978,29
47,2024-01,9,09_DIS_Close,18.5,8.5,37,8.084,-6.2369,19
47,2024-01,10,10_DOV_Close,18.5,8.5,43,9.4424,-5.1357,7
47,2024-01,11,11_GOOG_Close,18.5,8.5,37,5.7357,-3.4707,9
47,2024-01,12,12_HAL_Close,18.5,8.5,39,32.9388,-5.8066,50
47,2024-01,13,13_HD_Close,18.5,8.5,38,10.2378,-5.4397,17
47,2024-01,14,14_HPQ_Close,18.5,8.5,42,29.0509,-6.4164,31
47,2024-01,15,15_JNJ_Close,18.5,8.5,41,5.6537,-5.5809,33
47,2024-01,16,16_JPM_Close,18.5,8.5,40,19.262,-5.1888,36
47,2024-01,17,17_KSS_Close,18.5,8.5,38,6.4574,-3.251,1
47,2024-01,18,18_LIN_Close,18.5,8.5,44,13.7687,-9.949,34
47,2024-01,19,19_LYV_Close,18.5,8.5,37,5.8722,-5.9567,9
47,2024-01,20,20_META_Close,18.5,8.5,37,15.3671,-12.668,11
47,2024-01,21,21_MSFT_Close,18.5,8.5,42,8.8623,-4.4906,26
47,2024-01,22,22_M_Close,18.5,8.5,38,33.4327,-5.1215,26
47,2024-01,23,23_NAVI_Close,18.5,8.5,40,84.1557,11.824,24
47,2024-01,24,24_NEE_Close,18.5,8.5,47,11.5774,-7.8416,32
47,2024-01,25,25_NI_Close,18.5,8.5,47,142.2488,-10.6848,26
47,2024-01,26,26_NVDA_Close,18.5,8.5,42,9.4616,-2.2346,21
47,2024-01,27,27_NWSA_Close,18.5,8.5,37,37.0499,4.9834,49
47,2024-01,28,28_OI_Close,18.5,8.5,44,38.127,-5.6284,18
47,2024-01,29,29_PG_Close,18.5,8.5,46,14.9282,-5.6391,8
47,2024-01,30,30_PLD_Close,18.5,8.5,45,6.3852,-5.8688,5
47,2024-01,31,31_PNR_Close,18.5,8.5,43,17.3456,-4.0949,14
47,2024-01,32,32_PNW_Close,18.5,8.5,47,10.2763,-7.1689,24
47,2024-01,33,33_PRGO_Close,18.5,8.5,41,9.0477,-5.7245,15
47,2024-01,34,34_SEE_Close,18.5,8.5,44,10.2102,-5.9059,18
47,2024-01,35,35_STX_Close,18.5,8.5,42,6.1422,-2.8865,0
47,2024-01,36,36_SYF_Close,18.5,8.5,40,20.9023,-5.181,16
47,2024-01,37,37_Sector_Comm,10.0,0.0,0,1285.8527,-87.6422,11
47,2024-01,38,38_Sector_Disc,10.0,0.0,0,1147.1019,-81.6187,17
47,2024-01,39,39_Sector_Energy,10.0,0.0,0,510.6309,-36.9539,2
47,2024-01,40,40_Sector_Fin,10.0,0.0,0,273.2984,-33.9781,36
47,2024-01,41,41_Sector_Health,10.0,0.0,0,773.6749,-70.5995,33
47,2024-01,42,42_Sector_IT,10.0,0.0,0,927.1874,57.0914,1
47,2024-01,43,43_Sector_Ind,10.0,0.0,0,879.4001,-63.5707,31
47,2024-01,44,44_Sector_Mat,10.0,0.0,0,779.5238,-66.641,34
47,2024-01,45,45_Sector_RE,10.0,0.0,0,564.0434,-34.4827,5
47,2024-01,46,46_Sector_Staples,10.0,0.0,0,316.36,-30.5717,8
47,2024-01,47,47_Sector_Util,10.0,0.0,0,432.7094,-37.1115,32
47,2024-01,48,48_TSLA_Close,18.5,8.5,38,17.1692,-8.1675,17
47,2024-01,49,49_VNO_Close,18.5,8.5,45,19.3302,-5.1368,30
47,2024-01,50,50_XOM_Close,18.5,8.5,39,14.2361,-5.1183,2
48,2024-02,0,00_AAPL_Close,18.5,8.5,42,7.3559,-3.6202,35
48,2024-02,1,01_AMZN_Close,18.5,8.5,38,3.7987,-4.3779,17
48,2024-02,2,02_APA_Close,18.5,8.5,39,16.8576,-5.3326,50
48,2024-02,3,03_AVGO_Close,18.5,8.5,42,7.7854,-3.1015,0
48,2024-02,4,04_BIIB_Close,18.5,8.5,41,13.9936,-10.2037,15
48,2024-02,5,05_BXP_Close,18.5,8.5,45,10.4745,-5.7923,30
48,2024-02,6,06_CAG_Close,18.5,8.5,46,57.3479,-10.0333,46
48,2024-02,7,07_CAT_Close,18.5,8.5,43,11.6329,-8.2235,10
48,2024-02,8,08_CPB_Close,18.5,8.5,46,17.599,-5.992,29
48,2024-02,9,09_DIS_Close,18.5,8.5,37,8.0736,-6.3033,19
48,2024-02,10,10_DOV_Close,18.5,8.5,43,9.0679,-5.1964,7
48,2024-02,11,11_GOOG_Close,18.5,8.5,37,5.7282,-3.4136,9
48,2024-02,12,12_HAL_Close,18.5,8.5,39,33.0779,-5.8741,50
48,2024-02,13,13_HD_Close,18.5,8.5,38,9.7045,-5.4773,17
48,2024-02,14,14_HPQ_Close,18.5,8.5,42,27.6449,-5.9137,31
48,2024-02,15,15_JNJ_Close,18.5,8.5,41,5.429,-5.4192,33
48,2024-02,16,16_JPM_Close,18.5,8.5,40,19.3705,-5.113,36
48,2024-02,17,17_KSS_Close,18.5,8.5,38,6.2769,-3.3655,1
48,2024-02,18,18_LIN_Close,18.5,8.5,44,15.5077,-10.2014,34
48,2024-02,19,19_LYV_Close,18.5,8.5,37,5.8341,-6.0188,9
48,2024-02,20,20_META_Close,18.5,8.5,37,14.8795,-12.4001,11
48,2024-02,21,21_MSFT_Close,18.5,8.5,42,8.609,-4.3103,26
48,2024-02,22,22_M_Close,18.5,8.5,38,33.3112,-4.8719,26
48,2024-02,23,23_NAVI_Close,18.5,8.5,40,81.8142,11.754,24
48,2024-02,24,24_NEE_Close,18.5,8.5,47,11.5686,-7.8543,32
48,2024-02,25,25_NI_Close,18.5,8.5,47,142.5565,-11.0284,26
48,2024-02,26,26_NVDA_Close,18.5,8.5,42,9.4639,-2.1921,21
48,2024-02,27,27_NWSA_Close,18.5,8.5,37,37.112,4.9963,49
48,2024-02,28,28_OI_Close,18.5,8.5,44,34.2363,-5.7707,44
48,2024-02,29,29_PG_Close,18.5,8.5,46,14.2015,-5.6271,8
48,2024-02,30,30_PLD_Close,18.5,8.5,45,5.1108,-5.9555,5
48,2024-02,31,31_PNR_Close,18.5,8.5,43,17.1981,-3.856,14
48,2024-02,32,32_PNW_Close,18.5,8.5,47,10.2664,-7.1847,24
48,2024-02,33,33_PRGO_Close,18.5,8.5,41,9.1589,-5.7727,15
48,2024-02,34,34_SEE_Close,18.5,8.5,44,10.2607,-5.8603,18
48,2024-02,35,35_STX_Close,18.5,8.5,42,6.2036,-2.635,0
48,2024-02,36,36_SYF_Close,18.5,8.5,40,20.5889,-5.2831,40
48,2024-02,37,37_Sector_Comm,10.0,0.0,0,1280.8299,-89.1418,11
48,2024-02,38,38_Sector_Disc,10.0,0.0,0,1093.4481,-83.5644,17
48,2024-02,39,39_Sector_Energy,10.0,0.0,0,460.302,-36.4788,2
48,2024-02,40,40_Sector_Fin,10.0,0.0,0,269.8108,-34.7009,36
48,2024-02,41,41_Sector_Health,10.0,0.0,0,800.9993,-67.8884,33
48,2024-02,42,42_Sector_IT,10.0,0.0,0,915.6099,56.1269,21
48,2024-02,43,43_Sector_Ind,10.0,0.0,0,833.6814,-61.8186,31
48,2024-02,44,44_Sector_Mat,10.0,0.0,0,765.5211,-67.3032,34
48,2024-02,45,45_Sector_RE,10.0,0.0,0,507.8692,33.1472,11
48,2024-02,46,46_Sector_Staples,10.0,0.0,0,325.1736,-30.5976,8
48,2024-02,47,47_Sector_Util,10.0,0.0,0,398.4169,37.3886,11
48,2024-02,48,48_TSLA_Close,18.5,8.5,38,16.0267,-8.0799,17
48,2024-02,49,49_VNO_Close,18.5,8.5,45,20.0395,4.8961,32
48,2024-02,50,50_XOM_Close,18.5,8.5,39,13.9448,-5.0437,2
49,2024-03,0,00_AAPL_Close,18.5,8.5,42,7.5174,-3.8182,35
49,2024-03,1,01_AMZN_Close,18.5,8.5,38,3.8356,-4.3038,17
49,2024-03,2,02_APA_Close,18.5,8.5,39,16.57,-5.2303,50
49,2024-03,3,03_AVGO_Close,18.5,8.5,42,7.2772,-2.7305,0
49,2024-03,4,04_BIIB_Close,18.5,8.5,41,14.1343,-9.9871,15
49,2024-03,5,05_BXP_Close,18.5,8.5,45,10.8297,-5.6206,30
49,2024-03,6,06_CAG_Close,18.5,8.5,46,56.8868,-10.1982,46
49,2024-03,7,07_CAT_Close,18.5,8.5,43,11.4199,-8.209,10
49,2024-03,8,08_CPB_Close,18.5,8.5,46,18.162,-6.107,29
49,2024-03,9,09_DIS_Close,18.5,8.5,37,7.4896,-6.569,19
49,2024-03,10,10_DOV_Close,18.5,8.5,43,9.0165,-5.1976,7
49,2024-03,11,11_GOOG_Close,18.5,8.5,37,5.6943,-3.2239,9
49,2024-03,12,12_HAL_Close,18.5,8.5,39,33.0882,-5.7853,50
49,2024-03,13,13_HD_Close,18.5,8.5,38,9.2601,-5.3418,17
49,2024-03,14,14_HPQ_Close,18.5,8.5,42,23.3603,-4.2788,31
49,2024-03,15,15_JNJ_Close,18.5,8.5,41,5.3344,-5.4149,33
49,2024-03,16,16_JPM_Close,18.5,8.5,40,18.446,-5.0475,36
49,2024-03,17,17_KSS_Close,18.5,8.5,38,6.2496,-3.2401,1
49,2024-03,18,18_LIN_Close,18.5,8.5,44,15.7842,-9.9304,34
49,2024-03,19,19_LYV_Close,18.5,8.5,37,5.5971,-5.9568,9
49,2024-03,20,20_META_Close,18.5,8.5,37,17.1378,-11.4024,11
49,2024-03,21,21_MSFT_Close,18.5,8.5,42,8.3318,-4.1815,11
49,2024-03,22,22_M_Close,18.5,8.5,38,33.9802,-4.8855,26
49,2024-03,23,23_NAVI_Close,18.5,8.5,40,75.2923,-12.0768,3
49,2024-03,24,24_NEE_Close,18.5,8.5,47,11.6667,-7.939,32
49,2024-03,25,25_NI_Close,18.5,8.5,47,144.4049,-10.8076,26
49,2024-03,26,26_NVDA_Close,18.5,8.5,42,9.4671,-2.1776,35
49,2024-03,27,27_NWSA_Close,18.5,8.5,37,34.4723,-4.333,14
49,2024-03,28,28_OI_Close,18.5,8.5,44,33.0605,6.1314,3
49,2024-03,29,29_PG_Close,18.5,8.5,46,14.0523,-5.6146,8
49,2024-03,30,30_PLD_Close,18.5,8.5,45,4.8115,-5.7431,5
49,2024-03,31,31_PNR_Close,18.5,8.5,43,17.0397,-3.8524,7
49,2024-03,32,32_PNW_Close,18.5,8.5,47,10.6076,-7.3102,24
49,2024-03,33,33_PRGO_Close,18.5,8.5,41,9.0027,-5.686,15
49,2024-03,34,34_SEE_Close,18.5,8.5,44,10.4553,-5.8686,18
49,2024-03,35,35_STX_Close,18.5,8.5,42,6.0833,-2.6622,0
49,2024-03,36,36_SYF_Close,18.5,8.5,40,20.6796,-5.3948,40
49,2024-03,37,37_Sector_Comm,10.0,0.0,0,1227.1534,-85.2042,11
49,2024-03,38,38_Sector_Disc,10.0,0.0,0,1053.0146,-84.4725,17
49,2024-03,39,39_Sector_Energy,10.0,0.0,0,454.4199,-37.0185,2
49,2024-03,40,40_Sector_Fin,10.0,0.0,0,270.315,-34.8537,36
49,2024-03,41,41_Sector_Health,10.0,0.0,0,805.9234,-68.1853,33
49,2024-03,42,42_Sector_IT,10.0,0.0,0,887.0998,56.5842,21
49,2024-03,43,43_Sector_Ind,10.0,0.0,0,795.2089,-60.6199,31
49,2024-03,44,44_Sector_Mat,10.0,0.0,0,762.7906,-66.5764,34
49,2024-03,45,45_Sector_RE,10.0,0.0,0,488.5923,-33.3435,5
49,2024-03,46,46_Sector_Staples,10.0,0.0,0,320.3947,-29.3892,8
49,2024-03,47,47_Sector_Util,10.0,0.0,0,454.5658,47.6157,11
49,2024-03,48,48_TSLA_Close,18.5,8.5,38,15.5632,-8.4155,17
49,2024-03,49,49_VNO_Close,18.5,8.5,45,19.7333,-4.875,30
49,2024-03,50,50_XOM_Close,18.5,8.5,39,13.8164,-5.0666,2
50,2024-04,0,00_AAPL_Close,18.5,8.5,42,8.1157,-4.3985,35
50,2024-04,1,01_AMZN_Close,18.5,8.5,38,3.8383,-4.4117,17
50,2024-04,2,02_APA_Close,18.5,8.5,39,16.8771,-5.3305,50
50,2024-04,3,03_AVGO_Close,18.5,8.5,42,6.8471,-2.4972,35
50,2024-04,4,04_BIIB_Close,18.5,8.5,41,10.9266,-9.7689,15
50,2024-04,5,05_BXP_Close,18.5,8.5,45,11.0199,-5.5708,30
50,2024-04,6,06_CAG_Close,18.5,8.5,46,58.0909,-9.8493,46
50,2024-04,7,07_CAT_Close,18.5,8.5,43,12.7983,-7.6276,10
50,2024-04,8,08_CPB_Close,18.5,8.5,46,19.0432,-6.8308,29
50,2024-04,9,09_DIS_Close,18.5,8.5,37,6.7439,-6.4528,19
50,2024-04,10,10_DOV_Close,18.5,8.5,43,9.51,-4.9967,7
50,2024-04,11,11_GOOG_Close,18.5,8.5,37,4.4988,-3.5583,9
50,2024-04,12,12_HAL_Close,18.5,8.5,39,33.2488,-5.9162,50
50,2024-04,13,13_HD_Close,18.5,8.5,38,10.4531,-6.0703,17
50,2024-04,14,14_HPQ_Close,18.5,8.5,42,23.3325,-3.6129,31
50,2024-04,15,15_JNJ_Close,18.5,8.5,41,5.4674,-5.6993,33
50,2024-04,16,16_JPM_Close,18.5,8.5,40,18.4788,-4.7688,36
50,2024-04,17,17_KSS_Close,18.5,8.5,38,5.8738,-3.3359,1
50,2024-04,18,18_LIN_Close,18.5,8.5,44,15.7433,-9.8079,34
50,2024-04,19,19_LYV_Close,18.5,8.5,37,5.8301,-6.3278,9
50,2024-04,20,20_META_Close,18.5,8.5,37,17.3372,-11.7728,11
50,2024-04,21,21_MSFT_Close,18.5,8.5,42,8.6361,-5.4079,26
50,2024-04,22,22_M_Close,18.5,8.5,38,33.8676,-4.6289,26
50,2024-04,23,23_NAVI_Close,18.5,8.5,40,74.9995,-12.6421,3
50,2024-04,24,24_NEE_Close,18.5,8.5,47,11.8478,-8.0271,32
50,2024-04,25,25_NI_Close,18.5,8.5,47,148.1251,-10.3982,26
50,2024-04,26,26_NVDA_Close,18.5,8.5,42,9.3801,-2.5353,21
50,2024-04,27,27_NWSA_Close,18.5,8.5,37,34.4636,-4.5167,14
50,2024-04,28,28_OI_Close,18.5,8.5,44,33.6699,-5.7844,18
50,2024-04,29,29_PG_Close,18.5,8.5,46,13.0412,-6.1238,8
50,2024-04,30,30_PLD_Close,18.5,8.5,45,4.7676,-5.6607,5
50,2024-04,31,31_PNR_Close,18.5,8.5,43,15.8112,-4.0374,7
50,2024-04,32,32_PNW_Close,18.5,8.5,47,10.323,-7.1979,24
50,2024-04,33,33_PRGO_Close,18.5,8.5,41,7.4542,-5.7517,15
50,2024-04,34,34_SEE_Close,18.5,8.5,44,10.5836,-5.7677,18
50,2024-04,35,35_STX_Close,18.5,8.5,42,6.2859,-3.0251,0
50,2024-04,36,36_SYF_Close,18.5,8.5,40,20.2823,-5.4805,40
50,2024-04,37,37_Sector_Comm,10.0,0.0,0,1263.0158,-93.8749,11
50,2024-04,38,38_Sector_Disc,10.0,0.0,0,1030.5114,-85.2913,17
50,2024-04,39,39_Sector_Energy,10.0,0.0,0,427.7328,-35.6861,2
50,2024-04,40,40_Sector_Fin,10.0,0.0,0,244.7489,-33.7405,36
50,2024-04,41,41_Sector_Health,10.0,0.0,0,609.7188,-71.3442,33
50,2024-04,42,42_Sector_IT,10.0,0.0,0,895.2687,55.6045,1
50,2024-04,43,43_Sector_Ind,10.0,0.0,0,815.2329,-62.5916,31
50,2024-04,44,44_Sector_Mat,10.0,0.0,0,762.4398,-66.919,34
50,2024-04,45,45_Sector_RE,10.0,0.0,0,453.8472,-33.7679,5
50,2024-04,46,46_Sector_Staples,10.0,0.0,0,331.2721,-29.1712,8
50,2024-04,47,47_Sector_Util,10.0,0.0,0,416.7935,48.3153,11
50,2024-04,48,48_TSLA_Close,18.5,8.5,38,16.5148,-9.1925,17
50,2024-04,49,49_VNO_Close,18.5,8.5,45,19.7484,-4.9491,30
50,2024-04,50,50_XOM_Close,18.5,8.5,39,13.7865,-4.958,2
51,2024-05,0,00_AAPL_Close,18.5,8.5,42,6.9945,-4.1415,35
51,2024-05,1,01_AMZN_Close,18.5,8.5,38,2.7514,-4.2853,17
51,2024-05,2,02_APA_Close,18.5,8.5,39,15.357,-5.3038,50
51,2024-05,3,03_AVGO_Close,18.5,8.5,42,5.1833,-2.2235,0
51,2024-05,4,04_BIIB_Close,18.5,8.5,41,10.1313,-9.6853,15
51,2024-05,5,05_BXP_Close,18.5,8.5,45,9.0622,-5.8954,30
51,2024-05,6,06_CAG_Close,18.5,8.5,46,57.9191,-9.5569,46
51,2024-05,7,07_CAT_Close,18.5,8.5,43,10.7104,-8.0053,10
51,2024-05,8,08_CPB_Close,18.5,8.5,46,18.0872,-6.8923,29
51,2024-05,9,09_DIS_Close,18.5,8.5,37,6.1685,-6.3961,19
51,2024-05,10,10_DOV_Close,18.5,8.5,43,8.4742,-5.3829,7
51,2024-05,11,11_GOOG_Close,18.5,8.5,37,3.6948,-3.7294,9
51,2024-05,12,12_HAL_Close,18.5,8.5,39,31.7752,-6.046,50
51,2024-05,13,13_HD_Close,18.5,8.5,38,8.1293,-6.2235,17
51,2024-05,14,14_HPQ_Close,18.5,8.5,42,22.0198,-3.8126,3
51,2024-05,15,15_JNJ_Close,18.5,8.5,41,5.0204,-5.6351,33
51,2024-05,16,16_JPM_Close,18.5,8.5,40,15.3547,-4.6654,36
51,2024-05,17,17_KSS_Close,18.5,8.5,38,5.2357,-3.0854,1
51,2024-05,18,18_LIN_Close,18.5,8.5,44,13.8369,-9.7019,34
51,2024-05,19,19_LYV_Close,18.5,8.5,37,5.3162,-6.3241,9
51,2024-05,20,20_META_Close,18.5,8.5,37,15.6482,-9.9791,11
51,2024-05,21,21_MSFT_Close,18.5,8.5,42,7.2141,-5.2961,26
51,2024-05,22,22_M_Close,18.5,8.5,38,31.7152,-5.3662,26
51,2024-05,23,23_NAVI_Close,18.5,8.5,40,72.1902,-11.3398,3
51,2024-05,24,24_NEE_Close,18.5,8.5,47,11.0205,-7.8994,32
51,2024-05,25,25_NI_Close,18.5,8.5,47,144.4723,10.7863,35
51,2024-05,26,26_NVDA_Close,18.5,8.5,42,8.1309,-2.6107,21
51,2024-05,27,27_NWSA_Close,18.5,8.5,37,30.5842,-3.2549,36
51,2024-05,28,28_OI_Close,18.5,8.5,44,33.4768,-6.1116,18
51,2024-05,29,29_PG_Close,18.5,8.5,46,12.2798,-5.8688,8
51,2024-05,30,30_PLD_Close,18.5,8.5,45,4.3947,-5.8376,5
51,2024-05,31,31_PNR_Close,18.5,8.5,43,15.3922,-4.2422,7
51,2024-05,32,32_PNW_Close,18.5,8.5,47,10.1571,-7.1451,24
51,2024-05,33,33_PRGO_Close,18.5,8.5,41,7.169,-5.6968,15
51,2024-05,34,34_SEE_Close,18.5,8.5,44,9.3594,-5.7979,18
51,2024-05,35,35_STX_Close,18.5,8.5,42,5.8676,-2.8849,0
51,2024-05,36,36_SYF_Close,18.5,8.5,40,16.2462,-5.9851,40
51,2024-05,37,37_Sector_Comm,10.0,0.0,0,1008.8367,-82.2964,11
51,2024-05,38,38_Sector_Disc,10.0,0.0,0,832.0687,-91.7939,17
51,2024-05,39,39_Sector_Energy,10.0,0.0,0,354.6846,-34.494,2
51,2024-05,40,40_Sector_Fin,10.0,0.0,0,210.7448,-35.049,36
51,2024-05,41,41_Sector_Health,10.0,0.0,0,572.5503,-70.8633,33
51,2024-05,42,42_Sector_IT,10.0,0.0,0,828.1921,66.1082,21
51,2024-05,43,43_Sector_Ind,10.0,0.0,0,652.9775,-57.0722,31
51,2024-05,44,44_Sector_Mat,10.0,0.0,0,679.7428,-67.336,34
51,2024-05,45,45_Sector_RE,10.0,0.0,0,318.2074,-36.6141,5
51,2024-05,46,46_Sector_Staples,10.0,0.0,0,288.3283,-28.2561,8
51,2024-05,47,47_Sector_Util,10.0,0.0,0,288.0135,41.3204,11
51,2024-05,48,48_TSLA_Close,18.5,8.5,38,13.0053,-9.5046,17
51,2024-05,49,49_VNO_Close,18.5,8.5,45,18.5869,-5.4007,30
51,2024-05,50,50_XOM_Close,18.5,8.5,39,12.2931,-4.7908,2
52,2024-06,0,00_AAPL_Close,18.5,8.5,42,4.4159,-3.1849,35
52,2024-06,1,01_AMZN_Close,18.5,8.5,38,1.9591,-3.9526,17
52,2024-06,2,02_APA_Close,18.5,8.5,39,11.9454,-5.0038,50
52,2024-06,3,03_AVGO_Close,18.5,8.5,42,2.8197,-2.5309,26
52,2024-06,4,04_BIIB_Close,18.5,8.5,41,6.4701,-10.2598,15
52,2024-06,5,05_BXP_Close,18.5,8.5,45,6.0946,-6.7651,30
52,2024-06,6,06_CAG_Close,18.5,8.5,46,47.5522,-12.2843,46
52,2024-06,7,07_CAT_Close,18.5,8.5,43,6.8514,-8.4223,10
52,2024-06,8,08_CPB_Close,18.5,8.5,46,15.0026,-6.1552,29
52,2024-06,9,09_DIS_Close,18.5,8.5,37,4.5598,-5.7551,19
52,2024-06,10,10_DOV_Close,18.5,8.5,43,5.2407,-5.6755,7
52,2024-06,11,11_GOOG_Close,18.5,8.5,37,2.6945,-3.6245,9
52,2024-06,12,12_HAL_Close,18.5,8.5,39,27.8494,-6.044,50
52,2024-06,13,13_HD_Close,18.5,8.5,38,4.0578,-5.7834,17
52,2024-06,14,14_HPQ_Close,18.5,8.5,42,16.0577,-5.7549,3
52,2024-06,15,15_JNJ_Close,18.5,8.5,41,3.98,-4.2835,33
52,2024-06,16,16_JPM_Close,18.5,8.5,40,9.0848,-5.6298,40
52,2024-06,17,17_KSS_Close,18.5,8.5,38,3.7196,-3.2192,1
52,2024-06,18,18_LIN_Close,18.5,8.5,44,10.3784,-8.6841,34
52,2024-06,19,19_LYV_Close,10.0,0.0,0,3.6008,-5.5864,9
52,2024-06,20,20_META_Close,18.5,8.5,37,9.9413,-8.8748,11
52,2024-06,21,21_MSFT_Close,18.5,8.5,42,3.9592,-3.5327,26
52,2024-06,22,22_M_Close,18.5,8.5,38,26.5009,6.2202,17
52,2024-06,23,23_NAVI_Close,18.5,8.5,40,63.6201,-12.1069,26
52,2024-06,24,24_NEE_Close,18.5,8.5,47,8.6226,-7.5856,32
52,2024-06,25,25_NI_Close,18.5,8.5,47,126.6522,12.0811,35
52,2024-06,26,26_NVDA_Close,18.5,8.5,42,6.742,-2.9846,3
52,2024-06,27,27_NWSA_Close,18.5,8.5,37,24.7853,-4.2687,9
52,2024-06,28,28_OI_Close,18.5,8.5,44,32.211,-6.7206,18
52,2024-06,29,29_PG_Close,18.5,8.5,46,9.3121,-4.6533,8
52,2024-06,30,30_PLD_Close,18.5,8.5,45,3.037,-5.5481,5
52,2024-06,31,31_PNR_Close,18.5,8.5,43,13.5043,-4.5943,7
52,2024-06,32,32_PNW_Close,18.5,8.5,47,8.6864,-6.7085,24
52,2024-06,33,33_PRGO_Close,18.5,8.5,41,5.9475,-4.8361,15
52,2024-06,34,34_SEE_Close,18.5,8.5,44,8.0564,-5.652,18
52,2024-06,35,35_STX_Close,18.5,8.5,42,4.8125,-2.4147,0
52,2024-06,36,36_SYF_Close,18.5,8.5,40,12.4818,-7.3309,40
52,2024-06,37,37_Sector_Comm,10.0,0.0,0,4.6892,-11.4893,19
52,2024-06,38,38_Sector_Disc,10.0,0.0,0,511.781,-87.5724,17
52,2024-06,39,39_Sector_Energy,10.0,0.0,0,214.942,-32.1053,2
52,2024-06,40,40_Sector_Fin,10.0,0.0,0,141.1605,-31.3884,36
52,2024-06,41,41_Sector_Health,10.0,0.0,0,324.2964,-65.301,15
52,2024-06,42,42_Sector_IT,10.0,0.0,0,427.0737,59.6907,21
52,2024-06,43,43_Sector_Ind,10.0,0.0,0,351.2242,-60.2241,10
52,2024-06,44,44_Sector_Mat,10.0,0.0,0,452.6982,-60.2642,34
52,2024-06,45,45_Sector_RE,10.0,0.0,0,164.8445,-34.3021,5
52,2024-06,46,46_Sector_Staples,10.0,0.0,0,181.0039,-25.8569,29
52,2024-06,47,47_Sector_Util,10.0,0.0,0,189.4221,-38.4335,32
52,2024-06,48,48_TSLA_Close,18.5,8.5,38,7.6339,-9.5098,17
52,2024-06,49,49_VNO_Close,18.5,8.5,45,15.9016,-7.0207,30
52,2024-06,50,50_XOM_Close,18.5,8.5,39,9.195,-5.1919,17
53,2024-07,0,00_AAPL_Close,18.5,8.5,42,4.2156,-2.9963,35
53,2024-07,1,01_AMZN_Close,18.5,8.5,38,1.9457,-3.9081,17
53,2024-07,2,02_APA_Close,18.5,8.5,39,11.8118,-5.0659,50
53,2024-07,3,03_AVGO_Close,18.5,8.5,42,2.8584,-2.4692,14
53,2024-07,4,04_BIIB_Close,18.5,8.5,41,6.3849,-10.1728,15
53,2024-07,5,05_BXP_Close,18.5,8.5,45,6.0522,-6.7493,30
53,2024-07,6,06_CAG_Close,18.5,8.5,46,47.3815,-11.533,46
53,2024-07,7,07_CAT_Close,18.5,8.5,43,6.9579,-8.5908,10
53,2024-07,8,08_CPB_Close,18.5,8.5,46,15.1267,-6.2089,29
53,2024-07,9,09_DIS_Close,18.5,8.5,37,4.6269,-5.8467,19
53,2024-07,10,10_DOV_Close,18.5,8.5,43,5.1784,-5.6552,7
53,2024-07,11,11_GOOG_Close,18.5,8.5,37,2.7567,-3.5558,9
53,2024-07,12,12_HAL_Close,18.5,8.5,39,28.0405,-6.0403,50
53,2024-07,13,13_HD_Close,18.5,8.5,38,4.0497,-5.6685,17
53,2024-07,14,14_HPQ_Close,18.5,8.5,42,15.3549,-5.8324,3
53,2024-07,15,15_JNJ_Close,18.5,8.5,41,3.8646,-4.3667,33
53,2024-07,16,16_JPM_Close,18.5,8.5,40,8.8933,-5.8296,40
53,2024-07,17,17_KSS_Close,18.5,8.5,38,3.7055,-3.2477,1
53,2024-07,18,18_LIN_Close,18.5,8.5,44,10.2674,-8.5325,34
53,2024-07,19,19_LYV_Close,18.5,8.5,37,3.5311,-5.6356,9
53,2024-07,20,20_META_Close,18.5,8.5,37,10.0056,-9.2739,11
53,2024-07,21,21_MSFT_Close,18.5,8.5,42,3.7682,-4.2048,26
53,2024-07,22,22_M_Close,18.5,8.5,38,24.1858,5.9348,17
53,2024-07,23,23_NAVI_Close,18.5,8.5,40,64.9526,-11.1141,26
53,2024-07,24,24_NEE_Close,18.5,8.5,47,9.1925,-7.88,32
53,2024-07,25,25_NI_Close,18.5,8.5,47,125.918,-13.4859,26
53,2024-07,26,26_NVDA_Close,18.5,8.5,42,5.9331,-2.6056,21
53,2024-07,27,27_NWSA_Close,18.5,8.5,37,24.9964,-4.3246,9
53,2024-07,28,28_OI_Close,18.5,8.5,44,32.0241,-6.6891,18
53,2024-07,29,29_PG_Close,18.5,8.5,46,8.5889,-4.6825,46
53,2024-07,30,30_PLD_Close,18.5,8.5,45,3.1158,-5.5895,5
53,2024-07,31,31_PNR_Close,18.5,8.5,43,13.7692,-4.4717,7
53,2024-07,32,32_PNW_Close,18.5,8.5,47,8.7016,-6.613,24
53,2024-07,33,33_PRGO_Close,18.5,8.5,41,5.8312,-4.8434,15
53,2024-07,34,34_SEE_Close,18.5,8.5,44,8.2191,-5.6608,18
53,2024-07,35,35_STX_Close,18.5,8.5,42,4.8257,2.4262,50
53,2024-07,36,36_SYF_Close,18.5,8.5,40,12.6951,-7.4429,40
53,2024-07,37,37_Sector_Comm,10.0,0.0,0,576.8939,-71.4928,11
53,2024-07,38,38_Sector_Disc,10.0,0.0,0,526.7223,-88.089,17
53,2024-07,39,39_Sector_Energy,10.0,0.0,0,211.3601,-31.7433,2
53,2024-07,40,40_Sector_Fin,10.0,0.0,0,139.613,-30.8373,36
53,2024-07,41,41_Sector_Health,10.0,0.0,0,320.4613,-64.1529,15
53,2024-07,42,42_Sector_IT,10.0,0.0,0,454.5837,68.7091,21
53,2024-07,43,43_Sector_Ind,10.0,0.0,0,342.3801,-60.6339,10
53,2024-07,44,44_Sector_Mat,10.0,0.0,0,442.7192,-58.7828,34
53,2024-07,45,45_Sector_RE,10.0,0.0,0,161.6452,-34.2831,5
53,2024-07,46,46_Sector_Staples,10.0,0.0,0,165.9117,-27.7677,29
53,2024-07,47,47_Sector_Util,10.0,0.0,0,211.2366,-40.7987,32
53,2024-07,48,48_TSLA_Close,18.5,8.5,38,7.5487,-9.4313,17
53,2024-07,49,49_VNO_Close,18.5,8.5,45,16.2947,-6.9647,30
53,2024-07,50,50_XOM_Close,18.5,8.5,39,9.1395,-5.1465,17
54,2024-08,0,00_AAPL_Close,18.5,8.5,42,3.9336,-2.7467,35
54,2024-08,1,01_AMZN_Close,18.5,8.5,38,1.8444,-3.7649,17
54,2024-08,2,02_APA_Close,18.5,8.5,39,11.5328,-5.0095,50
54,2024-08,3,03_AVGO_Close,18.5,8.5,42,2.7226,-2.2757,14
54,2024-08,4,04_BIIB_Close,18.5,8.5,41,5.6988,-10.4127,15
54,2024-08,5,05_BXP_Close,18.5,8.5,45,5.7646,-6.777,30
54,2024-08,6,06_CAG_Close,18.5,8.5,46,46.1213,-11.2278,46
54,2024-08,7,07_CAT_Close,18.5,8.5,43,6.5552,-8.5958,10
54,2024-08,8,08_CPB_Close,18.5,8.5,46,14.8152,-5.9503,29
54,2024-08,9,09_DIS_Close,18.5,8.5,37,4.5053,-5.7724,19
54,2024-08,10,10_DOV_Close,18.5,8.5,43,4.8926,-5.6774,7
54,2024-08,11,11_GOOG_Close,18.5,8.5,37,2.6435,-3.4812,9
54,2024-08,12,12_HAL_Close,18.5,8.5,39,25.4135,-5.9342,50
54,2024-08,13,13_HD_Close,18.5,8.5,38,3.7757,-5.713,17
54,2024-08,14,14_HPQ_Close,18.5,8.5,42,15.3228,-5.8961,3
54,2024-08,15,15_JNJ_Close,18.5,8.5,41,3.4466,-4.1922,33
54,2024-08,16,16_JPM_Close,18.5,8.5,40,8.2522,-6.1602,40
54,2024-08,17,17_KSS_Close,18.5,8.5,38,3.577,-3.2352,1
54,2024-08,18,18_LIN_Close,18.5,8.5,44,9.6057,-8.8012,34
54,2024-08,19,19_LYV_Close,18.5,8.5,37,3.3681,-5.4542,9
54,2024-08,20,20_META_Close,18.5,8.5,37,9.5471,-9.4036,11
54,2024-08,21,21_MSFT_Close,18.5,8.5,42,3.4868,-3.8852,26
54,2024-08,22,22_M_Close,18.5,8.5,38,23.2371,5.8162,17
54,2024-08,23,23_NAVI_Close,18.5,8.5,40,64.7903,-11.4197,26
54,2024-08,24,24_NEE_Close,18.5,8.5,47,8.842,-7.6573,32
54,2024-08,25,25_NI_Close,18.5,8.5,47,124.6646,-13.6819,26
54,2024-08,26,26_NVDA_Close,18.5,8.5,42,5.8815,-2.5275,21
54,2024-08,27,27_NWSA_Close,18.5,8.5,37,24.6516,-4.4561,9
54,2024-08,28,28_OI_Close,18.5,8.5,44,32.1305,-6.8206,18
54,2024-08,29,29_PG_Close,18.5,8.5,46,8.0315,-4.8602,46
54,2024-08,30,30_PLD_Close,18.5,8.5,45,2.8904,-5.4903,5
54,2024-08,31,31_PNR_Close,18.5,8.5,43,13.3404,-4.5683,7
54,2024-08,32,32_PNW_Close,18.5,8.5,47,8.6222,-6.5785,24
54,2024-08,33,33_PRGO_Close,18.5,8.5,41,5.6563,-4.8165,15
54,2024-08,34,34_SEE_Close,18.5,8.5,44,7.527,-5.5853,18
54,2024-08,35,35_STX_Close,18.5,8.5,42,4.7732,2.535,50
54,2024-08,36,36_SYF_Close,18.5,8.5,40,12.3874,-7.6188,40
54,2024-08,37,37_Sector_Comm,10.0,0.0,0,537.4617,-70.2613,11
54,2024-08,38,38_Sector_Disc,10.0,0.0,0,519.3414,-86.087,17
54,2024-08,39,39_Sector_Energy,10.0,0.0,0,194.0055,-30.8572,2
54,2024-08,40,40_Sector_Fin,10.0,0.0,0,132.2842,-30.0403,36
54,2024-08,41,41_Sector_Health,10.0,0.0,0,290.6003,-66.0471,15
54,2024-08,42,42_Sector_IT,10.0,0.0,0,417.5731,67.8413,21
54,2024-08,43,43_Sector_Ind,10.0,0.0,0,311.9246,-61.0681,10
54,2024-08,44,44_Sector_Mat,10.0,0.0,0,398.121,-60.6045,34
54,2024-08,45,45_Sector_RE,10.0,0.0,0,146.1456,-33.4718,5
54,2024-08,46,46_Sector_Staples,10.0,0.0,0,147.6001,-28.1925,29
54,2024-08,47,47_Sector_Util,10.0,0.0,0,192.4623,-39.4507,32
54,2024-08,48,48_TSLA_Close,18.5,8.5,38,7.1865,-9.1586,17
54,2024-08,49,49_VNO_Close,18.5,8.5,45,15.2826,-7.0592,30
54,2024-08,50,50_XOM_Close,18.5,8.5,39,8.731,-5.3359,17
55,2024-09,0,00_AAPL_Close,18.5,8.5,42,3.7372,-2.7041,21
55,2024-09,1,01_AMZN_Close,18.5,8.5,38,1.7171,-3.5884,17
55,2024-09,2,02_APA_Close,18.5,8.5,39,11.1745,-5.2084,39
55,2024-09,3,03_AVGO_Close,18.5,8.5,42,2.6234,-2.226,26
55,2024-09,4,04_BIIB_Close,18.5,8.5,41,5.3439,-10.4854,15
55,2024-09,5,05_BXP_Close,18.5,8.5,45,5.1473,-6.9051,30
55,2024-09,6,06_CAG_Close,18.5,8.5,46,42.3275,-11.1884,46
55,2024-09,7,07_CAT_Close,18.5,8.5,43,5.9407,-9.0702,10
55,2024-09,8,08_CPB_Close,18.5,8.5,46,14.4156,-6.1943,46
55,2024-09,9,09_DIS_Close,18.5,8.5,37,4.2602,-5.6623,19
55,2024-09,10,10_DOV_Close,18.5,8.5,43,4.3321,-5.5413,7
55,2024-09,11,11_GOOG_Close,18.5,8.5,37,2.5223,-3.4573,9
55,2024-09,12,12_HAL_Close,18.5,8.5,39,23.3595,6.0336,34
55,2024-09,13,13_HD_Close,18.5,8.5,38,3.8372,-6.0039,17
55,2024-09,14,14_HPQ_Close,18.5,8.5,42,15.0982,-6.1283,3
55,2024-09,15,15_JNJ_Close,18.5,8.5,41,3.3567,-3.9381,33
55,2024-09,16,16_JPM_Close,18.5,8.5,40,7.4667,-5.79,40
55,2024-09,17,17_KSS_Close,18.5,8.5,38,3.4962,-3.229,1
55,2024-09,18,18_LIN_Close,18.5,8.5,44,8.1198,-8.9258,34
55,2024-09,19,19_LYV_Close,18.5,8.5,37,3.3041,-5.461,9
55,2024-09,20,20_META_Close,18.5,8.5,37,9.5703,-9.3606,11
55,2024-09,21,21_MSFT_Close,18.5,8.5,42,3.1488,-3.5495,26
55,2024-09,22,22_M_Close,18.5,8.5,38,22.6264,6.18,17
55,2024-09,23,23_NAVI_Close,18.5,8.5,40,61.8777,-9.7906,26
55,2024-09,24,24_NEE_Close,18.5,8.5,47,8.5724,-7.3708,32
55,2024-09,25,25_NI_Close,18.5,8.5,47,115.7979,-14.5945,26
55,2024-09,26,26_NVDA_Close,18.5,8.5,42,5.7155,-2.4839,3
55,2024-09,27,27_NWSA_Close,18.5,8.5,37,22.565,-5.1632,9
55,2024-09,28,28_OI_Close,18.5,8.5,44,29.0178,-7.4278,18
55,2024-09,29,29_PG_Close,18.5,8.5,46,7.6745,-5.1698,46
55,2024-09,30,30_PLD_Close,18.5,8.5,45,2.6007,-5.6965,5
55,2024-09,31,31_PNR_Close,18.5,8.5,43,12.5578,-4.1387,7
55,2024-09,32,32_PNW_Close,18.5,8.5,47,8.5575,-6.3962,24
55,2024-09,33,33_PRGO_Close,18.5,8.5,41,5.5717,-4.6381,15
55,2024-09,34,34_SEE_Close,18.5,8.5,44,6.3466,-5.6717,18
55,2024-09,35,35_STX_Close,18.5,8.5,42,4.6211,2.5477,50
55,2024-09,36,36_SYF_Close,18.5,8.5,40,12.2802,-6.3696,40
55,2024-09,37,37_Sector_Comm,10.0,0.0,0,533.7982,-70.8881,11
55,2024-09,38,38_Sector_Disc,10.0,0.0,0,561.2022,-86.9637,17
55,2024-09,39,39_Sector_Energy,10.0,0.0,0,180.1231,-30.3958,2
55,2024-09,40,40_Sector_Fin,10.0,0.0,0,124.4697,-28.5766,16
55,2024-09,41,41_Sector_Health,10.0,0.0,0,274.8478,-67.3485,15
55,2024-09,42,42_Sector_IT,10.0,0.0,0,405.2933,64.838,21
55,2024-09,43,43_Sector_Ind,10.0,0.0,0,301.9961,-63.6163,10
55,2024-09,44,44_Sector_Mat,10.0,0.0,0,343.489,-61.2241,34
55,2024-09,45,45_Sector_RE,10.0,0.0,0,150.4539,-36.5727,5
55,2024-09,46,46_Sector_Staples,10.0,0.0,0,138.5886,-28.8185,29
55,2024-09,47,47_Sector_Util,10.0,0.0,0,170.6855,-38.1475,32
55,2024-09,48,48_TSLA_Close,18.5,8.5,38,7.0018,-8.8758,17
55,2024-09,49,49_VNO_Close,18.5,8.5,45,14.9209,-7.554,30
55,2024-09,50,50_XOM_Close,18.5,8.5,39,8.3453,-5.5027,17
56,2024-10,0,00_AAPL_Close,18.5,8.5,42,3.0899,-3.2285,21
56,2024-10,1,01_AMZN_Close,18.5,8.5,38,1.5156,-3.4406,17
56,2024-10,2,02_APA_Close,18.5,8.5,39,10.3657,-5.6796,39
56,2024-10,3,03_AVGO_Close,18.5,8.5,42,2.4314,-2.1932,14
56,2024-10,4,04_BIIB_Close,18.5,8.5,41,4.4949,-10.6357,15
56,2024-10,5,05_BXP_Close,18.5,8.5,45,4.1436,-7.1409,30
56,2024-10,6,06_CAG_Close,18.5,8.5,46,35.544,-11.4628,46
56,2024-10,7,07_CAT_Close,18.5,8.5,43,5.1198,-9.5373,10
56,2024-10,8,08_CPB_Close,18.5,8.5,46,13.3418,-6.807,46
56,2024-10,9,09_DIS_Close,18.5,8.5,37,3.7112,-5.375,19
56,2024-10,10,10_DOV_Close,18.5,8.5,43,3.6262,-5.4287,7
56,2024-10,11,11_GOOG_Close,18.5,8.5,37,2.1207,-3.5638,9
56,2024-10,12,12_HAL_Close,18.5,8.5,39,22.1474,5.8213,34
56,2024-10,13,13_HD_Close,18.5,8.5,38,3.1195,-5.7027,17
56,2024-10,14,14_HPQ_Close,18.5,8.5,42,14.6445,-6.8498,3
56,2024-10,15,15_JNJ_Close,18.5,8.5,41,2.9712,-3.7427,4
56,2024-10,16,16_JPM_Close,18.5,8.5,40,7.1742,-6.0151,40
56,2024-10,17,17_KSS_Close,18.5,8.5,38,3.3129,-3.3493,1
56,2024-10,18,18_LIN_Close,18.5,8.5,44,6.9453,-8.4742,34
56,2024-10,19,19_LYV_Close,18.5,8.5,37,2.9998,-5.2243,9
56,2024-10,20,20_META_Close,18.5,8.5,37,7.2929,-8.8041,11
56,2024-10,21,21_MSFT_Close,18.5,8.5,42,2.5104,-3.5971,0
56,2024-10,22,22_M_Close,18.5,8.5,38,21.2649,7.1306,17
56,2024-10,23,23_NAVI_Close,18.5,8.5,40,58.9279,-11.0235,40
56,2024-10,24,24_NEE_Close,18.5,8.5,47,7.446,-6.5039,32
56,2024-10,25,25_NI_Close,18.5,8.5,47,111.3132,-13.1649,26
56,2024-10,26,26_NVDA_Close,18.5,8.5,42,4.5212,-2.6112,35
56,2024-10,27,27_NWSA_Close,18.5,8.5,37,21.0724,6.0143,26
56,2024-10,28,28_OI_Close,18.5,8.5,44,27.1741,-7.3141,18
56,2024-10,29,29_PG_Close,18.5,8.5,46,6.9738,-5.6108,46
56,2024-10,30,30_PLD_Close,18.5,8.5,45,2.211,-5.5955,5
56,2024-10,31,31_PNR_Close,18.5,8.5,43,11.5353,-3.8032,7
56,2024-10,32,32_PNW_Close,18.5,8.5,47,8.2934,-6.01,24
56,2024-10,33,33_PRGO_Close,18.5,8.5,41,5.2861,-4.1189,15
56,2024-10,34,34_SEE_Close,18.5,8.5,44,6.1069,-5.5979,44
56,2024-10,35,35_STX_Close,18.5,8.5,42,3.9764,-2.6373,26
56,2024-10,36,36_SYF_Close,18.5,8.5,40,11.4309,-6.7913,40
56,2024-10,37,37_Sector_Comm,10.0,0.0,0,434.1459,-68.3122,11
56,2024-10,38,38_Sector_Disc,10.0,0.0,0,477.4655,-80.6808,17
56,2024-10,39,39_Sector_Energy,10.0,0.0,0,155.4803,-29.6505,2
56,2024-10,40,40_Sector_Fin,10.0,0.0,0,132.8696,-28.8382,36
56,2024-10,41,41_Sector_Health,10.0,0.0,0,231.4398,-69.2188,15
56,2024-10,42,42_Sector_IT,10.0,0.0,0,323.1869,61.7407,21
56,2024-10,43,43_Sector_Ind,10.0,0.0,0,256.5973,-65.4514,10
56,2024-10,44,44_Sector_Mat,10.0,0.0,0,307.0112,-58.0806,34
56,2024-10,45,45_Sector_RE,10.0,0.0,0,114.1703,-36.3932,5
56,2024-10,46,46_Sector_Staples,10.0,0.0,0,124.4057,-29.3962,29
56,2024-10,47,47_Sector_Util,10.0,0.0,0,115.8127,-35.2827,32
56,2024-10,48,48_TSLA_Close,18.5,8.5,38,5.7256,-8.2564,17
56,2024-10,49,49_VNO_Close,18.5,8.5,45,13.3156,-8.3315,30
56,2024-10,50,50_XOM_Close,18.5,8.5,39,7.7465,-5.8468,17
57,2024-11,0,00_AAPL_Close,18.5,8.5,42,2.8519,-3.4093,21
57,2024-11,1,01_AMZN_Close,18.5,8.5,38,1.3505,-3.1292,17
57,2024-11,2,02_APA_Close,18.5,8.5,39,10.7534,-5.4134,39
57,2024-11,3,03_AVGO_Close,18.5,8.5,42,2.4256,-2.4376,35
57,2024-11,4,04_BIIB_Close,18.5,8.5,41,4.0281,-10.7882,15
57,2024-11,5,05_BXP_Close,18.5,8.5,45,4.175,-7.257,30
57,2024-11,6,06_CAG_Close,18.5,8.5,46,35.2137,-9.976,46
57,2024-11,7,07_CAT_Close,18.5,8.5,43,4.9555,-9.468,10
57,2024-11,8,08_CPB_Close,18.5,8.5,46,13.1251,-7.0607,46
57,2024-11,9,09_DIS_Close,18.5,8.5,37,3.7268,-5.395,19
57,2024-11,10,10_DOV_Close,18.5,8.5,43,3.5332,-5.3815,7
57,2024-11,11,11_GOOG_Close,18.5,8.5,37,1.8736,-3.257,9
57,2024-11,12,12_HAL_Close,18.5,8.5,39,21.9535,-6.7147,50
57,2024-11,13,13_HD_Close,18.5,8.5,38,2.9382,-5.5301,17
57,2024-11,14,14_HPQ_Close,18.5,8.5,42,14.4101,-6.7365,3
57,2024-11,15,15_JNJ_Close,18.5,8.5,41,2.7364,-3.776,4
57,2024-11,16,16_JPM_Close,18.5,8.5,40,6.2353,-6.0697,40
57,2024-11,17,17_KSS_Close,18.5,8.5,38,3.3358,-3.2384,1
57,2024-11,18,18_LIN_Close,18.5,8.5,44,6.8792,-8.4979,34
57,2024-11,19,19_LYV_Close,18.5,8.5,37,2.9305,-5.1533,9
57,2024-11,20,20_META_Close,18.5,8.5,37,6.2579,-8.678,11
57,2024-11,21,21_MSFT_Close,18.5,8.5,42,2.1748,-3.8099,0
57,2024-11,22,22_M_Close,18.5,8.5,38,20.2556,6.9155,17
57,2024-11,23,23_NAVI_Close,18.5,8.5,40,61.4879,-8.7575,40
57,2024-11,24,24_NEE_Close,18.5,8.5,47,7.2401,-6.4623,32
57,2024-11,25,25_NI_Close,18.5,8.5,47,103.4203,-14.5703,26
57,2024-11,26,26_NVDA_Close,18.5,8.5,42,4.3875,-3.0373,35
57,2024-11,27,27_NWSA_Close,18.5,8.5,37,21.0397,-5.7951,9
57,2024-11,28,28_OI_Close,18.5,8.5,44,26.6571,-7.1421,18
57,2024-11,29,29_PG_Close,18.5,8.5,46,6.4652,-5.2554,46
57,2024-11,30,30_PLD_Close,18.5,8.5,45,2.2041,-5.5298,5
57,2024-11,31,31_PNR_Close,18.5,8.5,43,11.2835,-3.9693,7
57,2024-11,32,32_PNW_Close,18.5,8.5,47,7.9544,-6.0239,24
57,2024-11,33,33_PRGO_Close,18.5,8.5,41,5.2352,-4.2316,15
57,2024-11,34,34_SEE_Close,18.5,8.5,44,5.5206,-5.6056,44
57,2024-11,35,35_STX_Close,18.5,8.5,42,3.9685,-2.9701,26
57,2024-11,36,36_SYF_Close,18.5,8.5,40,11.3402,-6.6656,40
57,2024-11,37,37_Sector_Comm,10.0,0.0,0,374.4806,-65.4621,11
57,2024-11,38,38_Sector_Disc,10.0,0.0,0,480.1405,-83.3724,17
57,2024-11,39,39_Sector_Energy,10.0,0.0,0,140.3616,-27.6824,2
57,2024-11,40,40_Sector_Fin,10.0,0.0,0,96.0365,-29.8001,16
57,2024-11,41,41_Sector_Health,10.0,0.0,0,225.8717,-68.3183,15
57,2024-11,42,42_Sector_IT,10.0,0.0,0,290.0984,59.9309,21
57,2024-11,43,43_Sector_Ind,10.0,0.0,0,234.0563,-67.1463,10
57,2024-11,44,44_Sector_Mat,10.0,0.0,0,269.3322,-61.3984,34
57,2024-11,45,45_Sector_RE,10.0,0.0,0,117.0113,-34.988,5
57,2024-11,46,46_Sector_Staples,10.0,0.0,0,119.23,-28.5209,29
57,2024-11,47,47_Sector_Util,10.0,0.0,0,106.3699,-35.8183,32
57,2024-11,48,48_TSLA_Close,18.5,8.5,38,5.5186,-7.9658,17
57,2024-11,49,49_VNO_Close,18.5,8.5,45,12.7721,-8.2042,30
57,2024-11,50,50_XOM_Close,18.5,8.5,39,7.1817,-5.3204,17
58,2024-12,0,00_AAPL_Close,18.5,8.5,42,2.8437,-3.2592,3
58,2024-12,1,01_AMZN_Close,18.5,8.5,38,1.2518,-2.9374,17
58,2024-12,2,02_APA_Close,18.5,8.5,39,11.5426,-5.371,50
58,2024-12,3,03_AVGO_Close,18.5,8.5,42,1.883,-3.3155,35
58,2024-12,4,04_BIIB_Close,18.5,8.5,41,3.9506,-10.798,15
58,2024-12,5,05_BXP_Close,18.5,8.5,45,4.0049,-7.2624,30
58,2024-12,6,06_CAG_Close,18.5,8.5,46,32.7128,-9.8404,46
58,2024-12,7,07_CAT_Close,18.5,8.5,43,4.8615,-8.9873,10
58,2024-12,8,08_CPB_Close,18.5,8.5,46,12.6217,-6.9855,46
58,2024-12,9,09_DIS_Close,18.5,8.5,37,3.4379,-5.205,19
58,2024-12,10,10_DOV_Close,18.5,8.5,43,3.4386,-5.3151,7
58,2024-12,11,11_GOOG_Close,18.5,8.5,37,1.9998,-3.4845,9
58,2024-12,12,12_HAL_Close,18.5,8.5,39,22.8423,-7.0935,50
58,2024-12,13,13_HD_Close,18.5,8.5,38,2.8425,-5.3263,17
58,2024-12,14,14_HPQ_Close,18.5,8.5,42,14.3718,-5.0046,3
58,2024-12,15,15_JNJ_Close,18.5,8.5,41,2.6674,-3.8647,4
58,2024-12,16,16_JPM_Close,18.5,8.5,40,6.5019,-6.052,40
58,2024-12,17,17_KSS_Close,18.5,8.5,38,3.368,-3.113,50
58,2024-12,18,18_LIN_Close,18.5,8.5,44,6.3324,-8.964,34
58,2024-12,19,19_LYV_Close,18.5,8.5,37,2.8398,-5.1152,9
58,2024-12,20,20_META_Close,18.5,8.5,37,6.0821,-8.6283,11
58,2024-12,21,21_MSFT_Close,18.5,8.5,42,2.4052,-3.9549,26
58,2024-12,22,22_M_Close,18.5,8.5,38,19.1548,6.6787,17
58,2024-12,23,23_NAVI_Close,18.5,8.5,40,55.6659,-10.1792,26
58,2024-12,24,24_NEE_Close,18.5,8.5,47,6.8088,-6.2489,32
58,2024-12,25,25_NI_Close,18.5,8.5,47,97.0974,15.9359,35
58,2024-12,26,26_NVDA_Close,18.5,8.5,42,4.2625,-2.8432,35
58,2024-12,27,27_NWSA_Close,18.5,8.5,37,21.0974,-5.9245,9
58,2024-12,28,28_OI_Close,18.5,8.5,44,27.5287,-6.7183,18
58,2024-12,29,29_PG_Close,18.5,8.5,46,6.8531,-5.4471,46
58,2024-12,30,30_PLD_Close,18.5,8.5,45,2.153,-5.5962,5
58,2024-12,31,31_PNR_Close,18.5,8.5,43,9.8622,-4.1707,7
58,2024-12,32,32_PNW_Close,18.5,8.5,47,7.8839,-6.0062,24
58,2024-12,33,33_PRGO_Close,18.5,8.5,41,5.1491,-4.0816,15
58,2024-12,34,34_SEE_Close,18.5,8.5,44,4.7986,-5.2741,44
58,2024-12,35,35_STX_Close,18.5,8.5,42,3.7383,-2.9669,3
58,2024-12,36,36_SYF_Close,18.5,8.5,40,10.8859,-6.349,40
58,2024-12,37,37_Sector_Comm,10.0,0.0,0,358.2911,-65.2789,11
58,2024-12,38,38_Sector_Disc,10.0,0.0,0,504.7742,-86.6484,17
58,2024-12,39,39_Sector_Energy,10.0,0.0,0,144.8697,-29.5925,50
58,2024-12,40,40_Sector_Fin,10.0,0.0,0,104.9227,-29.2347,16
58,2024-12,41,41_Sector_Health,10.0,0.0,0,223.4265,-68.0114,15
58,2024-12,42,42_Sector_IT,10.0,0.0,0,328.4217,53.8614,1
58,2024-12,43,43_Sector_Ind,10.0,0.0,0,260.7937,-66.4065,10
58,2024-12,44,44_Sector_Mat,10.0,0.0,0,255.65,-64.4982,34
58,2024-12,45,45_Sector_RE,10.0,0.0,0,116.8558,-35.7133,5
58,2024-12,46,46_Sector_Staples,10.0,0.0,0,115.4666,-27.5812,29
58,2024-12,47,47_Sector_Util,10.0,0.0,0,101.0136,-35.3633,32
58,2024-12,48,48_TSLA_Close,18.5,8.5,38,5.4817,-8.1476,17
58,2024-12,49,49_VNO_Close,18.5,8.5,45,12.7284,-8.3613,30
58,2024-12,50,50_XOM_Close,18.5,8.5,39,7.063,-5.1446,17
