t_idx,src_idx,tgt_idx,value
E_000001,ACC_Sales_Revenue,ACC_Accounts_Receivable,756.96
E_000002,ACC_Inventory,ACC_COGS,447.99
E_000003,ACC_Sales_Revenue,ACC_Accounts_Receivable,1036.59
E_000004,ACC_Inventory,ACC_COGS,490.79
E_000005,ACC_Sales_Revenue,ACC_Accounts_Receivable,1471.19
E_000006,ACC_Inventory,ACC_COGS,887.14
E_000007,ACC_Accounts_Payable,ACC_Inventory,11648.77
E_000008,ACC_Cash,ACC_Travel_Exp,285.81
E_000009,ACC_Sales_Revenue,ACC_Accounts_Receivable,1504.62
E_000010,ACC_Inventory,ACC_COGS,829.96
E_000011,ACC_Sales_Revenue,ACC_Accounts_Receivable,1087.44
E_000012,ACC_Inventory,ACC_COGS,668.56
E_000013,ACC_Sales_Revenue,ACC_Accounts_Receivable,663.03
E_000014,ACC_Inventory,ACC_COGS,309.06
E_000015,ACC_Sales_Revenue,ACC_Accounts_Receivable,664.64
E_000016,ACC_Inventory,ACC_COGS,417.16
E_000017,ACC_Sales_Revenue,ACC_Accounts_Receivable,664.03
E_000018,ACC_Inventory,ACC_COGS,333.39
E_000019,ACC_Sales_Revenue,ACC_Accounts_Receivable,881.3
E_000020,ACC_Inventory,ACC_COGS,554.38
E_000021,ACC_Cash,ACC_Travel_Exp,1021.57
E_000022,ACC_Sales_Revenue,ACC_Accounts_Receivable,401.27
E_000023,ACC_Inventory,ACC_COGS,233.19
E_000024,ACC_Sales_Revenue,ACC_Accounts_Receivable,638.87
E_000025,ACC_Inventory,ACC_COGS,343.6
E_000026,ACC_Cash,ACC_Travel_Exp,675.89
E_000027,ACC_Sales_Revenue,ACC_Accounts_Receivable,907.15
E_000028,ACC_Inventory,ACC_COGS,588.58
E_000029,ACC_Sales_Revenue,ACC_Accounts_Receivable,556.35
E_000030,ACC_Inventory,ACC_COGS,282.9
E_000031,ACC_Sales_Revenue,ACC_Accounts_Receivable,454.72
E_000032,ACC_Inventory,ACC_COGS,188.14
E_000033,ACC_Sales_Revenue,ACC_Accounts_Receivable,730.92
E_000034,ACC_Inventory,ACC_COGS,479.92
E_000035,ACC_Sales_Revenue,ACC_Accounts_Receivable,821.9
E_000036,ACC_Inventory,ACC_COGS,397.3
E_000037,ACC_Sales_Revenue,ACC_Accounts_Receivable,452.47
E_000038,ACC_Inventory,ACC_COGS,203.07
E_000039,ACC_Sales_Revenue,ACC_Accounts_Receivable,643.46
E_000040,ACC_Inventory,ACC_COGS,308.92
E_000041,ACC_Cash,ACC_Travel_Exp,772.92
E_000042,ACC_Sales_Revenue,ACC_Accounts_Receivable,504.83
E_000043,ACC_Inventory,ACC_COGS,282.83
E_000044,ACC_Sales_Revenue,ACC_Accounts_Receivable,929.73
E_000045,ACC_Inventory,ACC_COGS,477.73
E_000046,ACC_Sales_Revenue,ACC_Accounts_Receivable,629.14
E_000047,ACC_Inventory,ACC_COGS,356.78
E_000048,ACC_Sales_Revenue,ACC_Accounts_Receivable,628.87
E_000049,ACC_Inventory,ACC_COGS,262.1
E_000050,ACC_Sales_Revenue,ACC_Accounts_Receivable,1678.28
E_000051,ACC_Inventory,ACC_COGS,830.14
E_000052,ACC_Sales_Revenue,ACC_Accounts_Receivable,795.69
E_000053,ACC_Inventory,ACC_COGS,536.25
E_000054,ACC_Accounts_Payable,ACC_Inventory,10413.43
E_000055,ACC_Sales_Revenue,ACC_Accounts_Receivable,490.92
E_000056,ACC_Inventory,ACC_COGS,326.66
E_000057,ACC_Sales_Revenue,ACC_Accounts_Receivable,869.71
E_000058,ACC_Inventory,ACC_COGS,416.99
E_000059,ACC_Sales_Revenue,ACC_Accounts_Receivable,365.31
E_000060,ACC_Inventory,ACC_COGS,205.19
E_000061,ACC_Sales_Revenue,ACC_Accounts_Receivable,470.28
E_000062,ACC_Inventory,ACC_COGS,314.78
E_000063,ACC_Sales_Revenue,ACC_Accounts_Receivable,1074.92
E_000064,ACC_Inventory,ACC_COGS,474.58
E_000065,ACC_Sales_Revenue,ACC_Accounts_Receivable,856.76
E_000066,ACC_Inventory,ACC_COGS,354.81
E_000067,ACC_Sales_Revenue,ACC_Accounts_Receivable,763.84
E_000068,ACC_Inventory,ACC_COGS,342.2
E_000069,ACC_Sales_Revenue,ACC_Accounts_Receivable,709.22
E_000070,ACC_Inventory,ACC_COGS,297.2
E_000071,ACC_Sales_Revenue,ACC_Accounts_Receivable,599.85
E_000072,ACC_Inventory,ACC_COGS,285.18
E_000073,ACC_Sales_Revenue,ACC_Accounts_Receivable,665.38
E_000074,ACC_Inventory,ACC_COGS,268.44
E_000075,ACC_Sales_Revenue,ACC_Accounts_Receivable,1221.04
E_000076,ACC_Inventory,ACC_COGS,812.52
E_000077,ACC_Sales_Revenue,ACC_Accounts_Receivable,395.2
E_000078,ACC_Inventory,ACC_COGS,171.31
E_000079,ACC_Sales_Revenue,ACC_Accounts_Receivable,910.73
E_000080,ACC_Inventory,ACC_COGS,365.18
E_000081,ACC_Sales_Revenue,ACC_Accounts_Receivable,685.8
E_000082,ACC_Inventory,ACC_COGS,328.51
E_000083,ACC_Sales_Revenue,ACC_Accounts_Receivable,610.23
E_000084,ACC_Inventory,ACC_COGS,337.03
E_000085,ACC_Cash,ACC_Travel_Exp,777.57
E_000086,ACC_Sales_Revenue,ACC_Accounts_Receivable,1208.35
E_000087,ACC_Inventory,ACC_COGS,704.09
E_000088,ACC_Sales_Revenue,ACC_Accounts_Receivable,1161.1
E_000089,ACC_Inventory,ACC_COGS,520.71
E_000090,ACC_Sales_Revenue,ACC_Accounts_Receivable,571.88
E_000091,ACC_Inventory,ACC_COGS,386.33
E_000092,ACC_Sales_Revenue,ACC_Accounts_Receivable,706.93
E_000093,ACC_Inventory,ACC_COGS,286.9
E_000094,ACC_Sales_Revenue,ACC_Accounts_Receivable,1181.84
E_000095,ACC_Inventory,ACC_COGS,758.78
E_000096,ACC_Sales_Revenue,ACC_Accounts_Receivable,660.46
E_000097,ACC_Inventory,ACC_COGS,438.15
E_000098,ACC_Sales_Revenue,ACC_Accounts_Receivable,742.74
E_000099,ACC_Inventory,ACC_COGS,460.18
E_000100,ACC_Sales_Revenue,ACC_Accounts_Receivable,513.93
E_000101,ACC_Inventory,ACC_COGS,322.84
E_000102,ACC_Sales_Revenue,ACC_Accounts_Receivable,1107.24
E_000103,ACC_Inventory,ACC_COGS,757.41
E_000104,ACC_Sales_Revenue,ACC_Accounts_Receivable,1376.24
E_000105,ACC_Inventory,ACC_COGS,910.7
E_000106,ACC_Sales_Revenue,ACC_Accounts_Receivable,777.29
E_000107,ACC_Inventory,ACC_COGS,527.53
E_000108,ACC_Accounts_Payable,ACC_Inventory,13505.3
E_000109,ACC_Cash,ACC_Travel_Exp,815.87
E_000110,ACC_Sales_Revenue,ACC_Accounts_Receivable,618.05
E_000111,ACC_Inventory,ACC_COGS,316.46
E_000112,ACC_Sales_Revenue,ACC_Accounts_Receivable,924.42
E_000113,ACC_Inventory,ACC_COGS,403.33
E_000114,ACC_Sales_Revenue,ACC_Accounts_Receivable,1480.04
E_000115,ACC_Inventory,ACC_COGS,601.36
E_000116,ACC_Sales_Revenue,ACC_Accounts_Receivable,788.62
E_000117,ACC_Inventory,ACC_COGS,367.55
E_000118,ACC_Cash,ACC_Travel_Exp,108.86
E_000119,ACC_Sales_Revenue,ACC_Accounts_Receivable,280.54
E_000120,ACC_Inventory,ACC_COGS,114.86
E_000121,ACC_Sales_Revenue,ACC_Accounts_Receivable,1111.4
E_000122,ACC_Inventory,ACC_COGS,523.92
E_000123,ACC_Sales_Revenue,ACC_Accounts_Receivable,828.35
E_000124,ACC_Inventory,ACC_COGS,465.34
E_000125,ACC_Sales_Revenue,ACC_Accounts_Receivable,709.82
E_000126,ACC_Inventory,ACC_COGS,405.53
E_000127,ACC_Sales_Revenue,ACC_Accounts_Receivable,829.91
E_000128,ACC_Inventory,ACC_COGS,449.72
E_000129,ACC_Cash,ACC_Travel_Exp,534.33
E_000130,ACC_Sales_Revenue,ACC_Accounts_Receivable,732.7
E_000131,ACC_Inventory,ACC_COGS,386.19
E_000132,ACC_Sales_Revenue,ACC_Accounts_Receivable,922.84
E_000133,ACC_Inventory,ACC_COGS,384.13
E_000134,ACC_Sales_Revenue,ACC_Accounts_Receivable,1444.86
E_000135,ACC_Inventory,ACC_COGS,620.6
E_000136,ACC_Sales_Revenue,ACC_Accounts_Receivable,578.95
E_000137,ACC_Inventory,ACC_COGS,250.56
E_000138,ACC_Sales_Revenue,ACC_Accounts_Receivable,654.52
E_000139,ACC_Inventory,ACC_COGS,349.9
E_000140,ACC_Sales_Revenue,ACC_Accounts_Receivable,1153.75
E_000141,ACC_Inventory,ACC_COGS,621.63
E_000142,ACC_Sales_Revenue,ACC_Accounts_Receivable,912.43
E_000143,ACC_Inventory,ACC_COGS,486.27
E_000144,ACC_Cash,ACC_Travel_Exp,793.01
E_000145,ACC_Sales_Revenue,ACC_Accounts_Receivable,982.32
E_000146,ACC_Inventory,ACC_COGS,552.24
E_000147,ACC_Sales_Revenue,ACC_Accounts_Receivable,831.68
E_000148,ACC_Inventory,ACC_COGS,563.8
E_000149,ACC_Sales_Revenue,ACC_Accounts_Receivable,1178.58
E_000150,ACC_Inventory,ACC_COGS,615.13
E_000151,ACC_Sales_Revenue,ACC_Accounts_Receivable,604.13
E_000152,ACC_Inventory,ACC_COGS,314.34
E_000153,ACC_Cash,ACC_Travel_Exp,486.79
E_000154,ACC_Sales_Revenue,ACC_Accounts_Receivable,683.87
E_000155,ACC_Inventory,ACC_COGS,463.63
E_000156,ACC_Sales_Revenue,ACC_Accounts_Receivable,445.5
E_000157,ACC_Inventory,ACC_COGS,234.73
E_000158,ACC_Sales_Revenue,ACC_Accounts_Receivable,900.6
E_000159,ACC_Inventory,ACC_COGS,510.4
E_000160,ACC_Sales_Revenue,ACC_Accounts_Receivable,888.06
E_000161,ACC_Inventory,ACC_COGS,405.82
E_000162,ACC_Sales_Revenue,ACC_Accounts_Receivable,728.35
E_000163,ACC_Inventory,ACC_COGS,409.81
E_000164,ACC_Sales_Revenue,ACC_Accounts_Receivable,454.17
E_000165,ACC_Inventory,ACC_COGS,188.5
E_000166,ACC_Sales_Revenue,ACC_Accounts_Receivable,676.11
E_000167,ACC_Inventory,ACC_COGS,443.4
E_000168,ACC_Sales_Revenue,ACC_Accounts_Receivable,697.52
E_000169,ACC_Inventory,ACC_COGS,385.27
E_000170,ACC_Accounts_Payable,ACC_Inventory,10796.58
E_000171,ACC_Sales_Revenue,ACC_Accounts_Receivable,940.33
E_000172,ACC_Inventory,ACC_COGS,490.04
E_000173,ACC_Sales_Revenue,ACC_Accounts_Receivable,1701.19
E_000174,ACC_Inventory,ACC_COGS,806.13
E_000175,ACC_Sales_Revenue,ACC_Accounts_Receivable,857.86
E_000176,ACC_Inventory,ACC_COGS,364.24
E_000177,ACC_Sales_Revenue,ACC_Accounts_Receivable,886.81
E_000178,ACC_Inventory,ACC_COGS,493.81
E_000179,ACC_Sales_Revenue,ACC_Accounts_Receivable,371.33
E_000180,ACC_Inventory,ACC_COGS,183.53
E_000181,ACC_Sales_Revenue,ACC_Accounts_Receivable,791.56
E_000182,ACC_Inventory,ACC_COGS,476.13
E_000183,ACC_Sales_Revenue,ACC_Accounts_Receivable,819.51
E_000184,ACC_Inventory,ACC_COGS,556.21
E_000185,ACC_Sales_Revenue,ACC_Accounts_Receivable,2142.89
E_000186,ACC_Inventory,ACC_COGS,1151.77
E_000187,ACC_Cash,ACC_Travel_Exp,279.39
E_000188,ACC_Sales_Revenue,ACC_Accounts_Receivable,902.56
E_000189,ACC_Inventory,ACC_COGS,432.83
E_000190,ACC_Sales_Revenue,ACC_Accounts_Receivable,788.97
E_000191,ACC_Inventory,ACC_COGS,331.87
E_000192,ACC_Sales_Revenue,ACC_Accounts_Receivable,501.27
E_000193,ACC_Inventory,ACC_COGS,224.23
E_000194,ACC_Sales_Revenue,ACC_Accounts_Receivable,1263.63
E_000195,ACC_Inventory,ACC_COGS,620.13
E_000196,ACC_Cash,ACC_Travel_Exp,986.01
E_000197,ACC_Cash,ACC_Payroll_Exp,8751.93
E_000198,ACC_Cash,ACC_Payroll_Exp,6949.24
E_000199,ACC_Cash,ACC_Payroll_Exp,3272.49
E_000200,ACC_Cash,ACC_Rent_Exp,6683.35
E_000201,ACC_Sales_Revenue,ACC_Accounts_Receivable,1011.67
E_000202,ACC_Inventory,ACC_COGS,495.53
E_000203,ACC_Sales_Revenue,ACC_Accounts_Receivable,1921.37
E_000204,ACC_Inventory,ACC_COGS,1274.71
E_000205,ACC_Sales_Revenue,ACC_Accounts_Receivable,538.29
E_000206,ACC_Inventory,ACC_COGS,232.6
E_000207,ACC_Cash,ACC_Travel_Exp,276.44
E_000208,ACC_Sales_Revenue,ACC_Accounts_Receivable,832.53
E_000209,ACC_Inventory,ACC_COGS,418.65
E_000210,ACC_Sales_Revenue,ACC_Accounts_Receivable,654.07
E_000211,ACC_Inventory,ACC_COGS,313.43
E_000212,ACC_Sales_Revenue,ACC_Accounts_Receivable,430.24
E_000213,ACC_Inventory,ACC_COGS,289.31
E_000214,ACC_Sales_Revenue,ACC_Accounts_Receivable,822.24
E_000215,ACC_Inventory,ACC_COGS,433.38
E_000216,ACC_Cash,ACC_Travel_Exp,183.06
E_000217,ACC_Sales_Revenue,ACC_Accounts_Receivable,966.86
E_000218,ACC_Inventory,ACC_COGS,670.94
E_000219,ACC_Sales_Revenue,ACC_Accounts_Receivable,553.82
E_000220,ACC_Inventory,ACC_COGS,313.19
E_000221,ACC_Sales_Revenue,ACC_Accounts_Receivable,1487.1
E_000222,ACC_Inventory,ACC_COGS,644.75
E_000223,ACC_Sales_Revenue,ACC_Accounts_Receivable,584.82
E_000224,ACC_Inventory,ACC_COGS,392.52
E_000225,ACC_Cash,ACC_Travel_Exp,676.45
E_000226,ACC_Sales_Revenue,ACC_Accounts_Receivable,1107.68
E_000227,ACC_Inventory,ACC_COGS,585.89
E_000228,ACC_Sales_Revenue,ACC_Accounts_Receivable,488.95
E_000229,ACC_Inventory,ACC_COGS,327.45
E_000230,ACC_Sales_Revenue,ACC_Accounts_Receivable,876.2
E_000231,ACC_Inventory,ACC_COGS,360.97
E_000232,ACC_Sales_Revenue,ACC_Accounts_Receivable,1349.47
E_000233,ACC_Inventory,ACC_COGS,640.81
E_000234,ACC_Accounts_Payable,ACC_Inventory,9588.78
E_000235,ACC_Sales_Revenue,ACC_Accounts_Receivable,887.64
E_000236,ACC_Inventory,ACC_COGS,520.33
E_000237,ACC_Sales_Revenue,ACC_Accounts_Receivable,1093.72
E_000238,ACC_Inventory,ACC_COGS,515.17
E_000239,ACC_Sales_Revenue,ACC_Accounts_Receivable,487.76
E_000240,ACC_Inventory,ACC_COGS,313.74
E_000241,ACC_Sales_Revenue,ACC_Accounts_Receivable,471.74
E_000242,ACC_Inventory,ACC_COGS,214.08
E_000243,ACC_Sales_Revenue,ACC_Accounts_Receivable,900.91
E_000244,ACC_Inventory,ACC_COGS,577.19
E_000245,ACC_Sales_Revenue,ACC_Accounts_Receivable,884.31
E_000246,ACC_Inventory,ACC_COGS,419.56
E_000247,ACC_Sales_Revenue,ACC_Accounts_Receivable,918.91
E_000248,ACC_Inventory,ACC_COGS,397.36
E_000249,ACC_Sales_Revenue,ACC_Accounts_Receivable,609.48
E_000250,ACC_Inventory,ACC_COGS,329.85
E_000251,ACC_Sales_Revenue,ACC_Accounts_Receivable,877.88
E_000252,ACC_Inventory,ACC_COGS,472.38
E_000253,ACC_Accounts_Receivable,ACC_Cash,756.96
E_000254,ACC_Sales_Revenue,ACC_Accounts_Receivable,601.17
E_000255,ACC_Inventory,ACC_COGS,280.67
E_000256,ACC_Sales_Revenue,ACC_Accounts_Receivable,1687.36
E_000257,ACC_Inventory,ACC_COGS,841.11
E_000258,ACC_Sales_Revenue,ACC_Accounts_Receivable,966.95
E_000259,ACC_Inventory,ACC_COGS,611.11
E_000260,ACC_Sales_Revenue,ACC_Accounts_Receivable,496.75
E_000261,ACC_Inventory,ACC_COGS,258.26
E_000262,ACC_Accounts_Receivable,ACC_Cash,1504.62
E_000263,ACC_Sales_Revenue,ACC_Accounts_Receivable,541.71
E_000264,ACC_Inventory,ACC_COGS,235.43
E_000265,ACC_Sales_Revenue,ACC_Accounts_Receivable,1096.03
E_000266,ACC_Inventory,ACC_COGS,754.9
E_000267,ACC_Sales_Revenue,ACC_Accounts_Receivable,1271.62
E_000268,ACC_Inventory,ACC_COGS,736.23
E_000269,ACC_Sales_Revenue,ACC_Accounts_Receivable,576.13
E_000270,ACC_Inventory,ACC_COGS,284.67
E_000271,ACC_Sales_Revenue,ACC_Accounts_Receivable,1176.1
E_000272,ACC_Inventory,ACC_COGS,511.24
E_000273,ACC_Cash,ACC_Travel_Exp,859.28
E_000274,ACC_Sales_Revenue,ACC_Accounts_Receivable,1111.47
E_000275,ACC_Inventory,ACC_COGS,445.15
E_000276,ACC_Sales_Revenue,ACC_Accounts_Receivable,1708.43
E_000277,ACC_Inventory,ACC_COGS,1035.41
E_000278,ACC_Sales_Revenue,ACC_Accounts_Receivable,725.21
E_000279,ACC_Inventory,ACC_COGS,435.99
E_000280,ACC_Sales_Revenue,ACC_Accounts_Receivable,591.77
E_000281,ACC_Inventory,ACC_COGS,405.16
E_000282,ACC_Sales_Revenue,ACC_Accounts_Receivable,560.49
E_000283,ACC_Inventory,ACC_COGS,276.98
E_000284,ACC_Sales_Revenue,ACC_Accounts_Receivable,775.7
E_000285,ACC_Inventory,ACC_COGS,428.29
E_000286,ACC_Sales_Revenue,ACC_Accounts_Receivable,916.97
E_000287,ACC_Inventory,ACC_COGS,477.48
E_000288,ACC_Sales_Revenue,ACC_Accounts_Receivable,893.63
E_000289,ACC_Inventory,ACC_COGS,408.88
E_000290,ACC_Sales_Revenue,ACC_Accounts_Receivable,1113.75
E_000291,ACC_Inventory,ACC_COGS,671.81
E_000292,ACC_Sales_Revenue,ACC_Accounts_Receivable,1430.85
E_000293,ACC_Inventory,ACC_COGS,746.65
E_000294,ACC_Accounts_Receivable,UNKNOWN_LEAK,307.3
E_000295,ACC_Sales_Revenue,ACC_Accounts_Receivable,719.64
E_000296,ACC_Inventory,ACC_COGS,380.67
E_000297,ACC_Sales_Revenue,ACC_Accounts_Receivable,2374.83
E_000298,ACC_Inventory,ACC_COGS,1179.52
E_000299,ACC_Sales_Revenue,ACC_Accounts_Receivable,1027.49
E_000300,ACC_Inventory,ACC_COGS,476.87
E_000301,ACC_Accounts_Payable,ACC_Inventory,10714.26
E_000302,ACC_Sales_Revenue,ACC_Accounts_Receivable,970.3
E_000303,ACC_Inventory,ACC_COGS,470.73
E_000304,ACC_Sales_Revenue,ACC_Accounts_Receivable,731.59
E_000305,ACC_Inventory,ACC_COGS,366.2
E_000306,ACC_Sales_Revenue,ACC_Accounts_Receivable,1064.45
E_000307,ACC_Inventory,ACC_COGS,500.78
E_000308,ACC_Sales_Revenue,ACC_Accounts_Receivable,966.72
E_000309,ACC_Inventory,ACC_COGS,444.44
E_000310,ACC_Sales_Revenue,ACC_Accounts_Receivable,570.15
E_000311,ACC_Inventory,ACC_COGS,332.62
E_000312,ACC_Sales_Revenue,ACC_Accounts_Receivable,436.45
E_000313,ACC_Inventory,ACC_COGS,228.84
E_000314,ACC_Sales_Revenue,ACC_Accounts_Receivable,669.15
E_000315,ACC_Inventory,ACC_COGS,411.86
E_000316,ACC_Sales_Revenue,ACC_Accounts_Receivable,1126.84
E_000317,ACC_Inventory,ACC_COGS,533.22
E_000318,ACC_Accounts_Receivable,ACC_Cash,1036.59
E_000319,ACC_Accounts_Receivable,ACC_Cash,881.3
E_000320,ACC_Sales_Revenue,ACC_Accounts_Receivable,486.05
E_000321,ACC_Inventory,ACC_COGS,319.89
E_000322,ACC_Sales_Revenue,ACC_Accounts_Receivable,857.38
E_000323,ACC_Inventory,ACC_COGS,452.31
E_000324,ACC_Sales_Revenue,ACC_Accounts_Receivable,933.31
E_000325,ACC_Inventory,ACC_COGS,568.17
E_000326,ACC_Sales_Revenue,ACC_Accounts_Receivable,561.76
E_000327,ACC_Inventory,ACC_COGS,266.7
E_000328,ACC_Sales_Revenue,ACC_Accounts_Receivable,850.74
E_000329,ACC_Inventory,ACC_COGS,374.33
E_000330,ACC_Sales_Revenue,ACC_Accounts_Receivable,506.45
E_000331,ACC_Inventory,ACC_COGS,293.05
E_000332,ACC_Sales_Revenue,ACC_Accounts_Receivable,923.09
E_000333,ACC_Inventory,ACC_COGS,491.8
E_000334,ACC_Sales_Revenue,ACC_Accounts_Receivable,1001.17
E_000335,ACC_Inventory,ACC_COGS,552.08
E_000336,ACC_Sales_Revenue,ACC_Accounts_Receivable,1233.77
E_000337,ACC_Inventory,ACC_COGS,658.55
E_000338,ACC_Accounts_Receivable,ACC_Cash,638.87
E_000339,ACC_Sales_Revenue,ACC_Accounts_Receivable,461.07
E_000340,ACC_Inventory,ACC_COGS,220.28
E_000341,ACC_Sales_Revenue,ACC_Accounts_Receivable,549.76
E_000342,ACC_Inventory,ACC_COGS,265.64
E_000343,ACC_Sales_Revenue,ACC_Accounts_Receivable,983.02
E_000344,ACC_Inventory,ACC_COGS,578.04
E_000345,ACC_Sales_Revenue,ACC_Accounts_Receivable,982.53
E_000346,ACC_Inventory,ACC_COGS,603.34
E_000347,ACC_Sales_Revenue,ACC_Accounts_Receivable,983.02
E_000348,ACC_Inventory,ACC_COGS,487.49
E_000349,ACC_Cash,ACC_Travel_Exp,478.15
E_000350,ACC_Accounts_Receivable,ACC_Cash,664.03
E_000351,ACC_Sales_Revenue,ACC_Accounts_Receivable,1005.23
E_000352,ACC_Inventory,ACC_COGS,448.17
E_000353,ACC_Sales_Revenue,ACC_Accounts_Receivable,1259.96
E_000354,ACC_Inventory,ACC_COGS,658.05
E_000355,ACC_Sales_Revenue,ACC_Accounts_Receivable,1171.7
E_000356,ACC_Inventory,ACC_COGS,490.57
E_000357,ACC_Sales_Revenue,ACC_Accounts_Receivable,1038.12
E_000358,ACC_Inventory,ACC_COGS,697.05
E_000359,ACC_Sales_Revenue,ACC_Accounts_Receivable,705.22
E_000360,ACC_Inventory,ACC_COGS,286.22
E_000361,ACC_Sales_Revenue,ACC_Accounts_Receivable,1083.77
E_000362,ACC_Inventory,ACC_COGS,557.18
E_000363,ACC_Cash,ACC_Travel_Exp,486.28
E_000364,ACC_Accounts_Receivable,ACC_Cash,664.64
E_000365,ACC_Sales_Revenue,ACC_Accounts_Receivable,727.7
E_000366,ACC_Inventory,ACC_COGS,485.73
E_000367,ACC_Sales_Revenue,ACC_Accounts_Receivable,658.83
E_000368,ACC_Inventory,ACC_COGS,411.28
E_000369,ACC_Sales_Revenue,ACC_Accounts_Receivable,826.63
E_000370,ACC_Inventory,ACC_COGS,553.3
E_000371,ACC_Sales_Revenue,ACC_Accounts_Receivable,2019.24
E_000372,ACC_Inventory,ACC_COGS,1071.71
E_000373,ACC_Accounts_Payable,ACC_Inventory,9199.1
E_000374,ACC_Sales_Revenue,ACC_Accounts_Receivable,419.69
E_000375,ACC_Inventory,ACC_COGS,188.66
E_000376,ACC_Sales_Revenue,ACC_Accounts_Receivable,662.38
E_000377,ACC_Inventory,ACC_COGS,459.84
E_000378,ACC_Sales_Revenue,ACC_Accounts_Receivable,1236.69
E_000379,ACC_Inventory,ACC_COGS,640.86
E_000380,ACC_Sales_Revenue,ACC_Accounts_Receivable,820.84
E_000381,ACC_Inventory,ACC_COGS,349.01
E_000382,ACC_Sales_Revenue,ACC_Accounts_Receivable,519.84
E_000383,ACC_Inventory,ACC_COGS,279.94
E_000384,ACC_Cash,ACC_Travel_Exp,562.0
E_000385,ACC_Sales_Revenue,ACC_Accounts_Receivable,1049.9
E_000386,ACC_Inventory,ACC_COGS,526.26
E_000387,ACC_Sales_Revenue,ACC_Accounts_Receivable,597.33
E_000388,ACC_Inventory,ACC_COGS,373.69
E_000389,ACC_Sales_Revenue,ACC_Accounts_Receivable,872.35
E_000390,ACC_Inventory,ACC_COGS,567.44
E_000391,ACC_Sales_Revenue,ACC_Accounts_Receivable,814.72
E_000392,ACC_Inventory,ACC_COGS,457.73
E_000393,ACC_Sales_Revenue,ACC_Accounts_Receivable,1885.95
E_000394,ACC_Inventory,ACC_COGS,1196.39
E_000395,ACC_Sales_Revenue,ACC_Accounts_Receivable,1030.89
E_000396,ACC_Inventory,ACC_COGS,421.95
E_000397,ACC_Sales_Revenue,ACC_Accounts_Receivable,355.87
E_000398,ACC_Inventory,ACC_COGS,144.52
E_000399,ACC_Sales_Revenue,ACC_Accounts_Receivable,861.95
E_000400,ACC_Inventory,ACC_COGS,467.24
E_000401,ACC_Cash,ACC_Travel_Exp,848.37
E_000402,ACC_Accounts_Receivable,ACC_Cash,556.35
E_000403,ACC_Accounts_Receivable,ACC_Cash,856.76
E_000404,ACC_Sales_Revenue,ACC_Accounts_Receivable,1125.05
E_000405,ACC_Inventory,ACC_COGS,708.86
E_000406,ACC_Sales_Revenue,ACC_Accounts_Receivable,582.66
E_000407,ACC_Inventory,ACC_COGS,401.52
E_000408,ACC_Sales_Revenue,ACC_Accounts_Receivable,764.11
E_000409,ACC_Inventory,ACC_COGS,493.45
E_000410,ACC_Sales_Revenue,ACC_Accounts_Receivable,979.07
E_000411,ACC_Inventory,ACC_COGS,399.17
E_000412,ACC_Accounts_Receivable,ACC_Cash,610.23
E_000413,ACC_Sales_Revenue,ACC_Accounts_Receivable,494.97
E_000414,ACC_Inventory,ACC_COGS,253.72
E_000415,ACC_Sales_Revenue,ACC_Accounts_Receivable,699.81
E_000416,ACC_Inventory,ACC_COGS,295.88
E_000417,ACC_Sales_Revenue,ACC_Accounts_Receivable,661.58
E_000418,ACC_Inventory,ACC_COGS,312.83
E_000419,ACC_Sales_Revenue,ACC_Accounts_Receivable,616.02
E_000420,ACC_Inventory,ACC_COGS,403.55
E_000421,ACC_Sales_Revenue,ACC_Accounts_Receivable,1620.99
E_000422,ACC_Inventory,ACC_COGS,1035.6
E_000423,ACC_Cash,ACC_Travel_Exp,531.2
E_000424,ACC_Accounts_Receivable,ACC_Cash,454.72
E_000425,ACC_Sales_Revenue,ACC_Accounts_Receivable,483.12
E_000426,ACC_Inventory,ACC_COGS,246.96
E_000427,ACC_Sales_Revenue,ACC_Accounts_Receivable,1154.89
E_000428,ACC_Inventory,ACC_COGS,466.34
E_000429,ACC_Sales_Revenue,ACC_Accounts_Receivable,1869.59
E_000430,ACC_Inventory,ACC_COGS,807.03
E_000431,ACC_Sales_Revenue,ACC_Accounts_Receivable,1209.06
E_000432,ACC_Inventory,ACC_COGS,784.21
E_000433,ACC_Sales_Revenue,ACC_Accounts_Receivable,435.66
E_000434,ACC_Inventory,ACC_COGS,197.28
E_000435,ACC_Cash,ACC_Travel_Exp,975.59
E_000436,ACC_Accounts_Receivable,ACC_Cash,788.62
E_000437,ACC_Accounts_Receivable,ACC_Cash,982.32
E_000438,ACC_Sales_Revenue,ACC_Accounts_Receivable,1327.93
E_000439,ACC_Inventory,ACC_COGS,745.57
E_000440,ACC_Sales_Revenue,ACC_Accounts_Receivable,602.77
E_000441,ACC_Inventory,ACC_COGS,390.43
E_000442,ACC_Sales_Revenue,ACC_Accounts_Receivable,955.41
E_000443,ACC_Inventory,ACC_COGS,626.28
E_000444,ACC_Sales_Revenue,ACC_Accounts_Receivable,1090.58
E_000445,ACC_Inventory,ACC_COGS,527.49
E_000446,ACC_Accounts_Payable,ACC_Inventory,10609.6
E_000447,ACC_Sales_Revenue,ACC_Accounts_Receivable,218.79
E_000448,ACC_Inventory,ACC_COGS,109.6
E_000449,ACC_Sales_Revenue,ACC_Accounts_Receivable,531.05
E_000450,ACC_Inventory,ACC_COGS,241.39
E_000451,ACC_Sales_Revenue,ACC_Accounts_Receivable,723.13
E_000452,ACC_Inventory,ACC_COGS,345.3
E_000453,ACC_Sales_Revenue,ACC_Accounts_Receivable,485.65
E_000454,ACC_Inventory,ACC_COGS,296.42
E_000455,ACC_Accounts_Receivable,ACC_Cash,504.83
E_000456,ACC_Accounts_Receivable,ACC_Cash,1208.35
E_000457,ACC_Sales_Revenue,ACC_Accounts_Receivable,451.49
E_000458,ACC_Inventory,ACC_COGS,206.47
E_000459,ACC_Sales_Revenue,ACC_Accounts_Receivable,670.88
E_000460,ACC_Inventory,ACC_COGS,366.69
E_000461,ACC_Sales_Revenue,ACC_Accounts_Receivable,842.95
E_000462,ACC_Inventory,ACC_COGS,457.58
E_000463,ACC_Sales_Revenue,ACC_Accounts_Receivable,1423.85
E_000464,ACC_Inventory,ACC_COGS,908.25
E_000465,ACC_Sales_Revenue,ACC_Accounts_Receivable,450.46
E_000466,ACC_Inventory,ACC_COGS,234.83
E_000467,ACC_Accounts_Receivable,ACC_Cash,604.13
E_000468,ACC_Sales_Revenue,ACC_Accounts_Receivable,803.28
E_000469,ACC_Inventory,ACC_COGS,435.36
E_000470,ACC_Sales_Revenue,ACC_Accounts_Receivable,540.24
E_000471,ACC_Inventory,ACC_COGS,377.62
E_000472,ACC_Sales_Revenue,ACC_Accounts_Receivable,962.42
E_000473,ACC_Inventory,ACC_COGS,587.9
E_000474,ACC_Sales_Revenue,ACC_Accounts_Receivable,866.3
E_000475,ACC_Inventory,ACC_COGS,406.43
E_000476,ACC_Sales_Revenue,ACC_Accounts_Receivable,629.25
E_000477,ACC_Inventory,ACC_COGS,274.27
E_000478,ACC_Accounts_Receivable,ACC_Cash,869.71
E_000479,ACC_Sales_Revenue,ACC_Accounts_Receivable,685.73
E_000480,ACC_Inventory,ACC_COGS,313.7
E_000481,ACC_Sales_Revenue,ACC_Accounts_Receivable,837.16
E_000482,ACC_Inventory,ACC_COGS,516.84
E_000483,ACC_Sales_Revenue,ACC_Accounts_Receivable,1042.59
E_000484,ACC_Inventory,ACC_COGS,505.55
E_000485,ACC_Sales_Revenue,ACC_Accounts_Receivable,1508.72
E_000486,ACC_Inventory,ACC_COGS,737.57
E_000487,ACC_Cash,ACC_Travel_Exp,654.94
E_000488,ACC_Accounts_Receivable,ACC_Cash,1678.28
E_000489,ACC_Accounts_Receivable,ACC_Cash,1107.24
E_000490,ACC_Sales_Revenue,ACC_Accounts_Receivable,1877.74
E_000491,ACC_Inventory,ACC_COGS,905.62
E_000492,ACC_Sales_Revenue,ACC_Accounts_Receivable,366.42
E_000493,ACC_Inventory,ACC_COGS,223.23
E_000494,ACC_Sales_Revenue,ACC_Accounts_Receivable,752.87
E_000495,ACC_Inventory,ACC_COGS,471.17
E_000496,ACC_Sales_Revenue,ACC_Accounts_Receivable,1012.26
E_000497,ACC_Inventory,ACC_COGS,579.23
E_000498,ACC_Cash,ACC_Travel_Exp,1159.63
E_000499,ACC_Sales_Revenue,ACC_Accounts_Receivable,623.61
E_000500,ACC_Inventory,ACC_COGS,296.68
E_000501,ACC_Sales_Revenue,ACC_Accounts_Receivable,736.1
E_000502,ACC_Inventory,ACC_COGS,475.99
E_000503,ACC_Sales_Revenue,ACC_Accounts_Receivable,656.82
E_000504,ACC_Inventory,ACC_COGS,376.43
E_000505,ACC_Sales_Revenue,ACC_Accounts_Receivable,631.99
E_000506,ACC_Inventory,ACC_COGS,281.08
E_000507,ACC_Sales_Revenue,ACC_Accounts_Receivable,1123.78
E_000508,ACC_Inventory,ACC_COGS,478.23
E_000509,ACC_Cash,ACC_Payroll_Exp,8357.02
E_000510,ACC_Cash,ACC_Payroll_Exp,5168.51
E_000511,ACC_Cash,ACC_Payroll_Exp,4719.68
E_000512,ACC_Cash,ACC_Rent_Exp,5368.76
E_000513,ACC_Cash,ACC_Accounts_Payable,13505.3
E_000514,ACC_Sales_Revenue,ACC_Accounts_Receivable,1029.12
E_000515,ACC_Inventory,ACC_COGS,598.84
E_000516,ACC_Sales_Revenue,ACC_Accounts_Receivable,574.22
E_000517,ACC_Inventory,ACC_COGS,363.31
E_000518,ACC_Sales_Revenue,ACC_Accounts_Receivable,639.41
E_000519,ACC_Inventory,ACC_COGS,340.69
E_000520,ACC_Sales_Revenue,ACC_Accounts_Receivable,1078.72
E_000521,ACC_Inventory,ACC_COGS,570.26
E_000522,ACC_Sales_Revenue,ACC_Accounts_Receivable,1021.23
E_000523,ACC_Inventory,ACC_COGS,595.26
E_000524,ACC_Accounts_Payable,ACC_Inventory,11968.65
E_000525,ACC_Cash,ACC_Travel_Exp,802.7
E_000526,ACC_Accounts_Receivable,ACC_Cash,452.47
E_000527,ACC_Cash,ACC_Accounts_Payable,10413.43
E_000528,ACC_Sales_Revenue,ACC_Accounts_Receivable,1333.65
E_000529,ACC_Inventory,ACC_COGS,596.3
E_000530,ACC_Sales_Revenue,ACC_Accounts_Receivable,631.43
E_000531,ACC_Inventory,ACC_COGS,282.22
E_000532,ACC_Sales_Revenue,ACC_Accounts_Receivable,995.7
E_000533,ACC_Inventory,ACC_COGS,575.66
E_000534,ACC_Sales_Revenue,ACC_Accounts_Receivable,737.85
E_000535,ACC_Inventory,ACC_COGS,358.91
E_000536,ACC_Accounts_Receivable,ACC_Cash,1181.84
E_000537,ACC_Sales_Revenue,ACC_Accounts_Receivable,1241.56
E_000538,ACC_Inventory,ACC_COGS,752.65
E_000539,ACC_Sales_Revenue,ACC_Accounts_Receivable,1112.96
E_000540,ACC_Inventory,ACC_COGS,709.37
E_000541,ACC_Sales_Revenue,ACC_Accounts_Receivable,1107.67
E_000542,ACC_Inventory,ACC_COGS,753.33
E_000543,ACC_Sales_Revenue,ACC_Accounts_Receivable,1348.57
E_000544,ACC_Inventory,ACC_COGS,630.38
E_000545,ACC_Accounts_Receivable,ACC_Cash,924.42
E_000546,ACC_Accounts_Receivable,ACC_Cash,430.24
E_000547,ACC_Sales_Revenue,ACC_Accounts_Receivable,1050.89
E_000548,ACC_Inventory,ACC_COGS,442.87
E_000549,ACC_Sales_Revenue,ACC_Accounts_Receivable,706.63
E_000550,ACC_Inventory,ACC_COGS,408.79
E_000551,ACC_Sales_Revenue,ACC_Accounts_Receivable,910.76
E_000552,ACC_Inventory,ACC_COGS,443.16
E_000553,ACC_Sales_Revenue,ACC_Accounts_Receivable,759.42
E_000554,ACC_Inventory,ACC_COGS,373.05
E_000555,ACC_Accounts_Receivable,ACC_Cash,578.95
E_000556,ACC_Accounts_Receivable,ACC_Cash,1107.68
E_000557,ACC_Sales_Revenue,ACC_Accounts_Receivable,1015.03
E_000558,ACC_Inventory,ACC_COGS,556.38
E_000559,ACC_Sales_Revenue,ACC_Accounts_Receivable,576.7
E_000560,ACC_Inventory,ACC_COGS,384.56
E_000561,ACC_Sales_Revenue,ACC_Accounts_Receivable,1847.46
E_000562,ACC_Inventory,ACC_COGS,877.75
E_000563,ACC_Sales_Revenue,ACC_Accounts_Receivable,534.97
E_000564,ACC_Inventory,ACC_COGS,322.21
E_000565,ACC_Accounts_Receivable,ACC_Cash,676.11
E_000566,ACC_Sales_Revenue,ACC_Accounts_Receivable,1271.38
E_000567,ACC_Inventory,ACC_COGS,889.8
E_000568,ACC_Sales_Revenue,ACC_Accounts_Receivable,1098.03
E_000569,ACC_Inventory,ACC_COGS,629.03
E_000570,ACC_Sales_Revenue,ACC_Accounts_Receivable,1026.86
E_000571,ACC_Inventory,ACC_COGS,555.69
E_000572,ACC_Sales_Revenue,ACC_Accounts_Receivable,1028.6
E_000573,ACC_Inventory,ACC_COGS,497.27
E_000574,ACC_Sales_Revenue,ACC_Accounts_Receivable,558.75
E_000575,ACC_Inventory,ACC_COGS,385.94
E_000576,ACC_Sales_Revenue,ACC_Accounts_Receivable,824.63
E_000577,ACC_Inventory,ACC_COGS,412.31
E_000578,ACC_Sales_Revenue,ACC_Accounts_Receivable,610.18
E_000579,ACC_Inventory,ACC_COGS,273.51
E_000580,ACC_Sales_Revenue,ACC_Accounts_Receivable,1181.64
E_000581,ACC_Inventory,ACC_COGS,574.83
E_000582,ACC_Accounts_Receivable,ACC_Cash,470.28
E_000583,ACC_Accounts_Receivable,ACC_Cash,709.22
E_000584,ACC_Accounts_Receivable,ACC_Cash,888.06
E_000585,ACC_Sales_Revenue,ACC_Accounts_Receivable,575.02
E_000586,ACC_Inventory,ACC_COGS,236.34
E_000587,ACC_Sales_Revenue,ACC_Accounts_Receivable,703.49
E_000588,ACC_Inventory,ACC_COGS,349.62
E_000589,ACC_Sales_Revenue,ACC_Accounts_Receivable,943.68
E_000590,ACC_Inventory,ACC_COGS,523.16
E_000591,ACC_Sales_Revenue,ACC_Accounts_Receivable,638.5
E_000592,ACC_Inventory,ACC_COGS,359.33
E_000593,ACC_Accounts_Payable,ACC_Inventory,10766.67
E_000594,ACC_Accounts_Receivable,ACC_Cash,1349.47
E_000595,ACC_Sales_Revenue,ACC_Accounts_Receivable,882.36
E_000596,ACC_Inventory,ACC_COGS,518.49
E_000597,ACC_Sales_Revenue,ACC_Accounts_Receivable,653.17
E_000598,ACC_Inventory,ACC_COGS,313.6
E_000599,ACC_Sales_Revenue,ACC_Accounts_Receivable,662.62
E_000600,ACC_Inventory,ACC_COGS,352.14
E_000601,ACC_Sales_Revenue,ACC_Accounts_Receivable,877.81
E_000602,ACC_Inventory,ACC_COGS,358.73
E_000603,ACC_Cash,ACC_Travel_Exp,215.3
E_000604,ACC_Sales_Revenue,ACC_Accounts_Receivable,455.61
E_000605,ACC_Inventory,ACC_COGS,257.53
E_000606,ACC_Sales_Revenue,ACC_Accounts_Receivable,600.18
E_000607,ACC_Inventory,ACC_COGS,280.53
E_000608,ACC_Sales_Revenue,ACC_Accounts_Receivable,734.53
E_000609,ACC_Inventory,ACC_COGS,395.5
E_000610,ACC_Cash,ACC_Travel_Exp,1121.2
E_000611,ACC_Sales_Revenue,ACC_Accounts_Receivable,1443.4
E_000612,ACC_Inventory,ACC_COGS,703.74
E_000613,ACC_Sales_Revenue,ACC_Accounts_Receivable,1127.41
E_000614,ACC_Inventory,ACC_COGS,733.29
E_000615,ACC_Sales_Revenue,ACC_Accounts_Receivable,750.42
E_000616,ACC_Inventory,ACC_COGS,424.27
E_000617,ACC_Sales_Revenue,ACC_Accounts_Receivable,793.94
E_000618,ACC_Inventory,ACC_COGS,460.34
E_000619,ACC_Cash,ACC_Accounts_Payable,11648.77
E_000620,ACC_Accounts_Receivable,ACC_Cash,280.54
E_000621,ACC_Accounts_Receivable,ACC_Cash,966.86
E_000622,ACC_Accounts_Receivable,ACC_Cash,966.72
E_000623,ACC_Sales_Revenue,ACC_Accounts_Receivable,794.1
E_000624,ACC_Inventory,ACC_COGS,383.45
E_000625,ACC_Sales_Revenue,ACC_Accounts_Receivable,712.76
E_000626,ACC_Inventory,ACC_COGS,357.78
E_000627,ACC_Sales_Revenue,ACC_Accounts_Receivable,910.23
E_000628,ACC_Inventory,ACC_COGS,588.16
E_000629,ACC_Sales_Revenue,ACC_Accounts_Receivable,574.63
E_000630,ACC_Inventory,ACC_COGS,374.22
E_000631,ACC_Accounts_Receivable,ACC_Cash,663.03
E_000632,ACC_Accounts_Receivable,ACC_Cash,395.2
E_000633,ACC_Accounts_Receivable,ACC_Cash,887.64
E_000634,ACC_Sales_Revenue,ACC_Accounts_Receivable,1476.91
E_000635,ACC_Inventory,ACC_COGS,656.6
E_000636,ACC_Sales_Revenue,ACC_Accounts_Receivable,765.94
E_000637,ACC_Inventory,ACC_COGS,382.76
E_000638,ACC_Sales_Revenue,ACC_Accounts_Receivable,939.45
E_000639,ACC_Inventory,ACC_COGS,504.11
E_000640,ACC_Sales_Revenue,ACC_Accounts_Receivable,1054.34
E_000641,ACC_Inventory,ACC_COGS,731.96
E_000642,ACC_Cash,ACC_Travel_Exp,937.39
E_000643,ACC_Accounts_Receivable,ACC_Cash,371.33
E_000644,ACC_Accounts_Receivable,ACC_Cash,788.97
E_000645,ACC_Accounts_Receivable,ACC_Cash,1093.72
E_000646,ACC_Sales_Revenue,ACC_Accounts_Receivable,875.02
E_000647,ACC_Inventory,ACC_COGS,361.47
E_000648,ACC_Sales_Revenue,ACC_Accounts_Receivable,804.04
E_000649,ACC_Inventory,ACC_COGS,541.95
E_000650,ACC_Sales_Revenue,ACC_Accounts_Receivable,831.87
E_000651,ACC_Inventory,ACC_COGS,498.38
E_000652,ACC_Sales_Revenue,ACC_Accounts_Receivable,587.22
E_000653,ACC_Inventory,ACC_COGS,261.68
E_000654,ACC_Accounts_Receivable,ACC_Cash,1074.92
E_000655,ACC_Accounts_Receivable,ACC_Cash,884.31
E_000656,ACC_Sales_Revenue,ACC_Accounts_Receivable,976.34
E_000657,ACC_Inventory,ACC_COGS,487.78
E_000658,ACC_Sales_Revenue,ACC_Accounts_Receivable,1429.48
E_000659,ACC_Inventory,ACC_COGS,760.61
E_000660,ACC_Sales_Revenue,ACC_Accounts_Receivable,1174.17
E_000661,ACC_Inventory,ACC_COGS,475.07
E_000662,ACC_Sales_Revenue,ACC_Accounts_Receivable,1892.94
E_000663,ACC_Inventory,ACC_COGS,1129.01
E_000664,ACC_Accounts_Payable,ACC_Inventory,10848.98
E_000665,ACC_Cash,ACC_Travel_Exp,840.46
E_000666,ACC_Accounts_Receivable,ACC_Cash,1376.24
E_000667,ACC_Accounts_Receivable,ACC_Cash,1921.37
E_000668,ACC_Accounts_Receivable,ACC_Cash,1083.77
E_000669,ACC_Sales_Revenue,ACC_Accounts_Receivable,860.87
E_000670,ACC_Inventory,ACC_COGS,512.18
E_000671,ACC_Sales_Revenue,ACC_Accounts_Receivable,1920.87
E_000672,ACC_Inventory,ACC_COGS,1156.95
E_000673,ACC_Sales_Revenue,ACC_Accounts_Receivable,578.99
E_000674,ACC_Inventory,ACC_COGS,286.6
E_000675,ACC_Sales_Revenue,ACC_Accounts_Receivable,571.76
E_000676,ACC_Inventory,ACC_COGS,312.4
E_000677,ACC_Cash,ACC_Travel_Exp,768.46
E_000678,ACC_Accounts_Receivable,ACC_Cash,829.91
E_000679,ACC_Accounts_Receivable,ACC_Cash,1444.86
E_000680,ACC_Accounts_Receivable,ACC_Cash,791.56
E_000681,ACC_Accounts_Receivable,ACC_Cash,609.48
E_000682,ACC_Sales_Revenue,ACC_Accounts_Receivable,342.08
E_000683,ACC_Inventory,ACC_COGS,231.34
E_000684,ACC_Sales_Revenue,ACC_Accounts_Receivable,648.27
E_000685,ACC_Inventory,ACC_COGS,343.71
E_000686,ACC_Sales_Revenue,ACC_Accounts_Receivable,590.49
E_000687,ACC_Inventory,ACC_COGS,360.89
E_000688,ACC_Sales_Revenue,ACC_Accounts_Receivable,849.6
E_000689,ACC_Inventory,ACC_COGS,516.73
E_000690,ACC_Cash,ACC_Travel_Exp,95.66
E_000691,ACC_Accounts_Receivable,ACC_Cash,907.15
E_000692,ACC_Accounts_Receivable,ACC_Cash,795.69
E_000693,ACC_Accounts_Receivable,ACC_Cash,685.8
E_000694,ACC_Accounts_Receivable,ACC_Cash,822.24
E_000695,ACC_Accounts_Receivable,ACC_Cash,2019.24
E_000696,ACC_Sales_Revenue,ACC_Accounts_Receivable,1694.39
E_000697,ACC_Inventory,ACC_COGS,859.97
E_000698,ACC_Sales_Revenue,ACC_Accounts_Receivable,1170.03
E_000699,ACC_Inventory,ACC_COGS,654.46
E_000700,ACC_Sales_Revenue,ACC_Accounts_Receivable,635.14
E_000701,ACC_Inventory,ACC_COGS,288.36
E_000702,ACC_Sales_Revenue,ACC_Accounts_Receivable,558.5
E_000703,ACC_Inventory,ACC_COGS,369.31
E_000704,ACC_Sales_Revenue,ACC_Accounts_Receivable,471.78
E_000705,ACC_Inventory,ACC_COGS,271.25
E_000706,ACC_Sales_Revenue,ACC_Accounts_Receivable,1664.36
E_000707,ACC_Inventory,ACC_COGS,792.56
E_000708,ACC_Sales_Revenue,ACC_Accounts_Receivable,1282.27
E_000709,ACC_Inventory,ACC_COGS,858.7
E_000710,ACC_Sales_Revenue,ACC_Accounts_Receivable,663.11
E_000711,ACC_Inventory,ACC_COGS,400.04
E_000712,ACC_Accounts_Receivable,ACC_Cash,1087.44
E_000713,ACC_Accounts_Receivable,ACC_Cash,821.9
E_000714,ACC_Accounts_Receivable,ACC_Cash,599.85
E_000715,ACC_Accounts_Receivable,ACC_Cash,654.52
E_000716,ACC_Sales_Revenue,ACC_Accounts_Receivable,1374.93
E_000717,ACC_Inventory,ACC_COGS,957.36
E_000718,ACC_Sales_Revenue,ACC_Accounts_Receivable,764.17
E_000719,ACC_Inventory,ACC_COGS,402.94
E_000720,ACC_Sales_Revenue,ACC_Accounts_Receivable,1312.56
E_000721,ACC_Inventory,ACC_COGS,643.99
E_000722,ACC_Cash,ACC_Travel_Exp,476.2
E_000723,ACC_Accounts_Receivable,ACC_Cash,709.82
E_000724,ACC_Accounts_Receivable,ACC_Cash,732.7
E_000725,ACC_Accounts_Receivable,ACC_Cash,519.84
E_000726,ACC_Sales_Revenue,ACC_Accounts_Receivable,629.46
E_000727,ACC_Inventory,ACC_COGS,319.57
E_000728,ACC_Sales_Revenue,ACC_Accounts_Receivable,801.68
E_000729,ACC_Inventory,ACC_COGS,391.68
E_000730,ACC_Sales_Revenue,ACC_Accounts_Receivable,815.18
E_000731,ACC_Inventory,ACC_COGS,393.2
E_000732,ACC_Sales_Revenue,ACC_Accounts_Receivable,1026.34
E_000733,ACC_Inventory,ACC_COGS,710.31
E_000734,ACC_Sales_Revenue,ACC_Accounts_Receivable,521.95
E_000735,ACC_Inventory,ACC_COGS,286.56
E_000736,ACC_Sales_Revenue,ACC_Accounts_Receivable,755.71
E_000737,ACC_Inventory,ACC_COGS,478.15
E_000738,ACC_Accounts_Payable,ACC_Inventory,12180.44
E_000739,ACC_Cash,ACC_Travel_Exp,323.23
E_000740,ACC_Accounts_Receivable,ACC_Cash,541.71
E_000741,ACC_Accounts_Receivable,ACC_Cash,1096.03
E_000742,ACC_Sales_Revenue,ACC_Accounts_Receivable,1063.43
E_000743,ACC_Inventory,ACC_COGS,666.42
E_000744,ACC_Sales_Revenue,ACC_Accounts_Receivable,510.18
E_000745,ACC_Inventory,ACC_COGS,332.38
E_000746,ACC_Sales_Revenue,ACC_Accounts_Receivable,433.1
E_000747,ACC_Inventory,ACC_COGS,254.77
E_000748,ACC_Sales_Revenue,ACC_Accounts_Receivable,1333.66
E_000749,ACC_Inventory,ACC_COGS,709.84
E_000750,ACC_Cash,ACC_Travel_Exp,1094.26
E_000751,ACC_Accounts_Receivable,ACC_Cash,629.14
E_000752,ACC_Accounts_Receivable,ACC_Cash,490.92
E_000753,ACC_Accounts_Receivable,ACC_Cash,1178.58
E_000754,ACC_Accounts_Receivable,ACC_Cash,877.88
E_000755,ACC_Accounts_Receivable,ACC_Cash,857.38
E_000756,ACC_Accounts_Receivable,ACC_Cash,1233.77
E_000757,ACC_Sales_Revenue,ACC_Accounts_Receivable,593.01
E_000758,ACC_Inventory,ACC_COGS,295.33
E_000759,ACC_Sales_Revenue,ACC_Accounts_Receivable,1487.83
E_000760,ACC_Inventory,ACC_COGS,654.12
E_000761,ACC_Sales_Revenue,ACC_Accounts_Receivable,837.89
E_000762,ACC_Inventory,ACC_COGS,427.12
E_000763,ACC_Sales_Revenue,ACC_Accounts_Receivable,1282.2
E_000764,ACC_Inventory,ACC_COGS,832.33
E_000765,ACC_Accounts_Receivable,ACC_Cash,571.88
E_000766,ACC_Accounts_Receivable,ACC_Cash,1480.04
E_000767,ACC_Accounts_Receivable,ACC_Cash,876.2
E_000768,ACC_Sales_Revenue,ACC_Accounts_Receivable,1824.23
E_000769,ACC_Inventory,ACC_COGS,1259.11
E_000770,ACC_Sales_Revenue,ACC_Accounts_Receivable,1614.45
E_000771,ACC_Inventory,ACC_COGS,809.83
E_000772,ACC_Sales_Revenue,ACC_Accounts_Receivable,724.17
E_000773,ACC_Inventory,ACC_COGS,306.03
E_000774,ACC_Sales_Revenue,ACC_Accounts_Receivable,1179.97
E_000775,ACC_Inventory,ACC_COGS,776.47
E_000776,ACC_Cash,ACC_Travel_Exp,1019.52
E_000777,ACC_Accounts_Receivable,ACC_Cash,454.17
E_000778,ACC_Sales_Revenue,ACC_Accounts_Receivable,1383.07
E_000779,ACC_Inventory,ACC_COGS,784.47
E_000780,ACC_Sales_Revenue,ACC_Accounts_Receivable,543.83
E_000781,ACC_Inventory,ACC_COGS,219.8
E_000782,ACC_Sales_Revenue,ACC_Accounts_Receivable,1052.61
E_000783,ACC_Inventory,ACC_COGS,537.44
E_000784,ACC_Sales_Revenue,ACC_Accounts_Receivable,1221.68
E_000785,ACC_Inventory,ACC_COGS,702.92
E_000786,ACC_Cash,ACC_Travel_Exp,819.56
E_000787,ACC_Accounts_Receivable,ACC_Cash,763.84
E_000788,ACC_Accounts_Receivable,ACC_Cash,916.97
E_000789,ACC_Accounts_Receivable,ACC_Cash,861.95
E_000790,ACC_Sales_Revenue,ACC_Accounts_Receivable,498.35
E_000791,ACC_Inventory,ACC_COGS,269.83
E_000792,ACC_Sales_Revenue,ACC_Accounts_Receivable,353.87
E_000793,ACC_Inventory,ACC_COGS,201.15
E_000794,ACC_Sales_Revenue,ACC_Accounts_Receivable,718.27
E_000795,ACC_Inventory,ACC_COGS,426.86
E_000796,ACC_Accounts_Receivable,ACC_Cash,966.95
E_000797,ACC_Sales_Revenue,ACC_Accounts_Receivable,1459.07
E_000798,ACC_Inventory,ACC_COGS,715.9
E_000799,ACC_Sales_Revenue,ACC_Accounts_Receivable,824.07
E_000800,ACC_Inventory,ACC_COGS,340.84
E_000801,ACC_Sales_Revenue,ACC_Accounts_Receivable,1534.65
E_000802,ACC_Inventory,ACC_COGS,840.66
E_000803,ACC_Sales_Revenue,ACC_Accounts_Receivable,460.62
E_000804,ACC_Inventory,ACC_COGS,258.53
E_000805,ACC_Accounts_Receivable,ACC_Cash,401.27
E_000806,ACC_Accounts_Receivable,ACC_Cash,553.82
E_000807,ACC_Accounts_Receivable,ACC_Cash,1271.62
E_000808,ACC_Accounts_Receivable,ACC_Cash,1005.23
E_000809,ACC_Accounts_Receivable,ACC_Cash,355.87
E_000810,ACC_Sales_Revenue,ACC_Accounts_Receivable,782.42
E_000811,ACC_Inventory,ACC_COGS,487.4
E_000812,ACC_Sales_Revenue,ACC_Accounts_Receivable,932.84
E_000813,ACC_Inventory,ACC_COGS,537.5
E_000814,ACC_Accounts_Payable,ACC_Inventory,11950.96
E_000815,ACC_Cash,ACC_Payroll_Exp,5932.56
E_000816,ACC_Cash,ACC_Payroll_Exp,5893.06
E_000817,ACC_Cash,ACC_Payroll_Exp,2956.42
E_000818,ACC_Cash,ACC_Rent_Exp,5803.61
E_000819,ACC_Accounts_Receivable,ACC_Cash,365.31
E_000820,ACC_Accounts_Receivable,ACC_Cash,1064.45
E_000821,ACC_Accounts_Receivable,ACC_Cash,461.07
E_000822,ACC_Accounts_Receivable,ACC_Cash,982.53
E_000823,ACC_Sales_Revenue,ACC_Accounts_Receivable,549.31
E_000824,ACC_Inventory,ACC_COGS,321.18
E_000825,ACC_Sales_Revenue,ACC_Accounts_Receivable,651.36
E_000826,ACC_Inventory,ACC_COGS,266.94
E_000827,ACC_Sales_Revenue,ACC_Accounts_Receivable,523.7
E_000828,ACC_Inventory,ACC_COGS,279.35
E_000829,ACC_Cash,ACC_Travel_Exp,832.25
E_000830,ACC_Accounts_Receivable,ACC_Cash,665.38
E_000831,ACC_Accounts_Receivable,ACC_Cash,725.21
E_000832,ACC_Accounts_Receivable,ACC_Cash,1125.05
E_000833,ACC_Accounts_Receivable,ACC_Cash,1423.85
E_000834,ACC_Sales_Revenue,ACC_Accounts_Receivable,1172.24
E_000835,ACC_Inventory,ACC_COGS,660.37
E_000836,ACC_Sales_Revenue,ACC_Accounts_Receivable,539.33
E_000837,ACC_Inventory,ACC_COGS,280.15
E_000838,ACC_Sales_Revenue,ACC_Accounts_Receivable,978.71
E_000839,ACC_Inventory,ACC_COGS,670.13
E_000840,ACC_Accounts_Receivable,ACC_Cash,1471.19
E_000841,ACC_Accounts_Receivable,ACC_Cash,910.73
E_000842,ACC_Accounts_Receivable,ACC_Cash,654.07
E_000843,ACC_Accounts_Receivable,ACC_Cash,983.02
E_000844,ACC_Accounts_Receivable,ACC_Cash,1877.74
E_000845,ACC_Sales_Revenue,ACC_Accounts_Receivable,582.58
E_000846,ACC_Inventory,ACC_COGS,345.19
E_000847,ACC_Sales_Revenue,ACC_Accounts_Receivable,766.47
E_000848,ACC_Inventory,ACC_COGS,318.22
E_000849,ACC_Sales_Revenue,ACC_Accounts_Receivable,528.75
E_000850,ACC_Inventory,ACC_COGS,231.47
E_000851,ACC_Accounts_Receivable,ACC_Cash,1221.04
E_000852,ACC_Accounts_Receivable,ACC_Cash,1111.4
E_000853,ACC_Accounts_Receivable,ACC_Cash,922.84
E_000854,ACC_Sales_Revenue,ACC_Accounts_Receivable,495.45
E_000855,ACC_Inventory,ACC_COGS,280.55
E_000856,ACC_Sales_Revenue,ACC_Accounts_Receivable,1755.49
E_000857,ACC_Inventory,ACC_COGS,1160.22
E_000858,ACC_Sales_Revenue,ACC_Accounts_Receivable,811.36
E_000859,ACC_Inventory,ACC_COGS,516.51
E_000860,ACC_Accounts_Receivable,UNKNOWN_LEAK,359.73
E_000861,ACC_Cash,ACC_Travel_Exp,182.09
E_000862,ACC_Accounts_Receivable,ACC_Cash,628.87
E_000863,ACC_Cash,ACC_Accounts_Payable,10796.58
E_000864,ACC_Accounts_Receivable,ACC_Cash,2142.89
E_000865,ACC_Accounts_Receivable,ACC_Cash,1042.59
E_000866,ACC_Sales_Revenue,ACC_Accounts_Receivable,871.49
E_000867,ACC_Inventory,ACC_COGS,414.13
E_000868,ACC_Sales_Revenue,ACC_Accounts_Receivable,764.85
E_000869,ACC_Inventory,ACC_COGS,504.75
E_000870,ACC_Sales_Revenue,ACC_Accounts_Receivable,732.32
E_000871,ACC_Inventory,ACC_COGS,466.48
E_000872,ACC_Cash,ACC_Travel_Exp,340.48
E_000873,ACC_Accounts_Receivable,ACC_Cash,730.92
E_000874,ACC_Accounts_Receivable,ACC_Cash,1701.19
E_000875,ACC_Accounts_Receivable,ACC_Cash,538.29
E_000876,ACC_Accounts_Receivable,ACC_Cash,1030.89
E_000877,ACC_Accounts_Receivable,ACC_Cash,752.87
E_000878,ACC_Sales_Revenue,ACC_Accounts_Receivable,1083.13
E_000879,ACC_Inventory,ACC_COGS,474.44
E_000880,ACC_Sales_Revenue,ACC_Accounts_Receivable,647.04
E_000881,ACC_Inventory,ACC_COGS,403.56
E_000882,ACC_Sales_Revenue,ACC_Accounts_Receivable,635.42
E_000883,ACC_Inventory,ACC_COGS,323.18
E_000884,ACC_Accounts_Receivable,ACC_Cash,1161.1
E_000885,ACC_Accounts_Receivable,ACC_Cash,584.82
E_000886,ACC_Accounts_Receivable,ACC_Cash,669.15
E_000887,ACC_Sales_Revenue,ACC_Accounts_Receivable,318.57
E_000888,ACC_Inventory,ACC_COGS,217.78
E_000889,ACC_Sales_Revenue,ACC_Accounts_Receivable,436.39
E_000890,ACC_Inventory,ACC_COGS,293.53
E_000891,ACC_Sales_Revenue,ACC_Accounts_Receivable,1382.1
E_000892,ACC_Inventory,ACC_COGS,742.76
E_000893,ACC_Accounts_Payable,ACC_Inventory,14467.45
E_000894,ACC_Accounts_Receivable,ACC_Cash,513.93
E_000895,ACC_Accounts_Receivable,ACC_Cash,777.29
E_000896,ACC_Accounts_Receivable,ACC_Cash,828.35
E_000897,ACC_Accounts_Receivable,ACC_Cash,366.42
E_000898,ACC_Sales_Revenue,ACC_Accounts_Receivable,1007.51
E_000899,ACC_Inventory,ACC_COGS,435.64
E_000900,ACC_Sales_Revenue,ACC_Accounts_Receivable,906.07
E_000901,ACC_Inventory,ACC_COGS,382.4
E_000902,ACC_Sales_Revenue,ACC_Accounts_Receivable,2741.24
E_000903,ACC_Inventory,ACC_COGS,1218.48
E_000904,ACC_Cash,ACC_Accounts_Payable,9588.78
E_000905,ACC_Accounts_Receivable,ACC_Cash,2374.83
E_000906,ACC_Accounts_Receivable,ACC_Cash,531.05
E_000907,ACC_Accounts_Receivable,ACC_Cash,943.68
E_000908,ACC_Sales_Revenue,ACC_Accounts_Receivable,760.1
E_000909,ACC_Inventory,ACC_COGS,429.08
E_000910,ACC_Sales_Revenue,ACC_Accounts_Receivable,545.88
E_000911,ACC_Inventory,ACC_COGS,316.18
E_000912,ACC_Sales_Revenue,ACC_Accounts_Receivable,420.75
E_000913,ACC_Inventory,ACC_COGS,244.72
E_000914,ACC_Cash,ACC_Travel_Exp,796.01
E_000915,ACC_Accounts_Receivable,ACC_Cash,643.46
E_000916,ACC_Accounts_Receivable,ACC_Cash,857.86
E_000917,ACC_Sales_Revenue,ACC_Accounts_Receivable,591.15
E_000918,ACC_Inventory,ACC_COGS,392.12
E_000919,ACC_Sales_Revenue,ACC_Accounts_Receivable,452.92
E_000920,ACC_Inventory,ACC_COGS,210.38
E_000921,ACC_Sales_Revenue,ACC_Accounts_Receivable,617.69
E_000922,ACC_Inventory,ACC_COGS,323.76
E_000923,ACC_Accounts_Receivable,ACC_Cash,929.73
E_000924,ACC_Accounts_Receivable,ACC_Cash,742.74
E_000925,ACC_Accounts_Receivable,ACC_Cash,900.6
E_000926,ACC_Accounts_Receivable,ACC_Cash,1027.49
E_000927,ACC_Accounts_Receivable,ACC_Cash,764.11
E_000928,ACC_Accounts_Receivable,ACC_Cash,979.07
E_000929,ACC_Accounts_Receivable,ACC_Cash,1015.03
E_000930,ACC_Accounts_Receivable,ACC_Cash,1847.46
E_000931,ACC_Sales_Revenue,ACC_Accounts_Receivable,1571.0
E_000932,ACC_Inventory,ACC_COGS,673.21
E_000933,ACC_Sales_Revenue,ACC_Accounts_Receivable,1138.27
E_000934,ACC_Inventory,ACC_COGS,542.35
E_000935,ACC_Accounts_Receivable,ACC_Cash,445.5
E_000936,ACC_Accounts_Receivable,ACC_Cash,451.49
E_000937,ACC_Accounts_Receivable,ACC_Cash,450.46
E_000938,ACC_Accounts_Receivable,ACC_Cash,910.76
E_000939,ACC_Sales_Revenue,ACC_Accounts_Receivable,1446.05
E_000940,ACC_Inventory,ACC_COGS,617.99
E_000941,ACC_Sales_Revenue,ACC_Accounts_Receivable,825.14
E_000942,ACC_Inventory,ACC_COGS,353.96
E_000943,ACC_Sales_Revenue,ACC_Accounts_Receivable,566.85
E_000944,ACC_Inventory,ACC_COGS,248.87
E_000945,ACC_Accounts_Receivable,ACC_Cash,1011.67
E_000946,ACC_Accounts_Receivable,ACC_Cash,933.31
E_000947,ACC_Accounts_Receivable,ACC_Cash,850.74
E_000948,ACC_Accounts_Receivable,ACC_Cash,723.13
E_000949,ACC_Accounts_Receivable,ACC_Cash,485.65
E_000950,ACC_Accounts_Receivable,ACC_Cash,1348.57
E_000951,ACC_Sales_Revenue,ACC_Accounts_Receivable,992.45
E_000952,ACC_Inventory,ACC_COGS,495.13
E_000953,ACC_Sales_Revenue,ACC_Accounts_Receivable,528.33
E_000954,ACC_Inventory,ACC_COGS,349.8
E_000955,ACC_Sales_Revenue,ACC_Accounts_Receivable,741.35
E_000956,ACC_Inventory,ACC_COGS,489.61
E_000957,ACC_Cash,ACC_Travel_Exp,395.57
E_000958,ACC_Accounts_Receivable,ACC_Cash,728.35
E_000959,ACC_Accounts_Receivable,ACC_Cash,1333.65
E_000960,ACC_Accounts_Receivable,ACC_Cash,575.02
E_000961,ACC_Sales_Revenue,ACC_Accounts_Receivable,460.12
E_000962,ACC_Inventory,ACC_COGS,198.35
E_000963,ACC_Sales_Revenue,ACC_Accounts_Receivable,1158.73
E_000964,ACC_Inventory,ACC_COGS,691.79
E_000965,ACC_Accounts_Payable,ACC_Inventory,14864.12
E_000966,ACC_Cash,ACC_Travel_Exp,922.25
E_000967,ACC_Accounts_Receivable,ACC_Cash,832.53
E_000968,ACC_Accounts_Receivable,ACC_Cash,962.42
E_000969,ACC_Accounts_Receivable,ACC_Cash,1050.89
E_000970,ACC_Sales_Revenue,ACC_Accounts_Receivable,1002.05
E_000971,ACC_Inventory,ACC_COGS,573.4
E_000972,ACC_Sales_Revenue,ACC_Accounts_Receivable,616.68
E_000973,ACC_Inventory,ACC_COGS,350.45
E_000974,ACC_Accounts_Receivable,ACC_Cash,683.87
E_000975,ACC_Accounts_Receivable,ACC_Cash,576.13
E_000976,ACC_Accounts_Receivable,ACC_Cash,820.84
E_000977,ACC_Accounts_Receivable,ACC_Cash,1123.78
E_000978,ACC_Sales_Revenue,ACC_Accounts_Receivable,631.22
E_000979,ACC_Inventory,ACC_COGS,374.19
E_000980,ACC_Sales_Revenue,ACC_Accounts_Receivable,566.24
E_000981,ACC_Inventory,ACC_COGS,338.24
E_000982,ACC_Cash,ACC_Travel_Exp,852.16
E_000983,ACC_Accounts_Receivable,ACC_Cash,706.93
E_000984,ACC_Accounts_Receivable,ACC_Cash,1869.59
E_000985,ACC_Accounts_Receivable,ACC_Cash,587.22
E_000986,ACC_Sales_Revenue,ACC_Accounts_Receivable,573.77
E_000987,ACC_Inventory,ACC_COGS,282.69
E_000988,ACC_Sales_Revenue,ACC_Accounts_Receivable,891.4
E_000989,ACC_Inventory,ACC_COGS,405.07
E_000990,ACC_Accounts_Receivable,ACC_Cash,618.05
E_000991,ACC_Accounts_Receivable,ACC_Cash,719.64
E_000992,ACC_Accounts_Receivable,ACC_Cash,419.69
E_000993,ACC_Accounts_Receivable,ACC_Cash,653.17
E_000994,ACC_Accounts_Receivable,ACC_Cash,734.53
E_000995,ACC_Sales_Revenue,ACC_Accounts_Receivable,727.08
E_000996,ACC_Inventory,ACC_COGS,321.78
E_000997,ACC_Sales_Revenue,ACC_Accounts_Receivable,556.45
E_000998,ACC_Inventory,ACC_COGS,237.9
E_000999,ACC_Accounts_Receivable,ACC_Cash,660.46
E_001000,ACC_Accounts_Receivable,ACC_Cash,1153.75
E_001001,ACC_Accounts_Receivable,ACC_Cash,912.43
E_001002,ACC_Accounts_Receivable,ACC_Cash,831.68
E_001003,ACC_Accounts_Receivable,ACC_Cash,601.17
E_001004,ACC_Accounts_Receivable,ACC_Cash,826.63
E_001005,ACC_Sales_Revenue,ACC_Accounts_Receivable,1082.22
E_001006,ACC_Inventory,ACC_COGS,543.57
E_001007,ACC_Sales_Revenue,ACC_Accounts_Receivable,977.48
E_001008,ACC_Inventory,ACC_COGS,486.12
E_001009,ACC_Cash,ACC_Travel_Exp,91.55
E_001010,ACC_Accounts_Receivable,ACC_Cash,983.02
E_001011,ACC_Accounts_Receivable,ACC_Cash,872.35
E_001012,ACC_Accounts_Receivable,ACC_Cash,1154.89
E_001013,ACC_Sales_Revenue,ACC_Accounts_Receivable,832.43
E_001014,ACC_Inventory,ACC_COGS,372.28
E_001015,ACC_Sales_Revenue,ACC_Accounts_Receivable,1080.49
E_001016,ACC_Inventory,ACC_COGS,458.64
E_001017,ACC_Accounts_Receivable,ACC_Cash,697.52
E_001018,ACC_Accounts_Receivable,ACC_Cash,1263.63
E_001019,ACC_Accounts_Receivable,ACC_Cash,1259.96
E_001020,ACC_Accounts_Receivable,ACC_Cash,995.7
E_001021,ACC_Accounts_Receivable,ACC_Cash,737.85
E_001022,ACC_Sales_Revenue,ACC_Accounts_Receivable,994.22
E_001023,ACC_Inventory,ACC_COGS,529.53
E_001024,ACC_Accounts_Payable,ACC_Inventory,11006.06
E_001025,ACC_Accounts_Receivable,ACC_Cash,775.7
E_001026,ACC_Accounts_Receivable,ACC_Cash,893.63
E_001027,ACC_Accounts_Receivable,ACC_Cash,658.83
E_001028,ACC_Accounts_Receivable,ACC_Cash,1508.72
E_001029,ACC_Accounts_Receivable,ACC_Cash,976.34
E_001030,ACC_Sales_Revenue,ACC_Accounts_Receivable,589.52
E_001031,ACC_Inventory,ACC_COGS,285.9
E_001032,ACC_Sales_Revenue,ACC_Accounts_Receivable,388.64
E_001033,ACC_Inventory,ACC_COGS,216.89
E_001034,ACC_Cash,ACC_Travel_Exp,731.21
E_001035,ACC_Accounts_Receivable,ACC_Cash,501.27
E_001036,ACC_Accounts_Receivable,ACC_Cash,436.45
E_001037,ACC_Accounts_Receivable,ACC_Cash,662.38
E_001038,ACC_Accounts_Receivable,ACC_Cash,1090.58
E_001039,ACC_Sales_Revenue,ACC_Accounts_Receivable,815.54
E_001040,ACC_Inventory,ACC_COGS,328.1
E_001041,ACC_Accounts_Receivable,ACC_Cash,488.95
E_001042,ACC_Accounts_Receivable,ACC_Cash,970.3
E_001043,ACC_Accounts_Receivable,ACC_Cash,1126.84
E_001044,ACC_Accounts_Receivable,ACC_Cash,1038.12
E_001045,ACC_Cash,ACC_Accounts_Payable,10609.6
E_001046,ACC_Accounts_Receivable,ACC_Cash,648.27
E_001047,ACC_Accounts_Receivable,ACC_Cash,590.49
E_001048,ACC_Sales_Revenue,ACC_Accounts_Receivable,557.18
E_001049,ACC_Inventory,ACC_COGS,350.6
E_001050,ACC_Sales_Revenue,ACC_Accounts_Receivable,1032.82
E_001051,ACC_Inventory,ACC_COGS,415.52
E_001052,ACC_Cash,ACC_Travel_Exp,653.12
E_001053,ACC_Accounts_Receivable,ACC_Cash,1236.69
E_001054,ACC_Accounts_Receivable,ACC_Cash,1327.93
E_001055,ACC_Accounts_Receivable,ACC_Cash,1174.17
E_001056,ACC_Accounts_Receivable,ACC_Cash,1892.94
E_001057,ACC_Sales_Revenue,ACC_Accounts_Receivable,779.13
E_001058,ACC_Inventory,ACC_COGS,365.44
E_001059,ACC_Accounts_Receivable,ACC_Cash,483.12
E_001060,ACC_Accounts_Receivable,ACC_Cash,736.1
E_001061,ACC_Accounts_Receivable,ACC_Cash,574.22
E_001062,ACC_Accounts_Receivable,ACC_Cash,433.1
E_001063,ACC_Sales_Revenue,ACC_Accounts_Receivable,616.39
E_001064,ACC_Inventory,ACC_COGS,259.88
E_001065,ACC_Accounts_Receivable,ACC_Cash,886.81
E_001066,ACC_Accounts_Receivable,ACC_Cash,435.66
E_001067,ACC_Accounts_Receivable,ACC_Cash,218.79
E_001068,ACC_Sales_Revenue,ACC_Accounts_Receivable,567.05
E_001069,ACC_Inventory,ACC_COGS,305.03
E_001070,ACC_Sales_Revenue,ACC_Accounts_Receivable,685.94
E_001071,ACC_Inventory,ACC_COGS,392.86
E_001072,ACC_Accounts_Receivable,ACC_Cash,940.33
E_001073,ACC_Accounts_Receivable,ACC_Cash,819.51
E_001074,ACC_Sales_Revenue,ACC_Accounts_Receivable,635.15
E_001075,ACC_Inventory,ACC_COGS,309.23
E_001076,ACC_Sales_Revenue,ACC_Accounts_Receivable,1117.54
E_001077,ACC_Inventory,ACC_COGS,555.9
E_001078,ACC_Accounts_Payable,ACC_Inventory,10305.44
E_001079,ACC_Accounts_Receivable,ACC_Cash,902.56
E_001080,ACC_Accounts_Receivable,ACC_Cash,1620.99
E_001081,ACC_Accounts_Receivable,ACC_Cash,631.43
E_001082,ACC_Accounts_Receivable,ACC_Cash,1054.34
E_001083,ACC_Sales_Revenue,ACC_Accounts_Receivable,1424.02
E_001084,ACC_Inventory,ACC_COGS,607.26
E_001085,ACC_Sales_Revenue,ACC_Accounts_Receivable,297.66
E_001086,ACC_Inventory,ACC_COGS,157.97
E_001087,ACC_Cash,ACC_Travel_Exp,393.02
E_001088,ACC_Accounts_Receivable,ACC_Cash,496.75
E_001089,ACC_Cash,ACC_Accounts_Payable,9199.1
E_001090,ACC_Accounts_Receivable,ACC_Cash,1012.26
E_001091,ACC_Accounts_Receivable,ACC_Cash,759.42
E_001092,ACC_Accounts_Receivable,ACC_Cash,635.14
E_001093,ACC_Accounts_Receivable,ACC_Cash,663.11
E_001094,ACC_Sales_Revenue,ACC_Accounts_Receivable,1007.71
E_001095,ACC_Inventory,ACC_COGS,505.72
E_001096,ACC_Cash,ACC_Travel_Exp,770.87
E_001097,ACC_Accounts_Receivable,ACC_Cash,487.76
E_001098,ACC_Accounts_Receivable,ACC_Cash,900.91
E_001099,ACC_Accounts_Receivable,ACC_Cash,918.91
E_001100,ACC_Cash,ACC_Accounts_Payable,10714.26
E_001101,ACC_Accounts_Receivable,ACC_Cash,616.02
E_001102,ACC_Accounts_Receivable,ACC_Cash,803.28
E_001103,ACC_Accounts_Receivable,ACC_Cash,1107.67
E_001104,ACC_Accounts_Receivable,ACC_Cash,910.23
E_001105,ACC_Accounts_Receivable,ACC_Cash,824.07
E_001106,ACC_Sales_Revenue,ACC_Accounts_Receivable,928.04
E_001107,ACC_Inventory,ACC_COGS,518.94
E_001108,ACC_Sales_Revenue,ACC_Accounts_Receivable,628.3
E_001109,ACC_Inventory,ACC_COGS,317.17
E_001110,ACC_Cash,ACC_Payroll_Exp,8086.59
E_001111,ACC_Cash,ACC_Payroll_Exp,5813.19
E_001112,ACC_Cash,ACC_Payroll_Exp,4934.23
E_001113,ACC_Cash,ACC_Rent_Exp,5305.31
E_001114,ACC_Accounts_Receivable,ACC_Cash,1687.36
E_001115,ACC_Accounts_Receivable,ACC_Cash,570.15
E_001116,ACC_Accounts_Receivable,ACC_Cash,1885.95
E_001117,ACC_Accounts_Receivable,ACC_Cash,602.77
E_001118,ACC_Accounts_Receivable,ACC_Cash,629.25
E_001119,ACC_Accounts_Receivable,ACC_Cash,342.08
E_001120,ACC_Accounts_Receivable,ACC_Cash,1383.07
E_001121,ACC_Sales_Revenue,ACC_Accounts_Receivable,678.48
E_001122,ACC_Inventory,ACC_COGS,301.45
E_001123,ACC_Sales_Revenue,ACC_Accounts_Receivable,658.24
E_001124,ACC_Inventory,ACC_COGS,302.25
E_001125,ACC_Accounts_Receivable,ACC_Cash,1487.1
E_001126,ACC_Accounts_Receivable,ACC_Cash,560.49
E_001127,ACC_Accounts_Receivable,ACC_Cash,540.24
E_001128,ACC_Accounts_Receivable,ACC_Cash,1614.45
E_001129,ACC_Sales_Revenue,ACC_Accounts_Receivable,936.73
E_001130,ACC_Inventory,ACC_COGS,395.87
E_001131,ACC_Sales_Revenue,ACC_Accounts_Receivable,676.02
E_001132,ACC_Inventory,ACC_COGS,370.62
E_001133,ACC_Accounts_Receivable,ACC_Cash,471.74
E_001134,ACC_Accounts_Receivable,ACC_Cash,816.25
E_001135,ACC_Accounts_Receivable,ACC_Cash,731.59
E_001136,ACC_Accounts_Receivable,ACC_Cash,610.18
E_001137,ACC_Accounts_Receivable,ACC_Cash,939.45
E_001138,ACC_Accounts_Receivable,ACC_Cash,471.78
E_001139,ACC_Sales_Revenue,ACC_Accounts_Receivable,1834.95
E_001140,ACC_Inventory,ACC_COGS,1108.93
E_001141,ACC_Sales_Revenue,ACC_Accounts_Receivable,1133.5
E_001142,ACC_Inventory,ACC_COGS,669.43
E_001143,ACC_Accounts_Receivable,ACC_Cash,1176.1
E_001144,ACC_Accounts_Receivable,ACC_Cash,549.76
E_001145,ACC_Accounts_Receivable,ACC_Cash,638.5
E_001146,ACC_Accounts_Receivable,ACC_Cash,1534.65
E_001147,ACC_Sales_Revenue,ACC_Accounts_Receivable,1293.49
E_001148,ACC_Inventory,ACC_COGS,640.07
E_001149,ACC_Sales_Revenue,ACC_Accounts_Receivable,679.52
E_001150,ACC_Inventory,ACC_COGS,361.95
E_001151,ACC_Accounts_Payable,ACC_Inventory,8942.81
E_001152,ACC_Accounts_Receivable,ACC_Cash,750.42
E_001153,ACC_Accounts_Receivable,ACC_Cash,1664.36
E_001154,ACC_Sales_Revenue,ACC_Accounts_Receivable,378.53
E_001155,ACC_Inventory,ACC_COGS,186.66
E_001156,ACC_Cash,ACC_Travel_Exp,365.88
E_001157,ACC_Accounts_Receivable,ACC_Cash,591.77
E_001158,ACC_Accounts_Receivable,ACC_Cash,1113.75
E_001159,ACC_Accounts_Receivable,ACC_Cash,923.09
E_001160,ACC_Accounts_Receivable,ACC_Cash,582.66
E_001161,ACC_Accounts_Receivable,ACC_Cash,699.81
E_001162,ACC_Accounts_Receivable,ACC_Cash,661.58
E_001163,ACC_Accounts_Receivable,ACC_Cash,631.99
E_001164,ACC_Accounts_Receivable,ACC_Cash,764.17
E_001165,ACC_Accounts_Receivable,ACC_Cash,755.71
E_001166,ACC_Sales_Revenue,ACC_Accounts_Receivable,805.92
E_001167,ACC_Inventory,ACC_COGS,478.23
E_001168,ACC_Accounts_Receivable,ACC_Cash,1111.47
E_001169,ACC_Accounts_Receivable,ACC_Cash,561.76
E_001170,ACC_Accounts_Receivable,ACC_Cash,1001.17
E_001171,ACC_Accounts_Receivable,ACC_Cash,1078.72
E_001172,ACC_Accounts_Receivable,ACC_Cash,558.75
E_001173,ACC_Accounts_Receivable,ACC_Cash,1382.1
E_001174,ACC_Sales_Revenue,ACC_Accounts_Receivable,911.77
E_001175,ACC_Inventory,ACC_COGS,469.88
E_001176,ACC_Sales_Revenue,ACC_Accounts_Receivable,732.87
E_001177,ACC_Inventory,ACC_COGS,467.24
E_001178,ACC_Accounts_Receivable,ACC_Cash,1708.43
E_001179,ACC_Accounts_Receivable,ACC_Cash,1209.06
E_001180,ACC_Accounts_Receivable,ACC_Cash,804.04
E_001181,ACC_Accounts_Receivable,ACC_Cash,318.57
E_001182,ACC_Sales_Revenue,ACC_Accounts_Receivable,330.35
E_001183,ACC_Inventory,ACC_COGS,188.79
E_001184,ACC_Sales_Revenue,ACC_Accounts_Receivable,879.06
E_001185,ACC_Inventory,ACC_COGS,477.06
E_001186,ACC_Accounts_Receivable,ACC_Cash,486.05
E_001187,ACC_Accounts_Receivable,ACC_Cash,1171.7
E_001188,ACC_Accounts_Receivable,ACC_Cash,1374.93
E_001189,ACC_Accounts_Receivable,ACC_Cash,629.46
E_001190,ACC_Sales_Revenue,ACC_Accounts_Receivable,442.83
E_001191,ACC_Inventory,ACC_COGS,284.87
E_001192,ACC_Sales_Revenue,ACC_Accounts_Receivable,1264.1
E_001193,ACC_Inventory,ACC_COGS,776.53
E_001194,ACC_Cash,ACC_Travel_Exp,857.92
E_001195,ACC_Accounts_Receivable,ACC_Cash,727.7
E_001196,ACC_Accounts_Receivable,ACC_Cash,1112.96
E_001197,ACC_Accounts_Receivable,ACC_Cash,1282.2
E_001198,ACC_Sales_Revenue,ACC_Accounts_Receivable,677.56
E_001199,ACC_Inventory,ACC_COGS,472.46
E_001200,ACC_Sales_Revenue,ACC_Accounts_Receivable,1030.42
E_001201,ACC_Inventory,ACC_COGS,461.24
E_001202,ACC_Cash,ACC_Travel_Exp,936.12
E_001203,ACC_Accounts_Receivable,ACC_Cash,842.95
E_001204,ACC_Cash,ACC_Accounts_Payable,10766.67
E_001205,ACC_Accounts_Receivable,ACC_Cash,1127.41
E_001206,ACC_Sales_Revenue,ACC_Accounts_Receivable,860.37
E_001207,ACC_Inventory,ACC_COGS,519.38
E_001208,ACC_Sales_Revenue,ACC_Accounts_Receivable,883.51
E_001209,ACC_Inventory,ACC_COGS,524.97
E_001210,ACC_Sales_Revenue,ACC_Accounts_Receivable,665.72
E_001211,ACC_Inventory,ACC_COGS,377.72
E_001212,ACC_Accounts_Payable,ACC_Inventory,10725.23
E_001213,ACC_Accounts_Receivable,ACC_Cash,705.22
E_001214,ACC_Accounts_Receivable,ACC_Cash,597.33
E_001215,ACC_Accounts_Receivable,ACC_Cash,764.85
E_001216,ACC_Accounts_Receivable,ACC_Cash,906.07
E_001217,ACC_Sales_Revenue,ACC_Accounts_Receivable,568.03
E_001218,ACC_Inventory,ACC_COGS,329.92
E_001219,ACC_Sales_Revenue,ACC_Accounts_Receivable,823.23
E_001220,ACC_Inventory,ACC_COGS,473.21
E_001221,ACC_Cash,ACC_Travel_Exp,797.58
E_001222,ACC_Accounts_Receivable,ACC_Cash,866.3
E_001223,ACC_Accounts_Receivable,ACC_Cash,656.82
E_001224,ACC_Accounts_Receivable,ACC_Cash,1028.6
E_001225,ACC_Accounts_Receivable,ACC_Cash,1824.23
E_001226,ACC_Accounts_Receivable,ACC_Cash,539.33
E_001227,ACC_Sales_Revenue,ACC_Accounts_Receivable,968.94
E_001228,ACC_Inventory,ACC_COGS,580.05
E_001229,ACC_Accounts_Receivable,ACC_Cash,506.45
E_001230,ACC_Accounts_Receivable,ACC_Cash,670.88
E_001231,ACC_Accounts_Receivable,ACC_Cash,1312.56
E_001232,ACC_Cash,ACC_Accounts_Payable,12180.44
E_001233,ACC_Accounts_Receivable,ACC_Cash,420.75
E_001234,ACC_Accounts_Receivable,ACC_Cash,566.85
E_001235,ACC_Sales_Revenue,ACC_Accounts_Receivable,1211.52
E_001236,ACC_Inventory,ACC_COGS,597.13
E_001237,ACC_Sales_Revenue,ACC_Accounts_Receivable,652.37
E_001238,ACC_Inventory,ACC_COGS,325.23
E_001239,ACC_Accounts_Receivable,ACC_Cash,1049.9
E_001240,ACC_Accounts_Receivable,ACC_Cash,685.73
E_001241,ACC_Accounts_Receivable,ACC_Cash,455.61
E_001242,ACC_Accounts_Receivable,ACC_Cash,1694.39
E_001243,ACC_Accounts_Receivable,ACC_Cash,523.7
E_001244,ACC_Accounts_Receivable,ACC_Cash,871.49
E_001245,ACC_Accounts_Receivable,ACC_Cash,2741.24
E_001246,ACC_Sales_Revenue,ACC_Accounts_Receivable,540.83
E_001247,ACC_Inventory,ACC_COGS,336.2
E_001248,ACC_Cash,ACC_Travel_Exp,814.43
E_001249,ACC_Accounts_Receivable,ACC_Cash,837.16
E_001250,ACC_Accounts_Receivable,ACC_Cash,1446.05
E_001251,ACC_Accounts_Receivable,ACC_Cash,631.22
E_001252,ACC_Sales_Revenue,ACC_Accounts_Receivable,930.32
E_001253,ACC_Inventory,ACC_COGS,514.05
E_001254,ACC_Cash,ACC_Travel_Exp,280.61
E_001255,ACC_Accounts_Receivable,ACC_Cash,955.41
E_001256,ACC_Accounts_Receivable,ACC_Cash,1026.86
E_001257,ACC_Accounts_Receivable,ACC_Cash,1476.91
E_001258,ACC_Sales_Revenue,ACC_Accounts_Receivable,553.21
E_001259,ACC_Inventory,ACC_COGS,378.56
E_001260,ACC_Sales_Revenue,ACC_Accounts_Receivable,1132.81
E_001261,ACC_Inventory,ACC_COGS,792.96
E_001262,ACC_Accounts_Receivable,ACC_Cash,1021.23
E_001263,ACC_Accounts_Receivable,ACC_Cash,1429.48
E_001264,ACC_Accounts_Receivable,ACC_Cash,1282.27
E_001265,ACC_Sales_Revenue,ACC_Accounts_Receivable,943.87
E_001266,ACC_Inventory,ACC_COGS,406.19
E_001267,ACC_Sales_Revenue,ACC_Accounts_Receivable,1694.82
E_001268,ACC_Inventory,ACC_COGS,1053.49
E_001269,ACC_Accounts_Payable,ACC_Inventory,10839.32
E_001270,ACC_Accounts_Receivable,ACC_Cash,814.72
E_001271,ACC_Cash,ACC_Accounts_Payable,11968.65
E_001272,ACC_Accounts_Receivable,ACC_Cash,1271.38
E_001273,ACC_Accounts_Receivable,ACC_Cash,824.63
E_001274,ACC_Accounts_Receivable,ACC_Cash,877.81
E_001275,ACC_Accounts_Receivable,ACC_Cash,574.63
E_001276,ACC_Accounts_Receivable,ACC_Cash,732.32
E_001277,ACC_Accounts_Receivable,ACC_Cash,1138.27
E_001278,ACC_Accounts_Receivable,ACC_Cash,992.45
E_001279,ACC_Sales_Revenue,ACC_Accounts_Receivable,392.73
E_001280,ACC_Inventory,ACC_COGS,227.46
E_001281,ACC_Accounts_Receivable,ACC_Cash,1920.87
E_001282,ACC_Accounts_Receivable,ACC_Cash,571.76
E_001283,ACC_Accounts_Receivable,ACC_Cash,593.01
E_001284,ACC_Sales_Revenue,ACC_Accounts_Receivable,1039.36
E_001285,ACC_Inventory,ACC_COGS,656.18
E_001286,ACC_Sales_Revenue,ACC_Accounts_Receivable,782.41
E_001287,ACC_Inventory,ACC_COGS,482.24
E_001288,ACC_Accounts_Receivable,ACC_Cash,1029.12
E_001289,ACC_Sales_Revenue,ACC_Accounts_Receivable,510.0
E_001290,ACC_Inventory,ACC_COGS,240.34
E_001291,ACC_Sales_Revenue,ACC_Accounts_Receivable,2127.95
E_001292,ACC_Inventory,ACC_COGS,1331.5
E_001293,ACC_Accounts_Receivable,ACC_Cash,494.97
E_001294,ACC_Accounts_Receivable,ACC_Cash,576.7
E_001295,ACC_Accounts_Receivable,ACC_Cash,460.62
E_001296,ACC_Sales_Revenue,ACC_Accounts_Receivable,835.78
E_001297,ACC_Inventory,ACC_COGS,411.91
E_001298,ACC_Sales_Revenue,ACC_Accounts_Receivable,1069.47
E_001299,ACC_Inventory,ACC_COGS,717.82
E_001300,ACC_Accounts_Receivable,ACC_Cash,662.62
E_001301,ACC_Accounts_Receivable,ACC_Cash,651.36
E_001302,ACC_Accounts_Receivable,ACC_Cash,766.47
E_001303,ACC_Sales_Revenue,ACC_Accounts_Receivable,874.95
E_001304,ACC_Inventory,ACC_COGS,608.38
E_001305,ACC_Sales_Revenue,ACC_Accounts_Receivable,583.14
E_001306,ACC_Inventory,ACC_COGS,369.38
E_001307,ACC_Accounts_Receivable,ACC_Cash,1098.03
E_001308,ACC_Accounts_Receivable,ACC_Cash,1170.03
E_001309,ACC_Accounts_Receivable,ACC_Cash,1459.07
E_001310,ACC_Accounts_Receivable,ACC_Cash,1755.49
E_001311,ACC_Sales_Revenue,ACC_Accounts_Receivable,1698.37
E_001312,ACC_Inventory,ACC_COGS,1095.56
E_001313,ACC_Sales_Revenue,ACC_Accounts_Receivable,1370.29
E_001314,ACC_Inventory,ACC_COGS,907.0
E_001315,ACC_Accounts_Receivable,ACC_Cash,623.61
E_001316,ACC_Cash,ACC_Accounts_Payable,11950.96
E_001317,ACC_Accounts_Receivable,ACC_Cash,891.4
E_001318,ACC_Sales_Revenue,ACC_Accounts_Receivable,652.05
E_001319,ACC_Inventory,ACC_COGS,369.3
E_001320,ACC_Sales_Revenue,ACC_Accounts_Receivable,538.49
E_001321,ACC_Inventory,ACC_COGS,298.74
E_001322,ACC_Accounts_Payable,ACC_Inventory,11811.32
E_001323,ACC_Accounts_Receivable,ACC_Cash,639.41
E_001324,ACC_Accounts_Receivable,ACC_Cash,706.63
E_001325,ACC_Accounts_Receivable,ACC_Cash,1443.4
E_001326,ACC_Accounts_Receivable,ACC_Cash,837.89
E_001327,ACC_Accounts_Receivable,ACC_Cash,545.88
E_001328,ACC_Sales_Revenue,ACC_Accounts_Receivable,1239.28
E_001329,ACC_Inventory,ACC_COGS,686.57
E_001330,ACC_Sales_Revenue,ACC_Accounts_Receivable,406.52
E_001331,ACC_Inventory,ACC_COGS,278.03
E_001332,ACC_Accounts_Receivable,ACC_Cash,703.49
E_001333,ACC_Accounts_Receivable,ACC_Cash,882.36
E_001334,ACC_Accounts_Receivable,ACC_Cash,558.5
E_001335,ACC_Accounts_Receivable,ACC_Cash,815.18
E_001336,ACC_Accounts_Receivable,ACC_Cash,1158.73
E_001337,ACC_Sales_Revenue,ACC_Accounts_Receivable,751.0
E_001338,ACC_Inventory,ACC_COGS,510.04
E_001339,ACC_Sales_Revenue,ACC_Accounts_Receivable,674.42
E_001340,ACC_Inventory,ACC_COGS,371.34
E_001341,ACC_Cash,ACC_Travel_Exp,292.71
E_001342,ACC_Accounts_Receivable,ACC_Cash,793.94
E_001343,ACC_Accounts_Receivable,ACC_Cash,1487.83
E_001344,ACC_Accounts_Receivable,ACC_Cash,760.1
E_001345,ACC_Sales_Revenue,ACC_Accounts_Receivable,412.68
E_001346,ACC_Inventory,ACC_COGS,204.53
E_001347,ACC_Sales_Revenue,ACC_Accounts_Receivable,823.81
E_001348,ACC_Inventory,ACC_COGS,525.11
E_001349,ACC_Sales_Revenue,ACC_Accounts_Receivable,477.53
E_001350,ACC_Inventory,ACC_COGS,322.44
E_001351,ACC_Cash,ACC_Travel_Exp,855.48
E_001352,ACC_Accounts_Receivable,ACC_Cash,534.97
E_001353,ACC_Accounts_Receivable,ACC_Cash,1333.66
E_001354,ACC_Accounts_Receivable,ACC_Cash,543.83
E_001355,ACC_Accounts_Receivable,ACC_Cash,567.05
E_001356,ACC_Sales_Revenue,ACC_Accounts_Receivable,699.45
E_001357,ACC_Inventory,ACC_COGS,373.91
E_001358,ACC_Cash,ACC_Travel_Exp,282.32
E_001359,ACC_Cash,ACC_Payroll_Exp,9669.02
E_001360,ACC_Cash,ACC_Payroll_Exp,5688.49
E_001361,ACC_Cash,ACC_Payroll_Exp,2797.49
E_001362,ACC_Cash,ACC_Rent_Exp,4705.11
E_001363,ACC_Accounts_Receivable,ACC_Cash,765.94
E_001364,ACC_Accounts_Receivable,ACC_Cash,875.02
E_001365,ACC_Accounts_Receivable,ACC_Cash,578.99
E_001366,ACC_Accounts_Receivable,ACC_Cash,1083.13
E_001367,ACC_Sales_Revenue,ACC_Accounts_Receivable,272.01
E_001368,ACC_Inventory,ACC_COGS,121.01
E_001369,ACC_Accounts_Receivable,ACC_Cash,1241.56
E_001370,ACC_Accounts_Receivable,ACC_Cash,794.1
E_001371,ACC_Accounts_Receivable,ACC_Cash,712.76
E_001372,ACC_Sales_Revenue,ACC_Accounts_Receivable,729.41
E_001373,ACC_Inventory,ACC_COGS,316.09
E_001374,ACC_Sales_Revenue,ACC_Accounts_Receivable,1056.9
E_001375,ACC_Inventory,ACC_COGS,461.39
E_001376,ACC_Accounts_Payable,ACC_Inventory,14773.43
E_001377,ACC_Cash,ACC_Travel_Exp,1008.92
E_001378,ACC_Accounts_Receivable,ACC_Cash,600.18
E_001379,ACC_Accounts_Receivable,ACC_Cash,510.18
E_001380,ACC_Sales_Revenue,ACC_Accounts_Receivable,718.42
E_001381,ACC_Inventory,ACC_COGS,395.09
E_001382,ACC_Sales_Revenue,ACC_Accounts_Receivable,513.89
E_001383,ACC_Inventory,ACC_COGS,285.01
E_001384,ACC_Cash,ACC_Travel_Exp,31.83
E_001385,ACC_Sales_Revenue,ACC_Accounts_Receivable,819.18
E_001386,ACC_Inventory,ACC_COGS,414.38
E_001387,ACC_Sales_Revenue,ACC_Accounts_Receivable,804.47
E_001388,ACC_Inventory,ACC_COGS,482.13
E_001389,ACC_Sales_Revenue,ACC_Accounts_Receivable,792.32
E_001390,ACC_Inventory,ACC_COGS,402.64
E_001391,ACC_Cash,ACC_Accounts_Payable,10848.98
E_001392,ACC_Accounts_Receivable,ACC_Cash,647.04
E_001393,ACC_Cash,ACC_Accounts_Payable,14864.12
E_001394,ACC_Sales_Revenue,ACC_Accounts_Receivable,755.11
E_001395,ACC_Inventory,ACC_COGS,417.04
E_001396,ACC_Sales_Revenue,ACC_Accounts_Receivable,635.97
E_001397,ACC_Inventory,ACC_COGS,344.09
E_001398,ACC_Cash,ACC_Travel_Exp,904.36
E_001399,ACC_Accounts_Receivable,ACC_Cash,831.87
E_001400,ACC_Accounts_Receivable,ACC_Cash,498.35
E_001401,ACC_Cash,ACC_Accounts_Payable,14467.45
E_001402,ACC_Sales_Revenue,ACC_Accounts_Receivable,789.59
E_001403,ACC_Inventory,ACC_COGS,400.42
E_001404,ACC_Accounts_Receivable,ACC_Cash,1181.64
E_001405,ACC_Accounts_Receivable,ACC_Cash,718.27
E_001406,ACC_Accounts_Receivable,ACC_Cash,452.92
E_001407,ACC_Accounts_Receivable,ACC_Cash,1571.0
E_001408,ACC_Accounts_Receivable,ACC_Cash,573.77
E_001409,ACC_Accounts_Receivable,ACC_Cash,994.22
E_001410,ACC_Accounts_Receivable,ACC_Cash,678.48
E_001411,ACC_Sales_Revenue,ACC_Accounts_Receivable,601.53
E_001412,ACC_Inventory,ACC_COGS,353.99
E_001413,ACC_Accounts_Receivable,ACC_Cash,528.75
E_001414,ACC_Sales_Revenue,ACC_Accounts_Receivable,722.43
E_001415,ACC_Inventory,ACC_COGS,317.89
E_001416,ACC_Sales_Revenue,ACC_Accounts_Receivable,1460.03
E_001417,ACC_Inventory,ACC_COGS,940.34
E_001418,ACC_Sales_Revenue,ACC_Accounts_Receivable,1237.95
E_001419,ACC_Inventory,ACC_COGS,859.44
E_001420,ACC_Accounts_Payable,ACC_Inventory,13869.13
E_001421,ACC_Accounts_Receivable,ACC_Cash,860.87
E_001422,ACC_Accounts_Receivable,ACC_Cash,582.58
E_001423,ACC_Accounts_Receivable,ACC_Cash,495.45
E_001424,ACC_Accounts_Receivable,ACC_Cash,388.64
E_001425,ACC_Sales_Revenue,ACC_Accounts_Receivable,697.52
E_001426,ACC_Inventory,ACC_COGS,476.46
E_001427,ACC_Cash,ACC_Travel_Exp,263.38
E_001428,ACC_Accounts_Receivable,ACC_Cash,1179.97
E_001429,ACC_Accounts_Receivable,ACC_Cash,91.91
E_001430,ACC_Accounts_Receivable,ACC_Cash,1082.22
E_001431,ACC_Accounts_Receivable,ACC_Cash,815.54
E_001432,ACC_Accounts_Receivable,ACC_Cash,557.18
E_001433,ACC_Sales_Revenue,ACC_Accounts_Receivable,455.6
E_001434,ACC_Inventory,ACC_COGS,187.97
E_001435,ACC_Sales_Revenue,ACC_Accounts_Receivable,586.1
E_001436,ACC_Inventory,ACC_COGS,304.46
E_001437,ACC_Cash,ACC_Travel_Exp,911.35
E_001438,ACC_Accounts_Receivable,ACC_Cash,1063.43
E_001439,ACC_Accounts_Receivable,ACC_Cash,1172.24
E_001440,ACC_Accounts_Receivable,ACC_Cash,635.42
E_001441,ACC_Accounts_Receivable,ACC_Cash,928.04
E_001442,ACC_Sales_Revenue,ACC_Accounts_Receivable,1612.47
E_001443,ACC_Inventory,ACC_COGS,737.43
E_001444,ACC_Cash,ACC_Travel_Exp,797.21
E_001445,ACC_Accounts_Receivable,ACC_Cash,724.17
E_001446,ACC_Accounts_Receivable,ACC_Cash,1052.61
E_001447,ACC_Sales_Revenue,ACC_Accounts_Receivable,1330.4
E_001448,ACC_Inventory,ACC_COGS,641.21
E_001449,ACC_Sales_Revenue,ACC_Accounts_Receivable,1067.72
E_001450,ACC_Inventory,ACC_COGS,712.0
E_001451,ACC_Accounts_Receivable,ACC_Cash,849.6
E_001452,ACC_Accounts_Receivable,ACC_Cash,801.68
E_001453,ACC_Accounts_Receivable,ACC_Cash,591.15
E_001454,ACC_Accounts_Receivable,ACC_Cash,860.37
E_001455,ACC_Sales_Revenue,ACC_Accounts_Receivable,648.59
E_001456,ACC_Inventory,ACC_COGS,325.4
E_001457,ACC_Accounts_Receivable,ACC_Cash,932.84
E_001458,ACC_Accounts_Receivable,ACC_Cash,460.12
E_001459,ACC_Accounts_Receivable,ACC_Cash,883.51
E_001460,ACC_Sales_Revenue,ACC_Accounts_Receivable,490.66
E_001461,ACC_Inventory,ACC_COGS,332.32
E_001462,ACC_Sales_Revenue,ACC_Accounts_Receivable,1064.02
E_001463,ACC_Inventory,ACC_COGS,451.98
E_001464,ACC_Sales_Revenue,ACC_Accounts_Receivable,688.62
E_001465,ACC_Inventory,ACC_COGS,445.33
E_001466,ACC_Sales_Revenue,ACC_Accounts_Receivable,1063.15
E_001467,ACC_Inventory,ACC_COGS,457.98
E_001468,ACC_Accounts_Payable,ACC_Inventory,12666.39
E_001469,ACC_Accounts_Receivable,ACC_Cash,1080.49
E_001470,ACC_Accounts_Receivable,ACC_Cash,879.06
E_001471,ACC_Accounts_Receivable,ACC_Cash,930.32
E_001472,ACC_Sales_Revenue,ACC_Accounts_Receivable,1272.0
E_001473,ACC_Inventory,ACC_COGS,572.39
E_001474,ACC_Sales_Revenue,ACC_Accounts_Receivable,519.15
E_001475,ACC_Inventory,ACC_COGS,214.26
E_001476,ACC_Accounts_Receivable,ACC_Cash,1221.68
E_001477,ACC_Accounts_Receivable,ACC_Cash,436.39
E_001478,ACC_Sales_Revenue,ACC_Accounts_Receivable,1014.2
E_001479,ACC_Inventory,ACC_COGS,538.01
E_001480,ACC_Sales_Revenue,ACC_Accounts_Receivable,706.83
E_001481,ACC_Inventory,ACC_COGS,483.73
E_001482,ACC_Accounts_Receivable,ACC_Cash,521.95
E_001483,ACC_Sales_Revenue,ACC_Accounts_Receivable,485.01
E_001484,ACC_Inventory,ACC_COGS,268.66
E_001485,ACC_Sales_Revenue,ACC_Accounts_Receivable,1157.74
E_001486,ACC_Inventory,ACC_COGS,794.02
E_001487,ACC_Accounts_Receivable,ACC_Cash,1026.34
E_001488,ACC_Accounts_Receivable,ACC_Cash,556.45
E_001489,ACC_Accounts_Receivable,ACC_Cash,1007.71
E_001490,ACC_Accounts_Receivable,ACC_Cash,330.35
E_001491,ACC_Sales_Revenue,ACC_Accounts_Receivable,649.06
E_001492,ACC_Inventory,ACC_COGS,344.94
E_001493,ACC_Sales_Revenue,ACC_Accounts_Receivable,1217.09
E_001494,ACC_Inventory,ACC_COGS,771.09
E_001495,ACC_Accounts_Receivable,ACC_Cash,568.03
E_001496,ACC_Accounts_Receivable,ACC_Cash,823.23
E_001497,ACC_Accounts_Receivable,ACC_Cash,968.94
E_001498,ACC_Sales_Revenue,ACC_Accounts_Receivable,455.42
E_001499,ACC_Inventory,ACC_COGS,186.59
E_001500,ACC_Sales_Revenue,ACC_Accounts_Receivable,429.22
E_001501,ACC_Inventory,ACC_COGS,293.86
E_001502,ACC_Cash,ACC_Travel_Exp,191.1
E_001503,ACC_Accounts_Receivable,ACC_Cash,1007.51
E_001504,ACC_Cash,ACC_Accounts_Payable,11006.06
E_001505,ACC_Accounts_Receivable,ACC_Cash,635.15
E_001506,ACC_Accounts_Receivable,ACC_Cash,652.37
E_001507,ACC_Accounts_Receivable,ACC_Cash,782.41
E_001508,ACC_Sales_Revenue,ACC_Accounts_Receivable,479.35
E_001509,ACC_Inventory,ACC_COGS,244.51
E_001510,ACC_Sales_Revenue,ACC_Accounts_Receivable,1614.09
E_001511,ACC_Inventory,ACC_COGS,766.5
E_001512,ACC_Sales_Revenue,ACC_Accounts_Receivable,347.87
E_001513,ACC_Inventory,ACC_COGS,158.56
E_001514,ACC_Accounts_Receivable,ACC_Cash,978.71
E_001515,ACC_Accounts_Receivable,ACC_Cash,297.66
E_001516,ACC_Accounts_Receivable,ACC_Cash,679.52
E_001517,ACC_Sales_Revenue,ACC_Accounts_Receivable,870.46
E_001518,ACC_Inventory,ACC_COGS,416.54
E_001519,ACC_Sales_Revenue,ACC_Accounts_Receivable,769.64
E_001520,ACC_Inventory,ACC_COGS,357.4
E_001521,ACC_Sales_Revenue,ACC_Accounts_Receivable,643.32
E_001522,ACC_Inventory,ACC_COGS,434.2
E_001523,ACC_Accounts_Payable,ACC_Inventory,12598.7
E_001524,ACC_Sales_Revenue,ACC_Accounts_Receivable,1243.81
E_001525,ACC_Inventory,ACC_COGS,832.86
E_001526,ACC_Sales_Revenue,ACC_Accounts_Receivable,837.4
E_001527,ACC_Inventory,ACC_COGS,538.58
E_001528,ACC_Accounts_Receivable,ACC_Cash,353.87
E_001529,ACC_Sales_Revenue,ACC_Accounts_Receivable,691.71
E_001530,ACC_Inventory,ACC_COGS,423.92
E_001531,ACC_Sales_Revenue,ACC_Accounts_Receivable,781.98
E_001532,ACC_Inventory,ACC_COGS,521.89
E_001533,ACC_Sales_Revenue,ACC_Accounts_Receivable,904.82
E_001534,ACC_Inventory,ACC_COGS,554.54
E_001535,ACC_Cash,ACC_Accounts_Payable,10305.44
E_001536,ACC_Accounts_Receivable,ACC_Cash,1132.81
E_001537,ACC_Sales_Revenue,ACC_Accounts_Receivable,466.54
E_001538,ACC_Inventory,ACC_COGS,257.82
E_001539,ACC_Sales_Revenue,ACC_Accounts_Receivable,1076.98
E_001540,ACC_Inventory,ACC_COGS,686.7
E_001541,ACC_Cash,ACC_Travel_Exp,678.21
E_001542,ACC_Accounts_Receivable,ACC_Cash,727.08
E_001543,ACC_Accounts_Receivable,ACC_Cash,1370.29
E_001544,ACC_Sales_Revenue,ACC_Accounts_Receivable,743.24
E_001545,ACC_Inventory,ACC_COGS,379.55
E_001546,ACC_Sales_Revenue,ACC_Accounts_Receivable,805.92
E_001547,ACC_Inventory,ACC_COGS,353.74
E_001548,ACC_Sales_Revenue,ACC_Accounts_Receivable,919.33
E_001549,ACC_Inventory,ACC_COGS,453.03
E_001550,ACC_Accounts_Receivable,ACC_Cash,825.14
E_001551,ACC_Accounts_Receivable,ACC_Cash,741.35
E_001552,ACC_Accounts_Receivable,ACC_Cash,832.43
E_001553,ACC_Accounts_Receivable,ACC_Cash,392.73
E_001554,ACC_Sales_Revenue,ACC_Accounts_Receivable,585.98
E_001555,ACC_Inventory,ACC_COGS,369.61
E_001556,ACC_Sales_Revenue,ACC_Accounts_Receivable,865.19
E_001557,ACC_Inventory,ACC_COGS,378.61
E_001558,ACC_Accounts_Receivable,ACC_Cash,782.42
E_001559,ACC_Accounts_Receivable,ACC_Cash,566.24
E_001560,ACC_Accounts_Receivable,ACC_Cash,779.13
E_001561,ACC_Sales_Revenue,ACC_Accounts_Receivable,941.91
E_001562,ACC_Inventory,ACC_COGS,568.94
E_001563,ACC_Sales_Revenue,ACC_Accounts_Receivable,404.87
E_001564,ACC_Inventory,ACC_COGS,262.65
E_001565,ACC_Cash,ACC_Travel_Exp,1160.53
E_001566,ACC_Accounts_Receivable,ACC_Cash,549.31
E_001567,ACC_Accounts_Receivable,ACC_Cash,699.45
E_001568,ACC_Sales_Revenue,ACC_Accounts_Receivable,966.47
E_001569,ACC_Inventory,ACC_COGS,512.02
E_001570,ACC_Sales_Revenue,ACC_Accounts_Receivable,886.27
E_001571,ACC_Inventory,ACC_COGS,575.56
E_001572,ACC_Sales_Revenue,ACC_Accounts_Receivable,1185.23
E_001573,ACC_Inventory,ACC_COGS,532.64
E_001574,ACC_Accounts_Payable,ACC_Inventory,14498.21
E_001575,ACC_Accounts_Receivable,ACC_Cash,617.69
E_001576,ACC_Accounts_Receivable,ACC_Cash,652.05
E_001577,ACC_Sales_Revenue,ACC_Accounts_Receivable,383.09
E_001578,ACC_Inventory,ACC_COGS,256.09
E_001579,ACC_Sales_Revenue,ACC_Accounts_Receivable,479.52
E_001580,ACC_Inventory,ACC_COGS,220.05
E_001581,ACC_Sales_Revenue,ACC_Accounts_Receivable,623.09
E_001582,ACC_Inventory,ACC_COGS,366.07
E_001583,ACC_Cash,ACC_Payroll_Exp,8026.09
E_001584,ACC_Cash,ACC_Payroll_Exp,6621.19
E_001585,ACC_Cash,ACC_Payroll_Exp,3419.4
E_001586,ACC_Cash,ACC_Rent_Exp,5224.12
E_001587,ACC_Accounts_Receivable,ACC_Cash,685.94
E_001588,ACC_Accounts_Receivable,ACC_Cash,1293.49
E_001589,ACC_Accounts_Receivable,ACC_Cash,538.49
E_001590,ACC_Sales_Revenue,ACC_Accounts_Receivable,626.41
E_001591,ACC_Inventory,ACC_COGS,282.25
E_001592,ACC_Sales_Revenue,ACC_Accounts_Receivable,455.75
E_001593,ACC_Inventory,ACC_COGS,205.71
E_001594,ACC_Accounts_Receivable,ACC_Cash,616.68
E_001595,ACC_Accounts_Receivable,ACC_Cash,378.53
E_001596,ACC_Accounts_Receivable,ACC_Cash,1030.42
E_001597,ACC_Sales_Revenue,ACC_Accounts_Receivable,465.88
E_001598,ACC_Inventory,ACC_COGS,304.11
E_001599,ACC_Sales_Revenue,ACC_Accounts_Receivable,541.46
E_001600,ACC_Inventory,ACC_COGS,356.89
E_001601,ACC_Accounts_Receivable,ACC_Cash,589.52
E_001602,ACC_Accounts_Receivable,ACC_Cash,1069.47
E_001603,ACC_Accounts_Receivable,ACC_Cash,412.68
E_001604,ACC_Sales_Revenue,ACC_Accounts_Receivable,547.22
E_001605,ACC_Inventory,ACC_COGS,313.57
E_001606,ACC_Sales_Revenue,ACC_Accounts_Receivable,2292.88
E_001607,ACC_Inventory,ACC_COGS,1310.7
E_001608,ACC_Sales_Revenue,ACC_Accounts_Receivable,974.51
E_001609,ACC_Inventory,ACC_COGS,535.41
E_001610,ACC_Sales_Revenue,ACC_Accounts_Receivable,861.39
E_001611,ACC_Inventory,ACC_COGS,510.44
E_001612,ACC_Accounts_Receivable,ACC_Cash,1002.05
E_001613,ACC_Accounts_Receivable,ACC_Cash,665.72
E_001614,ACC_Sales_Revenue,ACC_Accounts_Receivable,1058.64
E_001615,ACC_Inventory,ACC_COGS,641.0
E_001616,ACC_Sales_Revenue,ACC_Accounts_Receivable,635.46
E_001617,ACC_Inventory,ACC_COGS,385.46
E_001618,ACC_Sales_Revenue,ACC_Accounts_Receivable,840.01
E_001619,ACC_Inventory,ACC_COGS,458.04
E_001620,ACC_Cash,ACC_Travel_Exp,1037.94
E_001621,ACC_Accounts_Receivable,ACC_Cash,755.11
E_001622,ACC_Sales_Revenue,ACC_Accounts_Receivable,769.84
E_001623,ACC_Inventory,ACC_COGS,381.68
E_001624,ACC_Sales_Revenue,ACC_Accounts_Receivable,1266.89
E_001625,ACC_Inventory,ACC_COGS,658.3
E_001626,ACC_Sales_Revenue,ACC_Accounts_Receivable,603.86
E_001627,ACC_Inventory,ACC_COGS,343.29
E_001628,ACC_Sales_Revenue,ACC_Accounts_Receivable,788.88
E_001629,ACC_Inventory,ACC_COGS,344.55
E_001630,ACC_Cash,ACC_Travel_Exp,369.55
E_001631,ACC_Accounts_Receivable,ACC_Cash,823.81
E_001632,ACC_Sales_Revenue,ACC_Accounts_Receivable,622.55
E_001633,ACC_Inventory,ACC_COGS,320.77
E_001634,ACC_Sales_Revenue,ACC_Accounts_Receivable,1651.75
E_001635,ACC_Inventory,ACC_COGS,1137.73
E_001636,ACC_Sales_Revenue,ACC_Accounts_Receivable,1061.79
E_001637,ACC_Inventory,ACC_COGS,529.02
E_001638,ACC_Sales_Revenue,ACC_Accounts_Receivable,638.82
E_001639,ACC_Inventory,ACC_COGS,291.91
E_001640,ACC_Accounts_Payable,ACC_Inventory,12948.61
E_001641,ACC_Accounts_Receivable,ACC_Cash,1211.52
E_001642,ACC_Sales_Revenue,ACC_Accounts_Receivable,1025.91
E_001643,ACC_Inventory,ACC_COGS,563.44
E_001644,ACC_Sales_Revenue,ACC_Accounts_Receivable,426.89
E_001645,ACC_Inventory,ACC_COGS,235.49
E_001646,ACC_Sales_Revenue,ACC_Accounts_Receivable,598.1
E_001647,ACC_Inventory,ACC_COGS,302.56
E_001648,ACC_Sales_Revenue,ACC_Accounts_Receivable,724.59
E_001649,ACC_Inventory,ACC_COGS,419.72
E_001650,ACC_Accounts_Receivable,ACC_Cash,658.24
E_001651,ACC_Cash,ACC_Accounts_Payable,10839.32
E_001652,ACC_Accounts_Receivable,ACC_Cash,804.47
E_001653,ACC_Sales_Revenue,ACC_Accounts_Receivable,1025.44
E_001654,ACC_Inventory,ACC_COGS,575.28
E_001655,ACC_Sales_Revenue,ACC_Accounts_Receivable,858.93
E_001656,ACC_Inventory,ACC_COGS,378.08
E_001657,ACC_Sales_Revenue,ACC_Accounts_Receivable,468.94
E_001658,ACC_Inventory,ACC_COGS,295.04
E_001659,ACC_Cash,ACC_Travel_Exp,687.33
E_001660,ACC_Accounts_Receivable,ACC_Cash,1032.82
E_001661,ACC_Accounts_Receivable,ACC_Cash,406.52
E_001662,ACC_Accounts_Receivable,ACC_Cash,789.59
E_001663,ACC_Sales_Revenue,ACC_Accounts_Receivable,1021.31
E_001664,ACC_Inventory,ACC_COGS,519.6
E_001665,ACC_Sales_Revenue,ACC_Accounts_Receivable,1000.77
E_001666,ACC_Inventory,ACC_COGS,551.7
E_001667,ACC_Sales_Revenue,ACC_Accounts_Receivable,1232.65
E_001668,ACC_Inventory,ACC_COGS,798.26
E_001669,ACC_Cash,ACC_Travel_Exp,1170.85
E_001670,ACC_Cash,ACC_Accounts_Payable,8942.81
E_001671,ACC_Accounts_Receivable,ACC_Cash,1264.1
E_001672,ACC_Sales_Revenue,ACC_Accounts_Receivable,961.3
E_001673,ACC_Inventory,ACC_COGS,498.12
E_001674,ACC_Sales_Revenue,ACC_Accounts_Receivable,777.86
E_001675,ACC_Inventory,ACC_COGS,441.32
E_001676,ACC_Sales_Revenue,ACC_Accounts_Receivable,411.67
E_001677,ACC_Inventory,ACC_COGS,189.25
E_001678,ACC_Sales_Revenue,ACC_Accounts_Receivable,950.0
E_001679,ACC_Inventory,ACC_COGS,391.47
E_001680,ACC_Cash,ACC_Travel_Exp,584.28
E_001681,ACC_Accounts_Receivable,ACC_Cash,528.33
E_001682,ACC_Accounts_Receivable,ACC_Cash,1133.5
E_001683,ACC_Accounts_Receivable,ACC_Cash,674.42
E_001684,ACC_Accounts_Receivable,ACC_Cash,697.52
E_001685,ACC_Sales_Revenue,ACC_Accounts_Receivable,891.8
E_001686,ACC_Inventory,ACC_COGS,478.98
E_001687,ACC_Sales_Revenue,ACC_Accounts_Receivable,480.06
E_001688,ACC_Inventory,ACC_COGS,212.15
E_001689,ACC_Sales_Revenue,ACC_Accounts_Receivable,519.15
E_001690,ACC_Inventory,ACC_COGS,232.97
E_001691,ACC_Cash,ACC_Travel_Exp,423.56
E_001692,ACC_Accounts_Receivable,ACC_Cash,677.56
E_001693,ACC_Sales_Revenue,ACC_Accounts_Receivable,787.44
E_001694,ACC_Inventory,ACC_COGS,510.64
E_001695,ACC_Sales_Revenue,ACC_Accounts_Receivable,1050.7
E_001696,ACC_Inventory,ACC_COGS,597.72
E_001697,ACC_Sales_Revenue,ACC_Accounts_Receivable,809.11
E_001698,ACC_Inventory,ACC_COGS,413.06
E_001699,ACC_Sales_Revenue,ACC_Accounts_Receivable,809.58
E_001700,ACC_Inventory,ACC_COGS,425.0
E_001701,ACC_Accounts_Receivable,ACC_Cash,911.77
E_001702,ACC_Sales_Revenue,ACC_Accounts_Receivable,650.79
E_001703,ACC_Inventory,ACC_COGS,394.65
E_001704,ACC_Sales_Revenue,ACC_Accounts_Receivable,831.36
E_001705,ACC_Inventory,ACC_COGS,398.77
E_001706,ACC_Sales_Revenue,ACC_Accounts_Receivable,664.94
E_001707,ACC_Inventory,ACC_COGS,420.81
E_001708,ACC_Sales_Revenue,ACC_Accounts_Receivable,672.37
E_001709,ACC_Inventory,ACC_COGS,279.31
E_001710,ACC_Accounts_Payable,ACC_Inventory,11536.24
E_001711,ACC_Sales_Revenue,ACC_Accounts_Receivable,660.58
E_001712,ACC_Inventory,ACC_COGS,339.58
E_001713,ACC_Sales_Revenue,ACC_Accounts_Receivable,1322.02
E_001714,ACC_Inventory,ACC_COGS,541.33
E_001715,ACC_Sales_Revenue,ACC_Accounts_Receivable,559.35
E_001716,ACC_Inventory,ACC_COGS,255.75
E_001717,ACC_Sales_Revenue,ACC_Accounts_Receivable,742.38
E_001718,ACC_Inventory,ACC_COGS,330.68
E_001719,ACC_Accounts_Receivable,ACC_Cash,628.3
E_001720,ACC_Sales_Revenue,ACC_Accounts_Receivable,1427.1
E_001721,ACC_Inventory,ACC_COGS,832.63
E_001722,ACC_Sales_Revenue,ACC_Accounts_Receivable,865.44
E_001723,ACC_Inventory,ACC_COGS,537.22
E_001724,ACC_Sales_Revenue,ACC_Accounts_Receivable,1208.76
E_001725,ACC_Inventory,ACC_COGS,671.59
E_001726,ACC_Accounts_Receivable,ACC_Cash,1056.9
E_001727,ACC_Sales_Revenue,ACC_Accounts_Receivable,890.19
E_001728,ACC_Inventory,ACC_COGS,496.41
E_001729,ACC_Sales_Revenue,ACC_Accounts_Receivable,1141.92
E_001730,ACC_Inventory,ACC_COGS,614.24
E_001731,ACC_Sales_Revenue,ACC_Accounts_Receivable,826.77
E_001732,ACC_Inventory,ACC_COGS,418.58
E_001733,ACC_Accounts_Receivable,ACC_Cash,977.48
E_001734,ACC_Accounts_Receivable,ACC_Cash,1117.54
E_001735,ACC_Accounts_Receivable,ACC_Cash,553.21
E_001736,ACC_Accounts_Receivable,ACC_Cash,513.89
E_001737,ACC_Sales_Revenue,ACC_Accounts_Receivable,650.47
E_001738,ACC_Inventory,ACC_COGS,417.01
E_001739,ACC_Sales_Revenue,ACC_Accounts_Receivable,1405.78
E_001740,ACC_Inventory,ACC_COGS,643.4
E_001741,ACC_Sales_Revenue,ACC_Accounts_Receivable,2006.55
E_001742,ACC_Inventory,ACC_COGS,982.31
E_001743,ACC_Sales_Revenue,ACC_Accounts_Receivable,691.92
E_001744,ACC_Inventory,ACC_COGS,338.55
E_001745,ACC_Accounts_Receivable,ACC_Cash,510.0
E_001746,ACC_Accounts_Receivable,ACC_Cash,1460.03
E_001747,ACC_Sales_Revenue,ACC_Accounts_Receivable,1430.77
E_001748,ACC_Inventory,ACC_COGS,782.2
E_001749,ACC_Sales_Revenue,ACC_Accounts_Receivable,1504.84
E_001750,ACC_Inventory,ACC_COGS,1023.46
E_001751,ACC_Sales_Revenue,ACC_Accounts_Receivable,649.02
E_001752,ACC_Inventory,ACC_COGS,315.64
E_001753,ACC_Sales_Revenue,ACC_Accounts_Receivable,676.23
E_001754,ACC_Inventory,ACC_COGS,347.52
E_001755,ACC_Accounts_Receivable,ACC_Cash,616.39
E_001756,ACC_Accounts_Receivable,ACC_Cash,676.02
E_001757,ACC_Accounts_Receivable,ACC_Cash,729.41
E_001758,ACC_Sales_Revenue,ACC_Accounts_Receivable,467.23
E_001759,ACC_Inventory,ACC_COGS,299.67
E_001760,ACC_Sales_Revenue,ACC_Accounts_Receivable,553.99
E_001761,ACC_Inventory,ACC_COGS,380.37
E_001762,ACC_Sales_Revenue,ACC_Accounts_Receivable,535.37
E_001763,ACC_Inventory,ACC_COGS,285.2
E_001764,ACC_Sales_Revenue,ACC_Accounts_Receivable,588.45
E_001765,ACC_Inventory,ACC_COGS,273.16
E_001766,ACC_Accounts_Receivable,ACC_Cash,1694.82
E_001767,ACC_Sales_Revenue,ACC_Accounts_Receivable,878.57
E_001768,ACC_Inventory,ACC_COGS,534.92
E_001769,ACC_Sales_Revenue,ACC_Accounts_Receivable,1487.44
E_001770,ACC_Inventory,ACC_COGS,925.59
E_001771,ACC_Sales_Revenue,ACC_Accounts_Receivable,536.61
E_001772,ACC_Inventory,ACC_COGS,322.48
E_001773,ACC_Sales_Revenue,ACC_Accounts_Receivable,1186.0
E_001774,ACC_Inventory,ACC_COGS,557.24
E_001775,ACC_Accounts_Payable,ACC_Inventory,11679.02
E_001776,ACC_Accounts_Receivable,ACC_Cash,1424.02
E_001777,ACC_Accounts_Receivable,ACC_Cash,874.95
E_001778,ACC_Accounts_Receivable,ACC_Cash,706.83
E_001779,ACC_Sales_Revenue,ACC_Accounts_Receivable,1047.9
E_001780,ACC_Inventory,ACC_COGS,462.38
E_001781,ACC_Sales_Revenue,ACC_Accounts_Receivable,510.57
E_001782,ACC_Inventory,ACC_COGS,228.42
E_001783,ACC_Sales_Revenue,ACC_Accounts_Receivable,932.23
E_001784,ACC_Inventory,ACC_COGS,618.55
E_001785,ACC_Sales_Revenue,ACC_Accounts_Receivable,855.08
E_001786,ACC_Inventory,ACC_COGS,535.94
E_001787,ACC_Accounts_Receivable,ACC_Cash,751.0
E_001788,ACC_Sales_Revenue,ACC_Accounts_Receivable,898.1
E_001789,ACC_Inventory,ACC_COGS,603.87
E_001790,ACC_Sales_Revenue,ACC_Accounts_Receivable,2136.09
E_001791,ACC_Inventory,ACC_COGS,1003.25
E_001792,ACC_Sales_Revenue,ACC_Accounts_Receivable,619.87
E_001793,ACC_Inventory,ACC_COGS,422.13
E_001794,ACC_Sales_Revenue,ACC_Accounts_Receivable,646.91
E_001795,ACC_Inventory,ACC_COGS,339.86
E_001796,ACC_Sales_Revenue,ACC_Accounts_Receivable,640.61
E_001797,ACC_Inventory,ACC_COGS,447.88
E_001798,ACC_Sales_Revenue,ACC_Accounts_Receivable,619.96
E_001799,ACC_Inventory,ACC_COGS,282.64
E_001800,ACC_Sales_Revenue,ACC_Accounts_Receivable,1287.19
E_001801,ACC_Inventory,ACC_COGS,872.47
E_001802,ACC_Sales_Revenue,ACC_Accounts_Receivable,1412.07
E_001803,ACC_Inventory,ACC_COGS,691.23
E_001804,ACC_Accounts_Receivable,ACC_Cash,583.14
E_001805,ACC_Accounts_Receivable,ACC_Cash,648.59
E_001806,ACC_Sales_Revenue,ACC_Accounts_Receivable,573.45
E_001807,ACC_Inventory,ACC_COGS,278.33
E_001808,ACC_Sales_Revenue,ACC_Accounts_Receivable,966.01
E_001809,ACC_Inventory,ACC_COGS,529.54
E_001810,ACC_Sales_Revenue,ACC_Accounts_Receivable,641.44
E_001811,ACC_Inventory,ACC_COGS,353.6
E_001812,ACC_Sales_Revenue,ACC_Accounts_Receivable,1030.48
E_001813,ACC_Inventory,ACC_COGS,447.02
E_001814,ACC_Sales_Revenue,ACC_Accounts_Receivable,436.29
E_001815,ACC_Inventory,ACC_COGS,268.57
E_001816,ACC_Sales_Revenue,ACC_Accounts_Receivable,1485.66
E_001817,ACC_Inventory,ACC_COGS,946.71
E_001818,ACC_Sales_Revenue,ACC_Accounts_Receivable,1640.84
E_001819,ACC_Inventory,ACC_COGS,751.42
E_001820,ACC_Sales_Revenue,ACC_Accounts_Receivable,626.09
E_001821,ACC_Inventory,ACC_COGS,418.92
E_001822,ACC_Cash,ACC_Travel_Exp,498.97
E_001823,ACC_Cash,ACC_Accounts_Payable,10725.23
E_001824,ACC_Sales_Revenue,ACC_Accounts_Receivable,896.91
E_001825,ACC_Inventory,ACC_COGS,384.43
E_001826,ACC_Sales_Revenue,ACC_Accounts_Receivable,914.52
E_001827,ACC_Inventory,ACC_COGS,622.56
E_001828,ACC_Sales_Revenue,ACC_Accounts_Receivable,1041.1
E_001829,ACC_Inventory,ACC_COGS,490.0
E_001830,ACC_Sales_Revenue,ACC_Accounts_Receivable,1787.71
E_001831,ACC_Inventory,ACC_COGS,891.87
E_001832,ACC_Cash,ACC_Travel_Exp,794.81
E_001833,ACC_Accounts_Receivable,ACC_Cash,540.83
E_001834,ACC_Accounts_Receivable,ACC_Cash,1157.74
E_001835,ACC_Accounts_Receivable,ACC_Cash,649.06
E_001836,ACC_Sales_Revenue,ACC_Accounts_Receivable,581.32
E_001837,ACC_Inventory,ACC_COGS,353.34
E_001838,ACC_Sales_Revenue,ACC_Accounts_Receivable,460.76
E_001839,ACC_Inventory,ACC_COGS,248.63
E_001840,ACC_Sales_Revenue,ACC_Accounts_Receivable,597.19
E_001841,ACC_Inventory,ACC_COGS,328.91
E_001842,ACC_Sales_Revenue,ACC_Accounts_Receivable,789.47
E_001843,ACC_Inventory,ACC_COGS,498.12
E_001844,ACC_Accounts_Payable,ACC_Inventory,14691.84
E_001845,ACC_Cash,ACC_Travel_Exp,288.39
E_001846,ACC_Accounts_Receivable,ACC_Cash,1834.95
E_001847,ACC_Accounts_Receivable,ACC_Cash,477.53
E_001848,ACC_Accounts_Receivable,ACC_Cash,1614.09
E_001849,ACC_Sales_Revenue,ACC_Accounts_Receivable,874.92
E_001850,ACC_Inventory,ACC_COGS,601.25
E_001851,ACC_Sales_Revenue,ACC_Accounts_Receivable,794.76
E_001852,ACC_Inventory,ACC_COGS,496.18
E_001853,ACC_Sales_Revenue,ACC_Accounts_Receivable,1286.87
E_001854,ACC_Inventory,ACC_COGS,785.74
E_001855,ACC_Sales_Revenue,ACC_Accounts_Receivable,2198.18
E_001856,ACC_Inventory,ACC_COGS,1233.74
E_001857,ACC_Accounts_Receivable,ACC_Cash,805.92
E_001858,ACC_Accounts_Receivable,ACC_Cash,722.43
E_001859,ACC_Accounts_Receivable,ACC_Cash,455.42
E_001860,ACC_Sales_Revenue,ACC_Accounts_Receivable,657.76
E_001861,ACC_Inventory,ACC_COGS,397.35
E_001862,ACC_Sales_Revenue,ACC_Accounts_Receivable,1214.73
E_001863,ACC_Inventory,ACC_COGS,515.73
E_001864,ACC_Sales_Revenue,ACC_Accounts_Receivable,1050.86
E_001865,ACC_Inventory,ACC_COGS,534.4
E_001866,ACC_Sales_Revenue,ACC_Accounts_Receivable,1674.54
E_001867,ACC_Inventory,ACC_COGS,700.84
E_001868,ACC_Cash,ACC_Travel_Exp,657.89
E_001869,ACC_Cash,ACC_Accounts_Payable,12598.7
E_001870,ACC_Sales_Revenue,ACC_Accounts_Receivable,692.91
E_001871,ACC_Inventory,ACC_COGS,311.37
E_001872,ACC_Sales_Revenue,ACC_Accounts_Receivable,1013.2
E_001873,ACC_Inventory,ACC_COGS,440.61
E_001874,ACC_Sales_Revenue,ACC_Accounts_Receivable,1246.5
E_001875,ACC_Inventory,ACC_COGS,681.4
E_001876,ACC_Sales_Revenue,ACC_Accounts_Receivable,1110.77
E_001877,ACC_Inventory,ACC_COGS,713.79
E_001878,ACC_Cash,ACC_Payroll_Exp,8507.27
E_001879,ACC_Cash,ACC_Payroll_Exp,7280.01
E_001880,ACC_Cash,ACC_Payroll_Exp,4935.44
E_001881,ACC_Cash,ACC_Rent_Exp,6658.59
E_001882,ACC_Accounts_Receivable,ACC_Cash,936.73
E_001883,ACC_Accounts_Receivable,ACC_Cash,442.83
E_001884,ACC_Sales_Revenue,ACC_Accounts_Receivable,748.27
E_001885,ACC_Inventory,ACC_COGS,425.9
E_001886,ACC_Sales_Revenue,ACC_Accounts_Receivable,848.35
E_001887,ACC_Inventory,ACC_COGS,544.7
E_001888,ACC_Sales_Revenue,ACC_Accounts_Receivable,1296.23
E_001889,ACC_Inventory,ACC_COGS,617.44
E_001890,ACC_Sales_Revenue,ACC_Accounts_Receivable,577.0
E_001891,ACC_Inventory,ACC_COGS,330.91
E_001892,ACC_Sales_Revenue,ACC_Accounts_Receivable,927.12
E_001893,ACC_Inventory,ACC_COGS,565.65
E_001894,ACC_Accounts_Receivable,ACC_Cash,466.54
E_001895,ACC_Sales_Revenue,ACC_Accounts_Receivable,809.25
E_001896,ACC_Inventory,ACC_COGS,340.46
E_001897,ACC_Sales_Revenue,ACC_Accounts_Receivable,1334.07
E_001898,ACC_Inventory,ACC_COGS,648.53
E_001899,ACC_Sales_Revenue,ACC_Accounts_Receivable,863.55
E_001900,ACC_Inventory,ACC_COGS,543.82
E_001901,ACC_Sales_Revenue,ACC_Accounts_Receivable,815.0
E_001902,ACC_Inventory,ACC_COGS,428.78
E_001903,ACC_Accounts_Receivable,ACC_Cash,732.87
E_001904,ACC_Accounts_Receivable,ACC_Cash,1612.47
E_001905,ACC_Sales_Revenue,ACC_Accounts_Receivable,1078.27
E_001906,ACC_Inventory,ACC_COGS,724.63
E_001907,ACC_Sales_Revenue,ACC_Accounts_Receivable,1035.67
E_001908,ACC_Inventory,ACC_COGS,713.83
E_001909,ACC_Sales_Revenue,ACC_Accounts_Receivable,1900.58
E_001910,ACC_Inventory,ACC_COGS,1132.86
E_001911,ACC_Sales_Revenue,ACC_Accounts_Receivable,707.33
E_001912,ACC_Inventory,ACC_COGS,493.61
E_001913,ACC_Cash,ACC_Accounts_Payable,12666.39
E_001914,ACC_Sales_Revenue,ACC_Accounts_Receivable,883.92
E_001915,ACC_Inventory,ACC_COGS,412.62
E_001916,ACC_Sales_Revenue,ACC_Accounts_Receivable,1503.56
E_001917,ACC_Inventory,ACC_COGS,1042.79
E_001918,ACC_Sales_Revenue,ACC_Accounts_Receivable,770.08
E_001919,ACC_Inventory,ACC_COGS,433.81
E_001920,ACC_Sales_Revenue,ACC_Accounts_Receivable,894.46
E_001921,ACC_Inventory,ACC_COGS,419.41
E_001922,ACC_Accounts_Payable,ACC_Inventory,12911.84
E_001923,ACC_Accounts_Receivable,ACC_Cash,1063.15
E_001924,ACC_Sales_Revenue,ACC_Accounts_Receivable,669.17
E_001925,ACC_Inventory,ACC_COGS,421.34
E_001926,ACC_Sales_Revenue,ACC_Accounts_Receivable,864.58
E_001927,ACC_Inventory,ACC_COGS,454.57
E_001928,ACC_Sales_Revenue,ACC_Accounts_Receivable,1229.13
E_001929,ACC_Inventory,ACC_COGS,819.48
E_001930,ACC_Sales_Revenue,ACC_Accounts_Receivable,530.6
E_001931,ACC_Inventory,ACC_COGS,228.3
E_001932,ACC_Accounts_Receivable,ACC_Cash,943.87
E_001933,ACC_Accounts_Receivable,ACC_Cash,718.42
E_001934,ACC_Accounts_Receivable,ACC_Cash,792.32
E_001935,ACC_Sales_Revenue,ACC_Accounts_Receivable,604.6
E_001936,ACC_Inventory,ACC_COGS,400.04
E_001937,ACC_Sales_Revenue,ACC_Accounts_Receivable,1290.3
E_001938,ACC_Inventory,ACC_COGS,671.83
E_001939,ACC_Sales_Revenue,ACC_Accounts_Receivable,435.0
E_001940,ACC_Inventory,ACC_COGS,272.45
E_001941,ACC_Sales_Revenue,ACC_Accounts_Receivable,639.73
E_001942,ACC_Inventory,ACC_COGS,352.6
E_001943,ACC_Accounts_Receivable,ACC_Cash,541.46
E_001944,ACC_Sales_Revenue,ACC_Accounts_Receivable,1496.41
E_001945,ACC_Inventory,ACC_COGS,857.19
E_001946,ACC_Sales_Revenue,ACC_Accounts_Receivable,779.23
E_001947,ACC_Inventory,ACC_COGS,468.91
E_001948,ACC_Sales_Revenue,ACC_Accounts_Receivable,640.68
E_001949,ACC_Inventory,ACC_COGS,424.69
E_001950,ACC_Sales_Revenue,ACC_Accounts_Receivable,1697.78
E_001951,ACC_Inventory,ACC_COGS,889.75
E_001952,ACC_Sales_Revenue,ACC_Accounts_Receivable,448.27
E_001953,ACC_Inventory,ACC_COGS,306.87
E_001954,ACC_Cash,ACC_Travel_Exp,824.14
E_001955,ACC_Accounts_Receivable,ACC_Cash,1237.95
E_001956,ACC_Accounts_Receivable,ACC_Cash,870.46
E_001957,ACC_Sales_Revenue,ACC_Accounts_Receivable,953.96
E_001958,ACC_Inventory,ACC_COGS,540.66
E_001959,ACC_Sales_Revenue,ACC_Accounts_Receivable,654.45
E_001960,ACC_Inventory,ACC_COGS,446.65
E_001961,ACC_Sales_Revenue,ACC_Accounts_Receivable,531.72
E_001962,ACC_Inventory,ACC_COGS,296.35
E_001963,ACC_Cash,ACC_Travel_Exp,470.46
E_001964,ACC_Accounts_Receivable,ACC_Cash,819.18
E_001965,ACC_Sales_Revenue,ACC_Accounts_Receivable,881.95
E_001966,ACC_Inventory,ACC_COGS,552.39
E_001967,ACC_Sales_Revenue,ACC_Accounts_Receivable,638.41
E_001968,ACC_Inventory,ACC_COGS,298.52
E_001969,ACC_Sales_Revenue,ACC_Accounts_Receivable,479.38
E_001970,ACC_Inventory,ACC_COGS,307.63
E_001971,ACC_Sales_Revenue,ACC_Accounts_Receivable,1134.1
E_001972,ACC_Inventory,ACC_COGS,594.05
E_001973,ACC_Sales_Revenue,ACC_Accounts_Receivable,1037.63
E_001974,ACC_Inventory,ACC_COGS,456.79
E_001975,ACC_Cash,ACC_Travel_Exp,122.51
E_001976,ACC_Accounts_Receivable,ACC_Cash,1039.36
E_001977,ACC_Accounts_Receivable,ACC_Cash,2127.95
E_001978,ACC_Accounts_Receivable,ACC_Cash,1076.98
E_001979,ACC_Accounts_Receivable,ACC_Cash,598.1
E_001980,ACC_Sales_Revenue,ACC_Accounts_Receivable,1674.49
E_001981,ACC_Inventory,ACC_COGS,895.75
E_001982,ACC_Sales_Revenue,ACC_Accounts_Receivable,521.43
E_001983,ACC_Inventory,ACC_COGS,321.92
E_001984,ACC_Sales_Revenue,ACC_Accounts_Receivable,434.59
E_001985,ACC_Inventory,ACC_COGS,223.01
E_001986,ACC_Sales_Revenue,ACC_Accounts_Receivable,606.59
E_001987,ACC_Inventory,ACC_COGS,401.61
E_001988,ACC_Accounts_Receivable,ACC_Cash,1064.02
E_001989,ACC_Accounts_Receivable,ACC_Cash,479.35
E_001990,ACC_Sales_Revenue,ACC_Accounts_Receivable,881.78
E_001991,ACC_Inventory,ACC_COGS,530.33
E_001992,ACC_Sales_Revenue,ACC_Accounts_Receivable,726.41
E_001993,ACC_Inventory,ACC_COGS,480.04
E_001994,ACC_Sales_Revenue,ACC_Accounts_Receivable,920.98
E_001995,ACC_Inventory,ACC_COGS,619.54
E_001996,ACC_Sales_Revenue,ACC_Accounts_Receivable,484.93
E_001997,ACC_Inventory,ACC_COGS,333.93
E_001998,ACC_Accounts_Payable,ACC_Inventory,14165.65
E_001999,ACC_Cash,ACC_Travel_Exp,737.15
E_002000,ACC_Accounts_Receivable,ACC_Cash,835.78
E_002001,ACC_Cash,ACC_Accounts_Payable,11811.32
E_002002,ACC_Accounts_Receivable,ACC_Cash,1217.09
E_002003,ACC_Accounts_Receivable,ACC_Cash,1025.91
E_002004,ACC_Accounts_Receivable,ACC_Cash,950.0
E_002005,ACC_Sales_Revenue,ACC_Accounts_Receivable,1250.79
E_002006,ACC_Inventory,ACC_COGS,577.06
E_002007,ACC_Sales_Revenue,ACC_Accounts_Receivable,917.55
E_002008,ACC_Inventory,ACC_COGS,455.55
E_002009,ACC_Sales_Revenue,ACC_Accounts_Receivable,960.36
E_002010,ACC_Inventory,ACC_COGS,537.89
E_002011,ACC_Sales_Revenue,ACC_Accounts_Receivable,1004.77
E_002012,ACC_Inventory,ACC_COGS,510.32
E_002013,ACC_Cash,ACC_Travel_Exp,1178.14
E_002014,ACC_Accounts_Receivable,ACC_Cash,429.22
E_002015,ACC_Cash,ACC_Accounts_Payable,14498.21
E_002016,ACC_Sales_Revenue,ACC_Accounts_Receivable,1034.53
E_002017,ACC_Inventory,ACC_COGS,559.52
E_002018,ACC_Sales_Revenue,ACC_Accounts_Receivable,1361.41
E_002019,ACC_Inventory,ACC_COGS,627.53
E_002020,ACC_Sales_Revenue,ACC_Accounts_Receivable,865.42
E_002021,ACC_Inventory,ACC_COGS,492.21
E_002022,ACC_Sales_Revenue,ACC_Accounts_Receivable,1062.32
E_002023,ACC_Inventory,ACC_COGS,430.1
E_002024,ACC_Sales_Revenue,ACC_Accounts_Receivable,771.79
E_002025,ACC_Inventory,ACC_COGS,442.81
E_002026,ACC_Cash,ACC_Travel_Exp,299.12
E_002027,ACC_Accounts_Receivable,ACC_Cash,1698.37
E_002028,ACC_Accounts_Receivable,ACC_Cash,635.97
E_002029,ACC_Accounts_Receivable,ACC_Cash,1272.0
E_002030,ACC_Accounts_Receivable,ACC_Cash,635.46
E_002031,ACC_Accounts_Receivable,ACC_Cash,650.79
E_002032,ACC_Sales_Revenue,ACC_Accounts_Receivable,610.36
E_002033,ACC_Inventory,ACC_COGS,348.48
E_002034,ACC_Sales_Revenue,ACC_Accounts_Receivable,1644.16
E_002035,ACC_Inventory,ACC_COGS,980.55
E_002036,ACC_Sales_Revenue,ACC_Accounts_Receivable,787.25
E_002037,ACC_Inventory,ACC_COGS,495.19
E_002038,ACC_Sales_Revenue,ACC_Accounts_Receivable,451.38
E_002039,ACC_Inventory,ACC_COGS,267.45
E_002040,ACC_Sales_Revenue,ACC_Accounts_Receivable,842.06
E_002041,ACC_Inventory,ACC_COGS,521.94
E_002042,ACC_Sales_Revenue,ACC_Accounts_Receivable,1119.76
E_002043,ACC_Inventory,ACC_COGS,611.94
E_002044,ACC_Sales_Revenue,ACC_Accounts_Receivable,616.19
E_002045,ACC_Inventory,ACC_COGS,429.54
E_002046,ACC_Sales_Revenue,ACC_Accounts_Receivable,669.24
E_002047,ACC_Inventory,ACC_COGS,436.16
E_002048,ACC_Sales_Revenue,ACC_Accounts_Receivable,375.7
E_002049,ACC_Inventory,ACC_COGS,225.59
E_002050,ACC_Accounts_Receivable,UNKNOWN_LEAK,58.23
E_002051,ACC_Accounts_Receivable,ACC_Cash,638.82
E_002052,ACC_Sales_Revenue,ACC_Accounts_Receivable,303.4
E_002053,ACC_Inventory,ACC_COGS,127.55
E_002054,ACC_Accounts_Receivable,UNKNOWN_LEAK,91.72
E_002055,ACC_Sales_Revenue,ACC_Accounts_Receivable,424.56
E_002056,ACC_Inventory,ACC_COGS,217.36
E_002057,ACC_Sales_Revenue,ACC_Accounts_Receivable,1084.4
E_002058,ACC_Inventory,ACC_COGS,737.58
E_002059,ACC_Sales_Revenue,ACC_Accounts_Receivable,1095.46
E_002060,ACC_Inventory,ACC_COGS,598.51
E_002061,ACC_Accounts_Receivable,ACC_Cash,490.66
E_002062,ACC_Accounts_Receivable,ACC_Cash,865.19
E_002063,ACC_Accounts_Receivable,ACC_Cash,840.01
E_002064,ACC_Sales_Revenue,ACC_Accounts_Receivable,543.39
E_002065,ACC_Inventory,ACC_COGS,220.08
E_002066,ACC_Sales_Revenue,ACC_Accounts_Receivable,784.88
E_002067,ACC_Inventory,ACC_COGS,544.11
E_002068,ACC_Sales_Revenue,ACC_Accounts_Receivable,798.85
E_002069,ACC_Inventory,ACC_COGS,486.79
E_002070,ACC_Sales_Revenue,ACC_Accounts_Receivable,503.34
E_002071,ACC_Inventory,ACC_COGS,338.71
E_002072,ACC_Sales_Revenue,ACC_Accounts_Receivable,1459.68
E_002073,ACC_Inventory,ACC_COGS,813.5
E_002074,ACC_Accounts_Receivable,ACC_Cash,1239.28
E_002075,ACC_Accounts_Receivable,ACC_Cash,865.44
E_002076,ACC_Sales_Revenue,ACC_Accounts_Receivable,732.33
E_002077,ACC_Inventory,ACC_COGS,472.03
E_002078,ACC_Sales_Revenue,ACC_Accounts_Receivable,808.65
E_002079,ACC_Inventory,ACC_COGS,342.63
E_002080,ACC_Sales_Revenue,ACC_Accounts_Receivable,869.54
E_002081,ACC_Inventory,ACC_COGS,411.26
E_002082,ACC_Sales_Revenue,ACC_Accounts_Receivable,353.51
E_002083,ACC_Inventory,ACC_COGS,213.95
E_002084,ACC_Sales_Revenue,ACC_Accounts_Receivable,724.69
E_002085,ACC_Inventory,ACC_COGS,505.47
E_002086,ACC_Accounts_Payable,ACC_Inventory,10977.02
E_002087,ACC_Cash,ACC_Travel_Exp,586.93
E_002088,ACC_Accounts_Receivable,ACC_Cash,688.62
E_002089,ACC_Accounts_Receivable,ACC_Cash,1185.23
E_002090,ACC_Sales_Revenue,ACC_Accounts_Receivable,714.92
E_002091,ACC_Inventory,ACC_COGS,422.54
E_002092,ACC_Sales_Revenue,ACC_Accounts_Receivable,1642.03
E_002093,ACC_Inventory,ACC_COGS,903.05
E_002094,ACC_Sales_Revenue,ACC_Accounts_Receivable,1033.75
E_002095,ACC_Inventory,ACC_COGS,516.24
E_002096,ACC_Sales_Revenue,ACC_Accounts_Receivable,636.6
E_002097,ACC_Inventory,ACC_COGS,425.53
E_002098,ACC_Cash,ACC_Travel_Exp,1045.7
E_002099,ACC_Accounts_Receivable,ACC_Cash,941.91
E_002100,ACC_Sales_Revenue,ACC_Accounts_Receivable,1400.18
E_002101,ACC_Inventory,ACC_COGS,932.89
E_002102,ACC_Sales_Revenue,ACC_Accounts_Receivable,1158.02
E_002103,ACC_Inventory,ACC_COGS,784.27
E_002104,ACC_Sales_Revenue,ACC_Accounts_Receivable,819.31
E_002105,ACC_Inventory,ACC_COGS,548.77
E_002106,ACC_Sales_Revenue,ACC_Accounts_Receivable,617.6
E_002107,ACC_Inventory,ACC_COGS,280.27
E_002108,ACC_Sales_Revenue,ACC_Accounts_Receivable,1057.75
E_002109,ACC_Inventory,ACC_COGS,728.2
E_002110,ACC_Cash,ACC_Accounts_Payable,14773.43
E_002111,ACC_Accounts_Receivable,ACC_Cash,1243.81
E_002112,ACC_Sales_Revenue,ACC_Accounts_Receivable,1144.46
E_002113,ACC_Inventory,ACC_COGS,739.63
E_002114,ACC_Sales_Revenue,ACC_Accounts_Receivable,1031.41
E_002115,ACC_Inventory,ACC_COGS,462.83
E_002116,ACC_Sales_Revenue,ACC_Accounts_Receivable,1217.35
E_002117,ACC_Inventory,ACC_COGS,797.16
E_002118,ACC_Sales_Revenue,ACC_Accounts_Receivable,645.82
E_002119,ACC_Inventory,ACC_COGS,322.6
E_002120,ACC_Sales_Revenue,ACC_Accounts_Receivable,1355.02
E_002121,ACC_Inventory,ACC_COGS,863.35
E_002122,ACC_Accounts_Receivable,ACC_Cash,861.39
E_002123,ACC_Accounts_Receivable,ACC_Cash,426.89
E_002124,ACC_Sales_Revenue,ACC_Accounts_Receivable,1834.85
E_002125,ACC_Inventory,ACC_COGS,1270.26
E_002126,ACC_Sales_Revenue,ACC_Accounts_Receivable,607.25
E_002127,ACC_Inventory,ACC_COGS,285.19
E_002128,ACC_Sales_Revenue,ACC_Accounts_Receivable,1601.98
E_002129,ACC_Inventory,ACC_COGS,1010.37
E_002130,ACC_Sales_Revenue,ACC_Accounts_Receivable,865.91
E_002131,ACC_Inventory,ACC_COGS,547.31
E_002132,ACC_Sales_Revenue,ACC_Accounts_Receivable,616.49
E_002133,ACC_Inventory,ACC_COGS,391.51
E_002134,ACC_Cash,ACC_Travel_Exp,1131.14
E_002135,ACC_Accounts_Receivable,ACC_Cash,643.32
E_002136,ACC_Accounts_Receivable,ACC_Cash,1058.64
E_002137,ACC_Sales_Revenue,ACC_Accounts_Receivable,703.78
E_002138,ACC_Inventory,ACC_COGS,372.69
E_002139,ACC_Sales_Revenue,ACC_Accounts_Receivable,947.93
E_002140,ACC_Inventory,ACC_COGS,487.26
E_002141,ACC_Sales_Revenue,ACC_Accounts_Receivable,986.09
E_002142,ACC_Inventory,ACC_COGS,630.52
E_002143,ACC_Sales_Revenue,ACC_Accounts_Receivable,635.96
E_002144,ACC_Inventory,ACC_COGS,305.51
E_002145,ACC_Accounts_Receivable,ACC_Cash,347.87
E_002146,ACC_Accounts_Receivable,ACC_Cash,858.93
E_002147,ACC_Accounts_Receivable,ACC_Cash,553.99
E_002148,ACC_Sales_Revenue,ACC_Accounts_Receivable,1884.69
E_002149,ACC_Inventory,ACC_COGS,1172.08
E_002150,ACC_Sales_Revenue,ACC_Accounts_Receivable,1596.6
E_002151,ACC_Inventory,ACC_COGS,682.48
E_002152,ACC_Sales_Revenue,ACC_Accounts_Receivable,952.55
E_002153,ACC_Inventory,ACC_COGS,483.87
E_002154,ACC_Sales_Revenue,ACC_Accounts_Receivable,812.25
E_002155,ACC_Inventory,ACC_COGS,346.17
E_002156,ACC_Accounts_Receivable,ACC_Cash,601.53
E_002157,ACC_Accounts_Receivable,ACC_Cash,603.86
E_002158,ACC_Accounts_Receivable,ACC_Cash,436.29
E_002159,ACC_Sales_Revenue,ACC_Accounts_Receivable,1022.51
E_002160,ACC_Inventory,ACC_COGS,534.17
E_002161,ACC_Sales_Revenue,ACC_Accounts_Receivable,531.39
E_002162,ACC_Inventory,ACC_COGS,300.91
E_002163,ACC_Sales_Revenue,ACC_Accounts_Receivable,721.74
E_002164,ACC_Inventory,ACC_COGS,358.94
E_002165,ACC_Sales_Revenue,ACC_Accounts_Receivable,410.42
E_002166,ACC_Inventory,ACC_COGS,215.12
E_002167,ACC_Sales_Revenue,ACC_Accounts_Receivable,938.52
E_002168,ACC_Inventory,ACC_COGS,629.13
E_002169,ACC_Accounts_Payable,ACC_Inventory,12970.79
E_002170,ACC_Cash,ACC_Travel_Exp,475.46
E_002171,ACC_Accounts_Receivable,ACC_Cash,1186.0
E_002172,ACC_Accounts_Receivable,ACC_Cash,914.52
E_002173,ACC_Sales_Revenue,ACC_Accounts_Receivable,1501.48
E_002174,ACC_Inventory,ACC_COGS,663.13
E_002175,ACC_Sales_Revenue,ACC_Accounts_Receivable,489.95
E_002176,ACC_Inventory,ACC_COGS,217.43
E_002177,ACC_Sales_Revenue,ACC_Accounts_Receivable,445.35
E_002178,ACC_Inventory,ACC_COGS,234.4
E_002179,ACC_Sales_Revenue,ACC_Accounts_Receivable,875.15
E_002180,ACC_Inventory,ACC_COGS,444.87
E_002181,ACC_Accounts_Receivable,ACC_Cash,1014.2
E_002182,ACC_Accounts_Receivable,ACC_Cash,1021.31
E_002183,ACC_Accounts_Receivable,ACC_Cash,898.1
E_002184,ACC_Sales_Revenue,ACC_Accounts_Receivable,1568.98
E_002185,ACC_Inventory,ACC_COGS,907.09
E_002186,ACC_Sales_Revenue,ACC_Accounts_Receivable,665.85
E_002187,ACC_Inventory,ACC_COGS,293.4
E_002188,ACC_Sales_Revenue,ACC_Accounts_Receivable,1231.62
E_002189,ACC_Inventory,ACC_COGS,615.4
E_002190,ACC_Sales_Revenue,ACC_Accounts_Receivable,787.77
E_002191,ACC_Inventory,ACC_COGS,518.87
E_002192,ACC_Sales_Revenue,ACC_Accounts_Receivable,746.62
E_002193,ACC_Inventory,ACC_COGS,481.3
E_002194,ACC_Accounts_Receivable,ACC_Cash,878.57
E_002195,ACC_Sales_Revenue,ACC_Accounts_Receivable,1038.51
E_002196,ACC_Inventory,ACC_COGS,509.01
E_002197,ACC_Sales_Revenue,ACC_Accounts_Receivable,425.84
E_002198,ACC_Inventory,ACC_COGS,196.0
E_002199,ACC_Sales_Revenue,ACC_Accounts_Receivable,1444.08
E_002200,ACC_Inventory,ACC_COGS,750.16
E_002201,ACC_Sales_Revenue,ACC_Accounts_Receivable,1389.43
E_002202,ACC_Inventory,ACC_COGS,845.45
E_002203,ACC_Sales_Revenue,ACC_Accounts_Receivable,622.9
E_002204,ACC_Inventory,ACC_COGS,395.29
E_002205,ACC_Cash,ACC_Accounts_Payable,13869.13
E_002206,ACC_Accounts_Receivable,ACC_Cash,1067.72
E_002207,ACC_Accounts_Receivable,ACC_Cash,691.71
E_002208,ACC_Sales_Revenue,ACC_Accounts_Receivable,974.79
E_002209,ACC_Inventory,ACC_COGS,504.82
E_002210,ACC_Sales_Revenue,ACC_Accounts_Receivable,887.92
E_002211,ACC_Inventory,ACC_COGS,408.39
E_002212,ACC_Sales_Revenue,ACC_Accounts_Receivable,641.94
E_002213,ACC_Inventory,ACC_COGS,404.61
E_002214,ACC_Sales_Revenue,ACC_Accounts_Receivable,611.53
E_002215,ACC_Inventory,ACC_COGS,329.3
E_002216,ACC_Sales_Revenue,ACC_Accounts_Receivable,791.86
E_002217,ACC_Inventory,ACC_COGS,506.24
E_002218,ACC_Accounts_Receivable,ACC_Cash,272.01
E_002219,ACC_Accounts_Receivable,ACC_Cash,581.32
E_002220,ACC_Sales_Revenue,ACC_Accounts_Receivable,994.31
E_002221,ACC_Inventory,ACC_COGS,635.06
E_002222,ACC_Sales_Revenue,ACC_Accounts_Receivable,689.78
E_002223,ACC_Inventory,ACC_COGS,304.71
E_002224,ACC_Sales_Revenue,ACC_Accounts_Receivable,1089.3
E_002225,ACC_Inventory,ACC_COGS,650.96
E_002226,ACC_Sales_Revenue,ACC_Accounts_Receivable,256.0
E_002227,ACC_Inventory,ACC_COGS,131.35
E_002228,ACC_Sales_Revenue,ACC_Accounts_Receivable,1266.63
E_002229,ACC_Inventory,ACC_COGS,688.76
E_002230,ACC_Accounts_Receivable,ACC_Cash,769.64
E_002231,ACC_Accounts_Receivable,ACC_Cash,468.94
E_002232,ACC_Accounts_Receivable,ACC_Cash,809.58
E_002233,ACC_Accounts_Receivable,ACC_Cash,1296.23
E_002234,ACC_Sales_Revenue,ACC_Accounts_Receivable,692.03
E_002235,ACC_Inventory,ACC_COGS,457.36
E_002236,ACC_Sales_Revenue,ACC_Accounts_Receivable,511.19
E_002237,ACC_Inventory,ACC_COGS,325.74
E_002238,ACC_Sales_Revenue,ACC_Accounts_Receivable,476.63
E_002239,ACC_Inventory,ACC_COGS,306.8
E_002240,ACC_Cash,ACC_Travel_Exp,929.68
E_002241,ACC_Cash,ACC_Payroll_Exp,9160.83
E_002242,ACC_Cash,ACC_Payroll_Exp,5438.76
E_002243,ACC_Cash,ACC_Payroll_Exp,4277.2
E_002244,ACC_Cash,ACC_Rent_Exp,4943.7
E_002245,ACC_Accounts_Receivable,ACC_Cash,586.1
E_002246,ACC_Accounts_Receivable,ACC_Cash,886.27
E_002247,ACC_Accounts_Receivable,ACC_Cash,1405.78
E_002248,ACC_Sales_Revenue,ACC_Accounts_Receivable,824.96
E_002249,ACC_Inventory,ACC_COGS,492.73
E_002250,ACC_Sales_Revenue,ACC_Accounts_Receivable,478.86
E_002251,ACC_Inventory,ACC_COGS,279.56
E_002252,ACC_Sales_Revenue,ACC_Accounts_Receivable,1191.68
E_002253,ACC_Inventory,ACC_COGS,718.87
E_002254,ACC_Sales_Revenue,ACC_Accounts_Receivable,656.62
E_002255,ACC_Inventory,ACC_COGS,327.97
E_002256,ACC_Sales_Revenue,ACC_Accounts_Receivable,429.22
E_002257,ACC_Inventory,ACC_COGS,173.05
E_002258,ACC_Accounts_Payable,ACC_Inventory,11357.83
E_002259,ACC_Accounts_Receivable,ACC_Cash,1330.4
E_002260,ACC_Accounts_Receivable,ACC_Cash,404.87
E_002261,ACC_Accounts_Receivable,ACC_Cash,788.88
E_002262,ACC_Accounts_Receivable,ACC_Cash,777.86
E_002263,ACC_Accounts_Receivable,ACC_Cash,650.47
E_002264,ACC_Accounts_Receivable,ACC_Cash,577.0
E_002265,ACC_Sales_Revenue,ACC_Accounts_Receivable,1124.06
E_002266,ACC_Inventory,ACC_COGS,643.6
E_002267,ACC_Sales_Revenue,ACC_Accounts_Receivable,695.86
E_002268,ACC_Inventory,ACC_COGS,375.01
E_002269,ACC_Sales_Revenue,ACC_Accounts_Receivable,695.69
E_002270,ACC_Inventory,ACC_COGS,382.73
E_002271,ACC_Sales_Revenue,ACC_Accounts_Receivable,703.42
E_002272,ACC_Inventory,ACC_COGS,383.25
E_002273,ACC_Sales_Revenue,ACC_Accounts_Receivable,1835.94
E_002274,ACC_Inventory,ACC_COGS,1264.08
E_002275,ACC_Accounts_Receivable,ACC_Cash,1030.48
E_002276,ACC_Accounts_Receivable,ACC_Cash,896.91
E_002277,ACC_Accounts_Receivable,ACC_Cash,883.92
E_002278,ACC_Sales_Revenue,ACC_Accounts_Receivable,950.16
E_002279,ACC_Inventory,ACC_COGS,479.35
E_002280,ACC_Sales_Revenue,ACC_Accounts_Receivable,1208.0
E_002281,ACC_Inventory,ACC_COGS,558.17
E_002282,ACC_Sales_Revenue,ACC_Accounts_Receivable,880.18
E_002283,ACC_Inventory,ACC_COGS,377.85
E_002284,ACC_Sales_Revenue,ACC_Accounts_Receivable,721.26
E_002285,ACC_Inventory,ACC_COGS,357.51
E_002286,ACC_Accounts_Receivable,ACC_Cash,485.01
E_002287,ACC_Accounts_Receivable,ACC_Cash,479.52
E_002288,ACC_Accounts_Receivable,ACC_Cash,691.92
E_002289,ACC_Accounts_Receivable,ACC_Cash,535.37
E_002290,ACC_Accounts_Receivable,ACC_Cash,1487.44
E_002291,ACC_Sales_Revenue,ACC_Accounts_Receivable,777.41
E_002292,ACC_Inventory,ACC_COGS,316.23
E_002293,ACC_Sales_Revenue,ACC_Accounts_Receivable,788.18
E_002294,ACC_Inventory,ACC_COGS,475.38
E_002295,ACC_Sales_Revenue,ACC_Accounts_Receivable,1070.27
E_002296,ACC_Inventory,ACC_COGS,665.87
E_002297,ACC_Sales_Revenue,ACC_Accounts_Receivable,816.8
E_002298,ACC_Inventory,ACC_COGS,365.96
E_002299,ACC_Accounts_Receivable,ACC_Cash,890.19
E_002300,ACC_Sales_Revenue,ACC_Accounts_Receivable,774.58
E_002301,ACC_Inventory,ACC_COGS,495.21
E_002302,ACC_Sales_Revenue,ACC_Accounts_Receivable,825.56
E_002303,ACC_Inventory,ACC_COGS,488.85
E_002304,ACC_Sales_Revenue,ACC_Accounts_Receivable,359.72
E_002305,ACC_Inventory,ACC_COGS,223.46
E_002306,ACC_Sales_Revenue,ACC_Accounts_Receivable,1154.18
E_002307,ACC_Inventory,ACC_COGS,666.72
E_002308,ACC_Accounts_Receivable,UNKNOWN_LEAK,214.58
E_002309,ACC_Sales_Revenue,ACC_Accounts_Receivable,918.93
E_002310,ACC_Inventory,ACC_COGS,444.31
E_002311,ACC_Cash,ACC_Travel_Exp,149.05
E_002312,ACC_Accounts_Receivable,ACC_Cash,467.23
E_002313,ACC_Accounts_Receivable,ACC_Cash,460.76
E_002314,ACC_Accounts_Receivable,ACC_Cash,669.17
E_002315,ACC_Accounts_Receivable,ACC_Cash,530.6
E_002316,ACC_Sales_Revenue,ACC_Accounts_Receivable,251.16
E_002317,ACC_Inventory,ACC_COGS,166.17
E_002318,ACC_Sales_Revenue,ACC_Accounts_Receivable,1844.5
E_002319,ACC_Inventory,ACC_COGS,846.85
E_002320,ACC_Sales_Revenue,ACC_Accounts_Receivable,756.56
E_002321,ACC_Inventory,ACC_COGS,498.41
E_002322,ACC_Sales_Revenue,ACC_Accounts_Receivable,1246.24
E_002323,ACC_Inventory,ACC_COGS,615.67
E_002324,ACC_Sales_Revenue,ACC_Accounts_Receivable,527.76
E_002325,ACC_Inventory,ACC_COGS,304.04
E_002326,ACC_Accounts_Receivable,ACC_Cash,904.82
E_002327,ACC_Accounts_Receivable,ACC_Cash,465.88
E_002328,ACC_Cash,ACC_Accounts_Payable,12948.61
E_002329,ACC_Sales_Revenue,ACC_Accounts_Receivable,524.92
E_002330,ACC_Inventory,ACC_COGS,237.14
E_002331,ACC_Sales_Revenue,ACC_Accounts_Receivable,623.35
E_002332,ACC_Inventory,ACC_COGS,304.96
E_002333,ACC_Sales_Revenue,ACC_Accounts_Receivable,1720.25
E_002334,ACC_Inventory,ACC_COGS,1034.96
E_002335,ACC_Sales_Revenue,ACC_Accounts_Receivable,741.25
E_002336,ACC_Inventory,ACC_COGS,364.41
E_002337,ACC_Cash,ACC_Travel_Exp,484.5
E_002338,ACC_Accounts_Receivable,ACC_Cash,455.6
E_002339,ACC_Accounts_Receivable,ACC_Cash,623.09
E_002340,ACC_Accounts_Receivable,ACC_Cash,855.08
E_002341,ACC_Sales_Revenue,ACC_Accounts_Receivable,1133.02
E_002342,ACC_Inventory,ACC_COGS,655.94
E_002343,ACC_Sales_Revenue,ACC_Accounts_Receivable,975.44
E_002344,ACC_Inventory,ACC_COGS,444.53
E_002345,ACC_Sales_Revenue,ACC_Accounts_Receivable,849.61
E_002346,ACC_Inventory,ACC_COGS,574.12
E_002347,ACC_Sales_Revenue,ACC_Accounts_Receivable,925.74
E_002348,ACC_Inventory,ACC_COGS,524.41
E_002349,ACC_Accounts_Payable,ACC_Inventory,15605.12
E_002350,ACC_Accounts_Receivable,ACC_Cash,455.75
E_002351,ACC_Sales_Revenue,ACC_Accounts_Receivable,867.01
E_002352,ACC_Inventory,ACC_COGS,360.75
E_002353,ACC_Sales_Revenue,ACC_Accounts_Receivable,1217.89
E_002354,ACC_Inventory,ACC_COGS,664.22
E_002355,ACC_Sales_Revenue,ACC_Accounts_Receivable,1244.91
E_002356,ACC_Inventory,ACC_COGS,857.93
E_002357,ACC_Sales_Revenue,ACC_Accounts_Receivable,1286.17
E_002358,ACC_Inventory,ACC_COGS,672.33
E_002359,ACC_Accounts_Receivable,ACC_Cash,519.15
E_002360,ACC_Accounts_Receivable,ACC_Cash,919.33
E_002361,ACC_Accounts_Receivable,ACC_Cash,641.44
E_002362,ACC_Accounts_Receivable,ACC_Cash,953.96
E_002363,ACC_Sales_Revenue,ACC_Accounts_Receivable,506.44
E_002364,ACC_Inventory,ACC_COGS,276.83
E_002365,ACC_Sales_Revenue,ACC_Accounts_Receivable,1537.61
E_002366,ACC_Inventory,ACC_COGS,982.17
E_002367,ACC_Sales_Revenue,ACC_Accounts_Receivable,505.77
E_002368,ACC_Inventory,ACC_COGS,244.01
E_002369,ACC_Sales_Revenue,ACC_Accounts_Receivable,902.95
E_002370,ACC_Inventory,ACC_COGS,572.67
E_002371,ACC_Accounts_Receivable,ACC_Cash,2292.88
E_002372,ACC_Accounts_Receivable,ACC_Cash,1061.79
E_002373,ACC_Accounts_Receivable,ACC_Cash,411.67
E_002374,ACC_Accounts_Receivable,ACC_Cash,1050.7
E_002375,ACC_Accounts_Receivable,ACC_Cash,559.35
E_002376,ACC_Sales_Revenue,ACC_Accounts_Receivable,779.74
E_002377,ACC_Inventory,ACC_COGS,440.49
E_002378,ACC_Sales_Revenue,ACC_Accounts_Receivable,912.43
E_002379,ACC_Inventory,ACC_COGS,438.3
E_002380,ACC_Sales_Revenue,ACC_Accounts_Receivable,909.74
E_002381,ACC_Inventory,ACC_COGS,464.02
E_002382,ACC_Sales_Revenue,ACC_Accounts_Receivable,947.08
E_002383,ACC_Inventory,ACC_COGS,594.77
E_002384,ACC_Accounts_Receivable,ACC_Cash,974.51
E_002385,ACC_Accounts_Receivable,ACC_Cash,672.37
E_002386,ACC_Accounts_Receivable,ACC_Cash,676.23
E_002387,ACC_Accounts_Receivable,ACC_Cash,1013.2
E_002388,ACC_Accounts_Receivable,ACC_Cash,1334.07
E_002389,ACC_Sales_Revenue,ACC_Accounts_Receivable,959.13
E_002390,ACC_Inventory,ACC_COGS,413.12
E_002391,ACC_Sales_Revenue,ACC_Accounts_Receivable,725.56
E_002392,ACC_Inventory,ACC_COGS,344.1
E_002393,ACC_Sales_Revenue,ACC_Accounts_Receivable,1176.44
E_002394,ACC_Inventory,ACC_COGS,629.3
E_002395,ACC_Sales_Revenue,ACC_Accounts_Receivable,1287.43
E_002396,ACC_Inventory,ACC_COGS,548.57
E_002397,ACC_Sales_Revenue,ACC_Accounts_Receivable,489.59
E_002398,ACC_Inventory,ACC_COGS,309.76
E_002399,ACC_Accounts_Receivable,ACC_Cash,547.22
E_002400,ACC_Sales_Revenue,ACC_Accounts_Receivable,1059.0
E_002401,ACC_Inventory,ACC_COGS,642.54
E_002402,ACC_Sales_Revenue,ACC_Accounts_Receivable,710.23
E_002403,ACC_Inventory,ACC_COGS,418.92
E_002404,ACC_Sales_Revenue,ACC_Accounts_Receivable,1386.99
E_002405,ACC_Inventory,ACC_COGS,881.37
E_002406,ACC_Sales_Revenue,ACC_Accounts_Receivable,753.39
E_002407,ACC_Inventory,ACC_COGS,314.77
E_002408,ACC_Accounts_Receivable,ACC_Cash,622.55
E_002409,ACC_Accounts_Receivable,ACC_Cash,1427.1
E_002410,ACC_Sales_Revenue,ACC_Accounts_Receivable,746.49
E_002411,ACC_Inventory,ACC_COGS,336.3
E_002412,ACC_Sales_Revenue,ACC_Accounts_Receivable,805.0
E_002413,ACC_Inventory,ACC_COGS,460.32
E_002414,ACC_Sales_Revenue,ACC_Accounts_Receivable,516.0
E_002415,ACC_Inventory,ACC_COGS,358.95
E_002416,ACC_Sales_Revenue,ACC_Accounts_Receivable,449.7
E_002417,ACC_Inventory,ACC_COGS,198.17
E_002418,ACC_Accounts_Receivable,ACC_Cash,787.44
E_002419,ACC_Accounts_Receivable,ACC_Cash,1095.46
E_002420,ACC_Sales_Revenue,ACC_Accounts_Receivable,570.11
E_002421,ACC_Inventory,ACC_COGS,397.79
E_002422,ACC_Sales_Revenue,ACC_Accounts_Receivable,538.11
E_002423,ACC_Inventory,ACC_COGS,328.48
E_002424,ACC_Sales_Revenue,ACC_Accounts_Receivable,338.07
E_002425,ACC_Inventory,ACC_COGS,207.38
E_002426,ACC_Sales_Revenue,ACC_Accounts_Receivable,619.57
E_002427,ACC_Inventory,ACC_COGS,404.62
E_002428,ACC_Sales_Revenue,ACC_Accounts_Receivable,471.24
E_002429,ACC_Inventory,ACC_COGS,270.13
E_002430,ACC_Accounts_Payable,ACC_Inventory,14463.02
E_002431,ACC_Accounts_Receivable,ACC_Cash,837.4
E_002432,ACC_Accounts_Receivable,ACC_Cash,743.24
E_002433,ACC_Sales_Revenue,ACC_Accounts_Receivable,607.5
E_002434,ACC_Inventory,ACC_COGS,403.4
E_002435,ACC_Sales_Revenue,ACC_Accounts_Receivable,1969.6
E_002436,ACC_Inventory,ACC_COGS,1230.88
E_002437,ACC_Sales_Revenue,ACC_Accounts_Receivable,1184.79
E_002438,ACC_Inventory,ACC_COGS,605.1
E_002439,ACC_Sales_Revenue,ACC_Accounts_Receivable,702.52
E_002440,ACC_Inventory,ACC_COGS,403.66
E_002441,ACC_Accounts_Receivable,ACC_Cash,781.98
E_002442,ACC_Accounts_Receivable,ACC_Cash,1232.65
E_002443,ACC_Accounts_Receivable,ACC_Cash,1430.77
E_002444,ACC_Accounts_Receivable,ACC_Cash,640.61
E_002445,ACC_Accounts_Receivable,ACC_Cash,484.93
E_002446,ACC_Accounts_Receivable,ACC_Cash,616.19
E_002447,ACC_Accounts_Receivable,ACC_Cash,784.88
E_002448,ACC_Sales_Revenue,ACC_Accounts_Receivable,2000.17
E_002449,ACC_Inventory,ACC_COGS,1238.66
E_002450,ACC_Sales_Revenue,ACC_Accounts_Receivable,458.88
E_002451,ACC_Inventory,ACC_COGS,279.54
E_002452,ACC_Sales_Revenue,ACC_Accounts_Receivable,414.24
E_002453,ACC_Inventory,ACC_COGS,232.11
E_002454,ACC_Accounts_Receivable,ACC_Cash,585.98
E_002455,ACC_Accounts_Receivable,ACC_Cash,891.8
E_002456,ACC_Accounts_Receivable,ACC_Cash,664.94
E_002457,ACC_Accounts_Receivable,ACC_Cash,669.24
E_002458,ACC_Sales_Revenue,ACC_Accounts_Receivable,2122.85
E_002459,ACC_Inventory,ACC_COGS,1164.2
E_002460,ACC_Sales_Revenue,ACC_Accounts_Receivable,1391.76
E_002461,ACC_Inventory,ACC_COGS,697.73
E_002462,ACC_Sales_Revenue,ACC_Accounts_Receivable,1002.42
E_002463,ACC_Inventory,ACC_COGS,657.31
E_002464,ACC_Sales_Revenue,ACC_Accounts_Receivable,1014.87
E_002465,ACC_Inventory,ACC_COGS,613.76
E_002466,ACC_Accounts_Receivable,ACC_Cash,519.15
E_002467,ACC_Accounts_Receivable,ACC_Cash,1208.76
E_002468,ACC_Accounts_Receivable,ACC_Cash,1141.92
E_002469,ACC_Accounts_Receivable,ACC_Cash,1229.13
E_002470,ACC_Accounts_Receivable,ACC_Cash,1290.3
E_002471,ACC_Sales_Revenue,ACC_Accounts_Receivable,1083.75
E_002472,ACC_Inventory,ACC_COGS,705.53
E_002473,ACC_Sales_Revenue,ACC_Accounts_Receivable,895.24
E_002474,ACC_Inventory,ACC_COGS,588.44
E_002475,ACC_Sales_Revenue,ACC_Accounts_Receivable,834.05
E_002476,ACC_Inventory,ACC_COGS,581.79
E_002477,ACC_Sales_Revenue,ACC_Accounts_Receivable,780.22
E_002478,ACC_Inventory,ACC_COGS,473.26
E_002479,ACC_Cash,ACC_Travel_Exp,1053.08
E_002480,ACC_Accounts_Receivable,ACC_Cash,932.23
E_002481,ACC_Cash,ACC_Accounts_Payable,12911.84
E_002482,ACC_Accounts_Receivable,ACC_Cash,604.6
E_002483,ACC_Sales_Revenue,ACC_Accounts_Receivable,715.04
E_002484,ACC_Inventory,ACC_COGS,474.06
E_002485,ACC_Sales_Revenue,ACC_Accounts_Receivable,406.44
E_002486,ACC_Inventory,ACC_COGS,193.11
E_002487,ACC_Sales_Revenue,ACC_Accounts_Receivable,769.14
E_002488,ACC_Inventory,ACC_COGS,457.39
E_002489,ACC_Cash,ACC_Travel_Exp,848.35
E_002490,ACC_Accounts_Receivable,ACC_Cash,805.92
E_002491,ACC_Accounts_Receivable,ACC_Cash,521.43
E_002492,ACC_Accounts_Receivable,ACC_Cash,606.59
E_002493,ACC_Sales_Revenue,ACC_Accounts_Receivable,514.49
E_002494,ACC_Inventory,ACC_COGS,241.94
E_002495,ACC_Sales_Revenue,ACC_Accounts_Receivable,859.69
E_002496,ACC_Inventory,ACC_COGS,368.42
E_002497,ACC_Sales_Revenue,ACC_Accounts_Receivable,1396.06
E_002498,ACC_Inventory,ACC_COGS,614.0
E_002499,ACC_Accounts_Receivable,ACC_Cash,1266.89
E_002500,ACC_Cash,ACC_Accounts_Payable,11536.24
E_002501,ACC_Accounts_Receivable,ACC_Cash,536.61
E_002502,ACC_Accounts_Receivable,ACC_Cash,503.34
E_002503,ACC_Cash,ACC_Accounts_Payable,10977.02
E_002504,ACC_Accounts_Receivable,ACC_Cash,865.91
E_002505,ACC_Sales_Revenue,ACC_Accounts_Receivable,426.84
E_002506,ACC_Inventory,ACC_COGS,171.77
E_002507,ACC_Sales_Revenue,ACC_Accounts_Receivable,538.49
E_002508,ACC_Inventory,ACC_COGS,375.03
E_002509,ACC_Sales_Revenue,ACC_Accounts_Receivable,1165.52
E_002510,ACC_Inventory,ACC_COGS,633.24
E_002511,ACC_Sales_Revenue,ACC_Accounts_Receivable,540.03
E_002512,ACC_Inventory,ACC_COGS,334.4
E_002513,ACC_Accounts_Payable,ACC_Inventory,11663.05
E_002514,ACC_Cash,ACC_Travel_Exp,934.95
E_002515,ACC_Accounts_Receivable,ACC_Cash,383.09
E_002516,ACC_Accounts_Receivable,ACC_Cash,831.36
E_002517,ACC_Accounts_Receivable,ACC_Cash,649.02
E_002518,ACC_Accounts_Receivable,ACC_Cash,639.73
E_002519,ACC_Accounts_Receivable,ACC_Cash,1697.78
E_002520,ACC_Accounts_Receivable,ACC_Cash,1037.63
E_002521,ACC_Accounts_Receivable,ACC_Cash,881.78
E_002522,ACC_Accounts_Receivable,ACC_Cash,920.98
E_002523,ACC_Sales_Revenue,ACC_Accounts_Receivable,543.09
E_002524,ACC_Inventory,ACC_COGS,339.95
E_002525,ACC_Sales_Revenue,ACC_Accounts_Receivable,834.44
E_002526,ACC_Inventory,ACC_COGS,503.29
E_002527,ACC_Sales_Revenue,ACC_Accounts_Receivable,469.19
E_002528,ACC_Inventory,ACC_COGS,188.87
E_002529,ACC_Sales_Revenue,ACC_Accounts_Receivable,628.96
E_002530,ACC_Inventory,ACC_COGS,317.85
E_002531,ACC_Cash,ACC_Travel_Exp,511.7
E_002532,ACC_Accounts_Receivable,ACC_Cash,809.11
E_002533,ACC_Accounts_Receivable,ACC_Cash,1900.58
E_002534,ACC_Accounts_Receivable,ACC_Cash,119.97
E_002535,ACC_Accounts_Receivable,ACC_Cash,1834.85
E_002536,ACC_Sales_Revenue,ACC_Accounts_Receivable,423.02
E_002537,ACC_Inventory,ACC_COGS,256.34
E_002538,ACC_Sales_Revenue,ACC_Accounts_Receivable,954.13
E_002539,ACC_Inventory,ACC_COGS,638.29
E_002540,ACC_Sales_Revenue,ACC_Accounts_Receivable,793.74
E_002541,ACC_Inventory,ACC_COGS,457.89
E_002542,ACC_Sales_Revenue,ACC_Accounts_Receivable,997.85
E_002543,ACC_Inventory,ACC_COGS,527.68
E_002544,ACC_Cash,ACC_Travel_Exp,128.57
E_002545,ACC_Accounts_Receivable,ACC_Cash,1047.9
E_002546,ACC_Accounts_Receivable,ACC_Cash,607.25
E_002547,ACC_Accounts_Receivable,ACC_Cash,1022.51
E_002548,ACC_Sales_Revenue,ACC_Accounts_Receivable,1380.59
E_002549,ACC_Inventory,ACC_COGS,781.44
E_002550,ACC_Sales_Revenue,ACC_Accounts_Receivable,841.09
E_002551,ACC_Inventory,ACC_COGS,408.33
E_002552,ACC_Sales_Revenue,ACC_Accounts_Receivable,673.74
E_002553,ACC_Inventory,ACC_COGS,440.87
E_002554,ACC_Cash,ACC_Travel_Exp,740.1
E_002555,ACC_Accounts_Receivable,ACC_Cash,966.47
E_002556,ACC_Accounts_Receivable,ACC_Cash,1000.77
E_002557,ACC_Accounts_Receivable,ACC_Cash,1214.73
E_002558,ACC_Accounts_Receivable,ACC_Cash,1078.27
E_002559,ACC_Accounts_Receivable,ACC_Cash,779.23
E_002560,ACC_Accounts_Receivable,ACC_Cash,865.42
E_002561,ACC_Accounts_Receivable,ACC_Cash,665.85
E_002562,ACC_Sales_Revenue,ACC_Accounts_Receivable,994.19
E_002563,ACC_Inventory,ACC_COGS,453.94
E_002564,ACC_Sales_Revenue,ACC_Accounts_Receivable,815.79
E_002565,ACC_Inventory,ACC_COGS,339.67
E_002566,ACC_Sales_Revenue,ACC_Accounts_Receivable,813.1
E_002567,ACC_Inventory,ACC_COGS,383.62
E_002568,ACC_Accounts_Receivable,ACC_Cash,742.38
E_002569,ACC_Accounts_Receivable,ACC_Cash,874.92
E_002570,ACC_Accounts_Receivable,ACC_Cash,707.33
E_002571,ACC_Sales_Revenue,ACC_Accounts_Receivable,613.67
E_002572,ACC_Inventory,ACC_COGS,354.81
E_002573,ACC_Sales_Revenue,ACC_Accounts_Receivable,456.49
E_002574,ACC_Inventory,ACC_COGS,184.25
E_002575,ACC_Sales_Revenue,ACC_Accounts_Receivable,1610.73
E_002576,ACC_Inventory,ACC_COGS,708.07
E_002577,ACC_Accounts_Receivable,ACC_Cash,1110.77
E_002578,ACC_Accounts_Receivable,ACC_Cash,610.36
E_002579,ACC_Sales_Revenue,ACC_Accounts_Receivable,606.35
E_002580,ACC_Inventory,ACC_COGS,341.92
E_002581,ACC_Sales_Revenue,ACC_Accounts_Receivable,600.19
E_002582,ACC_Inventory,ACC_COGS,411.93
E_002583,ACC_Sales_Revenue,ACC_Accounts_Receivable,1144.34
E_002584,ACC_Inventory,ACC_COGS,659.38
E_002585,ACC_Cash,ACC_Travel_Exp,100.75
E_002586,ACC_Accounts_Receivable,ACC_Cash,769.84
E_002587,ACC_Accounts_Receivable,ACC_Cash,724.59
E_002588,ACC_Accounts_Receivable,ACC_Cash,961.3
E_002589,ACC_Accounts_Receivable,ACC_Cash,917.55
E_002590,ACC_Accounts_Receivable,ACC_Cash,641.94
E_002591,ACC_Sales_Revenue,ACC_Accounts_Receivable,1317.79
E_002592,ACC_Inventory,ACC_COGS,839.15
E_002593,ACC_Sales_Revenue,ACC_Accounts_Receivable,611.07
E_002594,ACC_Inventory,ACC_COGS,375.07
E_002595,ACC_Sales_Revenue,ACC_Accounts_Receivable,894.45
E_002596,ACC_Inventory,ACC_COGS,546.1
E_002597,ACC_Accounts_Payable,ACC_Inventory,10746.98
E_002598,ACC_Cash,ACC_Travel_Exp,392.59
E_002599,ACC_Accounts_Receivable,ACC_Cash,626.41
E_002600,ACC_Accounts_Receivable,ACC_Cash,1412.07
E_002601,ACC_Accounts_Receivable,ACC_Cash,1485.66
E_002602,ACC_Sales_Revenue,ACC_Accounts_Receivable,497.49
E_002603,ACC_Inventory,ACC_COGS,275.31
E_002604,ACC_Sales_Revenue,ACC_Accounts_Receivable,905.55
E_002605,ACC_Inventory,ACC_COGS,404.43
E_002606,ACC_Sales_Revenue,ACC_Accounts_Receivable,1030.83
E_002607,ACC_Inventory,ACC_COGS,608.49
E_002608,ACC_Sales_Revenue,ACC_Accounts_Receivable,944.0
E_002609,ACC_Inventory,ACC_COGS,559.74
E_002610,ACC_Accounts_Receivable,ACC_Cash,1025.44
E_002611,ACC_Accounts_Receivable,ACC_Cash,510.57
E_002612,ACC_Accounts_Receivable,ACC_Cash,726.41
E_002613,ACC_Accounts_Receivable,ACC_Cash,1459.68
E_002614,ACC_Sales_Revenue,ACC_Accounts_Receivable,759.52
E_002615,ACC_Inventory,ACC_COGS,496.68
E_002616,ACC_Sales_Revenue,ACC_Accounts_Receivable,814.14
E_002617,ACC_Inventory,ACC_COGS,551.49
E_002618,ACC_Sales_Revenue,ACC_Accounts_Receivable,754.32
E_002619,ACC_Inventory,ACC_COGS,439.5
E_002620,ACC_Cash,ACC_Payroll_Exp,8963.88
E_002621,ACC_Cash,ACC_Payroll_Exp,8652.63
E_002622,ACC_Cash,ACC_Payroll_Exp,3554.01
E_002623,ACC_Cash,ACC_Rent_Exp,3356.24
E_002624,ACC_Accounts_Receivable,ACC_Cash,1651.75
E_002625,ACC_Accounts_Receivable,ACC_Cash,1787.71
E_002626,ACC_Accounts_Receivable,ACC_Cash,1503.56
E_002627,ACC_Accounts_Receivable,ACC_Cash,894.46
E_002628,ACC_Accounts_Receivable,ACC_Cash,1674.49
E_002629,ACC_Accounts_Receivable,ACC_Cash,1361.41
E_002630,ACC_Sales_Revenue,ACC_Accounts_Receivable,2245.08
E_002631,ACC_Inventory,ACC_COGS,1016.33
E_002632,ACC_Sales_Revenue,ACC_Accounts_Receivable,580.07
E_002633,ACC_Inventory,ACC_COGS,354.1
E_002634,ACC_Sales_Revenue,ACC_Accounts_Receivable,1541.11
E_002635,ACC_Inventory,ACC_COGS,776.74
E_002636,ACC_Accounts_Receivable,ACC_Cash,1640.84
E_002637,ACC_Accounts_Receivable,ACC_Cash,1674.54
E_002638,ACC_Accounts_Receivable,ACC_Cash,960.36
E_002639,ACC_Sales_Revenue,ACC_Accounts_Receivable,641.09
E_002640,ACC_Inventory,ACC_COGS,288.55
E_002641,ACC_Sales_Revenue,ACC_Accounts_Receivable,1004.46
E_002642,ACC_Inventory,ACC_COGS,664.99
E_002643,ACC_Sales_Revenue,ACC_Accounts_Receivable,1534.52
E_002644,ACC_Inventory,ACC_COGS,968.94
E_002645,ACC_Sales_Revenue,ACC_Accounts_Receivable,687.43
E_002646,ACC_Inventory,ACC_COGS,363.51
E_002647,ACC_Accounts_Receivable,ACC_Cash,826.77
E_002648,ACC_Cash,ACC_Accounts_Payable,11679.02
E_002649,ACC_Accounts_Receivable,ACC_Cash,573.45
E_002650,ACC_Accounts_Receivable,ACC_Cash,927.12
E_002651,ACC_Accounts_Receivable,ACC_Cash,1134.1
E_002652,ACC_Accounts_Receivable,ACC_Cash,732.33
E_002653,ACC_Sales_Revenue,ACC_Accounts_Receivable,633.93
E_002654,ACC_Inventory,ACC_COGS,363.24
E_002655,ACC_Sales_Revenue,ACC_Accounts_Receivable,533.1
E_002656,ACC_Inventory,ACC_COGS,294.93
E_002657,ACC_Sales_Revenue,ACC_Accounts_Receivable,617.02
E_002658,ACC_Inventory,ACC_COGS,351.74
E_002659,ACC_Accounts_Receivable,ACC_Cash,660.58
E_002660,ACC_Accounts_Receivable,ACC_Cash,794.76
E_002661,ACC_Accounts_Receivable,ACC_Cash,748.27
E_002662,ACC_Accounts_Receivable,ACC_Cash,842.06
E_002663,ACC_Accounts_Receivable,ACC_Cash,1031.41
E_002664,ACC_Accounts_Receivable,ACC_Cash,489.95
E_002665,ACC_Accounts_Receivable,ACC_Cash,974.79
E_002666,ACC_Sales_Revenue,ACC_Accounts_Receivable,810.98
E_002667,ACC_Inventory,ACC_COGS,541.96
E_002668,ACC_Sales_Revenue,ACC_Accounts_Receivable,587.94
E_002669,ACC_Inventory,ACC_COGS,275.46
E_002670,ACC_Accounts_Receivable,UNKNOWN_LEAK,260.74
E_002671,ACC_Cash,ACC_Travel_Exp,83.8
E_002672,ACC_Accounts_Receivable,ACC_Cash,657.76
E_002673,ACC_Sales_Revenue,ACC_Accounts_Receivable,429.34
E_002674,ACC_Inventory,ACC_COGS,218.62
E_002675,ACC_Sales_Revenue,ACC_Accounts_Receivable,913.21
E_002676,ACC_Inventory,ACC_COGS,620.39
E_002677,ACC_Sales_Revenue,ACC_Accounts_Receivable,1116.58
E_002678,ACC_Inventory,ACC_COGS,715.65
E_002679,ACC_Accounts_Payable,ACC_Inventory,9009.4
E_002680,ACC_Cash,ACC_Travel_Exp,1101.55
E_002681,ACC_Accounts_Receivable,ACC_Cash,1504.84
E_002682,ACC_Accounts_Receivable,ACC_Cash,770.08
E_002683,ACC_Sales_Revenue,ACC_Accounts_Receivable,1307.25
E_002684,ACC_Inventory,ACC_COGS,648.37
E_002685,ACC_Sales_Revenue,ACC_Accounts_Receivable,493.12
E_002686,ACC_Inventory,ACC_COGS,252.4
E_002687,ACC_Sales_Revenue,ACC_Accounts_Receivable,1561.87
E_002688,ACC_Inventory,ACC_COGS,649.43
E_002689,ACC_Accounts_Receivable,ACC_Cash,2136.09
E_002690,ACC_Accounts_Receivable,ACC_Cash,881.95
E_002691,ACC_Accounts_Receivable,ACC_Cash,771.79
E_002692,ACC_Accounts_Receivable,ACC_Cash,1568.98
E_002693,ACC_Sales_Revenue,ACC_Accounts_Receivable,603.42
E_002694,ACC_Inventory,ACC_COGS,414.08
E_002695,ACC_Sales_Revenue,ACC_Accounts_Receivable,782.35
E_002696,ACC_Inventory,ACC_COGS,516.2
E_002697,ACC_Sales_Revenue,ACC_Accounts_Receivable,1000.19
E_002698,ACC_Inventory,ACC_COGS,498.28
E_002699,ACC_Cash,ACC_Travel_Exp,371.17
E_002700,ACC_Accounts_Receivable,ACC_Cash,480.06
E_002701,ACC_Accounts_Receivable,ACC_Cash,619.96
E_002702,ACC_Accounts_Receivable,ACC_Cash,2198.18
E_002703,ACC_Cash,ACC_Accounts_Payable,12970.79
E_002704,ACC_Accounts_Receivable,ACC_Cash,1835.94
E_002705,ACC_Sales_Revenue,ACC_Accounts_Receivable,992.39
E_002706,ACC_Inventory,ACC_COGS,630.52
E_002707,ACC_Sales_Revenue,ACC_Accounts_Receivable,553.54
E_002708,ACC_Inventory,ACC_COGS,298.46
E_002709,ACC_Sales_Revenue,ACC_Accounts_Receivable,856.07
E_002710,ACC_Inventory,ACC_COGS,598.68
E_002711,ACC_Accounts_Receivable,ACC_Cash,588.45
E_002712,ACC_Accounts_Receivable,ACC_Cash,789.47
E_002713,ACC_Accounts_Receivable,ACC_Cash,952.55
E_002714,ACC_Sales_Revenue,ACC_Accounts_Receivable,765.19
E_002715,ACC_Inventory,ACC_COGS,480.65
E_002716,ACC_Sales_Revenue,ACC_Accounts_Receivable,557.27
E_002717,ACC_Inventory,ACC_COGS,378.79
E_002718,ACC_Cash,ACC_Travel_Exp,1012.3
E_002719,ACC_Sales_Revenue,ACC_Accounts_Receivable,1311.66
E_002720,ACC_Inventory,ACC_COGS,869.84
E_002721,ACC_Sales_Revenue,ACC_Accounts_Receivable,1237.86
E_002722,ACC_Inventory,ACC_COGS,776.98
E_002723,ACC_Accounts_Receivable,ACC_Cash,1496.41
E_002724,ACC_Accounts_Receivable,ACC_Cash,808.65
E_002725,ACC_Sales_Revenue,ACC_Accounts_Receivable,516.82
E_002726,ACC_Inventory,ACC_COGS,222.84
E_002727,ACC_Sales_Revenue,ACC_Accounts_Receivable,704.89
E_002728,ACC_Inventory,ACC_COGS,370.73
E_002729,ACC_Sales_Revenue,ACC_Accounts_Receivable,1299.65
E_002730,ACC_Inventory,ACC_COGS,575.37
E_002731,ACC_Accounts_Receivable,ACC_Cash,1322.02
E_002732,ACC_Accounts_Receivable,ACC_Cash,1041.1
E_002733,ACC_Accounts_Receivable,ACC_Cash,798.85
E_002734,ACC_Accounts_Receivable,ACC_Cash,1884.69
E_002735,ACC_Accounts_Receivable,ACC_Cash,1844.5
E_002736,ACC_Sales_Revenue,ACC_Accounts_Receivable,2023.01
E_002737,ACC_Inventory,ACC_COGS,1353.77
E_002738,ACC_Sales_Revenue,ACC_Accounts_Receivable,936.3
E_002739,ACC_Inventory,ACC_COGS,626.08
E_002740,ACC_Sales_Revenue,ACC_Accounts_Receivable,863.88
E_002741,ACC_Inventory,ACC_COGS,367.56
E_002742,ACC_Accounts_Payable,ACC_Inventory,11536.33
E_002743,ACC_Cash,ACC_Travel_Exp,694.35
E_002744,ACC_Accounts_Receivable,ACC_Cash,646.91
E_002745,ACC_Accounts_Receivable,ACC_Cash,787.25
E_002746,ACC_Accounts_Receivable,ACC_Cash,451.38
E_002747,ACC_Accounts_Receivable,ACC_Cash,1501.48
E_002748,ACC_Accounts_Receivable,ACC_Cash,788.18
E_002749,ACC_Sales_Revenue,ACC_Accounts_Receivable,752.67
E_002750,ACC_Inventory,ACC_COGS,399.29
E_002751,ACC_Sales_Revenue,ACC_Accounts_Receivable,1061.94
E_002752,ACC_Inventory,ACC_COGS,507.92
E_002753,ACC_Cash,ACC_Travel_Exp,1003.32
E_002754,ACC_Accounts_Receivable,ACC_Cash,1642.03
E_002755,ACC_Accounts_Receivable,ACC_Cash,506.44
E_002756,ACC_Sales_Revenue,ACC_Accounts_Receivable,584.18
E_002757,ACC_Inventory,ACC_COGS,290.85
E_002758,ACC_Sales_Revenue,ACC_Accounts_Receivable,469.71
E_002759,ACC_Inventory,ACC_COGS,198.41
E_002760,ACC_Sales_Revenue,ACC_Accounts_Receivable,383.8
E_002761,ACC_Inventory,ACC_COGS,242.19
E_002762,ACC_Cash,ACC_Travel_Exp,575.28
E_002763,ACC_Accounts_Receivable,ACC_Cash,2006.55
E_002764,ACC_Accounts_Receivable,ACC_Cash,626.09
E_002765,ACC_Accounts_Receivable,ACC_Cash,848.35
E_002766,ACC_Accounts_Receivable,ACC_Cash,635.96
E_002767,ACC_Sales_Revenue,ACC_Accounts_Receivable,514.54
E_002768,ACC_Inventory,ACC_COGS,268.57
E_002769,ACC_Sales_Revenue,ACC_Accounts_Receivable,338.14
E_002770,ACC_Inventory,ACC_COGS,213.4
E_002771,ACC_Sales_Revenue,ACC_Accounts_Receivable,934.53
E_002772,ACC_Inventory,ACC_COGS,448.11
E_002773,ACC_Accounts_Receivable,ACC_Cash,863.55
E_002774,ACC_Accounts_Receivable,ACC_Cash,434.59
E_002775,ACC_Accounts_Receivable,ACC_Cash,1062.32
E_002776,ACC_Accounts_Receivable,ACC_Cash,425.84
E_002777,ACC_Accounts_Receivable,ACC_Cash,1444.08
E_002778,ACC_Accounts_Receivable,ACC_Cash,622.9
E_002779,ACC_Accounts_Receivable,ACC_Cash,429.22
E_002780,ACC_Accounts_Receivable,ACC_Cash,251.16
E_002781,ACC_Sales_Revenue,ACC_Accounts_Receivable,798.06
E_002782,ACC_Inventory,ACC_COGS,392.06
E_002783,ACC_Sales_Revenue,ACC_Accounts_Receivable,1118.8
E_002784,ACC_Inventory,ACC_COGS,461.06
E_002785,ACC_Sales_Revenue,ACC_Accounts_Receivable,826.62
E_002786,ACC_Inventory,ACC_COGS,367.43
E_002787,ACC_Sales_Revenue,ACC_Accounts_Receivable,768.97
E_002788,ACC_Inventory,ACC_COGS,389.65
E_002789,ACC_Cash,ACC_Travel_Exp,989.5
E_002790,ACC_Accounts_Receivable,ACC_Cash,1287.19
E_002791,ACC_Accounts_Receivable,ACC_Cash,640.68
E_002792,ACC_Accounts_Receivable,ACC_Cash,721.74
E_002793,ACC_Accounts_Receivable,ACC_Cash,689.78
E_002794,ACC_Accounts_Receivable,ACC_Cash,741.25
E_002795,ACC_Accounts_Receivable,ACC_Cash,779.74
E_002796,ACC_Sales_Revenue,ACC_Accounts_Receivable,712.3
E_002797,ACC_Inventory,ACC_COGS,322.07
E_002798,ACC_Sales_Revenue,ACC_Accounts_Receivable,890.31
E_002799,ACC_Inventory,ACC_COGS,476.9
E_002800,ACC_Sales_Revenue,ACC_Accounts_Receivable,909.86
E_002801,ACC_Inventory,ACC_COGS,389.8
E_002802,ACC_Cash,ACC_Travel_Exp,43.99
E_002803,ACC_Accounts_Receivable,ACC_Cash,619.87
E_002804,ACC_Accounts_Receivable,ACC_Cash,654.45
E_002805,ACC_Accounts_Receivable,ACC_Cash,1400.18
E_002806,ACC_Accounts_Receivable,ACC_Cash,616.49
E_002807,ACC_Cash,ACC_Accounts_Payable,15605.12
E_002808,ACC_Sales_Revenue,ACC_Accounts_Receivable,1189.67
E_002809,ACC_Inventory,ACC_COGS,772.23
E_002810,ACC_Sales_Revenue,ACC_Accounts_Receivable,745.93
E_002811,ACC_Inventory,ACC_COGS,482.69
E_002812,ACC_Accounts_Receivable,ACC_Cash,812.25
E_002813,ACC_Accounts_Receivable,ACC_Cash,703.42
E_002814,ACC_Accounts_Receivable,ACC_Cash,1083.75
E_002815,ACC_Sales_Revenue,ACC_Accounts_Receivable,991.5
E_002816,ACC_Inventory,ACC_COGS,421.6
E_002817,ACC_Sales_Revenue,ACC_Accounts_Receivable,558.48
E_002818,ACC_Inventory,ACC_COGS,359.56
E_002819,ACC_Accounts_Payable,ACC_Inventory,12042.27
E_002820,ACC_Accounts_Receivable,ACC_Cash,531.72
E_002821,ACC_Accounts_Receivable,ACC_Cash,1217.89
E_002822,ACC_Accounts_Receivable,ACC_Cash,607.5
E_002823,ACC_Accounts_Receivable,ACC_Cash,1014.87
E_002824,ACC_Sales_Revenue,ACC_Accounts_Receivable,1235.18
E_002825,ACC_Inventory,ACC_COGS,541.8
E_002826,ACC_Sales_Revenue,ACC_Accounts_Receivable,967.28
E_002827,ACC_Inventory,ACC_COGS,621.64
E_002828,ACC_Accounts_Receivable,ACC_Cash,721.26
E_002829,ACC_Sales_Revenue,ACC_Accounts_Receivable,1109.56
E_002830,ACC_Inventory,ACC_COGS,499.74
E_002831,ACC_Sales_Revenue,ACC_Accounts_Receivable,1395.06
E_002832,ACC_Inventory,ACC_COGS,861.21
E_002833,ACC_Accounts_Receivable,ACC_Cash,966.01
E_002834,ACC_Accounts_Receivable,ACC_Cash,597.19
E_002835,ACC_Accounts_Receivable,ACC_Cash,692.91
E_002836,ACC_Accounts_Receivable,ACC_Cash,864.58
E_002837,ACC_Accounts_Receivable,ACC_Cash,511.19
E_002838,ACC_Accounts_Receivable,ACC_Cash,824.96
E_002839,ACC_Accounts_Receivable,ACC_Cash,710.23
E_002840,ACC_Accounts_Receivable,ACC_Cash,538.11
E_002841,ACC_Accounts_Receivable,ACC_Cash,769.14
E_002842,ACC_Sales_Revenue,ACC_Accounts_Receivable,803.32
E_002843,ACC_Inventory,ACC_COGS,362.97
E_002844,ACC_Sales_Revenue,ACC_Accounts_Receivable,473.37
E_002845,ACC_Inventory,ACC_COGS,228.4
E_002846,ACC_Cash,ACC_Travel_Exp,754.44
E_002847,ACC_Cash,ACC_Accounts_Payable,14691.84
E_002848,ACC_Accounts_Receivable,ACC_Cash,435.0
E_002849,ACC_Accounts_Receivable,ACC_Cash,424.56
E_002850,ACC_Accounts_Receivable,ACC_Cash,787.77
E_002851,ACC_Accounts_Receivable,ACC_Cash,1266.63
E_002852,ACC_Accounts_Receivable,ACC_Cash,695.69
E_002853,ACC_Accounts_Receivable,ACC_Cash,950.16
E_002854,ACC_Accounts_Receivable,ACC_Cash,1537.61
E_002855,ACC_Sales_Revenue,ACC_Accounts_Receivable,708.06
E_002856,ACC_Inventory,ACC_COGS,335.43
E_002857,ACC_Accounts_Receivable,ACC_Cash,1286.87
E_002858,ACC_Accounts_Receivable,ACC_Cash,819.31
E_002859,ACC_Accounts_Receivable,ACC_Cash,445.35
E_002860,ACC_Accounts_Receivable,ACC_Cash,994.31
E_002861,ACC_Accounts_Receivable,ACC_Cash,777.41
E_002862,ACC_Accounts_Receivable,ACC_Cash,715.04
E_002863,ACC_Sales_Revenue,ACC_Accounts_Receivable,742.35
E_002864,ACC_Inventory,ACC_COGS,403.62
E_002865,ACC_Sales_Revenue,ACC_Accounts_Receivable,818.33
E_002866,ACC_Inventory,ACC_COGS,361.02
E_002867,ACC_Accounts_Receivable,ACC_Cash,1050.86
E_002868,ACC_Accounts_Receivable,ACC_Cash,1246.5
E_002869,ACC_Accounts_Receivable,ACC_Cash,1644.16
E_002870,ACC_Accounts_Receivable,ACC_Cash,1057.75
E_002871,ACC_Accounts_Receivable,ACC_Cash,692.03
E_002872,ACC_Accounts_Receivable,ACC_Cash,1191.68
E_002873,ACC_Sales_Revenue,ACC_Accounts_Receivable,777.76
E_002874,ACC_Inventory,ACC_COGS,369.24
E_002875,ACC_Sales_Revenue,ACC_Accounts_Receivable,971.86
E_002876,ACC_Inventory,ACC_COGS,394.44
E_002877,ACC_Cash,ACC_Travel_Exp,667.09
E_002878,ACC_Accounts_Receivable,ACC_Cash,1035.67
E_002879,ACC_Accounts_Receivable,ACC_Cash,256.0
E_002880,ACC_Accounts_Receivable,ACC_Cash,1720.25
E_002881,ACC_Accounts_Receivable,ACC_Cash,489.59
E_002882,ACC_Accounts_Receivable,ACC_Cash,780.22
E_002883,ACC_Accounts_Receivable,ACC_Cash,834.44
E_002884,ACC_Sales_Revenue,ACC_Accounts_Receivable,363.01
E_002885,ACC_Inventory,ACC_COGS,197.99
E_002886,ACC_Sales_Revenue,ACC_Accounts_Receivable,549.43
E_002887,ACC_Inventory,ACC_COGS,272.78
E_002888,ACC_Accounts_Payable,ACC_Inventory,11783.87
E_002889,ACC_Cash,ACC_Travel_Exp,978.51
E_002890,ACC_Accounts_Receivable,ACC_Cash,815.0
E_002891,ACC_Cash,ACC_Accounts_Payable,14165.65
E_002892,ACC_Accounts_Receivable,ACC_Cash,724.69
E_002893,ACC_Accounts_Receivable,ACC_Cash,1389.43
E_002894,ACC_Accounts_Receivable,ACC_Cash,527.76
E_002895,ACC_Accounts_Receivable,ACC_Cash,540.03
E_002896,ACC_Accounts_Receivable,ACC_Cash,1144.34
E_002897,ACC_Sales_Revenue,ACC_Accounts_Receivable,1016.97
E_002898,ACC_Inventory,ACC_COGS,492.5
E_002899,ACC_Accounts_Receivable,ACC_Cash,1601.98
E_002900,ACC_Accounts_Receivable,ACC_Cash,725.01
E_002901,ACC_Sales_Revenue,ACC_Accounts_Receivable,1302.6
E_002902,ACC_Inventory,ACC_COGS,820.71
E_002903,ACC_Sales_Revenue,ACC_Accounts_Receivable,734.53
E_002904,ACC_Inventory,ACC_COGS,315.88
E_002905,ACC_Sales_Revenue,ACC_Accounts_Receivable,1452.3
E_002906,ACC_Inventory,ACC_COGS,813.44
E_002907,ACC_Cash,ACC_Travel_Exp,1195.78
E_002908,ACC_Accounts_Receivable,ACC_Cash,809.25
E_002909,ACC_Accounts_Receivable,ACC_Cash,1124.06
E_002910,ACC_Accounts_Receivable,ACC_Cash,1246.24
E_002911,ACC_Accounts_Receivable,ACC_Cash,414.24
E_002912,ACC_Sales_Revenue,ACC_Accounts_Receivable,699.09
E_002913,ACC_Inventory,ACC_COGS,325.65
E_002914,ACC_Sales_Revenue,ACC_Accounts_Receivable,625.94
E_002915,ACC_Inventory,ACC_COGS,323.31
E_002916,ACC_Accounts_Receivable,ACC_Cash,869.54
E_002917,ACC_Accounts_Receivable,ACC_Cash,867.01
E_002918,ACC_Accounts_Receivable,ACC_Cash,543.09
E_002919,ACC_Sales_Revenue,ACC_Accounts_Receivable,684.95
E_002920,ACC_Inventory,ACC_COGS,310.17
E_002921,ACC_Sales_Revenue,ACC_Accounts_Receivable,856.43
E_002922,ACC_Inventory,ACC_COGS,532.21
E_002923,ACC_Cash,ACC_Travel_Exp,849.66
E_002924,ACC_Cash,ACC_Payroll_Exp,8160.57
E_002925,ACC_Cash,ACC_Payroll_Exp,6003.66
E_002926,ACC_Cash,ACC_Payroll_Exp,4349.55
E_002927,ACC_Cash,ACC_Rent_Exp,6428.78
E_002928,ACC_Accounts_Receivable,ACC_Cash,448.27
E_002929,ACC_Accounts_Receivable,ACC_Cash,638.41
E_002930,ACC_Accounts_Receivable,ACC_Cash,259.24
E_002931,ACC_Accounts_Receivable,ACC_Cash,543.39
E_002932,ACC_Accounts_Receivable,ACC_Cash,714.92
E_002933,ACC_Accounts_Receivable,ACC_Cash,1158.02
E_002934,ACC_Accounts_Receivable,ACC_Cash,531.39
E_002935,ACC_Accounts_Receivable,ACC_Cash,887.92
E_002936,ACC_Accounts_Receivable,ACC_Cash,825.56
E_002937,ACC_Accounts_Receivable,ACC_Cash,471.24
E_002938,ACC_Accounts_Receivable,ACC_Cash,954.13
E_002939,ACC_Accounts_Receivable,ACC_Cash,2245.08
E_002940,ACC_Sales_Revenue,ACC_Accounts_Receivable,441.71
E_002941,ACC_Inventory,ACC_COGS,302.25
E_002942,ACC_Sales_Revenue,ACC_Accounts_Receivable,288.02
E_002943,ACC_Inventory,ACC_COGS,197.15
E_002944,ACC_Accounts_Receivable,ACC_Cash,1217.35
E_002945,ACC_Accounts_Receivable,ACC_Cash,1208.0
E_002946,ACC_Sales_Revenue,ACC_Accounts_Receivable,463.06
E_002947,ACC_Inventory,ACC_COGS,253.6
E_002948,ACC_Sales_Revenue,ACC_Accounts_Receivable,731.21
E_002949,ACC_Inventory,ACC_COGS,300.81
E_002950,ACC_Cash,ACC_Travel_Exp,645.94
E_002951,ACC_Accounts_Receivable,ACC_Cash,1355.02
E_002952,ACC_Accounts_Receivable,ACC_Cash,1176.44
E_002953,ACC_Accounts_Receivable,ACC_Cash,859.69
E_002954,ACC_Accounts_Receivable,ACC_Cash,894.45
E_002955,ACC_Accounts_Receivable,ACC_Cash,759.52
E_002956,ACC_Accounts_Receivable,ACC_Cash,1534.52
E_002957,ACC_Sales_Revenue,ACC_Accounts_Receivable,389.09
E_002958,ACC_Inventory,ACC_COGS,155.72
E_002959,ACC_Accounts_Payable,ACC_Inventory,12812.19
E_002960,ACC_Accounts_Receivable,ACC_Cash,1034.53
E_002961,ACC_Accounts_Receivable,ACC_Cash,703.78
E_002962,ACC_Accounts_Receivable,ACC_Cash,1231.62
E_002963,ACC_Accounts_Receivable,ACC_Cash,1038.51
E_002964,ACC_Accounts_Receivable,ACC_Cash,753.39
E_002965,ACC_Accounts_Receivable,ACC_Cash,1396.06
E_002966,ACC_Sales_Revenue,ACC_Accounts_Receivable,635.24
E_002967,ACC_Inventory,ACC_COGS,429.19
E_002968,ACC_Sales_Revenue,ACC_Accounts_Receivable,283.78
E_002969,ACC_Inventory,ACC_COGS,118.58
E_002970,ACC_Accounts_Receivable,ACC_Cash,479.38
E_002971,ACC_Accounts_Receivable,ACC_Cash,1165.52
E_002972,ACC_Accounts_Receivable,ACC_Cash,628.96
E_002973,ACC_Sales_Revenue,ACC_Accounts_Receivable,935.74
E_002974,ACC_Inventory,ACC_COGS,591.68
E_002975,ACC_Cash,ACC_Travel_Exp,114.86
E_002976,ACC_Accounts_Receivable,ACC_Cash,1004.77
E_002977,ACC_Accounts_Receivable,ACC_Cash,986.09
E_002978,ACC_Accounts_Receivable,ACC_Cash,478.86
E_002979,ACC_Accounts_Receivable,ACC_Cash,1070.27
E_002980,ACC_Accounts_Receivable,ACC_Cash,533.1
E_002981,ACC_Sales_Revenue,ACC_Accounts_Receivable,860.88
E_002982,ACC_Inventory,ACC_COGS,526.31
E_002983,ACC_Cash,ACC_Travel_Exp,383.07
E_002984,ACC_Accounts_Receivable,ACC_Cash,645.82
E_002985,ACC_Accounts_Receivable,ACC_Cash,476.63
E_002986,ACC_Accounts_Receivable,ACC_Cash,2122.85
E_002987,ACC_Accounts_Receivable,ACC_Cash,814.14
E_002988,ACC_Accounts_Receivable,ACC_Cash,633.93
E_002989,ACC_Sales_Revenue,ACC_Accounts_Receivable,1008.61
E_002990,ACC_Inventory,ACC_COGS,444.73
E_002991,ACC_Sales_Revenue,ACC_Accounts_Receivable,839.2
E_002992,ACC_Inventory,ACC_COGS,445.67
E_002993,ACC_Accounts_Receivable,ACC_Cash,1250.79
E_002994,ACC_Accounts_Receivable,ACC_Cash,816.8
E_002995,ACC_Accounts_Receivable,ACC_Cash,756.56
E_002996,ACC_Accounts_Receivable,ACC_Cash,925.74
E_002997,ACC_Accounts_Receivable,ACC_Cash,947.08
E_002998,ACC_Cash,ACC_Accounts_Payable,14463.02
E_002999,ACC_Accounts_Receivable,ACC_Cash,606.35
E_003000,ACC_Sales_Revenue,ACC_Accounts_Receivable,1291.09
E_003001,ACC_Inventory,ACC_COGS,583.91
E_003002,ACC_Accounts_Receivable,ACC_Cash,1286.17
E_003003,ACC_Accounts_Receivable,ACC_Cash,619.57
E_003004,ACC_Sales_Revenue,ACC_Accounts_Receivable,791.31
E_003005,ACC_Inventory,ACC_COGS,503.35
E_003006,ACC_Accounts_Receivable,ACC_Cash,353.51
E_003007,ACC_Accounts_Receivable,ACC_Cash,947.93
E_003008,ACC_Accounts_Receivable,ACC_Cash,1244.91
E_003009,ACC_Accounts_Receivable,ACC_Cash,641.09
E_003010,ACC_Accounts_Receivable,ACC_Cash,557.27
E_003011,ACC_Sales_Revenue,ACC_Accounts_Receivable,670.01
E_003012,ACC_Inventory,ACC_COGS,344.06
E_003013,ACC_Accounts_Payable,ACC_Inventory,10672.8
E_003014,ACC_Cash,ACC_Travel_Exp,851.35
E_003015,ACC_Accounts_Receivable,ACC_Cash,1119.76
E_003016,ACC_Accounts_Receivable,ACC_Cash,1033.75
E_003017,ACC_Accounts_Receivable,ACC_Cash,580.07
E_003018,ACC_Accounts_Receivable,ACC_Cash,603.42
E_003019,ACC_Sales_Revenue,ACC_Accounts_Receivable,1586.52
E_003020,ACC_Inventory,ACC_COGS,907.25
E_003021,ACC_Accounts_Receivable,ACC_Cash,1084.4
E_003022,ACC_Accounts_Receivable,ACC_Cash,617.6
E_003023,ACC_Accounts_Receivable,ACC_Cash,410.42
E_003024,ACC_Accounts_Receivable,ACC_Cash,611.53
E_003025,ACC_Accounts_Receivable,ACC_Cash,406.44
E_003026,ACC_Accounts_Receivable,ACC_Cash,426.84
E_003027,ACC_Accounts_Receivable,ACC_Cash,497.49
E_003028,ACC_Sales_Revenue,ACC_Accounts_Receivable,419.55
E_003029,ACC_Inventory,ACC_COGS,171.9
E_003030,ACC_Accounts_Receivable,ACC_Cash,1089.3
E_003031,ACC_Accounts_Receivable,ACC_Cash,1133.02
E_003032,ACC_Accounts_Receivable,ACC_Cash,505.77
E_003033,ACC_Sales_Revenue,ACC_Accounts_Receivable,735.74
E_003034,ACC_Inventory,ACC_COGS,429.24
E_003035,ACC_Sales_Revenue,ACC_Accounts_Receivable,612.15
E_003036,ACC_Inventory,ACC_COGS,416.88
E_003037,ACC_Cash,ACC_Travel_Exp,435.77
E_003038,ACC_Accounts_Receivable,ACC_Cash,695.86
E_003039,ACC_Accounts_Receivable,ACC_Cash,774.58
E_003040,ACC_Accounts_Receivable,ACC_Cash,912.43
E_003041,ACC_Cash,ACC_Accounts_Payable,11663.05
E_003042,ACC_Accounts_Receivable,ACC_Cash,704.89
E_003043,ACC_Sales_Revenue,ACC_Accounts_Receivable,627.89
E_003044,ACC_Inventory,ACC_COGS,311.34
E_003045,ACC_Sales_Revenue,ACC_Accounts_Receivable,1660.74
E_003046,ACC_Inventory,ACC_COGS,708.5
E_003047,ACC_Accounts_Receivable,ACC_Cash,636.6
E_003048,ACC_Accounts_Receivable,ACC_Cash,623.35
E_003049,ACC_Accounts_Receivable,ACC_Cash,902.95
E_003050,ACC_Accounts_Receivable,ACC_Cash,2000.17
E_003051,ACC_Accounts_Receivable,ACC_Cash,834.05
E_003052,ACC_Sales_Revenue,ACC_Accounts_Receivable,658.16
E_003053,ACC_Inventory,ACC_COGS,329.56
E_003054,ACC_Sales_Revenue,ACC_Accounts_Receivable,1896.06
E_003055,ACC_Inventory,ACC_COGS,900.37
E_003056,ACC_Accounts_Receivable,ACC_Cash,895.24
E_003057,ACC_Sales_Revenue,ACC_Accounts_Receivable,1076.48
E_003058,ACC_Inventory,ACC_COGS,663.25
E_003059,ACC_Cash,ACC_Accounts_Payable,11357.83
E_003060,ACC_Accounts_Receivable,ACC_Cash,975.44
E_003061,ACC_Accounts_Receivable,ACC_Cash,793.74
E_003062,ACC_Sales_Revenue,ACC_Accounts_Receivable,1346.56
E_003063,ACC_Inventory,ACC_COGS,930.11
E_003064,ACC_Sales_Revenue,ACC_Accounts_Receivable,1494.01
E_003065,ACC_Inventory,ACC_COGS,992.82
E_003066,ACC_Accounts_Payable,ACC_Inventory,12048.01
E_003067,ACC_Accounts_Receivable,ACC_Cash,1144.46
E_003068,ACC_Accounts_Receivable,ACC_Cash,880.18
E_003069,ACC_Accounts_Receivable,ACC_Cash,538.49
E_003070,ACC_Accounts_Receivable,ACC_Cash,944.0
E_003071,ACC_Accounts_Receivable,ACC_Cash,863.88
E_003072,ACC_Sales_Revenue,ACC_Accounts_Receivable,961.6
E_003073,ACC_Inventory,ACC_COGS,551.4
E_003074,ACC_Cash,ACC_Travel_Exp,116.24
E_003075,ACC_Accounts_Receivable,ACC_Cash,918.93
E_003076,ACC_Accounts_Receivable,ACC_Cash,524.92
E_003077,ACC_Accounts_Receivable,ACC_Cash,813.1
E_003078,ACC_Accounts_Receivable,ACC_Cash,456.49
E_003079,ACC_Accounts_Receivable,ACC_Cash,905.55
E_003080,ACC_Accounts_Receivable,ACC_Cash,754.32
E_003081,ACC_Sales_Revenue,ACC_Accounts_Receivable,1789.99
E_003082,ACC_Inventory,ACC_COGS,1170.17
E_003083,ACC_Cash,ACC_Travel_Exp,152.53
E_003084,ACC_Accounts_Receivable,ACC_Cash,938.52
E_003085,ACC_Accounts_Receivable,ACC_Cash,746.62
E_003086,ACC_Accounts_Receivable,ACC_Cash,791.86
E_003087,ACC_Accounts_Receivable,ACC_Cash,656.62
E_003088,ACC_Accounts_Receivable,ACC_Cash,994.19
E_003089,ACC_Accounts_Receivable,ACC_Cash,1561.87
E_003090,ACC_Accounts_Receivable,ACC_Cash,383.8
E_003091,ACC_Accounts_Receivable,ACC_Cash,558.48
E_003092,ACC_Sales_Revenue,ACC_Accounts_Receivable,691.24
E_003093,ACC_Inventory,ACC_COGS,347.38
E_003094,ACC_Sales_Revenue,ACC_Accounts_Receivable,861.34
E_003095,ACC_Inventory,ACC_COGS,533.68
E_003096,ACC_Accounts_Receivable,ACC_Cash,752.67
E_003097,ACC_Sales_Revenue,ACC_Accounts_Receivable,542.38
E_003098,ACC_Inventory,ACC_COGS,271.94
E_003099,ACC_Accounts_Receivable,ACC_Cash,1596.6
E_003100,ACC_Accounts_Receivable,ACC_Cash,934.53
E_003101,ACC_Sales_Revenue,ACC_Accounts_Receivable,615.14
E_003102,ACC_Inventory,ACC_COGS,325.65
E_003103,ACC_Sales_Revenue,ACC_Accounts_Receivable,526.29
E_003104,ACC_Inventory,ACC_COGS,351.0
E_003105,ACC_Cash,ACC_Travel_Exp,1170.05
E_003106,ACC_Accounts_Receivable,ACC_Cash,1391.76
E_003107,ACC_Accounts_Receivable,ACC_Cash,909.86
E_003108,ACC_Sales_Revenue,ACC_Accounts_Receivable,1285.49
E_003109,ACC_Inventory,ACC_COGS,672.03
E_003110,ACC_Sales_Revenue,ACC_Accounts_Receivable,1066.56
E_003111,ACC_Inventory,ACC_COGS,660.19
E_003112,ACC_Cash,ACC_Travel_Exp,142.22
E_003113,ACC_Accounts_Receivable,ACC_Cash,875.15
E_003114,ACC_Accounts_Receivable,ACC_Cash,765.19
E_003115,ACC_Sales_Revenue,ACC_Accounts_Receivable,591.05
E_003116,ACC_Inventory,ACC_COGS,306.09
E_003117,ACC_Sales_Revenue,ACC_Accounts_Receivable,453.0
E_003118,ACC_Inventory,ACC_COGS,202.07
E_003119,ACC_Accounts_Receivable,UNKNOWN_LEAK,61.18
E_003120,ACC_Accounts_Payable,ACC_Inventory,14252.0
E_003121,ACC_Sales_Revenue,ACC_Accounts_Receivable,723.63
E_003122,ACC_Inventory,ACC_COGS,332.8
E_003123,ACC_Accounts_Receivable,ACC_Cash,516.0
E_003124,ACC_Accounts_Receivable,ACC_Cash,617.02
E_003125,ACC_Accounts_Receivable,ACC_Cash,469.71
E_003126,ACC_Sales_Revenue,ACC_Accounts_Receivable,999.35
E_003127,ACC_Inventory,ACC_COGS,692.67
E_003128,ACC_Sales_Revenue,ACC_Accounts_Receivable,960.03
E_003129,ACC_Inventory,ACC_COGS,472.82
E_003130,ACC_Accounts_Receivable,ACC_Cash,967.28
E_003131,ACC_Sales_Revenue,ACC_Accounts_Receivable,618.44
E_003132,ACC_Inventory,ACC_COGS,296.54
E_003133,ACC_Sales_Revenue,ACC_Accounts_Receivable,1159.5
E_003134,ACC_Inventory,ACC_COGS,528.11
E_003135,ACC_Sales_Revenue,ACC_Accounts_Receivable,818.45
E_003136,ACC_Inventory,ACC_COGS,373.19
E_003137,ACC_Accounts_Receivable,ACC_Cash,746.49
E_003138,ACC_Accounts_Receivable,ACC_Cash,1299.65
E_003139,ACC_Sales_Revenue,ACC_Accounts_Receivable,1474.39
E_003140,ACC_Inventory,ACC_COGS,689.83
E_003141,ACC_Sales_Revenue,ACC_Accounts_Receivable,980.19
E_003142,ACC_Inventory,ACC_COGS,436.52
E_003143,ACC_Cash,ACC_Travel_Exp,432.24
E_003144,ACC_Accounts_Receivable,ACC_Cash,1969.6
E_003145,ACC_Accounts_Receivable,ACC_Cash,613.67
E_003146,ACC_Accounts_Receivable,ACC_Cash,742.35
E_003147,ACC_Sales_Revenue,ACC_Accounts_Receivable,1228.58
E_003148,ACC_Inventory,ACC_COGS,691.0
E_003149,ACC_Sales_Revenue,ACC_Accounts_Receivable,691.34
E_003150,ACC_Inventory,ACC_COGS,391.35
E_003151,ACC_Accounts_Receivable,ACC_Cash,359.72
E_003152,ACC_Accounts_Receivable,ACC_Cash,1317.79
E_003153,ACC_Sales_Revenue,ACC_Accounts_Receivable,526.73
E_003154,ACC_Inventory,ACC_COGS,363.28
E_003155,ACC_Accounts_Receivable,ACC_Cash,449.7
E_003156,ACC_Accounts_Receivable,ACC_Cash,514.49
E_003157,ACC_Cash,ACC_Accounts_Payable,9009.4
E_003158,ACC_Cash,ACC_Accounts_Payable,12042.27
E_003159,ACC_Sales_Revenue,ACC_Accounts_Receivable,1820.92
E_003160,ACC_Inventory,ACC_COGS,1209.99
E_003161,ACC_Accounts_Payable,ACC_Inventory,10345.19
E_003162,ACC_Cash,ACC_Payroll_Exp,7778.75
E_003163,ACC_Cash,ACC_Payroll_Exp,5667.82
E_003164,ACC_Cash,ACC_Payroll_Exp,4245.93
E_003165,ACC_Cash,ACC_Rent_Exp,5978.88
E_003166,ACC_Accounts_Receivable,ACC_Cash,909.74
E_003167,ACC_Accounts_Receivable,ACC_Cash,1380.59
E_003168,ACC_Cash,ACC_Accounts_Payable,10746.98
E_003169,ACC_Accounts_Receivable,ACC_Cash,1189.67
E_003170,ACC_Sales_Revenue,ACC_Accounts_Receivable,633.58
E_003171,ACC_Inventory,ACC_COGS,348.87
E_003172,ACC_Sales_Revenue,ACC_Accounts_Receivable,748.27
E_003173,ACC_Inventory,ACC_COGS,427.6
E_003174,ACC_Accounts_Receivable,ACC_Cash,469.19
E_003175,ACC_Accounts_Receivable,ACC_Cash,1061.94
E_003176,ACC_Sales_Revenue,ACC_Accounts_Receivable,724.25
E_003177,ACC_Inventory,ACC_COGS,387.27
E_003178,ACC_Sales_Revenue,ACC_Accounts_Receivable,1521.65
E_003179,ACC_Inventory,ACC_COGS,1052.45
E_003180,ACC_Cash,ACC_Travel_Exp,121.69
E_003181,ACC_Accounts_Receivable,ACC_Cash,959.13
E_003182,ACC_Accounts_Receivable,ACC_Cash,1386.99
E_003183,ACC_Accounts_Receivable,ACC_Cash,1541.11
E_003184,ACC_Accounts_Receivable,ACC_Cash,1237.86
E_003185,ACC_Sales_Revenue,ACC_Accounts_Receivable,1073.37
E_003186,ACC_Inventory,ACC_COGS,649.32
E_003187,ACC_Sales_Revenue,ACC_Accounts_Receivable,1042.9
E_003188,ACC_Inventory,ACC_COGS,613.4
E_003189,ACC_Cash,ACC_Travel_Exp,880.71
E_003190,ACC_Accounts_Receivable,ACC_Cash,687.43
E_003191,ACC_Accounts_Receivable,ACC_Cash,803.32
E_003192,ACC_Accounts_Receivable,ACC_Cash,731.21
E_003193,ACC_Sales_Revenue,ACC_Accounts_Receivable,860.08
E_003194,ACC_Inventory,ACC_COGS,552.35
E_003195,ACC_Sales_Revenue,ACC_Accounts_Receivable,476.22
E_003196,ACC_Inventory,ACC_COGS,247.26
E_003197,ACC_Accounts_Receivable,ACC_Cash,849.61
E_003198,ACC_Accounts_Receivable,ACC_Cash,725.56
E_003199,ACC_Accounts_Receivable,ACC_Cash,1287.43
E_003200,ACC_Accounts_Receivable,ACC_Cash,673.74
E_003201,ACC_Accounts_Receivable,ACC_Cash,66.46
E_003202,ACC_Accounts_Receivable,ACC_Cash,818.33
E_003203,ACC_Sales_Revenue,ACC_Accounts_Receivable,616.51
E_003204,ACC_Inventory,ACC_COGS,416.24
E_003205,ACC_Sales_Revenue,ACC_Accounts_Receivable,647.53
E_003206,ACC_Inventory,ACC_COGS,380.05
E_003207,ACC_Cash,ACC_Travel_Exp,205.08
E_003208,ACC_Accounts_Receivable,ACC_Cash,1059.0
E_003209,ACC_Accounts_Receivable,ACC_Cash,338.07
E_003210,ACC_Accounts_Receivable,ACC_Cash,1002.42
E_003211,ACC_Sales_Revenue,ACC_Accounts_Receivable,1312.81
E_003212,ACC_Inventory,ACC_COGS,748.27
E_003213,ACC_Sales_Revenue,ACC_Accounts_Receivable,806.84
E_003214,ACC_Inventory,ACC_COGS,550.18
E_003215,ACC_Accounts_Receivable,ACC_Cash,493.12
E_003216,ACC_Sales_Revenue,ACC_Accounts_Receivable,1580.5
E_003217,ACC_Inventory,ACC_COGS,1004.76
E_003218,ACC_Sales_Revenue,ACC_Accounts_Receivable,880.87
E_003219,ACC_Inventory,ACC_COGS,443.22
E_003220,ACC_Accounts_Payable,ACC_Inventory,15902.52
E_003221,ACC_Accounts_Receivable,ACC_Cash,570.11
E_003222,ACC_Sales_Revenue,ACC_Accounts_Receivable,395.56
E_003223,ACC_Inventory,ACC_COGS,162.67
E_003224,ACC_Sales_Revenue,ACC_Accounts_Receivable,1081.33
E_003225,ACC_Inventory,ACC_COGS,633.09
E_003226,ACC_Cash,ACC_Travel_Exp,1070.8
E_003227,ACC_Accounts_Receivable,ACC_Cash,702.52
E_003228,ACC_Accounts_Receivable,ACC_Cash,458.88
E_003229,ACC_Sales_Revenue,ACC_Accounts_Receivable,1340.12
E_003230,ACC_Inventory,ACC_COGS,669.32
E_003231,ACC_Sales_Revenue,ACC_Accounts_Receivable,1047.21
E_003232,ACC_Inventory,ACC_COGS,568.18
E_003233,ACC_Cash,ACC_Travel_Exp,986.34
E_003234,ACC_Accounts_Receivable,ACC_Cash,936.3
E_003235,ACC_Accounts_Receivable,ACC_Cash,745.93
E_003236,ACC_Accounts_Receivable,ACC_Cash,708.06
E_003237,ACC_Sales_Revenue,ACC_Accounts_Receivable,490.24
E_003238,ACC_Inventory,ACC_COGS,240.67
E_003239,ACC_Sales_Revenue,ACC_Accounts_Receivable,735.83
E_003240,ACC_Inventory,ACC_COGS,483.79
E_003241,ACC_Accounts_Receivable,ACC_Cash,1000.19
E_003242,ACC_Accounts_Receivable,ACC_Cash,584.18
E_003243,ACC_Accounts_Receivable,ACC_Cash,1302.6
E_003244,ACC_Sales_Revenue,ACC_Accounts_Receivable,634.22
E_003245,ACC_Inventory,ACC_COGS,279.26
E_003246,ACC_Sales_Revenue,ACC_Accounts_Receivable,1012.36
E_003247,ACC_Inventory,ACC_COGS,655.75
E_003248,ACC_Accounts_Receivable,ACC_Cash,805.0
E_003249,ACC_Accounts_Receivable,ACC_Cash,997.85
E_003250,ACC_Accounts_Receivable,ACC_Cash,338.14
E_003251,ACC_Accounts_Receivable,ACC_Cash,549.43
E_003252,ACC_Accounts_Receivable,ACC_Cash,283.78
E_003253,ACC_Sales_Revenue,ACC_Accounts_Receivable,936.81
E_003254,ACC_Inventory,ACC_COGS,399.82
E_003255,ACC_Sales_Revenue,ACC_Accounts_Receivable,495.84
E_003256,ACC_Inventory,ACC_COGS,320.9
E_003257,ACC_Sales_Revenue,ACC_Accounts_Receivable,955.71
E_003258,ACC_Inventory,ACC_COGS,530.37
E_003259,ACC_Accounts_Receivable,ACC_Cash,516.82
E_003260,ACC_Sales_Revenue,ACC_Accounts_Receivable,626.84
E_003261,ACC_Inventory,ACC_COGS,280.63
E_003262,ACC_Sales_Revenue,ACC_Accounts_Receivable,758.24
E_003263,ACC_Inventory,ACC_COGS,395.05
E_003264,ACC_Sales_Revenue,ACC_Accounts_Receivable,804.71
E_003265,ACC_Inventory,ACC_COGS,534.17
E_003266,ACC_Accounts_Receivable,ACC_Cash,1184.79
E_003267,ACC_Accounts_Receivable,ACC_Cash,553.54
E_003268,ACC_Accounts_Receivable,ACC_Cash,2023.01
E_003269,ACC_Accounts_Receivable,ACC_Cash,658.16
E_003270,ACC_Sales_Revenue,ACC_Accounts_Receivable,1036.83
E_003271,ACC_Inventory,ACC_COGS,477.17
E_003272,ACC_Sales_Revenue,ACC_Accounts_Receivable,762.22
E_003273,ACC_Inventory,ACC_COGS,409.26
E_003274,ACC_Accounts_Payable,ACC_Inventory,12629.3
E_003275,ACC_Accounts_Receivable,ACC_Cash,600.19
E_003276,ACC_Cash,ACC_Accounts_Payable,11783.87
E_003277,ACC_Sales_Revenue,ACC_Accounts_Receivable,671.58
E_003278,ACC_Inventory,ACC_COGS,370.4
E_003279,ACC_Sales_Revenue,ACC_Accounts_Receivable,1068.02
E_003280,ACC_Inventory,ACC_COGS,645.46
E_003281,ACC_Accounts_Receivable,ACC_Cash,611.07
E_003282,ACC_Accounts_Receivable,ACC_Cash,810.98
E_003283,ACC_Accounts_Receivable,ACC_Cash,1008.61
E_003284,ACC_Sales_Revenue,ACC_Accounts_Receivable,1596.23
E_003285,ACC_Inventory,ACC_COGS,723.53
E_003286,ACC_Sales_Revenue,ACC_Accounts_Receivable,681.81
E_003287,ACC_Inventory,ACC_COGS,385.5
E_003288,ACC_Accounts_Receivable,ACC_Cash,423.02
E_003289,ACC_Accounts_Receivable,ACC_Cash,1004.46
E_003290,ACC_Accounts_Receivable,ACC_Cash,768.97
E_003291,ACC_Cash,ACC_Accounts_Payable,10672.8
E_003292,ACC_Sales_Revenue,ACC_Accounts_Receivable,1161.71
E_003293,ACC_Inventory,ACC_COGS,725.71
E_003294,ACC_Sales_Revenue,ACC_Accounts_Receivable,453.62
E_003295,ACC_Inventory,ACC_COGS,185.18
E_003296,ACC_Accounts_Receivable,ACC_Cash,514.54
E_003297,ACC_Accounts_Receivable,ACC_Cash,971.86
E_003298,ACC_Accounts_Receivable,ACC_Cash,1896.06
E_003299,ACC_Accounts_Receivable,ACC_Cash,1076.48
E_003300,ACC_Sales_Revenue,ACC_Accounts_Receivable,434.57
E_003301,ACC_Inventory,ACC_COGS,299.63
E_003302,ACC_Sales_Revenue,ACC_Accounts_Receivable,1325.63
E_003303,ACC_Inventory,ACC_COGS,619.78
E_003304,ACC_Accounts_Receivable,ACC_Cash,1116.58
E_003305,ACC_Accounts_Receivable,ACC_Cash,473.37
E_003306,ACC_Sales_Revenue,ACC_Accounts_Receivable,2225.84
E_003307,ACC_Inventory,ACC_COGS,903.73
E_003308,ACC_Sales_Revenue,ACC_Accounts_Receivable,638.37
E_003309,ACC_Inventory,ACC_COGS,386.0
E_003310,ACC_Accounts_Receivable,ACC_Cash,1610.73
E_003311,ACC_Accounts_Receivable,ACC_Cash,463.06
E_003312,ACC_Sales_Revenue,ACC_Accounts_Receivable,1482.46
E_003313,ACC_Inventory,ACC_COGS,860.33
E_003314,ACC_Sales_Revenue,ACC_Accounts_Receivable,1784.78
E_003315,ACC_Inventory,ACC_COGS,1039.64
E_003316,ACC_Sales_Revenue,ACC_Accounts_Receivable,1824.78
E_003317,ACC_Inventory,ACC_COGS,1259.29
E_003318,ACC_Accounts_Receivable,ACC_Cash,815.79
E_003319,ACC_Accounts_Receivable,ACC_Cash,1030.83
E_003320,ACC_Cash,ACC_Accounts_Payable,11536.33
E_003321,ACC_Accounts_Receivable,ACC_Cash,1395.06
E_003322,ACC_Accounts_Receivable,ACC_Cash,856.43
E_003323,ACC_Accounts_Receivable,ACC_Cash,612.15
E_003324,ACC_Sales_Revenue,ACC_Accounts_Receivable,1205.0
E_003325,ACC_Inventory,ACC_COGS,789.85
E_003326,ACC_Sales_Revenue,ACC_Accounts_Receivable,1013.96
E_003327,ACC_Inventory,ACC_COGS,547.55
E_003328,ACC_Sales_Revenue,ACC_Accounts_Receivable,1092.21
E_003329,ACC_Inventory,ACC_COGS,641.22
E_003330,ACC_Accounts_Payable,ACC_Inventory,11173.22
E_003331,ACC_Accounts_Receivable,ACC_Cash,791.31
E_003332,ACC_Cash,ACC_Accounts_Payable,12048.01
E_003333,ACC_Sales_Revenue,ACC_Accounts_Receivable,798.92
E_003334,ACC_Inventory,ACC_COGS,520.75
E_003335,ACC_Sales_Revenue,ACC_Accounts_Receivable,747.35
E_003336,ACC_Inventory,ACC_COGS,435.49
E_003337,ACC_Accounts_Receivable,ACC_Cash,841.09
E_003338,ACC_Sales_Revenue,ACC_Accounts_Receivable,1056.98
E_003339,ACC_Inventory,ACC_COGS,529.43
E_003340,ACC_Sales_Revenue,ACC_Accounts_Receivable,1172.31
E_003341,ACC_Inventory,ACC_COGS,771.9
E_003342,ACC_Accounts_Receivable,ACC_Cash,992.39
E_003343,ACC_Sales_Revenue,ACC_Accounts_Receivable,1444.65
E_003344,ACC_Inventory,ACC_COGS,860.2
E_003345,ACC_Sales_Revenue,ACC_Accounts_Receivable,506.71
E_003346,ACC_Inventory,ACC_COGS,319.05
E_003347,ACC_Sales_Revenue,ACC_Accounts_Receivable,740.37
E_003348,ACC_Inventory,ACC_COGS,486.57
E_003349,ACC_Accounts_Receivable,ACC_Cash,782.35
E_003350,ACC_Accounts_Receivable,ACC_Cash,991.5
E_003351,ACC_Accounts_Receivable,ACC_Cash,723.63
E_003352,ACC_Sales_Revenue,ACC_Accounts_Receivable,379.17
E_003353,ACC_Inventory,ACC_COGS,229.1
E_003354,ACC_Sales_Revenue,ACC_Accounts_Receivable,773.97
E_003355,ACC_Inventory,ACC_COGS,425.07
E_003356,ACC_Accounts_Receivable,ACC_Cash,856.07
E_003357,ACC_Accounts_Receivable,ACC_Cash,1109.56
E_003358,ACC_Sales_Revenue,ACC_Accounts_Receivable,1465.56
E_003359,ACC_Inventory,ACC_COGS,756.94
E_003360,ACC_Sales_Revenue,ACC_Accounts_Receivable,1029.61
E_003361,ACC_Inventory,ACC_COGS,719.11
E_003362,ACC_Sales_Revenue,ACC_Accounts_Receivable,531.09
E_003363,ACC_Inventory,ACC_COGS,328.2
E_003364,ACC_Accounts_Receivable,ACC_Cash,1307.25
E_003365,ACC_Sales_Revenue,ACC_Accounts_Receivable,1303.78
E_003366,ACC_Inventory,ACC_COGS,707.59
E_003367,ACC_Sales_Revenue,ACC_Accounts_Receivable,1009.74
E_003368,ACC_Inventory,ACC_COGS,557.57
E_003369,ACC_Sales_Revenue,ACC_Accounts_Receivable,730.71
E_003370,ACC_Inventory,ACC_COGS,436.44
E_003371,ACC_Sales_Revenue,ACC_Accounts_Receivable,545.03
E_003372,ACC_Inventory,ACC_COGS,233.97
E_003373,ACC_Accounts_Receivable,ACC_Cash,913.21
E_003374,ACC_Accounts_Receivable,ACC_Cash,818.45
E_003375,ACC_Sales_Revenue,ACC_Accounts_Receivable,1236.59
E_003376,ACC_Inventory,ACC_COGS,702.02
E_003377,ACC_Sales_Revenue,ACC_Accounts_Receivable,1700.11
E_003378,ACC_Inventory,ACC_COGS,1026.72
E_003379,ACC_Sales_Revenue,ACC_Accounts_Receivable,1483.13
E_003380,ACC_Inventory,ACC_COGS,692.14
E_003381,ACC_Accounts_Payable,ACC_Inventory,11266.73
E_003382,ACC_Sales_Revenue,ACC_Accounts_Receivable,846.38
E_003383,ACC_Inventory,ACC_COGS,432.93
E_003384,ACC_Sales_Revenue,ACC_Accounts_Receivable,394.35
E_003385,ACC_Inventory,ACC_COGS,258.44
E_003386,ACC_Accounts_Receivable,ACC_Cash,798.06
E_003387,ACC_Accounts_Receivable,ACC_Cash,826.62
E_003388,ACC_Sales_Revenue,ACC_Accounts_Receivable,754.13
E_003389,ACC_Inventory,ACC_COGS,432.94
E_003390,ACC_Sales_Revenue,ACC_Accounts_Receivable,663.94
E_003391,ACC_Inventory,ACC_COGS,442.73
E_003392,ACC_Sales_Revenue,ACC_Accounts_Receivable,422.73
E_003393,ACC_Inventory,ACC_COGS,255.42
E_003394,ACC_Cash,ACC_Travel_Exp,1029.46
E_003395,ACC_Cash,ACC_Payroll_Exp,8513.6
E_003396,ACC_Cash,ACC_Payroll_Exp,5360.76
E_003397,ACC_Cash,ACC_Payroll_Exp,3064.07
E_003398,ACC_Cash,ACC_Rent_Exp,1553.29
