t_idx,time_label,src_idx,src_label,tgt_idx,tgt_label,stiffness_k,partial_corr
0,2020-01,0,00_USR_001,0,00_USR_001,0.0,0.0
0,2020-01,0,00_USR_001,1,01_USR_002,0.0,0.0
0,2020-01,0,00_USR_001,2,02_USR_003,0.0,0.0
0,2020-01,0,00_USR_001,3,03_USR_004,0.0,0.0
0,2020-01,0,00_USR_001,4,04_USR_005,0.0,0.0
0,2020-01,0,00_USR_001,5,05_USR_006,0.0,0.0
0,2020-01,0,00_USR_001,6,06_USR_007,0.0,0.0
0,2020-01,0,00_USR_001,7,07_USR_008,0.0,0.0
0,2020-01,0,00_USR_001,8,08_USR_009,0.0,0.0
0,2020-01,0,00_USR_001,9,09_USR_010,0.0,0.0
0,2020-01,0,00_USR_001,10,10_STK_001,0.0,0.0
0,2020-01,0,00_USR_001,11,11_STK_002,0.0,0.0
0,2020-01,0,00_USR_001,12,12_STK_003,0.0,0.0
0,2020-01,0,00_USR_001,13,13_STK_004,0.0,0.0
0,2020-01,0,00_USR_001,14,14_STK_005,0.0,0.0
0,2020-01,1,01_USR_002,0,00_USR_001,0.0,0.0
0,2020-01,1,01_USR_002,1,01_USR_002,0.0,0.0
0,2020-01,1,01_USR_002,2,02_USR_003,0.0,0.0
0,2020-01,1,01_USR_002,3,03_USR_004,0.0,0.0
0,2020-01,1,01_USR_002,4,04_USR_005,0.0,0.0
0,2020-01,1,01_USR_002,5,05_USR_006,0.0,0.0
0,2020-01,1,01_USR_002,6,06_USR_007,0.0,0.0
0,2020-01,1,01_USR_002,7,07_USR_008,0.0,0.0
0,2020-01,1,01_USR_002,8,08_USR_009,0.0,0.0
0,2020-01,1,01_USR_002,9,09_USR_010,0.0,0.0
0,2020-01,1,01_USR_002,10,10_STK_001,0.0,0.0
0,2020-01,1,01_USR_002,11,11_STK_002,0.0,0.0
0,2020-01,1,01_USR_002,12,12_STK_003,0.0,0.0
0,2020-01,1,01_USR_002,13,13_STK_004,0.0,0.0
0,2020-01,1,01_USR_002,14,14_STK_005,0.0,0.0
0,2020-01,2,02_USR_003,0,00_USR_001,0.0,0.0
0,2020-01,2,02_USR_003,1,01_USR_002,0.0,0.0
0,2020-01,2,02_USR_003,2,02_USR_003,0.0,0.0
0,2020-01,2,02_USR_003,3,03_USR_004,0.0,0.0
0,2020-01,2,02_USR_003,4,04_USR_005,0.0,0.0
0,2020-01,2,02_USR_003,5,05_USR_006,0.0,0.0
0,2020-01,2,02_USR_003,6,06_USR_007,0.0,0.0
0,2020-01,2,02_USR_003,7,07_USR_008,0.0,0.0
0,2020-01,2,02_USR_003,8,08_USR_009,0.0,0.0
0,2020-01,2,02_USR_003,9,09_USR_010,0.0,0.0
0,2020-01,2,02_USR_003,10,10_STK_001,0.0,0.0
0,2020-01,2,02_USR_003,11,11_STK_002,0.0,0.0
0,2020-01,2,02_USR_003,12,12_STK_003,0.0,0.0
0,2020-01,2,02_USR_003,13,13_STK_004,0.0,0.0
0,2020-01,2,02_USR_003,14,14_STK_005,0.0,0.0
0,2020-01,3,03_USR_004,0,00_USR_001,0.0,0.0
0,2020-01,3,03_USR_004,1,01_USR_002,0.0,0.0
0,2020-01,3,03_USR_004,2,02_USR_003,0.0,0.0
0,2020-01,3,03_USR_004,3,03_USR_004,0.0,0.0
0,2020-01,3,03_USR_004,4,04_USR_005,0.0,0.0
0,2020-01,3,03_USR_004,5,05_USR_006,0.0,0.0
0,2020-01,3,03_USR_004,6,06_USR_007,0.0,0.0
0,2020-01,3,03_USR_004,7,07_USR_008,0.0,0.0
0,2020-01,3,03_USR_004,8,08_USR_009,0.0,0.0
0,2020-01,3,03_USR_004,9,09_USR_010,0.0,0.0
0,2020-01,3,03_USR_004,10,10_STK_001,0.0,0.0
0,2020-01,3,03_USR_004,11,11_STK_002,0.0,0.0
0,2020-01,3,03_USR_004,12,12_STK_003,0.0,0.0
0,2020-01,3,03_USR_004,13,13_STK_004,0.0,0.0
0,2020-01,3,03_USR_004,14,14_STK_005,0.0,0.0
0,2020-01,4,04_USR_005,0,00_USR_001,0.0,0.0
0,2020-01,4,04_USR_005,1,01_USR_002,0.0,0.0
0,2020-01,4,04_USR_005,2,02_USR_003,0.0,0.0
0,2020-01,4,04_USR_005,3,03_USR_004,0.0,0.0
0,2020-01,4,04_USR_005,4,04_USR_005,0.0,0.0
0,2020-01,4,04_USR_005,5,05_USR_006,0.0,0.0
0,2020-01,4,04_USR_005,6,06_USR_007,0.0,0.0
0,2020-01,4,04_USR_005,7,07_USR_008,0.0,0.0
0,2020-01,4,04_USR_005,8,08_USR_009,0.0,0.0
0,2020-01,4,04_USR_005,9,09_USR_010,0.0,0.0
0,2020-01,4,04_USR_005,10,10_STK_001,0.0,0.0
0,2020-01,4,04_USR_005,11,11_STK_002,0.0,0.0
0,2020-01,4,04_USR_005,12,12_STK_003,0.0,0.0
0,2020-01,4,04_USR_005,13,13_STK_004,0.0,0.0
0,2020-01,4,04_USR_005,14,14_STK_005,0.0,0.0
0,2020-01,5,05_USR_006,0,00_USR_001,0.0,0.0
0,2020-01,5,05_USR_006,1,01_USR_002,0.0,0.0
0,2020-01,5,05_USR_006,2,02_USR_003,0.0,0.0
0,2020-01,5,05_USR_006,3,03_USR_004,0.0,0.0
0,2020-01,5,05_USR_006,4,04_USR_005,0.0,0.0
0,2020-01,5,05_USR_006,5,05_USR_006,0.0,0.0
0,2020-01,5,05_USR_006,6,06_USR_007,0.0,0.0
0,2020-01,5,05_USR_006,7,07_USR_008,0.0,0.0
0,2020-01,5,05_USR_006,8,08_USR_009,0.0,0.0
0,2020-01,5,05_USR_006,9,09_USR_010,0.0,0.0
0,2020-01,5,05_USR_006,10,10_STK_001,0.0,0.0
0,2020-01,5,05_USR_006,11,11_STK_002,0.0,0.0
0,2020-01,5,05_USR_006,12,12_STK_003,0.0,0.0
0,2020-01,5,05_USR_006,13,13_STK_004,0.0,0.0
0,2020-01,5,05_USR_006,14,14_STK_005,0.0,0.0
0,2020-01,6,06_USR_007,0,00_USR_001,0.0,0.0
0,2020-01,6,06_USR_007,1,01_USR_002,0.0,0.0
0,2020-01,6,06_USR_007,2,02_USR_003,0.0,0.0
0,2020-01,6,06_USR_007,3,03_USR_004,0.0,0.0
0,2020-01,6,06_USR_007,4,04_USR_005,0.0,0.0
0,2020-01,6,06_USR_007,5,05_USR_006,0.0,0.0
0,2020-01,6,06_USR_007,6,06_USR_007,0.0,0.0
0,2020-01,6,06_USR_007,7,07_USR_008,0.0,0.0
0,2020-01,6,06_USR_007,8,08_USR_009,0.0,0.0
0,2020-01,6,06_USR_007,9,09_USR_010,0.0,0.0
0,2020-01,6,06_USR_007,10,10_STK_001,0.0,0.0
0,2020-01,6,06_USR_007,11,11_STK_002,0.0,0.0
0,2020-01,6,06_USR_007,12,12_STK_003,0.0,0.0
0,2020-01,6,06_USR_007,13,13_STK_004,0.0,0.0
0,2020-01,6,06_USR_007,14,14_STK_005,0.0,0.0
0,2020-01,7,07_USR_008,0,00_USR_001,0.0,0.0
0,2020-01,7,07_USR_008,1,01_USR_002,0.0,0.0
0,2020-01,7,07_USR_008,2,02_USR_003,0.0,0.0
0,2020-01,7,07_USR_008,3,03_USR_004,0.0,0.0
0,2020-01,7,07_USR_008,4,04_USR_005,0.0,0.0
0,2020-01,7,07_USR_008,5,05_USR_006,0.0,0.0
0,2020-01,7,07_USR_008,6,06_USR_007,0.0,0.0
0,2020-01,7,07_USR_008,7,07_USR_008,0.0,0.0
0,2020-01,7,07_USR_008,8,08_USR_009,0.0,0.0
0,2020-01,7,07_USR_008,9,09_USR_010,0.0,0.0
0,2020-01,7,07_USR_008,10,10_STK_001,0.0,0.0
0,2020-01,7,07_USR_008,11,11_STK_002,0.0,0.0
0,2020-01,7,07_USR_008,12,12_STK_003,0.0,0.0
0,2020-01,7,07_USR_008,13,13_STK_004,0.0,0.0
0,2020-01,7,07_USR_008,14,14_STK_005,0.0,0.0
0,2020-01,8,08_USR_009,0,00_USR_001,0.0,0.0
0,2020-01,8,08_USR_009,1,01_USR_002,0.0,0.0
0,2020-01,8,08_USR_009,2,02_USR_003,0.0,0.0
0,2020-01,8,08_USR_009,3,03_USR_004,0.0,0.0
0,2020-01,8,08_USR_009,4,04_USR_005,0.0,0.0
0,2020-01,8,08_USR_009,5,05_USR_006,0.0,0.0
0,2020-01,8,08_USR_009,6,06_USR_007,0.0,0.0
0,2020-01,8,08_USR_009,7,07_USR_008,0.0,0.0
0,2020-01,8,08_USR_009,8,08_USR_009,0.0,0.0
0,2020-01,8,08_USR_009,9,09_USR_010,0.0,0.0
0,2020-01,8,08_USR_009,10,10_STK_001,0.0,0.0
0,2020-01,8,08_USR_009,11,11_STK_002,0.0,0.0
0,2020-01,8,08_USR_009,12,12_STK_003,0.0,0.0
0,2020-01,8,08_USR_009,13,13_STK_004,0.0,0.0
0,2020-01,8,08_USR_009,14,14_STK_005,0.0,0.0
0,2020-01,9,09_USR_010,0,00_USR_001,0.0,0.0
0,2020-01,9,09_USR_010,1,01_USR_002,0.0,0.0
0,2020-01,9,09_USR_010,2,02_USR_003,0.0,0.0
0,2020-01,9,09_USR_010,3,03_USR_004,0.0,0.0
0,2020-01,9,09_USR_010,4,04_USR_005,0.0,0.0
0,2020-01,9,09_USR_010,5,05_USR_006,0.0,0.0
0,2020-01,9,09_USR_010,6,06_USR_007,0.0,0.0
0,2020-01,9,09_USR_010,7,07_USR_008,0.0,0.0
0,2020-01,9,09_USR_010,8,08_USR_009,0.0,0.0
0,2020-01,9,09_USR_010,9,09_USR_010,0.0,0.0
0,2020-01,9,09_USR_010,10,10_STK_001,0.0,0.0
0,2020-01,9,09_USR_010,11,11_STK_002,0.0,0.0
0,2020-01,9,09_USR_010,12,12_STK_003,0.0,0.0
0,2020-01,9,09_USR_010,13,13_STK_004,0.0,0.0
0,2020-01,9,09_USR_010,14,14_STK_005,0.0,0.0
0,2020-01,10,10_STK_001,0,00_USR_001,0.0,0.0
0,2020-01,10,10_STK_001,1,01_USR_002,0.0,0.0
0,2020-01,10,10_STK_001,2,02_USR_003,0.0,0.0
0,2020-01,10,10_STK_001,3,03_USR_004,0.0,0.0
0,2020-01,10,10_STK_001,4,04_USR_005,0.0,0.0
0,2020-01,10,10_STK_001,5,05_USR_006,0.0,0.0
0,2020-01,10,10_STK_001,6,06_USR_007,0.0,0.0
0,2020-01,10,10_STK_001,7,07_USR_008,0.0,0.0
0,2020-01,10,10_STK_001,8,08_USR_009,0.0,0.0
0,2020-01,10,10_STK_001,9,09_USR_010,0.0,0.0
0,2020-01,10,10_STK_001,10,10_STK_001,0.0,0.0
0,2020-01,10,10_STK_001,11,11_STK_002,0.0,0.0
0,2020-01,10,10_STK_001,12,12_STK_003,0.0,0.0
0,2020-01,10,10_STK_001,13,13_STK_004,0.0,0.0
0,2020-01,10,10_STK_001,14,14_STK_005,0.0,0.0
0,2020-01,11,11_STK_002,0,00_USR_001,0.0,0.0
0,2020-01,11,11_STK_002,1,01_USR_002,0.0,0.0
0,2020-01,11,11_STK_002,2,02_USR_003,0.0,0.0
0,2020-01,11,11_STK_002,3,03_USR_004,0.0,0.0
0,2020-01,11,11_STK_002,4,04_USR_005,0.0,0.0
0,2020-01,11,11_STK_002,5,05_USR_006,0.0,0.0
0,2020-01,11,11_STK_002,6,06_USR_007,0.0,0.0
0,2020-01,11,11_STK_002,7,07_USR_008,0.0,0.0
0,2020-01,11,11_STK_002,8,08_USR_009,0.0,0.0
0,2020-01,11,11_STK_002,9,09_USR_010,0.0,0.0
0,2020-01,11,11_STK_002,10,10_STK_001,0.0,0.0
0,2020-01,11,11_STK_002,11,11_STK_002,0.0,0.0
0,2020-01,11,11_STK_002,12,12_STK_003,0.0,0.0
0,2020-01,11,11_STK_002,13,13_STK_004,0.0,0.0
0,2020-01,11,11_STK_002,14,14_STK_005,0.0,0.0
0,2020-01,12,12_STK_003,0,00_USR_001,0.0,0.0
0,2020-01,12,12_STK_003,1,01_USR_002,0.0,0.0
0,2020-01,12,12_STK_003,2,02_USR_003,0.0,0.0
0,2020-01,12,12_STK_003,3,03_USR_004,0.0,0.0
0,2020-01,12,12_STK_003,4,04_USR_005,0.0,0.0
0,2020-01,12,12_STK_003,5,05_USR_006,0.0,0.0
0,2020-01,12,12_STK_003,6,06_USR_007,0.0,0.0
0,2020-01,12,12_STK_003,7,07_USR_008,0.0,0.0
0,2020-01,12,12_STK_003,8,08_USR_009,0.0,0.0
0,2020-01,12,12_STK_003,9,09_USR_010,0.0,0.0
0,2020-01,12,12_STK_003,10,10_STK_001,0.0,0.0
0,2020-01,12,12_STK_003,11,11_STK_002,0.0,0.0
0,2020-01,12,12_STK_003,12,12_STK_003,0.0,0.0
0,2020-01,12,12_STK_003,13,13_STK_004,0.0,0.0
0,2020-01,12,12_STK_003,14,14_STK_005,0.0,0.0
0,2020-01,13,13_STK_004,0,00_USR_001,0.0,0.0
0,2020-01,13,13_STK_004,1,01_USR_002,0.0,0.0
0,2020-01,13,13_STK_004,2,02_USR_003,0.0,0.0
0,2020-01,13,13_STK_004,3,03_USR_004,0.0,0.0
0,2020-01,13,13_STK_004,4,04_USR_005,0.0,0.0
0,2020-01,13,13_STK_004,5,05_USR_006,0.0,0.0
0,2020-01,13,13_STK_004,6,06_USR_007,0.0,0.0
0,2020-01,13,13_STK_004,7,07_USR_008,0.0,0.0
0,2020-01,13,13_STK_004,8,08_USR_009,0.0,0.0
0,2020-01,13,13_STK_004,9,09_USR_010,0.0,0.0
0,2020-01,13,13_STK_004,10,10_STK_001,0.0,0.0
0,2020-01,13,13_STK_004,11,11_STK_002,0.0,0.0
0,2020-01,13,13_STK_004,12,12_STK_003,0.0,0.0
0,2020-01,13,13_STK_004,13,13_STK_004,0.0,0.0
0,2020-01,13,13_STK_004,14,14_STK_005,0.0,0.0
0,2020-01,14,14_STK_005,0,00_USR_001,0.0,0.0
0,2020-01,14,14_STK_005,1,01_USR_002,0.0,0.0
0,2020-01,14,14_STK_005,2,02_USR_003,0.0,0.0
0,2020-01,14,14_STK_005,3,03_USR_004,0.0,0.0
0,2020-01,14,14_STK_005,4,04_USR_005,0.0,0.0
0,2020-01,14,14_STK_005,5,05_USR_006,0.0,0.0
0,2020-01,14,14_STK_005,6,06_USR_007,0.0,0.0
0,2020-01,14,14_STK_005,7,07_USR_008,0.0,0.0
0,2020-01,14,14_STK_005,8,08_USR_009,0.0,0.0
0,2020-01,14,14_STK_005,9,09_USR_010,0.0,0.0
0,2020-01,14,14_STK_005,10,10_STK_001,0.0,0.0
0,2020-01,14,14_STK_005,11,11_STK_002,0.0,0.0
0,2020-01,14,14_STK_005,12,12_STK_003,0.0,0.0
0,2020-01,14,14_STK_005,13,13_STK_004,0.0,0.0
0,2020-01,14,14_STK_005,14,14_STK_005,0.0,0.0
1,2020-02,0,00_USR_001,0,00_USR_001,0.0,0.0
1,2020-02,0,00_USR_001,1,01_USR_002,0.0,0.0
1,2020-02,0,00_USR_001,2,02_USR_003,0.0,0.0
1,2020-02,0,00_USR_001,3,03_USR_004,0.0,0.0
1,2020-02,0,00_USR_001,4,04_USR_005,0.0,0.0
1,2020-02,0,00_USR_001,5,05_USR_006,0.0,0.0
1,2020-02,0,00_USR_001,6,06_USR_007,0.0,0.0
1,2020-02,0,00_USR_001,7,07_USR_008,0.0,0.0
1,2020-02,0,00_USR_001,8,08_USR_009,0.0,0.0
1,2020-02,0,00_USR_001,9,09_USR_010,0.0,0.0
1,2020-02,0,00_USR_001,10,10_STK_001,0.0,0.0
1,2020-02,0,00_USR_001,11,11_STK_002,0.0,0.0
1,2020-02,0,00_USR_001,12,12_STK_003,0.0,0.0
1,2020-02,0,00_USR_001,13,13_STK_004,0.0,0.0
1,2020-02,0,00_USR_001,14,14_STK_005,0.0,0.0
1,2020-02,1,01_USR_002,0,00_USR_001,0.0,0.0
1,2020-02,1,01_USR_002,1,01_USR_002,0.0,0.0
1,2020-02,1,01_USR_002,2,02_USR_003,0.0,0.0
1,2020-02,1,01_USR_002,3,03_USR_004,0.0,0.0
1,2020-02,1,01_USR_002,4,04_USR_005,0.0,0.0
1,2020-02,1,01_USR_002,5,05_USR_006,0.0,0.0
1,2020-02,1,01_USR_002,6,06_USR_007,0.0,0.0
1,2020-02,1,01_USR_002,7,07_USR_008,0.0,0.0
1,2020-02,1,01_USR_002,8,08_USR_009,0.0,0.0
1,2020-02,1,01_USR_002,9,09_USR_010,0.0,0.0
1,2020-02,1,01_USR_002,10,10_STK_001,0.0,0.0
1,2020-02,1,01_USR_002,11,11_STK_002,0.0,0.0
1,2020-02,1,01_USR_002,12,12_STK_003,0.0,0.0
1,2020-02,1,01_USR_002,13,13_STK_004,0.0,0.0
1,2020-02,1,01_USR_002,14,14_STK_005,0.0,0.0
1,2020-02,2,02_USR_003,0,00_USR_001,0.0,0.0
1,2020-02,2,02_USR_003,1,01_USR_002,0.0,0.0
1,2020-02,2,02_USR_003,2,02_USR_003,0.0,0.0
1,2020-02,2,02_USR_003,3,03_USR_004,0.0,0.0
1,2020-02,2,02_USR_003,4,04_USR_005,0.0,0.0
1,2020-02,2,02_USR_003,5,05_USR_006,0.0,0.0
1,2020-02,2,02_USR_003,6,06_USR_007,0.0,0.0
1,2020-02,2,02_USR_003,7,07_USR_008,0.0,0.0
1,2020-02,2,02_USR_003,8,08_USR_009,0.0,0.0
1,2020-02,2,02_USR_003,9,09_USR_010,0.0,0.0
1,2020-02,2,02_USR_003,10,10_STK_001,0.0,0.0
1,2020-02,2,02_USR_003,11,11_STK_002,0.0,0.0
1,2020-02,2,02_USR_003,12,12_STK_003,0.0,0.0
1,2020-02,2,02_USR_003,13,13_STK_004,0.0,0.0
1,2020-02,2,02_USR_003,14,14_STK_005,0.0,0.0
1,2020-02,3,03_USR_004,0,00_USR_001,0.0,0.0
1,2020-02,3,03_USR_004,1,01_USR_002,0.0,0.0
1,2020-02,3,03_USR_004,2,02_USR_003,0.0,0.0
1,2020-02,3,03_USR_004,3,03_USR_004,0.0,0.0
1,2020-02,3,03_USR_004,4,04_USR_005,0.0,0.0
1,2020-02,3,03_USR_004,5,05_USR_006,0.0,0.0
1,2020-02,3,03_USR_004,6,06_USR_007,0.0,0.0
1,2020-02,3,03_USR_004,7,07_USR_008,0.0,0.0
1,2020-02,3,03_USR_004,8,08_USR_009,0.0,0.0
1,2020-02,3,03_USR_004,9,09_USR_010,0.0,0.0
1,2020-02,3,03_USR_004,10,10_STK_001,0.0,0.0
1,2020-02,3,03_USR_004,11,11_STK_002,0.0,0.0
1,2020-02,3,03_USR_004,12,12_STK_003,0.0,0.0
1,2020-02,3,03_USR_004,13,13_STK_004,0.0,0.0
1,2020-02,3,03_USR_004,14,14_STK_005,0.0,0.0
1,2020-02,4,04_USR_005,0,00_USR_001,0.0,0.0
1,2020-02,4,04_USR_005,1,01_USR_002,0.0,0.0
1,2020-02,4,04_USR_005,2,02_USR_003,0.0,0.0
1,2020-02,4,04_USR_005,3,03_USR_004,0.0,0.0
1,2020-02,4,04_USR_005,4,04_USR_005,0.0,0.0
1,2020-02,4,04_USR_005,5,05_USR_006,0.0,0.0
1,2020-02,4,04_USR_005,6,06_USR_007,0.0,0.0
1,2020-02,4,04_USR_005,7,07_USR_008,0.0,0.0
1,2020-02,4,04_USR_005,8,08_USR_009,0.0,0.0
1,2020-02,4,04_USR_005,9,09_USR_010,0.0,0.0
1,2020-02,4,04_USR_005,10,10_STK_001,0.0,0.0
1,2020-02,4,04_USR_005,11,11_STK_002,0.0,0.0
1,2020-02,4,04_USR_005,12,12_STK_003,0.0,0.0
1,2020-02,4,04_USR_005,13,13_STK_004,0.0,0.0
1,2020-02,4,04_USR_005,14,14_STK_005,0.0,0.0
1,2020-02,5,05_USR_006,0,00_USR_001,0.0,0.0
1,2020-02,5,05_USR_006,1,01_USR_002,0.0,0.0
1,2020-02,5,05_USR_006,2,02_USR_003,0.0,0.0
1,2020-02,5,05_USR_006,3,03_USR_004,0.0,0.0
1,2020-02,5,05_USR_006,4,04_USR_005,0.0,0.0
1,2020-02,5,05_USR_006,5,05_USR_006,0.0,0.0
1,2020-02,5,05_USR_006,6,06_USR_007,0.0,0.0
1,2020-02,5,05_USR_006,7,07_USR_008,0.0,0.0
1,2020-02,5,05_USR_006,8,08_USR_009,0.0,0.0
1,2020-02,5,05_USR_006,9,09_USR_010,0.0,0.0
1,2020-02,5,05_USR_006,10,10_STK_001,0.0,0.0
1,2020-02,5,05_USR_006,11,11_STK_002,0.0,0.0
1,2020-02,5,05_USR_006,12,12_STK_003,0.0,0.0
1,2020-02,5,05_USR_006,13,13_STK_004,0.0,0.0
1,2020-02,5,05_USR_006,14,14_STK_005,0.0,0.0
1,2020-02,6,06_USR_007,0,00_USR_001,0.0,0.0
1,2020-02,6,06_USR_007,1,01_USR_002,0.0,0.0
1,2020-02,6,06_USR_007,2,02_USR_003,0.0,0.0
1,2020-02,6,06_USR_007,3,03_USR_004,0.0,0.0
1,2020-02,6,06_USR_007,4,04_USR_005,0.0,0.0
1,2020-02,6,06_USR_007,5,05_USR_006,0.0,0.0
1,2020-02,6,06_USR_007,6,06_USR_007,0.0,0.0
1,2020-02,6,06_USR_007,7,07_USR_008,0.0,0.0
1,2020-02,6,06_USR_007,8,08_USR_009,0.0,0.0
1,2020-02,6,06_USR_007,9,09_USR_010,0.0,0.0
1,2020-02,6,06_USR_007,10,10_STK_001,0.0,0.0
1,2020-02,6,06_USR_007,11,11_STK_002,0.0,0.0
1,2020-02,6,06_USR_007,12,12_STK_003,0.0,0.0
1,2020-02,6,06_USR_007,13,13_STK_004,0.0,0.0
1,2020-02,6,06_USR_007,14,14_STK_005,0.0,0.0
1,2020-02,7,07_USR_008,0,00_USR_001,0.0,0.0
1,2020-02,7,07_USR_008,1,01_USR_002,0.0,0.0
1,2020-02,7,07_USR_008,2,02_USR_003,0.0,0.0
1,2020-02,7,07_USR_008,3,03_USR_004,0.0,0.0
1,2020-02,7,07_USR_008,4,04_USR_005,0.0,0.0
1,2020-02,7,07_USR_008,5,05_USR_006,0.0,0.0
1,2020-02,7,07_USR_008,6,06_USR_007,0.0,0.0
1,2020-02,7,07_USR_008,7,07_USR_008,0.0,0.0
1,2020-02,7,07_USR_008,8,08_USR_009,0.0,0.0
1,2020-02,7,07_USR_008,9,09_USR_010,0.0,0.0
1,2020-02,7,07_USR_008,10,10_STK_001,0.0,0.0
1,2020-02,7,07_USR_008,11,11_STK_002,0.0,0.0
1,2020-02,7,07_USR_008,12,12_STK_003,0.0,0.0
1,2020-02,7,07_USR_008,13,13_STK_004,0.0,0.0
1,2020-02,7,07_USR_008,14,14_STK_005,0.0,0.0
1,2020-02,8,08_USR_009,0,00_USR_001,0.0,0.0
1,2020-02,8,08_USR_009,1,01_USR_002,0.0,0.0
1,2020-02,8,08_USR_009,2,02_USR_003,0.0,0.0
1,2020-02,8,08_USR_009,3,03_USR_004,0.0,0.0
1,2020-02,8,08_USR_009,4,04_USR_005,0.0,0.0
1,2020-02,8,08_USR_009,5,05_USR_006,0.0,0.0
1,2020-02,8,08_USR_009,6,06_USR_007,0.0,0.0
1,2020-02,8,08_USR_009,7,07_USR_008,0.0,0.0
1,2020-02,8,08_USR_009,8,08_USR_009,0.0,0.0
1,2020-02,8,08_USR_009,9,09_USR_010,0.0,0.0
1,2020-02,8,08_USR_009,10,10_STK_001,0.0,0.0
1,2020-02,8,08_USR_009,11,11_STK_002,0.0,0.0
1,2020-02,8,08_USR_009,12,12_STK_003,0.0,0.0
1,2020-02,8,08_USR_009,13,13_STK_004,0.0,0.0
1,2020-02,8,08_USR_009,14,14_STK_005,0.0,0.0
1,2020-02,9,09_USR_010,0,00_USR_001,0.0,0.0
1,2020-02,9,09_USR_010,1,01_USR_002,0.0,0.0
1,2020-02,9,09_USR_010,2,02_USR_003,0.0,0.0
1,2020-02,9,09_USR_010,3,03_USR_004,0.0,0.0
1,2020-02,9,09_USR_010,4,04_USR_005,0.0,0.0
1,2020-02,9,09_USR_010,5,05_USR_006,0.0,0.0
1,2020-02,9,09_USR_010,6,06_USR_007,0.0,0.0
1,2020-02,9,09_USR_010,7,07_USR_008,0.0,0.0
1,2020-02,9,09_USR_010,8,08_USR_009,0.0,0.0
1,2020-02,9,09_USR_010,9,09_USR_010,0.0,0.0
1,2020-02,9,09_USR_010,10,10_STK_001,0.0,0.0
1,2020-02,9,09_USR_010,11,11_STK_002,0.0,0.0
1,2020-02,9,09_USR_010,12,12_STK_003,0.0,0.0
1,2020-02,9,09_USR_010,13,13_STK_004,0.0,0.0
1,2020-02,9,09_USR_010,14,14_STK_005,0.0,0.0
1,2020-02,10,10_STK_001,0,00_USR_001,0.0,0.0
1,2020-02,10,10_STK_001,1,01_USR_002,0.0,0.0
1,2020-02,10,10_STK_001,2,02_USR_003,0.0,0.0
1,2020-02,10,10_STK_001,3,03_USR_004,0.0,0.0
1,2020-02,10,10_STK_001,4,04_USR_005,0.0,0.0
1,2020-02,10,10_STK_001,5,05_USR_006,0.0,0.0
1,2020-02,10,10_STK_001,6,06_USR_007,0.0,0.0
1,2020-02,10,10_STK_001,7,07_USR_008,0.0,0.0
1,2020-02,10,10_STK_001,8,08_USR_009,0.0,0.0
1,2020-02,10,10_STK_001,9,09_USR_010,0.0,0.0
1,2020-02,10,10_STK_001,10,10_STK_001,0.0,0.0
1,2020-02,10,10_STK_001,11,11_STK_002,0.0,0.0
1,2020-02,10,10_STK_001,12,12_STK_003,0.0,0.0
1,2020-02,10,10_STK_001,13,13_STK_004,0.0,0.0
1,2020-02,10,10_STK_001,14,14_STK_005,0.0,0.0
1,2020-02,11,11_STK_002,0,00_USR_001,0.0,0.0
1,2020-02,11,11_STK_002,1,01_USR_002,0.0,0.0
1,2020-02,11,11_STK_002,2,02_USR_003,0.0,0.0
1,2020-02,11,11_STK_002,3,03_USR_004,0.0,0.0
1,2020-02,11,11_STK_002,4,04_USR_005,0.0,0.0
1,2020-02,11,11_STK_002,5,05_USR_006,0.0,0.0
1,2020-02,11,11_STK_002,6,06_USR_007,0.0,0.0
1,2020-02,11,11_STK_002,7,07_USR_008,0.0,0.0
1,2020-02,11,11_STK_002,8,08_USR_009,0.0,0.0
1,2020-02,11,11_STK_002,9,09_USR_010,0.0,0.0
1,2020-02,11,11_STK_002,10,10_STK_001,0.0,0.0
1,2020-02,11,11_STK_002,11,11_STK_002,0.0,0.0
1,2020-02,11,11_STK_002,12,12_STK_003,0.0,0.0
1,2020-02,11,11_STK_002,13,13_STK_004,0.0,0.0
1,2020-02,11,11_STK_002,14,14_STK_005,0.0,0.0
1,2020-02,12,12_STK_003,0,00_USR_001,0.0,0.0
1,2020-02,12,12_STK_003,1,01_USR_002,0.0,0.0
1,2020-02,12,12_STK_003,2,02_USR_003,0.0,0.0
1,2020-02,12,12_STK_003,3,03_USR_004,0.0,0.0
1,2020-02,12,12_STK_003,4,04_USR_005,0.0,0.0
1,2020-02,12,12_STK_003,5,05_USR_006,0.0,0.0
1,2020-02,12,12_STK_003,6,06_USR_007,0.0,0.0
1,2020-02,12,12_STK_003,7,07_USR_008,0.0,0.0
1,2020-02,12,12_STK_003,8,08_USR_009,0.0,0.0
1,2020-02,12,12_STK_003,9,09_USR_010,0.0,0.0
1,2020-02,12,12_STK_003,10,10_STK_001,0.0,0.0
1,2020-02,12,12_STK_003,11,11_STK_002,0.0,0.0
1,2020-02,12,12_STK_003,12,12_STK_003,0.0,0.0
1,2020-02,12,12_STK_003,13,13_STK_004,0.0,0.0
1,2020-02,12,12_STK_003,14,14_STK_005,0.0,0.0
1,2020-02,13,13_STK_004,0,00_USR_001,0.0,0.0
1,2020-02,13,13_STK_004,1,01_USR_002,0.0,0.0
1,2020-02,13,13_STK_004,2,02_USR_003,0.0,0.0
1,2020-02,13,13_STK_004,3,03_USR_004,0.0,0.0
1,2020-02,13,13_STK_004,4,04_USR_005,0.0,0.0
1,2020-02,13,13_STK_004,5,05_USR_006,0.0,0.0
1,2020-02,13,13_STK_004,6,06_USR_007,0.0,0.0
1,2020-02,13,13_STK_004,7,07_USR_008,0.0,0.0
1,2020-02,13,13_STK_004,8,08_USR_009,0.0,0.0
1,2020-02,13,13_STK_004,9,09_USR_010,0.0,0.0
1,2020-02,13,13_STK_004,10,10_STK_001,0.0,0.0
1,2020-02,13,13_STK_004,11,11_STK_002,0.0,0.0
1,2020-02,13,13_STK_004,12,12_STK_003,0.0,0.0
1,2020-02,13,13_STK_004,13,13_STK_004,0.0,0.0
1,2020-02,13,13_STK_004,14,14_STK_005,0.0,0.0
1,2020-02,14,14_STK_005,0,00_USR_001,0.0,0.0
1,2020-02,14,14_STK_005,1,01_USR_002,0.0,0.0
1,2020-02,14,14_STK_005,2,02_USR_003,0.0,0.0
1,2020-02,14,14_STK_005,3,03_USR_004,0.0,0.0
1,2020-02,14,14_STK_005,4,04_USR_005,0.0,0.0
1,2020-02,14,14_STK_005,5,05_USR_006,0.0,0.0
1,2020-02,14,14_STK_005,6,06_USR_007,0.0,0.0
1,2020-02,14,14_STK_005,7,07_USR_008,0.0,0.0
1,2020-02,14,14_STK_005,8,08_USR_009,0.0,0.0
1,2020-02,14,14_STK_005,9,09_USR_010,0.0,0.0
1,2020-02,14,14_STK_005,10,10_STK_001,0.0,0.0
1,2020-02,14,14_STK_005,11,11_STK_002,0.0,0.0
1,2020-02,14,14_STK_005,12,12_STK_003,0.0,0.0
1,2020-02,14,14_STK_005,13,13_STK_004,0.0,0.0
1,2020-02,14,14_STK_005,14,14_STK_005,0.0,0.0
2,2020-03,0,00_USR_001,0,00_USR_001,0.0,1.0
2,2020-03,0,00_USR_001,1,01_USR_002,-0.0,1.0
2,2020-03,0,00_USR_001,2,02_USR_003,0.0,-1.0
2,2020-03,0,00_USR_001,3,03_USR_004,0.0,-1.0
2,2020-03,0,00_USR_001,4,04_USR_005,0.0,-1.0
2,2020-03,0,00_USR_001,5,05_USR_006,-0.0,1.0
2,2020-03,0,00_USR_001,6,06_USR_007,0.0,-1.0
2,2020-03,0,00_USR_001,7,07_USR_008,0.0,-1.0
2,2020-03,0,00_USR_001,8,08_USR_009,-0.0,1.0
2,2020-03,0,00_USR_001,9,09_USR_010,0.0,-1.0
2,2020-03,0,00_USR_001,10,10_STK_001,0.0,-0.0
2,2020-03,0,00_USR_001,11,11_STK_002,0.0,-0.0
2,2020-03,0,00_USR_001,12,12_STK_003,0.0,-0.0
2,2020-03,0,00_USR_001,13,13_STK_004,0.0,-0.0
2,2020-03,0,00_USR_001,14,14_STK_005,0.0,-0.0
2,2020-03,1,01_USR_002,0,00_USR_001,-0.0,1.0
2,2020-03,1,01_USR_002,1,01_USR_002,0.0,1.0
2,2020-03,1,01_USR_002,2,02_USR_003,-0.0,1.0
2,2020-03,1,01_USR_002,3,03_USR_004,-0.0,1.0
2,2020-03,1,01_USR_002,4,04_USR_005,-0.0,1.0
2,2020-03,1,01_USR_002,5,05_USR_006,0.0,-1.0
2,2020-03,1,01_USR_002,6,06_USR_007,-0.0,1.0
2,2020-03,1,01_USR_002,7,07_USR_008,-0.0,1.0
2,2020-03,1,01_USR_002,8,08_USR_009,0.0,-1.0
2,2020-03,1,01_USR_002,9,09_USR_010,-0.0,1.0
2,2020-03,1,01_USR_002,10,10_STK_001,0.0,-0.0
2,2020-03,1,01_USR_002,11,11_STK_002,0.0,-0.0
2,2020-03,1,01_USR_002,12,12_STK_003,0.0,-0.0
2,2020-03,1,01_USR_002,13,13_STK_004,0.0,-0.0
2,2020-03,1,01_USR_002,14,14_STK_005,0.0,-0.0
2,2020-03,2,02_USR_003,0,00_USR_001,0.0,-1.0
2,2020-03,2,02_USR_003,1,01_USR_002,-0.0,1.0
2,2020-03,2,02_USR_003,2,02_USR_003,0.0,1.0
2,2020-03,2,02_USR_003,3,03_USR_004,0.0,-1.0
2,2020-03,2,02_USR_003,4,04_USR_005,0.0,-1.0
2,2020-03,2,02_USR_003,5,05_USR_006,-0.0,1.0
2,2020-03,2,02_USR_003,6,06_USR_007,0.0,-1.0
2,2020-03,2,02_USR_003,7,07_USR_008,0.0,-1.0
2,2020-03,2,02_USR_003,8,08_USR_009,-0.0,1.0
2,2020-03,2,02_USR_003,9,09_USR_010,0.0,-1.0
2,2020-03,2,02_USR_003,10,10_STK_001,0.0,-0.0
2,2020-03,2,02_USR_003,11,11_STK_002,0.0,-0.0
2,2020-03,2,02_USR_003,12,12_STK_003,0.0,-0.0
2,2020-03,2,02_USR_003,13,13_STK_004,0.0,-0.0
2,2020-03,2,02_USR_003,14,14_STK_005,0.0,-0.0
2,2020-03,3,03_USR_004,0,00_USR_001,0.0,-1.0
2,2020-03,3,03_USR_004,1,01_USR_002,-0.0,1.0
2,2020-03,3,03_USR_004,2,02_USR_003,0.0,-1.0
2,2020-03,3,03_USR_004,3,03_USR_004,0.0,1.0
2,2020-03,3,03_USR_004,4,04_USR_005,0.0,-1.0
2,2020-03,3,03_USR_004,5,05_USR_006,-0.0,1.0
2,2020-03,3,03_USR_004,6,06_USR_007,0.0,-1.0
2,2020-03,3,03_USR_004,7,07_USR_008,0.0,-1.0
2,2020-03,3,03_USR_004,8,08_USR_009,-0.0,1.0
2,2020-03,3,03_USR_004,9,09_USR_010,0.0,-1.0
2,2020-03,3,03_USR_004,10,10_STK_001,0.0,-0.0
2,2020-03,3,03_USR_004,11,11_STK_002,0.0,-0.0
2,2020-03,3,03_USR_004,12,12_STK_003,0.0,-0.0
2,2020-03,3,03_USR_004,13,13_STK_004,0.0,-0.0
2,2020-03,3,03_USR_004,14,14_STK_005,0.0,-0.0
2,2020-03,4,04_USR_005,0,00_USR_001,0.0,-1.0
2,2020-03,4,04_USR_005,1,01_USR_002,-0.0,1.0
2,2020-03,4,04_USR_005,2,02_USR_003,0.0,-1.0
2,2020-03,4,04_USR_005,3,03_USR_004,0.0,-1.0
2,2020-03,4,04_USR_005,4,04_USR_005,0.0,1.0
2,2020-03,4,04_USR_005,5,05_USR_006,-0.0,1.0
2,2020-03,4,04_USR_005,6,06_USR_007,0.0,-1.0
2,2020-03,4,04_USR_005,7,07_USR_008,0.0,-1.0
2,2020-03,4,04_USR_005,8,08_USR_009,-0.0,1.0
2,2020-03,4,04_USR_005,9,09_USR_010,0.0,-1.0
2,2020-03,4,04_USR_005,10,10_STK_001,0.0,-0.0
2,2020-03,4,04_USR_005,11,11_STK_002,0.0,-0.0
2,2020-03,4,04_USR_005,12,12_STK_003,0.0,-0.0
2,2020-03,4,04_USR_005,13,13_STK_004,0.0,-0.0
2,2020-03,4,04_USR_005,14,14_STK_005,0.0,-0.0
2,2020-03,5,05_USR_006,0,00_USR_001,-0.0,1.0
2,2020-03,5,05_USR_006,1,01_USR_002,0.0,-1.0
2,2020-03,5,05_USR_006,2,02_USR_003,-0.0,1.0
2,2020-03,5,05_USR_006,3,03_USR_004,-0.0,1.0
2,2020-03,5,05_USR_006,4,04_USR_005,-0.0,1.0
2,2020-03,5,05_USR_006,5,05_USR_006,0.0,1.0
2,2020-03,5,05_USR_006,6,06_USR_007,-0.0,1.0
2,2020-03,5,05_USR_006,7,07_USR_008,-0.0,1.0
2,2020-03,5,05_USR_006,8,08_USR_009,0.0,-1.0
2,2020-03,5,05_USR_006,9,09_USR_010,-0.0,1.0
2,2020-03,5,05_USR_006,10,10_STK_001,0.0,-0.0
2,2020-03,5,05_USR_006,11,11_STK_002,0.0,-0.0
2,2020-03,5,05_USR_006,12,12_STK_003,0.0,-0.0
2,2020-03,5,05_USR_006,13,13_STK_004,0.0,-0.0
2,2020-03,5,05_USR_006,14,14_STK_005,0.0,-0.0
2,2020-03,6,06_USR_007,0,00_USR_001,0.0,-1.0
2,2020-03,6,06_USR_007,1,01_USR_002,-0.0,1.0
2,2020-03,6,06_USR_007,2,02_USR_003,0.0,-1.0
2,2020-03,6,06_USR_007,3,03_USR_004,0.0,-1.0
2,2020-03,6,06_USR_007,4,04_USR_005,0.0,-1.0
2,2020-03,6,06_USR_007,5,05_USR_006,-0.0,1.0
2,2020-03,6,06_USR_007,6,06_USR_007,0.0,1.0
2,2020-03,6,06_USR_007,7,07_USR_008,0.0,-1.0
2,2020-03,6,06_USR_007,8,08_USR_009,-0.0,1.0
2,2020-03,6,06_USR_007,9,09_USR_010,0.0,-1.0
2,2020-03,6,06_USR_007,10,10_STK_001,0.0,-0.0
2,2020-03,6,06_USR_007,11,11_STK_002,0.0,-0.0
2,2020-03,6,06_USR_007,12,12_STK_003,0.0,-0.0
2,2020-03,6,06_USR_007,13,13_STK_004,0.0,-0.0
2,2020-03,6,06_USR_007,14,14_STK_005,0.0,-0.0
2,2020-03,7,07_USR_008,0,00_USR_001,0.0,-1.0
2,2020-03,7,07_USR_008,1,01_USR_002,-0.0,1.0
2,2020-03,7,07_USR_008,2,02_USR_003,0.0,-1.0
2,2020-03,7,07_USR_008,3,03_USR_004,0.0,-1.0
2,2020-03,7,07_USR_008,4,04_USR_005,0.0,-1.0
2,2020-03,7,07_USR_008,5,05_USR_006,-0.0,1.0
2,2020-03,7,07_USR_008,6,06_USR_007,0.0,-1.0
2,2020-03,7,07_USR_008,7,07_USR_008,0.0,1.0
2,2020-03,7,07_USR_008,8,08_USR_009,-0.0,1.0
2,2020-03,7,07_USR_008,9,09_USR_010,0.0,-1.0
2,2020-03,7,07_USR_008,10,10_STK_001,0.0,-0.0
2,2020-03,7,07_USR_008,11,11_STK_002,0.0,-0.0
2,2020-03,7,07_USR_008,12,12_STK_003,0.0,-0.0
2,2020-03,7,07_USR_008,13,13_STK_004,0.0,-0.0
2,2020-03,7,07_USR_008,14,14_STK_005,0.0,-0.0
2,2020-03,8,08_USR_009,0,00_USR_001,-0.0,1.0
2,2020-03,8,08_USR_009,1,01_USR_002,0.0,-1.0
2,2020-03,8,08_USR_009,2,02_USR_003,-0.0,1.0
2,2020-03,8,08_USR_009,3,03_USR_004,-0.0,1.0
2,2020-03,8,08_USR_009,4,04_USR_005,-0.0,1.0
2,2020-03,8,08_USR_009,5,05_USR_006,0.0,-1.0
2,2020-03,8,08_USR_009,6,06_USR_007,-0.0,1.0
2,2020-03,8,08_USR_009,7,07_USR_008,-0.0,1.0
2,2020-03,8,08_USR_009,8,08_USR_009,0.0,1.0
2,2020-03,8,08_USR_009,9,09_USR_010,-0.0,1.0
2,2020-03,8,08_USR_009,10,10_STK_001,0.0,-0.0
2,2020-03,8,08_USR_009,11,11_STK_002,0.0,-0.0
2,2020-03,8,08_USR_009,12,12_STK_003,0.0,-0.0
2,2020-03,8,08_USR_009,13,13_STK_004,0.0,-0.0
2,2020-03,8,08_USR_009,14,14_STK_005,0.0,-0.0
2,2020-03,9,09_USR_010,0,00_USR_001,0.0,-1.0
2,2020-03,9,09_USR_010,1,01_USR_002,-0.0,1.0
2,2020-03,9,09_USR_010,2,02_USR_003,0.0,-1.0
2,2020-03,9,09_USR_010,3,03_USR_004,0.0,-1.0
2,2020-03,9,09_USR_010,4,04_USR_005,0.0,-1.0
2,2020-03,9,09_USR_010,5,05_USR_006,-0.0,1.0
2,2020-03,9,09_USR_010,6,06_USR_007,0.0,-1.0
2,2020-03,9,09_USR_010,7,07_USR_008,0.0,-1.0
2,2020-03,9,09_USR_010,8,08_USR_009,-0.0,1.0
2,2020-03,9,09_USR_010,9,09_USR_010,0.0,1.0
2,2020-03,9,09_USR_010,10,10_STK_001,0.0,-0.0
2,2020-03,9,09_USR_010,11,11_STK_002,0.0,-0.0
2,2020-03,9,09_USR_010,12,12_STK_003,0.0,-0.0
2,2020-03,9,09_USR_010,13,13_STK_004,0.0,-0.0
2,2020-03,9,09_USR_010,14,14_STK_005,0.0,-0.0
2,2020-03,10,10_STK_001,0,00_USR_001,0.0,-0.0
2,2020-03,10,10_STK_001,1,01_USR_002,0.0,-0.0
2,2020-03,10,10_STK_001,2,02_USR_003,0.0,-0.0
2,2020-03,10,10_STK_001,3,03_USR_004,0.0,-0.0
2,2020-03,10,10_STK_001,4,04_USR_005,0.0,-0.0
2,2020-03,10,10_STK_001,5,05_USR_006,0.0,-0.0
2,2020-03,10,10_STK_001,6,06_USR_007,0.0,-0.0
2,2020-03,10,10_STK_001,7,07_USR_008,0.0,-0.0
2,2020-03,10,10_STK_001,8,08_USR_009,0.0,-0.0
2,2020-03,10,10_STK_001,9,09_USR_010,0.0,-0.0
2,2020-03,10,10_STK_001,10,10_STK_001,0.0,1.0
2,2020-03,10,10_STK_001,11,11_STK_002,0.0,-0.0
2,2020-03,10,10_STK_001,12,12_STK_003,0.0,-0.0
2,2020-03,10,10_STK_001,13,13_STK_004,0.0,-0.0
2,2020-03,10,10_STK_001,14,14_STK_005,0.0,-0.0
2,2020-03,11,11_STK_002,0,00_USR_001,0.0,-0.0
2,2020-03,11,11_STK_002,1,01_USR_002,0.0,-0.0
2,2020-03,11,11_STK_002,2,02_USR_003,0.0,-0.0
2,2020-03,11,11_STK_002,3,03_USR_004,0.0,-0.0
2,2020-03,11,11_STK_002,4,04_USR_005,0.0,-0.0
2,2020-03,11,11_STK_002,5,05_USR_006,0.0,-0.0
2,2020-03,11,11_STK_002,6,06_USR_007,0.0,-0.0
2,2020-03,11,11_STK_002,7,07_USR_008,0.0,-0.0
2,2020-03,11,11_STK_002,8,08_USR_009,0.0,-0.0
2,2020-03,11,11_STK_002,9,09_USR_010,0.0,-0.0
2,2020-03,11,11_STK_002,10,10_STK_001,0.0,-0.0
2,2020-03,11,11_STK_002,11,11_STK_002,0.0,1.0
2,2020-03,11,11_STK_002,12,12_STK_003,0.0,-0.0
2,2020-03,11,11_STK_002,13,13_STK_004,0.0,-0.0
2,2020-03,11,11_STK_002,14,14_STK_005,0.0,-0.0
2,2020-03,12,12_STK_003,0,00_USR_001,0.0,-0.0
2,2020-03,12,12_STK_003,1,01_USR_002,0.0,-0.0
2,2020-03,12,12_STK_003,2,02_USR_003,0.0,-0.0
2,2020-03,12,12_STK_003,3,03_USR_004,0.0,-0.0
2,2020-03,12,12_STK_003,4,04_USR_005,0.0,-0.0
2,2020-03,12,12_STK_003,5,05_USR_006,0.0,-0.0
2,2020-03,12,12_STK_003,6,06_USR_007,0.0,-0.0
2,2020-03,12,12_STK_003,7,07_USR_008,0.0,-0.0
2,2020-03,12,12_STK_003,8,08_USR_009,0.0,-0.0
2,2020-03,12,12_STK_003,9,09_USR_010,0.0,-0.0
2,2020-03,12,12_STK_003,10,10_STK_001,0.0,-0.0
2,2020-03,12,12_STK_003,11,11_STK_002,0.0,-0.0
2,2020-03,12,12_STK_003,12,12_STK_003,0.0,1.0
2,2020-03,12,12_STK_003,13,13_STK_004,0.0,-0.0
2,2020-03,12,12_STK_003,14,14_STK_005,0.0,-0.0
2,2020-03,13,13_STK_004,0,00_USR_001,0.0,-0.0
2,2020-03,13,13_STK_004,1,01_USR_002,0.0,-0.0
2,2020-03,13,13_STK_004,2,02_USR_003,0.0,-0.0
2,2020-03,13,13_STK_004,3,03_USR_004,0.0,-0.0
2,2020-03,13,13_STK_004,4,04_USR_005,0.0,-0.0
2,2020-03,13,13_STK_004,5,05_USR_006,0.0,-0.0
2,2020-03,13,13_STK_004,6,06_USR_007,0.0,-0.0
2,2020-03,13,13_STK_004,7,07_USR_008,0.0,-0.0
2,2020-03,13,13_STK_004,8,08_USR_009,0.0,-0.0
2,2020-03,13,13_STK_004,9,09_USR_010,0.0,-0.0
2,2020-03,13,13_STK_004,10,10_STK_001,0.0,-0.0
2,2020-03,13,13_STK_004,11,11_STK_002,0.0,-0.0
2,2020-03,13,13_STK_004,12,12_STK_003,0.0,-0.0
2,2020-03,13,13_STK_004,13,13_STK_004,0.0,1.0
2,2020-03,13,13_STK_004,14,14_STK_005,0.0,-0.0
2,2020-03,14,14_STK_005,0,00_USR_001,0.0,-0.0
2,2020-03,14,14_STK_005,1,01_USR_002,0.0,-0.0
2,2020-03,14,14_STK_005,2,02_USR_003,0.0,-0.0
2,2020-03,14,14_STK_005,3,03_USR_004,0.0,-0.0
2,2020-03,14,14_STK_005,4,04_USR_005,0.0,-0.0
2,2020-03,14,14_STK_005,5,05_USR_006,0.0,-0.0
2,2020-03,14,14_STK_005,6,06_USR_007,0.0,-0.0
2,2020-03,14,14_STK_005,7,07_USR_008,0.0,-0.0
2,2020-03,14,14_STK_005,8,08_USR_009,0.0,-0.0
2,2020-03,14,14_STK_005,9,09_USR_010,0.0,-0.0
2,2020-03,14,14_STK_005,10,10_STK_001,0.0,-0.0
2,2020-03,14,14_STK_005,11,11_STK_002,0.0,-0.0
2,2020-03,14,14_STK_005,12,12_STK_003,0.0,-0.0
2,2020-03,14,14_STK_005,13,13_STK_004,0.0,-0.0
2,2020-03,14,14_STK_005,14,14_STK_005,0.0,1.0
3,2020-04,0,00_USR_001,0,00_USR_001,0.0,1.0
3,2020-04,0,00_USR_001,1,01_USR_002,-0.0,0.9848
3,2020-04,0,00_USR_001,2,02_USR_003,-0.0,0.9888
3,2020-04,0,00_USR_001,3,03_USR_004,0.0,-1.0
3,2020-04,0,00_USR_001,4,04_USR_005,0.0,-0.9977
3,2020-04,0,00_USR_001,5,05_USR_006,-0.0,0.9999
3,2020-04,0,00_USR_001,6,06_USR_007,0.0,-0.9985
3,2020-04,0,00_USR_001,7,07_USR_008,0.0,-0.9995
3,2020-04,0,00_USR_001,8,08_USR_009,-0.0,0.9999
3,2020-04,0,00_USR_001,9,09_USR_010,-0.0,0.9759
3,2020-04,0,00_USR_001,10,10_STK_001,0.0,-0.0
3,2020-04,0,00_USR_001,11,11_STK_002,0.0,-0.0
3,2020-04,0,00_USR_001,12,12_STK_003,0.0,-0.0
3,2020-04,0,00_USR_001,13,13_STK_004,0.0,-0.0
3,2020-04,0,00_USR_001,14,14_STK_005,0.0,-0.0
3,2020-04,1,01_USR_002,0,00_USR_001,-0.0,0.9848
3,2020-04,1,01_USR_002,1,01_USR_002,0.0,1.0
3,2020-04,1,01_USR_002,2,02_USR_003,0.0,-0.9478
3,2020-04,1,01_USR_002,3,03_USR_004,-0.0,0.9833
3,2020-04,1,01_USR_002,4,04_USR_005,-0.0,0.9944
3,2020-04,1,01_USR_002,5,05_USR_006,0.0,-0.9825
3,2020-04,1,01_USR_002,6,06_USR_007,-0.0,0.9928
3,2020-04,1,01_USR_002,7,07_USR_008,-0.0,0.9785
3,2020-04,1,01_USR_002,8,08_USR_009,0.0,-0.9874
3,2020-04,1,01_USR_002,9,09_USR_010,0.0,-0.9232
3,2020-04,1,01_USR_002,10,10_STK_001,0.0,-0.0
3,2020-04,1,01_USR_002,11,11_STK_002,0.0,-0.0
3,2020-04,1,01_USR_002,12,12_STK_003,0.0,-0.0
3,2020-04,1,01_USR_002,13,13_STK_004,0.0,-0.0
3,2020-04,1,01_USR_002,14,14_STK_005,0.0,-0.0
3,2020-04,2,02_USR_003,0,00_USR_001,-0.0,0.9888
3,2020-04,2,02_USR_003,1,01_USR_002,0.0,-0.9478
3,2020-04,2,02_USR_003,2,02_USR_003,0.0,1.0
3,2020-04,2,02_USR_003,3,03_USR_004,-0.0,0.99
3,2020-04,2,02_USR_003,4,04_USR_005,-0.0,0.9763
3,2020-04,2,02_USR_003,5,05_USR_006,0.0,-0.9906
3,2020-04,2,02_USR_003,6,06_USR_007,-0.0,0.9792
3,2020-04,2,02_USR_003,7,07_USR_008,-0.0,0.9932
3,2020-04,2,02_USR_003,8,08_USR_009,0.0,-0.9864
3,2020-04,2,02_USR_003,9,09_USR_010,0.0,-0.9975
3,2020-04,2,02_USR_003,10,10_STK_001,0.0,-0.0
3,2020-04,2,02_USR_003,11,11_STK_002,0.0,-0.0
3,2020-04,2,02_USR_003,12,12_STK_003,0.0,-0.0
3,2020-04,2,02_USR_003,13,13_STK_004,0.0,-0.0
3,2020-04,2,02_USR_003,14,14_STK_005,0.0,-0.0
3,2020-04,3,03_USR_004,0,00_USR_001,0.0,-1.0
3,2020-04,3,03_USR_004,1,01_USR_002,-0.0,0.9833
3,2020-04,3,03_USR_004,2,02_USR_003,-0.0,0.99
3,2020-04,3,03_USR_004,3,03_USR_004,0.0,1.0
3,2020-04,3,03_USR_004,4,04_USR_005,0.0,-0.997
3,2020-04,3,03_USR_004,5,05_USR_006,-0.0,1.0
3,2020-04,3,03_USR_004,6,06_USR_007,0.0,-0.998
3,2020-04,3,03_USR_004,7,07_USR_008,0.0,-0.9997
3,2020-04,3,03_USR_004,8,08_USR_009,-0.0,0.9997
3,2020-04,3,03_USR_004,9,09_USR_010,-0.0,0.9777
3,2020-04,3,03_USR_004,10,10_STK_001,0.0,-0.0
3,2020-04,3,03_USR_004,11,11_STK_002,0.0,-0.0
3,2020-04,3,03_USR_004,12,12_STK_003,0.0,-0.0
3,2020-04,3,03_USR_004,13,13_STK_004,0.0,-0.0
3,2020-04,3,03_USR_004,14,14_STK_005,0.0,-0.0
3,2020-04,4,04_USR_005,0,00_USR_001,0.0,-0.9977
3,2020-04,4,04_USR_005,1,01_USR_002,-0.0,0.9944
3,2020-04,4,04_USR_005,2,02_USR_003,-0.0,0.9763
3,2020-04,4,04_USR_005,3,03_USR_004,0.0,-0.997
3,2020-04,4,04_USR_005,4,04_USR_005,0.0,1.0
3,2020-04,4,04_USR_005,5,05_USR_006,-0.0,0.9967
3,2020-04,4,04_USR_005,6,06_USR_007,0.0,-0.9999
3,2020-04,4,04_USR_005,7,07_USR_008,0.0,-0.9949
3,2020-04,4,04_USR_005,8,08_USR_009,-0.0,0.9986
3,2020-04,4,04_USR_005,9,09_USR_010,-0.0,0.9587
3,2020-04,4,04_USR_005,10,10_STK_001,0.0,-0.0
3,2020-04,4,04_USR_005,11,11_STK_002,0.0,-0.0
3,2020-04,4,04_USR_005,12,12_STK_003,0.0,-0.0
3,2020-04,4,04_USR_005,13,13_STK_004,0.0,-0.0
3,2020-04,4,04_USR_005,14,14_STK_005,0.0,-0.0
3,2020-04,5,05_USR_006,0,00_USR_001,-0.0,0.9999
3,2020-04,5,05_USR_006,1,01_USR_002,0.0,-0.9825
3,2020-04,5,05_USR_006,2,02_USR_003,0.0,-0.9906
3,2020-04,5,05_USR_006,3,03_USR_004,-0.0,1.0
3,2020-04,5,05_USR_006,4,04_USR_005,-0.0,0.9967
3,2020-04,5,05_USR_006,5,05_USR_006,0.0,1.0
3,2020-04,5,05_USR_006,6,06_USR_007,-0.0,0.9977
3,2020-04,5,05_USR_006,7,07_USR_008,-0.0,0.9998
3,2020-04,5,05_USR_006,8,08_USR_009,0.0,-0.9996
3,2020-04,5,05_USR_006,9,09_USR_010,0.0,-0.9787
3,2020-04,5,05_USR_006,10,10_STK_001,0.0,-0.0
3,2020-04,5,05_USR_006,11,11_STK_002,0.0,-0.0
3,2020-04,5,05_USR_006,12,12_STK_003,0.0,-0.0
3,2020-04,5,05_USR_006,13,13_STK_004,0.0,-0.0
3,2020-04,5,05_USR_006,14,14_STK_005,0.0,-0.0
3,2020-04,6,06_USR_007,0,00_USR_001,0.0,-0.9985
3,2020-04,6,06_USR_007,1,01_USR_002,-0.0,0.9928
3,2020-04,6,06_USR_007,2,02_USR_003,-0.0,0.9792
3,2020-04,6,06_USR_007,3,03_USR_004,0.0,-0.998
3,2020-04,6,06_USR_007,4,04_USR_005,0.0,-0.9999
3,2020-04,6,06_USR_007,5,05_USR_006,-0.0,0.9977
3,2020-04,6,06_USR_007,6,06_USR_007,0.0,1.0
3,2020-04,6,06_USR_007,7,07_USR_008,0.0,-0.9962
3,2020-04,6,06_USR_007,8,08_USR_009,-0.0,0.9992
3,2020-04,6,06_USR_007,9,09_USR_010,-0.0,0.9626
3,2020-04,6,06_USR_007,10,10_STK_001,0.0,-0.0
3,2020-04,6,06_USR_007,11,11_STK_002,0.0,-0.0
3,2020-04,6,06_USR_007,12,12_STK_003,0.0,-0.0
3,2020-04,6,06_USR_007,13,13_STK_004,0.0,-0.0
3,2020-04,6,06_USR_007,14,14_STK_005,0.0,-0.0
3,2020-04,7,07_USR_008,0,00_USR_001,0.0,-0.9995
3,2020-04,7,07_USR_008,1,01_USR_002,-0.0,0.9785
3,2020-04,7,07_USR_008,2,02_USR_003,-0.0,0.9932
3,2020-04,7,07_USR_008,3,03_USR_004,0.0,-0.9997
3,2020-04,7,07_USR_008,4,04_USR_005,0.0,-0.9949
3,2020-04,7,07_USR_008,5,05_USR_006,-0.0,0.9998
3,2020-04,7,07_USR_008,6,06_USR_007,0.0,-0.9962
3,2020-04,7,07_USR_008,7,07_USR_008,0.0,1.0
3,2020-04,7,07_USR_008,8,08_USR_009,-0.0,0.9988
3,2020-04,7,07_USR_008,9,09_USR_010,-0.0,0.9826
3,2020-04,7,07_USR_008,10,10_STK_001,0.0,-0.0
3,2020-04,7,07_USR_008,11,11_STK_002,0.0,-0.0
3,2020-04,7,07_USR_008,12,12_STK_003,0.0,-0.0
3,2020-04,7,07_USR_008,13,13_STK_004,0.0,-0.0
3,2020-04,7,07_USR_008,14,14_STK_005,0.0,-0.0
3,2020-04,8,08_USR_009,0,00_USR_001,-0.0,0.9999
3,2020-04,8,08_USR_009,1,01_USR_002,0.0,-0.9874
3,2020-04,8,08_USR_009,2,02_USR_003,0.0,-0.9864
3,2020-04,8,08_USR_009,3,03_USR_004,-0.0,0.9997
3,2020-04,8,08_USR_009,4,04_USR_005,-0.0,0.9986
3,2020-04,8,08_USR_009,5,05_USR_006,0.0,-0.9996
3,2020-04,8,08_USR_009,6,06_USR_007,-0.0,0.9992
3,2020-04,8,08_USR_009,7,07_USR_008,-0.0,0.9988
3,2020-04,8,08_USR_009,8,08_USR_009,0.0,1.0
3,2020-04,8,08_USR_009,9,09_USR_010,0.0,-0.9724
3,2020-04,8,08_USR_009,10,10_STK_001,0.0,-0.0
3,2020-04,8,08_USR_009,11,11_STK_002,0.0,-0.0
3,2020-04,8,08_USR_009,12,12_STK_003,0.0,-0.0
3,2020-04,8,08_USR_009,13,13_STK_004,0.0,-0.0
3,2020-04,8,08_USR_009,14,14_STK_005,0.0,-0.0
3,2020-04,9,09_USR_010,0,00_USR_001,-0.0,0.9759
3,2020-04,9,09_USR_010,1,01_USR_002,0.0,-0.9232
3,2020-04,9,09_USR_010,2,02_USR_003,0.0,-0.9975
3,2020-04,9,09_USR_010,3,03_USR_004,-0.0,0.9777
3,2020-04,9,09_USR_010,4,04_USR_005,-0.0,0.9587
3,2020-04,9,09_USR_010,5,05_USR_006,0.0,-0.9787
3,2020-04,9,09_USR_010,6,06_USR_007,-0.0,0.9626
3,2020-04,9,09_USR_010,7,07_USR_008,-0.0,0.9826
3,2020-04,9,09_USR_010,8,08_USR_009,0.0,-0.9724
3,2020-04,9,09_USR_010,9,09_USR_010,0.0,1.0
3,2020-04,9,09_USR_010,10,10_STK_001,0.0,-0.0
3,2020-04,9,09_USR_010,11,11_STK_002,0.0,-0.0
3,2020-04,9,09_USR_010,12,12_STK_003,0.0,-0.0
3,2020-04,9,09_USR_010,13,13_STK_004,0.0,-0.0
3,2020-04,9,09_USR_010,14,14_STK_005,0.0,-0.0
3,2020-04,10,10_STK_001,0,00_USR_001,0.0,-0.0
3,2020-04,10,10_STK_001,1,01_USR_002,0.0,-0.0
3,2020-04,10,10_STK_001,2,02_USR_003,0.0,-0.0
3,2020-04,10,10_STK_001,3,03_USR_004,0.0,-0.0
3,2020-04,10,10_STK_001,4,04_USR_005,0.0,-0.0
3,2020-04,10,10_STK_001,5,05_USR_006,0.0,-0.0
3,2020-04,10,10_STK_001,6,06_USR_007,0.0,-0.0
3,2020-04,10,10_STK_001,7,07_USR_008,0.0,-0.0
3,2020-04,10,10_STK_001,8,08_USR_009,0.0,-0.0
3,2020-04,10,10_STK_001,9,09_USR_010,0.0,-0.0
3,2020-04,10,10_STK_001,10,10_STK_001,0.0,1.0
3,2020-04,10,10_STK_001,11,11_STK_002,0.0,-0.0
3,2020-04,10,10_STK_001,12,12_STK_003,0.0,-0.0
3,2020-04,10,10_STK_001,13,13_STK_004,0.0,-0.0
3,2020-04,10,10_STK_001,14,14_STK_005,0.0,-0.0
3,2020-04,11,11_STK_002,0,00_USR_001,0.0,-0.0
3,2020-04,11,11_STK_002,1,01_USR_002,0.0,-0.0
3,2020-04,11,11_STK_002,2,02_USR_003,0.0,-0.0
3,2020-04,11,11_STK_002,3,03_USR_004,0.0,-0.0
3,2020-04,11,11_STK_002,4,04_USR_005,0.0,-0.0
3,2020-04,11,11_STK_002,5,05_USR_006,0.0,-0.0
3,2020-04,11,11_STK_002,6,06_USR_007,0.0,-0.0
3,2020-04,11,11_STK_002,7,07_USR_008,0.0,-0.0
3,2020-04,11,11_STK_002,8,08_USR_009,0.0,-0.0
3,2020-04,11,11_STK_002,9,09_USR_010,0.0,-0.0
3,2020-04,11,11_STK_002,10,10_STK_001,0.0,-0.0
3,2020-04,11,11_STK_002,11,11_STK_002,0.0,1.0
3,2020-04,11,11_STK_002,12,12_STK_003,0.0,-0.0
3,2020-04,11,11_STK_002,13,13_STK_004,0.0,-0.0
3,2020-04,11,11_STK_002,14,14_STK_005,0.0,-0.0
3,2020-04,12,12_STK_003,0,00_USR_001,0.0,-0.0
3,2020-04,12,12_STK_003,1,01_USR_002,0.0,-0.0
3,2020-04,12,12_STK_003,2,02_USR_003,0.0,-0.0
3,2020-04,12,12_STK_003,3,03_USR_004,0.0,-0.0
3,2020-04,12,12_STK_003,4,04_USR_005,0.0,-0.0
3,2020-04,12,12_STK_003,5,05_USR_006,0.0,-0.0
3,2020-04,12,12_STK_003,6,06_USR_007,0.0,-0.0
3,2020-04,12,12_STK_003,7,07_USR_008,0.0,-0.0
3,2020-04,12,12_STK_003,8,08_USR_009,0.0,-0.0
3,2020-04,12,12_STK_003,9,09_USR_010,0.0,-0.0
3,2020-04,12,12_STK_003,10,10_STK_001,0.0,-0.0
3,2020-04,12,12_STK_003,11,11_STK_002,0.0,-0.0
3,2020-04,12,12_STK_003,12,12_STK_003,0.0,1.0
3,2020-04,12,12_STK_003,13,13_STK_004,0.0,-0.0
3,2020-04,12,12_STK_003,14,14_STK_005,0.0,-0.0
3,2020-04,13,13_STK_004,0,00_USR_001,0.0,-0.0
3,2020-04,13,13_STK_004,1,01_USR_002,0.0,-0.0
3,2020-04,13,13_STK_004,2,02_USR_003,0.0,-0.0
3,2020-04,13,13_STK_004,3,03_USR_004,0.0,-0.0
3,2020-04,13,13_STK_004,4,04_USR_005,0.0,-0.0
3,2020-04,13,13_STK_004,5,05_USR_006,0.0,-0.0
3,2020-04,13,13_STK_004,6,06_USR_007,0.0,-0.0
3,2020-04,13,13_STK_004,7,07_USR_008,0.0,-0.0
3,2020-04,13,13_STK_004,8,08_USR_009,0.0,-0.0
3,2020-04,13,13_STK_004,9,09_USR_010,0.0,-0.0
3,2020-04,13,13_STK_004,10,10_STK_001,0.0,-0.0
3,2020-04,13,13_STK_004,11,11_STK_002,0.0,-0.0
3,2020-04,13,13_STK_004,12,12_STK_003,0.0,-0.0
3,2020-04,13,13_STK_004,13,13_STK_004,0.0,1.0
3,2020-04,13,13_STK_004,14,14_STK_005,0.0,-0.0
3,2020-04,14,14_STK_005,0,00_USR_001,0.0,-0.0
3,2020-04,14,14_STK_005,1,01_USR_002,0.0,-0.0
3,2020-04,14,14_STK_005,2,02_USR_003,0.0,-0.0
3,2020-04,14,14_STK_005,3,03_USR_004,0.0,-0.0
3,2020-04,14,14_STK_005,4,04_USR_005,0.0,-0.0
3,2020-04,14,14_STK_005,5,05_USR_006,0.0,-0.0
3,2020-04,14,14_STK_005,6,06_USR_007,0.0,-0.0
3,2020-04,14,14_STK_005,7,07_USR_008,0.0,-0.0
3,2020-04,14,14_STK_005,8,08_USR_009,0.0,-0.0
3,2020-04,14,14_STK_005,9,09_USR_010,0.0,-0.0
3,2020-04,14,14_STK_005,10,10_STK_001,0.0,-0.0
3,2020-04,14,14_STK_005,11,11_STK_002,0.0,-0.0
3,2020-04,14,14_STK_005,12,12_STK_003,0.0,-0.0
3,2020-04,14,14_STK_005,13,13_STK_004,0.0,-0.0
3,2020-04,14,14_STK_005,14,14_STK_005,0.0,1.0
4,2020-05,0,00_USR_001,0,00_USR_001,0.0,1.0
4,2020-05,0,00_USR_001,1,01_USR_002,-0.0,0.8303
4,2020-05,0,00_USR_001,2,02_USR_003,-0.0,0.856
4,2020-05,0,00_USR_001,3,03_USR_004,0.0,-0.9861
4,2020-05,0,00_USR_001,4,04_USR_005,-0.0,0.994
4,2020-05,0,00_USR_001,5,05_USR_006,-0.0,0.9999
4,2020-05,0,00_USR_001,6,06_USR_007,0.0,-0.9914
4,2020-05,0,00_USR_001,7,07_USR_008,0.0,-0.9768
4,2020-05,0,00_USR_001,8,08_USR_009,0.0,-0.973
4,2020-05,0,00_USR_001,9,09_USR_010,-0.0,0.9915
4,2020-05,0,00_USR_001,10,10_STK_001,0.0,-0.0
4,2020-05,0,00_USR_001,11,11_STK_002,0.0,-0.0
4,2020-05,0,00_USR_001,12,12_STK_003,0.0,-0.0
4,2020-05,0,00_USR_001,13,13_STK_004,0.0,-0.0
4,2020-05,0,00_USR_001,14,14_STK_005,0.0,-0.0
4,2020-05,1,01_USR_002,0,00_USR_001,-0.0,0.8303
4,2020-05,1,01_USR_002,1,01_USR_002,0.0,1.0
4,2020-05,1,01_USR_002,2,02_USR_003,0.0,-0.4225
4,2020-05,1,01_USR_002,3,03_USR_004,-0.0,0.9113
4,2020-05,1,01_USR_002,4,04_USR_005,0.0,-0.7642
4,2020-05,1,01_USR_002,5,05_USR_006,0.0,-0.8376
4,2020-05,1,01_USR_002,6,06_USR_007,-0.0,0.8962
4,2020-05,1,01_USR_002,7,07_USR_008,-0.0,0.6917
4,2020-05,1,01_USR_002,8,08_USR_009,-0.0,0.6793
4,2020-05,1,01_USR_002,9,09_USR_010,0.0,-0.7505
4,2020-05,1,01_USR_002,10,10_STK_001,0.0,-0.0
4,2020-05,1,01_USR_002,11,11_STK_002,0.0,-0.0
4,2020-05,1,01_USR_002,12,12_STK_003,0.0,-0.0
4,2020-05,1,01_USR_002,13,13_STK_004,0.0,-0.0
4,2020-05,1,01_USR_002,14,14_STK_005,0.0,-0.0
4,2020-05,2,02_USR_003,0,00_USR_001,-0.0,0.856
4,2020-05,2,02_USR_003,1,01_USR_002,0.0,-0.4225
4,2020-05,2,02_USR_003,2,02_USR_003,0.0,1.0
4,2020-05,2,02_USR_003,3,03_USR_004,-0.0,0.7583
4,2020-05,2,02_USR_003,4,04_USR_005,0.0,-0.9074
4,2020-05,2,02_USR_003,5,05_USR_006,0.0,-0.849
4,2020-05,2,02_USR_003,6,06_USR_007,-0.0,0.7807
4,2020-05,2,02_USR_003,7,07_USR_008,-0.0,0.9468
4,2020-05,2,02_USR_003,8,08_USR_009,-0.0,0.9521
4,2020-05,2,02_USR_003,9,09_USR_010,0.0,-0.9161
4,2020-05,2,02_USR_003,10,10_STK_001,0.0,-0.0
4,2020-05,2,02_USR_003,11,11_STK_002,0.0,-0.0
4,2020-05,2,02_USR_003,12,12_STK_003,0.0,-0.0
4,2020-05,2,02_USR_003,13,13_STK_004,0.0,-0.0
4,2020-05,2,02_USR_003,14,14_STK_005,0.0,-0.0
4,2020-05,3,03_USR_004,0,00_USR_001,0.0,-0.9861
4,2020-05,3,03_USR_004,1,01_USR_002,-0.0,0.9113
4,2020-05,3,03_USR_004,2,02_USR_003,-0.0,0.7583
4,2020-05,3,03_USR_004,3,03_USR_004,0.0,1.0
4,2020-05,3,03_USR_004,4,04_USR_005,-0.0,0.962
4,2020-05,3,03_USR_004,5,05_USR_006,-0.0,0.9883
4,2020-05,3,03_USR_004,6,06_USR_007,0.0,-0.9994
4,2020-05,3,03_USR_004,7,07_USR_008,0.0,-0.9277
4,2020-05,3,03_USR_004,8,08_USR_009,0.0,-0.9213
4,2020-05,3,03_USR_004,9,09_USR_010,-0.0,0.9561
4,2020-05,3,03_USR_004,10,10_STK_001,0.0,-0.0
4,2020-05,3,03_USR_004,11,11_STK_002,0.0,-0.0
4,2020-05,3,03_USR_004,12,12_STK_003,0.0,-0.0
4,2020-05,3,03_USR_004,13,13_STK_004,0.0,-0.0
4,2020-05,3,03_USR_004,14,14_STK_005,0.0,-0.0
4,2020-05,4,04_USR_005,0,00_USR_001,-0.0,0.994
4,2020-05,4,04_USR_005,1,01_USR_002,0.0,-0.7642
4,2020-05,4,04_USR_005,2,02_USR_003,0.0,-0.9074
4,2020-05,4,04_USR_005,3,03_USR_004,-0.0,0.962
4,2020-05,4,04_USR_005,4,04_USR_005,0.0,1.0
4,2020-05,4,04_USR_005,5,05_USR_006,0.0,-0.9924
4,2020-05,4,04_USR_005,6,06_USR_007,-0.0,0.971
4,2020-05,4,04_USR_005,7,07_USR_008,-0.0,0.9944
4,2020-05,4,04_USR_005,8,08_USR_009,-0.0,0.9924
4,2020-05,4,04_USR_005,9,09_USR_010,0.0,-0.9998
4,2020-05,4,04_USR_005,10,10_STK_001,0.0,-0.0
4,2020-05,4,04_USR_005,11,11_STK_002,0.0,-0.0
4,2020-05,4,04_USR_005,12,12_STK_003,0.0,-0.0
4,2020-05,4,04_USR_005,13,13_STK_004,0.0,-0.0
4,2020-05,4,04_USR_005,14,14_STK_005,0.0,-0.0
4,2020-05,5,05_USR_006,0,00_USR_001,-0.0,0.9999
4,2020-05,5,05_USR_006,1,01_USR_002,0.0,-0.8376
4,2020-05,5,05_USR_006,2,02_USR_003,0.0,-0.849
4,2020-05,5,05_USR_006,3,03_USR_004,-0.0,0.9883
4,2020-05,5,05_USR_006,4,04_USR_005,0.0,-0.9924
4,2020-05,5,05_USR_006,5,05_USR_006,0.0,1.0
4,2020-05,5,05_USR_006,6,06_USR_007,-0.0,0.993
4,2020-05,5,05_USR_006,7,07_USR_008,-0.0,0.9739
4,2020-05,5,05_USR_006,8,08_USR_009,-0.0,0.9699
4,2020-05,5,05_USR_006,9,09_USR_010,0.0,-0.9896
4,2020-05,5,05_USR_006,10,10_STK_001,0.0,-0.0
4,2020-05,5,05_USR_006,11,11_STK_002,0.0,-0.0
4,2020-05,5,05_USR_006,12,12_STK_003,0.0,-0.0
4,2020-05,5,05_USR_006,13,13_STK_004,0.0,-0.0
4,2020-05,5,05_USR_006,14,14_STK_005,0.0,-0.0
4,2020-05,6,06_USR_007,0,00_USR_001,0.0,-0.9914
4,2020-05,6,06_USR_007,1,01_USR_002,-0.0,0.8962
4,2020-05,6,06_USR_007,2,02_USR_003,-0.0,0.7807
4,2020-05,6,06_USR_007,3,03_USR_004,0.0,-0.9994
4,2020-05,6,06_USR_007,4,04_USR_005,-0.0,0.971
4,2020-05,6,06_USR_007,5,05_USR_006,-0.0,0.993
4,2020-05,6,06_USR_007,6,06_USR_007,0.0,1.0
4,2020-05,6,06_USR_007,7,07_USR_008,0.0,-0.9403
4,2020-05,6,06_USR_007,8,08_USR_009,0.0,-0.9344
4,2020-05,6,06_USR_007,9,09_USR_010,-0.0,0.9658
4,2020-05,6,06_USR_007,10,10_STK_001,0.0,-0.0
4,2020-05,6,06_USR_007,11,11_STK_002,0.0,-0.0
4,2020-05,6,06_USR_007,12,12_STK_003,0.0,-0.0
4,2020-05,6,06_USR_007,13,13_STK_004,0.0,-0.0
4,2020-05,6,06_USR_007,14,14_STK_005,0.0,-0.0
4,2020-05,7,07_USR_008,0,00_USR_001,0.0,-0.9768
4,2020-05,7,07_USR_008,1,01_USR_002,-0.0,0.6917
4,2020-05,7,07_USR_008,2,02_USR_003,-0.0,0.9468
4,2020-05,7,07_USR_008,3,03_USR_004,0.0,-0.9277
4,2020-05,7,07_USR_008,4,04_USR_005,-0.0,0.9944
4,2020-05,7,07_USR_008,5,05_USR_006,-0.0,0.9739
4,2020-05,7,07_USR_008,6,06_USR_007,0.0,-0.9403
4,2020-05,7,07_USR_008,7,07_USR_008,0.0,1.0
4,2020-05,7,07_USR_008,8,08_USR_009,0.0,-0.9999
4,2020-05,7,07_USR_008,9,09_USR_010,-0.0,0.9964
4,2020-05,7,07_USR_008,10,10_STK_001,0.0,-0.0
4,2020-05,7,07_USR_008,11,11_STK_002,0.0,-0.0
4,2020-05,7,07_USR_008,12,12_STK_003,0.0,-0.0
4,2020-05,7,07_USR_008,13,13_STK_004,0.0,-0.0
4,2020-05,7,07_USR_008,14,14_STK_005,0.0,-0.0
4,2020-05,8,08_USR_009,0,00_USR_001,0.0,-0.973
4,2020-05,8,08_USR_009,1,01_USR_002,-0.0,0.6793
4,2020-05,8,08_USR_009,2,02_USR_003,-0.0,0.9521
4,2020-05,8,08_USR_009,3,03_USR_004,0.0,-0.9213
4,2020-05,8,08_USR_009,4,04_USR_005,-0.0,0.9924
4,2020-05,8,08_USR_009,5,05_USR_006,-0.0,0.9699
4,2020-05,8,08_USR_009,6,06_USR_007,0.0,-0.9344
4,2020-05,8,08_USR_009,7,07_USR_008,0.0,-0.9999
4,2020-05,8,08_USR_009,8,08_USR_009,0.0,1.0
4,2020-05,8,08_USR_009,9,09_USR_010,-0.0,0.9948
4,2020-05,8,08_USR_009,10,10_STK_001,0.0,-0.0
4,2020-05,8,08_USR_009,11,11_STK_002,0.0,-0.0
4,2020-05,8,08_USR_009,12,12_STK_003,0.0,-0.0
4,2020-05,8,08_USR_009,13,13_STK_004,0.0,-0.0
4,2020-05,8,08_USR_009,14,14_STK_005,0.0,-0.0
4,2020-05,9,09_USR_010,0,00_USR_001,-0.0,0.9915
4,2020-05,9,09_USR_010,1,01_USR_002,0.0,-0.7505
4,2020-05,9,09_USR_010,2,02_USR_003,0.0,-0.9161
4,2020-05,9,09_USR_010,3,03_USR_004,-0.0,0.9561
4,2020-05,9,09_USR_010,4,04_USR_005,0.0,-0.9998
4,2020-05,9,09_USR_010,5,05_USR_006,0.0,-0.9896
4,2020-05,9,09_USR_010,6,06_USR_007,-0.0,0.9658
4,2020-05,9,09_USR_010,7,07_USR_008,-0.0,0.9964
4,2020-05,9,09_USR_010,8,08_USR_009,-0.0,0.9948
4,2020-05,9,09_USR_010,9,09_USR_010,0.0,1.0
4,2020-05,9,09_USR_010,10,10_STK_001,0.0,-0.0
4,2020-05,9,09_USR_010,11,11_STK_002,0.0,-0.0
4,2020-05,9,09_USR_010,12,12_STK_003,0.0,-0.0
4,2020-05,9,09_USR_010,13,13_STK_004,0.0,-0.0
4,2020-05,9,09_USR_010,14,14_STK_005,0.0,-0.0
4,2020-05,10,10_STK_001,0,00_USR_001,0.0,-0.0
4,2020-05,10,10_STK_001,1,01_USR_002,0.0,-0.0
4,2020-05,10,10_STK_001,2,02_USR_003,0.0,-0.0
4,2020-05,10,10_STK_001,3,03_USR_004,0.0,-0.0
4,2020-05,10,10_STK_001,4,04_USR_005,0.0,-0.0
4,2020-05,10,10_STK_001,5,05_USR_006,0.0,-0.0
4,2020-05,10,10_STK_001,6,06_USR_007,0.0,-0.0
4,2020-05,10,10_STK_001,7,07_USR_008,0.0,-0.0
4,2020-05,10,10_STK_001,8,08_USR_009,0.0,-0.0
4,2020-05,10,10_STK_001,9,09_USR_010,0.0,-0.0
4,2020-05,10,10_STK_001,10,10_STK_001,0.0,1.0
4,2020-05,10,10_STK_001,11,11_STK_002,0.0,-0.0
4,2020-05,10,10_STK_001,12,12_STK_003,0.0,-0.0
4,2020-05,10,10_STK_001,13,13_STK_004,0.0,-0.0
4,2020-05,10,10_STK_001,14,14_STK_005,0.0,-0.0
4,2020-05,11,11_STK_002,0,00_USR_001,0.0,-0.0
4,2020-05,11,11_STK_002,1,01_USR_002,0.0,-0.0
4,2020-05,11,11_STK_002,2,02_USR_003,0.0,-0.0
4,2020-05,11,11_STK_002,3,03_USR_004,0.0,-0.0
4,2020-05,11,11_STK_002,4,04_USR_005,0.0,-0.0
4,2020-05,11,11_STK_002,5,05_USR_006,0.0,-0.0
4,2020-05,11,11_STK_002,6,06_USR_007,0.0,-0.0
4,2020-05,11,11_STK_002,7,07_USR_008,0.0,-0.0
4,2020-05,11,11_STK_002,8,08_USR_009,0.0,-0.0
4,2020-05,11,11_STK_002,9,09_USR_010,0.0,-0.0
4,2020-05,11,11_STK_002,10,10_STK_001,0.0,-0.0
4,2020-05,11,11_STK_002,11,11_STK_002,0.0,1.0
4,2020-05,11,11_STK_002,12,12_STK_003,0.0,-0.0
4,2020-05,11,11_STK_002,13,13_STK_004,0.0,-0.0
4,2020-05,11,11_STK_002,14,14_STK_005,0.0,-0.0
4,2020-05,12,12_STK_003,0,00_USR_001,0.0,-0.0
4,2020-05,12,12_STK_003,1,01_USR_002,0.0,-0.0
4,2020-05,12,12_STK_003,2,02_USR_003,0.0,-0.0
4,2020-05,12,12_STK_003,3,03_USR_004,0.0,-0.0
4,2020-05,12,12_STK_003,4,04_USR_005,0.0,-0.0
4,2020-05,12,12_STK_003,5,05_USR_006,0.0,-0.0
4,2020-05,12,12_STK_003,6,06_USR_007,0.0,-0.0
4,2020-05,12,12_STK_003,7,07_USR_008,0.0,-0.0
4,2020-05,12,12_STK_003,8,08_USR_009,0.0,-0.0
4,2020-05,12,12_STK_003,9,09_USR_010,0.0,-0.0
4,2020-05,12,12_STK_003,10,10_STK_001,0.0,-0.0
4,2020-05,12,12_STK_003,11,11_STK_002,0.0,-0.0
4,2020-05,12,12_STK_003,12,12_STK_003,0.0,1.0
4,2020-05,12,12_STK_003,13,13_STK_004,0.0,-0.0
4,2020-05,12,12_STK_003,14,14_STK_005,0.0,-0.0
4,2020-05,13,13_STK_004,0,00_USR_001,0.0,-0.0
4,2020-05,13,13_STK_004,1,01_USR_002,0.0,-0.0
4,2020-05,13,13_STK_004,2,02_USR_003,0.0,-0.0
4,2020-05,13,13_STK_004,3,03_USR_004,0.0,-0.0
4,2020-05,13,13_STK_004,4,04_USR_005,0.0,-0.0
4,2020-05,13,13_STK_004,5,05_USR_006,0.0,-0.0
4,2020-05,13,13_STK_004,6,06_USR_007,0.0,-0.0
4,2020-05,13,13_STK_004,7,07_USR_008,0.0,-0.0
4,2020-05,13,13_STK_004,8,08_USR_009,0.0,-0.0
4,2020-05,13,13_STK_004,9,09_USR_010,0.0,-0.0
4,2020-05,13,13_STK_004,10,10_STK_001,0.0,-0.0
4,2020-05,13,13_STK_004,11,11_STK_002,0.0,-0.0
4,2020-05,13,13_STK_004,12,12_STK_003,0.0,-0.0
4,2020-05,13,13_STK_004,13,13_STK_004,0.0,1.0
4,2020-05,13,13_STK_004,14,14_STK_005,0.0,-0.0
4,2020-05,14,14_STK_005,0,00_USR_001,0.0,-0.0
4,2020-05,14,14_STK_005,1,01_USR_002,0.0,-0.0
4,2020-05,14,14_STK_005,2,02_USR_003,0.0,-0.0
4,2020-05,14,14_STK_005,3,03_USR_004,0.0,-0.0
4,2020-05,14,14_STK_005,4,04_USR_005,0.0,-0.0
4,2020-05,14,14_STK_005,5,05_USR_006,0.0,-0.0
4,2020-05,14,14_STK_005,6,06_USR_007,0.0,-0.0
4,2020-05,14,14_STK_005,7,07_USR_008,0.0,-0.0
4,2020-05,14,14_STK_005,8,08_USR_009,0.0,-0.0
4,2020-05,14,14_STK_005,9,09_USR_010,0.0,-0.0
4,2020-05,14,14_STK_005,10,10_STK_001,0.0,-0.0
4,2020-05,14,14_STK_005,11,11_STK_002,0.0,-0.0
4,2020-05,14,14_STK_005,12,12_STK_003,0.0,-0.0
4,2020-05,14,14_STK_005,13,13_STK_004,0.0,-0.0
4,2020-05,14,14_STK_005,14,14_STK_005,0.0,1.0
5,2020-06,0,00_USR_001,0,00_USR_001,0.0,1.0
5,2020-06,0,00_USR_001,1,01_USR_002,-0.0,0.7025
5,2020-06,0,00_USR_001,2,02_USR_003,-0.0,0.0776
5,2020-06,0,00_USR_001,3,03_USR_004,0.0,-0.9919
5,2020-06,0,00_USR_001,4,04_USR_005,0.0,-0.4682
5,2020-06,0,00_USR_001,5,05_USR_006,-0.0,0.8486
5,2020-06,0,00_USR_001,6,06_USR_007,0.0,-0.9508
5,2020-06,0,00_USR_001,7,07_USR_008,-0.0,0.4476
5,2020-06,0,00_USR_001,8,08_USR_009,0.0,-0.0334
5,2020-06,0,00_USR_001,9,09_USR_010,0.0,-0.7166
5,2020-06,0,00_USR_001,10,10_STK_001,0.0,-0.0
5,2020-06,0,00_USR_001,11,11_STK_002,0.0,-0.0
5,2020-06,0,00_USR_001,12,12_STK_003,0.0,-0.0
5,2020-06,0,00_USR_001,13,13_STK_004,0.0,-0.0
5,2020-06,0,00_USR_001,14,14_STK_005,0.0,-0.0
5,2020-06,1,01_USR_002,0,00_USR_001,-0.0,0.7025
5,2020-06,1,01_USR_002,1,01_USR_002,0.0,1.0
5,2020-06,1,01_USR_002,2,02_USR_003,-0.0,0.6551
5,2020-06,1,01_USR_002,3,03_USR_004,-0.0,0.787
5,2020-06,1,01_USR_002,4,04_USR_005,-0.0,0.9578
5,2020-06,1,01_USR_002,5,05_USR_006,0.0,-0.2195
5,2020-06,1,01_USR_002,6,06_USR_007,-0.0,0.8884
5,2020-06,1,01_USR_002,7,07_USR_008,0.0,-0.9509
5,2020-06,1,01_USR_002,8,08_USR_009,0.0,-0.6878
5,2020-06,1,01_USR_002,9,09_USR_010,-0.0,0.9998
5,2020-06,1,01_USR_002,10,10_STK_001,0.0,-0.0
5,2020-06,1,01_USR_002,11,11_STK_002,0.0,-0.0
5,2020-06,1,01_USR_002,12,12_STK_003,0.0,-0.0
5,2020-06,1,01_USR_002,13,13_STK_004,0.0,-0.0
5,2020-06,1,01_USR_002,14,14_STK_005,0.0,-0.0
5,2020-06,2,02_USR_003,0,00_USR_001,-0.0,0.0776
5,2020-06,2,02_USR_003,1,01_USR_002,-0.0,0.6551
5,2020-06,2,02_USR_003,2,02_USR_003,0.0,1.0
5,2020-06,2,02_USR_003,3,03_USR_004,0.0,-0.0494
5,2020-06,2,02_USR_003,4,04_USR_005,0.0,-0.8446
5,2020-06,2,02_USR_003,5,05_USR_006,0.0,-0.5933
5,2020-06,2,02_USR_003,6,06_USR_007,0.0,-0.2351
5,2020-06,2,02_USR_003,7,07_USR_008,-0.0,0.8568
5,2020-06,2,02_USR_003,8,08_USR_009,-0.0,0.999
5,2020-06,2,02_USR_003,9,09_USR_010,0.0,-0.6398
5,2020-06,2,02_USR_003,10,10_STK_001,0.0,-0.0
5,2020-06,2,02_USR_003,11,11_STK_002,0.0,-0.0
5,2020-06,2,02_USR_003,12,12_STK_003,0.0,-0.0
5,2020-06,2,02_USR_003,13,13_STK_004,0.0,-0.0
5,2020-06,2,02_USR_003,14,14_STK_005,0.0,-0.0
5,2020-06,3,03_USR_004,0,00_USR_001,0.0,-0.9919
5,2020-06,3,03_USR_004,1,01_USR_002,-0.0,0.787
5,2020-06,3,03_USR_004,2,02_USR_003,0.0,-0.0494
5,2020-06,3,03_USR_004,3,03_USR_004,0.0,1.0
5,2020-06,3,03_USR_004,4,04_USR_005,0.0,-0.5764
5,2020-06,3,03_USR_004,5,05_USR_006,-0.0,0.7747
5,2020-06,3,03_USR_004,6,06_USR_007,0.0,-0.9824
5,2020-06,3,03_USR_004,7,07_USR_008,-0.0,0.5573
5,2020-06,3,03_USR_004,8,08_USR_009,-0.0,0.0935
5,2020-06,3,03_USR_004,9,09_USR_010,0.0,-0.7992
5,2020-06,3,03_USR_004,10,10_STK_001,0.0,-0.0
5,2020-06,3,03_USR_004,11,11_STK_002,0.0,-0.0
5,2020-06,3,03_USR_004,12,12_STK_003,0.0,-0.0
5,2020-06,3,03_USR_004,13,13_STK_004,0.0,-0.0
5,2020-06,3,03_USR_004,14,14_STK_005,0.0,-0.0
5,2020-06,4,04_USR_005,0,00_USR_001,0.0,-0.4682
5,2020-06,4,04_USR_005,1,01_USR_002,-0.0,0.9578
5,2020-06,4,04_USR_005,2,02_USR_003,0.0,-0.8446
5,2020-06,4,04_USR_005,3,03_USR_004,0.0,-0.5764
5,2020-06,4,04_USR_005,4,04_USR_005,0.0,1.0
5,2020-06,4,04_USR_005,5,05_USR_006,0.0,-0.0702
5,2020-06,4,04_USR_005,6,06_USR_007,0.0,-0.7189
5,2020-06,4,04_USR_005,7,07_USR_008,-0.0,0.9997
5,2020-06,4,04_USR_005,8,08_USR_009,-0.0,0.8675
5,2020-06,4,04_USR_005,9,09_USR_010,0.0,-0.9518
5,2020-06,4,04_USR_005,10,10_STK_001,0.0,-0.0
5,2020-06,4,04_USR_005,11,11_STK_002,0.0,-0.0
5,2020-06,4,04_USR_005,12,12_STK_003,0.0,-0.0
5,2020-06,4,04_USR_005,13,13_STK_004,0.0,-0.0
5,2020-06,4,04_USR_005,14,14_STK_005,0.0,-0.0
5,2020-06,5,05_USR_006,0,00_USR_001,-0.0,0.8486
5,2020-06,5,05_USR_006,1,01_USR_002,0.0,-0.2195
5,2020-06,5,05_USR_006,2,02_USR_003,0.0,-0.5933
5,2020-06,5,05_USR_006,3,03_USR_004,-0.0,0.7747
5,2020-06,5,05_USR_006,4,04_USR_005,0.0,-0.0702
5,2020-06,5,05_USR_006,5,05_USR_006,0.0,1.0
5,2020-06,5,05_USR_006,6,06_USR_007,-0.0,0.6429
5,2020-06,5,05_USR_006,7,07_USR_008,-0.0,0.0933
5,2020-06,5,05_USR_006,8,08_USR_009,-0.0,0.5572
5,2020-06,5,05_USR_006,9,09_USR_010,-0.0,0.239
5,2020-06,5,05_USR_006,10,10_STK_001,0.0,-0.0
5,2020-06,5,05_USR_006,11,11_STK_002,0.0,-0.0
5,2020-06,5,05_USR_006,12,12_STK_003,0.0,-0.0
5,2020-06,5,05_USR_006,13,13_STK_004,0.0,-0.0
5,2020-06,5,05_USR_006,14,14_STK_005,0.0,-0.0
5,2020-06,6,06_USR_007,0,00_USR_001,0.0,-0.9508
5,2020-06,6,06_USR_007,1,01_USR_002,-0.0,0.8884
5,2020-06,6,06_USR_007,2,02_USR_003,0.0,-0.2351
5,2020-06,6,06_USR_007,3,03_USR_004,0.0,-0.9824
5,2020-06,6,06_USR_007,4,04_USR_005,0.0,-0.7189
5,2020-06,6,06_USR_007,5,05_USR_006,-0.0,0.6429
5,2020-06,6,06_USR_007,6,06_USR_007,0.0,1.0
5,2020-06,6,06_USR_007,7,07_USR_008,-0.0,0.7026
5,2020-06,6,06_USR_007,8,08_USR_009,-0.0,0.2778
5,2020-06,6,06_USR_007,9,09_USR_010,0.0,-0.8974
5,2020-06,6,06_USR_007,10,10_STK_001,0.0,-0.0
5,2020-06,6,06_USR_007,11,11_STK_002,0.0,-0.0
5,2020-06,6,06_USR_007,12,12_STK_003,0.0,-0.0
5,2020-06,6,06_USR_007,13,13_STK_004,0.0,-0.0
5,2020-06,6,06_USR_007,14,14_STK_005,0.0,-0.0
5,2020-06,7,07_USR_008,0,00_USR_001,-0.0,0.4476
5,2020-06,7,07_USR_008,1,01_USR_002,0.0,-0.9509
5,2020-06,7,07_USR_008,2,02_USR_003,-0.0,0.8568
5,2020-06,7,07_USR_008,3,03_USR_004,-0.0,0.5573
5,2020-06,7,07_USR_008,4,04_USR_005,-0.0,0.9997
5,2020-06,7,07_USR_008,5,05_USR_006,-0.0,0.0933
5,2020-06,7,07_USR_008,6,06_USR_007,-0.0,0.7026
5,2020-06,7,07_USR_008,7,07_USR_008,0.0,1.0
5,2020-06,7,07_USR_008,8,08_USR_009,0.0,-0.8788
5,2020-06,7,07_USR_008,9,09_USR_010,-0.0,0.9445
5,2020-06,7,07_USR_008,10,10_STK_001,0.0,-0.0
5,2020-06,7,07_USR_008,11,11_STK_002,0.0,-0.0
5,2020-06,7,07_USR_008,12,12_STK_003,0.0,-0.0
5,2020-06,7,07_USR_008,13,13_STK_004,0.0,-0.0
5,2020-06,7,07_USR_008,14,14_STK_005,0.0,-0.0
5,2020-06,8,08_USR_009,0,00_USR_001,0.0,-0.0334
5,2020-06,8,08_USR_009,1,01_USR_002,0.0,-0.6878
5,2020-06,8,08_USR_009,2,02_USR_003,-0.0,0.999
5,2020-06,8,08_USR_009,3,03_USR_004,-0.0,0.0935
5,2020-06,8,08_USR_009,4,04_USR_005,-0.0,0.8675
5,2020-06,8,08_USR_009,5,05_USR_006,-0.0,0.5572
5,2020-06,8,08_USR_009,6,06_USR_007,-0.0,0.2778
5,2020-06,8,08_USR_009,7,07_USR_008,0.0,-0.8788
5,2020-06,8,08_USR_009,8,08_USR_009,0.0,1.0
5,2020-06,8,08_USR_009,9,09_USR_010,-0.0,0.6731
5,2020-06,8,08_USR_009,10,10_STK_001,0.0,-0.0
5,2020-06,8,08_USR_009,11,11_STK_002,0.0,-0.0
5,2020-06,8,08_USR_009,12,12_STK_003,0.0,-0.0
5,2020-06,8,08_USR_009,13,13_STK_004,0.0,-0.0
5,2020-06,8,08_USR_009,14,14_STK_005,0.0,-0.0
5,2020-06,9,09_USR_010,0,00_USR_001,0.0,-0.7166
5,2020-06,9,09_USR_010,1,01_USR_002,-0.0,0.9998
5,2020-06,9,09_USR_010,2,02_USR_003,0.0,-0.6398
5,2020-06,9,09_USR_010,3,03_USR_004,0.0,-0.7992
5,2020-06,9,09_USR_010,4,04_USR_005,0.0,-0.9518
5,2020-06,9,09_USR_010,5,05_USR_006,-0.0,0.239
5,2020-06,9,09_USR_010,6,06_USR_007,0.0,-0.8974
5,2020-06,9,09_USR_010,7,07_USR_008,-0.0,0.9445
5,2020-06,9,09_USR_010,8,08_USR_009,-0.0,0.6731
5,2020-06,9,09_USR_010,9,09_USR_010,0.0,1.0
5,2020-06,9,09_USR_010,10,10_STK_001,0.0,-0.0
5,2020-06,9,09_USR_010,11,11_STK_002,0.0,-0.0
5,2020-06,9,09_USR_010,12,12_STK_003,0.0,-0.0
5,2020-06,9,09_USR_010,13,13_STK_004,0.0,-0.0
5,2020-06,9,09_USR_010,14,14_STK_005,0.0,-0.0
5,2020-06,10,10_STK_001,0,00_USR_001,0.0,-0.0
5,2020-06,10,10_STK_001,1,01_USR_002,0.0,-0.0
5,2020-06,10,10_STK_001,2,02_USR_003,0.0,-0.0
5,2020-06,10,10_STK_001,3,03_USR_004,0.0,-0.0
5,2020-06,10,10_STK_001,4,04_USR_005,0.0,-0.0
5,2020-06,10,10_STK_001,5,05_USR_006,0.0,-0.0
5,2020-06,10,10_STK_001,6,06_USR_007,0.0,-0.0
5,2020-06,10,10_STK_001,7,07_USR_008,0.0,-0.0
5,2020-06,10,10_STK_001,8,08_USR_009,0.0,-0.0
5,2020-06,10,10_STK_001,9,09_USR_010,0.0,-0.0
5,2020-06,10,10_STK_001,10,10_STK_001,0.0,1.0
5,2020-06,10,10_STK_001,11,11_STK_002,0.0,-0.0
5,2020-06,10,10_STK_001,12,12_STK_003,0.0,-0.0
5,2020-06,10,10_STK_001,13,13_STK_004,0.0,-0.0
5,2020-06,10,10_STK_001,14,14_STK_005,0.0,-0.0
5,2020-06,11,11_STK_002,0,00_USR_001,0.0,-0.0
5,2020-06,11,11_STK_002,1,01_USR_002,0.0,-0.0
5,2020-06,11,11_STK_002,2,02_USR_003,0.0,-0.0
5,2020-06,11,11_STK_002,3,03_USR_004,0.0,-0.0
5,2020-06,11,11_STK_002,4,04_USR_005,0.0,-0.0
5,2020-06,11,11_STK_002,5,05_USR_006,0.0,-0.0
5,2020-06,11,11_STK_002,6,06_USR_007,0.0,-0.0
5,2020-06,11,11_STK_002,7,07_USR_008,0.0,-0.0
5,2020-06,11,11_STK_002,8,08_USR_009,0.0,-0.0
5,2020-06,11,11_STK_002,9,09_USR_010,0.0,-0.0
5,2020-06,11,11_STK_002,10,10_STK_001,0.0,-0.0
5,2020-06,11,11_STK_002,11,11_STK_002,0.0,1.0
5,2020-06,11,11_STK_002,12,12_STK_003,0.0,-0.0
5,2020-06,11,11_STK_002,13,13_STK_004,0.0,-0.0
5,2020-06,11,11_STK_002,14,14_STK_005,0.0,-0.0
5,2020-06,12,12_STK_003,0,00_USR_001,0.0,-0.0
5,2020-06,12,12_STK_003,1,01_USR_002,0.0,-0.0
5,2020-06,12,12_STK_003,2,02_USR_003,0.0,-0.0
5,2020-06,12,12_STK_003,3,03_USR_004,0.0,-0.0
5,2020-06,12,12_STK_003,4,04_USR_005,0.0,-0.0
5,2020-06,12,12_STK_003,5,05_USR_006,0.0,-0.0
5,2020-06,12,12_STK_003,6,06_USR_007,0.0,-0.0
5,2020-06,12,12_STK_003,7,07_USR_008,0.0,-0.0
5,2020-06,12,12_STK_003,8,08_USR_009,0.0,-0.0
5,2020-06,12,12_STK_003,9,09_USR_010,0.0,-0.0
5,2020-06,12,12_STK_003,10,10_STK_001,0.0,-0.0
5,2020-06,12,12_STK_003,11,11_STK_002,0.0,-0.0
5,2020-06,12,12_STK_003,12,12_STK_003,0.0,1.0
5,2020-06,12,12_STK_003,13,13_STK_004,0.0,-0.0
5,2020-06,12,12_STK_003,14,14_STK_005,0.0,-0.0
5,2020-06,13,13_STK_004,0,00_USR_001,0.0,-0.0
5,2020-06,13,13_STK_004,1,01_USR_002,0.0,-0.0
5,2020-06,13,13_STK_004,2,02_USR_003,0.0,-0.0
5,2020-06,13,13_STK_004,3,03_USR_004,0.0,-0.0
5,2020-06,13,13_STK_004,4,04_USR_005,0.0,-0.0
5,2020-06,13,13_STK_004,5,05_USR_006,0.0,-0.0
5,2020-06,13,13_STK_004,6,06_USR_007,0.0,-0.0
5,2020-06,13,13_STK_004,7,07_USR_008,0.0,-0.0
5,2020-06,13,13_STK_004,8,08_USR_009,0.0,-0.0
5,2020-06,13,13_STK_004,9,09_USR_010,0.0,-0.0
5,2020-06,13,13_STK_004,10,10_STK_001,0.0,-0.0
5,2020-06,13,13_STK_004,11,11_STK_002,0.0,-0.0
5,2020-06,13,13_STK_004,12,12_STK_003,0.0,-0.0
5,2020-06,13,13_STK_004,13,13_STK_004,0.0,1.0
5,2020-06,13,13_STK_004,14,14_STK_005,0.0,-0.0
5,2020-06,14,14_STK_005,0,00_USR_001,0.0,-0.0
5,2020-06,14,14_STK_005,1,01_USR_002,0.0,-0.0
5,2020-06,14,14_STK_005,2,02_USR_003,0.0,-0.0
5,2020-06,14,14_STK_005,3,03_USR_004,0.0,-0.0
5,2020-06,14,14_STK_005,4,04_USR_005,0.0,-0.0
5,2020-06,14,14_STK_005,5,05_USR_006,0.0,-0.0
5,2020-06,14,14_STK_005,6,06_USR_007,0.0,-0.0
5,2020-06,14,14_STK_005,7,07_USR_008,0.0,-0.0
5,2020-06,14,14_STK_005,8,08_USR_009,0.0,-0.0
5,2020-06,14,14_STK_005,9,09_USR_010,0.0,-0.0
5,2020-06,14,14_STK_005,10,10_STK_001,0.0,-0.0
5,2020-06,14,14_STK_005,11,11_STK_002,0.0,-0.0
5,2020-06,14,14_STK_005,12,12_STK_003,0.0,-0.0
5,2020-06,14,14_STK_005,13,13_STK_004,0.0,-0.0
5,2020-06,14,14_STK_005,14,14_STK_005,0.0,1.0
6,2020-07,0,00_USR_001,0,00_USR_001,0.0,1.0
6,2020-07,0,00_USR_001,1,01_USR_002,-0.0,0.9877
6,2020-07,0,00_USR_001,2,02_USR_003,0.0,-0.9531
6,2020-07,0,00_USR_001,3,03_USR_004,0.0,-0.9914
6,2020-07,0,00_USR_001,4,04_USR_005,-0.0,0.9839
6,2020-07,0,00_USR_001,5,05_USR_006,-0.0,0.9848
6,2020-07,0,00_USR_001,6,06_USR_007,-0.0,0.9752
6,2020-07,0,00_USR_001,7,07_USR_008,-0.0,0.9796
6,2020-07,0,00_USR_001,8,08_USR_009,-0.0,0.9769
6,2020-07,0,00_USR_001,9,09_USR_010,0.0,-0.9868
6,2020-07,0,00_USR_001,10,10_STK_001,0.0,-0.0
6,2020-07,0,00_USR_001,11,11_STK_002,0.0,-0.0
6,2020-07,0,00_USR_001,12,12_STK_003,0.0,-0.0
6,2020-07,0,00_USR_001,13,13_STK_004,0.0,-0.0
6,2020-07,0,00_USR_001,14,14_STK_005,0.0,-0.0
6,2020-07,1,01_USR_002,0,00_USR_001,-0.0,0.9877
6,2020-07,1,01_USR_002,1,01_USR_002,0.0,1.0
6,2020-07,1,01_USR_002,2,02_USR_003,-0.0,0.9887
6,2020-07,1,01_USR_002,3,03_USR_004,-0.0,0.9997
6,2020-07,1,01_USR_002,4,04_USR_005,0.0,-0.9998
6,2020-07,1,01_USR_002,5,05_USR_006,0.0,-0.9998
6,2020-07,1,01_USR_002,6,06_USR_007,0.0,-0.9978
6,2020-07,1,01_USR_002,7,07_USR_008,0.0,-0.999
6,2020-07,1,01_USR_002,8,08_USR_009,0.0,-0.9983
6,2020-07,1,01_USR_002,9,09_USR_010,-0.0,1.0
6,2020-07,1,01_USR_002,10,10_STK_001,0.0,-0.0
6,2020-07,1,01_USR_002,11,11_STK_002,0.0,-0.0
6,2020-07,1,01_USR_002,12,12_STK_003,0.0,-0.0
6,2020-07,1,01_USR_002,13,13_STK_004,0.0,-0.0
6,2020-07,1,01_USR_002,14,14_STK_005,0.0,-0.0
6,2020-07,2,02_USR_003,0,00_USR_001,0.0,-0.9531
6,2020-07,2,02_USR_003,1,01_USR_002,-0.0,0.9887
6,2020-07,2,02_USR_003,2,02_USR_003,0.0,1.0
6,2020-07,2,02_USR_003,3,03_USR_004,0.0,-0.9845
6,2020-07,2,02_USR_003,4,04_USR_005,-0.0,0.9918
6,2020-07,2,02_USR_003,5,05_USR_006,-0.0,0.9912
6,2020-07,2,02_USR_003,6,06_USR_007,-0.0,0.9965
6,2020-07,2,02_USR_003,7,07_USR_008,-0.0,0.9945
6,2020-07,2,02_USR_003,8,08_USR_009,-0.0,0.9957
6,2020-07,2,02_USR_003,9,09_USR_010,0.0,-0.9896
6,2020-07,2,02_USR_003,10,10_STK_001,0.0,-0.0
6,2020-07,2,02_USR_003,11,11_STK_002,0.0,-0.0
6,2020-07,2,02_USR_003,12,12_STK_003,0.0,-0.0
6,2020-07,2,02_USR_003,13,13_STK_004,0.0,-0.0
6,2020-07,2,02_USR_003,14,14_STK_005,0.0,-0.0
6,2020-07,3,03_USR_004,0,00_USR_001,0.0,-0.9914
6,2020-07,3,03_USR_004,1,01_USR_002,-0.0,0.9997
6,2020-07,3,03_USR_004,2,02_USR_003,0.0,-0.9845
6,2020-07,3,03_USR_004,3,03_USR_004,0.0,1.0
6,2020-07,3,03_USR_004,4,04_USR_005,-0.0,0.9988
6,2020-07,3,03_USR_004,5,05_USR_006,-0.0,0.9991
6,2020-07,3,03_USR_004,6,06_USR_007,-0.0,0.9958
6,2020-07,3,03_USR_004,7,07_USR_008,-0.0,0.9975
6,2020-07,3,03_USR_004,8,08_USR_009,-0.0,0.9965
6,2020-07,3,03_USR_004,9,09_USR_010,0.0,-0.9995
6,2020-07,3,03_USR_004,10,10_STK_001,0.0,-0.0
6,2020-07,3,03_USR_004,11,11_STK_002,0.0,-0.0
6,2020-07,3,03_USR_004,12,12_STK_003,0.0,-0.0
6,2020-07,3,03_USR_004,13,13_STK_004,0.0,-0.0
6,2020-07,3,03_USR_004,14,14_STK_005,0.0,-0.0
6,2020-07,4,04_USR_005,0,00_USR_001,-0.0,0.9839
6,2020-07,4,04_USR_005,1,01_USR_002,0.0,-0.9998
6,2020-07,4,04_USR_005,2,02_USR_003,-0.0,0.9918
6,2020-07,4,04_USR_005,3,03_USR_004,-0.0,0.9988
6,2020-07,4,04_USR_005,4,04_USR_005,0.0,1.0
6,2020-07,4,04_USR_005,5,05_USR_006,0.0,-1.0
6,2020-07,4,04_USR_005,6,06_USR_007,0.0,-0.999
6,2020-07,4,04_USR_005,7,07_USR_008,0.0,-0.9997
6,2020-07,4,04_USR_005,8,08_USR_009,0.0,-0.9994
6,2020-07,4,04_USR_005,9,09_USR_010,-0.0,0.9999
6,2020-07,4,04_USR_005,10,10_STK_001,0.0,-0.0
6,2020-07,4,04_USR_005,11,11_STK_002,0.0,-0.0
6,2020-07,4,04_USR_005,12,12_STK_003,0.0,-0.0
6,2020-07,4,04_USR_005,13,13_STK_004,0.0,-0.0
6,2020-07,4,04_USR_005,14,14_STK_005,0.0,-0.0
6,2020-07,5,05_USR_006,0,00_USR_001,-0.0,0.9848
6,2020-07,5,05_USR_006,1,01_USR_002,0.0,-0.9998
6,2020-07,5,05_USR_006,2,02_USR_003,-0.0,0.9912
6,2020-07,5,05_USR_006,3,03_USR_004,-0.0,0.9991
6,2020-07,5,05_USR_006,4,04_USR_005,0.0,-1.0
6,2020-07,5,05_USR_006,5,05_USR_006,0.0,1.0
6,2020-07,5,05_USR_006,6,06_USR_007,0.0,-0.9988
6,2020-07,5,05_USR_006,7,07_USR_008,0.0,-0.9996
6,2020-07,5,05_USR_006,8,08_USR_009,0.0,-0.9992
6,2020-07,5,05_USR_006,9,09_USR_010,-0.0,0.9999
6,2020-07,5,05_USR_006,10,10_STK_001,0.0,-0.0
6,2020-07,5,05_USR_006,11,11_STK_002,0.0,-0.0
6,2020-07,5,05_USR_006,12,12_STK_003,0.0,-0.0
6,2020-07,5,05_USR_006,13,13_STK_004,0.0,-0.0
6,2020-07,5,05_USR_006,14,14_STK_005,0.0,-0.0
6,2020-07,6,06_USR_007,0,00_USR_001,-0.0,0.9752
6,2020-07,6,06_USR_007,1,01_USR_002,0.0,-0.9978
6,2020-07,6,06_USR_007,2,02_USR_003,-0.0,0.9965
6,2020-07,6,06_USR_007,3,03_USR_004,-0.0,0.9958
6,2020-07,6,06_USR_007,4,04_USR_005,0.0,-0.999
6,2020-07,6,06_USR_007,5,05_USR_006,0.0,-0.9988
6,2020-07,6,06_USR_007,6,06_USR_007,0.0,1.0
6,2020-07,6,06_USR_007,7,07_USR_008,0.0,-0.9998
6,2020-07,6,06_USR_007,8,08_USR_009,0.0,-1.0
6,2020-07,6,06_USR_007,9,09_USR_010,-0.0,0.9982
6,2020-07,6,06_USR_007,10,10_STK_001,0.0,-0.0
6,2020-07,6,06_USR_007,11,11_STK_002,0.0,-0.0
6,2020-07,6,06_USR_007,12,12_STK_003,0.0,-0.0
6,2020-07,6,06_USR_007,13,13_STK_004,0.0,-0.0
6,2020-07,6,06_USR_007,14,14_STK_005,0.0,-0.0
6,2020-07,7,07_USR_008,0,00_USR_001,-0.0,0.9796
6,2020-07,7,07_USR_008,1,01_USR_002,0.0,-0.999
6,2020-07,7,07_USR_008,2,02_USR_003,-0.0,0.9945
6,2020-07,7,07_USR_008,3,03_USR_004,-0.0,0.9975
6,2020-07,7,07_USR_008,4,04_USR_005,0.0,-0.9997
6,2020-07,7,07_USR_008,5,05_USR_006,0.0,-0.9996
6,2020-07,7,07_USR_008,6,06_USR_007,0.0,-0.9998
6,2020-07,7,07_USR_008,7,07_USR_008,0.0,1.0
6,2020-07,7,07_USR_008,8,08_USR_009,0.0,-0.9999
6,2020-07,7,07_USR_008,9,09_USR_010,-0.0,0.9992
6,2020-07,7,07_USR_008,10,10_STK_001,0.0,-0.0
6,2020-07,7,07_USR_008,11,11_STK_002,0.0,-0.0
6,2020-07,7,07_USR_008,12,12_STK_003,0.0,-0.0
6,2020-07,7,07_USR_008,13,13_STK_004,0.0,-0.0
6,2020-07,7,07_USR_008,14,14_STK_005,0.0,-0.0
6,2020-07,8,08_USR_009,0,00_USR_001,-0.0,0.9769
6,2020-07,8,08_USR_009,1,01_USR_002,0.0,-0.9983
6,2020-07,8,08_USR_009,2,02_USR_003,-0.0,0.9957
6,2020-07,8,08_USR_009,3,03_USR_004,-0.0,0.9965
6,2020-07,8,08_USR_009,4,04_USR_005,0.0,-0.9994
6,2020-07,8,08_USR_009,5,05_USR_006,0.0,-0.9992
6,2020-07,8,08_USR_009,6,06_USR_007,0.0,-1.0
6,2020-07,8,08_USR_009,7,07_USR_008,0.0,-0.9999
6,2020-07,8,08_USR_009,8,08_USR_009,0.0,1.0
6,2020-07,8,08_USR_009,9,09_USR_010,-0.0,0.9986
6,2020-07,8,08_USR_009,10,10_STK_001,0.0,-0.0
6,2020-07,8,08_USR_009,11,11_STK_002,0.0,-0.0
6,2020-07,8,08_USR_009,12,12_STK_003,0.0,-0.0
6,2020-07,8,08_USR_009,13,13_STK_004,0.0,-0.0
6,2020-07,8,08_USR_009,14,14_STK_005,0.0,-0.0
6,2020-07,9,09_USR_010,0,00_USR_001,0.0,-0.9868
6,2020-07,9,09_USR_010,1,01_USR_002,-0.0,1.0
6,2020-07,9,09_USR_010,2,02_USR_003,0.0,-0.9896
6,2020-07,9,09_USR_010,3,03_USR_004,0.0,-0.9995
6,2020-07,9,09_USR_010,4,04_USR_005,-0.0,0.9999
6,2020-07,9,09_USR_010,5,05_USR_006,-0.0,0.9999
6,2020-07,9,09_USR_010,6,06_USR_007,-0.0,0.9982
6,2020-07,9,09_USR_010,7,07_USR_008,-0.0,0.9992
6,2020-07,9,09_USR_010,8,08_USR_009,-0.0,0.9986
6,2020-07,9,09_USR_010,9,09_USR_010,0.0,1.0
6,2020-07,9,09_USR_010,10,10_STK_001,0.0,-0.0
6,2020-07,9,09_USR_010,11,11_STK_002,0.0,-0.0
6,2020-07,9,09_USR_010,12,12_STK_003,0.0,-0.0
6,2020-07,9,09_USR_010,13,13_STK_004,0.0,-0.0
6,2020-07,9,09_USR_010,14,14_STK_005,0.0,-0.0
6,2020-07,10,10_STK_001,0,00_USR_001,0.0,-0.0
6,2020-07,10,10_STK_001,1,01_USR_002,0.0,-0.0
6,2020-07,10,10_STK_001,2,02_USR_003,0.0,-0.0
6,2020-07,10,10_STK_001,3,03_USR_004,0.0,-0.0
6,2020-07,10,10_STK_001,4,04_USR_005,0.0,-0.0
6,2020-07,10,10_STK_001,5,05_USR_006,0.0,-0.0
6,2020-07,10,10_STK_001,6,06_USR_007,0.0,-0.0
6,2020-07,10,10_STK_001,7,07_USR_008,0.0,-0.0
6,2020-07,10,10_STK_001,8,08_USR_009,0.0,-0.0
6,2020-07,10,10_STK_001,9,09_USR_010,0.0,-0.0
6,2020-07,10,10_STK_001,10,10_STK_001,0.0,1.0
6,2020-07,10,10_STK_001,11,11_STK_002,0.0,-0.0
6,2020-07,10,10_STK_001,12,12_STK_003,0.0,-0.0
6,2020-07,10,10_STK_001,13,13_STK_004,0.0,-0.0
6,2020-07,10,10_STK_001,14,14_STK_005,0.0,-0.0
6,2020-07,11,11_STK_002,0,00_USR_001,0.0,-0.0
6,2020-07,11,11_STK_002,1,01_USR_002,0.0,-0.0
6,2020-07,11,11_STK_002,2,02_USR_003,0.0,-0.0
6,2020-07,11,11_STK_002,3,03_USR_004,0.0,-0.0
6,2020-07,11,11_STK_002,4,04_USR_005,0.0,-0.0
6,2020-07,11,11_STK_002,5,05_USR_006,0.0,-0.0
6,2020-07,11,11_STK_002,6,06_USR_007,0.0,-0.0
6,2020-07,11,11_STK_002,7,07_USR_008,0.0,-0.0
6,2020-07,11,11_STK_002,8,08_USR_009,0.0,-0.0
6,2020-07,11,11_STK_002,9,09_USR_010,0.0,-0.0
6,2020-07,11,11_STK_002,10,10_STK_001,0.0,-0.0
6,2020-07,11,11_STK_002,11,11_STK_002,0.0,1.0
6,2020-07,11,11_STK_002,12,12_STK_003,0.0,-0.0
6,2020-07,11,11_STK_002,13,13_STK_004,0.0,-0.0
6,2020-07,11,11_STK_002,14,14_STK_005,0.0,-0.0
6,2020-07,12,12_STK_003,0,00_USR_001,0.0,-0.0
6,2020-07,12,12_STK_003,1,01_USR_002,0.0,-0.0
6,2020-07,12,12_STK_003,2,02_USR_003,0.0,-0.0
6,2020-07,12,12_STK_003,3,03_USR_004,0.0,-0.0
6,2020-07,12,12_STK_003,4,04_USR_005,0.0,-0.0
6,2020-07,12,12_STK_003,5,05_USR_006,0.0,-0.0
6,2020-07,12,12_STK_003,6,06_USR_007,0.0,-0.0
6,2020-07,12,12_STK_003,7,07_USR_008,0.0,-0.0
6,2020-07,12,12_STK_003,8,08_USR_009,0.0,-0.0
6,2020-07,12,12_STK_003,9,09_USR_010,0.0,-0.0
6,2020-07,12,12_STK_003,10,10_STK_001,0.0,-0.0
6,2020-07,12,12_STK_003,11,11_STK_002,0.0,-0.0
6,2020-07,12,12_STK_003,12,12_STK_003,0.0,1.0
6,2020-07,12,12_STK_003,13,13_STK_004,0.0,-0.0
6,2020-07,12,12_STK_003,14,14_STK_005,0.0,-0.0
6,2020-07,13,13_STK_004,0,00_USR_001,0.0,-0.0
6,2020-07,13,13_STK_004,1,01_USR_002,0.0,-0.0
6,2020-07,13,13_STK_004,2,02_USR_003,0.0,-0.0
6,2020-07,13,13_STK_004,3,03_USR_004,0.0,-0.0
6,2020-07,13,13_STK_004,4,04_USR_005,0.0,-0.0
6,2020-07,13,13_STK_004,5,05_USR_006,0.0,-0.0
6,2020-07,13,13_STK_004,6,06_USR_007,0.0,-0.0
6,2020-07,13,13_STK_004,7,07_USR_008,0.0,-0.0
6,2020-07,13,13_STK_004,8,08_USR_009,0.0,-0.0
6,2020-07,13,13_STK_004,9,09_USR_010,0.0,-0.0
6,2020-07,13,13_STK_004,10,10_STK_001,0.0,-0.0
6,2020-07,13,13_STK_004,11,11_STK_002,0.0,-0.0
6,2020-07,13,13_STK_004,12,12_STK_003,0.0,-0.0
6,2020-07,13,13_STK_004,13,13_STK_004,0.0,1.0
6,2020-07,13,13_STK_004,14,14_STK_005,0.0,-0.0
6,2020-07,14,14_STK_005,0,00_USR_001,0.0,-0.0
6,2020-07,14,14_STK_005,1,01_USR_002,0.0,-0.0
6,2020-07,14,14_STK_005,2,02_USR_003,0.0,-0.0
6,2020-07,14,14_STK_005,3,03_USR_004,0.0,-0.0
6,2020-07,14,14_STK_005,4,04_USR_005,0.0,-0.0
6,2020-07,14,14_STK_005,5,05_USR_006,0.0,-0.0
6,2020-07,14,14_STK_005,6,06_USR_007,0.0,-0.0
6,2020-07,14,14_STK_005,7,07_USR_008,0.0,-0.0
6,2020-07,14,14_STK_005,8,08_USR_009,0.0,-0.0
6,2020-07,14,14_STK_005,9,09_USR_010,0.0,-0.0
6,2020-07,14,14_STK_005,10,10_STK_001,0.0,-0.0
6,2020-07,14,14_STK_005,11,11_STK_002,0.0,-0.0
6,2020-07,14,14_STK_005,12,12_STK_003,0.0,-0.0
6,2020-07,14,14_STK_005,13,13_STK_004,0.0,-0.0
6,2020-07,14,14_STK_005,14,14_STK_005,0.0,1.0
7,2020-08,0,00_USR_001,0,00_USR_001,0.0,1.0
7,2020-08,0,00_USR_001,1,01_USR_002,-0.0,0.9261
7,2020-08,0,00_USR_001,2,02_USR_003,0.0,-0.6549
7,2020-08,0,00_USR_001,3,03_USR_004,-0.0,0.6366
7,2020-08,0,00_USR_001,4,04_USR_005,-0.0,0.9288
7,2020-08,0,00_USR_001,5,05_USR_006,-0.0,0.9358
7,2020-08,0,00_USR_001,6,06_USR_007,-0.0,0.8217
7,2020-08,0,00_USR_001,7,07_USR_008,0.0,-0.937
7,2020-08,0,00_USR_001,8,08_USR_009,-0.0,0.4587
7,2020-08,0,00_USR_001,9,09_USR_010,-0.0,0.85
7,2020-08,0,00_USR_001,10,10_STK_001,0.0,-0.0
7,2020-08,0,00_USR_001,11,11_STK_002,0.0,-0.0
7,2020-08,0,00_USR_001,12,12_STK_003,0.0,-0.0
7,2020-08,0,00_USR_001,13,13_STK_004,0.0,-0.0
7,2020-08,0,00_USR_001,14,14_STK_005,0.0,-0.0
7,2020-08,1,01_USR_002,0,00_USR_001,-0.0,0.9261
7,2020-08,1,01_USR_002,1,01_USR_002,0.0,1.0
7,2020-08,1,01_USR_002,2,02_USR_003,-0.0,0.8917
7,2020-08,1,01_USR_002,3,03_USR_004,0.0,-0.8805
7,2020-08,1,01_USR_002,4,04_USR_005,0.0,-1.0
7,2020-08,1,01_USR_002,5,05_USR_006,0.0,-0.9996
7,2020-08,1,01_USR_002,6,06_USR_007,0.0,-0.976
7,2020-08,1,01_USR_002,7,07_USR_008,-0.0,0.9995
7,2020-08,1,01_USR_002,8,08_USR_009,0.0,-0.76
7,2020-08,1,01_USR_002,9,09_USR_010,0.0,-0.9859
7,2020-08,1,01_USR_002,10,10_STK_001,0.0,-0.0
7,2020-08,1,01_USR_002,11,11_STK_002,0.0,-0.0
7,2020-08,1,01_USR_002,12,12_STK_003,0.0,-0.0
7,2020-08,1,01_USR_002,13,13_STK_004,0.0,-0.0
7,2020-08,1,01_USR_002,14,14_STK_005,0.0,-0.0
7,2020-08,2,02_USR_003,0,00_USR_001,0.0,-0.6549
7,2020-08,2,02_USR_003,1,01_USR_002,-0.0,0.8917
7,2020-08,2,02_USR_003,2,02_USR_003,0.0,1.0
7,2020-08,2,02_USR_003,3,03_USR_004,-0.0,0.9997
7,2020-08,2,02_USR_003,4,04_USR_005,-0.0,0.8884
7,2020-08,2,02_USR_003,5,05_USR_006,-0.0,0.8792
7,2020-08,2,02_USR_003,6,06_USR_007,-0.0,0.9688
7,2020-08,2,02_USR_003,7,07_USR_008,0.0,-0.8776
7,2020-08,2,02_USR_003,8,08_USR_009,-0.0,0.9719
7,2020-08,2,02_USR_003,9,09_USR_010,-0.0,0.9548
7,2020-08,2,02_USR_003,10,10_STK_001,0.0,-0.0
7,2020-08,2,02_USR_003,11,11_STK_002,0.0,-0.0
7,2020-08,2,02_USR_003,12,12_STK_003,0.0,-0.0
7,2020-08,2,02_USR_003,13,13_STK_004,0.0,-0.0
7,2020-08,2,02_USR_003,14,14_STK_005,0.0,-0.0
7,2020-08,3,03_USR_004,0,00_USR_001,-0.0,0.6366
7,2020-08,3,03_USR_004,1,01_USR_002,0.0,-0.8805
7,2020-08,3,03_USR_004,2,02_USR_003,-0.0,0.9997
7,2020-08,3,03_USR_004,3,03_USR_004,0.0,1.0
7,2020-08,3,03_USR_004,4,04_USR_005,0.0,-0.8771
7,2020-08,3,03_USR_004,5,05_USR_006,0.0,-0.8675
7,2020-08,3,03_USR_004,6,06_USR_007,0.0,-0.9626
7,2020-08,3,03_USR_004,7,07_USR_008,-0.0,0.8659
7,2020-08,3,03_USR_004,8,08_USR_009,0.0,-0.9773
7,2020-08,3,03_USR_004,9,09_USR_010,0.0,-0.9473
7,2020-08,3,03_USR_004,10,10_STK_001,0.0,-0.0
7,2020-08,3,03_USR_004,11,11_STK_002,0.0,-0.0
7,2020-08,3,03_USR_004,12,12_STK_003,0.0,-0.0
7,2020-08,3,03_USR_004,13,13_STK_004,0.0,-0.0
7,2020-08,3,03_USR_004,14,14_STK_005,0.0,-0.0
7,2020-08,4,04_USR_005,0,00_USR_001,-0.0,0.9288
7,2020-08,4,04_USR_005,1,01_USR_002,0.0,-1.0
7,2020-08,4,04_USR_005,2,02_USR_003,-0.0,0.8884
7,2020-08,4,04_USR_005,3,03_USR_004,0.0,-0.8771
7,2020-08,4,04_USR_005,4,04_USR_005,0.0,1.0
7,2020-08,4,04_USR_005,5,05_USR_006,0.0,-0.9998
7,2020-08,4,04_USR_005,6,06_USR_007,0.0,-0.9744
7,2020-08,4,04_USR_005,7,07_USR_008,-0.0,0.9997
7,2020-08,4,04_USR_005,8,08_USR_009,0.0,-0.7553
7,2020-08,4,04_USR_005,9,09_USR_010,0.0,-0.9847
7,2020-08,4,04_USR_005,10,10_STK_001,0.0,-0.0
7,2020-08,4,04_USR_005,11,11_STK_002,0.0,-0.0
7,2020-08,4,04_USR_005,12,12_STK_003,0.0,-0.0
7,2020-08,4,04_USR_005,13,13_STK_004,0.0,-0.0
7,2020-08,4,04_USR_005,14,14_STK_005,0.0,-0.0
7,2020-08,5,05_USR_006,0,00_USR_001,-0.0,0.9358
7,2020-08,5,05_USR_006,1,01_USR_002,0.0,-0.9996
7,2020-08,5,05_USR_006,2,02_USR_003,-0.0,0.8792
7,2020-08,5,05_USR_006,3,03_USR_004,0.0,-0.8675
7,2020-08,5,05_USR_006,4,04_USR_005,0.0,-0.9998
7,2020-08,5,05_USR_006,5,05_USR_006,0.0,1.0
7,2020-08,5,05_USR_006,6,06_USR_007,0.0,-0.9698
7,2020-08,5,05_USR_006,7,07_USR_008,-0.0,1.0
7,2020-08,5,05_USR_006,8,08_USR_009,0.0,-0.7424
7,2020-08,5,05_USR_006,9,09_USR_010,0.0,-0.9811
7,2020-08,5,05_USR_006,10,10_STK_001,0.0,-0.0
7,2020-08,5,05_USR_006,11,11_STK_002,0.0,-0.0
7,2020-08,5,05_USR_006,12,12_STK_003,0.0,-0.0
7,2020-08,5,05_USR_006,13,13_STK_004,0.0,-0.0
7,2020-08,5,05_USR_006,14,14_STK_005,0.0,-0.0
7,2020-08,6,06_USR_007,0,00_USR_001,-0.0,0.8217
7,2020-08,6,06_USR_007,1,01_USR_002,0.0,-0.976
7,2020-08,6,06_USR_007,2,02_USR_003,-0.0,0.9688
7,2020-08,6,06_USR_007,3,03_USR_004,0.0,-0.9626
7,2020-08,6,06_USR_007,4,04_USR_005,0.0,-0.9744
7,2020-08,6,06_USR_007,5,05_USR_006,0.0,-0.9698
7,2020-08,6,06_USR_007,6,06_USR_007,0.0,1.0
7,2020-08,6,06_USR_007,7,07_USR_008,-0.0,0.969
7,2020-08,6,06_USR_007,8,08_USR_009,0.0,-0.8833
7,2020-08,6,06_USR_007,9,09_USR_010,0.0,-0.9987
7,2020-08,6,06_USR_007,10,10_STK_001,0.0,-0.0
7,2020-08,6,06_USR_007,11,11_STK_002,0.0,-0.0
7,2020-08,6,06_USR_007,12,12_STK_003,0.0,-0.0
7,2020-08,6,06_USR_007,13,13_STK_004,0.0,-0.0
7,2020-08,6,06_USR_007,14,14_STK_005,0.0,-0.0
7,2020-08,7,07_USR_008,0,00_USR_001,0.0,-0.937
7,2020-08,7,07_USR_008,1,01_USR_002,-0.0,0.9995
7,2020-08,7,07_USR_008,2,02_USR_003,0.0,-0.8776
7,2020-08,7,07_USR_008,3,03_USR_004,-0.0,0.8659
7,2020-08,7,07_USR_008,4,04_USR_005,-0.0,0.9997
7,2020-08,7,07_USR_008,5,05_USR_006,-0.0,1.0
7,2020-08,7,07_USR_008,6,06_USR_007,-0.0,0.969
7,2020-08,7,07_USR_008,7,07_USR_008,0.0,1.0
7,2020-08,7,07_USR_008,8,08_USR_009,-0.0,0.7402
7,2020-08,7,07_USR_008,9,09_USR_010,-0.0,0.9805
7,2020-08,7,07_USR_008,10,10_STK_001,0.0,-0.0
7,2020-08,7,07_USR_008,11,11_STK_002,0.0,-0.0
7,2020-08,7,07_USR_008,12,12_STK_003,0.0,-0.0
7,2020-08,7,07_USR_008,13,13_STK_004,0.0,-0.0
7,2020-08,7,07_USR_008,14,14_STK_005,0.0,-0.0
7,2020-08,8,08_USR_009,0,00_USR_001,-0.0,0.4587
7,2020-08,8,08_USR_009,1,01_USR_002,0.0,-0.76
7,2020-08,8,08_USR_009,2,02_USR_003,-0.0,0.9719
7,2020-08,8,08_USR_009,3,03_USR_004,0.0,-0.9773
7,2020-08,8,08_USR_009,4,04_USR_005,0.0,-0.7553
7,2020-08,8,08_USR_009,5,05_USR_006,0.0,-0.7424
7,2020-08,8,08_USR_009,6,06_USR_007,0.0,-0.8833
7,2020-08,8,08_USR_009,7,07_USR_008,-0.0,0.7402
7,2020-08,8,08_USR_009,8,08_USR_009,0.0,1.0
7,2020-08,8,08_USR_009,9,09_USR_010,0.0,-0.8579
7,2020-08,8,08_USR_009,10,10_STK_001,0.0,-0.0
7,2020-08,8,08_USR_009,11,11_STK_002,0.0,-0.0
7,2020-08,8,08_USR_009,12,12_STK_003,0.0,-0.0
7,2020-08,8,08_USR_009,13,13_STK_004,0.0,-0.0
7,2020-08,8,08_USR_009,14,14_STK_005,0.0,-0.0
7,2020-08,9,09_USR_010,0,00_USR_001,-0.0,0.85
7,2020-08,9,09_USR_010,1,01_USR_002,0.0,-0.9859
7,2020-08,9,09_USR_010,2,02_USR_003,-0.0,0.9548
7,2020-08,9,09_USR_010,3,03_USR_004,0.0,-0.9473
7,2020-08,9,09_USR_010,4,04_USR_005,0.0,-0.9847
7,2020-08,9,09_USR_010,5,05_USR_006,0.0,-0.9811
7,2020-08,9,09_USR_010,6,06_USR_007,0.0,-0.9987
7,2020-08,9,09_USR_010,7,07_USR_008,-0.0,0.9805
7,2020-08,9,09_USR_010,8,08_USR_009,0.0,-0.8579
7,2020-08,9,09_USR_010,9,09_USR_010,0.0,1.0
7,2020-08,9,09_USR_010,10,10_STK_001,0.0,-0.0
7,2020-08,9,09_USR_010,11,11_STK_002,0.0,-0.0
7,2020-08,9,09_USR_010,12,12_STK_003,0.0,-0.0
7,2020-08,9,09_USR_010,13,13_STK_004,0.0,-0.0
7,2020-08,9,09_USR_010,14,14_STK_005,0.0,-0.0
7,2020-08,10,10_STK_001,0,00_USR_001,0.0,-0.0
7,2020-08,10,10_STK_001,1,01_USR_002,0.0,-0.0
7,2020-08,10,10_STK_001,2,02_USR_003,0.0,-0.0
7,2020-08,10,10_STK_001,3,03_USR_004,0.0,-0.0
7,2020-08,10,10_STK_001,4,04_USR_005,0.0,-0.0
7,2020-08,10,10_STK_001,5,05_USR_006,0.0,-0.0
7,2020-08,10,10_STK_001,6,06_USR_007,0.0,-0.0
7,2020-08,10,10_STK_001,7,07_USR_008,0.0,-0.0
7,2020-08,10,10_STK_001,8,08_USR_009,0.0,-0.0
7,2020-08,10,10_STK_001,9,09_USR_010,0.0,-0.0
7,2020-08,10,10_STK_001,10,10_STK_001,0.0,1.0
7,2020-08,10,10_STK_001,11,11_STK_002,0.0,-0.0
7,2020-08,10,10_STK_001,12,12_STK_003,0.0,-0.0
7,2020-08,10,10_STK_001,13,13_STK_004,0.0,-0.0
7,2020-08,10,10_STK_001,14,14_STK_005,0.0,-0.0
7,2020-08,11,11_STK_002,0,00_USR_001,0.0,-0.0
7,2020-08,11,11_STK_002,1,01_USR_002,0.0,-0.0
7,2020-08,11,11_STK_002,2,02_USR_003,0.0,-0.0
7,2020-08,11,11_STK_002,3,03_USR_004,0.0,-0.0
7,2020-08,11,11_STK_002,4,04_USR_005,0.0,-0.0
7,2020-08,11,11_STK_002,5,05_USR_006,0.0,-0.0
7,2020-08,11,11_STK_002,6,06_USR_007,0.0,-0.0
7,2020-08,11,11_STK_002,7,07_USR_008,0.0,-0.0
7,2020-08,11,11_STK_002,8,08_USR_009,0.0,-0.0
7,2020-08,11,11_STK_002,9,09_USR_010,0.0,-0.0
7,2020-08,11,11_STK_002,10,10_STK_001,0.0,-0.0
7,2020-08,11,11_STK_002,11,11_STK_002,0.0,1.0
7,2020-08,11,11_STK_002,12,12_STK_003,0.0,-0.0
7,2020-08,11,11_STK_002,13,13_STK_004,0.0,-0.0
7,2020-08,11,11_STK_002,14,14_STK_005,0.0,-0.0
7,2020-08,12,12_STK_003,0,00_USR_001,0.0,-0.0
7,2020-08,12,12_STK_003,1,01_USR_002,0.0,-0.0
7,2020-08,12,12_STK_003,2,02_USR_003,0.0,-0.0
7,2020-08,12,12_STK_003,3,03_USR_004,0.0,-0.0
7,2020-08,12,12_STK_003,4,04_USR_005,0.0,-0.0
7,2020-08,12,12_STK_003,5,05_USR_006,0.0,-0.0
7,2020-08,12,12_STK_003,6,06_USR_007,0.0,-0.0
7,2020-08,12,12_STK_003,7,07_USR_008,0.0,-0.0
7,2020-08,12,12_STK_003,8,08_USR_009,0.0,-0.0
7,2020-08,12,12_STK_003,9,09_USR_010,0.0,-0.0
7,2020-08,12,12_STK_003,10,10_STK_001,0.0,-0.0
7,2020-08,12,12_STK_003,11,11_STK_002,0.0,-0.0
7,2020-08,12,12_STK_003,12,12_STK_003,0.0,1.0
7,2020-08,12,12_STK_003,13,13_STK_004,0.0,-0.0
7,2020-08,12,12_STK_003,14,14_STK_005,0.0,-0.0
7,2020-08,13,13_STK_004,0,00_USR_001,0.0,-0.0
7,2020-08,13,13_STK_004,1,01_USR_002,0.0,-0.0
7,2020-08,13,13_STK_004,2,02_USR_003,0.0,-0.0
7,2020-08,13,13_STK_004,3,03_USR_004,0.0,-0.0
7,2020-08,13,13_STK_004,4,04_USR_005,0.0,-0.0
7,2020-08,13,13_STK_004,5,05_USR_006,0.0,-0.0
7,2020-08,13,13_STK_004,6,06_USR_007,0.0,-0.0
7,2020-08,13,13_STK_004,7,07_USR_008,0.0,-0.0
7,2020-08,13,13_STK_004,8,08_USR_009,0.0,-0.0
7,2020-08,13,13_STK_004,9,09_USR_010,0.0,-0.0
7,2020-08,13,13_STK_004,10,10_STK_001,0.0,-0.0
7,2020-08,13,13_STK_004,11,11_STK_002,0.0,-0.0
7,2020-08,13,13_STK_004,12,12_STK_003,0.0,-0.0
7,2020-08,13,13_STK_004,13,13_STK_004,0.0,1.0
7,2020-08,13,13_STK_004,14,14_STK_005,0.0,-0.0
7,2020-08,14,14_STK_005,0,00_USR_001,0.0,-0.0
7,2020-08,14,14_STK_005,1,01_USR_002,0.0,-0.0
7,2020-08,14,14_STK_005,2,02_USR_003,0.0,-0.0
7,2020-08,14,14_STK_005,3,03_USR_004,0.0,-0.0
7,2020-08,14,14_STK_005,4,04_USR_005,0.0,-0.0
7,2020-08,14,14_STK_005,5,05_USR_006,0.0,-0.0
7,2020-08,14,14_STK_005,6,06_USR_007,0.0,-0.0
7,2020-08,14,14_STK_005,7,07_USR_008,0.0,-0.0
7,2020-08,14,14_STK_005,8,08_USR_009,0.0,-0.0
7,2020-08,14,14_STK_005,9,09_USR_010,0.0,-0.0
7,2020-08,14,14_STK_005,10,10_STK_001,0.0,-0.0
7,2020-08,14,14_STK_005,11,11_STK_002,0.0,-0.0
7,2020-08,14,14_STK_005,12,12_STK_003,0.0,-0.0
7,2020-08,14,14_STK_005,13,13_STK_004,0.0,-0.0
7,2020-08,14,14_STK_005,14,14_STK_005,0.0,1.0
8,2020-09,0,00_USR_001,0,00_USR_001,0.0,1.0
8,2020-09,0,00_USR_001,1,01_USR_002,-0.0,0.8774
8,2020-09,0,00_USR_001,2,02_USR_003,-0.0,0.2359
8,2020-09,0,00_USR_001,3,03_USR_004,0.0,-0.936
8,2020-09,0,00_USR_001,4,04_USR_005,-0.0,0.9911
8,2020-09,0,00_USR_001,5,05_USR_006,-0.0,0.9933
8,2020-09,0,00_USR_001,6,06_USR_007,-0.0,0.9845
8,2020-09,0,00_USR_001,7,07_USR_008,-0.0,0.934
8,2020-09,0,00_USR_001,8,08_USR_009,-0.0,0.9995
8,2020-09,0,00_USR_001,9,09_USR_010,0.0,-0.591
8,2020-09,0,00_USR_001,10,10_STK_001,0.0,-0.0
8,2020-09,0,00_USR_001,11,11_STK_002,0.0,-0.0
8,2020-09,0,00_USR_001,12,12_STK_003,0.0,-0.0
8,2020-09,0,00_USR_001,13,13_STK_004,0.0,-0.0
8,2020-09,0,00_USR_001,14,14_STK_005,0.0,-0.0
8,2020-09,1,01_USR_002,0,00_USR_001,-0.0,0.8774
8,2020-09,1,01_USR_002,1,01_USR_002,0.0,1.0
8,2020-09,1,01_USR_002,2,02_USR_003,-0.0,0.2592
8,2020-09,1,01_USR_002,3,03_USR_004,-0.0,0.6525
8,2020-09,1,01_USR_002,4,04_USR_005,0.0,-0.8059
8,2020-09,1,01_USR_002,5,05_USR_006,0.0,-0.8163
8,2020-09,1,01_USR_002,6,06_USR_007,0.0,-0.7798
8,2020-09,1,01_USR_002,7,07_USR_008,0.0,-0.6482
8,2020-09,1,01_USR_002,8,08_USR_009,0.0,-0.8621
8,2020-09,1,01_USR_002,9,09_USR_010,-0.0,0.1316
8,2020-09,1,01_USR_002,10,10_STK_001,0.0,-0.0
8,2020-09,1,01_USR_002,11,11_STK_002,0.0,-0.0
8,2020-09,1,01_USR_002,12,12_STK_003,0.0,-0.0
8,2020-09,1,01_USR_002,13,13_STK_004,0.0,-0.0
8,2020-09,1,01_USR_002,14,14_STK_005,0.0,-0.0
8,2020-09,2,02_USR_003,0,00_USR_001,-0.0,0.2359
8,2020-09,2,02_USR_003,1,01_USR_002,-0.0,0.2592
8,2020-09,2,02_USR_003,2,02_USR_003,0.0,1.0
8,2020-09,2,02_USR_003,3,03_USR_004,-0.0,0.5627
8,2020-09,2,02_USR_003,4,04_USR_005,0.0,-0.363
8,2020-09,2,02_USR_003,5,05_USR_006,0.0,-0.3463
8,2020-09,2,02_USR_003,6,06_USR_007,0.0,-0.4025
8,2020-09,2,02_USR_003,7,07_USR_008,0.0,-0.5675
8,2020-09,2,02_USR_003,8,08_USR_009,0.0,-0.266
8,2020-09,2,02_USR_003,9,09_USR_010,-0.0,0.9233
8,2020-09,2,02_USR_003,10,10_STK_001,0.0,-0.0
8,2020-09,2,02_USR_003,11,11_STK_002,0.0,-0.0
8,2020-09,2,02_USR_003,12,12_STK_003,0.0,-0.0
8,2020-09,2,02_USR_003,13,13_STK_004,0.0,-0.0
8,2020-09,2,02_USR_003,14,14_STK_005,0.0,-0.0
8,2020-09,3,03_USR_004,0,00_USR_001,0.0,-0.936
8,2020-09,3,03_USR_004,1,01_USR_002,-0.0,0.6525
8,2020-09,3,03_USR_004,2,02_USR_003,-0.0,0.5627
8,2020-09,3,03_USR_004,3,03_USR_004,0.0,1.0
8,2020-09,3,03_USR_004,4,04_USR_005,-0.0,0.9745
8,2020-09,3,03_USR_004,5,05_USR_006,-0.0,0.9704
8,2020-09,3,03_USR_004,6,06_USR_007,-0.0,0.9832
8,2020-09,3,03_USR_004,7,07_USR_008,-0.0,1.0
8,2020-09,3,03_USR_004,8,08_USR_009,-0.0,0.9466
8,2020-09,3,03_USR_004,9,09_USR_010,0.0,-0.8371
8,2020-09,3,03_USR_004,10,10_STK_001,0.0,-0.0
8,2020-09,3,03_USR_004,11,11_STK_002,0.0,-0.0
8,2020-09,3,03_USR_004,12,12_STK_003,0.0,-0.0
8,2020-09,3,03_USR_004,13,13_STK_004,0.0,-0.0
8,2020-09,3,03_USR_004,14,14_STK_005,0.0,-0.0
8,2020-09,4,04_USR_005,0,00_USR_001,-0.0,0.9911
8,2020-09,4,04_USR_005,1,01_USR_002,0.0,-0.8059
8,2020-09,4,04_USR_005,2,02_USR_003,0.0,-0.363
8,2020-09,4,04_USR_005,3,03_USR_004,-0.0,0.9745
8,2020-09,4,04_USR_005,4,04_USR_005,0.0,1.0
8,2020-09,4,04_USR_005,5,05_USR_006,0.0,-0.9998
8,2020-09,4,04_USR_005,6,06_USR_007,0.0,-0.9991
8,2020-09,4,04_USR_005,7,07_USR_008,0.0,-0.9732
8,2020-09,4,04_USR_005,8,08_USR_009,0.0,-0.9948
8,2020-09,4,04_USR_005,9,09_USR_010,-0.0,0.693
8,2020-09,4,04_USR_005,10,10_STK_001,0.0,-0.0
8,2020-09,4,04_USR_005,11,11_STK_002,0.0,-0.0
8,2020-09,4,04_USR_005,12,12_STK_003,0.0,-0.0
8,2020-09,4,04_USR_005,13,13_STK_004,0.0,-0.0
8,2020-09,4,04_USR_005,14,14_STK_005,0.0,-0.0
8,2020-09,5,05_USR_006,0,00_USR_001,-0.0,0.9933
8,2020-09,5,05_USR_006,1,01_USR_002,0.0,-0.8163
8,2020-09,5,05_USR_006,2,02_USR_003,0.0,-0.3463
8,2020-09,5,05_USR_006,3,03_USR_004,-0.0,0.9704
8,2020-09,5,05_USR_006,4,04_USR_005,0.0,-0.9998
8,2020-09,5,05_USR_006,5,05_USR_006,0.0,1.0
8,2020-09,5,05_USR_006,6,06_USR_007,0.0,-0.9982
8,2020-09,5,05_USR_006,7,07_USR_008,0.0,-0.969
8,2020-09,5,05_USR_006,8,08_USR_009,0.0,-0.9964
8,2020-09,5,05_USR_006,9,09_USR_010,-0.0,0.6801
8,2020-09,5,05_USR_006,10,10_STK_001,0.0,-0.0
8,2020-09,5,05_USR_006,11,11_STK_002,0.0,-0.0
8,2020-09,5,05_USR_006,12,12_STK_003,0.0,-0.0
8,2020-09,5,05_USR_006,13,13_STK_004,0.0,-0.0
8,2020-09,5,05_USR_006,14,14_STK_005,0.0,-0.0
8,2020-09,6,06_USR_007,0,00_USR_001,-0.0,0.9845
8,2020-09,6,06_USR_007,1,01_USR_002,0.0,-0.7798
8,2020-09,6,06_USR_007,2,02_USR_003,0.0,-0.4025
8,2020-09,6,06_USR_007,3,03_USR_004,-0.0,0.9832
8,2020-09,6,06_USR_007,4,04_USR_005,0.0,-0.9991
8,2020-09,6,06_USR_007,5,05_USR_006,0.0,-0.9982
8,2020-09,6,06_USR_007,6,06_USR_007,0.0,1.0
8,2020-09,6,06_USR_007,7,07_USR_008,0.0,-0.9822
8,2020-09,6,06_USR_007,8,08_USR_009,0.0,-0.9895
8,2020-09,6,06_USR_007,9,09_USR_010,-0.0,0.7232
8,2020-09,6,06_USR_007,10,10_STK_001,0.0,-0.0
8,2020-09,6,06_USR_007,11,11_STK_002,0.0,-0.0
8,2020-09,6,06_USR_007,12,12_STK_003,0.0,-0.0
8,2020-09,6,06_USR_007,13,13_STK_004,0.0,-0.0
8,2020-09,6,06_USR_007,14,14_STK_005,0.0,-0.0
8,2020-09,7,07_USR_008,0,00_USR_001,-0.0,0.934
8,2020-09,7,07_USR_008,1,01_USR_002,0.0,-0.6482
8,2020-09,7,07_USR_008,2,02_USR_003,0.0,-0.5675
8,2020-09,7,07_USR_008,3,03_USR_004,-0.0,1.0
8,2020-09,7,07_USR_008,4,04_USR_005,0.0,-0.9732
8,2020-09,7,07_USR_008,5,05_USR_006,0.0,-0.969
8,2020-09,7,07_USR_008,6,06_USR_007,0.0,-0.9822
8,2020-09,7,07_USR_008,7,07_USR_008,0.0,1.0
8,2020-09,7,07_USR_008,8,08_USR_009,0.0,-0.9447
8,2020-09,7,07_USR_008,9,09_USR_010,-0.0,0.8402
8,2020-09,7,07_USR_008,10,10_STK_001,0.0,-0.0
8,2020-09,7,07_USR_008,11,11_STK_002,0.0,-0.0
8,2020-09,7,07_USR_008,12,12_STK_003,0.0,-0.0
8,2020-09,7,07_USR_008,13,13_STK_004,0.0,-0.0
8,2020-09,7,07_USR_008,14,14_STK_005,0.0,-0.0
8,2020-09,8,08_USR_009,0,00_USR_001,-0.0,0.9995
8,2020-09,8,08_USR_009,1,01_USR_002,0.0,-0.8621
8,2020-09,8,08_USR_009,2,02_USR_003,0.0,-0.266
8,2020-09,8,08_USR_009,3,03_USR_004,-0.0,0.9466
8,2020-09,8,08_USR_009,4,04_USR_005,0.0,-0.9948
8,2020-09,8,08_USR_009,5,05_USR_006,0.0,-0.9964
8,2020-09,8,08_USR_009,6,06_USR_007,0.0,-0.9895
8,2020-09,8,08_USR_009,7,07_USR_008,0.0,-0.9447
8,2020-09,8,08_USR_009,8,08_USR_009,0.0,1.0
8,2020-09,8,08_USR_009,9,09_USR_010,-0.0,0.6159
8,2020-09,8,08_USR_009,10,10_STK_001,0.0,-0.0
8,2020-09,8,08_USR_009,11,11_STK_002,0.0,-0.0
8,2020-09,8,08_USR_009,12,12_STK_003,0.0,-0.0
8,2020-09,8,08_USR_009,13,13_STK_004,0.0,-0.0
8,2020-09,8,08_USR_009,14,14_STK_005,0.0,-0.0
8,2020-09,9,09_USR_010,0,00_USR_001,0.0,-0.591
8,2020-09,9,09_USR_010,1,01_USR_002,-0.0,0.1316
8,2020-09,9,09_USR_010,2,02_USR_003,-0.0,0.9233
8,2020-09,9,09_USR_010,3,03_USR_004,0.0,-0.8371
8,2020-09,9,09_USR_010,4,04_USR_005,-0.0,0.693
8,2020-09,9,09_USR_010,5,05_USR_006,-0.0,0.6801
8,2020-09,9,09_USR_010,6,06_USR_007,-0.0,0.7232
8,2020-09,9,09_USR_010,7,07_USR_008,-0.0,0.8402
8,2020-09,9,09_USR_010,8,08_USR_009,-0.0,0.6159
8,2020-09,9,09_USR_010,9,09_USR_010,0.0,1.0
8,2020-09,9,09_USR_010,10,10_STK_001,0.0,-0.0
8,2020-09,9,09_USR_010,11,11_STK_002,0.0,-0.0
8,2020-09,9,09_USR_010,12,12_STK_003,0.0,-0.0
8,2020-09,9,09_USR_010,13,13_STK_004,0.0,-0.0
8,2020-09,9,09_USR_010,14,14_STK_005,0.0,-0.0
8,2020-09,10,10_STK_001,0,00_USR_001,0.0,-0.0
8,2020-09,10,10_STK_001,1,01_USR_002,0.0,-0.0
8,2020-09,10,10_STK_001,2,02_USR_003,0.0,-0.0
8,2020-09,10,10_STK_001,3,03_USR_004,0.0,-0.0
8,2020-09,10,10_STK_001,4,04_USR_005,0.0,-0.0
8,2020-09,10,10_STK_001,5,05_USR_006,0.0,-0.0
8,2020-09,10,10_STK_001,6,06_USR_007,0.0,-0.0
8,2020-09,10,10_STK_001,7,07_USR_008,0.0,-0.0
8,2020-09,10,10_STK_001,8,08_USR_009,0.0,-0.0
8,2020-09,10,10_STK_001,9,09_USR_010,0.0,-0.0
8,2020-09,10,10_STK_001,10,10_STK_001,0.0,1.0
8,2020-09,10,10_STK_001,11,11_STK_002,0.0,-0.0
8,2020-09,10,10_STK_001,12,12_STK_003,0.0,-0.0
8,2020-09,10,10_STK_001,13,13_STK_004,0.0,-0.0
8,2020-09,10,10_STK_001,14,14_STK_005,0.0,-0.0
8,2020-09,11,11_STK_002,0,00_USR_001,0.0,-0.0
8,2020-09,11,11_STK_002,1,01_USR_002,0.0,-0.0
8,2020-09,11,11_STK_002,2,02_USR_003,0.0,-0.0
8,2020-09,11,11_STK_002,3,03_USR_004,0.0,-0.0
8,2020-09,11,11_STK_002,4,04_USR_005,0.0,-0.0
8,2020-09,11,11_STK_002,5,05_USR_006,0.0,-0.0
8,2020-09,11,11_STK_002,6,06_USR_007,0.0,-0.0
8,2020-09,11,11_STK_002,7,07_USR_008,0.0,-0.0
8,2020-09,11,11_STK_002,8,08_USR_009,0.0,-0.0
8,2020-09,11,11_STK_002,9,09_USR_010,0.0,-0.0
8,2020-09,11,11_STK_002,10,10_STK_001,0.0,-0.0
8,2020-09,11,11_STK_002,11,11_STK_002,0.0,1.0
8,2020-09,11,11_STK_002,12,12_STK_003,0.0,-0.0
8,2020-09,11,11_STK_002,13,13_STK_004,0.0,-0.0
8,2020-09,11,11_STK_002,14,14_STK_005,0.0,-0.0
8,2020-09,12,12_STK_003,0,00_USR_001,0.0,-0.0
8,2020-09,12,12_STK_003,1,01_USR_002,0.0,-0.0
8,2020-09,12,12_STK_003,2,02_USR_003,0.0,-0.0
8,2020-09,12,12_STK_003,3,03_USR_004,0.0,-0.0
8,2020-09,12,12_STK_003,4,04_USR_005,0.0,-0.0
8,2020-09,12,12_STK_003,5,05_USR_006,0.0,-0.0
8,2020-09,12,12_STK_003,6,06_USR_007,0.0,-0.0
8,2020-09,12,12_STK_003,7,07_USR_008,0.0,-0.0
8,2020-09,12,12_STK_003,8,08_USR_009,0.0,-0.0
8,2020-09,12,12_STK_003,9,09_USR_010,0.0,-0.0
8,2020-09,12,12_STK_003,10,10_STK_001,0.0,-0.0
8,2020-09,12,12_STK_003,11,11_STK_002,0.0,-0.0
8,2020-09,12,12_STK_003,12,12_STK_003,0.0,1.0
8,2020-09,12,12_STK_003,13,13_STK_004,0.0,-0.0
8,2020-09,12,12_STK_003,14,14_STK_005,0.0,-0.0
8,2020-09,13,13_STK_004,0,00_USR_001,0.0,-0.0
8,2020-09,13,13_STK_004,1,01_USR_002,0.0,-0.0
8,2020-09,13,13_STK_004,2,02_USR_003,0.0,-0.0
8,2020-09,13,13_STK_004,3,03_USR_004,0.0,-0.0
8,2020-09,13,13_STK_004,4,04_USR_005,0.0,-0.0
8,2020-09,13,13_STK_004,5,05_USR_006,0.0,-0.0
8,2020-09,13,13_STK_004,6,06_USR_007,0.0,-0.0
8,2020-09,13,13_STK_004,7,07_USR_008,0.0,-0.0
8,2020-09,13,13_STK_004,8,08_USR_009,0.0,-0.0
8,2020-09,13,13_STK_004,9,09_USR_010,0.0,-0.0
8,2020-09,13,13_STK_004,10,10_STK_001,0.0,-0.0
8,2020-09,13,13_STK_004,11,11_STK_002,0.0,-0.0
8,2020-09,13,13_STK_004,12,12_STK_003,0.0,-0.0
8,2020-09,13,13_STK_004,13,13_STK_004,0.0,1.0
8,2020-09,13,13_STK_004,14,14_STK_005,0.0,-0.0
8,2020-09,14,14_STK_005,0,00_USR_001,0.0,-0.0
8,2020-09,14,14_STK_005,1,01_USR_002,0.0,-0.0
8,2020-09,14,14_STK_005,2,02_USR_003,0.0,-0.0
8,2020-09,14,14_STK_005,3,03_USR_004,0.0,-0.0
8,2020-09,14,14_STK_005,4,04_USR_005,0.0,-0.0
8,2020-09,14,14_STK_005,5,05_USR_006,0.0,-0.0
8,2020-09,14,14_STK_005,6,06_USR_007,0.0,-0.0
8,2020-09,14,14_STK_005,7,07_USR_008,0.0,-0.0
8,2020-09,14,14_STK_005,8,08_USR_009,0.0,-0.0
8,2020-09,14,14_STK_005,9,09_USR_010,0.0,-0.0
8,2020-09,14,14_STK_005,10,10_STK_001,0.0,-0.0
8,2020-09,14,14_STK_005,11,11_STK_002,0.0,-0.0
8,2020-09,14,14_STK_005,12,12_STK_003,0.0,-0.0
8,2020-09,14,14_STK_005,13,13_STK_004,0.0,-0.0
8,2020-09,14,14_STK_005,14,14_STK_005,0.0,1.0
9,2020-10,0,00_USR_001,0,00_USR_001,0.0,1.0
9,2020-10,0,00_USR_001,1,01_USR_002,-0.0,0.9545
9,2020-10,0,00_USR_001,2,02_USR_003,0.0,-0.9065
9,2020-10,0,00_USR_001,3,03_USR_004,-0.0,0.587
9,2020-10,0,00_USR_001,4,04_USR_005,0.0,-0.9894
9,2020-10,0,00_USR_001,5,05_USR_006,0.0,-0.9866
9,2020-10,0,00_USR_001,6,06_USR_007,0.0,-0.9992
9,2020-10,0,00_USR_001,7,07_USR_008,0.0,-0.9798
9,2020-10,0,00_USR_001,8,08_USR_009,0.0,-0.5698
9,2020-10,0,00_USR_001,9,09_USR_010,-0.0,0.9396
9,2020-10,0,00_USR_001,10,10_STK_001,0.0,-0.0
9,2020-10,0,00_USR_001,11,11_STK_002,0.0,-0.0
9,2020-10,0,00_USR_001,12,12_STK_003,0.0,-0.0
9,2020-10,0,00_USR_001,13,13_STK_004,0.0,-0.0
9,2020-10,0,00_USR_001,14,14_STK_005,0.0,-0.0
9,2020-10,1,01_USR_002,0,00_USR_001,-0.0,0.9545
9,2020-10,1,01_USR_002,1,01_USR_002,0.0,1.0
9,2020-10,1,01_USR_002,2,02_USR_003,-0.0,0.7392
9,2020-10,1,01_USR_002,3,03_USR_004,0.0,-0.3187
9,2020-10,1,01_USR_002,4,04_USR_005,-0.0,0.9876
9,2020-10,1,01_USR_002,5,05_USR_006,-0.0,0.9904
9,2020-10,1,01_USR_002,6,06_USR_007,-0.0,0.9657
9,2020-10,1,01_USR_002,7,07_USR_008,-0.0,0.8756
9,2020-10,1,01_USR_002,8,08_USR_009,-0.0,0.789
9,2020-10,1,01_USR_002,9,09_USR_010,0.0,-0.7947
9,2020-10,1,01_USR_002,10,10_STK_001,0.0,-0.0
9,2020-10,1,01_USR_002,11,11_STK_002,0.0,-0.0
9,2020-10,1,01_USR_002,12,12_STK_003,0.0,-0.0
9,2020-10,1,01_USR_002,13,13_STK_004,0.0,-0.0
9,2020-10,1,01_USR_002,14,14_STK_005,0.0,-0.0
9,2020-10,2,02_USR_003,0,00_USR_001,0.0,-0.9065
9,2020-10,2,02_USR_003,1,01_USR_002,-0.0,0.7392
9,2020-10,2,02_USR_003,2,02_USR_003,0.0,1.0
9,2020-10,2,02_USR_003,3,03_USR_004,-0.0,0.8739
9,2020-10,2,02_USR_003,4,04_USR_005,0.0,-0.8357
9,2020-10,2,02_USR_003,5,05_USR_006,0.0,-0.8254
9,2020-10,2,02_USR_003,6,06_USR_007,0.0,-0.8887
9,2020-10,2,02_USR_003,7,07_USR_008,0.0,-0.9726
9,2020-10,2,02_USR_003,8,08_USR_009,0.0,-0.1695
9,2020-10,2,02_USR_003,9,09_USR_010,-0.0,0.9963
9,2020-10,2,02_USR_003,10,10_STK_001,0.0,-0.0
9,2020-10,2,02_USR_003,11,11_STK_002,0.0,-0.0
9,2020-10,2,02_USR_003,12,12_STK_003,0.0,-0.0
9,2020-10,2,02_USR_003,13,13_STK_004,0.0,-0.0
9,2020-10,2,02_USR_003,14,14_STK_005,0.0,-0.0
9,2020-10,3,03_USR_004,0,00_USR_001,-0.0,0.587
9,2020-10,3,03_USR_004,1,01_USR_002,0.0,-0.3187
9,2020-10,3,03_USR_004,2,02_USR_003,-0.0,0.8739
9,2020-10,3,03_USR_004,3,03_USR_004,0.0,1.0
9,2020-10,3,03_USR_004,4,04_USR_005,-0.0,0.4635
9,2020-10,3,03_USR_004,5,05_USR_006,-0.0,0.4469
9,2020-10,3,03_USR_004,6,06_USR_007,-0.0,0.5539
9,2020-10,3,03_USR_004,7,07_USR_008,-0.0,0.7369
9,2020-10,3,03_USR_004,8,08_USR_009,0.0,-0.3308
9,2020-10,3,03_USR_004,9,09_USR_010,0.0,-0.8286
9,2020-10,3,03_USR_004,10,10_STK_001,0.0,-0.0
9,2020-10,3,03_USR_004,11,11_STK_002,0.0,-0.0
9,2020-10,3,03_USR_004,12,12_STK_003,0.0,-0.0
9,2020-10,3,03_USR_004,13,13_STK_004,0.0,-0.0
9,2020-10,3,03_USR_004,14,14_STK_005,0.0,-0.0
9,2020-10,4,04_USR_005,0,00_USR_001,0.0,-0.9894
9,2020-10,4,04_USR_005,1,01_USR_002,-0.0,0.9876
9,2020-10,4,04_USR_005,2,02_USR_003,0.0,-0.8357
9,2020-10,4,04_USR_005,3,03_USR_004,-0.0,0.4635
9,2020-10,4,04_USR_005,4,04_USR_005,0.0,1.0
9,2020-10,4,04_USR_005,5,05_USR_006,0.0,-0.9998
9,2020-10,4,04_USR_005,6,06_USR_007,0.0,-0.9945
9,2020-10,4,04_USR_005,7,07_USR_008,0.0,-0.9406
9,2020-10,4,04_USR_005,8,08_USR_009,0.0,-0.6829
9,2020-10,4,04_USR_005,9,09_USR_010,-0.0,0.8801
9,2020-10,4,04_USR_005,10,10_STK_001,0.0,-0.0
9,2020-10,4,04_USR_005,11,11_STK_002,0.0,-0.0
9,2020-10,4,04_USR_005,12,12_STK_003,0.0,-0.0
9,2020-10,4,04_USR_005,13,13_STK_004,0.0,-0.0
9,2020-10,4,04_USR_005,14,14_STK_005,0.0,-0.0
9,2020-10,5,05_USR_006,0,00_USR_001,0.0,-0.9866
9,2020-10,5,05_USR_006,1,01_USR_002,-0.0,0.9904
9,2020-10,5,05_USR_006,2,02_USR_003,0.0,-0.8254
9,2020-10,5,05_USR_006,3,03_USR_004,-0.0,0.4469
9,2020-10,5,05_USR_006,4,04_USR_005,0.0,-0.9998
9,2020-10,5,05_USR_006,5,05_USR_006,0.0,1.0
9,2020-10,5,05_USR_006,6,06_USR_007,0.0,-0.9924
9,2020-10,5,05_USR_006,7,07_USR_008,0.0,-0.9341
9,2020-10,5,05_USR_006,8,08_USR_009,0.0,-0.6963
9,2020-10,5,05_USR_006,9,09_USR_010,-0.0,0.8711
9,2020-10,5,05_USR_006,10,10_STK_001,0.0,-0.0
9,2020-10,5,05_USR_006,11,11_STK_002,0.0,-0.0
9,2020-10,5,05_USR_006,12,12_STK_003,0.0,-0.0
9,2020-10,5,05_USR_006,13,13_STK_004,0.0,-0.0
9,2020-10,5,05_USR_006,14,14_STK_005,0.0,-0.0
9,2020-10,6,06_USR_007,0,00_USR_001,0.0,-0.9992
9,2020-10,6,06_USR_007,1,01_USR_002,-0.0,0.9657
9,2020-10,6,06_USR_007,2,02_USR_003,0.0,-0.8887
9,2020-10,6,06_USR_007,3,03_USR_004,-0.0,0.5539
9,2020-10,6,06_USR_007,4,04_USR_005,0.0,-0.9945
9,2020-10,6,06_USR_007,5,05_USR_006,0.0,-0.9924
9,2020-10,6,06_USR_007,6,06_USR_007,0.0,1.0
9,2020-10,6,06_USR_007,7,07_USR_008,0.0,-0.971
9,2020-10,6,06_USR_007,8,08_USR_009,0.0,-0.6024
9,2020-10,6,06_USR_007,9,09_USR_010,-0.0,0.9251
9,2020-10,6,06_USR_007,10,10_STK_001,0.0,-0.0
9,2020-10,6,06_USR_007,11,11_STK_002,0.0,-0.0
9,2020-10,6,06_USR_007,12,12_STK_003,0.0,-0.0
9,2020-10,6,06_USR_007,13,13_STK_004,0.0,-0.0
9,2020-10,6,06_USR_007,14,14_STK_005,0.0,-0.0
9,2020-10,7,07_USR_008,0,00_USR_001,0.0,-0.9798
9,2020-10,7,07_USR_008,1,01_USR_002,-0.0,0.8756
9,2020-10,7,07_USR_008,2,02_USR_003,0.0,-0.9726
9,2020-10,7,07_USR_008,3,03_USR_004,-0.0,0.7369
9,2020-10,7,07_USR_008,4,04_USR_005,0.0,-0.9406
9,2020-10,7,07_USR_008,5,05_USR_006,0.0,-0.9341
9,2020-10,7,07_USR_008,6,06_USR_007,0.0,-0.971
9,2020-10,7,07_USR_008,7,07_USR_008,0.0,1.0
9,2020-10,7,07_USR_008,8,08_USR_009,0.0,-0.3942
9,2020-10,7,07_USR_008,9,09_USR_010,-0.0,0.989
9,2020-10,7,07_USR_008,10,10_STK_001,0.0,-0.0
9,2020-10,7,07_USR_008,11,11_STK_002,0.0,-0.0
9,2020-10,7,07_USR_008,12,12_STK_003,0.0,-0.0
9,2020-10,7,07_USR_008,13,13_STK_004,0.0,-0.0
9,2020-10,7,07_USR_008,14,14_STK_005,0.0,-0.0
9,2020-10,8,08_USR_009,0,00_USR_001,0.0,-0.5698
9,2020-10,8,08_USR_009,1,01_USR_002,-0.0,0.789
9,2020-10,8,08_USR_009,2,02_USR_003,0.0,-0.1695
9,2020-10,8,08_USR_009,3,03_USR_004,0.0,-0.3308
9,2020-10,8,08_USR_009,4,04_USR_005,0.0,-0.6829
9,2020-10,8,08_USR_009,5,05_USR_006,0.0,-0.6963
9,2020-10,8,08_USR_009,6,06_USR_007,0.0,-0.6024
9,2020-10,8,08_USR_009,7,07_USR_008,0.0,-0.3942
9,2020-10,8,08_USR_009,8,08_USR_009,0.0,1.0
9,2020-10,8,08_USR_009,9,09_USR_010,-0.0,0.2541
9,2020-10,8,08_USR_009,10,10_STK_001,0.0,-0.0
9,2020-10,8,08_USR_009,11,11_STK_002,0.0,-0.0
9,2020-10,8,08_USR_009,12,12_STK_003,0.0,-0.0
9,2020-10,8,08_USR_009,13,13_STK_004,0.0,-0.0
9,2020-10,8,08_USR_009,14,14_STK_005,0.0,-0.0
9,2020-10,9,09_USR_010,0,00_USR_001,-0.0,0.9396
9,2020-10,9,09_USR_010,1,01_USR_002,0.0,-0.7947
9,2020-10,9,09_USR_010,2,02_USR_003,-0.0,0.9963
9,2020-10,9,09_USR_010,3,03_USR_004,0.0,-0.8286
9,2020-10,9,09_USR_010,4,04_USR_005,-0.0,0.8801
9,2020-10,9,09_USR_010,5,05_USR_006,-0.0,0.8711
9,2020-10,9,09_USR_010,6,06_USR_007,-0.0,0.9251
9,2020-10,9,09_USR_010,7,07_USR_008,-0.0,0.989
9,2020-10,9,09_USR_010,8,08_USR_009,-0.0,0.2541
9,2020-10,9,09_USR_010,9,09_USR_010,0.0,1.0
9,2020-10,9,09_USR_010,10,10_STK_001,0.0,-0.0
9,2020-10,9,09_USR_010,11,11_STK_002,0.0,-0.0
9,2020-10,9,09_USR_010,12,12_STK_003,0.0,-0.0
9,2020-10,9,09_USR_010,13,13_STK_004,0.0,-0.0
9,2020-10,9,09_USR_010,14,14_STK_005,0.0,-0.0
9,2020-10,10,10_STK_001,0,00_USR_001,0.0,-0.0
9,2020-10,10,10_STK_001,1,01_USR_002,0.0,-0.0
9,2020-10,10,10_STK_001,2,02_USR_003,0.0,-0.0
9,2020-10,10,10_STK_001,3,03_USR_004,0.0,-0.0
9,2020-10,10,10_STK_001,4,04_USR_005,0.0,-0.0
9,2020-10,10,10_STK_001,5,05_USR_006,0.0,-0.0
9,2020-10,10,10_STK_001,6,06_USR_007,0.0,-0.0
9,2020-10,10,10_STK_001,7,07_USR_008,0.0,-0.0
9,2020-10,10,10_STK_001,8,08_USR_009,0.0,-0.0
9,2020-10,10,10_STK_001,9,09_USR_010,0.0,-0.0
9,2020-10,10,10_STK_001,10,10_STK_001,0.0,1.0
9,2020-10,10,10_STK_001,11,11_STK_002,0.0,-0.0
9,2020-10,10,10_STK_001,12,12_STK_003,0.0,-0.0
9,2020-10,10,10_STK_001,13,13_STK_004,0.0,-0.0
9,2020-10,10,10_STK_001,14,14_STK_005,0.0,-0.0
9,2020-10,11,11_STK_002,0,00_USR_001,0.0,-0.0
9,2020-10,11,11_STK_002,1,01_USR_002,0.0,-0.0
9,2020-10,11,11_STK_002,2,02_USR_003,0.0,-0.0
9,2020-10,11,11_STK_002,3,03_USR_004,0.0,-0.0
9,2020-10,11,11_STK_002,4,04_USR_005,0.0,-0.0
9,2020-10,11,11_STK_002,5,05_USR_006,0.0,-0.0
9,2020-10,11,11_STK_002,6,06_USR_007,0.0,-0.0
9,2020-10,11,11_STK_002,7,07_USR_008,0.0,-0.0
9,2020-10,11,11_STK_002,8,08_USR_009,0.0,-0.0
9,2020-10,11,11_STK_002,9,09_USR_010,0.0,-0.0
9,2020-10,11,11_STK_002,10,10_STK_001,0.0,-0.0
9,2020-10,11,11_STK_002,11,11_STK_002,0.0,1.0
9,2020-10,11,11_STK_002,12,12_STK_003,0.0,-0.0
9,2020-10,11,11_STK_002,13,13_STK_004,0.0,-0.0
9,2020-10,11,11_STK_002,14,14_STK_005,0.0,-0.0
9,2020-10,12,12_STK_003,0,00_USR_001,0.0,-0.0
9,2020-10,12,12_STK_003,1,01_USR_002,0.0,-0.0
9,2020-10,12,12_STK_003,2,02_USR_003,0.0,-0.0
9,2020-10,12,12_STK_003,3,03_USR_004,0.0,-0.0
9,2020-10,12,12_STK_003,4,04_USR_005,0.0,-0.0
9,2020-10,12,12_STK_003,5,05_USR_006,0.0,-0.0
9,2020-10,12,12_STK_003,6,06_USR_007,0.0,-0.0
9,2020-10,12,12_STK_003,7,07_USR_008,0.0,-0.0
9,2020-10,12,12_STK_003,8,08_USR_009,0.0,-0.0
9,2020-10,12,12_STK_003,9,09_USR_010,0.0,-0.0
9,2020-10,12,12_STK_003,10,10_STK_001,0.0,-0.0
9,2020-10,12,12_STK_003,11,11_STK_002,0.0,-0.0
9,2020-10,12,12_STK_003,12,12_STK_003,0.0,1.0
9,2020-10,12,12_STK_003,13,13_STK_004,0.0,-0.0
9,2020-10,12,12_STK_003,14,14_STK_005,0.0,-0.0
9,2020-10,13,13_STK_004,0,00_USR_001,0.0,-0.0
9,2020-10,13,13_STK_004,1,01_USR_002,0.0,-0.0
9,2020-10,13,13_STK_004,2,02_USR_003,0.0,-0.0
9,2020-10,13,13_STK_004,3,03_USR_004,0.0,-0.0
9,2020-10,13,13_STK_004,4,04_USR_005,0.0,-0.0
9,2020-10,13,13_STK_004,5,05_USR_006,0.0,-0.0
9,2020-10,13,13_STK_004,6,06_USR_007,0.0,-0.0
9,2020-10,13,13_STK_004,7,07_USR_008,0.0,-0.0
9,2020-10,13,13_STK_004,8,08_USR_009,0.0,-0.0
9,2020-10,13,13_STK_004,9,09_USR_010,0.0,-0.0
9,2020-10,13,13_STK_004,10,10_STK_001,0.0,-0.0
9,2020-10,13,13_STK_004,11,11_STK_002,0.0,-0.0
9,2020-10,13,13_STK_004,12,12_STK_003,0.0,-0.0
9,2020-10,13,13_STK_004,13,13_STK_004,0.0,1.0
9,2020-10,13,13_STK_004,14,14_STK_005,0.0,-0.0
9,2020-10,14,14_STK_005,0,00_USR_001,0.0,-0.0
9,2020-10,14,14_STK_005,1,01_USR_002,0.0,-0.0
9,2020-10,14,14_STK_005,2,02_USR_003,0.0,-0.0
9,2020-10,14,14_STK_005,3,03_USR_004,0.0,-0.0
9,2020-10,14,14_STK_005,4,04_USR_005,0.0,-0.0
9,2020-10,14,14_STK_005,5,05_USR_006,0.0,-0.0
9,2020-10,14,14_STK_005,6,06_USR_007,0.0,-0.0
9,2020-10,14,14_STK_005,7,07_USR_008,0.0,-0.0
9,2020-10,14,14_STK_005,8,08_USR_009,0.0,-0.0
9,2020-10,14,14_STK_005,9,09_USR_010,0.0,-0.0
9,2020-10,14,14_STK_005,10,10_STK_001,0.0,-0.0
9,2020-10,14,14_STK_005,11,11_STK_002,0.0,-0.0
9,2020-10,14,14_STK_005,12,12_STK_003,0.0,-0.0
9,2020-10,14,14_STK_005,13,13_STK_004,0.0,-0.0
9,2020-10,14,14_STK_005,14,14_STK_005,0.0,1.0
10,2020-11,0,00_USR_001,0,00_USR_001,0.0,1.0
10,2020-11,0,00_USR_001,1,01_USR_002,-0.0,0.9775
10,2020-11,0,00_USR_001,2,02_USR_003,0.0,-1.0
10,2020-11,0,00_USR_001,3,03_USR_004,-0.0,0.991
10,2020-11,0,00_USR_001,4,04_USR_005,0.0,-0.9997
10,2020-11,0,00_USR_001,5,05_USR_006,0.0,-1.0
10,2020-11,0,00_USR_001,6,06_USR_007,0.0,-1.0
10,2020-11,0,00_USR_001,7,07_USR_008,0.0,-1.0
10,2020-11,0,00_USR_001,8,08_USR_009,-0.0,0.9987
10,2020-11,0,00_USR_001,9,09_USR_010,-0.0,1.0
10,2020-11,0,00_USR_001,10,10_STK_001,0.0,-0.0
10,2020-11,0,00_USR_001,11,11_STK_002,0.0,-0.0
10,2020-11,0,00_USR_001,12,12_STK_003,0.0,-0.0
10,2020-11,0,00_USR_001,13,13_STK_004,0.0,-0.0
10,2020-11,0,00_USR_001,14,14_STK_005,0.0,-0.0
10,2020-11,1,01_USR_002,0,00_USR_001,-0.0,0.9775
10,2020-11,1,01_USR_002,1,01_USR_002,0.0,1.0
10,2020-11,1,01_USR_002,2,02_USR_003,-0.0,0.9757
10,2020-11,1,01_USR_002,3,03_USR_004,0.0,-0.9405
10,2020-11,1,01_USR_002,4,04_USR_005,-0.0,0.9825
10,2020-11,1,01_USR_002,5,05_USR_006,-0.0,0.9794
10,2020-11,1,01_USR_002,6,06_USR_007,-0.0,0.9763
10,2020-11,1,01_USR_002,7,07_USR_008,-0.0,0.9763
10,2020-11,1,01_USR_002,8,08_USR_009,0.0,-0.9655
10,2020-11,1,01_USR_002,9,09_USR_010,0.0,-0.9755
10,2020-11,1,01_USR_002,10,10_STK_001,0.0,-0.0
10,2020-11,1,01_USR_002,11,11_STK_002,0.0,-0.0
10,2020-11,1,01_USR_002,12,12_STK_003,0.0,-0.0
10,2020-11,1,01_USR_002,13,13_STK_004,0.0,-0.0
10,2020-11,1,01_USR_002,14,14_STK_005,0.0,-0.0
10,2020-11,2,02_USR_003,0,00_USR_001,0.0,-1.0
10,2020-11,2,02_USR_003,1,01_USR_002,-0.0,0.9757
10,2020-11,2,02_USR_003,2,02_USR_003,0.0,1.0
10,2020-11,2,02_USR_003,3,03_USR_004,-0.0,0.9921
10,2020-11,2,02_USR_003,4,04_USR_005,0.0,-0.9994
10,2020-11,2,02_USR_003,5,05_USR_006,0.0,-0.9998
10,2020-11,2,02_USR_003,6,06_USR_007,0.0,-1.0
10,2020-11,2,02_USR_003,7,07_USR_008,0.0,-1.0
10,2020-11,2,02_USR_003,8,08_USR_009,-0.0,0.9991
10,2020-11,2,02_USR_003,9,09_USR_010,-0.0,1.0
10,2020-11,2,02_USR_003,10,10_STK_001,0.0,-0.0
10,2020-11,2,02_USR_003,11,11_STK_002,0.0,-0.0
10,2020-11,2,02_USR_003,12,12_STK_003,0.0,-0.0
10,2020-11,2,02_USR_003,13,13_STK_004,0.0,-0.0
10,2020-11,2,02_USR_003,14,14_STK_005,0.0,-0.0
10,2020-11,3,03_USR_004,0,00_USR_001,-0.0,0.991
10,2020-11,3,03_USR_004,1,01_USR_002,0.0,-0.9405
10,2020-11,3,03_USR_004,2,02_USR_003,-0.0,0.9921
10,2020-11,3,03_USR_004,3,03_USR_004,0.0,1.0
10,2020-11,3,03_USR_004,4,04_USR_005,-0.0,0.9873
10,2020-11,3,03_USR_004,5,05_USR_006,-0.0,0.9897
10,2020-11,3,03_USR_004,6,06_USR_007,-0.0,0.9917
10,2020-11,3,03_USR_004,7,07_USR_008,-0.0,0.9917
10,2020-11,3,03_USR_004,8,08_USR_009,0.0,-0.9965
10,2020-11,3,03_USR_004,9,09_USR_010,0.0,-0.9922
10,2020-11,3,03_USR_004,10,10_STK_001,0.0,-0.0
10,2020-11,3,03_USR_004,11,11_STK_002,0.0,-0.0
10,2020-11,3,03_USR_004,12,12_STK_003,0.0,-0.0
10,2020-11,3,03_USR_004,13,13_STK_004,0.0,-0.0
10,2020-11,3,03_USR_004,14,14_STK_005,0.0,-0.0
10,2020-11,4,04_USR_005,0,00_USR_001,0.0,-0.9997
10,2020-11,4,04_USR_005,1,01_USR_002,-0.0,0.9825
10,2020-11,4,04_USR_005,2,02_USR_003,0.0,-0.9994
10,2020-11,4,04_USR_005,3,03_USR_004,-0.0,0.9873
10,2020-11,4,04_USR_005,4,04_USR_005,0.0,1.0
10,2020-11,4,04_USR_005,5,05_USR_006,0.0,-0.9999
10,2020-11,4,04_USR_005,6,06_USR_007,0.0,-0.9995
10,2020-11,4,04_USR_005,7,07_USR_008,0.0,-0.9995
10,2020-11,4,04_USR_005,8,08_USR_009,-0.0,0.9971
10,2020-11,4,04_USR_005,9,09_USR_010,-0.0,0.9994
10,2020-11,4,04_USR_005,10,10_STK_001,0.0,-0.0
10,2020-11,4,04_USR_005,11,11_STK_002,0.0,-0.0
10,2020-11,4,04_USR_005,12,12_STK_003,0.0,-0.0
10,2020-11,4,04_USR_005,13,13_STK_004,0.0,-0.0
10,2020-11,4,04_USR_005,14,14_STK_005,0.0,-0.0
10,2020-11,5,05_USR_006,0,00_USR_001,0.0,-1.0
10,2020-11,5,05_USR_006,1,01_USR_002,-0.0,0.9794
10,2020-11,5,05_USR_006,2,02_USR_003,0.0,-0.9998
10,2020-11,5,05_USR_006,3,03_USR_004,-0.0,0.9897
10,2020-11,5,05_USR_006,4,04_USR_005,0.0,-0.9999
10,2020-11,5,05_USR_006,5,05_USR_006,0.0,1.0
10,2020-11,5,05_USR_006,6,06_USR_007,0.0,-0.9999
10,2020-11,5,05_USR_006,7,07_USR_008,0.0,-0.9999
10,2020-11,5,05_USR_006,8,08_USR_009,-0.0,0.9982
10,2020-11,5,05_USR_006,9,09_USR_010,-0.0,0.9998
10,2020-11,5,05_USR_006,10,10_STK_001,0.0,-0.0
10,2020-11,5,05_USR_006,11,11_STK_002,0.0,-0.0
10,2020-11,5,05_USR_006,12,12_STK_003,0.0,-0.0
10,2020-11,5,05_USR_006,13,13_STK_004,0.0,-0.0
10,2020-11,5,05_USR_006,14,14_STK_005,0.0,-0.0
10,2020-11,6,06_USR_007,0,00_USR_001,0.0,-1.0
10,2020-11,6,06_USR_007,1,01_USR_002,-0.0,0.9763
10,2020-11,6,06_USR_007,2,02_USR_003,0.0,-1.0
10,2020-11,6,06_USR_007,3,03_USR_004,-0.0,0.9917
10,2020-11,6,06_USR_007,4,04_USR_005,0.0,-0.9995
10,2020-11,6,06_USR_007,5,05_USR_006,0.0,-0.9999
10,2020-11,6,06_USR_007,6,06_USR_007,0.0,1.0
10,2020-11,6,06_USR_007,7,07_USR_008,0.0,-1.0
10,2020-11,6,06_USR_007,8,08_USR_009,-0.0,0.999
10,2020-11,6,06_USR_007,9,09_USR_010,-0.0,1.0
10,2020-11,6,06_USR_007,10,10_STK_001,0.0,-0.0
10,2020-11,6,06_USR_007,11,11_STK_002,0.0,-0.0
10,2020-11,6,06_USR_007,12,12_STK_003,0.0,-0.0
10,2020-11,6,06_USR_007,13,13_STK_004,0.0,-0.0
10,2020-11,6,06_USR_007,14,14_STK_005,0.0,-0.0
10,2020-11,7,07_USR_008,0,00_USR_001,0.0,-1.0
10,2020-11,7,07_USR_008,1,01_USR_002,-0.0,0.9763
10,2020-11,7,07_USR_008,2,02_USR_003,0.0,-1.0
10,2020-11,7,07_USR_008,3,03_USR_004,-0.0,0.9917
10,2020-11,7,07_USR_008,4,04_USR_005,0.0,-0.9995
10,2020-11,7,07_USR_008,5,05_USR_006,0.0,-0.9999
10,2020-11,7,07_USR_008,6,06_USR_007,0.0,-1.0
10,2020-11,7,07_USR_008,7,07_USR_008,0.0,1.0
10,2020-11,7,07_USR_008,8,08_USR_009,-0.0,0.999
10,2020-11,7,07_USR_008,9,09_USR_010,-0.0,1.0
10,2020-11,7,07_USR_008,10,10_STK_001,0.0,-0.0
10,2020-11,7,07_USR_008,11,11_STK_002,0.0,-0.0
10,2020-11,7,07_USR_008,12,12_STK_003,0.0,-0.0
10,2020-11,7,07_USR_008,13,13_STK_004,0.0,-0.0
10,2020-11,7,07_USR_008,14,14_STK_005,0.0,-0.0
10,2020-11,8,08_USR_009,0,00_USR_001,-0.0,0.9987
10,2020-11,8,08_USR_009,1,01_USR_002,0.0,-0.9655
10,2020-11,8,08_USR_009,2,02_USR_003,-0.0,0.9991
10,2020-11,8,08_USR_009,3,03_USR_004,0.0,-0.9965
10,2020-11,8,08_USR_009,4,04_USR_005,-0.0,0.9971
10,2020-11,8,08_USR_009,5,05_USR_006,-0.0,0.9982
10,2020-11,8,08_USR_009,6,06_USR_007,-0.0,0.999
10,2020-11,8,08_USR_009,7,07_USR_008,-0.0,0.999
10,2020-11,8,08_USR_009,8,08_USR_009,0.0,1.0
10,2020-11,8,08_USR_009,9,09_USR_010,0.0,-0.9991
10,2020-11,8,08_USR_009,10,10_STK_001,0.0,-0.0
10,2020-11,8,08_USR_009,11,11_STK_002,0.0,-0.0
10,2020-11,8,08_USR_009,12,12_STK_003,0.0,-0.0
10,2020-11,8,08_USR_009,13,13_STK_004,0.0,-0.0
10,2020-11,8,08_USR_009,14,14_STK_005,0.0,-0.0
10,2020-11,9,09_USR_010,0,00_USR_001,-0.0,1.0
10,2020-11,9,09_USR_010,1,01_USR_002,0.0,-0.9755
10,2020-11,9,09_USR_010,2,02_USR_003,-0.0,1.0
10,2020-11,9,09_USR_010,3,03_USR_004,0.0,-0.9922
10,2020-11,9,09_USR_010,4,04_USR_005,-0.0,0.9994
10,2020-11,9,09_USR_010,5,05_USR_006,-0.0,0.9998
10,2020-11,9,09_USR_010,6,06_USR_007,-0.0,1.0
10,2020-11,9,09_USR_010,7,07_USR_008,-0.0,1.0
10,2020-11,9,09_USR_010,8,08_USR_009,0.0,-0.9991
10,2020-11,9,09_USR_010,9,09_USR_010,0.0,1.0
10,2020-11,9,09_USR_010,10,10_STK_001,0.0,-0.0
10,2020-11,9,09_USR_010,11,11_STK_002,0.0,-0.0
10,2020-11,9,09_USR_010,12,12_STK_003,0.0,-0.0
10,2020-11,9,09_USR_010,13,13_STK_004,0.0,-0.0
10,2020-11,9,09_USR_010,14,14_STK_005,0.0,-0.0
10,2020-11,10,10_STK_001,0,00_USR_001,0.0,-0.0
10,2020-11,10,10_STK_001,1,01_USR_002,0.0,-0.0
10,2020-11,10,10_STK_001,2,02_USR_003,0.0,-0.0
10,2020-11,10,10_STK_001,3,03_USR_004,0.0,-0.0
10,2020-11,10,10_STK_001,4,04_USR_005,0.0,-0.0
10,2020-11,10,10_STK_001,5,05_USR_006,0.0,-0.0
10,2020-11,10,10_STK_001,6,06_USR_007,0.0,-0.0
10,2020-11,10,10_STK_001,7,07_USR_008,0.0,-0.0
10,2020-11,10,10_STK_001,8,08_USR_009,0.0,-0.0
10,2020-11,10,10_STK_001,9,09_USR_010,0.0,-0.0
10,2020-11,10,10_STK_001,10,10_STK_001,0.0,1.0
10,2020-11,10,10_STK_001,11,11_STK_002,0.0,-0.0
10,2020-11,10,10_STK_001,12,12_STK_003,0.0,-0.0
10,2020-11,10,10_STK_001,13,13_STK_004,0.0,-0.0
10,2020-11,10,10_STK_001,14,14_STK_005,0.0,-0.0
10,2020-11,11,11_STK_002,0,00_USR_001,0.0,-0.0
10,2020-11,11,11_STK_002,1,01_USR_002,0.0,-0.0
10,2020-11,11,11_STK_002,2,02_USR_003,0.0,-0.0
10,2020-11,11,11_STK_002,3,03_USR_004,0.0,-0.0
10,2020-11,11,11_STK_002,4,04_USR_005,0.0,-0.0
10,2020-11,11,11_STK_002,5,05_USR_006,0.0,-0.0
10,2020-11,11,11_STK_002,6,06_USR_007,0.0,-0.0
10,2020-11,11,11_STK_002,7,07_USR_008,0.0,-0.0
10,2020-11,11,11_STK_002,8,08_USR_009,0.0,-0.0
10,2020-11,11,11_STK_002,9,09_USR_010,0.0,-0.0
10,2020-11,11,11_STK_002,10,10_STK_001,0.0,-0.0
10,2020-11,11,11_STK_002,11,11_STK_002,0.0,1.0
10,2020-11,11,11_STK_002,12,12_STK_003,0.0,-0.0
10,2020-11,11,11_STK_002,13,13_STK_004,0.0,-0.0
10,2020-11,11,11_STK_002,14,14_STK_005,0.0,-0.0
10,2020-11,12,12_STK_003,0,00_USR_001,0.0,-0.0
10,2020-11,12,12_STK_003,1,01_USR_002,0.0,-0.0
10,2020-11,12,12_STK_003,2,02_USR_003,0.0,-0.0
10,2020-11,12,12_STK_003,3,03_USR_004,0.0,-0.0
10,2020-11,12,12_STK_003,4,04_USR_005,0.0,-0.0
10,2020-11,12,12_STK_003,5,05_USR_006,0.0,-0.0
10,2020-11,12,12_STK_003,6,06_USR_007,0.0,-0.0
10,2020-11,12,12_STK_003,7,07_USR_008,0.0,-0.0
10,2020-11,12,12_STK_003,8,08_USR_009,0.0,-0.0
10,2020-11,12,12_STK_003,9,09_USR_010,0.0,-0.0
10,2020-11,12,12_STK_003,10,10_STK_001,0.0,-0.0
10,2020-11,12,12_STK_003,11,11_STK_002,0.0,-0.0
10,2020-11,12,12_STK_003,12,12_STK_003,0.0,1.0
10,2020-11,12,12_STK_003,13,13_STK_004,0.0,-0.0
10,2020-11,12,12_STK_003,14,14_STK_005,0.0,-0.0
10,2020-11,13,13_STK_004,0,00_USR_001,0.0,-0.0
10,2020-11,13,13_STK_004,1,01_USR_002,0.0,-0.0
10,2020-11,13,13_STK_004,2,02_USR_003,0.0,-0.0
10,2020-11,13,13_STK_004,3,03_USR_004,0.0,-0.0
10,2020-11,13,13_STK_004,4,04_USR_005,0.0,-0.0
10,2020-11,13,13_STK_004,5,05_USR_006,0.0,-0.0
10,2020-11,13,13_STK_004,6,06_USR_007,0.0,-0.0
10,2020-11,13,13_STK_004,7,07_USR_008,0.0,-0.0
10,2020-11,13,13_STK_004,8,08_USR_009,0.0,-0.0
10,2020-11,13,13_STK_004,9,09_USR_010,0.0,-0.0
10,2020-11,13,13_STK_004,10,10_STK_001,0.0,-0.0
10,2020-11,13,13_STK_004,11,11_STK_002,0.0,-0.0
10,2020-11,13,13_STK_004,12,12_STK_003,0.0,-0.0
10,2020-11,13,13_STK_004,13,13_STK_004,0.0,1.0
10,2020-11,13,13_STK_004,14,14_STK_005,0.0,-0.0
10,2020-11,14,14_STK_005,0,00_USR_001,0.0,-0.0
10,2020-11,14,14_STK_005,1,01_USR_002,0.0,-0.0
10,2020-11,14,14_STK_005,2,02_USR_003,0.0,-0.0
10,2020-11,14,14_STK_005,3,03_USR_004,0.0,-0.0
10,2020-11,14,14_STK_005,4,04_USR_005,0.0,-0.0
10,2020-11,14,14_STK_005,5,05_USR_006,0.0,-0.0
10,2020-11,14,14_STK_005,6,06_USR_007,0.0,-0.0
10,2020-11,14,14_STK_005,7,07_USR_008,0.0,-0.0
10,2020-11,14,14_STK_005,8,08_USR_009,0.0,-0.0
10,2020-11,14,14_STK_005,9,09_USR_010,0.0,-0.0
10,2020-11,14,14_STK_005,10,10_STK_001,0.0,-0.0
10,2020-11,14,14_STK_005,11,11_STK_002,0.0,-0.0
10,2020-11,14,14_STK_005,12,12_STK_003,0.0,-0.0
10,2020-11,14,14_STK_005,13,13_STK_004,0.0,-0.0
10,2020-11,14,14_STK_005,14,14_STK_005,0.0,1.0
11,2020-12,0,00_USR_001,0,00_USR_001,0.0,1.0
11,2020-12,0,00_USR_001,1,01_USR_002,0.0,-0.9549
11,2020-12,0,00_USR_001,2,02_USR_003,-0.0,0.999
11,2020-12,0,00_USR_001,3,03_USR_004,0.0,-0.9933
11,2020-12,0,00_USR_001,4,04_USR_005,-0.0,0.9885
11,2020-12,0,00_USR_001,5,05_USR_006,-0.0,0.9968
11,2020-12,0,00_USR_001,6,06_USR_007,0.0,-0.9999
11,2020-12,0,00_USR_001,7,07_USR_008,0.0,-0.6076
11,2020-12,0,00_USR_001,8,08_USR_009,-0.0,0.9988
11,2020-12,0,00_USR_001,9,09_USR_010,-0.0,0.9999
11,2020-12,0,00_USR_001,10,10_STK_001,0.0,-0.0
11,2020-12,0,00_USR_001,11,11_STK_002,0.0,-0.0
11,2020-12,0,00_USR_001,12,12_STK_003,0.0,-0.0
11,2020-12,0,00_USR_001,13,13_STK_004,0.0,-0.0
11,2020-12,0,00_USR_001,14,14_STK_005,0.0,-0.0
11,2020-12,1,01_USR_002,0,00_USR_001,0.0,-0.9549
11,2020-12,1,01_USR_002,1,01_USR_002,0.0,1.0
11,2020-12,1,01_USR_002,2,02_USR_003,-0.0,0.9673
11,2020-12,1,01_USR_002,3,03_USR_004,0.0,-0.9141
11,2020-12,1,01_USR_002,4,04_USR_005,-0.0,0.9889
11,2020-12,1,01_USR_002,5,05_USR_006,-0.0,0.9755
11,2020-12,1,01_USR_002,6,06_USR_007,0.0,-0.9511
11,2020-12,1,01_USR_002,7,07_USR_008,0.0,-0.3443
11,2020-12,1,01_USR_002,8,08_USR_009,-0.0,0.9681
11,2020-12,1,01_USR_002,9,09_USR_010,-0.0,0.951
11,2020-12,1,01_USR_002,10,10_STK_001,0.0,-0.0
11,2020-12,1,01_USR_002,11,11_STK_002,0.0,-0.0
11,2020-12,1,01_USR_002,12,12_STK_003,0.0,-0.0
11,2020-12,1,01_USR_002,13,13_STK_004,0.0,-0.0
11,2020-12,1,01_USR_002,14,14_STK_005,0.0,-0.0
11,2020-12,2,02_USR_003,0,00_USR_001,-0.0,0.999
11,2020-12,2,02_USR_003,1,01_USR_002,-0.0,0.9673
11,2020-12,2,02_USR_003,2,02_USR_003,0.0,1.0
11,2020-12,2,02_USR_003,3,03_USR_004,-0.0,0.9871
11,2020-12,2,02_USR_003,4,04_USR_005,0.0,-0.9943
11,2020-12,2,02_USR_003,5,05_USR_006,0.0,-0.9994
11,2020-12,2,02_USR_003,6,06_USR_007,-0.0,0.9983
11,2020-12,2,02_USR_003,7,07_USR_008,-0.0,0.5712
11,2020-12,2,02_USR_003,8,08_USR_009,0.0,-1.0
11,2020-12,2,02_USR_003,9,09_USR_010,0.0,-0.9983
11,2020-12,2,02_USR_003,10,10_STK_001,0.0,-0.0
11,2020-12,2,02_USR_003,11,11_STK_002,0.0,-0.0
11,2020-12,2,02_USR_003,12,12_STK_003,0.0,-0.0
11,2020-12,2,02_USR_003,13,13_STK_004,0.0,-0.0
11,2020-12,2,02_USR_003,14,14_STK_005,0.0,-0.0
11,2020-12,3,03_USR_004,0,00_USR_001,0.0,-0.9933
11,2020-12,3,03_USR_004,1,01_USR_002,0.0,-0.9141
11,2020-12,3,03_USR_004,2,02_USR_003,-0.0,0.9871
11,2020-12,3,03_USR_004,3,03_USR_004,0.0,1.0
11,2020-12,3,03_USR_004,4,04_USR_005,-0.0,0.9643
11,2020-12,3,03_USR_004,5,05_USR_006,-0.0,0.9809
11,2020-12,3,03_USR_004,6,06_USR_007,0.0,-0.9947
11,2020-12,3,03_USR_004,7,07_USR_008,0.0,-0.6954
11,2020-12,3,03_USR_004,8,08_USR_009,-0.0,0.9865
11,2020-12,3,03_USR_004,9,09_USR_010,-0.0,0.9947
11,2020-12,3,03_USR_004,10,10_STK_001,0.0,-0.0
11,2020-12,3,03_USR_004,11,11_STK_002,0.0,-0.0
11,2020-12,3,03_USR_004,12,12_STK_003,0.0,-0.0
11,2020-12,3,03_USR_004,13,13_STK_004,0.0,-0.0
11,2020-12,3,03_USR_004,14,14_STK_005,0.0,-0.0
11,2020-12,4,04_USR_005,0,00_USR_001,-0.0,0.9885
11,2020-12,4,04_USR_005,1,01_USR_002,-0.0,0.9889
11,2020-12,4,04_USR_005,2,02_USR_003,0.0,-0.9943
11,2020-12,4,04_USR_005,3,03_USR_004,-0.0,0.9643
11,2020-12,4,04_USR_005,4,04_USR_005,0.0,1.0
11,2020-12,4,04_USR_005,5,05_USR_006,0.0,-0.9974
11,2020-12,4,04_USR_005,6,06_USR_007,-0.0,0.9865
11,2020-12,4,04_USR_005,7,07_USR_008,-0.0,0.4802
11,2020-12,4,04_USR_005,8,08_USR_009,0.0,-0.9946
11,2020-12,4,04_USR_005,9,09_USR_010,0.0,-0.9864
11,2020-12,4,04_USR_005,10,10_STK_001,0.0,-0.0
11,2020-12,4,04_USR_005,11,11_STK_002,0.0,-0.0
11,2020-12,4,04_USR_005,12,12_STK_003,0.0,-0.0
11,2020-12,4,04_USR_005,13,13_STK_004,0.0,-0.0
11,2020-12,4,04_USR_005,14,14_STK_005,0.0,-0.0
11,2020-12,5,05_USR_006,0,00_USR_001,-0.0,0.9968
11,2020-12,5,05_USR_006,1,01_USR_002,-0.0,0.9755
11,2020-12,5,05_USR_006,2,02_USR_003,0.0,-0.9994
11,2020-12,5,05_USR_006,3,03_USR_004,-0.0,0.9809
11,2020-12,5,05_USR_006,4,04_USR_005,0.0,-0.9974
11,2020-12,5,05_USR_006,5,05_USR_006,0.0,1.0
11,2020-12,5,05_USR_006,6,06_USR_007,-0.0,0.9957
11,2020-12,5,05_USR_006,7,07_USR_008,-0.0,0.5423
11,2020-12,5,05_USR_006,8,08_USR_009,0.0,-0.9995
11,2020-12,5,05_USR_006,9,09_USR_010,0.0,-0.9957
11,2020-12,5,05_USR_006,10,10_STK_001,0.0,-0.0
11,2020-12,5,05_USR_006,11,11_STK_002,0.0,-0.0
11,2020-12,5,05_USR_006,12,12_STK_003,0.0,-0.0
11,2020-12,5,05_USR_006,13,13_STK_004,0.0,-0.0
11,2020-12,5,05_USR_006,14,14_STK_005,0.0,-0.0
11,2020-12,6,06_USR_007,0,00_USR_001,0.0,-0.9999
11,2020-12,6,06_USR_007,1,01_USR_002,0.0,-0.9511
11,2020-12,6,06_USR_007,2,02_USR_003,-0.0,0.9983
11,2020-12,6,06_USR_007,3,03_USR_004,0.0,-0.9947
11,2020-12,6,06_USR_007,4,04_USR_005,-0.0,0.9865
11,2020-12,6,06_USR_007,5,05_USR_006,-0.0,0.9957
11,2020-12,6,06_USR_007,6,06_USR_007,0.0,1.0
11,2020-12,6,06_USR_007,7,07_USR_008,0.0,-0.6174
11,2020-12,6,06_USR_007,8,08_USR_009,-0.0,0.9981
11,2020-12,6,06_USR_007,9,09_USR_010,-0.0,1.0
11,2020-12,6,06_USR_007,10,10_STK_001,0.0,-0.0
11,2020-12,6,06_USR_007,11,11_STK_002,0.0,-0.0
11,2020-12,6,06_USR_007,12,12_STK_003,0.0,-0.0
11,2020-12,6,06_USR_007,13,13_STK_004,0.0,-0.0
11,2020-12,6,06_USR_007,14,14_STK_005,0.0,-0.0
11,2020-12,7,07_USR_008,0,00_USR_001,0.0,-0.6076
11,2020-12,7,07_USR_008,1,01_USR_002,0.0,-0.3443
11,2020-12,7,07_USR_008,2,02_USR_003,-0.0,0.5712
11,2020-12,7,07_USR_008,3,03_USR_004,0.0,-0.6954
11,2020-12,7,07_USR_008,4,04_USR_005,-0.0,0.4802
11,2020-12,7,07_USR_008,5,05_USR_006,-0.0,0.5423
11,2020-12,7,07_USR_008,6,06_USR_007,0.0,-0.6174
11,2020-12,7,07_USR_008,7,07_USR_008,0.0,1.0
11,2020-12,7,07_USR_008,8,08_USR_009,-0.0,0.5684
11,2020-12,7,07_USR_008,9,09_USR_010,-0.0,0.6178
11,2020-12,7,07_USR_008,10,10_STK_001,0.0,-0.0
11,2020-12,7,07_USR_008,11,11_STK_002,0.0,-0.0
11,2020-12,7,07_USR_008,12,12_STK_003,0.0,-0.0
11,2020-12,7,07_USR_008,13,13_STK_004,0.0,-0.0
11,2020-12,7,07_USR_008,14,14_STK_005,0.0,-0.0
11,2020-12,8,08_USR_009,0,00_USR_001,-0.0,0.9988
11,2020-12,8,08_USR_009,1,01_USR_002,-0.0,0.9681
11,2020-12,8,08_USR_009,2,02_USR_003,0.0,-1.0
11,2020-12,8,08_USR_009,3,03_USR_004,-0.0,0.9865
11,2020-12,8,08_USR_009,4,04_USR_005,0.0,-0.9946
11,2020-12,8,08_USR_009,5,05_USR_006,0.0,-0.9995
11,2020-12,8,08_USR_009,6,06_USR_007,-0.0,0.9981
11,2020-12,8,08_USR_009,7,07_USR_008,-0.0,0.5684
11,2020-12,8,08_USR_009,8,08_USR_009,0.0,1.0
11,2020-12,8,08_USR_009,9,09_USR_010,0.0,-0.9981
11,2020-12,8,08_USR_009,10,10_STK_001,0.0,-0.0
11,2020-12,8,08_USR_009,11,11_STK_002,0.0,-0.0
11,2020-12,8,08_USR_009,12,12_STK_003,0.0,-0.0
11,2020-12,8,08_USR_009,13,13_STK_004,0.0,-0.0
11,2020-12,8,08_USR_009,14,14_STK_005,0.0,-0.0
11,2020-12,9,09_USR_010,0,00_USR_001,-0.0,0.9999
11,2020-12,9,09_USR_010,1,01_USR_002,-0.0,0.951
11,2020-12,9,09_USR_010,2,02_USR_003,0.0,-0.9983
11,2020-12,9,09_USR_010,3,03_USR_004,-0.0,0.9947
11,2020-12,9,09_USR_010,4,04_USR_005,0.0,-0.9864
11,2020-12,9,09_USR_010,5,05_USR_006,0.0,-0.9957
11,2020-12,9,09_USR_010,6,06_USR_007,-0.0,1.0
11,2020-12,9,09_USR_010,7,07_USR_008,-0.0,0.6178
11,2020-12,9,09_USR_010,8,08_USR_009,0.0,-0.9981
11,2020-12,9,09_USR_010,9,09_USR_010,0.0,1.0
11,2020-12,9,09_USR_010,10,10_STK_001,0.0,-0.0
11,2020-12,9,09_USR_010,11,11_STK_002,0.0,-0.0
11,2020-12,9,09_USR_010,12,12_STK_003,0.0,-0.0
11,2020-12,9,09_USR_010,13,13_STK_004,0.0,-0.0
11,2020-12,9,09_USR_010,14,14_STK_005,0.0,-0.0
11,2020-12,10,10_STK_001,0,00_USR_001,0.0,-0.0
11,2020-12,10,10_STK_001,1,01_USR_002,0.0,-0.0
11,2020-12,10,10_STK_001,2,02_USR_003,0.0,-0.0
11,2020-12,10,10_STK_001,3,03_USR_004,0.0,-0.0
11,2020-12,10,10_STK_001,4,04_USR_005,0.0,-0.0
11,2020-12,10,10_STK_001,5,05_USR_006,0.0,-0.0
11,2020-12,10,10_STK_001,6,06_USR_007,0.0,-0.0
11,2020-12,10,10_STK_001,7,07_USR_008,0.0,-0.0
11,2020-12,10,10_STK_001,8,08_USR_009,0.0,-0.0
11,2020-12,10,10_STK_001,9,09_USR_010,0.0,-0.0
11,2020-12,10,10_STK_001,10,10_STK_001,0.0,1.0
11,2020-12,10,10_STK_001,11,11_STK_002,0.0,-0.0
11,2020-12,10,10_STK_001,12,12_STK_003,0.0,-0.0
11,2020-12,10,10_STK_001,13,13_STK_004,0.0,-0.0
11,2020-12,10,10_STK_001,14,14_STK_005,0.0,-0.0
11,2020-12,11,11_STK_002,0,00_USR_001,0.0,-0.0
11,2020-12,11,11_STK_002,1,01_USR_002,0.0,-0.0
11,2020-12,11,11_STK_002,2,02_USR_003,0.0,-0.0
11,2020-12,11,11_STK_002,3,03_USR_004,0.0,-0.0
11,2020-12,11,11_STK_002,4,04_USR_005,0.0,-0.0
11,2020-12,11,11_STK_002,5,05_USR_006,0.0,-0.0
11,2020-12,11,11_STK_002,6,06_USR_007,0.0,-0.0
11,2020-12,11,11_STK_002,7,07_USR_008,0.0,-0.0
11,2020-12,11,11_STK_002,8,08_USR_009,0.0,-0.0
11,2020-12,11,11_STK_002,9,09_USR_010,0.0,-0.0
11,2020-12,11,11_STK_002,10,10_STK_001,0.0,-0.0
11,2020-12,11,11_STK_002,11,11_STK_002,0.0,1.0
11,2020-12,11,11_STK_002,12,12_STK_003,0.0,-0.0
11,2020-12,11,11_STK_002,13,13_STK_004,0.0,-0.0
11,2020-12,11,11_STK_002,14,14_STK_005,0.0,-0.0
11,2020-12,12,12_STK_003,0,00_USR_001,0.0,-0.0
11,2020-12,12,12_STK_003,1,01_USR_002,0.0,-0.0
11,2020-12,12,12_STK_003,2,02_USR_003,0.0,-0.0
11,2020-12,12,12_STK_003,3,03_USR_004,0.0,-0.0
11,2020-12,12,12_STK_003,4,04_USR_005,0.0,-0.0
11,2020-12,12,12_STK_003,5,05_USR_006,0.0,-0.0
11,2020-12,12,12_STK_003,6,06_USR_007,0.0,-0.0
11,2020-12,12,12_STK_003,7,07_USR_008,0.0,-0.0
11,2020-12,12,12_STK_003,8,08_USR_009,0.0,-0.0
11,2020-12,12,12_STK_003,9,09_USR_010,0.0,-0.0
11,2020-12,12,12_STK_003,10,10_STK_001,0.0,-0.0
11,2020-12,12,12_STK_003,11,11_STK_002,0.0,-0.0
11,2020-12,12,12_STK_003,12,12_STK_003,0.0,1.0
11,2020-12,12,12_STK_003,13,13_STK_004,0.0,-0.0
11,2020-12,12,12_STK_003,14,14_STK_005,0.0,-0.0
11,2020-12,13,13_STK_004,0,00_USR_001,0.0,-0.0
11,2020-12,13,13_STK_004,1,01_USR_002,0.0,-0.0
11,2020-12,13,13_STK_004,2,02_USR_003,0.0,-0.0
11,2020-12,13,13_STK_004,3,03_USR_004,0.0,-0.0
11,2020-12,13,13_STK_004,4,04_USR_005,0.0,-0.0
11,2020-12,13,13_STK_004,5,05_USR_006,0.0,-0.0
11,2020-12,13,13_STK_004,6,06_USR_007,0.0,-0.0
11,2020-12,13,13_STK_004,7,07_USR_008,0.0,-0.0
11,2020-12,13,13_STK_004,8,08_USR_009,0.0,-0.0
11,2020-12,13,13_STK_004,9,09_USR_010,0.0,-0.0
11,2020-12,13,13_STK_004,10,10_STK_001,0.0,-0.0
11,2020-12,13,13_STK_004,11,11_STK_002,0.0,-0.0
11,2020-12,13,13_STK_004,12,12_STK_003,0.0,-0.0
11,2020-12,13,13_STK_004,13,13_STK_004,0.0,1.0
11,2020-12,13,13_STK_004,14,14_STK_005,0.0,-0.0
11,2020-12,14,14_STK_005,0,00_USR_001,0.0,-0.0
11,2020-12,14,14_STK_005,1,01_USR_002,0.0,-0.0
11,2020-12,14,14_STK_005,2,02_USR_003,0.0,-0.0
11,2020-12,14,14_STK_005,3,03_USR_004,0.0,-0.0
11,2020-12,14,14_STK_005,4,04_USR_005,0.0,-0.0
11,2020-12,14,14_STK_005,5,05_USR_006,0.0,-0.0
11,2020-12,14,14_STK_005,6,06_USR_007,0.0,-0.0
11,2020-12,14,14_STK_005,7,07_USR_008,0.0,-0.0
11,2020-12,14,14_STK_005,8,08_USR_009,0.0,-0.0
11,2020-12,14,14_STK_005,9,09_USR_010,0.0,-0.0
11,2020-12,14,14_STK_005,10,10_STK_001,0.0,-0.0
11,2020-12,14,14_STK_005,11,11_STK_002,0.0,-0.0
11,2020-12,14,14_STK_005,12,12_STK_003,0.0,-0.0
11,2020-12,14,14_STK_005,13,13_STK_004,0.0,-0.0
11,2020-12,14,14_STK_005,14,14_STK_005,0.0,1.0
12,2021-01,0,00_USR_001,0,00_USR_001,0.0,1.0
12,2021-01,0,00_USR_001,1,01_USR_002,0.0,-0.8972
12,2021-01,0,00_USR_001,2,02_USR_003,-0.0,0.9825
12,2021-01,0,00_USR_001,3,03_USR_004,0.0,-0.9896
12,2021-01,0,00_USR_001,4,04_USR_005,-0.0,0.9868
12,2021-01,0,00_USR_001,5,05_USR_006,-0.0,0.999
12,2021-01,0,00_USR_001,6,06_USR_007,0.0,-0.9346
12,2021-01,0,00_USR_001,7,07_USR_008,0.0,-0.9987
12,2021-01,0,00_USR_001,8,08_USR_009,-0.0,0.9985
12,2021-01,0,00_USR_001,9,09_USR_010,-0.0,0.9999
12,2021-01,0,00_USR_001,10,10_STK_001,0.0,-0.0
12,2021-01,0,00_USR_001,11,11_STK_002,0.0,-0.0
12,2021-01,0,00_USR_001,12,12_STK_003,0.0,-0.0
12,2021-01,0,00_USR_001,13,13_STK_004,0.0,-0.0
12,2021-01,0,00_USR_001,14,14_STK_005,0.0,-0.0
12,2021-01,1,01_USR_002,0,00_USR_001,0.0,-0.8972
12,2021-01,1,01_USR_002,1,01_USR_002,0.0,1.0
12,2021-01,1,01_USR_002,2,02_USR_003,-0.0,0.9638
12,2021-01,1,01_USR_002,3,03_USR_004,0.0,-0.8245
12,2021-01,1,01_USR_002,4,04_USR_005,-0.0,0.9569
12,2021-01,1,01_USR_002,5,05_USR_006,-0.0,0.916
12,2021-01,1,01_USR_002,6,06_USR_007,0.0,-0.6815
12,2021-01,1,01_USR_002,7,07_USR_008,0.0,-0.8735
12,2021-01,1,01_USR_002,8,08_USR_009,-0.0,0.9201
12,2021-01,1,01_USR_002,9,09_USR_010,-0.0,0.8899
12,2021-01,1,01_USR_002,10,10_STK_001,0.0,-0.0
12,2021-01,1,01_USR_002,11,11_STK_002,0.0,-0.0
12,2021-01,1,01_USR_002,12,12_STK_003,0.0,-0.0
12,2021-01,1,01_USR_002,13,13_STK_004,0.0,-0.0
12,2021-01,1,01_USR_002,14,14_STK_005,0.0,-0.0
12,2021-01,2,02_USR_003,0,00_USR_001,-0.0,0.9825
12,2021-01,2,02_USR_003,1,01_USR_002,-0.0,0.9638
12,2021-01,2,02_USR_003,2,02_USR_003,0.0,1.0
12,2021-01,2,02_USR_003,3,03_USR_004,-0.0,0.9455
12,2021-01,2,02_USR_003,4,04_USR_005,0.0,-0.9997
12,2021-01,2,02_USR_003,5,05_USR_006,0.0,-0.9898
12,2021-01,2,02_USR_003,6,06_USR_007,-0.0,0.8519
12,2021-01,2,02_USR_003,7,07_USR_008,-0.0,0.9717
12,2021-01,2,02_USR_003,8,08_USR_009,0.0,-0.9912
12,2021-01,2,02_USR_003,9,09_USR_010,0.0,-0.9793
12,2021-01,2,02_USR_003,10,10_STK_001,0.0,-0.0
12,2021-01,2,02_USR_003,11,11_STK_002,0.0,-0.0
12,2021-01,2,02_USR_003,12,12_STK_003,0.0,-0.0
12,2021-01,2,02_USR_003,13,13_STK_004,0.0,-0.0
12,2021-01,2,02_USR_003,14,14_STK_005,0.0,-0.0
12,2021-01,3,03_USR_004,0,00_USR_001,0.0,-0.9896
12,2021-01,3,03_USR_004,1,01_USR_002,0.0,-0.8245
12,2021-01,3,03_USR_004,2,02_USR_003,-0.0,0.9455
12,2021-01,3,03_USR_004,3,03_USR_004,0.0,1.0
12,2021-01,3,03_USR_004,4,04_USR_005,-0.0,0.9533
12,2021-01,3,03_USR_004,5,05_USR_006,-0.0,0.9822
12,2021-01,3,03_USR_004,6,06_USR_007,0.0,-0.976
12,2021-01,3,03_USR_004,7,07_USR_008,0.0,-0.9957
12,2021-01,3,03_USR_004,8,08_USR_009,-0.0,0.9803
12,2021-01,3,03_USR_004,9,09_USR_010,-0.0,0.9918
12,2021-01,3,03_USR_004,10,10_STK_001,0.0,-0.0
12,2021-01,3,03_USR_004,11,11_STK_002,0.0,-0.0
12,2021-01,3,03_USR_004,12,12_STK_003,0.0,-0.0
12,2021-01,3,03_USR_004,13,13_STK_004,0.0,-0.0
12,2021-01,3,03_USR_004,14,14_STK_005,0.0,-0.0
12,2021-01,4,04_USR_005,0,00_USR_001,-0.0,0.9868
12,2021-01,4,04_USR_005,1,01_USR_002,-0.0,0.9569
12,2021-01,4,04_USR_005,2,02_USR_003,0.0,-0.9997
12,2021-01,4,04_USR_005,3,03_USR_004,-0.0,0.9533
12,2021-01,4,04_USR_005,4,04_USR_005,0.0,1.0
12,2021-01,4,04_USR_005,5,05_USR_006,0.0,-0.993
12,2021-01,4,04_USR_005,6,06_USR_007,-0.0,0.8647
12,2021-01,4,04_USR_005,7,07_USR_008,-0.0,0.9772
12,2021-01,4,04_USR_005,8,08_USR_009,0.0,-0.9942
12,2021-01,4,04_USR_005,9,09_USR_010,0.0,-0.984
12,2021-01,4,04_USR_005,10,10_STK_001,0.0,-0.0
12,2021-01,4,04_USR_005,11,11_STK_002,0.0,-0.0
12,2021-01,4,04_USR_005,12,12_STK_003,0.0,-0.0
12,2021-01,4,04_USR_005,13,13_STK_004,0.0,-0.0
12,2021-01,4,04_USR_005,14,14_STK_005,0.0,-0.0
12,2021-01,5,05_USR_006,0,00_USR_001,-0.0,0.999
12,2021-01,5,05_USR_006,1,01_USR_002,-0.0,0.916
12,2021-01,5,05_USR_006,2,02_USR_003,0.0,-0.9898
12,2021-01,5,05_USR_006,3,03_USR_004,-0.0,0.9822
12,2021-01,5,05_USR_006,4,04_USR_005,0.0,-0.993
12,2021-01,5,05_USR_006,5,05_USR_006,0.0,1.0
12,2021-01,5,05_USR_006,6,06_USR_007,-0.0,0.9178
12,2021-01,5,05_USR_006,7,07_USR_008,-0.0,0.9954
12,2021-01,5,05_USR_006,8,08_USR_009,0.0,-0.9999
12,2021-01,5,05_USR_006,9,09_USR_010,0.0,-0.9981
12,2021-01,5,05_USR_006,10,10_STK_001,0.0,-0.0
12,2021-01,5,05_USR_006,11,11_STK_002,0.0,-0.0
12,2021-01,5,05_USR_006,12,12_STK_003,0.0,-0.0
12,2021-01,5,05_USR_006,13,13_STK_004,0.0,-0.0
12,2021-01,5,05_USR_006,14,14_STK_005,0.0,-0.0
12,2021-01,6,06_USR_007,0,00_USR_001,0.0,-0.9346
12,2021-01,6,06_USR_007,1,01_USR_002,0.0,-0.6815
12,2021-01,6,06_USR_007,2,02_USR_003,-0.0,0.8519
12,2021-01,6,06_USR_007,3,03_USR_004,0.0,-0.976
12,2021-01,6,06_USR_007,4,04_USR_005,-0.0,0.8647
12,2021-01,6,06_USR_007,5,05_USR_006,-0.0,0.9178
12,2021-01,6,06_USR_007,6,06_USR_007,0.0,1.0
12,2021-01,6,06_USR_007,7,07_USR_008,0.0,-0.9516
12,2021-01,6,06_USR_007,8,08_USR_009,-0.0,0.9137
12,2021-01,6,06_USR_007,9,09_USR_010,-0.0,0.9403
12,2021-01,6,06_USR_007,10,10_STK_001,0.0,-0.0
12,2021-01,6,06_USR_007,11,11_STK_002,0.0,-0.0
12,2021-01,6,06_USR_007,12,12_STK_003,0.0,-0.0
12,2021-01,6,06_USR_007,13,13_STK_004,0.0,-0.0
12,2021-01,6,06_USR_007,14,14_STK_005,0.0,-0.0
12,2021-01,7,07_USR_008,0,00_USR_001,0.0,-0.9987
12,2021-01,7,07_USR_008,1,01_USR_002,0.0,-0.8735
12,2021-01,7,07_USR_008,2,02_USR_003,-0.0,0.9717
12,2021-01,7,07_USR_008,3,03_USR_004,0.0,-0.9957
12,2021-01,7,07_USR_008,4,04_USR_005,-0.0,0.9772
12,2021-01,7,07_USR_008,5,05_USR_006,-0.0,0.9954
12,2021-01,7,07_USR_008,6,06_USR_007,0.0,-0.9516
12,2021-01,7,07_USR_008,7,07_USR_008,0.0,1.0
12,2021-01,7,07_USR_008,8,08_USR_009,-0.0,0.9944
12,2021-01,7,07_USR_008,9,09_USR_010,-0.0,0.9994
12,2021-01,7,07_USR_008,10,10_STK_001,0.0,-0.0
12,2021-01,7,07_USR_008,11,11_STK_002,0.0,-0.0
12,2021-01,7,07_USR_008,12,12_STK_003,0.0,-0.0
12,2021-01,7,07_USR_008,13,13_STK_004,0.0,-0.0
12,2021-01,7,07_USR_008,14,14_STK_005,0.0,-0.0
12,2021-01,8,08_USR_009,0,00_USR_001,-0.0,0.9985
12,2021-01,8,08_USR_009,1,01_USR_002,-0.0,0.9201
12,2021-01,8,08_USR_009,2,02_USR_003,0.0,-0.9912
12,2021-01,8,08_USR_009,3,03_USR_004,-0.0,0.9803
12,2021-01,8,08_USR_009,4,04_USR_005,0.0,-0.9942
12,2021-01,8,08_USR_009,5,05_USR_006,0.0,-0.9999
12,2021-01,8,08_USR_009,6,06_USR_007,-0.0,0.9137
12,2021-01,8,08_USR_009,7,07_USR_008,-0.0,0.9944
12,2021-01,8,08_USR_009,8,08_USR_009,0.0,1.0
12,2021-01,8,08_USR_009,9,09_USR_010,0.0,-0.9975
12,2021-01,8,08_USR_009,10,10_STK_001,0.0,-0.0
12,2021-01,8,08_USR_009,11,11_STK_002,0.0,-0.0
12,2021-01,8,08_USR_009,12,12_STK_003,0.0,-0.0
12,2021-01,8,08_USR_009,13,13_STK_004,0.0,-0.0
12,2021-01,8,08_USR_009,14,14_STK_005,0.0,-0.0
12,2021-01,9,09_USR_010,0,00_USR_001,-0.0,0.9999
12,2021-01,9,09_USR_010,1,01_USR_002,-0.0,0.8899
12,2021-01,9,09_USR_010,2,02_USR_003,0.0,-0.9793
12,2021-01,9,09_USR_010,3,03_USR_004,-0.0,0.9918
12,2021-01,9,09_USR_010,4,04_USR_005,0.0,-0.984
12,2021-01,9,09_USR_010,5,05_USR_006,0.0,-0.9981
12,2021-01,9,09_USR_010,6,06_USR_007,-0.0,0.9403
12,2021-01,9,09_USR_010,7,07_USR_008,-0.0,0.9994
12,2021-01,9,09_USR_010,8,08_USR_009,0.0,-0.9975
12,2021-01,9,09_USR_010,9,09_USR_010,0.0,1.0
12,2021-01,9,09_USR_010,10,10_STK_001,0.0,-0.0
12,2021-01,9,09_USR_010,11,11_STK_002,0.0,-0.0
12,2021-01,9,09_USR_010,12,12_STK_003,0.0,-0.0
12,2021-01,9,09_USR_010,13,13_STK_004,0.0,-0.0
12,2021-01,9,09_USR_010,14,14_STK_005,0.0,-0.0
12,2021-01,10,10_STK_001,0,00_USR_001,0.0,-0.0
12,2021-01,10,10_STK_001,1,01_USR_002,0.0,-0.0
12,2021-01,10,10_STK_001,2,02_USR_003,0.0,-0.0
12,2021-01,10,10_STK_001,3,03_USR_004,0.0,-0.0
12,2021-01,10,10_STK_001,4,04_USR_005,0.0,-0.0
12,2021-01,10,10_STK_001,5,05_USR_006,0.0,-0.0
12,2021-01,10,10_STK_001,6,06_USR_007,0.0,-0.0
12,2021-01,10,10_STK_001,7,07_USR_008,0.0,-0.0
12,2021-01,10,10_STK_001,8,08_USR_009,0.0,-0.0
12,2021-01,10,10_STK_001,9,09_USR_010,0.0,-0.0
12,2021-01,10,10_STK_001,10,10_STK_001,0.0,1.0
12,2021-01,10,10_STK_001,11,11_STK_002,0.0,-0.0
12,2021-01,10,10_STK_001,12,12_STK_003,0.0,-0.0
12,2021-01,10,10_STK_001,13,13_STK_004,0.0,-0.0
12,2021-01,10,10_STK_001,14,14_STK_005,0.0,-0.0
12,2021-01,11,11_STK_002,0,00_USR_001,0.0,-0.0
12,2021-01,11,11_STK_002,1,01_USR_002,0.0,-0.0
12,2021-01,11,11_STK_002,2,02_USR_003,0.0,-0.0
12,2021-01,11,11_STK_002,3,03_USR_004,0.0,-0.0
12,2021-01,11,11_STK_002,4,04_USR_005,0.0,-0.0
12,2021-01,11,11_STK_002,5,05_USR_006,0.0,-0.0
12,2021-01,11,11_STK_002,6,06_USR_007,0.0,-0.0
12,2021-01,11,11_STK_002,7,07_USR_008,0.0,-0.0
12,2021-01,11,11_STK_002,8,08_USR_009,0.0,-0.0
12,2021-01,11,11_STK_002,9,09_USR_010,0.0,-0.0
12,2021-01,11,11_STK_002,10,10_STK_001,0.0,-0.0
12,2021-01,11,11_STK_002,11,11_STK_002,0.0,1.0
12,2021-01,11,11_STK_002,12,12_STK_003,0.0,-0.0
12,2021-01,11,11_STK_002,13,13_STK_004,0.0,-0.0
12,2021-01,11,11_STK_002,14,14_STK_005,0.0,-0.0
12,2021-01,12,12_STK_003,0,00_USR_001,0.0,-0.0
12,2021-01,12,12_STK_003,1,01_USR_002,0.0,-0.0
12,2021-01,12,12_STK_003,2,02_USR_003,0.0,-0.0
12,2021-01,12,12_STK_003,3,03_USR_004,0.0,-0.0
12,2021-01,12,12_STK_003,4,04_USR_005,0.0,-0.0
12,2021-01,12,12_STK_003,5,05_USR_006,0.0,-0.0
12,2021-01,12,12_STK_003,6,06_USR_007,0.0,-0.0
12,2021-01,12,12_STK_003,7,07_USR_008,0.0,-0.0
12,2021-01,12,12_STK_003,8,08_USR_009,0.0,-0.0
12,2021-01,12,12_STK_003,9,09_USR_010,0.0,-0.0
12,2021-01,12,12_STK_003,10,10_STK_001,0.0,-0.0
12,2021-01,12,12_STK_003,11,11_STK_002,0.0,-0.0
12,2021-01,12,12_STK_003,12,12_STK_003,0.0,1.0
12,2021-01,12,12_STK_003,13,13_STK_004,0.0,-0.0
12,2021-01,12,12_STK_003,14,14_STK_005,0.0,-0.0
12,2021-01,13,13_STK_004,0,00_USR_001,0.0,-0.0
12,2021-01,13,13_STK_004,1,01_USR_002,0.0,-0.0
12,2021-01,13,13_STK_004,2,02_USR_003,0.0,-0.0
12,2021-01,13,13_STK_004,3,03_USR_004,0.0,-0.0
12,2021-01,13,13_STK_004,4,04_USR_005,0.0,-0.0
12,2021-01,13,13_STK_004,5,05_USR_006,0.0,-0.0
12,2021-01,13,13_STK_004,6,06_USR_007,0.0,-0.0
12,2021-01,13,13_STK_004,7,07_USR_008,0.0,-0.0
12,2021-01,13,13_STK_004,8,08_USR_009,0.0,-0.0
12,2021-01,13,13_STK_004,9,09_USR_010,0.0,-0.0
12,2021-01,13,13_STK_004,10,10_STK_001,0.0,-0.0
12,2021-01,13,13_STK_004,11,11_STK_002,0.0,-0.0
12,2021-01,13,13_STK_004,12,12_STK_003,0.0,-0.0
12,2021-01,13,13_STK_004,13,13_STK_004,0.0,1.0
12,2021-01,13,13_STK_004,14,14_STK_005,0.0,-0.0
12,2021-01,14,14_STK_005,0,00_USR_001,0.0,-0.0
12,2021-01,14,14_STK_005,1,01_USR_002,0.0,-0.0
12,2021-01,14,14_STK_005,2,02_USR_003,0.0,-0.0
12,2021-01,14,14_STK_005,3,03_USR_004,0.0,-0.0
12,2021-01,14,14_STK_005,4,04_USR_005,0.0,-0.0
12,2021-01,14,14_STK_005,5,05_USR_006,0.0,-0.0
12,2021-01,14,14_STK_005,6,06_USR_007,0.0,-0.0
12,2021-01,14,14_STK_005,7,07_USR_008,0.0,-0.0
12,2021-01,14,14_STK_005,8,08_USR_009,0.0,-0.0
12,2021-01,14,14_STK_005,9,09_USR_010,0.0,-0.0
12,2021-01,14,14_STK_005,10,10_STK_001,0.0,-0.0
12,2021-01,14,14_STK_005,11,11_STK_002,0.0,-0.0
12,2021-01,14,14_STK_005,12,12_STK_003,0.0,-0.0
12,2021-01,14,14_STK_005,13,13_STK_004,0.0,-0.0
12,2021-01,14,14_STK_005,14,14_STK_005,0.0,1.0
13,2021-02,0,00_USR_001,0,00_USR_001,0.0,1.0
13,2021-02,0,00_USR_001,1,01_USR_002,0.0,-0.538
13,2021-02,0,00_USR_001,2,02_USR_003,0.0,-0.5321
13,2021-02,0,00_USR_001,3,03_USR_004,0.0,-0.7551
13,2021-02,0,00_USR_001,4,04_USR_005,-0.0,0.9115
13,2021-02,0,00_USR_001,5,05_USR_006,-0.0,0.9989
13,2021-02,0,00_USR_001,6,06_USR_007,0.0,-0.426
13,2021-02,0,00_USR_001,7,07_USR_008,0.0,-0.8776
13,2021-02,0,00_USR_001,8,08_USR_009,-0.0,0.9354
13,2021-02,0,00_USR_001,9,09_USR_010,-0.0,0.9379
13,2021-02,0,00_USR_001,10,10_STK_001,0.0,-0.0
13,2021-02,0,00_USR_001,11,11_STK_002,0.0,-0.0
13,2021-02,0,00_USR_001,12,12_STK_003,0.0,-0.0
13,2021-02,0,00_USR_001,13,13_STK_004,0.0,-0.0
13,2021-02,0,00_USR_001,14,14_STK_005,0.0,-0.0
13,2021-02,1,01_USR_002,0,00_USR_001,0.0,-0.538
13,2021-02,1,01_USR_002,1,01_USR_002,0.0,1.0
13,2021-02,1,01_USR_002,2,02_USR_003,-0.0,0.4274
13,2021-02,1,01_USR_002,3,03_USR_004,0.0,-0.9589
13,2021-02,1,01_USR_002,4,04_USR_005,-0.0,0.8371
13,2021-02,1,01_USR_002,5,05_USR_006,-0.0,0.4984
13,2021-02,1,01_USR_002,6,06_USR_007,0.0,-0.9918
13,2021-02,1,01_USR_002,7,07_USR_008,0.0,-0.068
13,2021-02,1,01_USR_002,8,08_USR_009,-0.0,0.8013
13,2021-02,1,01_USR_002,9,09_USR_010,-0.0,0.2122
13,2021-02,1,01_USR_002,10,10_STK_001,0.0,-0.0
13,2021-02,1,01_USR_002,11,11_STK_002,0.0,-0.0
13,2021-02,1,01_USR_002,12,12_STK_003,0.0,-0.0
13,2021-02,1,01_USR_002,13,13_STK_004,0.0,-0.0
13,2021-02,1,01_USR_002,14,14_STK_005,0.0,-0.0
13,2021-02,2,02_USR_003,0,00_USR_001,0.0,-0.5321
13,2021-02,2,02_USR_003,1,01_USR_002,-0.0,0.4274
13,2021-02,2,02_USR_003,2,02_USR_003,0.0,1.0
13,2021-02,2,02_USR_003,3,03_USR_004,-0.0,0.1532
13,2021-02,2,02_USR_003,4,04_USR_005,-0.0,0.1367
13,2021-02,2,02_USR_003,5,05_USR_006,-0.0,0.5708
13,2021-02,2,02_USR_003,6,06_USR_007,-0.0,0.5393
13,2021-02,2,02_USR_003,7,07_USR_008,0.0,-0.8729
13,2021-02,2,02_USR_003,8,08_USR_009,-0.0,0.1983
13,2021-02,2,02_USR_003,9,09_USR_010,-0.0,0.7928
13,2021-02,2,02_USR_003,10,10_STK_001,0.0,-0.0
13,2021-02,2,02_USR_003,11,11_STK_002,0.0,-0.0
13,2021-02,2,02_USR_003,12,12_STK_003,0.0,-0.0
13,2021-02,2,02_USR_003,13,13_STK_004,0.0,-0.0
13,2021-02,2,02_USR_003,14,14_STK_005,0.0,-0.0
13,2021-02,3,03_USR_004,0,00_USR_001,0.0,-0.7551
13,2021-02,3,03_USR_004,1,01_USR_002,0.0,-0.9589
13,2021-02,3,03_USR_004,2,02_USR_003,-0.0,0.1532
13,2021-02,3,03_USR_004,3,03_USR_004,0.0,1.0
13,2021-02,3,03_USR_004,4,04_USR_005,-0.0,0.958
13,2021-02,3,03_USR_004,5,05_USR_006,-0.0,0.724
13,2021-02,3,03_USR_004,6,06_USR_007,0.0,-0.9148
13,2021-02,3,03_USR_004,7,07_USR_008,0.0,-0.3484
13,2021-02,3,03_USR_004,8,08_USR_009,-0.0,0.9382
13,2021-02,3,03_USR_004,9,09_USR_010,-0.0,0.4809
13,2021-02,3,03_USR_004,10,10_STK_001,0.0,-0.0
13,2021-02,3,03_USR_004,11,11_STK_002,0.0,-0.0
13,2021-02,3,03_USR_004,12,12_STK_003,0.0,-0.0
13,2021-02,3,03_USR_004,13,13_STK_004,0.0,-0.0
13,2021-02,3,03_USR_004,14,14_STK_005,0.0,-0.0
13,2021-02,4,04_USR_005,0,00_USR_001,-0.0,0.9115
13,2021-02,4,04_USR_005,1,01_USR_002,-0.0,0.8371
13,2021-02,4,04_USR_005,2,02_USR_003,-0.0,0.1367
13,2021-02,4,04_USR_005,3,03_USR_004,-0.0,0.958
13,2021-02,4,04_USR_005,4,04_USR_005,0.0,1.0
13,2021-02,4,04_USR_005,5,05_USR_006,0.0,-0.8914
13,2021-02,4,04_USR_005,6,06_USR_007,-0.0,0.7605
13,2021-02,4,04_USR_005,7,07_USR_008,-0.0,0.6026
13,2021-02,4,04_USR_005,8,08_USR_009,0.0,-0.998
13,2021-02,4,04_USR_005,9,09_USR_010,0.0,-0.7122
13,2021-02,4,04_USR_005,10,10_STK_001,0.0,-0.0
13,2021-02,4,04_USR_005,11,11_STK_002,0.0,-0.0
13,2021-02,4,04_USR_005,12,12_STK_003,0.0,-0.0
13,2021-02,4,04_USR_005,13,13_STK_004,0.0,-0.0
13,2021-02,4,04_USR_005,14,14_STK_005,0.0,-0.0
13,2021-02,5,05_USR_006,0,00_USR_001,-0.0,0.9989
13,2021-02,5,05_USR_006,1,01_USR_002,-0.0,0.4984
13,2021-02,5,05_USR_006,2,02_USR_003,-0.0,0.5708
13,2021-02,5,05_USR_006,3,03_USR_004,-0.0,0.724
13,2021-02,5,05_USR_006,4,04_USR_005,0.0,-0.8914
13,2021-02,5,05_USR_006,5,05_USR_006,0.0,1.0
13,2021-02,5,05_USR_006,6,06_USR_007,-0.0,0.3836
13,2021-02,5,05_USR_006,7,07_USR_008,-0.0,0.8988
13,2021-02,5,05_USR_006,8,08_USR_009,0.0,-0.918
13,2021-02,5,05_USR_006,9,09_USR_010,0.0,-0.953
13,2021-02,5,05_USR_006,10,10_STK_001,0.0,-0.0
13,2021-02,5,05_USR_006,11,11_STK_002,0.0,-0.0
13,2021-02,5,05_USR_006,12,12_STK_003,0.0,-0.0
13,2021-02,5,05_USR_006,13,13_STK_004,0.0,-0.0
13,2021-02,5,05_USR_006,14,14_STK_005,0.0,-0.0
13,2021-02,6,06_USR_007,0,00_USR_001,0.0,-0.426
13,2021-02,6,06_USR_007,1,01_USR_002,0.0,-0.9918
13,2021-02,6,06_USR_007,2,02_USR_003,-0.0,0.5393
13,2021-02,6,06_USR_007,3,03_USR_004,0.0,-0.9148
13,2021-02,6,06_USR_007,4,04_USR_005,-0.0,0.7605
13,2021-02,6,06_USR_007,5,05_USR_006,-0.0,0.3836
13,2021-02,6,06_USR_007,6,06_USR_007,0.0,1.0
13,2021-02,6,06_USR_007,7,07_USR_008,-0.0,0.0599
13,2021-02,6,06_USR_007,8,08_USR_009,-0.0,0.7184
13,2021-02,6,06_USR_007,9,09_USR_010,-0.0,0.0857
13,2021-02,6,06_USR_007,10,10_STK_001,0.0,-0.0
13,2021-02,6,06_USR_007,11,11_STK_002,0.0,-0.0
13,2021-02,6,06_USR_007,12,12_STK_003,0.0,-0.0
13,2021-02,6,06_USR_007,13,13_STK_004,0.0,-0.0
13,2021-02,6,06_USR_007,14,14_STK_005,0.0,-0.0
13,2021-02,7,07_USR_008,0,00_USR_001,0.0,-0.8776
13,2021-02,7,07_USR_008,1,01_USR_002,0.0,-0.068
13,2021-02,7,07_USR_008,2,02_USR_003,0.0,-0.8729
13,2021-02,7,07_USR_008,3,03_USR_004,0.0,-0.3484
13,2021-02,7,07_USR_008,4,04_USR_005,-0.0,0.6026
13,2021-02,7,07_USR_008,5,05_USR_006,-0.0,0.8988
13,2021-02,7,07_USR_008,6,06_USR_007,-0.0,0.0599
13,2021-02,7,07_USR_008,7,07_USR_008,0.0,1.0
13,2021-02,7,07_USR_008,8,08_USR_009,-0.0,0.6513
13,2021-02,7,07_USR_008,9,09_USR_010,-0.0,0.9894
13,2021-02,7,07_USR_008,10,10_STK_001,0.0,-0.0
13,2021-02,7,07_USR_008,11,11_STK_002,0.0,-0.0
13,2021-02,7,07_USR_008,12,12_STK_003,0.0,-0.0
13,2021-02,7,07_USR_008,13,13_STK_004,0.0,-0.0
13,2021-02,7,07_USR_008,14,14_STK_005,0.0,-0.0
13,2021-02,8,08_USR_009,0,00_USR_001,-0.0,0.9354
13,2021-02,8,08_USR_009,1,01_USR_002,-0.0,0.8013
13,2021-02,8,08_USR_009,2,02_USR_003,-0.0,0.1983
13,2021-02,8,08_USR_009,3,03_USR_004,-0.0,0.9382
13,2021-02,8,08_USR_009,4,04_USR_005,0.0,-0.998
13,2021-02,8,08_USR_009,5,05_USR_006,0.0,-0.918
13,2021-02,8,08_USR_009,6,06_USR_007,-0.0,0.7184
13,2021-02,8,08_USR_009,7,07_USR_008,-0.0,0.6513
13,2021-02,8,08_USR_009,8,08_USR_009,0.0,1.0
13,2021-02,8,08_USR_009,9,09_USR_010,0.0,-0.7547
13,2021-02,8,08_USR_009,10,10_STK_001,0.0,-0.0
13,2021-02,8,08_USR_009,11,11_STK_002,0.0,-0.0
13,2021-02,8,08_USR_009,12,12_STK_003,0.0,-0.0
13,2021-02,8,08_USR_009,13,13_STK_004,0.0,-0.0
13,2021-02,8,08_USR_009,14,14_STK_005,0.0,-0.0
13,2021-02,9,09_USR_010,0,00_USR_001,-0.0,0.9379
13,2021-02,9,09_USR_010,1,01_USR_002,-0.0,0.2122
13,2021-02,9,09_USR_010,2,02_USR_003,-0.0,0.7928
13,2021-02,9,09_USR_010,3,03_USR_004,-0.0,0.4809
13,2021-02,9,09_USR_010,4,04_USR_005,0.0,-0.7122
13,2021-02,9,09_USR_010,5,05_USR_006,0.0,-0.953
13,2021-02,9,09_USR_010,6,06_USR_007,-0.0,0.0857
13,2021-02,9,09_USR_010,7,07_USR_008,-0.0,0.9894
13,2021-02,9,09_USR_010,8,08_USR_009,0.0,-0.7547
13,2021-02,9,09_USR_010,9,09_USR_010,0.0,1.0
13,2021-02,9,09_USR_010,10,10_STK_001,0.0,-0.0
13,2021-02,9,09_USR_010,11,11_STK_002,0.0,-0.0
13,2021-02,9,09_USR_010,12,12_STK_003,0.0,-0.0
13,2021-02,9,09_USR_010,13,13_STK_004,0.0,-0.0
13,2021-02,9,09_USR_010,14,14_STK_005,0.0,-0.0
13,2021-02,10,10_STK_001,0,00_USR_001,0.0,-0.0
13,2021-02,10,10_STK_001,1,01_USR_002,0.0,-0.0
13,2021-02,10,10_STK_001,2,02_USR_003,0.0,-0.0
13,2021-02,10,10_STK_001,3,03_USR_004,0.0,-0.0
13,2021-02,10,10_STK_001,4,04_USR_005,0.0,-0.0
13,2021-02,10,10_STK_001,5,05_USR_006,0.0,-0.0
13,2021-02,10,10_STK_001,6,06_USR_007,0.0,-0.0
13,2021-02,10,10_STK_001,7,07_USR_008,0.0,-0.0
13,2021-02,10,10_STK_001,8,08_USR_009,0.0,-0.0
13,2021-02,10,10_STK_001,9,09_USR_010,0.0,-0.0
13,2021-02,10,10_STK_001,10,10_STK_001,0.0,1.0
13,2021-02,10,10_STK_001,11,11_STK_002,0.0,-0.0
13,2021-02,10,10_STK_001,12,12_STK_003,0.0,-0.0
13,2021-02,10,10_STK_001,13,13_STK_004,0.0,-0.0
13,2021-02,10,10_STK_001,14,14_STK_005,0.0,-0.0
13,2021-02,11,11_STK_002,0,00_USR_001,0.0,-0.0
13,2021-02,11,11_STK_002,1,01_USR_002,0.0,-0.0
13,2021-02,11,11_STK_002,2,02_USR_003,0.0,-0.0
13,2021-02,11,11_STK_002,3,03_USR_004,0.0,-0.0
13,2021-02,11,11_STK_002,4,04_USR_005,0.0,-0.0
13,2021-02,11,11_STK_002,5,05_USR_006,0.0,-0.0
13,2021-02,11,11_STK_002,6,06_USR_007,0.0,-0.0
13,2021-02,11,11_STK_002,7,07_USR_008,0.0,-0.0
13,2021-02,11,11_STK_002,8,08_USR_009,0.0,-0.0
13,2021-02,11,11_STK_002,9,09_USR_010,0.0,-0.0
13,2021-02,11,11_STK_002,10,10_STK_001,0.0,-0.0
13,2021-02,11,11_STK_002,11,11_STK_002,0.0,1.0
13,2021-02,11,11_STK_002,12,12_STK_003,0.0,-0.0
13,2021-02,11,11_STK_002,13,13_STK_004,0.0,-0.0
13,2021-02,11,11_STK_002,14,14_STK_005,0.0,-0.0
13,2021-02,12,12_STK_003,0,00_USR_001,0.0,-0.0
13,2021-02,12,12_STK_003,1,01_USR_002,0.0,-0.0
13,2021-02,12,12_STK_003,2,02_USR_003,0.0,-0.0
13,2021-02,12,12_STK_003,3,03_USR_004,0.0,-0.0
13,2021-02,12,12_STK_003,4,04_USR_005,0.0,-0.0
13,2021-02,12,12_STK_003,5,05_USR_006,0.0,-0.0
13,2021-02,12,12_STK_003,6,06_USR_007,0.0,-0.0
13,2021-02,12,12_STK_003,7,07_USR_008,0.0,-0.0
13,2021-02,12,12_STK_003,8,08_USR_009,0.0,-0.0
13,2021-02,12,12_STK_003,9,09_USR_010,0.0,-0.0
13,2021-02,12,12_STK_003,10,10_STK_001,0.0,-0.0
13,2021-02,12,12_STK_003,11,11_STK_002,0.0,-0.0
13,2021-02,12,12_STK_003,12,12_STK_003,0.0,1.0
13,2021-02,12,12_STK_003,13,13_STK_004,0.0,-0.0
13,2021-02,12,12_STK_003,14,14_STK_005,0.0,-0.0
13,2021-02,13,13_STK_004,0,00_USR_001,0.0,-0.0
13,2021-02,13,13_STK_004,1,01_USR_002,0.0,-0.0
13,2021-02,13,13_STK_004,2,02_USR_003,0.0,-0.0
13,2021-02,13,13_STK_004,3,03_USR_004,0.0,-0.0
13,2021-02,13,13_STK_004,4,04_USR_005,0.0,-0.0
13,2021-02,13,13_STK_004,5,05_USR_006,0.0,-0.0
13,2021-02,13,13_STK_004,6,06_USR_007,0.0,-0.0
13,2021-02,13,13_STK_004,7,07_USR_008,0.0,-0.0
13,2021-02,13,13_STK_004,8,08_USR_009,0.0,-0.0
13,2021-02,13,13_STK_004,9,09_USR_010,0.0,-0.0
13,2021-02,13,13_STK_004,10,10_STK_001,0.0,-0.0
13,2021-02,13,13_STK_004,11,11_STK_002,0.0,-0.0
13,2021-02,13,13_STK_004,12,12_STK_003,0.0,-0.0
13,2021-02,13,13_STK_004,13,13_STK_004,0.0,1.0
13,2021-02,13,13_STK_004,14,14_STK_005,0.0,-0.0
13,2021-02,14,14_STK_005,0,00_USR_001,0.0,-0.0
13,2021-02,14,14_STK_005,1,01_USR_002,0.0,-0.0
13,2021-02,14,14_STK_005,2,02_USR_003,0.0,-0.0
13,2021-02,14,14_STK_005,3,03_USR_004,0.0,-0.0
13,2021-02,14,14_STK_005,4,04_USR_005,0.0,-0.0
13,2021-02,14,14_STK_005,5,05_USR_006,0.0,-0.0
13,2021-02,14,14_STK_005,6,06_USR_007,0.0,-0.0
13,2021-02,14,14_STK_005,7,07_USR_008,0.0,-0.0
13,2021-02,14,14_STK_005,8,08_USR_009,0.0,-0.0
13,2021-02,14,14_STK_005,9,09_USR_010,0.0,-0.0
13,2021-02,14,14_STK_005,10,10_STK_001,0.0,-0.0
13,2021-02,14,14_STK_005,11,11_STK_002,0.0,-0.0
13,2021-02,14,14_STK_005,12,12_STK_003,0.0,-0.0
13,2021-02,14,14_STK_005,13,13_STK_004,0.0,-0.0
13,2021-02,14,14_STK_005,14,14_STK_005,0.0,1.0
14,2021-03,0,00_USR_001,0,00_USR_001,0.0,1.0
14,2021-03,0,00_USR_001,1,01_USR_002,0.0,-0.8141
14,2021-03,0,00_USR_001,2,02_USR_003,0.0,-0.2137
14,2021-03,0,00_USR_001,3,03_USR_004,-0.0,0.9511
14,2021-03,0,00_USR_001,4,04_USR_005,0.0,-0.0911
14,2021-03,0,00_USR_001,5,05_USR_006,0.0,-0.0538
14,2021-03,0,00_USR_001,6,06_USR_007,0.0,-0.9999
14,2021-03,0,00_USR_001,7,07_USR_008,-0.0,0.0711
14,2021-03,0,00_USR_001,8,08_USR_009,0.0,-0.1535
14,2021-03,0,00_USR_001,9,09_USR_010,0.0,-0.0819
14,2021-03,0,00_USR_001,10,10_STK_001,0.0,-0.0
14,2021-03,0,00_USR_001,11,11_STK_002,0.0,-0.0
14,2021-03,0,00_USR_001,12,12_STK_003,0.0,-0.0
14,2021-03,0,00_USR_001,13,13_STK_004,0.0,-0.0
14,2021-03,0,00_USR_001,14,14_STK_005,0.0,-0.0
14,2021-03,1,01_USR_002,0,00_USR_001,0.0,-0.8141
14,2021-03,1,01_USR_002,1,01_USR_002,0.0,1.0
14,2021-03,1,01_USR_002,2,02_USR_003,0.0,-0.7413
14,2021-03,1,01_USR_002,3,03_USR_004,-0.0,0.5949
14,2021-03,1,01_USR_002,4,04_USR_005,-0.0,0.5042
14,2021-03,1,01_USR_002,5,05_USR_006,-0.0,0.5362
14,2021-03,1,01_USR_002,6,06_USR_007,0.0,-0.8048
14,2021-03,1,01_USR_002,7,07_USR_008,0.0,-0.5214
14,2021-03,1,01_USR_002,8,08_USR_009,-0.0,0.4489
14,2021-03,1,01_USR_002,9,09_USR_010,-0.0,0.5122
14,2021-03,1,01_USR_002,10,10_STK_001,0.0,-0.0
14,2021-03,1,01_USR_002,11,11_STK_002,0.0,-0.0
14,2021-03,1,01_USR_002,12,12_STK_003,0.0,-0.0
14,2021-03,1,01_USR_002,13,13_STK_004,0.0,-0.0
14,2021-03,1,01_USR_002,14,14_STK_005,0.0,-0.0
14,2021-03,2,02_USR_003,0,00_USR_001,0.0,-0.2137
14,2021-03,2,02_USR_003,1,01_USR_002,0.0,-0.7413
14,2021-03,2,02_USR_003,2,02_USR_003,0.0,1.0
14,2021-03,2,02_USR_003,3,03_USR_004,0.0,-0.0985
14,2021-03,2,02_USR_003,4,04_USR_005,-0.0,0.9534
14,2021-03,2,02_USR_003,5,05_USR_006,-0.0,0.964
14,2021-03,2,02_USR_003,6,06_USR_007,0.0,-0.1982
14,2021-03,2,02_USR_003,7,07_USR_008,0.0,-0.9592
14,2021-03,2,02_USR_003,8,08_USR_009,-0.0,0.9325
14,2021-03,2,02_USR_003,9,09_USR_010,-0.0,0.9561
14,2021-03,2,02_USR_003,10,10_STK_001,0.0,-0.0
14,2021-03,2,02_USR_003,11,11_STK_002,0.0,-0.0
14,2021-03,2,02_USR_003,12,12_STK_003,0.0,-0.0
14,2021-03,2,02_USR_003,13,13_STK_004,0.0,-0.0
14,2021-03,2,02_USR_003,14,14_STK_005,0.0,-0.0
14,2021-03,3,03_USR_004,0,00_USR_001,-0.0,0.9511
14,2021-03,3,03_USR_004,1,01_USR_002,-0.0,0.5949
14,2021-03,3,03_USR_004,2,02_USR_003,0.0,-0.0985
14,2021-03,3,03_USR_004,3,03_USR_004,0.0,1.0
14,2021-03,3,03_USR_004,4,04_USR_005,-0.0,0.3943
14,2021-03,3,03_USR_004,5,05_USR_006,-0.0,0.3596
14,2021-03,3,03_USR_004,6,06_USR_007,-0.0,0.9558
14,2021-03,3,03_USR_004,7,07_USR_008,0.0,-0.3758
14,2021-03,3,03_USR_004,8,08_USR_009,-0.0,0.4513
14,2021-03,3,03_USR_004,9,09_USR_010,-0.0,0.3857
14,2021-03,3,03_USR_004,10,10_STK_001,0.0,-0.0
14,2021-03,3,03_USR_004,11,11_STK_002,0.0,-0.0
14,2021-03,3,03_USR_004,12,12_STK_003,0.0,-0.0
14,2021-03,3,03_USR_004,13,13_STK_004,0.0,-0.0
14,2021-03,3,03_USR_004,14,14_STK_005,0.0,-0.0
14,2021-03,4,04_USR_005,0,00_USR_001,0.0,-0.0911
14,2021-03,4,04_USR_005,1,01_USR_002,-0.0,0.5042
14,2021-03,4,04_USR_005,2,02_USR_003,-0.0,0.9534
14,2021-03,4,04_USR_005,3,03_USR_004,-0.0,0.3943
14,2021-03,4,04_USR_005,4,04_USR_005,0.0,1.0
14,2021-03,4,04_USR_005,5,05_USR_006,0.0,-0.9993
14,2021-03,4,04_USR_005,6,06_USR_007,0.0,-0.1068
14,2021-03,4,04_USR_005,7,07_USR_008,-0.0,0.9998
14,2021-03,4,04_USR_005,8,08_USR_009,0.0,-0.998
14,2021-03,4,04_USR_005,9,09_USR_010,0.0,-1.0
14,2021-03,4,04_USR_005,10,10_STK_001,0.0,-0.0
14,2021-03,4,04_USR_005,11,11_STK_002,0.0,-0.0
14,2021-03,4,04_USR_005,12,12_STK_003,0.0,-0.0
14,2021-03,4,04_USR_005,13,13_STK_004,0.0,-0.0
14,2021-03,4,04_USR_005,14,14_STK_005,0.0,-0.0
14,2021-03,5,05_USR_006,0,00_USR_001,0.0,-0.0538
14,2021-03,5,05_USR_006,1,01_USR_002,-0.0,0.5362
14,2021-03,5,05_USR_006,2,02_USR_003,-0.0,0.964
14,2021-03,5,05_USR_006,3,03_USR_004,-0.0,0.3596
14,2021-03,5,05_USR_006,4,04_USR_005,0.0,-0.9993
14,2021-03,5,05_USR_006,5,05_USR_006,0.0,1.0
14,2021-03,5,05_USR_006,6,06_USR_007,0.0,-0.0695
14,2021-03,5,05_USR_006,7,07_USR_008,-0.0,0.9998
14,2021-03,5,05_USR_006,8,08_USR_009,0.0,-0.995
14,2021-03,5,05_USR_006,9,09_USR_010,0.0,-0.9996
14,2021-03,5,05_USR_006,10,10_STK_001,0.0,-0.0
14,2021-03,5,05_USR_006,11,11_STK_002,0.0,-0.0
14,2021-03,5,05_USR_006,12,12_STK_003,0.0,-0.0
14,2021-03,5,05_USR_006,13,13_STK_004,0.0,-0.0
14,2021-03,5,05_USR_006,14,14_STK_005,0.0,-0.0
14,2021-03,6,06_USR_007,0,00_USR_001,0.0,-0.9999
14,2021-03,6,06_USR_007,1,01_USR_002,0.0,-0.8048
14,2021-03,6,06_USR_007,2,02_USR_003,0.0,-0.1982
14,2021-03,6,06_USR_007,3,03_USR_004,-0.0,0.9558
14,2021-03,6,06_USR_007,4,04_USR_005,0.0,-0.1068
14,2021-03,6,06_USR_007,5,05_USR_006,0.0,-0.0695
14,2021-03,6,06_USR_007,6,06_USR_007,0.0,1.0
14,2021-03,6,06_USR_007,7,07_USR_008,-0.0,0.0869
14,2021-03,6,06_USR_007,8,08_USR_009,0.0,-0.1691
14,2021-03,6,06_USR_007,9,09_USR_010,0.0,-0.0976
14,2021-03,6,06_USR_007,10,10_STK_001,0.0,-0.0
14,2021-03,6,06_USR_007,11,11_STK_002,0.0,-0.0
14,2021-03,6,06_USR_007,12,12_STK_003,0.0,-0.0
14,2021-03,6,06_USR_007,13,13_STK_004,0.0,-0.0
14,2021-03,6,06_USR_007,14,14_STK_005,0.0,-0.0
14,2021-03,7,07_USR_008,0,00_USR_001,-0.0,0.0711
14,2021-03,7,07_USR_008,1,01_USR_002,0.0,-0.5214
14,2021-03,7,07_USR_008,2,02_USR_003,0.0,-0.9592
14,2021-03,7,07_USR_008,3,03_USR_004,0.0,-0.3758
14,2021-03,7,07_USR_008,4,04_USR_005,-0.0,0.9998
14,2021-03,7,07_USR_008,5,05_USR_006,-0.0,0.9998
14,2021-03,7,07_USR_008,6,06_USR_007,-0.0,0.0869
14,2021-03,7,07_USR_008,7,07_USR_008,0.0,1.0
14,2021-03,7,07_USR_008,8,08_USR_009,-0.0,0.9966
14,2021-03,7,07_USR_008,9,09_USR_010,-0.0,0.9999
14,2021-03,7,07_USR_008,10,10_STK_001,0.0,-0.0
14,2021-03,7,07_USR_008,11,11_STK_002,0.0,-0.0
14,2021-03,7,07_USR_008,12,12_STK_003,0.0,-0.0
14,2021-03,7,07_USR_008,13,13_STK_004,0.0,-0.0
14,2021-03,7,07_USR_008,14,14_STK_005,0.0,-0.0
14,2021-03,8,08_USR_009,0,00_USR_001,0.0,-0.1535
14,2021-03,8,08_USR_009,1,01_USR_002,-0.0,0.4489
14,2021-03,8,08_USR_009,2,02_USR_003,-0.0,0.9325
14,2021-03,8,08_USR_009,3,03_USR_004,-0.0,0.4513
14,2021-03,8,08_USR_009,4,04_USR_005,0.0,-0.998
14,2021-03,8,08_USR_009,5,05_USR_006,0.0,-0.995
14,2021-03,8,08_USR_009,6,06_USR_007,0.0,-0.1691
14,2021-03,8,08_USR_009,7,07_USR_008,-0.0,0.9966
14,2021-03,8,08_USR_009,8,08_USR_009,0.0,1.0
14,2021-03,8,08_USR_009,9,09_USR_010,0.0,-0.9974
14,2021-03,8,08_USR_009,10,10_STK_001,0.0,-0.0
14,2021-03,8,08_USR_009,11,11_STK_002,0.0,-0.0
14,2021-03,8,08_USR_009,12,12_STK_003,0.0,-0.0
14,2021-03,8,08_USR_009,13,13_STK_004,0.0,-0.0
14,2021-03,8,08_USR_009,14,14_STK_005,0.0,-0.0
14,2021-03,9,09_USR_010,0,00_USR_001,0.0,-0.0819
14,2021-03,9,09_USR_010,1,01_USR_002,-0.0,0.5122
14,2021-03,9,09_USR_010,2,02_USR_003,-0.0,0.9561
14,2021-03,9,09_USR_010,3,03_USR_004,-0.0,0.3857
14,2021-03,9,09_USR_010,4,04_USR_005,0.0,-1.0
14,2021-03,9,09_USR_010,5,05_USR_006,0.0,-0.9996
14,2021-03,9,09_USR_010,6,06_USR_007,0.0,-0.0976
14,2021-03,9,09_USR_010,7,07_USR_008,-0.0,0.9999
14,2021-03,9,09_USR_010,8,08_USR_009,0.0,-0.9974
14,2021-03,9,09_USR_010,9,09_USR_010,0.0,1.0
14,2021-03,9,09_USR_010,10,10_STK_001,0.0,-0.0
14,2021-03,9,09_USR_010,11,11_STK_002,0.0,-0.0
14,2021-03,9,09_USR_010,12,12_STK_003,0.0,-0.0
14,2021-03,9,09_USR_010,13,13_STK_004,0.0,-0.0
14,2021-03,9,09_USR_010,14,14_STK_005,0.0,-0.0
14,2021-03,10,10_STK_001,0,00_USR_001,0.0,-0.0
14,2021-03,10,10_STK_001,1,01_USR_002,0.0,-0.0
14,2021-03,10,10_STK_001,2,02_USR_003,0.0,-0.0
14,2021-03,10,10_STK_001,3,03_USR_004,0.0,-0.0
14,2021-03,10,10_STK_001,4,04_USR_005,0.0,-0.0
14,2021-03,10,10_STK_001,5,05_USR_006,0.0,-0.0
14,2021-03,10,10_STK_001,6,06_USR_007,0.0,-0.0
14,2021-03,10,10_STK_001,7,07_USR_008,0.0,-0.0
14,2021-03,10,10_STK_001,8,08_USR_009,0.0,-0.0
14,2021-03,10,10_STK_001,9,09_USR_010,0.0,-0.0
14,2021-03,10,10_STK_001,10,10_STK_001,0.0,1.0
14,2021-03,10,10_STK_001,11,11_STK_002,0.0,-0.0
14,2021-03,10,10_STK_001,12,12_STK_003,0.0,-0.0
14,2021-03,10,10_STK_001,13,13_STK_004,0.0,-0.0
14,2021-03,10,10_STK_001,14,14_STK_005,0.0,-0.0
14,2021-03,11,11_STK_002,0,00_USR_001,0.0,-0.0
14,2021-03,11,11_STK_002,1,01_USR_002,0.0,-0.0
14,2021-03,11,11_STK_002,2,02_USR_003,0.0,-0.0
14,2021-03,11,11_STK_002,3,03_USR_004,0.0,-0.0
14,2021-03,11,11_STK_002,4,04_USR_005,0.0,-0.0
14,2021-03,11,11_STK_002,5,05_USR_006,0.0,-0.0
14,2021-03,11,11_STK_002,6,06_USR_007,0.0,-0.0
14,2021-03,11,11_STK_002,7,07_USR_008,0.0,-0.0
14,2021-03,11,11_STK_002,8,08_USR_009,0.0,-0.0
14,2021-03,11,11_STK_002,9,09_USR_010,0.0,-0.0
14,2021-03,11,11_STK_002,10,10_STK_001,0.0,-0.0
14,2021-03,11,11_STK_002,11,11_STK_002,0.0,1.0
14,2021-03,11,11_STK_002,12,12_STK_003,0.0,-0.0
14,2021-03,11,11_STK_002,13,13_STK_004,0.0,-0.0
14,2021-03,11,11_STK_002,14,14_STK_005,0.0,-0.0
14,2021-03,12,12_STK_003,0,00_USR_001,0.0,-0.0
14,2021-03,12,12_STK_003,1,01_USR_002,0.0,-0.0
14,2021-03,12,12_STK_003,2,02_USR_003,0.0,-0.0
14,2021-03,12,12_STK_003,3,03_USR_004,0.0,-0.0
14,2021-03,12,12_STK_003,4,04_USR_005,0.0,-0.0
14,2021-03,12,12_STK_003,5,05_USR_006,0.0,-0.0
14,2021-03,12,12_STK_003,6,06_USR_007,0.0,-0.0
14,2021-03,12,12_STK_003,7,07_USR_008,0.0,-0.0
14,2021-03,12,12_STK_003,8,08_USR_009,0.0,-0.0
14,2021-03,12,12_STK_003,9,09_USR_010,0.0,-0.0
14,2021-03,12,12_STK_003,10,10_STK_001,0.0,-0.0
14,2021-03,12,12_STK_003,11,11_STK_002,0.0,-0.0
14,2021-03,12,12_STK_003,12,12_STK_003,0.0,1.0
14,2021-03,12,12_STK_003,13,13_STK_004,0.0,-0.0
14,2021-03,12,12_STK_003,14,14_STK_005,0.0,-0.0
14,2021-03,13,13_STK_004,0,00_USR_001,0.0,-0.0
14,2021-03,13,13_STK_004,1,01_USR_002,0.0,-0.0
14,2021-03,13,13_STK_004,2,02_USR_003,0.0,-0.0
14,2021-03,13,13_STK_004,3,03_USR_004,0.0,-0.0
14,2021-03,13,13_STK_004,4,04_USR_005,0.0,-0.0
14,2021-03,13,13_STK_004,5,05_USR_006,0.0,-0.0
14,2021-03,13,13_STK_004,6,06_USR_007,0.0,-0.0
14,2021-03,13,13_STK_004,7,07_USR_008,0.0,-0.0
14,2021-03,13,13_STK_004,8,08_USR_009,0.0,-0.0
14,2021-03,13,13_STK_004,9,09_USR_010,0.0,-0.0
14,2021-03,13,13_STK_004,10,10_STK_001,0.0,-0.0
14,2021-03,13,13_STK_004,11,11_STK_002,0.0,-0.0
14,2021-03,13,13_STK_004,12,12_STK_003,0.0,-0.0
14,2021-03,13,13_STK_004,13,13_STK_004,0.0,1.0
14,2021-03,13,13_STK_004,14,14_STK_005,0.0,-0.0
14,2021-03,14,14_STK_005,0,00_USR_001,0.0,-0.0
14,2021-03,14,14_STK_005,1,01_USR_002,0.0,-0.0
14,2021-03,14,14_STK_005,2,02_USR_003,0.0,-0.0
14,2021-03,14,14_STK_005,3,03_USR_004,0.0,-0.0
14,2021-03,14,14_STK_005,4,04_USR_005,0.0,-0.0
14,2021-03,14,14_STK_005,5,05_USR_006,0.0,-0.0
14,2021-03,14,14_STK_005,6,06_USR_007,0.0,-0.0
14,2021-03,14,14_STK_005,7,07_USR_008,0.0,-0.0
14,2021-03,14,14_STK_005,8,08_USR_009,0.0,-0.0
14,2021-03,14,14_STK_005,9,09_USR_010,0.0,-0.0
14,2021-03,14,14_STK_005,10,10_STK_001,0.0,-0.0
14,2021-03,14,14_STK_005,11,11_STK_002,0.0,-0.0
14,2021-03,14,14_STK_005,12,12_STK_003,0.0,-0.0
14,2021-03,14,14_STK_005,13,13_STK_004,0.0,-0.0
14,2021-03,14,14_STK_005,14,14_STK_005,0.0,1.0
15,2021-04,0,00_USR_001,0,00_USR_001,0.0,1.0
15,2021-04,0,00_USR_001,1,01_USR_002,-0.0,0.479
15,2021-04,0,00_USR_001,2,02_USR_003,-0.0,0.5074
15,2021-04,0,00_USR_001,3,03_USR_004,-0.0,0.901
15,2021-04,0,00_USR_001,4,04_USR_005,-0.0,0.9997
15,2021-04,0,00_USR_001,5,05_USR_006,0.0,-0.5643
15,2021-04,0,00_USR_001,6,06_USR_007,0.0,-0.8894
15,2021-04,0,00_USR_001,7,07_USR_008,-0.0,0.5576
15,2021-04,0,00_USR_001,8,08_USR_009,0.0,-0.6385
15,2021-04,0,00_USR_001,9,09_USR_010,0.0,-0.5608
15,2021-04,0,00_USR_001,10,10_STK_001,0.0,-0.0
15,2021-04,0,00_USR_001,11,11_STK_002,0.0,-0.0
15,2021-04,0,00_USR_001,12,12_STK_003,0.0,-0.0
15,2021-04,0,00_USR_001,13,13_STK_004,0.0,-0.0
15,2021-04,0,00_USR_001,14,14_STK_005,0.0,-0.0
15,2021-04,1,01_USR_002,0,00_USR_001,-0.0,0.479
15,2021-04,1,01_USR_002,1,01_USR_002,0.0,1.0
15,2021-04,1,01_USR_002,2,02_USR_003,0.0,-0.9995
15,2021-04,1,01_USR_002,3,03_USR_004,0.0,-0.0507
15,2021-04,1,01_USR_002,4,04_USR_005,0.0,-0.4991
15,2021-04,1,01_USR_002,5,05_USR_006,-0.0,0.995
15,2021-04,1,01_USR_002,6,06_USR_007,-0.0,0.8273
15,2021-04,1,01_USR_002,7,07_USR_008,0.0,-0.9958
15,2021-04,1,01_USR_002,8,08_USR_009,-0.0,0.9814
15,2021-04,1,01_USR_002,9,09_USR_010,-0.0,0.9954
15,2021-04,1,01_USR_002,10,10_STK_001,0.0,-0.0
15,2021-04,1,01_USR_002,11,11_STK_002,0.0,-0.0
15,2021-04,1,01_USR_002,12,12_STK_003,0.0,-0.0
15,2021-04,1,01_USR_002,13,13_STK_004,0.0,-0.0
15,2021-04,1,01_USR_002,14,14_STK_005,0.0,-0.0
15,2021-04,2,02_USR_003,0,00_USR_001,-0.0,0.5074
15,2021-04,2,02_USR_003,1,01_USR_002,0.0,-0.9995
15,2021-04,2,02_USR_003,2,02_USR_003,0.0,1.0
15,2021-04,2,02_USR_003,3,03_USR_004,0.0,-0.0833
15,2021-04,2,02_USR_003,4,04_USR_005,0.0,-0.5271
15,2021-04,2,02_USR_003,5,05_USR_006,-0.0,0.9977
15,2021-04,2,02_USR_003,6,06_USR_007,-0.0,0.8452
15,2021-04,2,02_USR_003,7,07_USR_008,0.0,-0.9982
15,2021-04,2,02_USR_003,8,08_USR_009,-0.0,0.9872
15,2021-04,2,02_USR_003,9,09_USR_010,-0.0,0.998
15,2021-04,2,02_USR_003,10,10_STK_001,0.0,-0.0
15,2021-04,2,02_USR_003,11,11_STK_002,0.0,-0.0
15,2021-04,2,02_USR_003,12,12_STK_003,0.0,-0.0
15,2021-04,2,02_USR_003,13,13_STK_004,0.0,-0.0
15,2021-04,2,02_USR_003,14,14_STK_005,0.0,-0.0
15,2021-04,3,03_USR_004,0,00_USR_001,-0.0,0.901
15,2021-04,3,03_USR_004,1,01_USR_002,0.0,-0.0507
15,2021-04,3,03_USR_004,2,02_USR_003,0.0,-0.0833
15,2021-04,3,03_USR_004,3,03_USR_004,0.0,1.0
15,2021-04,3,03_USR_004,4,04_USR_005,0.0,-0.8907
15,2021-04,3,03_USR_004,5,05_USR_006,-0.0,0.1502
15,2021-04,3,03_USR_004,6,06_USR_007,-0.0,0.6029
15,2021-04,3,03_USR_004,7,07_USR_008,0.0,-0.1421
15,2021-04,3,03_USR_004,8,08_USR_009,-0.0,0.2413
15,2021-04,3,03_USR_004,9,09_USR_010,-0.0,0.1461
15,2021-04,3,03_USR_004,10,10_STK_001,0.0,-0.0
15,2021-04,3,03_USR_004,11,11_STK_002,0.0,-0.0
15,2021-04,3,03_USR_004,12,12_STK_003,0.0,-0.0
15,2021-04,3,03_USR_004,13,13_STK_004,0.0,-0.0
15,2021-04,3,03_USR_004,14,14_STK_005,0.0,-0.0
15,2021-04,4,04_USR_005,0,00_USR_001,-0.0,0.9997
15,2021-04,4,04_USR_005,1,01_USR_002,0.0,-0.4991
15,2021-04,4,04_USR_005,2,02_USR_003,0.0,-0.5271
15,2021-04,4,04_USR_005,3,03_USR_004,0.0,-0.8907
15,2021-04,4,04_USR_005,4,04_USR_005,0.0,1.0
15,2021-04,4,04_USR_005,5,05_USR_006,-0.0,0.5832
15,2021-04,4,04_USR_005,6,06_USR_007,-0.0,0.8997
15,2021-04,4,04_USR_005,7,07_USR_008,0.0,-0.5765
15,2021-04,4,04_USR_005,8,08_USR_009,-0.0,0.656
15,2021-04,4,04_USR_005,9,09_USR_010,-0.0,0.5798
15,2021-04,4,04_USR_005,10,10_STK_001,0.0,-0.0
15,2021-04,4,04_USR_005,11,11_STK_002,0.0,-0.0
15,2021-04,4,04_USR_005,12,12_STK_003,0.0,-0.0
15,2021-04,4,04_USR_005,13,13_STK_004,0.0,-0.0
15,2021-04,4,04_USR_005,14,14_STK_005,0.0,-0.0
15,2021-04,5,05_USR_006,0,00_USR_001,0.0,-0.5643
15,2021-04,5,05_USR_006,1,01_USR_002,-0.0,0.995
15,2021-04,5,05_USR_006,2,02_USR_003,-0.0,0.9977
15,2021-04,5,05_USR_006,3,03_USR_004,-0.0,0.1502
15,2021-04,5,05_USR_006,4,04_USR_005,-0.0,0.5832
15,2021-04,5,05_USR_006,5,05_USR_006,0.0,1.0
15,2021-04,5,05_USR_006,6,06_USR_007,0.0,-0.8793
15,2021-04,5,05_USR_006,7,07_USR_008,-0.0,1.0
15,2021-04,5,05_USR_006,8,08_USR_009,0.0,-0.9957
15,2021-04,5,05_USR_006,9,09_USR_010,0.0,-1.0
15,2021-04,5,05_USR_006,10,10_STK_001,0.0,-0.0
15,2021-04,5,05_USR_006,11,11_STK_002,0.0,-0.0
15,2021-04,5,05_USR_006,12,12_STK_003,0.0,-0.0
15,2021-04,5,05_USR_006,13,13_STK_004,0.0,-0.0
15,2021-04,5,05_USR_006,14,14_STK_005,0.0,-0.0
15,2021-04,6,06_USR_007,0,00_USR_001,0.0,-0.8894
15,2021-04,6,06_USR_007,1,01_USR_002,-0.0,0.8273
15,2021-04,6,06_USR_007,2,02_USR_003,-0.0,0.8452
15,2021-04,6,06_USR_007,3,03_USR_004,-0.0,0.6029
15,2021-04,6,06_USR_007,4,04_USR_005,-0.0,0.8997
15,2021-04,6,06_USR_007,5,05_USR_006,0.0,-0.8793
15,2021-04,6,06_USR_007,6,06_USR_007,0.0,1.0
15,2021-04,6,06_USR_007,7,07_USR_008,-0.0,0.8754
15,2021-04,6,06_USR_007,8,08_USR_009,0.0,-0.9197
15,2021-04,6,06_USR_007,9,09_USR_010,0.0,-0.8773
15,2021-04,6,06_USR_007,10,10_STK_001,0.0,-0.0
15,2021-04,6,06_USR_007,11,11_STK_002,0.0,-0.0
15,2021-04,6,06_USR_007,12,12_STK_003,0.0,-0.0
15,2021-04,6,06_USR_007,13,13_STK_004,0.0,-0.0
15,2021-04,6,06_USR_007,14,14_STK_005,0.0,-0.0
15,2021-04,7,07_USR_008,0,00_USR_001,-0.0,0.5576
15,2021-04,7,07_USR_008,1,01_USR_002,0.0,-0.9958
15,2021-04,7,07_USR_008,2,02_USR_003,0.0,-0.9982
15,2021-04,7,07_USR_008,3,03_USR_004,0.0,-0.1421
15,2021-04,7,07_USR_008,4,04_USR_005,0.0,-0.5765
15,2021-04,7,07_USR_008,5,05_USR_006,-0.0,1.0
15,2021-04,7,07_USR_008,6,06_USR_007,-0.0,0.8754
15,2021-04,7,07_USR_008,7,07_USR_008,0.0,1.0
15,2021-04,7,07_USR_008,8,08_USR_009,-0.0,0.9949
15,2021-04,7,07_USR_008,9,09_USR_010,-0.0,1.0
15,2021-04,7,07_USR_008,10,10_STK_001,0.0,-0.0
15,2021-04,7,07_USR_008,11,11_STK_002,0.0,-0.0
15,2021-04,7,07_USR_008,12,12_STK_003,0.0,-0.0
15,2021-04,7,07_USR_008,13,13_STK_004,0.0,-0.0
15,2021-04,7,07_USR_008,14,14_STK_005,0.0,-0.0
15,2021-04,8,08_USR_009,0,00_USR_001,0.0,-0.6385
15,2021-04,8,08_USR_009,1,01_USR_002,-0.0,0.9814
15,2021-04,8,08_USR_009,2,02_USR_003,-0.0,0.9872
15,2021-04,8,08_USR_009,3,03_USR_004,-0.0,0.2413
15,2021-04,8,08_USR_009,4,04_USR_005,-0.0,0.656
15,2021-04,8,08_USR_009,5,05_USR_006,0.0,-0.9957
15,2021-04,8,08_USR_009,6,06_USR_007,0.0,-0.9197
15,2021-04,8,08_USR_009,7,07_USR_008,-0.0,0.9949
15,2021-04,8,08_USR_009,8,08_USR_009,0.0,1.0
15,2021-04,8,08_USR_009,9,09_USR_010,0.0,-0.9953
15,2021-04,8,08_USR_009,10,10_STK_001,0.0,-0.0
15,2021-04,8,08_USR_009,11,11_STK_002,0.0,-0.0
15,2021-04,8,08_USR_009,12,12_STK_003,0.0,-0.0
15,2021-04,8,08_USR_009,13,13_STK_004,0.0,-0.0
15,2021-04,8,08_USR_009,14,14_STK_005,0.0,-0.0
15,2021-04,9,09_USR_010,0,00_USR_001,0.0,-0.5608
15,2021-04,9,09_USR_010,1,01_USR_002,-0.0,0.9954
15,2021-04,9,09_USR_010,2,02_USR_003,-0.0,0.998
15,2021-04,9,09_USR_010,3,03_USR_004,-0.0,0.1461
15,2021-04,9,09_USR_010,4,04_USR_005,-0.0,0.5798
15,2021-04,9,09_USR_010,5,05_USR_006,0.0,-1.0
15,2021-04,9,09_USR_010,6,06_USR_007,0.0,-0.8773
15,2021-04,9,09_USR_010,7,07_USR_008,-0.0,1.0
15,2021-04,9,09_USR_010,8,08_USR_009,0.0,-0.9953
15,2021-04,9,09_USR_010,9,09_USR_010,0.0,1.0
15,2021-04,9,09_USR_010,10,10_STK_001,0.0,-0.0
15,2021-04,9,09_USR_010,11,11_STK_002,0.0,-0.0
15,2021-04,9,09_USR_010,12,12_STK_003,0.0,-0.0
15,2021-04,9,09_USR_010,13,13_STK_004,0.0,-0.0
15,2021-04,9,09_USR_010,14,14_STK_005,0.0,-0.0
15,2021-04,10,10_STK_001,0,00_USR_001,0.0,-0.0
15,2021-04,10,10_STK_001,1,01_USR_002,0.0,-0.0
15,2021-04,10,10_STK_001,2,02_USR_003,0.0,-0.0
15,2021-04,10,10_STK_001,3,03_USR_004,0.0,-0.0
15,2021-04,10,10_STK_001,4,04_USR_005,0.0,-0.0
15,2021-04,10,10_STK_001,5,05_USR_006,0.0,-0.0
15,2021-04,10,10_STK_001,6,06_USR_007,0.0,-0.0
15,2021-04,10,10_STK_001,7,07_USR_008,0.0,-0.0
15,2021-04,10,10_STK_001,8,08_USR_009,0.0,-0.0
15,2021-04,10,10_STK_001,9,09_USR_010,0.0,-0.0
15,2021-04,10,10_STK_001,10,10_STK_001,0.0,1.0
15,2021-04,10,10_STK_001,11,11_STK_002,0.0,-0.0
15,2021-04,10,10_STK_001,12,12_STK_003,0.0,-0.0
15,2021-04,10,10_STK_001,13,13_STK_004,0.0,-0.0
15,2021-04,10,10_STK_001,14,14_STK_005,0.0,-0.0
15,2021-04,11,11_STK_002,0,00_USR_001,0.0,-0.0
15,2021-04,11,11_STK_002,1,01_USR_002,0.0,-0.0
15,2021-04,11,11_STK_002,2,02_USR_003,0.0,-0.0
15,2021-04,11,11_STK_002,3,03_USR_004,0.0,-0.0
15,2021-04,11,11_STK_002,4,04_USR_005,0.0,-0.0
15,2021-04,11,11_STK_002,5,05_USR_006,0.0,-0.0
15,2021-04,11,11_STK_002,6,06_USR_007,0.0,-0.0
15,2021-04,11,11_STK_002,7,07_USR_008,0.0,-0.0
15,2021-04,11,11_STK_002,8,08_USR_009,0.0,-0.0
15,2021-04,11,11_STK_002,9,09_USR_010,0.0,-0.0
15,2021-04,11,11_STK_002,10,10_STK_001,0.0,-0.0
15,2021-04,11,11_STK_002,11,11_STK_002,0.0,1.0
15,2021-04,11,11_STK_002,12,12_STK_003,0.0,-0.0
15,2021-04,11,11_STK_002,13,13_STK_004,0.0,-0.0
15,2021-04,11,11_STK_002,14,14_STK_005,0.0,-0.0
15,2021-04,12,12_STK_003,0,00_USR_001,0.0,-0.0
15,2021-04,12,12_STK_003,1,01_USR_002,0.0,-0.0
15,2021-04,12,12_STK_003,2,02_USR_003,0.0,-0.0
15,2021-04,12,12_STK_003,3,03_USR_004,0.0,-0.0
15,2021-04,12,12_STK_003,4,04_USR_005,0.0,-0.0
15,2021-04,12,12_STK_003,5,05_USR_006,0.0,-0.0
15,2021-04,12,12_STK_003,6,06_USR_007,0.0,-0.0
15,2021-04,12,12_STK_003,7,07_USR_008,0.0,-0.0
15,2021-04,12,12_STK_003,8,08_USR_009,0.0,-0.0
15,2021-04,12,12_STK_003,9,09_USR_010,0.0,-0.0
15,2021-04,12,12_STK_003,10,10_STK_001,0.0,-0.0
15,2021-04,12,12_STK_003,11,11_STK_002,0.0,-0.0
15,2021-04,12,12_STK_003,12,12_STK_003,0.0,1.0
15,2021-04,12,12_STK_003,13,13_STK_004,0.0,-0.0
15,2021-04,12,12_STK_003,14,14_STK_005,0.0,-0.0
15,2021-04,13,13_STK_004,0,00_USR_001,0.0,-0.0
15,2021-04,13,13_STK_004,1,01_USR_002,0.0,-0.0
15,2021-04,13,13_STK_004,2,02_USR_003,0.0,-0.0
15,2021-04,13,13_STK_004,3,03_USR_004,0.0,-0.0
15,2021-04,13,13_STK_004,4,04_USR_005,0.0,-0.0
15,2021-04,13,13_STK_004,5,05_USR_006,0.0,-0.0
15,2021-04,13,13_STK_004,6,06_USR_007,0.0,-0.0
15,2021-04,13,13_STK_004,7,07_USR_008,0.0,-0.0
15,2021-04,13,13_STK_004,8,08_USR_009,0.0,-0.0
15,2021-04,13,13_STK_004,9,09_USR_010,0.0,-0.0
15,2021-04,13,13_STK_004,10,10_STK_001,0.0,-0.0
15,2021-04,13,13_STK_004,11,11_STK_002,0.0,-0.0
15,2021-04,13,13_STK_004,12,12_STK_003,0.0,-0.0
15,2021-04,13,13_STK_004,13,13_STK_004,0.0,1.0
15,2021-04,13,13_STK_004,14,14_STK_005,0.0,-0.0
15,2021-04,14,14_STK_005,0,00_USR_001,0.0,-0.0
15,2021-04,14,14_STK_005,1,01_USR_002,0.0,-0.0
15,2021-04,14,14_STK_005,2,02_USR_003,0.0,-0.0
15,2021-04,14,14_STK_005,3,03_USR_004,0.0,-0.0
15,2021-04,14,14_STK_005,4,04_USR_005,0.0,-0.0
15,2021-04,14,14_STK_005,5,05_USR_006,0.0,-0.0
15,2021-04,14,14_STK_005,6,06_USR_007,0.0,-0.0
15,2021-04,14,14_STK_005,7,07_USR_008,0.0,-0.0
15,2021-04,14,14_STK_005,8,08_USR_009,0.0,-0.0
15,2021-04,14,14_STK_005,9,09_USR_010,0.0,-0.0
15,2021-04,14,14_STK_005,10,10_STK_001,0.0,-0.0
15,2021-04,14,14_STK_005,11,11_STK_002,0.0,-0.0
15,2021-04,14,14_STK_005,12,12_STK_003,0.0,-0.0
15,2021-04,14,14_STK_005,13,13_STK_004,0.0,-0.0
15,2021-04,14,14_STK_005,14,14_STK_005,0.0,1.0
16,2021-05,0,00_USR_001,0,00_USR_001,0.0,1.0
16,2021-05,0,00_USR_001,1,01_USR_002,0.0,-0.9523
16,2021-05,0,00_USR_001,2,02_USR_003,-0.0,0.9426
16,2021-05,0,00_USR_001,3,03_USR_004,0.0,-0.4516
16,2021-05,0,00_USR_001,4,04_USR_005,-0.0,0.996
16,2021-05,0,00_USR_001,5,05_USR_006,-0.0,0.9501
16,2021-05,0,00_USR_001,6,06_USR_007,0.0,-0.9606
16,2021-05,0,00_USR_001,7,07_USR_008,-0.0,0.9508
16,2021-05,0,00_USR_001,8,08_USR_009,0.0,-0.9583
16,2021-05,0,00_USR_001,9,09_USR_010,-0.0,0.939
16,2021-05,0,00_USR_001,10,10_STK_001,0.0,-0.0
16,2021-05,0,00_USR_001,11,11_STK_002,0.0,-0.0
16,2021-05,0,00_USR_001,12,12_STK_003,0.0,-0.0
16,2021-05,0,00_USR_001,13,13_STK_004,0.0,-0.0
16,2021-05,0,00_USR_001,14,14_STK_005,0.0,-0.0
16,2021-05,1,01_USR_002,0,00_USR_001,0.0,-0.9523
16,2021-05,1,01_USR_002,1,01_USR_002,0.0,1.0
16,2021-05,1,01_USR_002,2,02_USR_003,-0.0,0.9995
16,2021-05,1,01_USR_002,3,03_USR_004,0.0,-0.7023
16,2021-05,1,01_USR_002,4,04_USR_005,-0.0,0.9757
16,2021-05,1,01_USR_002,5,05_USR_006,-0.0,1.0
16,2021-05,1,01_USR_002,6,06_USR_007,0.0,-0.9996
16,2021-05,1,01_USR_002,7,07_USR_008,-0.0,1.0
16,2021-05,1,01_USR_002,8,08_USR_009,0.0,-0.9998
16,2021-05,1,01_USR_002,9,09_USR_010,-0.0,0.9992
16,2021-05,1,01_USR_002,10,10_STK_001,0.0,-0.0
16,2021-05,1,01_USR_002,11,11_STK_002,0.0,-0.0
16,2021-05,1,01_USR_002,12,12_STK_003,0.0,-0.0
16,2021-05,1,01_USR_002,13,13_STK_004,0.0,-0.0
16,2021-05,1,01_USR_002,14,14_STK_005,0.0,-0.0
16,2021-05,2,02_USR_003,0,00_USR_001,-0.0,0.9426
16,2021-05,2,02_USR_003,1,01_USR_002,-0.0,0.9995
16,2021-05,2,02_USR_003,2,02_USR_003,0.0,1.0
16,2021-05,2,02_USR_003,3,03_USR_004,-0.0,0.7236
16,2021-05,2,02_USR_003,4,04_USR_005,0.0,-0.9686
16,2021-05,2,02_USR_003,5,05_USR_006,0.0,-0.9997
16,2021-05,2,02_USR_003,6,06_USR_007,-0.0,0.9983
16,2021-05,2,02_USR_003,7,07_USR_008,0.0,-0.9997
16,2021-05,2,02_USR_003,8,08_USR_009,-0.0,0.9987
16,2021-05,2,02_USR_003,9,09_USR_010,0.0,-0.9999
16,2021-05,2,02_USR_003,10,10_STK_001,0.0,-0.0
16,2021-05,2,02_USR_003,11,11_STK_002,0.0,-0.0
16,2021-05,2,02_USR_003,12,12_STK_003,0.0,-0.0
16,2021-05,2,02_USR_003,13,13_STK_004,0.0,-0.0
16,2021-05,2,02_USR_003,14,14_STK_005,0.0,-0.0
16,2021-05,3,03_USR_004,0,00_USR_001,0.0,-0.4516
16,2021-05,3,03_USR_004,1,01_USR_002,0.0,-0.7023
16,2021-05,3,03_USR_004,2,02_USR_003,-0.0,0.7236
16,2021-05,3,03_USR_004,3,03_USR_004,0.0,1.0
16,2021-05,3,03_USR_004,4,04_USR_005,-0.0,0.5292
16,2021-05,3,03_USR_004,5,05_USR_006,-0.0,0.7073
16,2021-05,3,03_USR_004,6,06_USR_007,0.0,-0.6817
16,2021-05,3,03_USR_004,7,07_USR_008,-0.0,0.7058
16,2021-05,3,03_USR_004,8,08_USR_009,0.0,-0.6877
16,2021-05,3,03_USR_004,9,09_USR_010,-0.0,0.731
16,2021-05,3,03_USR_004,10,10_STK_001,0.0,-0.0
16,2021-05,3,03_USR_004,11,11_STK_002,0.0,-0.0
16,2021-05,3,03_USR_004,12,12_STK_003,0.0,-0.0
16,2021-05,3,03_USR_004,13,13_STK_004,0.0,-0.0
16,2021-05,3,03_USR_004,14,14_STK_005,0.0,-0.0
16,2021-05,4,04_USR_005,0,00_USR_001,-0.0,0.996
16,2021-05,4,04_USR_005,1,01_USR_002,-0.0,0.9757
16,2021-05,4,04_USR_005,2,02_USR_003,0.0,-0.9686
16,2021-05,4,04_USR_005,3,03_USR_004,-0.0,0.5292
16,2021-05,4,04_USR_005,4,04_USR_005,0.0,1.0
16,2021-05,4,04_USR_005,5,05_USR_006,0.0,-0.9741
16,2021-05,4,04_USR_005,6,06_USR_007,-0.0,0.9815
16,2021-05,4,04_USR_005,7,07_USR_008,0.0,-0.9746
16,2021-05,4,04_USR_005,8,08_USR_009,-0.0,0.9799
16,2021-05,4,04_USR_005,9,09_USR_010,0.0,-0.9659
16,2021-05,4,04_USR_005,10,10_STK_001,0.0,-0.0
16,2021-05,4,04_USR_005,11,11_STK_002,0.0,-0.0
16,2021-05,4,04_USR_005,12,12_STK_003,0.0,-0.0
16,2021-05,4,04_USR_005,13,13_STK_004,0.0,-0.0
16,2021-05,4,04_USR_005,14,14_STK_005,0.0,-0.0
16,2021-05,5,05_USR_006,0,00_USR_001,-0.0,0.9501
16,2021-05,5,05_USR_006,1,01_USR_002,-0.0,1.0
16,2021-05,5,05_USR_006,2,02_USR_003,0.0,-0.9997
16,2021-05,5,05_USR_006,3,03_USR_004,-0.0,0.7073
16,2021-05,5,05_USR_006,4,04_USR_005,0.0,-0.9741
16,2021-05,5,05_USR_006,5,05_USR_006,0.0,1.0
16,2021-05,5,05_USR_006,6,06_USR_007,-0.0,0.9994
16,2021-05,5,05_USR_006,7,07_USR_008,0.0,-1.0
16,2021-05,5,05_USR_006,8,08_USR_009,-0.0,0.9996
16,2021-05,5,05_USR_006,9,09_USR_010,0.0,-0.9994
16,2021-05,5,05_USR_006,10,10_STK_001,0.0,-0.0
16,2021-05,5,05_USR_006,11,11_STK_002,0.0,-0.0
16,2021-05,5,05_USR_006,12,12_STK_003,0.0,-0.0
16,2021-05,5,05_USR_006,13,13_STK_004,0.0,-0.0
16,2021-05,5,05_USR_006,14,14_STK_005,0.0,-0.0
16,2021-05,6,06_USR_007,0,00_USR_001,0.0,-0.9606
16,2021-05,6,06_USR_007,1,01_USR_002,0.0,-0.9996
16,2021-05,6,06_USR_007,2,02_USR_003,-0.0,0.9983
16,2021-05,6,06_USR_007,3,03_USR_004,0.0,-0.6817
16,2021-05,6,06_USR_007,4,04_USR_005,-0.0,0.9815
16,2021-05,6,06_USR_007,5,05_USR_006,-0.0,0.9994
16,2021-05,6,06_USR_007,6,06_USR_007,0.0,1.0
16,2021-05,6,06_USR_007,7,07_USR_008,-0.0,0.9994
16,2021-05,6,06_USR_007,8,08_USR_009,0.0,-1.0
16,2021-05,6,06_USR_007,9,09_USR_010,-0.0,0.9976
16,2021-05,6,06_USR_007,10,10_STK_001,0.0,-0.0
16,2021-05,6,06_USR_007,11,11_STK_002,0.0,-0.0
16,2021-05,6,06_USR_007,12,12_STK_003,0.0,-0.0
16,2021-05,6,06_USR_007,13,13_STK_004,0.0,-0.0
16,2021-05,6,06_USR_007,14,14_STK_005,0.0,-0.0
16,2021-05,7,07_USR_008,0,00_USR_001,-0.0,0.9508
16,2021-05,7,07_USR_008,1,01_USR_002,-0.0,1.0
16,2021-05,7,07_USR_008,2,02_USR_003,0.0,-0.9997
16,2021-05,7,07_USR_008,3,03_USR_004,-0.0,0.7058
16,2021-05,7,07_USR_008,4,04_USR_005,0.0,-0.9746
16,2021-05,7,07_USR_008,5,05_USR_006,0.0,-1.0
16,2021-05,7,07_USR_008,6,06_USR_007,-0.0,0.9994
16,2021-05,7,07_USR_008,7,07_USR_008,0.0,1.0
16,2021-05,7,07_USR_008,8,08_USR_009,-0.0,0.9997
16,2021-05,7,07_USR_008,9,09_USR_010,0.0,-0.9993
16,2021-05,7,07_USR_008,10,10_STK_001,0.0,-0.0
16,2021-05,7,07_USR_008,11,11_STK_002,0.0,-0.0
16,2021-05,7,07_USR_008,12,12_STK_003,0.0,-0.0
16,2021-05,7,07_USR_008,13,13_STK_004,0.0,-0.0
16,2021-05,7,07_USR_008,14,14_STK_005,0.0,-0.0
16,2021-05,8,08_USR_009,0,00_USR_001,0.0,-0.9583
16,2021-05,8,08_USR_009,1,01_USR_002,0.0,-0.9998
16,2021-05,8,08_USR_009,2,02_USR_003,-0.0,0.9987
16,2021-05,8,08_USR_009,3,03_USR_004,0.0,-0.6877
16,2021-05,8,08_USR_009,4,04_USR_005,-0.0,0.9799
16,2021-05,8,08_USR_009,5,05_USR_006,-0.0,0.9996
16,2021-05,8,08_USR_009,6,06_USR_007,0.0,-1.0
16,2021-05,8,08_USR_009,7,07_USR_008,-0.0,0.9997
16,2021-05,8,08_USR_009,8,08_USR_009,0.0,1.0
16,2021-05,8,08_USR_009,9,09_USR_010,-0.0,0.9981
16,2021-05,8,08_USR_009,10,10_STK_001,0.0,-0.0
16,2021-05,8,08_USR_009,11,11_STK_002,0.0,-0.0
16,2021-05,8,08_USR_009,12,12_STK_003,0.0,-0.0
16,2021-05,8,08_USR_009,13,13_STK_004,0.0,-0.0
16,2021-05,8,08_USR_009,14,14_STK_005,0.0,-0.0
16,2021-05,9,09_USR_010,0,00_USR_001,-0.0,0.939
16,2021-05,9,09_USR_010,1,01_USR_002,-0.0,0.9992
16,2021-05,9,09_USR_010,2,02_USR_003,0.0,-0.9999
16,2021-05,9,09_USR_010,3,03_USR_004,-0.0,0.731
16,2021-05,9,09_USR_010,4,04_USR_005,0.0,-0.9659
16,2021-05,9,09_USR_010,5,05_USR_006,0.0,-0.9994
16,2021-05,9,09_USR_010,6,06_USR_007,-0.0,0.9976
16,2021-05,9,09_USR_010,7,07_USR_008,0.0,-0.9993
16,2021-05,9,09_USR_010,8,08_USR_009,-0.0,0.9981
16,2021-05,9,09_USR_010,9,09_USR_010,0.0,1.0
16,2021-05,9,09_USR_010,10,10_STK_001,0.0,-0.0
16,2021-05,9,09_USR_010,11,11_STK_002,0.0,-0.0
16,2021-05,9,09_USR_010,12,12_STK_003,0.0,-0.0
16,2021-05,9,09_USR_010,13,13_STK_004,0.0,-0.0
16,2021-05,9,09_USR_010,14,14_STK_005,0.0,-0.0
16,2021-05,10,10_STK_001,0,00_USR_001,0.0,-0.0
16,2021-05,10,10_STK_001,1,01_USR_002,0.0,-0.0
16,2021-05,10,10_STK_001,2,02_USR_003,0.0,-0.0
16,2021-05,10,10_STK_001,3,03_USR_004,0.0,-0.0
16,2021-05,10,10_STK_001,4,04_USR_005,0.0,-0.0
16,2021-05,10,10_STK_001,5,05_USR_006,0.0,-0.0
16,2021-05,10,10_STK_001,6,06_USR_007,0.0,-0.0
16,2021-05,10,10_STK_001,7,07_USR_008,0.0,-0.0
16,2021-05,10,10_STK_001,8,08_USR_009,0.0,-0.0
16,2021-05,10,10_STK_001,9,09_USR_010,0.0,-0.0
16,2021-05,10,10_STK_001,10,10_STK_001,0.0,1.0
16,2021-05,10,10_STK_001,11,11_STK_002,0.0,-0.0
16,2021-05,10,10_STK_001,12,12_STK_003,0.0,-0.0
16,2021-05,10,10_STK_001,13,13_STK_004,0.0,-0.0
16,2021-05,10,10_STK_001,14,14_STK_005,0.0,-0.0
16,2021-05,11,11_STK_002,0,00_USR_001,0.0,-0.0
16,2021-05,11,11_STK_002,1,01_USR_002,0.0,-0.0
16,2021-05,11,11_STK_002,2,02_USR_003,0.0,-0.0
16,2021-05,11,11_STK_002,3,03_USR_004,0.0,-0.0
16,2021-05,11,11_STK_002,4,04_USR_005,0.0,-0.0
16,2021-05,11,11_STK_002,5,05_USR_006,0.0,-0.0
16,2021-05,11,11_STK_002,6,06_USR_007,0.0,-0.0
16,2021-05,11,11_STK_002,7,07_USR_008,0.0,-0.0
16,2021-05,11,11_STK_002,8,08_USR_009,0.0,-0.0
16,2021-05,11,11_STK_002,9,09_USR_010,0.0,-0.0
16,2021-05,11,11_STK_002,10,10_STK_001,0.0,-0.0
16,2021-05,11,11_STK_002,11,11_STK_002,0.0,1.0
16,2021-05,11,11_STK_002,12,12_STK_003,0.0,-0.0
16,2021-05,11,11_STK_002,13,13_STK_004,0.0,-0.0
16,2021-05,11,11_STK_002,14,14_STK_005,0.0,-0.0
16,2021-05,12,12_STK_003,0,00_USR_001,0.0,-0.0
16,2021-05,12,12_STK_003,1,01_USR_002,0.0,-0.0
16,2021-05,12,12_STK_003,2,02_USR_003,0.0,-0.0
16,2021-05,12,12_STK_003,3,03_USR_004,0.0,-0.0
16,2021-05,12,12_STK_003,4,04_USR_005,0.0,-0.0
16,2021-05,12,12_STK_003,5,05_USR_006,0.0,-0.0
16,2021-05,12,12_STK_003,6,06_USR_007,0.0,-0.0
16,2021-05,12,12_STK_003,7,07_USR_008,0.0,-0.0
16,2021-05,12,12_STK_003,8,08_USR_009,0.0,-0.0
16,2021-05,12,12_STK_003,9,09_USR_010,0.0,-0.0
16,2021-05,12,12_STK_003,10,10_STK_001,0.0,-0.0
16,2021-05,12,12_STK_003,11,11_STK_002,0.0,-0.0
16,2021-05,12,12_STK_003,12,12_STK_003,0.0,1.0
16,2021-05,12,12_STK_003,13,13_STK_004,0.0,-0.0
16,2021-05,12,12_STK_003,14,14_STK_005,0.0,-0.0
16,2021-05,13,13_STK_004,0,00_USR_001,0.0,-0.0
16,2021-05,13,13_STK_004,1,01_USR_002,0.0,-0.0
16,2021-05,13,13_STK_004,2,02_USR_003,0.0,-0.0
16,2021-05,13,13_STK_004,3,03_USR_004,0.0,-0.0
16,2021-05,13,13_STK_004,4,04_USR_005,0.0,-0.0
16,2021-05,13,13_STK_004,5,05_USR_006,0.0,-0.0
16,2021-05,13,13_STK_004,6,06_USR_007,0.0,-0.0
16,2021-05,13,13_STK_004,7,07_USR_008,0.0,-0.0
16,2021-05,13,13_STK_004,8,08_USR_009,0.0,-0.0
16,2021-05,13,13_STK_004,9,09_USR_010,0.0,-0.0
16,2021-05,13,13_STK_004,10,10_STK_001,0.0,-0.0
16,2021-05,13,13_STK_004,11,11_STK_002,0.0,-0.0
16,2021-05,13,13_STK_004,12,12_STK_003,0.0,-0.0
16,2021-05,13,13_STK_004,13,13_STK_004,0.0,1.0
16,2021-05,13,13_STK_004,14,14_STK_005,0.0,-0.0
16,2021-05,14,14_STK_005,0,00_USR_001,0.0,-0.0
16,2021-05,14,14_STK_005,1,01_USR_002,0.0,-0.0
16,2021-05,14,14_STK_005,2,02_USR_003,0.0,-0.0
16,2021-05,14,14_STK_005,3,03_USR_004,0.0,-0.0
16,2021-05,14,14_STK_005,4,04_USR_005,0.0,-0.0
16,2021-05,14,14_STK_005,5,05_USR_006,0.0,-0.0
16,2021-05,14,14_STK_005,6,06_USR_007,0.0,-0.0
16,2021-05,14,14_STK_005,7,07_USR_008,0.0,-0.0
16,2021-05,14,14_STK_005,8,08_USR_009,0.0,-0.0
16,2021-05,14,14_STK_005,9,09_USR_010,0.0,-0.0
16,2021-05,14,14_STK_005,10,10_STK_001,0.0,-0.0
16,2021-05,14,14_STK_005,11,11_STK_002,0.0,-0.0
16,2021-05,14,14_STK_005,12,12_STK_003,0.0,-0.0
16,2021-05,14,14_STK_005,13,13_STK_004,0.0,-0.0
16,2021-05,14,14_STK_005,14,14_STK_005,0.0,1.0
17,2021-06,0,00_USR_001,0,00_USR_001,0.0,1.0
17,2021-06,0,00_USR_001,1,01_USR_002,0.0,-0.4049
17,2021-06,0,00_USR_001,2,02_USR_003,-0.0,0.3457
17,2021-06,0,00_USR_001,3,03_USR_004,-0.0,0.9345
17,2021-06,0,00_USR_001,4,04_USR_005,0.0,-0.2996
17,2021-06,0,00_USR_001,5,05_USR_006,-0.0,0.3915
17,2021-06,0,00_USR_001,6,06_USR_007,0.0,-0.9971
17,2021-06,0,00_USR_001,7,07_USR_008,-0.0,0.381
17,2021-06,0,00_USR_001,8,08_USR_009,0.0,-0.9933
17,2021-06,0,00_USR_001,9,09_USR_010,0.0,-0.3741
17,2021-06,0,00_USR_001,10,10_STK_001,0.0,-0.0
17,2021-06,0,00_USR_001,11,11_STK_002,0.0,-0.0
17,2021-06,0,00_USR_001,12,12_STK_003,0.0,-0.0
17,2021-06,0,00_USR_001,13,13_STK_004,0.0,-0.0
17,2021-06,0,00_USR_001,14,14_STK_005,0.0,-0.0
17,2021-06,1,01_USR_002,0,00_USR_001,0.0,-0.4049
17,2021-06,1,01_USR_002,1,01_USR_002,0.0,1.0
17,2021-06,1,01_USR_002,2,02_USR_003,-0.0,0.998
17,2021-06,1,01_USR_002,3,03_USR_004,-0.0,0.053
17,2021-06,1,01_USR_002,4,04_USR_005,0.0,-0.9937
17,2021-06,1,01_USR_002,5,05_USR_006,-0.0,0.9999
17,2021-06,1,01_USR_002,6,06_USR_007,0.0,-0.4738
17,2021-06,1,01_USR_002,7,07_USR_008,-0.0,0.9997
17,2021-06,1,01_USR_002,8,08_USR_009,0.0,-0.5082
17,2021-06,1,01_USR_002,9,09_USR_010,0.0,-0.9994
17,2021-06,1,01_USR_002,10,10_STK_001,0.0,-0.0
17,2021-06,1,01_USR_002,11,11_STK_002,0.0,-0.0
17,2021-06,1,01_USR_002,12,12_STK_003,0.0,-0.0
17,2021-06,1,01_USR_002,13,13_STK_004,0.0,-0.0
17,2021-06,1,01_USR_002,14,14_STK_005,0.0,-0.0
17,2021-06,2,02_USR_003,0,00_USR_001,-0.0,0.3457
17,2021-06,2,02_USR_003,1,01_USR_002,-0.0,0.998
17,2021-06,2,02_USR_003,2,02_USR_003,0.0,1.0
17,2021-06,2,02_USR_003,3,03_USR_004,-0.0,0.011
17,2021-06,2,02_USR_003,4,04_USR_005,-0.0,0.9988
17,2021-06,2,02_USR_003,5,05_USR_006,0.0,-0.9988
17,2021-06,2,02_USR_003,6,06_USR_007,-0.0,0.4165
17,2021-06,2,02_USR_003,7,07_USR_008,0.0,-0.9993
17,2021-06,2,02_USR_003,8,08_USR_009,-0.0,0.4522
17,2021-06,2,02_USR_003,9,09_USR_010,-0.0,0.9995
17,2021-06,2,02_USR_003,10,10_STK_001,0.0,-0.0
17,2021-06,2,02_USR_003,11,11_STK_002,0.0,-0.0
17,2021-06,2,02_USR_003,12,12_STK_003,0.0,-0.0
17,2021-06,2,02_USR_003,13,13_STK_004,0.0,-0.0
17,2021-06,2,02_USR_003,14,14_STK_005,0.0,-0.0
17,2021-06,3,03_USR_004,0,00_USR_001,-0.0,0.9345
17,2021-06,3,03_USR_004,1,01_USR_002,-0.0,0.053
17,2021-06,3,03_USR_004,2,02_USR_003,-0.0,0.011
17,2021-06,3,03_USR_004,3,03_USR_004,0.0,1.0
17,2021-06,3,03_USR_004,4,04_USR_005,0.0,-0.0596
17,2021-06,3,03_USR_004,5,05_USR_006,0.0,-0.0384
17,2021-06,3,03_USR_004,6,06_USR_007,-0.0,0.9045
17,2021-06,3,03_USR_004,7,07_USR_008,0.0,-0.027
17,2021-06,3,03_USR_004,8,08_USR_009,-0.0,0.8869
17,2021-06,3,03_USR_004,9,09_USR_010,-0.0,0.0196
17,2021-06,3,03_USR_004,10,10_STK_001,0.0,-0.0
17,2021-06,3,03_USR_004,11,11_STK_002,0.0,-0.0
17,2021-06,3,03_USR_004,12,12_STK_003,0.0,-0.0
17,2021-06,3,03_USR_004,13,13_STK_004,0.0,-0.0
17,2021-06,3,03_USR_004,14,14_STK_005,0.0,-0.0
17,2021-06,4,04_USR_005,0,00_USR_001,0.0,-0.2996
17,2021-06,4,04_USR_005,1,01_USR_002,0.0,-0.9937
17,2021-06,4,04_USR_005,2,02_USR_003,-0.0,0.9988
17,2021-06,4,04_USR_005,3,03_USR_004,0.0,-0.0596
17,2021-06,4,04_USR_005,4,04_USR_005,0.0,1.0
17,2021-06,4,04_USR_005,5,05_USR_006,-0.0,0.9952
17,2021-06,4,04_USR_005,6,06_USR_007,0.0,-0.3718
17,2021-06,4,04_USR_005,7,07_USR_008,-0.0,0.9962
17,2021-06,4,04_USR_005,8,08_USR_009,0.0,-0.4082
17,2021-06,4,04_USR_005,9,09_USR_010,0.0,-0.9969
17,2021-06,4,04_USR_005,10,10_STK_001,0.0,-0.0
17,2021-06,4,04_USR_005,11,11_STK_002,0.0,-0.0
17,2021-06,4,04_USR_005,12,12_STK_003,0.0,-0.0
17,2021-06,4,04_USR_005,13,13_STK_004,0.0,-0.0
17,2021-06,4,04_USR_005,14,14_STK_005,0.0,-0.0
17,2021-06,5,05_USR_006,0,00_USR_001,-0.0,0.3915
17,2021-06,5,05_USR_006,1,01_USR_002,-0.0,0.9999
17,2021-06,5,05_USR_006,2,02_USR_003,0.0,-0.9988
17,2021-06,5,05_USR_006,3,03_USR_004,0.0,-0.0384
17,2021-06,5,05_USR_006,4,04_USR_005,-0.0,0.9952
17,2021-06,5,05_USR_006,5,05_USR_006,0.0,1.0
17,2021-06,5,05_USR_006,6,06_USR_007,-0.0,0.4609
17,2021-06,5,05_USR_006,7,07_USR_008,0.0,-0.9999
17,2021-06,5,05_USR_006,8,08_USR_009,-0.0,0.4956
17,2021-06,5,05_USR_006,9,09_USR_010,-0.0,0.9998
17,2021-06,5,05_USR_006,10,10_STK_001,0.0,-0.0
17,2021-06,5,05_USR_006,11,11_STK_002,0.0,-0.0
17,2021-06,5,05_USR_006,12,12_STK_003,0.0,-0.0
17,2021-06,5,05_USR_006,13,13_STK_004,0.0,-0.0
17,2021-06,5,05_USR_006,14,14_STK_005,0.0,-0.0
17,2021-06,6,06_USR_007,0,00_USR_001,0.0,-0.9971
17,2021-06,6,06_USR_007,1,01_USR_002,0.0,-0.4738
17,2021-06,6,06_USR_007,2,02_USR_003,-0.0,0.4165
17,2021-06,6,06_USR_007,3,03_USR_004,-0.0,0.9045
17,2021-06,6,06_USR_007,4,04_USR_005,0.0,-0.3718
17,2021-06,6,06_USR_007,5,05_USR_006,-0.0,0.4609
17,2021-06,6,06_USR_007,6,06_USR_007,0.0,1.0
17,2021-06,6,06_USR_007,7,07_USR_008,-0.0,0.4507
17,2021-06,6,06_USR_007,8,08_USR_009,0.0,-0.9992
17,2021-06,6,06_USR_007,9,09_USR_010,0.0,-0.4441
17,2021-06,6,06_USR_007,10,10_STK_001,0.0,-0.0
17,2021-06,6,06_USR_007,11,11_STK_002,0.0,-0.0
17,2021-06,6,06_USR_007,12,12_STK_003,0.0,-0.0
17,2021-06,6,06_USR_007,13,13_STK_004,0.0,-0.0
17,2021-06,6,06_USR_007,14,14_STK_005,0.0,-0.0
17,2021-06,7,07_USR_008,0,00_USR_001,-0.0,0.381
17,2021-06,7,07_USR_008,1,01_USR_002,-0.0,0.9997
17,2021-06,7,07_USR_008,2,02_USR_003,0.0,-0.9993
17,2021-06,7,07_USR_008,3,03_USR_004,0.0,-0.027
17,2021-06,7,07_USR_008,4,04_USR_005,-0.0,0.9962
17,2021-06,7,07_USR_008,5,05_USR_006,0.0,-0.9999
17,2021-06,7,07_USR_008,6,06_USR_007,-0.0,0.4507
17,2021-06,7,07_USR_008,7,07_USR_008,0.0,1.0
17,2021-06,7,07_USR_008,8,08_USR_009,-0.0,0.4857
17,2021-06,7,07_USR_008,9,09_USR_010,-0.0,1.0
17,2021-06,7,07_USR_008,10,10_STK_001,0.0,-0.0
17,2021-06,7,07_USR_008,11,11_STK_002,0.0,-0.0
17,2021-06,7,07_USR_008,12,12_STK_003,0.0,-0.0
17,2021-06,7,07_USR_008,13,13_STK_004,0.0,-0.0
17,2021-06,7,07_USR_008,14,14_STK_005,0.0,-0.0
17,2021-06,8,08_USR_009,0,00_USR_001,0.0,-0.9933
17,2021-06,8,08_USR_009,1,01_USR_002,0.0,-0.5082
17,2021-06,8,08_USR_009,2,02_USR_003,-0.0,0.4522
17,2021-06,8,08_USR_009,3,03_USR_004,-0.0,0.8869
17,2021-06,8,08_USR_009,4,04_USR_005,0.0,-0.4082
17,2021-06,8,08_USR_009,5,05_USR_006,-0.0,0.4956
17,2021-06,8,08_USR_009,6,06_USR_007,0.0,-0.9992
17,2021-06,8,08_USR_009,7,07_USR_008,-0.0,0.4857
17,2021-06,8,08_USR_009,8,08_USR_009,0.0,1.0
17,2021-06,8,08_USR_009,9,09_USR_010,0.0,-0.4792
17,2021-06,8,08_USR_009,10,10_STK_001,0.0,-0.0
17,2021-06,8,08_USR_009,11,11_STK_002,0.0,-0.0
17,2021-06,8,08_USR_009,12,12_STK_003,0.0,-0.0
17,2021-06,8,08_USR_009,13,13_STK_004,0.0,-0.0
17,2021-06,8,08_USR_009,14,14_STK_005,0.0,-0.0
17,2021-06,9,09_USR_010,0,00_USR_001,0.0,-0.3741
17,2021-06,9,09_USR_010,1,01_USR_002,0.0,-0.9994
17,2021-06,9,09_USR_010,2,02_USR_003,-0.0,0.9995
17,2021-06,9,09_USR_010,3,03_USR_004,-0.0,0.0196
17,2021-06,9,09_USR_010,4,04_USR_005,0.0,-0.9969
17,2021-06,9,09_USR_010,5,05_USR_006,-0.0,0.9998
17,2021-06,9,09_USR_010,6,06_USR_007,0.0,-0.4441
17,2021-06,9,09_USR_010,7,07_USR_008,-0.0,1.0
17,2021-06,9,09_USR_010,8,08_USR_009,0.0,-0.4792
17,2021-06,9,09_USR_010,9,09_USR_010,0.0,1.0
17,2021-06,9,09_USR_010,10,10_STK_001,0.0,-0.0
17,2021-06,9,09_USR_010,11,11_STK_002,0.0,-0.0
17,2021-06,9,09_USR_010,12,12_STK_003,0.0,-0.0
17,2021-06,9,09_USR_010,13,13_STK_004,0.0,-0.0
17,2021-06,9,09_USR_010,14,14_STK_005,0.0,-0.0
17,2021-06,10,10_STK_001,0,00_USR_001,0.0,-0.0
17,2021-06,10,10_STK_001,1,01_USR_002,0.0,-0.0
17,2021-06,10,10_STK_001,2,02_USR_003,0.0,-0.0
17,2021-06,10,10_STK_001,3,03_USR_004,0.0,-0.0
17,2021-06,10,10_STK_001,4,04_USR_005,0.0,-0.0
17,2021-06,10,10_STK_001,5,05_USR_006,0.0,-0.0
17,2021-06,10,10_STK_001,6,06_USR_007,0.0,-0.0
17,2021-06,10,10_STK_001,7,07_USR_008,0.0,-0.0
17,2021-06,10,10_STK_001,8,08_USR_009,0.0,-0.0
17,2021-06,10,10_STK_001,9,09_USR_010,0.0,-0.0
17,2021-06,10,10_STK_001,10,10_STK_001,0.0,1.0
17,2021-06,10,10_STK_001,11,11_STK_002,0.0,-0.0
17,2021-06,10,10_STK_001,12,12_STK_003,0.0,-0.0
17,2021-06,10,10_STK_001,13,13_STK_004,0.0,-0.0
17,2021-06,10,10_STK_001,14,14_STK_005,0.0,-0.0
17,2021-06,11,11_STK_002,0,00_USR_001,0.0,-0.0
17,2021-06,11,11_STK_002,1,01_USR_002,0.0,-0.0
17,2021-06,11,11_STK_002,2,02_USR_003,0.0,-0.0
17,2021-06,11,11_STK_002,3,03_USR_004,0.0,-0.0
17,2021-06,11,11_STK_002,4,04_USR_005,0.0,-0.0
17,2021-06,11,11_STK_002,5,05_USR_006,0.0,-0.0
17,2021-06,11,11_STK_002,6,06_USR_007,0.0,-0.0
17,2021-06,11,11_STK_002,7,07_USR_008,0.0,-0.0
17,2021-06,11,11_STK_002,8,08_USR_009,0.0,-0.0
17,2021-06,11,11_STK_002,9,09_USR_010,0.0,-0.0
17,2021-06,11,11_STK_002,10,10_STK_001,0.0,-0.0
17,2021-06,11,11_STK_002,11,11_STK_002,0.0,1.0
17,2021-06,11,11_STK_002,12,12_STK_003,0.0,-0.0
17,2021-06,11,11_STK_002,13,13_STK_004,0.0,-0.0
17,2021-06,11,11_STK_002,14,14_STK_005,0.0,-0.0
17,2021-06,12,12_STK_003,0,00_USR_001,0.0,-0.0
17,2021-06,12,12_STK_003,1,01_USR_002,0.0,-0.0
17,2021-06,12,12_STK_003,2,02_USR_003,0.0,-0.0
17,2021-06,12,12_STK_003,3,03_USR_004,0.0,-0.0
17,2021-06,12,12_STK_003,4,04_USR_005,0.0,-0.0
17,2021-06,12,12_STK_003,5,05_USR_006,0.0,-0.0
17,2021-06,12,12_STK_003,6,06_USR_007,0.0,-0.0
17,2021-06,12,12_STK_003,7,07_USR_008,0.0,-0.0
17,2021-06,12,12_STK_003,8,08_USR_009,0.0,-0.0
17,2021-06,12,12_STK_003,9,09_USR_010,0.0,-0.0
17,2021-06,12,12_STK_003,10,10_STK_001,0.0,-0.0
17,2021-06,12,12_STK_003,11,11_STK_002,0.0,-0.0
17,2021-06,12,12_STK_003,12,12_STK_003,0.0,1.0
17,2021-06,12,12_STK_003,13,13_STK_004,0.0,-0.0
17,2021-06,12,12_STK_003,14,14_STK_005,0.0,-0.0
17,2021-06,13,13_STK_004,0,00_USR_001,0.0,-0.0
17,2021-06,13,13_STK_004,1,01_USR_002,0.0,-0.0
17,2021-06,13,13_STK_004,2,02_USR_003,0.0,-0.0
17,2021-06,13,13_STK_004,3,03_USR_004,0.0,-0.0
17,2021-06,13,13_STK_004,4,04_USR_005,0.0,-0.0
17,2021-06,13,13_STK_004,5,05_USR_006,0.0,-0.0
17,2021-06,13,13_STK_004,6,06_USR_007,0.0,-0.0
17,2021-06,13,13_STK_004,7,07_USR_008,0.0,-0.0
17,2021-06,13,13_STK_004,8,08_USR_009,0.0,-0.0
17,2021-06,13,13_STK_004,9,09_USR_010,0.0,-0.0
17,2021-06,13,13_STK_004,10,10_STK_001,0.0,-0.0
17,2021-06,13,13_STK_004,11,11_STK_002,0.0,-0.0
17,2021-06,13,13_STK_004,12,12_STK_003,0.0,-0.0
17,2021-06,13,13_STK_004,13,13_STK_004,0.0,1.0
17,2021-06,13,13_STK_004,14,14_STK_005,0.0,-0.0
17,2021-06,14,14_STK_005,0,00_USR_001,0.0,-0.0
17,2021-06,14,14_STK_005,1,01_USR_002,0.0,-0.0
17,2021-06,14,14_STK_005,2,02_USR_003,0.0,-0.0
17,2021-06,14,14_STK_005,3,03_USR_004,0.0,-0.0
17,2021-06,14,14_STK_005,4,04_USR_005,0.0,-0.0
17,2021-06,14,14_STK_005,5,05_USR_006,0.0,-0.0
17,2021-06,14,14_STK_005,6,06_USR_007,0.0,-0.0
17,2021-06,14,14_STK_005,7,07_USR_008,0.0,-0.0
17,2021-06,14,14_STK_005,8,08_USR_009,0.0,-0.0
17,2021-06,14,14_STK_005,9,09_USR_010,0.0,-0.0
17,2021-06,14,14_STK_005,10,10_STK_001,0.0,-0.0
17,2021-06,14,14_STK_005,11,11_STK_002,0.0,-0.0
17,2021-06,14,14_STK_005,12,12_STK_003,0.0,-0.0
17,2021-06,14,14_STK_005,13,13_STK_004,0.0,-0.0
17,2021-06,14,14_STK_005,14,14_STK_005,0.0,1.0
18,2021-07,0,00_USR_001,0,00_USR_001,0.0,1.0
18,2021-07,0,00_USR_001,1,01_USR_002,-0.0,0.0675
18,2021-07,0,00_USR_001,2,02_USR_003,-0.0,0.7543
18,2021-07,0,00_USR_001,3,03_USR_004,-0.0,0.9667
18,2021-07,0,00_USR_001,4,04_USR_005,0.0,-0.7943
18,2021-07,0,00_USR_001,5,05_USR_006,-0.0,0.6336
18,2021-07,0,00_USR_001,6,06_USR_007,0.0,-0.9999
18,2021-07,0,00_USR_001,7,07_USR_008,0.0,-0.6821
18,2021-07,0,00_USR_001,8,08_USR_009,0.0,-0.9961
18,2021-07,0,00_USR_001,9,09_USR_010,-0.0,0.8436
18,2021-07,0,00_USR_001,10,10_STK_001,0.0,-0.0
18,2021-07,0,00_USR_001,11,11_STK_002,0.0,-0.0
18,2021-07,0,00_USR_001,12,12_STK_003,0.0,-0.0
18,2021-07,0,00_USR_001,13,13_STK_004,0.0,-0.0
18,2021-07,0,00_USR_001,14,14_STK_005,0.0,-0.0
18,2021-07,1,01_USR_002,0,00_USR_001,-0.0,0.0675
18,2021-07,1,01_USR_002,1,01_USR_002,0.0,1.0
18,2021-07,1,01_USR_002,2,02_USR_003,-0.0,0.6041
18,2021-07,1,01_USR_002,3,03_USR_004,0.0,-0.3205
18,2021-07,1,01_USR_002,4,04_USR_005,0.0,-0.5525
18,2021-07,1,01_USR_002,5,05_USR_006,-0.0,0.7291
18,2021-07,1,01_USR_002,6,06_USR_007,-0.0,0.0787
18,2021-07,1,01_USR_002,7,07_USR_008,-0.0,0.7756
18,2021-07,1,01_USR_002,8,08_USR_009,-0.0,0.1554
18,2021-07,1,01_USR_002,9,09_USR_010,0.0,-0.5927
18,2021-07,1,01_USR_002,10,10_STK_001,0.0,-0.0
18,2021-07,1,01_USR_002,11,11_STK_002,0.0,-0.0
18,2021-07,1,01_USR_002,12,12_STK_003,0.0,-0.0
18,2021-07,1,01_USR_002,13,13_STK_004,0.0,-0.0
18,2021-07,1,01_USR_002,14,14_STK_005,0.0,-0.0
18,2021-07,2,02_USR_003,0,00_USR_001,-0.0,0.7543
18,2021-07,2,02_USR_003,1,01_USR_002,-0.0,0.6041
18,2021-07,2,02_USR_003,2,02_USR_003,0.0,1.0
18,2021-07,2,02_USR_003,3,03_USR_004,0.0,-0.5612
18,2021-07,2,02_USR_003,4,04_USR_005,-0.0,0.998
18,2021-07,2,02_USR_003,5,05_USR_006,0.0,-0.9859
18,2021-07,2,02_USR_003,6,06_USR_007,-0.0,0.7469
18,2021-07,2,02_USR_003,7,07_USR_008,-0.0,0.0344
18,2021-07,2,02_USR_003,8,08_USR_009,-0.0,0.6933
18,2021-07,2,02_USR_003,9,09_USR_010,0.0,-0.2838
18,2021-07,2,02_USR_003,10,10_STK_001,0.0,-0.0
18,2021-07,2,02_USR_003,11,11_STK_002,0.0,-0.0
18,2021-07,2,02_USR_003,12,12_STK_003,0.0,-0.0
18,2021-07,2,02_USR_003,13,13_STK_004,0.0,-0.0
18,2021-07,2,02_USR_003,14,14_STK_005,0.0,-0.0
18,2021-07,3,03_USR_004,0,00_USR_001,-0.0,0.9667
18,2021-07,3,03_USR_004,1,01_USR_002,0.0,-0.3205
18,2021-07,3,03_USR_004,2,02_USR_003,0.0,-0.5612
18,2021-07,3,03_USR_004,3,03_USR_004,0.0,1.0
18,2021-07,3,03_USR_004,4,04_USR_005,-0.0,0.6124
18,2021-07,3,03_USR_004,5,05_USR_006,0.0,-0.4146
18,2021-07,3,03_USR_004,6,06_USR_007,-0.0,0.9695
18,2021-07,3,03_USR_004,7,07_USR_008,-0.0,0.8465
18,2021-07,3,03_USR_004,8,08_USR_009,-0.0,0.9855
18,2021-07,3,03_USR_004,9,09_USR_010,0.0,-0.9529
18,2021-07,3,03_USR_004,10,10_STK_001,0.0,-0.0
18,2021-07,3,03_USR_004,11,11_STK_002,0.0,-0.0
18,2021-07,3,03_USR_004,12,12_STK_003,0.0,-0.0
18,2021-07,3,03_USR_004,13,13_STK_004,0.0,-0.0
18,2021-07,3,03_USR_004,14,14_STK_005,0.0,-0.0
18,2021-07,4,04_USR_005,0,00_USR_001,0.0,-0.7943
18,2021-07,4,04_USR_005,1,01_USR_002,0.0,-0.5525
18,2021-07,4,04_USR_005,2,02_USR_003,-0.0,0.998
18,2021-07,4,04_USR_005,3,03_USR_004,-0.0,0.6124
18,2021-07,4,04_USR_005,4,04_USR_005,0.0,1.0
18,2021-07,4,04_USR_005,5,05_USR_006,-0.0,0.9733
18,2021-07,4,04_USR_005,6,06_USR_007,0.0,-0.7874
18,2021-07,4,04_USR_005,7,07_USR_008,0.0,-0.0975
18,2021-07,4,04_USR_005,8,08_USR_009,0.0,-0.7375
18,2021-07,4,04_USR_005,9,09_USR_010,-0.0,0.3439
18,2021-07,4,04_USR_005,10,10_STK_001,0.0,-0.0
18,2021-07,4,04_USR_005,11,11_STK_002,0.0,-0.0
18,2021-07,4,04_USR_005,12,12_STK_003,0.0,-0.0
18,2021-07,4,04_USR_005,13,13_STK_004,0.0,-0.0
18,2021-07,4,04_USR_005,14,14_STK_005,0.0,-0.0
18,2021-07,5,05_USR_006,0,00_USR_001,-0.0,0.6336
18,2021-07,5,05_USR_006,1,01_USR_002,-0.0,0.7291
18,2021-07,5,05_USR_006,2,02_USR_003,0.0,-0.9859
18,2021-07,5,05_USR_006,3,03_USR_004,0.0,-0.4146
18,2021-07,5,05_USR_006,4,04_USR_005,-0.0,0.9733
18,2021-07,5,05_USR_006,5,05_USR_006,0.0,1.0
18,2021-07,5,05_USR_006,6,06_USR_007,-0.0,0.6249
18,2021-07,5,05_USR_006,7,07_USR_008,0.0,-0.1335
18,2021-07,5,05_USR_006,8,08_USR_009,-0.0,0.5628
18,2021-07,5,05_USR_006,9,09_USR_010,0.0,-0.1192
18,2021-07,5,05_USR_006,10,10_STK_001,0.0,-0.0
18,2021-07,5,05_USR_006,11,11_STK_002,0.0,-0.0
18,2021-07,5,05_USR_006,12,12_STK_003,0.0,-0.0
18,2021-07,5,05_USR_006,13,13_STK_004,0.0,-0.0
18,2021-07,5,05_USR_006,14,14_STK_005,0.0,-0.0
18,2021-07,6,06_USR_007,0,00_USR_001,0.0,-0.9999
18,2021-07,6,06_USR_007,1,01_USR_002,-0.0,0.0787
18,2021-07,6,06_USR_007,2,02_USR_003,-0.0,0.7469
18,2021-07,6,06_USR_007,3,03_USR_004,-0.0,0.9695
18,2021-07,6,06_USR_007,4,04_USR_005,0.0,-0.7874
18,2021-07,6,06_USR_007,5,05_USR_006,-0.0,0.6249
18,2021-07,6,06_USR_007,6,06_USR_007,0.0,1.0
18,2021-07,6,06_USR_007,7,07_USR_008,0.0,-0.6903
18,2021-07,6,06_USR_007,8,08_USR_009,0.0,-0.997
18,2021-07,6,06_USR_007,9,09_USR_010,-0.0,0.8496
18,2021-07,6,06_USR_007,10,10_STK_001,0.0,-0.0
18,2021-07,6,06_USR_007,11,11_STK_002,0.0,-0.0
18,2021-07,6,06_USR_007,12,12_STK_003,0.0,-0.0
18,2021-07,6,06_USR_007,13,13_STK_004,0.0,-0.0
18,2021-07,6,06_USR_007,14,14_STK_005,0.0,-0.0
18,2021-07,7,07_USR_008,0,00_USR_001,0.0,-0.6821
18,2021-07,7,07_USR_008,1,01_USR_002,-0.0,0.7756
18,2021-07,7,07_USR_008,2,02_USR_003,-0.0,0.0344
18,2021-07,7,07_USR_008,3,03_USR_004,-0.0,0.8465
18,2021-07,7,07_USR_008,4,04_USR_005,0.0,-0.0975
18,2021-07,7,07_USR_008,5,05_USR_006,0.0,-0.1335
18,2021-07,7,07_USR_008,6,06_USR_007,0.0,-0.6903
18,2021-07,7,07_USR_008,7,07_USR_008,0.0,1.0
18,2021-07,7,07_USR_008,8,08_USR_009,0.0,-0.7441
18,2021-07,7,07_USR_008,9,09_USR_010,-0.0,0.9681
18,2021-07,7,07_USR_008,10,10_STK_001,0.0,-0.0
18,2021-07,7,07_USR_008,11,11_STK_002,0.0,-0.0
18,2021-07,7,07_USR_008,12,12_STK_003,0.0,-0.0
18,2021-07,7,07_USR_008,13,13_STK_004,0.0,-0.0
18,2021-07,7,07_USR_008,14,14_STK_005,0.0,-0.0
18,2021-07,8,08_USR_009,0,00_USR_001,0.0,-0.9961
18,2021-07,8,08_USR_009,1,01_USR_002,-0.0,0.1554
18,2021-07,8,08_USR_009,2,02_USR_003,-0.0,0.6933
18,2021-07,8,08_USR_009,3,03_USR_004,-0.0,0.9855
18,2021-07,8,08_USR_009,4,04_USR_005,0.0,-0.7375
18,2021-07,8,08_USR_009,5,05_USR_006,-0.0,0.5628
18,2021-07,8,08_USR_009,6,06_USR_007,0.0,-0.997
18,2021-07,8,08_USR_009,7,07_USR_008,0.0,-0.7441
18,2021-07,8,08_USR_009,8,08_USR_009,0.0,1.0
18,2021-07,8,08_USR_009,9,09_USR_010,-0.0,0.8878
18,2021-07,8,08_USR_009,10,10_STK_001,0.0,-0.0
18,2021-07,8,08_USR_009,11,11_STK_002,0.0,-0.0
18,2021-07,8,08_USR_009,12,12_STK_003,0.0,-0.0
18,2021-07,8,08_USR_009,13,13_STK_004,0.0,-0.0
18,2021-07,8,08_USR_009,14,14_STK_005,0.0,-0.0
18,2021-07,9,09_USR_010,0,00_USR_001,-0.0,0.8436
18,2021-07,9,09_USR_010,1,01_USR_002,0.0,-0.5927
18,2021-07,9,09_USR_010,2,02_USR_003,0.0,-0.2838
18,2021-07,9,09_USR_010,3,03_USR_004,0.0,-0.9529
18,2021-07,9,09_USR_010,4,04_USR_005,-0.0,0.3439
18,2021-07,9,09_USR_010,5,05_USR_006,0.0,-0.1192
18,2021-07,9,09_USR_010,6,06_USR_007,-0.0,0.8496
18,2021-07,9,09_USR_010,7,07_USR_008,-0.0,0.9681
18,2021-07,9,09_USR_010,8,08_USR_009,-0.0,0.8878
18,2021-07,9,09_USR_010,9,09_USR_010,0.0,1.0
18,2021-07,9,09_USR_010,10,10_STK_001,0.0,-0.0
18,2021-07,9,09_USR_010,11,11_STK_002,0.0,-0.0
18,2021-07,9,09_USR_010,12,12_STK_003,0.0,-0.0
18,2021-07,9,09_USR_010,13,13_STK_004,0.0,-0.0
18,2021-07,9,09_USR_010,14,14_STK_005,0.0,-0.0
18,2021-07,10,10_STK_001,0,00_USR_001,0.0,-0.0
18,2021-07,10,10_STK_001,1,01_USR_002,0.0,-0.0
18,2021-07,10,10_STK_001,2,02_USR_003,0.0,-0.0
18,2021-07,10,10_STK_001,3,03_USR_004,0.0,-0.0
18,2021-07,10,10_STK_001,4,04_USR_005,0.0,-0.0
18,2021-07,10,10_STK_001,5,05_USR_006,0.0,-0.0
18,2021-07,10,10_STK_001,6,06_USR_007,0.0,-0.0
18,2021-07,10,10_STK_001,7,07_USR_008,0.0,-0.0
18,2021-07,10,10_STK_001,8,08_USR_009,0.0,-0.0
18,2021-07,10,10_STK_001,9,09_USR_010,0.0,-0.0
18,2021-07,10,10_STK_001,10,10_STK_001,0.0,1.0
18,2021-07,10,10_STK_001,11,11_STK_002,0.0,-0.0
18,2021-07,10,10_STK_001,12,12_STK_003,0.0,-0.0
18,2021-07,10,10_STK_001,13,13_STK_004,0.0,-0.0
18,2021-07,10,10_STK_001,14,14_STK_005,0.0,-0.0
18,2021-07,11,11_STK_002,0,00_USR_001,0.0,-0.0
18,2021-07,11,11_STK_002,1,01_USR_002,0.0,-0.0
18,2021-07,11,11_STK_002,2,02_USR_003,0.0,-0.0
18,2021-07,11,11_STK_002,3,03_USR_004,0.0,-0.0
18,2021-07,11,11_STK_002,4,04_USR_005,0.0,-0.0
18,2021-07,11,11_STK_002,5,05_USR_006,0.0,-0.0
18,2021-07,11,11_STK_002,6,06_USR_007,0.0,-0.0
18,2021-07,11,11_STK_002,7,07_USR_008,0.0,-0.0
18,2021-07,11,11_STK_002,8,08_USR_009,0.0,-0.0
18,2021-07,11,11_STK_002,9,09_USR_010,0.0,-0.0
18,2021-07,11,11_STK_002,10,10_STK_001,0.0,-0.0
18,2021-07,11,11_STK_002,11,11_STK_002,0.0,1.0
18,2021-07,11,11_STK_002,12,12_STK_003,0.0,-0.0
18,2021-07,11,11_STK_002,13,13_STK_004,0.0,-0.0
18,2021-07,11,11_STK_002,14,14_STK_005,0.0,-0.0
18,2021-07,12,12_STK_003,0,00_USR_001,0.0,-0.0
18,2021-07,12,12_STK_003,1,01_USR_002,0.0,-0.0
18,2021-07,12,12_STK_003,2,02_USR_003,0.0,-0.0
18,2021-07,12,12_STK_003,3,03_USR_004,0.0,-0.0
18,2021-07,12,12_STK_003,4,04_USR_005,0.0,-0.0
18,2021-07,12,12_STK_003,5,05_USR_006,0.0,-0.0
18,2021-07,12,12_STK_003,6,06_USR_007,0.0,-0.0
18,2021-07,12,12_STK_003,7,07_USR_008,0.0,-0.0
18,2021-07,12,12_STK_003,8,08_USR_009,0.0,-0.0
18,2021-07,12,12_STK_003,9,09_USR_010,0.0,-0.0
18,2021-07,12,12_STK_003,10,10_STK_001,0.0,-0.0
18,2021-07,12,12_STK_003,11,11_STK_002,0.0,-0.0
18,2021-07,12,12_STK_003,12,12_STK_003,0.0,1.0
18,2021-07,12,12_STK_003,13,13_STK_004,0.0,-0.0
18,2021-07,12,12_STK_003,14,14_STK_005,0.0,-0.0
18,2021-07,13,13_STK_004,0,00_USR_001,0.0,-0.0
18,2021-07,13,13_STK_004,1,01_USR_002,0.0,-0.0
18,2021-07,13,13_STK_004,2,02_USR_003,0.0,-0.0
18,2021-07,13,13_STK_004,3,03_USR_004,0.0,-0.0
18,2021-07,13,13_STK_004,4,04_USR_005,0.0,-0.0
18,2021-07,13,13_STK_004,5,05_USR_006,0.0,-0.0
18,2021-07,13,13_STK_004,6,06_USR_007,0.0,-0.0
18,2021-07,13,13_STK_004,7,07_USR_008,0.0,-0.0
18,2021-07,13,13_STK_004,8,08_USR_009,0.0,-0.0
18,2021-07,13,13_STK_004,9,09_USR_010,0.0,-0.0
18,2021-07,13,13_STK_004,10,10_STK_001,0.0,-0.0
18,2021-07,13,13_STK_004,11,11_STK_002,0.0,-0.0
18,2021-07,13,13_STK_004,12,12_STK_003,0.0,-0.0
18,2021-07,13,13_STK_004,13,13_STK_004,0.0,1.0
18,2021-07,13,13_STK_004,14,14_STK_005,0.0,-0.0
18,2021-07,14,14_STK_005,0,00_USR_001,0.0,-0.0
18,2021-07,14,14_STK_005,1,01_USR_002,0.0,-0.0
18,2021-07,14,14_STK_005,2,02_USR_003,0.0,-0.0
18,2021-07,14,14_STK_005,3,03_USR_004,0.0,-0.0
18,2021-07,14,14_STK_005,4,04_USR_005,0.0,-0.0
18,2021-07,14,14_STK_005,5,05_USR_006,0.0,-0.0
18,2021-07,14,14_STK_005,6,06_USR_007,0.0,-0.0
18,2021-07,14,14_STK_005,7,07_USR_008,0.0,-0.0
18,2021-07,14,14_STK_005,8,08_USR_009,0.0,-0.0
18,2021-07,14,14_STK_005,9,09_USR_010,0.0,-0.0
18,2021-07,14,14_STK_005,10,10_STK_001,0.0,-0.0
18,2021-07,14,14_STK_005,11,11_STK_002,0.0,-0.0
18,2021-07,14,14_STK_005,12,12_STK_003,0.0,-0.0
18,2021-07,14,14_STK_005,13,13_STK_004,0.0,-0.0
18,2021-07,14,14_STK_005,14,14_STK_005,0.0,1.0
19,2021-08,0,00_USR_001,0,00_USR_001,0.0,1.0
19,2021-08,0,00_USR_001,1,01_USR_002,-0.0,0.6837
19,2021-08,0,00_USR_001,2,02_USR_003,0.0,-0.2457
19,2021-08,0,00_USR_001,3,03_USR_004,-0.0,0.7601
19,2021-08,0,00_USR_001,4,04_USR_005,-0.0,0.3716
19,2021-08,0,00_USR_001,5,05_USR_006,0.0,-0.062
19,2021-08,0,00_USR_001,6,06_USR_007,0.0,-0.6831
19,2021-08,0,00_USR_001,7,07_USR_008,0.0,-0.7766
19,2021-08,0,00_USR_001,8,08_USR_009,0.0,-0.9929
19,2021-08,0,00_USR_001,9,09_USR_010,-0.0,0.7539
19,2021-08,0,00_USR_001,10,10_STK_001,0.0,-0.0
19,2021-08,0,00_USR_001,11,11_STK_002,0.0,-0.0
19,2021-08,0,00_USR_001,12,12_STK_003,0.0,-0.0
19,2021-08,0,00_USR_001,13,13_STK_004,0.0,-0.0
19,2021-08,0,00_USR_001,14,14_STK_005,0.0,-0.0
19,2021-08,1,01_USR_002,0,00_USR_001,-0.0,0.6837
19,2021-08,1,01_USR_002,1,01_USR_002,0.0,1.0
19,2021-08,1,01_USR_002,2,02_USR_003,-0.0,0.8754
19,2021-08,1,01_USR_002,3,03_USR_004,0.0,-0.0455
19,2021-08,1,01_USR_002,4,04_USR_005,0.0,-0.9315
19,2021-08,1,01_USR_002,5,05_USR_006,-0.0,0.7707
19,2021-08,1,01_USR_002,6,06_USR_007,-0.0,1.0
19,2021-08,1,01_USR_002,7,07_USR_008,-0.0,0.9907
19,2021-08,1,01_USR_002,8,08_USR_009,-0.0,0.5923
19,2021-08,1,01_USR_002,9,09_USR_010,0.0,-0.9949
19,2021-08,1,01_USR_002,10,10_STK_001,0.0,-0.0
19,2021-08,1,01_USR_002,11,11_STK_002,0.0,-0.0
19,2021-08,1,01_USR_002,12,12_STK_003,0.0,-0.0
19,2021-08,1,01_USR_002,13,13_STK_004,0.0,-0.0
19,2021-08,1,01_USR_002,14,14_STK_005,0.0,-0.0
19,2021-08,2,02_USR_003,0,00_USR_001,0.0,-0.2457
19,2021-08,2,02_USR_003,1,01_USR_002,-0.0,0.8754
19,2021-08,2,02_USR_003,2,02_USR_003,0.0,1.0
19,2021-08,2,02_USR_003,3,03_USR_004,0.0,-0.4431
19,2021-08,2,02_USR_003,4,04_USR_005,-0.0,0.9912
19,2021-08,2,02_USR_003,5,05_USR_006,0.0,-0.9827
19,2021-08,2,02_USR_003,6,06_USR_007,0.0,-0.8758
19,2021-08,2,02_USR_003,7,07_USR_008,0.0,-0.8016
19,2021-08,2,02_USR_003,8,08_USR_009,0.0,-0.129
19,2021-08,2,02_USR_003,9,09_USR_010,-0.0,0.8221
19,2021-08,2,02_USR_003,10,10_STK_001,0.0,-0.0
19,2021-08,2,02_USR_003,11,11_STK_002,0.0,-0.0
19,2021-08,2,02_USR_003,12,12_STK_003,0.0,-0.0
19,2021-08,2,02_USR_003,13,13_STK_004,0.0,-0.0
19,2021-08,2,02_USR_003,14,14_STK_005,0.0,-0.0
19,2021-08,3,03_USR_004,0,00_USR_001,-0.0,0.7601
19,2021-08,3,03_USR_004,1,01_USR_002,0.0,-0.0455
19,2021-08,3,03_USR_004,2,02_USR_003,0.0,-0.4431
19,2021-08,3,03_USR_004,3,03_USR_004,0.0,1.0
19,2021-08,3,03_USR_004,4,04_USR_005,-0.0,0.3209
19,2021-08,3,03_USR_004,5,05_USR_006,0.0,-0.6015
19,2021-08,3,03_USR_004,6,06_USR_007,-0.0,0.0446
19,2021-08,3,03_USR_004,7,07_USR_008,-0.0,0.1808
19,2021-08,3,03_USR_004,8,08_USR_009,-0.0,0.8318
19,2021-08,3,03_USR_004,9,09_USR_010,0.0,-0.1461
19,2021-08,3,03_USR_004,10,10_STK_001,0.0,-0.0
19,2021-08,3,03_USR_004,11,11_STK_002,0.0,-0.0
19,2021-08,3,03_USR_004,12,12_STK_003,0.0,-0.0
19,2021-08,3,03_USR_004,13,13_STK_004,0.0,-0.0
19,2021-08,3,03_USR_004,14,14_STK_005,0.0,-0.0
19,2021-08,4,04_USR_005,0,00_USR_001,-0.0,0.3716
19,2021-08,4,04_USR_005,1,01_USR_002,0.0,-0.9315
19,2021-08,4,04_USR_005,2,02_USR_003,-0.0,0.9912
19,2021-08,4,04_USR_005,3,03_USR_004,-0.0,0.3209
19,2021-08,4,04_USR_005,4,04_USR_005,0.0,1.0
19,2021-08,4,04_USR_005,5,05_USR_006,-0.0,0.9496
19,2021-08,4,04_USR_005,6,06_USR_007,-0.0,0.9319
19,2021-08,4,04_USR_005,7,07_USR_008,-0.0,0.8735
19,2021-08,4,04_USR_005,8,08_USR_009,-0.0,0.2588
19,2021-08,4,04_USR_005,9,09_USR_010,0.0,-0.8901
19,2021-08,4,04_USR_005,10,10_STK_001,0.0,-0.0
19,2021-08,4,04_USR_005,11,11_STK_002,0.0,-0.0
19,2021-08,4,04_USR_005,12,12_STK_003,0.0,-0.0
19,2021-08,4,04_USR_005,13,13_STK_004,0.0,-0.0
19,2021-08,4,04_USR_005,14,14_STK_005,0.0,-0.0
19,2021-08,5,05_USR_006,0,00_USR_001,0.0,-0.062
19,2021-08,5,05_USR_006,1,01_USR_002,-0.0,0.7707
19,2021-08,5,05_USR_006,2,02_USR_003,0.0,-0.9827
19,2021-08,5,05_USR_006,3,03_USR_004,0.0,-0.6015
19,2021-08,5,05_USR_006,4,04_USR_005,-0.0,0.9496
19,2021-08,5,05_USR_006,5,05_USR_006,0.0,1.0
19,2021-08,5,05_USR_006,6,06_USR_007,0.0,-0.7713
19,2021-08,5,05_USR_006,7,07_USR_008,0.0,-0.6769
19,2021-08,5,05_USR_006,8,08_USR_009,-0.0,0.0569
19,2021-08,5,05_USR_006,9,09_USR_010,-0.0,0.7025
19,2021-08,5,05_USR_006,10,10_STK_001,0.0,-0.0
19,2021-08,5,05_USR_006,11,11_STK_002,0.0,-0.0
19,2021-08,5,05_USR_006,12,12_STK_003,0.0,-0.0
19,2021-08,5,05_USR_006,13,13_STK_004,0.0,-0.0
19,2021-08,5,05_USR_006,14,14_STK_005,0.0,-0.0
19,2021-08,6,06_USR_007,0,00_USR_001,0.0,-0.6831
19,2021-08,6,06_USR_007,1,01_USR_002,-0.0,1.0
19,2021-08,6,06_USR_007,2,02_USR_003,0.0,-0.8758
19,2021-08,6,06_USR_007,3,03_USR_004,-0.0,0.0446
19,2021-08,6,06_USR_007,4,04_USR_005,-0.0,0.9319
19,2021-08,6,06_USR_007,5,05_USR_006,0.0,-0.7713
19,2021-08,6,06_USR_007,6,06_USR_007,0.0,1.0
19,2021-08,6,06_USR_007,7,07_USR_008,0.0,-0.9906
19,2021-08,6,06_USR_007,8,08_USR_009,0.0,-0.5916
19,2021-08,6,06_USR_007,9,09_USR_010,-0.0,0.9948
19,2021-08,6,06_USR_007,10,10_STK_001,0.0,-0.0
19,2021-08,6,06_USR_007,11,11_STK_002,0.0,-0.0
19,2021-08,6,06_USR_007,12,12_STK_003,0.0,-0.0
19,2021-08,6,06_USR_007,13,13_STK_004,0.0,-0.0
19,2021-08,6,06_USR_007,14,14_STK_005,0.0,-0.0
19,2021-08,7,07_USR_008,0,00_USR_001,0.0,-0.7766
19,2021-08,7,07_USR_008,1,01_USR_002,-0.0,0.9907
19,2021-08,7,07_USR_008,2,02_USR_003,0.0,-0.8016
19,2021-08,7,07_USR_008,3,03_USR_004,-0.0,0.1808
19,2021-08,7,07_USR_008,4,04_USR_005,-0.0,0.8735
19,2021-08,7,07_USR_008,5,05_USR_006,0.0,-0.6769
19,2021-08,7,07_USR_008,6,06_USR_007,0.0,-0.9906
19,2021-08,7,07_USR_008,7,07_USR_008,0.0,1.0
19,2021-08,7,07_USR_008,8,08_USR_009,0.0,-0.6963
19,2021-08,7,07_USR_008,9,09_USR_010,-0.0,0.9994
19,2021-08,7,07_USR_008,10,10_STK_001,0.0,-0.0
19,2021-08,7,07_USR_008,11,11_STK_002,0.0,-0.0
19,2021-08,7,07_USR_008,12,12_STK_003,0.0,-0.0
19,2021-08,7,07_USR_008,13,13_STK_004,0.0,-0.0
19,2021-08,7,07_USR_008,14,14_STK_005,0.0,-0.0
19,2021-08,8,08_USR_009,0,00_USR_001,0.0,-0.9929
19,2021-08,8,08_USR_009,1,01_USR_002,-0.0,0.5923
19,2021-08,8,08_USR_009,2,02_USR_003,0.0,-0.129
19,2021-08,8,08_USR_009,3,03_USR_004,-0.0,0.8318
19,2021-08,8,08_USR_009,4,04_USR_005,-0.0,0.2588
19,2021-08,8,08_USR_009,5,05_USR_006,-0.0,0.0569
19,2021-08,8,08_USR_009,6,06_USR_007,0.0,-0.5916
19,2021-08,8,08_USR_009,7,07_USR_008,0.0,-0.6963
19,2021-08,8,08_USR_009,8,08_USR_009,0.0,1.0
19,2021-08,8,08_USR_009,9,09_USR_010,-0.0,0.6706
19,2021-08,8,08_USR_009,10,10_STK_001,0.0,-0.0
19,2021-08,8,08_USR_009,11,11_STK_002,0.0,-0.0
19,2021-08,8,08_USR_009,12,12_STK_003,0.0,-0.0
19,2021-08,8,08_USR_009,13,13_STK_004,0.0,-0.0
19,2021-08,8,08_USR_009,14,14_STK_005,0.0,-0.0
19,2021-08,9,09_USR_010,0,00_USR_001,-0.0,0.7539
19,2021-08,9,09_USR_010,1,01_USR_002,0.0,-0.9949
19,2021-08,9,09_USR_010,2,02_USR_003,-0.0,0.8221
19,2021-08,9,09_USR_010,3,03_USR_004,0.0,-0.1461
19,2021-08,9,09_USR_010,4,04_USR_005,0.0,-0.8901
19,2021-08,9,09_USR_010,5,05_USR_006,-0.0,0.7025
19,2021-08,9,09_USR_010,6,06_USR_007,-0.0,0.9948
19,2021-08,9,09_USR_010,7,07_USR_008,-0.0,0.9994
19,2021-08,9,09_USR_010,8,08_USR_009,-0.0,0.6706
19,2021-08,9,09_USR_010,9,09_USR_010,0.0,1.0
19,2021-08,9,09_USR_010,10,10_STK_001,0.0,-0.0
19,2021-08,9,09_USR_010,11,11_STK_002,0.0,-0.0
19,2021-08,9,09_USR_010,12,12_STK_003,0.0,-0.0
19,2021-08,9,09_USR_010,13,13_STK_004,0.0,-0.0
19,2021-08,9,09_USR_010,14,14_STK_005,0.0,-0.0
19,2021-08,10,10_STK_001,0,00_USR_001,0.0,-0.0
19,2021-08,10,10_STK_001,1,01_USR_002,0.0,-0.0
19,2021-08,10,10_STK_001,2,02_USR_003,0.0,-0.0
19,2021-08,10,10_STK_001,3,03_USR_004,0.0,-0.0
19,2021-08,10,10_STK_001,4,04_USR_005,0.0,-0.0
19,2021-08,10,10_STK_001,5,05_USR_006,0.0,-0.0
19,2021-08,10,10_STK_001,6,06_USR_007,0.0,-0.0
19,2021-08,10,10_STK_001,7,07_USR_008,0.0,-0.0
19,2021-08,10,10_STK_001,8,08_USR_009,0.0,-0.0
19,2021-08,10,10_STK_001,9,09_USR_010,0.0,-0.0
19,2021-08,10,10_STK_001,10,10_STK_001,0.0,1.0
19,2021-08,10,10_STK_001,11,11_STK_002,0.0,-0.0
19,2021-08,10,10_STK_001,12,12_STK_003,0.0,-0.0
19,2021-08,10,10_STK_001,13,13_STK_004,0.0,-0.0
19,2021-08,10,10_STK_001,14,14_STK_005,0.0,-0.0
19,2021-08,11,11_STK_002,0,00_USR_001,0.0,-0.0
19,2021-08,11,11_STK_002,1,01_USR_002,0.0,-0.0
19,2021-08,11,11_STK_002,2,02_USR_003,0.0,-0.0
19,2021-08,11,11_STK_002,3,03_USR_004,0.0,-0.0
19,2021-08,11,11_STK_002,4,04_USR_005,0.0,-0.0
19,2021-08,11,11_STK_002,5,05_USR_006,0.0,-0.0
19,2021-08,11,11_STK_002,6,06_USR_007,0.0,-0.0
19,2021-08,11,11_STK_002,7,07_USR_008,0.0,-0.0
19,2021-08,11,11_STK_002,8,08_USR_009,0.0,-0.0
19,2021-08,11,11_STK_002,9,09_USR_010,0.0,-0.0
19,2021-08,11,11_STK_002,10,10_STK_001,0.0,-0.0
19,2021-08,11,11_STK_002,11,11_STK_002,0.0,1.0
19,2021-08,11,11_STK_002,12,12_STK_003,0.0,-0.0
19,2021-08,11,11_STK_002,13,13_STK_004,0.0,-0.0
19,2021-08,11,11_STK_002,14,14_STK_005,0.0,-0.0
19,2021-08,12,12_STK_003,0,00_USR_001,0.0,-0.0
19,2021-08,12,12_STK_003,1,01_USR_002,0.0,-0.0
19,2021-08,12,12_STK_003,2,02_USR_003,0.0,-0.0
19,2021-08,12,12_STK_003,3,03_USR_004,0.0,-0.0
19,2021-08,12,12_STK_003,4,04_USR_005,0.0,-0.0
19,2021-08,12,12_STK_003,5,05_USR_006,0.0,-0.0
19,2021-08,12,12_STK_003,6,06_USR_007,0.0,-0.0
19,2021-08,12,12_STK_003,7,07_USR_008,0.0,-0.0
19,2021-08,12,12_STK_003,8,08_USR_009,0.0,-0.0
19,2021-08,12,12_STK_003,9,09_USR_010,0.0,-0.0
19,2021-08,12,12_STK_003,10,10_STK_001,0.0,-0.0
19,2021-08,12,12_STK_003,11,11_STK_002,0.0,-0.0
19,2021-08,12,12_STK_003,12,12_STK_003,0.0,1.0
19,2021-08,12,12_STK_003,13,13_STK_004,0.0,-0.0
19,2021-08,12,12_STK_003,14,14_STK_005,0.0,-0.0
19,2021-08,13,13_STK_004,0,00_USR_001,0.0,-0.0
19,2021-08,13,13_STK_004,1,01_USR_002,0.0,-0.0
19,2021-08,13,13_STK_004,2,02_USR_003,0.0,-0.0
19,2021-08,13,13_STK_004,3,03_USR_004,0.0,-0.0
19,2021-08,13,13_STK_004,4,04_USR_005,0.0,-0.0
19,2021-08,13,13_STK_004,5,05_USR_006,0.0,-0.0
19,2021-08,13,13_STK_004,6,06_USR_007,0.0,-0.0
19,2021-08,13,13_STK_004,7,07_USR_008,0.0,-0.0
19,2021-08,13,13_STK_004,8,08_USR_009,0.0,-0.0
19,2021-08,13,13_STK_004,9,09_USR_010,0.0,-0.0
19,2021-08,13,13_STK_004,10,10_STK_001,0.0,-0.0
19,2021-08,13,13_STK_004,11,11_STK_002,0.0,-0.0
19,2021-08,13,13_STK_004,12,12_STK_003,0.0,-0.0
19,2021-08,13,13_STK_004,13,13_STK_004,0.0,1.0
19,2021-08,13,13_STK_004,14,14_STK_005,0.0,-0.0
19,2021-08,14,14_STK_005,0,00_USR_001,0.0,-0.0
19,2021-08,14,14_STK_005,1,01_USR_002,0.0,-0.0
19,2021-08,14,14_STK_005,2,02_USR_003,0.0,-0.0
19,2021-08,14,14_STK_005,3,03_USR_004,0.0,-0.0
19,2021-08,14,14_STK_005,4,04_USR_005,0.0,-0.0
19,2021-08,14,14_STK_005,5,05_USR_006,0.0,-0.0
19,2021-08,14,14_STK_005,6,06_USR_007,0.0,-0.0
19,2021-08,14,14_STK_005,7,07_USR_008,0.0,-0.0
19,2021-08,14,14_STK_005,8,08_USR_009,0.0,-0.0
19,2021-08,14,14_STK_005,9,09_USR_010,0.0,-0.0
19,2021-08,14,14_STK_005,10,10_STK_001,0.0,-0.0
19,2021-08,14,14_STK_005,11,11_STK_002,0.0,-0.0
19,2021-08,14,14_STK_005,12,12_STK_003,0.0,-0.0
19,2021-08,14,14_STK_005,13,13_STK_004,0.0,-0.0
19,2021-08,14,14_STK_005,14,14_STK_005,0.0,1.0
20,2021-09,0,00_USR_001,0,00_USR_001,0.0,1.0
20,2021-09,0,00_USR_001,1,01_USR_002,0.0,-0.9591
20,2021-09,0,00_USR_001,2,02_USR_003,-0.0,0.976
20,2021-09,0,00_USR_001,3,03_USR_004,0.0,-0.8943
20,2021-09,0,00_USR_001,4,04_USR_005,0.0,-0.9978
20,2021-09,0,00_USR_001,5,05_USR_006,-0.0,0.9686
20,2021-09,0,00_USR_001,6,06_USR_007,0.0,-0.9613
20,2021-09,0,00_USR_001,7,07_USR_008,-0.0,0.897
20,2021-09,0,00_USR_001,8,08_USR_009,0.0,-0.9823
20,2021-09,0,00_USR_001,9,09_USR_010,0.0,-0.9263
20,2021-09,0,00_USR_001,10,10_STK_001,0.0,-0.0
20,2021-09,0,00_USR_001,11,11_STK_002,0.0,-0.0
20,2021-09,0,00_USR_001,12,12_STK_003,0.0,-0.0
20,2021-09,0,00_USR_001,13,13_STK_004,0.0,-0.0
20,2021-09,0,00_USR_001,14,14_STK_005,0.0,-0.0
20,2021-09,1,01_USR_002,0,00_USR_001,0.0,-0.9591
20,2021-09,1,01_USR_002,1,01_USR_002,0.0,1.0
20,2021-09,1,01_USR_002,2,02_USR_003,-0.0,0.9977
20,2021-09,1,01_USR_002,3,03_USR_004,0.0,-0.9844
20,2021-09,1,01_USR_002,4,04_USR_005,0.0,-0.9758
20,2021-09,1,01_USR_002,5,05_USR_006,-0.0,0.9994
20,2021-09,1,01_USR_002,6,06_USR_007,0.0,-1.0
20,2021-09,1,01_USR_002,7,07_USR_008,-0.0,0.9855
20,2021-09,1,01_USR_002,8,08_USR_009,0.0,-0.9951
20,2021-09,1,01_USR_002,9,09_USR_010,0.0,-0.9951
20,2021-09,1,01_USR_002,10,10_STK_001,0.0,-0.0
20,2021-09,1,01_USR_002,11,11_STK_002,0.0,-0.0
20,2021-09,1,01_USR_002,12,12_STK_003,0.0,-0.0
20,2021-09,1,01_USR_002,13,13_STK_004,0.0,-0.0
20,2021-09,1,01_USR_002,14,14_STK_005,0.0,-0.0
20,2021-09,2,02_USR_003,0,00_USR_001,-0.0,0.976
20,2021-09,2,02_USR_003,1,01_USR_002,-0.0,0.9977
20,2021-09,2,02_USR_003,2,02_USR_003,0.0,1.0
20,2021-09,2,02_USR_003,3,03_USR_004,-0.0,0.9703
20,2021-09,2,02_USR_003,4,04_USR_005,-0.0,0.9883
20,2021-09,2,02_USR_003,5,05_USR_006,0.0,-0.9995
20,2021-09,2,02_USR_003,6,06_USR_007,-0.0,0.9982
20,2021-09,2,02_USR_003,7,07_USR_008,0.0,-0.9718
20,2021-09,2,02_USR_003,8,08_USR_009,-0.0,0.9995
20,2021-09,2,02_USR_003,9,09_USR_010,-0.0,0.9861
20,2021-09,2,02_USR_003,10,10_STK_001,0.0,-0.0
20,2021-09,2,02_USR_003,11,11_STK_002,0.0,-0.0
20,2021-09,2,02_USR_003,12,12_STK_003,0.0,-0.0
20,2021-09,2,02_USR_003,13,13_STK_004,0.0,-0.0
20,2021-09,2,02_USR_003,14,14_STK_005,0.0,-0.0
20,2021-09,3,03_USR_004,0,00_USR_001,0.0,-0.8943
20,2021-09,3,03_USR_004,1,01_USR_002,0.0,-0.9844
20,2021-09,3,03_USR_004,2,02_USR_003,-0.0,0.9703
20,2021-09,3,03_USR_004,3,03_USR_004,0.0,1.0
20,2021-09,3,03_USR_004,4,04_USR_005,0.0,-0.9221
20,2021-09,3,03_USR_004,5,05_USR_006,-0.0,0.9774
20,2021-09,3,03_USR_004,6,06_USR_007,0.0,-0.983
20,2021-09,3,03_USR_004,7,07_USR_008,-0.0,1.0
20,2021-09,3,03_USR_004,8,08_USR_009,0.0,-0.9623
20,2021-09,3,03_USR_004,9,09_USR_010,0.0,-0.997
20,2021-09,3,03_USR_004,10,10_STK_001,0.0,-0.0
20,2021-09,3,03_USR_004,11,11_STK_002,0.0,-0.0
20,2021-09,3,03_USR_004,12,12_STK_003,0.0,-0.0
20,2021-09,3,03_USR_004,13,13_STK_004,0.0,-0.0
20,2021-09,3,03_USR_004,14,14_STK_005,0.0,-0.0
20,2021-09,4,04_USR_005,0,00_USR_001,0.0,-0.9978
20,2021-09,4,04_USR_005,1,01_USR_002,0.0,-0.9758
20,2021-09,4,04_USR_005,2,02_USR_003,-0.0,0.9883
20,2021-09,4,04_USR_005,3,03_USR_004,0.0,-0.9221
20,2021-09,4,04_USR_005,4,04_USR_005,0.0,1.0
20,2021-09,4,04_USR_005,5,05_USR_006,-0.0,0.983
20,2021-09,4,04_USR_005,6,06_USR_007,0.0,-0.9775
20,2021-09,4,04_USR_005,7,07_USR_008,-0.0,0.9245
20,2021-09,4,04_USR_005,8,08_USR_009,0.0,-0.9926
20,2021-09,4,04_USR_005,9,09_USR_010,0.0,-0.9493
20,2021-09,4,04_USR_005,10,10_STK_001,0.0,-0.0
20,2021-09,4,04_USR_005,11,11_STK_002,0.0,-0.0
20,2021-09,4,04_USR_005,12,12_STK_003,0.0,-0.0
20,2021-09,4,04_USR_005,13,13_STK_004,0.0,-0.0
20,2021-09,4,04_USR_005,14,14_STK_005,0.0,-0.0
20,2021-09,5,05_USR_006,0,00_USR_001,-0.0,0.9686
20,2021-09,5,05_USR_006,1,01_USR_002,-0.0,0.9994
20,2021-09,5,05_USR_006,2,02_USR_003,0.0,-0.9995
20,2021-09,5,05_USR_006,3,03_USR_004,-0.0,0.9774
20,2021-09,5,05_USR_006,4,04_USR_005,-0.0,0.983
20,2021-09,5,05_USR_006,5,05_USR_006,1e-12,1.0
20,2021-09,5,05_USR_006,6,06_USR_007,-0.0,0.9996
20,2021-09,5,05_USR_006,7,07_USR_008,0.0,-0.9787
20,2021-09,5,05_USR_006,8,08_USR_009,-0.0,0.998
20,2021-09,5,05_USR_006,9,09_USR_010,-0.0,0.9909
20,2021-09,5,05_USR_006,10,10_STK_001,0.0,-0.0
20,2021-09,5,05_USR_006,11,11_STK_002,0.0,-0.0
20,2021-09,5,05_USR_006,12,12_STK_003,0.0,-0.0
20,2021-09,5,05_USR_006,13,13_STK_004,0.0,-0.0
20,2021-09,5,05_USR_006,14,14_STK_005,0.0,-0.0
20,2021-09,6,06_USR_007,0,00_USR_001,0.0,-0.9613
20,2021-09,6,06_USR_007,1,01_USR_002,0.0,-1.0
20,2021-09,6,06_USR_007,2,02_USR_003,-0.0,0.9982
20,2021-09,6,06_USR_007,3,03_USR_004,0.0,-0.983
20,2021-09,6,06_USR_007,4,04_USR_005,0.0,-0.9775
20,2021-09,6,06_USR_007,5,05_USR_006,-0.0,0.9996
20,2021-09,6,06_USR_007,6,06_USR_007,0.0,1.0
20,2021-09,6,06_USR_007,7,07_USR_008,-0.0,0.9841
20,2021-09,6,06_USR_007,8,08_USR_009,0.0,-0.9959
20,2021-09,6,06_USR_007,9,09_USR_010,0.0,-0.9943
20,2021-09,6,06_USR_007,10,10_STK_001,0.0,-0.0
20,2021-09,6,06_USR_007,11,11_STK_002,0.0,-0.0
20,2021-09,6,06_USR_007,12,12_STK_003,0.0,-0.0
20,2021-09,6,06_USR_007,13,13_STK_004,0.0,-0.0
20,2021-09,6,06_USR_007,14,14_STK_005,0.0,-0.0
20,2021-09,7,07_USR_008,0,00_USR_001,-0.0,0.897
20,2021-09,7,07_USR_008,1,01_USR_002,-0.0,0.9855
20,2021-09,7,07_USR_008,2,02_USR_003,0.0,-0.9718
20,2021-09,7,07_USR_008,3,03_USR_004,-0.0,1.0
20,2021-09,7,07_USR_008,4,04_USR_005,-0.0,0.9245
20,2021-09,7,07_USR_008,5,05_USR_006,0.0,-0.9787
20,2021-09,7,07_USR_008,6,06_USR_007,-0.0,0.9841
20,2021-09,7,07_USR_008,7,07_USR_008,0.0,1.0
20,2021-09,7,07_USR_008,8,08_USR_009,-0.0,0.9639
20,2021-09,7,07_USR_008,9,09_USR_010,-0.0,0.9975
20,2021-09,7,07_USR_008,10,10_STK_001,0.0,-0.0
20,2021-09,7,07_USR_008,11,11_STK_002,0.0,-0.0
20,2021-09,7,07_USR_008,12,12_STK_003,0.0,-0.0
20,2021-09,7,07_USR_008,13,13_STK_004,0.0,-0.0
20,2021-09,7,07_USR_008,14,14_STK_005,0.0,-0.0
20,2021-09,8,08_USR_009,0,00_USR_001,0.0,-0.9823
20,2021-09,8,08_USR_009,1,01_USR_002,0.0,-0.9951
20,2021-09,8,08_USR_009,2,02_USR_003,-0.0,0.9995
20,2021-09,8,08_USR_009,3,03_USR_004,0.0,-0.9623
20,2021-09,8,08_USR_009,4,04_USR_005,0.0,-0.9926
20,2021-09,8,08_USR_009,5,05_USR_006,-0.0,0.998
20,2021-09,8,08_USR_009,6,06_USR_007,0.0,-0.9959
20,2021-09,8,08_USR_009,7,07_USR_008,-0.0,0.9639
20,2021-09,8,08_USR_009,8,08_USR_009,0.0,1.0
20,2021-09,8,08_USR_009,9,09_USR_010,0.0,-0.9805
20,2021-09,8,08_USR_009,10,10_STK_001,0.0,-0.0
20,2021-09,8,08_USR_009,11,11_STK_002,0.0,-0.0
20,2021-09,8,08_USR_009,12,12_STK_003,0.0,-0.0
20,2021-09,8,08_USR_009,13,13_STK_004,0.0,-0.0
20,2021-09,8,08_USR_009,14,14_STK_005,0.0,-0.0
20,2021-09,9,09_USR_010,0,00_USR_001,0.0,-0.9263
20,2021-09,9,09_USR_010,1,01_USR_002,0.0,-0.9951
20,2021-09,9,09_USR_010,2,02_USR_003,-0.0,0.9861
20,2021-09,9,09_USR_010,3,03_USR_004,0.0,-0.997
20,2021-09,9,09_USR_010,4,04_USR_005,0.0,-0.9493
20,2021-09,9,09_USR_010,5,05_USR_006,-0.0,0.9909
20,2021-09,9,09_USR_010,6,06_USR_007,0.0,-0.9943
20,2021-09,9,09_USR_010,7,07_USR_008,-0.0,0.9975
20,2021-09,9,09_USR_010,8,08_USR_009,0.0,-0.9805
20,2021-09,9,09_USR_010,9,09_USR_010,0.0,1.0
20,2021-09,9,09_USR_010,10,10_STK_001,0.0,-0.0
20,2021-09,9,09_USR_010,11,11_STK_002,0.0,-0.0
20,2021-09,9,09_USR_010,12,12_STK_003,0.0,-0.0
20,2021-09,9,09_USR_010,13,13_STK_004,0.0,-0.0
20,2021-09,9,09_USR_010,14,14_STK_005,0.0,-0.0
20,2021-09,10,10_STK_001,0,00_USR_001,0.0,-0.0
20,2021-09,10,10_STK_001,1,01_USR_002,0.0,-0.0
20,2021-09,10,10_STK_001,2,02_USR_003,0.0,-0.0
20,2021-09,10,10_STK_001,3,03_USR_004,0.0,-0.0
20,2021-09,10,10_STK_001,4,04_USR_005,0.0,-0.0
20,2021-09,10,10_STK_001,5,05_USR_006,0.0,-0.0
20,2021-09,10,10_STK_001,6,06_USR_007,0.0,-0.0
20,2021-09,10,10_STK_001,7,07_USR_008,0.0,-0.0
20,2021-09,10,10_STK_001,8,08_USR_009,0.0,-0.0
20,2021-09,10,10_STK_001,9,09_USR_010,0.0,-0.0
20,2021-09,10,10_STK_001,10,10_STK_001,0.0,1.0
20,2021-09,10,10_STK_001,11,11_STK_002,0.0,-0.0
20,2021-09,10,10_STK_001,12,12_STK_003,0.0,-0.0
20,2021-09,10,10_STK_001,13,13_STK_004,0.0,-0.0
20,2021-09,10,10_STK_001,14,14_STK_005,0.0,-0.0
20,2021-09,11,11_STK_002,0,00_USR_001,0.0,-0.0
20,2021-09,11,11_STK_002,1,01_USR_002,0.0,-0.0
20,2021-09,11,11_STK_002,2,02_USR_003,0.0,-0.0
20,2021-09,11,11_STK_002,3,03_USR_004,0.0,-0.0
20,2021-09,11,11_STK_002,4,04_USR_005,0.0,-0.0
20,2021-09,11,11_STK_002,5,05_USR_006,0.0,-0.0
20,2021-09,11,11_STK_002,6,06_USR_007,0.0,-0.0
20,2021-09,11,11_STK_002,7,07_USR_008,0.0,-0.0
20,2021-09,11,11_STK_002,8,08_USR_009,0.0,-0.0
20,2021-09,11,11_STK_002,9,09_USR_010,0.0,-0.0
20,2021-09,11,11_STK_002,10,10_STK_001,0.0,-0.0
20,2021-09,11,11_STK_002,11,11_STK_002,0.0,1.0
20,2021-09,11,11_STK_002,12,12_STK_003,0.0,-0.0
20,2021-09,11,11_STK_002,13,13_STK_004,0.0,-0.0
20,2021-09,11,11_STK_002,14,14_STK_005,0.0,-0.0
20,2021-09,12,12_STK_003,0,00_USR_001,0.0,-0.0
20,2021-09,12,12_STK_003,1,01_USR_002,0.0,-0.0
20,2021-09,12,12_STK_003,2,02_USR_003,0.0,-0.0
20,2021-09,12,12_STK_003,3,03_USR_004,0.0,-0.0
20,2021-09,12,12_STK_003,4,04_USR_005,0.0,-0.0
20,2021-09,12,12_STK_003,5,05_USR_006,0.0,-0.0
20,2021-09,12,12_STK_003,6,06_USR_007,0.0,-0.0
20,2021-09,12,12_STK_003,7,07_USR_008,0.0,-0.0
20,2021-09,12,12_STK_003,8,08_USR_009,0.0,-0.0
20,2021-09,12,12_STK_003,9,09_USR_010,0.0,-0.0
20,2021-09,12,12_STK_003,10,10_STK_001,0.0,-0.0
20,2021-09,12,12_STK_003,11,11_STK_002,0.0,-0.0
20,2021-09,12,12_STK_003,12,12_STK_003,0.0,1.0
20,2021-09,12,12_STK_003,13,13_STK_004,0.0,-0.0
20,2021-09,12,12_STK_003,14,14_STK_005,0.0,-0.0
20,2021-09,13,13_STK_004,0,00_USR_001,0.0,-0.0
20,2021-09,13,13_STK_004,1,01_USR_002,0.0,-0.0
20,2021-09,13,13_STK_004,2,02_USR_003,0.0,-0.0
20,2021-09,13,13_STK_004,3,03_USR_004,0.0,-0.0
20,2021-09,13,13_STK_004,4,04_USR_005,0.0,-0.0
20,2021-09,13,13_STK_004,5,05_USR_006,0.0,-0.0
20,2021-09,13,13_STK_004,6,06_USR_007,0.0,-0.0
20,2021-09,13,13_STK_004,7,07_USR_008,0.0,-0.0
20,2021-09,13,13_STK_004,8,08_USR_009,0.0,-0.0
20,2021-09,13,13_STK_004,9,09_USR_010,0.0,-0.0
20,2021-09,13,13_STK_004,10,10_STK_001,0.0,-0.0
20,2021-09,13,13_STK_004,11,11_STK_002,0.0,-0.0
20,2021-09,13,13_STK_004,12,12_STK_003,0.0,-0.0
20,2021-09,13,13_STK_004,13,13_STK_004,0.0,1.0
20,2021-09,13,13_STK_004,14,14_STK_005,0.0,-0.0
20,2021-09,14,14_STK_005,0,00_USR_001,0.0,-0.0
20,2021-09,14,14_STK_005,1,01_USR_002,0.0,-0.0
20,2021-09,14,14_STK_005,2,02_USR_003,0.0,-0.0
20,2021-09,14,14_STK_005,3,03_USR_004,0.0,-0.0
20,2021-09,14,14_STK_005,4,04_USR_005,0.0,-0.0
20,2021-09,14,14_STK_005,5,05_USR_006,0.0,-0.0
20,2021-09,14,14_STK_005,6,06_USR_007,0.0,-0.0
20,2021-09,14,14_STK_005,7,07_USR_008,0.0,-0.0
20,2021-09,14,14_STK_005,8,08_USR_009,0.0,-0.0
20,2021-09,14,14_STK_005,9,09_USR_010,0.0,-0.0
20,2021-09,14,14_STK_005,10,10_STK_001,0.0,-0.0
20,2021-09,14,14_STK_005,11,11_STK_002,0.0,-0.0
20,2021-09,14,14_STK_005,12,12_STK_003,0.0,-0.0
20,2021-09,14,14_STK_005,13,13_STK_004,0.0,-0.0
20,2021-09,14,14_STK_005,14,14_STK_005,0.0,1.0
21,2021-10,0,00_USR_001,0,00_USR_001,0.0,1.0
21,2021-10,0,00_USR_001,1,01_USR_002,-0.0,0.9993
21,2021-10,0,00_USR_001,2,02_USR_003,-0.0,0.9999
21,2021-10,0,00_USR_001,3,03_USR_004,-0.0,0.6903
21,2021-10,0,00_USR_001,4,04_USR_005,-0.0,0.9857
21,2021-10,0,00_USR_001,5,05_USR_006,-0.0,0.9938
21,2021-10,0,00_USR_001,6,06_USR_007,-0.0,1.0
21,2021-10,0,00_USR_001,7,07_USR_008,0.0,-1.0
21,2021-10,0,00_USR_001,8,08_USR_009,0.0,-0.9936
21,2021-10,0,00_USR_001,9,09_USR_010,-0.0,0.9995
21,2021-10,0,00_USR_001,10,10_STK_001,0.0,-0.0
21,2021-10,0,00_USR_001,11,11_STK_002,0.0,-0.0
21,2021-10,0,00_USR_001,12,12_STK_003,0.0,-0.0
21,2021-10,0,00_USR_001,13,13_STK_004,0.0,-0.0
21,2021-10,0,00_USR_001,14,14_STK_005,0.0,-0.0
21,2021-10,1,01_USR_002,0,00_USR_001,-0.0,0.9993
21,2021-10,1,01_USR_002,1,01_USR_002,0.0,1.0
21,2021-10,1,01_USR_002,2,02_USR_003,0.0,-0.9987
21,2021-10,1,01_USR_002,3,03_USR_004,0.0,-0.6637
21,2021-10,1,01_USR_002,4,04_USR_005,0.0,-0.9911
21,2021-10,1,01_USR_002,5,05_USR_006,0.0,-0.9892
21,2021-10,1,01_USR_002,6,06_USR_007,0.0,-0.9994
21,2021-10,1,01_USR_002,7,07_USR_008,-0.0,0.9993
21,2021-10,1,01_USR_002,8,08_USR_009,-0.0,0.9889
21,2021-10,1,01_USR_002,9,09_USR_010,0.0,-1.0
21,2021-10,1,01_USR_002,10,10_STK_001,0.0,-0.0
21,2021-10,1,01_USR_002,11,11_STK_002,0.0,-0.0
21,2021-10,1,01_USR_002,12,12_STK_003,0.0,-0.0
21,2021-10,1,01_USR_002,13,13_STK_004,0.0,-0.0
21,2021-10,1,01_USR_002,14,14_STK_005,0.0,-0.0
21,2021-10,2,02_USR_003,0,00_USR_001,-0.0,0.9999
21,2021-10,2,02_USR_003,1,01_USR_002,0.0,-0.9987
21,2021-10,2,02_USR_003,2,02_USR_003,0.0,1.0
21,2021-10,2,02_USR_003,3,03_USR_004,0.0,-0.7009
21,2021-10,2,02_USR_003,4,04_USR_005,0.0,-0.9831
21,2021-10,2,02_USR_003,5,05_USR_006,0.0,-0.9954
21,2021-10,2,02_USR_003,6,06_USR_007,0.0,-0.9999
21,2021-10,2,02_USR_003,7,07_USR_008,-0.0,0.9999
21,2021-10,2,02_USR_003,8,08_USR_009,-0.0,0.9952
21,2021-10,2,02_USR_003,9,09_USR_010,0.0,-0.9989
21,2021-10,2,02_USR_003,10,10_STK_001,0.0,-0.0
21,2021-10,2,02_USR_003,11,11_STK_002,0.0,-0.0
21,2021-10,2,02_USR_003,12,12_STK_003,0.0,-0.0
21,2021-10,2,02_USR_003,13,13_STK_004,0.0,-0.0
21,2021-10,2,02_USR_003,14,14_STK_005,0.0,-0.0
21,2021-10,3,03_USR_004,0,00_USR_001,-0.0,0.6903
21,2021-10,3,03_USR_004,1,01_USR_002,0.0,-0.6637
21,2021-10,3,03_USR_004,2,02_USR_003,0.0,-0.7009
21,2021-10,3,03_USR_004,3,03_USR_004,0.0,1.0
21,2021-10,3,03_USR_004,4,04_USR_005,0.0,-0.5584
21,2021-10,3,03_USR_004,5,05_USR_006,0.0,-0.7662
21,2021-10,3,03_USR_004,6,06_USR_007,0.0,-0.6902
21,2021-10,3,03_USR_004,7,07_USR_008,-0.0,0.6914
21,2021-10,3,03_USR_004,8,08_USR_009,-0.0,0.7675
21,2021-10,3,03_USR_004,9,09_USR_010,0.0,-0.6668
21,2021-10,3,03_USR_004,10,10_STK_001,0.0,-0.0
21,2021-10,3,03_USR_004,11,11_STK_002,0.0,-0.0
21,2021-10,3,03_USR_004,12,12_STK_003,0.0,-0.0
21,2021-10,3,03_USR_004,13,13_STK_004,0.0,-0.0
21,2021-10,3,03_USR_004,14,14_STK_005,0.0,-0.0
21,2021-10,4,04_USR_005,0,00_USR_001,-0.0,0.9857
21,2021-10,4,04_USR_005,1,01_USR_002,0.0,-0.9911
21,2021-10,4,04_USR_005,2,02_USR_003,0.0,-0.9831
21,2021-10,4,04_USR_005,3,03_USR_004,0.0,-0.5584
21,2021-10,4,04_USR_005,4,04_USR_005,0.0,1.0
21,2021-10,4,04_USR_005,5,05_USR_006,0.0,-0.9609
21,2021-10,4,04_USR_005,6,06_USR_007,0.0,-0.9857
21,2021-10,4,04_USR_005,7,07_USR_008,-0.0,0.9854
21,2021-10,4,04_USR_005,8,08_USR_009,-0.0,0.9604
21,2021-10,4,04_USR_005,9,09_USR_010,0.0,-0.9906
21,2021-10,4,04_USR_005,10,10_STK_001,0.0,-0.0
21,2021-10,4,04_USR_005,11,11_STK_002,0.0,-0.0
21,2021-10,4,04_USR_005,12,12_STK_003,0.0,-0.0
21,2021-10,4,04_USR_005,13,13_STK_004,0.0,-0.0
21,2021-10,4,04_USR_005,14,14_STK_005,0.0,-0.0
21,2021-10,5,05_USR_006,0,00_USR_001,-0.0,0.9938
21,2021-10,5,05_USR_006,1,01_USR_002,0.0,-0.9892
21,2021-10,5,05_USR_006,2,02_USR_003,0.0,-0.9954
21,2021-10,5,05_USR_006,3,03_USR_004,0.0,-0.7662
21,2021-10,5,05_USR_006,4,04_USR_005,0.0,-0.9609
21,2021-10,5,05_USR_006,5,05_USR_006,0.0,1.0
21,2021-10,5,05_USR_006,6,06_USR_007,0.0,-0.9938
21,2021-10,5,05_USR_006,7,07_USR_008,-0.0,0.994
21,2021-10,5,05_USR_006,8,08_USR_009,-0.0,1.0
21,2021-10,5,05_USR_006,9,09_USR_010,0.0,-0.9898
21,2021-10,5,05_USR_006,10,10_STK_001,0.0,-0.0
21,2021-10,5,05_USR_006,11,11_STK_002,0.0,-0.0
21,2021-10,5,05_USR_006,12,12_STK_003,0.0,-0.0
21,2021-10,5,05_USR_006,13,13_STK_004,0.0,-0.0
21,2021-10,5,05_USR_006,14,14_STK_005,0.0,-0.0
21,2021-10,6,06_USR_007,0,00_USR_001,-0.0,1.0
21,2021-10,6,06_USR_007,1,01_USR_002,0.0,-0.9994
21,2021-10,6,06_USR_007,2,02_USR_003,0.0,-0.9999
21,2021-10,6,06_USR_007,3,03_USR_004,0.0,-0.6902
21,2021-10,6,06_USR_007,4,04_USR_005,0.0,-0.9857
21,2021-10,6,06_USR_007,5,05_USR_006,0.0,-0.9938
21,2021-10,6,06_USR_007,6,06_USR_007,0.0,1.0
21,2021-10,6,06_USR_007,7,07_USR_008,-0.0,1.0
21,2021-10,6,06_USR_007,8,08_USR_009,-0.0,0.9936
21,2021-10,6,06_USR_007,9,09_USR_010,0.0,-0.9995
21,2021-10,6,06_USR_007,10,10_STK_001,0.0,-0.0
21,2021-10,6,06_USR_007,11,11_STK_002,0.0,-0.0
21,2021-10,6,06_USR_007,12,12_STK_003,0.0,-0.0
21,2021-10,6,06_USR_007,13,13_STK_004,0.0,-0.0
21,2021-10,6,06_USR_007,14,14_STK_005,0.0,-0.0
21,2021-10,7,07_USR_008,0,00_USR_001,0.0,-1.0
21,2021-10,7,07_USR_008,1,01_USR_002,-0.0,0.9993
21,2021-10,7,07_USR_008,2,02_USR_003,-0.0,0.9999
21,2021-10,7,07_USR_008,3,03_USR_004,-0.0,0.6914
21,2021-10,7,07_USR_008,4,04_USR_005,-0.0,0.9854
21,2021-10,7,07_USR_008,5,05_USR_006,-0.0,0.994
21,2021-10,7,07_USR_008,6,06_USR_007,-0.0,1.0
21,2021-10,7,07_USR_008,7,07_USR_008,0.0,1.0
21,2021-10,7,07_USR_008,8,08_USR_009,0.0,-0.9938
21,2021-10,7,07_USR_008,9,09_USR_010,-0.0,0.9994
21,2021-10,7,07_USR_008,10,10_STK_001,0.0,-0.0
21,2021-10,7,07_USR_008,11,11_STK_002,0.0,-0.0
21,2021-10,7,07_USR_008,12,12_STK_003,0.0,-0.0
21,2021-10,7,07_USR_008,13,13_STK_004,0.0,-0.0
21,2021-10,7,07_USR_008,14,14_STK_005,0.0,-0.0
21,2021-10,8,08_USR_009,0,00_USR_001,0.0,-0.9936
21,2021-10,8,08_USR_009,1,01_USR_002,-0.0,0.9889
21,2021-10,8,08_USR_009,2,02_USR_003,-0.0,0.9952
21,2021-10,8,08_USR_009,3,03_USR_004,-0.0,0.7675
21,2021-10,8,08_USR_009,4,04_USR_005,-0.0,0.9604
21,2021-10,8,08_USR_009,5,05_USR_006,-0.0,1.0
21,2021-10,8,08_USR_009,6,06_USR_007,-0.0,0.9936
21,2021-10,8,08_USR_009,7,07_USR_008,0.0,-0.9938
21,2021-10,8,08_USR_009,8,08_USR_009,0.0,1.0
21,2021-10,8,08_USR_009,9,09_USR_010,-0.0,0.9895
21,2021-10,8,08_USR_009,10,10_STK_001,0.0,-0.0
21,2021-10,8,08_USR_009,11,11_STK_002,0.0,-0.0
21,2021-10,8,08_USR_009,12,12_STK_003,0.0,-0.0
21,2021-10,8,08_USR_009,13,13_STK_004,0.0,-0.0
21,2021-10,8,08_USR_009,14,14_STK_005,0.0,-0.0
21,2021-10,9,09_USR_010,0,00_USR_001,-0.0,0.9995
21,2021-10,9,09_USR_010,1,01_USR_002,0.0,-1.0
21,2021-10,9,09_USR_010,2,02_USR_003,0.0,-0.9989
21,2021-10,9,09_USR_010,3,03_USR_004,0.0,-0.6668
21,2021-10,9,09_USR_010,4,04_USR_005,0.0,-0.9906
21,2021-10,9,09_USR_010,5,05_USR_006,0.0,-0.9898
21,2021-10,9,09_USR_010,6,06_USR_007,0.0,-0.9995
21,2021-10,9,09_USR_010,7,07_USR_008,-0.0,0.9994
21,2021-10,9,09_USR_010,8,08_USR_009,-0.0,0.9895
21,2021-10,9,09_USR_010,9,09_USR_010,0.0,1.0
21,2021-10,9,09_USR_010,10,10_STK_001,0.0,-0.0
21,2021-10,9,09_USR_010,11,11_STK_002,0.0,-0.0
21,2021-10,9,09_USR_010,12,12_STK_003,0.0,-0.0
21,2021-10,9,09_USR_010,13,13_STK_004,0.0,-0.0
21,2021-10,9,09_USR_010,14,14_STK_005,0.0,-0.0
21,2021-10,10,10_STK_001,0,00_USR_001,0.0,-0.0
21,2021-10,10,10_STK_001,1,01_USR_002,0.0,-0.0
21,2021-10,10,10_STK_001,2,02_USR_003,0.0,-0.0
21,2021-10,10,10_STK_001,3,03_USR_004,0.0,-0.0
21,2021-10,10,10_STK_001,4,04_USR_005,0.0,-0.0
21,2021-10,10,10_STK_001,5,05_USR_006,0.0,-0.0
21,2021-10,10,10_STK_001,6,06_USR_007,0.0,-0.0
21,2021-10,10,10_STK_001,7,07_USR_008,0.0,-0.0
21,2021-10,10,10_STK_001,8,08_USR_009,0.0,-0.0
21,2021-10,10,10_STK_001,9,09_USR_010,0.0,-0.0
21,2021-10,10,10_STK_001,10,10_STK_001,0.0,1.0
21,2021-10,10,10_STK_001,11,11_STK_002,0.0,-0.0
21,2021-10,10,10_STK_001,12,12_STK_003,0.0,-0.0
21,2021-10,10,10_STK_001,13,13_STK_004,0.0,-0.0
21,2021-10,10,10_STK_001,14,14_STK_005,0.0,-0.0
21,2021-10,11,11_STK_002,0,00_USR_001,0.0,-0.0
21,2021-10,11,11_STK_002,1,01_USR_002,0.0,-0.0
21,2021-10,11,11_STK_002,2,02_USR_003,0.0,-0.0
21,2021-10,11,11_STK_002,3,03_USR_004,0.0,-0.0
21,2021-10,11,11_STK_002,4,04_USR_005,0.0,-0.0
21,2021-10,11,11_STK_002,5,05_USR_006,0.0,-0.0
21,2021-10,11,11_STK_002,6,06_USR_007,0.0,-0.0
21,2021-10,11,11_STK_002,7,07_USR_008,0.0,-0.0
21,2021-10,11,11_STK_002,8,08_USR_009,0.0,-0.0
21,2021-10,11,11_STK_002,9,09_USR_010,0.0,-0.0
21,2021-10,11,11_STK_002,10,10_STK_001,0.0,-0.0
21,2021-10,11,11_STK_002,11,11_STK_002,0.0,1.0
21,2021-10,11,11_STK_002,12,12_STK_003,0.0,-0.0
21,2021-10,11,11_STK_002,13,13_STK_004,0.0,-0.0
21,2021-10,11,11_STK_002,14,14_STK_005,0.0,-0.0
21,2021-10,12,12_STK_003,0,00_USR_001,0.0,-0.0
21,2021-10,12,12_STK_003,1,01_USR_002,0.0,-0.0
21,2021-10,12,12_STK_003,2,02_USR_003,0.0,-0.0
21,2021-10,12,12_STK_003,3,03_USR_004,0.0,-0.0
21,2021-10,12,12_STK_003,4,04_USR_005,0.0,-0.0
21,2021-10,12,12_STK_003,5,05_USR_006,0.0,-0.0
21,2021-10,12,12_STK_003,6,06_USR_007,0.0,-0.0
21,2021-10,12,12_STK_003,7,07_USR_008,0.0,-0.0
21,2021-10,12,12_STK_003,8,08_USR_009,0.0,-0.0
21,2021-10,12,12_STK_003,9,09_USR_010,0.0,-0.0
21,2021-10,12,12_STK_003,10,10_STK_001,0.0,-0.0
21,2021-10,12,12_STK_003,11,11_STK_002,0.0,-0.0
21,2021-10,12,12_STK_003,12,12_STK_003,0.0,1.0
21,2021-10,12,12_STK_003,13,13_STK_004,0.0,-0.0
21,2021-10,12,12_STK_003,14,14_STK_005,0.0,-0.0
21,2021-10,13,13_STK_004,0,00_USR_001,0.0,-0.0
21,2021-10,13,13_STK_004,1,01_USR_002,0.0,-0.0
21,2021-10,13,13_STK_004,2,02_USR_003,0.0,-0.0
21,2021-10,13,13_STK_004,3,03_USR_004,0.0,-0.0
21,2021-10,13,13_STK_004,4,04_USR_005,0.0,-0.0
21,2021-10,13,13_STK_004,5,05_USR_006,0.0,-0.0
21,2021-10,13,13_STK_004,6,06_USR_007,0.0,-0.0
21,2021-10,13,13_STK_004,7,07_USR_008,0.0,-0.0
21,2021-10,13,13_STK_004,8,08_USR_009,0.0,-0.0
21,2021-10,13,13_STK_004,9,09_USR_010,0.0,-0.0
21,2021-10,13,13_STK_004,10,10_STK_001,0.0,-0.0
21,2021-10,13,13_STK_004,11,11_STK_002,0.0,-0.0
21,2021-10,13,13_STK_004,12,12_STK_003,0.0,-0.0
21,2021-10,13,13_STK_004,13,13_STK_004,0.0,1.0
21,2021-10,13,13_STK_004,14,14_STK_005,0.0,-0.0
21,2021-10,14,14_STK_005,0,00_USR_001,0.0,-0.0
21,2021-10,14,14_STK_005,1,01_USR_002,0.0,-0.0
21,2021-10,14,14_STK_005,2,02_USR_003,0.0,-0.0
21,2021-10,14,14_STK_005,3,03_USR_004,0.0,-0.0
21,2021-10,14,14_STK_005,4,04_USR_005,0.0,-0.0
21,2021-10,14,14_STK_005,5,05_USR_006,0.0,-0.0
21,2021-10,14,14_STK_005,6,06_USR_007,0.0,-0.0
21,2021-10,14,14_STK_005,7,07_USR_008,0.0,-0.0
21,2021-10,14,14_STK_005,8,08_USR_009,0.0,-0.0
21,2021-10,14,14_STK_005,9,09_USR_010,0.0,-0.0
21,2021-10,14,14_STK_005,10,10_STK_001,0.0,-0.0
21,2021-10,14,14_STK_005,11,11_STK_002,0.0,-0.0
21,2021-10,14,14_STK_005,12,12_STK_003,0.0,-0.0
21,2021-10,14,14_STK_005,13,13_STK_004,0.0,-0.0
21,2021-10,14,14_STK_005,14,14_STK_005,0.0,1.0
22,2021-11,0,00_USR_001,0,00_USR_001,0.0,1.0
22,2021-11,0,00_USR_001,1,01_USR_002,-0.0,0.9894
22,2021-11,0,00_USR_001,2,02_USR_003,0.0,-0.7906
22,2021-11,0,00_USR_001,3,03_USR_004,-0.0,0.727
22,2021-11,0,00_USR_001,4,04_USR_005,-0.0,0.8746
22,2021-11,0,00_USR_001,5,05_USR_006,-0.0,0.9569
22,2021-11,0,00_USR_001,6,06_USR_007,-0.0,0.9387
22,2021-11,0,00_USR_001,7,07_USR_008,0.0,-0.9736
22,2021-11,0,00_USR_001,8,08_USR_009,0.0,-0.9707
22,2021-11,0,00_USR_001,9,09_USR_010,-0.0,0.9994
22,2021-11,0,00_USR_001,10,10_STK_001,0.0,-0.0
22,2021-11,0,00_USR_001,11,11_STK_002,0.0,-0.0
22,2021-11,0,00_USR_001,12,12_STK_003,0.0,-0.0
22,2021-11,0,00_USR_001,13,13_STK_004,0.0,-0.0
22,2021-11,0,00_USR_001,14,14_STK_005,0.0,-0.0
22,2021-11,1,01_USR_002,0,00_USR_001,-0.0,0.9894
22,2021-11,1,01_USR_002,1,01_USR_002,0.0,1.0
22,2021-11,1,01_USR_002,2,02_USR_003,-0.0,0.8711
22,2021-11,1,01_USR_002,3,03_USR_004,0.0,-0.8189
22,2021-11,1,01_USR_002,4,04_USR_005,0.0,-0.7949
22,2021-11,1,01_USR_002,5,05_USR_006,0.0,-0.9889
22,2021-11,1,01_USR_002,6,06_USR_007,0.0,-0.9788
22,2021-11,1,01_USR_002,7,07_USR_008,-0.0,0.9964
22,2021-11,1,01_USR_002,8,08_USR_009,-0.0,0.9953
22,2021-11,1,01_USR_002,9,09_USR_010,0.0,-0.9839
22,2021-11,1,01_USR_002,10,10_STK_001,0.0,-0.0
22,2021-11,1,01_USR_002,11,11_STK_002,0.0,-0.0
22,2021-11,1,01_USR_002,12,12_STK_003,0.0,-0.0
22,2021-11,1,01_USR_002,13,13_STK_004,0.0,-0.0
22,2021-11,1,01_USR_002,14,14_STK_005,0.0,-0.0
22,2021-11,2,02_USR_003,0,00_USR_001,0.0,-0.7906
22,2021-11,2,02_USR_003,1,01_USR_002,-0.0,0.8711
22,2021-11,2,02_USR_003,2,02_USR_003,0.0,1.0
22,2021-11,2,02_USR_003,3,03_USR_004,-0.0,0.9952
22,2021-11,2,02_USR_003,4,04_USR_005,-0.0,0.3946
22,2021-11,2,02_USR_003,5,05_USR_006,-0.0,0.9344
22,2021-11,2,02_USR_003,6,06_USR_007,-0.0,0.9533
22,2021-11,2,02_USR_003,7,07_USR_008,0.0,-0.9095
22,2021-11,2,02_USR_003,8,08_USR_009,0.0,-0.9147
22,2021-11,2,02_USR_003,9,09_USR_010,-0.0,0.7692
22,2021-11,2,02_USR_003,10,10_STK_001,0.0,-0.0
22,2021-11,2,02_USR_003,11,11_STK_002,0.0,-0.0
22,2021-11,2,02_USR_003,12,12_STK_003,0.0,-0.0
22,2021-11,2,02_USR_003,13,13_STK_004,0.0,-0.0
22,2021-11,2,02_USR_003,14,14_STK_005,0.0,-0.0
22,2021-11,3,03_USR_004,0,00_USR_001,-0.0,0.727
22,2021-11,3,03_USR_004,1,01_USR_002,0.0,-0.8189
22,2021-11,3,03_USR_004,2,02_USR_003,-0.0,0.9952
22,2021-11,3,03_USR_004,3,03_USR_004,1e-12,1.0
22,2021-11,3,03_USR_004,4,04_USR_005,0.0,-0.3028
22,2021-11,3,03_USR_004,5,05_USR_006,0.0,-0.895
22,2021-11,3,03_USR_004,6,06_USR_007,0.0,-0.9192
22,2021-11,3,03_USR_004,7,07_USR_008,-1e-12,0.8645
22,2021-11,3,03_USR_004,8,08_USR_009,-0.0,0.8707
22,2021-11,3,03_USR_004,9,09_USR_010,0.0,-0.703
22,2021-11,3,03_USR_004,10,10_STK_001,0.0,-0.0
22,2021-11,3,03_USR_004,11,11_STK_002,0.0,-0.0
22,2021-11,3,03_USR_004,12,12_STK_003,0.0,-0.0
22,2021-11,3,03_USR_004,13,13_STK_004,0.0,-0.0
22,2021-11,3,03_USR_004,14,14_STK_005,0.0,-0.0
22,2021-11,4,04_USR_005,0,00_USR_001,-0.0,0.8746
22,2021-11,4,04_USR_005,1,01_USR_002,0.0,-0.7949
22,2021-11,4,04_USR_005,2,02_USR_003,-0.0,0.3946
22,2021-11,4,04_USR_005,3,03_USR_004,0.0,-0.3028
22,2021-11,4,04_USR_005,4,04_USR_005,0.0,1.0
22,2021-11,4,04_USR_005,5,05_USR_006,0.0,-0.6961
22,2021-11,4,04_USR_005,6,06_USR_007,0.0,-0.6537
22,2021-11,4,04_USR_005,7,07_USR_008,-0.0,0.7408
22,2021-11,4,04_USR_005,8,08_USR_009,-0.0,0.7323
22,2021-11,4,04_USR_005,9,09_USR_010,0.0,-0.8907
22,2021-11,4,04_USR_005,10,10_STK_001,0.0,-0.0
22,2021-11,4,04_USR_005,11,11_STK_002,0.0,-0.0
22,2021-11,4,04_USR_005,12,12_STK_003,0.0,-0.0
22,2021-11,4,04_USR_005,13,13_STK_004,0.0,-0.0
22,2021-11,4,04_USR_005,14,14_STK_005,0.0,-0.0
22,2021-11,5,05_USR_006,0,00_USR_001,-0.0,0.9569
22,2021-11,5,05_USR_006,1,01_USR_002,0.0,-0.9889
22,2021-11,5,05_USR_006,2,02_USR_003,-0.0,0.9344
22,2021-11,5,05_USR_006,3,03_USR_004,0.0,-0.895
22,2021-11,5,05_USR_006,4,04_USR_005,0.0,-0.6961
22,2021-11,5,05_USR_006,5,05_USR_006,0.0,1.0
22,2021-11,5,05_USR_006,6,06_USR_007,0.0,-0.9984
22,2021-11,5,05_USR_006,7,07_USR_008,-0.0,0.9979
22,2021-11,5,05_USR_006,8,08_USR_009,-0.0,0.9987
22,2021-11,5,05_USR_006,9,09_USR_010,0.0,-0.9464
22,2021-11,5,05_USR_006,10,10_STK_001,0.0,-0.0
22,2021-11,5,05_USR_006,11,11_STK_002,0.0,-0.0
22,2021-11,5,05_USR_006,12,12_STK_003,0.0,-0.0
22,2021-11,5,05_USR_006,13,13_STK_004,0.0,-0.0
22,2021-11,5,05_USR_006,14,14_STK_005,0.0,-0.0
22,2021-11,6,06_USR_007,0,00_USR_001,-0.0,0.9387
22,2021-11,6,06_USR_007,1,01_USR_002,0.0,-0.9788
22,2021-11,6,06_USR_007,2,02_USR_003,-0.0,0.9533
22,2021-11,6,06_USR_007,3,03_USR_004,0.0,-0.9192
22,2021-11,6,06_USR_007,4,04_USR_005,0.0,-0.6537
22,2021-11,6,06_USR_007,5,05_USR_006,0.0,-0.9984
22,2021-11,6,06_USR_007,6,06_USR_007,0.0,1.0
22,2021-11,6,06_USR_007,7,07_USR_008,-0.0,0.9926
22,2021-11,6,06_USR_007,8,08_USR_009,-0.0,0.994
22,2021-11,6,06_USR_007,9,09_USR_010,0.0,-0.9263
22,2021-11,6,06_USR_007,10,10_STK_001,0.0,-0.0
22,2021-11,6,06_USR_007,11,11_STK_002,0.0,-0.0
22,2021-11,6,06_USR_007,12,12_STK_003,0.0,-0.0
22,2021-11,6,06_USR_007,13,13_STK_004,0.0,-0.0
22,2021-11,6,06_USR_007,14,14_STK_005,0.0,-0.0
22,2021-11,7,07_USR_008,0,00_USR_001,0.0,-0.9736
22,2021-11,7,07_USR_008,1,01_USR_002,-0.0,0.9964
22,2021-11,7,07_USR_008,2,02_USR_003,0.0,-0.9095
22,2021-11,7,07_USR_008,3,03_USR_004,-1e-12,0.8645
22,2021-11,7,07_USR_008,4,04_USR_005,-0.0,0.7408
22,2021-11,7,07_USR_008,5,05_USR_006,-0.0,0.9979
22,2021-11,7,07_USR_008,6,06_USR_007,-0.0,0.9926
22,2021-11,7,07_USR_008,7,07_USR_008,1e-12,1.0
22,2021-11,7,07_USR_008,8,08_USR_009,0.0,-0.9999
22,2021-11,7,07_USR_008,9,09_USR_010,-0.0,0.9652
22,2021-11,7,07_USR_008,10,10_STK_001,0.0,-0.0
22,2021-11,7,07_USR_008,11,11_STK_002,0.0,-0.0
22,2021-11,7,07_USR_008,12,12_STK_003,0.0,-0.0
22,2021-11,7,07_USR_008,13,13_STK_004,0.0,-0.0
22,2021-11,7,07_USR_008,14,14_STK_005,0.0,-0.0
22,2021-11,8,08_USR_009,0,00_USR_001,0.0,-0.9707
22,2021-11,8,08_USR_009,1,01_USR_002,-0.0,0.9953
22,2021-11,8,08_USR_009,2,02_USR_003,0.0,-0.9147
22,2021-11,8,08_USR_009,3,03_USR_004,-0.0,0.8707
22,2021-11,8,08_USR_009,4,04_USR_005,-0.0,0.7323
22,2021-11,8,08_USR_009,5,05_USR_006,-0.0,0.9987
22,2021-11,8,08_USR_009,6,06_USR_007,-0.0,0.994
22,2021-11,8,08_USR_009,7,07_USR_008,0.0,-0.9999
22,2021-11,8,08_USR_009,8,08_USR_009,0.0,1.0
22,2021-11,8,08_USR_009,9,09_USR_010,-0.0,0.9619
22,2021-11,8,08_USR_009,10,10_STK_001,0.0,-0.0
22,2021-11,8,08_USR_009,11,11_STK_002,0.0,-0.0
22,2021-11,8,08_USR_009,12,12_STK_003,0.0,-0.0
22,2021-11,8,08_USR_009,13,13_STK_004,0.0,-0.0
22,2021-11,8,08_USR_009,14,14_STK_005,0.0,-0.0
22,2021-11,9,09_USR_010,0,00_USR_001,-0.0,0.9994
22,2021-11,9,09_USR_010,1,01_USR_002,0.0,-0.9839
22,2021-11,9,09_USR_010,2,02_USR_003,-0.0,0.7692
22,2021-11,9,09_USR_010,3,03_USR_004,0.0,-0.703
22,2021-11,9,09_USR_010,4,04_USR_005,0.0,-0.8907
22,2021-11,9,09_USR_010,5,05_USR_006,0.0,-0.9464
22,2021-11,9,09_USR_010,6,06_USR_007,0.0,-0.9263
22,2021-11,9,09_USR_010,7,07_USR_008,-0.0,0.9652
22,2021-11,9,09_USR_010,8,08_USR_009,-0.0,0.9619
22,2021-11,9,09_USR_010,9,09_USR_010,0.0,1.0
22,2021-11,9,09_USR_010,10,10_STK_001,0.0,-0.0
22,2021-11,9,09_USR_010,11,11_STK_002,0.0,-0.0
22,2021-11,9,09_USR_010,12,12_STK_003,0.0,-0.0
22,2021-11,9,09_USR_010,13,13_STK_004,0.0,-0.0
22,2021-11,9,09_USR_010,14,14_STK_005,0.0,-0.0
22,2021-11,10,10_STK_001,0,00_USR_001,0.0,-0.0
22,2021-11,10,10_STK_001,1,01_USR_002,0.0,-0.0
22,2021-11,10,10_STK_001,2,02_USR_003,0.0,-0.0
22,2021-11,10,10_STK_001,3,03_USR_004,0.0,-0.0
22,2021-11,10,10_STK_001,4,04_USR_005,0.0,-0.0
22,2021-11,10,10_STK_001,5,05_USR_006,0.0,-0.0
22,2021-11,10,10_STK_001,6,06_USR_007,0.0,-0.0
22,2021-11,10,10_STK_001,7,07_USR_008,0.0,-0.0
22,2021-11,10,10_STK_001,8,08_USR_009,0.0,-0.0
22,2021-11,10,10_STK_001,9,09_USR_010,0.0,-0.0
22,2021-11,10,10_STK_001,10,10_STK_001,0.0,1.0
22,2021-11,10,10_STK_001,11,11_STK_002,0.0,-0.0
22,2021-11,10,10_STK_001,12,12_STK_003,0.0,-0.0
22,2021-11,10,10_STK_001,13,13_STK_004,0.0,-0.0
22,2021-11,10,10_STK_001,14,14_STK_005,0.0,-0.0
22,2021-11,11,11_STK_002,0,00_USR_001,0.0,-0.0
22,2021-11,11,11_STK_002,1,01_USR_002,0.0,-0.0
22,2021-11,11,11_STK_002,2,02_USR_003,0.0,-0.0
22,2021-11,11,11_STK_002,3,03_USR_004,0.0,-0.0
22,2021-11,11,11_STK_002,4,04_USR_005,0.0,-0.0
22,2021-11,11,11_STK_002,5,05_USR_006,0.0,-0.0
22,2021-11,11,11_STK_002,6,06_USR_007,0.0,-0.0
22,2021-11,11,11_STK_002,7,07_USR_008,0.0,-0.0
22,2021-11,11,11_STK_002,8,08_USR_009,0.0,-0.0
22,2021-11,11,11_STK_002,9,09_USR_010,0.0,-0.0
22,2021-11,11,11_STK_002,10,10_STK_001,0.0,-0.0
22,2021-11,11,11_STK_002,11,11_STK_002,0.0,1.0
22,2021-11,11,11_STK_002,12,12_STK_003,0.0,-0.0
22,2021-11,11,11_STK_002,13,13_STK_004,0.0,-0.0
22,2021-11,11,11_STK_002,14,14_STK_005,0.0,-0.0
22,2021-11,12,12_STK_003,0,00_USR_001,0.0,-0.0
22,2021-11,12,12_STK_003,1,01_USR_002,0.0,-0.0
22,2021-11,12,12_STK_003,2,02_USR_003,0.0,-0.0
22,2021-11,12,12_STK_003,3,03_USR_004,0.0,-0.0
22,2021-11,12,12_STK_003,4,04_USR_005,0.0,-0.0
22,2021-11,12,12_STK_003,5,05_USR_006,0.0,-0.0
22,2021-11,12,12_STK_003,6,06_USR_007,0.0,-0.0
22,2021-11,12,12_STK_003,7,07_USR_008,0.0,-0.0
22,2021-11,12,12_STK_003,8,08_USR_009,0.0,-0.0
22,2021-11,12,12_STK_003,9,09_USR_010,0.0,-0.0
22,2021-11,12,12_STK_003,10,10_STK_001,0.0,-0.0
22,2021-11,12,12_STK_003,11,11_STK_002,0.0,-0.0
22,2021-11,12,12_STK_003,12,12_STK_003,0.0,1.0
22,2021-11,12,12_STK_003,13,13_STK_004,0.0,-0.0
22,2021-11,12,12_STK_003,14,14_STK_005,0.0,-0.0
22,2021-11,13,13_STK_004,0,00_USR_001,0.0,-0.0
22,2021-11,13,13_STK_004,1,01_USR_002,0.0,-0.0
22,2021-11,13,13_STK_004,2,02_USR_003,0.0,-0.0
22,2021-11,13,13_STK_004,3,03_USR_004,0.0,-0.0
22,2021-11,13,13_STK_004,4,04_USR_005,0.0,-0.0
22,2021-11,13,13_STK_004,5,05_USR_006,0.0,-0.0
22,2021-11,13,13_STK_004,6,06_USR_007,0.0,-0.0
22,2021-11,13,13_STK_004,7,07_USR_008,0.0,-0.0
22,2021-11,13,13_STK_004,8,08_USR_009,0.0,-0.0
22,2021-11,13,13_STK_004,9,09_USR_010,0.0,-0.0
22,2021-11,13,13_STK_004,10,10_STK_001,0.0,-0.0
22,2021-11,13,13_STK_004,11,11_STK_002,0.0,-0.0
22,2021-11,13,13_STK_004,12,12_STK_003,0.0,-0.0
22,2021-11,13,13_STK_004,13,13_STK_004,0.0,1.0
22,2021-11,13,13_STK_004,14,14_STK_005,0.0,-0.0
22,2021-11,14,14_STK_005,0,00_USR_001,0.0,-0.0
22,2021-11,14,14_STK_005,1,01_USR_002,0.0,-0.0
22,2021-11,14,14_STK_005,2,02_USR_003,0.0,-0.0
22,2021-11,14,14_STK_005,3,03_USR_004,0.0,-0.0
22,2021-11,14,14_STK_005,4,04_USR_005,0.0,-0.0
22,2021-11,14,14_STK_005,5,05_USR_006,0.0,-0.0
22,2021-11,14,14_STK_005,6,06_USR_007,0.0,-0.0
22,2021-11,14,14_STK_005,7,07_USR_008,0.0,-0.0
22,2021-11,14,14_STK_005,8,08_USR_009,0.0,-0.0
22,2021-11,14,14_STK_005,9,09_USR_010,0.0,-0.0
22,2021-11,14,14_STK_005,10,10_STK_001,0.0,-0.0
22,2021-11,14,14_STK_005,11,11_STK_002,0.0,-0.0
22,2021-11,14,14_STK_005,12,12_STK_003,0.0,-0.0
22,2021-11,14,14_STK_005,13,13_STK_004,0.0,-0.0
22,2021-11,14,14_STK_005,14,14_STK_005,0.0,1.0
23,2021-12,0,00_USR_001,0,00_USR_001,0.0,1.0
23,2021-12,0,00_USR_001,1,01_USR_002,0.0,-0.9982
23,2021-12,0,00_USR_001,2,02_USR_003,-0.0,1.0
23,2021-12,0,00_USR_001,3,03_USR_004,0.0,-0.9983
23,2021-12,0,00_USR_001,4,04_USR_005,-0.0,1.0
23,2021-12,0,00_USR_001,5,05_USR_006,0.0,-0.9998
23,2021-12,0,00_USR_001,6,06_USR_007,0.0,-1.0
23,2021-12,0,00_USR_001,7,07_USR_008,0.0,-1.0
23,2021-12,0,00_USR_001,8,08_USR_009,-0.0,1.0
23,2021-12,0,00_USR_001,9,09_USR_010,-0.0,1.0
23,2021-12,0,00_USR_001,10,10_STK_001,0.0,-0.0
23,2021-12,0,00_USR_001,11,11_STK_002,0.0,-0.0
23,2021-12,0,00_USR_001,12,12_STK_003,0.0,-0.0
23,2021-12,0,00_USR_001,13,13_STK_004,0.0,-0.0
23,2021-12,0,00_USR_001,14,14_STK_005,0.0,-0.0
23,2021-12,1,01_USR_002,0,00_USR_001,0.0,-0.9982
23,2021-12,1,01_USR_002,1,01_USR_002,0.0,1.0
23,2021-12,1,01_USR_002,2,02_USR_003,-0.0,0.9981
23,2021-12,1,01_USR_002,3,03_USR_004,0.0,-0.9931
23,2021-12,1,01_USR_002,4,04_USR_005,-0.0,0.9982
23,2021-12,1,01_USR_002,5,05_USR_006,0.0,-0.9969
23,2021-12,1,01_USR_002,6,06_USR_007,0.0,-0.998
23,2021-12,1,01_USR_002,7,07_USR_008,0.0,-0.9983
23,2021-12,1,01_USR_002,8,08_USR_009,-0.0,0.9984
23,2021-12,1,01_USR_002,9,09_USR_010,-0.0,0.9981
23,2021-12,1,01_USR_002,10,10_STK_001,0.0,-0.0
23,2021-12,1,01_USR_002,11,11_STK_002,0.0,-0.0
23,2021-12,1,01_USR_002,12,12_STK_003,0.0,-0.0
23,2021-12,1,01_USR_002,13,13_STK_004,0.0,-0.0
23,2021-12,1,01_USR_002,14,14_STK_005,0.0,-0.0
23,2021-12,2,02_USR_003,0,00_USR_001,-0.0,1.0
23,2021-12,2,02_USR_003,1,01_USR_002,-0.0,0.9981
23,2021-12,2,02_USR_003,2,02_USR_003,0.0,1.0
23,2021-12,2,02_USR_003,3,03_USR_004,-0.0,0.9984
23,2021-12,2,02_USR_003,4,04_USR_005,0.0,-1.0
23,2021-12,2,02_USR_003,5,05_USR_006,-0.0,0.9998
23,2021-12,2,02_USR_003,6,06_USR_007,-0.0,1.0
23,2021-12,2,02_USR_003,7,07_USR_008,-0.0,1.0
23,2021-12,2,02_USR_003,8,08_USR_009,0.0,-1.0
23,2021-12,2,02_USR_003,9,09_USR_010,0.0,-1.0
23,2021-12,2,02_USR_003,10,10_STK_001,0.0,-0.0
23,2021-12,2,02_USR_003,11,11_STK_002,0.0,-0.0
23,2021-12,2,02_USR_003,12,12_STK_003,0.0,-0.0
23,2021-12,2,02_USR_003,13,13_STK_004,0.0,-0.0
23,2021-12,2,02_USR_003,14,14_STK_005,0.0,-0.0
23,2021-12,3,03_USR_004,0,00_USR_001,0.0,-0.9983
23,2021-12,3,03_USR_004,1,01_USR_002,0.0,-0.9931
23,2021-12,3,03_USR_004,2,02_USR_003,-0.0,0.9984
23,2021-12,3,03_USR_004,3,03_USR_004,0.0,1.0
23,2021-12,3,03_USR_004,4,04_USR_005,-0.0,0.9984
23,2021-12,3,03_USR_004,5,05_USR_006,0.0,-0.9993
23,2021-12,3,03_USR_004,6,06_USR_007,0.0,-0.9985
23,2021-12,3,03_USR_004,7,07_USR_008,0.0,-0.9982
23,2021-12,3,03_USR_004,8,08_USR_009,-0.0,0.9982
23,2021-12,3,03_USR_004,9,09_USR_010,-0.0,0.9984
23,2021-12,3,03_USR_004,10,10_STK_001,0.0,-0.0
23,2021-12,3,03_USR_004,11,11_STK_002,0.0,-0.0
23,2021-12,3,03_USR_004,12,12_STK_003,0.0,-0.0
23,2021-12,3,03_USR_004,13,13_STK_004,0.0,-0.0
23,2021-12,3,03_USR_004,14,14_STK_005,0.0,-0.0
23,2021-12,4,04_USR_005,0,00_USR_001,-0.0,1.0
23,2021-12,4,04_USR_005,1,01_USR_002,-0.0,0.9982
23,2021-12,4,04_USR_005,2,02_USR_003,0.0,-1.0
23,2021-12,4,04_USR_005,3,03_USR_004,-0.0,0.9984
23,2021-12,4,04_USR_005,4,04_USR_005,0.0,1.0
23,2021-12,4,04_USR_005,5,05_USR_006,-0.0,0.9998
23,2021-12,4,04_USR_005,6,06_USR_007,-0.0,1.0
23,2021-12,4,04_USR_005,7,07_USR_008,-0.0,1.0
23,2021-12,4,04_USR_005,8,08_USR_009,0.0,-1.0
23,2021-12,4,04_USR_005,9,09_USR_010,0.0,-1.0
23,2021-12,4,04_USR_005,10,10_STK_001,0.0,-0.0
23,2021-12,4,04_USR_005,11,11_STK_002,0.0,-0.0
23,2021-12,4,04_USR_005,12,12_STK_003,0.0,-0.0
23,2021-12,4,04_USR_005,13,13_STK_004,0.0,-0.0
23,2021-12,4,04_USR_005,14,14_STK_005,0.0,-0.0
23,2021-12,5,05_USR_006,0,00_USR_001,0.0,-0.9998
23,2021-12,5,05_USR_006,1,01_USR_002,0.0,-0.9969
23,2021-12,5,05_USR_006,2,02_USR_003,-0.0,0.9998
23,2021-12,5,05_USR_006,3,03_USR_004,0.0,-0.9993
23,2021-12,5,05_USR_006,4,04_USR_005,-0.0,0.9998
23,2021-12,5,05_USR_006,5,05_USR_006,0.0,1.0
23,2021-12,5,05_USR_006,6,06_USR_007,0.0,-0.9999
23,2021-12,5,05_USR_006,7,07_USR_008,0.0,-0.9998
23,2021-12,5,05_USR_006,8,08_USR_009,-0.0,0.9998
23,2021-12,5,05_USR_006,9,09_USR_010,-0.0,0.9998
23,2021-12,5,05_USR_006,10,10_STK_001,0.0,-0.0
23,2021-12,5,05_USR_006,11,11_STK_002,0.0,-0.0
23,2021-12,5,05_USR_006,12,12_STK_003,0.0,-0.0
23,2021-12,5,05_USR_006,13,13_STK_004,0.0,-0.0
23,2021-12,5,05_USR_006,14,14_STK_005,0.0,-0.0
23,2021-12,6,06_USR_007,0,00_USR_001,0.0,-1.0
23,2021-12,6,06_USR_007,1,01_USR_002,0.0,-0.998
23,2021-12,6,06_USR_007,2,02_USR_003,-0.0,1.0
23,2021-12,6,06_USR_007,3,03_USR_004,0.0,-0.9985
23,2021-12,6,06_USR_007,4,04_USR_005,-0.0,1.0
23,2021-12,6,06_USR_007,5,05_USR_006,0.0,-0.9999
23,2021-12,6,06_USR_007,6,06_USR_007,0.0,1.0
23,2021-12,6,06_USR_007,7,07_USR_008,0.0,-1.0
23,2021-12,6,06_USR_007,8,08_USR_009,-0.0,1.0
23,2021-12,6,06_USR_007,9,09_USR_010,-0.0,1.0
23,2021-12,6,06_USR_007,10,10_STK_001,0.0,-0.0
23,2021-12,6,06_USR_007,11,11_STK_002,0.0,-0.0
23,2021-12,6,06_USR_007,12,12_STK_003,0.0,-0.0
23,2021-12,6,06_USR_007,13,13_STK_004,0.0,-0.0
23,2021-12,6,06_USR_007,14,14_STK_005,0.0,-0.0
23,2021-12,7,07_USR_008,0,00_USR_001,0.0,-1.0
23,2021-12,7,07_USR_008,1,01_USR_002,0.0,-0.9983
23,2021-12,7,07_USR_008,2,02_USR_003,-0.0,1.0
23,2021-12,7,07_USR_008,3,03_USR_004,0.0,-0.9982
23,2021-12,7,07_USR_008,4,04_USR_005,-0.0,1.0
23,2021-12,7,07_USR_008,5,05_USR_006,0.0,-0.9998
23,2021-12,7,07_USR_008,6,06_USR_007,0.0,-1.0
23,2021-12,7,07_USR_008,7,07_USR_008,0.0,1.0
23,2021-12,7,07_USR_008,8,08_USR_009,-0.0,1.0
23,2021-12,7,07_USR_008,9,09_USR_010,-0.0,1.0
23,2021-12,7,07_USR_008,10,10_STK_001,0.0,-0.0
23,2021-12,7,07_USR_008,11,11_STK_002,0.0,-0.0
23,2021-12,7,07_USR_008,12,12_STK_003,0.0,-0.0
23,2021-12,7,07_USR_008,13,13_STK_004,0.0,-0.0
23,2021-12,7,07_USR_008,14,14_STK_005,0.0,-0.0
23,2021-12,8,08_USR_009,0,00_USR_001,-0.0,1.0
23,2021-12,8,08_USR_009,1,01_USR_002,-0.0,0.9984
23,2021-12,8,08_USR_009,2,02_USR_003,0.0,-1.0
23,2021-12,8,08_USR_009,3,03_USR_004,-0.0,0.9982
23,2021-12,8,08_USR_009,4,04_USR_005,0.0,-1.0
23,2021-12,8,08_USR_009,5,05_USR_006,-0.0,0.9998
23,2021-12,8,08_USR_009,6,06_USR_007,-0.0,1.0
23,2021-12,8,08_USR_009,7,07_USR_008,-0.0,1.0
23,2021-12,8,08_USR_009,8,08_USR_009,0.0,1.0
23,2021-12,8,08_USR_009,9,09_USR_010,0.0,-1.0
23,2021-12,8,08_USR_009,10,10_STK_001,0.0,-0.0
23,2021-12,8,08_USR_009,11,11_STK_002,0.0,-0.0
23,2021-12,8,08_USR_009,12,12_STK_003,0.0,-0.0
23,2021-12,8,08_USR_009,13,13_STK_004,0.0,-0.0
23,2021-12,8,08_USR_009,14,14_STK_005,0.0,-0.0
23,2021-12,9,09_USR_010,0,00_USR_001,-0.0,1.0
23,2021-12,9,09_USR_010,1,01_USR_002,-0.0,0.9981
23,2021-12,9,09_USR_010,2,02_USR_003,0.0,-1.0
23,2021-12,9,09_USR_010,3,03_USR_004,-0.0,0.9984
23,2021-12,9,09_USR_010,4,04_USR_005,0.0,-1.0
23,2021-12,9,09_USR_010,5,05_USR_006,-0.0,0.9998
23,2021-12,9,09_USR_010,6,06_USR_007,-0.0,1.0
23,2021-12,9,09_USR_010,7,07_USR_008,-0.0,1.0
23,2021-12,9,09_USR_010,8,08_USR_009,0.0,-1.0
23,2021-12,9,09_USR_010,9,09_USR_010,0.0,1.0
23,2021-12,9,09_USR_010,10,10_STK_001,0.0,-0.0
23,2021-12,9,09_USR_010,11,11_STK_002,0.0,-0.0
23,2021-12,9,09_USR_010,12,12_STK_003,0.0,-0.0
23,2021-12,9,09_USR_010,13,13_STK_004,0.0,-0.0
23,2021-12,9,09_USR_010,14,14_STK_005,0.0,-0.0
23,2021-12,10,10_STK_001,0,00_USR_001,0.0,-0.0
23,2021-12,10,10_STK_001,1,01_USR_002,0.0,-0.0
23,2021-12,10,10_STK_001,2,02_USR_003,0.0,-0.0
23,2021-12,10,10_STK_001,3,03_USR_004,0.0,-0.0
23,2021-12,10,10_STK_001,4,04_USR_005,0.0,-0.0
23,2021-12,10,10_STK_001,5,05_USR_006,0.0,-0.0
23,2021-12,10,10_STK_001,6,06_USR_007,0.0,-0.0
23,2021-12,10,10_STK_001,7,07_USR_008,0.0,-0.0
23,2021-12,10,10_STK_001,8,08_USR_009,0.0,-0.0
23,2021-12,10,10_STK_001,9,09_USR_010,0.0,-0.0
23,2021-12,10,10_STK_001,10,10_STK_001,0.0,1.0
23,2021-12,10,10_STK_001,11,11_STK_002,0.0,-0.0
23,2021-12,10,10_STK_001,12,12_STK_003,0.0,-0.0
23,2021-12,10,10_STK_001,13,13_STK_004,0.0,-0.0
23,2021-12,10,10_STK_001,14,14_STK_005,0.0,-0.0
23,2021-12,11,11_STK_002,0,00_USR_001,0.0,-0.0
23,2021-12,11,11_STK_002,1,01_USR_002,0.0,-0.0
23,2021-12,11,11_STK_002,2,02_USR_003,0.0,-0.0
23,2021-12,11,11_STK_002,3,03_USR_004,0.0,-0.0
23,2021-12,11,11_STK_002,4,04_USR_005,0.0,-0.0
23,2021-12,11,11_STK_002,5,05_USR_006,0.0,-0.0
23,2021-12,11,11_STK_002,6,06_USR_007,0.0,-0.0
23,2021-12,11,11_STK_002,7,07_USR_008,0.0,-0.0
23,2021-12,11,11_STK_002,8,08_USR_009,0.0,-0.0
23,2021-12,11,11_STK_002,9,09_USR_010,0.0,-0.0
23,2021-12,11,11_STK_002,10,10_STK_001,0.0,-0.0
23,2021-12,11,11_STK_002,11,11_STK_002,0.0,1.0
23,2021-12,11,11_STK_002,12,12_STK_003,0.0,-0.0
23,2021-12,11,11_STK_002,13,13_STK_004,0.0,-0.0
23,2021-12,11,11_STK_002,14,14_STK_005,0.0,-0.0
23,2021-12,12,12_STK_003,0,00_USR_001,0.0,-0.0
23,2021-12,12,12_STK_003,1,01_USR_002,0.0,-0.0
23,2021-12,12,12_STK_003,2,02_USR_003,0.0,-0.0
23,2021-12,12,12_STK_003,3,03_USR_004,0.0,-0.0
23,2021-12,12,12_STK_003,4,04_USR_005,0.0,-0.0
23,2021-12,12,12_STK_003,5,05_USR_006,0.0,-0.0
23,2021-12,12,12_STK_003,6,06_USR_007,0.0,-0.0
23,2021-12,12,12_STK_003,7,07_USR_008,0.0,-0.0
23,2021-12,12,12_STK_003,8,08_USR_009,0.0,-0.0
23,2021-12,12,12_STK_003,9,09_USR_010,0.0,-0.0
23,2021-12,12,12_STK_003,10,10_STK_001,0.0,-0.0
23,2021-12,12,12_STK_003,11,11_STK_002,0.0,-0.0
23,2021-12,12,12_STK_003,12,12_STK_003,0.0,1.0
23,2021-12,12,12_STK_003,13,13_STK_004,0.0,-0.0
23,2021-12,12,12_STK_003,14,14_STK_005,0.0,-0.0
23,2021-12,13,13_STK_004,0,00_USR_001,0.0,-0.0
23,2021-12,13,13_STK_004,1,01_USR_002,0.0,-0.0
23,2021-12,13,13_STK_004,2,02_USR_003,0.0,-0.0
23,2021-12,13,13_STK_004,3,03_USR_004,0.0,-0.0
23,2021-12,13,13_STK_004,4,04_USR_005,0.0,-0.0
23,2021-12,13,13_STK_004,5,05_USR_006,0.0,-0.0
23,2021-12,13,13_STK_004,6,06_USR_007,0.0,-0.0
23,2021-12,13,13_STK_004,7,07_USR_008,0.0,-0.0
23,2021-12,13,13_STK_004,8,08_USR_009,0.0,-0.0
23,2021-12,13,13_STK_004,9,09_USR_010,0.0,-0.0
23,2021-12,13,13_STK_004,10,10_STK_001,0.0,-0.0
23,2021-12,13,13_STK_004,11,11_STK_002,0.0,-0.0
23,2021-12,13,13_STK_004,12,12_STK_003,0.0,-0.0
23,2021-12,13,13_STK_004,13,13_STK_004,0.0,1.0
23,2021-12,13,13_STK_004,14,14_STK_005,0.0,-0.0
23,2021-12,14,14_STK_005,0,00_USR_001,0.0,-0.0
23,2021-12,14,14_STK_005,1,01_USR_002,0.0,-0.0
23,2021-12,14,14_STK_005,2,02_USR_003,0.0,-0.0
23,2021-12,14,14_STK_005,3,03_USR_004,0.0,-0.0
23,2021-12,14,14_STK_005,4,04_USR_005,0.0,-0.0
23,2021-12,14,14_STK_005,5,05_USR_006,0.0,-0.0
23,2021-12,14,14_STK_005,6,06_USR_007,0.0,-0.0
23,2021-12,14,14_STK_005,7,07_USR_008,0.0,-0.0
23,2021-12,14,14_STK_005,8,08_USR_009,0.0,-0.0
23,2021-12,14,14_STK_005,9,09_USR_010,0.0,-0.0
23,2021-12,14,14_STK_005,10,10_STK_001,0.0,-0.0
23,2021-12,14,14_STK_005,11,11_STK_002,0.0,-0.0
23,2021-12,14,14_STK_005,12,12_STK_003,0.0,-0.0
23,2021-12,14,14_STK_005,13,13_STK_004,0.0,-0.0
23,2021-12,14,14_STK_005,14,14_STK_005,0.0,1.0
