t_idx,time_label,src_idx,src_label,dst_idx,jacobian_value
0,2020-01,0,00_USR_001,0,0.0
0,2020-01,0,00_USR_001,1,0.0
0,2020-01,0,00_USR_001,2,0.0
0,2020-01,0,00_USR_001,3,0.0
0,2020-01,0,00_USR_001,4,0.0
0,2020-01,0,00_USR_001,5,0.0
0,2020-01,0,00_USR_001,6,0.0
0,2020-01,0,00_USR_001,7,0.0
0,2020-01,0,00_USR_001,8,0.0
0,2020-01,0,00_USR_001,9,0.0
0,2020-01,0,00_USR_001,10,0.0
0,2020-01,0,00_USR_001,11,0.0
0,2020-01,0,00_USR_001,12,0.0
0,2020-01,0,00_USR_001,13,0.0
0,2020-01,0,00_USR_001,14,0.0
0,2020-01,1,01_USR_002,0,0.0
0,2020-01,1,01_USR_002,1,0.0
0,2020-01,1,01_USR_002,2,0.0
0,2020-01,1,01_USR_002,3,0.0
0,2020-01,1,01_USR_002,4,0.0
0,2020-01,1,01_USR_002,5,0.0
0,2020-01,1,01_USR_002,6,0.0
0,2020-01,1,01_USR_002,7,0.0
0,2020-01,1,01_USR_002,8,0.0
0,2020-01,1,01_USR_002,9,0.0
0,2020-01,1,01_USR_002,10,0.0
0,2020-01,1,01_USR_002,11,0.0
0,2020-01,1,01_USR_002,12,0.0
0,2020-01,1,01_USR_002,13,0.0
0,2020-01,1,01_USR_002,14,0.0
0,2020-01,2,02_USR_003,0,0.0
0,2020-01,2,02_USR_003,1,0.0
0,2020-01,2,02_USR_003,2,0.0
0,2020-01,2,02_USR_003,3,0.803256
0,2020-01,2,02_USR_003,4,0.016125
0,2020-01,2,02_USR_003,5,0.026518
0,2020-01,2,02_USR_003,6,0.0
0,2020-01,2,02_USR_003,7,0.004101
0,2020-01,2,02_USR_003,8,0.0
0,2020-01,2,02_USR_003,9,0.0
0,2020-01,2,02_USR_003,10,0.0
0,2020-01,2,02_USR_003,11,0.0
0,2020-01,2,02_USR_003,12,0.0
0,2020-01,2,02_USR_003,13,0.0
0,2020-01,2,02_USR_003,14,0.0
0,2020-01,3,03_USR_004,0,0.081462
0,2020-01,3,03_USR_004,1,0.0
0,2020-01,3,03_USR_004,2,0.671222
0,2020-01,3,03_USR_004,3,0.0
0,2020-01,3,03_USR_004,4,0.015638
0,2020-01,3,03_USR_004,5,0.003599
0,2020-01,3,03_USR_004,6,0.003286
0,2020-01,3,03_USR_004,7,0.015985
0,2020-01,3,03_USR_004,8,0.029021
0,2020-01,3,03_USR_004,9,0.029787
0,2020-01,3,03_USR_004,10,0.0
0,2020-01,3,03_USR_004,11,0.0
0,2020-01,3,03_USR_004,12,0.0
0,2020-01,3,03_USR_004,13,0.0
0,2020-01,3,03_USR_004,14,0.0
0,2020-01,4,04_USR_005,0,0.0
0,2020-01,4,04_USR_005,1,0.0
0,2020-01,4,04_USR_005,2,0.351197
0,2020-01,4,04_USR_005,3,0.498803
0,2020-01,4,04_USR_005,4,0.0
0,2020-01,4,04_USR_005,5,0.0
0,2020-01,4,04_USR_005,6,0.0
0,2020-01,4,04_USR_005,7,0.0
0,2020-01,4,04_USR_005,8,0.0
0,2020-01,4,04_USR_005,9,0.0
0,2020-01,4,04_USR_005,10,0.0
0,2020-01,4,04_USR_005,11,0.0
0,2020-01,4,04_USR_005,12,0.0
0,2020-01,4,04_USR_005,13,0.0
0,2020-01,4,04_USR_005,14,0.0
0,2020-01,5,05_USR_006,0,0.0
0,2020-01,5,05_USR_006,1,0.0
0,2020-01,5,05_USR_006,2,0.0
0,2020-01,5,05_USR_006,3,0.85
0,2020-01,5,05_USR_006,4,0.0
0,2020-01,5,05_USR_006,5,0.0
0,2020-01,5,05_USR_006,6,0.0
0,2020-01,5,05_USR_006,7,0.0
0,2020-01,5,05_USR_006,8,0.0
0,2020-01,5,05_USR_006,9,0.0
0,2020-01,5,05_USR_006,10,0.0
0,2020-01,5,05_USR_006,11,0.0
0,2020-01,5,05_USR_006,12,0.0
0,2020-01,5,05_USR_006,13,0.0
0,2020-01,5,05_USR_006,14,0.0
0,2020-01,6,06_USR_007,0,0.0
0,2020-01,6,06_USR_007,1,0.0
0,2020-01,6,06_USR_007,2,0.85
0,2020-01,6,06_USR_007,3,0.0
0,2020-01,6,06_USR_007,4,0.0
0,2020-01,6,06_USR_007,5,0.0
0,2020-01,6,06_USR_007,6,0.0
0,2020-01,6,06_USR_007,7,0.0
0,2020-01,6,06_USR_007,8,0.0
0,2020-01,6,06_USR_007,9,0.0
0,2020-01,6,06_USR_007,10,0.0
0,2020-01,6,06_USR_007,11,0.0
0,2020-01,6,06_USR_007,12,0.0
0,2020-01,6,06_USR_007,13,0.0
0,2020-01,6,06_USR_007,14,0.0
0,2020-01,7,07_USR_008,0,0.0
0,2020-01,7,07_USR_008,1,0.0
0,2020-01,7,07_USR_008,2,0.0
0,2020-01,7,07_USR_008,3,0.85
0,2020-01,7,07_USR_008,4,0.0
0,2020-01,7,07_USR_008,5,0.0
0,2020-01,7,07_USR_008,6,0.0
0,2020-01,7,07_USR_008,7,0.0
0,2020-01,7,07_USR_008,8,0.0
0,2020-01,7,07_USR_008,9,0.0
0,2020-01,7,07_USR_008,10,0.0
0,2020-01,7,07_USR_008,11,0.0
0,2020-01,7,07_USR_008,12,0.0
0,2020-01,7,07_USR_008,13,0.0
0,2020-01,7,07_USR_008,14,0.0
0,2020-01,8,08_USR_009,0,0.0
0,2020-01,8,08_USR_009,1,0.0
0,2020-01,8,08_USR_009,2,0.47723
0,2020-01,8,08_USR_009,3,0.37277
0,2020-01,8,08_USR_009,4,0.0
0,2020-01,8,08_USR_009,5,0.0
0,2020-01,8,08_USR_009,6,0.0
0,2020-01,8,08_USR_009,7,0.0
0,2020-01,8,08_USR_009,8,0.0
0,2020-01,8,08_USR_009,9,0.0
0,2020-01,8,08_USR_009,10,0.0
0,2020-01,8,08_USR_009,11,0.0
0,2020-01,8,08_USR_009,12,0.0
0,2020-01,8,08_USR_009,13,0.0
0,2020-01,8,08_USR_009,14,0.0
0,2020-01,9,09_USR_010,0,0.0
0,2020-01,9,09_USR_010,1,0.0
0,2020-01,9,09_USR_010,2,0.0
0,2020-01,9,09_USR_010,3,0.0
0,2020-01,9,09_USR_010,4,0.0
0,2020-01,9,09_USR_010,5,0.0
0,2020-01,9,09_USR_010,6,0.0
0,2020-01,9,09_USR_010,7,0.0
0,2020-01,9,09_USR_010,8,0.0
0,2020-01,9,09_USR_010,9,0.0
0,2020-01,9,09_USR_010,10,0.0
0,2020-01,9,09_USR_010,11,0.0
0,2020-01,9,09_USR_010,12,0.0
0,2020-01,9,09_USR_010,13,0.0
0,2020-01,9,09_USR_010,14,0.0
0,2020-01,10,10_STK_001,0,0.0
0,2020-01,10,10_STK_001,1,0.0
0,2020-01,10,10_STK_001,2,0.0
0,2020-01,10,10_STK_001,3,0.0
0,2020-01,10,10_STK_001,4,0.0
0,2020-01,10,10_STK_001,5,0.0
0,2020-01,10,10_STK_001,6,0.0
0,2020-01,10,10_STK_001,7,0.0
0,2020-01,10,10_STK_001,8,0.0
0,2020-01,10,10_STK_001,9,0.0
0,2020-01,10,10_STK_001,10,0.0
0,2020-01,10,10_STK_001,11,0.0
0,2020-01,10,10_STK_001,12,0.0
0,2020-01,10,10_STK_001,13,0.0
0,2020-01,10,10_STK_001,14,0.0
0,2020-01,11,11_STK_002,0,0.0
0,2020-01,11,11_STK_002,1,0.0
0,2020-01,11,11_STK_002,2,0.0
0,2020-01,11,11_STK_002,3,0.0
0,2020-01,11,11_STK_002,4,0.0
0,2020-01,11,11_STK_002,5,0.0
0,2020-01,11,11_STK_002,6,0.0
0,2020-01,11,11_STK_002,7,0.0
0,2020-01,11,11_STK_002,8,0.0
0,2020-01,11,11_STK_002,9,0.0
0,2020-01,11,11_STK_002,10,0.0
0,2020-01,11,11_STK_002,11,0.0
0,2020-01,11,11_STK_002,12,0.0
0,2020-01,11,11_STK_002,13,0.0
0,2020-01,11,11_STK_002,14,0.0
0,2020-01,12,12_STK_003,0,0.0
0,2020-01,12,12_STK_003,1,0.0
0,2020-01,12,12_STK_003,2,0.0
0,2020-01,12,12_STK_003,3,0.0
0,2020-01,12,12_STK_003,4,0.0
0,2020-01,12,12_STK_003,5,0.0
0,2020-01,12,12_STK_003,6,0.0
0,2020-01,12,12_STK_003,7,0.0
0,2020-01,12,12_STK_003,8,0.0
0,2020-01,12,12_STK_003,9,0.0
0,2020-01,12,12_STK_003,10,0.0
0,2020-01,12,12_STK_003,11,0.0
0,2020-01,12,12_STK_003,12,0.0
0,2020-01,12,12_STK_003,13,0.0
0,2020-01,12,12_STK_003,14,0.0
0,2020-01,13,13_STK_004,0,0.0
0,2020-01,13,13_STK_004,1,0.0
0,2020-01,13,13_STK_004,2,0.0
0,2020-01,13,13_STK_004,3,0.0
0,2020-01,13,13_STK_004,4,0.0
0,2020-01,13,13_STK_004,5,0.0
0,2020-01,13,13_STK_004,6,0.0
0,2020-01,13,13_STK_004,7,0.0
0,2020-01,13,13_STK_004,8,0.0
0,2020-01,13,13_STK_004,9,0.0
0,2020-01,13,13_STK_004,10,0.0
0,2020-01,13,13_STK_004,11,0.0
0,2020-01,13,13_STK_004,12,0.0
0,2020-01,13,13_STK_004,13,0.0
0,2020-01,13,13_STK_004,14,0.0
0,2020-01,14,14_STK_005,0,0.0
0,2020-01,14,14_STK_005,1,0.0
0,2020-01,14,14_STK_005,2,0.0
0,2020-01,14,14_STK_005,3,0.0
0,2020-01,14,14_STK_005,4,0.0
0,2020-01,14,14_STK_005,5,0.0
0,2020-01,14,14_STK_005,6,0.0
0,2020-01,14,14_STK_005,7,0.0
0,2020-01,14,14_STK_005,8,0.0
0,2020-01,14,14_STK_005,9,0.0
0,2020-01,14,14_STK_005,10,0.0
0,2020-01,14,14_STK_005,11,0.0
0,2020-01,14,14_STK_005,12,0.0
0,2020-01,14,14_STK_005,13,0.0
0,2020-01,14,14_STK_005,14,0.0
1,2020-02,0,00_USR_001,0,0.0
1,2020-02,0,00_USR_001,1,0.0
1,2020-02,0,00_USR_001,2,0.0
1,2020-02,0,00_USR_001,3,0.0
1,2020-02,0,00_USR_001,4,0.0
1,2020-02,0,00_USR_001,5,0.0
1,2020-02,0,00_USR_001,6,0.0
1,2020-02,0,00_USR_001,7,0.0
1,2020-02,0,00_USR_001,8,0.0
1,2020-02,0,00_USR_001,9,0.0
1,2020-02,0,00_USR_001,10,0.0
1,2020-02,0,00_USR_001,11,0.0
1,2020-02,0,00_USR_001,12,0.0
1,2020-02,0,00_USR_001,13,0.0
1,2020-02,0,00_USR_001,14,0.0
1,2020-02,1,01_USR_002,0,0.0
1,2020-02,1,01_USR_002,1,0.0
1,2020-02,1,01_USR_002,2,0.0
1,2020-02,1,01_USR_002,3,0.0
1,2020-02,1,01_USR_002,4,0.0
1,2020-02,1,01_USR_002,5,0.0
1,2020-02,1,01_USR_002,6,0.0
1,2020-02,1,01_USR_002,7,0.0
1,2020-02,1,01_USR_002,8,0.0
1,2020-02,1,01_USR_002,9,0.0
1,2020-02,1,01_USR_002,10,0.0
1,2020-02,1,01_USR_002,11,0.0
1,2020-02,1,01_USR_002,12,0.0
1,2020-02,1,01_USR_002,13,0.0
1,2020-02,1,01_USR_002,14,0.0
1,2020-02,2,02_USR_003,0,0.0
1,2020-02,2,02_USR_003,1,0.062631
1,2020-02,2,02_USR_003,2,0.0
1,2020-02,2,02_USR_003,3,0.656945
1,2020-02,2,02_USR_003,4,0.018071
1,2020-02,2,02_USR_003,5,0.0
1,2020-02,2,02_USR_003,6,0.027851
1,2020-02,2,02_USR_003,7,0.016914
1,2020-02,2,02_USR_003,8,0.018725
1,2020-02,2,02_USR_003,9,0.048862
1,2020-02,2,02_USR_003,10,0.0
1,2020-02,2,02_USR_003,11,0.0
1,2020-02,2,02_USR_003,12,0.0
1,2020-02,2,02_USR_003,13,0.0
1,2020-02,2,02_USR_003,14,0.0
1,2020-02,3,03_USR_004,0,0.0
1,2020-02,3,03_USR_004,1,0.0
1,2020-02,3,03_USR_004,2,0.783793
1,2020-02,3,03_USR_004,3,0.0
1,2020-02,3,03_USR_004,4,0.02046
1,2020-02,3,03_USR_004,5,0.020012
1,2020-02,3,03_USR_004,6,0.0
1,2020-02,3,03_USR_004,7,0.0
1,2020-02,3,03_USR_004,8,0.008517
1,2020-02,3,03_USR_004,9,0.017218
1,2020-02,3,03_USR_004,10,0.0
1,2020-02,3,03_USR_004,11,0.0
1,2020-02,3,03_USR_004,12,0.0
1,2020-02,3,03_USR_004,13,0.0
1,2020-02,3,03_USR_004,14,0.0
1,2020-02,4,04_USR_005,0,0.0
1,2020-02,4,04_USR_005,1,0.0
1,2020-02,4,04_USR_005,2,0.0
1,2020-02,4,04_USR_005,3,0.85
1,2020-02,4,04_USR_005,4,0.0
1,2020-02,4,04_USR_005,5,0.0
1,2020-02,4,04_USR_005,6,0.0
1,2020-02,4,04_USR_005,7,0.0
1,2020-02,4,04_USR_005,8,0.0
1,2020-02,4,04_USR_005,9,0.0
1,2020-02,4,04_USR_005,10,0.0
1,2020-02,4,04_USR_005,11,0.0
1,2020-02,4,04_USR_005,12,0.0
1,2020-02,4,04_USR_005,13,0.0
1,2020-02,4,04_USR_005,14,0.0
1,2020-02,5,05_USR_006,0,0.0
1,2020-02,5,05_USR_006,1,0.0
1,2020-02,5,05_USR_006,2,0.0
1,2020-02,5,05_USR_006,3,0.0
1,2020-02,5,05_USR_006,4,0.0
1,2020-02,5,05_USR_006,5,0.0
1,2020-02,5,05_USR_006,6,0.0
1,2020-02,5,05_USR_006,7,0.0
1,2020-02,5,05_USR_006,8,0.0
1,2020-02,5,05_USR_006,9,0.0
1,2020-02,5,05_USR_006,10,0.0
1,2020-02,5,05_USR_006,11,0.0
1,2020-02,5,05_USR_006,12,0.0
1,2020-02,5,05_USR_006,13,0.0
1,2020-02,5,05_USR_006,14,0.0
1,2020-02,6,06_USR_007,0,0.0
1,2020-02,6,06_USR_007,1,0.0
1,2020-02,6,06_USR_007,2,0.246648
1,2020-02,6,06_USR_007,3,0.603352
1,2020-02,6,06_USR_007,4,0.0
1,2020-02,6,06_USR_007,5,0.0
1,2020-02,6,06_USR_007,6,0.0
1,2020-02,6,06_USR_007,7,0.0
1,2020-02,6,06_USR_007,8,0.0
1,2020-02,6,06_USR_007,9,0.0
1,2020-02,6,06_USR_007,10,0.0
1,2020-02,6,06_USR_007,11,0.0
1,2020-02,6,06_USR_007,12,0.0
1,2020-02,6,06_USR_007,13,0.0
1,2020-02,6,06_USR_007,14,0.0
1,2020-02,7,07_USR_008,0,0.0
1,2020-02,7,07_USR_008,1,0.0
1,2020-02,7,07_USR_008,2,0.51622
1,2020-02,7,07_USR_008,3,0.33378
1,2020-02,7,07_USR_008,4,0.0
1,2020-02,7,07_USR_008,5,0.0
1,2020-02,7,07_USR_008,6,0.0
1,2020-02,7,07_USR_008,7,0.0
1,2020-02,7,07_USR_008,8,0.0
1,2020-02,7,07_USR_008,9,0.0
1,2020-02,7,07_USR_008,10,0.0
1,2020-02,7,07_USR_008,11,0.0
1,2020-02,7,07_USR_008,12,0.0
1,2020-02,7,07_USR_008,13,0.0
1,2020-02,7,07_USR_008,14,0.0
1,2020-02,8,08_USR_009,0,0.0
1,2020-02,8,08_USR_009,1,0.0
1,2020-02,8,08_USR_009,2,0.85
1,2020-02,8,08_USR_009,3,0.0
1,2020-02,8,08_USR_009,4,0.0
1,2020-02,8,08_USR_009,5,0.0
1,2020-02,8,08_USR_009,6,0.0
1,2020-02,8,08_USR_009,7,0.0
1,2020-02,8,08_USR_009,8,0.0
1,2020-02,8,08_USR_009,9,0.0
1,2020-02,8,08_USR_009,10,0.0
1,2020-02,8,08_USR_009,11,0.0
1,2020-02,8,08_USR_009,12,0.0
1,2020-02,8,08_USR_009,13,0.0
1,2020-02,8,08_USR_009,14,0.0
1,2020-02,9,09_USR_010,0,0.0
1,2020-02,9,09_USR_010,1,0.0
1,2020-02,9,09_USR_010,2,0.194497
1,2020-02,9,09_USR_010,3,0.655503
1,2020-02,9,09_USR_010,4,0.0
1,2020-02,9,09_USR_010,5,0.0
1,2020-02,9,09_USR_010,6,0.0
1,2020-02,9,09_USR_010,7,0.0
1,2020-02,9,09_USR_010,8,0.0
1,2020-02,9,09_USR_010,9,0.0
1,2020-02,9,09_USR_010,10,0.0
1,2020-02,9,09_USR_010,11,0.0
1,2020-02,9,09_USR_010,12,0.0
1,2020-02,9,09_USR_010,13,0.0
1,2020-02,9,09_USR_010,14,0.0
1,2020-02,10,10_STK_001,0,0.0
1,2020-02,10,10_STK_001,1,0.0
1,2020-02,10,10_STK_001,2,0.0
1,2020-02,10,10_STK_001,3,0.0
1,2020-02,10,10_STK_001,4,0.0
1,2020-02,10,10_STK_001,5,0.0
1,2020-02,10,10_STK_001,6,0.0
1,2020-02,10,10_STK_001,7,0.0
1,2020-02,10,10_STK_001,8,0.0
1,2020-02,10,10_STK_001,9,0.0
1,2020-02,10,10_STK_001,10,0.0
1,2020-02,10,10_STK_001,11,0.0
1,2020-02,10,10_STK_001,12,0.0
1,2020-02,10,10_STK_001,13,0.0
1,2020-02,10,10_STK_001,14,0.0
1,2020-02,11,11_STK_002,0,0.0
1,2020-02,11,11_STK_002,1,0.0
1,2020-02,11,11_STK_002,2,0.0
1,2020-02,11,11_STK_002,3,0.0
1,2020-02,11,11_STK_002,4,0.0
1,2020-02,11,11_STK_002,5,0.0
1,2020-02,11,11_STK_002,6,0.0
1,2020-02,11,11_STK_002,7,0.0
1,2020-02,11,11_STK_002,8,0.0
1,2020-02,11,11_STK_002,9,0.0
1,2020-02,11,11_STK_002,10,0.0
1,2020-02,11,11_STK_002,11,0.0
1,2020-02,11,11_STK_002,12,0.0
1,2020-02,11,11_STK_002,13,0.0
1,2020-02,11,11_STK_002,14,0.0
1,2020-02,12,12_STK_003,0,0.0
1,2020-02,12,12_STK_003,1,0.0
1,2020-02,12,12_STK_003,2,0.0
1,2020-02,12,12_STK_003,3,0.0
1,2020-02,12,12_STK_003,4,0.0
1,2020-02,12,12_STK_003,5,0.0
1,2020-02,12,12_STK_003,6,0.0
1,2020-02,12,12_STK_003,7,0.0
1,2020-02,12,12_STK_003,8,0.0
1,2020-02,12,12_STK_003,9,0.0
1,2020-02,12,12_STK_003,10,0.0
1,2020-02,12,12_STK_003,11,0.0
1,2020-02,12,12_STK_003,12,0.0
1,2020-02,12,12_STK_003,13,0.0
1,2020-02,12,12_STK_003,14,0.0
1,2020-02,13,13_STK_004,0,0.0
1,2020-02,13,13_STK_004,1,0.0
1,2020-02,13,13_STK_004,2,0.0
1,2020-02,13,13_STK_004,3,0.0
1,2020-02,13,13_STK_004,4,0.0
1,2020-02,13,13_STK_004,5,0.0
1,2020-02,13,13_STK_004,6,0.0
1,2020-02,13,13_STK_004,7,0.0
1,2020-02,13,13_STK_004,8,0.0
1,2020-02,13,13_STK_004,9,0.0
1,2020-02,13,13_STK_004,10,0.0
1,2020-02,13,13_STK_004,11,0.0
1,2020-02,13,13_STK_004,12,0.0
1,2020-02,13,13_STK_004,13,0.0
1,2020-02,13,13_STK_004,14,0.0
1,2020-02,14,14_STK_005,0,0.0
1,2020-02,14,14_STK_005,1,0.0
1,2020-02,14,14_STK_005,2,0.0
1,2020-02,14,14_STK_005,3,0.0
1,2020-02,14,14_STK_005,4,0.0
1,2020-02,14,14_STK_005,5,0.0
1,2020-02,14,14_STK_005,6,0.0
1,2020-02,14,14_STK_005,7,0.0
1,2020-02,14,14_STK_005,8,0.0
1,2020-02,14,14_STK_005,9,0.0
1,2020-02,14,14_STK_005,10,0.0
1,2020-02,14,14_STK_005,11,0.0
1,2020-02,14,14_STK_005,12,0.0
1,2020-02,14,14_STK_005,13,0.0
1,2020-02,14,14_STK_005,14,0.0
2,2020-03,0,00_USR_001,0,0.0
2,2020-03,0,00_USR_001,1,0.0
2,2020-03,0,00_USR_001,2,0.0
2,2020-03,0,00_USR_001,3,0.0
2,2020-03,0,00_USR_001,4,0.0
2,2020-03,0,00_USR_001,5,0.0
2,2020-03,0,00_USR_001,6,0.0
2,2020-03,0,00_USR_001,7,0.0
2,2020-03,0,00_USR_001,8,0.0
2,2020-03,0,00_USR_001,9,0.0
2,2020-03,0,00_USR_001,10,0.0
2,2020-03,0,00_USR_001,11,0.0
2,2020-03,0,00_USR_001,12,0.0
2,2020-03,0,00_USR_001,13,0.0
2,2020-03,0,00_USR_001,14,0.0
2,2020-03,1,01_USR_002,0,0.0
2,2020-03,1,01_USR_002,1,0.0
2,2020-03,1,01_USR_002,2,0.85
2,2020-03,1,01_USR_002,3,0.0
2,2020-03,1,01_USR_002,4,0.0
2,2020-03,1,01_USR_002,5,0.0
2,2020-03,1,01_USR_002,6,0.0
2,2020-03,1,01_USR_002,7,0.0
2,2020-03,1,01_USR_002,8,0.0
2,2020-03,1,01_USR_002,9,0.0
2,2020-03,1,01_USR_002,10,0.0
2,2020-03,1,01_USR_002,11,0.0
2,2020-03,1,01_USR_002,12,0.0
2,2020-03,1,01_USR_002,13,0.0
2,2020-03,1,01_USR_002,14,0.0
2,2020-03,2,02_USR_003,0,0.0
2,2020-03,2,02_USR_003,1,0.0
2,2020-03,2,02_USR_003,2,0.0
2,2020-03,2,02_USR_003,3,0.80914
2,2020-03,2,02_USR_003,4,0.033806
2,2020-03,2,02_USR_003,5,0.0
2,2020-03,2,02_USR_003,6,0.0
2,2020-03,2,02_USR_003,7,0.0
2,2020-03,2,02_USR_003,8,0.0
2,2020-03,2,02_USR_003,9,0.007053
2,2020-03,2,02_USR_003,10,0.0
2,2020-03,2,02_USR_003,11,0.0
2,2020-03,2,02_USR_003,12,0.0
2,2020-03,2,02_USR_003,13,0.0
2,2020-03,2,02_USR_003,14,0.0
2,2020-03,3,03_USR_004,0,0.21985
2,2020-03,3,03_USR_004,1,0.0
2,2020-03,3,03_USR_004,2,0.331487
2,2020-03,3,03_USR_004,3,0.0
2,2020-03,3,03_USR_004,4,0.033651
2,2020-03,3,03_USR_004,5,0.0
2,2020-03,3,03_USR_004,6,0.076327
2,2020-03,3,03_USR_004,7,0.023032
2,2020-03,3,03_USR_004,8,0.051259
2,2020-03,3,03_USR_004,9,0.114395
2,2020-03,3,03_USR_004,10,0.0
2,2020-03,3,03_USR_004,11,0.0
2,2020-03,3,03_USR_004,12,0.0
2,2020-03,3,03_USR_004,13,0.0
2,2020-03,3,03_USR_004,14,0.0
2,2020-03,4,04_USR_005,0,0.0
2,2020-03,4,04_USR_005,1,0.0
2,2020-03,4,04_USR_005,2,0.0
2,2020-03,4,04_USR_005,3,0.85
2,2020-03,4,04_USR_005,4,0.0
2,2020-03,4,04_USR_005,5,0.0
2,2020-03,4,04_USR_005,6,0.0
2,2020-03,4,04_USR_005,7,0.0
2,2020-03,4,04_USR_005,8,0.0
2,2020-03,4,04_USR_005,9,0.0
2,2020-03,4,04_USR_005,10,0.0
2,2020-03,4,04_USR_005,11,0.0
2,2020-03,4,04_USR_005,12,0.0
2,2020-03,4,04_USR_005,13,0.0
2,2020-03,4,04_USR_005,14,0.0
2,2020-03,5,05_USR_006,0,0.0
2,2020-03,5,05_USR_006,1,0.0
2,2020-03,5,05_USR_006,2,0.0
2,2020-03,5,05_USR_006,3,0.85
2,2020-03,5,05_USR_006,4,0.0
2,2020-03,5,05_USR_006,5,0.0
2,2020-03,5,05_USR_006,6,0.0
2,2020-03,5,05_USR_006,7,0.0
2,2020-03,5,05_USR_006,8,0.0
2,2020-03,5,05_USR_006,9,0.0
2,2020-03,5,05_USR_006,10,0.0
2,2020-03,5,05_USR_006,11,0.0
2,2020-03,5,05_USR_006,12,0.0
2,2020-03,5,05_USR_006,13,0.0
2,2020-03,5,05_USR_006,14,0.0
2,2020-03,6,06_USR_007,0,0.0
2,2020-03,6,06_USR_007,1,0.0
2,2020-03,6,06_USR_007,2,0.0
2,2020-03,6,06_USR_007,3,0.85
2,2020-03,6,06_USR_007,4,0.0
2,2020-03,6,06_USR_007,5,0.0
2,2020-03,6,06_USR_007,6,0.0
2,2020-03,6,06_USR_007,7,0.0
2,2020-03,6,06_USR_007,8,0.0
2,2020-03,6,06_USR_007,9,0.0
2,2020-03,6,06_USR_007,10,0.0
2,2020-03,6,06_USR_007,11,0.0
2,2020-03,6,06_USR_007,12,0.0
2,2020-03,6,06_USR_007,13,0.0
2,2020-03,6,06_USR_007,14,0.0
2,2020-03,7,07_USR_008,0,0.0
2,2020-03,7,07_USR_008,1,0.0
2,2020-03,7,07_USR_008,2,0.709293
2,2020-03,7,07_USR_008,3,0.140707
2,2020-03,7,07_USR_008,4,0.0
2,2020-03,7,07_USR_008,5,0.0
2,2020-03,7,07_USR_008,6,0.0
2,2020-03,7,07_USR_008,7,0.0
2,2020-03,7,07_USR_008,8,0.0
2,2020-03,7,07_USR_008,9,0.0
2,2020-03,7,07_USR_008,10,0.0
2,2020-03,7,07_USR_008,11,0.0
2,2020-03,7,07_USR_008,12,0.0
2,2020-03,7,07_USR_008,13,0.0
2,2020-03,7,07_USR_008,14,0.0
2,2020-03,8,08_USR_009,0,0.0
2,2020-03,8,08_USR_009,1,0.0
2,2020-03,8,08_USR_009,2,0.765528
2,2020-03,8,08_USR_009,3,0.084472
2,2020-03,8,08_USR_009,4,0.0
2,2020-03,8,08_USR_009,5,0.0
2,2020-03,8,08_USR_009,6,0.0
2,2020-03,8,08_USR_009,7,0.0
2,2020-03,8,08_USR_009,8,0.0
2,2020-03,8,08_USR_009,9,0.0
2,2020-03,8,08_USR_009,10,0.0
2,2020-03,8,08_USR_009,11,0.0
2,2020-03,8,08_USR_009,12,0.0
2,2020-03,8,08_USR_009,13,0.0
2,2020-03,8,08_USR_009,14,0.0
2,2020-03,9,09_USR_010,0,0.0
2,2020-03,9,09_USR_010,1,0.0
2,2020-03,9,09_USR_010,2,0.35734
2,2020-03,9,09_USR_010,3,0.49266
2,2020-03,9,09_USR_010,4,0.0
2,2020-03,9,09_USR_010,5,0.0
2,2020-03,9,09_USR_010,6,0.0
2,2020-03,9,09_USR_010,7,0.0
2,2020-03,9,09_USR_010,8,0.0
2,2020-03,9,09_USR_010,9,0.0
2,2020-03,9,09_USR_010,10,0.0
2,2020-03,9,09_USR_010,11,0.0
2,2020-03,9,09_USR_010,12,0.0
2,2020-03,9,09_USR_010,13,0.0
2,2020-03,9,09_USR_010,14,0.0
2,2020-03,10,10_STK_001,0,0.0
2,2020-03,10,10_STK_001,1,0.0
2,2020-03,10,10_STK_001,2,0.0
2,2020-03,10,10_STK_001,3,0.0
2,2020-03,10,10_STK_001,4,0.0
2,2020-03,10,10_STK_001,5,0.0
2,2020-03,10,10_STK_001,6,0.0
2,2020-03,10,10_STK_001,7,0.0
2,2020-03,10,10_STK_001,8,0.0
2,2020-03,10,10_STK_001,9,0.0
2,2020-03,10,10_STK_001,10,0.0
2,2020-03,10,10_STK_001,11,0.0
2,2020-03,10,10_STK_001,12,0.0
2,2020-03,10,10_STK_001,13,0.0
2,2020-03,10,10_STK_001,14,0.0
2,2020-03,11,11_STK_002,0,0.0
2,2020-03,11,11_STK_002,1,0.0
2,2020-03,11,11_STK_002,2,0.0
2,2020-03,11,11_STK_002,3,0.0
2,2020-03,11,11_STK_002,4,0.0
2,2020-03,11,11_STK_002,5,0.0
2,2020-03,11,11_STK_002,6,0.0
2,2020-03,11,11_STK_002,7,0.0
2,2020-03,11,11_STK_002,8,0.0
2,2020-03,11,11_STK_002,9,0.0
2,2020-03,11,11_STK_002,10,0.0
2,2020-03,11,11_STK_002,11,0.0
2,2020-03,11,11_STK_002,12,0.0
2,2020-03,11,11_STK_002,13,0.0
2,2020-03,11,11_STK_002,14,0.0
2,2020-03,12,12_STK_003,0,0.0
2,2020-03,12,12_STK_003,1,0.0
2,2020-03,12,12_STK_003,2,0.0
2,2020-03,12,12_STK_003,3,0.0
2,2020-03,12,12_STK_003,4,0.0
2,2020-03,12,12_STK_003,5,0.0
2,2020-03,12,12_STK_003,6,0.0
2,2020-03,12,12_STK_003,7,0.0
2,2020-03,12,12_STK_003,8,0.0
2,2020-03,12,12_STK_003,9,0.0
2,2020-03,12,12_STK_003,10,0.0
2,2020-03,12,12_STK_003,11,0.0
2,2020-03,12,12_STK_003,12,0.0
2,2020-03,12,12_STK_003,13,0.0
2,2020-03,12,12_STK_003,14,0.0
2,2020-03,13,13_STK_004,0,0.0
2,2020-03,13,13_STK_004,1,0.0
2,2020-03,13,13_STK_004,2,0.0
2,2020-03,13,13_STK_004,3,0.0
2,2020-03,13,13_STK_004,4,0.0
2,2020-03,13,13_STK_004,5,0.0
2,2020-03,13,13_STK_004,6,0.0
2,2020-03,13,13_STK_004,7,0.0
2,2020-03,13,13_STK_004,8,0.0
2,2020-03,13,13_STK_004,9,0.0
2,2020-03,13,13_STK_004,10,0.0
2,2020-03,13,13_STK_004,11,0.0
2,2020-03,13,13_STK_004,12,0.0
2,2020-03,13,13_STK_004,13,0.0
2,2020-03,13,13_STK_004,14,0.0
2,2020-03,14,14_STK_005,0,0.0
2,2020-03,14,14_STK_005,1,0.0
2,2020-03,14,14_STK_005,2,0.0
2,2020-03,14,14_STK_005,3,0.0
2,2020-03,14,14_STK_005,4,0.0
2,2020-03,14,14_STK_005,5,0.0
2,2020-03,14,14_STK_005,6,0.0
2,2020-03,14,14_STK_005,7,0.0
2,2020-03,14,14_STK_005,8,0.0
2,2020-03,14,14_STK_005,9,0.0
2,2020-03,14,14_STK_005,10,0.0
2,2020-03,14,14_STK_005,11,0.0
2,2020-03,14,14_STK_005,12,0.0
2,2020-03,14,14_STK_005,13,0.0
2,2020-03,14,14_STK_005,14,0.0
3,2020-04,0,00_USR_001,0,0.0
3,2020-04,0,00_USR_001,1,0.0
3,2020-04,0,00_USR_001,2,0.0
3,2020-04,0,00_USR_001,3,0.0
3,2020-04,0,00_USR_001,4,0.0
3,2020-04,0,00_USR_001,5,0.0
3,2020-04,0,00_USR_001,6,0.0
3,2020-04,0,00_USR_001,7,0.0
3,2020-04,0,00_USR_001,8,0.0
3,2020-04,0,00_USR_001,9,0.0
3,2020-04,0,00_USR_001,10,0.0
3,2020-04,0,00_USR_001,11,0.0
3,2020-04,0,00_USR_001,12,0.0
3,2020-04,0,00_USR_001,13,0.0
3,2020-04,0,00_USR_001,14,0.0
3,2020-04,1,01_USR_002,0,0.0
3,2020-04,1,01_USR_002,1,0.0
3,2020-04,1,01_USR_002,2,0.0
3,2020-04,1,01_USR_002,3,0.0
3,2020-04,1,01_USR_002,4,0.0
3,2020-04,1,01_USR_002,5,0.0
3,2020-04,1,01_USR_002,6,0.0
3,2020-04,1,01_USR_002,7,0.0
3,2020-04,1,01_USR_002,8,0.0
3,2020-04,1,01_USR_002,9,0.0
3,2020-04,1,01_USR_002,10,0.0
3,2020-04,1,01_USR_002,11,0.0
3,2020-04,1,01_USR_002,12,0.0
3,2020-04,1,01_USR_002,13,0.0
3,2020-04,1,01_USR_002,14,0.0
3,2020-04,2,02_USR_003,0,0.0
3,2020-04,2,02_USR_003,1,0.0
3,2020-04,2,02_USR_003,2,0.0
3,2020-04,2,02_USR_003,3,0.016818
3,2020-04,2,02_USR_003,4,6.8e-05
3,2020-04,2,02_USR_003,5,0.0
3,2020-04,2,02_USR_003,6,0.0
3,2020-04,2,02_USR_003,7,0.431301
3,2020-04,2,02_USR_003,8,0.356298
3,2020-04,2,02_USR_003,9,0.045515
3,2020-04,2,02_USR_003,10,0.0
3,2020-04,2,02_USR_003,11,0.0
3,2020-04,2,02_USR_003,12,0.0
3,2020-04,2,02_USR_003,13,0.0
3,2020-04,2,02_USR_003,14,0.0
3,2020-04,3,03_USR_004,0,0.0
3,2020-04,3,03_USR_004,1,0.0
3,2020-04,3,03_USR_004,2,0.69395
3,2020-04,3,03_USR_004,3,0.0
3,2020-04,3,03_USR_004,4,7.3e-05
3,2020-04,3,03_USR_004,5,0.152423
3,2020-04,3,03_USR_004,6,0.0
3,2020-04,3,03_USR_004,7,6.8e-05
3,2020-04,3,03_USR_004,8,0.003487
3,2020-04,3,03_USR_004,9,0.0
3,2020-04,3,03_USR_004,10,0.0
3,2020-04,3,03_USR_004,11,0.0
3,2020-04,3,03_USR_004,12,0.0
3,2020-04,3,03_USR_004,13,0.0
3,2020-04,3,03_USR_004,14,0.0
3,2020-04,4,04_USR_005,0,0.0
3,2020-04,4,04_USR_005,1,0.0
3,2020-04,4,04_USR_005,2,0.202798
3,2020-04,4,04_USR_005,3,0.647202
3,2020-04,4,04_USR_005,4,0.0
3,2020-04,4,04_USR_005,5,0.0
3,2020-04,4,04_USR_005,6,0.0
3,2020-04,4,04_USR_005,7,0.0
3,2020-04,4,04_USR_005,8,0.0
3,2020-04,4,04_USR_005,9,0.0
3,2020-04,4,04_USR_005,10,0.0
3,2020-04,4,04_USR_005,11,0.0
3,2020-04,4,04_USR_005,12,0.0
3,2020-04,4,04_USR_005,13,0.0
3,2020-04,4,04_USR_005,14,0.0
3,2020-04,5,05_USR_006,0,0.0
3,2020-04,5,05_USR_006,1,0.0
3,2020-04,5,05_USR_006,2,0.0
3,2020-04,5,05_USR_006,3,0.85
3,2020-04,5,05_USR_006,4,0.0
3,2020-04,5,05_USR_006,5,0.0
3,2020-04,5,05_USR_006,6,0.0
3,2020-04,5,05_USR_006,7,0.0
3,2020-04,5,05_USR_006,8,0.0
3,2020-04,5,05_USR_006,9,0.0
3,2020-04,5,05_USR_006,10,0.0
3,2020-04,5,05_USR_006,11,0.0
3,2020-04,5,05_USR_006,12,0.0
3,2020-04,5,05_USR_006,13,0.0
3,2020-04,5,05_USR_006,14,0.0
3,2020-04,6,06_USR_007,0,0.0
3,2020-04,6,06_USR_007,1,0.0
3,2020-04,6,06_USR_007,2,0.85
3,2020-04,6,06_USR_007,3,0.0
3,2020-04,6,06_USR_007,4,0.0
3,2020-04,6,06_USR_007,5,0.0
3,2020-04,6,06_USR_007,6,0.0
3,2020-04,6,06_USR_007,7,0.0
3,2020-04,6,06_USR_007,8,0.0
3,2020-04,6,06_USR_007,9,0.0
3,2020-04,6,06_USR_007,10,0.0
3,2020-04,6,06_USR_007,11,0.0
3,2020-04,6,06_USR_007,12,0.0
3,2020-04,6,06_USR_007,13,0.0
3,2020-04,6,06_USR_007,14,0.0
3,2020-04,7,07_USR_008,0,0.0
3,2020-04,7,07_USR_008,1,0.0
3,2020-04,7,07_USR_008,2,0.0
3,2020-04,7,07_USR_008,3,0.85
3,2020-04,7,07_USR_008,4,0.0
3,2020-04,7,07_USR_008,5,0.0
3,2020-04,7,07_USR_008,6,0.0
3,2020-04,7,07_USR_008,7,0.0
3,2020-04,7,07_USR_008,8,0.0
3,2020-04,7,07_USR_008,9,0.0
3,2020-04,7,07_USR_008,10,0.0
3,2020-04,7,07_USR_008,11,0.0
3,2020-04,7,07_USR_008,12,0.0
3,2020-04,7,07_USR_008,13,0.0
3,2020-04,7,07_USR_008,14,0.0
3,2020-04,8,08_USR_009,0,0.0
3,2020-04,8,08_USR_009,1,0.0
3,2020-04,8,08_USR_009,2,0.000347
3,2020-04,8,08_USR_009,3,0.849653
3,2020-04,8,08_USR_009,4,0.0
3,2020-04,8,08_USR_009,5,0.0
3,2020-04,8,08_USR_009,6,0.0
3,2020-04,8,08_USR_009,7,0.0
3,2020-04,8,08_USR_009,8,0.0
3,2020-04,8,08_USR_009,9,0.0
3,2020-04,8,08_USR_009,10,0.0
3,2020-04,8,08_USR_009,11,0.0
3,2020-04,8,08_USR_009,12,0.0
3,2020-04,8,08_USR_009,13,0.0
3,2020-04,8,08_USR_009,14,0.0
3,2020-04,9,09_USR_010,0,0.0
3,2020-04,9,09_USR_010,1,0.0
3,2020-04,9,09_USR_010,2,0.85
3,2020-04,9,09_USR_010,3,0.0
3,2020-04,9,09_USR_010,4,0.0
3,2020-04,9,09_USR_010,5,0.0
3,2020-04,9,09_USR_010,6,0.0
3,2020-04,9,09_USR_010,7,0.0
3,2020-04,9,09_USR_010,8,0.0
3,2020-04,9,09_USR_010,9,0.0
3,2020-04,9,09_USR_010,10,0.0
3,2020-04,9,09_USR_010,11,0.0
3,2020-04,9,09_USR_010,12,0.0
3,2020-04,9,09_USR_010,13,0.0
3,2020-04,9,09_USR_010,14,0.0
3,2020-04,10,10_STK_001,0,0.0
3,2020-04,10,10_STK_001,1,0.0
3,2020-04,10,10_STK_001,2,0.0
3,2020-04,10,10_STK_001,3,0.0
3,2020-04,10,10_STK_001,4,0.0
3,2020-04,10,10_STK_001,5,0.0
3,2020-04,10,10_STK_001,6,0.0
3,2020-04,10,10_STK_001,7,0.0
3,2020-04,10,10_STK_001,8,0.0
3,2020-04,10,10_STK_001,9,0.0
3,2020-04,10,10_STK_001,10,0.0
3,2020-04,10,10_STK_001,11,0.0
3,2020-04,10,10_STK_001,12,0.0
3,2020-04,10,10_STK_001,13,0.0
3,2020-04,10,10_STK_001,14,0.0
3,2020-04,11,11_STK_002,0,0.0
3,2020-04,11,11_STK_002,1,0.0
3,2020-04,11,11_STK_002,2,0.0
3,2020-04,11,11_STK_002,3,0.0
3,2020-04,11,11_STK_002,4,0.0
3,2020-04,11,11_STK_002,5,0.0
3,2020-04,11,11_STK_002,6,0.0
3,2020-04,11,11_STK_002,7,0.0
3,2020-04,11,11_STK_002,8,0.0
3,2020-04,11,11_STK_002,9,0.0
3,2020-04,11,11_STK_002,10,0.0
3,2020-04,11,11_STK_002,11,0.0
3,2020-04,11,11_STK_002,12,0.0
3,2020-04,11,11_STK_002,13,0.0
3,2020-04,11,11_STK_002,14,0.0
3,2020-04,12,12_STK_003,0,0.0
3,2020-04,12,12_STK_003,1,0.0
3,2020-04,12,12_STK_003,2,0.0
3,2020-04,12,12_STK_003,3,0.0
3,2020-04,12,12_STK_003,4,0.0
3,2020-04,12,12_STK_003,5,0.0
3,2020-04,12,12_STK_003,6,0.0
3,2020-04,12,12_STK_003,7,0.0
3,2020-04,12,12_STK_003,8,0.0
3,2020-04,12,12_STK_003,9,0.0
3,2020-04,12,12_STK_003,10,0.0
3,2020-04,12,12_STK_003,11,0.0
3,2020-04,12,12_STK_003,12,0.0
3,2020-04,12,12_STK_003,13,0.0
3,2020-04,12,12_STK_003,14,0.0
3,2020-04,13,13_STK_004,0,0.0
3,2020-04,13,13_STK_004,1,0.0
3,2020-04,13,13_STK_004,2,0.0
3,2020-04,13,13_STK_004,3,0.0
3,2020-04,13,13_STK_004,4,0.0
3,2020-04,13,13_STK_004,5,0.0
3,2020-04,13,13_STK_004,6,0.0
3,2020-04,13,13_STK_004,7,0.0
3,2020-04,13,13_STK_004,8,0.0
3,2020-04,13,13_STK_004,9,0.0
3,2020-04,13,13_STK_004,10,0.0
3,2020-04,13,13_STK_004,11,0.0
3,2020-04,13,13_STK_004,12,0.0
3,2020-04,13,13_STK_004,13,0.0
3,2020-04,13,13_STK_004,14,0.0
3,2020-04,14,14_STK_005,0,0.0
3,2020-04,14,14_STK_005,1,0.0
3,2020-04,14,14_STK_005,2,0.0
3,2020-04,14,14_STK_005,3,0.0
3,2020-04,14,14_STK_005,4,0.0
3,2020-04,14,14_STK_005,5,0.0
3,2020-04,14,14_STK_005,6,0.0
3,2020-04,14,14_STK_005,7,0.0
3,2020-04,14,14_STK_005,8,0.0
3,2020-04,14,14_STK_005,9,0.0
3,2020-04,14,14_STK_005,10,0.0
3,2020-04,14,14_STK_005,11,0.0
3,2020-04,14,14_STK_005,12,0.0
3,2020-04,14,14_STK_005,13,0.0
3,2020-04,14,14_STK_005,14,0.0
4,2020-05,0,00_USR_001,0,0.0
4,2020-05,0,00_USR_001,1,0.0
4,2020-05,0,00_USR_001,2,0.85
4,2020-05,0,00_USR_001,3,0.0
4,2020-05,0,00_USR_001,4,0.0
4,2020-05,0,00_USR_001,5,0.0
4,2020-05,0,00_USR_001,6,0.0
4,2020-05,0,00_USR_001,7,0.0
4,2020-05,0,00_USR_001,8,0.0
4,2020-05,0,00_USR_001,9,0.0
4,2020-05,0,00_USR_001,10,0.0
4,2020-05,0,00_USR_001,11,0.0
4,2020-05,0,00_USR_001,12,0.0
4,2020-05,0,00_USR_001,13,0.0
4,2020-05,0,00_USR_001,14,0.0
4,2020-05,1,01_USR_002,0,0.0
4,2020-05,1,01_USR_002,1,0.0
4,2020-05,1,01_USR_002,2,0.840841
4,2020-05,1,01_USR_002,3,0.009159
4,2020-05,1,01_USR_002,4,0.0
4,2020-05,1,01_USR_002,5,0.0
4,2020-05,1,01_USR_002,6,0.0
4,2020-05,1,01_USR_002,7,0.0
4,2020-05,1,01_USR_002,8,0.0
4,2020-05,1,01_USR_002,9,0.0
4,2020-05,1,01_USR_002,10,0.0
4,2020-05,1,01_USR_002,11,0.0
4,2020-05,1,01_USR_002,12,0.0
4,2020-05,1,01_USR_002,13,0.0
4,2020-05,1,01_USR_002,14,0.0
4,2020-05,2,02_USR_003,0,0.0
4,2020-05,2,02_USR_003,1,0.0
4,2020-05,2,02_USR_003,2,0.0
4,2020-05,2,02_USR_003,3,0.832821
4,2020-05,2,02_USR_003,4,0.007031
4,2020-05,2,02_USR_003,5,0.0
4,2020-05,2,02_USR_003,6,0.002923
4,2020-05,2,02_USR_003,7,0.007222
4,2020-05,2,02_USR_003,8,0.0
4,2020-05,2,02_USR_003,9,1e-06
4,2020-05,2,02_USR_003,10,0.0
4,2020-05,2,02_USR_003,11,0.0
4,2020-05,2,02_USR_003,12,0.0
4,2020-05,2,02_USR_003,13,0.0
4,2020-05,2,02_USR_003,14,0.0
4,2020-05,3,03_USR_004,0,0.0
4,2020-05,3,03_USR_004,1,0.118465
4,2020-05,3,03_USR_004,2,0.722384
4,2020-05,3,03_USR_004,3,0.0
4,2020-05,3,03_USR_004,4,2e-06
4,2020-05,3,03_USR_004,5,0.0
4,2020-05,3,03_USR_004,6,0.002513
4,2020-05,3,03_USR_004,7,0.001193
4,2020-05,3,03_USR_004,8,0.0
4,2020-05,3,03_USR_004,9,0.005443
4,2020-05,3,03_USR_004,10,0.0
4,2020-05,3,03_USR_004,11,0.0
4,2020-05,3,03_USR_004,12,0.0
4,2020-05,3,03_USR_004,13,0.0
4,2020-05,3,03_USR_004,14,0.0
4,2020-05,4,04_USR_005,0,0.0
4,2020-05,4,04_USR_005,1,0.0
4,2020-05,4,04_USR_005,2,0.849991
4,2020-05,4,04_USR_005,3,9e-06
4,2020-05,4,04_USR_005,4,0.0
4,2020-05,4,04_USR_005,5,0.0
4,2020-05,4,04_USR_005,6,0.0
4,2020-05,4,04_USR_005,7,0.0
4,2020-05,4,04_USR_005,8,0.0
4,2020-05,4,04_USR_005,9,0.0
4,2020-05,4,04_USR_005,10,0.0
4,2020-05,4,04_USR_005,11,0.0
4,2020-05,4,04_USR_005,12,0.0
4,2020-05,4,04_USR_005,13,0.0
4,2020-05,4,04_USR_005,14,0.0
4,2020-05,5,05_USR_006,0,0.0
4,2020-05,5,05_USR_006,1,0.0
4,2020-05,5,05_USR_006,2,0.0
4,2020-05,5,05_USR_006,3,0.85
4,2020-05,5,05_USR_006,4,0.0
4,2020-05,5,05_USR_006,5,0.0
4,2020-05,5,05_USR_006,6,0.0
4,2020-05,5,05_USR_006,7,0.0
4,2020-05,5,05_USR_006,8,0.0
4,2020-05,5,05_USR_006,9,0.0
4,2020-05,5,05_USR_006,10,0.0
4,2020-05,5,05_USR_006,11,0.0
4,2020-05,5,05_USR_006,12,0.0
4,2020-05,5,05_USR_006,13,0.0
4,2020-05,5,05_USR_006,14,0.0
4,2020-05,6,06_USR_007,0,0.0
4,2020-05,6,06_USR_007,1,0.0
4,2020-05,6,06_USR_007,2,0.00028
4,2020-05,6,06_USR_007,3,0.84972
4,2020-05,6,06_USR_007,4,0.0
4,2020-05,6,06_USR_007,5,0.0
4,2020-05,6,06_USR_007,6,0.0
4,2020-05,6,06_USR_007,7,0.0
4,2020-05,6,06_USR_007,8,0.0
4,2020-05,6,06_USR_007,9,0.0
4,2020-05,6,06_USR_007,10,0.0
4,2020-05,6,06_USR_007,11,0.0
4,2020-05,6,06_USR_007,12,0.0
4,2020-05,6,06_USR_007,13,0.0
4,2020-05,6,06_USR_007,14,0.0
4,2020-05,7,07_USR_008,0,0.0
4,2020-05,7,07_USR_008,1,0.0
4,2020-05,7,07_USR_008,2,0.849845
4,2020-05,7,07_USR_008,3,0.000155
4,2020-05,7,07_USR_008,4,0.0
4,2020-05,7,07_USR_008,5,0.0
4,2020-05,7,07_USR_008,6,0.0
4,2020-05,7,07_USR_008,7,0.0
4,2020-05,7,07_USR_008,8,0.0
4,2020-05,7,07_USR_008,9,0.0
4,2020-05,7,07_USR_008,10,0.0
4,2020-05,7,07_USR_008,11,0.0
4,2020-05,7,07_USR_008,12,0.0
4,2020-05,7,07_USR_008,13,0.0
4,2020-05,7,07_USR_008,14,0.0
4,2020-05,8,08_USR_009,0,0.0
4,2020-05,8,08_USR_009,1,0.0
4,2020-05,8,08_USR_009,2,0.0
4,2020-05,8,08_USR_009,3,0.85
4,2020-05,8,08_USR_009,4,0.0
4,2020-05,8,08_USR_009,5,0.0
4,2020-05,8,08_USR_009,6,0.0
4,2020-05,8,08_USR_009,7,0.0
4,2020-05,8,08_USR_009,8,0.0
4,2020-05,8,08_USR_009,9,0.0
4,2020-05,8,08_USR_009,10,0.0
4,2020-05,8,08_USR_009,11,0.0
4,2020-05,8,08_USR_009,12,0.0
4,2020-05,8,08_USR_009,13,0.0
4,2020-05,8,08_USR_009,14,0.0
4,2020-05,9,09_USR_010,0,0.0
4,2020-05,9,09_USR_010,1,0.0
4,2020-05,9,09_USR_010,2,0.533924
4,2020-05,9,09_USR_010,3,0.316076
4,2020-05,9,09_USR_010,4,0.0
4,2020-05,9,09_USR_010,5,0.0
4,2020-05,9,09_USR_010,6,0.0
4,2020-05,9,09_USR_010,7,0.0
4,2020-05,9,09_USR_010,8,0.0
4,2020-05,9,09_USR_010,9,0.0
4,2020-05,9,09_USR_010,10,0.0
4,2020-05,9,09_USR_010,11,0.0
4,2020-05,9,09_USR_010,12,0.0
4,2020-05,9,09_USR_010,13,0.0
4,2020-05,9,09_USR_010,14,0.0
4,2020-05,10,10_STK_001,0,0.0
4,2020-05,10,10_STK_001,1,0.0
4,2020-05,10,10_STK_001,2,0.0
4,2020-05,10,10_STK_001,3,0.0
4,2020-05,10,10_STK_001,4,0.0
4,2020-05,10,10_STK_001,5,0.0
4,2020-05,10,10_STK_001,6,0.0
4,2020-05,10,10_STK_001,7,0.0
4,2020-05,10,10_STK_001,8,0.0
4,2020-05,10,10_STK_001,9,0.0
4,2020-05,10,10_STK_001,10,0.0
4,2020-05,10,10_STK_001,11,0.0
4,2020-05,10,10_STK_001,12,0.0
4,2020-05,10,10_STK_001,13,0.0
4,2020-05,10,10_STK_001,14,0.0
4,2020-05,11,11_STK_002,0,0.0
4,2020-05,11,11_STK_002,1,0.0
4,2020-05,11,11_STK_002,2,0.0
4,2020-05,11,11_STK_002,3,0.0
4,2020-05,11,11_STK_002,4,0.0
4,2020-05,11,11_STK_002,5,0.0
4,2020-05,11,11_STK_002,6,0.0
4,2020-05,11,11_STK_002,7,0.0
4,2020-05,11,11_STK_002,8,0.0
4,2020-05,11,11_STK_002,9,0.0
4,2020-05,11,11_STK_002,10,0.0
4,2020-05,11,11_STK_002,11,0.0
4,2020-05,11,11_STK_002,12,0.0
4,2020-05,11,11_STK_002,13,0.0
4,2020-05,11,11_STK_002,14,0.0
4,2020-05,12,12_STK_003,0,0.0
4,2020-05,12,12_STK_003,1,0.0
4,2020-05,12,12_STK_003,2,0.0
4,2020-05,12,12_STK_003,3,0.0
4,2020-05,12,12_STK_003,4,0.0
4,2020-05,12,12_STK_003,5,0.0
4,2020-05,12,12_STK_003,6,0.0
4,2020-05,12,12_STK_003,7,0.0
4,2020-05,12,12_STK_003,8,0.0
4,2020-05,12,12_STK_003,9,0.0
4,2020-05,12,12_STK_003,10,0.0
4,2020-05,12,12_STK_003,11,0.0
4,2020-05,12,12_STK_003,12,0.0
4,2020-05,12,12_STK_003,13,0.0
4,2020-05,12,12_STK_003,14,0.0
4,2020-05,13,13_STK_004,0,0.0
4,2020-05,13,13_STK_004,1,0.0
4,2020-05,13,13_STK_004,2,0.0
4,2020-05,13,13_STK_004,3,0.0
4,2020-05,13,13_STK_004,4,0.0
4,2020-05,13,13_STK_004,5,0.0
4,2020-05,13,13_STK_004,6,0.0
4,2020-05,13,13_STK_004,7,0.0
4,2020-05,13,13_STK_004,8,0.0
4,2020-05,13,13_STK_004,9,0.0
4,2020-05,13,13_STK_004,10,0.0
4,2020-05,13,13_STK_004,11,0.0
4,2020-05,13,13_STK_004,12,0.0
4,2020-05,13,13_STK_004,13,0.0
4,2020-05,13,13_STK_004,14,0.0
4,2020-05,14,14_STK_005,0,0.0
4,2020-05,14,14_STK_005,1,0.0
4,2020-05,14,14_STK_005,2,0.0
4,2020-05,14,14_STK_005,3,0.0
4,2020-05,14,14_STK_005,4,0.0
4,2020-05,14,14_STK_005,5,0.0
4,2020-05,14,14_STK_005,6,0.0
4,2020-05,14,14_STK_005,7,0.0
4,2020-05,14,14_STK_005,8,0.0
4,2020-05,14,14_STK_005,9,0.0
4,2020-05,14,14_STK_005,10,0.0
4,2020-05,14,14_STK_005,11,0.0
4,2020-05,14,14_STK_005,12,0.0
4,2020-05,14,14_STK_005,13,0.0
4,2020-05,14,14_STK_005,14,0.0
5,2020-06,0,00_USR_001,0,0.0
5,2020-06,0,00_USR_001,1,0.0
5,2020-06,0,00_USR_001,2,0.0
5,2020-06,0,00_USR_001,3,0.85
5,2020-06,0,00_USR_001,4,0.0
5,2020-06,0,00_USR_001,5,0.0
5,2020-06,0,00_USR_001,6,0.0
5,2020-06,0,00_USR_001,7,0.0
5,2020-06,0,00_USR_001,8,0.0
5,2020-06,0,00_USR_001,9,0.0
5,2020-06,0,00_USR_001,10,0.0
5,2020-06,0,00_USR_001,11,0.0
5,2020-06,0,00_USR_001,12,0.0
5,2020-06,0,00_USR_001,13,0.0
5,2020-06,0,00_USR_001,14,0.0
5,2020-06,1,01_USR_002,0,0.0
5,2020-06,1,01_USR_002,1,0.0
5,2020-06,1,01_USR_002,2,0.0
5,2020-06,1,01_USR_002,3,0.0
5,2020-06,1,01_USR_002,4,0.0
5,2020-06,1,01_USR_002,5,0.0
5,2020-06,1,01_USR_002,6,0.0
5,2020-06,1,01_USR_002,7,0.0
5,2020-06,1,01_USR_002,8,0.0
5,2020-06,1,01_USR_002,9,0.0
5,2020-06,1,01_USR_002,10,0.0
5,2020-06,1,01_USR_002,11,0.0
5,2020-06,1,01_USR_002,12,0.0
5,2020-06,1,01_USR_002,13,0.0
5,2020-06,1,01_USR_002,14,0.0
5,2020-06,2,02_USR_003,0,0.0
5,2020-06,2,02_USR_003,1,0.0
5,2020-06,2,02_USR_003,2,0.0
5,2020-06,2,02_USR_003,3,0.639266
5,2020-06,2,02_USR_003,4,0.035312
5,2020-06,2,02_USR_003,5,0.010734
5,2020-06,2,02_USR_003,6,0.065632
5,2020-06,2,02_USR_003,7,8e-06
5,2020-06,2,02_USR_003,8,0.0
5,2020-06,2,02_USR_003,9,0.099049
5,2020-06,2,02_USR_003,10,0.0
5,2020-06,2,02_USR_003,11,0.0
5,2020-06,2,02_USR_003,12,0.0
5,2020-06,2,02_USR_003,13,0.0
5,2020-06,2,02_USR_003,14,0.0
5,2020-06,3,03_USR_004,0,0.508903
5,2020-06,3,03_USR_004,1,0.0
5,2020-06,3,03_USR_004,2,0.302879
5,2020-06,3,03_USR_004,3,0.0
5,2020-06,3,03_USR_004,4,0.038128
5,2020-06,3,03_USR_004,5,1.1e-05
5,2020-06,3,03_USR_004,6,3.4e-05
5,2020-06,3,03_USR_004,7,0.0
5,2020-06,3,03_USR_004,8,1.4e-05
5,2020-06,3,03_USR_004,9,3.1e-05
5,2020-06,3,03_USR_004,10,0.0
5,2020-06,3,03_USR_004,11,0.0
5,2020-06,3,03_USR_004,12,0.0
5,2020-06,3,03_USR_004,13,0.0
5,2020-06,3,03_USR_004,14,0.0
5,2020-06,4,04_USR_005,0,0.0
5,2020-06,4,04_USR_005,1,0.0
5,2020-06,4,04_USR_005,2,0.0
5,2020-06,4,04_USR_005,3,0.85
5,2020-06,4,04_USR_005,4,0.0
5,2020-06,4,04_USR_005,5,0.0
5,2020-06,4,04_USR_005,6,0.0
5,2020-06,4,04_USR_005,7,0.0
5,2020-06,4,04_USR_005,8,0.0
5,2020-06,4,04_USR_005,9,0.0
5,2020-06,4,04_USR_005,10,0.0
5,2020-06,4,04_USR_005,11,0.0
5,2020-06,4,04_USR_005,12,0.0
5,2020-06,4,04_USR_005,13,0.0
5,2020-06,4,04_USR_005,14,0.0
5,2020-06,5,05_USR_006,0,0.0
5,2020-06,5,05_USR_006,1,0.0
5,2020-06,5,05_USR_006,2,0.0
5,2020-06,5,05_USR_006,3,0.85
5,2020-06,5,05_USR_006,4,0.0
5,2020-06,5,05_USR_006,5,0.0
5,2020-06,5,05_USR_006,6,0.0
5,2020-06,5,05_USR_006,7,0.0
5,2020-06,5,05_USR_006,8,0.0
5,2020-06,5,05_USR_006,9,0.0
5,2020-06,5,05_USR_006,10,0.0
5,2020-06,5,05_USR_006,11,0.0
5,2020-06,5,05_USR_006,12,0.0
5,2020-06,5,05_USR_006,13,0.0
5,2020-06,5,05_USR_006,14,0.0
5,2020-06,6,06_USR_007,0,0.0
5,2020-06,6,06_USR_007,1,0.0
5,2020-06,6,06_USR_007,2,9.5e-05
5,2020-06,6,06_USR_007,3,0.849905
5,2020-06,6,06_USR_007,4,0.0
5,2020-06,6,06_USR_007,5,0.0
5,2020-06,6,06_USR_007,6,0.0
5,2020-06,6,06_USR_007,7,0.0
5,2020-06,6,06_USR_007,8,0.0
5,2020-06,6,06_USR_007,9,0.0
5,2020-06,6,06_USR_007,10,0.0
5,2020-06,6,06_USR_007,11,0.0
5,2020-06,6,06_USR_007,12,0.0
5,2020-06,6,06_USR_007,13,0.0
5,2020-06,6,06_USR_007,14,0.0
5,2020-06,7,07_USR_008,0,0.0
5,2020-06,7,07_USR_008,1,0.0
5,2020-06,7,07_USR_008,2,0.0
5,2020-06,7,07_USR_008,3,0.85
5,2020-06,7,07_USR_008,4,0.0
5,2020-06,7,07_USR_008,5,0.0
5,2020-06,7,07_USR_008,6,0.0
5,2020-06,7,07_USR_008,7,0.0
5,2020-06,7,07_USR_008,8,0.0
5,2020-06,7,07_USR_008,9,0.0
5,2020-06,7,07_USR_008,10,0.0
5,2020-06,7,07_USR_008,11,0.0
5,2020-06,7,07_USR_008,12,0.0
5,2020-06,7,07_USR_008,13,0.0
5,2020-06,7,07_USR_008,14,0.0
5,2020-06,8,08_USR_009,0,0.0
5,2020-06,8,08_USR_009,1,0.0
5,2020-06,8,08_USR_009,2,0.0
5,2020-06,8,08_USR_009,3,0.85
5,2020-06,8,08_USR_009,4,0.0
5,2020-06,8,08_USR_009,5,0.0
5,2020-06,8,08_USR_009,6,0.0
5,2020-06,8,08_USR_009,7,0.0
5,2020-06,8,08_USR_009,8,0.0
5,2020-06,8,08_USR_009,9,0.0
5,2020-06,8,08_USR_009,10,0.0
5,2020-06,8,08_USR_009,11,0.0
5,2020-06,8,08_USR_009,12,0.0
5,2020-06,8,08_USR_009,13,0.0
5,2020-06,8,08_USR_009,14,0.0
5,2020-06,9,09_USR_010,0,0.0
5,2020-06,9,09_USR_010,1,0.0
5,2020-06,9,09_USR_010,2,0.849658
5,2020-06,9,09_USR_010,3,0.000342
5,2020-06,9,09_USR_010,4,0.0
5,2020-06,9,09_USR_010,5,0.0
5,2020-06,9,09_USR_010,6,0.0
5,2020-06,9,09_USR_010,7,0.0
5,2020-06,9,09_USR_010,8,0.0
5,2020-06,9,09_USR_010,9,0.0
5,2020-06,9,09_USR_010,10,0.0
5,2020-06,9,09_USR_010,11,0.0
5,2020-06,9,09_USR_010,12,0.0
5,2020-06,9,09_USR_010,13,0.0
5,2020-06,9,09_USR_010,14,0.0
5,2020-06,10,10_STK_001,0,0.0
5,2020-06,10,10_STK_001,1,0.0
5,2020-06,10,10_STK_001,2,0.0
5,2020-06,10,10_STK_001,3,0.0
5,2020-06,10,10_STK_001,4,0.0
5,2020-06,10,10_STK_001,5,0.0
5,2020-06,10,10_STK_001,6,0.0
5,2020-06,10,10_STK_001,7,0.0
5,2020-06,10,10_STK_001,8,0.0
5,2020-06,10,10_STK_001,9,0.0
5,2020-06,10,10_STK_001,10,0.0
5,2020-06,10,10_STK_001,11,0.0
5,2020-06,10,10_STK_001,12,0.0
5,2020-06,10,10_STK_001,13,0.0
5,2020-06,10,10_STK_001,14,0.0
5,2020-06,11,11_STK_002,0,0.0
5,2020-06,11,11_STK_002,1,0.0
5,2020-06,11,11_STK_002,2,0.0
5,2020-06,11,11_STK_002,3,0.0
5,2020-06,11,11_STK_002,4,0.0
5,2020-06,11,11_STK_002,5,0.0
5,2020-06,11,11_STK_002,6,0.0
5,2020-06,11,11_STK_002,7,0.0
5,2020-06,11,11_STK_002,8,0.0
5,2020-06,11,11_STK_002,9,0.0
5,2020-06,11,11_STK_002,10,0.0
5,2020-06,11,11_STK_002,11,0.0
5,2020-06,11,11_STK_002,12,0.0
5,2020-06,11,11_STK_002,13,0.0
5,2020-06,11,11_STK_002,14,0.0
5,2020-06,12,12_STK_003,0,0.0
5,2020-06,12,12_STK_003,1,0.0
5,2020-06,12,12_STK_003,2,0.0
5,2020-06,12,12_STK_003,3,0.0
5,2020-06,12,12_STK_003,4,0.0
5,2020-06,12,12_STK_003,5,0.0
5,2020-06,12,12_STK_003,6,0.0
5,2020-06,12,12_STK_003,7,0.0
5,2020-06,12,12_STK_003,8,0.0
5,2020-06,12,12_STK_003,9,0.0
5,2020-06,12,12_STK_003,10,0.0
5,2020-06,12,12_STK_003,11,0.0
5,2020-06,12,12_STK_003,12,0.0
5,2020-06,12,12_STK_003,13,0.0
5,2020-06,12,12_STK_003,14,0.0
5,2020-06,13,13_STK_004,0,0.0
5,2020-06,13,13_STK_004,1,0.0
5,2020-06,13,13_STK_004,2,0.0
5,2020-06,13,13_STK_004,3,0.0
5,2020-06,13,13_STK_004,4,0.0
5,2020-06,13,13_STK_004,5,0.0
5,2020-06,13,13_STK_004,6,0.0
5,2020-06,13,13_STK_004,7,0.0
5,2020-06,13,13_STK_004,8,0.0
5,2020-06,13,13_STK_004,9,0.0
5,2020-06,13,13_STK_004,10,0.0
5,2020-06,13,13_STK_004,11,0.0
5,2020-06,13,13_STK_004,12,0.0
5,2020-06,13,13_STK_004,13,0.0
5,2020-06,13,13_STK_004,14,0.0
5,2020-06,14,14_STK_005,0,0.0
5,2020-06,14,14_STK_005,1,0.0
5,2020-06,14,14_STK_005,2,0.0
5,2020-06,14,14_STK_005,3,0.0
5,2020-06,14,14_STK_005,4,0.0
5,2020-06,14,14_STK_005,5,0.0
5,2020-06,14,14_STK_005,6,0.0
5,2020-06,14,14_STK_005,7,0.0
5,2020-06,14,14_STK_005,8,0.0
5,2020-06,14,14_STK_005,9,0.0
5,2020-06,14,14_STK_005,10,0.0
5,2020-06,14,14_STK_005,11,0.0
5,2020-06,14,14_STK_005,12,0.0
5,2020-06,14,14_STK_005,13,0.0
5,2020-06,14,14_STK_005,14,0.0
6,2020-07,0,00_USR_001,0,0.0
6,2020-07,0,00_USR_001,1,0.0
6,2020-07,0,00_USR_001,2,0.0
6,2020-07,0,00_USR_001,3,0.0
6,2020-07,0,00_USR_001,4,0.0
6,2020-07,0,00_USR_001,5,0.0
6,2020-07,0,00_USR_001,6,0.0
6,2020-07,0,00_USR_001,7,0.0
6,2020-07,0,00_USR_001,8,0.0
6,2020-07,0,00_USR_001,9,0.0
6,2020-07,0,00_USR_001,10,0.0
6,2020-07,0,00_USR_001,11,0.0
6,2020-07,0,00_USR_001,12,0.0
6,2020-07,0,00_USR_001,13,0.0
6,2020-07,0,00_USR_001,14,0.0
6,2020-07,1,01_USR_002,0,0.0
6,2020-07,1,01_USR_002,1,0.0
6,2020-07,1,01_USR_002,2,0.0
6,2020-07,1,01_USR_002,3,0.0
6,2020-07,1,01_USR_002,4,0.0
6,2020-07,1,01_USR_002,5,0.0
6,2020-07,1,01_USR_002,6,0.0
6,2020-07,1,01_USR_002,7,0.0
6,2020-07,1,01_USR_002,8,0.0
6,2020-07,1,01_USR_002,9,0.0
6,2020-07,1,01_USR_002,10,0.0
6,2020-07,1,01_USR_002,11,0.0
6,2020-07,1,01_USR_002,12,0.0
6,2020-07,1,01_USR_002,13,0.0
6,2020-07,1,01_USR_002,14,0.0
6,2020-07,2,02_USR_003,0,0.0
6,2020-07,2,02_USR_003,1,0.042301
6,2020-07,2,02_USR_003,2,0.0
6,2020-07,2,02_USR_003,3,0.775779
6,2020-07,2,02_USR_003,4,1e-06
6,2020-07,2,02_USR_003,5,0.006883
6,2020-07,2,02_USR_003,6,0.006684
6,2020-07,2,02_USR_003,7,0.01438
6,2020-07,2,02_USR_003,8,6e-06
6,2020-07,2,02_USR_003,9,0.003965
6,2020-07,2,02_USR_003,10,0.0
6,2020-07,2,02_USR_003,11,0.0
6,2020-07,2,02_USR_003,12,0.0
6,2020-07,2,02_USR_003,13,0.0
6,2020-07,2,02_USR_003,14,0.0
6,2020-07,3,03_USR_004,0,0.0
6,2020-07,3,03_USR_004,1,7.5e-05
6,2020-07,3,03_USR_004,2,0.826227
6,2020-07,3,03_USR_004,3,0.0
6,2020-07,3,03_USR_004,4,0.003522
6,2020-07,3,03_USR_004,5,0.007122
6,2020-07,3,03_USR_004,6,3e-06
6,2020-07,3,03_USR_004,7,0.0
6,2020-07,3,03_USR_004,8,0.007367
6,2020-07,3,03_USR_004,9,0.005685
6,2020-07,3,03_USR_004,10,0.0
6,2020-07,3,03_USR_004,11,0.0
6,2020-07,3,03_USR_004,12,0.0
6,2020-07,3,03_USR_004,13,0.0
6,2020-07,3,03_USR_004,14,0.0
6,2020-07,4,04_USR_005,0,0.0
6,2020-07,4,04_USR_005,1,0.0
6,2020-07,4,04_USR_005,2,0.123709
6,2020-07,4,04_USR_005,3,0.726291
6,2020-07,4,04_USR_005,4,0.0
6,2020-07,4,04_USR_005,5,0.0
6,2020-07,4,04_USR_005,6,0.0
6,2020-07,4,04_USR_005,7,0.0
6,2020-07,4,04_USR_005,8,0.0
6,2020-07,4,04_USR_005,9,0.0
6,2020-07,4,04_USR_005,10,0.0
6,2020-07,4,04_USR_005,11,0.0
6,2020-07,4,04_USR_005,12,0.0
6,2020-07,4,04_USR_005,13,0.0
6,2020-07,4,04_USR_005,14,0.0
6,2020-07,5,05_USR_006,0,0.0
6,2020-07,5,05_USR_006,1,0.0
6,2020-07,5,05_USR_006,2,0.701533
6,2020-07,5,05_USR_006,3,0.148467
6,2020-07,5,05_USR_006,4,0.0
6,2020-07,5,05_USR_006,5,0.0
6,2020-07,5,05_USR_006,6,0.0
6,2020-07,5,05_USR_006,7,0.0
6,2020-07,5,05_USR_006,8,0.0
6,2020-07,5,05_USR_006,9,0.0
6,2020-07,5,05_USR_006,10,0.0
6,2020-07,5,05_USR_006,11,0.0
6,2020-07,5,05_USR_006,12,0.0
6,2020-07,5,05_USR_006,13,0.0
6,2020-07,5,05_USR_006,14,0.0
6,2020-07,6,06_USR_007,0,0.0
6,2020-07,6,06_USR_007,1,0.0
6,2020-07,6,06_USR_007,2,0.85
6,2020-07,6,06_USR_007,3,0.0
6,2020-07,6,06_USR_007,4,0.0
6,2020-07,6,06_USR_007,5,0.0
6,2020-07,6,06_USR_007,6,0.0
6,2020-07,6,06_USR_007,7,0.0
6,2020-07,6,06_USR_007,8,0.0
6,2020-07,6,06_USR_007,9,0.0
6,2020-07,6,06_USR_007,10,0.0
6,2020-07,6,06_USR_007,11,0.0
6,2020-07,6,06_USR_007,12,0.0
6,2020-07,6,06_USR_007,13,0.0
6,2020-07,6,06_USR_007,14,0.0
6,2020-07,7,07_USR_008,0,0.0
6,2020-07,7,07_USR_008,1,0.0
6,2020-07,7,07_USR_008,2,0.128729
6,2020-07,7,07_USR_008,3,0.721271
6,2020-07,7,07_USR_008,4,0.0
6,2020-07,7,07_USR_008,5,0.0
6,2020-07,7,07_USR_008,6,0.0
6,2020-07,7,07_USR_008,7,0.0
6,2020-07,7,07_USR_008,8,0.0
6,2020-07,7,07_USR_008,9,0.0
6,2020-07,7,07_USR_008,10,0.0
6,2020-07,7,07_USR_008,11,0.0
6,2020-07,7,07_USR_008,12,0.0
6,2020-07,7,07_USR_008,13,0.0
6,2020-07,7,07_USR_008,14,0.0
6,2020-07,8,08_USR_009,0,0.0
6,2020-07,8,08_USR_009,1,0.0
6,2020-07,8,08_USR_009,2,0.85
6,2020-07,8,08_USR_009,3,0.0
6,2020-07,8,08_USR_009,4,0.0
6,2020-07,8,08_USR_009,5,0.0
6,2020-07,8,08_USR_009,6,0.0
6,2020-07,8,08_USR_009,7,0.0
6,2020-07,8,08_USR_009,8,0.0
6,2020-07,8,08_USR_009,9,0.0
6,2020-07,8,08_USR_009,10,0.0
6,2020-07,8,08_USR_009,11,0.0
6,2020-07,8,08_USR_009,12,0.0
6,2020-07,8,08_USR_009,13,0.0
6,2020-07,8,08_USR_009,14,0.0
6,2020-07,9,09_USR_010,0,0.0
6,2020-07,9,09_USR_010,1,0.0
6,2020-07,9,09_USR_010,2,0.0
6,2020-07,9,09_USR_010,3,0.85
6,2020-07,9,09_USR_010,4,0.0
6,2020-07,9,09_USR_010,5,0.0
6,2020-07,9,09_USR_010,6,0.0
6,2020-07,9,09_USR_010,7,0.0
6,2020-07,9,09_USR_010,8,0.0
6,2020-07,9,09_USR_010,9,0.0
6,2020-07,9,09_USR_010,10,0.0
6,2020-07,9,09_USR_010,11,0.0
6,2020-07,9,09_USR_010,12,0.0
6,2020-07,9,09_USR_010,13,0.0
6,2020-07,9,09_USR_010,14,0.0
6,2020-07,10,10_STK_001,0,0.0
6,2020-07,10,10_STK_001,1,0.0
6,2020-07,10,10_STK_001,2,0.0
6,2020-07,10,10_STK_001,3,0.0
6,2020-07,10,10_STK_001,4,0.0
6,2020-07,10,10_STK_001,5,0.0
6,2020-07,10,10_STK_001,6,0.0
6,2020-07,10,10_STK_001,7,0.0
6,2020-07,10,10_STK_001,8,0.0
6,2020-07,10,10_STK_001,9,0.0
6,2020-07,10,10_STK_001,10,0.0
6,2020-07,10,10_STK_001,11,0.0
6,2020-07,10,10_STK_001,12,0.0
6,2020-07,10,10_STK_001,13,0.0
6,2020-07,10,10_STK_001,14,0.0
6,2020-07,11,11_STK_002,0,0.0
6,2020-07,11,11_STK_002,1,0.0
6,2020-07,11,11_STK_002,2,0.0
6,2020-07,11,11_STK_002,3,0.0
6,2020-07,11,11_STK_002,4,0.0
6,2020-07,11,11_STK_002,5,0.0
6,2020-07,11,11_STK_002,6,0.0
6,2020-07,11,11_STK_002,7,0.0
6,2020-07,11,11_STK_002,8,0.0
6,2020-07,11,11_STK_002,9,0.0
6,2020-07,11,11_STK_002,10,0.0
6,2020-07,11,11_STK_002,11,0.0
6,2020-07,11,11_STK_002,12,0.0
6,2020-07,11,11_STK_002,13,0.0
6,2020-07,11,11_STK_002,14,0.0
6,2020-07,12,12_STK_003,0,0.0
6,2020-07,12,12_STK_003,1,0.0
6,2020-07,12,12_STK_003,2,0.0
6,2020-07,12,12_STK_003,3,0.0
6,2020-07,12,12_STK_003,4,0.0
6,2020-07,12,12_STK_003,5,0.0
6,2020-07,12,12_STK_003,6,0.0
6,2020-07,12,12_STK_003,7,0.0
6,2020-07,12,12_STK_003,8,0.0
6,2020-07,12,12_STK_003,9,0.0
6,2020-07,12,12_STK_003,10,0.0
6,2020-07,12,12_STK_003,11,0.0
6,2020-07,12,12_STK_003,12,0.0
6,2020-07,12,12_STK_003,13,0.0
6,2020-07,12,12_STK_003,14,0.0
6,2020-07,13,13_STK_004,0,0.0
6,2020-07,13,13_STK_004,1,0.0
6,2020-07,13,13_STK_004,2,0.0
6,2020-07,13,13_STK_004,3,0.0
6,2020-07,13,13_STK_004,4,0.0
6,2020-07,13,13_STK_004,5,0.0
6,2020-07,13,13_STK_004,6,0.0
6,2020-07,13,13_STK_004,7,0.0
6,2020-07,13,13_STK_004,8,0.0
6,2020-07,13,13_STK_004,9,0.0
6,2020-07,13,13_STK_004,10,0.0
6,2020-07,13,13_STK_004,11,0.0
6,2020-07,13,13_STK_004,12,0.0
6,2020-07,13,13_STK_004,13,0.0
6,2020-07,13,13_STK_004,14,0.0
6,2020-07,14,14_STK_005,0,0.0
6,2020-07,14,14_STK_005,1,0.0
6,2020-07,14,14_STK_005,2,0.0
6,2020-07,14,14_STK_005,3,0.0
6,2020-07,14,14_STK_005,4,0.0
6,2020-07,14,14_STK_005,5,0.0
6,2020-07,14,14_STK_005,6,0.0
6,2020-07,14,14_STK_005,7,0.0
6,2020-07,14,14_STK_005,8,0.0
6,2020-07,14,14_STK_005,9,0.0
6,2020-07,14,14_STK_005,10,0.0
6,2020-07,14,14_STK_005,11,0.0
6,2020-07,14,14_STK_005,12,0.0
6,2020-07,14,14_STK_005,13,0.0
6,2020-07,14,14_STK_005,14,0.0
7,2020-08,0,00_USR_001,0,0.0
7,2020-08,0,00_USR_001,1,0.0
7,2020-08,0,00_USR_001,2,0.0
7,2020-08,0,00_USR_001,3,0.0
7,2020-08,0,00_USR_001,4,0.0
7,2020-08,0,00_USR_001,5,0.0
7,2020-08,0,00_USR_001,6,0.0
7,2020-08,0,00_USR_001,7,0.0
7,2020-08,0,00_USR_001,8,0.0
7,2020-08,0,00_USR_001,9,0.0
7,2020-08,0,00_USR_001,10,0.0
7,2020-08,0,00_USR_001,11,0.0
7,2020-08,0,00_USR_001,12,0.0
7,2020-08,0,00_USR_001,13,0.0
7,2020-08,0,00_USR_001,14,0.0
7,2020-08,1,01_USR_002,0,0.0
7,2020-08,1,01_USR_002,1,0.0
7,2020-08,1,01_USR_002,2,0.85
7,2020-08,1,01_USR_002,3,0.0
7,2020-08,1,01_USR_002,4,0.0
7,2020-08,1,01_USR_002,5,0.0
7,2020-08,1,01_USR_002,6,0.0
7,2020-08,1,01_USR_002,7,0.0
7,2020-08,1,01_USR_002,8,0.0
7,2020-08,1,01_USR_002,9,0.0
7,2020-08,1,01_USR_002,10,0.0
7,2020-08,1,01_USR_002,11,0.0
7,2020-08,1,01_USR_002,12,0.0
7,2020-08,1,01_USR_002,13,0.0
7,2020-08,1,01_USR_002,14,0.0
7,2020-08,2,02_USR_003,0,0.0
7,2020-08,2,02_USR_003,1,0.0
7,2020-08,2,02_USR_003,2,0.0
7,2020-08,2,02_USR_003,3,0.837818
7,2020-08,2,02_USR_003,4,0.010774
7,2020-08,2,02_USR_003,5,0.001392
7,2020-08,2,02_USR_003,6,1e-06
7,2020-08,2,02_USR_003,7,0.0
7,2020-08,2,02_USR_003,8,1.5e-05
7,2020-08,2,02_USR_003,9,0.0
7,2020-08,2,02_USR_003,10,0.0
7,2020-08,2,02_USR_003,11,0.0
7,2020-08,2,02_USR_003,12,0.0
7,2020-08,2,02_USR_003,13,0.0
7,2020-08,2,02_USR_003,14,0.0
7,2020-08,3,03_USR_004,0,0.0
7,2020-08,3,03_USR_004,1,0.0
7,2020-08,3,03_USR_004,2,0.841166
7,2020-08,3,03_USR_004,3,0.0
7,2020-08,3,03_USR_004,4,0.0
7,2020-08,3,03_USR_004,5,3e-06
7,2020-08,3,03_USR_004,6,0.001941
7,2020-08,3,03_USR_004,7,0.0
7,2020-08,3,03_USR_004,8,0.006885
7,2020-08,3,03_USR_004,9,5e-06
7,2020-08,3,03_USR_004,10,0.0
7,2020-08,3,03_USR_004,11,0.0
7,2020-08,3,03_USR_004,12,0.0
7,2020-08,3,03_USR_004,13,0.0
7,2020-08,3,03_USR_004,14,0.0
7,2020-08,4,04_USR_005,0,0.0
7,2020-08,4,04_USR_005,1,0.0
7,2020-08,4,04_USR_005,2,0.849912
7,2020-08,4,04_USR_005,3,8.8e-05
7,2020-08,4,04_USR_005,4,0.0
7,2020-08,4,04_USR_005,5,0.0
7,2020-08,4,04_USR_005,6,0.0
7,2020-08,4,04_USR_005,7,0.0
7,2020-08,4,04_USR_005,8,0.0
7,2020-08,4,04_USR_005,9,0.0
7,2020-08,4,04_USR_005,10,0.0
7,2020-08,4,04_USR_005,11,0.0
7,2020-08,4,04_USR_005,12,0.0
7,2020-08,4,04_USR_005,13,0.0
7,2020-08,4,04_USR_005,14,0.0
7,2020-08,5,05_USR_006,0,0.0
7,2020-08,5,05_USR_006,1,0.0
7,2020-08,5,05_USR_006,2,0.0
7,2020-08,5,05_USR_006,3,0.0
7,2020-08,5,05_USR_006,4,0.0
7,2020-08,5,05_USR_006,5,0.0
7,2020-08,5,05_USR_006,6,0.0
7,2020-08,5,05_USR_006,7,0.0
7,2020-08,5,05_USR_006,8,0.0
7,2020-08,5,05_USR_006,9,0.0
7,2020-08,5,05_USR_006,10,0.0
7,2020-08,5,05_USR_006,11,0.0
7,2020-08,5,05_USR_006,12,0.0
7,2020-08,5,05_USR_006,13,0.0
7,2020-08,5,05_USR_006,14,0.0
7,2020-08,6,06_USR_007,0,0.0
7,2020-08,6,06_USR_007,1,0.0
7,2020-08,6,06_USR_007,2,0.0
7,2020-08,6,06_USR_007,3,0.85
7,2020-08,6,06_USR_007,4,0.0
7,2020-08,6,06_USR_007,5,0.0
7,2020-08,6,06_USR_007,6,0.0
7,2020-08,6,06_USR_007,7,0.0
7,2020-08,6,06_USR_007,8,0.0
7,2020-08,6,06_USR_007,9,0.0
7,2020-08,6,06_USR_007,10,0.0
7,2020-08,6,06_USR_007,11,0.0
7,2020-08,6,06_USR_007,12,0.0
7,2020-08,6,06_USR_007,13,0.0
7,2020-08,6,06_USR_007,14,0.0
7,2020-08,7,07_USR_008,0,0.0
7,2020-08,7,07_USR_008,1,0.0
7,2020-08,7,07_USR_008,2,0.0
7,2020-08,7,07_USR_008,3,0.0
7,2020-08,7,07_USR_008,4,0.0
7,2020-08,7,07_USR_008,5,0.0
7,2020-08,7,07_USR_008,6,0.0
7,2020-08,7,07_USR_008,7,0.0
7,2020-08,7,07_USR_008,8,0.0
7,2020-08,7,07_USR_008,9,0.0
7,2020-08,7,07_USR_008,10,0.0
7,2020-08,7,07_USR_008,11,0.0
7,2020-08,7,07_USR_008,12,0.0
7,2020-08,7,07_USR_008,13,0.0
7,2020-08,7,07_USR_008,14,0.0
7,2020-08,8,08_USR_009,0,0.0
7,2020-08,8,08_USR_009,1,0.0
7,2020-08,8,08_USR_009,2,0.85
7,2020-08,8,08_USR_009,3,0.0
7,2020-08,8,08_USR_009,4,0.0
7,2020-08,8,08_USR_009,5,0.0
7,2020-08,8,08_USR_009,6,0.0
7,2020-08,8,08_USR_009,7,0.0
7,2020-08,8,08_USR_009,8,0.0
7,2020-08,8,08_USR_009,9,0.0
7,2020-08,8,08_USR_009,10,0.0
7,2020-08,8,08_USR_009,11,0.0
7,2020-08,8,08_USR_009,12,0.0
7,2020-08,8,08_USR_009,13,0.0
7,2020-08,8,08_USR_009,14,0.0
7,2020-08,9,09_USR_010,0,0.0
7,2020-08,9,09_USR_010,1,0.0
7,2020-08,9,09_USR_010,2,0.849952
7,2020-08,9,09_USR_010,3,4.8e-05
7,2020-08,9,09_USR_010,4,0.0
7,2020-08,9,09_USR_010,5,0.0
7,2020-08,9,09_USR_010,6,0.0
7,2020-08,9,09_USR_010,7,0.0
7,2020-08,9,09_USR_010,8,0.0
7,2020-08,9,09_USR_010,9,0.0
7,2020-08,9,09_USR_010,10,0.0
7,2020-08,9,09_USR_010,11,0.0
7,2020-08,9,09_USR_010,12,0.0
7,2020-08,9,09_USR_010,13,0.0
7,2020-08,9,09_USR_010,14,0.0
7,2020-08,10,10_STK_001,0,0.0
7,2020-08,10,10_STK_001,1,0.0
7,2020-08,10,10_STK_001,2,0.0
7,2020-08,10,10_STK_001,3,0.0
7,2020-08,10,10_STK_001,4,0.0
7,2020-08,10,10_STK_001,5,0.0
7,2020-08,10,10_STK_001,6,0.0
7,2020-08,10,10_STK_001,7,0.0
7,2020-08,10,10_STK_001,8,0.0
7,2020-08,10,10_STK_001,9,0.0
7,2020-08,10,10_STK_001,10,0.0
7,2020-08,10,10_STK_001,11,0.0
7,2020-08,10,10_STK_001,12,0.0
7,2020-08,10,10_STK_001,13,0.0
7,2020-08,10,10_STK_001,14,0.0
7,2020-08,11,11_STK_002,0,0.0
7,2020-08,11,11_STK_002,1,0.0
7,2020-08,11,11_STK_002,2,0.0
7,2020-08,11,11_STK_002,3,0.0
7,2020-08,11,11_STK_002,4,0.0
7,2020-08,11,11_STK_002,5,0.0
7,2020-08,11,11_STK_002,6,0.0
7,2020-08,11,11_STK_002,7,0.0
7,2020-08,11,11_STK_002,8,0.0
7,2020-08,11,11_STK_002,9,0.0
7,2020-08,11,11_STK_002,10,0.0
7,2020-08,11,11_STK_002,11,0.0
7,2020-08,11,11_STK_002,12,0.0
7,2020-08,11,11_STK_002,13,0.0
7,2020-08,11,11_STK_002,14,0.0
7,2020-08,12,12_STK_003,0,0.0
7,2020-08,12,12_STK_003,1,0.0
7,2020-08,12,12_STK_003,2,0.0
7,2020-08,12,12_STK_003,3,0.0
7,2020-08,12,12_STK_003,4,0.0
7,2020-08,12,12_STK_003,5,0.0
7,2020-08,12,12_STK_003,6,0.0
7,2020-08,12,12_STK_003,7,0.0
7,2020-08,12,12_STK_003,8,0.0
7,2020-08,12,12_STK_003,9,0.0
7,2020-08,12,12_STK_003,10,0.0
7,2020-08,12,12_STK_003,11,0.0
7,2020-08,12,12_STK_003,12,0.0
7,2020-08,12,12_STK_003,13,0.0
7,2020-08,12,12_STK_003,14,0.0
7,2020-08,13,13_STK_004,0,0.0
7,2020-08,13,13_STK_004,1,0.0
7,2020-08,13,13_STK_004,2,0.0
7,2020-08,13,13_STK_004,3,0.0
7,2020-08,13,13_STK_004,4,0.0
7,2020-08,13,13_STK_004,5,0.0
7,2020-08,13,13_STK_004,6,0.0
7,2020-08,13,13_STK_004,7,0.0
7,2020-08,13,13_STK_004,8,0.0
7,2020-08,13,13_STK_004,9,0.0
7,2020-08,13,13_STK_004,10,0.0
7,2020-08,13,13_STK_004,11,0.0
7,2020-08,13,13_STK_004,12,0.0
7,2020-08,13,13_STK_004,13,0.0
7,2020-08,13,13_STK_004,14,0.0
7,2020-08,14,14_STK_005,0,0.0
7,2020-08,14,14_STK_005,1,0.0
7,2020-08,14,14_STK_005,2,0.0
7,2020-08,14,14_STK_005,3,0.0
7,2020-08,14,14_STK_005,4,0.0
7,2020-08,14,14_STK_005,5,0.0
7,2020-08,14,14_STK_005,6,0.0
7,2020-08,14,14_STK_005,7,0.0
7,2020-08,14,14_STK_005,8,0.0
7,2020-08,14,14_STK_005,9,0.0
7,2020-08,14,14_STK_005,10,0.0
7,2020-08,14,14_STK_005,11,0.0
7,2020-08,14,14_STK_005,12,0.0
7,2020-08,14,14_STK_005,13,0.0
7,2020-08,14,14_STK_005,14,0.0
8,2020-09,0,00_USR_001,0,0.0
8,2020-09,0,00_USR_001,1,0.0
8,2020-09,0,00_USR_001,2,0.0
8,2020-09,0,00_USR_001,3,0.85
8,2020-09,0,00_USR_001,4,0.0
8,2020-09,0,00_USR_001,5,0.0
8,2020-09,0,00_USR_001,6,0.0
8,2020-09,0,00_USR_001,7,0.0
8,2020-09,0,00_USR_001,8,0.0
8,2020-09,0,00_USR_001,9,0.0
8,2020-09,0,00_USR_001,10,0.0
8,2020-09,0,00_USR_001,11,0.0
8,2020-09,0,00_USR_001,12,0.0
8,2020-09,0,00_USR_001,13,0.0
8,2020-09,0,00_USR_001,14,0.0
8,2020-09,1,01_USR_002,0,0.0
8,2020-09,1,01_USR_002,1,0.0
8,2020-09,1,01_USR_002,2,0.0
8,2020-09,1,01_USR_002,3,0.0
8,2020-09,1,01_USR_002,4,0.0
8,2020-09,1,01_USR_002,5,0.0
8,2020-09,1,01_USR_002,6,0.0
8,2020-09,1,01_USR_002,7,0.0
8,2020-09,1,01_USR_002,8,0.0
8,2020-09,1,01_USR_002,9,0.0
8,2020-09,1,01_USR_002,10,0.0
8,2020-09,1,01_USR_002,11,0.0
8,2020-09,1,01_USR_002,12,0.0
8,2020-09,1,01_USR_002,13,0.0
8,2020-09,1,01_USR_002,14,0.0
8,2020-09,2,02_USR_003,0,0.0
8,2020-09,2,02_USR_003,1,0.037014
8,2020-09,2,02_USR_003,2,0.0
8,2020-09,2,02_USR_003,3,0.805204
8,2020-09,2,02_USR_003,4,0.0
8,2020-09,2,02_USR_003,5,1e-05
8,2020-09,2,02_USR_003,6,0.0
8,2020-09,2,02_USR_003,7,2e-06
8,2020-09,2,02_USR_003,8,0.00777
8,2020-09,2,02_USR_003,9,0.0
8,2020-09,2,02_USR_003,10,0.0
8,2020-09,2,02_USR_003,11,0.0
8,2020-09,2,02_USR_003,12,0.0
8,2020-09,2,02_USR_003,13,0.0
8,2020-09,2,02_USR_003,14,0.0
8,2020-09,3,03_USR_004,0,0.0
8,2020-09,3,03_USR_004,1,1.7e-05
8,2020-09,3,03_USR_004,2,0.827973
8,2020-09,3,03_USR_004,3,0.0
8,2020-09,3,03_USR_004,4,0.001735
8,2020-09,3,03_USR_004,5,0.0
8,2020-09,3,03_USR_004,6,2e-06
8,2020-09,3,03_USR_004,7,1e-06
8,2020-09,3,03_USR_004,8,0.006803
8,2020-09,3,03_USR_004,9,0.013468
8,2020-09,3,03_USR_004,10,0.0
8,2020-09,3,03_USR_004,11,0.0
8,2020-09,3,03_USR_004,12,0.0
8,2020-09,3,03_USR_004,13,0.0
8,2020-09,3,03_USR_004,14,0.0
8,2020-09,4,04_USR_005,0,0.0
8,2020-09,4,04_USR_005,1,0.0
8,2020-09,4,04_USR_005,2,0.85
8,2020-09,4,04_USR_005,3,0.0
8,2020-09,4,04_USR_005,4,0.0
8,2020-09,4,04_USR_005,5,0.0
8,2020-09,4,04_USR_005,6,0.0
8,2020-09,4,04_USR_005,7,0.0
8,2020-09,4,04_USR_005,8,0.0
8,2020-09,4,04_USR_005,9,0.0
8,2020-09,4,04_USR_005,10,0.0
8,2020-09,4,04_USR_005,11,0.0
8,2020-09,4,04_USR_005,12,0.0
8,2020-09,4,04_USR_005,13,0.0
8,2020-09,4,04_USR_005,14,0.0
8,2020-09,5,05_USR_006,0,0.0
8,2020-09,5,05_USR_006,1,0.0
8,2020-09,5,05_USR_006,2,0.519224
8,2020-09,5,05_USR_006,3,0.330776
8,2020-09,5,05_USR_006,4,0.0
8,2020-09,5,05_USR_006,5,0.0
8,2020-09,5,05_USR_006,6,0.0
8,2020-09,5,05_USR_006,7,0.0
8,2020-09,5,05_USR_006,8,0.0
8,2020-09,5,05_USR_006,9,0.0
8,2020-09,5,05_USR_006,10,0.0
8,2020-09,5,05_USR_006,11,0.0
8,2020-09,5,05_USR_006,12,0.0
8,2020-09,5,05_USR_006,13,0.0
8,2020-09,5,05_USR_006,14,0.0
8,2020-09,6,06_USR_007,0,0.0
8,2020-09,6,06_USR_007,1,0.0
8,2020-09,6,06_USR_007,2,0.432939
8,2020-09,6,06_USR_007,3,0.417061
8,2020-09,6,06_USR_007,4,0.0
8,2020-09,6,06_USR_007,5,0.0
8,2020-09,6,06_USR_007,6,0.0
8,2020-09,6,06_USR_007,7,0.0
8,2020-09,6,06_USR_007,8,0.0
8,2020-09,6,06_USR_007,9,0.0
8,2020-09,6,06_USR_007,10,0.0
8,2020-09,6,06_USR_007,11,0.0
8,2020-09,6,06_USR_007,12,0.0
8,2020-09,6,06_USR_007,13,0.0
8,2020-09,6,06_USR_007,14,0.0
8,2020-09,7,07_USR_008,0,0.0
8,2020-09,7,07_USR_008,1,0.0
8,2020-09,7,07_USR_008,2,0.85
8,2020-09,7,07_USR_008,3,0.0
8,2020-09,7,07_USR_008,4,0.0
8,2020-09,7,07_USR_008,5,0.0
8,2020-09,7,07_USR_008,6,0.0
8,2020-09,7,07_USR_008,7,0.0
8,2020-09,7,07_USR_008,8,0.0
8,2020-09,7,07_USR_008,9,0.0
8,2020-09,7,07_USR_008,10,0.0
8,2020-09,7,07_USR_008,11,0.0
8,2020-09,7,07_USR_008,12,0.0
8,2020-09,7,07_USR_008,13,0.0
8,2020-09,7,07_USR_008,14,0.0
8,2020-09,8,08_USR_009,0,0.0
8,2020-09,8,08_USR_009,1,0.0
8,2020-09,8,08_USR_009,2,0.849973
8,2020-09,8,08_USR_009,3,2.7e-05
8,2020-09,8,08_USR_009,4,0.0
8,2020-09,8,08_USR_009,5,0.0
8,2020-09,8,08_USR_009,6,0.0
8,2020-09,8,08_USR_009,7,0.0
8,2020-09,8,08_USR_009,8,0.0
8,2020-09,8,08_USR_009,9,0.0
8,2020-09,8,08_USR_009,10,0.0
8,2020-09,8,08_USR_009,11,0.0
8,2020-09,8,08_USR_009,12,0.0
8,2020-09,8,08_USR_009,13,0.0
8,2020-09,8,08_USR_009,14,0.0
8,2020-09,9,09_USR_010,0,0.0
8,2020-09,9,09_USR_010,1,0.0
8,2020-09,9,09_USR_010,2,0.0
8,2020-09,9,09_USR_010,3,0.85
8,2020-09,9,09_USR_010,4,0.0
8,2020-09,9,09_USR_010,5,0.0
8,2020-09,9,09_USR_010,6,0.0
8,2020-09,9,09_USR_010,7,0.0
8,2020-09,9,09_USR_010,8,0.0
8,2020-09,9,09_USR_010,9,0.0
8,2020-09,9,09_USR_010,10,0.0
8,2020-09,9,09_USR_010,11,0.0
8,2020-09,9,09_USR_010,12,0.0
8,2020-09,9,09_USR_010,13,0.0
8,2020-09,9,09_USR_010,14,0.0
8,2020-09,10,10_STK_001,0,0.0
8,2020-09,10,10_STK_001,1,0.0
8,2020-09,10,10_STK_001,2,0.0
8,2020-09,10,10_STK_001,3,0.0
8,2020-09,10,10_STK_001,4,0.0
8,2020-09,10,10_STK_001,5,0.0
8,2020-09,10,10_STK_001,6,0.0
8,2020-09,10,10_STK_001,7,0.0
8,2020-09,10,10_STK_001,8,0.0
8,2020-09,10,10_STK_001,9,0.0
8,2020-09,10,10_STK_001,10,0.0
8,2020-09,10,10_STK_001,11,0.0
8,2020-09,10,10_STK_001,12,0.0
8,2020-09,10,10_STK_001,13,0.0
8,2020-09,10,10_STK_001,14,0.0
8,2020-09,11,11_STK_002,0,0.0
8,2020-09,11,11_STK_002,1,0.0
8,2020-09,11,11_STK_002,2,0.0
8,2020-09,11,11_STK_002,3,0.0
8,2020-09,11,11_STK_002,4,0.0
8,2020-09,11,11_STK_002,5,0.0
8,2020-09,11,11_STK_002,6,0.0
8,2020-09,11,11_STK_002,7,0.0
8,2020-09,11,11_STK_002,8,0.0
8,2020-09,11,11_STK_002,9,0.0
8,2020-09,11,11_STK_002,10,0.0
8,2020-09,11,11_STK_002,11,0.0
8,2020-09,11,11_STK_002,12,0.0
8,2020-09,11,11_STK_002,13,0.0
8,2020-09,11,11_STK_002,14,0.0
8,2020-09,12,12_STK_003,0,0.0
8,2020-09,12,12_STK_003,1,0.0
8,2020-09,12,12_STK_003,2,0.0
8,2020-09,12,12_STK_003,3,0.0
8,2020-09,12,12_STK_003,4,0.0
8,2020-09,12,12_STK_003,5,0.0
8,2020-09,12,12_STK_003,6,0.0
8,2020-09,12,12_STK_003,7,0.0
8,2020-09,12,12_STK_003,8,0.0
8,2020-09,12,12_STK_003,9,0.0
8,2020-09,12,12_STK_003,10,0.0
8,2020-09,12,12_STK_003,11,0.0
8,2020-09,12,12_STK_003,12,0.0
8,2020-09,12,12_STK_003,13,0.0
8,2020-09,12,12_STK_003,14,0.0
8,2020-09,13,13_STK_004,0,0.0
8,2020-09,13,13_STK_004,1,0.0
8,2020-09,13,13_STK_004,2,0.0
8,2020-09,13,13_STK_004,3,0.0
8,2020-09,13,13_STK_004,4,0.0
8,2020-09,13,13_STK_004,5,0.0
8,2020-09,13,13_STK_004,6,0.0
8,2020-09,13,13_STK_004,7,0.0
8,2020-09,13,13_STK_004,8,0.0
8,2020-09,13,13_STK_004,9,0.0
8,2020-09,13,13_STK_004,10,0.0
8,2020-09,13,13_STK_004,11,0.0
8,2020-09,13,13_STK_004,12,0.0
8,2020-09,13,13_STK_004,13,0.0
8,2020-09,13,13_STK_004,14,0.0
8,2020-09,14,14_STK_005,0,0.0
8,2020-09,14,14_STK_005,1,0.0
8,2020-09,14,14_STK_005,2,0.0
8,2020-09,14,14_STK_005,3,0.0
8,2020-09,14,14_STK_005,4,0.0
8,2020-09,14,14_STK_005,5,0.0
8,2020-09,14,14_STK_005,6,0.0
8,2020-09,14,14_STK_005,7,0.0
8,2020-09,14,14_STK_005,8,0.0
8,2020-09,14,14_STK_005,9,0.0
8,2020-09,14,14_STK_005,10,0.0
8,2020-09,14,14_STK_005,11,0.0
8,2020-09,14,14_STK_005,12,0.0
8,2020-09,14,14_STK_005,13,0.0
8,2020-09,14,14_STK_005,14,0.0
9,2020-10,0,00_USR_001,0,0.0
9,2020-10,0,00_USR_001,1,0.0
9,2020-10,0,00_USR_001,2,0.0
9,2020-10,0,00_USR_001,3,0.0
9,2020-10,0,00_USR_001,4,0.0
9,2020-10,0,00_USR_001,5,0.0
9,2020-10,0,00_USR_001,6,0.0
9,2020-10,0,00_USR_001,7,0.0
9,2020-10,0,00_USR_001,8,0.0
9,2020-10,0,00_USR_001,9,0.0
9,2020-10,0,00_USR_001,10,0.0
9,2020-10,0,00_USR_001,11,0.0
9,2020-10,0,00_USR_001,12,0.0
9,2020-10,0,00_USR_001,13,0.0
9,2020-10,0,00_USR_001,14,0.0
9,2020-10,1,01_USR_002,0,0.0
9,2020-10,1,01_USR_002,1,0.0
9,2020-10,1,01_USR_002,2,0.0
9,2020-10,1,01_USR_002,3,0.85
9,2020-10,1,01_USR_002,4,0.0
9,2020-10,1,01_USR_002,5,0.0
9,2020-10,1,01_USR_002,6,0.0
9,2020-10,1,01_USR_002,7,0.0
9,2020-10,1,01_USR_002,8,0.0
9,2020-10,1,01_USR_002,9,0.0
9,2020-10,1,01_USR_002,10,0.0
9,2020-10,1,01_USR_002,11,0.0
9,2020-10,1,01_USR_002,12,0.0
9,2020-10,1,01_USR_002,13,0.0
9,2020-10,1,01_USR_002,14,0.0
9,2020-10,2,02_USR_003,0,0.000399
9,2020-10,2,02_USR_003,1,0.0
9,2020-10,2,02_USR_003,2,0.0
9,2020-10,2,02_USR_003,3,0.759672
9,2020-10,2,02_USR_003,4,0.039843
9,2020-10,2,02_USR_003,5,0.025313
9,2020-10,2,02_USR_003,6,0.024728
9,2020-10,2,02_USR_003,7,3.1e-05
9,2020-10,2,02_USR_003,8,1.4e-05
9,2020-10,2,02_USR_003,9,0.0
9,2020-10,2,02_USR_003,10,0.0
9,2020-10,2,02_USR_003,11,0.0
9,2020-10,2,02_USR_003,12,0.0
9,2020-10,2,02_USR_003,13,0.0
9,2020-10,2,02_USR_003,14,0.0
9,2020-10,3,03_USR_004,0,0.0
9,2020-10,3,03_USR_004,1,0.0
9,2020-10,3,03_USR_004,2,0.790303
9,2020-10,3,03_USR_004,3,0.0
9,2020-10,3,03_USR_004,4,0.028221
9,2020-10,3,03_USR_004,5,0.031257
9,2020-10,3,03_USR_004,6,1.5e-05
9,2020-10,3,03_USR_004,7,0.000122
9,2020-10,3,03_USR_004,8,4.3e-05
9,2020-10,3,03_USR_004,9,3.9e-05
9,2020-10,3,03_USR_004,10,0.0
9,2020-10,3,03_USR_004,11,0.0
9,2020-10,3,03_USR_004,12,0.0
9,2020-10,3,03_USR_004,13,0.0
9,2020-10,3,03_USR_004,14,0.0
9,2020-10,4,04_USR_005,0,0.0
9,2020-10,4,04_USR_005,1,0.0
9,2020-10,4,04_USR_005,2,0.0001
9,2020-10,4,04_USR_005,3,0.8499
9,2020-10,4,04_USR_005,4,0.0
9,2020-10,4,04_USR_005,5,0.0
9,2020-10,4,04_USR_005,6,0.0
9,2020-10,4,04_USR_005,7,0.0
9,2020-10,4,04_USR_005,8,0.0
9,2020-10,4,04_USR_005,9,0.0
9,2020-10,4,04_USR_005,10,0.0
9,2020-10,4,04_USR_005,11,0.0
9,2020-10,4,04_USR_005,12,0.0
9,2020-10,4,04_USR_005,13,0.0
9,2020-10,4,04_USR_005,14,0.0
9,2020-10,5,05_USR_006,0,0.0
9,2020-10,5,05_USR_006,1,0.0
9,2020-10,5,05_USR_006,2,0.84643
9,2020-10,5,05_USR_006,3,0.00357
9,2020-10,5,05_USR_006,4,0.0
9,2020-10,5,05_USR_006,5,0.0
9,2020-10,5,05_USR_006,6,0.0
9,2020-10,5,05_USR_006,7,0.0
9,2020-10,5,05_USR_006,8,0.0
9,2020-10,5,05_USR_006,9,0.0
9,2020-10,5,05_USR_006,10,0.0
9,2020-10,5,05_USR_006,11,0.0
9,2020-10,5,05_USR_006,12,0.0
9,2020-10,5,05_USR_006,13,0.0
9,2020-10,5,05_USR_006,14,0.0
9,2020-10,6,06_USR_007,0,0.0
9,2020-10,6,06_USR_007,1,0.0
9,2020-10,6,06_USR_007,2,0.087706
9,2020-10,6,06_USR_007,3,0.762294
9,2020-10,6,06_USR_007,4,0.0
9,2020-10,6,06_USR_007,5,0.0
9,2020-10,6,06_USR_007,6,0.0
9,2020-10,6,06_USR_007,7,0.0
9,2020-10,6,06_USR_007,8,0.0
9,2020-10,6,06_USR_007,9,0.0
9,2020-10,6,06_USR_007,10,0.0
9,2020-10,6,06_USR_007,11,0.0
9,2020-10,6,06_USR_007,12,0.0
9,2020-10,6,06_USR_007,13,0.0
9,2020-10,6,06_USR_007,14,0.0
9,2020-10,7,07_USR_008,0,0.0
9,2020-10,7,07_USR_008,1,0.0
9,2020-10,7,07_USR_008,2,0.0
9,2020-10,7,07_USR_008,3,0.85
9,2020-10,7,07_USR_008,4,0.0
9,2020-10,7,07_USR_008,5,0.0
9,2020-10,7,07_USR_008,6,0.0
9,2020-10,7,07_USR_008,7,0.0
9,2020-10,7,07_USR_008,8,0.0
9,2020-10,7,07_USR_008,9,0.0
9,2020-10,7,07_USR_008,10,0.0
9,2020-10,7,07_USR_008,11,0.0
9,2020-10,7,07_USR_008,12,0.0
9,2020-10,7,07_USR_008,13,0.0
9,2020-10,7,07_USR_008,14,0.0
9,2020-10,8,08_USR_009,0,0.0
9,2020-10,8,08_USR_009,1,0.0
9,2020-10,8,08_USR_009,2,0.85
9,2020-10,8,08_USR_009,3,0.0
9,2020-10,8,08_USR_009,4,0.0
9,2020-10,8,08_USR_009,5,0.0
9,2020-10,8,08_USR_009,6,0.0
9,2020-10,8,08_USR_009,7,0.0
9,2020-10,8,08_USR_009,8,0.0
9,2020-10,8,08_USR_009,9,0.0
9,2020-10,8,08_USR_009,10,0.0
9,2020-10,8,08_USR_009,11,0.0
9,2020-10,8,08_USR_009,12,0.0
9,2020-10,8,08_USR_009,13,0.0
9,2020-10,8,08_USR_009,14,0.0
9,2020-10,9,09_USR_010,0,0.0
9,2020-10,9,09_USR_010,1,0.0
9,2020-10,9,09_USR_010,2,0.0
9,2020-10,9,09_USR_010,3,0.85
9,2020-10,9,09_USR_010,4,0.0
9,2020-10,9,09_USR_010,5,0.0
9,2020-10,9,09_USR_010,6,0.0
9,2020-10,9,09_USR_010,7,0.0
9,2020-10,9,09_USR_010,8,0.0
9,2020-10,9,09_USR_010,9,0.0
9,2020-10,9,09_USR_010,10,0.0
9,2020-10,9,09_USR_010,11,0.0
9,2020-10,9,09_USR_010,12,0.0
9,2020-10,9,09_USR_010,13,0.0
9,2020-10,9,09_USR_010,14,0.0
9,2020-10,10,10_STK_001,0,0.0
9,2020-10,10,10_STK_001,1,0.0
9,2020-10,10,10_STK_001,2,0.0
9,2020-10,10,10_STK_001,3,0.0
9,2020-10,10,10_STK_001,4,0.0
9,2020-10,10,10_STK_001,5,0.0
9,2020-10,10,10_STK_001,6,0.0
9,2020-10,10,10_STK_001,7,0.0
9,2020-10,10,10_STK_001,8,0.0
9,2020-10,10,10_STK_001,9,0.0
9,2020-10,10,10_STK_001,10,0.0
9,2020-10,10,10_STK_001,11,0.0
9,2020-10,10,10_STK_001,12,0.0
9,2020-10,10,10_STK_001,13,0.0
9,2020-10,10,10_STK_001,14,0.0
9,2020-10,11,11_STK_002,0,0.0
9,2020-10,11,11_STK_002,1,0.0
9,2020-10,11,11_STK_002,2,0.0
9,2020-10,11,11_STK_002,3,0.0
9,2020-10,11,11_STK_002,4,0.0
9,2020-10,11,11_STK_002,5,0.0
9,2020-10,11,11_STK_002,6,0.0
9,2020-10,11,11_STK_002,7,0.0
9,2020-10,11,11_STK_002,8,0.0
9,2020-10,11,11_STK_002,9,0.0
9,2020-10,11,11_STK_002,10,0.0
9,2020-10,11,11_STK_002,11,0.0
9,2020-10,11,11_STK_002,12,0.0
9,2020-10,11,11_STK_002,13,0.0
9,2020-10,11,11_STK_002,14,0.0
9,2020-10,12,12_STK_003,0,0.0
9,2020-10,12,12_STK_003,1,0.0
9,2020-10,12,12_STK_003,2,0.0
9,2020-10,12,12_STK_003,3,0.0
9,2020-10,12,12_STK_003,4,0.0
9,2020-10,12,12_STK_003,5,0.0
9,2020-10,12,12_STK_003,6,0.0
9,2020-10,12,12_STK_003,7,0.0
9,2020-10,12,12_STK_003,8,0.0
9,2020-10,12,12_STK_003,9,0.0
9,2020-10,12,12_STK_003,10,0.0
9,2020-10,12,12_STK_003,11,0.0
9,2020-10,12,12_STK_003,12,0.0
9,2020-10,12,12_STK_003,13,0.0
9,2020-10,12,12_STK_003,14,0.0
9,2020-10,13,13_STK_004,0,0.0
9,2020-10,13,13_STK_004,1,0.0
9,2020-10,13,13_STK_004,2,0.0
9,2020-10,13,13_STK_004,3,0.0
9,2020-10,13,13_STK_004,4,0.0
9,2020-10,13,13_STK_004,5,0.0
9,2020-10,13,13_STK_004,6,0.0
9,2020-10,13,13_STK_004,7,0.0
9,2020-10,13,13_STK_004,8,0.0
9,2020-10,13,13_STK_004,9,0.0
9,2020-10,13,13_STK_004,10,0.0
9,2020-10,13,13_STK_004,11,0.0
9,2020-10,13,13_STK_004,12,0.0
9,2020-10,13,13_STK_004,13,0.0
9,2020-10,13,13_STK_004,14,0.0
9,2020-10,14,14_STK_005,0,0.0
9,2020-10,14,14_STK_005,1,0.0
9,2020-10,14,14_STK_005,2,0.0
9,2020-10,14,14_STK_005,3,0.0
9,2020-10,14,14_STK_005,4,0.0
9,2020-10,14,14_STK_005,5,0.0
9,2020-10,14,14_STK_005,6,0.0
9,2020-10,14,14_STK_005,7,0.0
9,2020-10,14,14_STK_005,8,0.0
9,2020-10,14,14_STK_005,9,0.0
9,2020-10,14,14_STK_005,10,0.0
9,2020-10,14,14_STK_005,11,0.0
9,2020-10,14,14_STK_005,12,0.0
9,2020-10,14,14_STK_005,13,0.0
9,2020-10,14,14_STK_005,14,0.0
10,2020-11,0,00_USR_001,0,0.0
10,2020-11,0,00_USR_001,1,0.0
10,2020-11,0,00_USR_001,2,0.0
10,2020-11,0,00_USR_001,3,0.0
10,2020-11,0,00_USR_001,4,0.0
10,2020-11,0,00_USR_001,5,0.0
10,2020-11,0,00_USR_001,6,0.0
10,2020-11,0,00_USR_001,7,0.0
10,2020-11,0,00_USR_001,8,0.0
10,2020-11,0,00_USR_001,9,0.0
10,2020-11,0,00_USR_001,10,0.0
10,2020-11,0,00_USR_001,11,0.0
10,2020-11,0,00_USR_001,12,0.0
10,2020-11,0,00_USR_001,13,0.0
10,2020-11,0,00_USR_001,14,0.0
10,2020-11,1,01_USR_002,0,0.0
10,2020-11,1,01_USR_002,1,0.0
10,2020-11,1,01_USR_002,2,0.0
10,2020-11,1,01_USR_002,3,0.0
10,2020-11,1,01_USR_002,4,0.0
10,2020-11,1,01_USR_002,5,0.0
10,2020-11,1,01_USR_002,6,0.0
10,2020-11,1,01_USR_002,7,0.0
10,2020-11,1,01_USR_002,8,0.0
10,2020-11,1,01_USR_002,9,0.0
10,2020-11,1,01_USR_002,10,0.0
10,2020-11,1,01_USR_002,11,0.0
10,2020-11,1,01_USR_002,12,0.0
10,2020-11,1,01_USR_002,13,0.0
10,2020-11,1,01_USR_002,14,0.0
10,2020-11,2,02_USR_003,0,0.0
10,2020-11,2,02_USR_003,1,0.02555
10,2020-11,2,02_USR_003,2,0.0
10,2020-11,2,02_USR_003,3,0.824444
10,2020-11,2,02_USR_003,4,0.0
10,2020-11,2,02_USR_003,5,2e-06
10,2020-11,2,02_USR_003,6,3e-06
10,2020-11,2,02_USR_003,7,2e-06
10,2020-11,2,02_USR_003,8,0.0
10,2020-11,2,02_USR_003,9,0.0
10,2020-11,2,02_USR_003,10,0.0
10,2020-11,2,02_USR_003,11,0.0
10,2020-11,2,02_USR_003,12,0.0
10,2020-11,2,02_USR_003,13,0.0
10,2020-11,2,02_USR_003,14,0.0
10,2020-11,3,03_USR_004,0,0.0
10,2020-11,3,03_USR_004,1,0.0
10,2020-11,3,03_USR_004,2,0.846209
10,2020-11,3,03_USR_004,3,0.0
10,2020-11,3,03_USR_004,4,1e-06
10,2020-11,3,03_USR_004,5,0.003482
10,2020-11,3,03_USR_004,6,0.000304
10,2020-11,3,03_USR_004,7,4e-06
10,2020-11,3,03_USR_004,8,0.0
10,2020-11,3,03_USR_004,9,0.0
10,2020-11,3,03_USR_004,10,0.0
10,2020-11,3,03_USR_004,11,0.0
10,2020-11,3,03_USR_004,12,0.0
10,2020-11,3,03_USR_004,13,0.0
10,2020-11,3,03_USR_004,14,0.0
10,2020-11,4,04_USR_005,0,0.0
10,2020-11,4,04_USR_005,1,0.0
10,2020-11,4,04_USR_005,2,0.000691
10,2020-11,4,04_USR_005,3,0.849309
10,2020-11,4,04_USR_005,4,0.0
10,2020-11,4,04_USR_005,5,0.0
10,2020-11,4,04_USR_005,6,0.0
10,2020-11,4,04_USR_005,7,0.0
10,2020-11,4,04_USR_005,8,0.0
10,2020-11,4,04_USR_005,9,0.0
10,2020-11,4,04_USR_005,10,0.0
10,2020-11,4,04_USR_005,11,0.0
10,2020-11,4,04_USR_005,12,0.0
10,2020-11,4,04_USR_005,13,0.0
10,2020-11,4,04_USR_005,14,0.0
10,2020-11,5,05_USR_006,0,0.0
10,2020-11,5,05_USR_006,1,0.0
10,2020-11,5,05_USR_006,2,0.436894
10,2020-11,5,05_USR_006,3,0.413106
10,2020-11,5,05_USR_006,4,0.0
10,2020-11,5,05_USR_006,5,0.0
10,2020-11,5,05_USR_006,6,0.0
10,2020-11,5,05_USR_006,7,0.0
10,2020-11,5,05_USR_006,8,0.0
10,2020-11,5,05_USR_006,9,0.0
10,2020-11,5,05_USR_006,10,0.0
10,2020-11,5,05_USR_006,11,0.0
10,2020-11,5,05_USR_006,12,0.0
10,2020-11,5,05_USR_006,13,0.0
10,2020-11,5,05_USR_006,14,0.0
10,2020-11,6,06_USR_007,0,0.0
10,2020-11,6,06_USR_007,1,0.0
10,2020-11,6,06_USR_007,2,0.0
10,2020-11,6,06_USR_007,3,0.0
10,2020-11,6,06_USR_007,4,0.0
10,2020-11,6,06_USR_007,5,0.0
10,2020-11,6,06_USR_007,6,0.0
10,2020-11,6,06_USR_007,7,0.0
10,2020-11,6,06_USR_007,8,0.0
10,2020-11,6,06_USR_007,9,0.0
10,2020-11,6,06_USR_007,10,0.0
10,2020-11,6,06_USR_007,11,0.0
10,2020-11,6,06_USR_007,12,0.0
10,2020-11,6,06_USR_007,13,0.0
10,2020-11,6,06_USR_007,14,0.0
10,2020-11,7,07_USR_008,0,0.0
10,2020-11,7,07_USR_008,1,0.0
10,2020-11,7,07_USR_008,2,0.85
10,2020-11,7,07_USR_008,3,0.0
10,2020-11,7,07_USR_008,4,0.0
10,2020-11,7,07_USR_008,5,0.0
10,2020-11,7,07_USR_008,6,0.0
10,2020-11,7,07_USR_008,7,0.0
10,2020-11,7,07_USR_008,8,0.0
10,2020-11,7,07_USR_008,9,0.0
10,2020-11,7,07_USR_008,10,0.0
10,2020-11,7,07_USR_008,11,0.0
10,2020-11,7,07_USR_008,12,0.0
10,2020-11,7,07_USR_008,13,0.0
10,2020-11,7,07_USR_008,14,0.0
10,2020-11,8,08_USR_009,0,0.0
10,2020-11,8,08_USR_009,1,0.0
10,2020-11,8,08_USR_009,2,0.85
10,2020-11,8,08_USR_009,3,0.0
10,2020-11,8,08_USR_009,4,0.0
10,2020-11,8,08_USR_009,5,0.0
10,2020-11,8,08_USR_009,6,0.0
10,2020-11,8,08_USR_009,7,0.0
10,2020-11,8,08_USR_009,8,0.0
10,2020-11,8,08_USR_009,9,0.0
10,2020-11,8,08_USR_009,10,0.0
10,2020-11,8,08_USR_009,11,0.0
10,2020-11,8,08_USR_009,12,0.0
10,2020-11,8,08_USR_009,13,0.0
10,2020-11,8,08_USR_009,14,0.0
10,2020-11,9,09_USR_010,0,0.0
10,2020-11,9,09_USR_010,1,0.0
10,2020-11,9,09_USR_010,2,0.106084
10,2020-11,9,09_USR_010,3,0.743916
10,2020-11,9,09_USR_010,4,0.0
10,2020-11,9,09_USR_010,5,0.0
10,2020-11,9,09_USR_010,6,0.0
10,2020-11,9,09_USR_010,7,0.0
10,2020-11,9,09_USR_010,8,0.0
10,2020-11,9,09_USR_010,9,0.0
10,2020-11,9,09_USR_010,10,0.0
10,2020-11,9,09_USR_010,11,0.0
10,2020-11,9,09_USR_010,12,0.0
10,2020-11,9,09_USR_010,13,0.0
10,2020-11,9,09_USR_010,14,0.0
10,2020-11,10,10_STK_001,0,0.0
10,2020-11,10,10_STK_001,1,0.0
10,2020-11,10,10_STK_001,2,0.0
10,2020-11,10,10_STK_001,3,0.0
10,2020-11,10,10_STK_001,4,0.0
10,2020-11,10,10_STK_001,5,0.0
10,2020-11,10,10_STK_001,6,0.0
10,2020-11,10,10_STK_001,7,0.0
10,2020-11,10,10_STK_001,8,0.0
10,2020-11,10,10_STK_001,9,0.0
10,2020-11,10,10_STK_001,10,0.0
10,2020-11,10,10_STK_001,11,0.0
10,2020-11,10,10_STK_001,12,0.0
10,2020-11,10,10_STK_001,13,0.0
10,2020-11,10,10_STK_001,14,0.0
10,2020-11,11,11_STK_002,0,0.0
10,2020-11,11,11_STK_002,1,0.0
10,2020-11,11,11_STK_002,2,0.0
10,2020-11,11,11_STK_002,3,0.0
10,2020-11,11,11_STK_002,4,0.0
10,2020-11,11,11_STK_002,5,0.0
10,2020-11,11,11_STK_002,6,0.0
10,2020-11,11,11_STK_002,7,0.0
10,2020-11,11,11_STK_002,8,0.0
10,2020-11,11,11_STK_002,9,0.0
10,2020-11,11,11_STK_002,10,0.0
10,2020-11,11,11_STK_002,11,0.0
10,2020-11,11,11_STK_002,12,0.0
10,2020-11,11,11_STK_002,13,0.0
10,2020-11,11,11_STK_002,14,0.0
10,2020-11,12,12_STK_003,0,0.0
10,2020-11,12,12_STK_003,1,0.0
10,2020-11,12,12_STK_003,2,0.0
10,2020-11,12,12_STK_003,3,0.0
10,2020-11,12,12_STK_003,4,0.0
10,2020-11,12,12_STK_003,5,0.0
10,2020-11,12,12_STK_003,6,0.0
10,2020-11,12,12_STK_003,7,0.0
10,2020-11,12,12_STK_003,8,0.0
10,2020-11,12,12_STK_003,9,0.0
10,2020-11,12,12_STK_003,10,0.0
10,2020-11,12,12_STK_003,11,0.0
10,2020-11,12,12_STK_003,12,0.0
10,2020-11,12,12_STK_003,13,0.0
10,2020-11,12,12_STK_003,14,0.0
10,2020-11,13,13_STK_004,0,0.0
10,2020-11,13,13_STK_004,1,0.0
10,2020-11,13,13_STK_004,2,0.0
10,2020-11,13,13_STK_004,3,0.0
10,2020-11,13,13_STK_004,4,0.0
10,2020-11,13,13_STK_004,5,0.0
10,2020-11,13,13_STK_004,6,0.0
10,2020-11,13,13_STK_004,7,0.0
10,2020-11,13,13_STK_004,8,0.0
10,2020-11,13,13_STK_004,9,0.0
10,2020-11,13,13_STK_004,10,0.0
10,2020-11,13,13_STK_004,11,0.0
10,2020-11,13,13_STK_004,12,0.0
10,2020-11,13,13_STK_004,13,0.0
10,2020-11,13,13_STK_004,14,0.0
10,2020-11,14,14_STK_005,0,0.0
10,2020-11,14,14_STK_005,1,0.0
10,2020-11,14,14_STK_005,2,0.0
10,2020-11,14,14_STK_005,3,0.0
10,2020-11,14,14_STK_005,4,0.0
10,2020-11,14,14_STK_005,5,0.0
10,2020-11,14,14_STK_005,6,0.0
10,2020-11,14,14_STK_005,7,0.0
10,2020-11,14,14_STK_005,8,0.0
10,2020-11,14,14_STK_005,9,0.0
10,2020-11,14,14_STK_005,10,0.0
10,2020-11,14,14_STK_005,11,0.0
10,2020-11,14,14_STK_005,12,0.0
10,2020-11,14,14_STK_005,13,0.0
10,2020-11,14,14_STK_005,14,0.0
11,2020-12,0,00_USR_001,0,0.0
11,2020-12,0,00_USR_001,1,0.0
11,2020-12,0,00_USR_001,2,0.85
11,2020-12,0,00_USR_001,3,0.0
11,2020-12,0,00_USR_001,4,0.0
11,2020-12,0,00_USR_001,5,0.0
11,2020-12,0,00_USR_001,6,0.0
11,2020-12,0,00_USR_001,7,0.0
11,2020-12,0,00_USR_001,8,0.0
11,2020-12,0,00_USR_001,9,0.0
11,2020-12,0,00_USR_001,10,0.0
11,2020-12,0,00_USR_001,11,0.0
11,2020-12,0,00_USR_001,12,0.0
11,2020-12,0,00_USR_001,13,0.0
11,2020-12,0,00_USR_001,14,0.0
11,2020-12,1,01_USR_002,0,0.0
11,2020-12,1,01_USR_002,1,0.0
11,2020-12,1,01_USR_002,2,0.0
11,2020-12,1,01_USR_002,3,0.0
11,2020-12,1,01_USR_002,4,0.0
11,2020-12,1,01_USR_002,5,0.0
11,2020-12,1,01_USR_002,6,0.0
11,2020-12,1,01_USR_002,7,0.0
11,2020-12,1,01_USR_002,8,0.0
11,2020-12,1,01_USR_002,9,0.0
11,2020-12,1,01_USR_002,10,0.0
11,2020-12,1,01_USR_002,11,0.0
11,2020-12,1,01_USR_002,12,0.0
11,2020-12,1,01_USR_002,13,0.0
11,2020-12,1,01_USR_002,14,0.0
11,2020-12,2,02_USR_003,0,0.0
11,2020-12,2,02_USR_003,1,0.0
11,2020-12,2,02_USR_003,2,0.0
11,2020-12,2,02_USR_003,3,0.849992
11,2020-12,2,02_USR_003,4,5e-06
11,2020-12,2,02_USR_003,5,0.0
11,2020-12,2,02_USR_003,6,1e-06
11,2020-12,2,02_USR_003,7,1e-06
11,2020-12,2,02_USR_003,8,1e-06
11,2020-12,2,02_USR_003,9,1e-06
11,2020-12,2,02_USR_003,10,0.0
11,2020-12,2,02_USR_003,11,0.0
11,2020-12,2,02_USR_003,12,0.0
11,2020-12,2,02_USR_003,13,0.0
11,2020-12,2,02_USR_003,14,0.0
11,2020-12,3,03_USR_004,0,0.0
11,2020-12,3,03_USR_004,1,0.0
11,2020-12,3,03_USR_004,2,0.838708
11,2020-12,3,03_USR_004,3,0.0
11,2020-12,3,03_USR_004,4,1e-06
11,2020-12,3,03_USR_004,5,0.007392
11,2020-12,3,03_USR_004,6,3e-06
11,2020-12,3,03_USR_004,7,3e-06
11,2020-12,3,03_USR_004,8,0.003892
11,2020-12,3,03_USR_004,9,2e-06
11,2020-12,3,03_USR_004,10,0.0
11,2020-12,3,03_USR_004,11,0.0
11,2020-12,3,03_USR_004,12,0.0
11,2020-12,3,03_USR_004,13,0.0
11,2020-12,3,03_USR_004,14,0.0
11,2020-12,4,04_USR_005,0,0.0
11,2020-12,4,04_USR_005,1,0.0
11,2020-12,4,04_USR_005,2,0.0
11,2020-12,4,04_USR_005,3,0.85
11,2020-12,4,04_USR_005,4,0.0
11,2020-12,4,04_USR_005,5,0.0
11,2020-12,4,04_USR_005,6,0.0
11,2020-12,4,04_USR_005,7,0.0
11,2020-12,4,04_USR_005,8,0.0
11,2020-12,4,04_USR_005,9,0.0
11,2020-12,4,04_USR_005,10,0.0
11,2020-12,4,04_USR_005,11,0.0
11,2020-12,4,04_USR_005,12,0.0
11,2020-12,4,04_USR_005,13,0.0
11,2020-12,4,04_USR_005,14,0.0
11,2020-12,5,05_USR_006,0,0.0
11,2020-12,5,05_USR_006,1,0.0
11,2020-12,5,05_USR_006,2,0.743736
11,2020-12,5,05_USR_006,3,0.106264
11,2020-12,5,05_USR_006,4,0.0
11,2020-12,5,05_USR_006,5,0.0
11,2020-12,5,05_USR_006,6,0.0
11,2020-12,5,05_USR_006,7,0.0
11,2020-12,5,05_USR_006,8,0.0
11,2020-12,5,05_USR_006,9,0.0
11,2020-12,5,05_USR_006,10,0.0
11,2020-12,5,05_USR_006,11,0.0
11,2020-12,5,05_USR_006,12,0.0
11,2020-12,5,05_USR_006,13,0.0
11,2020-12,5,05_USR_006,14,0.0
11,2020-12,6,06_USR_007,0,0.0
11,2020-12,6,06_USR_007,1,0.0
11,2020-12,6,06_USR_007,2,0.0
11,2020-12,6,06_USR_007,3,0.0
11,2020-12,6,06_USR_007,4,0.0
11,2020-12,6,06_USR_007,5,0.0
11,2020-12,6,06_USR_007,6,0.0
11,2020-12,6,06_USR_007,7,0.0
11,2020-12,6,06_USR_007,8,0.0
11,2020-12,6,06_USR_007,9,0.0
11,2020-12,6,06_USR_007,10,0.0
11,2020-12,6,06_USR_007,11,0.0
11,2020-12,6,06_USR_007,12,0.0
11,2020-12,6,06_USR_007,13,0.0
11,2020-12,6,06_USR_007,14,0.0
11,2020-12,7,07_USR_008,0,0.0
11,2020-12,7,07_USR_008,1,0.0
11,2020-12,7,07_USR_008,2,0.0
11,2020-12,7,07_USR_008,3,0.85
11,2020-12,7,07_USR_008,4,0.0
11,2020-12,7,07_USR_008,5,0.0
11,2020-12,7,07_USR_008,6,0.0
11,2020-12,7,07_USR_008,7,0.0
11,2020-12,7,07_USR_008,8,0.0
11,2020-12,7,07_USR_008,9,0.0
11,2020-12,7,07_USR_008,10,0.0
11,2020-12,7,07_USR_008,11,0.0
11,2020-12,7,07_USR_008,12,0.0
11,2020-12,7,07_USR_008,13,0.0
11,2020-12,7,07_USR_008,14,0.0
11,2020-12,8,08_USR_009,0,0.0
11,2020-12,8,08_USR_009,1,0.0
11,2020-12,8,08_USR_009,2,0.0
11,2020-12,8,08_USR_009,3,0.0
11,2020-12,8,08_USR_009,4,0.0
11,2020-12,8,08_USR_009,5,0.0
11,2020-12,8,08_USR_009,6,0.0
11,2020-12,8,08_USR_009,7,0.0
11,2020-12,8,08_USR_009,8,0.0
11,2020-12,8,08_USR_009,9,0.0
11,2020-12,8,08_USR_009,10,0.0
11,2020-12,8,08_USR_009,11,0.0
11,2020-12,8,08_USR_009,12,0.0
11,2020-12,8,08_USR_009,13,0.0
11,2020-12,8,08_USR_009,14,0.0
11,2020-12,9,09_USR_010,0,0.0
11,2020-12,9,09_USR_010,1,0.0
11,2020-12,9,09_USR_010,2,0.85
11,2020-12,9,09_USR_010,3,0.0
11,2020-12,9,09_USR_010,4,0.0
11,2020-12,9,09_USR_010,5,0.0
11,2020-12,9,09_USR_010,6,0.0
11,2020-12,9,09_USR_010,7,0.0
11,2020-12,9,09_USR_010,8,0.0
11,2020-12,9,09_USR_010,9,0.0
11,2020-12,9,09_USR_010,10,0.0
11,2020-12,9,09_USR_010,11,0.0
11,2020-12,9,09_USR_010,12,0.0
11,2020-12,9,09_USR_010,13,0.0
11,2020-12,9,09_USR_010,14,0.0
11,2020-12,10,10_STK_001,0,0.0
11,2020-12,10,10_STK_001,1,0.0
11,2020-12,10,10_STK_001,2,0.0
11,2020-12,10,10_STK_001,3,0.0
11,2020-12,10,10_STK_001,4,0.0
11,2020-12,10,10_STK_001,5,0.0
11,2020-12,10,10_STK_001,6,0.0
11,2020-12,10,10_STK_001,7,0.0
11,2020-12,10,10_STK_001,8,0.0
11,2020-12,10,10_STK_001,9,0.0
11,2020-12,10,10_STK_001,10,0.0
11,2020-12,10,10_STK_001,11,0.0
11,2020-12,10,10_STK_001,12,0.0
11,2020-12,10,10_STK_001,13,0.0
11,2020-12,10,10_STK_001,14,0.0
11,2020-12,11,11_STK_002,0,0.0
11,2020-12,11,11_STK_002,1,0.0
11,2020-12,11,11_STK_002,2,0.0
11,2020-12,11,11_STK_002,3,0.0
11,2020-12,11,11_STK_002,4,0.0
11,2020-12,11,11_STK_002,5,0.0
11,2020-12,11,11_STK_002,6,0.0
11,2020-12,11,11_STK_002,7,0.0
11,2020-12,11,11_STK_002,8,0.0
11,2020-12,11,11_STK_002,9,0.0
11,2020-12,11,11_STK_002,10,0.0
11,2020-12,11,11_STK_002,11,0.0
11,2020-12,11,11_STK_002,12,0.0
11,2020-12,11,11_STK_002,13,0.0
11,2020-12,11,11_STK_002,14,0.0
11,2020-12,12,12_STK_003,0,0.0
11,2020-12,12,12_STK_003,1,0.0
11,2020-12,12,12_STK_003,2,0.0
11,2020-12,12,12_STK_003,3,0.0
11,2020-12,12,12_STK_003,4,0.0
11,2020-12,12,12_STK_003,5,0.0
11,2020-12,12,12_STK_003,6,0.0
11,2020-12,12,12_STK_003,7,0.0
11,2020-12,12,12_STK_003,8,0.0
11,2020-12,12,12_STK_003,9,0.0
11,2020-12,12,12_STK_003,10,0.0
11,2020-12,12,12_STK_003,11,0.0
11,2020-12,12,12_STK_003,12,0.0
11,2020-12,12,12_STK_003,13,0.0
11,2020-12,12,12_STK_003,14,0.0
11,2020-12,13,13_STK_004,0,0.0
11,2020-12,13,13_STK_004,1,0.0
11,2020-12,13,13_STK_004,2,0.0
11,2020-12,13,13_STK_004,3,0.0
11,2020-12,13,13_STK_004,4,0.0
11,2020-12,13,13_STK_004,5,0.0
11,2020-12,13,13_STK_004,6,0.0
11,2020-12,13,13_STK_004,7,0.0
11,2020-12,13,13_STK_004,8,0.0
11,2020-12,13,13_STK_004,9,0.0
11,2020-12,13,13_STK_004,10,0.0
11,2020-12,13,13_STK_004,11,0.0
11,2020-12,13,13_STK_004,12,0.0
11,2020-12,13,13_STK_004,13,0.0
11,2020-12,13,13_STK_004,14,0.0
11,2020-12,14,14_STK_005,0,0.0
11,2020-12,14,14_STK_005,1,0.0
11,2020-12,14,14_STK_005,2,0.0
11,2020-12,14,14_STK_005,3,0.0
11,2020-12,14,14_STK_005,4,0.0
11,2020-12,14,14_STK_005,5,0.0
11,2020-12,14,14_STK_005,6,0.0
11,2020-12,14,14_STK_005,7,0.0
11,2020-12,14,14_STK_005,8,0.0
11,2020-12,14,14_STK_005,9,0.0
11,2020-12,14,14_STK_005,10,0.0
11,2020-12,14,14_STK_005,11,0.0
11,2020-12,14,14_STK_005,12,0.0
11,2020-12,14,14_STK_005,13,0.0
11,2020-12,14,14_STK_005,14,0.0
12,2021-01,0,00_USR_001,0,0.0
12,2021-01,0,00_USR_001,1,0.0
12,2021-01,0,00_USR_001,2,0.0
12,2021-01,0,00_USR_001,3,0.85
12,2021-01,0,00_USR_001,4,0.0
12,2021-01,0,00_USR_001,5,0.0
12,2021-01,0,00_USR_001,6,0.0
12,2021-01,0,00_USR_001,7,0.0
12,2021-01,0,00_USR_001,8,0.0
12,2021-01,0,00_USR_001,9,0.0
12,2021-01,0,00_USR_001,10,0.0
12,2021-01,0,00_USR_001,11,0.0
12,2021-01,0,00_USR_001,12,0.0
12,2021-01,0,00_USR_001,13,0.0
12,2021-01,0,00_USR_001,14,0.0
12,2021-01,1,01_USR_002,0,0.0
12,2021-01,1,01_USR_002,1,0.0
12,2021-01,1,01_USR_002,2,0.85
12,2021-01,1,01_USR_002,3,0.0
12,2021-01,1,01_USR_002,4,0.0
12,2021-01,1,01_USR_002,5,0.0
12,2021-01,1,01_USR_002,6,0.0
12,2021-01,1,01_USR_002,7,0.0
12,2021-01,1,01_USR_002,8,0.0
12,2021-01,1,01_USR_002,9,0.0
12,2021-01,1,01_USR_002,10,0.0
12,2021-01,1,01_USR_002,11,0.0
12,2021-01,1,01_USR_002,12,0.0
12,2021-01,1,01_USR_002,13,0.0
12,2021-01,1,01_USR_002,14,0.0
12,2021-01,2,02_USR_003,0,6.7e-05
12,2021-01,2,02_USR_003,1,0.0
12,2021-01,2,02_USR_003,2,0.0
12,2021-01,2,02_USR_003,3,0.849904
12,2021-01,2,02_USR_003,4,2e-06
12,2021-01,2,02_USR_003,5,0.0
12,2021-01,2,02_USR_003,6,2e-06
12,2021-01,2,02_USR_003,7,0.0
12,2021-01,2,02_USR_003,8,1.8e-05
12,2021-01,2,02_USR_003,9,6e-06
12,2021-01,2,02_USR_003,10,0.0
12,2021-01,2,02_USR_003,11,0.0
12,2021-01,2,02_USR_003,12,0.0
12,2021-01,2,02_USR_003,13,0.0
12,2021-01,2,02_USR_003,14,0.0
12,2021-01,3,03_USR_004,0,0.0
12,2021-01,3,03_USR_004,1,0.0
12,2021-01,3,03_USR_004,2,0.843913
12,2021-01,3,03_USR_004,3,0.0
12,2021-01,3,03_USR_004,4,0.00436
12,2021-01,3,03_USR_004,5,0.0
12,2021-01,3,03_USR_004,6,0.0
12,2021-01,3,03_USR_004,7,0.001716
12,2021-01,3,03_USR_004,8,1e-05
12,2021-01,3,03_USR_004,9,0.0
12,2021-01,3,03_USR_004,10,0.0
12,2021-01,3,03_USR_004,11,0.0
12,2021-01,3,03_USR_004,12,0.0
12,2021-01,3,03_USR_004,13,0.0
12,2021-01,3,03_USR_004,14,0.0
12,2021-01,4,04_USR_005,0,0.0
12,2021-01,4,04_USR_005,1,0.0
12,2021-01,4,04_USR_005,2,0.847951
12,2021-01,4,04_USR_005,3,0.002049
12,2021-01,4,04_USR_005,4,0.0
12,2021-01,4,04_USR_005,5,0.0
12,2021-01,4,04_USR_005,6,0.0
12,2021-01,4,04_USR_005,7,0.0
12,2021-01,4,04_USR_005,8,0.0
12,2021-01,4,04_USR_005,9,0.0
12,2021-01,4,04_USR_005,10,0.0
12,2021-01,4,04_USR_005,11,0.0
12,2021-01,4,04_USR_005,12,0.0
12,2021-01,4,04_USR_005,13,0.0
12,2021-01,4,04_USR_005,14,0.0
12,2021-01,5,05_USR_006,0,0.0
12,2021-01,5,05_USR_006,1,0.0
12,2021-01,5,05_USR_006,2,0.302146
12,2021-01,5,05_USR_006,3,0.547854
12,2021-01,5,05_USR_006,4,0.0
12,2021-01,5,05_USR_006,5,0.0
12,2021-01,5,05_USR_006,6,0.0
12,2021-01,5,05_USR_006,7,0.0
12,2021-01,5,05_USR_006,8,0.0
12,2021-01,5,05_USR_006,9,0.0
12,2021-01,5,05_USR_006,10,0.0
12,2021-01,5,05_USR_006,11,0.0
12,2021-01,5,05_USR_006,12,0.0
12,2021-01,5,05_USR_006,13,0.0
12,2021-01,5,05_USR_006,14,0.0
12,2021-01,6,06_USR_007,0,0.0
12,2021-01,6,06_USR_007,1,0.0
12,2021-01,6,06_USR_007,2,0.808825
12,2021-01,6,06_USR_007,3,0.041175
12,2021-01,6,06_USR_007,4,0.0
12,2021-01,6,06_USR_007,5,0.0
12,2021-01,6,06_USR_007,6,0.0
12,2021-01,6,06_USR_007,7,0.0
12,2021-01,6,06_USR_007,8,0.0
12,2021-01,6,06_USR_007,9,0.0
12,2021-01,6,06_USR_007,10,0.0
12,2021-01,6,06_USR_007,11,0.0
12,2021-01,6,06_USR_007,12,0.0
12,2021-01,6,06_USR_007,13,0.0
12,2021-01,6,06_USR_007,14,0.0
12,2021-01,7,07_USR_008,0,0.0
12,2021-01,7,07_USR_008,1,0.0
12,2021-01,7,07_USR_008,2,0.622827
12,2021-01,7,07_USR_008,3,0.227173
12,2021-01,7,07_USR_008,4,0.0
12,2021-01,7,07_USR_008,5,0.0
12,2021-01,7,07_USR_008,6,0.0
12,2021-01,7,07_USR_008,7,0.0
12,2021-01,7,07_USR_008,8,0.0
12,2021-01,7,07_USR_008,9,0.0
12,2021-01,7,07_USR_008,10,0.0
12,2021-01,7,07_USR_008,11,0.0
12,2021-01,7,07_USR_008,12,0.0
12,2021-01,7,07_USR_008,13,0.0
12,2021-01,7,07_USR_008,14,0.0
12,2021-01,8,08_USR_009,0,0.0
12,2021-01,8,08_USR_009,1,0.0
12,2021-01,8,08_USR_009,2,0.85
12,2021-01,8,08_USR_009,3,0.0
12,2021-01,8,08_USR_009,4,0.0
12,2021-01,8,08_USR_009,5,0.0
12,2021-01,8,08_USR_009,6,0.0
12,2021-01,8,08_USR_009,7,0.0
12,2021-01,8,08_USR_009,8,0.0
12,2021-01,8,08_USR_009,9,0.0
12,2021-01,8,08_USR_009,10,0.0
12,2021-01,8,08_USR_009,11,0.0
12,2021-01,8,08_USR_009,12,0.0
12,2021-01,8,08_USR_009,13,0.0
12,2021-01,8,08_USR_009,14,0.0
12,2021-01,9,09_USR_010,0,0.0
12,2021-01,9,09_USR_010,1,0.0
12,2021-01,9,09_USR_010,2,0.8498
12,2021-01,9,09_USR_010,3,0.0002
12,2021-01,9,09_USR_010,4,0.0
12,2021-01,9,09_USR_010,5,0.0
12,2021-01,9,09_USR_010,6,0.0
12,2021-01,9,09_USR_010,7,0.0
12,2021-01,9,09_USR_010,8,0.0
12,2021-01,9,09_USR_010,9,0.0
12,2021-01,9,09_USR_010,10,0.0
12,2021-01,9,09_USR_010,11,0.0
12,2021-01,9,09_USR_010,12,0.0
12,2021-01,9,09_USR_010,13,0.0
12,2021-01,9,09_USR_010,14,0.0
12,2021-01,10,10_STK_001,0,0.0
12,2021-01,10,10_STK_001,1,0.0
12,2021-01,10,10_STK_001,2,0.0
12,2021-01,10,10_STK_001,3,0.0
12,2021-01,10,10_STK_001,4,0.0
12,2021-01,10,10_STK_001,5,0.0
12,2021-01,10,10_STK_001,6,0.0
12,2021-01,10,10_STK_001,7,0.0
12,2021-01,10,10_STK_001,8,0.0
12,2021-01,10,10_STK_001,9,0.0
12,2021-01,10,10_STK_001,10,0.0
12,2021-01,10,10_STK_001,11,0.0
12,2021-01,10,10_STK_001,12,0.0
12,2021-01,10,10_STK_001,13,0.0
12,2021-01,10,10_STK_001,14,0.0
12,2021-01,11,11_STK_002,0,0.0
12,2021-01,11,11_STK_002,1,0.0
12,2021-01,11,11_STK_002,2,0.0
12,2021-01,11,11_STK_002,3,0.0
12,2021-01,11,11_STK_002,4,0.0
12,2021-01,11,11_STK_002,5,0.0
12,2021-01,11,11_STK_002,6,0.0
12,2021-01,11,11_STK_002,7,0.0
12,2021-01,11,11_STK_002,8,0.0
12,2021-01,11,11_STK_002,9,0.0
12,2021-01,11,11_STK_002,10,0.0
12,2021-01,11,11_STK_002,11,0.0
12,2021-01,11,11_STK_002,12,0.0
12,2021-01,11,11_STK_002,13,0.0
12,2021-01,11,11_STK_002,14,0.0
12,2021-01,12,12_STK_003,0,0.0
12,2021-01,12,12_STK_003,1,0.0
12,2021-01,12,12_STK_003,2,0.0
12,2021-01,12,12_STK_003,3,0.0
12,2021-01,12,12_STK_003,4,0.0
12,2021-01,12,12_STK_003,5,0.0
12,2021-01,12,12_STK_003,6,0.0
12,2021-01,12,12_STK_003,7,0.0
12,2021-01,12,12_STK_003,8,0.0
12,2021-01,12,12_STK_003,9,0.0
12,2021-01,12,12_STK_003,10,0.0
12,2021-01,12,12_STK_003,11,0.0
12,2021-01,12,12_STK_003,12,0.0
12,2021-01,12,12_STK_003,13,0.0
12,2021-01,12,12_STK_003,14,0.0
12,2021-01,13,13_STK_004,0,0.0
12,2021-01,13,13_STK_004,1,0.0
12,2021-01,13,13_STK_004,2,0.0
12,2021-01,13,13_STK_004,3,0.0
12,2021-01,13,13_STK_004,4,0.0
12,2021-01,13,13_STK_004,5,0.0
12,2021-01,13,13_STK_004,6,0.0
12,2021-01,13,13_STK_004,7,0.0
12,2021-01,13,13_STK_004,8,0.0
12,2021-01,13,13_STK_004,9,0.0
12,2021-01,13,13_STK_004,10,0.0
12,2021-01,13,13_STK_004,11,0.0
12,2021-01,13,13_STK_004,12,0.0
12,2021-01,13,13_STK_004,13,0.0
12,2021-01,13,13_STK_004,14,0.0
12,2021-01,14,14_STK_005,0,0.0
12,2021-01,14,14_STK_005,1,0.0
12,2021-01,14,14_STK_005,2,0.0
12,2021-01,14,14_STK_005,3,0.0
12,2021-01,14,14_STK_005,4,0.0
12,2021-01,14,14_STK_005,5,0.0
12,2021-01,14,14_STK_005,6,0.0
12,2021-01,14,14_STK_005,7,0.0
12,2021-01,14,14_STK_005,8,0.0
12,2021-01,14,14_STK_005,9,0.0
12,2021-01,14,14_STK_005,10,0.0
12,2021-01,14,14_STK_005,11,0.0
12,2021-01,14,14_STK_005,12,0.0
12,2021-01,14,14_STK_005,13,0.0
12,2021-01,14,14_STK_005,14,0.0
13,2021-02,0,00_USR_001,0,0.0
13,2021-02,0,00_USR_001,1,0.0
13,2021-02,0,00_USR_001,2,0.0
13,2021-02,0,00_USR_001,3,0.0
13,2021-02,0,00_USR_001,4,0.0
13,2021-02,0,00_USR_001,5,0.0
13,2021-02,0,00_USR_001,6,0.0
13,2021-02,0,00_USR_001,7,0.0
13,2021-02,0,00_USR_001,8,0.0
13,2021-02,0,00_USR_001,9,0.0
13,2021-02,0,00_USR_001,10,0.0
13,2021-02,0,00_USR_001,11,0.0
13,2021-02,0,00_USR_001,12,0.0
13,2021-02,0,00_USR_001,13,0.0
13,2021-02,0,00_USR_001,14,0.0
13,2021-02,1,01_USR_002,0,0.0
13,2021-02,1,01_USR_002,1,0.0
13,2021-02,1,01_USR_002,2,0.004561
13,2021-02,1,01_USR_002,3,0.845439
13,2021-02,1,01_USR_002,4,0.0
13,2021-02,1,01_USR_002,5,0.0
13,2021-02,1,01_USR_002,6,0.0
13,2021-02,1,01_USR_002,7,0.0
13,2021-02,1,01_USR_002,8,0.0
13,2021-02,1,01_USR_002,9,0.0
13,2021-02,1,01_USR_002,10,0.0
13,2021-02,1,01_USR_002,11,0.0
13,2021-02,1,01_USR_002,12,0.0
13,2021-02,1,01_USR_002,13,0.0
13,2021-02,1,01_USR_002,14,0.0
13,2021-02,2,02_USR_003,0,0.0
13,2021-02,2,02_USR_003,1,0.0
13,2021-02,2,02_USR_003,2,0.0
13,2021-02,2,02_USR_003,3,0.84997
13,2021-02,2,02_USR_003,4,0.0
13,2021-02,2,02_USR_003,5,1.6e-05
13,2021-02,2,02_USR_003,6,1.1e-05
13,2021-02,2,02_USR_003,7,1e-06
13,2021-02,2,02_USR_003,8,1e-06
13,2021-02,2,02_USR_003,9,1e-06
13,2021-02,2,02_USR_003,10,0.0
13,2021-02,2,02_USR_003,11,0.0
13,2021-02,2,02_USR_003,12,0.0
13,2021-02,2,02_USR_003,13,0.0
13,2021-02,2,02_USR_003,14,0.0
13,2021-02,3,03_USR_004,0,0.0
13,2021-02,3,03_USR_004,1,1.7e-05
13,2021-02,3,03_USR_004,2,0.838965
13,2021-02,3,03_USR_004,3,0.0
13,2021-02,3,03_USR_004,4,1e-06
13,2021-02,3,03_USR_004,5,0.008402
13,2021-02,3,03_USR_004,6,1e-06
13,2021-02,3,03_USR_004,7,3e-06
13,2021-02,3,03_USR_004,8,0.002607
13,2021-02,3,03_USR_004,9,4e-06
13,2021-02,3,03_USR_004,10,0.0
13,2021-02,3,03_USR_004,11,0.0
13,2021-02,3,03_USR_004,12,0.0
13,2021-02,3,03_USR_004,13,0.0
13,2021-02,3,03_USR_004,14,0.0
13,2021-02,4,04_USR_005,0,0.0
13,2021-02,4,04_USR_005,1,0.0
13,2021-02,4,04_USR_005,2,0.0
13,2021-02,4,04_USR_005,3,0.85
13,2021-02,4,04_USR_005,4,0.0
13,2021-02,4,04_USR_005,5,0.0
13,2021-02,4,04_USR_005,6,0.0
13,2021-02,4,04_USR_005,7,0.0
13,2021-02,4,04_USR_005,8,0.0
13,2021-02,4,04_USR_005,9,0.0
13,2021-02,4,04_USR_005,10,0.0
13,2021-02,4,04_USR_005,11,0.0
13,2021-02,4,04_USR_005,12,0.0
13,2021-02,4,04_USR_005,13,0.0
13,2021-02,4,04_USR_005,14,0.0
13,2021-02,5,05_USR_006,0,0.0
13,2021-02,5,05_USR_006,1,0.0
13,2021-02,5,05_USR_006,2,0.005524
13,2021-02,5,05_USR_006,3,0.844476
13,2021-02,5,05_USR_006,4,0.0
13,2021-02,5,05_USR_006,5,0.0
13,2021-02,5,05_USR_006,6,0.0
13,2021-02,5,05_USR_006,7,0.0
13,2021-02,5,05_USR_006,8,0.0
13,2021-02,5,05_USR_006,9,0.0
13,2021-02,5,05_USR_006,10,0.0
13,2021-02,5,05_USR_006,11,0.0
13,2021-02,5,05_USR_006,12,0.0
13,2021-02,5,05_USR_006,13,0.0
13,2021-02,5,05_USR_006,14,0.0
13,2021-02,6,06_USR_007,0,0.0
13,2021-02,6,06_USR_007,1,0.0
13,2021-02,6,06_USR_007,2,0.841042
13,2021-02,6,06_USR_007,3,0.008958
13,2021-02,6,06_USR_007,4,0.0
13,2021-02,6,06_USR_007,5,0.0
13,2021-02,6,06_USR_007,6,0.0
13,2021-02,6,06_USR_007,7,0.0
13,2021-02,6,06_USR_007,8,0.0
13,2021-02,6,06_USR_007,9,0.0
13,2021-02,6,06_USR_007,10,0.0
13,2021-02,6,06_USR_007,11,0.0
13,2021-02,6,06_USR_007,12,0.0
13,2021-02,6,06_USR_007,13,0.0
13,2021-02,6,06_USR_007,14,0.0
13,2021-02,7,07_USR_008,0,0.0
13,2021-02,7,07_USR_008,1,0.0
13,2021-02,7,07_USR_008,2,0.817648
13,2021-02,7,07_USR_008,3,0.032352
13,2021-02,7,07_USR_008,4,0.0
13,2021-02,7,07_USR_008,5,0.0
13,2021-02,7,07_USR_008,6,0.0
13,2021-02,7,07_USR_008,7,0.0
13,2021-02,7,07_USR_008,8,0.0
13,2021-02,7,07_USR_008,9,0.0
13,2021-02,7,07_USR_008,10,0.0
13,2021-02,7,07_USR_008,11,0.0
13,2021-02,7,07_USR_008,12,0.0
13,2021-02,7,07_USR_008,13,0.0
13,2021-02,7,07_USR_008,14,0.0
13,2021-02,8,08_USR_009,0,0.0
13,2021-02,8,08_USR_009,1,0.0
13,2021-02,8,08_USR_009,2,0.85
13,2021-02,8,08_USR_009,3,0.0
13,2021-02,8,08_USR_009,4,0.0
13,2021-02,8,08_USR_009,5,0.0
13,2021-02,8,08_USR_009,6,0.0
13,2021-02,8,08_USR_009,7,0.0
13,2021-02,8,08_USR_009,8,0.0
13,2021-02,8,08_USR_009,9,0.0
13,2021-02,8,08_USR_009,10,0.0
13,2021-02,8,08_USR_009,11,0.0
13,2021-02,8,08_USR_009,12,0.0
13,2021-02,8,08_USR_009,13,0.0
13,2021-02,8,08_USR_009,14,0.0
13,2021-02,9,09_USR_010,0,0.0
13,2021-02,9,09_USR_010,1,0.0
13,2021-02,9,09_USR_010,2,0.0
13,2021-02,9,09_USR_010,3,0.85
13,2021-02,9,09_USR_010,4,0.0
13,2021-02,9,09_USR_010,5,0.0
13,2021-02,9,09_USR_010,6,0.0
13,2021-02,9,09_USR_010,7,0.0
13,2021-02,9,09_USR_010,8,0.0
13,2021-02,9,09_USR_010,9,0.0
13,2021-02,9,09_USR_010,10,0.0
13,2021-02,9,09_USR_010,11,0.0
13,2021-02,9,09_USR_010,12,0.0
13,2021-02,9,09_USR_010,13,0.0
13,2021-02,9,09_USR_010,14,0.0
13,2021-02,10,10_STK_001,0,0.0
13,2021-02,10,10_STK_001,1,0.0
13,2021-02,10,10_STK_001,2,0.0
13,2021-02,10,10_STK_001,3,0.0
13,2021-02,10,10_STK_001,4,0.0
13,2021-02,10,10_STK_001,5,0.0
13,2021-02,10,10_STK_001,6,0.0
13,2021-02,10,10_STK_001,7,0.0
13,2021-02,10,10_STK_001,8,0.0
13,2021-02,10,10_STK_001,9,0.0
13,2021-02,10,10_STK_001,10,0.0
13,2021-02,10,10_STK_001,11,0.0
13,2021-02,10,10_STK_001,12,0.0
13,2021-02,10,10_STK_001,13,0.0
13,2021-02,10,10_STK_001,14,0.0
13,2021-02,11,11_STK_002,0,0.0
13,2021-02,11,11_STK_002,1,0.0
13,2021-02,11,11_STK_002,2,0.0
13,2021-02,11,11_STK_002,3,0.0
13,2021-02,11,11_STK_002,4,0.0
13,2021-02,11,11_STK_002,5,0.0
13,2021-02,11,11_STK_002,6,0.0
13,2021-02,11,11_STK_002,7,0.0
13,2021-02,11,11_STK_002,8,0.0
13,2021-02,11,11_STK_002,9,0.0
13,2021-02,11,11_STK_002,10,0.0
13,2021-02,11,11_STK_002,11,0.0
13,2021-02,11,11_STK_002,12,0.0
13,2021-02,11,11_STK_002,13,0.0
13,2021-02,11,11_STK_002,14,0.0
13,2021-02,12,12_STK_003,0,0.0
13,2021-02,12,12_STK_003,1,0.0
13,2021-02,12,12_STK_003,2,0.0
13,2021-02,12,12_STK_003,3,0.0
13,2021-02,12,12_STK_003,4,0.0
13,2021-02,12,12_STK_003,5,0.0
13,2021-02,12,12_STK_003,6,0.0
13,2021-02,12,12_STK_003,7,0.0
13,2021-02,12,12_STK_003,8,0.0
13,2021-02,12,12_STK_003,9,0.0
13,2021-02,12,12_STK_003,10,0.0
13,2021-02,12,12_STK_003,11,0.0
13,2021-02,12,12_STK_003,12,0.0
13,2021-02,12,12_STK_003,13,0.0
13,2021-02,12,12_STK_003,14,0.0
13,2021-02,13,13_STK_004,0,0.0
13,2021-02,13,13_STK_004,1,0.0
13,2021-02,13,13_STK_004,2,0.0
13,2021-02,13,13_STK_004,3,0.0
13,2021-02,13,13_STK_004,4,0.0
13,2021-02,13,13_STK_004,5,0.0
13,2021-02,13,13_STK_004,6,0.0
13,2021-02,13,13_STK_004,7,0.0
13,2021-02,13,13_STK_004,8,0.0
13,2021-02,13,13_STK_004,9,0.0
13,2021-02,13,13_STK_004,10,0.0
13,2021-02,13,13_STK_004,11,0.0
13,2021-02,13,13_STK_004,12,0.0
13,2021-02,13,13_STK_004,13,0.0
13,2021-02,13,13_STK_004,14,0.0
13,2021-02,14,14_STK_005,0,0.0
13,2021-02,14,14_STK_005,1,0.0
13,2021-02,14,14_STK_005,2,0.0
13,2021-02,14,14_STK_005,3,0.0
13,2021-02,14,14_STK_005,4,0.0
13,2021-02,14,14_STK_005,5,0.0
13,2021-02,14,14_STK_005,6,0.0
13,2021-02,14,14_STK_005,7,0.0
13,2021-02,14,14_STK_005,8,0.0
13,2021-02,14,14_STK_005,9,0.0
13,2021-02,14,14_STK_005,10,0.0
13,2021-02,14,14_STK_005,11,0.0
13,2021-02,14,14_STK_005,12,0.0
13,2021-02,14,14_STK_005,13,0.0
13,2021-02,14,14_STK_005,14,0.0
14,2021-03,0,00_USR_001,0,0.0
14,2021-03,0,00_USR_001,1,0.0
14,2021-03,0,00_USR_001,2,0.0
14,2021-03,0,00_USR_001,3,0.0
14,2021-03,0,00_USR_001,4,0.0
14,2021-03,0,00_USR_001,5,0.0
14,2021-03,0,00_USR_001,6,0.0
14,2021-03,0,00_USR_001,7,0.0
14,2021-03,0,00_USR_001,8,0.0
14,2021-03,0,00_USR_001,9,0.0
14,2021-03,0,00_USR_001,10,0.0
14,2021-03,0,00_USR_001,11,0.0
14,2021-03,0,00_USR_001,12,0.0
14,2021-03,0,00_USR_001,13,0.0
14,2021-03,0,00_USR_001,14,0.0
14,2021-03,1,01_USR_002,0,0.0
14,2021-03,1,01_USR_002,1,0.0
14,2021-03,1,01_USR_002,2,0.0
14,2021-03,1,01_USR_002,3,0.0
14,2021-03,1,01_USR_002,4,0.0
14,2021-03,1,01_USR_002,5,0.0
14,2021-03,1,01_USR_002,6,0.0
14,2021-03,1,01_USR_002,7,0.0
14,2021-03,1,01_USR_002,8,0.0
14,2021-03,1,01_USR_002,9,0.0
14,2021-03,1,01_USR_002,10,0.0
14,2021-03,1,01_USR_002,11,0.0
14,2021-03,1,01_USR_002,12,0.0
14,2021-03,1,01_USR_002,13,0.0
14,2021-03,1,01_USR_002,14,0.0
14,2021-03,2,02_USR_003,0,0.0
14,2021-03,2,02_USR_003,1,0.0
14,2021-03,2,02_USR_003,2,0.0
14,2021-03,2,02_USR_003,3,0.84997
14,2021-03,2,02_USR_003,4,4e-06
14,2021-03,2,02_USR_003,5,1e-06
14,2021-03,2,02_USR_003,6,7e-06
14,2021-03,2,02_USR_003,7,2e-06
14,2021-03,2,02_USR_003,8,0.0
14,2021-03,2,02_USR_003,9,1.5e-05
14,2021-03,2,02_USR_003,10,0.0
14,2021-03,2,02_USR_003,11,0.0
14,2021-03,2,02_USR_003,12,0.0
14,2021-03,2,02_USR_003,13,0.0
14,2021-03,2,02_USR_003,14,0.0
14,2021-03,3,03_USR_004,0,0.039284
14,2021-03,3,03_USR_004,1,3.6e-05
14,2021-03,3,03_USR_004,2,0.797967
14,2021-03,3,03_USR_004,3,0.0
14,2021-03,3,03_USR_004,4,1.5e-05
14,2021-03,3,03_USR_004,5,0.004554
14,2021-03,3,03_USR_004,6,0.003846
14,2021-03,3,03_USR_004,7,2e-06
14,2021-03,3,03_USR_004,8,0.004296
14,2021-03,3,03_USR_004,9,1e-06
14,2021-03,3,03_USR_004,10,0.0
14,2021-03,3,03_USR_004,11,0.0
14,2021-03,3,03_USR_004,12,0.0
14,2021-03,3,03_USR_004,13,0.0
14,2021-03,3,03_USR_004,14,0.0
14,2021-03,4,04_USR_005,0,0.0
14,2021-03,4,04_USR_005,1,0.0
14,2021-03,4,04_USR_005,2,0.85
14,2021-03,4,04_USR_005,3,0.0
14,2021-03,4,04_USR_005,4,0.0
14,2021-03,4,04_USR_005,5,0.0
14,2021-03,4,04_USR_005,6,0.0
14,2021-03,4,04_USR_005,7,0.0
14,2021-03,4,04_USR_005,8,0.0
14,2021-03,4,04_USR_005,9,0.0
14,2021-03,4,04_USR_005,10,0.0
14,2021-03,4,04_USR_005,11,0.0
14,2021-03,4,04_USR_005,12,0.0
14,2021-03,4,04_USR_005,13,0.0
14,2021-03,4,04_USR_005,14,0.0
14,2021-03,5,05_USR_006,0,0.0
14,2021-03,5,05_USR_006,1,0.0
14,2021-03,5,05_USR_006,2,0.846497
14,2021-03,5,05_USR_006,3,0.003503
14,2021-03,5,05_USR_006,4,0.0
14,2021-03,5,05_USR_006,5,0.0
14,2021-03,5,05_USR_006,6,0.0
14,2021-03,5,05_USR_006,7,0.0
14,2021-03,5,05_USR_006,8,0.0
14,2021-03,5,05_USR_006,9,0.0
14,2021-03,5,05_USR_006,10,0.0
14,2021-03,5,05_USR_006,11,0.0
14,2021-03,5,05_USR_006,12,0.0
14,2021-03,5,05_USR_006,13,0.0
14,2021-03,5,05_USR_006,14,0.0
14,2021-03,6,06_USR_007,0,0.0
14,2021-03,6,06_USR_007,1,0.0
14,2021-03,6,06_USR_007,2,0.0
14,2021-03,6,06_USR_007,3,0.0
14,2021-03,6,06_USR_007,4,0.0
14,2021-03,6,06_USR_007,5,0.0
14,2021-03,6,06_USR_007,6,0.0
14,2021-03,6,06_USR_007,7,0.0
14,2021-03,6,06_USR_007,8,0.0
14,2021-03,6,06_USR_007,9,0.0
14,2021-03,6,06_USR_007,10,0.0
14,2021-03,6,06_USR_007,11,0.0
14,2021-03,6,06_USR_007,12,0.0
14,2021-03,6,06_USR_007,13,0.0
14,2021-03,6,06_USR_007,14,0.0
14,2021-03,7,07_USR_008,0,0.0
14,2021-03,7,07_USR_008,1,0.0
14,2021-03,7,07_USR_008,2,0.0
14,2021-03,7,07_USR_008,3,0.0
14,2021-03,7,07_USR_008,4,0.0
14,2021-03,7,07_USR_008,5,0.0
14,2021-03,7,07_USR_008,6,0.0
14,2021-03,7,07_USR_008,7,0.0
14,2021-03,7,07_USR_008,8,0.0
14,2021-03,7,07_USR_008,9,0.0
14,2021-03,7,07_USR_008,10,0.0
14,2021-03,7,07_USR_008,11,0.0
14,2021-03,7,07_USR_008,12,0.0
14,2021-03,7,07_USR_008,13,0.0
14,2021-03,7,07_USR_008,14,0.0
14,2021-03,8,08_USR_009,0,0.0
14,2021-03,8,08_USR_009,1,0.0
14,2021-03,8,08_USR_009,2,0.85
14,2021-03,8,08_USR_009,3,0.0
14,2021-03,8,08_USR_009,4,0.0
14,2021-03,8,08_USR_009,5,0.0
14,2021-03,8,08_USR_009,6,0.0
14,2021-03,8,08_USR_009,7,0.0
14,2021-03,8,08_USR_009,8,0.0
14,2021-03,8,08_USR_009,9,0.0
14,2021-03,8,08_USR_009,10,0.0
14,2021-03,8,08_USR_009,11,0.0
14,2021-03,8,08_USR_009,12,0.0
14,2021-03,8,08_USR_009,13,0.0
14,2021-03,8,08_USR_009,14,0.0
14,2021-03,9,09_USR_010,0,0.0
14,2021-03,9,09_USR_010,1,0.0
14,2021-03,9,09_USR_010,2,0.85
14,2021-03,9,09_USR_010,3,0.0
14,2021-03,9,09_USR_010,4,0.0
14,2021-03,9,09_USR_010,5,0.0
14,2021-03,9,09_USR_010,6,0.0
14,2021-03,9,09_USR_010,7,0.0
14,2021-03,9,09_USR_010,8,0.0
14,2021-03,9,09_USR_010,9,0.0
14,2021-03,9,09_USR_010,10,0.0
14,2021-03,9,09_USR_010,11,0.0
14,2021-03,9,09_USR_010,12,0.0
14,2021-03,9,09_USR_010,13,0.0
14,2021-03,9,09_USR_010,14,0.0
14,2021-03,10,10_STK_001,0,0.0
14,2021-03,10,10_STK_001,1,0.0
14,2021-03,10,10_STK_001,2,0.0
14,2021-03,10,10_STK_001,3,0.0
14,2021-03,10,10_STK_001,4,0.0
14,2021-03,10,10_STK_001,5,0.0
14,2021-03,10,10_STK_001,6,0.0
14,2021-03,10,10_STK_001,7,0.0
14,2021-03,10,10_STK_001,8,0.0
14,2021-03,10,10_STK_001,9,0.0
14,2021-03,10,10_STK_001,10,0.0
14,2021-03,10,10_STK_001,11,0.0
14,2021-03,10,10_STK_001,12,0.0
14,2021-03,10,10_STK_001,13,0.0
14,2021-03,10,10_STK_001,14,0.0
14,2021-03,11,11_STK_002,0,0.0
14,2021-03,11,11_STK_002,1,0.0
14,2021-03,11,11_STK_002,2,0.0
14,2021-03,11,11_STK_002,3,0.0
14,2021-03,11,11_STK_002,4,0.0
14,2021-03,11,11_STK_002,5,0.0
14,2021-03,11,11_STK_002,6,0.0
14,2021-03,11,11_STK_002,7,0.0
14,2021-03,11,11_STK_002,8,0.0
14,2021-03,11,11_STK_002,9,0.0
14,2021-03,11,11_STK_002,10,0.0
14,2021-03,11,11_STK_002,11,0.0
14,2021-03,11,11_STK_002,12,0.0
14,2021-03,11,11_STK_002,13,0.0
14,2021-03,11,11_STK_002,14,0.0
14,2021-03,12,12_STK_003,0,0.0
14,2021-03,12,12_STK_003,1,0.0
14,2021-03,12,12_STK_003,2,0.0
14,2021-03,12,12_STK_003,3,0.0
14,2021-03,12,12_STK_003,4,0.0
14,2021-03,12,12_STK_003,5,0.0
14,2021-03,12,12_STK_003,6,0.0
14,2021-03,12,12_STK_003,7,0.0
14,2021-03,12,12_STK_003,8,0.0
14,2021-03,12,12_STK_003,9,0.0
14,2021-03,12,12_STK_003,10,0.0
14,2021-03,12,12_STK_003,11,0.0
14,2021-03,12,12_STK_003,12,0.0
14,2021-03,12,12_STK_003,13,0.0
14,2021-03,12,12_STK_003,14,0.0
14,2021-03,13,13_STK_004,0,0.0
14,2021-03,13,13_STK_004,1,0.0
14,2021-03,13,13_STK_004,2,0.0
14,2021-03,13,13_STK_004,3,0.0
14,2021-03,13,13_STK_004,4,0.0
14,2021-03,13,13_STK_004,5,0.0
14,2021-03,13,13_STK_004,6,0.0
14,2021-03,13,13_STK_004,7,0.0
14,2021-03,13,13_STK_004,8,0.0
14,2021-03,13,13_STK_004,9,0.0
14,2021-03,13,13_STK_004,10,0.0
14,2021-03,13,13_STK_004,11,0.0
14,2021-03,13,13_STK_004,12,0.0
14,2021-03,13,13_STK_004,13,0.0
14,2021-03,13,13_STK_004,14,0.0
14,2021-03,14,14_STK_005,0,0.0
14,2021-03,14,14_STK_005,1,0.0
14,2021-03,14,14_STK_005,2,0.0
14,2021-03,14,14_STK_005,3,0.0
14,2021-03,14,14_STK_005,4,0.0
14,2021-03,14,14_STK_005,5,0.0
14,2021-03,14,14_STK_005,6,0.0
14,2021-03,14,14_STK_005,7,0.0
14,2021-03,14,14_STK_005,8,0.0
14,2021-03,14,14_STK_005,9,0.0
14,2021-03,14,14_STK_005,10,0.0
14,2021-03,14,14_STK_005,11,0.0
14,2021-03,14,14_STK_005,12,0.0
14,2021-03,14,14_STK_005,13,0.0
14,2021-03,14,14_STK_005,14,0.0
15,2021-04,0,00_USR_001,0,0.0
15,2021-04,0,00_USR_001,1,0.0
15,2021-04,0,00_USR_001,2,0.0
15,2021-04,0,00_USR_001,3,0.85
15,2021-04,0,00_USR_001,4,0.0
15,2021-04,0,00_USR_001,5,0.0
15,2021-04,0,00_USR_001,6,0.0
15,2021-04,0,00_USR_001,7,0.0
15,2021-04,0,00_USR_001,8,0.0
15,2021-04,0,00_USR_001,9,0.0
15,2021-04,0,00_USR_001,10,0.0
15,2021-04,0,00_USR_001,11,0.0
15,2021-04,0,00_USR_001,12,0.0
15,2021-04,0,00_USR_001,13,0.0
15,2021-04,0,00_USR_001,14,0.0
15,2021-04,1,01_USR_002,0,0.0
15,2021-04,1,01_USR_002,1,0.0
15,2021-04,1,01_USR_002,2,0.0
15,2021-04,1,01_USR_002,3,0.85
15,2021-04,1,01_USR_002,4,0.0
15,2021-04,1,01_USR_002,5,0.0
15,2021-04,1,01_USR_002,6,0.0
15,2021-04,1,01_USR_002,7,0.0
15,2021-04,1,01_USR_002,8,0.0
15,2021-04,1,01_USR_002,9,0.0
15,2021-04,1,01_USR_002,10,0.0
15,2021-04,1,01_USR_002,11,0.0
15,2021-04,1,01_USR_002,12,0.0
15,2021-04,1,01_USR_002,13,0.0
15,2021-04,1,01_USR_002,14,0.0
15,2021-04,2,02_USR_003,0,0.0
15,2021-04,2,02_USR_003,1,0.008182
15,2021-04,2,02_USR_003,2,0.0
15,2021-04,2,02_USR_003,3,0.841058
15,2021-04,2,02_USR_003,4,0.000617
15,2021-04,2,02_USR_003,5,7e-06
15,2021-04,2,02_USR_003,6,6.9e-05
15,2021-04,2,02_USR_003,7,6.2e-05
15,2021-04,2,02_USR_003,8,6e-06
15,2021-04,2,02_USR_003,9,0.0
15,2021-04,2,02_USR_003,10,0.0
15,2021-04,2,02_USR_003,11,0.0
15,2021-04,2,02_USR_003,12,0.0
15,2021-04,2,02_USR_003,13,0.0
15,2021-04,2,02_USR_003,14,0.0
15,2021-04,3,03_USR_004,0,0.0
15,2021-04,3,03_USR_004,1,0.0
15,2021-04,3,03_USR_004,2,0.790795
15,2021-04,3,03_USR_004,3,0.0
15,2021-04,3,03_USR_004,4,0.058479
15,2021-04,3,03_USR_004,5,0.0
15,2021-04,3,03_USR_004,6,0.000668
15,2021-04,3,03_USR_004,7,0.0
15,2021-04,3,03_USR_004,8,0.0
15,2021-04,3,03_USR_004,9,5.8e-05
15,2021-04,3,03_USR_004,10,0.0
15,2021-04,3,03_USR_004,11,0.0
15,2021-04,3,03_USR_004,12,0.0
15,2021-04,3,03_USR_004,13,0.0
15,2021-04,3,03_USR_004,14,0.0
15,2021-04,4,04_USR_005,0,0.0
15,2021-04,4,04_USR_005,1,0.0
15,2021-04,4,04_USR_005,2,0.85
15,2021-04,4,04_USR_005,3,0.0
15,2021-04,4,04_USR_005,4,0.0
15,2021-04,4,04_USR_005,5,0.0
15,2021-04,4,04_USR_005,6,0.0
15,2021-04,4,04_USR_005,7,0.0
15,2021-04,4,04_USR_005,8,0.0
15,2021-04,4,04_USR_005,9,0.0
15,2021-04,4,04_USR_005,10,0.0
15,2021-04,4,04_USR_005,11,0.0
15,2021-04,4,04_USR_005,12,0.0
15,2021-04,4,04_USR_005,13,0.0
15,2021-04,4,04_USR_005,14,0.0
15,2021-04,5,05_USR_006,0,0.0
15,2021-04,5,05_USR_006,1,0.0
15,2021-04,5,05_USR_006,2,0.0
15,2021-04,5,05_USR_006,3,0.85
15,2021-04,5,05_USR_006,4,0.0
15,2021-04,5,05_USR_006,5,0.0
15,2021-04,5,05_USR_006,6,0.0
15,2021-04,5,05_USR_006,7,0.0
15,2021-04,5,05_USR_006,8,0.0
15,2021-04,5,05_USR_006,9,0.0
15,2021-04,5,05_USR_006,10,0.0
15,2021-04,5,05_USR_006,11,0.0
15,2021-04,5,05_USR_006,12,0.0
15,2021-04,5,05_USR_006,13,0.0
15,2021-04,5,05_USR_006,14,0.0
15,2021-04,6,06_USR_007,0,0.0
15,2021-04,6,06_USR_007,1,0.0
15,2021-04,6,06_USR_007,2,0.84941
15,2021-04,6,06_USR_007,3,0.00059
15,2021-04,6,06_USR_007,4,0.0
15,2021-04,6,06_USR_007,5,0.0
15,2021-04,6,06_USR_007,6,0.0
15,2021-04,6,06_USR_007,7,0.0
15,2021-04,6,06_USR_007,8,0.0
15,2021-04,6,06_USR_007,9,0.0
15,2021-04,6,06_USR_007,10,0.0
15,2021-04,6,06_USR_007,11,0.0
15,2021-04,6,06_USR_007,12,0.0
15,2021-04,6,06_USR_007,13,0.0
15,2021-04,6,06_USR_007,14,0.0
15,2021-04,7,07_USR_008,0,0.0
15,2021-04,7,07_USR_008,1,0.0
15,2021-04,7,07_USR_008,2,0.285684
15,2021-04,7,07_USR_008,3,0.564316
15,2021-04,7,07_USR_008,4,0.0
15,2021-04,7,07_USR_008,5,0.0
15,2021-04,7,07_USR_008,6,0.0
15,2021-04,7,07_USR_008,7,0.0
15,2021-04,7,07_USR_008,8,0.0
15,2021-04,7,07_USR_008,9,0.0
15,2021-04,7,07_USR_008,10,0.0
15,2021-04,7,07_USR_008,11,0.0
15,2021-04,7,07_USR_008,12,0.0
15,2021-04,7,07_USR_008,13,0.0
15,2021-04,7,07_USR_008,14,0.0
15,2021-04,8,08_USR_009,0,0.0
15,2021-04,8,08_USR_009,1,0.0
15,2021-04,8,08_USR_009,2,0.0
15,2021-04,8,08_USR_009,3,0.85
15,2021-04,8,08_USR_009,4,0.0
15,2021-04,8,08_USR_009,5,0.0
15,2021-04,8,08_USR_009,6,0.0
15,2021-04,8,08_USR_009,7,0.0
15,2021-04,8,08_USR_009,8,0.0
15,2021-04,8,08_USR_009,9,0.0
15,2021-04,8,08_USR_009,10,0.0
15,2021-04,8,08_USR_009,11,0.0
15,2021-04,8,08_USR_009,12,0.0
15,2021-04,8,08_USR_009,13,0.0
15,2021-04,8,08_USR_009,14,0.0
15,2021-04,9,09_USR_010,0,0.0
15,2021-04,9,09_USR_010,1,0.0
15,2021-04,9,09_USR_010,2,0.0
15,2021-04,9,09_USR_010,3,0.0
15,2021-04,9,09_USR_010,4,0.0
15,2021-04,9,09_USR_010,5,0.0
15,2021-04,9,09_USR_010,6,0.0
15,2021-04,9,09_USR_010,7,0.0
15,2021-04,9,09_USR_010,8,0.0
15,2021-04,9,09_USR_010,9,0.0
15,2021-04,9,09_USR_010,10,0.0
15,2021-04,9,09_USR_010,11,0.0
15,2021-04,9,09_USR_010,12,0.0
15,2021-04,9,09_USR_010,13,0.0
15,2021-04,9,09_USR_010,14,0.0
15,2021-04,10,10_STK_001,0,0.0
15,2021-04,10,10_STK_001,1,0.0
15,2021-04,10,10_STK_001,2,0.0
15,2021-04,10,10_STK_001,3,0.0
15,2021-04,10,10_STK_001,4,0.0
15,2021-04,10,10_STK_001,5,0.0
15,2021-04,10,10_STK_001,6,0.0
15,2021-04,10,10_STK_001,7,0.0
15,2021-04,10,10_STK_001,8,0.0
15,2021-04,10,10_STK_001,9,0.0
15,2021-04,10,10_STK_001,10,0.0
15,2021-04,10,10_STK_001,11,0.0
15,2021-04,10,10_STK_001,12,0.0
15,2021-04,10,10_STK_001,13,0.0
15,2021-04,10,10_STK_001,14,0.0
15,2021-04,11,11_STK_002,0,0.0
15,2021-04,11,11_STK_002,1,0.0
15,2021-04,11,11_STK_002,2,0.0
15,2021-04,11,11_STK_002,3,0.0
15,2021-04,11,11_STK_002,4,0.0
15,2021-04,11,11_STK_002,5,0.0
15,2021-04,11,11_STK_002,6,0.0
15,2021-04,11,11_STK_002,7,0.0
15,2021-04,11,11_STK_002,8,0.0
15,2021-04,11,11_STK_002,9,0.0
15,2021-04,11,11_STK_002,10,0.0
15,2021-04,11,11_STK_002,11,0.0
15,2021-04,11,11_STK_002,12,0.0
15,2021-04,11,11_STK_002,13,0.0
15,2021-04,11,11_STK_002,14,0.0
15,2021-04,12,12_STK_003,0,0.0
15,2021-04,12,12_STK_003,1,0.0
15,2021-04,12,12_STK_003,2,0.0
15,2021-04,12,12_STK_003,3,0.0
15,2021-04,12,12_STK_003,4,0.0
15,2021-04,12,12_STK_003,5,0.0
15,2021-04,12,12_STK_003,6,0.0
15,2021-04,12,12_STK_003,7,0.0
15,2021-04,12,12_STK_003,8,0.0
15,2021-04,12,12_STK_003,9,0.0
15,2021-04,12,12_STK_003,10,0.0
15,2021-04,12,12_STK_003,11,0.0
15,2021-04,12,12_STK_003,12,0.0
15,2021-04,12,12_STK_003,13,0.0
15,2021-04,12,12_STK_003,14,0.0
15,2021-04,13,13_STK_004,0,0.0
15,2021-04,13,13_STK_004,1,0.0
15,2021-04,13,13_STK_004,2,0.0
15,2021-04,13,13_STK_004,3,0.0
15,2021-04,13,13_STK_004,4,0.0
15,2021-04,13,13_STK_004,5,0.0
15,2021-04,13,13_STK_004,6,0.0
15,2021-04,13,13_STK_004,7,0.0
15,2021-04,13,13_STK_004,8,0.0
15,2021-04,13,13_STK_004,9,0.0
15,2021-04,13,13_STK_004,10,0.0
15,2021-04,13,13_STK_004,11,0.0
15,2021-04,13,13_STK_004,12,0.0
15,2021-04,13,13_STK_004,13,0.0
15,2021-04,13,13_STK_004,14,0.0
15,2021-04,14,14_STK_005,0,0.0
15,2021-04,14,14_STK_005,1,0.0
15,2021-04,14,14_STK_005,2,0.0
15,2021-04,14,14_STK_005,3,0.0
15,2021-04,14,14_STK_005,4,0.0
15,2021-04,14,14_STK_005,5,0.0
15,2021-04,14,14_STK_005,6,0.0
15,2021-04,14,14_STK_005,7,0.0
15,2021-04,14,14_STK_005,8,0.0
15,2021-04,14,14_STK_005,9,0.0
15,2021-04,14,14_STK_005,10,0.0
15,2021-04,14,14_STK_005,11,0.0
15,2021-04,14,14_STK_005,12,0.0
15,2021-04,14,14_STK_005,13,0.0
15,2021-04,14,14_STK_005,14,0.0
16,2021-05,0,00_USR_001,0,0.0
16,2021-05,0,00_USR_001,1,0.0
16,2021-05,0,00_USR_001,2,0.0
16,2021-05,0,00_USR_001,3,0.0
16,2021-05,0,00_USR_001,4,0.0
16,2021-05,0,00_USR_001,5,0.0
16,2021-05,0,00_USR_001,6,0.0
16,2021-05,0,00_USR_001,7,0.0
16,2021-05,0,00_USR_001,8,0.0
16,2021-05,0,00_USR_001,9,0.0
16,2021-05,0,00_USR_001,10,0.0
16,2021-05,0,00_USR_001,11,0.0
16,2021-05,0,00_USR_001,12,0.0
16,2021-05,0,00_USR_001,13,0.0
16,2021-05,0,00_USR_001,14,0.0
16,2021-05,1,01_USR_002,0,0.0
16,2021-05,1,01_USR_002,1,0.0
16,2021-05,1,01_USR_002,2,0.0
16,2021-05,1,01_USR_002,3,0.0
16,2021-05,1,01_USR_002,4,0.0
16,2021-05,1,01_USR_002,5,0.0
16,2021-05,1,01_USR_002,6,0.0
16,2021-05,1,01_USR_002,7,0.0
16,2021-05,1,01_USR_002,8,0.0
16,2021-05,1,01_USR_002,9,0.0
16,2021-05,1,01_USR_002,10,0.0
16,2021-05,1,01_USR_002,11,0.0
16,2021-05,1,01_USR_002,12,0.0
16,2021-05,1,01_USR_002,13,0.0
16,2021-05,1,01_USR_002,14,0.0
16,2021-05,2,02_USR_003,0,0.0
16,2021-05,2,02_USR_003,1,0.0
16,2021-05,2,02_USR_003,2,0.0
16,2021-05,2,02_USR_003,3,0.848249
16,2021-05,2,02_USR_003,4,0.000461
16,2021-05,2,02_USR_003,5,0.0
16,2021-05,2,02_USR_003,6,0.000498
16,2021-05,2,02_USR_003,7,0.000209
16,2021-05,2,02_USR_003,8,0.000583
16,2021-05,2,02_USR_003,9,0.0
16,2021-05,2,02_USR_003,10,0.0
16,2021-05,2,02_USR_003,11,0.0
16,2021-05,2,02_USR_003,12,0.0
16,2021-05,2,02_USR_003,13,0.0
16,2021-05,2,02_USR_003,14,0.0
16,2021-05,3,03_USR_004,0,0.0
16,2021-05,3,03_USR_004,1,0.119823
16,2021-05,3,03_USR_004,2,0.624582
16,2021-05,3,03_USR_004,3,0.0
16,2021-05,3,03_USR_004,4,0.062928
16,2021-05,3,03_USR_004,5,0.000251
16,2021-05,3,03_USR_004,6,0.042387
16,2021-05,3,03_USR_004,7,1e-06
16,2021-05,3,03_USR_004,8,0.0
16,2021-05,3,03_USR_004,9,2.7e-05
16,2021-05,3,03_USR_004,10,0.0
16,2021-05,3,03_USR_004,11,0.0
16,2021-05,3,03_USR_004,12,0.0
16,2021-05,3,03_USR_004,13,0.0
16,2021-05,3,03_USR_004,14,0.0
16,2021-05,4,04_USR_005,0,0.0
16,2021-05,4,04_USR_005,1,0.0
16,2021-05,4,04_USR_005,2,0.0
16,2021-05,4,04_USR_005,3,0.0
16,2021-05,4,04_USR_005,4,0.0
16,2021-05,4,04_USR_005,5,0.0
16,2021-05,4,04_USR_005,6,0.0
16,2021-05,4,04_USR_005,7,0.0
16,2021-05,4,04_USR_005,8,0.0
16,2021-05,4,04_USR_005,9,0.0
16,2021-05,4,04_USR_005,10,0.0
16,2021-05,4,04_USR_005,11,0.0
16,2021-05,4,04_USR_005,12,0.0
16,2021-05,4,04_USR_005,13,0.0
16,2021-05,4,04_USR_005,14,0.0
16,2021-05,5,05_USR_006,0,0.0
16,2021-05,5,05_USR_006,1,0.0
16,2021-05,5,05_USR_006,2,0.0
16,2021-05,5,05_USR_006,3,0.85
16,2021-05,5,05_USR_006,4,0.0
16,2021-05,5,05_USR_006,5,0.0
16,2021-05,5,05_USR_006,6,0.0
16,2021-05,5,05_USR_006,7,0.0
16,2021-05,5,05_USR_006,8,0.0
16,2021-05,5,05_USR_006,9,0.0
16,2021-05,5,05_USR_006,10,0.0
16,2021-05,5,05_USR_006,11,0.0
16,2021-05,5,05_USR_006,12,0.0
16,2021-05,5,05_USR_006,13,0.0
16,2021-05,5,05_USR_006,14,0.0
16,2021-05,6,06_USR_007,0,0.0
16,2021-05,6,06_USR_007,1,0.0
16,2021-05,6,06_USR_007,2,0.0
16,2021-05,6,06_USR_007,3,0.85
16,2021-05,6,06_USR_007,4,0.0
16,2021-05,6,06_USR_007,5,0.0
16,2021-05,6,06_USR_007,6,0.0
16,2021-05,6,06_USR_007,7,0.0
16,2021-05,6,06_USR_007,8,0.0
16,2021-05,6,06_USR_007,9,0.0
16,2021-05,6,06_USR_007,10,0.0
16,2021-05,6,06_USR_007,11,0.0
16,2021-05,6,06_USR_007,12,0.0
16,2021-05,6,06_USR_007,13,0.0
16,2021-05,6,06_USR_007,14,0.0
16,2021-05,7,07_USR_008,0,0.0
16,2021-05,7,07_USR_008,1,0.0
16,2021-05,7,07_USR_008,2,0.85
16,2021-05,7,07_USR_008,3,0.0
16,2021-05,7,07_USR_008,4,0.0
16,2021-05,7,07_USR_008,5,0.0
16,2021-05,7,07_USR_008,6,0.0
16,2021-05,7,07_USR_008,7,0.0
16,2021-05,7,07_USR_008,8,0.0
16,2021-05,7,07_USR_008,9,0.0
16,2021-05,7,07_USR_008,10,0.0
16,2021-05,7,07_USR_008,11,0.0
16,2021-05,7,07_USR_008,12,0.0
16,2021-05,7,07_USR_008,13,0.0
16,2021-05,7,07_USR_008,14,0.0
16,2021-05,8,08_USR_009,0,0.0
16,2021-05,8,08_USR_009,1,0.0
16,2021-05,8,08_USR_009,2,0.0
16,2021-05,8,08_USR_009,3,0.0
16,2021-05,8,08_USR_009,4,0.0
16,2021-05,8,08_USR_009,5,0.0
16,2021-05,8,08_USR_009,6,0.0
16,2021-05,8,08_USR_009,7,0.0
16,2021-05,8,08_USR_009,8,0.0
16,2021-05,8,08_USR_009,9,0.0
16,2021-05,8,08_USR_009,10,0.0
16,2021-05,8,08_USR_009,11,0.0
16,2021-05,8,08_USR_009,12,0.0
16,2021-05,8,08_USR_009,13,0.0
16,2021-05,8,08_USR_009,14,0.0
16,2021-05,9,09_USR_010,0,0.0
16,2021-05,9,09_USR_010,1,0.0
16,2021-05,9,09_USR_010,2,0.85
16,2021-05,9,09_USR_010,3,0.0
16,2021-05,9,09_USR_010,4,0.0
16,2021-05,9,09_USR_010,5,0.0
16,2021-05,9,09_USR_010,6,0.0
16,2021-05,9,09_USR_010,7,0.0
16,2021-05,9,09_USR_010,8,0.0
16,2021-05,9,09_USR_010,9,0.0
16,2021-05,9,09_USR_010,10,0.0
16,2021-05,9,09_USR_010,11,0.0
16,2021-05,9,09_USR_010,12,0.0
16,2021-05,9,09_USR_010,13,0.0
16,2021-05,9,09_USR_010,14,0.0
16,2021-05,10,10_STK_001,0,0.0
16,2021-05,10,10_STK_001,1,0.0
16,2021-05,10,10_STK_001,2,0.0
16,2021-05,10,10_STK_001,3,0.0
16,2021-05,10,10_STK_001,4,0.0
16,2021-05,10,10_STK_001,5,0.0
16,2021-05,10,10_STK_001,6,0.0
16,2021-05,10,10_STK_001,7,0.0
16,2021-05,10,10_STK_001,8,0.0
16,2021-05,10,10_STK_001,9,0.0
16,2021-05,10,10_STK_001,10,0.0
16,2021-05,10,10_STK_001,11,0.0
16,2021-05,10,10_STK_001,12,0.0
16,2021-05,10,10_STK_001,13,0.0
16,2021-05,10,10_STK_001,14,0.0
16,2021-05,11,11_STK_002,0,0.0
16,2021-05,11,11_STK_002,1,0.0
16,2021-05,11,11_STK_002,2,0.0
16,2021-05,11,11_STK_002,3,0.0
16,2021-05,11,11_STK_002,4,0.0
16,2021-05,11,11_STK_002,5,0.0
16,2021-05,11,11_STK_002,6,0.0
16,2021-05,11,11_STK_002,7,0.0
16,2021-05,11,11_STK_002,8,0.0
16,2021-05,11,11_STK_002,9,0.0
16,2021-05,11,11_STK_002,10,0.0
16,2021-05,11,11_STK_002,11,0.0
16,2021-05,11,11_STK_002,12,0.0
16,2021-05,11,11_STK_002,13,0.0
16,2021-05,11,11_STK_002,14,0.0
16,2021-05,12,12_STK_003,0,0.0
16,2021-05,12,12_STK_003,1,0.0
16,2021-05,12,12_STK_003,2,0.0
16,2021-05,12,12_STK_003,3,0.0
16,2021-05,12,12_STK_003,4,0.0
16,2021-05,12,12_STK_003,5,0.0
16,2021-05,12,12_STK_003,6,0.0
16,2021-05,12,12_STK_003,7,0.0
16,2021-05,12,12_STK_003,8,0.0
16,2021-05,12,12_STK_003,9,0.0
16,2021-05,12,12_STK_003,10,0.0
16,2021-05,12,12_STK_003,11,0.0
16,2021-05,12,12_STK_003,12,0.0
16,2021-05,12,12_STK_003,13,0.0
16,2021-05,12,12_STK_003,14,0.0
16,2021-05,13,13_STK_004,0,0.0
16,2021-05,13,13_STK_004,1,0.0
16,2021-05,13,13_STK_004,2,0.0
16,2021-05,13,13_STK_004,3,0.0
16,2021-05,13,13_STK_004,4,0.0
16,2021-05,13,13_STK_004,5,0.0
16,2021-05,13,13_STK_004,6,0.0
16,2021-05,13,13_STK_004,7,0.0
16,2021-05,13,13_STK_004,8,0.0
16,2021-05,13,13_STK_004,9,0.0
16,2021-05,13,13_STK_004,10,0.0
16,2021-05,13,13_STK_004,11,0.0
16,2021-05,13,13_STK_004,12,0.0
16,2021-05,13,13_STK_004,13,0.0
16,2021-05,13,13_STK_004,14,0.0
16,2021-05,14,14_STK_005,0,0.0
16,2021-05,14,14_STK_005,1,0.0
16,2021-05,14,14_STK_005,2,0.0
16,2021-05,14,14_STK_005,3,0.0
16,2021-05,14,14_STK_005,4,0.0
16,2021-05,14,14_STK_005,5,0.0
16,2021-05,14,14_STK_005,6,0.0
16,2021-05,14,14_STK_005,7,0.0
16,2021-05,14,14_STK_005,8,0.0
16,2021-05,14,14_STK_005,9,0.0
16,2021-05,14,14_STK_005,10,0.0
16,2021-05,14,14_STK_005,11,0.0
16,2021-05,14,14_STK_005,12,0.0
16,2021-05,14,14_STK_005,13,0.0
16,2021-05,14,14_STK_005,14,0.0
17,2021-06,0,00_USR_001,0,0.0
17,2021-06,0,00_USR_001,1,0.0
17,2021-06,0,00_USR_001,2,0.0
17,2021-06,0,00_USR_001,3,0.0
17,2021-06,0,00_USR_001,4,0.0
17,2021-06,0,00_USR_001,5,0.0
17,2021-06,0,00_USR_001,6,0.0
17,2021-06,0,00_USR_001,7,0.0
17,2021-06,0,00_USR_001,8,0.0
17,2021-06,0,00_USR_001,9,0.0
17,2021-06,0,00_USR_001,10,0.0
17,2021-06,0,00_USR_001,11,0.0
17,2021-06,0,00_USR_001,12,0.0
17,2021-06,0,00_USR_001,13,0.0
17,2021-06,0,00_USR_001,14,0.0
17,2021-06,1,01_USR_002,0,0.0
17,2021-06,1,01_USR_002,1,0.0
17,2021-06,1,01_USR_002,2,0.0
17,2021-06,1,01_USR_002,3,0.0
17,2021-06,1,01_USR_002,4,0.0
17,2021-06,1,01_USR_002,5,0.0
17,2021-06,1,01_USR_002,6,0.0
17,2021-06,1,01_USR_002,7,0.0
17,2021-06,1,01_USR_002,8,0.0
17,2021-06,1,01_USR_002,9,0.0
17,2021-06,1,01_USR_002,10,0.0
17,2021-06,1,01_USR_002,11,0.0
17,2021-06,1,01_USR_002,12,0.0
17,2021-06,1,01_USR_002,13,0.0
17,2021-06,1,01_USR_002,14,0.0
17,2021-06,2,02_USR_003,0,0.0
17,2021-06,2,02_USR_003,1,0.0
17,2021-06,2,02_USR_003,2,0.0
17,2021-06,2,02_USR_003,3,0.845905
17,2021-06,2,02_USR_003,4,0.0
17,2021-06,2,02_USR_003,5,5.4e-05
17,2021-06,2,02_USR_003,6,0.00206
17,2021-06,2,02_USR_003,7,0.001903
17,2021-06,2,02_USR_003,8,0.0
17,2021-06,2,02_USR_003,9,7.8e-05
17,2021-06,2,02_USR_003,10,0.0
17,2021-06,2,02_USR_003,11,0.0
17,2021-06,2,02_USR_003,12,0.0
17,2021-06,2,02_USR_003,13,0.0
17,2021-06,2,02_USR_003,14,0.0
17,2021-06,3,03_USR_004,0,0.0
17,2021-06,3,03_USR_004,1,0.0
17,2021-06,3,03_USR_004,2,0.717535
17,2021-06,3,03_USR_004,3,0.0
17,2021-06,3,03_USR_004,4,1.1e-05
17,2021-06,3,03_USR_004,5,0.001686
17,2021-06,3,03_USR_004,6,0.000457
17,2021-06,3,03_USR_004,7,0.128849
17,2021-06,3,03_USR_004,8,0.001462
17,2021-06,3,03_USR_004,9,0.0
17,2021-06,3,03_USR_004,10,0.0
17,2021-06,3,03_USR_004,11,0.0
17,2021-06,3,03_USR_004,12,0.0
17,2021-06,3,03_USR_004,13,0.0
17,2021-06,3,03_USR_004,14,0.0
17,2021-06,4,04_USR_005,0,0.0
17,2021-06,4,04_USR_005,1,0.0
17,2021-06,4,04_USR_005,2,0.85
17,2021-06,4,04_USR_005,3,0.0
17,2021-06,4,04_USR_005,4,0.0
17,2021-06,4,04_USR_005,5,0.0
17,2021-06,4,04_USR_005,6,0.0
17,2021-06,4,04_USR_005,7,0.0
17,2021-06,4,04_USR_005,8,0.0
17,2021-06,4,04_USR_005,9,0.0
17,2021-06,4,04_USR_005,10,0.0
17,2021-06,4,04_USR_005,11,0.0
17,2021-06,4,04_USR_005,12,0.0
17,2021-06,4,04_USR_005,13,0.0
17,2021-06,4,04_USR_005,14,0.0
17,2021-06,5,05_USR_006,0,0.0
17,2021-06,5,05_USR_006,1,0.0
17,2021-06,5,05_USR_006,2,0.006452
17,2021-06,5,05_USR_006,3,0.843548
17,2021-06,5,05_USR_006,4,0.0
17,2021-06,5,05_USR_006,5,0.0
17,2021-06,5,05_USR_006,6,0.0
17,2021-06,5,05_USR_006,7,0.0
17,2021-06,5,05_USR_006,8,0.0
17,2021-06,5,05_USR_006,9,0.0
17,2021-06,5,05_USR_006,10,0.0
17,2021-06,5,05_USR_006,11,0.0
17,2021-06,5,05_USR_006,12,0.0
17,2021-06,5,05_USR_006,13,0.0
17,2021-06,5,05_USR_006,14,0.0
17,2021-06,6,06_USR_007,0,0.0
17,2021-06,6,06_USR_007,1,0.0
17,2021-06,6,06_USR_007,2,0.85
17,2021-06,6,06_USR_007,3,0.0
17,2021-06,6,06_USR_007,4,0.0
17,2021-06,6,06_USR_007,5,0.0
17,2021-06,6,06_USR_007,6,0.0
17,2021-06,6,06_USR_007,7,0.0
17,2021-06,6,06_USR_007,8,0.0
17,2021-06,6,06_USR_007,9,0.0
17,2021-06,6,06_USR_007,10,0.0
17,2021-06,6,06_USR_007,11,0.0
17,2021-06,6,06_USR_007,12,0.0
17,2021-06,6,06_USR_007,13,0.0
17,2021-06,6,06_USR_007,14,0.0
17,2021-06,7,07_USR_008,0,0.0
17,2021-06,7,07_USR_008,1,0.0
17,2021-06,7,07_USR_008,2,0.0
17,2021-06,7,07_USR_008,3,0.85
17,2021-06,7,07_USR_008,4,0.0
17,2021-06,7,07_USR_008,5,0.0
17,2021-06,7,07_USR_008,6,0.0
17,2021-06,7,07_USR_008,7,0.0
17,2021-06,7,07_USR_008,8,0.0
17,2021-06,7,07_USR_008,9,0.0
17,2021-06,7,07_USR_008,10,0.0
17,2021-06,7,07_USR_008,11,0.0
17,2021-06,7,07_USR_008,12,0.0
17,2021-06,7,07_USR_008,13,0.0
17,2021-06,7,07_USR_008,14,0.0
17,2021-06,8,08_USR_009,0,0.0
17,2021-06,8,08_USR_009,1,0.0
17,2021-06,8,08_USR_009,2,0.85
17,2021-06,8,08_USR_009,3,0.0
17,2021-06,8,08_USR_009,4,0.0
17,2021-06,8,08_USR_009,5,0.0
17,2021-06,8,08_USR_009,6,0.0
17,2021-06,8,08_USR_009,7,0.0
17,2021-06,8,08_USR_009,8,0.0
17,2021-06,8,08_USR_009,9,0.0
17,2021-06,8,08_USR_009,10,0.0
17,2021-06,8,08_USR_009,11,0.0
17,2021-06,8,08_USR_009,12,0.0
17,2021-06,8,08_USR_009,13,0.0
17,2021-06,8,08_USR_009,14,0.0
17,2021-06,9,09_USR_010,0,0.0
17,2021-06,9,09_USR_010,1,0.0
17,2021-06,9,09_USR_010,2,0.85
17,2021-06,9,09_USR_010,3,0.0
17,2021-06,9,09_USR_010,4,0.0
17,2021-06,9,09_USR_010,5,0.0
17,2021-06,9,09_USR_010,6,0.0
17,2021-06,9,09_USR_010,7,0.0
17,2021-06,9,09_USR_010,8,0.0
17,2021-06,9,09_USR_010,9,0.0
17,2021-06,9,09_USR_010,10,0.0
17,2021-06,9,09_USR_010,11,0.0
17,2021-06,9,09_USR_010,12,0.0
17,2021-06,9,09_USR_010,13,0.0
17,2021-06,9,09_USR_010,14,0.0
17,2021-06,10,10_STK_001,0,0.0
17,2021-06,10,10_STK_001,1,0.0
17,2021-06,10,10_STK_001,2,0.0
17,2021-06,10,10_STK_001,3,0.0
17,2021-06,10,10_STK_001,4,0.0
17,2021-06,10,10_STK_001,5,0.0
17,2021-06,10,10_STK_001,6,0.0
17,2021-06,10,10_STK_001,7,0.0
17,2021-06,10,10_STK_001,8,0.0
17,2021-06,10,10_STK_001,9,0.0
17,2021-06,10,10_STK_001,10,0.0
17,2021-06,10,10_STK_001,11,0.0
17,2021-06,10,10_STK_001,12,0.0
17,2021-06,10,10_STK_001,13,0.0
17,2021-06,10,10_STK_001,14,0.0
17,2021-06,11,11_STK_002,0,0.0
17,2021-06,11,11_STK_002,1,0.0
17,2021-06,11,11_STK_002,2,0.0
17,2021-06,11,11_STK_002,3,0.0
17,2021-06,11,11_STK_002,4,0.0
17,2021-06,11,11_STK_002,5,0.0
17,2021-06,11,11_STK_002,6,0.0
17,2021-06,11,11_STK_002,7,0.0
17,2021-06,11,11_STK_002,8,0.0
17,2021-06,11,11_STK_002,9,0.0
17,2021-06,11,11_STK_002,10,0.0
17,2021-06,11,11_STK_002,11,0.0
17,2021-06,11,11_STK_002,12,0.0
17,2021-06,11,11_STK_002,13,0.0
17,2021-06,11,11_STK_002,14,0.0
17,2021-06,12,12_STK_003,0,0.0
17,2021-06,12,12_STK_003,1,0.0
17,2021-06,12,12_STK_003,2,0.0
17,2021-06,12,12_STK_003,3,0.0
17,2021-06,12,12_STK_003,4,0.0
17,2021-06,12,12_STK_003,5,0.0
17,2021-06,12,12_STK_003,6,0.0
17,2021-06,12,12_STK_003,7,0.0
17,2021-06,12,12_STK_003,8,0.0
17,2021-06,12,12_STK_003,9,0.0
17,2021-06,12,12_STK_003,10,0.0
17,2021-06,12,12_STK_003,11,0.0
17,2021-06,12,12_STK_003,12,0.0
17,2021-06,12,12_STK_003,13,0.0
17,2021-06,12,12_STK_003,14,0.0
17,2021-06,13,13_STK_004,0,0.0
17,2021-06,13,13_STK_004,1,0.0
17,2021-06,13,13_STK_004,2,0.0
17,2021-06,13,13_STK_004,3,0.0
17,2021-06,13,13_STK_004,4,0.0
17,2021-06,13,13_STK_004,5,0.0
17,2021-06,13,13_STK_004,6,0.0
17,2021-06,13,13_STK_004,7,0.0
17,2021-06,13,13_STK_004,8,0.0
17,2021-06,13,13_STK_004,9,0.0
17,2021-06,13,13_STK_004,10,0.0
17,2021-06,13,13_STK_004,11,0.0
17,2021-06,13,13_STK_004,12,0.0
17,2021-06,13,13_STK_004,13,0.0
17,2021-06,13,13_STK_004,14,0.0
17,2021-06,14,14_STK_005,0,0.0
17,2021-06,14,14_STK_005,1,0.0
17,2021-06,14,14_STK_005,2,0.0
17,2021-06,14,14_STK_005,3,0.0
17,2021-06,14,14_STK_005,4,0.0
17,2021-06,14,14_STK_005,5,0.0
17,2021-06,14,14_STK_005,6,0.0
17,2021-06,14,14_STK_005,7,0.0
17,2021-06,14,14_STK_005,8,0.0
17,2021-06,14,14_STK_005,9,0.0
17,2021-06,14,14_STK_005,10,0.0
17,2021-06,14,14_STK_005,11,0.0
17,2021-06,14,14_STK_005,12,0.0
17,2021-06,14,14_STK_005,13,0.0
17,2021-06,14,14_STK_005,14,0.0
18,2021-07,0,00_USR_001,0,0.0
18,2021-07,0,00_USR_001,1,0.0
18,2021-07,0,00_USR_001,2,0.85
18,2021-07,0,00_USR_001,3,0.0
18,2021-07,0,00_USR_001,4,0.0
18,2021-07,0,00_USR_001,5,0.0
18,2021-07,0,00_USR_001,6,0.0
18,2021-07,0,00_USR_001,7,0.0
18,2021-07,0,00_USR_001,8,0.0
18,2021-07,0,00_USR_001,9,0.0
18,2021-07,0,00_USR_001,10,0.0
18,2021-07,0,00_USR_001,11,0.0
18,2021-07,0,00_USR_001,12,0.0
18,2021-07,0,00_USR_001,13,0.0
18,2021-07,0,00_USR_001,14,0.0
18,2021-07,1,01_USR_002,0,0.0
18,2021-07,1,01_USR_002,1,0.0
18,2021-07,1,01_USR_002,2,0.0
18,2021-07,1,01_USR_002,3,0.0
18,2021-07,1,01_USR_002,4,0.0
18,2021-07,1,01_USR_002,5,0.0
18,2021-07,1,01_USR_002,6,0.0
18,2021-07,1,01_USR_002,7,0.0
18,2021-07,1,01_USR_002,8,0.0
18,2021-07,1,01_USR_002,9,0.0
18,2021-07,1,01_USR_002,10,0.0
18,2021-07,1,01_USR_002,11,0.0
18,2021-07,1,01_USR_002,12,0.0
18,2021-07,1,01_USR_002,13,0.0
18,2021-07,1,01_USR_002,14,0.0
18,2021-07,2,02_USR_003,0,0.000103
18,2021-07,2,02_USR_003,1,0.0
18,2021-07,2,02_USR_003,2,0.0
18,2021-07,2,02_USR_003,3,0.838782
18,2021-07,2,02_USR_003,4,0.0
18,2021-07,2,02_USR_003,5,0.011102
18,2021-07,2,02_USR_003,6,3e-06
18,2021-07,2,02_USR_003,7,3e-06
18,2021-07,2,02_USR_003,8,0.0
18,2021-07,2,02_USR_003,9,7e-06
18,2021-07,2,02_USR_003,10,0.0
18,2021-07,2,02_USR_003,11,0.0
18,2021-07,2,02_USR_003,12,0.0
18,2021-07,2,02_USR_003,13,0.0
18,2021-07,2,02_USR_003,14,0.0
18,2021-07,3,03_USR_004,0,0.0
18,2021-07,3,03_USR_004,1,0.0
18,2021-07,3,03_USR_004,2,0.845019
18,2021-07,3,03_USR_004,3,0.0
18,2021-07,3,03_USR_004,4,1e-06
18,2021-07,3,03_USR_004,5,0.00496
18,2021-07,3,03_USR_004,6,1e-06
18,2021-07,3,03_USR_004,7,5e-06
18,2021-07,3,03_USR_004,8,4e-06
18,2021-07,3,03_USR_004,9,1e-05
18,2021-07,3,03_USR_004,10,0.0
18,2021-07,3,03_USR_004,11,0.0
18,2021-07,3,03_USR_004,12,0.0
18,2021-07,3,03_USR_004,13,0.0
18,2021-07,3,03_USR_004,14,0.0
18,2021-07,4,04_USR_005,0,0.0
18,2021-07,4,04_USR_005,1,0.0
18,2021-07,4,04_USR_005,2,0.849987
18,2021-07,4,04_USR_005,3,1.3e-05
18,2021-07,4,04_USR_005,4,0.0
18,2021-07,4,04_USR_005,5,0.0
18,2021-07,4,04_USR_005,6,0.0
18,2021-07,4,04_USR_005,7,0.0
18,2021-07,4,04_USR_005,8,0.0
18,2021-07,4,04_USR_005,9,0.0
18,2021-07,4,04_USR_005,10,0.0
18,2021-07,4,04_USR_005,11,0.0
18,2021-07,4,04_USR_005,12,0.0
18,2021-07,4,04_USR_005,13,0.0
18,2021-07,4,04_USR_005,14,0.0
18,2021-07,5,05_USR_006,0,0.0
18,2021-07,5,05_USR_006,1,0.0
18,2021-07,5,05_USR_006,2,0.85
18,2021-07,5,05_USR_006,3,0.0
18,2021-07,5,05_USR_006,4,0.0
18,2021-07,5,05_USR_006,5,0.0
18,2021-07,5,05_USR_006,6,0.0
18,2021-07,5,05_USR_006,7,0.0
18,2021-07,5,05_USR_006,8,0.0
18,2021-07,5,05_USR_006,9,0.0
18,2021-07,5,05_USR_006,10,0.0
18,2021-07,5,05_USR_006,11,0.0
18,2021-07,5,05_USR_006,12,0.0
18,2021-07,5,05_USR_006,13,0.0
18,2021-07,5,05_USR_006,14,0.0
18,2021-07,6,06_USR_007,0,0.0
18,2021-07,6,06_USR_007,1,0.0
18,2021-07,6,06_USR_007,2,0.0
18,2021-07,6,06_USR_007,3,0.0
18,2021-07,6,06_USR_007,4,0.0
18,2021-07,6,06_USR_007,5,0.0
18,2021-07,6,06_USR_007,6,0.0
18,2021-07,6,06_USR_007,7,0.0
18,2021-07,6,06_USR_007,8,0.0
18,2021-07,6,06_USR_007,9,0.0
18,2021-07,6,06_USR_007,10,0.0
18,2021-07,6,06_USR_007,11,0.0
18,2021-07,6,06_USR_007,12,0.0
18,2021-07,6,06_USR_007,13,0.0
18,2021-07,6,06_USR_007,14,0.0
18,2021-07,7,07_USR_008,0,0.0
18,2021-07,7,07_USR_008,1,0.0
18,2021-07,7,07_USR_008,2,0.000867
18,2021-07,7,07_USR_008,3,0.849133
18,2021-07,7,07_USR_008,4,0.0
18,2021-07,7,07_USR_008,5,0.0
18,2021-07,7,07_USR_008,6,0.0
18,2021-07,7,07_USR_008,7,0.0
18,2021-07,7,07_USR_008,8,0.0
18,2021-07,7,07_USR_008,9,0.0
18,2021-07,7,07_USR_008,10,0.0
18,2021-07,7,07_USR_008,11,0.0
18,2021-07,7,07_USR_008,12,0.0
18,2021-07,7,07_USR_008,13,0.0
18,2021-07,7,07_USR_008,14,0.0
18,2021-07,8,08_USR_009,0,0.0
18,2021-07,8,08_USR_009,1,0.0
18,2021-07,8,08_USR_009,2,0.85
18,2021-07,8,08_USR_009,3,0.0
18,2021-07,8,08_USR_009,4,0.0
18,2021-07,8,08_USR_009,5,0.0
18,2021-07,8,08_USR_009,6,0.0
18,2021-07,8,08_USR_009,7,0.0
18,2021-07,8,08_USR_009,8,0.0
18,2021-07,8,08_USR_009,9,0.0
18,2021-07,8,08_USR_009,10,0.0
18,2021-07,8,08_USR_009,11,0.0
18,2021-07,8,08_USR_009,12,0.0
18,2021-07,8,08_USR_009,13,0.0
18,2021-07,8,08_USR_009,14,0.0
18,2021-07,9,09_USR_010,0,0.0
18,2021-07,9,09_USR_010,1,0.0
18,2021-07,9,09_USR_010,2,0.0
18,2021-07,9,09_USR_010,3,0.85
18,2021-07,9,09_USR_010,4,0.0
18,2021-07,9,09_USR_010,5,0.0
18,2021-07,9,09_USR_010,6,0.0
18,2021-07,9,09_USR_010,7,0.0
18,2021-07,9,09_USR_010,8,0.0
18,2021-07,9,09_USR_010,9,0.0
18,2021-07,9,09_USR_010,10,0.0
18,2021-07,9,09_USR_010,11,0.0
18,2021-07,9,09_USR_010,12,0.0
18,2021-07,9,09_USR_010,13,0.0
18,2021-07,9,09_USR_010,14,0.0
18,2021-07,10,10_STK_001,0,0.0
18,2021-07,10,10_STK_001,1,0.0
18,2021-07,10,10_STK_001,2,0.0
18,2021-07,10,10_STK_001,3,0.0
18,2021-07,10,10_STK_001,4,0.0
18,2021-07,10,10_STK_001,5,0.0
18,2021-07,10,10_STK_001,6,0.0
18,2021-07,10,10_STK_001,7,0.0
18,2021-07,10,10_STK_001,8,0.0
18,2021-07,10,10_STK_001,9,0.0
18,2021-07,10,10_STK_001,10,0.0
18,2021-07,10,10_STK_001,11,0.0
18,2021-07,10,10_STK_001,12,0.0
18,2021-07,10,10_STK_001,13,0.0
18,2021-07,10,10_STK_001,14,0.0
18,2021-07,11,11_STK_002,0,0.0
18,2021-07,11,11_STK_002,1,0.0
18,2021-07,11,11_STK_002,2,0.0
18,2021-07,11,11_STK_002,3,0.0
18,2021-07,11,11_STK_002,4,0.0
18,2021-07,11,11_STK_002,5,0.0
18,2021-07,11,11_STK_002,6,0.0
18,2021-07,11,11_STK_002,7,0.0
18,2021-07,11,11_STK_002,8,0.0
18,2021-07,11,11_STK_002,9,0.0
18,2021-07,11,11_STK_002,10,0.0
18,2021-07,11,11_STK_002,11,0.0
18,2021-07,11,11_STK_002,12,0.0
18,2021-07,11,11_STK_002,13,0.0
18,2021-07,11,11_STK_002,14,0.0
18,2021-07,12,12_STK_003,0,0.0
18,2021-07,12,12_STK_003,1,0.0
18,2021-07,12,12_STK_003,2,0.0
18,2021-07,12,12_STK_003,3,0.0
18,2021-07,12,12_STK_003,4,0.0
18,2021-07,12,12_STK_003,5,0.0
18,2021-07,12,12_STK_003,6,0.0
18,2021-07,12,12_STK_003,7,0.0
18,2021-07,12,12_STK_003,8,0.0
18,2021-07,12,12_STK_003,9,0.0
18,2021-07,12,12_STK_003,10,0.0
18,2021-07,12,12_STK_003,11,0.0
18,2021-07,12,12_STK_003,12,0.0
18,2021-07,12,12_STK_003,13,0.0
18,2021-07,12,12_STK_003,14,0.0
18,2021-07,13,13_STK_004,0,0.0
18,2021-07,13,13_STK_004,1,0.0
18,2021-07,13,13_STK_004,2,0.0
18,2021-07,13,13_STK_004,3,0.0
18,2021-07,13,13_STK_004,4,0.0
18,2021-07,13,13_STK_004,5,0.0
18,2021-07,13,13_STK_004,6,0.0
18,2021-07,13,13_STK_004,7,0.0
18,2021-07,13,13_STK_004,8,0.0
18,2021-07,13,13_STK_004,9,0.0
18,2021-07,13,13_STK_004,10,0.0
18,2021-07,13,13_STK_004,11,0.0
18,2021-07,13,13_STK_004,12,0.0
18,2021-07,13,13_STK_004,13,0.0
18,2021-07,13,13_STK_004,14,0.0
18,2021-07,14,14_STK_005,0,0.0
18,2021-07,14,14_STK_005,1,0.0
18,2021-07,14,14_STK_005,2,0.0
18,2021-07,14,14_STK_005,3,0.0
18,2021-07,14,14_STK_005,4,0.0
18,2021-07,14,14_STK_005,5,0.0
18,2021-07,14,14_STK_005,6,0.0
18,2021-07,14,14_STK_005,7,0.0
18,2021-07,14,14_STK_005,8,0.0
18,2021-07,14,14_STK_005,9,0.0
18,2021-07,14,14_STK_005,10,0.0
18,2021-07,14,14_STK_005,11,0.0
18,2021-07,14,14_STK_005,12,0.0
18,2021-07,14,14_STK_005,13,0.0
18,2021-07,14,14_STK_005,14,0.0
19,2021-08,0,00_USR_001,0,0.0
19,2021-08,0,00_USR_001,1,0.0
19,2021-08,0,00_USR_001,2,0.85
19,2021-08,0,00_USR_001,3,0.0
19,2021-08,0,00_USR_001,4,0.0
19,2021-08,0,00_USR_001,5,0.0
19,2021-08,0,00_USR_001,6,0.0
19,2021-08,0,00_USR_001,7,0.0
19,2021-08,0,00_USR_001,8,0.0
19,2021-08,0,00_USR_001,9,0.0
19,2021-08,0,00_USR_001,10,0.0
19,2021-08,0,00_USR_001,11,0.0
19,2021-08,0,00_USR_001,12,0.0
19,2021-08,0,00_USR_001,13,0.0
19,2021-08,0,00_USR_001,14,0.0
19,2021-08,1,01_USR_002,0,0.0
19,2021-08,1,01_USR_002,1,0.0
19,2021-08,1,01_USR_002,2,0.85
19,2021-08,1,01_USR_002,3,0.0
19,2021-08,1,01_USR_002,4,0.0
19,2021-08,1,01_USR_002,5,0.0
19,2021-08,1,01_USR_002,6,0.0
19,2021-08,1,01_USR_002,7,0.0
19,2021-08,1,01_USR_002,8,0.0
19,2021-08,1,01_USR_002,9,0.0
19,2021-08,1,01_USR_002,10,0.0
19,2021-08,1,01_USR_002,11,0.0
19,2021-08,1,01_USR_002,12,0.0
19,2021-08,1,01_USR_002,13,0.0
19,2021-08,1,01_USR_002,14,0.0
19,2021-08,2,02_USR_003,0,0.0
19,2021-08,2,02_USR_003,1,0.0
19,2021-08,2,02_USR_003,2,0.0
19,2021-08,2,02_USR_003,3,0.84996
19,2021-08,2,02_USR_003,4,8e-06
19,2021-08,2,02_USR_003,5,0.0
19,2021-08,2,02_USR_003,6,2e-06
19,2021-08,2,02_USR_003,7,0.0
19,2021-08,2,02_USR_003,8,2.4e-05
19,2021-08,2,02_USR_003,9,6e-06
19,2021-08,2,02_USR_003,10,0.0
19,2021-08,2,02_USR_003,11,0.0
19,2021-08,2,02_USR_003,12,0.0
19,2021-08,2,02_USR_003,13,0.0
19,2021-08,2,02_USR_003,14,0.0
19,2021-08,3,03_USR_004,0,0.0
19,2021-08,3,03_USR_004,1,0.0
19,2021-08,3,03_USR_004,2,0.819352
19,2021-08,3,03_USR_004,3,0.0
19,2021-08,3,03_USR_004,4,0.018661
19,2021-08,3,03_USR_004,5,2e-06
19,2021-08,3,03_USR_004,6,8e-06
19,2021-08,3,03_USR_004,7,0.011968
19,2021-08,3,03_USR_004,8,1e-06
19,2021-08,3,03_USR_004,9,9e-06
19,2021-08,3,03_USR_004,10,0.0
19,2021-08,3,03_USR_004,11,0.0
19,2021-08,3,03_USR_004,12,0.0
19,2021-08,3,03_USR_004,13,0.0
19,2021-08,3,03_USR_004,14,0.0
19,2021-08,4,04_USR_005,0,0.0
19,2021-08,4,04_USR_005,1,0.0
19,2021-08,4,04_USR_005,2,0.0
19,2021-08,4,04_USR_005,3,0.85
19,2021-08,4,04_USR_005,4,0.0
19,2021-08,4,04_USR_005,5,0.0
19,2021-08,4,04_USR_005,6,0.0
19,2021-08,4,04_USR_005,7,0.0
19,2021-08,4,04_USR_005,8,0.0
19,2021-08,4,04_USR_005,9,0.0
19,2021-08,4,04_USR_005,10,0.0
19,2021-08,4,04_USR_005,11,0.0
19,2021-08,4,04_USR_005,12,0.0
19,2021-08,4,04_USR_005,13,0.0
19,2021-08,4,04_USR_005,14,0.0
19,2021-08,5,05_USR_006,0,0.0
19,2021-08,5,05_USR_006,1,0.0
19,2021-08,5,05_USR_006,2,0.0
19,2021-08,5,05_USR_006,3,0.85
19,2021-08,5,05_USR_006,4,0.0
19,2021-08,5,05_USR_006,5,0.0
19,2021-08,5,05_USR_006,6,0.0
19,2021-08,5,05_USR_006,7,0.0
19,2021-08,5,05_USR_006,8,0.0
19,2021-08,5,05_USR_006,9,0.0
19,2021-08,5,05_USR_006,10,0.0
19,2021-08,5,05_USR_006,11,0.0
19,2021-08,5,05_USR_006,12,0.0
19,2021-08,5,05_USR_006,13,0.0
19,2021-08,5,05_USR_006,14,0.0
19,2021-08,6,06_USR_007,0,0.0
19,2021-08,6,06_USR_007,1,0.0
19,2021-08,6,06_USR_007,2,0.85
19,2021-08,6,06_USR_007,3,0.0
19,2021-08,6,06_USR_007,4,0.0
19,2021-08,6,06_USR_007,5,0.0
19,2021-08,6,06_USR_007,6,0.0
19,2021-08,6,06_USR_007,7,0.0
19,2021-08,6,06_USR_007,8,0.0
19,2021-08,6,06_USR_007,9,0.0
19,2021-08,6,06_USR_007,10,0.0
19,2021-08,6,06_USR_007,11,0.0
19,2021-08,6,06_USR_007,12,0.0
19,2021-08,6,06_USR_007,13,0.0
19,2021-08,6,06_USR_007,14,0.0
19,2021-08,7,07_USR_008,0,0.0
19,2021-08,7,07_USR_008,1,0.0
19,2021-08,7,07_USR_008,2,0.182473
19,2021-08,7,07_USR_008,3,0.667527
19,2021-08,7,07_USR_008,4,0.0
19,2021-08,7,07_USR_008,5,0.0
19,2021-08,7,07_USR_008,6,0.0
19,2021-08,7,07_USR_008,7,0.0
19,2021-08,7,07_USR_008,8,0.0
19,2021-08,7,07_USR_008,9,0.0
19,2021-08,7,07_USR_008,10,0.0
19,2021-08,7,07_USR_008,11,0.0
19,2021-08,7,07_USR_008,12,0.0
19,2021-08,7,07_USR_008,13,0.0
19,2021-08,7,07_USR_008,14,0.0
19,2021-08,8,08_USR_009,0,0.0
19,2021-08,8,08_USR_009,1,0.0
19,2021-08,8,08_USR_009,2,0.85
19,2021-08,8,08_USR_009,3,0.0
19,2021-08,8,08_USR_009,4,0.0
19,2021-08,8,08_USR_009,5,0.0
19,2021-08,8,08_USR_009,6,0.0
19,2021-08,8,08_USR_009,7,0.0
19,2021-08,8,08_USR_009,8,0.0
19,2021-08,8,08_USR_009,9,0.0
19,2021-08,8,08_USR_009,10,0.0
19,2021-08,8,08_USR_009,11,0.0
19,2021-08,8,08_USR_009,12,0.0
19,2021-08,8,08_USR_009,13,0.0
19,2021-08,8,08_USR_009,14,0.0
19,2021-08,9,09_USR_010,0,0.0
19,2021-08,9,09_USR_010,1,0.0
19,2021-08,9,09_USR_010,2,0.0
19,2021-08,9,09_USR_010,3,0.85
19,2021-08,9,09_USR_010,4,0.0
19,2021-08,9,09_USR_010,5,0.0
19,2021-08,9,09_USR_010,6,0.0
19,2021-08,9,09_USR_010,7,0.0
19,2021-08,9,09_USR_010,8,0.0
19,2021-08,9,09_USR_010,9,0.0
19,2021-08,9,09_USR_010,10,0.0
19,2021-08,9,09_USR_010,11,0.0
19,2021-08,9,09_USR_010,12,0.0
19,2021-08,9,09_USR_010,13,0.0
19,2021-08,9,09_USR_010,14,0.0
19,2021-08,10,10_STK_001,0,0.0
19,2021-08,10,10_STK_001,1,0.0
19,2021-08,10,10_STK_001,2,0.0
19,2021-08,10,10_STK_001,3,0.0
19,2021-08,10,10_STK_001,4,0.0
19,2021-08,10,10_STK_001,5,0.0
19,2021-08,10,10_STK_001,6,0.0
19,2021-08,10,10_STK_001,7,0.0
19,2021-08,10,10_STK_001,8,0.0
19,2021-08,10,10_STK_001,9,0.0
19,2021-08,10,10_STK_001,10,0.0
19,2021-08,10,10_STK_001,11,0.0
19,2021-08,10,10_STK_001,12,0.0
19,2021-08,10,10_STK_001,13,0.0
19,2021-08,10,10_STK_001,14,0.0
19,2021-08,11,11_STK_002,0,0.0
19,2021-08,11,11_STK_002,1,0.0
19,2021-08,11,11_STK_002,2,0.0
19,2021-08,11,11_STK_002,3,0.0
19,2021-08,11,11_STK_002,4,0.0
19,2021-08,11,11_STK_002,5,0.0
19,2021-08,11,11_STK_002,6,0.0
19,2021-08,11,11_STK_002,7,0.0
19,2021-08,11,11_STK_002,8,0.0
19,2021-08,11,11_STK_002,9,0.0
19,2021-08,11,11_STK_002,10,0.0
19,2021-08,11,11_STK_002,11,0.0
19,2021-08,11,11_STK_002,12,0.0
19,2021-08,11,11_STK_002,13,0.0
19,2021-08,11,11_STK_002,14,0.0
19,2021-08,12,12_STK_003,0,0.0
19,2021-08,12,12_STK_003,1,0.0
19,2021-08,12,12_STK_003,2,0.0
19,2021-08,12,12_STK_003,3,0.0
19,2021-08,12,12_STK_003,4,0.0
19,2021-08,12,12_STK_003,5,0.0
19,2021-08,12,12_STK_003,6,0.0
19,2021-08,12,12_STK_003,7,0.0
19,2021-08,12,12_STK_003,8,0.0
19,2021-08,12,12_STK_003,9,0.0
19,2021-08,12,12_STK_003,10,0.0
19,2021-08,12,12_STK_003,11,0.0
19,2021-08,12,12_STK_003,12,0.0
19,2021-08,12,12_STK_003,13,0.0
19,2021-08,12,12_STK_003,14,0.0
19,2021-08,13,13_STK_004,0,0.0
19,2021-08,13,13_STK_004,1,0.0
19,2021-08,13,13_STK_004,2,0.0
19,2021-08,13,13_STK_004,3,0.0
19,2021-08,13,13_STK_004,4,0.0
19,2021-08,13,13_STK_004,5,0.0
19,2021-08,13,13_STK_004,6,0.0
19,2021-08,13,13_STK_004,7,0.0
19,2021-08,13,13_STK_004,8,0.0
19,2021-08,13,13_STK_004,9,0.0
19,2021-08,13,13_STK_004,10,0.0
19,2021-08,13,13_STK_004,11,0.0
19,2021-08,13,13_STK_004,12,0.0
19,2021-08,13,13_STK_004,13,0.0
19,2021-08,13,13_STK_004,14,0.0
19,2021-08,14,14_STK_005,0,0.0
19,2021-08,14,14_STK_005,1,0.0
19,2021-08,14,14_STK_005,2,0.0
19,2021-08,14,14_STK_005,3,0.0
19,2021-08,14,14_STK_005,4,0.0
19,2021-08,14,14_STK_005,5,0.0
19,2021-08,14,14_STK_005,6,0.0
19,2021-08,14,14_STK_005,7,0.0
19,2021-08,14,14_STK_005,8,0.0
19,2021-08,14,14_STK_005,9,0.0
19,2021-08,14,14_STK_005,10,0.0
19,2021-08,14,14_STK_005,11,0.0
19,2021-08,14,14_STK_005,12,0.0
19,2021-08,14,14_STK_005,13,0.0
19,2021-08,14,14_STK_005,14,0.0
20,2021-09,0,00_USR_001,0,0.0
20,2021-09,0,00_USR_001,1,0.0
20,2021-09,0,00_USR_001,2,0.835719
20,2021-09,0,00_USR_001,3,0.014281
20,2021-09,0,00_USR_001,4,0.0
20,2021-09,0,00_USR_001,5,0.0
20,2021-09,0,00_USR_001,6,0.0
20,2021-09,0,00_USR_001,7,0.0
20,2021-09,0,00_USR_001,8,0.0
20,2021-09,0,00_USR_001,9,0.0
20,2021-09,0,00_USR_001,10,0.0
20,2021-09,0,00_USR_001,11,0.0
20,2021-09,0,00_USR_001,12,0.0
20,2021-09,0,00_USR_001,13,0.0
20,2021-09,0,00_USR_001,14,0.0
20,2021-09,1,01_USR_002,0,0.0
20,2021-09,1,01_USR_002,1,0.0
20,2021-09,1,01_USR_002,2,0.0
20,2021-09,1,01_USR_002,3,0.85
20,2021-09,1,01_USR_002,4,0.0
20,2021-09,1,01_USR_002,5,0.0
20,2021-09,1,01_USR_002,6,0.0
20,2021-09,1,01_USR_002,7,0.0
20,2021-09,1,01_USR_002,8,0.0
20,2021-09,1,01_USR_002,9,0.0
20,2021-09,1,01_USR_002,10,0.0
20,2021-09,1,01_USR_002,11,0.0
20,2021-09,1,01_USR_002,12,0.0
20,2021-09,1,01_USR_002,13,0.0
20,2021-09,1,01_USR_002,14,0.0
20,2021-09,2,02_USR_003,0,0.0
20,2021-09,2,02_USR_003,1,0.08552
20,2021-09,2,02_USR_003,2,0.0
20,2021-09,2,02_USR_003,3,0.752564
20,2021-09,2,02_USR_003,4,0.000932
20,2021-09,2,02_USR_003,5,0.002952
20,2021-09,2,02_USR_003,6,0.001429
20,2021-09,2,02_USR_003,7,0.000455
20,2021-09,2,02_USR_003,8,0.000171
20,2021-09,2,02_USR_003,9,0.005977
20,2021-09,2,02_USR_003,10,0.0
20,2021-09,2,02_USR_003,11,0.0
20,2021-09,2,02_USR_003,12,0.0
20,2021-09,2,02_USR_003,13,0.0
20,2021-09,2,02_USR_003,14,0.0
20,2021-09,3,03_USR_004,0,0.0
20,2021-09,3,03_USR_004,1,0.0
20,2021-09,3,03_USR_004,2,0.214021
20,2021-09,3,03_USR_004,3,0.0
20,2021-09,3,03_USR_004,4,0.635594
20,2021-09,3,03_USR_004,5,0.000219
20,2021-09,3,03_USR_004,6,0.0
20,2021-09,3,03_USR_004,7,0.000158
20,2021-09,3,03_USR_004,8,7e-06
20,2021-09,3,03_USR_004,9,0.0
20,2021-09,3,03_USR_004,10,0.0
20,2021-09,3,03_USR_004,11,0.0
20,2021-09,3,03_USR_004,12,0.0
20,2021-09,3,03_USR_004,13,0.0
20,2021-09,3,03_USR_004,14,0.0
20,2021-09,4,04_USR_005,0,0.0
20,2021-09,4,04_USR_005,1,0.0
20,2021-09,4,04_USR_005,2,0.818438
20,2021-09,4,04_USR_005,3,0.031562
20,2021-09,4,04_USR_005,4,0.0
20,2021-09,4,04_USR_005,5,0.0
20,2021-09,4,04_USR_005,6,0.0
20,2021-09,4,04_USR_005,7,0.0
20,2021-09,4,04_USR_005,8,0.0
20,2021-09,4,04_USR_005,9,0.0
20,2021-09,4,04_USR_005,10,0.0
20,2021-09,4,04_USR_005,11,0.0
20,2021-09,4,04_USR_005,12,0.0
20,2021-09,4,04_USR_005,13,0.0
20,2021-09,4,04_USR_005,14,0.0
20,2021-09,5,05_USR_006,0,0.0
20,2021-09,5,05_USR_006,1,0.0
20,2021-09,5,05_USR_006,2,0.227936
20,2021-09,5,05_USR_006,3,0.622064
20,2021-09,5,05_USR_006,4,0.0
20,2021-09,5,05_USR_006,5,0.0
20,2021-09,5,05_USR_006,6,0.0
20,2021-09,5,05_USR_006,7,0.0
20,2021-09,5,05_USR_006,8,0.0
20,2021-09,5,05_USR_006,9,0.0
20,2021-09,5,05_USR_006,10,0.0
20,2021-09,5,05_USR_006,11,0.0
20,2021-09,5,05_USR_006,12,0.0
20,2021-09,5,05_USR_006,13,0.0
20,2021-09,5,05_USR_006,14,0.0
20,2021-09,6,06_USR_007,0,0.0
20,2021-09,6,06_USR_007,1,0.0
20,2021-09,6,06_USR_007,2,0.85
20,2021-09,6,06_USR_007,3,0.0
20,2021-09,6,06_USR_007,4,0.0
20,2021-09,6,06_USR_007,5,0.0
20,2021-09,6,06_USR_007,6,0.0
20,2021-09,6,06_USR_007,7,0.0
20,2021-09,6,06_USR_007,8,0.0
20,2021-09,6,06_USR_007,9,0.0
20,2021-09,6,06_USR_007,10,0.0
20,2021-09,6,06_USR_007,11,0.0
20,2021-09,6,06_USR_007,12,0.0
20,2021-09,6,06_USR_007,13,0.0
20,2021-09,6,06_USR_007,14,0.0
20,2021-09,7,07_USR_008,0,0.0
20,2021-09,7,07_USR_008,1,0.0
20,2021-09,7,07_USR_008,2,0.85
20,2021-09,7,07_USR_008,3,0.0
20,2021-09,7,07_USR_008,4,0.0
20,2021-09,7,07_USR_008,5,0.0
20,2021-09,7,07_USR_008,6,0.0
20,2021-09,7,07_USR_008,7,0.0
20,2021-09,7,07_USR_008,8,0.0
20,2021-09,7,07_USR_008,9,0.0
20,2021-09,7,07_USR_008,10,0.0
20,2021-09,7,07_USR_008,11,0.0
20,2021-09,7,07_USR_008,12,0.0
20,2021-09,7,07_USR_008,13,0.0
20,2021-09,7,07_USR_008,14,0.0
20,2021-09,8,08_USR_009,0,0.0
20,2021-09,8,08_USR_009,1,0.0
20,2021-09,8,08_USR_009,2,0.0
20,2021-09,8,08_USR_009,3,0.85
20,2021-09,8,08_USR_009,4,0.0
20,2021-09,8,08_USR_009,5,0.0
20,2021-09,8,08_USR_009,6,0.0
20,2021-09,8,08_USR_009,7,0.0
20,2021-09,8,08_USR_009,8,0.0
20,2021-09,8,08_USR_009,9,0.0
20,2021-09,8,08_USR_009,10,0.0
20,2021-09,8,08_USR_009,11,0.0
20,2021-09,8,08_USR_009,12,0.0
20,2021-09,8,08_USR_009,13,0.0
20,2021-09,8,08_USR_009,14,0.0
20,2021-09,9,09_USR_010,0,0.0
20,2021-09,9,09_USR_010,1,0.0
20,2021-09,9,09_USR_010,2,0.0
20,2021-09,9,09_USR_010,3,0.85
20,2021-09,9,09_USR_010,4,0.0
20,2021-09,9,09_USR_010,5,0.0
20,2021-09,9,09_USR_010,6,0.0
20,2021-09,9,09_USR_010,7,0.0
20,2021-09,9,09_USR_010,8,0.0
20,2021-09,9,09_USR_010,9,0.0
20,2021-09,9,09_USR_010,10,0.0
20,2021-09,9,09_USR_010,11,0.0
20,2021-09,9,09_USR_010,12,0.0
20,2021-09,9,09_USR_010,13,0.0
20,2021-09,9,09_USR_010,14,0.0
20,2021-09,10,10_STK_001,0,0.0
20,2021-09,10,10_STK_001,1,0.0
20,2021-09,10,10_STK_001,2,0.0
20,2021-09,10,10_STK_001,3,0.0
20,2021-09,10,10_STK_001,4,0.0
20,2021-09,10,10_STK_001,5,0.0
20,2021-09,10,10_STK_001,6,0.0
20,2021-09,10,10_STK_001,7,0.0
20,2021-09,10,10_STK_001,8,0.0
20,2021-09,10,10_STK_001,9,0.0
20,2021-09,10,10_STK_001,10,0.0
20,2021-09,10,10_STK_001,11,0.0
20,2021-09,10,10_STK_001,12,0.0
20,2021-09,10,10_STK_001,13,0.0
20,2021-09,10,10_STK_001,14,0.0
20,2021-09,11,11_STK_002,0,0.0
20,2021-09,11,11_STK_002,1,0.0
20,2021-09,11,11_STK_002,2,0.0
20,2021-09,11,11_STK_002,3,0.0
20,2021-09,11,11_STK_002,4,0.0
20,2021-09,11,11_STK_002,5,0.0
20,2021-09,11,11_STK_002,6,0.0
20,2021-09,11,11_STK_002,7,0.0
20,2021-09,11,11_STK_002,8,0.0
20,2021-09,11,11_STK_002,9,0.0
20,2021-09,11,11_STK_002,10,0.0
20,2021-09,11,11_STK_002,11,0.0
20,2021-09,11,11_STK_002,12,0.0
20,2021-09,11,11_STK_002,13,0.0
20,2021-09,11,11_STK_002,14,0.0
20,2021-09,12,12_STK_003,0,0.0
20,2021-09,12,12_STK_003,1,0.0
20,2021-09,12,12_STK_003,2,0.0
20,2021-09,12,12_STK_003,3,0.0
20,2021-09,12,12_STK_003,4,0.0
20,2021-09,12,12_STK_003,5,0.0
20,2021-09,12,12_STK_003,6,0.0
20,2021-09,12,12_STK_003,7,0.0
20,2021-09,12,12_STK_003,8,0.0
20,2021-09,12,12_STK_003,9,0.0
20,2021-09,12,12_STK_003,10,0.0
20,2021-09,12,12_STK_003,11,0.0
20,2021-09,12,12_STK_003,12,0.0
20,2021-09,12,12_STK_003,13,0.0
20,2021-09,12,12_STK_003,14,0.0
20,2021-09,13,13_STK_004,0,0.0
20,2021-09,13,13_STK_004,1,0.0
20,2021-09,13,13_STK_004,2,0.0
20,2021-09,13,13_STK_004,3,0.0
20,2021-09,13,13_STK_004,4,0.0
20,2021-09,13,13_STK_004,5,0.0
20,2021-09,13,13_STK_004,6,0.0
20,2021-09,13,13_STK_004,7,0.0
20,2021-09,13,13_STK_004,8,0.0
20,2021-09,13,13_STK_004,9,0.0
20,2021-09,13,13_STK_004,10,0.0
20,2021-09,13,13_STK_004,11,0.0
20,2021-09,13,13_STK_004,12,0.0
20,2021-09,13,13_STK_004,13,0.0
20,2021-09,13,13_STK_004,14,0.0
20,2021-09,14,14_STK_005,0,0.0
20,2021-09,14,14_STK_005,1,0.0
20,2021-09,14,14_STK_005,2,0.0
20,2021-09,14,14_STK_005,3,0.0
20,2021-09,14,14_STK_005,4,0.0
20,2021-09,14,14_STK_005,5,0.0
20,2021-09,14,14_STK_005,6,0.0
20,2021-09,14,14_STK_005,7,0.0
20,2021-09,14,14_STK_005,8,0.0
20,2021-09,14,14_STK_005,9,0.0
20,2021-09,14,14_STK_005,10,0.0
20,2021-09,14,14_STK_005,11,0.0
20,2021-09,14,14_STK_005,12,0.0
20,2021-09,14,14_STK_005,13,0.0
20,2021-09,14,14_STK_005,14,0.0
21,2021-10,0,00_USR_001,0,0.0
21,2021-10,0,00_USR_001,1,0.0
21,2021-10,0,00_USR_001,2,0.0
21,2021-10,0,00_USR_001,3,0.0
21,2021-10,0,00_USR_001,4,0.0
21,2021-10,0,00_USR_001,5,0.0
21,2021-10,0,00_USR_001,6,0.0
21,2021-10,0,00_USR_001,7,0.0
21,2021-10,0,00_USR_001,8,0.0
21,2021-10,0,00_USR_001,9,0.0
21,2021-10,0,00_USR_001,10,0.0
21,2021-10,0,00_USR_001,11,0.0
21,2021-10,0,00_USR_001,12,0.0
21,2021-10,0,00_USR_001,13,0.0
21,2021-10,0,00_USR_001,14,0.0
21,2021-10,1,01_USR_002,0,0.0
21,2021-10,1,01_USR_002,1,0.0
21,2021-10,1,01_USR_002,2,0.0
21,2021-10,1,01_USR_002,3,0.0
21,2021-10,1,01_USR_002,4,0.0
21,2021-10,1,01_USR_002,5,0.0
21,2021-10,1,01_USR_002,6,0.0
21,2021-10,1,01_USR_002,7,0.0
21,2021-10,1,01_USR_002,8,0.0
21,2021-10,1,01_USR_002,9,0.0
21,2021-10,1,01_USR_002,10,0.0
21,2021-10,1,01_USR_002,11,0.0
21,2021-10,1,01_USR_002,12,0.0
21,2021-10,1,01_USR_002,13,0.0
21,2021-10,1,01_USR_002,14,0.0
21,2021-10,2,02_USR_003,0,0.0
21,2021-10,2,02_USR_003,1,0.0
21,2021-10,2,02_USR_003,2,0.0
21,2021-10,2,02_USR_003,3,0.848285
21,2021-10,2,02_USR_003,4,0.0
21,2021-10,2,02_USR_003,5,0.00133
21,2021-10,2,02_USR_003,6,0.000213
21,2021-10,2,02_USR_003,7,0.0
21,2021-10,2,02_USR_003,8,0.0
21,2021-10,2,02_USR_003,9,0.000172
21,2021-10,2,02_USR_003,10,0.0
21,2021-10,2,02_USR_003,11,0.0
21,2021-10,2,02_USR_003,12,0.0
21,2021-10,2,02_USR_003,13,0.0
21,2021-10,2,02_USR_003,14,0.0
21,2021-10,3,03_USR_004,0,0.0
21,2021-10,3,03_USR_004,1,0.0
21,2021-10,3,03_USR_004,2,0.848306
21,2021-10,3,03_USR_004,3,0.0
21,2021-10,3,03_USR_004,4,0.0
21,2021-10,3,03_USR_004,5,0.0
21,2021-10,3,03_USR_004,6,0.000842
21,2021-10,3,03_USR_004,7,0.00035
21,2021-10,3,03_USR_004,8,0.000502
21,2021-10,3,03_USR_004,9,0.0
21,2021-10,3,03_USR_004,10,0.0
21,2021-10,3,03_USR_004,11,0.0
21,2021-10,3,03_USR_004,12,0.0
21,2021-10,3,03_USR_004,13,0.0
21,2021-10,3,03_USR_004,14,0.0
21,2021-10,4,04_USR_005,0,0.0
21,2021-10,4,04_USR_005,1,0.0
21,2021-10,4,04_USR_005,2,0.718986
21,2021-10,4,04_USR_005,3,0.131014
21,2021-10,4,04_USR_005,4,0.0
21,2021-10,4,04_USR_005,5,0.0
21,2021-10,4,04_USR_005,6,0.0
21,2021-10,4,04_USR_005,7,0.0
21,2021-10,4,04_USR_005,8,0.0
21,2021-10,4,04_USR_005,9,0.0
21,2021-10,4,04_USR_005,10,0.0
21,2021-10,4,04_USR_005,11,0.0
21,2021-10,4,04_USR_005,12,0.0
21,2021-10,4,04_USR_005,13,0.0
21,2021-10,4,04_USR_005,14,0.0
21,2021-10,5,05_USR_006,0,0.0
21,2021-10,5,05_USR_006,1,0.0
21,2021-10,5,05_USR_006,2,0.0
21,2021-10,5,05_USR_006,3,0.0
21,2021-10,5,05_USR_006,4,0.0
21,2021-10,5,05_USR_006,5,0.0
21,2021-10,5,05_USR_006,6,0.0
21,2021-10,5,05_USR_006,7,0.0
21,2021-10,5,05_USR_006,8,0.0
21,2021-10,5,05_USR_006,9,0.0
21,2021-10,5,05_USR_006,10,0.0
21,2021-10,5,05_USR_006,11,0.0
21,2021-10,5,05_USR_006,12,0.0
21,2021-10,5,05_USR_006,13,0.0
21,2021-10,5,05_USR_006,14,0.0
21,2021-10,6,06_USR_007,0,0.0
21,2021-10,6,06_USR_007,1,0.0
21,2021-10,6,06_USR_007,2,0.0
21,2021-10,6,06_USR_007,3,0.0
21,2021-10,6,06_USR_007,4,0.0
21,2021-10,6,06_USR_007,5,0.0
21,2021-10,6,06_USR_007,6,0.0
21,2021-10,6,06_USR_007,7,0.0
21,2021-10,6,06_USR_007,8,0.0
21,2021-10,6,06_USR_007,9,0.0
21,2021-10,6,06_USR_007,10,0.0
21,2021-10,6,06_USR_007,11,0.0
21,2021-10,6,06_USR_007,12,0.0
21,2021-10,6,06_USR_007,13,0.0
21,2021-10,6,06_USR_007,14,0.0
21,2021-10,7,07_USR_008,0,0.0
21,2021-10,7,07_USR_008,1,0.0
21,2021-10,7,07_USR_008,2,0.0
21,2021-10,7,07_USR_008,3,0.0
21,2021-10,7,07_USR_008,4,0.0
21,2021-10,7,07_USR_008,5,0.0
21,2021-10,7,07_USR_008,6,0.0
21,2021-10,7,07_USR_008,7,0.0
21,2021-10,7,07_USR_008,8,0.0
21,2021-10,7,07_USR_008,9,0.0
21,2021-10,7,07_USR_008,10,0.0
21,2021-10,7,07_USR_008,11,0.0
21,2021-10,7,07_USR_008,12,0.0
21,2021-10,7,07_USR_008,13,0.0
21,2021-10,7,07_USR_008,14,0.0
21,2021-10,8,08_USR_009,0,0.0
21,2021-10,8,08_USR_009,1,0.0
21,2021-10,8,08_USR_009,2,0.0
21,2021-10,8,08_USR_009,3,0.85
21,2021-10,8,08_USR_009,4,0.0
21,2021-10,8,08_USR_009,5,0.0
21,2021-10,8,08_USR_009,6,0.0
21,2021-10,8,08_USR_009,7,0.0
21,2021-10,8,08_USR_009,8,0.0
21,2021-10,8,08_USR_009,9,0.0
21,2021-10,8,08_USR_009,10,0.0
21,2021-10,8,08_USR_009,11,0.0
21,2021-10,8,08_USR_009,12,0.0
21,2021-10,8,08_USR_009,13,0.0
21,2021-10,8,08_USR_009,14,0.0
21,2021-10,9,09_USR_010,0,0.0
21,2021-10,9,09_USR_010,1,0.0
21,2021-10,9,09_USR_010,2,0.0
21,2021-10,9,09_USR_010,3,0.0
21,2021-10,9,09_USR_010,4,0.0
21,2021-10,9,09_USR_010,5,0.0
21,2021-10,9,09_USR_010,6,0.0
21,2021-10,9,09_USR_010,7,0.0
21,2021-10,9,09_USR_010,8,0.0
21,2021-10,9,09_USR_010,9,0.0
21,2021-10,9,09_USR_010,10,0.0
21,2021-10,9,09_USR_010,11,0.0
21,2021-10,9,09_USR_010,12,0.0
21,2021-10,9,09_USR_010,13,0.0
21,2021-10,9,09_USR_010,14,0.0
21,2021-10,10,10_STK_001,0,0.0
21,2021-10,10,10_STK_001,1,0.0
21,2021-10,10,10_STK_001,2,0.0
21,2021-10,10,10_STK_001,3,0.0
21,2021-10,10,10_STK_001,4,0.0
21,2021-10,10,10_STK_001,5,0.0
21,2021-10,10,10_STK_001,6,0.0
21,2021-10,10,10_STK_001,7,0.0
21,2021-10,10,10_STK_001,8,0.0
21,2021-10,10,10_STK_001,9,0.0
21,2021-10,10,10_STK_001,10,0.0
21,2021-10,10,10_STK_001,11,0.0
21,2021-10,10,10_STK_001,12,0.0
21,2021-10,10,10_STK_001,13,0.0
21,2021-10,10,10_STK_001,14,0.0
21,2021-10,11,11_STK_002,0,0.0
21,2021-10,11,11_STK_002,1,0.0
21,2021-10,11,11_STK_002,2,0.0
21,2021-10,11,11_STK_002,3,0.0
21,2021-10,11,11_STK_002,4,0.0
21,2021-10,11,11_STK_002,5,0.0
21,2021-10,11,11_STK_002,6,0.0
21,2021-10,11,11_STK_002,7,0.0
21,2021-10,11,11_STK_002,8,0.0
21,2021-10,11,11_STK_002,9,0.0
21,2021-10,11,11_STK_002,10,0.0
21,2021-10,11,11_STK_002,11,0.0
21,2021-10,11,11_STK_002,12,0.0
21,2021-10,11,11_STK_002,13,0.0
21,2021-10,11,11_STK_002,14,0.0
21,2021-10,12,12_STK_003,0,0.0
21,2021-10,12,12_STK_003,1,0.0
21,2021-10,12,12_STK_003,2,0.0
21,2021-10,12,12_STK_003,3,0.0
21,2021-10,12,12_STK_003,4,0.0
21,2021-10,12,12_STK_003,5,0.0
21,2021-10,12,12_STK_003,6,0.0
21,2021-10,12,12_STK_003,7,0.0
21,2021-10,12,12_STK_003,8,0.0
21,2021-10,12,12_STK_003,9,0.0
21,2021-10,12,12_STK_003,10,0.0
21,2021-10,12,12_STK_003,11,0.0
21,2021-10,12,12_STK_003,12,0.0
21,2021-10,12,12_STK_003,13,0.0
21,2021-10,12,12_STK_003,14,0.0
21,2021-10,13,13_STK_004,0,0.0
21,2021-10,13,13_STK_004,1,0.0
21,2021-10,13,13_STK_004,2,0.0
21,2021-10,13,13_STK_004,3,0.0
21,2021-10,13,13_STK_004,4,0.0
21,2021-10,13,13_STK_004,5,0.0
21,2021-10,13,13_STK_004,6,0.0
21,2021-10,13,13_STK_004,7,0.0
21,2021-10,13,13_STK_004,8,0.0
21,2021-10,13,13_STK_004,9,0.0
21,2021-10,13,13_STK_004,10,0.0
21,2021-10,13,13_STK_004,11,0.0
21,2021-10,13,13_STK_004,12,0.0
21,2021-10,13,13_STK_004,13,0.0
21,2021-10,13,13_STK_004,14,0.0
21,2021-10,14,14_STK_005,0,0.0
21,2021-10,14,14_STK_005,1,0.0
21,2021-10,14,14_STK_005,2,0.0
21,2021-10,14,14_STK_005,3,0.0
21,2021-10,14,14_STK_005,4,0.0
21,2021-10,14,14_STK_005,5,0.0
21,2021-10,14,14_STK_005,6,0.0
21,2021-10,14,14_STK_005,7,0.0
21,2021-10,14,14_STK_005,8,0.0
21,2021-10,14,14_STK_005,9,0.0
21,2021-10,14,14_STK_005,10,0.0
21,2021-10,14,14_STK_005,11,0.0
21,2021-10,14,14_STK_005,12,0.0
21,2021-10,14,14_STK_005,13,0.0
21,2021-10,14,14_STK_005,14,0.0
22,2021-11,0,00_USR_001,0,0.0
22,2021-11,0,00_USR_001,1,0.0
22,2021-11,0,00_USR_001,2,0.0
22,2021-11,0,00_USR_001,3,0.0
22,2021-11,0,00_USR_001,4,0.0
22,2021-11,0,00_USR_001,5,0.0
22,2021-11,0,00_USR_001,6,0.0
22,2021-11,0,00_USR_001,7,0.0
22,2021-11,0,00_USR_001,8,0.0
22,2021-11,0,00_USR_001,9,0.0
22,2021-11,0,00_USR_001,10,0.0
22,2021-11,0,00_USR_001,11,0.0
22,2021-11,0,00_USR_001,12,0.0
22,2021-11,0,00_USR_001,13,0.0
22,2021-11,0,00_USR_001,14,0.0
22,2021-11,1,01_USR_002,0,0.0
22,2021-11,1,01_USR_002,1,0.0
22,2021-11,1,01_USR_002,2,0.0
22,2021-11,1,01_USR_002,3,0.0
22,2021-11,1,01_USR_002,4,0.0
22,2021-11,1,01_USR_002,5,0.0
22,2021-11,1,01_USR_002,6,0.0
22,2021-11,1,01_USR_002,7,0.0
22,2021-11,1,01_USR_002,8,0.0
22,2021-11,1,01_USR_002,9,0.0
22,2021-11,1,01_USR_002,10,0.0
22,2021-11,1,01_USR_002,11,0.0
22,2021-11,1,01_USR_002,12,0.0
22,2021-11,1,01_USR_002,13,0.0
22,2021-11,1,01_USR_002,14,0.0
22,2021-11,2,02_USR_003,0,0.0
22,2021-11,2,02_USR_003,1,0.0
22,2021-11,2,02_USR_003,2,0.0
22,2021-11,2,02_USR_003,3,0.844629
22,2021-11,2,02_USR_003,4,0.0
22,2021-11,2,02_USR_003,5,0.0
22,2021-11,2,02_USR_003,6,0.00097
22,2021-11,2,02_USR_003,7,0.000553
22,2021-11,2,02_USR_003,8,0.000858
22,2021-11,2,02_USR_003,9,0.002991
22,2021-11,2,02_USR_003,10,0.0
22,2021-11,2,02_USR_003,11,0.0
22,2021-11,2,02_USR_003,12,0.0
22,2021-11,2,02_USR_003,13,0.0
22,2021-11,2,02_USR_003,14,0.0
22,2021-11,3,03_USR_004,0,0.0
22,2021-11,3,03_USR_004,1,0.0
22,2021-11,3,03_USR_004,2,0.848825
22,2021-11,3,03_USR_004,3,0.0
22,2021-11,3,03_USR_004,4,0.0
22,2021-11,3,03_USR_004,5,0.000272
22,2021-11,3,03_USR_004,6,0.000507
22,2021-11,3,03_USR_004,7,0.000192
22,2021-11,3,03_USR_004,8,0.000204
22,2021-11,3,03_USR_004,9,0.0
22,2021-11,3,03_USR_004,10,0.0
22,2021-11,3,03_USR_004,11,0.0
22,2021-11,3,03_USR_004,12,0.0
22,2021-11,3,03_USR_004,13,0.0
22,2021-11,3,03_USR_004,14,0.0
22,2021-11,4,04_USR_005,0,0.0
22,2021-11,4,04_USR_005,1,0.0
22,2021-11,4,04_USR_005,2,0.0
22,2021-11,4,04_USR_005,3,0.85
22,2021-11,4,04_USR_005,4,0.0
22,2021-11,4,04_USR_005,5,0.0
22,2021-11,4,04_USR_005,6,0.0
22,2021-11,4,04_USR_005,7,0.0
22,2021-11,4,04_USR_005,8,0.0
22,2021-11,4,04_USR_005,9,0.0
22,2021-11,4,04_USR_005,10,0.0
22,2021-11,4,04_USR_005,11,0.0
22,2021-11,4,04_USR_005,12,0.0
22,2021-11,4,04_USR_005,13,0.0
22,2021-11,4,04_USR_005,14,0.0
22,2021-11,5,05_USR_006,0,0.0
22,2021-11,5,05_USR_006,1,0.0
22,2021-11,5,05_USR_006,2,0.0
22,2021-11,5,05_USR_006,3,0.85
22,2021-11,5,05_USR_006,4,0.0
22,2021-11,5,05_USR_006,5,0.0
22,2021-11,5,05_USR_006,6,0.0
22,2021-11,5,05_USR_006,7,0.0
22,2021-11,5,05_USR_006,8,0.0
22,2021-11,5,05_USR_006,9,0.0
22,2021-11,5,05_USR_006,10,0.0
22,2021-11,5,05_USR_006,11,0.0
22,2021-11,5,05_USR_006,12,0.0
22,2021-11,5,05_USR_006,13,0.0
22,2021-11,5,05_USR_006,14,0.0
22,2021-11,6,06_USR_007,0,0.0
22,2021-11,6,06_USR_007,1,0.0
22,2021-11,6,06_USR_007,2,0.85
22,2021-11,6,06_USR_007,3,0.0
22,2021-11,6,06_USR_007,4,0.0
22,2021-11,6,06_USR_007,5,0.0
22,2021-11,6,06_USR_007,6,0.0
22,2021-11,6,06_USR_007,7,0.0
22,2021-11,6,06_USR_007,8,0.0
22,2021-11,6,06_USR_007,9,0.0
22,2021-11,6,06_USR_007,10,0.0
22,2021-11,6,06_USR_007,11,0.0
22,2021-11,6,06_USR_007,12,0.0
22,2021-11,6,06_USR_007,13,0.0
22,2021-11,6,06_USR_007,14,0.0
22,2021-11,7,07_USR_008,0,0.0
22,2021-11,7,07_USR_008,1,0.0
22,2021-11,7,07_USR_008,2,0.0
22,2021-11,7,07_USR_008,3,0.85
22,2021-11,7,07_USR_008,4,0.0
22,2021-11,7,07_USR_008,5,0.0
22,2021-11,7,07_USR_008,6,0.0
22,2021-11,7,07_USR_008,7,0.0
22,2021-11,7,07_USR_008,8,0.0
22,2021-11,7,07_USR_008,9,0.0
22,2021-11,7,07_USR_008,10,0.0
22,2021-11,7,07_USR_008,11,0.0
22,2021-11,7,07_USR_008,12,0.0
22,2021-11,7,07_USR_008,13,0.0
22,2021-11,7,07_USR_008,14,0.0
22,2021-11,8,08_USR_009,0,0.0
22,2021-11,8,08_USR_009,1,0.0
22,2021-11,8,08_USR_009,2,0.0
22,2021-11,8,08_USR_009,3,0.85
22,2021-11,8,08_USR_009,4,0.0
22,2021-11,8,08_USR_009,5,0.0
22,2021-11,8,08_USR_009,6,0.0
22,2021-11,8,08_USR_009,7,0.0
22,2021-11,8,08_USR_009,8,0.0
22,2021-11,8,08_USR_009,9,0.0
22,2021-11,8,08_USR_009,10,0.0
22,2021-11,8,08_USR_009,11,0.0
22,2021-11,8,08_USR_009,12,0.0
22,2021-11,8,08_USR_009,13,0.0
22,2021-11,8,08_USR_009,14,0.0
22,2021-11,9,09_USR_010,0,0.0
22,2021-11,9,09_USR_010,1,0.0
22,2021-11,9,09_USR_010,2,0.379843
22,2021-11,9,09_USR_010,3,0.470157
22,2021-11,9,09_USR_010,4,0.0
22,2021-11,9,09_USR_010,5,0.0
22,2021-11,9,09_USR_010,6,0.0
22,2021-11,9,09_USR_010,7,0.0
22,2021-11,9,09_USR_010,8,0.0
22,2021-11,9,09_USR_010,9,0.0
22,2021-11,9,09_USR_010,10,0.0
22,2021-11,9,09_USR_010,11,0.0
22,2021-11,9,09_USR_010,12,0.0
22,2021-11,9,09_USR_010,13,0.0
22,2021-11,9,09_USR_010,14,0.0
22,2021-11,10,10_STK_001,0,0.0
22,2021-11,10,10_STK_001,1,0.0
22,2021-11,10,10_STK_001,2,0.0
22,2021-11,10,10_STK_001,3,0.0
22,2021-11,10,10_STK_001,4,0.0
22,2021-11,10,10_STK_001,5,0.0
22,2021-11,10,10_STK_001,6,0.0
22,2021-11,10,10_STK_001,7,0.0
22,2021-11,10,10_STK_001,8,0.0
22,2021-11,10,10_STK_001,9,0.0
22,2021-11,10,10_STK_001,10,0.0
22,2021-11,10,10_STK_001,11,0.0
22,2021-11,10,10_STK_001,12,0.0
22,2021-11,10,10_STK_001,13,0.0
22,2021-11,10,10_STK_001,14,0.0
22,2021-11,11,11_STK_002,0,0.0
22,2021-11,11,11_STK_002,1,0.0
22,2021-11,11,11_STK_002,2,0.0
22,2021-11,11,11_STK_002,3,0.0
22,2021-11,11,11_STK_002,4,0.0
22,2021-11,11,11_STK_002,5,0.0
22,2021-11,11,11_STK_002,6,0.0
22,2021-11,11,11_STK_002,7,0.0
22,2021-11,11,11_STK_002,8,0.0
22,2021-11,11,11_STK_002,9,0.0
22,2021-11,11,11_STK_002,10,0.0
22,2021-11,11,11_STK_002,11,0.0
22,2021-11,11,11_STK_002,12,0.0
22,2021-11,11,11_STK_002,13,0.0
22,2021-11,11,11_STK_002,14,0.0
22,2021-11,12,12_STK_003,0,0.0
22,2021-11,12,12_STK_003,1,0.0
22,2021-11,12,12_STK_003,2,0.0
22,2021-11,12,12_STK_003,3,0.0
22,2021-11,12,12_STK_003,4,0.0
22,2021-11,12,12_STK_003,5,0.0
22,2021-11,12,12_STK_003,6,0.0
22,2021-11,12,12_STK_003,7,0.0
22,2021-11,12,12_STK_003,8,0.0
22,2021-11,12,12_STK_003,9,0.0
22,2021-11,12,12_STK_003,10,0.0
22,2021-11,12,12_STK_003,11,0.0
22,2021-11,12,12_STK_003,12,0.0
22,2021-11,12,12_STK_003,13,0.0
22,2021-11,12,12_STK_003,14,0.0
22,2021-11,13,13_STK_004,0,0.0
22,2021-11,13,13_STK_004,1,0.0
22,2021-11,13,13_STK_004,2,0.0
22,2021-11,13,13_STK_004,3,0.0
22,2021-11,13,13_STK_004,4,0.0
22,2021-11,13,13_STK_004,5,0.0
22,2021-11,13,13_STK_004,6,0.0
22,2021-11,13,13_STK_004,7,0.0
22,2021-11,13,13_STK_004,8,0.0
22,2021-11,13,13_STK_004,9,0.0
22,2021-11,13,13_STK_004,10,0.0
22,2021-11,13,13_STK_004,11,0.0
22,2021-11,13,13_STK_004,12,0.0
22,2021-11,13,13_STK_004,13,0.0
22,2021-11,13,13_STK_004,14,0.0
22,2021-11,14,14_STK_005,0,0.0
22,2021-11,14,14_STK_005,1,0.0
22,2021-11,14,14_STK_005,2,0.0
22,2021-11,14,14_STK_005,3,0.0
22,2021-11,14,14_STK_005,4,0.0
22,2021-11,14,14_STK_005,5,0.0
22,2021-11,14,14_STK_005,6,0.0
22,2021-11,14,14_STK_005,7,0.0
22,2021-11,14,14_STK_005,8,0.0
22,2021-11,14,14_STK_005,9,0.0
22,2021-11,14,14_STK_005,10,0.0
22,2021-11,14,14_STK_005,11,0.0
22,2021-11,14,14_STK_005,12,0.0
22,2021-11,14,14_STK_005,13,0.0
22,2021-11,14,14_STK_005,14,0.0
23,2021-12,0,00_USR_001,0,0.0
23,2021-12,0,00_USR_001,1,0.0
23,2021-12,0,00_USR_001,2,0.85
23,2021-12,0,00_USR_001,3,0.0
23,2021-12,0,00_USR_001,4,0.0
23,2021-12,0,00_USR_001,5,0.0
23,2021-12,0,00_USR_001,6,0.0
23,2021-12,0,00_USR_001,7,0.0
23,2021-12,0,00_USR_001,8,0.0
23,2021-12,0,00_USR_001,9,0.0
23,2021-12,0,00_USR_001,10,0.0
23,2021-12,0,00_USR_001,11,0.0
23,2021-12,0,00_USR_001,12,0.0
23,2021-12,0,00_USR_001,13,0.0
23,2021-12,0,00_USR_001,14,0.0
23,2021-12,1,01_USR_002,0,0.0
23,2021-12,1,01_USR_002,1,0.0
23,2021-12,1,01_USR_002,2,0.0
23,2021-12,1,01_USR_002,3,0.85
23,2021-12,1,01_USR_002,4,0.0
23,2021-12,1,01_USR_002,5,0.0
23,2021-12,1,01_USR_002,6,0.0
23,2021-12,1,01_USR_002,7,0.0
23,2021-12,1,01_USR_002,8,0.0
23,2021-12,1,01_USR_002,9,0.0
23,2021-12,1,01_USR_002,10,0.0
23,2021-12,1,01_USR_002,11,0.0
23,2021-12,1,01_USR_002,12,0.0
23,2021-12,1,01_USR_002,13,0.0
23,2021-12,1,01_USR_002,14,0.0
23,2021-12,2,02_USR_003,0,0.0
23,2021-12,2,02_USR_003,1,0.0
23,2021-12,2,02_USR_003,2,0.0
23,2021-12,2,02_USR_003,3,0.823528
23,2021-12,2,02_USR_003,4,0.0
23,2021-12,2,02_USR_003,5,0.018652
23,2021-12,2,02_USR_003,6,0.002981
23,2021-12,2,02_USR_003,7,0.000294
23,2021-12,2,02_USR_003,8,0.002964
23,2021-12,2,02_USR_003,9,0.001582
23,2021-12,2,02_USR_003,10,0.0
23,2021-12,2,02_USR_003,11,0.0
23,2021-12,2,02_USR_003,12,0.0
23,2021-12,2,02_USR_003,13,0.0
23,2021-12,2,02_USR_003,14,0.0
23,2021-12,3,03_USR_004,0,0.0
23,2021-12,3,03_USR_004,1,0.0
23,2021-12,3,03_USR_004,2,0.848135
23,2021-12,3,03_USR_004,3,0.0
23,2021-12,3,03_USR_004,4,0.0
23,2021-12,3,03_USR_004,5,7e-05
23,2021-12,3,03_USR_004,6,0.000646
23,2021-12,3,03_USR_004,7,0.00107
23,2021-12,3,03_USR_004,8,7.8e-05
23,2021-12,3,03_USR_004,9,0.0
23,2021-12,3,03_USR_004,10,0.0
23,2021-12,3,03_USR_004,11,0.0
23,2021-12,3,03_USR_004,12,0.0
23,2021-12,3,03_USR_004,13,0.0
23,2021-12,3,03_USR_004,14,0.0
23,2021-12,4,04_USR_005,0,0.0
23,2021-12,4,04_USR_005,1,0.0
23,2021-12,4,04_USR_005,2,0.0
23,2021-12,4,04_USR_005,3,0.85
23,2021-12,4,04_USR_005,4,0.0
23,2021-12,4,04_USR_005,5,0.0
23,2021-12,4,04_USR_005,6,0.0
23,2021-12,4,04_USR_005,7,0.0
23,2021-12,4,04_USR_005,8,0.0
23,2021-12,4,04_USR_005,9,0.0
23,2021-12,4,04_USR_005,10,0.0
23,2021-12,4,04_USR_005,11,0.0
23,2021-12,4,04_USR_005,12,0.0
23,2021-12,4,04_USR_005,13,0.0
23,2021-12,4,04_USR_005,14,0.0
23,2021-12,5,05_USR_006,0,0.0
23,2021-12,5,05_USR_006,1,0.0
23,2021-12,5,05_USR_006,2,0.85
23,2021-12,5,05_USR_006,3,0.0
23,2021-12,5,05_USR_006,4,0.0
23,2021-12,5,05_USR_006,5,0.0
23,2021-12,5,05_USR_006,6,0.0
23,2021-12,5,05_USR_006,7,0.0
23,2021-12,5,05_USR_006,8,0.0
23,2021-12,5,05_USR_006,9,0.0
23,2021-12,5,05_USR_006,10,0.0
23,2021-12,5,05_USR_006,11,0.0
23,2021-12,5,05_USR_006,12,0.0
23,2021-12,5,05_USR_006,13,0.0
23,2021-12,5,05_USR_006,14,0.0
23,2021-12,6,06_USR_007,0,0.0
23,2021-12,6,06_USR_007,1,0.0
23,2021-12,6,06_USR_007,2,0.85
23,2021-12,6,06_USR_007,3,0.0
23,2021-12,6,06_USR_007,4,0.0
23,2021-12,6,06_USR_007,5,0.0
23,2021-12,6,06_USR_007,6,0.0
23,2021-12,6,06_USR_007,7,0.0
23,2021-12,6,06_USR_007,8,0.0
23,2021-12,6,06_USR_007,9,0.0
23,2021-12,6,06_USR_007,10,0.0
23,2021-12,6,06_USR_007,11,0.0
23,2021-12,6,06_USR_007,12,0.0
23,2021-12,6,06_USR_007,13,0.0
23,2021-12,6,06_USR_007,14,0.0
23,2021-12,7,07_USR_008,0,0.0
23,2021-12,7,07_USR_008,1,0.0
23,2021-12,7,07_USR_008,2,0.0
23,2021-12,7,07_USR_008,3,0.0
23,2021-12,7,07_USR_008,4,0.0
23,2021-12,7,07_USR_008,5,0.0
23,2021-12,7,07_USR_008,6,0.0
23,2021-12,7,07_USR_008,7,0.0
23,2021-12,7,07_USR_008,8,0.0
23,2021-12,7,07_USR_008,9,0.0
23,2021-12,7,07_USR_008,10,0.0
23,2021-12,7,07_USR_008,11,0.0
23,2021-12,7,07_USR_008,12,0.0
23,2021-12,7,07_USR_008,13,0.0
23,2021-12,7,07_USR_008,14,0.0
23,2021-12,8,08_USR_009,0,0.0
23,2021-12,8,08_USR_009,1,0.0
23,2021-12,8,08_USR_009,2,0.0
23,2021-12,8,08_USR_009,3,0.85
23,2021-12,8,08_USR_009,4,0.0
23,2021-12,8,08_USR_009,5,0.0
23,2021-12,8,08_USR_009,6,0.0
23,2021-12,8,08_USR_009,7,0.0
23,2021-12,8,08_USR_009,8,0.0
23,2021-12,8,08_USR_009,9,0.0
23,2021-12,8,08_USR_009,10,0.0
23,2021-12,8,08_USR_009,11,0.0
23,2021-12,8,08_USR_009,12,0.0
23,2021-12,8,08_USR_009,13,0.0
23,2021-12,8,08_USR_009,14,0.0
23,2021-12,9,09_USR_010,0,0.0
23,2021-12,9,09_USR_010,1,0.0
23,2021-12,9,09_USR_010,2,0.0
23,2021-12,9,09_USR_010,3,0.0
23,2021-12,9,09_USR_010,4,0.0
23,2021-12,9,09_USR_010,5,0.0
23,2021-12,9,09_USR_010,6,0.0
23,2021-12,9,09_USR_010,7,0.0
23,2021-12,9,09_USR_010,8,0.0
23,2021-12,9,09_USR_010,9,0.0
23,2021-12,9,09_USR_010,10,0.0
23,2021-12,9,09_USR_010,11,0.0
23,2021-12,9,09_USR_010,12,0.0
23,2021-12,9,09_USR_010,13,0.0
23,2021-12,9,09_USR_010,14,0.0
23,2021-12,10,10_STK_001,0,0.0
23,2021-12,10,10_STK_001,1,0.0
23,2021-12,10,10_STK_001,2,0.0
23,2021-12,10,10_STK_001,3,0.0
23,2021-12,10,10_STK_001,4,0.0
23,2021-12,10,10_STK_001,5,0.0
23,2021-12,10,10_STK_001,6,0.0
23,2021-12,10,10_STK_001,7,0.0
23,2021-12,10,10_STK_001,8,0.0
23,2021-12,10,10_STK_001,9,0.0
23,2021-12,10,10_STK_001,10,0.0
23,2021-12,10,10_STK_001,11,0.0
23,2021-12,10,10_STK_001,12,0.0
23,2021-12,10,10_STK_001,13,0.0
23,2021-12,10,10_STK_001,14,0.0
23,2021-12,11,11_STK_002,0,0.0
23,2021-12,11,11_STK_002,1,0.0
23,2021-12,11,11_STK_002,2,0.0
23,2021-12,11,11_STK_002,3,0.0
23,2021-12,11,11_STK_002,4,0.0
23,2021-12,11,11_STK_002,5,0.0
23,2021-12,11,11_STK_002,6,0.0
23,2021-12,11,11_STK_002,7,0.0
23,2021-12,11,11_STK_002,8,0.0
23,2021-12,11,11_STK_002,9,0.0
23,2021-12,11,11_STK_002,10,0.0
23,2021-12,11,11_STK_002,11,0.0
23,2021-12,11,11_STK_002,12,0.0
23,2021-12,11,11_STK_002,13,0.0
23,2021-12,11,11_STK_002,14,0.0
23,2021-12,12,12_STK_003,0,0.0
23,2021-12,12,12_STK_003,1,0.0
23,2021-12,12,12_STK_003,2,0.0
23,2021-12,12,12_STK_003,3,0.0
23,2021-12,12,12_STK_003,4,0.0
23,2021-12,12,12_STK_003,5,0.0
23,2021-12,12,12_STK_003,6,0.0
23,2021-12,12,12_STK_003,7,0.0
23,2021-12,12,12_STK_003,8,0.0
23,2021-12,12,12_STK_003,9,0.0
23,2021-12,12,12_STK_003,10,0.0
23,2021-12,12,12_STK_003,11,0.0
23,2021-12,12,12_STK_003,12,0.0
23,2021-12,12,12_STK_003,13,0.0
23,2021-12,12,12_STK_003,14,0.0
23,2021-12,13,13_STK_004,0,0.0
23,2021-12,13,13_STK_004,1,0.0
23,2021-12,13,13_STK_004,2,0.0
23,2021-12,13,13_STK_004,3,0.0
23,2021-12,13,13_STK_004,4,0.0
23,2021-12,13,13_STK_004,5,0.0
23,2021-12,13,13_STK_004,6,0.0
23,2021-12,13,13_STK_004,7,0.0
23,2021-12,13,13_STK_004,8,0.0
23,2021-12,13,13_STK_004,9,0.0
23,2021-12,13,13_STK_004,10,0.0
23,2021-12,13,13_STK_004,11,0.0
23,2021-12,13,13_STK_004,12,0.0
23,2021-12,13,13_STK_004,13,0.0
23,2021-12,13,13_STK_004,14,0.0
23,2021-12,14,14_STK_005,0,0.0
23,2021-12,14,14_STK_005,1,0.0
23,2021-12,14,14_STK_005,2,0.0
23,2021-12,14,14_STK_005,3,0.0
23,2021-12,14,14_STK_005,4,0.0
23,2021-12,14,14_STK_005,5,0.0
23,2021-12,14,14_STK_005,6,0.0
23,2021-12,14,14_STK_005,7,0.0
23,2021-12,14,14_STK_005,8,0.0
23,2021-12,14,14_STK_005,9,0.0
23,2021-12,14,14_STK_005,10,0.0
23,2021-12,14,14_STK_005,11,0.0
23,2021-12,14,14_STK_005,12,0.0
23,2021-12,14,14_STK_005,13,0.0
23,2021-12,14,14_STK_005,14,0.0
