t_idx,time_label,src_idx,src_label,tgt_idx,tgt_label,coherence,phase_shift
12,2020-W13,0,USR_001,0,USR_001,1.0,0.0
13,2020-W14,0,USR_001,0,USR_001,1.0,-0.0
14,2020-W15,0,USR_001,0,USR_001,1.0,0.0
15,2020-W16,0,USR_001,0,USR_001,1.0,-0.0
16,2020-W17,0,USR_001,0,USR_001,1.0,-0.0
17,2020-W18,0,USR_001,0,USR_001,1.0,0.0
18,2020-W19,0,USR_001,0,USR_001,1.0,-0.0
19,2020-W20,0,USR_001,0,USR_001,1.0,0.0
20,2020-W21,0,USR_001,0,USR_001,1.0,0.0
21,2020-W22,0,USR_001,0,USR_001,1.0,-0.0
22,2020-W23,0,USR_001,0,USR_001,1.0,-0.0
23,2020-W24,0,USR_001,0,USR_001,1.0,0.0
24,2020-W25,0,USR_001,0,USR_001,1.0,-0.0
25,2020-W26,0,USR_001,0,USR_001,1.0,0.0
26,2020-W27,0,USR_001,0,USR_001,1.0,-0.0
27,2020-W28,0,USR_001,0,USR_001,1.0,0.0
28,2020-W29,0,USR_001,0,USR_001,1.0,-0.0
29,2020-W30,0,USR_001,0,USR_001,1.0,-0.0
30,2020-W31,0,USR_001,0,USR_001,1.0,0.0
31,2020-W32,0,USR_001,0,USR_001,1.0,-0.0
32,2020-W33,0,USR_001,0,USR_001,1.0,0.0
33,2020-W34,0,USR_001,0,USR_001,1.0,-0.0
34,2020-W35,0,USR_001,0,USR_001,1.0,-0.0
35,2020-W36,0,USR_001,0,USR_001,1.0,0.0
36,2020-W37,0,USR_001,0,USR_001,1.0,-0.0
37,2020-W38,0,USR_001,0,USR_001,1.0,0.0
38,2020-W39,0,USR_001,0,USR_001,1.0,0.0
39,2020-W40,0,USR_001,0,USR_001,1.0,-0.0
40,2020-W41,0,USR_001,0,USR_001,1.0,-0.0
12,2020-W13,0,USR_001,1,USR_003,1.0,1.9043
13,2020-W14,0,USR_001,1,USR_003,1.0,-2.4049
14,2020-W15,0,USR_001,1,USR_003,1.0,-2.2586
15,2020-W16,0,USR_001,1,USR_003,1.0,-2.3207
16,2020-W17,0,USR_001,1,USR_003,1.0,-2.4639
17,2020-W18,0,USR_001,1,USR_003,1.0,-2.5761
18,2020-W19,0,USR_001,1,USR_003,1.0,-2.399
19,2020-W20,0,USR_001,1,USR_003,1.0,-2.0163
20,2020-W21,0,USR_001,1,USR_003,1.0,-1.8354
21,2020-W22,0,USR_001,1,USR_003,1.0,-1.6991
22,2020-W23,0,USR_001,1,USR_003,1.0,-0.4966
23,2020-W24,0,USR_001,1,USR_003,1.0,0.714
24,2020-W25,0,USR_001,1,USR_003,1.0,0.8533
25,2020-W26,0,USR_001,1,USR_003,1.0,0.9229
26,2020-W27,0,USR_001,1,USR_003,1.0,1.0053
27,2020-W28,0,USR_001,1,USR_003,1.0,-2.1585
28,2020-W29,0,USR_001,1,USR_003,1.0,-2.0217
29,2020-W30,0,USR_001,1,USR_003,1.0,-1.9193
30,2020-W31,0,USR_001,1,USR_003,1.0,-1.8083
31,2020-W32,0,USR_001,1,USR_003,1.0,-1.685
32,2020-W33,0,USR_001,1,USR_003,1.0,-1.5451
33,2020-W34,0,USR_001,1,USR_003,1.0,-1.3813
34,2020-W35,0,USR_001,1,USR_003,1.0,-1.1855
35,2020-W36,0,USR_001,1,USR_003,1.0,-0.9452
36,2020-W37,0,USR_001,1,USR_003,1.0,-0.632
37,2020-W38,0,USR_001,1,USR_003,1.0,-0.204
38,2020-W39,0,USR_001,1,USR_003,1.0,0.3409
39,2020-W40,0,USR_001,1,USR_003,1.0,0.9131
40,2020-W41,0,USR_001,1,USR_003,1.0,1.5221
12,2020-W13,0,USR_001,2,USR_004,1.0,2.8846
13,2020-W14,0,USR_001,2,USR_004,1.0,-1.403
14,2020-W15,0,USR_001,2,USR_004,1.0,-1.7544
15,2020-W16,0,USR_001,2,USR_004,1.0,-2.641
16,2020-W17,0,USR_001,2,USR_004,1.0,2.9769
17,2020-W18,0,USR_001,2,USR_004,1.0,2.4065
18,2020-W19,0,USR_001,2,USR_004,1.0,1.8562
19,2020-W20,0,USR_001,2,USR_004,1.0,1.3776
20,2020-W21,0,USR_001,2,USR_004,1.0,1.0961
21,2020-W22,0,USR_001,2,USR_004,1.0,1.156
22,2020-W23,0,USR_001,2,USR_004,1.0,2.5173
23,2020-W24,0,USR_001,2,USR_004,1.0,-2.2781
24,2020-W25,0,USR_001,2,USR_004,1.0,-1.8366
25,2020-W26,0,USR_001,2,USR_004,1.0,-1.5034
26,2020-W27,0,USR_001,2,USR_004,1.0,-1.2258
27,2020-W28,0,USR_001,2,USR_004,1.0,-0.9881
28,2020-W29,0,USR_001,2,USR_004,1.0,-0.7779
29,2020-W30,0,USR_001,2,USR_004,1.0,-0.583
30,2020-W31,0,USR_001,2,USR_004,1.0,-0.3929
31,2020-W32,0,USR_001,2,USR_004,1.0,-0.199
32,2020-W33,0,USR_001,2,USR_004,1.0,0.0077
33,2020-W34,0,USR_001,2,USR_004,1.0,0.2448
34,2020-W35,0,USR_001,2,USR_004,1.0,0.5665
35,2020-W36,0,USR_001,2,USR_004,1.0,1.2334
36,2020-W37,0,USR_001,2,USR_004,1.0,2.514
37,2020-W38,0,USR_001,2,USR_004,1.0,3.1005
38,2020-W39,0,USR_001,2,USR_004,1.0,-2.9305
39,2020-W40,0,USR_001,2,USR_004,1.0,-2.7261
40,2020-W41,0,USR_001,2,USR_004,1.0,-2.3876
12,2020-W13,0,USR_001,3,USR_005,1.0,1.64
13,2020-W14,0,USR_001,3,USR_005,1.0,-2.4234
14,2020-W15,0,USR_001,3,USR_005,1.0,-2.0238
15,2020-W16,0,USR_001,3,USR_005,1.0,-1.896
16,2020-W17,0,USR_001,3,USR_005,1.0,-1.9771
17,2020-W18,0,USR_001,3,USR_005,1.0,-2.2591
18,2020-W19,0,USR_001,3,USR_005,1.0,-2.6694
19,2020-W20,0,USR_001,3,USR_005,1.0,-3.1229
20,2020-W21,0,USR_001,3,USR_005,1.0,2.7852
21,2020-W22,0,USR_001,3,USR_005,1.0,2.6565
22,2020-W23,0,USR_001,3,USR_005,1.0,-2.5172
23,2020-W24,0,USR_001,3,USR_005,1.0,-1.316
24,2020-W25,0,USR_001,3,USR_005,1.0,-1.1585
25,2020-W26,0,USR_001,3,USR_005,1.0,-1.0735
26,2020-W27,0,USR_001,3,USR_005,1.0,-0.9966
27,2020-W28,0,USR_001,3,USR_005,1.0,-0.9195
28,2020-W29,0,USR_001,3,USR_005,1.0,-0.8492
29,2020-W30,0,USR_001,3,USR_005,1.0,-0.8102
30,2020-W31,0,USR_001,3,USR_005,1.0,-0.9191
31,2020-W32,0,USR_001,3,USR_005,1.0,-1.89
32,2020-W33,0,USR_001,3,USR_005,1.0,-2.686
33,2020-W34,0,USR_001,3,USR_005,1.0,-2.7189
34,2020-W35,0,USR_001,3,USR_005,1.0,-2.6054
35,2020-W36,0,USR_001,3,USR_005,1.0,-2.4522
36,2020-W37,0,USR_001,3,USR_005,1.0,-2.2917
37,2020-W38,0,USR_001,3,USR_005,1.0,-2.1367
38,2020-W39,0,USR_001,3,USR_005,1.0,-1.991
39,2020-W40,0,USR_001,3,USR_005,1.0,-1.8306
40,2020-W41,0,USR_001,3,USR_005,1.0,-1.5482
12,2020-W13,0,USR_001,4,USR_007,1.0,1.878
13,2020-W14,0,USR_001,4,USR_007,1.0,-2.3204
14,2020-W15,0,USR_001,4,USR_007,1.0,-2.1473
15,2020-W16,0,USR_001,4,USR_007,1.0,-2.2849
16,2020-W17,0,USR_001,4,USR_007,1.0,-2.6646
17,2020-W18,0,USR_001,4,USR_007,1.0,2.9811
18,2020-W19,0,USR_001,4,USR_007,1.0,2.2587
19,2020-W20,0,USR_001,4,USR_007,1.0,1.7661
20,2020-W21,0,USR_001,4,USR_007,1.0,1.5737
21,2020-W22,0,USR_001,4,USR_007,1.0,1.6548
22,2020-W23,0,USR_001,4,USR_007,1.0,2.9343
23,2020-W24,0,USR_001,4,USR_007,1.0,-2.0118
24,2020-W25,0,USR_001,4,USR_007,1.0,-1.7408
25,2020-W26,0,USR_001,4,USR_007,1.0,-1.5645
26,2020-W27,0,USR_001,4,USR_007,1.0,-1.4276
27,2020-W28,0,USR_001,4,USR_007,1.0,-1.3307
28,2020-W29,0,USR_001,4,USR_007,1.0,-1.2873
29,2020-W30,0,USR_001,4,USR_007,1.0,-1.3147
30,2020-W31,0,USR_001,4,USR_007,1.0,-1.4227
31,2020-W32,0,USR_001,4,USR_007,1.0,-1.5859
32,2020-W33,0,USR_001,4,USR_007,1.0,-1.7361
33,2020-W34,0,USR_001,4,USR_007,1.0,-1.8207
34,2020-W35,0,USR_001,4,USR_007,1.0,-1.8386
35,2020-W36,0,USR_001,4,USR_007,1.0,-1.81
36,2020-W37,0,USR_001,4,USR_007,1.0,-1.7435
37,2020-W38,0,USR_001,4,USR_007,1.0,-1.6197
38,2020-W39,0,USR_001,4,USR_007,1.0,-1.3816
39,2020-W40,0,USR_001,4,USR_007,1.0,-0.9207
40,2020-W41,0,USR_001,4,USR_007,1.0,-0.1523
12,2020-W13,0,USR_001,5,USR_008,1.0,1.1895
13,2020-W14,0,USR_001,5,USR_008,1.0,-3.1192
14,2020-W15,0,USR_001,5,USR_008,1.0,-2.9618
15,2020-W16,0,USR_001,5,USR_008,1.0,-3.0158
16,2020-W17,0,USR_001,5,USR_008,1.0,3.1002
17,2020-W18,0,USR_001,5,USR_008,1.0,2.8521
18,2020-W19,0,USR_001,5,USR_008,1.0,2.6237
19,2020-W20,0,USR_001,5,USR_008,1.0,2.5005
20,2020-W21,0,USR_001,5,USR_008,1.0,2.4974
21,2020-W22,0,USR_001,5,USR_008,1.0,2.6494
22,2020-W23,0,USR_001,5,USR_008,1.0,-2.3522
23,2020-W24,0,USR_001,5,USR_008,1.0,-1.0533
24,2020-W25,0,USR_001,5,USR_008,1.0,-0.842
25,2020-W26,0,USR_001,5,USR_008,1.0,-0.7283
26,2020-W27,0,USR_001,5,USR_008,1.0,-0.6357
27,2020-W28,0,USR_001,5,USR_008,1.0,-0.5412
28,2020-W29,0,USR_001,5,USR_008,1.0,-0.4317
29,2020-W30,0,USR_001,5,USR_008,1.0,-0.2998
30,2020-W31,0,USR_001,5,USR_008,1.0,-0.1424
31,2020-W32,0,USR_001,5,USR_008,1.0,0.041
32,2020-W33,0,USR_001,5,USR_008,1.0,0.2487
33,2020-W34,0,USR_001,5,USR_008,1.0,0.4749
34,2020-W35,0,USR_001,5,USR_008,1.0,0.7095
35,2020-W36,0,USR_001,5,USR_008,1.0,0.9381
36,2020-W37,0,USR_001,5,USR_008,1.0,1.1411
37,2020-W38,0,USR_001,5,USR_008,1.0,1.2971
38,2020-W39,0,USR_001,5,USR_008,1.0,1.3928
39,2020-W40,0,USR_001,5,USR_008,1.0,1.4484
40,2020-W41,0,USR_001,5,USR_008,1.0,1.5869
12,2020-W13,0,USR_001,6,USR_009,1.0,2.4439
13,2020-W14,0,USR_001,6,USR_009,1.0,-1.6667
14,2020-W15,0,USR_001,6,USR_009,1.0,-1.4022
15,2020-W16,0,USR_001,6,USR_009,1.0,-1.4302
16,2020-W17,0,USR_001,6,USR_009,1.0,-1.6673
17,2020-W18,0,USR_001,6,USR_009,1.0,-2.1464
18,2020-W19,0,USR_001,6,USR_009,1.0,-2.8492
19,2020-W20,0,USR_001,6,USR_009,1.0,2.8163
20,2020-W21,0,USR_001,6,USR_009,1.0,2.5815
21,2020-W22,0,USR_001,6,USR_009,1.0,2.689
22,2020-W23,0,USR_001,6,USR_009,1.0,-2.2669
23,2020-W24,0,USR_001,6,USR_009,1.0,-0.8812
24,2020-W25,0,USR_001,6,USR_009,1.0,-0.5731
25,2020-W26,0,USR_001,6,USR_009,1.0,-0.3841
26,2020-W27,0,USR_001,6,USR_009,1.0,-0.2853
27,2020-W28,0,USR_001,6,USR_009,1.0,-0.3547
28,2020-W29,0,USR_001,6,USR_009,1.0,-0.7182
29,2020-W30,0,USR_001,6,USR_009,1.0,-1.1259
30,2020-W31,0,USR_001,6,USR_009,1.0,-1.2649
31,2020-W32,0,USR_001,6,USR_009,1.0,-1.2453
32,2020-W33,0,USR_001,6,USR_009,1.0,-1.1597
33,2020-W34,0,USR_001,6,USR_009,1.0,-1.0422
34,2020-W35,0,USR_001,6,USR_009,1.0,-0.9103
35,2020-W36,0,USR_001,6,USR_009,1.0,-0.7763
36,2020-W37,0,USR_001,6,USR_009,1.0,-0.6468
37,2020-W38,0,USR_001,6,USR_009,1.0,-0.5223
38,2020-W39,0,USR_001,6,USR_009,1.0,-0.3899
39,2020-W40,0,USR_001,6,USR_009,1.0,-0.2054
40,2020-W41,0,USR_001,6,USR_009,1.0,0.1607
12,2020-W13,0,USR_001,7,USR_002,1.0,1.9211
13,2020-W14,0,USR_001,7,USR_002,1.0,-2.28
14,2020-W15,0,USR_001,7,USR_002,1.0,-2.029
15,2020-W16,0,USR_001,7,USR_002,1.0,-2.0339
16,2020-W17,0,USR_001,7,USR_002,1.0,-2.2255
17,2020-W18,0,USR_001,7,USR_002,1.0,-2.6095
18,2020-W19,0,USR_001,7,USR_002,1.0,-3.1126
19,2020-W20,0,USR_001,7,USR_002,1.0,2.7017
20,2020-W21,0,USR_001,7,USR_002,1.0,2.4294
21,2020-W22,0,USR_001,7,USR_002,1.0,2.4366
22,2020-W23,0,USR_001,7,USR_002,1.0,-2.62
23,2020-W24,0,USR_001,7,USR_002,1.0,-1.3209
24,2020-W25,0,USR_001,7,USR_002,1.0,-1.0754
25,2020-W26,0,USR_001,7,USR_002,1.0,-0.9087
26,2020-W27,0,USR_001,7,USR_002,1.0,-0.7586
27,2020-W28,0,USR_001,7,USR_002,1.0,-0.6156
28,2020-W29,0,USR_001,7,USR_002,1.0,-0.4768
29,2020-W30,0,USR_001,7,USR_002,1.0,-0.3397
30,2020-W31,0,USR_001,7,USR_002,1.0,-0.2019
31,2020-W32,0,USR_001,7,USR_002,1.0,-0.0643
32,2020-W33,0,USR_001,7,USR_002,1.0,0.0677
33,2020-W34,0,USR_001,7,USR_002,1.0,0.1842
34,2020-W35,0,USR_001,7,USR_002,1.0,0.2728
35,2020-W36,0,USR_001,7,USR_002,1.0,0.3298
36,2020-W37,0,USR_001,7,USR_002,1.0,0.3682
37,2020-W38,0,USR_001,7,USR_002,1.0,0.4069
38,2020-W39,0,USR_001,7,USR_002,1.0,0.4623
39,2020-W40,0,USR_001,7,USR_002,1.0,0.5646
40,2020-W41,0,USR_001,7,USR_002,1.0,0.8188
12,2020-W13,0,USR_001,8,USR_010,1.0,-2.8907
13,2020-W14,0,USR_001,8,USR_010,1.0,-1.1409
14,2020-W15,0,USR_001,8,USR_010,1.0,-1.2151
15,2020-W16,0,USR_001,8,USR_010,1.0,-1.6223
16,2020-W17,0,USR_001,8,USR_010,1.0,-2.4493
17,2020-W18,0,USR_001,8,USR_010,1.0,2.898
18,2020-W19,0,USR_001,8,USR_010,1.0,2.3459
19,2020-W20,0,USR_001,8,USR_010,1.0,2.109
20,2020-W21,0,USR_001,8,USR_010,1.0,2.0932
21,2020-W22,0,USR_001,8,USR_010,1.0,2.289
22,2020-W23,0,USR_001,8,USR_010,1.0,-2.6367
23,2020-W24,0,USR_001,8,USR_010,1.0,-1.2452
24,2020-W25,0,USR_001,8,USR_010,1.0,-0.9359
25,2020-W26,0,USR_001,8,USR_010,1.0,-0.7312
26,2020-W27,0,USR_001,8,USR_010,1.0,-0.5705
27,2020-W28,0,USR_001,8,USR_010,1.0,-0.4529
28,2020-W29,0,USR_001,8,USR_010,1.0,-0.3922
29,2020-W30,0,USR_001,8,USR_010,1.0,-0.4187
30,2020-W31,0,USR_001,8,USR_010,1.0,-0.607
31,2020-W32,0,USR_001,8,USR_010,1.0,-1.0685
32,2020-W33,0,USR_001,8,USR_010,1.0,-1.5833
33,2020-W34,0,USR_001,8,USR_010,1.0,-1.8195
34,2020-W35,0,USR_001,8,USR_010,1.0,-1.8577
35,2020-W36,0,USR_001,8,USR_010,1.0,-1.7947
36,2020-W37,0,USR_001,8,USR_010,1.0,-1.6669
37,2020-W38,0,USR_001,8,USR_010,1.0,-1.4799
38,2020-W39,0,USR_001,8,USR_010,1.0,-1.2279
39,2020-W40,0,USR_001,8,USR_010,1.0,-0.8893
40,2020-W41,0,USR_001,8,USR_010,1.0,-0.3873
12,2020-W13,0,USR_001,9,USR_006,1.0,0.5509
13,2020-W14,0,USR_001,9,USR_006,1.0,-2.388
14,2020-W15,0,USR_001,9,USR_006,1.0,-1.3212
15,2020-W16,0,USR_001,9,USR_006,1.0,-1.4573
16,2020-W17,0,USR_001,9,USR_006,1.0,-1.8603
17,2020-W18,0,USR_001,9,USR_006,1.0,-2.3787
18,2020-W19,0,USR_001,9,USR_006,1.0,-2.8553
19,2020-W20,0,USR_001,9,USR_006,1.0,3.0886
20,2020-W21,0,USR_001,9,USR_006,1.0,2.8905
21,2020-W22,0,USR_001,9,USR_006,1.0,2.851
22,2020-W23,0,USR_001,9,USR_006,1.0,-2.3486
23,2020-W24,0,USR_001,9,USR_006,1.0,-1.2433
24,2020-W25,0,USR_001,9,USR_006,1.0,-1.1861
25,2020-W26,0,USR_001,9,USR_006,1.0,-1.1572
26,2020-W27,0,USR_001,9,USR_006,1.0,-1.0815
27,2020-W28,0,USR_001,9,USR_006,1.0,-0.962
28,2020-W29,0,USR_001,9,USR_006,1.0,-0.814
29,2020-W30,0,USR_001,9,USR_006,1.0,-0.6496
30,2020-W31,0,USR_001,9,USR_006,1.0,-0.4752
31,2020-W32,0,USR_001,9,USR_006,1.0,-0.295
32,2020-W33,0,USR_001,9,USR_006,1.0,-0.1105
33,2020-W34,0,USR_001,9,USR_006,1.0,0.0768
34,2020-W35,0,USR_001,9,USR_006,1.0,0.2666
35,2020-W36,0,USR_001,9,USR_006,1.0,0.4689
36,2020-W37,0,USR_001,9,USR_006,1.0,0.7288
37,2020-W38,0,USR_001,9,USR_006,1.0,1.2157
38,2020-W39,0,USR_001,9,USR_006,1.0,2.098
39,2020-W40,0,USR_001,9,USR_006,1.0,2.6682
40,2020-W41,0,USR_001,9,USR_006,1.0,3.0476
12,2020-W13,1,USR_003,0,USR_001,1.0,-1.9043
13,2020-W14,1,USR_003,0,USR_001,1.0,2.4049
14,2020-W15,1,USR_003,0,USR_001,1.0,2.2586
15,2020-W16,1,USR_003,0,USR_001,1.0,2.3207
16,2020-W17,1,USR_003,0,USR_001,1.0,2.4639
17,2020-W18,1,USR_003,0,USR_001,1.0,2.5761
18,2020-W19,1,USR_003,0,USR_001,1.0,2.399
19,2020-W20,1,USR_003,0,USR_001,1.0,2.0163
20,2020-W21,1,USR_003,0,USR_001,1.0,1.8354
21,2020-W22,1,USR_003,0,USR_001,1.0,1.6991
22,2020-W23,1,USR_003,0,USR_001,1.0,0.4966
23,2020-W24,1,USR_003,0,USR_001,1.0,-0.714
24,2020-W25,1,USR_003,0,USR_001,1.0,-0.8533
25,2020-W26,1,USR_003,0,USR_001,1.0,-0.9229
26,2020-W27,1,USR_003,0,USR_001,1.0,-1.0053
27,2020-W28,1,USR_003,0,USR_001,1.0,2.1585
28,2020-W29,1,USR_003,0,USR_001,1.0,2.0217
29,2020-W30,1,USR_003,0,USR_001,1.0,1.9193
30,2020-W31,1,USR_003,0,USR_001,1.0,1.8083
31,2020-W32,1,USR_003,0,USR_001,1.0,1.685
32,2020-W33,1,USR_003,0,USR_001,1.0,1.5451
33,2020-W34,1,USR_003,0,USR_001,1.0,1.3813
34,2020-W35,1,USR_003,0,USR_001,1.0,1.1855
35,2020-W36,1,USR_003,0,USR_001,1.0,0.9452
36,2020-W37,1,USR_003,0,USR_001,1.0,0.632
37,2020-W38,1,USR_003,0,USR_001,1.0,0.204
38,2020-W39,1,USR_003,0,USR_001,1.0,-0.3409
39,2020-W40,1,USR_003,0,USR_001,1.0,-0.9131
40,2020-W41,1,USR_003,0,USR_001,1.0,-1.5221
12,2020-W13,1,USR_003,1,USR_003,1.0,0.0
13,2020-W14,1,USR_003,1,USR_003,1.0,0.0
14,2020-W15,1,USR_003,1,USR_003,1.0,0.0
15,2020-W16,1,USR_003,1,USR_003,1.0,0.0
16,2020-W17,1,USR_003,1,USR_003,1.0,-0.0
17,2020-W18,1,USR_003,1,USR_003,1.0,-0.0
18,2020-W19,1,USR_003,1,USR_003,1.0,0.0
19,2020-W20,1,USR_003,1,USR_003,1.0,-0.0
20,2020-W21,1,USR_003,1,USR_003,1.0,0.0
21,2020-W22,1,USR_003,1,USR_003,1.0,-0.0
22,2020-W23,1,USR_003,1,USR_003,1.0,0.0
23,2020-W24,1,USR_003,1,USR_003,1.0,0.0
24,2020-W25,1,USR_003,1,USR_003,1.0,0.0
25,2020-W26,1,USR_003,1,USR_003,1.0,-0.0
26,2020-W27,1,USR_003,1,USR_003,1.0,-0.0
27,2020-W28,1,USR_003,1,USR_003,1.0,-0.0
28,2020-W29,1,USR_003,1,USR_003,1.0,0.0
29,2020-W30,1,USR_003,1,USR_003,1.0,0.0
30,2020-W31,1,USR_003,1,USR_003,1.0,-0.0
31,2020-W32,1,USR_003,1,USR_003,1.0,0.0
32,2020-W33,1,USR_003,1,USR_003,1.0,-0.0
33,2020-W34,1,USR_003,1,USR_003,1.0,-0.0
34,2020-W35,1,USR_003,1,USR_003,1.0,-0.0
35,2020-W36,1,USR_003,1,USR_003,1.0,-0.0
36,2020-W37,1,USR_003,1,USR_003,1.0,0.0
37,2020-W38,1,USR_003,1,USR_003,1.0,0.0
38,2020-W39,1,USR_003,1,USR_003,1.0,0.0
39,2020-W40,1,USR_003,1,USR_003,1.0,0.0
40,2020-W41,1,USR_003,1,USR_003,1.0,0.0
12,2020-W13,1,USR_003,2,USR_004,1.0,0.9804
13,2020-W14,1,USR_003,2,USR_004,1.0,1.0019
14,2020-W15,1,USR_003,2,USR_004,1.0,0.5042
15,2020-W16,1,USR_003,2,USR_004,1.0,-0.3203
16,2020-W17,1,USR_003,2,USR_004,1.0,-0.8424
17,2020-W18,1,USR_003,2,USR_004,1.0,-1.3005
18,2020-W19,1,USR_003,2,USR_004,1.0,-2.028
19,2020-W20,1,USR_003,2,USR_004,1.0,-2.8893
20,2020-W21,1,USR_003,2,USR_004,1.0,2.9315
21,2020-W22,1,USR_003,2,USR_004,1.0,2.8551
22,2020-W23,1,USR_003,2,USR_004,1.0,3.014
23,2020-W24,1,USR_003,2,USR_004,1.0,-2.9921
24,2020-W25,1,USR_003,2,USR_004,1.0,-2.69
25,2020-W26,1,USR_003,2,USR_004,1.0,-2.4263
26,2020-W27,1,USR_003,2,USR_004,1.0,-2.2311
27,2020-W28,1,USR_003,2,USR_004,1.0,1.1704
28,2020-W29,1,USR_003,2,USR_004,1.0,1.2439
29,2020-W30,1,USR_003,2,USR_004,1.0,1.3363
30,2020-W31,1,USR_003,2,USR_004,1.0,1.4154
31,2020-W32,1,USR_003,2,USR_004,1.0,1.486
32,2020-W33,1,USR_003,2,USR_004,1.0,1.5528
33,2020-W34,1,USR_003,2,USR_004,1.0,1.6261
34,2020-W35,1,USR_003,2,USR_004,1.0,1.752
35,2020-W36,1,USR_003,2,USR_004,1.0,2.1786
36,2020-W37,1,USR_003,2,USR_004,1.0,-3.1371
37,2020-W38,1,USR_003,2,USR_004,1.0,-2.9787
38,2020-W39,1,USR_003,2,USR_004,1.0,3.0117
39,2020-W40,1,USR_003,2,USR_004,1.0,2.644
40,2020-W41,1,USR_003,2,USR_004,1.0,2.3735
12,2020-W13,1,USR_003,3,USR_005,1.0,-0.2643
13,2020-W14,1,USR_003,3,USR_005,1.0,-0.0185
14,2020-W15,1,USR_003,3,USR_005,1.0,0.2348
15,2020-W16,1,USR_003,3,USR_005,1.0,0.4247
16,2020-W17,1,USR_003,3,USR_005,1.0,0.4868
17,2020-W18,1,USR_003,3,USR_005,1.0,0.317
18,2020-W19,1,USR_003,3,USR_005,1.0,-0.2704
19,2020-W20,1,USR_003,3,USR_005,1.0,-1.1066
20,2020-W21,1,USR_003,3,USR_005,1.0,-1.6626
21,2020-W22,1,USR_003,3,USR_005,1.0,-1.9276
22,2020-W23,1,USR_003,3,USR_005,1.0,-2.0206
23,2020-W24,1,USR_003,3,USR_005,1.0,-2.03
24,2020-W25,1,USR_003,3,USR_005,1.0,-2.0118
25,2020-W26,1,USR_003,3,USR_005,1.0,-1.9964
26,2020-W27,1,USR_003,3,USR_005,1.0,-2.0019
27,2020-W28,1,USR_003,3,USR_005,1.0,1.239
28,2020-W29,1,USR_003,3,USR_005,1.0,1.1725
29,2020-W30,1,USR_003,3,USR_005,1.0,1.1091
30,2020-W31,1,USR_003,3,USR_005,1.0,0.8891
31,2020-W32,1,USR_003,3,USR_005,1.0,-0.2051
32,2020-W33,1,USR_003,3,USR_005,1.0,-1.1409
33,2020-W34,1,USR_003,3,USR_005,1.0,-1.3376
34,2020-W35,1,USR_003,3,USR_005,1.0,-1.42
35,2020-W36,1,USR_003,3,USR_005,1.0,-1.5071
36,2020-W37,1,USR_003,3,USR_005,1.0,-1.6597
37,2020-W38,1,USR_003,3,USR_005,1.0,-1.9327
38,2020-W39,1,USR_003,3,USR_005,1.0,-2.3319
39,2020-W40,1,USR_003,3,USR_005,1.0,-2.7437
40,2020-W41,1,USR_003,3,USR_005,1.0,-3.0703
12,2020-W13,1,USR_003,4,USR_007,1.0,-0.0263
13,2020-W14,1,USR_003,4,USR_007,1.0,0.0844
14,2020-W15,1,USR_003,4,USR_007,1.0,0.1113
15,2020-W16,1,USR_003,4,USR_007,1.0,0.0357
16,2020-W17,1,USR_003,4,USR_007,1.0,-0.2007
17,2020-W18,1,USR_003,4,USR_007,1.0,-0.726
18,2020-W19,1,USR_003,4,USR_007,1.0,-1.6255
19,2020-W20,1,USR_003,4,USR_007,1.0,-2.5008
20,2020-W21,1,USR_003,4,USR_007,1.0,-2.8741
21,2020-W22,1,USR_003,4,USR_007,1.0,-2.9293
22,2020-W23,1,USR_003,4,USR_007,1.0,-2.8523
23,2020-W24,1,USR_003,4,USR_007,1.0,-2.7258
24,2020-W25,1,USR_003,4,USR_007,1.0,-2.5941
25,2020-W26,1,USR_003,4,USR_007,1.0,-2.4874
26,2020-W27,1,USR_003,4,USR_007,1.0,-2.4329
27,2020-W28,1,USR_003,4,USR_007,1.0,0.8277
28,2020-W29,1,USR_003,4,USR_007,1.0,0.7345
29,2020-W30,1,USR_003,4,USR_007,1.0,0.6046
30,2020-W31,1,USR_003,4,USR_007,1.0,0.3856
31,2020-W32,1,USR_003,4,USR_007,1.0,0.0991
32,2020-W33,1,USR_003,4,USR_007,1.0,-0.1911
33,2020-W34,1,USR_003,4,USR_007,1.0,-0.4394
34,2020-W35,1,USR_003,4,USR_007,1.0,-0.6531
35,2020-W36,1,USR_003,4,USR_007,1.0,-0.8648
36,2020-W37,1,USR_003,4,USR_007,1.0,-1.1115
37,2020-W38,1,USR_003,4,USR_007,1.0,-1.4157
38,2020-W39,1,USR_003,4,USR_007,1.0,-1.7226
39,2020-W40,1,USR_003,4,USR_007,1.0,-1.8338
40,2020-W41,1,USR_003,4,USR_007,1.0,-1.6745
12,2020-W13,1,USR_003,5,USR_008,1.0,-0.7148
13,2020-W14,1,USR_003,5,USR_008,1.0,-0.7143
14,2020-W15,1,USR_003,5,USR_008,1.0,-0.7031
15,2020-W16,1,USR_003,5,USR_008,1.0,-0.6951
16,2020-W17,1,USR_003,5,USR_008,1.0,-0.7191
17,2020-W18,1,USR_003,5,USR_008,1.0,-0.855
18,2020-W19,1,USR_003,5,USR_008,1.0,-1.2605
19,2020-W20,1,USR_003,5,USR_008,1.0,-1.7664
20,2020-W21,1,USR_003,5,USR_008,1.0,-1.9504
21,2020-W22,1,USR_003,5,USR_008,1.0,-1.9347
22,2020-W23,1,USR_003,5,USR_008,1.0,-1.8556
23,2020-W24,1,USR_003,5,USR_008,1.0,-1.7673
24,2020-W25,1,USR_003,5,USR_008,1.0,-1.6953
25,2020-W26,1,USR_003,5,USR_008,1.0,-1.6512
26,2020-W27,1,USR_003,5,USR_008,1.0,-1.641
27,2020-W28,1,USR_003,5,USR_008,1.0,1.6173
28,2020-W29,1,USR_003,5,USR_008,1.0,1.59
29,2020-W30,1,USR_003,5,USR_008,1.0,1.6195
30,2020-W31,1,USR_003,5,USR_008,1.0,1.6659
31,2020-W32,1,USR_003,5,USR_008,1.0,1.726
32,2020-W33,1,USR_003,5,USR_008,1.0,1.7938
33,2020-W34,1,USR_003,5,USR_008,1.0,1.8562
34,2020-W35,1,USR_003,5,USR_008,1.0,1.895
35,2020-W36,1,USR_003,5,USR_008,1.0,1.8833
36,2020-W37,1,USR_003,5,USR_008,1.0,1.7732
37,2020-W38,1,USR_003,5,USR_008,1.0,1.5011
38,2020-W39,1,USR_003,5,USR_008,1.0,1.0519
39,2020-W40,1,USR_003,5,USR_008,1.0,0.5353
40,2020-W41,1,USR_003,5,USR_008,1.0,0.0648
12,2020-W13,1,USR_003,6,USR_009,1.0,0.5397
13,2020-W14,1,USR_003,6,USR_009,1.0,0.7382
14,2020-W15,1,USR_003,6,USR_009,1.0,0.8564
15,2020-W16,1,USR_003,6,USR_009,1.0,0.8905
16,2020-W17,1,USR_003,6,USR_009,1.0,0.7965
17,2020-W18,1,USR_003,6,USR_009,1.0,0.4297
18,2020-W19,1,USR_003,6,USR_009,1.0,-0.4502
19,2020-W20,1,USR_003,6,USR_009,1.0,-1.4506
20,2020-W21,1,USR_003,6,USR_009,1.0,-1.8663
21,2020-W22,1,USR_003,6,USR_009,1.0,-1.8951
22,2020-W23,1,USR_003,6,USR_009,1.0,-1.7702
23,2020-W24,1,USR_003,6,USR_009,1.0,-1.5951
24,2020-W25,1,USR_003,6,USR_009,1.0,-1.4264
25,2020-W26,1,USR_003,6,USR_009,1.0,-1.3069
26,2020-W27,1,USR_003,6,USR_009,1.0,-1.2906
27,2020-W28,1,USR_003,6,USR_009,1.0,1.8038
28,2020-W29,1,USR_003,6,USR_009,1.0,1.3035
29,2020-W30,1,USR_003,6,USR_009,1.0,0.7935
30,2020-W31,1,USR_003,6,USR_009,1.0,0.5433
31,2020-W32,1,USR_003,6,USR_009,1.0,0.4397
32,2020-W33,1,USR_003,6,USR_009,1.0,0.3854
33,2020-W34,1,USR_003,6,USR_009,1.0,0.3391
34,2020-W35,1,USR_003,6,USR_009,1.0,0.2751
35,2020-W36,1,USR_003,6,USR_009,1.0,0.1689
36,2020-W37,1,USR_003,6,USR_009,1.0,-0.0148
37,2020-W38,1,USR_003,6,USR_009,1.0,-0.3183
38,2020-W39,1,USR_003,6,USR_009,1.0,-0.7308
39,2020-W40,1,USR_003,6,USR_009,1.0,-1.1185
40,2020-W41,1,USR_003,6,USR_009,1.0,-1.3614
12,2020-W13,1,USR_003,7,USR_002,1.0,0.0169
13,2020-W14,1,USR_003,7,USR_002,1.0,0.1249
14,2020-W15,1,USR_003,7,USR_002,1.0,0.2296
15,2020-W16,1,USR_003,7,USR_002,1.0,0.2868
16,2020-W17,1,USR_003,7,USR_002,1.0,0.2383
17,2020-W18,1,USR_003,7,USR_002,1.0,-0.0334
18,2020-W19,1,USR_003,7,USR_002,1.0,-0.7136
19,2020-W20,1,USR_003,7,USR_002,1.0,-1.5652
20,2020-W21,1,USR_003,7,USR_002,1.0,-2.0184
21,2020-W22,1,USR_003,7,USR_002,1.0,-2.1475
22,2020-W23,1,USR_003,7,USR_002,1.0,-2.1234
23,2020-W24,1,USR_003,7,USR_002,1.0,-2.0349
24,2020-W25,1,USR_003,7,USR_002,1.0,-1.9287
25,2020-W26,1,USR_003,7,USR_002,1.0,-1.8316
26,2020-W27,1,USR_003,7,USR_002,1.0,-1.7639
27,2020-W28,1,USR_003,7,USR_002,1.0,1.5429
28,2020-W29,1,USR_003,7,USR_002,1.0,1.5449
29,2020-W30,1,USR_003,7,USR_002,1.0,1.5796
30,2020-W31,1,USR_003,7,USR_002,1.0,1.6064
31,2020-W32,1,USR_003,7,USR_002,1.0,1.6207
32,2020-W33,1,USR_003,7,USR_002,1.0,1.6128
33,2020-W34,1,USR_003,7,USR_002,1.0,1.5655
34,2020-W35,1,USR_003,7,USR_002,1.0,1.4583
35,2020-W36,1,USR_003,7,USR_002,1.0,1.275
36,2020-W37,1,USR_003,7,USR_002,1.0,1.0002
37,2020-W38,1,USR_003,7,USR_002,1.0,0.6109
38,2020-W39,1,USR_003,7,USR_002,1.0,0.1213
39,2020-W40,1,USR_003,7,USR_002,1.0,-0.3485
40,2020-W41,1,USR_003,7,USR_002,1.0,-0.7033
12,2020-W13,1,USR_003,8,USR_010,1.0,1.4882
13,2020-W14,1,USR_003,8,USR_010,1.0,1.2639
14,2020-W15,1,USR_003,8,USR_010,1.0,1.0436
15,2020-W16,1,USR_003,8,USR_010,1.0,0.6984
16,2020-W17,1,USR_003,8,USR_010,1.0,0.0146
17,2020-W18,1,USR_003,8,USR_010,1.0,-0.809
18,2020-W19,1,USR_003,8,USR_010,1.0,-1.5383
19,2020-W20,1,USR_003,8,USR_010,1.0,-2.1579
20,2020-W21,1,USR_003,8,USR_010,1.0,-2.3546
21,2020-W22,1,USR_003,8,USR_010,1.0,-2.2951
22,2020-W23,1,USR_003,8,USR_010,1.0,-2.1401
23,2020-W24,1,USR_003,8,USR_010,1.0,-1.9591
24,2020-W25,1,USR_003,8,USR_010,1.0,-1.7892
25,2020-W26,1,USR_003,8,USR_010,1.0,-1.654
26,2020-W27,1,USR_003,8,USR_010,1.0,-1.5758
27,2020-W28,1,USR_003,8,USR_010,1.0,1.7056
28,2020-W29,1,USR_003,8,USR_010,1.0,1.6295
29,2020-W30,1,USR_003,8,USR_010,1.0,1.5006
30,2020-W31,1,USR_003,8,USR_010,1.0,1.2013
31,2020-W32,1,USR_003,8,USR_010,1.0,0.6165
32,2020-W33,1,USR_003,8,USR_010,1.0,-0.0382
33,2020-W34,1,USR_003,8,USR_010,1.0,-0.4383
34,2020-W35,1,USR_003,8,USR_010,1.0,-0.6722
35,2020-W36,1,USR_003,8,USR_010,1.0,-0.8495
36,2020-W37,1,USR_003,8,USR_010,1.0,-1.0348
37,2020-W38,1,USR_003,8,USR_010,1.0,-1.2759
38,2020-W39,1,USR_003,8,USR_010,1.0,-1.5688
39,2020-W40,1,USR_003,8,USR_010,1.0,-1.8023
40,2020-W41,1,USR_003,8,USR_010,1.0,-1.9094
12,2020-W13,1,USR_003,9,USR_006,1.0,-1.3534
13,2020-W14,1,USR_003,9,USR_006,1.0,0.0169
14,2020-W15,1,USR_003,9,USR_006,1.0,0.9374
15,2020-W16,1,USR_003,9,USR_006,1.0,0.8633
16,2020-W17,1,USR_003,9,USR_006,1.0,0.6035
17,2020-W18,1,USR_003,9,USR_006,1.0,0.1974
18,2020-W19,1,USR_003,9,USR_006,1.0,-0.4563
19,2020-W20,1,USR_003,9,USR_006,1.0,-1.1783
20,2020-W21,1,USR_003,9,USR_006,1.0,-1.5573
21,2020-W22,1,USR_003,9,USR_006,1.0,-1.7331
22,2020-W23,1,USR_003,9,USR_006,1.0,-1.852
23,2020-W24,1,USR_003,9,USR_006,1.0,-1.9573
24,2020-W25,1,USR_003,9,USR_006,1.0,-2.0394
25,2020-W26,1,USR_003,9,USR_006,1.0,-2.08
26,2020-W27,1,USR_003,9,USR_006,1.0,-2.0868
27,2020-W28,1,USR_003,9,USR_006,1.0,1.1965
28,2020-W29,1,USR_003,9,USR_006,1.0,1.2077
29,2020-W30,1,USR_003,9,USR_006,1.0,1.2698
30,2020-W31,1,USR_003,9,USR_006,1.0,1.3331
31,2020-W32,1,USR_003,9,USR_006,1.0,1.39
32,2020-W33,1,USR_003,9,USR_006,1.0,1.4346
33,2020-W34,1,USR_003,9,USR_006,1.0,1.4581
34,2020-W35,1,USR_003,9,USR_006,1.0,1.4521
35,2020-W36,1,USR_003,9,USR_006,1.0,1.414
36,2020-W37,1,USR_003,9,USR_006,1.0,1.3609
37,2020-W38,1,USR_003,9,USR_006,1.0,1.4197
38,2020-W39,1,USR_003,9,USR_006,1.0,1.7571
39,2020-W40,1,USR_003,9,USR_006,1.0,1.7551
40,2020-W41,1,USR_003,9,USR_006,1.0,1.5255
12,2020-W13,2,USR_004,0,USR_001,1.0,-2.8846
13,2020-W14,2,USR_004,0,USR_001,1.0,1.403
14,2020-W15,2,USR_004,0,USR_001,1.0,1.7544
15,2020-W16,2,USR_004,0,USR_001,1.0,2.641
16,2020-W17,2,USR_004,0,USR_001,1.0,-2.9769
17,2020-W18,2,USR_004,0,USR_001,1.0,-2.4065
18,2020-W19,2,USR_004,0,USR_001,1.0,-1.8562
19,2020-W20,2,USR_004,0,USR_001,1.0,-1.3776
20,2020-W21,2,USR_004,0,USR_001,1.0,-1.0961
21,2020-W22,2,USR_004,0,USR_001,1.0,-1.156
22,2020-W23,2,USR_004,0,USR_001,1.0,-2.5173
23,2020-W24,2,USR_004,0,USR_001,1.0,2.2781
24,2020-W25,2,USR_004,0,USR_001,1.0,1.8366
25,2020-W26,2,USR_004,0,USR_001,1.0,1.5034
26,2020-W27,2,USR_004,0,USR_001,1.0,1.2258
27,2020-W28,2,USR_004,0,USR_001,1.0,0.9881
28,2020-W29,2,USR_004,0,USR_001,1.0,0.7779
29,2020-W30,2,USR_004,0,USR_001,1.0,0.583
30,2020-W31,2,USR_004,0,USR_001,1.0,0.3929
31,2020-W32,2,USR_004,0,USR_001,1.0,0.199
32,2020-W33,2,USR_004,0,USR_001,1.0,-0.0077
33,2020-W34,2,USR_004,0,USR_001,1.0,-0.2448
34,2020-W35,2,USR_004,0,USR_001,1.0,-0.5665
35,2020-W36,2,USR_004,0,USR_001,1.0,-1.2334
36,2020-W37,2,USR_004,0,USR_001,1.0,-2.514
37,2020-W38,2,USR_004,0,USR_001,1.0,-3.1005
38,2020-W39,2,USR_004,0,USR_001,1.0,2.9305
39,2020-W40,2,USR_004,0,USR_001,1.0,2.7261
40,2020-W41,2,USR_004,0,USR_001,1.0,2.3876
12,2020-W13,2,USR_004,1,USR_003,1.0,-0.9804
13,2020-W14,2,USR_004,1,USR_003,1.0,-1.0019
14,2020-W15,2,USR_004,1,USR_003,1.0,-0.5042
15,2020-W16,2,USR_004,1,USR_003,1.0,0.3203
16,2020-W17,2,USR_004,1,USR_003,1.0,0.8424
17,2020-W18,2,USR_004,1,USR_003,1.0,1.3005
18,2020-W19,2,USR_004,1,USR_003,1.0,2.028
19,2020-W20,2,USR_004,1,USR_003,1.0,2.8893
20,2020-W21,2,USR_004,1,USR_003,1.0,-2.9315
21,2020-W22,2,USR_004,1,USR_003,1.0,-2.8551
22,2020-W23,2,USR_004,1,USR_003,1.0,-3.014
23,2020-W24,2,USR_004,1,USR_003,1.0,2.9921
24,2020-W25,2,USR_004,1,USR_003,1.0,2.69
25,2020-W26,2,USR_004,1,USR_003,1.0,2.4263
26,2020-W27,2,USR_004,1,USR_003,1.0,2.2311
27,2020-W28,2,USR_004,1,USR_003,1.0,-1.1704
28,2020-W29,2,USR_004,1,USR_003,1.0,-1.2439
29,2020-W30,2,USR_004,1,USR_003,1.0,-1.3363
30,2020-W31,2,USR_004,1,USR_003,1.0,-1.4154
31,2020-W32,2,USR_004,1,USR_003,1.0,-1.486
32,2020-W33,2,USR_004,1,USR_003,1.0,-1.5528
33,2020-W34,2,USR_004,1,USR_003,1.0,-1.6261
34,2020-W35,2,USR_004,1,USR_003,1.0,-1.752
35,2020-W36,2,USR_004,1,USR_003,1.0,-2.1786
36,2020-W37,2,USR_004,1,USR_003,1.0,3.1371
37,2020-W38,2,USR_004,1,USR_003,1.0,2.9787
38,2020-W39,2,USR_004,1,USR_003,1.0,-3.0117
39,2020-W40,2,USR_004,1,USR_003,1.0,-2.644
40,2020-W41,2,USR_004,1,USR_003,1.0,-2.3735
12,2020-W13,2,USR_004,2,USR_004,1.0,-0.0
13,2020-W14,2,USR_004,2,USR_004,1.0,-0.0
14,2020-W15,2,USR_004,2,USR_004,1.0,-0.0
15,2020-W16,2,USR_004,2,USR_004,1.0,-0.0
16,2020-W17,2,USR_004,2,USR_004,1.0,0.0
17,2020-W18,2,USR_004,2,USR_004,1.0,0.0
18,2020-W19,2,USR_004,2,USR_004,1.0,-0.0
19,2020-W20,2,USR_004,2,USR_004,1.0,-0.0
20,2020-W21,2,USR_004,2,USR_004,1.0,0.0
21,2020-W22,2,USR_004,2,USR_004,1.0,-0.0
22,2020-W23,2,USR_004,2,USR_004,1.0,-0.0
23,2020-W24,2,USR_004,2,USR_004,1.0,0.0
24,2020-W25,2,USR_004,2,USR_004,1.0,0.0
25,2020-W26,2,USR_004,2,USR_004,1.0,-0.0
26,2020-W27,2,USR_004,2,USR_004,1.0,0.0
27,2020-W28,2,USR_004,2,USR_004,1.0,-0.0
28,2020-W29,2,USR_004,2,USR_004,1.0,-0.0
29,2020-W30,2,USR_004,2,USR_004,1.0,0.0
30,2020-W31,2,USR_004,2,USR_004,1.0,-0.0
31,2020-W32,2,USR_004,2,USR_004,1.0,-0.0
32,2020-W33,2,USR_004,2,USR_004,1.0,0.0
33,2020-W34,2,USR_004,2,USR_004,1.0,-0.0
34,2020-W35,2,USR_004,2,USR_004,1.0,-0.0
35,2020-W36,2,USR_004,2,USR_004,1.0,-0.0
36,2020-W37,2,USR_004,2,USR_004,1.0,-0.0
37,2020-W38,2,USR_004,2,USR_004,1.0,-0.0
38,2020-W39,2,USR_004,2,USR_004,1.0,0.0
39,2020-W40,2,USR_004,2,USR_004,1.0,0.0
40,2020-W41,2,USR_004,2,USR_004,1.0,0.0
12,2020-W13,2,USR_004,3,USR_005,1.0,-1.2446
13,2020-W14,2,USR_004,3,USR_005,1.0,-1.0204
14,2020-W15,2,USR_004,3,USR_005,1.0,-0.2694
15,2020-W16,2,USR_004,3,USR_005,1.0,0.7451
16,2020-W17,2,USR_004,3,USR_005,1.0,1.3292
17,2020-W18,2,USR_004,3,USR_005,1.0,1.6175
18,2020-W19,2,USR_004,3,USR_005,1.0,1.7576
19,2020-W20,2,USR_004,3,USR_005,1.0,1.7827
20,2020-W21,2,USR_004,3,USR_005,1.0,1.689
21,2020-W22,2,USR_004,3,USR_005,1.0,1.5005
22,2020-W23,2,USR_004,3,USR_005,1.0,1.2486
23,2020-W24,2,USR_004,3,USR_005,1.0,0.9621
24,2020-W25,2,USR_004,3,USR_005,1.0,0.6782
25,2020-W26,2,USR_004,3,USR_005,1.0,0.4299
26,2020-W27,2,USR_004,3,USR_005,1.0,0.2292
27,2020-W28,2,USR_004,3,USR_005,1.0,0.0686
28,2020-W29,2,USR_004,3,USR_005,1.0,-0.0713
29,2020-W30,2,USR_004,3,USR_005,1.0,-0.2272
30,2020-W31,2,USR_004,3,USR_005,1.0,-0.5263
31,2020-W32,2,USR_004,3,USR_005,1.0,-1.691
32,2020-W33,2,USR_004,3,USR_005,1.0,-2.6937
33,2020-W34,2,USR_004,3,USR_005,1.0,-2.9637
34,2020-W35,2,USR_004,3,USR_005,1.0,3.1112
35,2020-W36,2,USR_004,3,USR_005,1.0,2.5975
36,2020-W37,2,USR_004,3,USR_005,1.0,1.4774
37,2020-W38,2,USR_004,3,USR_005,1.0,1.046
38,2020-W39,2,USR_004,3,USR_005,1.0,0.9395
39,2020-W40,2,USR_004,3,USR_005,1.0,0.8955
40,2020-W41,2,USR_004,3,USR_005,1.0,0.8394
12,2020-W13,2,USR_004,4,USR_007,1.0,-1.0067
13,2020-W14,2,USR_004,4,USR_007,1.0,-0.9175
14,2020-W15,2,USR_004,4,USR_007,1.0,-0.3929
15,2020-W16,2,USR_004,4,USR_007,1.0,0.3561
16,2020-W17,2,USR_004,4,USR_007,1.0,0.6417
17,2020-W18,2,USR_004,4,USR_007,1.0,0.5745
18,2020-W19,2,USR_004,4,USR_007,1.0,0.4025
19,2020-W20,2,USR_004,4,USR_007,1.0,0.3885
20,2020-W21,2,USR_004,4,USR_007,1.0,0.4775
21,2020-W22,2,USR_004,4,USR_007,1.0,0.4988
22,2020-W23,2,USR_004,4,USR_007,1.0,0.417
23,2020-W24,2,USR_004,4,USR_007,1.0,0.2663
24,2020-W25,2,USR_004,4,USR_007,1.0,0.0959
25,2020-W26,2,USR_004,4,USR_007,1.0,-0.0611
26,2020-W27,2,USR_004,4,USR_007,1.0,-0.2018
27,2020-W28,2,USR_004,4,USR_007,1.0,-0.3426
28,2020-W29,2,USR_004,4,USR_007,1.0,-0.5094
29,2020-W30,2,USR_004,4,USR_007,1.0,-0.7318
30,2020-W31,2,USR_004,4,USR_007,1.0,-1.0298
31,2020-W32,2,USR_004,4,USR_007,1.0,-1.3869
32,2020-W33,2,USR_004,4,USR_007,1.0,-1.7438
33,2020-W34,2,USR_004,4,USR_007,1.0,-2.0655
34,2020-W35,2,USR_004,4,USR_007,1.0,-2.4051
35,2020-W36,2,USR_004,4,USR_007,1.0,-3.0434
36,2020-W37,2,USR_004,4,USR_007,1.0,2.0257
37,2020-W38,2,USR_004,4,USR_007,1.0,1.563
38,2020-W39,2,USR_004,4,USR_007,1.0,1.5489
39,2020-W40,2,USR_004,4,USR_007,1.0,1.8054
40,2020-W41,2,USR_004,4,USR_007,1.0,2.2353
12,2020-W13,2,USR_004,5,USR_008,1.0,-1.6951
13,2020-W14,2,USR_004,5,USR_008,1.0,-1.7162
14,2020-W15,2,USR_004,5,USR_008,1.0,-1.2074
15,2020-W16,2,USR_004,5,USR_008,1.0,-0.3748
16,2020-W17,2,USR_004,5,USR_008,1.0,0.1232
17,2020-W18,2,USR_004,5,USR_008,1.0,0.4456
18,2020-W19,2,USR_004,5,USR_008,1.0,0.7675
19,2020-W20,2,USR_004,5,USR_008,1.0,1.123
20,2020-W21,2,USR_004,5,USR_008,1.0,1.4012
21,2020-W22,2,USR_004,5,USR_008,1.0,1.4934
22,2020-W23,2,USR_004,5,USR_008,1.0,1.4136
23,2020-W24,2,USR_004,5,USR_008,1.0,1.2248
24,2020-W25,2,USR_004,5,USR_008,1.0,0.9947
25,2020-W26,2,USR_004,5,USR_008,1.0,0.7752
26,2020-W27,2,USR_004,5,USR_008,1.0,0.5901
27,2020-W28,2,USR_004,5,USR_008,1.0,0.4469
28,2020-W29,2,USR_004,5,USR_008,1.0,0.3462
29,2020-W30,2,USR_004,5,USR_008,1.0,0.2832
30,2020-W31,2,USR_004,5,USR_008,1.0,0.2505
31,2020-W32,2,USR_004,5,USR_008,1.0,0.2401
32,2020-W33,2,USR_004,5,USR_008,1.0,0.241
33,2020-W34,2,USR_004,5,USR_008,1.0,0.2301
34,2020-W35,2,USR_004,5,USR_008,1.0,0.143
35,2020-W36,2,USR_004,5,USR_008,1.0,-0.2953
36,2020-W37,2,USR_004,5,USR_008,1.0,-1.3729
37,2020-W38,2,USR_004,5,USR_008,1.0,-1.8034
38,2020-W39,2,USR_004,5,USR_008,1.0,-1.9599
39,2020-W40,2,USR_004,5,USR_008,1.0,-2.1087
40,2020-W41,2,USR_004,5,USR_008,1.0,-2.3086
12,2020-W13,2,USR_004,6,USR_009,1.0,-0.4407
13,2020-W14,2,USR_004,6,USR_009,1.0,-0.2637
14,2020-W15,2,USR_004,6,USR_009,1.0,0.3522
15,2020-W16,2,USR_004,6,USR_009,1.0,1.2109
16,2020-W17,2,USR_004,6,USR_009,1.0,1.6389
17,2020-W18,2,USR_004,6,USR_009,1.0,1.7303
18,2020-W19,2,USR_004,6,USR_009,1.0,1.5779
19,2020-W20,2,USR_004,6,USR_009,1.0,1.4388
20,2020-W21,2,USR_004,6,USR_009,1.0,1.4854
21,2020-W22,2,USR_004,6,USR_009,1.0,1.533
22,2020-W23,2,USR_004,6,USR_009,1.0,1.499
23,2020-W24,2,USR_004,6,USR_009,1.0,1.397
24,2020-W25,2,USR_004,6,USR_009,1.0,1.2636
25,2020-W26,2,USR_004,6,USR_009,1.0,1.1194
26,2020-W27,2,USR_004,6,USR_009,1.0,0.9405
27,2020-W28,2,USR_004,6,USR_009,1.0,0.6335
28,2020-W29,2,USR_004,6,USR_009,1.0,0.0597
29,2020-W30,2,USR_004,6,USR_009,1.0,-0.5429
30,2020-W31,2,USR_004,6,USR_009,1.0,-0.8721
31,2020-W32,2,USR_004,6,USR_009,1.0,-1.0463
32,2020-W33,2,USR_004,6,USR_009,1.0,-1.1674
33,2020-W34,2,USR_004,6,USR_009,1.0,-1.287
34,2020-W35,2,USR_004,6,USR_009,1.0,-1.4769
35,2020-W36,2,USR_004,6,USR_009,1.0,-2.0097
36,2020-W37,2,USR_004,6,USR_009,1.0,3.1224
37,2020-W38,2,USR_004,6,USR_009,1.0,2.6604
38,2020-W39,2,USR_004,6,USR_009,1.0,2.5407
39,2020-W40,2,USR_004,6,USR_009,1.0,2.5207
40,2020-W41,2,USR_004,6,USR_009,1.0,2.5483
12,2020-W13,2,USR_004,7,USR_002,1.0,-0.9635
13,2020-W14,2,USR_004,7,USR_002,1.0,-0.877
14,2020-W15,2,USR_004,7,USR_002,1.0,-0.2746
15,2020-W16,2,USR_004,7,USR_002,1.0,0.6071
16,2020-W17,2,USR_004,7,USR_002,1.0,1.0807
17,2020-W18,2,USR_004,7,USR_002,1.0,1.2671
18,2020-W19,2,USR_004,7,USR_002,1.0,1.3144
19,2020-W20,2,USR_004,7,USR_002,1.0,1.3241
20,2020-W21,2,USR_004,7,USR_002,1.0,1.3333
21,2020-W22,2,USR_004,7,USR_002,1.0,1.2806
22,2020-W23,2,USR_004,7,USR_002,1.0,1.1458
23,2020-W24,2,USR_004,7,USR_002,1.0,0.9572
24,2020-W25,2,USR_004,7,USR_002,1.0,0.7613
25,2020-W26,2,USR_004,7,USR_002,1.0,0.5947
26,2020-W27,2,USR_004,7,USR_002,1.0,0.4672
27,2020-W28,2,USR_004,7,USR_002,1.0,0.3725
28,2020-W29,2,USR_004,7,USR_002,1.0,0.3011
29,2020-W30,2,USR_004,7,USR_002,1.0,0.2432
30,2020-W31,2,USR_004,7,USR_002,1.0,0.191
31,2020-W32,2,USR_004,7,USR_002,1.0,0.1347
32,2020-W33,2,USR_004,7,USR_002,1.0,0.06
33,2020-W34,2,USR_004,7,USR_002,1.0,-0.0607
34,2020-W35,2,USR_004,7,USR_002,1.0,-0.2937
35,2020-W36,2,USR_004,7,USR_002,1.0,-0.9036
36,2020-W37,2,USR_004,7,USR_002,1.0,-2.1458
37,2020-W38,2,USR_004,7,USR_002,1.0,-2.6936
38,2020-W39,2,USR_004,7,USR_002,1.0,-2.8904
39,2020-W40,2,USR_004,7,USR_002,1.0,-2.9925
40,2020-W41,2,USR_004,7,USR_002,1.0,-3.0768
12,2020-W13,2,USR_004,8,USR_010,1.0,0.5078
13,2020-W14,2,USR_004,8,USR_010,1.0,0.262
14,2020-W15,2,USR_004,8,USR_010,1.0,0.5393
15,2020-W16,2,USR_004,8,USR_010,1.0,1.0187
16,2020-W17,2,USR_004,8,USR_010,1.0,0.857
17,2020-W18,2,USR_004,8,USR_010,1.0,0.4915
18,2020-W19,2,USR_004,8,USR_010,1.0,0.4897
19,2020-W20,2,USR_004,8,USR_010,1.0,0.7315
20,2020-W21,2,USR_004,8,USR_010,1.0,0.9971
21,2020-W22,2,USR_004,8,USR_010,1.0,1.133
22,2020-W23,2,USR_004,8,USR_010,1.0,1.1291
23,2020-W24,2,USR_004,8,USR_010,1.0,1.033
24,2020-W25,2,USR_004,8,USR_010,1.0,0.9007
25,2020-W26,2,USR_004,8,USR_010,1.0,0.7723
26,2020-W27,2,USR_004,8,USR_010,1.0,0.6552
27,2020-W28,2,USR_004,8,USR_010,1.0,0.5352
28,2020-W29,2,USR_004,8,USR_010,1.0,0.3857
29,2020-W30,2,USR_004,8,USR_010,1.0,0.1642
30,2020-W31,2,USR_004,8,USR_010,1.0,-0.2141
31,2020-W32,2,USR_004,8,USR_010,1.0,-0.8695
32,2020-W33,2,USR_004,8,USR_010,1.0,-1.591
33,2020-W34,2,USR_004,8,USR_010,1.0,-2.0644
34,2020-W35,2,USR_004,8,USR_010,1.0,-2.4242
35,2020-W36,2,USR_004,8,USR_010,1.0,-3.0281
36,2020-W37,2,USR_004,8,USR_010,1.0,2.1023
37,2020-W38,2,USR_004,8,USR_010,1.0,1.7027
38,2020-W39,2,USR_004,8,USR_010,1.0,1.7027
39,2020-W40,2,USR_004,8,USR_010,1.0,1.8369
40,2020-W41,2,USR_004,8,USR_010,1.0,2.0003
12,2020-W13,2,USR_004,9,USR_006,1.0,-2.3337
13,2020-W14,2,USR_004,9,USR_006,1.0,-0.985
14,2020-W15,2,USR_004,9,USR_006,1.0,0.4332
15,2020-W16,2,USR_004,9,USR_006,1.0,1.1837
16,2020-W17,2,USR_004,9,USR_006,1.0,1.4459
17,2020-W18,2,USR_004,9,USR_006,1.0,1.4979
18,2020-W19,2,USR_004,9,USR_006,1.0,1.5717
19,2020-W20,2,USR_004,9,USR_006,1.0,1.7111
20,2020-W21,2,USR_004,9,USR_006,1.0,1.7943
21,2020-W22,2,USR_004,9,USR_006,1.0,1.695
22,2020-W23,2,USR_004,9,USR_006,1.0,1.4172
23,2020-W24,2,USR_004,9,USR_006,1.0,1.0348
24,2020-W25,2,USR_004,9,USR_006,1.0,0.6506
25,2020-W26,2,USR_004,9,USR_006,1.0,0.3463
26,2020-W27,2,USR_004,9,USR_006,1.0,0.1443
27,2020-W28,2,USR_004,9,USR_006,1.0,0.0261
28,2020-W29,2,USR_004,9,USR_006,1.0,-0.0362
29,2020-W30,2,USR_004,9,USR_006,1.0,-0.0666
30,2020-W31,2,USR_004,9,USR_006,1.0,-0.0824
31,2020-W32,2,USR_004,9,USR_006,1.0,-0.0959
32,2020-W33,2,USR_004,9,USR_006,1.0,-0.1182
33,2020-W34,2,USR_004,9,USR_006,1.0,-0.168
34,2020-W35,2,USR_004,9,USR_006,1.0,-0.2999
35,2020-W36,2,USR_004,9,USR_006,1.0,-0.7645
36,2020-W37,2,USR_004,9,USR_006,1.0,-1.7852
37,2020-W38,2,USR_004,9,USR_006,1.0,-1.8849
38,2020-W39,2,USR_004,9,USR_006,1.0,-1.2546
39,2020-W40,2,USR_004,9,USR_006,1.0,-0.8889
40,2020-W41,2,USR_004,9,USR_006,1.0,-0.848
12,2020-W13,3,USR_005,0,USR_001,1.0,-1.64
13,2020-W14,3,USR_005,0,USR_001,1.0,2.4234
14,2020-W15,3,USR_005,0,USR_001,1.0,2.0238
15,2020-W16,3,USR_005,0,USR_001,1.0,1.896
16,2020-W17,3,USR_005,0,USR_001,1.0,1.9771
17,2020-W18,3,USR_005,0,USR_001,1.0,2.2591
18,2020-W19,3,USR_005,0,USR_001,1.0,2.6694
19,2020-W20,3,USR_005,0,USR_001,1.0,3.1229
20,2020-W21,3,USR_005,0,USR_001,1.0,-2.7852
21,2020-W22,3,USR_005,0,USR_001,1.0,-2.6565
22,2020-W23,3,USR_005,0,USR_001,1.0,2.5172
23,2020-W24,3,USR_005,0,USR_001,1.0,1.316
24,2020-W25,3,USR_005,0,USR_001,1.0,1.1585
25,2020-W26,3,USR_005,0,USR_001,1.0,1.0735
26,2020-W27,3,USR_005,0,USR_001,1.0,0.9966
27,2020-W28,3,USR_005,0,USR_001,1.0,0.9195
28,2020-W29,3,USR_005,0,USR_001,1.0,0.8492
29,2020-W30,3,USR_005,0,USR_001,1.0,0.8102
30,2020-W31,3,USR_005,0,USR_001,1.0,0.9191
31,2020-W32,3,USR_005,0,USR_001,1.0,1.89
32,2020-W33,3,USR_005,0,USR_001,1.0,2.686
33,2020-W34,3,USR_005,0,USR_001,1.0,2.7189
34,2020-W35,3,USR_005,0,USR_001,1.0,2.6054
35,2020-W36,3,USR_005,0,USR_001,1.0,2.4522
36,2020-W37,3,USR_005,0,USR_001,1.0,2.2917
37,2020-W38,3,USR_005,0,USR_001,1.0,2.1367
38,2020-W39,3,USR_005,0,USR_001,1.0,1.991
39,2020-W40,3,USR_005,0,USR_001,1.0,1.8306
40,2020-W41,3,USR_005,0,USR_001,1.0,1.5482
12,2020-W13,3,USR_005,1,USR_003,1.0,0.2643
13,2020-W14,3,USR_005,1,USR_003,1.0,0.0185
14,2020-W15,3,USR_005,1,USR_003,1.0,-0.2348
15,2020-W16,3,USR_005,1,USR_003,1.0,-0.4247
16,2020-W17,3,USR_005,1,USR_003,1.0,-0.4868
17,2020-W18,3,USR_005,1,USR_003,1.0,-0.317
18,2020-W19,3,USR_005,1,USR_003,1.0,0.2704
19,2020-W20,3,USR_005,1,USR_003,1.0,1.1066
20,2020-W21,3,USR_005,1,USR_003,1.0,1.6626
21,2020-W22,3,USR_005,1,USR_003,1.0,1.9276
22,2020-W23,3,USR_005,1,USR_003,1.0,2.0206
23,2020-W24,3,USR_005,1,USR_003,1.0,2.03
24,2020-W25,3,USR_005,1,USR_003,1.0,2.0118
25,2020-W26,3,USR_005,1,USR_003,1.0,1.9964
26,2020-W27,3,USR_005,1,USR_003,1.0,2.0019
27,2020-W28,3,USR_005,1,USR_003,1.0,-1.239
28,2020-W29,3,USR_005,1,USR_003,1.0,-1.1725
29,2020-W30,3,USR_005,1,USR_003,1.0,-1.1091
30,2020-W31,3,USR_005,1,USR_003,1.0,-0.8891
31,2020-W32,3,USR_005,1,USR_003,1.0,0.2051
32,2020-W33,3,USR_005,1,USR_003,1.0,1.1409
33,2020-W34,3,USR_005,1,USR_003,1.0,1.3376
34,2020-W35,3,USR_005,1,USR_003,1.0,1.42
35,2020-W36,3,USR_005,1,USR_003,1.0,1.5071
36,2020-W37,3,USR_005,1,USR_003,1.0,1.6597
37,2020-W38,3,USR_005,1,USR_003,1.0,1.9327
38,2020-W39,3,USR_005,1,USR_003,1.0,2.3319
39,2020-W40,3,USR_005,1,USR_003,1.0,2.7437
40,2020-W41,3,USR_005,1,USR_003,1.0,3.0703
12,2020-W13,3,USR_005,2,USR_004,1.0,1.2446
13,2020-W14,3,USR_005,2,USR_004,1.0,1.0204
14,2020-W15,3,USR_005,2,USR_004,1.0,0.2694
15,2020-W16,3,USR_005,2,USR_004,1.0,-0.7451
16,2020-W17,3,USR_005,2,USR_004,1.0,-1.3292
17,2020-W18,3,USR_005,2,USR_004,1.0,-1.6175
18,2020-W19,3,USR_005,2,USR_004,1.0,-1.7576
19,2020-W20,3,USR_005,2,USR_004,1.0,-1.7827
20,2020-W21,3,USR_005,2,USR_004,1.0,-1.689
21,2020-W22,3,USR_005,2,USR_004,1.0,-1.5005
22,2020-W23,3,USR_005,2,USR_004,1.0,-1.2486
23,2020-W24,3,USR_005,2,USR_004,1.0,-0.9621
24,2020-W25,3,USR_005,2,USR_004,1.0,-0.6782
25,2020-W26,3,USR_005,2,USR_004,1.0,-0.4299
26,2020-W27,3,USR_005,2,USR_004,1.0,-0.2292
27,2020-W28,3,USR_005,2,USR_004,1.0,-0.0686
28,2020-W29,3,USR_005,2,USR_004,1.0,0.0713
29,2020-W30,3,USR_005,2,USR_004,1.0,0.2272
30,2020-W31,3,USR_005,2,USR_004,1.0,0.5263
31,2020-W32,3,USR_005,2,USR_004,1.0,1.691
32,2020-W33,3,USR_005,2,USR_004,1.0,2.6937
33,2020-W34,3,USR_005,2,USR_004,1.0,2.9637
34,2020-W35,3,USR_005,2,USR_004,1.0,-3.1112
35,2020-W36,3,USR_005,2,USR_004,1.0,-2.5975
36,2020-W37,3,USR_005,2,USR_004,1.0,-1.4774
37,2020-W38,3,USR_005,2,USR_004,1.0,-1.046
38,2020-W39,3,USR_005,2,USR_004,1.0,-0.9395
39,2020-W40,3,USR_005,2,USR_004,1.0,-0.8955
40,2020-W41,3,USR_005,2,USR_004,1.0,-0.8394
12,2020-W13,3,USR_005,3,USR_005,1.0,0.0
13,2020-W14,3,USR_005,3,USR_005,1.0,0.0
14,2020-W15,3,USR_005,3,USR_005,1.0,0.0
15,2020-W16,3,USR_005,3,USR_005,1.0,0.0
16,2020-W17,3,USR_005,3,USR_005,1.0,-0.0
17,2020-W18,3,USR_005,3,USR_005,1.0,-0.0
18,2020-W19,3,USR_005,3,USR_005,1.0,0.0
19,2020-W20,3,USR_005,3,USR_005,1.0,-0.0
20,2020-W21,3,USR_005,3,USR_005,1.0,0.0
21,2020-W22,3,USR_005,3,USR_005,1.0,0.0
22,2020-W23,3,USR_005,3,USR_005,1.0,0.0
23,2020-W24,3,USR_005,3,USR_005,1.0,0.0
24,2020-W25,3,USR_005,3,USR_005,1.0,0.0
25,2020-W26,3,USR_005,3,USR_005,1.0,-0.0
26,2020-W27,3,USR_005,3,USR_005,1.0,-0.0
27,2020-W28,3,USR_005,3,USR_005,1.0,0.0
28,2020-W29,3,USR_005,3,USR_005,1.0,-0.0
29,2020-W30,3,USR_005,3,USR_005,1.0,-0.0
30,2020-W31,3,USR_005,3,USR_005,1.0,0.0
31,2020-W32,3,USR_005,3,USR_005,1.0,0.0
32,2020-W33,3,USR_005,3,USR_005,1.0,-0.0
33,2020-W34,3,USR_005,3,USR_005,1.0,0.0
34,2020-W35,3,USR_005,3,USR_005,1.0,-0.0
35,2020-W36,3,USR_005,3,USR_005,1.0,-0.0
36,2020-W37,3,USR_005,3,USR_005,1.0,-0.0
37,2020-W38,3,USR_005,3,USR_005,1.0,-0.0
38,2020-W39,3,USR_005,3,USR_005,1.0,0.0
39,2020-W40,3,USR_005,3,USR_005,1.0,-0.0
40,2020-W41,3,USR_005,3,USR_005,1.0,0.0
12,2020-W13,3,USR_005,4,USR_007,1.0,0.238
13,2020-W14,3,USR_005,4,USR_007,1.0,0.1029
14,2020-W15,3,USR_005,4,USR_007,1.0,-0.1235
15,2020-W16,3,USR_005,4,USR_007,1.0,-0.389
16,2020-W17,3,USR_005,4,USR_007,1.0,-0.6875
17,2020-W18,3,USR_005,4,USR_007,1.0,-1.043
18,2020-W19,3,USR_005,4,USR_007,1.0,-1.3551
19,2020-W20,3,USR_005,4,USR_007,1.0,-1.3942
20,2020-W21,3,USR_005,4,USR_007,1.0,-1.2115
21,2020-W22,3,USR_005,4,USR_007,1.0,-1.0017
22,2020-W23,3,USR_005,4,USR_007,1.0,-0.8317
23,2020-W24,3,USR_005,4,USR_007,1.0,-0.6957
24,2020-W25,3,USR_005,4,USR_007,1.0,-0.5823
25,2020-W26,3,USR_005,4,USR_007,1.0,-0.491
26,2020-W27,3,USR_005,4,USR_007,1.0,-0.431
27,2020-W28,3,USR_005,4,USR_007,1.0,-0.4113
28,2020-W29,3,USR_005,4,USR_007,1.0,-0.4381
29,2020-W30,3,USR_005,4,USR_007,1.0,-0.5045
30,2020-W31,3,USR_005,4,USR_007,1.0,-0.5035
31,2020-W32,3,USR_005,4,USR_007,1.0,0.3041
32,2020-W33,3,USR_005,4,USR_007,1.0,0.9498
33,2020-W34,3,USR_005,4,USR_007,1.0,0.8982
34,2020-W35,3,USR_005,4,USR_007,1.0,0.7669
35,2020-W36,3,USR_005,4,USR_007,1.0,0.6422
36,2020-W37,3,USR_005,4,USR_007,1.0,0.5482
37,2020-W38,3,USR_005,4,USR_007,1.0,0.5169
38,2020-W39,3,USR_005,4,USR_007,1.0,0.6093
39,2020-W40,3,USR_005,4,USR_007,1.0,0.9099
40,2020-W41,3,USR_005,4,USR_007,1.0,1.3958
12,2020-W13,3,USR_005,5,USR_008,1.0,-0.4505
13,2020-W14,3,USR_005,5,USR_008,1.0,-0.6958
14,2020-W15,3,USR_005,5,USR_008,1.0,-0.938
15,2020-W16,3,USR_005,5,USR_008,1.0,-1.1198
16,2020-W17,3,USR_005,5,USR_008,1.0,-1.206
17,2020-W18,3,USR_005,5,USR_008,1.0,-1.172
18,2020-W19,3,USR_005,5,USR_008,1.0,-0.9901
19,2020-W20,3,USR_005,5,USR_008,1.0,-0.6598
20,2020-W21,3,USR_005,5,USR_008,1.0,-0.2878
21,2020-W22,3,USR_005,5,USR_008,1.0,-0.0071
22,2020-W23,3,USR_005,5,USR_008,1.0,0.165
23,2020-W24,3,USR_005,5,USR_008,1.0,0.2627
24,2020-W25,3,USR_005,5,USR_008,1.0,0.3165
25,2020-W26,3,USR_005,5,USR_008,1.0,0.3452
26,2020-W27,3,USR_005,5,USR_008,1.0,0.3609
27,2020-W28,3,USR_005,5,USR_008,1.0,0.3783
28,2020-W29,3,USR_005,5,USR_008,1.0,0.4175
29,2020-W30,3,USR_005,5,USR_008,1.0,0.5104
30,2020-W31,3,USR_005,5,USR_008,1.0,0.7768
31,2020-W32,3,USR_005,5,USR_008,1.0,1.9311
32,2020-W33,3,USR_005,5,USR_008,1.0,2.9347
33,2020-W34,3,USR_005,5,USR_008,1.0,-3.0893
34,2020-W35,3,USR_005,5,USR_008,1.0,-2.9682
35,2020-W36,3,USR_005,5,USR_008,1.0,-2.8928
36,2020-W37,3,USR_005,5,USR_008,1.0,-2.8503
37,2020-W38,3,USR_005,5,USR_008,1.0,-2.8494
38,2020-W39,3,USR_005,5,USR_008,1.0,-2.8994
39,2020-W40,3,USR_005,5,USR_008,1.0,-3.0041
40,2020-W41,3,USR_005,5,USR_008,1.0,3.1351
12,2020-W13,3,USR_005,6,USR_009,1.0,0.8039
13,2020-W14,3,USR_005,6,USR_009,1.0,0.7567
14,2020-W15,3,USR_005,6,USR_009,1.0,0.6216
15,2020-W16,3,USR_005,6,USR_009,1.0,0.4658
16,2020-W17,3,USR_005,6,USR_009,1.0,0.3097
17,2020-W18,3,USR_005,6,USR_009,1.0,0.1127
18,2020-W19,3,USR_005,6,USR_009,1.0,-0.1797
19,2020-W20,3,USR_005,6,USR_009,1.0,-0.344
20,2020-W21,3,USR_005,6,USR_009,1.0,-0.2037
21,2020-W22,3,USR_005,6,USR_009,1.0,0.0325
22,2020-W23,3,USR_005,6,USR_009,1.0,0.2504
23,2020-W24,3,USR_005,6,USR_009,1.0,0.4349
24,2020-W25,3,USR_005,6,USR_009,1.0,0.5854
25,2020-W26,3,USR_005,6,USR_009,1.0,0.6894
26,2020-W27,3,USR_005,6,USR_009,1.0,0.7113
27,2020-W28,3,USR_005,6,USR_009,1.0,0.5648
28,2020-W29,3,USR_005,6,USR_009,1.0,0.131
29,2020-W30,3,USR_005,6,USR_009,1.0,-0.3157
30,2020-W31,3,USR_005,6,USR_009,1.0,-0.3458
31,2020-W32,3,USR_005,6,USR_009,1.0,0.6447
32,2020-W33,3,USR_005,6,USR_009,1.0,1.5263
33,2020-W34,3,USR_005,6,USR_009,1.0,1.6767
34,2020-W35,3,USR_005,6,USR_009,1.0,1.6951
35,2020-W36,3,USR_005,6,USR_009,1.0,1.676
36,2020-W37,3,USR_005,6,USR_009,1.0,1.6449
37,2020-W38,3,USR_005,6,USR_009,1.0,1.6144
38,2020-W39,3,USR_005,6,USR_009,1.0,1.6011
39,2020-W40,3,USR_005,6,USR_009,1.0,1.6253
40,2020-W41,3,USR_005,6,USR_009,1.0,1.7089
12,2020-W13,3,USR_005,7,USR_002,1.0,0.2811
13,2020-W14,3,USR_005,7,USR_002,1.0,0.1434
14,2020-W15,3,USR_005,7,USR_002,1.0,-0.0052
15,2020-W16,3,USR_005,7,USR_002,1.0,-0.138
16,2020-W17,3,USR_005,7,USR_002,1.0,-0.2485
17,2020-W18,3,USR_005,7,USR_002,1.0,-0.3504
18,2020-W19,3,USR_005,7,USR_002,1.0,-0.4432
19,2020-W20,3,USR_005,7,USR_002,1.0,-0.4586
20,2020-W21,3,USR_005,7,USR_002,1.0,-0.3557
21,2020-W22,3,USR_005,7,USR_002,1.0,-0.2199
22,2020-W23,3,USR_005,7,USR_002,1.0,-0.1028
23,2020-W24,3,USR_005,7,USR_002,1.0,-0.0049
24,2020-W25,3,USR_005,7,USR_002,1.0,0.0831
25,2020-W26,3,USR_005,7,USR_002,1.0,0.1648
26,2020-W27,3,USR_005,7,USR_002,1.0,0.238
27,2020-W28,3,USR_005,7,USR_002,1.0,0.3039
28,2020-W29,3,USR_005,7,USR_002,1.0,0.3724
29,2020-W30,3,USR_005,7,USR_002,1.0,0.4705
30,2020-W31,3,USR_005,7,USR_002,1.0,0.7173
31,2020-W32,3,USR_005,7,USR_002,1.0,1.8257
32,2020-W33,3,USR_005,7,USR_002,1.0,2.7537
33,2020-W34,3,USR_005,7,USR_002,1.0,2.9031
34,2020-W35,3,USR_005,7,USR_002,1.0,2.8783
35,2020-W36,3,USR_005,7,USR_002,1.0,2.782
36,2020-W37,3,USR_005,7,USR_002,1.0,2.6599
37,2020-W38,3,USR_005,7,USR_002,1.0,2.5436
38,2020-W39,3,USR_005,7,USR_002,1.0,2.4532
39,2020-W40,3,USR_005,7,USR_002,1.0,2.3952
40,2020-W41,3,USR_005,7,USR_002,1.0,2.367
12,2020-W13,3,USR_005,8,USR_010,1.0,1.7524
13,2020-W14,3,USR_005,8,USR_010,1.0,1.2825
14,2020-W15,3,USR_005,8,USR_010,1.0,0.8087
15,2020-W16,3,USR_005,8,USR_010,1.0,0.2737
16,2020-W17,3,USR_005,8,USR_010,1.0,-0.4722
17,2020-W18,3,USR_005,8,USR_010,1.0,-1.126
18,2020-W19,3,USR_005,8,USR_010,1.0,-1.2678
19,2020-W20,3,USR_005,8,USR_010,1.0,-1.0513
20,2020-W21,3,USR_005,8,USR_010,1.0,-0.692
21,2020-W22,3,USR_005,8,USR_010,1.0,-0.3675
22,2020-W23,3,USR_005,8,USR_010,1.0,-0.1195
23,2020-W24,3,USR_005,8,USR_010,1.0,0.0709
24,2020-W25,3,USR_005,8,USR_010,1.0,0.2226
25,2020-W26,3,USR_005,8,USR_010,1.0,0.3423
26,2020-W27,3,USR_005,8,USR_010,1.0,0.4261
27,2020-W28,3,USR_005,8,USR_010,1.0,0.4665
28,2020-W29,3,USR_005,8,USR_010,1.0,0.457
29,2020-W30,3,USR_005,8,USR_010,1.0,0.3915
30,2020-W31,3,USR_005,8,USR_010,1.0,0.3122
31,2020-W32,3,USR_005,8,USR_010,1.0,0.8215
32,2020-W33,3,USR_005,8,USR_010,1.0,1.1027
33,2020-W34,3,USR_005,8,USR_010,1.0,0.8994
34,2020-W35,3,USR_005,8,USR_010,1.0,0.7478
35,2020-W36,3,USR_005,8,USR_010,1.0,0.6576
36,2020-W37,3,USR_005,8,USR_010,1.0,0.6249
37,2020-W38,3,USR_005,8,USR_010,1.0,0.6567
38,2020-W39,3,USR_005,8,USR_010,1.0,0.7631
39,2020-W40,3,USR_005,8,USR_010,1.0,0.9414
40,2020-W41,3,USR_005,8,USR_010,1.0,1.1609
12,2020-W13,3,USR_005,9,USR_006,1.0,-1.0891
13,2020-W14,3,USR_005,9,USR_006,1.0,0.0354
14,2020-W15,3,USR_005,9,USR_006,1.0,0.7026
15,2020-W16,3,USR_005,9,USR_006,1.0,0.4386
16,2020-W17,3,USR_005,9,USR_006,1.0,0.1167
17,2020-W18,3,USR_005,9,USR_006,1.0,-0.1196
18,2020-W19,3,USR_005,9,USR_006,1.0,-0.1859
19,2020-W20,3,USR_005,9,USR_006,1.0,-0.0717
20,2020-W21,3,USR_005,9,USR_006,1.0,0.1053
21,2020-W22,3,USR_005,9,USR_006,1.0,0.1945
22,2020-W23,3,USR_005,9,USR_006,1.0,0.1686
23,2020-W24,3,USR_005,9,USR_006,1.0,0.0728
24,2020-W25,3,USR_005,9,USR_006,1.0,-0.0276
25,2020-W26,3,USR_005,9,USR_006,1.0,-0.0837
26,2020-W27,3,USR_005,9,USR_006,1.0,-0.0849
27,2020-W28,3,USR_005,9,USR_006,1.0,-0.0425
28,2020-W29,3,USR_005,9,USR_006,1.0,0.0351
29,2020-W30,3,USR_005,9,USR_006,1.0,0.1606
30,2020-W31,3,USR_005,9,USR_006,1.0,0.4439
31,2020-W32,3,USR_005,9,USR_006,1.0,1.5951
32,2020-W33,3,USR_005,9,USR_006,1.0,2.5755
33,2020-W34,3,USR_005,9,USR_006,1.0,2.7957
34,2020-W35,3,USR_005,9,USR_006,1.0,2.8721
35,2020-W36,3,USR_005,9,USR_006,1.0,2.9211
36,2020-W37,3,USR_005,9,USR_006,1.0,3.0206
37,2020-W38,3,USR_005,9,USR_006,1.0,-2.9309
38,2020-W39,3,USR_005,9,USR_006,1.0,-2.1942
39,2020-W40,3,USR_005,9,USR_006,1.0,-1.7844
40,2020-W41,3,USR_005,9,USR_006,1.0,-1.6874
12,2020-W13,4,USR_007,0,USR_001,1.0,-1.878
13,2020-W14,4,USR_007,0,USR_001,1.0,2.3204
14,2020-W15,4,USR_007,0,USR_001,1.0,2.1473
15,2020-W16,4,USR_007,0,USR_001,1.0,2.2849
16,2020-W17,4,USR_007,0,USR_001,1.0,2.6646
17,2020-W18,4,USR_007,0,USR_001,1.0,-2.9811
18,2020-W19,4,USR_007,0,USR_001,1.0,-2.2587
19,2020-W20,4,USR_007,0,USR_001,1.0,-1.7661
20,2020-W21,4,USR_007,0,USR_001,1.0,-1.5737
21,2020-W22,4,USR_007,0,USR_001,1.0,-1.6548
22,2020-W23,4,USR_007,0,USR_001,1.0,-2.9343
23,2020-W24,4,USR_007,0,USR_001,1.0,2.0118
24,2020-W25,4,USR_007,0,USR_001,1.0,1.7408
25,2020-W26,4,USR_007,0,USR_001,1.0,1.5645
26,2020-W27,4,USR_007,0,USR_001,1.0,1.4276
27,2020-W28,4,USR_007,0,USR_001,1.0,1.3307
28,2020-W29,4,USR_007,0,USR_001,1.0,1.2873
29,2020-W30,4,USR_007,0,USR_001,1.0,1.3147
30,2020-W31,4,USR_007,0,USR_001,1.0,1.4227
31,2020-W32,4,USR_007,0,USR_001,1.0,1.5859
32,2020-W33,4,USR_007,0,USR_001,1.0,1.7361
33,2020-W34,4,USR_007,0,USR_001,1.0,1.8207
34,2020-W35,4,USR_007,0,USR_001,1.0,1.8386
35,2020-W36,4,USR_007,0,USR_001,1.0,1.81
36,2020-W37,4,USR_007,0,USR_001,1.0,1.7435
37,2020-W38,4,USR_007,0,USR_001,1.0,1.6197
38,2020-W39,4,USR_007,0,USR_001,1.0,1.3816
39,2020-W40,4,USR_007,0,USR_001,1.0,0.9207
40,2020-W41,4,USR_007,0,USR_001,1.0,0.1523
12,2020-W13,4,USR_007,1,USR_003,1.0,0.0263
13,2020-W14,4,USR_007,1,USR_003,1.0,-0.0844
14,2020-W15,4,USR_007,1,USR_003,1.0,-0.1113
15,2020-W16,4,USR_007,1,USR_003,1.0,-0.0357
16,2020-W17,4,USR_007,1,USR_003,1.0,0.2007
17,2020-W18,4,USR_007,1,USR_003,1.0,0.726
18,2020-W19,4,USR_007,1,USR_003,1.0,1.6255
19,2020-W20,4,USR_007,1,USR_003,1.0,2.5008
20,2020-W21,4,USR_007,1,USR_003,1.0,2.8741
21,2020-W22,4,USR_007,1,USR_003,1.0,2.9293
22,2020-W23,4,USR_007,1,USR_003,1.0,2.8523
23,2020-W24,4,USR_007,1,USR_003,1.0,2.7258
24,2020-W25,4,USR_007,1,USR_003,1.0,2.5941
25,2020-W26,4,USR_007,1,USR_003,1.0,2.4874
26,2020-W27,4,USR_007,1,USR_003,1.0,2.4329
27,2020-W28,4,USR_007,1,USR_003,1.0,-0.8277
28,2020-W29,4,USR_007,1,USR_003,1.0,-0.7345
29,2020-W30,4,USR_007,1,USR_003,1.0,-0.6046
30,2020-W31,4,USR_007,1,USR_003,1.0,-0.3856
31,2020-W32,4,USR_007,1,USR_003,1.0,-0.0991
32,2020-W33,4,USR_007,1,USR_003,1.0,0.1911
33,2020-W34,4,USR_007,1,USR_003,1.0,0.4394
34,2020-W35,4,USR_007,1,USR_003,1.0,0.6531
35,2020-W36,4,USR_007,1,USR_003,1.0,0.8648
36,2020-W37,4,USR_007,1,USR_003,1.0,1.1115
37,2020-W38,4,USR_007,1,USR_003,1.0,1.4157
38,2020-W39,4,USR_007,1,USR_003,1.0,1.7226
39,2020-W40,4,USR_007,1,USR_003,1.0,1.8338
40,2020-W41,4,USR_007,1,USR_003,1.0,1.6745
12,2020-W13,4,USR_007,2,USR_004,1.0,1.0067
13,2020-W14,4,USR_007,2,USR_004,1.0,0.9175
14,2020-W15,4,USR_007,2,USR_004,1.0,0.3929
15,2020-W16,4,USR_007,2,USR_004,1.0,-0.3561
16,2020-W17,4,USR_007,2,USR_004,1.0,-0.6417
17,2020-W18,4,USR_007,2,USR_004,1.0,-0.5745
18,2020-W19,4,USR_007,2,USR_004,1.0,-0.4025
19,2020-W20,4,USR_007,2,USR_004,1.0,-0.3885
20,2020-W21,4,USR_007,2,USR_004,1.0,-0.4775
21,2020-W22,4,USR_007,2,USR_004,1.0,-0.4988
22,2020-W23,4,USR_007,2,USR_004,1.0,-0.417
23,2020-W24,4,USR_007,2,USR_004,1.0,-0.2663
24,2020-W25,4,USR_007,2,USR_004,1.0,-0.0959
25,2020-W26,4,USR_007,2,USR_004,1.0,0.0611
26,2020-W27,4,USR_007,2,USR_004,1.0,0.2018
27,2020-W28,4,USR_007,2,USR_004,1.0,0.3426
28,2020-W29,4,USR_007,2,USR_004,1.0,0.5094
29,2020-W30,4,USR_007,2,USR_004,1.0,0.7318
30,2020-W31,4,USR_007,2,USR_004,1.0,1.0298
31,2020-W32,4,USR_007,2,USR_004,1.0,1.3869
32,2020-W33,4,USR_007,2,USR_004,1.0,1.7438
33,2020-W34,4,USR_007,2,USR_004,1.0,2.0655
34,2020-W35,4,USR_007,2,USR_004,1.0,2.4051
35,2020-W36,4,USR_007,2,USR_004,1.0,3.0434
36,2020-W37,4,USR_007,2,USR_004,1.0,-2.0257
37,2020-W38,4,USR_007,2,USR_004,1.0,-1.563
38,2020-W39,4,USR_007,2,USR_004,1.0,-1.5489
39,2020-W40,4,USR_007,2,USR_004,1.0,-1.8054
40,2020-W41,4,USR_007,2,USR_004,1.0,-2.2353
12,2020-W13,4,USR_007,3,USR_005,1.0,-0.238
13,2020-W14,4,USR_007,3,USR_005,1.0,-0.1029
14,2020-W15,4,USR_007,3,USR_005,1.0,0.1235
15,2020-W16,4,USR_007,3,USR_005,1.0,0.389
16,2020-W17,4,USR_007,3,USR_005,1.0,0.6875
17,2020-W18,4,USR_007,3,USR_005,1.0,1.043
18,2020-W19,4,USR_007,3,USR_005,1.0,1.3551
19,2020-W20,4,USR_007,3,USR_005,1.0,1.3942
20,2020-W21,4,USR_007,3,USR_005,1.0,1.2115
21,2020-W22,4,USR_007,3,USR_005,1.0,1.0017
22,2020-W23,4,USR_007,3,USR_005,1.0,0.8317
23,2020-W24,4,USR_007,3,USR_005,1.0,0.6957
24,2020-W25,4,USR_007,3,USR_005,1.0,0.5823
25,2020-W26,4,USR_007,3,USR_005,1.0,0.491
26,2020-W27,4,USR_007,3,USR_005,1.0,0.431
27,2020-W28,4,USR_007,3,USR_005,1.0,0.4113
28,2020-W29,4,USR_007,3,USR_005,1.0,0.4381
29,2020-W30,4,USR_007,3,USR_005,1.0,0.5045
30,2020-W31,4,USR_007,3,USR_005,1.0,0.5035
31,2020-W32,4,USR_007,3,USR_005,1.0,-0.3041
32,2020-W33,4,USR_007,3,USR_005,1.0,-0.9498
33,2020-W34,4,USR_007,3,USR_005,1.0,-0.8982
34,2020-W35,4,USR_007,3,USR_005,1.0,-0.7669
35,2020-W36,4,USR_007,3,USR_005,1.0,-0.6422
36,2020-W37,4,USR_007,3,USR_005,1.0,-0.5482
37,2020-W38,4,USR_007,3,USR_005,1.0,-0.5169
38,2020-W39,4,USR_007,3,USR_005,1.0,-0.6093
39,2020-W40,4,USR_007,3,USR_005,1.0,-0.9099
40,2020-W41,4,USR_007,3,USR_005,1.0,-1.3958
12,2020-W13,4,USR_007,4,USR_007,1.0,-0.0
13,2020-W14,4,USR_007,4,USR_007,1.0,0.0
14,2020-W15,4,USR_007,4,USR_007,1.0,-0.0
15,2020-W16,4,USR_007,4,USR_007,1.0,-0.0
16,2020-W17,4,USR_007,4,USR_007,1.0,0.0
17,2020-W18,4,USR_007,4,USR_007,1.0,0.0
18,2020-W19,4,USR_007,4,USR_007,1.0,-0.0
19,2020-W20,4,USR_007,4,USR_007,1.0,0.0
20,2020-W21,4,USR_007,4,USR_007,1.0,0.0
21,2020-W22,4,USR_007,4,USR_007,1.0,0.0
22,2020-W23,4,USR_007,4,USR_007,1.0,-0.0
23,2020-W24,4,USR_007,4,USR_007,1.0,0.0
24,2020-W25,4,USR_007,4,USR_007,1.0,-0.0
25,2020-W26,4,USR_007,4,USR_007,1.0,-0.0
26,2020-W27,4,USR_007,4,USR_007,1.0,0.0
27,2020-W28,4,USR_007,4,USR_007,1.0,-0.0
28,2020-W29,4,USR_007,4,USR_007,1.0,-0.0
29,2020-W30,4,USR_007,4,USR_007,1.0,-0.0
30,2020-W31,4,USR_007,4,USR_007,1.0,0.0
31,2020-W32,4,USR_007,4,USR_007,1.0,0.0
32,2020-W33,4,USR_007,4,USR_007,1.0,-0.0
33,2020-W34,4,USR_007,4,USR_007,1.0,-0.0
34,2020-W35,4,USR_007,4,USR_007,1.0,0.0
35,2020-W36,4,USR_007,4,USR_007,1.0,0.0
36,2020-W37,4,USR_007,4,USR_007,1.0,0.0
37,2020-W38,4,USR_007,4,USR_007,1.0,0.0
38,2020-W39,4,USR_007,4,USR_007,1.0,0.0
39,2020-W40,4,USR_007,4,USR_007,1.0,0.0
40,2020-W41,4,USR_007,4,USR_007,1.0,-0.0
12,2020-W13,4,USR_007,5,USR_008,1.0,-0.6885
13,2020-W14,4,USR_007,5,USR_008,1.0,-0.7987
14,2020-W15,4,USR_007,5,USR_008,1.0,-0.8145
15,2020-W16,4,USR_007,5,USR_008,1.0,-0.7308
16,2020-W17,4,USR_007,5,USR_008,1.0,-0.5184
17,2020-W18,4,USR_007,5,USR_008,1.0,-0.129
18,2020-W19,4,USR_007,5,USR_008,1.0,0.365
19,2020-W20,4,USR_007,5,USR_008,1.0,0.7344
20,2020-W21,4,USR_007,5,USR_008,1.0,0.9237
21,2020-W22,4,USR_007,5,USR_008,1.0,0.9946
22,2020-W23,4,USR_007,5,USR_008,1.0,0.9966
23,2020-W24,4,USR_007,5,USR_008,1.0,0.9585
24,2020-W25,4,USR_007,5,USR_008,1.0,0.8988
25,2020-W26,4,USR_007,5,USR_008,1.0,0.8362
26,2020-W27,4,USR_007,5,USR_008,1.0,0.7919
27,2020-W28,4,USR_007,5,USR_008,1.0,0.7895
28,2020-W29,4,USR_007,5,USR_008,1.0,0.8556
29,2020-W30,4,USR_007,5,USR_008,1.0,1.0149
30,2020-W31,4,USR_007,5,USR_008,1.0,1.2803
31,2020-W32,4,USR_007,5,USR_008,1.0,1.627
32,2020-W33,4,USR_007,5,USR_008,1.0,1.9848
33,2020-W34,4,USR_007,5,USR_008,1.0,2.2956
34,2020-W35,4,USR_007,5,USR_008,1.0,2.5481
35,2020-W36,4,USR_007,5,USR_008,1.0,2.7481
36,2020-W37,4,USR_007,5,USR_008,1.0,2.8846
37,2020-W38,4,USR_007,5,USR_008,1.0,2.9168
38,2020-W39,4,USR_007,5,USR_008,1.0,2.7744
39,2020-W40,4,USR_007,5,USR_008,1.0,2.3691
40,2020-W41,4,USR_007,5,USR_008,1.0,1.7393
12,2020-W13,4,USR_007,6,USR_009,1.0,0.566
13,2020-W14,4,USR_007,6,USR_009,1.0,0.6537
14,2020-W15,4,USR_007,6,USR_009,1.0,0.7451
15,2020-W16,4,USR_007,6,USR_009,1.0,0.8548
16,2020-W17,4,USR_007,6,USR_009,1.0,0.9972
17,2020-W18,4,USR_007,6,USR_009,1.0,1.1557
18,2020-W19,4,USR_007,6,USR_009,1.0,1.1754
19,2020-W20,4,USR_007,6,USR_009,1.0,1.0502
20,2020-W21,4,USR_007,6,USR_009,1.0,1.0079
21,2020-W22,4,USR_007,6,USR_009,1.0,1.0342
22,2020-W23,4,USR_007,6,USR_009,1.0,1.082
23,2020-W24,4,USR_007,6,USR_009,1.0,1.1306
24,2020-W25,4,USR_007,6,USR_009,1.0,1.1677
25,2020-W26,4,USR_007,6,USR_009,1.0,1.1805
26,2020-W27,4,USR_007,6,USR_009,1.0,1.1423
27,2020-W28,4,USR_007,6,USR_009,1.0,0.9761
28,2020-W29,4,USR_007,6,USR_009,1.0,0.5691
29,2020-W30,4,USR_007,6,USR_009,1.0,0.1889
30,2020-W31,4,USR_007,6,USR_009,1.0,0.1577
31,2020-W32,4,USR_007,6,USR_009,1.0,0.3406
32,2020-W33,4,USR_007,6,USR_009,1.0,0.5764
33,2020-W34,4,USR_007,6,USR_009,1.0,0.7785
34,2020-W35,4,USR_007,6,USR_009,1.0,0.9282
35,2020-W36,4,USR_007,6,USR_009,1.0,1.0337
36,2020-W37,4,USR_007,6,USR_009,1.0,1.0967
37,2020-W38,4,USR_007,6,USR_009,1.0,1.0974
38,2020-W39,4,USR_007,6,USR_009,1.0,0.9918
39,2020-W40,4,USR_007,6,USR_009,1.0,0.7153
40,2020-W41,4,USR_007,6,USR_009,1.0,0.313
12,2020-W13,4,USR_007,7,USR_002,1.0,0.0432
13,2020-W14,4,USR_007,7,USR_002,1.0,0.0405
14,2020-W15,4,USR_007,7,USR_002,1.0,0.1183
15,2020-W16,4,USR_007,7,USR_002,1.0,0.251
16,2020-W17,4,USR_007,7,USR_002,1.0,0.4391
17,2020-W18,4,USR_007,7,USR_002,1.0,0.6926
18,2020-W19,4,USR_007,7,USR_002,1.0,0.9119
19,2020-W20,4,USR_007,7,USR_002,1.0,0.9356
20,2020-W21,4,USR_007,7,USR_002,1.0,0.8558
21,2020-W22,4,USR_007,7,USR_002,1.0,0.7818
22,2020-W23,4,USR_007,7,USR_002,1.0,0.7288
23,2020-W24,4,USR_007,7,USR_002,1.0,0.6909
24,2020-W25,4,USR_007,7,USR_002,1.0,0.6654
25,2020-W26,4,USR_007,7,USR_002,1.0,0.6558
26,2020-W27,4,USR_007,7,USR_002,1.0,0.669
27,2020-W28,4,USR_007,7,USR_002,1.0,0.7152
28,2020-W29,4,USR_007,7,USR_002,1.0,0.8105
29,2020-W30,4,USR_007,7,USR_002,1.0,0.975
30,2020-W31,4,USR_007,7,USR_002,1.0,1.2208
31,2020-W32,4,USR_007,7,USR_002,1.0,1.5216
32,2020-W33,4,USR_007,7,USR_002,1.0,1.8038
33,2020-W34,4,USR_007,7,USR_002,1.0,2.0049
34,2020-W35,4,USR_007,7,USR_002,1.0,2.1114
35,2020-W36,4,USR_007,7,USR_002,1.0,2.1398
36,2020-W37,4,USR_007,7,USR_002,1.0,2.1117
37,2020-W38,4,USR_007,7,USR_002,1.0,2.0266
38,2020-W39,4,USR_007,7,USR_002,1.0,1.8439
39,2020-W40,4,USR_007,7,USR_002,1.0,1.4853
40,2020-W41,4,USR_007,7,USR_002,1.0,0.9711
12,2020-W13,4,USR_007,8,USR_010,1.0,1.5145
13,2020-W14,4,USR_007,8,USR_010,1.0,1.1795
14,2020-W15,4,USR_007,8,USR_010,1.0,0.9322
15,2020-W16,4,USR_007,8,USR_010,1.0,0.6627
16,2020-W17,4,USR_007,8,USR_010,1.0,0.2153
17,2020-W18,4,USR_007,8,USR_010,1.0,-0.0831
18,2020-W19,4,USR_007,8,USR_010,1.0,0.0873
19,2020-W20,4,USR_007,8,USR_010,1.0,0.3429
20,2020-W21,4,USR_007,8,USR_010,1.0,0.5196
21,2020-W22,4,USR_007,8,USR_010,1.0,0.6342
22,2020-W23,4,USR_007,8,USR_010,1.0,0.7122
23,2020-W24,4,USR_007,8,USR_010,1.0,0.7666
24,2020-W25,4,USR_007,8,USR_010,1.0,0.8049
25,2020-W26,4,USR_007,8,USR_010,1.0,0.8334
26,2020-W27,4,USR_007,8,USR_010,1.0,0.857
27,2020-W28,4,USR_007,8,USR_010,1.0,0.8778
28,2020-W29,4,USR_007,8,USR_010,1.0,0.8951
29,2020-W30,4,USR_007,8,USR_010,1.0,0.896
30,2020-W31,4,USR_007,8,USR_010,1.0,0.8157
31,2020-W32,4,USR_007,8,USR_010,1.0,0.5174
32,2020-W33,4,USR_007,8,USR_010,1.0,0.1529
33,2020-W34,4,USR_007,8,USR_010,1.0,0.0011
34,2020-W35,4,USR_007,8,USR_010,1.0,-0.0191
35,2020-W36,4,USR_007,8,USR_010,1.0,0.0153
36,2020-W37,4,USR_007,8,USR_010,1.0,0.0766
37,2020-W38,4,USR_007,8,USR_010,1.0,0.1398
38,2020-W39,4,USR_007,8,USR_010,1.0,0.1538
39,2020-W40,4,USR_007,8,USR_010,1.0,0.0314
40,2020-W41,4,USR_007,8,USR_010,1.0,-0.235
12,2020-W13,4,USR_007,9,USR_006,1.0,-1.327
13,2020-W14,4,USR_007,9,USR_006,1.0,-0.0675
14,2020-W15,4,USR_007,9,USR_006,1.0,0.8261
15,2020-W16,4,USR_007,9,USR_006,1.0,0.8276
16,2020-W17,4,USR_007,9,USR_006,1.0,0.8042
17,2020-W18,4,USR_007,9,USR_006,1.0,0.9234
18,2020-W19,4,USR_007,9,USR_006,1.0,1.1692
19,2020-W20,4,USR_007,9,USR_006,1.0,1.3225
20,2020-W21,4,USR_007,9,USR_006,1.0,1.3168
21,2020-W22,4,USR_007,9,USR_006,1.0,1.1962
22,2020-W23,4,USR_007,9,USR_006,1.0,1.0003
23,2020-W24,4,USR_007,9,USR_006,1.0,0.7685
24,2020-W25,4,USR_007,9,USR_006,1.0,0.5547
25,2020-W26,4,USR_007,9,USR_006,1.0,0.4073
26,2020-W27,4,USR_007,9,USR_006,1.0,0.3461
27,2020-W28,4,USR_007,9,USR_006,1.0,0.3688
28,2020-W29,4,USR_007,9,USR_006,1.0,0.4732
29,2020-W30,4,USR_007,9,USR_006,1.0,0.6652
30,2020-W31,4,USR_007,9,USR_006,1.0,0.9475
31,2020-W32,4,USR_007,9,USR_006,1.0,1.291
32,2020-W33,4,USR_007,9,USR_006,1.0,1.6256
33,2020-W34,4,USR_007,9,USR_006,1.0,1.8975
34,2020-W35,4,USR_007,9,USR_006,1.0,2.1052
35,2020-W36,4,USR_007,9,USR_006,1.0,2.2789
36,2020-W37,4,USR_007,9,USR_006,1.0,2.4723
37,2020-W38,4,USR_007,9,USR_006,1.0,2.8354
38,2020-W39,4,USR_007,9,USR_006,1.0,-2.8035
39,2020-W40,4,USR_007,9,USR_006,1.0,-2.6943
40,2020-W41,4,USR_007,9,USR_006,1.0,-3.0833
12,2020-W13,5,USR_008,0,USR_001,1.0,-1.1895
13,2020-W14,5,USR_008,0,USR_001,1.0,3.1192
14,2020-W15,5,USR_008,0,USR_001,1.0,2.9618
15,2020-W16,5,USR_008,0,USR_001,1.0,3.0158
16,2020-W17,5,USR_008,0,USR_001,1.0,-3.1002
17,2020-W18,5,USR_008,0,USR_001,1.0,-2.8521
18,2020-W19,5,USR_008,0,USR_001,1.0,-2.6237
19,2020-W20,5,USR_008,0,USR_001,1.0,-2.5005
20,2020-W21,5,USR_008,0,USR_001,1.0,-2.4974
21,2020-W22,5,USR_008,0,USR_001,1.0,-2.6494
22,2020-W23,5,USR_008,0,USR_001,1.0,2.3522
23,2020-W24,5,USR_008,0,USR_001,1.0,1.0533
24,2020-W25,5,USR_008,0,USR_001,1.0,0.842
25,2020-W26,5,USR_008,0,USR_001,1.0,0.7283
26,2020-W27,5,USR_008,0,USR_001,1.0,0.6357
27,2020-W28,5,USR_008,0,USR_001,1.0,0.5412
28,2020-W29,5,USR_008,0,USR_001,1.0,0.4317
29,2020-W30,5,USR_008,0,USR_001,1.0,0.2998
30,2020-W31,5,USR_008,0,USR_001,1.0,0.1424
31,2020-W32,5,USR_008,0,USR_001,1.0,-0.041
32,2020-W33,5,USR_008,0,USR_001,1.0,-0.2487
33,2020-W34,5,USR_008,0,USR_001,1.0,-0.4749
34,2020-W35,5,USR_008,0,USR_001,1.0,-0.7095
35,2020-W36,5,USR_008,0,USR_001,1.0,-0.9381
36,2020-W37,5,USR_008,0,USR_001,1.0,-1.1411
37,2020-W38,5,USR_008,0,USR_001,1.0,-1.2971
38,2020-W39,5,USR_008,0,USR_001,1.0,-1.3928
39,2020-W40,5,USR_008,0,USR_001,1.0,-1.4484
40,2020-W41,5,USR_008,0,USR_001,1.0,-1.5869
12,2020-W13,5,USR_008,1,USR_003,1.0,0.7148
13,2020-W14,5,USR_008,1,USR_003,1.0,0.7143
14,2020-W15,5,USR_008,1,USR_003,1.0,0.7031
15,2020-W16,5,USR_008,1,USR_003,1.0,0.6951
16,2020-W17,5,USR_008,1,USR_003,1.0,0.7191
17,2020-W18,5,USR_008,1,USR_003,1.0,0.855
18,2020-W19,5,USR_008,1,USR_003,1.0,1.2605
19,2020-W20,5,USR_008,1,USR_003,1.0,1.7664
20,2020-W21,5,USR_008,1,USR_003,1.0,1.9504
21,2020-W22,5,USR_008,1,USR_003,1.0,1.9347
22,2020-W23,5,USR_008,1,USR_003,1.0,1.8556
23,2020-W24,5,USR_008,1,USR_003,1.0,1.7673
24,2020-W25,5,USR_008,1,USR_003,1.0,1.6953
25,2020-W26,5,USR_008,1,USR_003,1.0,1.6512
26,2020-W27,5,USR_008,1,USR_003,1.0,1.641
27,2020-W28,5,USR_008,1,USR_003,1.0,-1.6173
28,2020-W29,5,USR_008,1,USR_003,1.0,-1.59
29,2020-W30,5,USR_008,1,USR_003,1.0,-1.6195
30,2020-W31,5,USR_008,1,USR_003,1.0,-1.6659
31,2020-W32,5,USR_008,1,USR_003,1.0,-1.726
32,2020-W33,5,USR_008,1,USR_003,1.0,-1.7938
33,2020-W34,5,USR_008,1,USR_003,1.0,-1.8562
34,2020-W35,5,USR_008,1,USR_003,1.0,-1.895
35,2020-W36,5,USR_008,1,USR_003,1.0,-1.8833
36,2020-W37,5,USR_008,1,USR_003,1.0,-1.7732
37,2020-W38,5,USR_008,1,USR_003,1.0,-1.5011
38,2020-W39,5,USR_008,1,USR_003,1.0,-1.0519
39,2020-W40,5,USR_008,1,USR_003,1.0,-0.5353
40,2020-W41,5,USR_008,1,USR_003,1.0,-0.0648
12,2020-W13,5,USR_008,2,USR_004,1.0,1.6951
13,2020-W14,5,USR_008,2,USR_004,1.0,1.7162
14,2020-W15,5,USR_008,2,USR_004,1.0,1.2074
15,2020-W16,5,USR_008,2,USR_004,1.0,0.3748
16,2020-W17,5,USR_008,2,USR_004,1.0,-0.1232
17,2020-W18,5,USR_008,2,USR_004,1.0,-0.4456
18,2020-W19,5,USR_008,2,USR_004,1.0,-0.7675
19,2020-W20,5,USR_008,2,USR_004,1.0,-1.123
20,2020-W21,5,USR_008,2,USR_004,1.0,-1.4012
21,2020-W22,5,USR_008,2,USR_004,1.0,-1.4934
22,2020-W23,5,USR_008,2,USR_004,1.0,-1.4136
23,2020-W24,5,USR_008,2,USR_004,1.0,-1.2248
24,2020-W25,5,USR_008,2,USR_004,1.0,-0.9947
25,2020-W26,5,USR_008,2,USR_004,1.0,-0.7752
26,2020-W27,5,USR_008,2,USR_004,1.0,-0.5901
27,2020-W28,5,USR_008,2,USR_004,1.0,-0.4469
28,2020-W29,5,USR_008,2,USR_004,1.0,-0.3462
29,2020-W30,5,USR_008,2,USR_004,1.0,-0.2832
30,2020-W31,5,USR_008,2,USR_004,1.0,-0.2505
31,2020-W32,5,USR_008,2,USR_004,1.0,-0.2401
32,2020-W33,5,USR_008,2,USR_004,1.0,-0.241
33,2020-W34,5,USR_008,2,USR_004,1.0,-0.2301
34,2020-W35,5,USR_008,2,USR_004,1.0,-0.143
35,2020-W36,5,USR_008,2,USR_004,1.0,0.2953
36,2020-W37,5,USR_008,2,USR_004,1.0,1.3729
37,2020-W38,5,USR_008,2,USR_004,1.0,1.8034
38,2020-W39,5,USR_008,2,USR_004,1.0,1.9599
39,2020-W40,5,USR_008,2,USR_004,1.0,2.1087
40,2020-W41,5,USR_008,2,USR_004,1.0,2.3086
12,2020-W13,5,USR_008,3,USR_005,1.0,0.4505
13,2020-W14,5,USR_008,3,USR_005,1.0,0.6958
14,2020-W15,5,USR_008,3,USR_005,1.0,0.938
15,2020-W16,5,USR_008,3,USR_005,1.0,1.1198
16,2020-W17,5,USR_008,3,USR_005,1.0,1.206
17,2020-W18,5,USR_008,3,USR_005,1.0,1.172
18,2020-W19,5,USR_008,3,USR_005,1.0,0.9901
19,2020-W20,5,USR_008,3,USR_005,1.0,0.6598
20,2020-W21,5,USR_008,3,USR_005,1.0,0.2878
21,2020-W22,5,USR_008,3,USR_005,1.0,0.0071
22,2020-W23,5,USR_008,3,USR_005,1.0,-0.165
23,2020-W24,5,USR_008,3,USR_005,1.0,-0.2627
24,2020-W25,5,USR_008,3,USR_005,1.0,-0.3165
25,2020-W26,5,USR_008,3,USR_005,1.0,-0.3452
26,2020-W27,5,USR_008,3,USR_005,1.0,-0.3609
27,2020-W28,5,USR_008,3,USR_005,1.0,-0.3783
28,2020-W29,5,USR_008,3,USR_005,1.0,-0.4175
29,2020-W30,5,USR_008,3,USR_005,1.0,-0.5104
30,2020-W31,5,USR_008,3,USR_005,1.0,-0.7768
31,2020-W32,5,USR_008,3,USR_005,1.0,-1.9311
32,2020-W33,5,USR_008,3,USR_005,1.0,-2.9347
33,2020-W34,5,USR_008,3,USR_005,1.0,3.0893
34,2020-W35,5,USR_008,3,USR_005,1.0,2.9682
35,2020-W36,5,USR_008,3,USR_005,1.0,2.8928
36,2020-W37,5,USR_008,3,USR_005,1.0,2.8503
37,2020-W38,5,USR_008,3,USR_005,1.0,2.8494
38,2020-W39,5,USR_008,3,USR_005,1.0,2.8994
39,2020-W40,5,USR_008,3,USR_005,1.0,3.0041
40,2020-W41,5,USR_008,3,USR_005,1.0,-3.1351
12,2020-W13,5,USR_008,4,USR_007,1.0,0.6885
13,2020-W14,5,USR_008,4,USR_007,1.0,0.7987
14,2020-W15,5,USR_008,4,USR_007,1.0,0.8145
15,2020-W16,5,USR_008,4,USR_007,1.0,0.7308
16,2020-W17,5,USR_008,4,USR_007,1.0,0.5184
17,2020-W18,5,USR_008,4,USR_007,1.0,0.129
18,2020-W19,5,USR_008,4,USR_007,1.0,-0.365
19,2020-W20,5,USR_008,4,USR_007,1.0,-0.7344
20,2020-W21,5,USR_008,4,USR_007,1.0,-0.9237
21,2020-W22,5,USR_008,4,USR_007,1.0,-0.9946
22,2020-W23,5,USR_008,4,USR_007,1.0,-0.9966
23,2020-W24,5,USR_008,4,USR_007,1.0,-0.9585
24,2020-W25,5,USR_008,4,USR_007,1.0,-0.8988
25,2020-W26,5,USR_008,4,USR_007,1.0,-0.8362
26,2020-W27,5,USR_008,4,USR_007,1.0,-0.7919
27,2020-W28,5,USR_008,4,USR_007,1.0,-0.7895
28,2020-W29,5,USR_008,4,USR_007,1.0,-0.8556
29,2020-W30,5,USR_008,4,USR_007,1.0,-1.0149
30,2020-W31,5,USR_008,4,USR_007,1.0,-1.2803
31,2020-W32,5,USR_008,4,USR_007,1.0,-1.627
32,2020-W33,5,USR_008,4,USR_007,1.0,-1.9848
33,2020-W34,5,USR_008,4,USR_007,1.0,-2.2956
34,2020-W35,5,USR_008,4,USR_007,1.0,-2.5481
35,2020-W36,5,USR_008,4,USR_007,1.0,-2.7481
36,2020-W37,5,USR_008,4,USR_007,1.0,-2.8846
37,2020-W38,5,USR_008,4,USR_007,1.0,-2.9168
38,2020-W39,5,USR_008,4,USR_007,1.0,-2.7744
39,2020-W40,5,USR_008,4,USR_007,1.0,-2.3691
40,2020-W41,5,USR_008,4,USR_007,1.0,-1.7393
12,2020-W13,5,USR_008,5,USR_008,1.0,0.0
13,2020-W14,5,USR_008,5,USR_008,1.0,0.0
14,2020-W15,5,USR_008,5,USR_008,1.0,-0.0
15,2020-W16,5,USR_008,5,USR_008,1.0,0.0
16,2020-W17,5,USR_008,5,USR_008,1.0,-0.0
17,2020-W18,5,USR_008,5,USR_008,1.0,-0.0
18,2020-W19,5,USR_008,5,USR_008,1.0,-0.0
19,2020-W20,5,USR_008,5,USR_008,1.0,-0.0
20,2020-W21,5,USR_008,5,USR_008,1.0,-0.0
21,2020-W22,5,USR_008,5,USR_008,1.0,0.0
22,2020-W23,5,USR_008,5,USR_008,1.0,-0.0
23,2020-W24,5,USR_008,5,USR_008,1.0,0.0
24,2020-W25,5,USR_008,5,USR_008,1.0,-0.0
25,2020-W26,5,USR_008,5,USR_008,1.0,-0.0
26,2020-W27,5,USR_008,5,USR_008,1.0,0.0
27,2020-W28,5,USR_008,5,USR_008,1.0,0.0
28,2020-W29,5,USR_008,5,USR_008,1.0,-0.0
29,2020-W30,5,USR_008,5,USR_008,1.0,0.0
30,2020-W31,5,USR_008,5,USR_008,1.0,-0.0
31,2020-W32,5,USR_008,5,USR_008,1.0,-0.0
32,2020-W33,5,USR_008,5,USR_008,1.0,0.0
33,2020-W34,5,USR_008,5,USR_008,1.0,0.0
34,2020-W35,5,USR_008,5,USR_008,1.0,0.0
35,2020-W36,5,USR_008,5,USR_008,1.0,0.0
36,2020-W37,5,USR_008,5,USR_008,1.0,-0.0
37,2020-W38,5,USR_008,5,USR_008,1.0,0.0
38,2020-W39,5,USR_008,5,USR_008,1.0,-0.0
39,2020-W40,5,USR_008,5,USR_008,1.0,0.0
40,2020-W41,5,USR_008,5,USR_008,1.0,-0.0
12,2020-W13,5,USR_008,6,USR_009,1.0,1.2544
13,2020-W14,5,USR_008,6,USR_009,1.0,1.4525
14,2020-W15,5,USR_008,6,USR_009,1.0,1.5596
15,2020-W16,5,USR_008,6,USR_009,1.0,1.5856
16,2020-W17,5,USR_008,6,USR_009,1.0,1.5157
17,2020-W18,5,USR_008,6,USR_009,1.0,1.2847
18,2020-W19,5,USR_008,6,USR_009,1.0,0.8103
19,2020-W20,5,USR_008,6,USR_009,1.0,0.3158
20,2020-W21,5,USR_008,6,USR_009,1.0,0.0842
21,2020-W22,5,USR_008,6,USR_009,1.0,0.0396
22,2020-W23,5,USR_008,6,USR_009,1.0,0.0854
23,2020-W24,5,USR_008,6,USR_009,1.0,0.1721
24,2020-W25,5,USR_008,6,USR_009,1.0,0.2689
25,2020-W26,5,USR_008,6,USR_009,1.0,0.3442
26,2020-W27,5,USR_008,6,USR_009,1.0,0.3504
27,2020-W28,5,USR_008,6,USR_009,1.0,0.1865
28,2020-W29,5,USR_008,6,USR_009,1.0,-0.2865
29,2020-W30,5,USR_008,6,USR_009,1.0,-0.8261
30,2020-W31,5,USR_008,6,USR_009,1.0,-1.1226
31,2020-W32,5,USR_008,6,USR_009,1.0,-1.2863
32,2020-W33,5,USR_008,6,USR_009,1.0,-1.4084
33,2020-W34,5,USR_008,6,USR_009,1.0,-1.5171
34,2020-W35,5,USR_008,6,USR_009,1.0,-1.6198
35,2020-W36,5,USR_008,6,USR_009,1.0,-1.7144
36,2020-W37,5,USR_008,6,USR_009,1.0,-1.788
37,2020-W38,5,USR_008,6,USR_009,1.0,-1.8194
38,2020-W39,5,USR_008,6,USR_009,1.0,-1.7827
39,2020-W40,5,USR_008,6,USR_009,1.0,-1.6538
40,2020-W41,5,USR_008,6,USR_009,1.0,-1.4263
12,2020-W13,5,USR_008,7,USR_002,1.0,0.7316
13,2020-W14,5,USR_008,7,USR_002,1.0,0.8392
14,2020-W15,5,USR_008,7,USR_002,1.0,0.9328
15,2020-W16,5,USR_008,7,USR_002,1.0,0.9819
16,2020-W17,5,USR_008,7,USR_002,1.0,0.9575
17,2020-W18,5,USR_008,7,USR_002,1.0,0.8216
18,2020-W19,5,USR_008,7,USR_002,1.0,0.5469
19,2020-W20,5,USR_008,7,USR_002,1.0,0.2012
20,2020-W21,5,USR_008,7,USR_002,1.0,-0.0679
21,2020-W22,5,USR_008,7,USR_002,1.0,-0.2128
22,2020-W23,5,USR_008,7,USR_002,1.0,-0.2678
23,2020-W24,5,USR_008,7,USR_002,1.0,-0.2676
24,2020-W25,5,USR_008,7,USR_002,1.0,-0.2334
25,2020-W26,5,USR_008,7,USR_002,1.0,-0.1804
26,2020-W27,5,USR_008,7,USR_002,1.0,-0.1229
27,2020-W28,5,USR_008,7,USR_002,1.0,-0.0744
28,2020-W29,5,USR_008,7,USR_002,1.0,-0.0451
29,2020-W30,5,USR_008,7,USR_002,1.0,-0.0399
30,2020-W31,5,USR_008,7,USR_002,1.0,-0.0595
31,2020-W32,5,USR_008,7,USR_002,1.0,-0.1053
32,2020-W33,5,USR_008,7,USR_002,1.0,-0.181
33,2020-W34,5,USR_008,7,USR_002,1.0,-0.2908
34,2020-W35,5,USR_008,7,USR_002,1.0,-0.4367
35,2020-W36,5,USR_008,7,USR_002,1.0,-0.6083
36,2020-W37,5,USR_008,7,USR_002,1.0,-0.773
37,2020-W38,5,USR_008,7,USR_002,1.0,-0.8902
38,2020-W39,5,USR_008,7,USR_002,1.0,-0.9305
39,2020-W40,5,USR_008,7,USR_002,1.0,-0.8838
40,2020-W41,5,USR_008,7,USR_002,1.0,-0.7682
12,2020-W13,5,USR_008,8,USR_010,1.0,2.203
13,2020-W14,5,USR_008,8,USR_010,1.0,1.9783
14,2020-W15,5,USR_008,8,USR_010,1.0,1.7467
15,2020-W16,5,USR_008,8,USR_010,1.0,1.3935
16,2020-W17,5,USR_008,8,USR_010,1.0,0.7337
17,2020-W18,5,USR_008,8,USR_010,1.0,0.0459
18,2020-W19,5,USR_008,8,USR_010,1.0,-0.2778
19,2020-W20,5,USR_008,8,USR_010,1.0,-0.3915
20,2020-W21,5,USR_008,8,USR_010,1.0,-0.4041
21,2020-W22,5,USR_008,8,USR_010,1.0,-0.3603
22,2020-W23,5,USR_008,8,USR_010,1.0,-0.2845
23,2020-W24,5,USR_008,8,USR_010,1.0,-0.1919
24,2020-W25,5,USR_008,8,USR_010,1.0,-0.0939
25,2020-W26,5,USR_008,8,USR_010,1.0,-0.0029
26,2020-W27,5,USR_008,8,USR_010,1.0,0.0652
27,2020-W28,5,USR_008,8,USR_010,1.0,0.0883
28,2020-W29,5,USR_008,8,USR_010,1.0,0.0395
29,2020-W30,5,USR_008,8,USR_010,1.0,-0.1189
30,2020-W31,5,USR_008,8,USR_010,1.0,-0.4646
31,2020-W32,5,USR_008,8,USR_010,1.0,-1.1096
32,2020-W33,5,USR_008,8,USR_010,1.0,-1.8319
33,2020-W34,5,USR_008,8,USR_010,1.0,-2.2945
34,2020-W35,5,USR_008,8,USR_010,1.0,-2.5672
35,2020-W36,5,USR_008,8,USR_010,1.0,-2.7328
36,2020-W37,5,USR_008,8,USR_010,1.0,-2.808
37,2020-W38,5,USR_008,8,USR_010,1.0,-2.7771
38,2020-W39,5,USR_008,8,USR_010,1.0,-2.6207
39,2020-W40,5,USR_008,8,USR_010,1.0,-2.3377
40,2020-W41,5,USR_008,8,USR_010,1.0,-1.9743
12,2020-W13,5,USR_008,9,USR_006,1.0,-0.6386
13,2020-W14,5,USR_008,9,USR_006,1.0,0.7312
14,2020-W15,5,USR_008,9,USR_006,1.0,1.6406
15,2020-W16,5,USR_008,9,USR_006,1.0,1.5584
16,2020-W17,5,USR_008,9,USR_006,1.0,1.3227
17,2020-W18,5,USR_008,9,USR_006,1.0,1.0524
18,2020-W19,5,USR_008,9,USR_006,1.0,0.8042
19,2020-W20,5,USR_008,9,USR_006,1.0,0.5881
20,2020-W21,5,USR_008,9,USR_006,1.0,0.3931
21,2020-W22,5,USR_008,9,USR_006,1.0,0.2016
22,2020-W23,5,USR_008,9,USR_006,1.0,0.0036
23,2020-W24,5,USR_008,9,USR_006,1.0,-0.19
24,2020-W25,5,USR_008,9,USR_006,1.0,-0.3441
25,2020-W26,5,USR_008,9,USR_006,1.0,-0.4289
26,2020-W27,5,USR_008,9,USR_006,1.0,-0.4458
27,2020-W28,5,USR_008,9,USR_006,1.0,-0.4208
28,2020-W29,5,USR_008,9,USR_006,1.0,-0.3823
29,2020-W30,5,USR_008,9,USR_006,1.0,-0.3498
30,2020-W31,5,USR_008,9,USR_006,1.0,-0.3328
31,2020-W32,5,USR_008,9,USR_006,1.0,-0.336
32,2020-W33,5,USR_008,9,USR_006,1.0,-0.3592
33,2020-W34,5,USR_008,9,USR_006,1.0,-0.3981
34,2020-W35,5,USR_008,9,USR_006,1.0,-0.4429
35,2020-W36,5,USR_008,9,USR_006,1.0,-0.4693
36,2020-W37,5,USR_008,9,USR_006,1.0,-0.4123
37,2020-W38,5,USR_008,9,USR_006,1.0,-0.0814
38,2020-W39,5,USR_008,9,USR_006,1.0,0.7052
39,2020-W40,5,USR_008,9,USR_006,1.0,1.2197
40,2020-W41,5,USR_008,9,USR_006,1.0,1.4606
12,2020-W13,6,USR_009,0,USR_001,1.0,-2.4439
13,2020-W14,6,USR_009,0,USR_001,1.0,1.6667
14,2020-W15,6,USR_009,0,USR_001,1.0,1.4022
15,2020-W16,6,USR_009,0,USR_001,1.0,1.4302
16,2020-W17,6,USR_009,0,USR_001,1.0,1.6673
17,2020-W18,6,USR_009,0,USR_001,1.0,2.1464
18,2020-W19,6,USR_009,0,USR_001,1.0,2.8492
19,2020-W20,6,USR_009,0,USR_001,1.0,-2.8163
20,2020-W21,6,USR_009,0,USR_001,1.0,-2.5815
21,2020-W22,6,USR_009,0,USR_001,1.0,-2.689
22,2020-W23,6,USR_009,0,USR_001,1.0,2.2669
23,2020-W24,6,USR_009,0,USR_001,1.0,0.8812
24,2020-W25,6,USR_009,0,USR_001,1.0,0.5731
25,2020-W26,6,USR_009,0,USR_001,1.0,0.3841
26,2020-W27,6,USR_009,0,USR_001,1.0,0.2853
27,2020-W28,6,USR_009,0,USR_001,1.0,0.3547
28,2020-W29,6,USR_009,0,USR_001,1.0,0.7182
29,2020-W30,6,USR_009,0,USR_001,1.0,1.1259
30,2020-W31,6,USR_009,0,USR_001,1.0,1.2649
31,2020-W32,6,USR_009,0,USR_001,1.0,1.2453
32,2020-W33,6,USR_009,0,USR_001,1.0,1.1597
33,2020-W34,6,USR_009,0,USR_001,1.0,1.0422
34,2020-W35,6,USR_009,0,USR_001,1.0,0.9103
35,2020-W36,6,USR_009,0,USR_001,1.0,0.7763
36,2020-W37,6,USR_009,0,USR_001,1.0,0.6468
37,2020-W38,6,USR_009,0,USR_001,1.0,0.5223
38,2020-W39,6,USR_009,0,USR_001,1.0,0.3899
39,2020-W40,6,USR_009,0,USR_001,1.0,0.2054
40,2020-W41,6,USR_009,0,USR_001,1.0,-0.1607
12,2020-W13,6,USR_009,1,USR_003,1.0,-0.5397
13,2020-W14,6,USR_009,1,USR_003,1.0,-0.7382
14,2020-W15,6,USR_009,1,USR_003,1.0,-0.8564
15,2020-W16,6,USR_009,1,USR_003,1.0,-0.8905
16,2020-W17,6,USR_009,1,USR_003,1.0,-0.7965
17,2020-W18,6,USR_009,1,USR_003,1.0,-0.4297
18,2020-W19,6,USR_009,1,USR_003,1.0,0.4502
19,2020-W20,6,USR_009,1,USR_003,1.0,1.4506
20,2020-W21,6,USR_009,1,USR_003,1.0,1.8663
21,2020-W22,6,USR_009,1,USR_003,1.0,1.8951
22,2020-W23,6,USR_009,1,USR_003,1.0,1.7702
23,2020-W24,6,USR_009,1,USR_003,1.0,1.5951
24,2020-W25,6,USR_009,1,USR_003,1.0,1.4264
25,2020-W26,6,USR_009,1,USR_003,1.0,1.3069
26,2020-W27,6,USR_009,1,USR_003,1.0,1.2906
27,2020-W28,6,USR_009,1,USR_003,1.0,-1.8038
28,2020-W29,6,USR_009,1,USR_003,1.0,-1.3035
29,2020-W30,6,USR_009,1,USR_003,1.0,-0.7935
30,2020-W31,6,USR_009,1,USR_003,1.0,-0.5433
31,2020-W32,6,USR_009,1,USR_003,1.0,-0.4397
32,2020-W33,6,USR_009,1,USR_003,1.0,-0.3854
33,2020-W34,6,USR_009,1,USR_003,1.0,-0.3391
34,2020-W35,6,USR_009,1,USR_003,1.0,-0.2751
35,2020-W36,6,USR_009,1,USR_003,1.0,-0.1689
36,2020-W37,6,USR_009,1,USR_003,1.0,0.0148
37,2020-W38,6,USR_009,1,USR_003,1.0,0.3183
38,2020-W39,6,USR_009,1,USR_003,1.0,0.7308
39,2020-W40,6,USR_009,1,USR_003,1.0,1.1185
40,2020-W41,6,USR_009,1,USR_003,1.0,1.3614
12,2020-W13,6,USR_009,2,USR_004,1.0,0.4407
13,2020-W14,6,USR_009,2,USR_004,1.0,0.2637
14,2020-W15,6,USR_009,2,USR_004,1.0,-0.3522
15,2020-W16,6,USR_009,2,USR_004,1.0,-1.2109
16,2020-W17,6,USR_009,2,USR_004,1.0,-1.6389
17,2020-W18,6,USR_009,2,USR_004,1.0,-1.7303
18,2020-W19,6,USR_009,2,USR_004,1.0,-1.5779
19,2020-W20,6,USR_009,2,USR_004,1.0,-1.4388
20,2020-W21,6,USR_009,2,USR_004,1.0,-1.4854
21,2020-W22,6,USR_009,2,USR_004,1.0,-1.533
22,2020-W23,6,USR_009,2,USR_004,1.0,-1.499
23,2020-W24,6,USR_009,2,USR_004,1.0,-1.397
24,2020-W25,6,USR_009,2,USR_004,1.0,-1.2636
25,2020-W26,6,USR_009,2,USR_004,1.0,-1.1194
26,2020-W27,6,USR_009,2,USR_004,1.0,-0.9405
27,2020-W28,6,USR_009,2,USR_004,1.0,-0.6335
28,2020-W29,6,USR_009,2,USR_004,1.0,-0.0597
29,2020-W30,6,USR_009,2,USR_004,1.0,0.5429
30,2020-W31,6,USR_009,2,USR_004,1.0,0.8721
31,2020-W32,6,USR_009,2,USR_004,1.0,1.0463
32,2020-W33,6,USR_009,2,USR_004,1.0,1.1674
33,2020-W34,6,USR_009,2,USR_004,1.0,1.287
34,2020-W35,6,USR_009,2,USR_004,1.0,1.4769
35,2020-W36,6,USR_009,2,USR_004,1.0,2.0097
36,2020-W37,6,USR_009,2,USR_004,1.0,-3.1224
37,2020-W38,6,USR_009,2,USR_004,1.0,-2.6604
38,2020-W39,6,USR_009,2,USR_004,1.0,-2.5407
39,2020-W40,6,USR_009,2,USR_004,1.0,-2.5207
40,2020-W41,6,USR_009,2,USR_004,1.0,-2.5483
12,2020-W13,6,USR_009,3,USR_005,1.0,-0.8039
13,2020-W14,6,USR_009,3,USR_005,1.0,-0.7567
14,2020-W15,6,USR_009,3,USR_005,1.0,-0.6216
15,2020-W16,6,USR_009,3,USR_005,1.0,-0.4658
16,2020-W17,6,USR_009,3,USR_005,1.0,-0.3097
17,2020-W18,6,USR_009,3,USR_005,1.0,-0.1127
18,2020-W19,6,USR_009,3,USR_005,1.0,0.1797
19,2020-W20,6,USR_009,3,USR_005,1.0,0.344
20,2020-W21,6,USR_009,3,USR_005,1.0,0.2037
21,2020-W22,6,USR_009,3,USR_005,1.0,-0.0325
22,2020-W23,6,USR_009,3,USR_005,1.0,-0.2504
23,2020-W24,6,USR_009,3,USR_005,1.0,-0.4349
24,2020-W25,6,USR_009,3,USR_005,1.0,-0.5854
25,2020-W26,6,USR_009,3,USR_005,1.0,-0.6894
26,2020-W27,6,USR_009,3,USR_005,1.0,-0.7113
27,2020-W28,6,USR_009,3,USR_005,1.0,-0.5648
28,2020-W29,6,USR_009,3,USR_005,1.0,-0.131
29,2020-W30,6,USR_009,3,USR_005,1.0,0.3157
30,2020-W31,6,USR_009,3,USR_005,1.0,0.3458
31,2020-W32,6,USR_009,3,USR_005,1.0,-0.6447
32,2020-W33,6,USR_009,3,USR_005,1.0,-1.5263
33,2020-W34,6,USR_009,3,USR_005,1.0,-1.6767
34,2020-W35,6,USR_009,3,USR_005,1.0,-1.6951
35,2020-W36,6,USR_009,3,USR_005,1.0,-1.676
36,2020-W37,6,USR_009,3,USR_005,1.0,-1.6449
37,2020-W38,6,USR_009,3,USR_005,1.0,-1.6144
38,2020-W39,6,USR_009,3,USR_005,1.0,-1.6011
39,2020-W40,6,USR_009,3,USR_005,1.0,-1.6253
40,2020-W41,6,USR_009,3,USR_005,1.0,-1.7089
12,2020-W13,6,USR_009,4,USR_007,1.0,-0.566
13,2020-W14,6,USR_009,4,USR_007,1.0,-0.6537
14,2020-W15,6,USR_009,4,USR_007,1.0,-0.7451
15,2020-W16,6,USR_009,4,USR_007,1.0,-0.8548
16,2020-W17,6,USR_009,4,USR_007,1.0,-0.9972
17,2020-W18,6,USR_009,4,USR_007,1.0,-1.1557
18,2020-W19,6,USR_009,4,USR_007,1.0,-1.1754
19,2020-W20,6,USR_009,4,USR_007,1.0,-1.0502
20,2020-W21,6,USR_009,4,USR_007,1.0,-1.0079
21,2020-W22,6,USR_009,4,USR_007,1.0,-1.0342
22,2020-W23,6,USR_009,4,USR_007,1.0,-1.082
23,2020-W24,6,USR_009,4,USR_007,1.0,-1.1306
24,2020-W25,6,USR_009,4,USR_007,1.0,-1.1677
25,2020-W26,6,USR_009,4,USR_007,1.0,-1.1805
26,2020-W27,6,USR_009,4,USR_007,1.0,-1.1423
27,2020-W28,6,USR_009,4,USR_007,1.0,-0.9761
28,2020-W29,6,USR_009,4,USR_007,1.0,-0.5691
29,2020-W30,6,USR_009,4,USR_007,1.0,-0.1889
30,2020-W31,6,USR_009,4,USR_007,1.0,-0.1577
31,2020-W32,6,USR_009,4,USR_007,1.0,-0.3406
32,2020-W33,6,USR_009,4,USR_007,1.0,-0.5764
33,2020-W34,6,USR_009,4,USR_007,1.0,-0.7785
34,2020-W35,6,USR_009,4,USR_007,1.0,-0.9282
35,2020-W36,6,USR_009,4,USR_007,1.0,-1.0337
36,2020-W37,6,USR_009,4,USR_007,1.0,-1.0967
37,2020-W38,6,USR_009,4,USR_007,1.0,-1.0974
38,2020-W39,6,USR_009,4,USR_007,1.0,-0.9918
39,2020-W40,6,USR_009,4,USR_007,1.0,-0.7153
40,2020-W41,6,USR_009,4,USR_007,1.0,-0.313
12,2020-W13,6,USR_009,5,USR_008,1.0,-1.2544
13,2020-W14,6,USR_009,5,USR_008,1.0,-1.4525
14,2020-W15,6,USR_009,5,USR_008,1.0,-1.5596
15,2020-W16,6,USR_009,5,USR_008,1.0,-1.5856
16,2020-W17,6,USR_009,5,USR_008,1.0,-1.5157
17,2020-W18,6,USR_009,5,USR_008,1.0,-1.2847
18,2020-W19,6,USR_009,5,USR_008,1.0,-0.8103
19,2020-W20,6,USR_009,5,USR_008,1.0,-0.3158
20,2020-W21,6,USR_009,5,USR_008,1.0,-0.0842
21,2020-W22,6,USR_009,5,USR_008,1.0,-0.0396
22,2020-W23,6,USR_009,5,USR_008,1.0,-0.0854
23,2020-W24,6,USR_009,5,USR_008,1.0,-0.1721
24,2020-W25,6,USR_009,5,USR_008,1.0,-0.2689
25,2020-W26,6,USR_009,5,USR_008,1.0,-0.3442
26,2020-W27,6,USR_009,5,USR_008,1.0,-0.3504
27,2020-W28,6,USR_009,5,USR_008,1.0,-0.1865
28,2020-W29,6,USR_009,5,USR_008,1.0,0.2865
29,2020-W30,6,USR_009,5,USR_008,1.0,0.8261
30,2020-W31,6,USR_009,5,USR_008,1.0,1.1226
31,2020-W32,6,USR_009,5,USR_008,1.0,1.2863
32,2020-W33,6,USR_009,5,USR_008,1.0,1.4084
33,2020-W34,6,USR_009,5,USR_008,1.0,1.5171
34,2020-W35,6,USR_009,5,USR_008,1.0,1.6198
35,2020-W36,6,USR_009,5,USR_008,1.0,1.7144
36,2020-W37,6,USR_009,5,USR_008,1.0,1.788
37,2020-W38,6,USR_009,5,USR_008,1.0,1.8194
38,2020-W39,6,USR_009,5,USR_008,1.0,1.7827
39,2020-W40,6,USR_009,5,USR_008,1.0,1.6538
40,2020-W41,6,USR_009,5,USR_008,1.0,1.4263
12,2020-W13,6,USR_009,6,USR_009,1.0,-0.0
13,2020-W14,6,USR_009,6,USR_009,1.0,-0.0
14,2020-W15,6,USR_009,6,USR_009,1.0,-0.0
15,2020-W16,6,USR_009,6,USR_009,1.0,-0.0
16,2020-W17,6,USR_009,6,USR_009,1.0,0.0
17,2020-W18,6,USR_009,6,USR_009,1.0,0.0
18,2020-W19,6,USR_009,6,USR_009,1.0,0.0
19,2020-W20,6,USR_009,6,USR_009,1.0,0.0
20,2020-W21,6,USR_009,6,USR_009,1.0,-0.0
21,2020-W22,6,USR_009,6,USR_009,1.0,-0.0
22,2020-W23,6,USR_009,6,USR_009,1.0,0.0
23,2020-W24,6,USR_009,6,USR_009,1.0,-0.0
24,2020-W25,6,USR_009,6,USR_009,1.0,-0.0
25,2020-W26,6,USR_009,6,USR_009,1.0,0.0
26,2020-W27,6,USR_009,6,USR_009,1.0,-0.0
27,2020-W28,6,USR_009,6,USR_009,1.0,0.0
28,2020-W29,6,USR_009,6,USR_009,1.0,0.0
29,2020-W30,6,USR_009,6,USR_009,1.0,0.0
30,2020-W31,6,USR_009,6,USR_009,1.0,0.0
31,2020-W32,6,USR_009,6,USR_009,1.0,0.0
32,2020-W33,6,USR_009,6,USR_009,1.0,0.0
33,2020-W34,6,USR_009,6,USR_009,1.0,0.0
34,2020-W35,6,USR_009,6,USR_009,1.0,-0.0
35,2020-W36,6,USR_009,6,USR_009,1.0,-0.0
36,2020-W37,6,USR_009,6,USR_009,1.0,-0.0
37,2020-W38,6,USR_009,6,USR_009,1.0,0.0
38,2020-W39,6,USR_009,6,USR_009,1.0,-0.0
39,2020-W40,6,USR_009,6,USR_009,1.0,-0.0
40,2020-W41,6,USR_009,6,USR_009,1.0,-0.0
12,2020-W13,6,USR_009,7,USR_002,1.0,-0.5228
13,2020-W14,6,USR_009,7,USR_002,1.0,-0.6133
14,2020-W15,6,USR_009,7,USR_002,1.0,-0.6268
15,2020-W16,6,USR_009,7,USR_002,1.0,-0.6038
16,2020-W17,6,USR_009,7,USR_002,1.0,-0.5582
17,2020-W18,6,USR_009,7,USR_002,1.0,-0.4631
18,2020-W19,6,USR_009,7,USR_002,1.0,-0.2635
19,2020-W20,6,USR_009,7,USR_002,1.0,-0.1146
20,2020-W21,6,USR_009,7,USR_002,1.0,-0.1521
21,2020-W22,6,USR_009,7,USR_002,1.0,-0.2524
22,2020-W23,6,USR_009,7,USR_002,1.0,-0.3532
23,2020-W24,6,USR_009,7,USR_002,1.0,-0.4397
24,2020-W25,6,USR_009,7,USR_002,1.0,-0.5023
25,2020-W26,6,USR_009,7,USR_002,1.0,-0.5246
26,2020-W27,6,USR_009,7,USR_002,1.0,-0.4733
27,2020-W28,6,USR_009,7,USR_002,1.0,-0.2609
28,2020-W29,6,USR_009,7,USR_002,1.0,0.2414
29,2020-W30,6,USR_009,7,USR_002,1.0,0.7861
30,2020-W31,6,USR_009,7,USR_002,1.0,1.0631
31,2020-W32,6,USR_009,7,USR_002,1.0,1.181
32,2020-W33,6,USR_009,7,USR_002,1.0,1.2274
33,2020-W34,6,USR_009,7,USR_002,1.0,1.2264
34,2020-W35,6,USR_009,7,USR_002,1.0,1.1831
35,2020-W36,6,USR_009,7,USR_002,1.0,1.1061
36,2020-W37,6,USR_009,7,USR_002,1.0,1.015
37,2020-W38,6,USR_009,7,USR_002,1.0,0.9292
38,2020-W39,6,USR_009,7,USR_002,1.0,0.8521
39,2020-W40,6,USR_009,7,USR_002,1.0,0.77
40,2020-W41,6,USR_009,7,USR_002,1.0,0.6581
12,2020-W13,6,USR_009,8,USR_010,1.0,0.9485
13,2020-W14,6,USR_009,8,USR_010,1.0,0.5258
14,2020-W15,6,USR_009,8,USR_010,1.0,0.1872
15,2020-W16,6,USR_009,8,USR_010,1.0,-0.1921
16,2020-W17,6,USR_009,8,USR_010,1.0,-0.782
17,2020-W18,6,USR_009,8,USR_010,1.0,-1.2388
18,2020-W19,6,USR_009,8,USR_010,1.0,-1.0881
19,2020-W20,6,USR_009,8,USR_010,1.0,-0.7073
20,2020-W21,6,USR_009,8,USR_010,1.0,-0.4883
21,2020-W22,6,USR_009,8,USR_010,1.0,-0.4
22,2020-W23,6,USR_009,8,USR_010,1.0,-0.3698
23,2020-W24,6,USR_009,8,USR_010,1.0,-0.364
24,2020-W25,6,USR_009,8,USR_010,1.0,-0.3628
25,2020-W26,6,USR_009,8,USR_010,1.0,-0.3471
26,2020-W27,6,USR_009,8,USR_010,1.0,-0.2852
27,2020-W28,6,USR_009,8,USR_010,1.0,-0.0983
28,2020-W29,6,USR_009,8,USR_010,1.0,0.326
29,2020-W30,6,USR_009,8,USR_010,1.0,0.7071
30,2020-W31,6,USR_009,8,USR_010,1.0,0.658
31,2020-W32,6,USR_009,8,USR_010,1.0,0.1768
32,2020-W33,6,USR_009,8,USR_010,1.0,-0.4236
33,2020-W34,6,USR_009,8,USR_010,1.0,-0.7773
34,2020-W35,6,USR_009,8,USR_010,1.0,-0.9474
35,2020-W36,6,USR_009,8,USR_010,1.0,-1.0184
36,2020-W37,6,USR_009,8,USR_010,1.0,-1.02
37,2020-W38,6,USR_009,8,USR_010,1.0,-0.9577
38,2020-W39,6,USR_009,8,USR_010,1.0,-0.838
39,2020-W40,6,USR_009,8,USR_010,1.0,-0.6839
40,2020-W41,6,USR_009,8,USR_010,1.0,-0.548
12,2020-W13,6,USR_009,9,USR_006,1.0,-1.893
13,2020-W14,6,USR_009,9,USR_006,1.0,-0.7213
14,2020-W15,6,USR_009,9,USR_006,1.0,0.081
15,2020-W16,6,USR_009,9,USR_006,1.0,-0.0272
16,2020-W17,6,USR_009,9,USR_006,1.0,-0.193
17,2020-W18,6,USR_009,9,USR_006,1.0,-0.2323
18,2020-W19,6,USR_009,9,USR_006,1.0,-0.0062
19,2020-W20,6,USR_009,9,USR_006,1.0,0.2723
20,2020-W21,6,USR_009,9,USR_006,1.0,0.3089
21,2020-W22,6,USR_009,9,USR_006,1.0,0.162
22,2020-W23,6,USR_009,9,USR_006,1.0,-0.0818
23,2020-W24,6,USR_009,9,USR_006,1.0,-0.3621
24,2020-W25,6,USR_009,9,USR_006,1.0,-0.613
25,2020-W26,6,USR_009,9,USR_006,1.0,-0.7731
26,2020-W27,6,USR_009,9,USR_006,1.0,-0.7962
27,2020-W28,6,USR_009,9,USR_006,1.0,-0.6073
28,2020-W29,6,USR_009,9,USR_006,1.0,-0.0958
29,2020-W30,6,USR_009,9,USR_006,1.0,0.4763
30,2020-W31,6,USR_009,9,USR_006,1.0,0.7897
31,2020-W32,6,USR_009,9,USR_006,1.0,0.9503
32,2020-W33,6,USR_009,9,USR_006,1.0,1.0492
33,2020-W34,6,USR_009,9,USR_006,1.0,1.119
34,2020-W35,6,USR_009,9,USR_006,1.0,1.1769
35,2020-W36,6,USR_009,9,USR_006,1.0,1.2451
36,2020-W37,6,USR_009,9,USR_006,1.0,1.3757
37,2020-W38,6,USR_009,9,USR_006,1.0,1.7379
38,2020-W39,6,USR_009,9,USR_006,1.0,2.4879
39,2020-W40,6,USR_009,9,USR_006,1.0,2.8735
40,2020-W41,6,USR_009,9,USR_006,1.0,2.8869
12,2020-W13,7,USR_002,0,USR_001,1.0,-1.9211
13,2020-W14,7,USR_002,0,USR_001,1.0,2.28
14,2020-W15,7,USR_002,0,USR_001,1.0,2.029
15,2020-W16,7,USR_002,0,USR_001,1.0,2.0339
16,2020-W17,7,USR_002,0,USR_001,1.0,2.2255
17,2020-W18,7,USR_002,0,USR_001,1.0,2.6095
18,2020-W19,7,USR_002,0,USR_001,1.0,3.1126
19,2020-W20,7,USR_002,0,USR_001,1.0,-2.7017
20,2020-W21,7,USR_002,0,USR_001,1.0,-2.4294
21,2020-W22,7,USR_002,0,USR_001,1.0,-2.4366
22,2020-W23,7,USR_002,0,USR_001,1.0,2.62
23,2020-W24,7,USR_002,0,USR_001,1.0,1.3209
24,2020-W25,7,USR_002,0,USR_001,1.0,1.0754
25,2020-W26,7,USR_002,0,USR_001,1.0,0.9087
26,2020-W27,7,USR_002,0,USR_001,1.0,0.7586
27,2020-W28,7,USR_002,0,USR_001,1.0,0.6156
28,2020-W29,7,USR_002,0,USR_001,1.0,0.4768
29,2020-W30,7,USR_002,0,USR_001,1.0,0.3397
30,2020-W31,7,USR_002,0,USR_001,1.0,0.2019
31,2020-W32,7,USR_002,0,USR_001,1.0,0.0643
32,2020-W33,7,USR_002,0,USR_001,1.0,-0.0677
33,2020-W34,7,USR_002,0,USR_001,1.0,-0.1842
34,2020-W35,7,USR_002,0,USR_001,1.0,-0.2728
35,2020-W36,7,USR_002,0,USR_001,1.0,-0.3298
36,2020-W37,7,USR_002,0,USR_001,1.0,-0.3682
37,2020-W38,7,USR_002,0,USR_001,1.0,-0.4069
38,2020-W39,7,USR_002,0,USR_001,1.0,-0.4623
39,2020-W40,7,USR_002,0,USR_001,1.0,-0.5646
40,2020-W41,7,USR_002,0,USR_001,1.0,-0.8188
12,2020-W13,7,USR_002,1,USR_003,1.0,-0.0169
13,2020-W14,7,USR_002,1,USR_003,1.0,-0.1249
14,2020-W15,7,USR_002,1,USR_003,1.0,-0.2296
15,2020-W16,7,USR_002,1,USR_003,1.0,-0.2868
16,2020-W17,7,USR_002,1,USR_003,1.0,-0.2383
17,2020-W18,7,USR_002,1,USR_003,1.0,0.0334
18,2020-W19,7,USR_002,1,USR_003,1.0,0.7136
19,2020-W20,7,USR_002,1,USR_003,1.0,1.5652
20,2020-W21,7,USR_002,1,USR_003,1.0,2.0184
21,2020-W22,7,USR_002,1,USR_003,1.0,2.1475
22,2020-W23,7,USR_002,1,USR_003,1.0,2.1234
23,2020-W24,7,USR_002,1,USR_003,1.0,2.0349
24,2020-W25,7,USR_002,1,USR_003,1.0,1.9287
25,2020-W26,7,USR_002,1,USR_003,1.0,1.8316
26,2020-W27,7,USR_002,1,USR_003,1.0,1.7639
27,2020-W28,7,USR_002,1,USR_003,1.0,-1.5429
28,2020-W29,7,USR_002,1,USR_003,1.0,-1.5449
29,2020-W30,7,USR_002,1,USR_003,1.0,-1.5796
30,2020-W31,7,USR_002,1,USR_003,1.0,-1.6064
31,2020-W32,7,USR_002,1,USR_003,1.0,-1.6207
32,2020-W33,7,USR_002,1,USR_003,1.0,-1.6128
33,2020-W34,7,USR_002,1,USR_003,1.0,-1.5655
34,2020-W35,7,USR_002,1,USR_003,1.0,-1.4583
35,2020-W36,7,USR_002,1,USR_003,1.0,-1.275
36,2020-W37,7,USR_002,1,USR_003,1.0,-1.0002
37,2020-W38,7,USR_002,1,USR_003,1.0,-0.6109
38,2020-W39,7,USR_002,1,USR_003,1.0,-0.1213
39,2020-W40,7,USR_002,1,USR_003,1.0,0.3485
40,2020-W41,7,USR_002,1,USR_003,1.0,0.7033
12,2020-W13,7,USR_002,2,USR_004,1.0,0.9635
13,2020-W14,7,USR_002,2,USR_004,1.0,0.877
14,2020-W15,7,USR_002,2,USR_004,1.0,0.2746
15,2020-W16,7,USR_002,2,USR_004,1.0,-0.6071
16,2020-W17,7,USR_002,2,USR_004,1.0,-1.0807
17,2020-W18,7,USR_002,2,USR_004,1.0,-1.2671
18,2020-W19,7,USR_002,2,USR_004,1.0,-1.3144
19,2020-W20,7,USR_002,2,USR_004,1.0,-1.3241
20,2020-W21,7,USR_002,2,USR_004,1.0,-1.3333
21,2020-W22,7,USR_002,2,USR_004,1.0,-1.2806
22,2020-W23,7,USR_002,2,USR_004,1.0,-1.1458
23,2020-W24,7,USR_002,2,USR_004,1.0,-0.9572
24,2020-W25,7,USR_002,2,USR_004,1.0,-0.7613
25,2020-W26,7,USR_002,2,USR_004,1.0,-0.5947
26,2020-W27,7,USR_002,2,USR_004,1.0,-0.4672
27,2020-W28,7,USR_002,2,USR_004,1.0,-0.3725
28,2020-W29,7,USR_002,2,USR_004,1.0,-0.3011
29,2020-W30,7,USR_002,2,USR_004,1.0,-0.2432
30,2020-W31,7,USR_002,2,USR_004,1.0,-0.191
31,2020-W32,7,USR_002,2,USR_004,1.0,-0.1347
32,2020-W33,7,USR_002,2,USR_004,1.0,-0.06
33,2020-W34,7,USR_002,2,USR_004,1.0,0.0607
34,2020-W35,7,USR_002,2,USR_004,1.0,0.2937
35,2020-W36,7,USR_002,2,USR_004,1.0,0.9036
36,2020-W37,7,USR_002,2,USR_004,1.0,2.1458
37,2020-W38,7,USR_002,2,USR_004,1.0,2.6936
38,2020-W39,7,USR_002,2,USR_004,1.0,2.8904
39,2020-W40,7,USR_002,2,USR_004,1.0,2.9925
40,2020-W41,7,USR_002,2,USR_004,1.0,3.0768
12,2020-W13,7,USR_002,3,USR_005,1.0,-0.2811
13,2020-W14,7,USR_002,3,USR_005,1.0,-0.1434
14,2020-W15,7,USR_002,3,USR_005,1.0,0.0052
15,2020-W16,7,USR_002,3,USR_005,1.0,0.138
16,2020-W17,7,USR_002,3,USR_005,1.0,0.2485
17,2020-W18,7,USR_002,3,USR_005,1.0,0.3504
18,2020-W19,7,USR_002,3,USR_005,1.0,0.4432
19,2020-W20,7,USR_002,3,USR_005,1.0,0.4586
20,2020-W21,7,USR_002,3,USR_005,1.0,0.3557
21,2020-W22,7,USR_002,3,USR_005,1.0,0.2199
22,2020-W23,7,USR_002,3,USR_005,1.0,0.1028
23,2020-W24,7,USR_002,3,USR_005,1.0,0.0049
24,2020-W25,7,USR_002,3,USR_005,1.0,-0.0831
25,2020-W26,7,USR_002,3,USR_005,1.0,-0.1648
26,2020-W27,7,USR_002,3,USR_005,1.0,-0.238
27,2020-W28,7,USR_002,3,USR_005,1.0,-0.3039
28,2020-W29,7,USR_002,3,USR_005,1.0,-0.3724
29,2020-W30,7,USR_002,3,USR_005,1.0,-0.4705
30,2020-W31,7,USR_002,3,USR_005,1.0,-0.7173
31,2020-W32,7,USR_002,3,USR_005,1.0,-1.8257
32,2020-W33,7,USR_002,3,USR_005,1.0,-2.7537
33,2020-W34,7,USR_002,3,USR_005,1.0,-2.9031
34,2020-W35,7,USR_002,3,USR_005,1.0,-2.8783
35,2020-W36,7,USR_002,3,USR_005,1.0,-2.782
36,2020-W37,7,USR_002,3,USR_005,1.0,-2.6599
37,2020-W38,7,USR_002,3,USR_005,1.0,-2.5436
38,2020-W39,7,USR_002,3,USR_005,1.0,-2.4532
39,2020-W40,7,USR_002,3,USR_005,1.0,-2.3952
40,2020-W41,7,USR_002,3,USR_005,1.0,-2.367
12,2020-W13,7,USR_002,4,USR_007,1.0,-0.0432
13,2020-W14,7,USR_002,4,USR_007,1.0,-0.0405
14,2020-W15,7,USR_002,4,USR_007,1.0,-0.1183
15,2020-W16,7,USR_002,4,USR_007,1.0,-0.251
16,2020-W17,7,USR_002,4,USR_007,1.0,-0.4391
17,2020-W18,7,USR_002,4,USR_007,1.0,-0.6926
18,2020-W19,7,USR_002,4,USR_007,1.0,-0.9119
19,2020-W20,7,USR_002,4,USR_007,1.0,-0.9356
20,2020-W21,7,USR_002,4,USR_007,1.0,-0.8558
21,2020-W22,7,USR_002,4,USR_007,1.0,-0.7818
22,2020-W23,7,USR_002,4,USR_007,1.0,-0.7288
23,2020-W24,7,USR_002,4,USR_007,1.0,-0.6909
24,2020-W25,7,USR_002,4,USR_007,1.0,-0.6654
25,2020-W26,7,USR_002,4,USR_007,1.0,-0.6558
26,2020-W27,7,USR_002,4,USR_007,1.0,-0.669
27,2020-W28,7,USR_002,4,USR_007,1.0,-0.7152
28,2020-W29,7,USR_002,4,USR_007,1.0,-0.8105
29,2020-W30,7,USR_002,4,USR_007,1.0,-0.975
30,2020-W31,7,USR_002,4,USR_007,1.0,-1.2208
31,2020-W32,7,USR_002,4,USR_007,1.0,-1.5216
32,2020-W33,7,USR_002,4,USR_007,1.0,-1.8038
33,2020-W34,7,USR_002,4,USR_007,1.0,-2.0049
34,2020-W35,7,USR_002,4,USR_007,1.0,-2.1114
35,2020-W36,7,USR_002,4,USR_007,1.0,-2.1398
36,2020-W37,7,USR_002,4,USR_007,1.0,-2.1117
37,2020-W38,7,USR_002,4,USR_007,1.0,-2.0266
38,2020-W39,7,USR_002,4,USR_007,1.0,-1.8439
39,2020-W40,7,USR_002,4,USR_007,1.0,-1.4853
40,2020-W41,7,USR_002,4,USR_007,1.0,-0.9711
12,2020-W13,7,USR_002,5,USR_008,1.0,-0.7316
13,2020-W14,7,USR_002,5,USR_008,1.0,-0.8392
14,2020-W15,7,USR_002,5,USR_008,1.0,-0.9328
15,2020-W16,7,USR_002,5,USR_008,1.0,-0.9819
16,2020-W17,7,USR_002,5,USR_008,1.0,-0.9575
17,2020-W18,7,USR_002,5,USR_008,1.0,-0.8216
18,2020-W19,7,USR_002,5,USR_008,1.0,-0.5469
19,2020-W20,7,USR_002,5,USR_008,1.0,-0.2012
20,2020-W21,7,USR_002,5,USR_008,1.0,0.0679
21,2020-W22,7,USR_002,5,USR_008,1.0,0.2128
22,2020-W23,7,USR_002,5,USR_008,1.0,0.2678
23,2020-W24,7,USR_002,5,USR_008,1.0,0.2676
24,2020-W25,7,USR_002,5,USR_008,1.0,0.2334
25,2020-W26,7,USR_002,5,USR_008,1.0,0.1804
26,2020-W27,7,USR_002,5,USR_008,1.0,0.1229
27,2020-W28,7,USR_002,5,USR_008,1.0,0.0744
28,2020-W29,7,USR_002,5,USR_008,1.0,0.0451
29,2020-W30,7,USR_002,5,USR_008,1.0,0.0399
30,2020-W31,7,USR_002,5,USR_008,1.0,0.0595
31,2020-W32,7,USR_002,5,USR_008,1.0,0.1053
32,2020-W33,7,USR_002,5,USR_008,1.0,0.181
33,2020-W34,7,USR_002,5,USR_008,1.0,0.2908
34,2020-W35,7,USR_002,5,USR_008,1.0,0.4367
35,2020-W36,7,USR_002,5,USR_008,1.0,0.6083
36,2020-W37,7,USR_002,5,USR_008,1.0,0.773
37,2020-W38,7,USR_002,5,USR_008,1.0,0.8902
38,2020-W39,7,USR_002,5,USR_008,1.0,0.9305
39,2020-W40,7,USR_002,5,USR_008,1.0,0.8838
40,2020-W41,7,USR_002,5,USR_008,1.0,0.7682
12,2020-W13,7,USR_002,6,USR_009,1.0,0.5228
13,2020-W14,7,USR_002,6,USR_009,1.0,0.6133
14,2020-W15,7,USR_002,6,USR_009,1.0,0.6268
15,2020-W16,7,USR_002,6,USR_009,1.0,0.6038
16,2020-W17,7,USR_002,6,USR_009,1.0,0.5582
17,2020-W18,7,USR_002,6,USR_009,1.0,0.4631
18,2020-W19,7,USR_002,6,USR_009,1.0,0.2635
19,2020-W20,7,USR_002,6,USR_009,1.0,0.1146
20,2020-W21,7,USR_002,6,USR_009,1.0,0.1521
21,2020-W22,7,USR_002,6,USR_009,1.0,0.2524
22,2020-W23,7,USR_002,6,USR_009,1.0,0.3532
23,2020-W24,7,USR_002,6,USR_009,1.0,0.4397
24,2020-W25,7,USR_002,6,USR_009,1.0,0.5023
25,2020-W26,7,USR_002,6,USR_009,1.0,0.5246
26,2020-W27,7,USR_002,6,USR_009,1.0,0.4733
27,2020-W28,7,USR_002,6,USR_009,1.0,0.2609
28,2020-W29,7,USR_002,6,USR_009,1.0,-0.2414
29,2020-W30,7,USR_002,6,USR_009,1.0,-0.7861
30,2020-W31,7,USR_002,6,USR_009,1.0,-1.0631
31,2020-W32,7,USR_002,6,USR_009,1.0,-1.181
32,2020-W33,7,USR_002,6,USR_009,1.0,-1.2274
33,2020-W34,7,USR_002,6,USR_009,1.0,-1.2264
34,2020-W35,7,USR_002,6,USR_009,1.0,-1.1831
35,2020-W36,7,USR_002,6,USR_009,1.0,-1.1061
36,2020-W37,7,USR_002,6,USR_009,1.0,-1.015
37,2020-W38,7,USR_002,6,USR_009,1.0,-0.9292
38,2020-W39,7,USR_002,6,USR_009,1.0,-0.8521
39,2020-W40,7,USR_002,6,USR_009,1.0,-0.77
40,2020-W41,7,USR_002,6,USR_009,1.0,-0.6581
12,2020-W13,7,USR_002,7,USR_002,1.0,0.0
13,2020-W14,7,USR_002,7,USR_002,1.0,0.0
14,2020-W15,7,USR_002,7,USR_002,1.0,-0.0
15,2020-W16,7,USR_002,7,USR_002,1.0,-0.0
16,2020-W17,7,USR_002,7,USR_002,1.0,-0.0
17,2020-W18,7,USR_002,7,USR_002,1.0,0.0
18,2020-W19,7,USR_002,7,USR_002,1.0,0.0
19,2020-W20,7,USR_002,7,USR_002,1.0,0.0
20,2020-W21,7,USR_002,7,USR_002,1.0,0.0
21,2020-W22,7,USR_002,7,USR_002,1.0,-0.0
22,2020-W23,7,USR_002,7,USR_002,1.0,0.0
23,2020-W24,7,USR_002,7,USR_002,1.0,-0.0
24,2020-W25,7,USR_002,7,USR_002,1.0,0.0
25,2020-W26,7,USR_002,7,USR_002,1.0,-0.0
26,2020-W27,7,USR_002,7,USR_002,1.0,-0.0
27,2020-W28,7,USR_002,7,USR_002,1.0,-0.0
28,2020-W29,7,USR_002,7,USR_002,1.0,-0.0
29,2020-W30,7,USR_002,7,USR_002,1.0,-0.0
30,2020-W31,7,USR_002,7,USR_002,1.0,-0.0
31,2020-W32,7,USR_002,7,USR_002,1.0,0.0
32,2020-W33,7,USR_002,7,USR_002,1.0,-0.0
33,2020-W34,7,USR_002,7,USR_002,1.0,0.0
34,2020-W35,7,USR_002,7,USR_002,1.0,-0.0
35,2020-W36,7,USR_002,7,USR_002,1.0,0.0
36,2020-W37,7,USR_002,7,USR_002,1.0,0.0
37,2020-W38,7,USR_002,7,USR_002,1.0,-0.0
38,2020-W39,7,USR_002,7,USR_002,1.0,-0.0
39,2020-W40,7,USR_002,7,USR_002,1.0,0.0
40,2020-W41,7,USR_002,7,USR_002,1.0,0.0
12,2020-W13,7,USR_002,8,USR_010,1.0,1.4713
13,2020-W14,7,USR_002,8,USR_010,1.0,1.139
14,2020-W15,7,USR_002,8,USR_010,1.0,0.814
15,2020-W16,7,USR_002,8,USR_010,1.0,0.4116
16,2020-W17,7,USR_002,8,USR_010,1.0,-0.2238
17,2020-W18,7,USR_002,8,USR_010,1.0,-0.7757
18,2020-W19,7,USR_002,8,USR_010,1.0,-0.8247
19,2020-W20,7,USR_002,8,USR_010,1.0,-0.5927
20,2020-W21,7,USR_002,8,USR_010,1.0,-0.3362
21,2020-W22,7,USR_002,8,USR_010,1.0,-0.1476
22,2020-W23,7,USR_002,8,USR_010,1.0,-0.0167
23,2020-W24,7,USR_002,8,USR_010,1.0,0.0757
24,2020-W25,7,USR_002,8,USR_010,1.0,0.1395
25,2020-W26,7,USR_002,8,USR_010,1.0,0.1775
26,2020-W27,7,USR_002,8,USR_010,1.0,0.1881
27,2020-W28,7,USR_002,8,USR_010,1.0,0.1626
28,2020-W29,7,USR_002,8,USR_010,1.0,0.0846
29,2020-W30,7,USR_002,8,USR_010,1.0,-0.079
30,2020-W31,7,USR_002,8,USR_010,1.0,-0.4051
31,2020-W32,7,USR_002,8,USR_010,1.0,-1.0042
32,2020-W33,7,USR_002,8,USR_010,1.0,-1.651
33,2020-W34,7,USR_002,8,USR_010,1.0,-2.0037
34,2020-W35,7,USR_002,8,USR_010,1.0,-2.1305
35,2020-W36,7,USR_002,8,USR_010,1.0,-2.1245
36,2020-W37,7,USR_002,8,USR_010,1.0,-2.035
37,2020-W38,7,USR_002,8,USR_010,1.0,-1.8868
38,2020-W39,7,USR_002,8,USR_010,1.0,-1.6901
39,2020-W40,7,USR_002,8,USR_010,1.0,-1.4539
40,2020-W41,7,USR_002,8,USR_010,1.0,-1.2061
12,2020-W13,7,USR_002,9,USR_006,1.0,-1.3702
13,2020-W14,7,USR_002,9,USR_006,1.0,-0.108
14,2020-W15,7,USR_002,9,USR_006,1.0,0.7078
15,2020-W16,7,USR_002,9,USR_006,1.0,0.5766
16,2020-W17,7,USR_002,9,USR_006,1.0,0.3652
17,2020-W18,7,USR_002,9,USR_006,1.0,0.2308
18,2020-W19,7,USR_002,9,USR_006,1.0,0.2573
19,2020-W20,7,USR_002,9,USR_006,1.0,0.3869
20,2020-W21,7,USR_002,9,USR_006,1.0,0.461
21,2020-W22,7,USR_002,9,USR_006,1.0,0.4144
22,2020-W23,7,USR_002,9,USR_006,1.0,0.2714
23,2020-W24,7,USR_002,9,USR_006,1.0,0.0776
24,2020-W25,7,USR_002,9,USR_006,1.0,-0.1107
25,2020-W26,7,USR_002,9,USR_006,1.0,-0.2485
26,2020-W27,7,USR_002,9,USR_006,1.0,-0.3229
27,2020-W28,7,USR_002,9,USR_006,1.0,-0.3464
28,2020-W29,7,USR_002,9,USR_006,1.0,-0.3372
29,2020-W30,7,USR_002,9,USR_006,1.0,-0.3098
30,2020-W31,7,USR_002,9,USR_006,1.0,-0.2734
31,2020-W32,7,USR_002,9,USR_006,1.0,-0.2307
32,2020-W33,7,USR_002,9,USR_006,1.0,-0.1782
33,2020-W34,7,USR_002,9,USR_006,1.0,-0.1074
34,2020-W35,7,USR_002,9,USR_006,1.0,-0.0062
35,2020-W36,7,USR_002,9,USR_006,1.0,0.1391
36,2020-W37,7,USR_002,9,USR_006,1.0,0.3607
37,2020-W38,7,USR_002,9,USR_006,1.0,0.8088
38,2020-W39,7,USR_002,9,USR_006,1.0,1.6358
39,2020-W40,7,USR_002,9,USR_006,1.0,2.1035
40,2020-W41,7,USR_002,9,USR_006,1.0,2.2288
12,2020-W13,8,USR_010,0,USR_001,1.0,2.8907
13,2020-W14,8,USR_010,0,USR_001,1.0,1.1409
14,2020-W15,8,USR_010,0,USR_001,1.0,1.2151
15,2020-W16,8,USR_010,0,USR_001,1.0,1.6223
16,2020-W17,8,USR_010,0,USR_001,1.0,2.4493
17,2020-W18,8,USR_010,0,USR_001,1.0,-2.898
18,2020-W19,8,USR_010,0,USR_001,1.0,-2.3459
19,2020-W20,8,USR_010,0,USR_001,1.0,-2.109
20,2020-W21,8,USR_010,0,USR_001,1.0,-2.0932
21,2020-W22,8,USR_010,0,USR_001,1.0,-2.289
22,2020-W23,8,USR_010,0,USR_001,1.0,2.6367
23,2020-W24,8,USR_010,0,USR_001,1.0,1.2452
24,2020-W25,8,USR_010,0,USR_001,1.0,0.9359
25,2020-W26,8,USR_010,0,USR_001,1.0,0.7312
26,2020-W27,8,USR_010,0,USR_001,1.0,0.5705
27,2020-W28,8,USR_010,0,USR_001,1.0,0.4529
28,2020-W29,8,USR_010,0,USR_001,1.0,0.3922
29,2020-W30,8,USR_010,0,USR_001,1.0,0.4187
30,2020-W31,8,USR_010,0,USR_001,1.0,0.607
31,2020-W32,8,USR_010,0,USR_001,1.0,1.0685
32,2020-W33,8,USR_010,0,USR_001,1.0,1.5833
33,2020-W34,8,USR_010,0,USR_001,1.0,1.8195
34,2020-W35,8,USR_010,0,USR_001,1.0,1.8577
35,2020-W36,8,USR_010,0,USR_001,1.0,1.7947
36,2020-W37,8,USR_010,0,USR_001,1.0,1.6669
37,2020-W38,8,USR_010,0,USR_001,1.0,1.4799
38,2020-W39,8,USR_010,0,USR_001,1.0,1.2279
39,2020-W40,8,USR_010,0,USR_001,1.0,0.8893
40,2020-W41,8,USR_010,0,USR_001,1.0,0.3873
12,2020-W13,8,USR_010,1,USR_003,1.0,-1.4882
13,2020-W14,8,USR_010,1,USR_003,1.0,-1.2639
14,2020-W15,8,USR_010,1,USR_003,1.0,-1.0436
15,2020-W16,8,USR_010,1,USR_003,1.0,-0.6984
16,2020-W17,8,USR_010,1,USR_003,1.0,-0.0146
17,2020-W18,8,USR_010,1,USR_003,1.0,0.809
18,2020-W19,8,USR_010,1,USR_003,1.0,1.5383
19,2020-W20,8,USR_010,1,USR_003,1.0,2.1579
20,2020-W21,8,USR_010,1,USR_003,1.0,2.3546
21,2020-W22,8,USR_010,1,USR_003,1.0,2.2951
22,2020-W23,8,USR_010,1,USR_003,1.0,2.1401
23,2020-W24,8,USR_010,1,USR_003,1.0,1.9591
24,2020-W25,8,USR_010,1,USR_003,1.0,1.7892
25,2020-W26,8,USR_010,1,USR_003,1.0,1.654
26,2020-W27,8,USR_010,1,USR_003,1.0,1.5758
27,2020-W28,8,USR_010,1,USR_003,1.0,-1.7056
28,2020-W29,8,USR_010,1,USR_003,1.0,-1.6295
29,2020-W30,8,USR_010,1,USR_003,1.0,-1.5006
30,2020-W31,8,USR_010,1,USR_003,1.0,-1.2013
31,2020-W32,8,USR_010,1,USR_003,1.0,-0.6165
32,2020-W33,8,USR_010,1,USR_003,1.0,0.0382
33,2020-W34,8,USR_010,1,USR_003,1.0,0.4383
34,2020-W35,8,USR_010,1,USR_003,1.0,0.6722
35,2020-W36,8,USR_010,1,USR_003,1.0,0.8495
36,2020-W37,8,USR_010,1,USR_003,1.0,1.0348
37,2020-W38,8,USR_010,1,USR_003,1.0,1.2759
38,2020-W39,8,USR_010,1,USR_003,1.0,1.5688
39,2020-W40,8,USR_010,1,USR_003,1.0,1.8023
40,2020-W41,8,USR_010,1,USR_003,1.0,1.9094
12,2020-W13,8,USR_010,2,USR_004,1.0,-0.5078
13,2020-W14,8,USR_010,2,USR_004,1.0,-0.262
14,2020-W15,8,USR_010,2,USR_004,1.0,-0.5393
15,2020-W16,8,USR_010,2,USR_004,1.0,-1.0187
16,2020-W17,8,USR_010,2,USR_004,1.0,-0.857
17,2020-W18,8,USR_010,2,USR_004,1.0,-0.4915
18,2020-W19,8,USR_010,2,USR_004,1.0,-0.4897
19,2020-W20,8,USR_010,2,USR_004,1.0,-0.7315
20,2020-W21,8,USR_010,2,USR_004,1.0,-0.9971
21,2020-W22,8,USR_010,2,USR_004,1.0,-1.133
22,2020-W23,8,USR_010,2,USR_004,1.0,-1.1291
23,2020-W24,8,USR_010,2,USR_004,1.0,-1.033
24,2020-W25,8,USR_010,2,USR_004,1.0,-0.9007
25,2020-W26,8,USR_010,2,USR_004,1.0,-0.7723
26,2020-W27,8,USR_010,2,USR_004,1.0,-0.6552
27,2020-W28,8,USR_010,2,USR_004,1.0,-0.5352
28,2020-W29,8,USR_010,2,USR_004,1.0,-0.3857
29,2020-W30,8,USR_010,2,USR_004,1.0,-0.1642
30,2020-W31,8,USR_010,2,USR_004,1.0,0.2141
31,2020-W32,8,USR_010,2,USR_004,1.0,0.8695
32,2020-W33,8,USR_010,2,USR_004,1.0,1.591
33,2020-W34,8,USR_010,2,USR_004,1.0,2.0644
34,2020-W35,8,USR_010,2,USR_004,1.0,2.4242
35,2020-W36,8,USR_010,2,USR_004,1.0,3.0281
36,2020-W37,8,USR_010,2,USR_004,1.0,-2.1023
37,2020-W38,8,USR_010,2,USR_004,1.0,-1.7027
38,2020-W39,8,USR_010,2,USR_004,1.0,-1.7027
39,2020-W40,8,USR_010,2,USR_004,1.0,-1.8369
40,2020-W41,8,USR_010,2,USR_004,1.0,-2.0003
12,2020-W13,8,USR_010,3,USR_005,1.0,-1.7524
13,2020-W14,8,USR_010,3,USR_005,1.0,-1.2825
14,2020-W15,8,USR_010,3,USR_005,1.0,-0.8087
15,2020-W16,8,USR_010,3,USR_005,1.0,-0.2737
16,2020-W17,8,USR_010,3,USR_005,1.0,0.4722
17,2020-W18,8,USR_010,3,USR_005,1.0,1.126
18,2020-W19,8,USR_010,3,USR_005,1.0,1.2678
19,2020-W20,8,USR_010,3,USR_005,1.0,1.0513
20,2020-W21,8,USR_010,3,USR_005,1.0,0.692
21,2020-W22,8,USR_010,3,USR_005,1.0,0.3675
22,2020-W23,8,USR_010,3,USR_005,1.0,0.1195
23,2020-W24,8,USR_010,3,USR_005,1.0,-0.0709
24,2020-W25,8,USR_010,3,USR_005,1.0,-0.2226
25,2020-W26,8,USR_010,3,USR_005,1.0,-0.3423
26,2020-W27,8,USR_010,3,USR_005,1.0,-0.4261
27,2020-W28,8,USR_010,3,USR_005,1.0,-0.4665
28,2020-W29,8,USR_010,3,USR_005,1.0,-0.457
29,2020-W30,8,USR_010,3,USR_005,1.0,-0.3915
30,2020-W31,8,USR_010,3,USR_005,1.0,-0.3122
31,2020-W32,8,USR_010,3,USR_005,1.0,-0.8215
32,2020-W33,8,USR_010,3,USR_005,1.0,-1.1027
33,2020-W34,8,USR_010,3,USR_005,1.0,-0.8994
34,2020-W35,8,USR_010,3,USR_005,1.0,-0.7478
35,2020-W36,8,USR_010,3,USR_005,1.0,-0.6576
36,2020-W37,8,USR_010,3,USR_005,1.0,-0.6249
37,2020-W38,8,USR_010,3,USR_005,1.0,-0.6567
38,2020-W39,8,USR_010,3,USR_005,1.0,-0.7631
39,2020-W40,8,USR_010,3,USR_005,1.0,-0.9414
40,2020-W41,8,USR_010,3,USR_005,1.0,-1.1609
12,2020-W13,8,USR_010,4,USR_007,1.0,-1.5145
13,2020-W14,8,USR_010,4,USR_007,1.0,-1.1795
14,2020-W15,8,USR_010,4,USR_007,1.0,-0.9322
15,2020-W16,8,USR_010,4,USR_007,1.0,-0.6627
16,2020-W17,8,USR_010,4,USR_007,1.0,-0.2153
17,2020-W18,8,USR_010,4,USR_007,1.0,0.0831
18,2020-W19,8,USR_010,4,USR_007,1.0,-0.0873
19,2020-W20,8,USR_010,4,USR_007,1.0,-0.3429
20,2020-W21,8,USR_010,4,USR_007,1.0,-0.5196
21,2020-W22,8,USR_010,4,USR_007,1.0,-0.6342
22,2020-W23,8,USR_010,4,USR_007,1.0,-0.7122
23,2020-W24,8,USR_010,4,USR_007,1.0,-0.7666
24,2020-W25,8,USR_010,4,USR_007,1.0,-0.8049
25,2020-W26,8,USR_010,4,USR_007,1.0,-0.8334
26,2020-W27,8,USR_010,4,USR_007,1.0,-0.857
27,2020-W28,8,USR_010,4,USR_007,1.0,-0.8778
28,2020-W29,8,USR_010,4,USR_007,1.0,-0.8951
29,2020-W30,8,USR_010,4,USR_007,1.0,-0.896
30,2020-W31,8,USR_010,4,USR_007,1.0,-0.8157
31,2020-W32,8,USR_010,4,USR_007,1.0,-0.5174
32,2020-W33,8,USR_010,4,USR_007,1.0,-0.1529
33,2020-W34,8,USR_010,4,USR_007,1.0,-0.0011
34,2020-W35,8,USR_010,4,USR_007,1.0,0.0191
35,2020-W36,8,USR_010,4,USR_007,1.0,-0.0153
36,2020-W37,8,USR_010,4,USR_007,1.0,-0.0766
37,2020-W38,8,USR_010,4,USR_007,1.0,-0.1398
38,2020-W39,8,USR_010,4,USR_007,1.0,-0.1538
39,2020-W40,8,USR_010,4,USR_007,1.0,-0.0314
40,2020-W41,8,USR_010,4,USR_007,1.0,0.235
12,2020-W13,8,USR_010,5,USR_008,1.0,-2.203
13,2020-W14,8,USR_010,5,USR_008,1.0,-1.9783
14,2020-W15,8,USR_010,5,USR_008,1.0,-1.7467
15,2020-W16,8,USR_010,5,USR_008,1.0,-1.3935
16,2020-W17,8,USR_010,5,USR_008,1.0,-0.7337
17,2020-W18,8,USR_010,5,USR_008,1.0,-0.0459
18,2020-W19,8,USR_010,5,USR_008,1.0,0.2778
19,2020-W20,8,USR_010,5,USR_008,1.0,0.3915
20,2020-W21,8,USR_010,5,USR_008,1.0,0.4041
21,2020-W22,8,USR_010,5,USR_008,1.0,0.3603
22,2020-W23,8,USR_010,5,USR_008,1.0,0.2845
23,2020-W24,8,USR_010,5,USR_008,1.0,0.1919
24,2020-W25,8,USR_010,5,USR_008,1.0,0.0939
25,2020-W26,8,USR_010,5,USR_008,1.0,0.0029
26,2020-W27,8,USR_010,5,USR_008,1.0,-0.0652
27,2020-W28,8,USR_010,5,USR_008,1.0,-0.0883
28,2020-W29,8,USR_010,5,USR_008,1.0,-0.0395
29,2020-W30,8,USR_010,5,USR_008,1.0,0.1189
30,2020-W31,8,USR_010,5,USR_008,1.0,0.4646
31,2020-W32,8,USR_010,5,USR_008,1.0,1.1096
32,2020-W33,8,USR_010,5,USR_008,1.0,1.8319
33,2020-W34,8,USR_010,5,USR_008,1.0,2.2945
34,2020-W35,8,USR_010,5,USR_008,1.0,2.5672
35,2020-W36,8,USR_010,5,USR_008,1.0,2.7328
36,2020-W37,8,USR_010,5,USR_008,1.0,2.808
37,2020-W38,8,USR_010,5,USR_008,1.0,2.7771
38,2020-W39,8,USR_010,5,USR_008,1.0,2.6207
39,2020-W40,8,USR_010,5,USR_008,1.0,2.3377
40,2020-W41,8,USR_010,5,USR_008,1.0,1.9743
12,2020-W13,8,USR_010,6,USR_009,1.0,-0.9485
13,2020-W14,8,USR_010,6,USR_009,1.0,-0.5258
14,2020-W15,8,USR_010,6,USR_009,1.0,-0.1872
15,2020-W16,8,USR_010,6,USR_009,1.0,0.1921
16,2020-W17,8,USR_010,6,USR_009,1.0,0.782
17,2020-W18,8,USR_010,6,USR_009,1.0,1.2388
18,2020-W19,8,USR_010,6,USR_009,1.0,1.0881
19,2020-W20,8,USR_010,6,USR_009,1.0,0.7073
20,2020-W21,8,USR_010,6,USR_009,1.0,0.4883
21,2020-W22,8,USR_010,6,USR_009,1.0,0.4
22,2020-W23,8,USR_010,6,USR_009,1.0,0.3698
23,2020-W24,8,USR_010,6,USR_009,1.0,0.364
24,2020-W25,8,USR_010,6,USR_009,1.0,0.3628
25,2020-W26,8,USR_010,6,USR_009,1.0,0.3471
26,2020-W27,8,USR_010,6,USR_009,1.0,0.2852
27,2020-W28,8,USR_010,6,USR_009,1.0,0.0983
28,2020-W29,8,USR_010,6,USR_009,1.0,-0.326
29,2020-W30,8,USR_010,6,USR_009,1.0,-0.7071
30,2020-W31,8,USR_010,6,USR_009,1.0,-0.658
31,2020-W32,8,USR_010,6,USR_009,1.0,-0.1768
32,2020-W33,8,USR_010,6,USR_009,1.0,0.4236
33,2020-W34,8,USR_010,6,USR_009,1.0,0.7773
34,2020-W35,8,USR_010,6,USR_009,1.0,0.9474
35,2020-W36,8,USR_010,6,USR_009,1.0,1.0184
36,2020-W37,8,USR_010,6,USR_009,1.0,1.02
37,2020-W38,8,USR_010,6,USR_009,1.0,0.9577
38,2020-W39,8,USR_010,6,USR_009,1.0,0.838
39,2020-W40,8,USR_010,6,USR_009,1.0,0.6839
40,2020-W41,8,USR_010,6,USR_009,1.0,0.548
12,2020-W13,8,USR_010,7,USR_002,1.0,-1.4713
13,2020-W14,8,USR_010,7,USR_002,1.0,-1.139
14,2020-W15,8,USR_010,7,USR_002,1.0,-0.814
15,2020-W16,8,USR_010,7,USR_002,1.0,-0.4116
16,2020-W17,8,USR_010,7,USR_002,1.0,0.2238
17,2020-W18,8,USR_010,7,USR_002,1.0,0.7757
18,2020-W19,8,USR_010,7,USR_002,1.0,0.8247
19,2020-W20,8,USR_010,7,USR_002,1.0,0.5927
20,2020-W21,8,USR_010,7,USR_002,1.0,0.3362
21,2020-W22,8,USR_010,7,USR_002,1.0,0.1476
22,2020-W23,8,USR_010,7,USR_002,1.0,0.0167
23,2020-W24,8,USR_010,7,USR_002,1.0,-0.0757
24,2020-W25,8,USR_010,7,USR_002,1.0,-0.1395
25,2020-W26,8,USR_010,7,USR_002,1.0,-0.1775
26,2020-W27,8,USR_010,7,USR_002,1.0,-0.1881
27,2020-W28,8,USR_010,7,USR_002,1.0,-0.1626
28,2020-W29,8,USR_010,7,USR_002,1.0,-0.0846
29,2020-W30,8,USR_010,7,USR_002,1.0,0.079
30,2020-W31,8,USR_010,7,USR_002,1.0,0.4051
31,2020-W32,8,USR_010,7,USR_002,1.0,1.0042
32,2020-W33,8,USR_010,7,USR_002,1.0,1.651
33,2020-W34,8,USR_010,7,USR_002,1.0,2.0037
34,2020-W35,8,USR_010,7,USR_002,1.0,2.1305
35,2020-W36,8,USR_010,7,USR_002,1.0,2.1245
36,2020-W37,8,USR_010,7,USR_002,1.0,2.035
37,2020-W38,8,USR_010,7,USR_002,1.0,1.8868
38,2020-W39,8,USR_010,7,USR_002,1.0,1.6901
39,2020-W40,8,USR_010,7,USR_002,1.0,1.4539
40,2020-W41,8,USR_010,7,USR_002,1.0,1.2061
12,2020-W13,8,USR_010,8,USR_010,1.0,-0.0
13,2020-W14,8,USR_010,8,USR_010,1.0,0.0
14,2020-W15,8,USR_010,8,USR_010,1.0,0.0
15,2020-W16,8,USR_010,8,USR_010,1.0,0.0
16,2020-W17,8,USR_010,8,USR_010,1.0,-0.0
17,2020-W18,8,USR_010,8,USR_010,1.0,-0.0
18,2020-W19,8,USR_010,8,USR_010,1.0,0.0
19,2020-W20,8,USR_010,8,USR_010,1.0,-0.0
20,2020-W21,8,USR_010,8,USR_010,1.0,0.0
21,2020-W22,8,USR_010,8,USR_010,1.0,0.0
22,2020-W23,8,USR_010,8,USR_010,1.0,0.0
23,2020-W24,8,USR_010,8,USR_010,1.0,-0.0
24,2020-W25,8,USR_010,8,USR_010,1.0,-0.0
25,2020-W26,8,USR_010,8,USR_010,1.0,0.0
26,2020-W27,8,USR_010,8,USR_010,1.0,0.0
27,2020-W28,8,USR_010,8,USR_010,1.0,0.0
28,2020-W29,8,USR_010,8,USR_010,1.0,0.0
29,2020-W30,8,USR_010,8,USR_010,1.0,0.0
30,2020-W31,8,USR_010,8,USR_010,1.0,0.0
31,2020-W32,8,USR_010,8,USR_010,1.0,0.0
32,2020-W33,8,USR_010,8,USR_010,1.0,0.0
33,2020-W34,8,USR_010,8,USR_010,1.0,-0.0
34,2020-W35,8,USR_010,8,USR_010,1.0,0.0
35,2020-W36,8,USR_010,8,USR_010,1.0,0.0
36,2020-W37,8,USR_010,8,USR_010,1.0,0.0
37,2020-W38,8,USR_010,8,USR_010,1.0,-0.0
38,2020-W39,8,USR_010,8,USR_010,1.0,0.0
39,2020-W40,8,USR_010,8,USR_010,1.0,0.0
40,2020-W41,8,USR_010,8,USR_010,1.0,-0.0
12,2020-W13,8,USR_010,9,USR_006,1.0,-2.8415
13,2020-W14,8,USR_010,9,USR_006,1.0,-1.247
14,2020-W15,8,USR_010,9,USR_006,1.0,-0.1061
15,2020-W16,8,USR_010,9,USR_006,1.0,0.1649
16,2020-W17,8,USR_010,9,USR_006,1.0,0.589
17,2020-W18,8,USR_010,9,USR_006,1.0,1.0064
18,2020-W19,8,USR_010,9,USR_006,1.0,1.0819
19,2020-W20,8,USR_010,9,USR_006,1.0,0.9796
20,2020-W21,8,USR_010,9,USR_006,1.0,0.7972
21,2020-W22,8,USR_010,9,USR_006,1.0,0.562
22,2020-W23,8,USR_010,9,USR_006,1.0,0.2881
23,2020-W24,8,USR_010,9,USR_006,1.0,0.0019
24,2020-W25,8,USR_010,9,USR_006,1.0,-0.2502
25,2020-W26,8,USR_010,9,USR_006,1.0,-0.426
26,2020-W27,8,USR_010,9,USR_006,1.0,-0.511
27,2020-W28,8,USR_010,9,USR_006,1.0,-0.509
28,2020-W29,8,USR_010,9,USR_006,1.0,-0.4218
29,2020-W30,8,USR_010,9,USR_006,1.0,-0.2308
30,2020-W31,8,USR_010,9,USR_006,1.0,0.1317
31,2020-W32,8,USR_010,9,USR_006,1.0,0.7735
32,2020-W33,8,USR_010,9,USR_006,1.0,1.4728
33,2020-W34,8,USR_010,9,USR_006,1.0,1.8963
34,2020-W35,8,USR_010,9,USR_006,1.0,2.1243
35,2020-W36,8,USR_010,9,USR_006,1.0,2.2635
36,2020-W37,8,USR_010,9,USR_006,1.0,2.3957
37,2020-W38,8,USR_010,9,USR_006,1.0,2.6956
38,2020-W39,8,USR_010,9,USR_006,1.0,-2.9573
39,2020-W40,8,USR_010,9,USR_006,1.0,-2.7258
40,2020-W41,8,USR_010,9,USR_006,1.0,-2.8483
12,2020-W13,9,USR_006,0,USR_001,1.0,-0.5509
13,2020-W14,9,USR_006,0,USR_001,1.0,2.388
14,2020-W15,9,USR_006,0,USR_001,1.0,1.3212
15,2020-W16,9,USR_006,0,USR_001,1.0,1.4573
16,2020-W17,9,USR_006,0,USR_001,1.0,1.8603
17,2020-W18,9,USR_006,0,USR_001,1.0,2.3787
18,2020-W19,9,USR_006,0,USR_001,1.0,2.8553
19,2020-W20,9,USR_006,0,USR_001,1.0,-3.0886
20,2020-W21,9,USR_006,0,USR_001,1.0,-2.8905
21,2020-W22,9,USR_006,0,USR_001,1.0,-2.851
22,2020-W23,9,USR_006,0,USR_001,1.0,2.3486
23,2020-W24,9,USR_006,0,USR_001,1.0,1.2433
24,2020-W25,9,USR_006,0,USR_001,1.0,1.1861
25,2020-W26,9,USR_006,0,USR_001,1.0,1.1572
26,2020-W27,9,USR_006,0,USR_001,1.0,1.0815
27,2020-W28,9,USR_006,0,USR_001,1.0,0.962
28,2020-W29,9,USR_006,0,USR_001,1.0,0.814
29,2020-W30,9,USR_006,0,USR_001,1.0,0.6496
30,2020-W31,9,USR_006,0,USR_001,1.0,0.4752
31,2020-W32,9,USR_006,0,USR_001,1.0,0.295
32,2020-W33,9,USR_006,0,USR_001,1.0,0.1105
33,2020-W34,9,USR_006,0,USR_001,1.0,-0.0768
34,2020-W35,9,USR_006,0,USR_001,1.0,-0.2666
35,2020-W36,9,USR_006,0,USR_001,1.0,-0.4689
36,2020-W37,9,USR_006,0,USR_001,1.0,-0.7288
37,2020-W38,9,USR_006,0,USR_001,1.0,-1.2157
38,2020-W39,9,USR_006,0,USR_001,1.0,-2.098
39,2020-W40,9,USR_006,0,USR_001,1.0,-2.6682
40,2020-W41,9,USR_006,0,USR_001,1.0,-3.0476
12,2020-W13,9,USR_006,1,USR_003,1.0,1.3534
13,2020-W14,9,USR_006,1,USR_003,1.0,-0.0169
14,2020-W15,9,USR_006,1,USR_003,1.0,-0.9374
15,2020-W16,9,USR_006,1,USR_003,1.0,-0.8633
16,2020-W17,9,USR_006,1,USR_003,1.0,-0.6035
17,2020-W18,9,USR_006,1,USR_003,1.0,-0.1974
18,2020-W19,9,USR_006,1,USR_003,1.0,0.4563
19,2020-W20,9,USR_006,1,USR_003,1.0,1.1783
20,2020-W21,9,USR_006,1,USR_003,1.0,1.5573
21,2020-W22,9,USR_006,1,USR_003,1.0,1.7331
22,2020-W23,9,USR_006,1,USR_003,1.0,1.852
23,2020-W24,9,USR_006,1,USR_003,1.0,1.9573
24,2020-W25,9,USR_006,1,USR_003,1.0,2.0394
25,2020-W26,9,USR_006,1,USR_003,1.0,2.08
26,2020-W27,9,USR_006,1,USR_003,1.0,2.0868
27,2020-W28,9,USR_006,1,USR_003,1.0,-1.1965
28,2020-W29,9,USR_006,1,USR_003,1.0,-1.2077
29,2020-W30,9,USR_006,1,USR_003,1.0,-1.2698
30,2020-W31,9,USR_006,1,USR_003,1.0,-1.3331
31,2020-W32,9,USR_006,1,USR_003,1.0,-1.39
32,2020-W33,9,USR_006,1,USR_003,1.0,-1.4346
33,2020-W34,9,USR_006,1,USR_003,1.0,-1.4581
34,2020-W35,9,USR_006,1,USR_003,1.0,-1.4521
35,2020-W36,9,USR_006,1,USR_003,1.0,-1.414
36,2020-W37,9,USR_006,1,USR_003,1.0,-1.3609
37,2020-W38,9,USR_006,1,USR_003,1.0,-1.4197
38,2020-W39,9,USR_006,1,USR_003,1.0,-1.7571
39,2020-W40,9,USR_006,1,USR_003,1.0,-1.7551
40,2020-W41,9,USR_006,1,USR_003,1.0,-1.5255
12,2020-W13,9,USR_006,2,USR_004,1.0,2.3337
13,2020-W14,9,USR_006,2,USR_004,1.0,0.985
14,2020-W15,9,USR_006,2,USR_004,1.0,-0.4332
15,2020-W16,9,USR_006,2,USR_004,1.0,-1.1837
16,2020-W17,9,USR_006,2,USR_004,1.0,-1.4459
17,2020-W18,9,USR_006,2,USR_004,1.0,-1.4979
18,2020-W19,9,USR_006,2,USR_004,1.0,-1.5717
19,2020-W20,9,USR_006,2,USR_004,1.0,-1.7111
20,2020-W21,9,USR_006,2,USR_004,1.0,-1.7943
21,2020-W22,9,USR_006,2,USR_004,1.0,-1.695
22,2020-W23,9,USR_006,2,USR_004,1.0,-1.4172
23,2020-W24,9,USR_006,2,USR_004,1.0,-1.0348
24,2020-W25,9,USR_006,2,USR_004,1.0,-0.6506
25,2020-W26,9,USR_006,2,USR_004,1.0,-0.3463
26,2020-W27,9,USR_006,2,USR_004,1.0,-0.1443
27,2020-W28,9,USR_006,2,USR_004,1.0,-0.0261
28,2020-W29,9,USR_006,2,USR_004,1.0,0.0362
29,2020-W30,9,USR_006,2,USR_004,1.0,0.0666
30,2020-W31,9,USR_006,2,USR_004,1.0,0.0824
31,2020-W32,9,USR_006,2,USR_004,1.0,0.0959
32,2020-W33,9,USR_006,2,USR_004,1.0,0.1182
33,2020-W34,9,USR_006,2,USR_004,1.0,0.168
34,2020-W35,9,USR_006,2,USR_004,1.0,0.2999
35,2020-W36,9,USR_006,2,USR_004,1.0,0.7645
36,2020-W37,9,USR_006,2,USR_004,1.0,1.7852
37,2020-W38,9,USR_006,2,USR_004,1.0,1.8849
38,2020-W39,9,USR_006,2,USR_004,1.0,1.2546
39,2020-W40,9,USR_006,2,USR_004,1.0,0.8889
40,2020-W41,9,USR_006,2,USR_004,1.0,0.848
12,2020-W13,9,USR_006,3,USR_005,1.0,1.0891
13,2020-W14,9,USR_006,3,USR_005,1.0,-0.0354
14,2020-W15,9,USR_006,3,USR_005,1.0,-0.7026
15,2020-W16,9,USR_006,3,USR_005,1.0,-0.4386
16,2020-W17,9,USR_006,3,USR_005,1.0,-0.1167
17,2020-W18,9,USR_006,3,USR_005,1.0,0.1196
18,2020-W19,9,USR_006,3,USR_005,1.0,0.1859
19,2020-W20,9,USR_006,3,USR_005,1.0,0.0717
20,2020-W21,9,USR_006,3,USR_005,1.0,-0.1053
21,2020-W22,9,USR_006,3,USR_005,1.0,-0.1945
22,2020-W23,9,USR_006,3,USR_005,1.0,-0.1686
23,2020-W24,9,USR_006,3,USR_005,1.0,-0.0728
24,2020-W25,9,USR_006,3,USR_005,1.0,0.0276
25,2020-W26,9,USR_006,3,USR_005,1.0,0.0837
26,2020-W27,9,USR_006,3,USR_005,1.0,0.0849
27,2020-W28,9,USR_006,3,USR_005,1.0,0.0425
28,2020-W29,9,USR_006,3,USR_005,1.0,-0.0351
29,2020-W30,9,USR_006,3,USR_005,1.0,-0.1606
30,2020-W31,9,USR_006,3,USR_005,1.0,-0.4439
31,2020-W32,9,USR_006,3,USR_005,1.0,-1.5951
32,2020-W33,9,USR_006,3,USR_005,1.0,-2.5755
33,2020-W34,9,USR_006,3,USR_005,1.0,-2.7957
34,2020-W35,9,USR_006,3,USR_005,1.0,-2.8721
35,2020-W36,9,USR_006,3,USR_005,1.0,-2.9211
36,2020-W37,9,USR_006,3,USR_005,1.0,-3.0206
37,2020-W38,9,USR_006,3,USR_005,1.0,2.9309
38,2020-W39,9,USR_006,3,USR_005,1.0,2.1942
39,2020-W40,9,USR_006,3,USR_005,1.0,1.7844
40,2020-W41,9,USR_006,3,USR_005,1.0,1.6874
12,2020-W13,9,USR_006,4,USR_007,1.0,1.327
13,2020-W14,9,USR_006,4,USR_007,1.0,0.0675
14,2020-W15,9,USR_006,4,USR_007,1.0,-0.8261
15,2020-W16,9,USR_006,4,USR_007,1.0,-0.8276
16,2020-W17,9,USR_006,4,USR_007,1.0,-0.8042
17,2020-W18,9,USR_006,4,USR_007,1.0,-0.9234
18,2020-W19,9,USR_006,4,USR_007,1.0,-1.1692
19,2020-W20,9,USR_006,4,USR_007,1.0,-1.3225
20,2020-W21,9,USR_006,4,USR_007,1.0,-1.3168
21,2020-W22,9,USR_006,4,USR_007,1.0,-1.1962
22,2020-W23,9,USR_006,4,USR_007,1.0,-1.0003
23,2020-W24,9,USR_006,4,USR_007,1.0,-0.7685
24,2020-W25,9,USR_006,4,USR_007,1.0,-0.5547
25,2020-W26,9,USR_006,4,USR_007,1.0,-0.4073
26,2020-W27,9,USR_006,4,USR_007,1.0,-0.3461
27,2020-W28,9,USR_006,4,USR_007,1.0,-0.3688
28,2020-W29,9,USR_006,4,USR_007,1.0,-0.4732
29,2020-W30,9,USR_006,4,USR_007,1.0,-0.6652
30,2020-W31,9,USR_006,4,USR_007,1.0,-0.9475
31,2020-W32,9,USR_006,4,USR_007,1.0,-1.291
32,2020-W33,9,USR_006,4,USR_007,1.0,-1.6256
33,2020-W34,9,USR_006,4,USR_007,1.0,-1.8975
34,2020-W35,9,USR_006,4,USR_007,1.0,-2.1052
35,2020-W36,9,USR_006,4,USR_007,1.0,-2.2789
36,2020-W37,9,USR_006,4,USR_007,1.0,-2.4723
37,2020-W38,9,USR_006,4,USR_007,1.0,-2.8354
38,2020-W39,9,USR_006,4,USR_007,1.0,2.8035
39,2020-W40,9,USR_006,4,USR_007,1.0,2.6943
40,2020-W41,9,USR_006,4,USR_007,1.0,3.0833
12,2020-W13,9,USR_006,5,USR_008,1.0,0.6386
13,2020-W14,9,USR_006,5,USR_008,1.0,-0.7312
14,2020-W15,9,USR_006,5,USR_008,1.0,-1.6406
15,2020-W16,9,USR_006,5,USR_008,1.0,-1.5584
16,2020-W17,9,USR_006,5,USR_008,1.0,-1.3227
17,2020-W18,9,USR_006,5,USR_008,1.0,-1.0524
18,2020-W19,9,USR_006,5,USR_008,1.0,-0.8042
19,2020-W20,9,USR_006,5,USR_008,1.0,-0.5881
20,2020-W21,9,USR_006,5,USR_008,1.0,-0.3931
21,2020-W22,9,USR_006,5,USR_008,1.0,-0.2016
22,2020-W23,9,USR_006,5,USR_008,1.0,-0.0036
23,2020-W24,9,USR_006,5,USR_008,1.0,0.19
24,2020-W25,9,USR_006,5,USR_008,1.0,0.3441
25,2020-W26,9,USR_006,5,USR_008,1.0,0.4289
26,2020-W27,9,USR_006,5,USR_008,1.0,0.4458
27,2020-W28,9,USR_006,5,USR_008,1.0,0.4208
28,2020-W29,9,USR_006,5,USR_008,1.0,0.3823
29,2020-W30,9,USR_006,5,USR_008,1.0,0.3498
30,2020-W31,9,USR_006,5,USR_008,1.0,0.3328
31,2020-W32,9,USR_006,5,USR_008,1.0,0.336
32,2020-W33,9,USR_006,5,USR_008,1.0,0.3592
33,2020-W34,9,USR_006,5,USR_008,1.0,0.3981
34,2020-W35,9,USR_006,5,USR_008,1.0,0.4429
35,2020-W36,9,USR_006,5,USR_008,1.0,0.4693
36,2020-W37,9,USR_006,5,USR_008,1.0,0.4123
37,2020-W38,9,USR_006,5,USR_008,1.0,0.0814
38,2020-W39,9,USR_006,5,USR_008,1.0,-0.7052
39,2020-W40,9,USR_006,5,USR_008,1.0,-1.2197
40,2020-W41,9,USR_006,5,USR_008,1.0,-1.4606
12,2020-W13,9,USR_006,6,USR_009,1.0,1.893
13,2020-W14,9,USR_006,6,USR_009,1.0,0.7213
14,2020-W15,9,USR_006,6,USR_009,1.0,-0.081
15,2020-W16,9,USR_006,6,USR_009,1.0,0.0272
16,2020-W17,9,USR_006,6,USR_009,1.0,0.193
17,2020-W18,9,USR_006,6,USR_009,1.0,0.2323
18,2020-W19,9,USR_006,6,USR_009,1.0,0.0062
19,2020-W20,9,USR_006,6,USR_009,1.0,-0.2723
20,2020-W21,9,USR_006,6,USR_009,1.0,-0.3089
21,2020-W22,9,USR_006,6,USR_009,1.0,-0.162
22,2020-W23,9,USR_006,6,USR_009,1.0,0.0818
23,2020-W24,9,USR_006,6,USR_009,1.0,0.3621
24,2020-W25,9,USR_006,6,USR_009,1.0,0.613
25,2020-W26,9,USR_006,6,USR_009,1.0,0.7731
26,2020-W27,9,USR_006,6,USR_009,1.0,0.7962
27,2020-W28,9,USR_006,6,USR_009,1.0,0.6073
28,2020-W29,9,USR_006,6,USR_009,1.0,0.0958
29,2020-W30,9,USR_006,6,USR_009,1.0,-0.4763
30,2020-W31,9,USR_006,6,USR_009,1.0,-0.7897
31,2020-W32,9,USR_006,6,USR_009,1.0,-0.9503
32,2020-W33,9,USR_006,6,USR_009,1.0,-1.0492
33,2020-W34,9,USR_006,6,USR_009,1.0,-1.119
34,2020-W35,9,USR_006,6,USR_009,1.0,-1.1769
35,2020-W36,9,USR_006,6,USR_009,1.0,-1.2451
36,2020-W37,9,USR_006,6,USR_009,1.0,-1.3757
37,2020-W38,9,USR_006,6,USR_009,1.0,-1.7379
38,2020-W39,9,USR_006,6,USR_009,1.0,-2.4879
39,2020-W40,9,USR_006,6,USR_009,1.0,-2.8735
40,2020-W41,9,USR_006,6,USR_009,1.0,-2.8869
12,2020-W13,9,USR_006,7,USR_002,1.0,1.3702
13,2020-W14,9,USR_006,7,USR_002,1.0,0.108
14,2020-W15,9,USR_006,7,USR_002,1.0,-0.7078
15,2020-W16,9,USR_006,7,USR_002,1.0,-0.5766
16,2020-W17,9,USR_006,7,USR_002,1.0,-0.3652
17,2020-W18,9,USR_006,7,USR_002,1.0,-0.2308
18,2020-W19,9,USR_006,7,USR_002,1.0,-0.2573
19,2020-W20,9,USR_006,7,USR_002,1.0,-0.3869
20,2020-W21,9,USR_006,7,USR_002,1.0,-0.461
21,2020-W22,9,USR_006,7,USR_002,1.0,-0.4144
22,2020-W23,9,USR_006,7,USR_002,1.0,-0.2714
23,2020-W24,9,USR_006,7,USR_002,1.0,-0.0776
24,2020-W25,9,USR_006,7,USR_002,1.0,0.1107
25,2020-W26,9,USR_006,7,USR_002,1.0,0.2485
26,2020-W27,9,USR_006,7,USR_002,1.0,0.3229
27,2020-W28,9,USR_006,7,USR_002,1.0,0.3464
28,2020-W29,9,USR_006,7,USR_002,1.0,0.3372
29,2020-W30,9,USR_006,7,USR_002,1.0,0.3098
30,2020-W31,9,USR_006,7,USR_002,1.0,0.2734
31,2020-W32,9,USR_006,7,USR_002,1.0,0.2307
32,2020-W33,9,USR_006,7,USR_002,1.0,0.1782
33,2020-W34,9,USR_006,7,USR_002,1.0,0.1074
34,2020-W35,9,USR_006,7,USR_002,1.0,0.0062
35,2020-W36,9,USR_006,7,USR_002,1.0,-0.1391
36,2020-W37,9,USR_006,7,USR_002,1.0,-0.3607
37,2020-W38,9,USR_006,7,USR_002,1.0,-0.8088
38,2020-W39,9,USR_006,7,USR_002,1.0,-1.6358
39,2020-W40,9,USR_006,7,USR_002,1.0,-2.1035
40,2020-W41,9,USR_006,7,USR_002,1.0,-2.2288
12,2020-W13,9,USR_006,8,USR_010,1.0,2.8415
13,2020-W14,9,USR_006,8,USR_010,1.0,1.247
14,2020-W15,9,USR_006,8,USR_010,1.0,0.1061
15,2020-W16,9,USR_006,8,USR_010,1.0,-0.1649
16,2020-W17,9,USR_006,8,USR_010,1.0,-0.589
17,2020-W18,9,USR_006,8,USR_010,1.0,-1.0064
18,2020-W19,9,USR_006,8,USR_010,1.0,-1.0819
19,2020-W20,9,USR_006,8,USR_010,1.0,-0.9796
20,2020-W21,9,USR_006,8,USR_010,1.0,-0.7972
21,2020-W22,9,USR_006,8,USR_010,1.0,-0.562
22,2020-W23,9,USR_006,8,USR_010,1.0,-0.2881
23,2020-W24,9,USR_006,8,USR_010,1.0,-0.0019
24,2020-W25,9,USR_006,8,USR_010,1.0,0.2502
25,2020-W26,9,USR_006,8,USR_010,1.0,0.426
26,2020-W27,9,USR_006,8,USR_010,1.0,0.511
27,2020-W28,9,USR_006,8,USR_010,1.0,0.509
28,2020-W29,9,USR_006,8,USR_010,1.0,0.4218
29,2020-W30,9,USR_006,8,USR_010,1.0,0.2308
30,2020-W31,9,USR_006,8,USR_010,1.0,-0.1317
31,2020-W32,9,USR_006,8,USR_010,1.0,-0.7735
32,2020-W33,9,USR_006,8,USR_010,1.0,-1.4728
33,2020-W34,9,USR_006,8,USR_010,1.0,-1.8963
34,2020-W35,9,USR_006,8,USR_010,1.0,-2.1243
35,2020-W36,9,USR_006,8,USR_010,1.0,-2.2635
36,2020-W37,9,USR_006,8,USR_010,1.0,-2.3957
37,2020-W38,9,USR_006,8,USR_010,1.0,-2.6956
38,2020-W39,9,USR_006,8,USR_010,1.0,2.9573
39,2020-W40,9,USR_006,8,USR_010,1.0,2.7258
40,2020-W41,9,USR_006,8,USR_010,1.0,2.8483
12,2020-W13,9,USR_006,9,USR_006,1.0,0.0
13,2020-W14,9,USR_006,9,USR_006,1.0,0.0
14,2020-W15,9,USR_006,9,USR_006,1.0,0.0
15,2020-W16,9,USR_006,9,USR_006,1.0,-0.0
16,2020-W17,9,USR_006,9,USR_006,1.0,-0.0
17,2020-W18,9,USR_006,9,USR_006,1.0,0.0
18,2020-W19,9,USR_006,9,USR_006,1.0,0.0
19,2020-W20,9,USR_006,9,USR_006,1.0,-0.0
20,2020-W21,9,USR_006,9,USR_006,1.0,0.0
21,2020-W22,9,USR_006,9,USR_006,1.0,-0.0
22,2020-W23,9,USR_006,9,USR_006,1.0,-0.0
23,2020-W24,9,USR_006,9,USR_006,1.0,-0.0
24,2020-W25,9,USR_006,9,USR_006,1.0,0.0
25,2020-W26,9,USR_006,9,USR_006,1.0,0.0
26,2020-W27,9,USR_006,9,USR_006,1.0,-0.0
27,2020-W28,9,USR_006,9,USR_006,1.0,-0.0
28,2020-W29,9,USR_006,9,USR_006,1.0,-0.0
29,2020-W30,9,USR_006,9,USR_006,1.0,-0.0
30,2020-W31,9,USR_006,9,USR_006,1.0,-0.0
31,2020-W32,9,USR_006,9,USR_006,1.0,-0.0
32,2020-W33,9,USR_006,9,USR_006,1.0,0.0
33,2020-W34,9,USR_006,9,USR_006,1.0,-0.0
34,2020-W35,9,USR_006,9,USR_006,1.0,0.0
35,2020-W36,9,USR_006,9,USR_006,1.0,-0.0
36,2020-W37,9,USR_006,9,USR_006,1.0,-0.0
37,2020-W38,9,USR_006,9,USR_006,1.0,0.0
38,2020-W39,9,USR_006,9,USR_006,1.0,-0.0
39,2020-W40,9,USR_006,9,USR_006,1.0,-0.0
40,2020-W41,9,USR_006,9,USR_006,1.0,0.0
