t_idx,time_label,src_idx,src_label,tgt_idx,tgt_label,stiffness_k,partial_corr
0,2020-01,0,00_ACC_Accounts_Payable_DPT_Admin,0,00_ACC_Accounts_Payable_DPT_Admin,0.0,0.0
0,2020-01,0,00_ACC_Accounts_Payable_DPT_Admin,1,01_ACC_Accounts_Receivable_DPT_Admin,0.0,0.0
0,2020-01,0,00_ACC_Accounts_Payable_DPT_Admin,2,02_ACC_COGS_DPT_Prod_A,0.0,0.0
0,2020-01,0,00_ACC_Accounts_Payable_DPT_Admin,3,03_ACC_COGS_DPT_Prod_B,0.0,0.0
0,2020-01,0,00_ACC_Accounts_Payable_DPT_Admin,4,04_ACC_Cash_DPT_Admin,0.0,0.0
0,2020-01,0,00_ACC_Accounts_Payable_DPT_Admin,5,05_ACC_Finished_Goods_DPT_Prod_A,0.0,0.0
0,2020-01,0,00_ACC_Accounts_Payable_DPT_Admin,6,06_ACC_Finished_Goods_DPT_Prod_B,0.0,0.0
0,2020-01,0,00_ACC_Accounts_Payable_DPT_Admin,7,07_ACC_Mfg_Overhead_Exp_DPT_Mfg_Support,0.0,0.0
0,2020-01,0,00_ACC_Accounts_Payable_DPT_Admin,8,08_ACC_Raw_Materials_DPT_Ops,0.0,0.0
0,2020-01,0,00_ACC_Accounts_Payable_DPT_Admin,9,09_ACC_Sales_Revenue_DPT_Sales,0.0,0.0
0,2020-01,0,00_ACC_Accounts_Payable_DPT_Admin,10,10_ACC_Work_In_Process_DPT_Prod_A,0.0,0.0
0,2020-01,0,00_ACC_Accounts_Payable_DPT_Admin,11,11_ACC_Work_In_Process_DPT_Prod_B,0.0,0.0
0,2020-01,0,00_ACC_Accounts_Payable_DPT_Admin,12,12_ACC_Cash,0.0,0.0
0,2020-01,0,00_ACC_Accounts_Payable_DPT_Admin,13,13_ACC_Raw_Materials,0.0,0.0
0,2020-01,0,00_ACC_Accounts_Payable_DPT_Admin,14,14_ACC_Finished_Goods,0.0,0.0
0,2020-01,0,00_ACC_Accounts_Payable_DPT_Admin,15,15_ACC_Equity_Capital,0.0,0.0
0,2020-01,1,01_ACC_Accounts_Receivable_DPT_Admin,0,00_ACC_Accounts_Payable_DPT_Admin,0.0,0.0
0,2020-01,1,01_ACC_Accounts_Receivable_DPT_Admin,1,01_ACC_Accounts_Receivable_DPT_Admin,0.0,0.0
0,2020-01,1,01_ACC_Accounts_Receivable_DPT_Admin,2,02_ACC_COGS_DPT_Prod_A,0.0,0.0
0,2020-01,1,01_ACC_Accounts_Receivable_DPT_Admin,3,03_ACC_COGS_DPT_Prod_B,0.0,0.0
0,2020-01,1,01_ACC_Accounts_Receivable_DPT_Admin,4,04_ACC_Cash_DPT_Admin,0.0,0.0
0,2020-01,1,01_ACC_Accounts_Receivable_DPT_Admin,5,05_ACC_Finished_Goods_DPT_Prod_A,0.0,0.0
0,2020-01,1,01_ACC_Accounts_Receivable_DPT_Admin,6,06_ACC_Finished_Goods_DPT_Prod_B,0.0,0.0
0,2020-01,1,01_ACC_Accounts_Receivable_DPT_Admin,7,07_ACC_Mfg_Overhead_Exp_DPT_Mfg_Support,0.0,0.0
0,2020-01,1,01_ACC_Accounts_Receivable_DPT_Admin,8,08_ACC_Raw_Materials_DPT_Ops,0.0,0.0
0,2020-01,1,01_ACC_Accounts_Receivable_DPT_Admin,9,09_ACC_Sales_Revenue_DPT_Sales,0.0,0.0
0,2020-01,1,01_ACC_Accounts_Receivable_DPT_Admin,10,10_ACC_Work_In_Process_DPT_Prod_A,0.0,0.0
0,2020-01,1,01_ACC_Accounts_Receivable_DPT_Admin,11,11_ACC_Work_In_Process_DPT_Prod_B,0.0,0.0
0,2020-01,1,01_ACC_Accounts_Receivable_DPT_Admin,12,12_ACC_Cash,0.0,0.0
0,2020-01,1,01_ACC_Accounts_Receivable_DPT_Admin,13,13_ACC_Raw_Materials,0.0,0.0
0,2020-01,1,01_ACC_Accounts_Receivable_DPT_Admin,14,14_ACC_Finished_Goods,0.0,0.0
0,2020-01,1,01_ACC_Accounts_Receivable_DPT_Admin,15,15_ACC_Equity_Capital,0.0,0.0
0,2020-01,2,02_ACC_COGS_DPT_Prod_A,0,00_ACC_Accounts_Payable_DPT_Admin,0.0,0.0
0,2020-01,2,02_ACC_COGS_DPT_Prod_A,1,01_ACC_Accounts_Receivable_DPT_Admin,0.0,0.0
0,2020-01,2,02_ACC_COGS_DPT_Prod_A,2,02_ACC_COGS_DPT_Prod_A,0.0,0.0
0,2020-01,2,02_ACC_COGS_DPT_Prod_A,3,03_ACC_COGS_DPT_Prod_B,0.0,0.0
0,2020-01,2,02_ACC_COGS_DPT_Prod_A,4,04_ACC_Cash_DPT_Admin,0.0,0.0
0,2020-01,2,02_ACC_COGS_DPT_Prod_A,5,05_ACC_Finished_Goods_DPT_Prod_A,0.0,0.0
0,2020-01,2,02_ACC_COGS_DPT_Prod_A,6,06_ACC_Finished_Goods_DPT_Prod_B,0.0,0.0
0,2020-01,2,02_ACC_COGS_DPT_Prod_A,7,07_ACC_Mfg_Overhead_Exp_DPT_Mfg_Support,0.0,0.0
0,2020-01,2,02_ACC_COGS_DPT_Prod_A,8,08_ACC_Raw_Materials_DPT_Ops,0.0,0.0
0,2020-01,2,02_ACC_COGS_DPT_Prod_A,9,09_ACC_Sales_Revenue_DPT_Sales,0.0,0.0
0,2020-01,2,02_ACC_COGS_DPT_Prod_A,10,10_ACC_Work_In_Process_DPT_Prod_A,0.0,0.0
0,2020-01,2,02_ACC_COGS_DPT_Prod_A,11,11_ACC_Work_In_Process_DPT_Prod_B,0.0,0.0
0,2020-01,2,02_ACC_COGS_DPT_Prod_A,12,12_ACC_Cash,0.0,0.0
0,2020-01,2,02_ACC_COGS_DPT_Prod_A,13,13_ACC_Raw_Materials,0.0,0.0
0,2020-01,2,02_ACC_COGS_DPT_Prod_A,14,14_ACC_Finished_Goods,0.0,0.0
0,2020-01,2,02_ACC_COGS_DPT_Prod_A,15,15_ACC_Equity_Capital,0.0,0.0
0,2020-01,3,03_ACC_COGS_DPT_Prod_B,0,00_ACC_Accounts_Payable_DPT_Admin,0.0,0.0
0,2020-01,3,03_ACC_COGS_DPT_Prod_B,1,01_ACC_Accounts_Receivable_DPT_Admin,0.0,0.0
0,2020-01,3,03_ACC_COGS_DPT_Prod_B,2,02_ACC_COGS_DPT_Prod_A,0.0,0.0
0,2020-01,3,03_ACC_COGS_DPT_Prod_B,3,03_ACC_COGS_DPT_Prod_B,0.0,0.0
0,2020-01,3,03_ACC_COGS_DPT_Prod_B,4,04_ACC_Cash_DPT_Admin,0.0,0.0
0,2020-01,3,03_ACC_COGS_DPT_Prod_B,5,05_ACC_Finished_Goods_DPT_Prod_A,0.0,0.0
0,2020-01,3,03_ACC_COGS_DPT_Prod_B,6,06_ACC_Finished_Goods_DPT_Prod_B,0.0,0.0
0,2020-01,3,03_ACC_COGS_DPT_Prod_B,7,07_ACC_Mfg_Overhead_Exp_DPT_Mfg_Support,0.0,0.0
0,2020-01,3,03_ACC_COGS_DPT_Prod_B,8,08_ACC_Raw_Materials_DPT_Ops,0.0,0.0
0,2020-01,3,03_ACC_COGS_DPT_Prod_B,9,09_ACC_Sales_Revenue_DPT_Sales,0.0,0.0
0,2020-01,3,03_ACC_COGS_DPT_Prod_B,10,10_ACC_Work_In_Process_DPT_Prod_A,0.0,0.0
0,2020-01,3,03_ACC_COGS_DPT_Prod_B,11,11_ACC_Work_In_Process_DPT_Prod_B,0.0,0.0
0,2020-01,3,03_ACC_COGS_DPT_Prod_B,12,12_ACC_Cash,0.0,0.0
0,2020-01,3,03_ACC_COGS_DPT_Prod_B,13,13_ACC_Raw_Materials,0.0,0.0
0,2020-01,3,03_ACC_COGS_DPT_Prod_B,14,14_ACC_Finished_Goods,0.0,0.0
0,2020-01,3,03_ACC_COGS_DPT_Prod_B,15,15_ACC_Equity_Capital,0.0,0.0
0,2020-01,4,04_ACC_Cash_DPT_Admin,0,00_ACC_Accounts_Payable_DPT_Admin,0.0,0.0
0,2020-01,4,04_ACC_Cash_DPT_Admin,1,01_ACC_Accounts_Receivable_DPT_Admin,0.0,0.0
0,2020-01,4,04_ACC_Cash_DPT_Admin,2,02_ACC_COGS_DPT_Prod_A,0.0,0.0
0,2020-01,4,04_ACC_Cash_DPT_Admin,3,03_ACC_COGS_DPT_Prod_B,0.0,0.0
0,2020-01,4,04_ACC_Cash_DPT_Admin,4,04_ACC_Cash_DPT_Admin,0.0,0.0
0,2020-01,4,04_ACC_Cash_DPT_Admin,5,05_ACC_Finished_Goods_DPT_Prod_A,0.0,0.0
0,2020-01,4,04_ACC_Cash_DPT_Admin,6,06_ACC_Finished_Goods_DPT_Prod_B,0.0,0.0
0,2020-01,4,04_ACC_Cash_DPT_Admin,7,07_ACC_Mfg_Overhead_Exp_DPT_Mfg_Support,0.0,0.0
0,2020-01,4,04_ACC_Cash_DPT_Admin,8,08_ACC_Raw_Materials_DPT_Ops,0.0,0.0
0,2020-01,4,04_ACC_Cash_DPT_Admin,9,09_ACC_Sales_Revenue_DPT_Sales,0.0,0.0
0,2020-01,4,04_ACC_Cash_DPT_Admin,10,10_ACC_Work_In_Process_DPT_Prod_A,0.0,0.0
0,2020-01,4,04_ACC_Cash_DPT_Admin,11,11_ACC_Work_In_Process_DPT_Prod_B,0.0,0.0
0,2020-01,4,04_ACC_Cash_DPT_Admin,12,12_ACC_Cash,0.0,0.0
0,2020-01,4,04_ACC_Cash_DPT_Admin,13,13_ACC_Raw_Materials,0.0,0.0
0,2020-01,4,04_ACC_Cash_DPT_Admin,14,14_ACC_Finished_Goods,0.0,0.0
0,2020-01,4,04_ACC_Cash_DPT_Admin,15,15_ACC_Equity_Capital,0.0,0.0
0,2020-01,5,05_ACC_Finished_Goods_DPT_Prod_A,0,00_ACC_Accounts_Payable_DPT_Admin,0.0,0.0
0,2020-01,5,05_ACC_Finished_Goods_DPT_Prod_A,1,01_ACC_Accounts_Receivable_DPT_Admin,0.0,0.0
0,2020-01,5,05_ACC_Finished_Goods_DPT_Prod_A,2,02_ACC_COGS_DPT_Prod_A,0.0,0.0
0,2020-01,5,05_ACC_Finished_Goods_DPT_Prod_A,3,03_ACC_COGS_DPT_Prod_B,0.0,0.0
0,2020-01,5,05_ACC_Finished_Goods_DPT_Prod_A,4,04_ACC_Cash_DPT_Admin,0.0,0.0
0,2020-01,5,05_ACC_Finished_Goods_DPT_Prod_A,5,05_ACC_Finished_Goods_DPT_Prod_A,0.0,0.0
0,2020-01,5,05_ACC_Finished_Goods_DPT_Prod_A,6,06_ACC_Finished_Goods_DPT_Prod_B,0.0,0.0
0,2020-01,5,05_ACC_Finished_Goods_DPT_Prod_A,7,07_ACC_Mfg_Overhead_Exp_DPT_Mfg_Support,0.0,0.0
0,2020-01,5,05_ACC_Finished_Goods_DPT_Prod_A,8,08_ACC_Raw_Materials_DPT_Ops,0.0,0.0
0,2020-01,5,05_ACC_Finished_Goods_DPT_Prod_A,9,09_ACC_Sales_Revenue_DPT_Sales,0.0,0.0
0,2020-01,5,05_ACC_Finished_Goods_DPT_Prod_A,10,10_ACC_Work_In_Process_DPT_Prod_A,0.0,0.0
0,2020-01,5,05_ACC_Finished_Goods_DPT_Prod_A,11,11_ACC_Work_In_Process_DPT_Prod_B,0.0,0.0
0,2020-01,5,05_ACC_Finished_Goods_DPT_Prod_A,12,12_ACC_Cash,0.0,0.0
0,2020-01,5,05_ACC_Finished_Goods_DPT_Prod_A,13,13_ACC_Raw_Materials,0.0,0.0
0,2020-01,5,05_ACC_Finished_Goods_DPT_Prod_A,14,14_ACC_Finished_Goods,0.0,0.0
0,2020-01,5,05_ACC_Finished_Goods_DPT_Prod_A,15,15_ACC_Equity_Capital,0.0,0.0
0,2020-01,6,06_ACC_Finished_Goods_DPT_Prod_B,0,00_ACC_Accounts_Payable_DPT_Admin,0.0,0.0
0,2020-01,6,06_ACC_Finished_Goods_DPT_Prod_B,1,01_ACC_Accounts_Receivable_DPT_Admin,0.0,0.0
0,2020-01,6,06_ACC_Finished_Goods_DPT_Prod_B,2,02_ACC_COGS_DPT_Prod_A,0.0,0.0
0,2020-01,6,06_ACC_Finished_Goods_DPT_Prod_B,3,03_ACC_COGS_DPT_Prod_B,0.0,0.0
0,2020-01,6,06_ACC_Finished_Goods_DPT_Prod_B,4,04_ACC_Cash_DPT_Admin,0.0,0.0
0,2020-01,6,06_ACC_Finished_Goods_DPT_Prod_B,5,05_ACC_Finished_Goods_DPT_Prod_A,0.0,0.0
0,2020-01,6,06_ACC_Finished_Goods_DPT_Prod_B,6,06_ACC_Finished_Goods_DPT_Prod_B,0.0,0.0
0,2020-01,6,06_ACC_Finished_Goods_DPT_Prod_B,7,07_ACC_Mfg_Overhead_Exp_DPT_Mfg_Support,0.0,0.0
0,2020-01,6,06_ACC_Finished_Goods_DPT_Prod_B,8,08_ACC_Raw_Materials_DPT_Ops,0.0,0.0
0,2020-01,6,06_ACC_Finished_Goods_DPT_Prod_B,9,09_ACC_Sales_Revenue_DPT_Sales,0.0,0.0
0,2020-01,6,06_ACC_Finished_Goods_DPT_Prod_B,10,10_ACC_Work_In_Process_DPT_Prod_A,0.0,0.0
0,2020-01,6,06_ACC_Finished_Goods_DPT_Prod_B,11,11_ACC_Work_In_Process_DPT_Prod_B,0.0,0.0
0,2020-01,6,06_ACC_Finished_Goods_DPT_Prod_B,12,12_ACC_Cash,0.0,0.0
0,2020-01,6,06_ACC_Finished_Goods_DPT_Prod_B,13,13_ACC_Raw_Materials,0.0,0.0
0,2020-01,6,06_ACC_Finished_Goods_DPT_Prod_B,14,14_ACC_Finished_Goods,0.0,0.0
0,2020-01,6,06_ACC_Finished_Goods_DPT_Prod_B,15,15_ACC_Equity_Capital,0.0,0.0
0,2020-01,7,07_ACC_Mfg_Overhead_Exp_DPT_Mfg_Support,0,00_ACC_Accounts_Payable_DPT_Admin,0.0,0.0
0,2020-01,7,07_ACC_Mfg_Overhead_Exp_DPT_Mfg_Support,1,01_ACC_Accounts_Receivable_DPT_Admin,0.0,0.0
0,2020-01,7,07_ACC_Mfg_Overhead_Exp_DPT_Mfg_Support,2,02_ACC_COGS_DPT_Prod_A,0.0,0.0
0,2020-01,7,07_ACC_Mfg_Overhead_Exp_DPT_Mfg_Support,3,03_ACC_COGS_DPT_Prod_B,0.0,0.0
0,2020-01,7,07_ACC_Mfg_Overhead_Exp_DPT_Mfg_Support,4,04_ACC_Cash_DPT_Admin,0.0,0.0
0,2020-01,7,07_ACC_Mfg_Overhead_Exp_DPT_Mfg_Support,5,05_ACC_Finished_Goods_DPT_Prod_A,0.0,0.0
0,2020-01,7,07_ACC_Mfg_Overhead_Exp_DPT_Mfg_Support,6,06_ACC_Finished_Goods_DPT_Prod_B,0.0,0.0
0,2020-01,7,07_ACC_Mfg_Overhead_Exp_DPT_Mfg_Support,7,07_ACC_Mfg_Overhead_Exp_DPT_Mfg_Support,0.0,0.0
0,2020-01,7,07_ACC_Mfg_Overhead_Exp_DPT_Mfg_Support,8,08_ACC_Raw_Materials_DPT_Ops,0.0,0.0
0,2020-01,7,07_ACC_Mfg_Overhead_Exp_DPT_Mfg_Support,9,09_ACC_Sales_Revenue_DPT_Sales,0.0,0.0
0,2020-01,7,07_ACC_Mfg_Overhead_Exp_DPT_Mfg_Support,10,10_ACC_Work_In_Process_DPT_Prod_A,0.0,0.0
0,2020-01,7,07_ACC_Mfg_Overhead_Exp_DPT_Mfg_Support,11,11_ACC_Work_In_Process_DPT_Prod_B,0.0,0.0
0,2020-01,7,07_ACC_Mfg_Overhead_Exp_DPT_Mfg_Support,12,12_ACC_Cash,0.0,0.0
0,2020-01,7,07_ACC_Mfg_Overhead_Exp_DPT_Mfg_Support,13,13_ACC_Raw_Materials,0.0,0.0
0,2020-01,7,07_ACC_Mfg_Overhead_Exp_DPT_Mfg_Support,14,14_ACC_Finished_Goods,0.0,0.0
0,2020-01,7,07_ACC_Mfg_Overhead_Exp_DPT_Mfg_Support,15,15_ACC_Equity_Capital,0.0,0.0
0,2020-01,8,08_ACC_Raw_Materials_DPT_Ops,0,00_ACC_Accounts_Payable_DPT_Admin,0.0,0.0
0,2020-01,8,08_ACC_Raw_Materials_DPT_Ops,1,01_ACC_Accounts_Receivable_DPT_Admin,0.0,0.0
0,2020-01,8,08_ACC_Raw_Materials_DPT_Ops,2,02_ACC_COGS_DPT_Prod_A,0.0,0.0
0,2020-01,8,08_ACC_Raw_Materials_DPT_Ops,3,03_ACC_COGS_DPT_Prod_B,0.0,0.0
0,2020-01,8,08_ACC_Raw_Materials_DPT_Ops,4,04_ACC_Cash_DPT_Admin,0.0,0.0
0,2020-01,8,08_ACC_Raw_Materials_DPT_Ops,5,05_ACC_Finished_Goods_DPT_Prod_A,0.0,0.0
0,2020-01,8,08_ACC_Raw_Materials_DPT_Ops,6,06_ACC_Finished_Goods_DPT_Prod_B,0.0,0.0
0,2020-01,8,08_ACC_Raw_Materials_DPT_Ops,7,07_ACC_Mfg_Overhead_Exp_DPT_Mfg_Support,0.0,0.0
0,2020-01,8,08_ACC_Raw_Materials_DPT_Ops,8,08_ACC_Raw_Materials_DPT_Ops,0.0,0.0
0,2020-01,8,08_ACC_Raw_Materials_DPT_Ops,9,09_ACC_Sales_Revenue_DPT_Sales,0.0,0.0
0,2020-01,8,08_ACC_Raw_Materials_DPT_Ops,10,10_ACC_Work_In_Process_DPT_Prod_A,0.0,0.0
0,2020-01,8,08_ACC_Raw_Materials_DPT_Ops,11,11_ACC_Work_In_Process_DPT_Prod_B,0.0,0.0
0,2020-01,8,08_ACC_Raw_Materials_DPT_Ops,12,12_ACC_Cash,0.0,0.0
0,2020-01,8,08_ACC_Raw_Materials_DPT_Ops,13,13_ACC_Raw_Materials,0.0,0.0
0,2020-01,8,08_ACC_Raw_Materials_DPT_Ops,14,14_ACC_Finished_Goods,0.0,0.0
0,2020-01,8,08_ACC_Raw_Materials_DPT_Ops,15,15_ACC_Equity_Capital,0.0,0.0
0,2020-01,9,09_ACC_Sales_Revenue_DPT_Sales,0,00_ACC_Accounts_Payable_DPT_Admin,0.0,0.0
0,2020-01,9,09_ACC_Sales_Revenue_DPT_Sales,1,01_ACC_Accounts_Receivable_DPT_Admin,0.0,0.0
0,2020-01,9,09_ACC_Sales_Revenue_DPT_Sales,2,02_ACC_COGS_DPT_Prod_A,0.0,0.0
0,2020-01,9,09_ACC_Sales_Revenue_DPT_Sales,3,03_ACC_COGS_DPT_Prod_B,0.0,0.0
0,2020-01,9,09_ACC_Sales_Revenue_DPT_Sales,4,04_ACC_Cash_DPT_Admin,0.0,0.0
0,2020-01,9,09_ACC_Sales_Revenue_DPT_Sales,5,05_ACC_Finished_Goods_DPT_Prod_A,0.0,0.0
0,2020-01,9,09_ACC_Sales_Revenue_DPT_Sales,6,06_ACC_Finished_Goods_DPT_Prod_B,0.0,0.0
0,2020-01,9,09_ACC_Sales_Revenue_DPT_Sales,7,07_ACC_Mfg_Overhead_Exp_DPT_Mfg_Support,0.0,0.0
0,2020-01,9,09_ACC_Sales_Revenue_DPT_Sales,8,08_ACC_Raw_Materials_DPT_Ops,0.0,0.0
0,2020-01,9,09_ACC_Sales_Revenue_DPT_Sales,9,09_ACC_Sales_Revenue_DPT_Sales,0.0,0.0
0,2020-01,9,09_ACC_Sales_Revenue_DPT_Sales,10,10_ACC_Work_In_Process_DPT_Prod_A,0.0,0.0
0,2020-01,9,09_ACC_Sales_Revenue_DPT_Sales,11,11_ACC_Work_In_Process_DPT_Prod_B,0.0,0.0
0,2020-01,9,09_ACC_Sales_Revenue_DPT_Sales,12,12_ACC_Cash,0.0,0.0
0,2020-01,9,09_ACC_Sales_Revenue_DPT_Sales,13,13_ACC_Raw_Materials,0.0,0.0
0,2020-01,9,09_ACC_Sales_Revenue_DPT_Sales,14,14_ACC_Finished_Goods,0.0,0.0
0,2020-01,9,09_ACC_Sales_Revenue_DPT_Sales,15,15_ACC_Equity_Capital,0.0,0.0
0,2020-01,10,10_ACC_Work_In_Process_DPT_Prod_A,0,00_ACC_Accounts_Payable_DPT_Admin,0.0,0.0
0,2020-01,10,10_ACC_Work_In_Process_DPT_Prod_A,1,01_ACC_Accounts_Receivable_DPT_Admin,0.0,0.0
0,2020-01,10,10_ACC_Work_In_Process_DPT_Prod_A,2,02_ACC_COGS_DPT_Prod_A,0.0,0.0
0,2020-01,10,10_ACC_Work_In_Process_DPT_Prod_A,3,03_ACC_COGS_DPT_Prod_B,0.0,0.0
0,2020-01,10,10_ACC_Work_In_Process_DPT_Prod_A,4,04_ACC_Cash_DPT_Admin,0.0,0.0
0,2020-01,10,10_ACC_Work_In_Process_DPT_Prod_A,5,05_ACC_Finished_Goods_DPT_Prod_A,0.0,0.0
0,2020-01,10,10_ACC_Work_In_Process_DPT_Prod_A,6,06_ACC_Finished_Goods_DPT_Prod_B,0.0,0.0
0,2020-01,10,10_ACC_Work_In_Process_DPT_Prod_A,7,07_ACC_Mfg_Overhead_Exp_DPT_Mfg_Support,0.0,0.0
0,2020-01,10,10_ACC_Work_In_Process_DPT_Prod_A,8,08_ACC_Raw_Materials_DPT_Ops,0.0,0.0
0,2020-01,10,10_ACC_Work_In_Process_DPT_Prod_A,9,09_ACC_Sales_Revenue_DPT_Sales,0.0,0.0
0,2020-01,10,10_ACC_Work_In_Process_DPT_Prod_A,10,10_ACC_Work_In_Process_DPT_Prod_A,0.0,0.0
0,2020-01,10,10_ACC_Work_In_Process_DPT_Prod_A,11,11_ACC_Work_In_Process_DPT_Prod_B,0.0,0.0
0,2020-01,10,10_ACC_Work_In_Process_DPT_Prod_A,12,12_ACC_Cash,0.0,0.0
0,2020-01,10,10_ACC_Work_In_Process_DPT_Prod_A,13,13_ACC_Raw_Materials,0.0,0.0
0,2020-01,10,10_ACC_Work_In_Process_DPT_Prod_A,14,14_ACC_Finished_Goods,0.0,0.0
0,2020-01,10,10_ACC_Work_In_Process_DPT_Prod_A,15,15_ACC_Equity_Capital,0.0,0.0
0,2020-01,11,11_ACC_Work_In_Process_DPT_Prod_B,0,00_ACC_Accounts_Payable_DPT_Admin,0.0,0.0
0,2020-01,11,11_ACC_Work_In_Process_DPT_Prod_B,1,01_ACC_Accounts_Receivable_DPT_Admin,0.0,0.0
0,2020-01,11,11_ACC_Work_In_Process_DPT_Prod_B,2,02_ACC_COGS_DPT_Prod_A,0.0,0.0
0,2020-01,11,11_ACC_Work_In_Process_DPT_Prod_B,3,03_ACC_COGS_DPT_Prod_B,0.0,0.0
0,2020-01,11,11_ACC_Work_In_Process_DPT_Prod_B,4,04_ACC_Cash_DPT_Admin,0.0,0.0
0,2020-01,11,11_ACC_Work_In_Process_DPT_Prod_B,5,05_ACC_Finished_Goods_DPT_Prod_A,0.0,0.0
0,2020-01,11,11_ACC_Work_In_Process_DPT_Prod_B,6,06_ACC_Finished_Goods_DPT_Prod_B,0.0,0.0
0,2020-01,11,11_ACC_Work_In_Process_DPT_Prod_B,7,07_ACC_Mfg_Overhead_Exp_DPT_Mfg_Support,0.0,0.0
0,2020-01,11,11_ACC_Work_In_Process_DPT_Prod_B,8,08_ACC_Raw_Materials_DPT_Ops,0.0,0.0
0,2020-01,11,11_ACC_Work_In_Process_DPT_Prod_B,9,09_ACC_Sales_Revenue_DPT_Sales,0.0,0.0
0,2020-01,11,11_ACC_Work_In_Process_DPT_Prod_B,10,10_ACC_Work_In_Process_DPT_Prod_A,0.0,0.0
0,2020-01,11,11_ACC_Work_In_Process_DPT_Prod_B,11,11_ACC_Work_In_Process_DPT_Prod_B,0.0,0.0
0,2020-01,11,11_ACC_Work_In_Process_DPT_Prod_B,12,12_ACC_Cash,0.0,0.0
0,2020-01,11,11_ACC_Work_In_Process_DPT_Prod_B,13,13_ACC_Raw_Materials,0.0,0.0
0,2020-01,11,11_ACC_Work_In_Process_DPT_Prod_B,14,14_ACC_Finished_Goods,0.0,0.0
0,2020-01,11,11_ACC_Work_In_Process_DPT_Prod_B,15,15_ACC_Equity_Capital,0.0,0.0
0,2020-01,12,12_ACC_Cash,0,00_ACC_Accounts_Payable_DPT_Admin,0.0,0.0
0,2020-01,12,12_ACC_Cash,1,01_ACC_Accounts_Receivable_DPT_Admin,0.0,0.0
0,2020-01,12,12_ACC_Cash,2,02_ACC_COGS_DPT_Prod_A,0.0,0.0
0,2020-01,12,12_ACC_Cash,3,03_ACC_COGS_DPT_Prod_B,0.0,0.0
0,2020-01,12,12_ACC_Cash,4,04_ACC_Cash_DPT_Admin,0.0,0.0
0,2020-01,12,12_ACC_Cash,5,05_ACC_Finished_Goods_DPT_Prod_A,0.0,0.0
0,2020-01,12,12_ACC_Cash,6,06_ACC_Finished_Goods_DPT_Prod_B,0.0,0.0
0,2020-01,12,12_ACC_Cash,7,07_ACC_Mfg_Overhead_Exp_DPT_Mfg_Support,0.0,0.0
0,2020-01,12,12_ACC_Cash,8,08_ACC_Raw_Materials_DPT_Ops,0.0,0.0
0,2020-01,12,12_ACC_Cash,9,09_ACC_Sales_Revenue_DPT_Sales,0.0,0.0
0,2020-01,12,12_ACC_Cash,10,10_ACC_Work_In_Process_DPT_Prod_A,0.0,0.0
0,2020-01,12,12_ACC_Cash,11,11_ACC_Work_In_Process_DPT_Prod_B,0.0,0.0
0,2020-01,12,12_ACC_Cash,12,12_ACC_Cash,0.0,0.0
0,2020-01,12,12_ACC_Cash,13,13_ACC_Raw_Materials,0.0,0.0
0,2020-01,12,12_ACC_Cash,14,14_ACC_Finished_Goods,0.0,0.0
0,2020-01,12,12_ACC_Cash,15,15_ACC_Equity_Capital,0.0,0.0
0,2020-01,13,13_ACC_Raw_Materials,0,00_ACC_Accounts_Payable_DPT_Admin,0.0,0.0
0,2020-01,13,13_ACC_Raw_Materials,1,01_ACC_Accounts_Receivable_DPT_Admin,0.0,0.0
0,2020-01,13,13_ACC_Raw_Materials,2,02_ACC_COGS_DPT_Prod_A,0.0,0.0
0,2020-01,13,13_ACC_Raw_Materials,3,03_ACC_COGS_DPT_Prod_B,0.0,0.0
0,2020-01,13,13_ACC_Raw_Materials,4,04_ACC_Cash_DPT_Admin,0.0,0.0
0,2020-01,13,13_ACC_Raw_Materials,5,05_ACC_Finished_Goods_DPT_Prod_A,0.0,0.0
0,2020-01,13,13_ACC_Raw_Materials,6,06_ACC_Finished_Goods_DPT_Prod_B,0.0,0.0
0,2020-01,13,13_ACC_Raw_Materials,7,07_ACC_Mfg_Overhead_Exp_DPT_Mfg_Support,0.0,0.0
0,2020-01,13,13_ACC_Raw_Materials,8,08_ACC_Raw_Materials_DPT_Ops,0.0,0.0
0,2020-01,13,13_ACC_Raw_Materials,9,09_ACC_Sales_Revenue_DPT_Sales,0.0,0.0
0,2020-01,13,13_ACC_Raw_Materials,10,10_ACC_Work_In_Process_DPT_Prod_A,0.0,0.0
0,2020-01,13,13_ACC_Raw_Materials,11,11_ACC_Work_In_Process_DPT_Prod_B,0.0,0.0
0,2020-01,13,13_ACC_Raw_Materials,12,12_ACC_Cash,0.0,0.0
0,2020-01,13,13_ACC_Raw_Materials,13,13_ACC_Raw_Materials,0.0,0.0
0,2020-01,13,13_ACC_Raw_Materials,14,14_ACC_Finished_Goods,0.0,0.0
0,2020-01,13,13_ACC_Raw_Materials,15,15_ACC_Equity_Capital,0.0,0.0
0,2020-01,14,14_ACC_Finished_Goods,0,00_ACC_Accounts_Payable_DPT_Admin,0.0,0.0
0,2020-01,14,14_ACC_Finished_Goods,1,01_ACC_Accounts_Receivable_DPT_Admin,0.0,0.0
0,2020-01,14,14_ACC_Finished_Goods,2,02_ACC_COGS_DPT_Prod_A,0.0,0.0
0,2020-01,14,14_ACC_Finished_Goods,3,03_ACC_COGS_DPT_Prod_B,0.0,0.0
0,2020-01,14,14_ACC_Finished_Goods,4,04_ACC_Cash_DPT_Admin,0.0,0.0
0,2020-01,14,14_ACC_Finished_Goods,5,05_ACC_Finished_Goods_DPT_Prod_A,0.0,0.0
0,2020-01,14,14_ACC_Finished_Goods,6,06_ACC_Finished_Goods_DPT_Prod_B,0.0,0.0
0,2020-01,14,14_ACC_Finished_Goods,7,07_ACC_Mfg_Overhead_Exp_DPT_Mfg_Support,0.0,0.0
0,2020-01,14,14_ACC_Finished_Goods,8,08_ACC_Raw_Materials_DPT_Ops,0.0,0.0
0,2020-01,14,14_ACC_Finished_Goods,9,09_ACC_Sales_Revenue_DPT_Sales,0.0,0.0
0,2020-01,14,14_ACC_Finished_Goods,10,10_ACC_Work_In_Process_DPT_Prod_A,0.0,0.0
0,2020-01,14,14_ACC_Finished_Goods,11,11_ACC_Work_In_Process_DPT_Prod_B,0.0,0.0
0,2020-01,14,14_ACC_Finished_Goods,12,12_ACC_Cash,0.0,0.0
0,2020-01,14,14_ACC_Finished_Goods,13,13_ACC_Raw_Materials,0.0,0.0
0,2020-01,14,14_ACC_Finished_Goods,14,14_ACC_Finished_Goods,0.0,0.0
0,2020-01,14,14_ACC_Finished_Goods,15,15_ACC_Equity_Capital,0.0,0.0
0,2020-01,15,15_ACC_Equity_Capital,0,00_ACC_Accounts_Payable_DPT_Admin,0.0,0.0
0,2020-01,15,15_ACC_Equity_Capital,1,01_ACC_Accounts_Receivable_DPT_Admin,0.0,0.0
0,2020-01,15,15_ACC_Equity_Capital,2,02_ACC_COGS_DPT_Prod_A,0.0,0.0
0,2020-01,15,15_ACC_Equity_Capital,3,03_ACC_COGS_DPT_Prod_B,0.0,0.0
0,2020-01,15,15_ACC_Equity_Capital,4,04_ACC_Cash_DPT_Admin,0.0,0.0
0,2020-01,15,15_ACC_Equity_Capital,5,05_ACC_Finished_Goods_DPT_Prod_A,0.0,0.0
0,2020-01,15,15_ACC_Equity_Capital,6,06_ACC_Finished_Goods_DPT_Prod_B,0.0,0.0
0,2020-01,15,15_ACC_Equity_Capital,7,07_ACC_Mfg_Overhead_Exp_DPT_Mfg_Support,0.0,0.0
0,2020-01,15,15_ACC_Equity_Capital,8,08_ACC_Raw_Materials_DPT_Ops,0.0,0.0
0,2020-01,15,15_ACC_Equity_Capital,9,09_ACC_Sales_Revenue_DPT_Sales,0.0,0.0
0,2020-01,15,15_ACC_Equity_Capital,10,10_ACC_Work_In_Process_DPT_Prod_A,0.0,0.0
0,2020-01,15,15_ACC_Equity_Capital,11,11_ACC_Work_In_Process_DPT_Prod_B,0.0,0.0
0,2020-01,15,15_ACC_Equity_Capital,12,12_ACC_Cash,0.0,0.0
0,2020-01,15,15_ACC_Equity_Capital,13,13_ACC_Raw_Materials,0.0,0.0
0,2020-01,15,15_ACC_Equity_Capital,14,14_ACC_Finished_Goods,0.0,0.0
0,2020-01,15,15_ACC_Equity_Capital,15,15_ACC_Equity_Capital,0.0,0.0
1,2020-02,0,00_ACC_Accounts_Payable_DPT_Admin,0,00_ACC_Accounts_Payable_DPT_Admin,0.0,0.0
1,2020-02,0,00_ACC_Accounts_Payable_DPT_Admin,1,01_ACC_Accounts_Receivable_DPT_Admin,0.0,0.0
1,2020-02,0,00_ACC_Accounts_Payable_DPT_Admin,2,02_ACC_COGS_DPT_Prod_A,0.0,0.0
1,2020-02,0,00_ACC_Accounts_Payable_DPT_Admin,3,03_ACC_COGS_DPT_Prod_B,0.0,0.0
1,2020-02,0,00_ACC_Accounts_Payable_DPT_Admin,4,04_ACC_Cash_DPT_Admin,0.0,0.0
1,2020-02,0,00_ACC_Accounts_Payable_DPT_Admin,5,05_ACC_Finished_Goods_DPT_Prod_A,0.0,0.0
1,2020-02,0,00_ACC_Accounts_Payable_DPT_Admin,6,06_ACC_Finished_Goods_DPT_Prod_B,0.0,0.0
1,2020-02,0,00_ACC_Accounts_Payable_DPT_Admin,7,07_ACC_Mfg_Overhead_Exp_DPT_Mfg_Support,0.0,0.0
1,2020-02,0,00_ACC_Accounts_Payable_DPT_Admin,8,08_ACC_Raw_Materials_DPT_Ops,0.0,0.0
1,2020-02,0,00_ACC_Accounts_Payable_DPT_Admin,9,09_ACC_Sales_Revenue_DPT_Sales,0.0,0.0
1,2020-02,0,00_ACC_Accounts_Payable_DPT_Admin,10,10_ACC_Work_In_Process_DPT_Prod_A,0.0,0.0
1,2020-02,0,00_ACC_Accounts_Payable_DPT_Admin,11,11_ACC_Work_In_Process_DPT_Prod_B,0.0,0.0
1,2020-02,0,00_ACC_Accounts_Payable_DPT_Admin,12,12_ACC_Cash,0.0,0.0
1,2020-02,0,00_ACC_Accounts_Payable_DPT_Admin,13,13_ACC_Raw_Materials,0.0,0.0
1,2020-02,0,00_ACC_Accounts_Payable_DPT_Admin,14,14_ACC_Finished_Goods,0.0,0.0
1,2020-02,0,00_ACC_Accounts_Payable_DPT_Admin,15,15_ACC_Equity_Capital,0.0,0.0
1,2020-02,1,01_ACC_Accounts_Receivable_DPT_Admin,0,00_ACC_Accounts_Payable_DPT_Admin,0.0,0.0
1,2020-02,1,01_ACC_Accounts_Receivable_DPT_Admin,1,01_ACC_Accounts_Receivable_DPT_Admin,0.0,0.0
1,2020-02,1,01_ACC_Accounts_Receivable_DPT_Admin,2,02_ACC_COGS_DPT_Prod_A,0.0,0.0
1,2020-02,1,01_ACC_Accounts_Receivable_DPT_Admin,3,03_ACC_COGS_DPT_Prod_B,0.0,0.0
1,2020-02,1,01_ACC_Accounts_Receivable_DPT_Admin,4,04_ACC_Cash_DPT_Admin,0.0,0.0
1,2020-02,1,01_ACC_Accounts_Receivable_DPT_Admin,5,05_ACC_Finished_Goods_DPT_Prod_A,0.0,0.0
1,2020-02,1,01_ACC_Accounts_Receivable_DPT_Admin,6,06_ACC_Finished_Goods_DPT_Prod_B,0.0,0.0
1,2020-02,1,01_ACC_Accounts_Receivable_DPT_Admin,7,07_ACC_Mfg_Overhead_Exp_DPT_Mfg_Support,0.0,0.0
1,2020-02,1,01_ACC_Accounts_Receivable_DPT_Admin,8,08_ACC_Raw_Materials_DPT_Ops,0.0,0.0
1,2020-02,1,01_ACC_Accounts_Receivable_DPT_Admin,9,09_ACC_Sales_Revenue_DPT_Sales,0.0,0.0
1,2020-02,1,01_ACC_Accounts_Receivable_DPT_Admin,10,10_ACC_Work_In_Process_DPT_Prod_A,0.0,0.0
1,2020-02,1,01_ACC_Accounts_Receivable_DPT_Admin,11,11_ACC_Work_In_Process_DPT_Prod_B,0.0,0.0
1,2020-02,1,01_ACC_Accounts_Receivable_DPT_Admin,12,12_ACC_Cash,0.0,0.0
1,2020-02,1,01_ACC_Accounts_Receivable_DPT_Admin,13,13_ACC_Raw_Materials,0.0,0.0
1,2020-02,1,01_ACC_Accounts_Receivable_DPT_Admin,14,14_ACC_Finished_Goods,0.0,0.0
1,2020-02,1,01_ACC_Accounts_Receivable_DPT_Admin,15,15_ACC_Equity_Capital,0.0,0.0
1,2020-02,2,02_ACC_COGS_DPT_Prod_A,0,00_ACC_Accounts_Payable_DPT_Admin,0.0,0.0
1,2020-02,2,02_ACC_COGS_DPT_Prod_A,1,01_ACC_Accounts_Receivable_DPT_Admin,0.0,0.0
1,2020-02,2,02_ACC_COGS_DPT_Prod_A,2,02_ACC_COGS_DPT_Prod_A,0.0,0.0
1,2020-02,2,02_ACC_COGS_DPT_Prod_A,3,03_ACC_COGS_DPT_Prod_B,0.0,0.0
1,2020-02,2,02_ACC_COGS_DPT_Prod_A,4,04_ACC_Cash_DPT_Admin,0.0,0.0
1,2020-02,2,02_ACC_COGS_DPT_Prod_A,5,05_ACC_Finished_Goods_DPT_Prod_A,0.0,0.0
1,2020-02,2,02_ACC_COGS_DPT_Prod_A,6,06_ACC_Finished_Goods_DPT_Prod_B,0.0,0.0
1,2020-02,2,02_ACC_COGS_DPT_Prod_A,7,07_ACC_Mfg_Overhead_Exp_DPT_Mfg_Support,0.0,0.0
1,2020-02,2,02_ACC_COGS_DPT_Prod_A,8,08_ACC_Raw_Materials_DPT_Ops,0.0,0.0
1,2020-02,2,02_ACC_COGS_DPT_Prod_A,9,09_ACC_Sales_Revenue_DPT_Sales,0.0,0.0
1,2020-02,2,02_ACC_COGS_DPT_Prod_A,10,10_ACC_Work_In_Process_DPT_Prod_A,0.0,0.0
1,2020-02,2,02_ACC_COGS_DPT_Prod_A,11,11_ACC_Work_In_Process_DPT_Prod_B,0.0,0.0
1,2020-02,2,02_ACC_COGS_DPT_Prod_A,12,12_ACC_Cash,0.0,0.0
1,2020-02,2,02_ACC_COGS_DPT_Prod_A,13,13_ACC_Raw_Materials,0.0,0.0
1,2020-02,2,02_ACC_COGS_DPT_Prod_A,14,14_ACC_Finished_Goods,0.0,0.0
1,2020-02,2,02_ACC_COGS_DPT_Prod_A,15,15_ACC_Equity_Capital,0.0,0.0
1,2020-02,3,03_ACC_COGS_DPT_Prod_B,0,00_ACC_Accounts_Payable_DPT_Admin,0.0,0.0
1,2020-02,3,03_ACC_COGS_DPT_Prod_B,1,01_ACC_Accounts_Receivable_DPT_Admin,0.0,0.0
1,2020-02,3,03_ACC_COGS_DPT_Prod_B,2,02_ACC_COGS_DPT_Prod_A,0.0,0.0
1,2020-02,3,03_ACC_COGS_DPT_Prod_B,3,03_ACC_COGS_DPT_Prod_B,0.0,0.0
1,2020-02,3,03_ACC_COGS_DPT_Prod_B,4,04_ACC_Cash_DPT_Admin,0.0,0.0
1,2020-02,3,03_ACC_COGS_DPT_Prod_B,5,05_ACC_Finished_Goods_DPT_Prod_A,0.0,0.0
1,2020-02,3,03_ACC_COGS_DPT_Prod_B,6,06_ACC_Finished_Goods_DPT_Prod_B,0.0,0.0
1,2020-02,3,03_ACC_COGS_DPT_Prod_B,7,07_ACC_Mfg_Overhead_Exp_DPT_Mfg_Support,0.0,0.0
1,2020-02,3,03_ACC_COGS_DPT_Prod_B,8,08_ACC_Raw_Materials_DPT_Ops,0.0,0.0
1,2020-02,3,03_ACC_COGS_DPT_Prod_B,9,09_ACC_Sales_Revenue_DPT_Sales,0.0,0.0
1,2020-02,3,03_ACC_COGS_DPT_Prod_B,10,10_ACC_Work_In_Process_DPT_Prod_A,0.0,0.0
1,2020-02,3,03_ACC_COGS_DPT_Prod_B,11,11_ACC_Work_In_Process_DPT_Prod_B,0.0,0.0
1,2020-02,3,03_ACC_COGS_DPT_Prod_B,12,12_ACC_Cash,0.0,0.0
1,2020-02,3,03_ACC_COGS_DPT_Prod_B,13,13_ACC_Raw_Materials,0.0,0.0
1,2020-02,3,03_ACC_COGS_DPT_Prod_B,14,14_ACC_Finished_Goods,0.0,0.0
1,2020-02,3,03_ACC_COGS_DPT_Prod_B,15,15_ACC_Equity_Capital,0.0,0.0
1,2020-02,4,04_ACC_Cash_DPT_Admin,0,00_ACC_Accounts_Payable_DPT_Admin,0.0,0.0
1,2020-02,4,04_ACC_Cash_DPT_Admin,1,01_ACC_Accounts_Receivable_DPT_Admin,0.0,0.0
1,2020-02,4,04_ACC_Cash_DPT_Admin,2,02_ACC_COGS_DPT_Prod_A,0.0,0.0
1,2020-02,4,04_ACC_Cash_DPT_Admin,3,03_ACC_COGS_DPT_Prod_B,0.0,0.0
1,2020-02,4,04_ACC_Cash_DPT_Admin,4,04_ACC_Cash_DPT_Admin,0.0,0.0
1,2020-02,4,04_ACC_Cash_DPT_Admin,5,05_ACC_Finished_Goods_DPT_Prod_A,0.0,0.0
1,2020-02,4,04_ACC_Cash_DPT_Admin,6,06_ACC_Finished_Goods_DPT_Prod_B,0.0,0.0
1,2020-02,4,04_ACC_Cash_DPT_Admin,7,07_ACC_Mfg_Overhead_Exp_DPT_Mfg_Support,0.0,0.0
1,2020-02,4,04_ACC_Cash_DPT_Admin,8,08_ACC_Raw_Materials_DPT_Ops,0.0,0.0
1,2020-02,4,04_ACC_Cash_DPT_Admin,9,09_ACC_Sales_Revenue_DPT_Sales,0.0,0.0
1,2020-02,4,04_ACC_Cash_DPT_Admin,10,10_ACC_Work_In_Process_DPT_Prod_A,0.0,0.0
1,2020-02,4,04_ACC_Cash_DPT_Admin,11,11_ACC_Work_In_Process_DPT_Prod_B,0.0,0.0
1,2020-02,4,04_ACC_Cash_DPT_Admin,12,12_ACC_Cash,0.0,0.0
1,2020-02,4,04_ACC_Cash_DPT_Admin,13,13_ACC_Raw_Materials,0.0,0.0
1,2020-02,4,04_ACC_Cash_DPT_Admin,14,14_ACC_Finished_Goods,0.0,0.0
1,2020-02,4,04_ACC_Cash_DPT_Admin,15,15_ACC_Equity_Capital,0.0,0.0
1,2020-02,5,05_ACC_Finished_Goods_DPT_Prod_A,0,00_ACC_Accounts_Payable_DPT_Admin,0.0,0.0
1,2020-02,5,05_ACC_Finished_Goods_DPT_Prod_A,1,01_ACC_Accounts_Receivable_DPT_Admin,0.0,0.0
1,2020-02,5,05_ACC_Finished_Goods_DPT_Prod_A,2,02_ACC_COGS_DPT_Prod_A,0.0,0.0
1,2020-02,5,05_ACC_Finished_Goods_DPT_Prod_A,3,03_ACC_COGS_DPT_Prod_B,0.0,0.0
1,2020-02,5,05_ACC_Finished_Goods_DPT_Prod_A,4,04_ACC_Cash_DPT_Admin,0.0,0.0
1,2020-02,5,05_ACC_Finished_Goods_DPT_Prod_A,5,05_ACC_Finished_Goods_DPT_Prod_A,0.0,0.0
1,2020-02,5,05_ACC_Finished_Goods_DPT_Prod_A,6,06_ACC_Finished_Goods_DPT_Prod_B,0.0,0.0
1,2020-02,5,05_ACC_Finished_Goods_DPT_Prod_A,7,07_ACC_Mfg_Overhead_Exp_DPT_Mfg_Support,0.0,0.0
1,2020-02,5,05_ACC_Finished_Goods_DPT_Prod_A,8,08_ACC_Raw_Materials_DPT_Ops,0.0,0.0
1,2020-02,5,05_ACC_Finished_Goods_DPT_Prod_A,9,09_ACC_Sales_Revenue_DPT_Sales,0.0,0.0
1,2020-02,5,05_ACC_Finished_Goods_DPT_Prod_A,10,10_ACC_Work_In_Process_DPT_Prod_A,0.0,0.0
1,2020-02,5,05_ACC_Finished_Goods_DPT_Prod_A,11,11_ACC_Work_In_Process_DPT_Prod_B,0.0,0.0
1,2020-02,5,05_ACC_Finished_Goods_DPT_Prod_A,12,12_ACC_Cash,0.0,0.0
1,2020-02,5,05_ACC_Finished_Goods_DPT_Prod_A,13,13_ACC_Raw_Materials,0.0,0.0
1,2020-02,5,05_ACC_Finished_Goods_DPT_Prod_A,14,14_ACC_Finished_Goods,0.0,0.0
1,2020-02,5,05_ACC_Finished_Goods_DPT_Prod_A,15,15_ACC_Equity_Capital,0.0,0.0
1,2020-02,6,06_ACC_Finished_Goods_DPT_Prod_B,0,00_ACC_Accounts_Payable_DPT_Admin,0.0,0.0
1,2020-02,6,06_ACC_Finished_Goods_DPT_Prod_B,1,01_ACC_Accounts_Receivable_DPT_Admin,0.0,0.0
1,2020-02,6,06_ACC_Finished_Goods_DPT_Prod_B,2,02_ACC_COGS_DPT_Prod_A,0.0,0.0
1,2020-02,6,06_ACC_Finished_Goods_DPT_Prod_B,3,03_ACC_COGS_DPT_Prod_B,0.0,0.0
1,2020-02,6,06_ACC_Finished_Goods_DPT_Prod_B,4,04_ACC_Cash_DPT_Admin,0.0,0.0
1,2020-02,6,06_ACC_Finished_Goods_DPT_Prod_B,5,05_ACC_Finished_Goods_DPT_Prod_A,0.0,0.0
1,2020-02,6,06_ACC_Finished_Goods_DPT_Prod_B,6,06_ACC_Finished_Goods_DPT_Prod_B,0.0,0.0
1,2020-02,6,06_ACC_Finished_Goods_DPT_Prod_B,7,07_ACC_Mfg_Overhead_Exp_DPT_Mfg_Support,0.0,0.0
1,2020-02,6,06_ACC_Finished_Goods_DPT_Prod_B,8,08_ACC_Raw_Materials_DPT_Ops,0.0,0.0
1,2020-02,6,06_ACC_Finished_Goods_DPT_Prod_B,9,09_ACC_Sales_Revenue_DPT_Sales,0.0,0.0
1,2020-02,6,06_ACC_Finished_Goods_DPT_Prod_B,10,10_ACC_Work_In_Process_DPT_Prod_A,0.0,0.0
1,2020-02,6,06_ACC_Finished_Goods_DPT_Prod_B,11,11_ACC_Work_In_Process_DPT_Prod_B,0.0,0.0
1,2020-02,6,06_ACC_Finished_Goods_DPT_Prod_B,12,12_ACC_Cash,0.0,0.0
1,2020-02,6,06_ACC_Finished_Goods_DPT_Prod_B,13,13_ACC_Raw_Materials,0.0,0.0
1,2020-02,6,06_ACC_Finished_Goods_DPT_Prod_B,14,14_ACC_Finished_Goods,0.0,0.0
1,2020-02,6,06_ACC_Finished_Goods_DPT_Prod_B,15,15_ACC_Equity_Capital,0.0,0.0
1,2020-02,7,07_ACC_Mfg_Overhead_Exp_DPT_Mfg_Support,0,00_ACC_Accounts_Payable_DPT_Admin,0.0,0.0
1,2020-02,7,07_ACC_Mfg_Overhead_Exp_DPT_Mfg_Support,1,01_ACC_Accounts_Receivable_DPT_Admin,0.0,0.0
1,2020-02,7,07_ACC_Mfg_Overhead_Exp_DPT_Mfg_Support,2,02_ACC_COGS_DPT_Prod_A,0.0,0.0
1,2020-02,7,07_ACC_Mfg_Overhead_Exp_DPT_Mfg_Support,3,03_ACC_COGS_DPT_Prod_B,0.0,0.0
1,2020-02,7,07_ACC_Mfg_Overhead_Exp_DPT_Mfg_Support,4,04_ACC_Cash_DPT_Admin,0.0,0.0
1,2020-02,7,07_ACC_Mfg_Overhead_Exp_DPT_Mfg_Support,5,05_ACC_Finished_Goods_DPT_Prod_A,0.0,0.0
1,2020-02,7,07_ACC_Mfg_Overhead_Exp_DPT_Mfg_Support,6,06_ACC_Finished_Goods_DPT_Prod_B,0.0,0.0
1,2020-02,7,07_ACC_Mfg_Overhead_Exp_DPT_Mfg_Support,7,07_ACC_Mfg_Overhead_Exp_DPT_Mfg_Support,0.0,0.0
1,2020-02,7,07_ACC_Mfg_Overhead_Exp_DPT_Mfg_Support,8,08_ACC_Raw_Materials_DPT_Ops,0.0,0.0
1,2020-02,7,07_ACC_Mfg_Overhead_Exp_DPT_Mfg_Support,9,09_ACC_Sales_Revenue_DPT_Sales,0.0,0.0
1,2020-02,7,07_ACC_Mfg_Overhead_Exp_DPT_Mfg_Support,10,10_ACC_Work_In_Process_DPT_Prod_A,0.0,0.0
1,2020-02,7,07_ACC_Mfg_Overhead_Exp_DPT_Mfg_Support,11,11_ACC_Work_In_Process_DPT_Prod_B,0.0,0.0
1,2020-02,7,07_ACC_Mfg_Overhead_Exp_DPT_Mfg_Support,12,12_ACC_Cash,0.0,0.0
1,2020-02,7,07_ACC_Mfg_Overhead_Exp_DPT_Mfg_Support,13,13_ACC_Raw_Materials,0.0,0.0
1,2020-02,7,07_ACC_Mfg_Overhead_Exp_DPT_Mfg_Support,14,14_ACC_Finished_Goods,0.0,0.0
1,2020-02,7,07_ACC_Mfg_Overhead_Exp_DPT_Mfg_Support,15,15_ACC_Equity_Capital,0.0,0.0
1,2020-02,8,08_ACC_Raw_Materials_DPT_Ops,0,00_ACC_Accounts_Payable_DPT_Admin,0.0,0.0
1,2020-02,8,08_ACC_Raw_Materials_DPT_Ops,1,01_ACC_Accounts_Receivable_DPT_Admin,0.0,0.0
1,2020-02,8,08_ACC_Raw_Materials_DPT_Ops,2,02_ACC_COGS_DPT_Prod_A,0.0,0.0
1,2020-02,8,08_ACC_Raw_Materials_DPT_Ops,3,03_ACC_COGS_DPT_Prod_B,0.0,0.0
1,2020-02,8,08_ACC_Raw_Materials_DPT_Ops,4,04_ACC_Cash_DPT_Admin,0.0,0.0
1,2020-02,8,08_ACC_Raw_Materials_DPT_Ops,5,05_ACC_Finished_Goods_DPT_Prod_A,0.0,0.0
1,2020-02,8,08_ACC_Raw_Materials_DPT_Ops,6,06_ACC_Finished_Goods_DPT_Prod_B,0.0,0.0
1,2020-02,8,08_ACC_Raw_Materials_DPT_Ops,7,07_ACC_Mfg_Overhead_Exp_DPT_Mfg_Support,0.0,0.0
1,2020-02,8,08_ACC_Raw_Materials_DPT_Ops,8,08_ACC_Raw_Materials_DPT_Ops,0.0,0.0
1,2020-02,8,08_ACC_Raw_Materials_DPT_Ops,9,09_ACC_Sales_Revenue_DPT_Sales,0.0,0.0
1,2020-02,8,08_ACC_Raw_Materials_DPT_Ops,10,10_ACC_Work_In_Process_DPT_Prod_A,0.0,0.0
1,2020-02,8,08_ACC_Raw_Materials_DPT_Ops,11,11_ACC_Work_In_Process_DPT_Prod_B,0.0,0.0
1,2020-02,8,08_ACC_Raw_Materials_DPT_Ops,12,12_ACC_Cash,0.0,0.0
1,2020-02,8,08_ACC_Raw_Materials_DPT_Ops,13,13_ACC_Raw_Materials,0.0,0.0
1,2020-02,8,08_ACC_Raw_Materials_DPT_Ops,14,14_ACC_Finished_Goods,0.0,0.0
1,2020-02,8,08_ACC_Raw_Materials_DPT_Ops,15,15_ACC_Equity_Capital,0.0,0.0
1,2020-02,9,09_ACC_Sales_Revenue_DPT_Sales,0,00_ACC_Accounts_Payable_DPT_Admin,0.0,0.0
1,2020-02,9,09_ACC_Sales_Revenue_DPT_Sales,1,01_ACC_Accounts_Receivable_DPT_Admin,0.0,0.0
1,2020-02,9,09_ACC_Sales_Revenue_DPT_Sales,2,02_ACC_COGS_DPT_Prod_A,0.0,0.0
1,2020-02,9,09_ACC_Sales_Revenue_DPT_Sales,3,03_ACC_COGS_DPT_Prod_B,0.0,0.0
1,2020-02,9,09_ACC_Sales_Revenue_DPT_Sales,4,04_ACC_Cash_DPT_Admin,0.0,0.0
1,2020-02,9,09_ACC_Sales_Revenue_DPT_Sales,5,05_ACC_Finished_Goods_DPT_Prod_A,0.0,0.0
1,2020-02,9,09_ACC_Sales_Revenue_DPT_Sales,6,06_ACC_Finished_Goods_DPT_Prod_B,0.0,0.0
1,2020-02,9,09_ACC_Sales_Revenue_DPT_Sales,7,07_ACC_Mfg_Overhead_Exp_DPT_Mfg_Support,0.0,0.0
1,2020-02,9,09_ACC_Sales_Revenue_DPT_Sales,8,08_ACC_Raw_Materials_DPT_Ops,0.0,0.0
1,2020-02,9,09_ACC_Sales_Revenue_DPT_Sales,9,09_ACC_Sales_Revenue_DPT_Sales,0.0,0.0
1,2020-02,9,09_ACC_Sales_Revenue_DPT_Sales,10,10_ACC_Work_In_Process_DPT_Prod_A,0.0,0.0
1,2020-02,9,09_ACC_Sales_Revenue_DPT_Sales,11,11_ACC_Work_In_Process_DPT_Prod_B,0.0,0.0
1,2020-02,9,09_ACC_Sales_Revenue_DPT_Sales,12,12_ACC_Cash,0.0,0.0
1,2020-02,9,09_ACC_Sales_Revenue_DPT_Sales,13,13_ACC_Raw_Materials,0.0,0.0
1,2020-02,9,09_ACC_Sales_Revenue_DPT_Sales,14,14_ACC_Finished_Goods,0.0,0.0
1,2020-02,9,09_ACC_Sales_Revenue_DPT_Sales,15,15_ACC_Equity_Capital,0.0,0.0
1,2020-02,10,10_ACC_Work_In_Process_DPT_Prod_A,0,00_ACC_Accounts_Payable_DPT_Admin,0.0,0.0
1,2020-02,10,10_ACC_Work_In_Process_DPT_Prod_A,1,01_ACC_Accounts_Receivable_DPT_Admin,0.0,0.0
1,2020-02,10,10_ACC_Work_In_Process_DPT_Prod_A,2,02_ACC_COGS_DPT_Prod_A,0.0,0.0
1,2020-02,10,10_ACC_Work_In_Process_DPT_Prod_A,3,03_ACC_COGS_DPT_Prod_B,0.0,0.0
1,2020-02,10,10_ACC_Work_In_Process_DPT_Prod_A,4,04_ACC_Cash_DPT_Admin,0.0,0.0
1,2020-02,10,10_ACC_Work_In_Process_DPT_Prod_A,5,05_ACC_Finished_Goods_DPT_Prod_A,0.0,0.0
1,2020-02,10,10_ACC_Work_In_Process_DPT_Prod_A,6,06_ACC_Finished_Goods_DPT_Prod_B,0.0,0.0
1,2020-02,10,10_ACC_Work_In_Process_DPT_Prod_A,7,07_ACC_Mfg_Overhead_Exp_DPT_Mfg_Support,0.0,0.0
1,2020-02,10,10_ACC_Work_In_Process_DPT_Prod_A,8,08_ACC_Raw_Materials_DPT_Ops,0.0,0.0
1,2020-02,10,10_ACC_Work_In_Process_DPT_Prod_A,9,09_ACC_Sales_Revenue_DPT_Sales,0.0,0.0
1,2020-02,10,10_ACC_Work_In_Process_DPT_Prod_A,10,10_ACC_Work_In_Process_DPT_Prod_A,0.0,0.0
1,2020-02,10,10_ACC_Work_In_Process_DPT_Prod_A,11,11_ACC_Work_In_Process_DPT_Prod_B,0.0,0.0
1,2020-02,10,10_ACC_Work_In_Process_DPT_Prod_A,12,12_ACC_Cash,0.0,0.0
1,2020-02,10,10_ACC_Work_In_Process_DPT_Prod_A,13,13_ACC_Raw_Materials,0.0,0.0
1,2020-02,10,10_ACC_Work_In_Process_DPT_Prod_A,14,14_ACC_Finished_Goods,0.0,0.0
1,2020-02,10,10_ACC_Work_In_Process_DPT_Prod_A,15,15_ACC_Equity_Capital,0.0,0.0
1,2020-02,11,11_ACC_Work_In_Process_DPT_Prod_B,0,00_ACC_Accounts_Payable_DPT_Admin,0.0,0.0
1,2020-02,11,11_ACC_Work_In_Process_DPT_Prod_B,1,01_ACC_Accounts_Receivable_DPT_Admin,0.0,0.0
1,2020-02,11,11_ACC_Work_In_Process_DPT_Prod_B,2,02_ACC_COGS_DPT_Prod_A,0.0,0.0
1,2020-02,11,11_ACC_Work_In_Process_DPT_Prod_B,3,03_ACC_COGS_DPT_Prod_B,0.0,0.0
1,2020-02,11,11_ACC_Work_In_Process_DPT_Prod_B,4,04_ACC_Cash_DPT_Admin,0.0,0.0
1,2020-02,11,11_ACC_Work_In_Process_DPT_Prod_B,5,05_ACC_Finished_Goods_DPT_Prod_A,0.0,0.0
1,2020-02,11,11_ACC_Work_In_Process_DPT_Prod_B,6,06_ACC_Finished_Goods_DPT_Prod_B,0.0,0.0
1,2020-02,11,11_ACC_Work_In_Process_DPT_Prod_B,7,07_ACC_Mfg_Overhead_Exp_DPT_Mfg_Support,0.0,0.0
1,2020-02,11,11_ACC_Work_In_Process_DPT_Prod_B,8,08_ACC_Raw_Materials_DPT_Ops,0.0,0.0
1,2020-02,11,11_ACC_Work_In_Process_DPT_Prod_B,9,09_ACC_Sales_Revenue_DPT_Sales,0.0,0.0
1,2020-02,11,11_ACC_Work_In_Process_DPT_Prod_B,10,10_ACC_Work_In_Process_DPT_Prod_A,0.0,0.0
1,2020-02,11,11_ACC_Work_In_Process_DPT_Prod_B,11,11_ACC_Work_In_Process_DPT_Prod_B,0.0,0.0
1,2020-02,11,11_ACC_Work_In_Process_DPT_Prod_B,12,12_ACC_Cash,0.0,0.0
1,2020-02,11,11_ACC_Work_In_Process_DPT_Prod_B,13,13_ACC_Raw_Materials,0.0,0.0
1,2020-02,11,11_ACC_Work_In_Process_DPT_Prod_B,14,14_ACC_Finished_Goods,0.0,0.0
1,2020-02,11,11_ACC_Work_In_Process_DPT_Prod_B,15,15_ACC_Equity_Capital,0.0,0.0
1,2020-02,12,12_ACC_Cash,0,00_ACC_Accounts_Payable_DPT_Admin,0.0,0.0
1,2020-02,12,12_ACC_Cash,1,01_ACC_Accounts_Receivable_DPT_Admin,0.0,0.0
1,2020-02,12,12_ACC_Cash,2,02_ACC_COGS_DPT_Prod_A,0.0,0.0
1,2020-02,12,12_ACC_Cash,3,03_ACC_COGS_DPT_Prod_B,0.0,0.0
1,2020-02,12,12_ACC_Cash,4,04_ACC_Cash_DPT_Admin,0.0,0.0
1,2020-02,12,12_ACC_Cash,5,05_ACC_Finished_Goods_DPT_Prod_A,0.0,0.0
1,2020-02,12,12_ACC_Cash,6,06_ACC_Finished_Goods_DPT_Prod_B,0.0,0.0
1,2020-02,12,12_ACC_Cash,7,07_ACC_Mfg_Overhead_Exp_DPT_Mfg_Support,0.0,0.0
1,2020-02,12,12_ACC_Cash,8,08_ACC_Raw_Materials_DPT_Ops,0.0,0.0
1,2020-02,12,12_ACC_Cash,9,09_ACC_Sales_Revenue_DPT_Sales,0.0,0.0
1,2020-02,12,12_ACC_Cash,10,10_ACC_Work_In_Process_DPT_Prod_A,0.0,0.0
1,2020-02,12,12_ACC_Cash,11,11_ACC_Work_In_Process_DPT_Prod_B,0.0,0.0
1,2020-02,12,12_ACC_Cash,12,12_ACC_Cash,0.0,0.0
1,2020-02,12,12_ACC_Cash,13,13_ACC_Raw_Materials,0.0,0.0
1,2020-02,12,12_ACC_Cash,14,14_ACC_Finished_Goods,0.0,0.0
1,2020-02,12,12_ACC_Cash,15,15_ACC_Equity_Capital,0.0,0.0
1,2020-02,13,13_ACC_Raw_Materials,0,00_ACC_Accounts_Payable_DPT_Admin,0.0,0.0
1,2020-02,13,13_ACC_Raw_Materials,1,01_ACC_Accounts_Receivable_DPT_Admin,0.0,0.0
1,2020-02,13,13_ACC_Raw_Materials,2,02_ACC_COGS_DPT_Prod_A,0.0,0.0
1,2020-02,13,13_ACC_Raw_Materials,3,03_ACC_COGS_DPT_Prod_B,0.0,0.0
1,2020-02,13,13_ACC_Raw_Materials,4,04_ACC_Cash_DPT_Admin,0.0,0.0
1,2020-02,13,13_ACC_Raw_Materials,5,05_ACC_Finished_Goods_DPT_Prod_A,0.0,0.0
1,2020-02,13,13_ACC_Raw_Materials,6,06_ACC_Finished_Goods_DPT_Prod_B,0.0,0.0
1,2020-02,13,13_ACC_Raw_Materials,7,07_ACC_Mfg_Overhead_Exp_DPT_Mfg_Support,0.0,0.0
1,2020-02,13,13_ACC_Raw_Materials,8,08_ACC_Raw_Materials_DPT_Ops,0.0,0.0
1,2020-02,13,13_ACC_Raw_Materials,9,09_ACC_Sales_Revenue_DPT_Sales,0.0,0.0
1,2020-02,13,13_ACC_Raw_Materials,10,10_ACC_Work_In_Process_DPT_Prod_A,0.0,0.0
1,2020-02,13,13_ACC_Raw_Materials,11,11_ACC_Work_In_Process_DPT_Prod_B,0.0,0.0
1,2020-02,13,13_ACC_Raw_Materials,12,12_ACC_Cash,0.0,0.0
1,2020-02,13,13_ACC_Raw_Materials,13,13_ACC_Raw_Materials,0.0,0.0
1,2020-02,13,13_ACC_Raw_Materials,14,14_ACC_Finished_Goods,0.0,0.0
1,2020-02,13,13_ACC_Raw_Materials,15,15_ACC_Equity_Capital,0.0,0.0
1,2020-02,14,14_ACC_Finished_Goods,0,00_ACC_Accounts_Payable_DPT_Admin,0.0,0.0
1,2020-02,14,14_ACC_Finished_Goods,1,01_ACC_Accounts_Receivable_DPT_Admin,0.0,0.0
1,2020-02,14,14_ACC_Finished_Goods,2,02_ACC_COGS_DPT_Prod_A,0.0,0.0
1,2020-02,14,14_ACC_Finished_Goods,3,03_ACC_COGS_DPT_Prod_B,0.0,0.0
1,2020-02,14,14_ACC_Finished_Goods,4,04_ACC_Cash_DPT_Admin,0.0,0.0
1,2020-02,14,14_ACC_Finished_Goods,5,05_ACC_Finished_Goods_DPT_Prod_A,0.0,0.0
1,2020-02,14,14_ACC_Finished_Goods,6,06_ACC_Finished_Goods_DPT_Prod_B,0.0,0.0
1,2020-02,14,14_ACC_Finished_Goods,7,07_ACC_Mfg_Overhead_Exp_DPT_Mfg_Support,0.0,0.0
1,2020-02,14,14_ACC_Finished_Goods,8,08_ACC_Raw_Materials_DPT_Ops,0.0,0.0
1,2020-02,14,14_ACC_Finished_Goods,9,09_ACC_Sales_Revenue_DPT_Sales,0.0,0.0
1,2020-02,14,14_ACC_Finished_Goods,10,10_ACC_Work_In_Process_DPT_Prod_A,0.0,0.0
1,2020-02,14,14_ACC_Finished_Goods,11,11_ACC_Work_In_Process_DPT_Prod_B,0.0,0.0
1,2020-02,14,14_ACC_Finished_Goods,12,12_ACC_Cash,0.0,0.0
1,2020-02,14,14_ACC_Finished_Goods,13,13_ACC_Raw_Materials,0.0,0.0
1,2020-02,14,14_ACC_Finished_Goods,14,14_ACC_Finished_Goods,0.0,0.0
1,2020-02,14,14_ACC_Finished_Goods,15,15_ACC_Equity_Capital,0.0,0.0
1,2020-02,15,15_ACC_Equity_Capital,0,00_ACC_Accounts_Payable_DPT_Admin,0.0,0.0
1,2020-02,15,15_ACC_Equity_Capital,1,01_ACC_Accounts_Receivable_DPT_Admin,0.0,0.0
1,2020-02,15,15_ACC_Equity_Capital,2,02_ACC_COGS_DPT_Prod_A,0.0,0.0
1,2020-02,15,15_ACC_Equity_Capital,3,03_ACC_COGS_DPT_Prod_B,0.0,0.0
1,2020-02,15,15_ACC_Equity_Capital,4,04_ACC_Cash_DPT_Admin,0.0,0.0
1,2020-02,15,15_ACC_Equity_Capital,5,05_ACC_Finished_Goods_DPT_Prod_A,0.0,0.0
1,2020-02,15,15_ACC_Equity_Capital,6,06_ACC_Finished_Goods_DPT_Prod_B,0.0,0.0
1,2020-02,15,15_ACC_Equity_Capital,7,07_ACC_Mfg_Overhead_Exp_DPT_Mfg_Support,0.0,0.0
1,2020-02,15,15_ACC_Equity_Capital,8,08_ACC_Raw_Materials_DPT_Ops,0.0,0.0
1,2020-02,15,15_ACC_Equity_Capital,9,09_ACC_Sales_Revenue_DPT_Sales,0.0,0.0
1,2020-02,15,15_ACC_Equity_Capital,10,10_ACC_Work_In_Process_DPT_Prod_A,0.0,0.0
1,2020-02,15,15_ACC_Equity_Capital,11,11_ACC_Work_In_Process_DPT_Prod_B,0.0,0.0
1,2020-02,15,15_ACC_Equity_Capital,12,12_ACC_Cash,0.0,0.0
1,2020-02,15,15_ACC_Equity_Capital,13,13_ACC_Raw_Materials,0.0,0.0
1,2020-02,15,15_ACC_Equity_Capital,14,14_ACC_Finished_Goods,0.0,0.0
1,2020-02,15,15_ACC_Equity_Capital,15,15_ACC_Equity_Capital,0.0,0.0
2,2020-03,0,00_ACC_Accounts_Payable_DPT_Admin,0,00_ACC_Accounts_Payable_DPT_Admin,1e-11,1.0
2,2020-03,0,00_ACC_Accounts_Payable_DPT_Admin,1,01_ACC_Accounts_Receivable_DPT_Admin,-2.5e-11,1.0
2,2020-03,0,00_ACC_Accounts_Payable_DPT_Admin,2,02_ACC_COGS_DPT_Prod_A,-3e-12,1.0
2,2020-03,0,00_ACC_Accounts_Payable_DPT_Admin,3,03_ACC_COGS_DPT_Prod_B,-6e-12,1.0
2,2020-03,0,00_ACC_Accounts_Payable_DPT_Admin,4,04_ACC_Cash_DPT_Admin,-3e-12,1.0
2,2020-03,0,00_ACC_Accounts_Payable_DPT_Admin,5,05_ACC_Finished_Goods_DPT_Prod_A,6e-12,-1.0
2,2020-03,0,00_ACC_Accounts_Payable_DPT_Admin,6,06_ACC_Finished_Goods_DPT_Prod_B,9e-12,-1.0
2,2020-03,0,00_ACC_Accounts_Payable_DPT_Admin,7,07_ACC_Mfg_Overhead_Exp_DPT_Mfg_Support,2e-12,-1.0
2,2020-03,0,00_ACC_Accounts_Payable_DPT_Admin,8,08_ACC_Raw_Materials_DPT_Ops,-4e-12,1.0
2,2020-03,0,00_ACC_Accounts_Payable_DPT_Admin,9,09_ACC_Sales_Revenue_DPT_Sales,1.4e-11,-1.0
2,2020-03,0,00_ACC_Accounts_Payable_DPT_Admin,10,10_ACC_Work_In_Process_DPT_Prod_A,0.0,-1.0
2,2020-03,0,00_ACC_Accounts_Payable_DPT_Admin,11,11_ACC_Work_In_Process_DPT_Prod_B,0.0,-1.0
2,2020-03,0,00_ACC_Accounts_Payable_DPT_Admin,12,12_ACC_Cash,0.0,-0.0
2,2020-03,0,00_ACC_Accounts_Payable_DPT_Admin,13,13_ACC_Raw_Materials,0.0,-0.0
2,2020-03,0,00_ACC_Accounts_Payable_DPT_Admin,14,14_ACC_Finished_Goods,0.0,-0.0
2,2020-03,0,00_ACC_Accounts_Payable_DPT_Admin,15,15_ACC_Equity_Capital,0.0,-0.0
2,2020-03,1,01_ACC_Accounts_Receivable_DPT_Admin,0,00_ACC_Accounts_Payable_DPT_Admin,-2.5e-11,1.0
2,2020-03,1,01_ACC_Accounts_Receivable_DPT_Admin,1,01_ACC_Accounts_Receivable_DPT_Admin,6.3e-11,1.0
2,2020-03,1,01_ACC_Accounts_Receivable_DPT_Admin,2,02_ACC_COGS_DPT_Prod_A,8e-12,-1.0
2,2020-03,1,01_ACC_Accounts_Receivable_DPT_Admin,3,03_ACC_COGS_DPT_Prod_B,1.4e-11,-1.0
2,2020-03,1,01_ACC_Accounts_Receivable_DPT_Admin,4,04_ACC_Cash_DPT_Admin,8e-12,-1.0
2,2020-03,1,01_ACC_Accounts_Receivable_DPT_Admin,5,05_ACC_Finished_Goods_DPT_Prod_A,-1.6e-11,1.0
2,2020-03,1,01_ACC_Accounts_Receivable_DPT_Admin,6,06_ACC_Finished_Goods_DPT_Prod_B,-2.3e-11,1.0
2,2020-03,1,01_ACC_Accounts_Receivable_DPT_Admin,7,07_ACC_Mfg_Overhead_Exp_DPT_Mfg_Support,-4e-12,1.0
2,2020-03,1,01_ACC_Accounts_Receivable_DPT_Admin,8,08_ACC_Raw_Materials_DPT_Ops,9e-12,-1.0
2,2020-03,1,01_ACC_Accounts_Receivable_DPT_Admin,9,09_ACC_Sales_Revenue_DPT_Sales,-3.5e-11,1.0
2,2020-03,1,01_ACC_Accounts_Receivable_DPT_Admin,10,10_ACC_Work_In_Process_DPT_Prod_A,-0.0,1.0
2,2020-03,1,01_ACC_Accounts_Receivable_DPT_Admin,11,11_ACC_Work_In_Process_DPT_Prod_B,-0.0,1.0
2,2020-03,1,01_ACC_Accounts_Receivable_DPT_Admin,12,12_ACC_Cash,0.0,-0.0
2,2020-03,1,01_ACC_Accounts_Receivable_DPT_Admin,13,13_ACC_Raw_Materials,0.0,-0.0
2,2020-03,1,01_ACC_Accounts_Receivable_DPT_Admin,14,14_ACC_Finished_Goods,0.0,-0.0
2,2020-03,1,01_ACC_Accounts_Receivable_DPT_Admin,15,15_ACC_Equity_Capital,0.0,-0.0
2,2020-03,2,02_ACC_COGS_DPT_Prod_A,0,00_ACC_Accounts_Payable_DPT_Admin,-3e-12,1.0
2,2020-03,2,02_ACC_COGS_DPT_Prod_A,1,01_ACC_Accounts_Receivable_DPT_Admin,8e-12,-1.0
2,2020-03,2,02_ACC_COGS_DPT_Prod_A,2,02_ACC_COGS_DPT_Prod_A,1e-12,1.0
2,2020-03,2,02_ACC_COGS_DPT_Prod_A,3,03_ACC_COGS_DPT_Prod_B,2e-12,-1.0
2,2020-03,2,02_ACC_COGS_DPT_Prod_A,4,04_ACC_Cash_DPT_Admin,1e-12,-1.0
2,2020-03,2,02_ACC_COGS_DPT_Prod_A,5,05_ACC_Finished_Goods_DPT_Prod_A,-2e-12,1.0
2,2020-03,2,02_ACC_COGS_DPT_Prod_A,6,06_ACC_Finished_Goods_DPT_Prod_B,-3e-12,1.0
2,2020-03,2,02_ACC_COGS_DPT_Prod_A,7,07_ACC_Mfg_Overhead_Exp_DPT_Mfg_Support,-1e-12,1.0
2,2020-03,2,02_ACC_COGS_DPT_Prod_A,8,08_ACC_Raw_Materials_DPT_Ops,1e-12,-1.0
2,2020-03,2,02_ACC_COGS_DPT_Prod_A,9,09_ACC_Sales_Revenue_DPT_Sales,-5e-12,1.0
2,2020-03,2,02_ACC_COGS_DPT_Prod_A,10,10_ACC_Work_In_Process_DPT_Prod_A,-0.0,1.0
2,2020-03,2,02_ACC_COGS_DPT_Prod_A,11,11_ACC_Work_In_Process_DPT_Prod_B,-0.0,1.0
2,2020-03,2,02_ACC_COGS_DPT_Prod_A,12,12_ACC_Cash,0.0,-0.0
2,2020-03,2,02_ACC_COGS_DPT_Prod_A,13,13_ACC_Raw_Materials,0.0,-0.0
2,2020-03,2,02_ACC_COGS_DPT_Prod_A,14,14_ACC_Finished_Goods,0.0,-0.0
2,2020-03,2,02_ACC_COGS_DPT_Prod_A,15,15_ACC_Equity_Capital,0.0,-0.0
2,2020-03,3,03_ACC_COGS_DPT_Prod_B,0,00_ACC_Accounts_Payable_DPT_Admin,-6e-12,1.0
2,2020-03,3,03_ACC_COGS_DPT_Prod_B,1,01_ACC_Accounts_Receivable_DPT_Admin,1.4e-11,-1.0
2,2020-03,3,03_ACC_COGS_DPT_Prod_B,2,02_ACC_COGS_DPT_Prod_A,2e-12,-1.0
2,2020-03,3,03_ACC_COGS_DPT_Prod_B,3,03_ACC_COGS_DPT_Prod_B,3e-12,1.0
2,2020-03,3,03_ACC_COGS_DPT_Prod_B,4,04_ACC_Cash_DPT_Admin,2e-12,-1.0
2,2020-03,3,03_ACC_COGS_DPT_Prod_B,5,05_ACC_Finished_Goods_DPT_Prod_A,-4e-12,1.0
2,2020-03,3,03_ACC_COGS_DPT_Prod_B,6,06_ACC_Finished_Goods_DPT_Prod_B,-5e-12,1.0
2,2020-03,3,03_ACC_COGS_DPT_Prod_B,7,07_ACC_Mfg_Overhead_Exp_DPT_Mfg_Support,-1e-12,1.0
2,2020-03,3,03_ACC_COGS_DPT_Prod_B,8,08_ACC_Raw_Materials_DPT_Ops,2e-12,-1.0
2,2020-03,3,03_ACC_COGS_DPT_Prod_B,9,09_ACC_Sales_Revenue_DPT_Sales,-8e-12,1.0
2,2020-03,3,03_ACC_COGS_DPT_Prod_B,10,10_ACC_Work_In_Process_DPT_Prod_A,-0.0,1.0
2,2020-03,3,03_ACC_COGS_DPT_Prod_B,11,11_ACC_Work_In_Process_DPT_Prod_B,-0.0,1.0
2,2020-03,3,03_ACC_COGS_DPT_Prod_B,12,12_ACC_Cash,0.0,-0.0
2,2020-03,3,03_ACC_COGS_DPT_Prod_B,13,13_ACC_Raw_Materials,0.0,-0.0
2,2020-03,3,03_ACC_COGS_DPT_Prod_B,14,14_ACC_Finished_Goods,0.0,-0.0
2,2020-03,3,03_ACC_COGS_DPT_Prod_B,15,15_ACC_Equity_Capital,0.0,-0.0
2,2020-03,4,04_ACC_Cash_DPT_Admin,0,00_ACC_Accounts_Payable_DPT_Admin,-3e-12,1.0
2,2020-03,4,04_ACC_Cash_DPT_Admin,1,01_ACC_Accounts_Receivable_DPT_Admin,8e-12,-1.0
2,2020-03,4,04_ACC_Cash_DPT_Admin,2,02_ACC_COGS_DPT_Prod_A,1e-12,-1.0
2,2020-03,4,04_ACC_Cash_DPT_Admin,3,03_ACC_COGS_DPT_Prod_B,2e-12,-1.0
2,2020-03,4,04_ACC_Cash_DPT_Admin,4,04_ACC_Cash_DPT_Admin,1e-12,1.0
2,2020-03,4,04_ACC_Cash_DPT_Admin,5,05_ACC_Finished_Goods_DPT_Prod_A,-2e-12,1.0
2,2020-03,4,04_ACC_Cash_DPT_Admin,6,06_ACC_Finished_Goods_DPT_Prod_B,-3e-12,1.0
2,2020-03,4,04_ACC_Cash_DPT_Admin,7,07_ACC_Mfg_Overhead_Exp_DPT_Mfg_Support,-1e-12,1.0
2,2020-03,4,04_ACC_Cash_DPT_Admin,8,08_ACC_Raw_Materials_DPT_Ops,1e-12,-1.0
2,2020-03,4,04_ACC_Cash_DPT_Admin,9,09_ACC_Sales_Revenue_DPT_Sales,-5e-12,1.0
2,2020-03,4,04_ACC_Cash_DPT_Admin,10,10_ACC_Work_In_Process_DPT_Prod_A,-0.0,1.0
2,2020-03,4,04_ACC_Cash_DPT_Admin,11,11_ACC_Work_In_Process_DPT_Prod_B,-0.0,1.0
2,2020-03,4,04_ACC_Cash_DPT_Admin,12,12_ACC_Cash,0.0,-0.0
2,2020-03,4,04_ACC_Cash_DPT_Admin,13,13_ACC_Raw_Materials,0.0,-0.0
2,2020-03,4,04_ACC_Cash_DPT_Admin,14,14_ACC_Finished_Goods,0.0,-0.0
2,2020-03,4,04_ACC_Cash_DPT_Admin,15,15_ACC_Equity_Capital,0.0,-0.0
2,2020-03,5,05_ACC_Finished_Goods_DPT_Prod_A,0,00_ACC_Accounts_Payable_DPT_Admin,6e-12,-1.0
2,2020-03,5,05_ACC_Finished_Goods_DPT_Prod_A,1,01_ACC_Accounts_Receivable_DPT_Admin,-1.6e-11,1.0
2,2020-03,5,05_ACC_Finished_Goods_DPT_Prod_A,2,02_ACC_COGS_DPT_Prod_A,-2e-12,1.0
2,2020-03,5,05_ACC_Finished_Goods_DPT_Prod_A,3,03_ACC_COGS_DPT_Prod_B,-4e-12,1.0
2,2020-03,5,05_ACC_Finished_Goods_DPT_Prod_A,4,04_ACC_Cash_DPT_Admin,-2e-12,1.0
2,2020-03,5,05_ACC_Finished_Goods_DPT_Prod_A,5,05_ACC_Finished_Goods_DPT_Prod_A,4e-12,1.0
2,2020-03,5,05_ACC_Finished_Goods_DPT_Prod_A,6,06_ACC_Finished_Goods_DPT_Prod_B,6e-12,-1.0
2,2020-03,5,05_ACC_Finished_Goods_DPT_Prod_A,7,07_ACC_Mfg_Overhead_Exp_DPT_Mfg_Support,1e-12,-1.0
2,2020-03,5,05_ACC_Finished_Goods_DPT_Prod_A,8,08_ACC_Raw_Materials_DPT_Ops,-2e-12,1.0
2,2020-03,5,05_ACC_Finished_Goods_DPT_Prod_A,9,09_ACC_Sales_Revenue_DPT_Sales,9e-12,-1.0
2,2020-03,5,05_ACC_Finished_Goods_DPT_Prod_A,10,10_ACC_Work_In_Process_DPT_Prod_A,0.0,-1.0
2,2020-03,5,05_ACC_Finished_Goods_DPT_Prod_A,11,11_ACC_Work_In_Process_DPT_Prod_B,0.0,-1.0
2,2020-03,5,05_ACC_Finished_Goods_DPT_Prod_A,12,12_ACC_Cash,0.0,-0.0
2,2020-03,5,05_ACC_Finished_Goods_DPT_Prod_A,13,13_ACC_Raw_Materials,0.0,-0.0
2,2020-03,5,05_ACC_Finished_Goods_DPT_Prod_A,14,14_ACC_Finished_Goods,0.0,-0.0
2,2020-03,5,05_ACC_Finished_Goods_DPT_Prod_A,15,15_ACC_Equity_Capital,0.0,-0.0
2,2020-03,6,06_ACC_Finished_Goods_DPT_Prod_B,0,00_ACC_Accounts_Payable_DPT_Admin,9e-12,-1.0
2,2020-03,6,06_ACC_Finished_Goods_DPT_Prod_B,1,01_ACC_Accounts_Receivable_DPT_Admin,-2.3e-11,1.0
2,2020-03,6,06_ACC_Finished_Goods_DPT_Prod_B,2,02_ACC_COGS_DPT_Prod_A,-3e-12,1.0
2,2020-03,6,06_ACC_Finished_Goods_DPT_Prod_B,3,03_ACC_COGS_DPT_Prod_B,-5e-12,1.0
2,2020-03,6,06_ACC_Finished_Goods_DPT_Prod_B,4,04_ACC_Cash_DPT_Admin,-3e-12,1.0
2,2020-03,6,06_ACC_Finished_Goods_DPT_Prod_B,5,05_ACC_Finished_Goods_DPT_Prod_A,6e-12,-1.0
2,2020-03,6,06_ACC_Finished_Goods_DPT_Prod_B,6,06_ACC_Finished_Goods_DPT_Prod_B,8e-12,1.0
2,2020-03,6,06_ACC_Finished_Goods_DPT_Prod_B,7,07_ACC_Mfg_Overhead_Exp_DPT_Mfg_Support,1e-12,-1.0
2,2020-03,6,06_ACC_Finished_Goods_DPT_Prod_B,8,08_ACC_Raw_Materials_DPT_Ops,-3e-12,1.0
2,2020-03,6,06_ACC_Finished_Goods_DPT_Prod_B,9,09_ACC_Sales_Revenue_DPT_Sales,1.3e-11,-1.0
2,2020-03,6,06_ACC_Finished_Goods_DPT_Prod_B,10,10_ACC_Work_In_Process_DPT_Prod_A,0.0,-1.0
2,2020-03,6,06_ACC_Finished_Goods_DPT_Prod_B,11,11_ACC_Work_In_Process_DPT_Prod_B,0.0,-1.0
2,2020-03,6,06_ACC_Finished_Goods_DPT_Prod_B,12,12_ACC_Cash,0.0,-0.0
2,2020-03,6,06_ACC_Finished_Goods_DPT_Prod_B,13,13_ACC_Raw_Materials,0.0,-0.0
2,2020-03,6,06_ACC_Finished_Goods_DPT_Prod_B,14,14_ACC_Finished_Goods,0.0,-0.0
2,2020-03,6,06_ACC_Finished_Goods_DPT_Prod_B,15,15_ACC_Equity_Capital,0.0,-0.0
2,2020-03,7,07_ACC_Mfg_Overhead_Exp_DPT_Mfg_Support,0,00_ACC_Accounts_Payable_DPT_Admin,2e-12,-1.0
2,2020-03,7,07_ACC_Mfg_Overhead_Exp_DPT_Mfg_Support,1,01_ACC_Accounts_Receivable_DPT_Admin,-4e-12,1.0
2,2020-03,7,07_ACC_Mfg_Overhead_Exp_DPT_Mfg_Support,2,02_ACC_COGS_DPT_Prod_A,-1e-12,1.0
2,2020-03,7,07_ACC_Mfg_Overhead_Exp_DPT_Mfg_Support,3,03_ACC_COGS_DPT_Prod_B,-1e-12,1.0
2,2020-03,7,07_ACC_Mfg_Overhead_Exp_DPT_Mfg_Support,4,04_ACC_Cash_DPT_Admin,-1e-12,1.0
2,2020-03,7,07_ACC_Mfg_Overhead_Exp_DPT_Mfg_Support,5,05_ACC_Finished_Goods_DPT_Prod_A,1e-12,-1.0
2,2020-03,7,07_ACC_Mfg_Overhead_Exp_DPT_Mfg_Support,6,06_ACC_Finished_Goods_DPT_Prod_B,1e-12,-1.0
2,2020-03,7,07_ACC_Mfg_Overhead_Exp_DPT_Mfg_Support,7,07_ACC_Mfg_Overhead_Exp_DPT_Mfg_Support,0.0,1.0
2,2020-03,7,07_ACC_Mfg_Overhead_Exp_DPT_Mfg_Support,8,08_ACC_Raw_Materials_DPT_Ops,-1e-12,1.0
2,2020-03,7,07_ACC_Mfg_Overhead_Exp_DPT_Mfg_Support,9,09_ACC_Sales_Revenue_DPT_Sales,2e-12,-1.0
2,2020-03,7,07_ACC_Mfg_Overhead_Exp_DPT_Mfg_Support,10,10_ACC_Work_In_Process_DPT_Prod_A,0.0,-1.0
2,2020-03,7,07_ACC_Mfg_Overhead_Exp_DPT_Mfg_Support,11,11_ACC_Work_In_Process_DPT_Prod_B,0.0,-1.0
2,2020-03,7,07_ACC_Mfg_Overhead_Exp_DPT_Mfg_Support,12,12_ACC_Cash,0.0,-0.0
2,2020-03,7,07_ACC_Mfg_Overhead_Exp_DPT_Mfg_Support,13,13_ACC_Raw_Materials,0.0,-0.0
2,2020-03,7,07_ACC_Mfg_Overhead_Exp_DPT_Mfg_Support,14,14_ACC_Finished_Goods,0.0,-0.0
2,2020-03,7,07_ACC_Mfg_Overhead_Exp_DPT_Mfg_Support,15,15_ACC_Equity_Capital,0.0,-0.0
2,2020-03,8,08_ACC_Raw_Materials_DPT_Ops,0,00_ACC_Accounts_Payable_DPT_Admin,-4e-12,1.0
2,2020-03,8,08_ACC_Raw_Materials_DPT_Ops,1,01_ACC_Accounts_Receivable_DPT_Admin,9e-12,-1.0
2,2020-03,8,08_ACC_Raw_Materials_DPT_Ops,2,02_ACC_COGS_DPT_Prod_A,1e-12,-1.0
2,2020-03,8,08_ACC_Raw_Materials_DPT_Ops,3,03_ACC_COGS_DPT_Prod_B,2e-12,-1.0
2,2020-03,8,08_ACC_Raw_Materials_DPT_Ops,4,04_ACC_Cash_DPT_Admin,1e-12,-1.0
2,2020-03,8,08_ACC_Raw_Materials_DPT_Ops,5,05_ACC_Finished_Goods_DPT_Prod_A,-2e-12,1.0
2,2020-03,8,08_ACC_Raw_Materials_DPT_Ops,6,06_ACC_Finished_Goods_DPT_Prod_B,-3e-12,1.0
2,2020-03,8,08_ACC_Raw_Materials_DPT_Ops,7,07_ACC_Mfg_Overhead_Exp_DPT_Mfg_Support,-1e-12,1.0
2,2020-03,8,08_ACC_Raw_Materials_DPT_Ops,8,08_ACC_Raw_Materials_DPT_Ops,1e-12,1.0
2,2020-03,8,08_ACC_Raw_Materials_DPT_Ops,9,09_ACC_Sales_Revenue_DPT_Sales,-5e-12,1.0
2,2020-03,8,08_ACC_Raw_Materials_DPT_Ops,10,10_ACC_Work_In_Process_DPT_Prod_A,-0.0,1.0
2,2020-03,8,08_ACC_Raw_Materials_DPT_Ops,11,11_ACC_Work_In_Process_DPT_Prod_B,-0.0,1.0
2,2020-03,8,08_ACC_Raw_Materials_DPT_Ops,12,12_ACC_Cash,0.0,-0.0
2,2020-03,8,08_ACC_Raw_Materials_DPT_Ops,13,13_ACC_Raw_Materials,0.0,-0.0
2,2020-03,8,08_ACC_Raw_Materials_DPT_Ops,14,14_ACC_Finished_Goods,0.0,-0.0
2,2020-03,8,08_ACC_Raw_Materials_DPT_Ops,15,15_ACC_Equity_Capital,0.0,-0.0
2,2020-03,9,09_ACC_Sales_Revenue_DPT_Sales,0,00_ACC_Accounts_Payable_DPT_Admin,1.4e-11,-1.0
2,2020-03,9,09_ACC_Sales_Revenue_DPT_Sales,1,01_ACC_Accounts_Receivable_DPT_Admin,-3.5e-11,1.0
2,2020-03,9,09_ACC_Sales_Revenue_DPT_Sales,2,02_ACC_COGS_DPT_Prod_A,-5e-12,1.0
2,2020-03,9,09_ACC_Sales_Revenue_DPT_Sales,3,03_ACC_COGS_DPT_Prod_B,-8e-12,1.0
2,2020-03,9,09_ACC_Sales_Revenue_DPT_Sales,4,04_ACC_Cash_DPT_Admin,-5e-12,1.0
2,2020-03,9,09_ACC_Sales_Revenue_DPT_Sales,5,05_ACC_Finished_Goods_DPT_Prod_A,9e-12,-1.0
2,2020-03,9,09_ACC_Sales_Revenue_DPT_Sales,6,06_ACC_Finished_Goods_DPT_Prod_B,1.3e-11,-1.0
2,2020-03,9,09_ACC_Sales_Revenue_DPT_Sales,7,07_ACC_Mfg_Overhead_Exp_DPT_Mfg_Support,2e-12,-1.0
2,2020-03,9,09_ACC_Sales_Revenue_DPT_Sales,8,08_ACC_Raw_Materials_DPT_Ops,-5e-12,1.0
2,2020-03,9,09_ACC_Sales_Revenue_DPT_Sales,9,09_ACC_Sales_Revenue_DPT_Sales,1.9e-11,1.0
2,2020-03,9,09_ACC_Sales_Revenue_DPT_Sales,10,10_ACC_Work_In_Process_DPT_Prod_A,0.0,-1.0
2,2020-03,9,09_ACC_Sales_Revenue_DPT_Sales,11,11_ACC_Work_In_Process_DPT_Prod_B,0.0,-1.0
2,2020-03,9,09_ACC_Sales_Revenue_DPT_Sales,12,12_ACC_Cash,0.0,-0.0
2,2020-03,9,09_ACC_Sales_Revenue_DPT_Sales,13,13_ACC_Raw_Materials,0.0,-0.0
2,2020-03,9,09_ACC_Sales_Revenue_DPT_Sales,14,14_ACC_Finished_Goods,0.0,-0.0
2,2020-03,9,09_ACC_Sales_Revenue_DPT_Sales,15,15_ACC_Equity_Capital,0.0,-0.0
2,2020-03,10,10_ACC_Work_In_Process_DPT_Prod_A,0,00_ACC_Accounts_Payable_DPT_Admin,0.0,-1.0
2,2020-03,10,10_ACC_Work_In_Process_DPT_Prod_A,1,01_ACC_Accounts_Receivable_DPT_Admin,-0.0,1.0
2,2020-03,10,10_ACC_Work_In_Process_DPT_Prod_A,2,02_ACC_COGS_DPT_Prod_A,-0.0,1.0
2,2020-03,10,10_ACC_Work_In_Process_DPT_Prod_A,3,03_ACC_COGS_DPT_Prod_B,-0.0,1.0
2,2020-03,10,10_ACC_Work_In_Process_DPT_Prod_A,4,04_ACC_Cash_DPT_Admin,-0.0,1.0
2,2020-03,10,10_ACC_Work_In_Process_DPT_Prod_A,5,05_ACC_Finished_Goods_DPT_Prod_A,0.0,-1.0
2,2020-03,10,10_ACC_Work_In_Process_DPT_Prod_A,6,06_ACC_Finished_Goods_DPT_Prod_B,0.0,-1.0
2,2020-03,10,10_ACC_Work_In_Process_DPT_Prod_A,7,07_ACC_Mfg_Overhead_Exp_DPT_Mfg_Support,0.0,-1.0
2,2020-03,10,10_ACC_Work_In_Process_DPT_Prod_A,8,08_ACC_Raw_Materials_DPT_Ops,-0.0,1.0
2,2020-03,10,10_ACC_Work_In_Process_DPT_Prod_A,9,09_ACC_Sales_Revenue_DPT_Sales,0.0,-1.0
2,2020-03,10,10_ACC_Work_In_Process_DPT_Prod_A,10,10_ACC_Work_In_Process_DPT_Prod_A,0.0,1.0
2,2020-03,10,10_ACC_Work_In_Process_DPT_Prod_A,11,11_ACC_Work_In_Process_DPT_Prod_B,0.0,-1.0
2,2020-03,10,10_ACC_Work_In_Process_DPT_Prod_A,12,12_ACC_Cash,0.0,-0.0
2,2020-03,10,10_ACC_Work_In_Process_DPT_Prod_A,13,13_ACC_Raw_Materials,0.0,-0.0
2,2020-03,10,10_ACC_Work_In_Process_DPT_Prod_A,14,14_ACC_Finished_Goods,0.0,-0.0
2,2020-03,10,10_ACC_Work_In_Process_DPT_Prod_A,15,15_ACC_Equity_Capital,0.0,-0.0
2,2020-03,11,11_ACC_Work_In_Process_DPT_Prod_B,0,00_ACC_Accounts_Payable_DPT_Admin,0.0,-1.0
2,2020-03,11,11_ACC_Work_In_Process_DPT_Prod_B,1,01_ACC_Accounts_Receivable_DPT_Admin,-0.0,1.0
2,2020-03,11,11_ACC_Work_In_Process_DPT_Prod_B,2,02_ACC_COGS_DPT_Prod_A,-0.0,1.0
2,2020-03,11,11_ACC_Work_In_Process_DPT_Prod_B,3,03_ACC_COGS_DPT_Prod_B,-0.0,1.0
2,2020-03,11,11_ACC_Work_In_Process_DPT_Prod_B,4,04_ACC_Cash_DPT_Admin,-0.0,1.0
2,2020-03,11,11_ACC_Work_In_Process_DPT_Prod_B,5,05_ACC_Finished_Goods_DPT_Prod_A,0.0,-1.0
2,2020-03,11,11_ACC_Work_In_Process_DPT_Prod_B,6,06_ACC_Finished_Goods_DPT_Prod_B,0.0,-1.0
2,2020-03,11,11_ACC_Work_In_Process_DPT_Prod_B,7,07_ACC_Mfg_Overhead_Exp_DPT_Mfg_Support,0.0,-1.0
2,2020-03,11,11_ACC_Work_In_Process_DPT_Prod_B,8,08_ACC_Raw_Materials_DPT_Ops,-0.0,1.0
2,2020-03,11,11_ACC_Work_In_Process_DPT_Prod_B,9,09_ACC_Sales_Revenue_DPT_Sales,0.0,-1.0
2,2020-03,11,11_ACC_Work_In_Process_DPT_Prod_B,10,10_ACC_Work_In_Process_DPT_Prod_A,0.0,-1.0
2,2020-03,11,11_ACC_Work_In_Process_DPT_Prod_B,11,11_ACC_Work_In_Process_DPT_Prod_B,0.0,1.0
2,2020-03,11,11_ACC_Work_In_Process_DPT_Prod_B,12,12_ACC_Cash,0.0,-0.0
2,2020-03,11,11_ACC_Work_In_Process_DPT_Prod_B,13,13_ACC_Raw_Materials,0.0,-0.0
2,2020-03,11,11_ACC_Work_In_Process_DPT_Prod_B,14,14_ACC_Finished_Goods,0.0,-0.0
2,2020-03,11,11_ACC_Work_In_Process_DPT_Prod_B,15,15_ACC_Equity_Capital,0.0,-0.0
2,2020-03,12,12_ACC_Cash,0,00_ACC_Accounts_Payable_DPT_Admin,0.0,-0.0
2,2020-03,12,12_ACC_Cash,1,01_ACC_Accounts_Receivable_DPT_Admin,0.0,-0.0
2,2020-03,12,12_ACC_Cash,2,02_ACC_COGS_DPT_Prod_A,0.0,-0.0
2,2020-03,12,12_ACC_Cash,3,03_ACC_COGS_DPT_Prod_B,0.0,-0.0
2,2020-03,12,12_ACC_Cash,4,04_ACC_Cash_DPT_Admin,0.0,-0.0
2,2020-03,12,12_ACC_Cash,5,05_ACC_Finished_Goods_DPT_Prod_A,0.0,-0.0
2,2020-03,12,12_ACC_Cash,6,06_ACC_Finished_Goods_DPT_Prod_B,0.0,-0.0
2,2020-03,12,12_ACC_Cash,7,07_ACC_Mfg_Overhead_Exp_DPT_Mfg_Support,0.0,-0.0
2,2020-03,12,12_ACC_Cash,8,08_ACC_Raw_Materials_DPT_Ops,0.0,-0.0
2,2020-03,12,12_ACC_Cash,9,09_ACC_Sales_Revenue_DPT_Sales,0.0,-0.0
2,2020-03,12,12_ACC_Cash,10,10_ACC_Work_In_Process_DPT_Prod_A,0.0,-0.0
2,2020-03,12,12_ACC_Cash,11,11_ACC_Work_In_Process_DPT_Prod_B,0.0,-0.0
2,2020-03,12,12_ACC_Cash,12,12_ACC_Cash,0.0,1.0
2,2020-03,12,12_ACC_Cash,13,13_ACC_Raw_Materials,0.0,-0.0
2,2020-03,12,12_ACC_Cash,14,14_ACC_Finished_Goods,0.0,-0.0
2,2020-03,12,12_ACC_Cash,15,15_ACC_Equity_Capital,0.0,-0.0
2,2020-03,13,13_ACC_Raw_Materials,0,00_ACC_Accounts_Payable_DPT_Admin,0.0,-0.0
2,2020-03,13,13_ACC_Raw_Materials,1,01_ACC_Accounts_Receivable_DPT_Admin,0.0,-0.0
2,2020-03,13,13_ACC_Raw_Materials,2,02_ACC_COGS_DPT_Prod_A,0.0,-0.0
2,2020-03,13,13_ACC_Raw_Materials,3,03_ACC_COGS_DPT_Prod_B,0.0,-0.0
2,2020-03,13,13_ACC_Raw_Materials,4,04_ACC_Cash_DPT_Admin,0.0,-0.0
2,2020-03,13,13_ACC_Raw_Materials,5,05_ACC_Finished_Goods_DPT_Prod_A,0.0,-0.0
2,2020-03,13,13_ACC_Raw_Materials,6,06_ACC_Finished_Goods_DPT_Prod_B,0.0,-0.0
2,2020-03,13,13_ACC_Raw_Materials,7,07_ACC_Mfg_Overhead_Exp_DPT_Mfg_Support,0.0,-0.0
2,2020-03,13,13_ACC_Raw_Materials,8,08_ACC_Raw_Materials_DPT_Ops,0.0,-0.0
2,2020-03,13,13_ACC_Raw_Materials,9,09_ACC_Sales_Revenue_DPT_Sales,0.0,-0.0
2,2020-03,13,13_ACC_Raw_Materials,10,10_ACC_Work_In_Process_DPT_Prod_A,0.0,-0.0
2,2020-03,13,13_ACC_Raw_Materials,11,11_ACC_Work_In_Process_DPT_Prod_B,0.0,-0.0
2,2020-03,13,13_ACC_Raw_Materials,12,12_ACC_Cash,0.0,-0.0
2,2020-03,13,13_ACC_Raw_Materials,13,13_ACC_Raw_Materials,0.0,1.0
2,2020-03,13,13_ACC_Raw_Materials,14,14_ACC_Finished_Goods,0.0,-0.0
2,2020-03,13,13_ACC_Raw_Materials,15,15_ACC_Equity_Capital,0.0,-0.0
2,2020-03,14,14_ACC_Finished_Goods,0,00_ACC_Accounts_Payable_DPT_Admin,0.0,-0.0
2,2020-03,14,14_ACC_Finished_Goods,1,01_ACC_Accounts_Receivable_DPT_Admin,0.0,-0.0
2,2020-03,14,14_ACC_Finished_Goods,2,02_ACC_COGS_DPT_Prod_A,0.0,-0.0
2,2020-03,14,14_ACC_Finished_Goods,3,03_ACC_COGS_DPT_Prod_B,0.0,-0.0
2,2020-03,14,14_ACC_Finished_Goods,4,04_ACC_Cash_DPT_Admin,0.0,-0.0
2,2020-03,14,14_ACC_Finished_Goods,5,05_ACC_Finished_Goods_DPT_Prod_A,0.0,-0.0
2,2020-03,14,14_ACC_Finished_Goods,6,06_ACC_Finished_Goods_DPT_Prod_B,0.0,-0.0
2,2020-03,14,14_ACC_Finished_Goods,7,07_ACC_Mfg_Overhead_Exp_DPT_Mfg_Support,0.0,-0.0
2,2020-03,14,14_ACC_Finished_Goods,8,08_ACC_Raw_Materials_DPT_Ops,0.0,-0.0
2,2020-03,14,14_ACC_Finished_Goods,9,09_ACC_Sales_Revenue_DPT_Sales,0.0,-0.0
2,2020-03,14,14_ACC_Finished_Goods,10,10_ACC_Work_In_Process_DPT_Prod_A,0.0,-0.0
2,2020-03,14,14_ACC_Finished_Goods,11,11_ACC_Work_In_Process_DPT_Prod_B,0.0,-0.0
2,2020-03,14,14_ACC_Finished_Goods,12,12_ACC_Cash,0.0,-0.0
2,2020-03,14,14_ACC_Finished_Goods,13,13_ACC_Raw_Materials,0.0,-0.0
2,2020-03,14,14_ACC_Finished_Goods,14,14_ACC_Finished_Goods,0.0,1.0
2,2020-03,14,14_ACC_Finished_Goods,15,15_ACC_Equity_Capital,0.0,-0.0
2,2020-03,15,15_ACC_Equity_Capital,0,00_ACC_Accounts_Payable_DPT_Admin,0.0,-0.0
2,2020-03,15,15_ACC_Equity_Capital,1,01_ACC_Accounts_Receivable_DPT_Admin,0.0,-0.0
2,2020-03,15,15_ACC_Equity_Capital,2,02_ACC_COGS_DPT_Prod_A,0.0,-0.0
2,2020-03,15,15_ACC_Equity_Capital,3,03_ACC_COGS_DPT_Prod_B,0.0,-0.0
2,2020-03,15,15_ACC_Equity_Capital,4,04_ACC_Cash_DPT_Admin,0.0,-0.0
2,2020-03,15,15_ACC_Equity_Capital,5,05_ACC_Finished_Goods_DPT_Prod_A,0.0,-0.0
2,2020-03,15,15_ACC_Equity_Capital,6,06_ACC_Finished_Goods_DPT_Prod_B,0.0,-0.0
2,2020-03,15,15_ACC_Equity_Capital,7,07_ACC_Mfg_Overhead_Exp_DPT_Mfg_Support,0.0,-0.0
2,2020-03,15,15_ACC_Equity_Capital,8,08_ACC_Raw_Materials_DPT_Ops,0.0,-0.0
2,2020-03,15,15_ACC_Equity_Capital,9,09_ACC_Sales_Revenue_DPT_Sales,0.0,-0.0
2,2020-03,15,15_ACC_Equity_Capital,10,10_ACC_Work_In_Process_DPT_Prod_A,0.0,-0.0
2,2020-03,15,15_ACC_Equity_Capital,11,11_ACC_Work_In_Process_DPT_Prod_B,0.0,-0.0
2,2020-03,15,15_ACC_Equity_Capital,12,12_ACC_Cash,0.0,-0.0
2,2020-03,15,15_ACC_Equity_Capital,13,13_ACC_Raw_Materials,0.0,-0.0
2,2020-03,15,15_ACC_Equity_Capital,14,14_ACC_Finished_Goods,0.0,-0.0
2,2020-03,15,15_ACC_Equity_Capital,15,15_ACC_Equity_Capital,0.0,1.0
3,2020-04,0,00_ACC_Accounts_Payable_DPT_Admin,0,00_ACC_Accounts_Payable_DPT_Admin,8.3e-11,1.0
3,2020-04,0,00_ACC_Accounts_Payable_DPT_Admin,1,01_ACC_Accounts_Receivable_DPT_Admin,-5.8e-11,0.5938
3,2020-04,0,00_ACC_Accounts_Payable_DPT_Admin,2,02_ACC_COGS_DPT_Prod_A,-1e-12,0.0377
3,2020-04,0,00_ACC_Accounts_Payable_DPT_Admin,3,03_ACC_COGS_DPT_Prod_B,-1.3e-11,0.5759
3,2020-04,0,00_ACC_Accounts_Payable_DPT_Admin,4,04_ACC_Cash_DPT_Admin,-5.3e-11,0.9707
3,2020-04,0,00_ACC_Accounts_Payable_DPT_Admin,5,05_ACC_Finished_Goods_DPT_Prod_A,2.5e-11,-0.8585
3,2020-04,0,00_ACC_Accounts_Payable_DPT_Admin,6,06_ACC_Finished_Goods_DPT_Prod_B,2.1e-11,-0.5929
3,2020-04,0,00_ACC_Accounts_Payable_DPT_Admin,7,07_ACC_Mfg_Overhead_Exp_DPT_Mfg_Support,6e-12,-0.8645
3,2020-04,0,00_ACC_Accounts_Payable_DPT_Admin,8,08_ACC_Raw_Materials_DPT_Ops,-3e-11,0.9999
3,2020-04,0,00_ACC_Accounts_Payable_DPT_Admin,9,09_ACC_Sales_Revenue_DPT_Sales,1.9e-11,-0.3448
3,2020-04,0,00_ACC_Accounts_Payable_DPT_Admin,10,10_ACC_Work_In_Process_DPT_Prod_A,0.0,-0.9763
3,2020-04,0,00_ACC_Accounts_Payable_DPT_Admin,11,11_ACC_Work_In_Process_DPT_Prod_B,0.0,-0.8912
3,2020-04,0,00_ACC_Accounts_Payable_DPT_Admin,12,12_ACC_Cash,0.0,-0.0
3,2020-04,0,00_ACC_Accounts_Payable_DPT_Admin,13,13_ACC_Raw_Materials,0.0,-0.0
3,2020-04,0,00_ACC_Accounts_Payable_DPT_Admin,14,14_ACC_Finished_Goods,0.0,-0.0
3,2020-04,0,00_ACC_Accounts_Payable_DPT_Admin,15,15_ACC_Equity_Capital,0.0,-0.0
3,2020-04,1,01_ACC_Accounts_Receivable_DPT_Admin,0,00_ACC_Accounts_Payable_DPT_Admin,-5.8e-11,0.5938
3,2020-04,1,01_ACC_Accounts_Receivable_DPT_Admin,1,01_ACC_Accounts_Receivable_DPT_Admin,1.16e-10,1.0
3,2020-04,1,01_ACC_Accounts_Receivable_DPT_Admin,2,02_ACC_COGS_DPT_Prod_A,1.4e-11,-0.8264
3,2020-04,1,01_ACC_Accounts_Receivable_DPT_Admin,3,03_ACC_COGS_DPT_Prod_B,2.6e-11,-0.9998
3,2020-04,1,01_ACC_Accounts_Receivable_DPT_Admin,4,04_ACC_Cash_DPT_Admin,2.5e-11,-0.3829
3,2020-04,1,01_ACC_Accounts_Receivable_DPT_Admin,5,05_ACC_Finished_Goods_DPT_Prod_A,-3.2e-11,0.9224
3,2020-04,1,01_ACC_Accounts_Receivable_DPT_Admin,6,06_ACC_Finished_Goods_DPT_Prod_B,-4.2e-11,1.0
3,2020-04,1,01_ACC_Accounts_Receivable_DPT_Admin,7,07_ACC_Mfg_Overhead_Exp_DPT_Mfg_Support,-8e-12,0.9178
3,2020-04,1,01_ACC_Accounts_Receivable_DPT_Admin,8,08_ACC_Raw_Materials_DPT_Ops,2.1e-11,-0.6075
3,2020-04,1,01_ACC_Accounts_Receivable_DPT_Admin,9,09_ACC_Sales_Revenue_DPT_Sales,-6.1e-11,0.96
3,2020-04,1,01_ACC_Accounts_Receivable_DPT_Admin,10,10_ACC_Work_In_Process_DPT_Prod_A,-0.0,0.7538
3,2020-04,1,01_ACC_Accounts_Receivable_DPT_Admin,11,11_ACC_Work_In_Process_DPT_Prod_B,-0.0,0.8942
3,2020-04,1,01_ACC_Accounts_Receivable_DPT_Admin,12,12_ACC_Cash,0.0,-0.0
3,2020-04,1,01_ACC_Accounts_Receivable_DPT_Admin,13,13_ACC_Raw_Materials,0.0,-0.0
3,2020-04,1,01_ACC_Accounts_Receivable_DPT_Admin,14,14_ACC_Finished_Goods,0.0,-0.0
3,2020-04,1,01_ACC_Accounts_Receivable_DPT_Admin,15,15_ACC_Equity_Capital,0.0,-0.0
3,2020-04,2,02_ACC_COGS_DPT_Prod_A,0,00_ACC_Accounts_Payable_DPT_Admin,-1e-12,0.0377
3,2020-04,2,02_ACC_COGS_DPT_Prod_A,1,01_ACC_Accounts_Receivable_DPT_Admin,1.4e-11,-0.8264
3,2020-04,2,02_ACC_COGS_DPT_Prod_A,2,02_ACC_COGS_DPT_Prod_A,2e-12,1.0
3,2020-04,2,02_ACC_COGS_DPT_Prod_A,3,03_ACC_COGS_DPT_Prod_B,3e-12,-0.8387
3,2020-04,2,02_ACC_COGS_DPT_Prod_A,4,04_ACC_Cash_DPT_Admin,-2e-12,0.2037
3,2020-04,2,02_ACC_COGS_DPT_Prod_A,5,05_ACC_Finished_Goods_DPT_Prod_A,-3e-12,0.5449
3,2020-04,2,02_ACC_COGS_DPT_Prod_A,6,06_ACC_Finished_Goods_DPT_Prod_B,-5e-12,0.8271
3,2020-04,2,02_ACC_COGS_DPT_Prod_A,7,07_ACC_Mfg_Overhead_Exp_DPT_Mfg_Support,-1e-12,0.535
3,2020-04,2,02_ACC_COGS_DPT_Prod_A,8,08_ACC_Raw_Materials_DPT_Ops,0.0,-0.0548
3,2020-04,2,02_ACC_COGS_DPT_Prod_A,9,09_ACC_Sales_Revenue_DPT_Sales,-9e-12,0.951
3,2020-04,2,02_ACC_COGS_DPT_Prod_A,10,10_ACC_Work_In_Process_DPT_Prod_A,-0.0,0.2529
3,2020-04,2,02_ACC_COGS_DPT_Prod_A,11,11_ACC_Work_In_Process_DPT_Prod_B,-0.0,0.4868
3,2020-04,2,02_ACC_COGS_DPT_Prod_A,12,12_ACC_Cash,0.0,-0.0
3,2020-04,2,02_ACC_COGS_DPT_Prod_A,13,13_ACC_Raw_Materials,0.0,-0.0
3,2020-04,2,02_ACC_COGS_DPT_Prod_A,14,14_ACC_Finished_Goods,0.0,-0.0
3,2020-04,2,02_ACC_COGS_DPT_Prod_A,15,15_ACC_Equity_Capital,0.0,-0.0
3,2020-04,3,03_ACC_COGS_DPT_Prod_B,0,00_ACC_Accounts_Payable_DPT_Admin,-1.3e-11,0.5759
3,2020-04,3,03_ACC_COGS_DPT_Prod_B,1,01_ACC_Accounts_Receivable_DPT_Admin,2.6e-11,-0.9998
3,2020-04,3,03_ACC_COGS_DPT_Prod_B,2,02_ACC_COGS_DPT_Prod_A,3e-12,-0.8387
3,2020-04,3,03_ACC_COGS_DPT_Prod_B,3,03_ACC_COGS_DPT_Prod_B,6e-12,1.0
3,2020-04,3,03_ACC_COGS_DPT_Prod_B,4,04_ACC_Cash_DPT_Admin,5e-12,-0.3624
3,2020-04,3,03_ACC_COGS_DPT_Prod_B,5,05_ACC_Finished_Goods_DPT_Prod_A,-7e-12,0.9137
3,2020-04,3,03_ACC_COGS_DPT_Prod_B,6,06_ACC_Finished_Goods_DPT_Prod_B,-9e-12,0.9998
3,2020-04,3,03_ACC_COGS_DPT_Prod_B,7,07_ACC_Mfg_Overhead_Exp_DPT_Mfg_Support,-2e-12,0.9088
3,2020-04,3,03_ACC_COGS_DPT_Prod_B,8,08_ACC_Raw_Materials_DPT_Ops,5e-12,-0.5897
3,2020-04,3,03_ACC_COGS_DPT_Prod_B,9,09_ACC_Sales_Revenue_DPT_Sales,-1.4e-11,0.966
3,2020-04,3,03_ACC_COGS_DPT_Prod_B,10,10_ACC_Work_In_Process_DPT_Prod_A,-0.0,0.739
3,2020-04,3,03_ACC_COGS_DPT_Prod_B,11,11_ACC_Work_In_Process_DPT_Prod_B,-0.0,0.884
3,2020-04,3,03_ACC_COGS_DPT_Prod_B,12,12_ACC_Cash,0.0,-0.0
3,2020-04,3,03_ACC_COGS_DPT_Prod_B,13,13_ACC_Raw_Materials,0.0,-0.0
3,2020-04,3,03_ACC_COGS_DPT_Prod_B,14,14_ACC_Finished_Goods,0.0,-0.0
3,2020-04,3,03_ACC_COGS_DPT_Prod_B,15,15_ACC_Equity_Capital,0.0,-0.0
3,2020-04,4,04_ACC_Cash_DPT_Admin,0,00_ACC_Accounts_Payable_DPT_Admin,-5.3e-11,0.9707
3,2020-04,4,04_ACC_Cash_DPT_Admin,1,01_ACC_Accounts_Receivable_DPT_Admin,2.5e-11,-0.3829
3,2020-04,4,04_ACC_Cash_DPT_Admin,2,02_ACC_COGS_DPT_Prod_A,-2e-12,0.2037
3,2020-04,4,04_ACC_Cash_DPT_Admin,3,03_ACC_COGS_DPT_Prod_B,5e-12,-0.3624
3,2020-04,4,04_ACC_Cash_DPT_Admin,4,04_ACC_Cash_DPT_Admin,3.6e-11,1.0
3,2020-04,4,04_ACC_Cash_DPT_Admin,5,05_ACC_Finished_Goods_DPT_Prod_A,-1.4e-11,0.71
3,2020-04,4,04_ACC_Cash_DPT_Admin,6,06_ACC_Finished_Goods_DPT_Prod_B,-9e-12,0.3819
3,2020-04,4,04_ACC_Cash_DPT_Admin,7,07_ACC_Mfg_Overhead_Exp_DPT_Mfg_Support,-3e-12,0.7182
3,2020-04,4,04_ACC_Cash_DPT_Admin,8,08_ACC_Raw_Materials_DPT_Ops,1.9e-11,-0.9664
3,2020-04,4,04_ACC_Cash_DPT_Admin,9,09_ACC_Sales_Revenue_DPT_Sales,-4e-12,0.1089
3,2020-04,4,04_ACC_Cash_DPT_Admin,10,10_ACC_Work_In_Process_DPT_Prod_A,-0.0,0.8957
3,2020-04,4,04_ACC_Cash_DPT_Admin,11,11_ACC_Work_In_Process_DPT_Prod_B,-0.0,0.756
3,2020-04,4,04_ACC_Cash_DPT_Admin,12,12_ACC_Cash,0.0,-0.0
3,2020-04,4,04_ACC_Cash_DPT_Admin,13,13_ACC_Raw_Materials,0.0,-0.0
3,2020-04,4,04_ACC_Cash_DPT_Admin,14,14_ACC_Finished_Goods,0.0,-0.0
3,2020-04,4,04_ACC_Cash_DPT_Admin,15,15_ACC_Equity_Capital,0.0,-0.0
3,2020-04,5,05_ACC_Finished_Goods_DPT_Prod_A,0,00_ACC_Accounts_Payable_DPT_Admin,2.5e-11,-0.8585
3,2020-04,5,05_ACC_Finished_Goods_DPT_Prod_A,1,01_ACC_Accounts_Receivable_DPT_Admin,-3.2e-11,0.9224
3,2020-04,5,05_ACC_Finished_Goods_DPT_Prod_A,2,02_ACC_COGS_DPT_Prod_A,-3e-12,0.5449
3,2020-04,5,05_ACC_Finished_Goods_DPT_Prod_A,3,03_ACC_COGS_DPT_Prod_B,-7e-12,0.9137
3,2020-04,5,05_ACC_Finished_Goods_DPT_Prod_A,4,04_ACC_Cash_DPT_Admin,-1.4e-11,0.71
3,2020-04,5,05_ACC_Finished_Goods_DPT_Prod_A,5,05_ACC_Finished_Goods_DPT_Prod_A,1e-11,1.0
3,2020-04,5,05_ACC_Finished_Goods_DPT_Prod_A,6,06_ACC_Finished_Goods_DPT_Prod_B,1.2e-11,-0.922
3,2020-04,5,05_ACC_Finished_Goods_DPT_Prod_A,7,07_ACC_Mfg_Overhead_Exp_DPT_Mfg_Support,3e-12,-0.9999
3,2020-04,5,05_ACC_Finished_Goods_DPT_Prod_A,8,08_ACC_Raw_Materials_DPT_Ops,-9e-12,0.8671
3,2020-04,5,05_ACC_Finished_Goods_DPT_Prod_A,9,09_ACC_Sales_Revenue_DPT_Sales,1.5e-11,-0.7774
3,2020-04,5,05_ACC_Finished_Goods_DPT_Prod_A,10,10_ACC_Work_In_Process_DPT_Prod_A,0.0,-0.9491
3,2020-04,5,05_ACC_Finished_Goods_DPT_Prod_A,11,11_ACC_Work_In_Process_DPT_Prod_B,0.0,-0.9977
3,2020-04,5,05_ACC_Finished_Goods_DPT_Prod_A,12,12_ACC_Cash,0.0,-0.0
3,2020-04,5,05_ACC_Finished_Goods_DPT_Prod_A,13,13_ACC_Raw_Materials,0.0,-0.0
3,2020-04,5,05_ACC_Finished_Goods_DPT_Prod_A,14,14_ACC_Finished_Goods,0.0,-0.0
3,2020-04,5,05_ACC_Finished_Goods_DPT_Prod_A,15,15_ACC_Equity_Capital,0.0,-0.0
3,2020-04,6,06_ACC_Finished_Goods_DPT_Prod_B,0,00_ACC_Accounts_Payable_DPT_Admin,2.1e-11,-0.5929
3,2020-04,6,06_ACC_Finished_Goods_DPT_Prod_B,1,01_ACC_Accounts_Receivable_DPT_Admin,-4.2e-11,1.0
3,2020-04,6,06_ACC_Finished_Goods_DPT_Prod_B,2,02_ACC_COGS_DPT_Prod_A,-5e-12,0.8271
3,2020-04,6,06_ACC_Finished_Goods_DPT_Prod_B,3,03_ACC_COGS_DPT_Prod_B,-9e-12,0.9998
3,2020-04,6,06_ACC_Finished_Goods_DPT_Prod_B,4,04_ACC_Cash_DPT_Admin,-9e-12,0.3819
3,2020-04,6,06_ACC_Finished_Goods_DPT_Prod_B,5,05_ACC_Finished_Goods_DPT_Prod_A,1.2e-11,-0.922
3,2020-04,6,06_ACC_Finished_Goods_DPT_Prod_B,6,06_ACC_Finished_Goods_DPT_Prod_B,1.6e-11,1.0
3,2020-04,6,06_ACC_Finished_Goods_DPT_Prod_B,7,07_ACC_Mfg_Overhead_Exp_DPT_Mfg_Support,3e-12,-0.9174
3,2020-04,6,06_ACC_Finished_Goods_DPT_Prod_B,8,08_ACC_Raw_Materials_DPT_Ops,-8e-12,0.6066
3,2020-04,6,06_ACC_Finished_Goods_DPT_Prod_B,9,09_ACC_Sales_Revenue_DPT_Sales,2.2e-11,-0.9603
3,2020-04,6,06_ACC_Finished_Goods_DPT_Prod_B,10,10_ACC_Work_In_Process_DPT_Prod_A,0.0,-0.753
3,2020-04,6,06_ACC_Finished_Goods_DPT_Prod_B,11,11_ACC_Work_In_Process_DPT_Prod_B,0.0,-0.8936
3,2020-04,6,06_ACC_Finished_Goods_DPT_Prod_B,12,12_ACC_Cash,0.0,-0.0
3,2020-04,6,06_ACC_Finished_Goods_DPT_Prod_B,13,13_ACC_Raw_Materials,0.0,-0.0
3,2020-04,6,06_ACC_Finished_Goods_DPT_Prod_B,14,14_ACC_Finished_Goods,0.0,-0.0
3,2020-04,6,06_ACC_Finished_Goods_DPT_Prod_B,15,15_ACC_Equity_Capital,0.0,-0.0
3,2020-04,7,07_ACC_Mfg_Overhead_Exp_DPT_Mfg_Support,0,00_ACC_Accounts_Payable_DPT_Admin,6e-12,-0.8645
3,2020-04,7,07_ACC_Mfg_Overhead_Exp_DPT_Mfg_Support,1,01_ACC_Accounts_Receivable_DPT_Admin,-8e-12,0.9178
3,2020-04,7,07_ACC_Mfg_Overhead_Exp_DPT_Mfg_Support,2,02_ACC_COGS_DPT_Prod_A,-1e-12,0.535
3,2020-04,7,07_ACC_Mfg_Overhead_Exp_DPT_Mfg_Support,3,03_ACC_COGS_DPT_Prod_B,-2e-12,0.9088
3,2020-04,7,07_ACC_Mfg_Overhead_Exp_DPT_Mfg_Support,4,04_ACC_Cash_DPT_Admin,-3e-12,0.7182
3,2020-04,7,07_ACC_Mfg_Overhead_Exp_DPT_Mfg_Support,5,05_ACC_Finished_Goods_DPT_Prod_A,3e-12,-0.9999
3,2020-04,7,07_ACC_Mfg_Overhead_Exp_DPT_Mfg_Support,6,06_ACC_Finished_Goods_DPT_Prod_B,3e-12,-0.9174
3,2020-04,7,07_ACC_Mfg_Overhead_Exp_DPT_Mfg_Support,7,07_ACC_Mfg_Overhead_Exp_DPT_Mfg_Support,1e-12,1.0
3,2020-04,7,07_ACC_Mfg_Overhead_Exp_DPT_Mfg_Support,8,08_ACC_Raw_Materials_DPT_Ops,-2e-12,0.8729
3,2020-04,7,07_ACC_Mfg_Overhead_Exp_DPT_Mfg_Support,9,09_ACC_Sales_Revenue_DPT_Sales,4e-12,-0.7699
3,2020-04,7,07_ACC_Mfg_Overhead_Exp_DPT_Mfg_Support,10,10_ACC_Work_In_Process_DPT_Prod_A,0.0,-0.9527
3,2020-04,7,07_ACC_Mfg_Overhead_Exp_DPT_Mfg_Support,11,11_ACC_Work_In_Process_DPT_Prod_B,0.0,-0.9984
3,2020-04,7,07_ACC_Mfg_Overhead_Exp_DPT_Mfg_Support,12,12_ACC_Cash,0.0,-0.0
3,2020-04,7,07_ACC_Mfg_Overhead_Exp_DPT_Mfg_Support,13,13_ACC_Raw_Materials,0.0,-0.0
3,2020-04,7,07_ACC_Mfg_Overhead_Exp_DPT_Mfg_Support,14,14_ACC_Finished_Goods,0.0,-0.0
3,2020-04,7,07_ACC_Mfg_Overhead_Exp_DPT_Mfg_Support,15,15_ACC_Equity_Capital,0.0,-0.0
3,2020-04,8,08_ACC_Raw_Materials_DPT_Ops,0,00_ACC_Accounts_Payable_DPT_Admin,-3e-11,0.9999
3,2020-04,8,08_ACC_Raw_Materials_DPT_Ops,1,01_ACC_Accounts_Receivable_DPT_Admin,2.1e-11,-0.6075
3,2020-04,8,08_ACC_Raw_Materials_DPT_Ops,2,02_ACC_COGS_DPT_Prod_A,0.0,-0.0548
3,2020-04,8,08_ACC_Raw_Materials_DPT_Ops,3,03_ACC_COGS_DPT_Prod_B,5e-12,-0.5897
3,2020-04,8,08_ACC_Raw_Materials_DPT_Ops,4,04_ACC_Cash_DPT_Admin,1.9e-11,-0.9664
3,2020-04,8,08_ACC_Raw_Materials_DPT_Ops,5,05_ACC_Finished_Goods_DPT_Prod_A,-9e-12,0.8671
3,2020-04,8,08_ACC_Raw_Materials_DPT_Ops,6,06_ACC_Finished_Goods_DPT_Prod_B,-8e-12,0.6066
3,2020-04,8,08_ACC_Raw_Materials_DPT_Ops,7,07_ACC_Mfg_Overhead_Exp_DPT_Mfg_Support,-2e-12,0.8729
3,2020-04,8,08_ACC_Raw_Materials_DPT_Ops,8,08_ACC_Raw_Materials_DPT_Ops,1.1e-11,1.0
3,2020-04,8,08_ACC_Raw_Materials_DPT_Ops,9,09_ACC_Sales_Revenue_DPT_Sales,-7e-12,0.3607
3,2020-04,8,08_ACC_Raw_Materials_DPT_Ops,10,10_ACC_Work_In_Process_DPT_Prod_A,-0.0,0.9799
3,2020-04,8,08_ACC_Raw_Materials_DPT_Ops,11,11_ACC_Work_In_Process_DPT_Prod_B,-0.0,0.8989
3,2020-04,8,08_ACC_Raw_Materials_DPT_Ops,12,12_ACC_Cash,0.0,-0.0
3,2020-04,8,08_ACC_Raw_Materials_DPT_Ops,13,13_ACC_Raw_Materials,0.0,-0.0
3,2020-04,8,08_ACC_Raw_Materials_DPT_Ops,14,14_ACC_Finished_Goods,0.0,-0.0
3,2020-04,8,08_ACC_Raw_Materials_DPT_Ops,15,15_ACC_Equity_Capital,0.0,-0.0
3,2020-04,9,09_ACC_Sales_Revenue_DPT_Sales,0,00_ACC_Accounts_Payable_DPT_Admin,1.9e-11,-0.3448
3,2020-04,9,09_ACC_Sales_Revenue_DPT_Sales,1,01_ACC_Accounts_Receivable_DPT_Admin,-6.1e-11,0.96
3,2020-04,9,09_ACC_Sales_Revenue_DPT_Sales,2,02_ACC_COGS_DPT_Prod_A,-9e-12,0.951
3,2020-04,9,09_ACC_Sales_Revenue_DPT_Sales,3,03_ACC_COGS_DPT_Prod_B,-1.4e-11,0.966
3,2020-04,9,09_ACC_Sales_Revenue_DPT_Sales,4,04_ACC_Cash_DPT_Admin,-4e-12,0.1089
3,2020-04,9,09_ACC_Sales_Revenue_DPT_Sales,5,05_ACC_Finished_Goods_DPT_Prod_A,1.5e-11,-0.7774
3,2020-04,9,09_ACC_Sales_Revenue_DPT_Sales,6,06_ACC_Finished_Goods_DPT_Prod_B,2.2e-11,-0.9603
3,2020-04,9,09_ACC_Sales_Revenue_DPT_Sales,7,07_ACC_Mfg_Overhead_Exp_DPT_Mfg_Support,4e-12,-0.7699
3,2020-04,9,09_ACC_Sales_Revenue_DPT_Sales,8,08_ACC_Raw_Materials_DPT_Ops,-7e-12,0.3607
3,2020-04,9,09_ACC_Sales_Revenue_DPT_Sales,9,09_ACC_Sales_Revenue_DPT_Sales,3.5e-11,1.0
3,2020-04,9,09_ACC_Sales_Revenue_DPT_Sales,10,10_ACC_Work_In_Process_DPT_Prod_A,0.0,-0.5396
3,2020-04,9,09_ACC_Sales_Revenue_DPT_Sales,11,11_ACC_Work_In_Process_DPT_Prod_B,0.0,-0.733
3,2020-04,9,09_ACC_Sales_Revenue_DPT_Sales,12,12_ACC_Cash,0.0,-0.0
3,2020-04,9,09_ACC_Sales_Revenue_DPT_Sales,13,13_ACC_Raw_Materials,0.0,-0.0
3,2020-04,9,09_ACC_Sales_Revenue_DPT_Sales,14,14_ACC_Finished_Goods,0.0,-0.0
3,2020-04,9,09_ACC_Sales_Revenue_DPT_Sales,15,15_ACC_Equity_Capital,0.0,-0.0
3,2020-04,10,10_ACC_Work_In_Process_DPT_Prod_A,0,00_ACC_Accounts_Payable_DPT_Admin,0.0,-0.9763
3,2020-04,10,10_ACC_Work_In_Process_DPT_Prod_A,1,01_ACC_Accounts_Receivable_DPT_Admin,-0.0,0.7538
3,2020-04,10,10_ACC_Work_In_Process_DPT_Prod_A,2,02_ACC_COGS_DPT_Prod_A,-0.0,0.2529
3,2020-04,10,10_ACC_Work_In_Process_DPT_Prod_A,3,03_ACC_COGS_DPT_Prod_B,-0.0,0.739
3,2020-04,10,10_ACC_Work_In_Process_DPT_Prod_A,4,04_ACC_Cash_DPT_Admin,-0.0,0.8957
3,2020-04,10,10_ACC_Work_In_Process_DPT_Prod_A,5,05_ACC_Finished_Goods_DPT_Prod_A,0.0,-0.9491
3,2020-04,10,10_ACC_Work_In_Process_DPT_Prod_A,6,06_ACC_Finished_Goods_DPT_Prod_B,0.0,-0.753
3,2020-04,10,10_ACC_Work_In_Process_DPT_Prod_A,7,07_ACC_Mfg_Overhead_Exp_DPT_Mfg_Support,0.0,-0.9527
3,2020-04,10,10_ACC_Work_In_Process_DPT_Prod_A,8,08_ACC_Raw_Materials_DPT_Ops,-0.0,0.9799
3,2020-04,10,10_ACC_Work_In_Process_DPT_Prod_A,9,09_ACC_Sales_Revenue_DPT_Sales,0.0,-0.5396
3,2020-04,10,10_ACC_Work_In_Process_DPT_Prod_A,10,10_ACC_Work_In_Process_DPT_Prod_A,0.0,1.0
3,2020-04,10,10_ACC_Work_In_Process_DPT_Prod_A,11,11_ACC_Work_In_Process_DPT_Prod_B,0.0,-0.9682
3,2020-04,10,10_ACC_Work_In_Process_DPT_Prod_A,12,12_ACC_Cash,0.0,-0.0
3,2020-04,10,10_ACC_Work_In_Process_DPT_Prod_A,13,13_ACC_Raw_Materials,0.0,-0.0
3,2020-04,10,10_ACC_Work_In_Process_DPT_Prod_A,14,14_ACC_Finished_Goods,0.0,-0.0
3,2020-04,10,10_ACC_Work_In_Process_DPT_Prod_A,15,15_ACC_Equity_Capital,0.0,-0.0
3,2020-04,11,11_ACC_Work_In_Process_DPT_Prod_B,0,00_ACC_Accounts_Payable_DPT_Admin,0.0,-0.8912
3,2020-04,11,11_ACC_Work_In_Process_DPT_Prod_B,1,01_ACC_Accounts_Receivable_DPT_Admin,-0.0,0.8942
3,2020-04,11,11_ACC_Work_In_Process_DPT_Prod_B,2,02_ACC_COGS_DPT_Prod_A,-0.0,0.4868
3,2020-04,11,11_ACC_Work_In_Process_DPT_Prod_B,3,03_ACC_COGS_DPT_Prod_B,-0.0,0.884
3,2020-04,11,11_ACC_Work_In_Process_DPT_Prod_B,4,04_ACC_Cash_DPT_Admin,-0.0,0.756
3,2020-04,11,11_ACC_Work_In_Process_DPT_Prod_B,5,05_ACC_Finished_Goods_DPT_Prod_A,0.0,-0.9977
3,2020-04,11,11_ACC_Work_In_Process_DPT_Prod_B,6,06_ACC_Finished_Goods_DPT_Prod_B,0.0,-0.8936
3,2020-04,11,11_ACC_Work_In_Process_DPT_Prod_B,7,07_ACC_Mfg_Overhead_Exp_DPT_Mfg_Support,0.0,-0.9984
3,2020-04,11,11_ACC_Work_In_Process_DPT_Prod_B,8,08_ACC_Raw_Materials_DPT_Ops,-0.0,0.8989
3,2020-04,11,11_ACC_Work_In_Process_DPT_Prod_B,9,09_ACC_Sales_Revenue_DPT_Sales,0.0,-0.733
3,2020-04,11,11_ACC_Work_In_Process_DPT_Prod_B,10,10_ACC_Work_In_Process_DPT_Prod_A,0.0,-0.9682
3,2020-04,11,11_ACC_Work_In_Process_DPT_Prod_B,11,11_ACC_Work_In_Process_DPT_Prod_B,0.0,1.0
3,2020-04,11,11_ACC_Work_In_Process_DPT_Prod_B,12,12_ACC_Cash,0.0,-0.0
3,2020-04,11,11_ACC_Work_In_Process_DPT_Prod_B,13,13_ACC_Raw_Materials,0.0,-0.0
3,2020-04,11,11_ACC_Work_In_Process_DPT_Prod_B,14,14_ACC_Finished_Goods,0.0,-0.0
3,2020-04,11,11_ACC_Work_In_Process_DPT_Prod_B,15,15_ACC_Equity_Capital,0.0,-0.0
3,2020-04,12,12_ACC_Cash,0,00_ACC_Accounts_Payable_DPT_Admin,0.0,-0.0
3,2020-04,12,12_ACC_Cash,1,01_ACC_Accounts_Receivable_DPT_Admin,0.0,-0.0
3,2020-04,12,12_ACC_Cash,2,02_ACC_COGS_DPT_Prod_A,0.0,-0.0
3,2020-04,12,12_ACC_Cash,3,03_ACC_COGS_DPT_Prod_B,0.0,-0.0
3,2020-04,12,12_ACC_Cash,4,04_ACC_Cash_DPT_Admin,0.0,-0.0
3,2020-04,12,12_ACC_Cash,5,05_ACC_Finished_Goods_DPT_Prod_A,0.0,-0.0
3,2020-04,12,12_ACC_Cash,6,06_ACC_Finished_Goods_DPT_Prod_B,0.0,-0.0
3,2020-04,12,12_ACC_Cash,7,07_ACC_Mfg_Overhead_Exp_DPT_Mfg_Support,0.0,-0.0
3,2020-04,12,12_ACC_Cash,8,08_ACC_Raw_Materials_DPT_Ops,0.0,-0.0
3,2020-04,12,12_ACC_Cash,9,09_ACC_Sales_Revenue_DPT_Sales,0.0,-0.0
3,2020-04,12,12_ACC_Cash,10,10_ACC_Work_In_Process_DPT_Prod_A,0.0,-0.0
3,2020-04,12,12_ACC_Cash,11,11_ACC_Work_In_Process_DPT_Prod_B,0.0,-0.0
3,2020-04,12,12_ACC_Cash,12,12_ACC_Cash,0.0,1.0
3,2020-04,12,12_ACC_Cash,13,13_ACC_Raw_Materials,0.0,-0.0
3,2020-04,12,12_ACC_Cash,14,14_ACC_Finished_Goods,0.0,-0.0
3,2020-04,12,12_ACC_Cash,15,15_ACC_Equity_Capital,0.0,-0.0
3,2020-04,13,13_ACC_Raw_Materials,0,00_ACC_Accounts_Payable_DPT_Admin,0.0,-0.0
3,2020-04,13,13_ACC_Raw_Materials,1,01_ACC_Accounts_Receivable_DPT_Admin,0.0,-0.0
3,2020-04,13,13_ACC_Raw_Materials,2,02_ACC_COGS_DPT_Prod_A,0.0,-0.0
3,2020-04,13,13_ACC_Raw_Materials,3,03_ACC_COGS_DPT_Prod_B,0.0,-0.0
3,2020-04,13,13_ACC_Raw_Materials,4,04_ACC_Cash_DPT_Admin,0.0,-0.0
3,2020-04,13,13_ACC_Raw_Materials,5,05_ACC_Finished_Goods_DPT_Prod_A,0.0,-0.0
3,2020-04,13,13_ACC_Raw_Materials,6,06_ACC_Finished_Goods_DPT_Prod_B,0.0,-0.0
3,2020-04,13,13_ACC_Raw_Materials,7,07_ACC_Mfg_Overhead_Exp_DPT_Mfg_Support,0.0,-0.0
3,2020-04,13,13_ACC_Raw_Materials,8,08_ACC_Raw_Materials_DPT_Ops,0.0,-0.0
3,2020-04,13,13_ACC_Raw_Materials,9,09_ACC_Sales_Revenue_DPT_Sales,0.0,-0.0
3,2020-04,13,13_ACC_Raw_Materials,10,10_ACC_Work_In_Process_DPT_Prod_A,0.0,-0.0
3,2020-04,13,13_ACC_Raw_Materials,11,11_ACC_Work_In_Process_DPT_Prod_B,0.0,-0.0
3,2020-04,13,13_ACC_Raw_Materials,12,12_ACC_Cash,0.0,-0.0
3,2020-04,13,13_ACC_Raw_Materials,13,13_ACC_Raw_Materials,0.0,1.0
3,2020-04,13,13_ACC_Raw_Materials,14,14_ACC_Finished_Goods,0.0,-0.0
3,2020-04,13,13_ACC_Raw_Materials,15,15_ACC_Equity_Capital,0.0,-0.0
3,2020-04,14,14_ACC_Finished_Goods,0,00_ACC_Accounts_Payable_DPT_Admin,0.0,-0.0
3,2020-04,14,14_ACC_Finished_Goods,1,01_ACC_Accounts_Receivable_DPT_Admin,0.0,-0.0
3,2020-04,14,14_ACC_Finished_Goods,2,02_ACC_COGS_DPT_Prod_A,0.0,-0.0
3,2020-04,14,14_ACC_Finished_Goods,3,03_ACC_COGS_DPT_Prod_B,0.0,-0.0
3,2020-04,14,14_ACC_Finished_Goods,4,04_ACC_Cash_DPT_Admin,0.0,-0.0
3,2020-04,14,14_ACC_Finished_Goods,5,05_ACC_Finished_Goods_DPT_Prod_A,0.0,-0.0
3,2020-04,14,14_ACC_Finished_Goods,6,06_ACC_Finished_Goods_DPT_Prod_B,0.0,-0.0
3,2020-04,14,14_ACC_Finished_Goods,7,07_ACC_Mfg_Overhead_Exp_DPT_Mfg_Support,0.0,-0.0
3,2020-04,14,14_ACC_Finished_Goods,8,08_ACC_Raw_Materials_DPT_Ops,0.0,-0.0
3,2020-04,14,14_ACC_Finished_Goods,9,09_ACC_Sales_Revenue_DPT_Sales,0.0,-0.0
3,2020-04,14,14_ACC_Finished_Goods,10,10_ACC_Work_In_Process_DPT_Prod_A,0.0,-0.0
3,2020-04,14,14_ACC_Finished_Goods,11,11_ACC_Work_In_Process_DPT_Prod_B,0.0,-0.0
3,2020-04,14,14_ACC_Finished_Goods,12,12_ACC_Cash,0.0,-0.0
3,2020-04,14,14_ACC_Finished_Goods,13,13_ACC_Raw_Materials,0.0,-0.0
3,2020-04,14,14_ACC_Finished_Goods,14,14_ACC_Finished_Goods,0.0,1.0
3,2020-04,14,14_ACC_Finished_Goods,15,15_ACC_Equity_Capital,0.0,-0.0
3,2020-04,15,15_ACC_Equity_Capital,0,00_ACC_Accounts_Payable_DPT_Admin,0.0,-0.0
3,2020-04,15,15_ACC_Equity_Capital,1,01_ACC_Accounts_Receivable_DPT_Admin,0.0,-0.0
3,2020-04,15,15_ACC_Equity_Capital,2,02_ACC_COGS_DPT_Prod_A,0.0,-0.0
3,2020-04,15,15_ACC_Equity_Capital,3,03_ACC_COGS_DPT_Prod_B,0.0,-0.0
3,2020-04,15,15_ACC_Equity_Capital,4,04_ACC_Cash_DPT_Admin,0.0,-0.0
3,2020-04,15,15_ACC_Equity_Capital,5,05_ACC_Finished_Goods_DPT_Prod_A,0.0,-0.0
3,2020-04,15,15_ACC_Equity_Capital,6,06_ACC_Finished_Goods_DPT_Prod_B,0.0,-0.0
3,2020-04,15,15_ACC_Equity_Capital,7,07_ACC_Mfg_Overhead_Exp_DPT_Mfg_Support,0.0,-0.0
3,2020-04,15,15_ACC_Equity_Capital,8,08_ACC_Raw_Materials_DPT_Ops,0.0,-0.0
3,2020-04,15,15_ACC_Equity_Capital,9,09_ACC_Sales_Revenue_DPT_Sales,0.0,-0.0
3,2020-04,15,15_ACC_Equity_Capital,10,10_ACC_Work_In_Process_DPT_Prod_A,0.0,-0.0
3,2020-04,15,15_ACC_Equity_Capital,11,11_ACC_Work_In_Process_DPT_Prod_B,0.0,-0.0
3,2020-04,15,15_ACC_Equity_Capital,12,12_ACC_Cash,0.0,-0.0
3,2020-04,15,15_ACC_Equity_Capital,13,13_ACC_Raw_Materials,0.0,-0.0
3,2020-04,15,15_ACC_Equity_Capital,14,14_ACC_Finished_Goods,0.0,-0.0
3,2020-04,15,15_ACC_Equity_Capital,15,15_ACC_Equity_Capital,0.0,1.0
4,2020-05,0,00_ACC_Accounts_Payable_DPT_Admin,0,00_ACC_Accounts_Payable_DPT_Admin,1.11e-10,1.0
4,2020-05,0,00_ACC_Accounts_Payable_DPT_Admin,1,01_ACC_Accounts_Receivable_DPT_Admin,-7.8e-11,0.7855
4,2020-05,0,00_ACC_Accounts_Payable_DPT_Admin,2,02_ACC_COGS_DPT_Prod_A,1.1e-11,-0.9588
4,2020-05,0,00_ACC_Accounts_Payable_DPT_Admin,3,03_ACC_COGS_DPT_Prod_B,4e-12,-0.9997
4,2020-05,0,00_ACC_Accounts_Payable_DPT_Admin,4,04_ACC_Cash_DPT_Admin,-1.2e-11,0.2226
4,2020-05,0,00_ACC_Accounts_Payable_DPT_Admin,5,05_ACC_Finished_Goods_DPT_Prod_A,4.6e-11,-0.9163
4,2020-05,0,00_ACC_Accounts_Payable_DPT_Admin,6,06_ACC_Finished_Goods_DPT_Prod_B,-9e-12,0.9475
4,2020-05,0,00_ACC_Accounts_Payable_DPT_Admin,7,07_ACC_Mfg_Overhead_Exp_DPT_Mfg_Support,3e-12,-0.9466
4,2020-05,0,00_ACC_Accounts_Payable_DPT_Admin,8,08_ACC_Raw_Materials_DPT_Ops,-4.9e-11,0.9903
4,2020-05,0,00_ACC_Accounts_Payable_DPT_Admin,9,09_ACC_Sales_Revenue_DPT_Sales,-2.5e-11,0.9785
4,2020-05,0,00_ACC_Accounts_Payable_DPT_Admin,10,10_ACC_Work_In_Process_DPT_Prod_A,0.0,-0.9891
4,2020-05,0,00_ACC_Accounts_Payable_DPT_Admin,11,11_ACC_Work_In_Process_DPT_Prod_B,0.0,-0.9946
4,2020-05,0,00_ACC_Accounts_Payable_DPT_Admin,12,12_ACC_Cash,0.0,-0.0
4,2020-05,0,00_ACC_Accounts_Payable_DPT_Admin,13,13_ACC_Raw_Materials,0.0,-0.0
4,2020-05,0,00_ACC_Accounts_Payable_DPT_Admin,14,14_ACC_Finished_Goods,0.0,-0.0
4,2020-05,0,00_ACC_Accounts_Payable_DPT_Admin,15,15_ACC_Equity_Capital,0.0,-0.0
4,2020-05,1,01_ACC_Accounts_Receivable_DPT_Admin,0,00_ACC_Accounts_Payable_DPT_Admin,-7.8e-11,0.7855
4,2020-05,1,01_ACC_Accounts_Receivable_DPT_Admin,1,01_ACC_Accounts_Receivable_DPT_Admin,9e-11,1.0
4,2020-05,1,01_ACC_Accounts_Receivable_DPT_Admin,2,02_ACC_COGS_DPT_Prod_A,-6e-12,0.5773
4,2020-05,1,01_ACC_Accounts_Receivable_DPT_Admin,3,03_ACC_COGS_DPT_Prod_B,-3e-12,0.8011
4,2020-05,1,01_ACC_Accounts_Receivable_DPT_Admin,4,04_ACC_Cash_DPT_Admin,-2e-11,0.4285
4,2020-05,1,01_ACC_Accounts_Receivable_DPT_Admin,5,05_ACC_Finished_Goods_DPT_Prod_A,-4.3e-11,0.9676
4,2020-05,1,01_ACC_Accounts_Receivable_DPT_Admin,6,06_ACC_Finished_Goods_DPT_Prod_B,8e-12,-0.9421
4,2020-05,1,01_ACC_Accounts_Receivable_DPT_Admin,7,07_ACC_Mfg_Overhead_Exp_DPT_Mfg_Support,-1e-12,0.5441
4,2020-05,1,01_ACC_Accounts_Receivable_DPT_Admin,8,08_ACC_Raw_Materials_DPT_Ops,3.8e-11,-0.8637
4,2020-05,1,01_ACC_Accounts_Receivable_DPT_Admin,9,09_ACC_Sales_Revenue_DPT_Sales,1.5e-11,-0.6411
4,2020-05,1,01_ACC_Accounts_Receivable_DPT_Admin,10,10_ACC_Work_In_Process_DPT_Prod_A,-0.0,0.8682
4,2020-05,1,01_ACC_Accounts_Receivable_DPT_Admin,11,11_ACC_Work_In_Process_DPT_Prod_B,-0.0,0.717
4,2020-05,1,01_ACC_Accounts_Receivable_DPT_Admin,12,12_ACC_Cash,0.0,-0.0
4,2020-05,1,01_ACC_Accounts_Receivable_DPT_Admin,13,13_ACC_Raw_Materials,0.0,-0.0
4,2020-05,1,01_ACC_Accounts_Receivable_DPT_Admin,14,14_ACC_Finished_Goods,0.0,-0.0
4,2020-05,1,01_ACC_Accounts_Receivable_DPT_Admin,15,15_ACC_Equity_Capital,0.0,-0.0
4,2020-05,2,02_ACC_COGS_DPT_Prod_A,0,00_ACC_Accounts_Payable_DPT_Admin,1.1e-11,-0.9588
4,2020-05,2,02_ACC_COGS_DPT_Prod_A,1,01_ACC_Accounts_Receivable_DPT_Admin,-6e-12,0.5773
4,2020-05,2,02_ACC_COGS_DPT_Prod_A,2,02_ACC_COGS_DPT_Prod_A,1e-12,1.0
4,2020-05,2,02_ACC_COGS_DPT_Prod_A,3,03_ACC_COGS_DPT_Prod_B,0.0,-0.9512
4,2020-05,2,02_ACC_COGS_DPT_Prod_A,4,04_ACC_Cash_DPT_Admin,-3e-12,0.4903
4,2020-05,2,02_ACC_COGS_DPT_Prod_A,5,05_ACC_Finished_Goods_DPT_Prod_A,4e-12,-0.7649
4,2020-05,2,02_ACC_COGS_DPT_Prod_A,6,06_ACC_Finished_Goods_DPT_Prod_B,-1e-12,0.8177
4,2020-05,2,02_ACC_COGS_DPT_Prod_A,7,07_ACC_Mfg_Overhead_Exp_DPT_Mfg_Support,0.0,-0.9992
4,2020-05,2,02_ACC_COGS_DPT_Prod_A,8,08_ACC_Raw_Materials_DPT_Ops,-4e-12,0.9101
4,2020-05,2,02_ACC_COGS_DPT_Prod_A,9,09_ACC_Sales_Revenue_DPT_Sales,-3e-12,0.9968
4,2020-05,2,02_ACC_COGS_DPT_Prod_A,10,10_ACC_Work_In_Process_DPT_Prod_A,0.0,-0.9064
4,2020-05,2,02_ACC_COGS_DPT_Prod_A,11,11_ACC_Work_In_Process_DPT_Prod_B,0.0,-0.9831
4,2020-05,2,02_ACC_COGS_DPT_Prod_A,12,12_ACC_Cash,0.0,-0.0
4,2020-05,2,02_ACC_COGS_DPT_Prod_A,13,13_ACC_Raw_Materials,0.0,-0.0
4,2020-05,2,02_ACC_COGS_DPT_Prod_A,14,14_ACC_Finished_Goods,0.0,-0.0
4,2020-05,2,02_ACC_COGS_DPT_Prod_A,15,15_ACC_Equity_Capital,0.0,-0.0
4,2020-05,3,03_ACC_COGS_DPT_Prod_B,0,00_ACC_Accounts_Payable_DPT_Admin,4e-12,-0.9997
4,2020-05,3,03_ACC_COGS_DPT_Prod_B,1,01_ACC_Accounts_Receivable_DPT_Admin,-3e-12,0.8011
4,2020-05,3,03_ACC_COGS_DPT_Prod_B,2,02_ACC_COGS_DPT_Prod_A,0.0,-0.9512
4,2020-05,3,03_ACC_COGS_DPT_Prod_B,3,03_ACC_COGS_DPT_Prod_B,0.0,1.0
4,2020-05,3,03_ACC_COGS_DPT_Prod_B,4,04_ACC_Cash_DPT_Admin,-0.0,0.1976
4,2020-05,3,03_ACC_COGS_DPT_Prod_B,5,05_ACC_Finished_Goods_DPT_Prod_A,2e-12,-0.9263
4,2020-05,3,03_ACC_COGS_DPT_Prod_B,6,06_ACC_Finished_Goods_DPT_Prod_B,-0.0,0.9554
4,2020-05,3,03_ACC_COGS_DPT_Prod_B,7,07_ACC_Mfg_Overhead_Exp_DPT_Mfg_Support,0.0,-0.9381
4,2020-05,3,03_ACC_COGS_DPT_Prod_B,8,08_ACC_Raw_Materials_DPT_Ops,-2e-12,0.9936
4,2020-05,3,03_ACC_COGS_DPT_Prod_B,9,09_ACC_Sales_Revenue_DPT_Sales,-1e-12,0.9729
4,2020-05,3,03_ACC_COGS_DPT_Prod_B,10,10_ACC_Work_In_Process_DPT_Prod_A,0.0,-0.9925
4,2020-05,3,03_ACC_COGS_DPT_Prod_B,11,11_ACC_Work_In_Process_DPT_Prod_B,0.0,-0.9916
4,2020-05,3,03_ACC_COGS_DPT_Prod_B,12,12_ACC_Cash,0.0,-0.0
4,2020-05,3,03_ACC_COGS_DPT_Prod_B,13,13_ACC_Raw_Materials,0.0,-0.0
4,2020-05,3,03_ACC_COGS_DPT_Prod_B,14,14_ACC_Finished_Goods,0.0,-0.0
4,2020-05,3,03_ACC_COGS_DPT_Prod_B,15,15_ACC_Equity_Capital,0.0,-0.0
4,2020-05,4,04_ACC_Cash_DPT_Admin,0,00_ACC_Accounts_Payable_DPT_Admin,-1.2e-11,0.2226
4,2020-05,4,04_ACC_Cash_DPT_Admin,1,01_ACC_Accounts_Receivable_DPT_Admin,-2e-11,0.4285
4,2020-05,4,04_ACC_Cash_DPT_Admin,2,02_ACC_COGS_DPT_Prod_A,-3e-12,0.4903
4,2020-05,4,04_ACC_Cash_DPT_Admin,3,03_ACC_COGS_DPT_Prod_B,-0.0,0.1976
4,2020-05,4,04_ACC_Cash_DPT_Admin,4,04_ACC_Cash_DPT_Admin,2.4e-11,1.0
4,2020-05,4,04_ACC_Cash_DPT_Admin,5,05_ACC_Finished_Goods_DPT_Prod_A,4e-12,-0.1864
4,2020-05,4,04_ACC_Cash_DPT_Admin,6,06_ACC_Finished_Goods_DPT_Prod_B,-0.0,0.1007
4,2020-05,4,04_ACC_Cash_DPT_Admin,7,07_ACC_Mfg_Overhead_Exp_DPT_Mfg_Support,-1e-12,0.525
4,2020-05,4,04_ACC_Cash_DPT_Admin,8,08_ACC_Raw_Materials_DPT_Ops,2e-12,-0.0852
4,2020-05,4,04_ACC_Cash_DPT_Admin,9,09_ACC_Sales_Revenue_DPT_Sales,5e-12,-0.4187
4,2020-05,4,04_ACC_Cash_DPT_Admin,10,10_ACC_Work_In_Process_DPT_Prod_A,-0.0,0.0764
4,2020-05,4,04_ACC_Cash_DPT_Admin,11,11_ACC_Work_In_Process_DPT_Prod_B,-0.0,0.3225
4,2020-05,4,04_ACC_Cash_DPT_Admin,12,12_ACC_Cash,0.0,-0.0
4,2020-05,4,04_ACC_Cash_DPT_Admin,13,13_ACC_Raw_Materials,0.0,-0.0
4,2020-05,4,04_ACC_Cash_DPT_Admin,14,14_ACC_Finished_Goods,0.0,-0.0
4,2020-05,4,04_ACC_Cash_DPT_Admin,15,15_ACC_Equity_Capital,0.0,-0.0
4,2020-05,5,05_ACC_Finished_Goods_DPT_Prod_A,0,00_ACC_Accounts_Payable_DPT_Admin,4.6e-11,-0.9163
4,2020-05,5,05_ACC_Finished_Goods_DPT_Prod_A,1,01_ACC_Accounts_Receivable_DPT_Admin,-4.3e-11,0.9676
4,2020-05,5,05_ACC_Finished_Goods_DPT_Prod_A,2,02_ACC_COGS_DPT_Prod_A,4e-12,-0.7649
4,2020-05,5,05_ACC_Finished_Goods_DPT_Prod_A,3,03_ACC_COGS_DPT_Prod_B,2e-12,-0.9263
4,2020-05,5,05_ACC_Finished_Goods_DPT_Prod_A,4,04_ACC_Cash_DPT_Admin,4e-12,-0.1864
4,2020-05,5,05_ACC_Finished_Goods_DPT_Prod_A,5,05_ACC_Finished_Goods_DPT_Prod_A,2.2e-11,1.0
4,2020-05,5,05_ACC_Finished_Goods_DPT_Prod_A,6,06_ACC_Finished_Goods_DPT_Prod_B,-4e-12,0.9963
4,2020-05,5,05_ACC_Finished_Goods_DPT_Prod_A,7,07_ACC_Mfg_Overhead_Exp_DPT_Mfg_Support,1e-12,-0.7384
4,2020-05,5,05_ACC_Finished_Goods_DPT_Prod_A,8,08_ACC_Raw_Materials_DPT_Ops,-2.1e-11,0.963
4,2020-05,5,05_ACC_Finished_Goods_DPT_Prod_A,9,09_ACC_Sales_Revenue_DPT_Sales,-9e-12,0.8142
4,2020-05,5,05_ACC_Finished_Goods_DPT_Prod_A,10,10_ACC_Work_In_Process_DPT_Prod_A,0.0,-0.9654
4,2020-05,5,05_ACC_Finished_Goods_DPT_Prod_A,11,11_ACC_Work_In_Process_DPT_Prod_B,0.0,-0.8699
4,2020-05,5,05_ACC_Finished_Goods_DPT_Prod_A,12,12_ACC_Cash,0.0,-0.0
4,2020-05,5,05_ACC_Finished_Goods_DPT_Prod_A,13,13_ACC_Raw_Materials,0.0,-0.0
4,2020-05,5,05_ACC_Finished_Goods_DPT_Prod_A,14,14_ACC_Finished_Goods,0.0,-0.0
4,2020-05,5,05_ACC_Finished_Goods_DPT_Prod_A,15,15_ACC_Equity_Capital,0.0,-0.0
4,2020-05,6,06_ACC_Finished_Goods_DPT_Prod_B,0,00_ACC_Accounts_Payable_DPT_Admin,-9e-12,0.9475
4,2020-05,6,06_ACC_Finished_Goods_DPT_Prod_B,1,01_ACC_Accounts_Receivable_DPT_Admin,8e-12,-0.9421
4,2020-05,6,06_ACC_Finished_Goods_DPT_Prod_B,2,02_ACC_COGS_DPT_Prod_A,-1e-12,0.8177
4,2020-05,6,06_ACC_Finished_Goods_DPT_Prod_B,3,03_ACC_COGS_DPT_Prod_B,-0.0,0.9554
4,2020-05,6,06_ACC_Finished_Goods_DPT_Prod_B,4,04_ACC_Cash_DPT_Admin,-0.0,0.1007
4,2020-05,6,06_ACC_Finished_Goods_DPT_Prod_B,5,05_ACC_Finished_Goods_DPT_Prod_A,-4e-12,0.9963
4,2020-05,6,06_ACC_Finished_Goods_DPT_Prod_B,6,06_ACC_Finished_Goods_DPT_Prod_B,1e-12,1.0
4,2020-05,6,06_ACC_Finished_Goods_DPT_Prod_B,7,07_ACC_Mfg_Overhead_Exp_DPT_Mfg_Support,-0.0,0.7939
4,2020-05,6,06_ACC_Finished_Goods_DPT_Prod_B,8,08_ACC_Raw_Materials_DPT_Ops,4e-12,-0.9827
4,2020-05,6,06_ACC_Finished_Goods_DPT_Prod_B,9,09_ACC_Sales_Revenue_DPT_Sales,2e-12,-0.8613
4,2020-05,6,06_ACC_Finished_Goods_DPT_Prod_B,10,10_ACC_Work_In_Process_DPT_Prod_A,-0.0,0.9843
4,2020-05,6,06_ACC_Finished_Goods_DPT_Prod_B,11,11_ACC_Work_In_Process_DPT_Prod_B,-0.0,0.9093
4,2020-05,6,06_ACC_Finished_Goods_DPT_Prod_B,12,12_ACC_Cash,0.0,-0.0
4,2020-05,6,06_ACC_Finished_Goods_DPT_Prod_B,13,13_ACC_Raw_Materials,0.0,-0.0
4,2020-05,6,06_ACC_Finished_Goods_DPT_Prod_B,14,14_ACC_Finished_Goods,0.0,-0.0
4,2020-05,6,06_ACC_Finished_Goods_DPT_Prod_B,15,15_ACC_Equity_Capital,0.0,-0.0
4,2020-05,7,07_ACC_Mfg_Overhead_Exp_DPT_Mfg_Support,0,00_ACC_Accounts_Payable_DPT_Admin,3e-12,-0.9466
4,2020-05,7,07_ACC_Mfg_Overhead_Exp_DPT_Mfg_Support,1,01_ACC_Accounts_Receivable_DPT_Admin,-1e-12,0.5441
4,2020-05,7,07_ACC_Mfg_Overhead_Exp_DPT_Mfg_Support,2,02_ACC_COGS_DPT_Prod_A,0.0,-0.9992
4,2020-05,7,07_ACC_Mfg_Overhead_Exp_DPT_Mfg_Support,3,03_ACC_COGS_DPT_Prod_B,0.0,-0.9381
4,2020-05,7,07_ACC_Mfg_Overhead_Exp_DPT_Mfg_Support,4,04_ACC_Cash_DPT_Admin,-1e-12,0.525
4,2020-05,7,07_ACC_Mfg_Overhead_Exp_DPT_Mfg_Support,5,05_ACC_Finished_Goods_DPT_Prod_A,1e-12,-0.7384
4,2020-05,7,07_ACC_Mfg_Overhead_Exp_DPT_Mfg_Support,6,06_ACC_Finished_Goods_DPT_Prod_B,-0.0,0.7939
4,2020-05,7,07_ACC_Mfg_Overhead_Exp_DPT_Mfg_Support,7,07_ACC_Mfg_Overhead_Exp_DPT_Mfg_Support,0.0,1.0
4,2020-05,7,07_ACC_Mfg_Overhead_Exp_DPT_Mfg_Support,8,08_ACC_Raw_Materials_DPT_Ops,-1e-12,0.8928
4,2020-05,7,07_ACC_Mfg_Overhead_Exp_DPT_Mfg_Support,9,09_ACC_Sales_Revenue_DPT_Sales,-1e-12,0.9927
4,2020-05,7,07_ACC_Mfg_Overhead_Exp_DPT_Mfg_Support,10,10_ACC_Work_In_Process_DPT_Prod_A,0.0,-0.8887
4,2020-05,7,07_ACC_Mfg_Overhead_Exp_DPT_Mfg_Support,11,11_ACC_Work_In_Process_DPT_Prod_B,0.0,-0.975
4,2020-05,7,07_ACC_Mfg_Overhead_Exp_DPT_Mfg_Support,12,12_ACC_Cash,0.0,-0.0
4,2020-05,7,07_ACC_Mfg_Overhead_Exp_DPT_Mfg_Support,13,13_ACC_Raw_Materials,0.0,-0.0
4,2020-05,7,07_ACC_Mfg_Overhead_Exp_DPT_Mfg_Support,14,14_ACC_Finished_Goods,0.0,-0.0
4,2020-05,7,07_ACC_Mfg_Overhead_Exp_DPT_Mfg_Support,15,15_ACC_Equity_Capital,0.0,-0.0
4,2020-05,8,08_ACC_Raw_Materials_DPT_Ops,0,00_ACC_Accounts_Payable_DPT_Admin,-4.9e-11,0.9903
4,2020-05,8,08_ACC_Raw_Materials_DPT_Ops,1,01_ACC_Accounts_Receivable_DPT_Admin,3.8e-11,-0.8637
4,2020-05,8,08_ACC_Raw_Materials_DPT_Ops,2,02_ACC_COGS_DPT_Prod_A,-4e-12,0.9101
4,2020-05,8,08_ACC_Raw_Materials_DPT_Ops,3,03_ACC_COGS_DPT_Prod_B,-2e-12,0.9936
4,2020-05,8,08_ACC_Raw_Materials_DPT_Ops,4,04_ACC_Cash_DPT_Admin,2e-12,-0.0852
4,2020-05,8,08_ACC_Raw_Materials_DPT_Ops,5,05_ACC_Finished_Goods_DPT_Prod_A,-2.1e-11,0.963
4,2020-05,8,08_ACC_Raw_Materials_DPT_Ops,6,06_ACC_Finished_Goods_DPT_Prod_B,4e-12,-0.9827
4,2020-05,8,08_ACC_Raw_Materials_DPT_Ops,7,07_ACC_Mfg_Overhead_Exp_DPT_Mfg_Support,-1e-12,0.8928
4,2020-05,8,08_ACC_Raw_Materials_DPT_Ops,8,08_ACC_Raw_Materials_DPT_Ops,2.2e-11,1.0
4,2020-05,8,08_ACC_Raw_Materials_DPT_Ops,9,09_ACC_Sales_Revenue_DPT_Sales,1.1e-11,-0.9405
4,2020-05,8,08_ACC_Raw_Materials_DPT_Ops,10,10_ACC_Work_In_Process_DPT_Prod_A,-0.0,1.0
4,2020-05,8,08_ACC_Raw_Materials_DPT_Ops,11,11_ACC_Work_In_Process_DPT_Prod_B,-0.0,0.9706
4,2020-05,8,08_ACC_Raw_Materials_DPT_Ops,12,12_ACC_Cash,0.0,-0.0
4,2020-05,8,08_ACC_Raw_Materials_DPT_Ops,13,13_ACC_Raw_Materials,0.0,-0.0
4,2020-05,8,08_ACC_Raw_Materials_DPT_Ops,14,14_ACC_Finished_Goods,0.0,-0.0
4,2020-05,8,08_ACC_Raw_Materials_DPT_Ops,15,15_ACC_Equity_Capital,0.0,-0.0
4,2020-05,9,09_ACC_Sales_Revenue_DPT_Sales,0,00_ACC_Accounts_Payable_DPT_Admin,-2.5e-11,0.9785
4,2020-05,9,09_ACC_Sales_Revenue_DPT_Sales,1,01_ACC_Accounts_Receivable_DPT_Admin,1.5e-11,-0.6411
4,2020-05,9,09_ACC_Sales_Revenue_DPT_Sales,2,02_ACC_COGS_DPT_Prod_A,-3e-12,0.9968
4,2020-05,9,09_ACC_Sales_Revenue_DPT_Sales,3,03_ACC_COGS_DPT_Prod_B,-1e-12,0.9729
4,2020-05,9,09_ACC_Sales_Revenue_DPT_Sales,4,04_ACC_Cash_DPT_Admin,5e-12,-0.4187
4,2020-05,9,09_ACC_Sales_Revenue_DPT_Sales,5,05_ACC_Finished_Goods_DPT_Prod_A,-9e-12,0.8142
4,2020-05,9,09_ACC_Sales_Revenue_DPT_Sales,6,06_ACC_Finished_Goods_DPT_Prod_B,2e-12,-0.8613
4,2020-05,9,09_ACC_Sales_Revenue_DPT_Sales,7,07_ACC_Mfg_Overhead_Exp_DPT_Mfg_Support,-1e-12,0.9927
4,2020-05,9,09_ACC_Sales_Revenue_DPT_Sales,8,08_ACC_Raw_Materials_DPT_Ops,1.1e-11,-0.9405
4,2020-05,9,09_ACC_Sales_Revenue_DPT_Sales,9,09_ACC_Sales_Revenue_DPT_Sales,6e-12,1.0
4,2020-05,9,09_ACC_Sales_Revenue_DPT_Sales,10,10_ACC_Work_In_Process_DPT_Prod_A,-0.0,0.9374
4,2020-05,9,09_ACC_Sales_Revenue_DPT_Sales,11,11_ACC_Work_In_Process_DPT_Prod_B,-0.0,0.9946
4,2020-05,9,09_ACC_Sales_Revenue_DPT_Sales,12,12_ACC_Cash,0.0,-0.0
4,2020-05,9,09_ACC_Sales_Revenue_DPT_Sales,13,13_ACC_Raw_Materials,0.0,-0.0
4,2020-05,9,09_ACC_Sales_Revenue_DPT_Sales,14,14_ACC_Finished_Goods,0.0,-0.0
4,2020-05,9,09_ACC_Sales_Revenue_DPT_Sales,15,15_ACC_Equity_Capital,0.0,-0.0
4,2020-05,10,10_ACC_Work_In_Process_DPT_Prod_A,0,00_ACC_Accounts_Payable_DPT_Admin,0.0,-0.9891
4,2020-05,10,10_ACC_Work_In_Process_DPT_Prod_A,1,01_ACC_Accounts_Receivable_DPT_Admin,-0.0,0.8682
4,2020-05,10,10_ACC_Work_In_Process_DPT_Prod_A,2,02_ACC_COGS_DPT_Prod_A,0.0,-0.9064
4,2020-05,10,10_ACC_Work_In_Process_DPT_Prod_A,3,03_ACC_COGS_DPT_Prod_B,0.0,-0.9925
4,2020-05,10,10_ACC_Work_In_Process_DPT_Prod_A,4,04_ACC_Cash_DPT_Admin,-0.0,0.0764
4,2020-05,10,10_ACC_Work_In_Process_DPT_Prod_A,5,05_ACC_Finished_Goods_DPT_Prod_A,0.0,-0.9654
4,2020-05,10,10_ACC_Work_In_Process_DPT_Prod_A,6,06_ACC_Finished_Goods_DPT_Prod_B,-0.0,0.9843
4,2020-05,10,10_ACC_Work_In_Process_DPT_Prod_A,7,07_ACC_Mfg_Overhead_Exp_DPT_Mfg_Support,0.0,-0.8887
4,2020-05,10,10_ACC_Work_In_Process_DPT_Prod_A,8,08_ACC_Raw_Materials_DPT_Ops,-0.0,1.0
4,2020-05,10,10_ACC_Work_In_Process_DPT_Prod_A,9,09_ACC_Sales_Revenue_DPT_Sales,-0.0,0.9374
4,2020-05,10,10_ACC_Work_In_Process_DPT_Prod_A,10,10_ACC_Work_In_Process_DPT_Prod_A,0.0,1.0
4,2020-05,10,10_ACC_Work_In_Process_DPT_Prod_A,11,11_ACC_Work_In_Process_DPT_Prod_B,0.0,-0.9684
4,2020-05,10,10_ACC_Work_In_Process_DPT_Prod_A,12,12_ACC_Cash,0.0,-0.0
4,2020-05,10,10_ACC_Work_In_Process_DPT_Prod_A,13,13_ACC_Raw_Materials,0.0,-0.0
4,2020-05,10,10_ACC_Work_In_Process_DPT_Prod_A,14,14_ACC_Finished_Goods,0.0,-0.0
4,2020-05,10,10_ACC_Work_In_Process_DPT_Prod_A,15,15_ACC_Equity_Capital,0.0,-0.0
4,2020-05,11,11_ACC_Work_In_Process_DPT_Prod_B,0,00_ACC_Accounts_Payable_DPT_Admin,0.0,-0.9946
4,2020-05,11,11_ACC_Work_In_Process_DPT_Prod_B,1,01_ACC_Accounts_Receivable_DPT_Admin,-0.0,0.717
4,2020-05,11,11_ACC_Work_In_Process_DPT_Prod_B,2,02_ACC_COGS_DPT_Prod_A,0.0,-0.9831
4,2020-05,11,11_ACC_Work_In_Process_DPT_Prod_B,3,03_ACC_COGS_DPT_Prod_B,0.0,-0.9916
4,2020-05,11,11_ACC_Work_In_Process_DPT_Prod_B,4,04_ACC_Cash_DPT_Admin,-0.0,0.3225
4,2020-05,11,11_ACC_Work_In_Process_DPT_Prod_B,5,05_ACC_Finished_Goods_DPT_Prod_A,0.0,-0.8699
4,2020-05,11,11_ACC_Work_In_Process_DPT_Prod_B,6,06_ACC_Finished_Goods_DPT_Prod_B,-0.0,0.9093
4,2020-05,11,11_ACC_Work_In_Process_DPT_Prod_B,7,07_ACC_Mfg_Overhead_Exp_DPT_Mfg_Support,0.0,-0.975
4,2020-05,11,11_ACC_Work_In_Process_DPT_Prod_B,8,08_ACC_Raw_Materials_DPT_Ops,-0.0,0.9706
4,2020-05,11,11_ACC_Work_In_Process_DPT_Prod_B,9,09_ACC_Sales_Revenue_DPT_Sales,-0.0,0.9946
4,2020-05,11,11_ACC_Work_In_Process_DPT_Prod_B,10,10_ACC_Work_In_Process_DPT_Prod_A,0.0,-0.9684
4,2020-05,11,11_ACC_Work_In_Process_DPT_Prod_B,11,11_ACC_Work_In_Process_DPT_Prod_B,0.0,1.0
4,2020-05,11,11_ACC_Work_In_Process_DPT_Prod_B,12,12_ACC_Cash,0.0,-0.0
4,2020-05,11,11_ACC_Work_In_Process_DPT_Prod_B,13,13_ACC_Raw_Materials,0.0,-0.0
4,2020-05,11,11_ACC_Work_In_Process_DPT_Prod_B,14,14_ACC_Finished_Goods,0.0,-0.0
4,2020-05,11,11_ACC_Work_In_Process_DPT_Prod_B,15,15_ACC_Equity_Capital,0.0,-0.0
4,2020-05,12,12_ACC_Cash,0,00_ACC_Accounts_Payable_DPT_Admin,0.0,-0.0
4,2020-05,12,12_ACC_Cash,1,01_ACC_Accounts_Receivable_DPT_Admin,0.0,-0.0
4,2020-05,12,12_ACC_Cash,2,02_ACC_COGS_DPT_Prod_A,0.0,-0.0
4,2020-05,12,12_ACC_Cash,3,03_ACC_COGS_DPT_Prod_B,0.0,-0.0
4,2020-05,12,12_ACC_Cash,4,04_ACC_Cash_DPT_Admin,0.0,-0.0
4,2020-05,12,12_ACC_Cash,5,05_ACC_Finished_Goods_DPT_Prod_A,0.0,-0.0
4,2020-05,12,12_ACC_Cash,6,06_ACC_Finished_Goods_DPT_Prod_B,0.0,-0.0
4,2020-05,12,12_ACC_Cash,7,07_ACC_Mfg_Overhead_Exp_DPT_Mfg_Support,0.0,-0.0
4,2020-05,12,12_ACC_Cash,8,08_ACC_Raw_Materials_DPT_Ops,0.0,-0.0
4,2020-05,12,12_ACC_Cash,9,09_ACC_Sales_Revenue_DPT_Sales,0.0,-0.0
4,2020-05,12,12_ACC_Cash,10,10_ACC_Work_In_Process_DPT_Prod_A,0.0,-0.0
4,2020-05,12,12_ACC_Cash,11,11_ACC_Work_In_Process_DPT_Prod_B,0.0,-0.0
4,2020-05,12,12_ACC_Cash,12,12_ACC_Cash,0.0,1.0
4,2020-05,12,12_ACC_Cash,13,13_ACC_Raw_Materials,0.0,-0.0
4,2020-05,12,12_ACC_Cash,14,14_ACC_Finished_Goods,0.0,-0.0
4,2020-05,12,12_ACC_Cash,15,15_ACC_Equity_Capital,0.0,-0.0
4,2020-05,13,13_ACC_Raw_Materials,0,00_ACC_Accounts_Payable_DPT_Admin,0.0,-0.0
4,2020-05,13,13_ACC_Raw_Materials,1,01_ACC_Accounts_Receivable_DPT_Admin,0.0,-0.0
4,2020-05,13,13_ACC_Raw_Materials,2,02_ACC_COGS_DPT_Prod_A,0.0,-0.0
4,2020-05,13,13_ACC_Raw_Materials,3,03_ACC_COGS_DPT_Prod_B,0.0,-0.0
4,2020-05,13,13_ACC_Raw_Materials,4,04_ACC_Cash_DPT_Admin,0.0,-0.0
4,2020-05,13,13_ACC_Raw_Materials,5,05_ACC_Finished_Goods_DPT_Prod_A,0.0,-0.0
4,2020-05,13,13_ACC_Raw_Materials,6,06_ACC_Finished_Goods_DPT_Prod_B,0.0,-0.0
4,2020-05,13,13_ACC_Raw_Materials,7,07_ACC_Mfg_Overhead_Exp_DPT_Mfg_Support,0.0,-0.0
4,2020-05,13,13_ACC_Raw_Materials,8,08_ACC_Raw_Materials_DPT_Ops,0.0,-0.0
4,2020-05,13,13_ACC_Raw_Materials,9,09_ACC_Sales_Revenue_DPT_Sales,0.0,-0.0
4,2020-05,13,13_ACC_Raw_Materials,10,10_ACC_Work_In_Process_DPT_Prod_A,0.0,-0.0
4,2020-05,13,13_ACC_Raw_Materials,11,11_ACC_Work_In_Process_DPT_Prod_B,0.0,-0.0
4,2020-05,13,13_ACC_Raw_Materials,12,12_ACC_Cash,0.0,-0.0
4,2020-05,13,13_ACC_Raw_Materials,13,13_ACC_Raw_Materials,0.0,1.0
4,2020-05,13,13_ACC_Raw_Materials,14,14_ACC_Finished_Goods,0.0,-0.0
4,2020-05,13,13_ACC_Raw_Materials,15,15_ACC_Equity_Capital,0.0,-0.0
4,2020-05,14,14_ACC_Finished_Goods,0,00_ACC_Accounts_Payable_DPT_Admin,0.0,-0.0
4,2020-05,14,14_ACC_Finished_Goods,1,01_ACC_Accounts_Receivable_DPT_Admin,0.0,-0.0
4,2020-05,14,14_ACC_Finished_Goods,2,02_ACC_COGS_DPT_Prod_A,0.0,-0.0
4,2020-05,14,14_ACC_Finished_Goods,3,03_ACC_COGS_DPT_Prod_B,0.0,-0.0
4,2020-05,14,14_ACC_Finished_Goods,4,04_ACC_Cash_DPT_Admin,0.0,-0.0
4,2020-05,14,14_ACC_Finished_Goods,5,05_ACC_Finished_Goods_DPT_Prod_A,0.0,-0.0
4,2020-05,14,14_ACC_Finished_Goods,6,06_ACC_Finished_Goods_DPT_Prod_B,0.0,-0.0
4,2020-05,14,14_ACC_Finished_Goods,7,07_ACC_Mfg_Overhead_Exp_DPT_Mfg_Support,0.0,-0.0
4,2020-05,14,14_ACC_Finished_Goods,8,08_ACC_Raw_Materials_DPT_Ops,0.0,-0.0
4,2020-05,14,14_ACC_Finished_Goods,9,09_ACC_Sales_Revenue_DPT_Sales,0.0,-0.0
4,2020-05,14,14_ACC_Finished_Goods,10,10_ACC_Work_In_Process_DPT_Prod_A,0.0,-0.0
4,2020-05,14,14_ACC_Finished_Goods,11,11_ACC_Work_In_Process_DPT_Prod_B,0.0,-0.0
4,2020-05,14,14_ACC_Finished_Goods,12,12_ACC_Cash,0.0,-0.0
4,2020-05,14,14_ACC_Finished_Goods,13,13_ACC_Raw_Materials,0.0,-0.0
4,2020-05,14,14_ACC_Finished_Goods,14,14_ACC_Finished_Goods,0.0,1.0
4,2020-05,14,14_ACC_Finished_Goods,15,15_ACC_Equity_Capital,0.0,-0.0
4,2020-05,15,15_ACC_Equity_Capital,0,00_ACC_Accounts_Payable_DPT_Admin,0.0,-0.0
4,2020-05,15,15_ACC_Equity_Capital,1,01_ACC_Accounts_Receivable_DPT_Admin,0.0,-0.0
4,2020-05,15,15_ACC_Equity_Capital,2,02_ACC_COGS_DPT_Prod_A,0.0,-0.0
4,2020-05,15,15_ACC_Equity_Capital,3,03_ACC_COGS_DPT_Prod_B,0.0,-0.0
4,2020-05,15,15_ACC_Equity_Capital,4,04_ACC_Cash_DPT_Admin,0.0,-0.0
4,2020-05,15,15_ACC_Equity_Capital,5,05_ACC_Finished_Goods_DPT_Prod_A,0.0,-0.0
4,2020-05,15,15_ACC_Equity_Capital,6,06_ACC_Finished_Goods_DPT_Prod_B,0.0,-0.0
4,2020-05,15,15_ACC_Equity_Capital,7,07_ACC_Mfg_Overhead_Exp_DPT_Mfg_Support,0.0,-0.0
4,2020-05,15,15_ACC_Equity_Capital,8,08_ACC_Raw_Materials_DPT_Ops,0.0,-0.0
4,2020-05,15,15_ACC_Equity_Capital,9,09_ACC_Sales_Revenue_DPT_Sales,0.0,-0.0
4,2020-05,15,15_ACC_Equity_Capital,10,10_ACC_Work_In_Process_DPT_Prod_A,0.0,-0.0
4,2020-05,15,15_ACC_Equity_Capital,11,11_ACC_Work_In_Process_DPT_Prod_B,0.0,-0.0
4,2020-05,15,15_ACC_Equity_Capital,12,12_ACC_Cash,0.0,-0.0
4,2020-05,15,15_ACC_Equity_Capital,13,13_ACC_Raw_Materials,0.0,-0.0
4,2020-05,15,15_ACC_Equity_Capital,14,14_ACC_Finished_Goods,0.0,-0.0
4,2020-05,15,15_ACC_Equity_Capital,15,15_ACC_Equity_Capital,0.0,1.0
5,2020-06,0,00_ACC_Accounts_Payable_DPT_Admin,0,00_ACC_Accounts_Payable_DPT_Admin,5e-11,1.0
5,2020-06,0,00_ACC_Accounts_Payable_DPT_Admin,1,01_ACC_Accounts_Receivable_DPT_Admin,-5e-11,0.7321
5,2020-06,0,00_ACC_Accounts_Payable_DPT_Admin,2,02_ACC_COGS_DPT_Prod_A,-3.6e-11,0.8884
5,2020-06,0,00_ACC_Accounts_Payable_DPT_Admin,3,03_ACC_COGS_DPT_Prod_B,-2e-11,0.9165
5,2020-06,0,00_ACC_Accounts_Payable_DPT_Admin,4,04_ACC_Cash_DPT_Admin,-7.7e-11,0.9985
5,2020-06,0,00_ACC_Accounts_Payable_DPT_Admin,5,05_ACC_Finished_Goods_DPT_Prod_A,-2.8e-11,0.9727
5,2020-06,0,00_ACC_Accounts_Payable_DPT_Admin,6,06_ACC_Finished_Goods_DPT_Prod_B,4.4e-11,-0.9294
5,2020-06,0,00_ACC_Accounts_Payable_DPT_Admin,7,07_ACC_Mfg_Overhead_Exp_DPT_Mfg_Support,1.3e-11,-0.9527
5,2020-06,0,00_ACC_Accounts_Payable_DPT_Admin,8,08_ACC_Raw_Materials_DPT_Ops,2e-11,-0.8454
5,2020-06,0,00_ACC_Accounts_Payable_DPT_Admin,9,09_ACC_Sales_Revenue_DPT_Sales,8.6e-11,-0.8944
5,2020-06,0,00_ACC_Accounts_Payable_DPT_Admin,10,10_ACC_Work_In_Process_DPT_Prod_A,0.0,-0.9583
5,2020-06,0,00_ACC_Accounts_Payable_DPT_Admin,11,11_ACC_Work_In_Process_DPT_Prod_B,0.0,-0.9879
5,2020-06,0,00_ACC_Accounts_Payable_DPT_Admin,12,12_ACC_Cash,0.0,-0.0
5,2020-06,0,00_ACC_Accounts_Payable_DPT_Admin,13,13_ACC_Raw_Materials,0.0,-0.0
5,2020-06,0,00_ACC_Accounts_Payable_DPT_Admin,14,14_ACC_Finished_Goods,0.0,-0.0
5,2020-06,0,00_ACC_Accounts_Payable_DPT_Admin,15,15_ACC_Equity_Capital,0.0,-0.0
5,2020-06,1,01_ACC_Accounts_Receivable_DPT_Admin,0,00_ACC_Accounts_Payable_DPT_Admin,-5e-11,0.7321
5,2020-06,1,01_ACC_Accounts_Receivable_DPT_Admin,1,01_ACC_Accounts_Receivable_DPT_Admin,9.3e-11,1.0
5,2020-06,1,01_ACC_Accounts_Receivable_DPT_Admin,2,02_ACC_COGS_DPT_Prod_A,5.3e-11,-0.9631
5,2020-06,1,01_ACC_Accounts_Receivable_DPT_Admin,3,03_ACC_COGS_DPT_Prod_B,2.9e-11,-0.9434
5,2020-06,1,01_ACC_Accounts_Receivable_DPT_Admin,4,04_ACC_Cash_DPT_Admin,7.3e-11,-0.6942
5,2020-06,1,01_ACC_Accounts_Receivable_DPT_Admin,5,05_ACC_Finished_Goods_DPT_Prod_A,3.5e-11,-0.8701
5,2020-06,1,01_ACC_Accounts_Receivable_DPT_Admin,6,06_ACC_Finished_Goods_DPT_Prod_B,-6e-11,0.9318
5,2020-06,1,01_ACC_Accounts_Receivable_DPT_Admin,7,07_ACC_Mfg_Overhead_Exp_DPT_Mfg_Support,-1.7e-11,0.9044
5,2020-06,1,01_ACC_Accounts_Receivable_DPT_Admin,8,08_ACC_Raw_Materials_DPT_Ops,-3.1e-11,0.9828
5,2020-06,1,01_ACC_Accounts_Receivable_DPT_Admin,9,09_ACC_Sales_Revenue_DPT_Sales,-1.25e-10,0.9595
5,2020-06,1,01_ACC_Accounts_Receivable_DPT_Admin,10,10_ACC_Work_In_Process_DPT_Prod_A,-0.0,0.8963
5,2020-06,1,01_ACC_Accounts_Receivable_DPT_Admin,11,11_ACC_Work_In_Process_DPT_Prod_B,-0.0,0.8288
5,2020-06,1,01_ACC_Accounts_Receivable_DPT_Admin,12,12_ACC_Cash,0.0,-0.0
5,2020-06,1,01_ACC_Accounts_Receivable_DPT_Admin,13,13_ACC_Raw_Materials,0.0,-0.0
5,2020-06,1,01_ACC_Accounts_Receivable_DPT_Admin,14,14_ACC_Finished_Goods,0.0,-0.0
5,2020-06,1,01_ACC_Accounts_Receivable_DPT_Admin,15,15_ACC_Equity_Capital,0.0,-0.0
5,2020-06,2,02_ACC_COGS_DPT_Prod_A,0,00_ACC_Accounts_Payable_DPT_Admin,-3.6e-11,0.8884
5,2020-06,2,02_ACC_COGS_DPT_Prod_A,1,01_ACC_Accounts_Receivable_DPT_Admin,5.3e-11,-0.9631
5,2020-06,2,02_ACC_COGS_DPT_Prod_A,2,02_ACC_COGS_DPT_Prod_A,3.3e-11,1.0
5,2020-06,2,02_ACC_COGS_DPT_Prod_A,3,03_ACC_COGS_DPT_Prod_B,1.8e-11,-0.9979
5,2020-06,2,02_ACC_COGS_DPT_Prod_A,4,04_ACC_Cash_DPT_Admin,5.4e-11,-0.8623
5,2020-06,2,02_ACC_COGS_DPT_Prod_A,5,05_ACC_Finished_Goods_DPT_Prod_A,2.3e-11,-0.9707
5,2020-06,2,02_ACC_COGS_DPT_Prod_A,6,06_ACC_Finished_Goods_DPT_Prod_B,-3.8e-11,0.9951
5,2020-06,2,02_ACC_COGS_DPT_Prod_A,7,07_ACC_Mfg_Overhead_Exp_DPT_Mfg_Support,-1.1e-11,0.9859
5,2020-06,2,02_ACC_COGS_DPT_Prod_A,8,08_ACC_Raw_Materials_DPT_Ops,-1.9e-11,0.9962
5,2020-06,2,02_ACC_COGS_DPT_Prod_A,9,09_ACC_Sales_Revenue_DPT_Sales,-7.8e-11,0.9999
5,2020-06,2,02_ACC_COGS_DPT_Prod_A,10,10_ACC_Work_In_Process_DPT_Prod_A,-0.0,0.9826
5,2020-06,2,02_ACC_COGS_DPT_Prod_A,11,11_ACC_Work_In_Process_DPT_Prod_B,-0.0,0.9488
5,2020-06,2,02_ACC_COGS_DPT_Prod_A,12,12_ACC_Cash,0.0,-0.0
5,2020-06,2,02_ACC_COGS_DPT_Prod_A,13,13_ACC_Raw_Materials,0.0,-0.0
5,2020-06,2,02_ACC_COGS_DPT_Prod_A,14,14_ACC_Finished_Goods,0.0,-0.0
5,2020-06,2,02_ACC_COGS_DPT_Prod_A,15,15_ACC_Equity_Capital,0.0,-0.0
5,2020-06,3,03_ACC_COGS_DPT_Prod_B,0,00_ACC_Accounts_Payable_DPT_Admin,-2e-11,0.9165
5,2020-06,3,03_ACC_COGS_DPT_Prod_B,1,01_ACC_Accounts_Receivable_DPT_Admin,2.9e-11,-0.9434
5,2020-06,3,03_ACC_COGS_DPT_Prod_B,2,02_ACC_COGS_DPT_Prod_A,1.8e-11,-0.9979
5,2020-06,3,03_ACC_COGS_DPT_Prod_B,3,03_ACC_COGS_DPT_Prod_B,1e-11,1.0
5,2020-06,3,03_ACC_COGS_DPT_Prod_B,4,04_ACC_Cash_DPT_Admin,3.1e-11,-0.8936
5,2020-06,3,03_ACC_COGS_DPT_Prod_B,5,05_ACC_Finished_Goods_DPT_Prod_A,1.3e-11,-0.9843
5,2020-06,3,03_ACC_COGS_DPT_Prod_B,6,06_ACC_Finished_Goods_DPT_Prod_B,-2.1e-11,0.9994
5,2020-06,3,03_ACC_COGS_DPT_Prod_B,7,07_ACC_Mfg_Overhead_Exp_DPT_Mfg_Support,-6e-12,0.9947
5,2020-06,3,03_ACC_COGS_DPT_Prod_B,8,08_ACC_Raw_Materials_DPT_Ops,-1e-11,0.9885
5,2020-06,3,03_ACC_COGS_DPT_Prod_B,9,09_ACC_Sales_Revenue_DPT_Sales,-4.3e-11,0.9986
5,2020-06,3,03_ACC_COGS_DPT_Prod_B,10,10_ACC_Work_In_Process_DPT_Prod_A,-0.0,0.9926
5,2020-06,3,03_ACC_COGS_DPT_Prod_B,11,11_ACC_Work_In_Process_DPT_Prod_B,-0.0,0.9675
5,2020-06,3,03_ACC_COGS_DPT_Prod_B,12,12_ACC_Cash,0.0,-0.0
5,2020-06,3,03_ACC_COGS_DPT_Prod_B,13,13_ACC_Raw_Materials,0.0,-0.0
5,2020-06,3,03_ACC_COGS_DPT_Prod_B,14,14_ACC_Finished_Goods,0.0,-0.0
5,2020-06,3,03_ACC_COGS_DPT_Prod_B,15,15_ACC_Equity_Capital,0.0,-0.0
5,2020-06,4,04_ACC_Cash_DPT_Admin,0,00_ACC_Accounts_Payable_DPT_Admin,-7.7e-11,0.9985
5,2020-06,4,04_ACC_Cash_DPT_Admin,1,01_ACC_Accounts_Receivable_DPT_Admin,7.3e-11,-0.6942
5,2020-06,4,04_ACC_Cash_DPT_Admin,2,02_ACC_COGS_DPT_Prod_A,5.4e-11,-0.8623
5,2020-06,4,04_ACC_Cash_DPT_Admin,3,03_ACC_COGS_DPT_Prod_B,3.1e-11,-0.8936
5,2020-06,4,04_ACC_Cash_DPT_Admin,4,04_ACC_Cash_DPT_Admin,1.18e-10,1.0
5,2020-06,4,04_ACC_Cash_DPT_Admin,5,05_ACC_Finished_Goods_DPT_Prod_A,4.3e-11,-0.9588
5,2020-06,4,04_ACC_Cash_DPT_Admin,6,06_ACC_Finished_Goods_DPT_Prod_B,-6.6e-11,0.9081
5,2020-06,4,04_ACC_Cash_DPT_Admin,7,07_ACC_Mfg_Overhead_Exp_DPT_Mfg_Support,-1.9e-11,0.9349
5,2020-06,4,04_ACC_Cash_DPT_Admin,8,08_ACC_Raw_Materials_DPT_Ops,-2.9e-11,0.8153
5,2020-06,4,04_ACC_Cash_DPT_Admin,9,09_ACC_Sales_Revenue_DPT_Sales,-1.28e-10,0.8689
5,2020-06,4,04_ACC_Cash_DPT_Admin,10,10_ACC_Work_In_Process_DPT_Prod_A,-0.0,0.9414
5,2020-06,4,04_ACC_Cash_DPT_Admin,11,11_ACC_Work_In_Process_DPT_Prod_B,-0.0,0.9781
5,2020-06,4,04_ACC_Cash_DPT_Admin,12,12_ACC_Cash,0.0,-0.0
5,2020-06,4,04_ACC_Cash_DPT_Admin,13,13_ACC_Raw_Materials,0.0,-0.0
5,2020-06,4,04_ACC_Cash_DPT_Admin,14,14_ACC_Finished_Goods,0.0,-0.0
5,2020-06,4,04_ACC_Cash_DPT_Admin,15,15_ACC_Equity_Capital,0.0,-0.0
5,2020-06,5,05_ACC_Finished_Goods_DPT_Prod_A,0,00_ACC_Accounts_Payable_DPT_Admin,-2.8e-11,0.9727
5,2020-06,5,05_ACC_Finished_Goods_DPT_Prod_A,1,01_ACC_Accounts_Receivable_DPT_Admin,3.5e-11,-0.8701
5,2020-06,5,05_ACC_Finished_Goods_DPT_Prod_A,2,02_ACC_COGS_DPT_Prod_A,2.3e-11,-0.9707
5,2020-06,5,05_ACC_Finished_Goods_DPT_Prod_A,3,03_ACC_COGS_DPT_Prod_B,1.3e-11,-0.9843
5,2020-06,5,05_ACC_Finished_Goods_DPT_Prod_A,4,04_ACC_Cash_DPT_Admin,4.3e-11,-0.9588
5,2020-06,5,05_ACC_Finished_Goods_DPT_Prod_A,5,05_ACC_Finished_Goods_DPT_Prod_A,1.7e-11,1.0
5,2020-06,5,05_ACC_Finished_Goods_DPT_Prod_A,6,06_ACC_Finished_Goods_DPT_Prod_B,-2.7e-11,0.9897
5,2020-06,5,05_ACC_Finished_Goods_DPT_Prod_A,7,07_ACC_Mfg_Overhead_Exp_DPT_Mfg_Support,-8e-12,0.9972
5,2020-06,5,05_ACC_Finished_Goods_DPT_Prod_A,8,08_ACC_Raw_Materials_DPT_Ops,-1.3e-11,0.9462
5,2020-06,5,05_ACC_Finished_Goods_DPT_Prod_A,9,09_ACC_Sales_Revenue_DPT_Sales,-5.5e-11,0.9737
5,2020-06,5,05_ACC_Finished_Goods_DPT_Prod_A,10,10_ACC_Work_In_Process_DPT_Prod_A,-0.0,0.9984
5,2020-06,5,05_ACC_Finished_Goods_DPT_Prod_A,11,11_ACC_Work_In_Process_DPT_Prod_B,-0.0,0.9969
5,2020-06,5,05_ACC_Finished_Goods_DPT_Prod_A,12,12_ACC_Cash,0.0,-0.0
5,2020-06,5,05_ACC_Finished_Goods_DPT_Prod_A,13,13_ACC_Raw_Materials,0.0,-0.0
5,2020-06,5,05_ACC_Finished_Goods_DPT_Prod_A,14,14_ACC_Finished_Goods,0.0,-0.0
5,2020-06,5,05_ACC_Finished_Goods_DPT_Prod_A,15,15_ACC_Equity_Capital,0.0,-0.0
5,2020-06,6,06_ACC_Finished_Goods_DPT_Prod_B,0,00_ACC_Accounts_Payable_DPT_Admin,4.4e-11,-0.9294
5,2020-06,6,06_ACC_Finished_Goods_DPT_Prod_B,1,01_ACC_Accounts_Receivable_DPT_Admin,-6e-11,0.9318
5,2020-06,6,06_ACC_Finished_Goods_DPT_Prod_B,2,02_ACC_COGS_DPT_Prod_A,-3.8e-11,0.9951
5,2020-06,6,06_ACC_Finished_Goods_DPT_Prod_B,3,03_ACC_COGS_DPT_Prod_B,-2.1e-11,0.9994
5,2020-06,6,06_ACC_Finished_Goods_DPT_Prod_B,4,04_ACC_Cash_DPT_Admin,-6.6e-11,0.9081
5,2020-06,6,06_ACC_Finished_Goods_DPT_Prod_B,5,05_ACC_Finished_Goods_DPT_Prod_A,-2.7e-11,0.9897
5,2020-06,6,06_ACC_Finished_Goods_DPT_Prod_B,6,06_ACC_Finished_Goods_DPT_Prod_B,4.4e-11,1.0
5,2020-06,6,06_ACC_Finished_Goods_DPT_Prod_B,7,07_ACC_Mfg_Overhead_Exp_DPT_Mfg_Support,1.3e-11,-0.9976
5,2020-06,6,06_ACC_Finished_Goods_DPT_Prod_B,8,08_ACC_Raw_Materials_DPT_Ops,2.1e-11,-0.9828
5,2020-06,6,06_ACC_Finished_Goods_DPT_Prod_B,9,09_ACC_Sales_Revenue_DPT_Sales,9e-11,-0.9963
5,2020-06,6,06_ACC_Finished_Goods_DPT_Prod_B,10,10_ACC_Work_In_Process_DPT_Prod_A,0.0,-0.9961
5,2020-06,6,06_ACC_Finished_Goods_DPT_Prod_B,11,11_ACC_Work_In_Process_DPT_Prod_B,0.0,-0.9754
5,2020-06,6,06_ACC_Finished_Goods_DPT_Prod_B,12,12_ACC_Cash,0.0,-0.0
5,2020-06,6,06_ACC_Finished_Goods_DPT_Prod_B,13,13_ACC_Raw_Materials,0.0,-0.0
5,2020-06,6,06_ACC_Finished_Goods_DPT_Prod_B,14,14_ACC_Finished_Goods,0.0,-0.0
5,2020-06,6,06_ACC_Finished_Goods_DPT_Prod_B,15,15_ACC_Equity_Capital,0.0,-0.0
5,2020-06,7,07_ACC_Mfg_Overhead_Exp_DPT_Mfg_Support,0,00_ACC_Accounts_Payable_DPT_Admin,1.3e-11,-0.9527
5,2020-06,7,07_ACC_Mfg_Overhead_Exp_DPT_Mfg_Support,1,01_ACC_Accounts_Receivable_DPT_Admin,-1.7e-11,0.9044
5,2020-06,7,07_ACC_Mfg_Overhead_Exp_DPT_Mfg_Support,2,02_ACC_COGS_DPT_Prod_A,-1.1e-11,0.9859
5,2020-06,7,07_ACC_Mfg_Overhead_Exp_DPT_Mfg_Support,3,03_ACC_COGS_DPT_Prod_B,-6e-12,0.9947
5,2020-06,7,07_ACC_Mfg_Overhead_Exp_DPT_Mfg_Support,4,04_ACC_Cash_DPT_Admin,-1.9e-11,0.9349
5,2020-06,7,07_ACC_Mfg_Overhead_Exp_DPT_Mfg_Support,5,05_ACC_Finished_Goods_DPT_Prod_A,-8e-12,0.9972
5,2020-06,7,07_ACC_Mfg_Overhead_Exp_DPT_Mfg_Support,6,06_ACC_Finished_Goods_DPT_Prod_B,1.3e-11,-0.9976
5,2020-06,7,07_ACC_Mfg_Overhead_Exp_DPT_Mfg_Support,7,07_ACC_Mfg_Overhead_Exp_DPT_Mfg_Support,4e-12,1.0
5,2020-06,7,07_ACC_Mfg_Overhead_Exp_DPT_Mfg_Support,8,08_ACC_Raw_Materials_DPT_Ops,6e-12,-0.9677
5,2020-06,7,07_ACC_Mfg_Overhead_Exp_DPT_Mfg_Support,9,09_ACC_Sales_Revenue_DPT_Sales,2.6e-11,-0.988
5,2020-06,7,07_ACC_Mfg_Overhead_Exp_DPT_Mfg_Support,10,10_ACC_Work_In_Process_DPT_Prod_A,0.0,-0.9998
5,2020-06,7,07_ACC_Mfg_Overhead_Exp_DPT_Mfg_Support,11,11_ACC_Work_In_Process_DPT_Prod_B,0.0,-0.9883
5,2020-06,7,07_ACC_Mfg_Overhead_Exp_DPT_Mfg_Support,12,12_ACC_Cash,0.0,-0.0
5,2020-06,7,07_ACC_Mfg_Overhead_Exp_DPT_Mfg_Support,13,13_ACC_Raw_Materials,0.0,-0.0
5,2020-06,7,07_ACC_Mfg_Overhead_Exp_DPT_Mfg_Support,14,14_ACC_Finished_Goods,0.0,-0.0
5,2020-06,7,07_ACC_Mfg_Overhead_Exp_DPT_Mfg_Support,15,15_ACC_Equity_Capital,0.0,-0.0
5,2020-06,8,08_ACC_Raw_Materials_DPT_Ops,0,00_ACC_Accounts_Payable_DPT_Admin,2e-11,-0.8454
5,2020-06,8,08_ACC_Raw_Materials_DPT_Ops,1,01_ACC_Accounts_Receivable_DPT_Admin,-3.1e-11,0.9828
5,2020-06,8,08_ACC_Raw_Materials_DPT_Ops,2,02_ACC_COGS_DPT_Prod_A,-1.9e-11,0.9962
5,2020-06,8,08_ACC_Raw_Materials_DPT_Ops,3,03_ACC_COGS_DPT_Prod_B,-1e-11,0.9885
5,2020-06,8,08_ACC_Raw_Materials_DPT_Ops,4,04_ACC_Cash_DPT_Admin,-2.9e-11,0.8153
5,2020-06,8,08_ACC_Raw_Materials_DPT_Ops,5,05_ACC_Finished_Goods_DPT_Prod_A,-1.3e-11,0.9462
5,2020-06,8,08_ACC_Raw_Materials_DPT_Ops,6,06_ACC_Finished_Goods_DPT_Prod_B,2.1e-11,-0.9828
5,2020-06,8,08_ACC_Raw_Materials_DPT_Ops,7,07_ACC_Mfg_Overhead_Exp_DPT_Mfg_Support,6e-12,-0.9677
5,2020-06,8,08_ACC_Raw_Materials_DPT_Ops,8,08_ACC_Raw_Materials_DPT_Ops,1.1e-11,1.0
5,2020-06,8,08_ACC_Raw_Materials_DPT_Ops,9,09_ACC_Sales_Revenue_DPT_Sales,4.4e-11,-0.995
5,2020-06,8,08_ACC_Raw_Materials_DPT_Ops,10,10_ACC_Work_In_Process_DPT_Prod_A,0.0,-0.9628
5,2020-06,8,08_ACC_Raw_Materials_DPT_Ops,11,11_ACC_Work_In_Process_DPT_Prod_B,0.0,-0.9179
5,2020-06,8,08_ACC_Raw_Materials_DPT_Ops,12,12_ACC_Cash,0.0,-0.0
5,2020-06,8,08_ACC_Raw_Materials_DPT_Ops,13,13_ACC_Raw_Materials,0.0,-0.0
5,2020-06,8,08_ACC_Raw_Materials_DPT_Ops,14,14_ACC_Finished_Goods,0.0,-0.0
5,2020-06,8,08_ACC_Raw_Materials_DPT_Ops,15,15_ACC_Equity_Capital,0.0,-0.0
5,2020-06,9,09_ACC_Sales_Revenue_DPT_Sales,0,00_ACC_Accounts_Payable_DPT_Admin,8.6e-11,-0.8944
5,2020-06,9,09_ACC_Sales_Revenue_DPT_Sales,1,01_ACC_Accounts_Receivable_DPT_Admin,-1.25e-10,0.9595
5,2020-06,9,09_ACC_Sales_Revenue_DPT_Sales,2,02_ACC_COGS_DPT_Prod_A,-7.8e-11,0.9999
5,2020-06,9,09_ACC_Sales_Revenue_DPT_Sales,3,03_ACC_COGS_DPT_Prod_B,-4.3e-11,0.9986
5,2020-06,9,09_ACC_Sales_Revenue_DPT_Sales,4,04_ACC_Cash_DPT_Admin,-1.28e-10,0.8689
5,2020-06,9,09_ACC_Sales_Revenue_DPT_Sales,5,05_ACC_Finished_Goods_DPT_Prod_A,-5.5e-11,0.9737
5,2020-06,9,09_ACC_Sales_Revenue_DPT_Sales,6,06_ACC_Finished_Goods_DPT_Prod_B,9e-11,-0.9963
5,2020-06,9,09_ACC_Sales_Revenue_DPT_Sales,7,07_ACC_Mfg_Overhead_Exp_DPT_Mfg_Support,2.6e-11,-0.988
5,2020-06,9,09_ACC_Sales_Revenue_DPT_Sales,8,08_ACC_Raw_Materials_DPT_Ops,4.4e-11,-0.995
5,2020-06,9,09_ACC_Sales_Revenue_DPT_Sales,9,09_ACC_Sales_Revenue_DPT_Sales,1.84e-10,1.0
5,2020-06,9,09_ACC_Sales_Revenue_DPT_Sales,10,10_ACC_Work_In_Process_DPT_Prod_A,0.0,-0.9849
5,2020-06,9,09_ACC_Sales_Revenue_DPT_Sales,11,11_ACC_Work_In_Process_DPT_Prod_B,0.0,-0.9529
5,2020-06,9,09_ACC_Sales_Revenue_DPT_Sales,12,12_ACC_Cash,0.0,-0.0
5,2020-06,9,09_ACC_Sales_Revenue_DPT_Sales,13,13_ACC_Raw_Materials,0.0,-0.0
5,2020-06,9,09_ACC_Sales_Revenue_DPT_Sales,14,14_ACC_Finished_Goods,0.0,-0.0
5,2020-06,9,09_ACC_Sales_Revenue_DPT_Sales,15,15_ACC_Equity_Capital,0.0,-0.0
5,2020-06,10,10_ACC_Work_In_Process_DPT_Prod_A,0,00_ACC_Accounts_Payable_DPT_Admin,0.0,-0.9583
5,2020-06,10,10_ACC_Work_In_Process_DPT_Prod_A,1,01_ACC_Accounts_Receivable_DPT_Admin,-0.0,0.8963
5,2020-06,10,10_ACC_Work_In_Process_DPT_Prod_A,2,02_ACC_COGS_DPT_Prod_A,-0.0,0.9826
5,2020-06,10,10_ACC_Work_In_Process_DPT_Prod_A,3,03_ACC_COGS_DPT_Prod_B,-0.0,0.9926
5,2020-06,10,10_ACC_Work_In_Process_DPT_Prod_A,4,04_ACC_Cash_DPT_Admin,-0.0,0.9414
5,2020-06,10,10_ACC_Work_In_Process_DPT_Prod_A,5,05_ACC_Finished_Goods_DPT_Prod_A,-0.0,0.9984
5,2020-06,10,10_ACC_Work_In_Process_DPT_Prod_A,6,06_ACC_Finished_Goods_DPT_Prod_B,0.0,-0.9961
5,2020-06,10,10_ACC_Work_In_Process_DPT_Prod_A,7,07_ACC_Mfg_Overhead_Exp_DPT_Mfg_Support,0.0,-0.9998
5,2020-06,10,10_ACC_Work_In_Process_DPT_Prod_A,8,08_ACC_Raw_Materials_DPT_Ops,0.0,-0.9628
5,2020-06,10,10_ACC_Work_In_Process_DPT_Prod_A,9,09_ACC_Sales_Revenue_DPT_Sales,0.0,-0.9849
5,2020-06,10,10_ACC_Work_In_Process_DPT_Prod_A,10,10_ACC_Work_In_Process_DPT_Prod_A,0.0,1.0
5,2020-06,10,10_ACC_Work_In_Process_DPT_Prod_A,11,11_ACC_Work_In_Process_DPT_Prod_B,0.0,-0.991
5,2020-06,10,10_ACC_Work_In_Process_DPT_Prod_A,12,12_ACC_Cash,0.0,-0.0
5,2020-06,10,10_ACC_Work_In_Process_DPT_Prod_A,13,13_ACC_Raw_Materials,0.0,-0.0
5,2020-06,10,10_ACC_Work_In_Process_DPT_Prod_A,14,14_ACC_Finished_Goods,0.0,-0.0
5,2020-06,10,10_ACC_Work_In_Process_DPT_Prod_A,15,15_ACC_Equity_Capital,0.0,-0.0
5,2020-06,11,11_ACC_Work_In_Process_DPT_Prod_B,0,00_ACC_Accounts_Payable_DPT_Admin,0.0,-0.9879
5,2020-06,11,11_ACC_Work_In_Process_DPT_Prod_B,1,01_ACC_Accounts_Receivable_DPT_Admin,-0.0,0.8288
5,2020-06,11,11_ACC_Work_In_Process_DPT_Prod_B,2,02_ACC_COGS_DPT_Prod_A,-0.0,0.9488
5,2020-06,11,11_ACC_Work_In_Process_DPT_Prod_B,3,03_ACC_COGS_DPT_Prod_B,-0.0,0.9675
5,2020-06,11,11_ACC_Work_In_Process_DPT_Prod_B,4,04_ACC_Cash_DPT_Admin,-0.0,0.9781
5,2020-06,11,11_ACC_Work_In_Process_DPT_Prod_B,5,05_ACC_Finished_Goods_DPT_Prod_A,-0.0,0.9969
5,2020-06,11,11_ACC_Work_In_Process_DPT_Prod_B,6,06_ACC_Finished_Goods_DPT_Prod_B,0.0,-0.9754
5,2020-06,11,11_ACC_Work_In_Process_DPT_Prod_B,7,07_ACC_Mfg_Overhead_Exp_DPT_Mfg_Support,0.0,-0.9883
5,2020-06,11,11_ACC_Work_In_Process_DPT_Prod_B,8,08_ACC_Raw_Materials_DPT_Ops,0.0,-0.9179
5,2020-06,11,11_ACC_Work_In_Process_DPT_Prod_B,9,09_ACC_Sales_Revenue_DPT_Sales,0.0,-0.9529
5,2020-06,11,11_ACC_Work_In_Process_DPT_Prod_B,10,10_ACC_Work_In_Process_DPT_Prod_A,0.0,-0.991
5,2020-06,11,11_ACC_Work_In_Process_DPT_Prod_B,11,11_ACC_Work_In_Process_DPT_Prod_B,0.0,1.0
5,2020-06,11,11_ACC_Work_In_Process_DPT_Prod_B,12,12_ACC_Cash,0.0,-0.0
5,2020-06,11,11_ACC_Work_In_Process_DPT_Prod_B,13,13_ACC_Raw_Materials,0.0,-0.0
5,2020-06,11,11_ACC_Work_In_Process_DPT_Prod_B,14,14_ACC_Finished_Goods,0.0,-0.0
5,2020-06,11,11_ACC_Work_In_Process_DPT_Prod_B,15,15_ACC_Equity_Capital,0.0,-0.0
5,2020-06,12,12_ACC_Cash,0,00_ACC_Accounts_Payable_DPT_Admin,0.0,-0.0
5,2020-06,12,12_ACC_Cash,1,01_ACC_Accounts_Receivable_DPT_Admin,0.0,-0.0
5,2020-06,12,12_ACC_Cash,2,02_ACC_COGS_DPT_Prod_A,0.0,-0.0
5,2020-06,12,12_ACC_Cash,3,03_ACC_COGS_DPT_Prod_B,0.0,-0.0
5,2020-06,12,12_ACC_Cash,4,04_ACC_Cash_DPT_Admin,0.0,-0.0
5,2020-06,12,12_ACC_Cash,5,05_ACC_Finished_Goods_DPT_Prod_A,0.0,-0.0
5,2020-06,12,12_ACC_Cash,6,06_ACC_Finished_Goods_DPT_Prod_B,0.0,-0.0
5,2020-06,12,12_ACC_Cash,7,07_ACC_Mfg_Overhead_Exp_DPT_Mfg_Support,0.0,-0.0
5,2020-06,12,12_ACC_Cash,8,08_ACC_Raw_Materials_DPT_Ops,0.0,-0.0
5,2020-06,12,12_ACC_Cash,9,09_ACC_Sales_Revenue_DPT_Sales,0.0,-0.0
5,2020-06,12,12_ACC_Cash,10,10_ACC_Work_In_Process_DPT_Prod_A,0.0,-0.0
5,2020-06,12,12_ACC_Cash,11,11_ACC_Work_In_Process_DPT_Prod_B,0.0,-0.0
5,2020-06,12,12_ACC_Cash,12,12_ACC_Cash,0.0,1.0
5,2020-06,12,12_ACC_Cash,13,13_ACC_Raw_Materials,0.0,-0.0
5,2020-06,12,12_ACC_Cash,14,14_ACC_Finished_Goods,0.0,-0.0
5,2020-06,12,12_ACC_Cash,15,15_ACC_Equity_Capital,0.0,-0.0
5,2020-06,13,13_ACC_Raw_Materials,0,00_ACC_Accounts_Payable_DPT_Admin,0.0,-0.0
5,2020-06,13,13_ACC_Raw_Materials,1,01_ACC_Accounts_Receivable_DPT_Admin,0.0,-0.0
5,2020-06,13,13_ACC_Raw_Materials,2,02_ACC_COGS_DPT_Prod_A,0.0,-0.0
5,2020-06,13,13_ACC_Raw_Materials,3,03_ACC_COGS_DPT_Prod_B,0.0,-0.0
5,2020-06,13,13_ACC_Raw_Materials,4,04_ACC_Cash_DPT_Admin,0.0,-0.0
5,2020-06,13,13_ACC_Raw_Materials,5,05_ACC_Finished_Goods_DPT_Prod_A,0.0,-0.0
5,2020-06,13,13_ACC_Raw_Materials,6,06_ACC_Finished_Goods_DPT_Prod_B,0.0,-0.0
5,2020-06,13,13_ACC_Raw_Materials,7,07_ACC_Mfg_Overhead_Exp_DPT_Mfg_Support,0.0,-0.0
5,2020-06,13,13_ACC_Raw_Materials,8,08_ACC_Raw_Materials_DPT_Ops,0.0,-0.0
5,2020-06,13,13_ACC_Raw_Materials,9,09_ACC_Sales_Revenue_DPT_Sales,0.0,-0.0
5,2020-06,13,13_ACC_Raw_Materials,10,10_ACC_Work_In_Process_DPT_Prod_A,0.0,-0.0
5,2020-06,13,13_ACC_Raw_Materials,11,11_ACC_Work_In_Process_DPT_Prod_B,0.0,-0.0
5,2020-06,13,13_ACC_Raw_Materials,12,12_ACC_Cash,0.0,-0.0
5,2020-06,13,13_ACC_Raw_Materials,13,13_ACC_Raw_Materials,0.0,1.0
5,2020-06,13,13_ACC_Raw_Materials,14,14_ACC_Finished_Goods,0.0,-0.0
5,2020-06,13,13_ACC_Raw_Materials,15,15_ACC_Equity_Capital,0.0,-0.0
5,2020-06,14,14_ACC_Finished_Goods,0,00_ACC_Accounts_Payable_DPT_Admin,0.0,-0.0
5,2020-06,14,14_ACC_Finished_Goods,1,01_ACC_Accounts_Receivable_DPT_Admin,0.0,-0.0
5,2020-06,14,14_ACC_Finished_Goods,2,02_ACC_COGS_DPT_Prod_A,0.0,-0.0
5,2020-06,14,14_ACC_Finished_Goods,3,03_ACC_COGS_DPT_Prod_B,0.0,-0.0
5,2020-06,14,14_ACC_Finished_Goods,4,04_ACC_Cash_DPT_Admin,0.0,-0.0
5,2020-06,14,14_ACC_Finished_Goods,5,05_ACC_Finished_Goods_DPT_Prod_A,0.0,-0.0
5,2020-06,14,14_ACC_Finished_Goods,6,06_ACC_Finished_Goods_DPT_Prod_B,0.0,-0.0
5,2020-06,14,14_ACC_Finished_Goods,7,07_ACC_Mfg_Overhead_Exp_DPT_Mfg_Support,0.0,-0.0
5,2020-06,14,14_ACC_Finished_Goods,8,08_ACC_Raw_Materials_DPT_Ops,0.0,-0.0
5,2020-06,14,14_ACC_Finished_Goods,9,09_ACC_Sales_Revenue_DPT_Sales,0.0,-0.0
5,2020-06,14,14_ACC_Finished_Goods,10,10_ACC_Work_In_Process_DPT_Prod_A,0.0,-0.0
5,2020-06,14,14_ACC_Finished_Goods,11,11_ACC_Work_In_Process_DPT_Prod_B,0.0,-0.0
5,2020-06,14,14_ACC_Finished_Goods,12,12_ACC_Cash,0.0,-0.0
5,2020-06,14,14_ACC_Finished_Goods,13,13_ACC_Raw_Materials,0.0,-0.0
5,2020-06,14,14_ACC_Finished_Goods,14,14_ACC_Finished_Goods,0.0,1.0
5,2020-06,14,14_ACC_Finished_Goods,15,15_ACC_Equity_Capital,0.0,-0.0
5,2020-06,15,15_ACC_Equity_Capital,0,00_ACC_Accounts_Payable_DPT_Admin,0.0,-0.0
5,2020-06,15,15_ACC_Equity_Capital,1,01_ACC_Accounts_Receivable_DPT_Admin,0.0,-0.0
5,2020-06,15,15_ACC_Equity_Capital,2,02_ACC_COGS_DPT_Prod_A,0.0,-0.0
5,2020-06,15,15_ACC_Equity_Capital,3,03_ACC_COGS_DPT_Prod_B,0.0,-0.0
5,2020-06,15,15_ACC_Equity_Capital,4,04_ACC_Cash_DPT_Admin,0.0,-0.0
5,2020-06,15,15_ACC_Equity_Capital,5,05_ACC_Finished_Goods_DPT_Prod_A,0.0,-0.0
5,2020-06,15,15_ACC_Equity_Capital,6,06_ACC_Finished_Goods_DPT_Prod_B,0.0,-0.0
5,2020-06,15,15_ACC_Equity_Capital,7,07_ACC_Mfg_Overhead_Exp_DPT_Mfg_Support,0.0,-0.0
5,2020-06,15,15_ACC_Equity_Capital,8,08_ACC_Raw_Materials_DPT_Ops,0.0,-0.0
5,2020-06,15,15_ACC_Equity_Capital,9,09_ACC_Sales_Revenue_DPT_Sales,0.0,-0.0
5,2020-06,15,15_ACC_Equity_Capital,10,10_ACC_Work_In_Process_DPT_Prod_A,0.0,-0.0
5,2020-06,15,15_ACC_Equity_Capital,11,11_ACC_Work_In_Process_DPT_Prod_B,0.0,-0.0
5,2020-06,15,15_ACC_Equity_Capital,12,12_ACC_Cash,0.0,-0.0
5,2020-06,15,15_ACC_Equity_Capital,13,13_ACC_Raw_Materials,0.0,-0.0
5,2020-06,15,15_ACC_Equity_Capital,14,14_ACC_Finished_Goods,0.0,-0.0
5,2020-06,15,15_ACC_Equity_Capital,15,15_ACC_Equity_Capital,0.0,1.0
6,2020-07,0,00_ACC_Accounts_Payable_DPT_Admin,0,00_ACC_Accounts_Payable_DPT_Admin,8e-11,1.0
6,2020-07,0,00_ACC_Accounts_Payable_DPT_Admin,1,01_ACC_Accounts_Receivable_DPT_Admin,6e-11,-0.5594
6,2020-07,0,00_ACC_Accounts_Payable_DPT_Admin,2,02_ACC_COGS_DPT_Prod_A,-1.5e-11,0.5801
6,2020-07,0,00_ACC_Accounts_Payable_DPT_Admin,3,03_ACC_COGS_DPT_Prod_B,-3e-12,0.1221
6,2020-07,0,00_ACC_Accounts_Payable_DPT_Admin,4,04_ACC_Cash_DPT_Admin,-1.59e-10,0.9763
6,2020-07,0,00_ACC_Accounts_Payable_DPT_Admin,5,05_ACC_Finished_Goods_DPT_Prod_A,-9.1e-11,0.8207
6,2020-07,0,00_ACC_Accounts_Payable_DPT_Admin,6,06_ACC_Finished_Goods_DPT_Prod_B,4.9e-11,-0.998
6,2020-07,0,00_ACC_Accounts_Payable_DPT_Admin,7,07_ACC_Mfg_Overhead_Exp_DPT_Mfg_Support,2.4e-11,-0.9211
6,2020-07,0,00_ACC_Accounts_Payable_DPT_Admin,8,08_ACC_Raw_Materials_DPT_Ops,3.5e-11,-0.8274
6,2020-07,0,00_ACC_Accounts_Payable_DPT_Admin,9,09_ACC_Sales_Revenue_DPT_Sales,2e-11,-0.2775
6,2020-07,0,00_ACC_Accounts_Payable_DPT_Admin,10,10_ACC_Work_In_Process_DPT_Prod_A,0.0,-0.8406
6,2020-07,0,00_ACC_Accounts_Payable_DPT_Admin,11,11_ACC_Work_In_Process_DPT_Prod_B,-0.0,0.0199
6,2020-07,0,00_ACC_Accounts_Payable_DPT_Admin,12,12_ACC_Cash,0.0,-0.0
6,2020-07,0,00_ACC_Accounts_Payable_DPT_Admin,13,13_ACC_Raw_Materials,0.0,-0.0
6,2020-07,0,00_ACC_Accounts_Payable_DPT_Admin,14,14_ACC_Finished_Goods,0.0,-0.0
6,2020-07,0,00_ACC_Accounts_Payable_DPT_Admin,15,15_ACC_Equity_Capital,0.0,-0.0
6,2020-07,1,01_ACC_Accounts_Receivable_DPT_Admin,0,00_ACC_Accounts_Payable_DPT_Admin,6e-11,-0.5594
6,2020-07,1,01_ACC_Accounts_Receivable_DPT_Admin,1,01_ACC_Accounts_Receivable_DPT_Admin,1.44e-10,1.0
6,2020-07,1,01_ACC_Accounts_Receivable_DPT_Admin,2,02_ACC_COGS_DPT_Prod_A,1.2e-11,-0.3507
6,2020-07,1,01_ACC_Accounts_Receivable_DPT_Admin,3,03_ACC_COGS_DPT_Prod_B,2.1e-11,-0.7544
6,2020-07,1,01_ACC_Accounts_Receivable_DPT_Admin,4,04_ACC_Cash_DPT_Admin,-1.59e-10,0.7256
6,2020-07,1,01_ACC_Accounts_Receivable_DPT_Admin,5,05_ACC_Finished_Goods_DPT_Prod_A,-1.39e-10,0.9327
6,2020-07,1,01_ACC_Accounts_Receivable_DPT_Admin,6,06_ACC_Finished_Goods_DPT_Prod_B,4e-11,-0.6107
6,2020-07,1,01_ACC_Accounts_Receivable_DPT_Admin,7,07_ACC_Mfg_Overhead_Exp_DPT_Mfg_Support,2.9e-11,-0.838
6,2020-07,1,01_ACC_Accounts_Receivable_DPT_Admin,8,08_ACC_Raw_Materials_DPT_Ops,5.3e-11,-0.9283
6,2020-07,1,01_ACC_Accounts_Receivable_DPT_Admin,9,09_ACC_Sales_Revenue_DPT_Sales,-6.1e-11,0.6411
6,2020-07,1,01_ACC_Accounts_Receivable_DPT_Admin,10,10_ACC_Work_In_Process_DPT_Prod_A,0.0,-0.9192
6,2020-07,1,01_ACC_Accounts_Receivable_DPT_Admin,11,11_ACC_Work_In_Process_DPT_Prod_B,-0.0,0.8399
6,2020-07,1,01_ACC_Accounts_Receivable_DPT_Admin,12,12_ACC_Cash,0.0,-0.0
6,2020-07,1,01_ACC_Accounts_Receivable_DPT_Admin,13,13_ACC_Raw_Materials,0.0,-0.0
6,2020-07,1,01_ACC_Accounts_Receivable_DPT_Admin,14,14_ACC_Finished_Goods,0.0,-0.0
6,2020-07,1,01_ACC_Accounts_Receivable_DPT_Admin,15,15_ACC_Equity_Capital,0.0,-0.0
6,2020-07,2,02_ACC_COGS_DPT_Prod_A,0,00_ACC_Accounts_Payable_DPT_Admin,-1.5e-11,0.5801
6,2020-07,2,02_ACC_COGS_DPT_Prod_A,1,01_ACC_Accounts_Receivable_DPT_Admin,1.2e-11,-0.3507
6,2020-07,2,02_ACC_COGS_DPT_Prod_A,2,02_ACC_COGS_DPT_Prod_A,8e-12,1.0
6,2020-07,2,02_ACC_COGS_DPT_Prod_A,3,03_ACC_COGS_DPT_Prod_B,6e-12,-0.8793
6,2020-07,2,02_ACC_COGS_DPT_Prod_A,4,04_ACC_Cash_DPT_Admin,2e-11,-0.3899
6,2020-07,2,02_ACC_COGS_DPT_Prod_A,5,05_ACC_Finished_Goods_DPT_Prod_A,0.0,-0.0106
6,2020-07,2,02_ACC_COGS_DPT_Prod_A,6,06_ACC_Finished_Goods_DPT_Prod_B,-8e-12,0.5273
6,2020-07,2,02_ACC_COGS_DPT_Prod_A,7,07_ACC_Mfg_Overhead_Exp_DPT_Mfg_Support,-2e-12,0.2172
6,2020-07,2,02_ACC_COGS_DPT_Prod_A,8,08_ACC_Raw_Materials_DPT_Ops,-0.0,0.0225
6,2020-07,2,02_ACC_COGS_DPT_Prod_A,9,09_ACC_Sales_Revenue_DPT_Sales,-2.1e-11,0.9436
6,2020-07,2,02_ACC_COGS_DPT_Prod_A,10,10_ACC_Work_In_Process_DPT_Prod_A,-0.0,0.0465
6,2020-07,2,02_ACC_COGS_DPT_Prod_A,11,11_ACC_Work_In_Process_DPT_Prod_B,-0.0,0.8028
6,2020-07,2,02_ACC_COGS_DPT_Prod_A,12,12_ACC_Cash,0.0,-0.0
6,2020-07,2,02_ACC_COGS_DPT_Prod_A,13,13_ACC_Raw_Materials,0.0,-0.0
6,2020-07,2,02_ACC_COGS_DPT_Prod_A,14,14_ACC_Finished_Goods,0.0,-0.0
6,2020-07,2,02_ACC_COGS_DPT_Prod_A,15,15_ACC_Equity_Capital,0.0,-0.0
6,2020-07,3,03_ACC_COGS_DPT_Prod_B,0,00_ACC_Accounts_Payable_DPT_Admin,-3e-12,0.1221
6,2020-07,3,03_ACC_COGS_DPT_Prod_B,1,01_ACC_Accounts_Receivable_DPT_Admin,2.1e-11,-0.7544
6,2020-07,3,03_ACC_COGS_DPT_Prod_B,2,02_ACC_COGS_DPT_Prod_A,6e-12,-0.8793
6,2020-07,3,03_ACC_COGS_DPT_Prod_B,3,03_ACC_COGS_DPT_Prod_B,6e-12,1.0
6,2020-07,3,03_ACC_COGS_DPT_Prod_B,4,04_ACC_Cash_DPT_Admin,-4e-12,0.0958
6,2020-07,3,03_ACC_COGS_DPT_Prod_B,5,05_ACC_Finished_Goods_DPT_Prod_A,-1.4e-11,0.467
6,2020-07,3,03_ACC_COGS_DPT_Prod_B,6,06_ACC_Finished_Goods_DPT_Prod_B,-1e-12,0.059
6,2020-07,3,03_ACC_COGS_DPT_Prod_B,7,07_ACC_Mfg_Overhead_Exp_DPT_Mfg_Support,2e-12,-0.274
6,2020-07,3,03_ACC_COGS_DPT_Prod_B,8,08_ACC_Raw_Materials_DPT_Ops,5e-12,-0.4564
6,2020-07,3,03_ACC_COGS_DPT_Prod_B,9,09_ACC_Sales_Revenue_DPT_Sales,-1.9e-11,0.9874
6,2020-07,3,03_ACC_COGS_DPT_Prod_B,10,10_ACC_Work_In_Process_DPT_Prod_A,0.0,-0.4349
6,2020-07,3,03_ACC_COGS_DPT_Prod_B,11,11_ACC_Work_In_Process_DPT_Prod_B,-0.0,0.9899
6,2020-07,3,03_ACC_COGS_DPT_Prod_B,12,12_ACC_Cash,0.0,-0.0
6,2020-07,3,03_ACC_COGS_DPT_Prod_B,13,13_ACC_Raw_Materials,0.0,-0.0
6,2020-07,3,03_ACC_COGS_DPT_Prod_B,14,14_ACC_Finished_Goods,0.0,-0.0
6,2020-07,3,03_ACC_COGS_DPT_Prod_B,15,15_ACC_Equity_Capital,0.0,-0.0
6,2020-07,4,04_ACC_Cash_DPT_Admin,0,00_ACC_Accounts_Payable_DPT_Admin,-1.59e-10,0.9763
6,2020-07,4,04_ACC_Cash_DPT_Admin,1,01_ACC_Accounts_Receivable_DPT_Admin,-1.59e-10,0.7256
6,2020-07,4,04_ACC_Cash_DPT_Admin,2,02_ACC_COGS_DPT_Prod_A,2e-11,-0.3899
6,2020-07,4,04_ACC_Cash_DPT_Admin,3,03_ACC_COGS_DPT_Prod_B,-4e-12,0.0958
6,2020-07,4,04_ACC_Cash_DPT_Admin,4,04_ACC_Cash_DPT_Admin,3.32e-10,1.0
6,2020-07,4,04_ACC_Cash_DPT_Admin,5,05_ACC_Finished_Goods_DPT_Prod_A,2.1e-10,-0.9249
6,2020-07,4,04_ACC_Cash_DPT_Admin,6,06_ACC_Finished_Goods_DPT_Prod_B,-9.9e-11,0.988
6,2020-07,4,04_ACC_Cash_DPT_Admin,7,07_ACC_Mfg_Overhead_Exp_DPT_Mfg_Support,-5.2e-11,0.9836
6,2020-07,4,04_ACC_Cash_DPT_Admin,8,08_ACC_Raw_Materials_DPT_Ops,-8.1e-11,0.9294
6,2020-07,4,04_ACC_Cash_DPT_Admin,9,09_ACC_Sales_Revenue_DPT_Sales,-9e-12,0.0629
6,2020-07,4,04_ACC_Cash_DPT_Admin,10,10_ACC_Work_In_Process_DPT_Prod_A,-0.0,0.938
6,2020-07,4,04_ACC_Cash_DPT_Admin,11,11_ACC_Work_In_Process_DPT_Prod_B,0.0,-0.236
6,2020-07,4,04_ACC_Cash_DPT_Admin,12,12_ACC_Cash,0.0,-0.0
6,2020-07,4,04_ACC_Cash_DPT_Admin,13,13_ACC_Raw_Materials,0.0,-0.0
6,2020-07,4,04_ACC_Cash_DPT_Admin,14,14_ACC_Finished_Goods,0.0,-0.0
6,2020-07,4,04_ACC_Cash_DPT_Admin,15,15_ACC_Equity_Capital,0.0,-0.0
6,2020-07,5,05_ACC_Finished_Goods_DPT_Prod_A,0,00_ACC_Accounts_Payable_DPT_Admin,-9.1e-11,0.8207
6,2020-07,5,05_ACC_Finished_Goods_DPT_Prod_A,1,01_ACC_Accounts_Receivable_DPT_Admin,-1.39e-10,0.9327
6,2020-07,5,05_ACC_Finished_Goods_DPT_Prod_A,2,02_ACC_COGS_DPT_Prod_A,0.0,-0.0106
6,2020-07,5,05_ACC_Finished_Goods_DPT_Prod_A,3,03_ACC_COGS_DPT_Prod_B,-1.4e-11,0.467
6,2020-07,5,05_ACC_Finished_Goods_DPT_Prod_A,4,04_ACC_Cash_DPT_Admin,2.1e-10,-0.9249
6,2020-07,5,05_ACC_Finished_Goods_DPT_Prod_A,5,05_ACC_Finished_Goods_DPT_Prod_A,1.55e-10,1.0
6,2020-07,5,05_ACC_Finished_Goods_DPT_Prod_A,6,06_ACC_Finished_Goods_DPT_Prod_B,-5.9e-11,0.8552
6,2020-07,5,05_ACC_Finished_Goods_DPT_Prod_A,7,07_ACC_Mfg_Overhead_Exp_DPT_Mfg_Support,-3.5e-11,0.9784
6,2020-07,5,05_ACC_Finished_Goods_DPT_Prod_A,8,08_ACC_Raw_Materials_DPT_Ops,-5.9e-11,0.9999
6,2020-07,5,05_ACC_Finished_Goods_DPT_Prod_A,9,09_ACC_Sales_Revenue_DPT_Sales,3.2e-11,-0.3212
6,2020-07,5,05_ACC_Finished_Goods_DPT_Prod_A,10,10_ACC_Work_In_Process_DPT_Prod_A,-0.0,0.9994
6,2020-07,5,05_ACC_Finished_Goods_DPT_Prod_A,11,11_ACC_Work_In_Process_DPT_Prod_B,0.0,-0.5877
6,2020-07,5,05_ACC_Finished_Goods_DPT_Prod_A,12,12_ACC_Cash,0.0,-0.0
6,2020-07,5,05_ACC_Finished_Goods_DPT_Prod_A,13,13_ACC_Raw_Materials,0.0,-0.0
6,2020-07,5,05_ACC_Finished_Goods_DPT_Prod_A,14,14_ACC_Finished_Goods,0.0,-0.0
6,2020-07,5,05_ACC_Finished_Goods_DPT_Prod_A,15,15_ACC_Equity_Capital,0.0,-0.0
6,2020-07,6,06_ACC_Finished_Goods_DPT_Prod_B,0,00_ACC_Accounts_Payable_DPT_Admin,4.9e-11,-0.998
6,2020-07,6,06_ACC_Finished_Goods_DPT_Prod_B,1,01_ACC_Accounts_Receivable_DPT_Admin,4e-11,-0.6107
6,2020-07,6,06_ACC_Finished_Goods_DPT_Prod_B,2,02_ACC_COGS_DPT_Prod_A,-8e-12,0.5273
6,2020-07,6,06_ACC_Finished_Goods_DPT_Prod_B,3,03_ACC_COGS_DPT_Prod_B,-1e-12,0.059
6,2020-07,6,06_ACC_Finished_Goods_DPT_Prod_B,4,04_ACC_Cash_DPT_Admin,-9.9e-11,0.988
6,2020-07,6,06_ACC_Finished_Goods_DPT_Prod_B,5,05_ACC_Finished_Goods_DPT_Prod_A,-5.9e-11,0.8552
6,2020-07,6,06_ACC_Finished_Goods_DPT_Prod_B,6,06_ACC_Finished_Goods_DPT_Prod_B,3e-11,1.0
6,2020-07,6,06_ACC_Finished_Goods_DPT_Prod_B,7,07_ACC_Mfg_Overhead_Exp_DPT_Mfg_Support,1.5e-11,-0.9439
6,2020-07,6,06_ACC_Finished_Goods_DPT_Prod_B,8,08_ACC_Raw_Materials_DPT_Ops,2.3e-11,-0.8613
6,2020-07,6,06_ACC_Finished_Goods_DPT_Prod_B,9,09_ACC_Sales_Revenue_DPT_Sales,9e-12,-0.2162
6,2020-07,6,06_ACC_Finished_Goods_DPT_Prod_B,10,10_ACC_Work_In_Process_DPT_Prod_A,0.0,-0.8732
6,2020-07,6,06_ACC_Finished_Goods_DPT_Prod_B,11,11_ACC_Work_In_Process_DPT_Prod_B,-0.0,0.0832
6,2020-07,6,06_ACC_Finished_Goods_DPT_Prod_B,12,12_ACC_Cash,0.0,-0.0
6,2020-07,6,06_ACC_Finished_Goods_DPT_Prod_B,13,13_ACC_Raw_Materials,0.0,-0.0
6,2020-07,6,06_ACC_Finished_Goods_DPT_Prod_B,14,14_ACC_Finished_Goods,0.0,-0.0
6,2020-07,6,06_ACC_Finished_Goods_DPT_Prod_B,15,15_ACC_Equity_Capital,0.0,-0.0
6,2020-07,7,07_ACC_Mfg_Overhead_Exp_DPT_Mfg_Support,0,00_ACC_Accounts_Payable_DPT_Admin,2.4e-11,-0.9211
6,2020-07,7,07_ACC_Mfg_Overhead_Exp_DPT_Mfg_Support,1,01_ACC_Accounts_Receivable_DPT_Admin,2.9e-11,-0.838
6,2020-07,7,07_ACC_Mfg_Overhead_Exp_DPT_Mfg_Support,2,02_ACC_COGS_DPT_Prod_A,-2e-12,0.2172
6,2020-07,7,07_ACC_Mfg_Overhead_Exp_DPT_Mfg_Support,3,03_ACC_COGS_DPT_Prod_B,2e-12,-0.274
6,2020-07,7,07_ACC_Mfg_Overhead_Exp_DPT_Mfg_Support,4,04_ACC_Cash_DPT_Admin,-5.2e-11,0.9836
6,2020-07,7,07_ACC_Mfg_Overhead_Exp_DPT_Mfg_Support,5,05_ACC_Finished_Goods_DPT_Prod_A,-3.5e-11,0.9784
6,2020-07,7,07_ACC_Mfg_Overhead_Exp_DPT_Mfg_Support,6,06_ACC_Finished_Goods_DPT_Prod_B,1.5e-11,-0.9439
6,2020-07,7,07_ACC_Mfg_Overhead_Exp_DPT_Mfg_Support,7,07_ACC_Mfg_Overhead_Exp_DPT_Mfg_Support,8e-12,1.0
6,2020-07,7,07_ACC_Mfg_Overhead_Exp_DPT_Mfg_Support,8,08_ACC_Raw_Materials_DPT_Ops,1.3e-11,-0.9808
6,2020-07,7,07_ACC_Mfg_Overhead_Exp_DPT_Mfg_Support,9,09_ACC_Sales_Revenue_DPT_Sales,-3e-12,0.1184
6,2020-07,7,07_ACC_Mfg_Overhead_Exp_DPT_Mfg_Support,10,10_ACC_Work_In_Process_DPT_Prod_A,0.0,-0.9852
6,2020-07,7,07_ACC_Mfg_Overhead_Exp_DPT_Mfg_Support,11,11_ACC_Work_In_Process_DPT_Prod_B,-0.0,0.4076
6,2020-07,7,07_ACC_Mfg_Overhead_Exp_DPT_Mfg_Support,12,12_ACC_Cash,0.0,-0.0
6,2020-07,7,07_ACC_Mfg_Overhead_Exp_DPT_Mfg_Support,13,13_ACC_Raw_Materials,0.0,-0.0
6,2020-07,7,07_ACC_Mfg_Overhead_Exp_DPT_Mfg_Support,14,14_ACC_Finished_Goods,0.0,-0.0
6,2020-07,7,07_ACC_Mfg_Overhead_Exp_DPT_Mfg_Support,15,15_ACC_Equity_Capital,0.0,-0.0
6,2020-07,8,08_ACC_Raw_Materials_DPT_Ops,0,00_ACC_Accounts_Payable_DPT_Admin,3.5e-11,-0.8274
6,2020-07,8,08_ACC_Raw_Materials_DPT_Ops,1,01_ACC_Accounts_Receivable_DPT_Admin,5.3e-11,-0.9283
6,2020-07,8,08_ACC_Raw_Materials_DPT_Ops,2,02_ACC_COGS_DPT_Prod_A,-0.0,0.0225
6,2020-07,8,08_ACC_Raw_Materials_DPT_Ops,3,03_ACC_COGS_DPT_Prod_B,5e-12,-0.4564
6,2020-07,8,08_ACC_Raw_Materials_DPT_Ops,4,04_ACC_Cash_DPT_Admin,-8.1e-11,0.9294
6,2020-07,8,08_ACC_Raw_Materials_DPT_Ops,5,05_ACC_Finished_Goods_DPT_Prod_A,-5.9e-11,0.9999
6,2020-07,8,08_ACC_Raw_Materials_DPT_Ops,6,06_ACC_Finished_Goods_DPT_Prod_B,2.3e-11,-0.8613
6,2020-07,8,08_ACC_Raw_Materials_DPT_Ops,7,07_ACC_Mfg_Overhead_Exp_DPT_Mfg_Support,1.3e-11,-0.9808
6,2020-07,8,08_ACC_Raw_Materials_DPT_Ops,8,08_ACC_Raw_Materials_DPT_Ops,2.3e-11,1.0
6,2020-07,8,08_ACC_Raw_Materials_DPT_Ops,9,09_ACC_Sales_Revenue_DPT_Sales,-1.2e-11,0.3099
6,2020-07,8,08_ACC_Raw_Materials_DPT_Ops,10,10_ACC_Work_In_Process_DPT_Prod_A,0.0,-0.9997
6,2020-07,8,08_ACC_Raw_Materials_DPT_Ops,11,11_ACC_Work_In_Process_DPT_Prod_B,-0.0,0.578
6,2020-07,8,08_ACC_Raw_Materials_DPT_Ops,12,12_ACC_Cash,0.0,-0.0
6,2020-07,8,08_ACC_Raw_Materials_DPT_Ops,13,13_ACC_Raw_Materials,0.0,-0.0
6,2020-07,8,08_ACC_Raw_Materials_DPT_Ops,14,14_ACC_Finished_Goods,0.0,-0.0
6,2020-07,8,08_ACC_Raw_Materials_DPT_Ops,15,15_ACC_Equity_Capital,0.0,-0.0
6,2020-07,9,09_ACC_Sales_Revenue_DPT_Sales,0,00_ACC_Accounts_Payable_DPT_Admin,2e-11,-0.2775
6,2020-07,9,09_ACC_Sales_Revenue_DPT_Sales,1,01_ACC_Accounts_Receivable_DPT_Admin,-6.1e-11,0.6411
6,2020-07,9,09_ACC_Sales_Revenue_DPT_Sales,2,02_ACC_COGS_DPT_Prod_A,-2.1e-11,0.9436
6,2020-07,9,09_ACC_Sales_Revenue_DPT_Sales,3,03_ACC_COGS_DPT_Prod_B,-1.9e-11,0.9874
6,2020-07,9,09_ACC_Sales_Revenue_DPT_Sales,4,04_ACC_Cash_DPT_Admin,-9e-12,0.0629
6,2020-07,9,09_ACC_Sales_Revenue_DPT_Sales,5,05_ACC_Finished_Goods_DPT_Prod_A,3.2e-11,-0.3212
6,2020-07,9,09_ACC_Sales_Revenue_DPT_Sales,6,06_ACC_Finished_Goods_DPT_Prod_B,9e-12,-0.2162
6,2020-07,9,09_ACC_Sales_Revenue_DPT_Sales,7,07_ACC_Mfg_Overhead_Exp_DPT_Mfg_Support,-3e-12,0.1184
6,2020-07,9,09_ACC_Sales_Revenue_DPT_Sales,8,08_ACC_Raw_Materials_DPT_Ops,-1.2e-11,0.3099
6,2020-07,9,09_ACC_Sales_Revenue_DPT_Sales,9,09_ACC_Sales_Revenue_DPT_Sales,6.4e-11,1.0
6,2020-07,9,09_ACC_Sales_Revenue_DPT_Sales,10,10_ACC_Work_In_Process_DPT_Prod_A,-0.0,0.287
6,2020-07,9,09_ACC_Sales_Revenue_DPT_Sales,11,11_ACC_Work_In_Process_DPT_Prod_B,0.0,-0.955
6,2020-07,9,09_ACC_Sales_Revenue_DPT_Sales,12,12_ACC_Cash,0.0,-0.0
6,2020-07,9,09_ACC_Sales_Revenue_DPT_Sales,13,13_ACC_Raw_Materials,0.0,-0.0
6,2020-07,9,09_ACC_Sales_Revenue_DPT_Sales,14,14_ACC_Finished_Goods,0.0,-0.0
6,2020-07,9,09_ACC_Sales_Revenue_DPT_Sales,15,15_ACC_Equity_Capital,0.0,-0.0
6,2020-07,10,10_ACC_Work_In_Process_DPT_Prod_A,0,00_ACC_Accounts_Payable_DPT_Admin,0.0,-0.8406
6,2020-07,10,10_ACC_Work_In_Process_DPT_Prod_A,1,01_ACC_Accounts_Receivable_DPT_Admin,0.0,-0.9192
6,2020-07,10,10_ACC_Work_In_Process_DPT_Prod_A,2,02_ACC_COGS_DPT_Prod_A,-0.0,0.0465
6,2020-07,10,10_ACC_Work_In_Process_DPT_Prod_A,3,03_ACC_COGS_DPT_Prod_B,0.0,-0.4349
6,2020-07,10,10_ACC_Work_In_Process_DPT_Prod_A,4,04_ACC_Cash_DPT_Admin,-0.0,0.938
6,2020-07,10,10_ACC_Work_In_Process_DPT_Prod_A,5,05_ACC_Finished_Goods_DPT_Prod_A,-0.0,0.9994
6,2020-07,10,10_ACC_Work_In_Process_DPT_Prod_A,6,06_ACC_Finished_Goods_DPT_Prod_B,0.0,-0.8732
6,2020-07,10,10_ACC_Work_In_Process_DPT_Prod_A,7,07_ACC_Mfg_Overhead_Exp_DPT_Mfg_Support,0.0,-0.9852
6,2020-07,10,10_ACC_Work_In_Process_DPT_Prod_A,8,08_ACC_Raw_Materials_DPT_Ops,0.0,-0.9997
6,2020-07,10,10_ACC_Work_In_Process_DPT_Prod_A,9,09_ACC_Sales_Revenue_DPT_Sales,-0.0,0.287
6,2020-07,10,10_ACC_Work_In_Process_DPT_Prod_A,10,10_ACC_Work_In_Process_DPT_Prod_A,0.0,1.0
6,2020-07,10,10_ACC_Work_In_Process_DPT_Prod_A,11,11_ACC_Work_In_Process_DPT_Prod_B,-0.0,0.5582
6,2020-07,10,10_ACC_Work_In_Process_DPT_Prod_A,12,12_ACC_Cash,0.0,-0.0
6,2020-07,10,10_ACC_Work_In_Process_DPT_Prod_A,13,13_ACC_Raw_Materials,0.0,-0.0
6,2020-07,10,10_ACC_Work_In_Process_DPT_Prod_A,14,14_ACC_Finished_Goods,0.0,-0.0
6,2020-07,10,10_ACC_Work_In_Process_DPT_Prod_A,15,15_ACC_Equity_Capital,0.0,-0.0
6,2020-07,11,11_ACC_Work_In_Process_DPT_Prod_B,0,00_ACC_Accounts_Payable_DPT_Admin,-0.0,0.0199
6,2020-07,11,11_ACC_Work_In_Process_DPT_Prod_B,1,01_ACC_Accounts_Receivable_DPT_Admin,-0.0,0.8399
6,2020-07,11,11_ACC_Work_In_Process_DPT_Prod_B,2,02_ACC_COGS_DPT_Prod_A,-0.0,0.8028
6,2020-07,11,11_ACC_Work_In_Process_DPT_Prod_B,3,03_ACC_COGS_DPT_Prod_B,-0.0,0.9899
6,2020-07,11,11_ACC_Work_In_Process_DPT_Prod_B,4,04_ACC_Cash_DPT_Admin,0.0,-0.236
6,2020-07,11,11_ACC_Work_In_Process_DPT_Prod_B,5,05_ACC_Finished_Goods_DPT_Prod_A,0.0,-0.5877
6,2020-07,11,11_ACC_Work_In_Process_DPT_Prod_B,6,06_ACC_Finished_Goods_DPT_Prod_B,-0.0,0.0832
6,2020-07,11,11_ACC_Work_In_Process_DPT_Prod_B,7,07_ACC_Mfg_Overhead_Exp_DPT_Mfg_Support,-0.0,0.4076
6,2020-07,11,11_ACC_Work_In_Process_DPT_Prod_B,8,08_ACC_Raw_Materials_DPT_Ops,-0.0,0.578
6,2020-07,11,11_ACC_Work_In_Process_DPT_Prod_B,9,09_ACC_Sales_Revenue_DPT_Sales,0.0,-0.955
6,2020-07,11,11_ACC_Work_In_Process_DPT_Prod_B,10,10_ACC_Work_In_Process_DPT_Prod_A,-0.0,0.5582
6,2020-07,11,11_ACC_Work_In_Process_DPT_Prod_B,11,11_ACC_Work_In_Process_DPT_Prod_B,0.0,1.0
6,2020-07,11,11_ACC_Work_In_Process_DPT_Prod_B,12,12_ACC_Cash,0.0,-0.0
6,2020-07,11,11_ACC_Work_In_Process_DPT_Prod_B,13,13_ACC_Raw_Materials,0.0,-0.0
6,2020-07,11,11_ACC_Work_In_Process_DPT_Prod_B,14,14_ACC_Finished_Goods,0.0,-0.0
6,2020-07,11,11_ACC_Work_In_Process_DPT_Prod_B,15,15_ACC_Equity_Capital,0.0,-0.0
6,2020-07,12,12_ACC_Cash,0,00_ACC_Accounts_Payable_DPT_Admin,0.0,-0.0
6,2020-07,12,12_ACC_Cash,1,01_ACC_Accounts_Receivable_DPT_Admin,0.0,-0.0
6,2020-07,12,12_ACC_Cash,2,02_ACC_COGS_DPT_Prod_A,0.0,-0.0
6,2020-07,12,12_ACC_Cash,3,03_ACC_COGS_DPT_Prod_B,0.0,-0.0
6,2020-07,12,12_ACC_Cash,4,04_ACC_Cash_DPT_Admin,0.0,-0.0
6,2020-07,12,12_ACC_Cash,5,05_ACC_Finished_Goods_DPT_Prod_A,0.0,-0.0
6,2020-07,12,12_ACC_Cash,6,06_ACC_Finished_Goods_DPT_Prod_B,0.0,-0.0
6,2020-07,12,12_ACC_Cash,7,07_ACC_Mfg_Overhead_Exp_DPT_Mfg_Support,0.0,-0.0
6,2020-07,12,12_ACC_Cash,8,08_ACC_Raw_Materials_DPT_Ops,0.0,-0.0
6,2020-07,12,12_ACC_Cash,9,09_ACC_Sales_Revenue_DPT_Sales,0.0,-0.0
6,2020-07,12,12_ACC_Cash,10,10_ACC_Work_In_Process_DPT_Prod_A,0.0,-0.0
6,2020-07,12,12_ACC_Cash,11,11_ACC_Work_In_Process_DPT_Prod_B,0.0,-0.0
6,2020-07,12,12_ACC_Cash,12,12_ACC_Cash,0.0,1.0
6,2020-07,12,12_ACC_Cash,13,13_ACC_Raw_Materials,0.0,-0.0
6,2020-07,12,12_ACC_Cash,14,14_ACC_Finished_Goods,0.0,-0.0
6,2020-07,12,12_ACC_Cash,15,15_ACC_Equity_Capital,0.0,-0.0
6,2020-07,13,13_ACC_Raw_Materials,0,00_ACC_Accounts_Payable_DPT_Admin,0.0,-0.0
6,2020-07,13,13_ACC_Raw_Materials,1,01_ACC_Accounts_Receivable_DPT_Admin,0.0,-0.0
6,2020-07,13,13_ACC_Raw_Materials,2,02_ACC_COGS_DPT_Prod_A,0.0,-0.0
6,2020-07,13,13_ACC_Raw_Materials,3,03_ACC_COGS_DPT_Prod_B,0.0,-0.0
6,2020-07,13,13_ACC_Raw_Materials,4,04_ACC_Cash_DPT_Admin,0.0,-0.0
6,2020-07,13,13_ACC_Raw_Materials,5,05_ACC_Finished_Goods_DPT_Prod_A,0.0,-0.0
6,2020-07,13,13_ACC_Raw_Materials,6,06_ACC_Finished_Goods_DPT_Prod_B,0.0,-0.0
6,2020-07,13,13_ACC_Raw_Materials,7,07_ACC_Mfg_Overhead_Exp_DPT_Mfg_Support,0.0,-0.0
6,2020-07,13,13_ACC_Raw_Materials,8,08_ACC_Raw_Materials_DPT_Ops,0.0,-0.0
6,2020-07,13,13_ACC_Raw_Materials,9,09_ACC_Sales_Revenue_DPT_Sales,0.0,-0.0
6,2020-07,13,13_ACC_Raw_Materials,10,10_ACC_Work_In_Process_DPT_Prod_A,0.0,-0.0
6,2020-07,13,13_ACC_Raw_Materials,11,11_ACC_Work_In_Process_DPT_Prod_B,0.0,-0.0
6,2020-07,13,13_ACC_Raw_Materials,12,12_ACC_Cash,0.0,-0.0
6,2020-07,13,13_ACC_Raw_Materials,13,13_ACC_Raw_Materials,0.0,1.0
6,2020-07,13,13_ACC_Raw_Materials,14,14_ACC_Finished_Goods,0.0,-0.0
6,2020-07,13,13_ACC_Raw_Materials,15,15_ACC_Equity_Capital,0.0,-0.0
6,2020-07,14,14_ACC_Finished_Goods,0,00_ACC_Accounts_Payable_DPT_Admin,0.0,-0.0
6,2020-07,14,14_ACC_Finished_Goods,1,01_ACC_Accounts_Receivable_DPT_Admin,0.0,-0.0
6,2020-07,14,14_ACC_Finished_Goods,2,02_ACC_COGS_DPT_Prod_A,0.0,-0.0
6,2020-07,14,14_ACC_Finished_Goods,3,03_ACC_COGS_DPT_Prod_B,0.0,-0.0
6,2020-07,14,14_ACC_Finished_Goods,4,04_ACC_Cash_DPT_Admin,0.0,-0.0
6,2020-07,14,14_ACC_Finished_Goods,5,05_ACC_Finished_Goods_DPT_Prod_A,0.0,-0.0
6,2020-07,14,14_ACC_Finished_Goods,6,06_ACC_Finished_Goods_DPT_Prod_B,0.0,-0.0
6,2020-07,14,14_ACC_Finished_Goods,7,07_ACC_Mfg_Overhead_Exp_DPT_Mfg_Support,0.0,-0.0
6,2020-07,14,14_ACC_Finished_Goods,8,08_ACC_Raw_Materials_DPT_Ops,0.0,-0.0
6,2020-07,14,14_ACC_Finished_Goods,9,09_ACC_Sales_Revenue_DPT_Sales,0.0,-0.0
6,2020-07,14,14_ACC_Finished_Goods,10,10_ACC_Work_In_Process_DPT_Prod_A,0.0,-0.0
6,2020-07,14,14_ACC_Finished_Goods,11,11_ACC_Work_In_Process_DPT_Prod_B,0.0,-0.0
6,2020-07,14,14_ACC_Finished_Goods,12,12_ACC_Cash,0.0,-0.0
6,2020-07,14,14_ACC_Finished_Goods,13,13_ACC_Raw_Materials,0.0,-0.0
6,2020-07,14,14_ACC_Finished_Goods,14,14_ACC_Finished_Goods,0.0,1.0
6,2020-07,14,14_ACC_Finished_Goods,15,15_ACC_Equity_Capital,0.0,-0.0
6,2020-07,15,15_ACC_Equity_Capital,0,00_ACC_Accounts_Payable_DPT_Admin,0.0,-0.0
6,2020-07,15,15_ACC_Equity_Capital,1,01_ACC_Accounts_Receivable_DPT_Admin,0.0,-0.0
6,2020-07,15,15_ACC_Equity_Capital,2,02_ACC_COGS_DPT_Prod_A,0.0,-0.0
6,2020-07,15,15_ACC_Equity_Capital,3,03_ACC_COGS_DPT_Prod_B,0.0,-0.0
6,2020-07,15,15_ACC_Equity_Capital,4,04_ACC_Cash_DPT_Admin,0.0,-0.0
6,2020-07,15,15_ACC_Equity_Capital,5,05_ACC_Finished_Goods_DPT_Prod_A,0.0,-0.0
6,2020-07,15,15_ACC_Equity_Capital,6,06_ACC_Finished_Goods_DPT_Prod_B,0.0,-0.0
6,2020-07,15,15_ACC_Equity_Capital,7,07_ACC_Mfg_Overhead_Exp_DPT_Mfg_Support,0.0,-0.0
6,2020-07,15,15_ACC_Equity_Capital,8,08_ACC_Raw_Materials_DPT_Ops,0.0,-0.0
6,2020-07,15,15_ACC_Equity_Capital,9,09_ACC_Sales_Revenue_DPT_Sales,0.0,-0.0
6,2020-07,15,15_ACC_Equity_Capital,10,10_ACC_Work_In_Process_DPT_Prod_A,0.0,-0.0
6,2020-07,15,15_ACC_Equity_Capital,11,11_ACC_Work_In_Process_DPT_Prod_B,0.0,-0.0
6,2020-07,15,15_ACC_Equity_Capital,12,12_ACC_Cash,0.0,-0.0
6,2020-07,15,15_ACC_Equity_Capital,13,13_ACC_Raw_Materials,0.0,-0.0
6,2020-07,15,15_ACC_Equity_Capital,14,14_ACC_Finished_Goods,0.0,-0.0
6,2020-07,15,15_ACC_Equity_Capital,15,15_ACC_Equity_Capital,0.0,1.0
7,2020-08,0,00_ACC_Accounts_Payable_DPT_Admin,0,00_ACC_Accounts_Payable_DPT_Admin,1.3e-11,1.0
7,2020-08,0,00_ACC_Accounts_Payable_DPT_Admin,1,01_ACC_Accounts_Receivable_DPT_Admin,2.6e-11,-0.57
7,2020-08,0,00_ACC_Accounts_Payable_DPT_Admin,2,02_ACC_COGS_DPT_Prod_A,-2.2e-11,0.996
7,2020-08,0,00_ACC_Accounts_Payable_DPT_Admin,3,03_ACC_COGS_DPT_Prod_B,-3.5e-11,0.9985
7,2020-08,0,00_ACC_Accounts_Payable_DPT_Admin,4,04_ACC_Cash_DPT_Admin,-1.23e-10,0.9504
7,2020-08,0,00_ACC_Accounts_Payable_DPT_Admin,5,05_ACC_Finished_Goods_DPT_Prod_A,8.2e-11,-0.9991
7,2020-08,0,00_ACC_Accounts_Payable_DPT_Admin,6,06_ACC_Finished_Goods_DPT_Prod_B,-5e-12,0.9052
7,2020-08,0,00_ACC_Accounts_Payable_DPT_Admin,7,07_ACC_Mfg_Overhead_Exp_DPT_Mfg_Support,-2.2e-11,0.9878
7,2020-08,0,00_ACC_Accounts_Payable_DPT_Admin,8,08_ACC_Raw_Materials_DPT_Ops,9e-12,-0.6841
7,2020-08,0,00_ACC_Accounts_Payable_DPT_Admin,9,09_ACC_Sales_Revenue_DPT_Sales,7.8e-11,-0.9985
7,2020-08,0,00_ACC_Accounts_Payable_DPT_Admin,10,10_ACC_Work_In_Process_DPT_Prod_A,-0.0,0.988
7,2020-08,0,00_ACC_Accounts_Payable_DPT_Admin,11,11_ACC_Work_In_Process_DPT_Prod_B,-0.0,0.8817
7,2020-08,0,00_ACC_Accounts_Payable_DPT_Admin,12,12_ACC_Cash,0.0,-0.0
7,2020-08,0,00_ACC_Accounts_Payable_DPT_Admin,13,13_ACC_Raw_Materials,0.0,-0.0
7,2020-08,0,00_ACC_Accounts_Payable_DPT_Admin,14,14_ACC_Finished_Goods,0.0,-0.0
7,2020-08,0,00_ACC_Accounts_Payable_DPT_Admin,15,15_ACC_Equity_Capital,0.0,-0.0
7,2020-08,1,01_ACC_Accounts_Receivable_DPT_Admin,0,00_ACC_Accounts_Payable_DPT_Admin,2.6e-11,-0.57
7,2020-08,1,01_ACC_Accounts_Receivable_DPT_Admin,1,01_ACC_Accounts_Receivable_DPT_Admin,1.62e-10,1.0
7,2020-08,1,01_ACC_Accounts_Receivable_DPT_Admin,2,02_ACC_COGS_DPT_Prod_A,-3.9e-11,0.4943
7,2020-08,1,01_ACC_Accounts_Receivable_DPT_Admin,3,03_ACC_COGS_DPT_Prod_B,-7.6e-11,0.6138
7,2020-08,1,01_ACC_Accounts_Receivable_DPT_Admin,4,04_ACC_Cash_DPT_Admin,-3.7e-10,0.7973
7,2020-08,1,01_ACC_Accounts_Receivable_DPT_Admin,5,05_ACC_Finished_Goods_DPT_Prod_A,1.77e-10,-0.605
7,2020-08,1,01_ACC_Accounts_Receivable_DPT_Admin,6,06_ACC_Finished_Goods_DPT_Prod_B,-1.8e-11,0.8652
7,2020-08,1,01_ACC_Accounts_Receivable_DPT_Admin,7,07_ACC_Mfg_Overhead_Exp_DPT_Mfg_Support,-5.4e-11,0.691
7,2020-08,1,01_ACC_Accounts_Receivable_DPT_Admin,8,08_ACC_Raw_Materials_DPT_Ops,4.7e-11,-0.9892
7,2020-08,1,01_ACC_Accounts_Receivable_DPT_Admin,9,09_ACC_Sales_Revenue_DPT_Sales,1.46e-10,-0.5244
7,2020-08,1,01_ACC_Accounts_Receivable_DPT_Admin,10,10_ACC_Work_In_Process_DPT_Prod_A,-0.0,0.6898
7,2020-08,1,01_ACC_Accounts_Receivable_DPT_Admin,11,11_ACC_Work_In_Process_DPT_Prod_B,-0.0,0.8902
7,2020-08,1,01_ACC_Accounts_Receivable_DPT_Admin,12,12_ACC_Cash,0.0,-0.0
7,2020-08,1,01_ACC_Accounts_Receivable_DPT_Admin,13,13_ACC_Raw_Materials,0.0,-0.0
7,2020-08,1,01_ACC_Accounts_Receivable_DPT_Admin,14,14_ACC_Finished_Goods,0.0,-0.0
7,2020-08,1,01_ACC_Accounts_Receivable_DPT_Admin,15,15_ACC_Equity_Capital,0.0,-0.0
7,2020-08,2,02_ACC_COGS_DPT_Prod_A,0,00_ACC_Accounts_Payable_DPT_Admin,-2.2e-11,0.996
7,2020-08,2,02_ACC_COGS_DPT_Prod_A,1,01_ACC_Accounts_Receivable_DPT_Admin,-3.9e-11,0.4943
7,2020-08,2,02_ACC_COGS_DPT_Prod_A,2,02_ACC_COGS_DPT_Prod_A,3.9e-11,1.0
7,2020-08,2,02_ACC_COGS_DPT_Prod_A,3,03_ACC_COGS_DPT_Prod_B,6.1e-11,-0.9897
7,2020-08,2,02_ACC_COGS_DPT_Prod_A,4,04_ACC_Cash_DPT_Admin,2.1e-10,-0.9188
7,2020-08,2,02_ACC_COGS_DPT_Prod_A,5,05_ACC_Finished_Goods_DPT_Prod_A,-1.43e-10,0.9912
7,2020-08,2,02_ACC_COGS_DPT_Prod_A,6,06_ACC_Finished_Goods_DPT_Prod_B,9e-12,-0.8636
7,2020-08,2,02_ACC_COGS_DPT_Prod_A,7,07_ACC_Mfg_Overhead_Exp_DPT_Mfg_Support,3.7e-11,-0.9699
7,2020-08,2,02_ACC_COGS_DPT_Prod_A,8,08_ACC_Raw_Materials_DPT_Ops,-1.5e-11,0.6162
7,2020-08,2,02_ACC_COGS_DPT_Prod_A,9,09_ACC_Sales_Revenue_DPT_Sales,-1.37e-10,0.9994
7,2020-08,2,02_ACC_COGS_DPT_Prod_A,10,10_ACC_Work_In_Process_DPT_Prod_A,0.0,-0.9703
7,2020-08,2,02_ACC_COGS_DPT_Prod_A,11,11_ACC_Work_In_Process_DPT_Prod_B,0.0,-0.836
7,2020-08,2,02_ACC_COGS_DPT_Prod_A,12,12_ACC_Cash,0.0,-0.0
7,2020-08,2,02_ACC_COGS_DPT_Prod_A,13,13_ACC_Raw_Materials,0.0,-0.0
7,2020-08,2,02_ACC_COGS_DPT_Prod_A,14,14_ACC_Finished_Goods,0.0,-0.0
7,2020-08,2,02_ACC_COGS_DPT_Prod_A,15,15_ACC_Equity_Capital,0.0,-0.0
7,2020-08,3,03_ACC_COGS_DPT_Prod_B,0,00_ACC_Accounts_Payable_DPT_Admin,-3.5e-11,0.9985
7,2020-08,3,03_ACC_COGS_DPT_Prod_B,1,01_ACC_Accounts_Receivable_DPT_Admin,-7.6e-11,0.6138
7,2020-08,3,03_ACC_COGS_DPT_Prod_B,2,02_ACC_COGS_DPT_Prod_A,6.1e-11,-0.9897
7,2020-08,3,03_ACC_COGS_DPT_Prod_B,3,03_ACC_COGS_DPT_Prod_B,9.5e-11,1.0
7,2020-08,3,03_ACC_COGS_DPT_Prod_B,4,04_ACC_Cash_DPT_Admin,3.44e-10,-0.9659
7,2020-08,3,03_ACC_COGS_DPT_Prod_B,5,05_ACC_Finished_Goods_DPT_Prod_A,-2.25e-10,0.9999
7,2020-08,3,03_ACC_COGS_DPT_Prod_B,6,06_ACC_Finished_Goods_DPT_Prod_B,1.5e-11,-0.927
7,2020-08,3,03_ACC_COGS_DPT_Prod_B,7,07_ACC_Mfg_Overhead_Exp_DPT_Mfg_Support,6e-11,-0.9948
7,2020-08,3,03_ACC_COGS_DPT_Prod_B,8,08_ACC_Raw_Materials_DPT_Ops,-2.7e-11,0.7228
7,2020-08,3,03_ACC_COGS_DPT_Prod_B,9,09_ACC_Sales_Revenue_DPT_Sales,-2.13e-10,0.9941
7,2020-08,3,03_ACC_COGS_DPT_Prod_B,10,10_ACC_Work_In_Process_DPT_Prod_A,0.0,-0.995
7,2020-08,3,03_ACC_COGS_DPT_Prod_B,11,11_ACC_Work_In_Process_DPT_Prod_B,0.0,-0.906
7,2020-08,3,03_ACC_COGS_DPT_Prod_B,12,12_ACC_Cash,0.0,-0.0
7,2020-08,3,03_ACC_COGS_DPT_Prod_B,13,13_ACC_Raw_Materials,0.0,-0.0
7,2020-08,3,03_ACC_COGS_DPT_Prod_B,14,14_ACC_Finished_Goods,0.0,-0.0
7,2020-08,3,03_ACC_COGS_DPT_Prod_B,15,15_ACC_Equity_Capital,0.0,-0.0
7,2020-08,4,04_ACC_Cash_DPT_Admin,0,00_ACC_Accounts_Payable_DPT_Admin,-1.23e-10,0.9504
7,2020-08,4,04_ACC_Cash_DPT_Admin,1,01_ACC_Accounts_Receivable_DPT_Admin,-3.7e-10,0.7973
7,2020-08,4,04_ACC_Cash_DPT_Admin,2,02_ACC_COGS_DPT_Prod_A,2.1e-10,-0.9188
7,2020-08,4,04_ACC_Cash_DPT_Admin,3,03_ACC_COGS_DPT_Prod_B,3.44e-10,-0.9659
7,2020-08,4,04_ACC_Cash_DPT_Admin,4,04_ACC_Cash_DPT_Admin,1.332e-09,1.0
7,2020-08,4,04_ACC_Cash_DPT_Admin,5,05_ACC_Finished_Goods_DPT_Prod_A,-8.08e-10,0.9629
7,2020-08,4,04_ACC_Cash_DPT_Admin,6,06_ACC_Finished_Goods_DPT_Prod_B,6.1e-11,-0.9925
7,2020-08,4,04_ACC_Cash_DPT_Admin,7,07_ACC_Mfg_Overhead_Exp_DPT_Mfg_Support,2.21e-10,-0.9872
7,2020-08,4,04_ACC_Cash_DPT_Admin,8,08_ACC_Raw_Materials_DPT_Ops,-1.21e-10,0.8771
7,2020-08,4,04_ACC_Cash_DPT_Admin,9,09_ACC_Sales_Revenue_DPT_Sales,-7.46e-10,0.932
7,2020-08,4,04_ACC_Cash_DPT_Admin,10,10_ACC_Work_In_Process_DPT_Prod_A,0.0,-0.987
7,2020-08,4,04_ACC_Cash_DPT_Admin,11,11_ACC_Work_In_Process_DPT_Prod_B,0.0,-0.9847
7,2020-08,4,04_ACC_Cash_DPT_Admin,12,12_ACC_Cash,0.0,-0.0
7,2020-08,4,04_ACC_Cash_DPT_Admin,13,13_ACC_Raw_Materials,0.0,-0.0
7,2020-08,4,04_ACC_Cash_DPT_Admin,14,14_ACC_Finished_Goods,0.0,-0.0
7,2020-08,4,04_ACC_Cash_DPT_Admin,15,15_ACC_Equity_Capital,0.0,-0.0
7,2020-08,5,05_ACC_Finished_Goods_DPT_Prod_A,0,00_ACC_Accounts_Payable_DPT_Admin,8.2e-11,-0.9991
7,2020-08,5,05_ACC_Finished_Goods_DPT_Prod_A,1,01_ACC_Accounts_Receivable_DPT_Admin,1.77e-10,-0.605
7,2020-08,5,05_ACC_Finished_Goods_DPT_Prod_A,2,02_ACC_COGS_DPT_Prod_A,-1.43e-10,0.9912
7,2020-08,5,05_ACC_Finished_Goods_DPT_Prod_A,3,03_ACC_COGS_DPT_Prod_B,-2.25e-10,0.9999
7,2020-08,5,05_ACC_Finished_Goods_DPT_Prod_A,4,04_ACC_Cash_DPT_Admin,-8.08e-10,0.9629
7,2020-08,5,05_ACC_Finished_Goods_DPT_Prod_A,5,05_ACC_Finished_Goods_DPT_Prod_A,5.29e-10,1.0
7,2020-08,5,05_ACC_Finished_Goods_DPT_Prod_A,6,06_ACC_Finished_Goods_DPT_Prod_B,-3.6e-11,0.9227
7,2020-08,5,05_ACC_Finished_Goods_DPT_Prod_A,7,07_ACC_Mfg_Overhead_Exp_DPT_Mfg_Support,-1.4e-10,0.9936
7,2020-08,5,05_ACC_Finished_Goods_DPT_Prod_A,8,08_ACC_Raw_Materials_DPT_Ops,6.2e-11,-0.7151
7,2020-08,5,05_ACC_Finished_Goods_DPT_Prod_A,9,09_ACC_Sales_Revenue_DPT_Sales,5.02e-10,-0.9952
7,2020-08,5,05_ACC_Finished_Goods_DPT_Prod_A,10,10_ACC_Work_In_Process_DPT_Prod_A,-0.0,0.9938
7,2020-08,5,05_ACC_Finished_Goods_DPT_Prod_A,11,11_ACC_Work_In_Process_DPT_Prod_B,-0.0,0.9013
7,2020-08,5,05_ACC_Finished_Goods_DPT_Prod_A,12,12_ACC_Cash,0.0,-0.0
7,2020-08,5,05_ACC_Finished_Goods_DPT_Prod_A,13,13_ACC_Raw_Materials,0.0,-0.0
7,2020-08,5,05_ACC_Finished_Goods_DPT_Prod_A,14,14_ACC_Finished_Goods,0.0,-0.0
7,2020-08,5,05_ACC_Finished_Goods_DPT_Prod_A,15,15_ACC_Equity_Capital,0.0,-0.0
7,2020-08,6,06_ACC_Finished_Goods_DPT_Prod_B,0,00_ACC_Accounts_Payable_DPT_Admin,-5e-12,0.9052
7,2020-08,6,06_ACC_Finished_Goods_DPT_Prod_B,1,01_ACC_Accounts_Receivable_DPT_Admin,-1.8e-11,0.8652
7,2020-08,6,06_ACC_Finished_Goods_DPT_Prod_B,2,02_ACC_COGS_DPT_Prod_A,9e-12,-0.8636
7,2020-08,6,06_ACC_Finished_Goods_DPT_Prod_B,3,03_ACC_COGS_DPT_Prod_B,1.5e-11,-0.927
7,2020-08,6,06_ACC_Finished_Goods_DPT_Prod_B,4,04_ACC_Cash_DPT_Admin,6.1e-11,-0.9925
7,2020-08,6,06_ACC_Finished_Goods_DPT_Prod_B,5,05_ACC_Finished_Goods_DPT_Prod_A,-3.6e-11,0.9227
7,2020-08,6,06_ACC_Finished_Goods_DPT_Prod_B,6,06_ACC_Finished_Goods_DPT_Prod_B,3e-12,1.0
7,2020-08,6,06_ACC_Finished_Goods_DPT_Prod_B,7,07_ACC_Mfg_Overhead_Exp_DPT_Mfg_Support,1e-11,-0.9603
7,2020-08,6,06_ACC_Finished_Goods_DPT_Prod_B,8,08_ACC_Raw_Materials_DPT_Ops,-6e-12,0.9292
7,2020-08,6,06_ACC_Finished_Goods_DPT_Prod_B,9,09_ACC_Sales_Revenue_DPT_Sales,-3.2e-11,0.8807
7,2020-08,6,06_ACC_Finished_Goods_DPT_Prod_B,10,10_ACC_Work_In_Process_DPT_Prod_A,0.0,-0.9599
7,2020-08,6,06_ACC_Finished_Goods_DPT_Prod_B,11,11_ACC_Work_In_Process_DPT_Prod_B,0.0,-0.9986
7,2020-08,6,06_ACC_Finished_Goods_DPT_Prod_B,12,12_ACC_Cash,0.0,-0.0
7,2020-08,6,06_ACC_Finished_Goods_DPT_Prod_B,13,13_ACC_Raw_Materials,0.0,-0.0
7,2020-08,6,06_ACC_Finished_Goods_DPT_Prod_B,14,14_ACC_Finished_Goods,0.0,-0.0
7,2020-08,6,06_ACC_Finished_Goods_DPT_Prod_B,15,15_ACC_Equity_Capital,0.0,-0.0
7,2020-08,7,07_ACC_Mfg_Overhead_Exp_DPT_Mfg_Support,0,00_ACC_Accounts_Payable_DPT_Admin,-2.2e-11,0.9878
7,2020-08,7,07_ACC_Mfg_Overhead_Exp_DPT_Mfg_Support,1,01_ACC_Accounts_Receivable_DPT_Admin,-5.4e-11,0.691
7,2020-08,7,07_ACC_Mfg_Overhead_Exp_DPT_Mfg_Support,2,02_ACC_COGS_DPT_Prod_A,3.7e-11,-0.9699
7,2020-08,7,07_ACC_Mfg_Overhead_Exp_DPT_Mfg_Support,3,03_ACC_COGS_DPT_Prod_B,6e-11,-0.9948
7,2020-08,7,07_ACC_Mfg_Overhead_Exp_DPT_Mfg_Support,4,04_ACC_Cash_DPT_Admin,2.21e-10,-0.9872
7,2020-08,7,07_ACC_Mfg_Overhead_Exp_DPT_Mfg_Support,5,05_ACC_Finished_Goods_DPT_Prod_A,-1.4e-10,0.9936
7,2020-08,7,07_ACC_Mfg_Overhead_Exp_DPT_Mfg_Support,6,06_ACC_Finished_Goods_DPT_Prod_B,1e-11,-0.9603
7,2020-08,7,07_ACC_Mfg_Overhead_Exp_DPT_Mfg_Support,7,07_ACC_Mfg_Overhead_Exp_DPT_Mfg_Support,3.8e-11,1.0
7,2020-08,7,07_ACC_Mfg_Overhead_Exp_DPT_Mfg_Support,8,08_ACC_Raw_Materials_DPT_Ops,-1.8e-11,0.7894
7,2020-08,7,07_ACC_Mfg_Overhead_Exp_DPT_Mfg_Support,9,09_ACC_Sales_Revenue_DPT_Sales,-1.32e-10,0.9778
7,2020-08,7,07_ACC_Mfg_Overhead_Exp_DPT_Mfg_Support,10,10_ACC_Work_In_Process_DPT_Prod_A,0.0,-1.0
7,2020-08,7,07_ACC_Mfg_Overhead_Exp_DPT_Mfg_Support,11,11_ACC_Work_In_Process_DPT_Prod_B,0.0,-0.9444
7,2020-08,7,07_ACC_Mfg_Overhead_Exp_DPT_Mfg_Support,12,12_ACC_Cash,0.0,-0.0
7,2020-08,7,07_ACC_Mfg_Overhead_Exp_DPT_Mfg_Support,13,13_ACC_Raw_Materials,0.0,-0.0
7,2020-08,7,07_ACC_Mfg_Overhead_Exp_DPT_Mfg_Support,14,14_ACC_Finished_Goods,0.0,-0.0
7,2020-08,7,07_ACC_Mfg_Overhead_Exp_DPT_Mfg_Support,15,15_ACC_Equity_Capital,0.0,-0.0
7,2020-08,8,08_ACC_Raw_Materials_DPT_Ops,0,00_ACC_Accounts_Payable_DPT_Admin,9e-12,-0.6841
7,2020-08,8,08_ACC_Raw_Materials_DPT_Ops,1,01_ACC_Accounts_Receivable_DPT_Admin,4.7e-11,-0.9892
7,2020-08,8,08_ACC_Raw_Materials_DPT_Ops,2,02_ACC_COGS_DPT_Prod_A,-1.5e-11,0.6162
7,2020-08,8,08_ACC_Raw_Materials_DPT_Ops,3,03_ACC_COGS_DPT_Prod_B,-2.7e-11,0.7228
7,2020-08,8,08_ACC_Raw_Materials_DPT_Ops,4,04_ACC_Cash_DPT_Admin,-1.21e-10,0.8771
7,2020-08,8,08_ACC_Raw_Materials_DPT_Ops,5,05_ACC_Finished_Goods_DPT_Prod_A,6.2e-11,-0.7151
7,2020-08,8,08_ACC_Raw_Materials_DPT_Ops,6,06_ACC_Finished_Goods_DPT_Prod_B,-6e-12,0.9292
7,2020-08,8,08_ACC_Raw_Materials_DPT_Ops,7,07_ACC_Mfg_Overhead_Exp_DPT_Mfg_Support,-1.8e-11,0.7894
7,2020-08,8,08_ACC_Raw_Materials_DPT_Ops,8,08_ACC_Raw_Materials_DPT_Ops,1.4e-11,1.0
7,2020-08,8,08_ACC_Raw_Materials_DPT_Ops,9,09_ACC_Sales_Revenue_DPT_Sales,5.3e-11,-0.6434
7,2020-08,8,08_ACC_Raw_Materials_DPT_Ops,10,10_ACC_Work_In_Process_DPT_Prod_A,-0.0,0.7884
7,2020-08,8,08_ACC_Raw_Materials_DPT_Ops,11,11_ACC_Work_In_Process_DPT_Prod_B,-0.0,0.9473
7,2020-08,8,08_ACC_Raw_Materials_DPT_Ops,12,12_ACC_Cash,0.0,-0.0
7,2020-08,8,08_ACC_Raw_Materials_DPT_Ops,13,13_ACC_Raw_Materials,0.0,-0.0
7,2020-08,8,08_ACC_Raw_Materials_DPT_Ops,14,14_ACC_Finished_Goods,0.0,-0.0
7,2020-08,8,08_ACC_Raw_Materials_DPT_Ops,15,15_ACC_Equity_Capital,0.0,-0.0
7,2020-08,9,09_ACC_Sales_Revenue_DPT_Sales,0,00_ACC_Accounts_Payable_DPT_Admin,7.8e-11,-0.9985
7,2020-08,9,09_ACC_Sales_Revenue_DPT_Sales,1,01_ACC_Accounts_Receivable_DPT_Admin,1.46e-10,-0.5244
7,2020-08,9,09_ACC_Sales_Revenue_DPT_Sales,2,02_ACC_COGS_DPT_Prod_A,-1.37e-10,0.9994
7,2020-08,9,09_ACC_Sales_Revenue_DPT_Sales,3,03_ACC_COGS_DPT_Prod_B,-2.13e-10,0.9941
7,2020-08,9,09_ACC_Sales_Revenue_DPT_Sales,4,04_ACC_Cash_DPT_Admin,-7.46e-10,0.932
7,2020-08,9,09_ACC_Sales_Revenue_DPT_Sales,5,05_ACC_Finished_Goods_DPT_Prod_A,5.02e-10,-0.9952
7,2020-08,9,09_ACC_Sales_Revenue_DPT_Sales,6,06_ACC_Finished_Goods_DPT_Prod_B,-3.2e-11,0.8807
7,2020-08,9,09_ACC_Sales_Revenue_DPT_Sales,7,07_ACC_Mfg_Overhead_Exp_DPT_Mfg_Support,-1.32e-10,0.9778
7,2020-08,9,09_ACC_Sales_Revenue_DPT_Sales,8,08_ACC_Raw_Materials_DPT_Ops,5.3e-11,-0.6434
7,2020-08,9,09_ACC_Sales_Revenue_DPT_Sales,9,09_ACC_Sales_Revenue_DPT_Sales,4.81e-10,1.0
7,2020-08,9,09_ACC_Sales_Revenue_DPT_Sales,10,10_ACC_Work_In_Process_DPT_Prod_A,-0.0,0.9782
7,2020-08,9,09_ACC_Sales_Revenue_DPT_Sales,11,11_ACC_Work_In_Process_DPT_Prod_B,-0.0,0.8547
7,2020-08,9,09_ACC_Sales_Revenue_DPT_Sales,12,12_ACC_Cash,0.0,-0.0
7,2020-08,9,09_ACC_Sales_Revenue_DPT_Sales,13,13_ACC_Raw_Materials,0.0,-0.0
7,2020-08,9,09_ACC_Sales_Revenue_DPT_Sales,14,14_ACC_Finished_Goods,0.0,-0.0
7,2020-08,9,09_ACC_Sales_Revenue_DPT_Sales,15,15_ACC_Equity_Capital,0.0,-0.0
7,2020-08,10,10_ACC_Work_In_Process_DPT_Prod_A,0,00_ACC_Accounts_Payable_DPT_Admin,-0.0,0.988
7,2020-08,10,10_ACC_Work_In_Process_DPT_Prod_A,1,01_ACC_Accounts_Receivable_DPT_Admin,-0.0,0.6898
7,2020-08,10,10_ACC_Work_In_Process_DPT_Prod_A,2,02_ACC_COGS_DPT_Prod_A,0.0,-0.9703
7,2020-08,10,10_ACC_Work_In_Process_DPT_Prod_A,3,03_ACC_COGS_DPT_Prod_B,0.0,-0.995
7,2020-08,10,10_ACC_Work_In_Process_DPT_Prod_A,4,04_ACC_Cash_DPT_Admin,0.0,-0.987
7,2020-08,10,10_ACC_Work_In_Process_DPT_Prod_A,5,05_ACC_Finished_Goods_DPT_Prod_A,-0.0,0.9938
7,2020-08,10,10_ACC_Work_In_Process_DPT_Prod_A,6,06_ACC_Finished_Goods_DPT_Prod_B,0.0,-0.9599
7,2020-08,10,10_ACC_Work_In_Process_DPT_Prod_A,7,07_ACC_Mfg_Overhead_Exp_DPT_Mfg_Support,0.0,-1.0
7,2020-08,10,10_ACC_Work_In_Process_DPT_Prod_A,8,08_ACC_Raw_Materials_DPT_Ops,-0.0,0.7884
7,2020-08,10,10_ACC_Work_In_Process_DPT_Prod_A,9,09_ACC_Sales_Revenue_DPT_Sales,-0.0,0.9782
7,2020-08,10,10_ACC_Work_In_Process_DPT_Prod_A,10,10_ACC_Work_In_Process_DPT_Prod_A,0.0,1.0
7,2020-08,10,10_ACC_Work_In_Process_DPT_Prod_A,11,11_ACC_Work_In_Process_DPT_Prod_B,0.0,-0.9439
7,2020-08,10,10_ACC_Work_In_Process_DPT_Prod_A,12,12_ACC_Cash,0.0,-0.0
7,2020-08,10,10_ACC_Work_In_Process_DPT_Prod_A,13,13_ACC_Raw_Materials,0.0,-0.0
7,2020-08,10,10_ACC_Work_In_Process_DPT_Prod_A,14,14_ACC_Finished_Goods,0.0,-0.0
7,2020-08,10,10_ACC_Work_In_Process_DPT_Prod_A,15,15_ACC_Equity_Capital,0.0,-0.0
7,2020-08,11,11_ACC_Work_In_Process_DPT_Prod_B,0,00_ACC_Accounts_Payable_DPT_Admin,-0.0,0.8817
7,2020-08,11,11_ACC_Work_In_Process_DPT_Prod_B,1,01_ACC_Accounts_Receivable_DPT_Admin,-0.0,0.8902
7,2020-08,11,11_ACC_Work_In_Process_DPT_Prod_B,2,02_ACC_COGS_DPT_Prod_A,0.0,-0.836
7,2020-08,11,11_ACC_Work_In_Process_DPT_Prod_B,3,03_ACC_COGS_DPT_Prod_B,0.0,-0.906
7,2020-08,11,11_ACC_Work_In_Process_DPT_Prod_B,4,04_ACC_Cash_DPT_Admin,0.0,-0.9847
7,2020-08,11,11_ACC_Work_In_Process_DPT_Prod_B,5,05_ACC_Finished_Goods_DPT_Prod_A,-0.0,0.9013
7,2020-08,11,11_ACC_Work_In_Process_DPT_Prod_B,6,06_ACC_Finished_Goods_DPT_Prod_B,0.0,-0.9986
7,2020-08,11,11_ACC_Work_In_Process_DPT_Prod_B,7,07_ACC_Mfg_Overhead_Exp_DPT_Mfg_Support,0.0,-0.9444
7,2020-08,11,11_ACC_Work_In_Process_DPT_Prod_B,8,08_ACC_Raw_Materials_DPT_Ops,-0.0,0.9473
7,2020-08,11,11_ACC_Work_In_Process_DPT_Prod_B,9,09_ACC_Sales_Revenue_DPT_Sales,-0.0,0.8547
7,2020-08,11,11_ACC_Work_In_Process_DPT_Prod_B,10,10_ACC_Work_In_Process_DPT_Prod_A,0.0,-0.9439
7,2020-08,11,11_ACC_Work_In_Process_DPT_Prod_B,11,11_ACC_Work_In_Process_DPT_Prod_B,0.0,1.0
7,2020-08,11,11_ACC_Work_In_Process_DPT_Prod_B,12,12_ACC_Cash,0.0,-0.0
7,2020-08,11,11_ACC_Work_In_Process_DPT_Prod_B,13,13_ACC_Raw_Materials,0.0,-0.0
7,2020-08,11,11_ACC_Work_In_Process_DPT_Prod_B,14,14_ACC_Finished_Goods,0.0,-0.0
7,2020-08,11,11_ACC_Work_In_Process_DPT_Prod_B,15,15_ACC_Equity_Capital,0.0,-0.0
7,2020-08,12,12_ACC_Cash,0,00_ACC_Accounts_Payable_DPT_Admin,0.0,-0.0
7,2020-08,12,12_ACC_Cash,1,01_ACC_Accounts_Receivable_DPT_Admin,0.0,-0.0
7,2020-08,12,12_ACC_Cash,2,02_ACC_COGS_DPT_Prod_A,0.0,-0.0
7,2020-08,12,12_ACC_Cash,3,03_ACC_COGS_DPT_Prod_B,0.0,-0.0
7,2020-08,12,12_ACC_Cash,4,04_ACC_Cash_DPT_Admin,0.0,-0.0
7,2020-08,12,12_ACC_Cash,5,05_ACC_Finished_Goods_DPT_Prod_A,0.0,-0.0
7,2020-08,12,12_ACC_Cash,6,06_ACC_Finished_Goods_DPT_Prod_B,0.0,-0.0
7,2020-08,12,12_ACC_Cash,7,07_ACC_Mfg_Overhead_Exp_DPT_Mfg_Support,0.0,-0.0
7,2020-08,12,12_ACC_Cash,8,08_ACC_Raw_Materials_DPT_Ops,0.0,-0.0
7,2020-08,12,12_ACC_Cash,9,09_ACC_Sales_Revenue_DPT_Sales,0.0,-0.0
7,2020-08,12,12_ACC_Cash,10,10_ACC_Work_In_Process_DPT_Prod_A,0.0,-0.0
7,2020-08,12,12_ACC_Cash,11,11_ACC_Work_In_Process_DPT_Prod_B,0.0,-0.0
7,2020-08,12,12_ACC_Cash,12,12_ACC_Cash,0.0,1.0
7,2020-08,12,12_ACC_Cash,13,13_ACC_Raw_Materials,0.0,-0.0
7,2020-08,12,12_ACC_Cash,14,14_ACC_Finished_Goods,0.0,-0.0
7,2020-08,12,12_ACC_Cash,15,15_ACC_Equity_Capital,0.0,-0.0
7,2020-08,13,13_ACC_Raw_Materials,0,00_ACC_Accounts_Payable_DPT_Admin,0.0,-0.0
7,2020-08,13,13_ACC_Raw_Materials,1,01_ACC_Accounts_Receivable_DPT_Admin,0.0,-0.0
7,2020-08,13,13_ACC_Raw_Materials,2,02_ACC_COGS_DPT_Prod_A,0.0,-0.0
7,2020-08,13,13_ACC_Raw_Materials,3,03_ACC_COGS_DPT_Prod_B,0.0,-0.0
7,2020-08,13,13_ACC_Raw_Materials,4,04_ACC_Cash_DPT_Admin,0.0,-0.0
7,2020-08,13,13_ACC_Raw_Materials,5,05_ACC_Finished_Goods_DPT_Prod_A,0.0,-0.0
7,2020-08,13,13_ACC_Raw_Materials,6,06_ACC_Finished_Goods_DPT_Prod_B,0.0,-0.0
7,2020-08,13,13_ACC_Raw_Materials,7,07_ACC_Mfg_Overhead_Exp_DPT_Mfg_Support,0.0,-0.0
7,2020-08,13,13_ACC_Raw_Materials,8,08_ACC_Raw_Materials_DPT_Ops,0.0,-0.0
7,2020-08,13,13_ACC_Raw_Materials,9,09_ACC_Sales_Revenue_DPT_Sales,0.0,-0.0
7,2020-08,13,13_ACC_Raw_Materials,10,10_ACC_Work_In_Process_DPT_Prod_A,0.0,-0.0
7,2020-08,13,13_ACC_Raw_Materials,11,11_ACC_Work_In_Process_DPT_Prod_B,0.0,-0.0
7,2020-08,13,13_ACC_Raw_Materials,12,12_ACC_Cash,0.0,-0.0
7,2020-08,13,13_ACC_Raw_Materials,13,13_ACC_Raw_Materials,0.0,1.0
7,2020-08,13,13_ACC_Raw_Materials,14,14_ACC_Finished_Goods,0.0,-0.0
7,2020-08,13,13_ACC_Raw_Materials,15,15_ACC_Equity_Capital,0.0,-0.0
7,2020-08,14,14_ACC_Finished_Goods,0,00_ACC_Accounts_Payable_DPT_Admin,0.0,-0.0
7,2020-08,14,14_ACC_Finished_Goods,1,01_ACC_Accounts_Receivable_DPT_Admin,0.0,-0.0
7,2020-08,14,14_ACC_Finished_Goods,2,02_ACC_COGS_DPT_Prod_A,0.0,-0.0
7,2020-08,14,14_ACC_Finished_Goods,3,03_ACC_COGS_DPT_Prod_B,0.0,-0.0
7,2020-08,14,14_ACC_Finished_Goods,4,04_ACC_Cash_DPT_Admin,0.0,-0.0
7,2020-08,14,14_ACC_Finished_Goods,5,05_ACC_Finished_Goods_DPT_Prod_A,0.0,-0.0
7,2020-08,14,14_ACC_Finished_Goods,6,06_ACC_Finished_Goods_DPT_Prod_B,0.0,-0.0
7,2020-08,14,14_ACC_Finished_Goods,7,07_ACC_Mfg_Overhead_Exp_DPT_Mfg_Support,0.0,-0.0
7,2020-08,14,14_ACC_Finished_Goods,8,08_ACC_Raw_Materials_DPT_Ops,0.0,-0.0
7,2020-08,14,14_ACC_Finished_Goods,9,09_ACC_Sales_Revenue_DPT_Sales,0.0,-0.0
7,2020-08,14,14_ACC_Finished_Goods,10,10_ACC_Work_In_Process_DPT_Prod_A,0.0,-0.0
7,2020-08,14,14_ACC_Finished_Goods,11,11_ACC_Work_In_Process_DPT_Prod_B,0.0,-0.0
7,2020-08,14,14_ACC_Finished_Goods,12,12_ACC_Cash,0.0,-0.0
7,2020-08,14,14_ACC_Finished_Goods,13,13_ACC_Raw_Materials,0.0,-0.0
7,2020-08,14,14_ACC_Finished_Goods,14,14_ACC_Finished_Goods,0.0,1.0
7,2020-08,14,14_ACC_Finished_Goods,15,15_ACC_Equity_Capital,0.0,-0.0
7,2020-08,15,15_ACC_Equity_Capital,0,00_ACC_Accounts_Payable_DPT_Admin,0.0,-0.0
7,2020-08,15,15_ACC_Equity_Capital,1,01_ACC_Accounts_Receivable_DPT_Admin,0.0,-0.0
7,2020-08,15,15_ACC_Equity_Capital,2,02_ACC_COGS_DPT_Prod_A,0.0,-0.0
7,2020-08,15,15_ACC_Equity_Capital,3,03_ACC_COGS_DPT_Prod_B,0.0,-0.0
7,2020-08,15,15_ACC_Equity_Capital,4,04_ACC_Cash_DPT_Admin,0.0,-0.0
7,2020-08,15,15_ACC_Equity_Capital,5,05_ACC_Finished_Goods_DPT_Prod_A,0.0,-0.0
7,2020-08,15,15_ACC_Equity_Capital,6,06_ACC_Finished_Goods_DPT_Prod_B,0.0,-0.0
7,2020-08,15,15_ACC_Equity_Capital,7,07_ACC_Mfg_Overhead_Exp_DPT_Mfg_Support,0.0,-0.0
7,2020-08,15,15_ACC_Equity_Capital,8,08_ACC_Raw_Materials_DPT_Ops,0.0,-0.0
7,2020-08,15,15_ACC_Equity_Capital,9,09_ACC_Sales_Revenue_DPT_Sales,0.0,-0.0
7,2020-08,15,15_ACC_Equity_Capital,10,10_ACC_Work_In_Process_DPT_Prod_A,0.0,-0.0
7,2020-08,15,15_ACC_Equity_Capital,11,11_ACC_Work_In_Process_DPT_Prod_B,0.0,-0.0
7,2020-08,15,15_ACC_Equity_Capital,12,12_ACC_Cash,0.0,-0.0
7,2020-08,15,15_ACC_Equity_Capital,13,13_ACC_Raw_Materials,0.0,-0.0
7,2020-08,15,15_ACC_Equity_Capital,14,14_ACC_Finished_Goods,0.0,-0.0
7,2020-08,15,15_ACC_Equity_Capital,15,15_ACC_Equity_Capital,0.0,1.0
8,2020-09,0,00_ACC_Accounts_Payable_DPT_Admin,0,00_ACC_Accounts_Payable_DPT_Admin,4.61e-10,1.0
8,2020-09,0,00_ACC_Accounts_Payable_DPT_Admin,1,01_ACC_Accounts_Receivable_DPT_Admin,-1.39e-10,0.7839
8,2020-09,0,00_ACC_Accounts_Payable_DPT_Admin,2,02_ACC_COGS_DPT_Prod_A,3.5e-11,-0.8332
8,2020-09,0,00_ACC_Accounts_Payable_DPT_Admin,3,03_ACC_COGS_DPT_Prod_B,-2.4e-11,0.8159
8,2020-09,0,00_ACC_Accounts_Payable_DPT_Admin,4,04_ACC_Cash_DPT_Admin,-1.15e-10,0.8908
8,2020-09,0,00_ACC_Accounts_Payable_DPT_Admin,5,05_ACC_Finished_Goods_DPT_Prod_A,1.07e-10,-0.9316
8,2020-09,0,00_ACC_Accounts_Payable_DPT_Admin,6,06_ACC_Finished_Goods_DPT_Prod_B,3.2e-11,-0.9897
8,2020-09,0,00_ACC_Accounts_Payable_DPT_Admin,7,07_ACC_Mfg_Overhead_Exp_DPT_Mfg_Support,-2.1e-11,0.9928
8,2020-09,0,00_ACC_Accounts_Payable_DPT_Admin,8,08_ACC_Raw_Materials_DPT_Ops,-4.1e-10,0.9988
8,2020-09,0,00_ACC_Accounts_Payable_DPT_Admin,9,09_ACC_Sales_Revenue_DPT_Sales,7.4e-11,-0.7402
8,2020-09,0,00_ACC_Accounts_Payable_DPT_Admin,10,10_ACC_Work_In_Process_DPT_Prod_A,0.0,-0.3438
8,2020-09,0,00_ACC_Accounts_Payable_DPT_Admin,11,11_ACC_Work_In_Process_DPT_Prod_B,0.0,-0.9957
8,2020-09,0,00_ACC_Accounts_Payable_DPT_Admin,12,12_ACC_Cash,0.0,-0.0
8,2020-09,0,00_ACC_Accounts_Payable_DPT_Admin,13,13_ACC_Raw_Materials,0.0,-0.0
8,2020-09,0,00_ACC_Accounts_Payable_DPT_Admin,14,14_ACC_Finished_Goods,0.0,-0.0
8,2020-09,0,00_ACC_Accounts_Payable_DPT_Admin,15,15_ACC_Equity_Capital,0.0,-0.0
8,2020-09,1,01_ACC_Accounts_Receivable_DPT_Admin,0,00_ACC_Accounts_Payable_DPT_Admin,-1.39e-10,0.7839
8,2020-09,1,01_ACC_Accounts_Receivable_DPT_Admin,1,01_ACC_Accounts_Receivable_DPT_Admin,6.8e-11,1.0
8,2020-09,1,01_ACC_Accounts_Receivable_DPT_Admin,2,02_ACC_COGS_DPT_Prod_A,-5e-12,0.3098
8,2020-09,1,01_ACC_Accounts_Receivable_DPT_Admin,3,03_ACC_COGS_DPT_Prod_B,1.1e-11,-0.9986
8,2020-09,1,01_ACC_Accounts_Receivable_DPT_Admin,4,04_ACC_Cash_DPT_Admin,2.1e-11,-0.4161
8,2020-09,1,01_ACC_Accounts_Receivable_DPT_Admin,5,05_ACC_Finished_Goods_DPT_Prod_A,-4.2e-11,0.956
8,2020-09,1,01_ACC_Accounts_Receivable_DPT_Admin,6,06_ACC_Finished_Goods_DPT_Prod_B,-1.1e-11,0.8648
8,2020-09,1,01_ACC_Accounts_Receivable_DPT_Admin,7,07_ACC_Mfg_Overhead_Exp_DPT_Mfg_Support,7e-12,-0.8528
8,2020-09,1,01_ACC_Accounts_Receivable_DPT_Admin,8,08_ACC_Raw_Materials_DPT_Ops,1.28e-10,-0.8134
8,2020-09,1,01_ACC_Accounts_Receivable_DPT_Admin,9,09_ACC_Sales_Revenue_DPT_Sales,-3.8e-11,0.9977
8,2020-09,1,01_ACC_Accounts_Receivable_DPT_Admin,10,10_ACC_Work_In_Process_DPT_Prod_A,0.0,-0.3134
8,2020-09,1,01_ACC_Accounts_Receivable_DPT_Admin,11,11_ACC_Work_In_Process_DPT_Prod_B,-0.0,0.8378
8,2020-09,1,01_ACC_Accounts_Receivable_DPT_Admin,12,12_ACC_Cash,0.0,-0.0
8,2020-09,1,01_ACC_Accounts_Receivable_DPT_Admin,13,13_ACC_Raw_Materials,0.0,-0.0
8,2020-09,1,01_ACC_Accounts_Receivable_DPT_Admin,14,14_ACC_Finished_Goods,0.0,-0.0
8,2020-09,1,01_ACC_Accounts_Receivable_DPT_Admin,15,15_ACC_Equity_Capital,0.0,-0.0
8,2020-09,2,02_ACC_COGS_DPT_Prod_A,0,00_ACC_Accounts_Payable_DPT_Admin,3.5e-11,-0.8332
8,2020-09,2,02_ACC_COGS_DPT_Prod_A,1,01_ACC_Accounts_Receivable_DPT_Admin,-5e-12,0.3098
8,2020-09,2,02_ACC_COGS_DPT_Prod_A,2,02_ACC_COGS_DPT_Prod_A,4e-12,1.0
8,2020-09,2,02_ACC_COGS_DPT_Prod_A,3,03_ACC_COGS_DPT_Prod_B,-1e-12,0.36
8,2020-09,2,02_ACC_COGS_DPT_Prod_A,4,04_ACC_Cash_DPT_Admin,-1.2e-11,0.9935
8,2020-09,2,02_ACC_COGS_DPT_Prod_A,5,05_ACC_Finished_Goods_DPT_Prod_A,6e-12,-0.5751
8,2020-09,2,02_ACC_COGS_DPT_Prod_A,6,06_ACC_Finished_Goods_DPT_Prod_B,2e-12,-0.7453
8,2020-09,2,02_ACC_COGS_DPT_Prod_A,7,07_ACC_Mfg_Overhead_Exp_DPT_Mfg_Support,-1e-12,0.7607
8,2020-09,2,02_ACC_COGS_DPT_Prod_A,8,08_ACC_Raw_Materials_DPT_Ops,-3e-11,0.805
8,2020-09,2,02_ACC_COGS_DPT_Prod_A,9,09_ACC_Sales_Revenue_DPT_Sales,2e-12,-0.2449
8,2020-09,2,02_ACC_COGS_DPT_Prod_A,10,10_ACC_Work_In_Process_DPT_Prod_A,0.0,-0.8058
8,2020-09,2,02_ACC_COGS_DPT_Prod_A,11,11_ACC_Work_In_Process_DPT_Prod_B,0.0,-0.7786
8,2020-09,2,02_ACC_COGS_DPT_Prod_A,12,12_ACC_Cash,0.0,-0.0
8,2020-09,2,02_ACC_COGS_DPT_Prod_A,13,13_ACC_Raw_Materials,0.0,-0.0
8,2020-09,2,02_ACC_COGS_DPT_Prod_A,14,14_ACC_Finished_Goods,0.0,-0.0
8,2020-09,2,02_ACC_COGS_DPT_Prod_A,15,15_ACC_Equity_Capital,0.0,-0.0
8,2020-09,3,03_ACC_COGS_DPT_Prod_B,0,00_ACC_Accounts_Payable_DPT_Admin,-2.4e-11,0.8159
8,2020-09,3,03_ACC_COGS_DPT_Prod_B,1,01_ACC_Accounts_Receivable_DPT_Admin,1.1e-11,-0.9986
8,2020-09,3,03_ACC_COGS_DPT_Prod_B,2,02_ACC_COGS_DPT_Prod_A,-1e-12,0.36
8,2020-09,3,03_ACC_COGS_DPT_Prod_B,3,03_ACC_COGS_DPT_Prod_B,2e-12,1.0
8,2020-09,3,03_ACC_COGS_DPT_Prod_B,4,04_ACC_Cash_DPT_Admin,4e-12,-0.464
8,2020-09,3,03_ACC_COGS_DPT_Prod_B,5,05_ACC_Finished_Goods_DPT_Prod_A,-7e-12,0.9703
8,2020-09,3,03_ACC_COGS_DPT_Prod_B,6,06_ACC_Finished_Goods_DPT_Prod_B,-2e-12,0.8903
8,2020-09,3,03_ACC_COGS_DPT_Prod_B,7,07_ACC_Mfg_Overhead_Exp_DPT_Mfg_Support,1e-12,-0.8794
8,2020-09,3,03_ACC_COGS_DPT_Prod_B,8,08_ACC_Raw_Materials_DPT_Ops,2.2e-11,-0.8433
8,2020-09,3,03_ACC_COGS_DPT_Prod_B,9,09_ACC_Sales_Revenue_DPT_Sales,-6e-12,0.9927
8,2020-09,3,03_ACC_COGS_DPT_Prod_B,10,10_ACC_Work_In_Process_DPT_Prod_A,0.0,-0.2624
8,2020-09,3,03_ACC_COGS_DPT_Prod_B,11,11_ACC_Work_In_Process_DPT_Prod_B,-0.0,0.8657
8,2020-09,3,03_ACC_COGS_DPT_Prod_B,12,12_ACC_Cash,0.0,-0.0
8,2020-09,3,03_ACC_COGS_DPT_Prod_B,13,13_ACC_Raw_Materials,0.0,-0.0
8,2020-09,3,03_ACC_COGS_DPT_Prod_B,14,14_ACC_Finished_Goods,0.0,-0.0
8,2020-09,3,03_ACC_COGS_DPT_Prod_B,15,15_ACC_Equity_Capital,0.0,-0.0
8,2020-09,4,04_ACC_Cash_DPT_Admin,0,00_ACC_Accounts_Payable_DPT_Admin,-1.15e-10,0.8908
8,2020-09,4,04_ACC_Cash_DPT_Admin,1,01_ACC_Accounts_Receivable_DPT_Admin,2.1e-11,-0.4161
8,2020-09,4,04_ACC_Cash_DPT_Admin,2,02_ACC_COGS_DPT_Prod_A,-1.2e-11,0.9935
8,2020-09,4,04_ACC_Cash_DPT_Admin,3,03_ACC_COGS_DPT_Prod_B,4e-12,-0.464
8,2020-09,4,04_ACC_Cash_DPT_Admin,4,04_ACC_Cash_DPT_Admin,3.6e-11,1.0
8,2020-09,4,04_ACC_Cash_DPT_Admin,5,05_ACC_Finished_Goods_DPT_Prod_A,-2.1e-11,0.6646
8,2020-09,4,04_ACC_Cash_DPT_Admin,6,06_ACC_Finished_Goods_DPT_Prod_B,-7e-12,0.8164
8,2020-09,4,04_ACC_Cash_DPT_Admin,7,07_ACC_Mfg_Overhead_Exp_DPT_Mfg_Support,5e-12,-0.8297
8,2020-09,4,04_ACC_Cash_DPT_Admin,8,08_ACC_Raw_Materials_DPT_Ops,1e-10,-0.8674
8,2020-09,4,04_ACC_Cash_DPT_Admin,9,09_ACC_Sales_Revenue_DPT_Sales,-1e-11,0.3538
8,2020-09,4,04_ACC_Cash_DPT_Admin,10,10_ACC_Work_In_Process_DPT_Prod_A,-0.0,0.7331
8,2020-09,4,04_ACC_Cash_DPT_Admin,11,11_ACC_Work_In_Process_DPT_Prod_B,-0.0,0.8451
8,2020-09,4,04_ACC_Cash_DPT_Admin,12,12_ACC_Cash,0.0,-0.0
8,2020-09,4,04_ACC_Cash_DPT_Admin,13,13_ACC_Raw_Materials,0.0,-0.0
8,2020-09,4,04_ACC_Cash_DPT_Admin,14,14_ACC_Finished_Goods,0.0,-0.0
8,2020-09,4,04_ACC_Cash_DPT_Admin,15,15_ACC_Equity_Capital,0.0,-0.0
8,2020-09,5,05_ACC_Finished_Goods_DPT_Prod_A,0,00_ACC_Accounts_Payable_DPT_Admin,1.07e-10,-0.9316
8,2020-09,5,05_ACC_Finished_Goods_DPT_Prod_A,1,01_ACC_Accounts_Receivable_DPT_Admin,-4.2e-11,0.956
8,2020-09,5,05_ACC_Finished_Goods_DPT_Prod_A,2,02_ACC_COGS_DPT_Prod_A,6e-12,-0.5751
8,2020-09,5,05_ACC_Finished_Goods_DPT_Prod_A,3,03_ACC_COGS_DPT_Prod_B,-7e-12,0.9703
8,2020-09,5,05_ACC_Finished_Goods_DPT_Prod_A,4,04_ACC_Cash_DPT_Admin,-2.1e-11,0.6646
8,2020-09,5,05_ACC_Finished_Goods_DPT_Prod_A,5,05_ACC_Finished_Goods_DPT_Prod_A,2.9e-11,1.0
8,2020-09,5,05_ACC_Finished_Goods_DPT_Prod_A,6,06_ACC_Finished_Goods_DPT_Prod_B,8e-12,-0.9741
8,2020-09,5,05_ACC_Finished_Goods_DPT_Prod_A,7,07_ACC_Mfg_Overhead_Exp_DPT_Mfg_Support,-5e-12,0.9685
8,2020-09,5,05_ACC_Finished_Goods_DPT_Prod_A,8,08_ACC_Raw_Materials_DPT_Ops,-9.7e-11,0.9483
8,2020-09,5,05_ACC_Finished_Goods_DPT_Prod_A,9,09_ACC_Sales_Revenue_DPT_Sales,2.3e-11,-0.934
8,2020-09,5,05_ACC_Finished_Goods_DPT_Prod_A,10,10_ACC_Work_In_Process_DPT_Prod_A,-0.0,0.0211
8,2020-09,5,05_ACC_Finished_Goods_DPT_Prod_A,11,11_ACC_Work_In_Process_DPT_Prod_B,0.0,-0.9611
8,2020-09,5,05_ACC_Finished_Goods_DPT_Prod_A,12,12_ACC_Cash,0.0,-0.0
8,2020-09,5,05_ACC_Finished_Goods_DPT_Prod_A,13,13_ACC_Raw_Materials,0.0,-0.0
8,2020-09,5,05_ACC_Finished_Goods_DPT_Prod_A,14,14_ACC_Finished_Goods,0.0,-0.0
8,2020-09,5,05_ACC_Finished_Goods_DPT_Prod_A,15,15_ACC_Equity_Capital,0.0,-0.0
8,2020-09,6,06_ACC_Finished_Goods_DPT_Prod_B,0,00_ACC_Accounts_Payable_DPT_Admin,3.2e-11,-0.9897
8,2020-09,6,06_ACC_Finished_Goods_DPT_Prod_B,1,01_ACC_Accounts_Receivable_DPT_Admin,-1.1e-11,0.8648
8,2020-09,6,06_ACC_Finished_Goods_DPT_Prod_B,2,02_ACC_COGS_DPT_Prod_A,2e-12,-0.7453
8,2020-09,6,06_ACC_Finished_Goods_DPT_Prod_B,3,03_ACC_COGS_DPT_Prod_B,-2e-12,0.8903
8,2020-09,6,06_ACC_Finished_Goods_DPT_Prod_B,4,04_ACC_Cash_DPT_Admin,-7e-12,0.8164
8,2020-09,6,06_ACC_Finished_Goods_DPT_Prod_B,5,05_ACC_Finished_Goods_DPT_Prod_A,8e-12,-0.9741
8,2020-09,6,06_ACC_Finished_Goods_DPT_Prod_B,6,06_ACC_Finished_Goods_DPT_Prod_B,2e-12,1.0
8,2020-09,6,06_ACC_Finished_Goods_DPT_Prod_B,7,07_ACC_Mfg_Overhead_Exp_DPT_Mfg_Support,-1e-12,0.9997
8,2020-09,6,06_ACC_Finished_Goods_DPT_Prod_B,8,08_ACC_Raw_Materials_DPT_Ops,-2.8e-11,0.9955
8,2020-09,6,06_ACC_Finished_Goods_DPT_Prod_B,9,09_ACC_Sales_Revenue_DPT_Sales,6e-12,-0.8289
8,2020-09,6,06_ACC_Finished_Goods_DPT_Prod_B,10,10_ACC_Work_In_Process_DPT_Prod_A,0.0,-0.2057
8,2020-09,6,06_ACC_Finished_Goods_DPT_Prod_B,11,11_ACC_Work_In_Process_DPT_Prod_B,0.0,-0.9987
8,2020-09,6,06_ACC_Finished_Goods_DPT_Prod_B,12,12_ACC_Cash,0.0,-0.0
8,2020-09,6,06_ACC_Finished_Goods_DPT_Prod_B,13,13_ACC_Raw_Materials,0.0,-0.0
8,2020-09,6,06_ACC_Finished_Goods_DPT_Prod_B,14,14_ACC_Finished_Goods,0.0,-0.0
8,2020-09,6,06_ACC_Finished_Goods_DPT_Prod_B,15,15_ACC_Equity_Capital,0.0,-0.0
8,2020-09,7,07_ACC_Mfg_Overhead_Exp_DPT_Mfg_Support,0,00_ACC_Accounts_Payable_DPT_Admin,-2.1e-11,0.9928
8,2020-09,7,07_ACC_Mfg_Overhead_Exp_DPT_Mfg_Support,1,01_ACC_Accounts_Receivable_DPT_Admin,7e-12,-0.8528
8,2020-09,7,07_ACC_Mfg_Overhead_Exp_DPT_Mfg_Support,2,02_ACC_COGS_DPT_Prod_A,-1e-12,0.7607
8,2020-09,7,07_ACC_Mfg_Overhead_Exp_DPT_Mfg_Support,3,03_ACC_COGS_DPT_Prod_B,1e-12,-0.8794
8,2020-09,7,07_ACC_Mfg_Overhead_Exp_DPT_Mfg_Support,4,04_ACC_Cash_DPT_Admin,5e-12,-0.8297
8,2020-09,7,07_ACC_Mfg_Overhead_Exp_DPT_Mfg_Support,5,05_ACC_Finished_Goods_DPT_Prod_A,-5e-12,0.9685
8,2020-09,7,07_ACC_Mfg_Overhead_Exp_DPT_Mfg_Support,6,06_ACC_Finished_Goods_DPT_Prod_B,-1e-12,0.9997
8,2020-09,7,07_ACC_Mfg_Overhead_Exp_DPT_Mfg_Support,7,07_ACC_Mfg_Overhead_Exp_DPT_Mfg_Support,1e-12,1.0
8,2020-09,7,07_ACC_Mfg_Overhead_Exp_DPT_Mfg_Support,8,08_ACC_Raw_Materials_DPT_Ops,1.9e-11,-0.9975
8,2020-09,7,07_ACC_Mfg_Overhead_Exp_DPT_Mfg_Support,9,09_ACC_Sales_Revenue_DPT_Sales,-4e-12,0.8156
8,2020-09,7,07_ACC_Mfg_Overhead_Exp_DPT_Mfg_Support,10,10_ACC_Work_In_Process_DPT_Prod_A,-0.0,0.2286
8,2020-09,7,07_ACC_Mfg_Overhead_Exp_DPT_Mfg_Support,11,11_ACC_Work_In_Process_DPT_Prod_B,-0.0,0.9996
8,2020-09,7,07_ACC_Mfg_Overhead_Exp_DPT_Mfg_Support,12,12_ACC_Cash,0.0,-0.0
8,2020-09,7,07_ACC_Mfg_Overhead_Exp_DPT_Mfg_Support,13,13_ACC_Raw_Materials,0.0,-0.0
8,2020-09,7,07_ACC_Mfg_Overhead_Exp_DPT_Mfg_Support,14,14_ACC_Finished_Goods,0.0,-0.0
8,2020-09,7,07_ACC_Mfg_Overhead_Exp_DPT_Mfg_Support,15,15_ACC_Equity_Capital,0.0,-0.0
8,2020-09,8,08_ACC_Raw_Materials_DPT_Ops,0,00_ACC_Accounts_Payable_DPT_Admin,-4.1e-10,0.9988
8,2020-09,8,08_ACC_Raw_Materials_DPT_Ops,1,01_ACC_Accounts_Receivable_DPT_Admin,1.28e-10,-0.8134
8,2020-09,8,08_ACC_Raw_Materials_DPT_Ops,2,02_ACC_COGS_DPT_Prod_A,-3e-11,0.805
8,2020-09,8,08_ACC_Raw_Materials_DPT_Ops,3,03_ACC_COGS_DPT_Prod_B,2.2e-11,-0.8433
8,2020-09,8,08_ACC_Raw_Materials_DPT_Ops,4,04_ACC_Cash_DPT_Admin,1e-10,-0.8674
8,2020-09,8,08_ACC_Raw_Materials_DPT_Ops,5,05_ACC_Finished_Goods_DPT_Prod_A,-9.7e-11,0.9483
8,2020-09,8,08_ACC_Raw_Materials_DPT_Ops,6,06_ACC_Finished_Goods_DPT_Prod_B,-2.8e-11,0.9955
8,2020-09,8,08_ACC_Raw_Materials_DPT_Ops,7,07_ACC_Mfg_Overhead_Exp_DPT_Mfg_Support,1.9e-11,-0.9975
8,2020-09,8,08_ACC_Raw_Materials_DPT_Ops,8,08_ACC_Raw_Materials_DPT_Ops,3.66e-10,1.0
8,2020-09,8,08_ACC_Raw_Materials_DPT_Ops,9,09_ACC_Sales_Revenue_DPT_Sales,-6.9e-11,0.7723
8,2020-09,8,08_ACC_Raw_Materials_DPT_Ops,10,10_ACC_Work_In_Process_DPT_Prod_A,-0.0,0.2974
8,2020-09,8,08_ACC_Raw_Materials_DPT_Ops,11,11_ACC_Work_In_Process_DPT_Prod_B,-0.0,0.9991
8,2020-09,8,08_ACC_Raw_Materials_DPT_Ops,12,12_ACC_Cash,0.0,-0.0
8,2020-09,8,08_ACC_Raw_Materials_DPT_Ops,13,13_ACC_Raw_Materials,0.0,-0.0
8,2020-09,8,08_ACC_Raw_Materials_DPT_Ops,14,14_ACC_Finished_Goods,0.0,-0.0
8,2020-09,8,08_ACC_Raw_Materials_DPT_Ops,15,15_ACC_Equity_Capital,0.0,-0.0
8,2020-09,9,09_ACC_Sales_Revenue_DPT_Sales,0,00_ACC_Accounts_Payable_DPT_Admin,7.4e-11,-0.7402
8,2020-09,9,09_ACC_Sales_Revenue_DPT_Sales,1,01_ACC_Accounts_Receivable_DPT_Admin,-3.8e-11,0.9977
8,2020-09,9,09_ACC_Sales_Revenue_DPT_Sales,2,02_ACC_COGS_DPT_Prod_A,2e-12,-0.2449
8,2020-09,9,09_ACC_Sales_Revenue_DPT_Sales,3,03_ACC_COGS_DPT_Prod_B,-6e-12,0.9927
8,2020-09,9,09_ACC_Sales_Revenue_DPT_Sales,4,04_ACC_Cash_DPT_Admin,-1e-11,0.3538
8,2020-09,9,09_ACC_Sales_Revenue_DPT_Sales,5,05_ACC_Finished_Goods_DPT_Prod_A,2.3e-11,-0.934
8,2020-09,9,09_ACC_Sales_Revenue_DPT_Sales,6,06_ACC_Finished_Goods_DPT_Prod_B,6e-12,-0.8289
8,2020-09,9,09_ACC_Sales_Revenue_DPT_Sales,7,07_ACC_Mfg_Overhead_Exp_DPT_Mfg_Support,-4e-12,0.8156
8,2020-09,9,09_ACC_Sales_Revenue_DPT_Sales,8,08_ACC_Raw_Materials_DPT_Ops,-6.9e-11,0.7723
8,2020-09,9,09_ACC_Sales_Revenue_DPT_Sales,9,09_ACC_Sales_Revenue_DPT_Sales,2.2e-11,1.0
8,2020-09,9,09_ACC_Sales_Revenue_DPT_Sales,10,10_ACC_Work_In_Process_DPT_Prod_A,-0.0,0.3768
8,2020-09,9,09_ACC_Sales_Revenue_DPT_Sales,11,11_ACC_Work_In_Process_DPT_Prod_B,0.0,-0.7991
8,2020-09,9,09_ACC_Sales_Revenue_DPT_Sales,12,12_ACC_Cash,0.0,-0.0
8,2020-09,9,09_ACC_Sales_Revenue_DPT_Sales,13,13_ACC_Raw_Materials,0.0,-0.0
8,2020-09,9,09_ACC_Sales_Revenue_DPT_Sales,14,14_ACC_Finished_Goods,0.0,-0.0
8,2020-09,9,09_ACC_Sales_Revenue_DPT_Sales,15,15_ACC_Equity_Capital,0.0,-0.0
8,2020-09,10,10_ACC_Work_In_Process_DPT_Prod_A,0,00_ACC_Accounts_Payable_DPT_Admin,0.0,-0.3438
8,2020-09,10,10_ACC_Work_In_Process_DPT_Prod_A,1,01_ACC_Accounts_Receivable_DPT_Admin,0.0,-0.3134
8,2020-09,10,10_ACC_Work_In_Process_DPT_Prod_A,2,02_ACC_COGS_DPT_Prod_A,0.0,-0.8058
8,2020-09,10,10_ACC_Work_In_Process_DPT_Prod_A,3,03_ACC_COGS_DPT_Prod_B,0.0,-0.2624
8,2020-09,10,10_ACC_Work_In_Process_DPT_Prod_A,4,04_ACC_Cash_DPT_Admin,-0.0,0.7331
8,2020-09,10,10_ACC_Work_In_Process_DPT_Prod_A,5,05_ACC_Finished_Goods_DPT_Prod_A,-0.0,0.0211
8,2020-09,10,10_ACC_Work_In_Process_DPT_Prod_A,6,06_ACC_Finished_Goods_DPT_Prod_B,0.0,-0.2057
8,2020-09,10,10_ACC_Work_In_Process_DPT_Prod_A,7,07_ACC_Mfg_Overhead_Exp_DPT_Mfg_Support,-0.0,0.2286
8,2020-09,10,10_ACC_Work_In_Process_DPT_Prod_A,8,08_ACC_Raw_Materials_DPT_Ops,-0.0,0.2974
8,2020-09,10,10_ACC_Work_In_Process_DPT_Prod_A,9,09_ACC_Sales_Revenue_DPT_Sales,-0.0,0.3768
8,2020-09,10,10_ACC_Work_In_Process_DPT_Prod_A,10,10_ACC_Work_In_Process_DPT_Prod_A,0.0,1.0
8,2020-09,10,10_ACC_Work_In_Process_DPT_Prod_A,11,11_ACC_Work_In_Process_DPT_Prod_B,0.0,-0.2558
8,2020-09,10,10_ACC_Work_In_Process_DPT_Prod_A,12,12_ACC_Cash,0.0,-0.0
8,2020-09,10,10_ACC_Work_In_Process_DPT_Prod_A,13,13_ACC_Raw_Materials,0.0,-0.0
8,2020-09,10,10_ACC_Work_In_Process_DPT_Prod_A,14,14_ACC_Finished_Goods,0.0,-0.0
8,2020-09,10,10_ACC_Work_In_Process_DPT_Prod_A,15,15_ACC_Equity_Capital,0.0,-0.0
8,2020-09,11,11_ACC_Work_In_Process_DPT_Prod_B,0,00_ACC_Accounts_Payable_DPT_Admin,0.0,-0.9957
8,2020-09,11,11_ACC_Work_In_Process_DPT_Prod_B,1,01_ACC_Accounts_Receivable_DPT_Admin,-0.0,0.8378
8,2020-09,11,11_ACC_Work_In_Process_DPT_Prod_B,2,02_ACC_COGS_DPT_Prod_A,0.0,-0.7786
8,2020-09,11,11_ACC_Work_In_Process_DPT_Prod_B,3,03_ACC_COGS_DPT_Prod_B,-0.0,0.8657
8,2020-09,11,11_ACC_Work_In_Process_DPT_Prod_B,4,04_ACC_Cash_DPT_Admin,-0.0,0.8451
8,2020-09,11,11_ACC_Work_In_Process_DPT_Prod_B,5,05_ACC_Finished_Goods_DPT_Prod_A,0.0,-0.9611
8,2020-09,11,11_ACC_Work_In_Process_DPT_Prod_B,6,06_ACC_Finished_Goods_DPT_Prod_B,0.0,-0.9987
8,2020-09,11,11_ACC_Work_In_Process_DPT_Prod_B,7,07_ACC_Mfg_Overhead_Exp_DPT_Mfg_Support,-0.0,0.9996
8,2020-09,11,11_ACC_Work_In_Process_DPT_Prod_B,8,08_ACC_Raw_Materials_DPT_Ops,-0.0,0.9991
8,2020-09,11,11_ACC_Work_In_Process_DPT_Prod_B,9,09_ACC_Sales_Revenue_DPT_Sales,0.0,-0.7991
8,2020-09,11,11_ACC_Work_In_Process_DPT_Prod_B,10,10_ACC_Work_In_Process_DPT_Prod_A,0.0,-0.2558
8,2020-09,11,11_ACC_Work_In_Process_DPT_Prod_B,11,11_ACC_Work_In_Process_DPT_Prod_B,0.0,1.0
8,2020-09,11,11_ACC_Work_In_Process_DPT_Prod_B,12,12_ACC_Cash,0.0,-0.0
8,2020-09,11,11_ACC_Work_In_Process_DPT_Prod_B,13,13_ACC_Raw_Materials,0.0,-0.0
8,2020-09,11,11_ACC_Work_In_Process_DPT_Prod_B,14,14_ACC_Finished_Goods,0.0,-0.0
8,2020-09,11,11_ACC_Work_In_Process_DPT_Prod_B,15,15_ACC_Equity_Capital,0.0,-0.0
8,2020-09,12,12_ACC_Cash,0,00_ACC_Accounts_Payable_DPT_Admin,0.0,-0.0
8,2020-09,12,12_ACC_Cash,1,01_ACC_Accounts_Receivable_DPT_Admin,0.0,-0.0
8,2020-09,12,12_ACC_Cash,2,02_ACC_COGS_DPT_Prod_A,0.0,-0.0
8,2020-09,12,12_ACC_Cash,3,03_ACC_COGS_DPT_Prod_B,0.0,-0.0
8,2020-09,12,12_ACC_Cash,4,04_ACC_Cash_DPT_Admin,0.0,-0.0
8,2020-09,12,12_ACC_Cash,5,05_ACC_Finished_Goods_DPT_Prod_A,0.0,-0.0
8,2020-09,12,12_ACC_Cash,6,06_ACC_Finished_Goods_DPT_Prod_B,0.0,-0.0
8,2020-09,12,12_ACC_Cash,7,07_ACC_Mfg_Overhead_Exp_DPT_Mfg_Support,0.0,-0.0
8,2020-09,12,12_ACC_Cash,8,08_ACC_Raw_Materials_DPT_Ops,0.0,-0.0
8,2020-09,12,12_ACC_Cash,9,09_ACC_Sales_Revenue_DPT_Sales,0.0,-0.0
8,2020-09,12,12_ACC_Cash,10,10_ACC_Work_In_Process_DPT_Prod_A,0.0,-0.0
8,2020-09,12,12_ACC_Cash,11,11_ACC_Work_In_Process_DPT_Prod_B,0.0,-0.0
8,2020-09,12,12_ACC_Cash,12,12_ACC_Cash,0.0,1.0
8,2020-09,12,12_ACC_Cash,13,13_ACC_Raw_Materials,0.0,-0.0
8,2020-09,12,12_ACC_Cash,14,14_ACC_Finished_Goods,0.0,-0.0
8,2020-09,12,12_ACC_Cash,15,15_ACC_Equity_Capital,0.0,-0.0
8,2020-09,13,13_ACC_Raw_Materials,0,00_ACC_Accounts_Payable_DPT_Admin,0.0,-0.0
8,2020-09,13,13_ACC_Raw_Materials,1,01_ACC_Accounts_Receivable_DPT_Admin,0.0,-0.0
8,2020-09,13,13_ACC_Raw_Materials,2,02_ACC_COGS_DPT_Prod_A,0.0,-0.0
8,2020-09,13,13_ACC_Raw_Materials,3,03_ACC_COGS_DPT_Prod_B,0.0,-0.0
8,2020-09,13,13_ACC_Raw_Materials,4,04_ACC_Cash_DPT_Admin,0.0,-0.0
8,2020-09,13,13_ACC_Raw_Materials,5,05_ACC_Finished_Goods_DPT_Prod_A,0.0,-0.0
8,2020-09,13,13_ACC_Raw_Materials,6,06_ACC_Finished_Goods_DPT_Prod_B,0.0,-0.0
8,2020-09,13,13_ACC_Raw_Materials,7,07_ACC_Mfg_Overhead_Exp_DPT_Mfg_Support,0.0,-0.0
8,2020-09,13,13_ACC_Raw_Materials,8,08_ACC_Raw_Materials_DPT_Ops,0.0,-0.0
8,2020-09,13,13_ACC_Raw_Materials,9,09_ACC_Sales_Revenue_DPT_Sales,0.0,-0.0
8,2020-09,13,13_ACC_Raw_Materials,10,10_ACC_Work_In_Process_DPT_Prod_A,0.0,-0.0
8,2020-09,13,13_ACC_Raw_Materials,11,11_ACC_Work_In_Process_DPT_Prod_B,0.0,-0.0
8,2020-09,13,13_ACC_Raw_Materials,12,12_ACC_Cash,0.0,-0.0
8,2020-09,13,13_ACC_Raw_Materials,13,13_ACC_Raw_Materials,0.0,1.0
8,2020-09,13,13_ACC_Raw_Materials,14,14_ACC_Finished_Goods,0.0,-0.0
8,2020-09,13,13_ACC_Raw_Materials,15,15_ACC_Equity_Capital,0.0,-0.0
8,2020-09,14,14_ACC_Finished_Goods,0,00_ACC_Accounts_Payable_DPT_Admin,0.0,-0.0
8,2020-09,14,14_ACC_Finished_Goods,1,01_ACC_Accounts_Receivable_DPT_Admin,0.0,-0.0
8,2020-09,14,14_ACC_Finished_Goods,2,02_ACC_COGS_DPT_Prod_A,0.0,-0.0
8,2020-09,14,14_ACC_Finished_Goods,3,03_ACC_COGS_DPT_Prod_B,0.0,-0.0
8,2020-09,14,14_ACC_Finished_Goods,4,04_ACC_Cash_DPT_Admin,0.0,-0.0
8,2020-09,14,14_ACC_Finished_Goods,5,05_ACC_Finished_Goods_DPT_Prod_A,0.0,-0.0
8,2020-09,14,14_ACC_Finished_Goods,6,06_ACC_Finished_Goods_DPT_Prod_B,0.0,-0.0
8,2020-09,14,14_ACC_Finished_Goods,7,07_ACC_Mfg_Overhead_Exp_DPT_Mfg_Support,0.0,-0.0
8,2020-09,14,14_ACC_Finished_Goods,8,08_ACC_Raw_Materials_DPT_Ops,0.0,-0.0
8,2020-09,14,14_ACC_Finished_Goods,9,09_ACC_Sales_Revenue_DPT_Sales,0.0,-0.0
8,2020-09,14,14_ACC_Finished_Goods,10,10_ACC_Work_In_Process_DPT_Prod_A,0.0,-0.0
8,2020-09,14,14_ACC_Finished_Goods,11,11_ACC_Work_In_Process_DPT_Prod_B,0.0,-0.0
8,2020-09,14,14_ACC_Finished_Goods,12,12_ACC_Cash,0.0,-0.0
8,2020-09,14,14_ACC_Finished_Goods,13,13_ACC_Raw_Materials,0.0,-0.0
8,2020-09,14,14_ACC_Finished_Goods,14,14_ACC_Finished_Goods,0.0,1.0
8,2020-09,14,14_ACC_Finished_Goods,15,15_ACC_Equity_Capital,0.0,-0.0
8,2020-09,15,15_ACC_Equity_Capital,0,00_ACC_Accounts_Payable_DPT_Admin,0.0,-0.0
8,2020-09,15,15_ACC_Equity_Capital,1,01_ACC_Accounts_Receivable_DPT_Admin,0.0,-0.0
8,2020-09,15,15_ACC_Equity_Capital,2,02_ACC_COGS_DPT_Prod_A,0.0,-0.0
8,2020-09,15,15_ACC_Equity_Capital,3,03_ACC_COGS_DPT_Prod_B,0.0,-0.0
8,2020-09,15,15_ACC_Equity_Capital,4,04_ACC_Cash_DPT_Admin,0.0,-0.0
8,2020-09,15,15_ACC_Equity_Capital,5,05_ACC_Finished_Goods_DPT_Prod_A,0.0,-0.0
8,2020-09,15,15_ACC_Equity_Capital,6,06_ACC_Finished_Goods_DPT_Prod_B,0.0,-0.0
8,2020-09,15,15_ACC_Equity_Capital,7,07_ACC_Mfg_Overhead_Exp_DPT_Mfg_Support,0.0,-0.0
8,2020-09,15,15_ACC_Equity_Capital,8,08_ACC_Raw_Materials_DPT_Ops,0.0,-0.0
8,2020-09,15,15_ACC_Equity_Capital,9,09_ACC_Sales_Revenue_DPT_Sales,0.0,-0.0
8,2020-09,15,15_ACC_Equity_Capital,10,10_ACC_Work_In_Process_DPT_Prod_A,0.0,-0.0
8,2020-09,15,15_ACC_Equity_Capital,11,11_ACC_Work_In_Process_DPT_Prod_B,0.0,-0.0
8,2020-09,15,15_ACC_Equity_Capital,12,12_ACC_Cash,0.0,-0.0
8,2020-09,15,15_ACC_Equity_Capital,13,13_ACC_Raw_Materials,0.0,-0.0
8,2020-09,15,15_ACC_Equity_Capital,14,14_ACC_Finished_Goods,0.0,-0.0
8,2020-09,15,15_ACC_Equity_Capital,15,15_ACC_Equity_Capital,0.0,1.0
9,2020-10,0,00_ACC_Accounts_Payable_DPT_Admin,0,00_ACC_Accounts_Payable_DPT_Admin,6.6e-11,1.0
9,2020-10,0,00_ACC_Accounts_Payable_DPT_Admin,1,01_ACC_Accounts_Receivable_DPT_Admin,-1.4e-11,0.1586
9,2020-10,0,00_ACC_Accounts_Payable_DPT_Admin,2,02_ACC_COGS_DPT_Prod_A,-6e-12,0.2054
9,2020-10,0,00_ACC_Accounts_Payable_DPT_Admin,3,03_ACC_COGS_DPT_Prod_B,-3e-12,0.2325
9,2020-10,0,00_ACC_Accounts_Payable_DPT_Admin,4,04_ACC_Cash_DPT_Admin,-5.5e-11,0.9645
9,2020-10,0,00_ACC_Accounts_Payable_DPT_Admin,5,05_ACC_Finished_Goods_DPT_Prod_A,0.0,-0.0181
9,2020-10,0,00_ACC_Accounts_Payable_DPT_Admin,6,06_ACC_Finished_Goods_DPT_Prod_B,1.3e-11,-0.7437
9,2020-10,0,00_ACC_Accounts_Payable_DPT_Admin,7,07_ACC_Mfg_Overhead_Exp_DPT_Mfg_Support,1e-12,-0.5932
9,2020-10,0,00_ACC_Accounts_Payable_DPT_Admin,8,08_ACC_Raw_Materials_DPT_Ops,-1.9e-11,0.6887
9,2020-10,0,00_ACC_Accounts_Payable_DPT_Admin,9,09_ACC_Sales_Revenue_DPT_Sales,1.7e-11,-0.255
9,2020-10,0,00_ACC_Accounts_Payable_DPT_Admin,10,10_ACC_Work_In_Process_DPT_Prod_A,0.0,-0.9988
9,2020-10,0,00_ACC_Accounts_Payable_DPT_Admin,11,11_ACC_Work_In_Process_DPT_Prod_B,-0.0,0.1532
9,2020-10,0,00_ACC_Accounts_Payable_DPT_Admin,12,12_ACC_Cash,0.0,-0.0
9,2020-10,0,00_ACC_Accounts_Payable_DPT_Admin,13,13_ACC_Raw_Materials,0.0,-0.0
9,2020-10,0,00_ACC_Accounts_Payable_DPT_Admin,14,14_ACC_Finished_Goods,0.0,-0.0
9,2020-10,0,00_ACC_Accounts_Payable_DPT_Admin,15,15_ACC_Equity_Capital,0.0,-0.0
9,2020-10,1,01_ACC_Accounts_Receivable_DPT_Admin,0,00_ACC_Accounts_Payable_DPT_Admin,-1.4e-11,0.1586
9,2020-10,1,01_ACC_Accounts_Receivable_DPT_Admin,1,01_ACC_Accounts_Receivable_DPT_Admin,1.25e-10,1.0
9,2020-10,1,01_ACC_Accounts_Receivable_DPT_Admin,2,02_ACC_COGS_DPT_Prod_A,4.2e-11,-0.9989
9,2020-10,1,01_ACC_Accounts_Receivable_DPT_Admin,3,03_ACC_COGS_DPT_Prod_B,2.1e-11,-0.9972
9,2020-10,1,01_ACC_Accounts_Receivable_DPT_Admin,4,04_ACC_Cash_DPT_Admin,-8e-12,0.1078
9,2020-10,1,01_ACC_Accounts_Receivable_DPT_Admin,5,05_ACC_Finished_Goods_DPT_Prod_A,-3.1e-11,0.9901
9,2020-10,1,01_ACC_Accounts_Receivable_DPT_Admin,6,06_ACC_Finished_Goods_DPT_Prod_B,-1.9e-11,0.778
9,2020-10,1,01_ACC_Accounts_Receivable_DPT_Admin,7,07_ACC_Mfg_Overhead_Exp_DPT_Mfg_Support,-3e-12,0.8889
9,2020-10,1,01_ACC_Accounts_Receivable_DPT_Admin,8,08_ACC_Raw_Materials_DPT_Ops,-2.2e-11,0.6067
9,2020-10,1,01_ACC_Accounts_Receivable_DPT_Admin,9,09_ACC_Sales_Revenue_DPT_Sales,-9e-11,0.9951
9,2020-10,1,01_ACC_Accounts_Receivable_DPT_Admin,10,10_ACC_Work_In_Process_DPT_Prod_A,-0.0,0.2061
9,2020-10,1,01_ACC_Accounts_Receivable_DPT_Admin,11,11_ACC_Work_In_Process_DPT_Prod_B,0.0,-1.0
9,2020-10,1,01_ACC_Accounts_Receivable_DPT_Admin,12,12_ACC_Cash,0.0,-0.0
9,2020-10,1,01_ACC_Accounts_Receivable_DPT_Admin,13,13_ACC_Raw_Materials,0.0,-0.0
9,2020-10,1,01_ACC_Accounts_Receivable_DPT_Admin,14,14_ACC_Finished_Goods,0.0,-0.0
9,2020-10,1,01_ACC_Accounts_Receivable_DPT_Admin,15,15_ACC_Equity_Capital,0.0,-0.0
9,2020-10,2,02_ACC_COGS_DPT_Prod_A,0,00_ACC_Accounts_Payable_DPT_Admin,-6e-12,0.2054
9,2020-10,2,02_ACC_COGS_DPT_Prod_A,1,01_ACC_Accounts_Receivable_DPT_Admin,4.2e-11,-0.9989
9,2020-10,2,02_ACC_COGS_DPT_Prod_A,2,02_ACC_COGS_DPT_Prod_A,1.4e-11,1.0
9,2020-10,2,02_ACC_COGS_DPT_Prod_A,3,03_ACC_COGS_DPT_Prod_B,7e-12,-0.9996
9,2020-10,2,02_ACC_COGS_DPT_Prod_A,4,04_ACC_Cash_DPT_Admin,-2e-12,0.0604
9,2020-10,2,02_ACC_COGS_DPT_Prod_A,5,05_ACC_Finished_Goods_DPT_Prod_A,-1e-11,0.9822
9,2020-10,2,02_ACC_COGS_DPT_Prod_A,6,06_ACC_Finished_Goods_DPT_Prod_B,-7e-12,0.807
9,2020-10,2,02_ACC_COGS_DPT_Prod_A,7,07_ACC_Mfg_Overhead_Exp_DPT_Mfg_Support,-1e-12,0.9097
9,2020-10,2,02_ACC_COGS_DPT_Prod_A,8,08_ACC_Raw_Materials_DPT_Ops,-7e-12,0.5682
9,2020-10,2,02_ACC_COGS_DPT_Prod_A,9,09_ACC_Sales_Revenue_DPT_Sales,-3.1e-11,0.9987
9,2020-10,2,02_ACC_COGS_DPT_Prod_A,10,10_ACC_Work_In_Process_DPT_Prod_A,-0.0,0.2524
9,2020-10,2,02_ACC_COGS_DPT_Prod_A,11,11_ACC_Work_In_Process_DPT_Prod_B,0.0,-0.9986
9,2020-10,2,02_ACC_COGS_DPT_Prod_A,12,12_ACC_Cash,0.0,-0.0
9,2020-10,2,02_ACC_COGS_DPT_Prod_A,13,13_ACC_Raw_Materials,0.0,-0.0
9,2020-10,2,02_ACC_COGS_DPT_Prod_A,14,14_ACC_Finished_Goods,0.0,-0.0
9,2020-10,2,02_ACC_COGS_DPT_Prod_A,15,15_ACC_Equity_Capital,0.0,-0.0
9,2020-10,3,03_ACC_COGS_DPT_Prod_B,0,00_ACC_Accounts_Payable_DPT_Admin,-3e-12,0.2325
9,2020-10,3,03_ACC_COGS_DPT_Prod_B,1,01_ACC_Accounts_Receivable_DPT_Admin,2.1e-11,-0.9972
9,2020-10,3,03_ACC_COGS_DPT_Prod_B,2,02_ACC_COGS_DPT_Prod_A,7e-12,-0.9996
9,2020-10,3,03_ACC_COGS_DPT_Prod_B,3,03_ACC_COGS_DPT_Prod_B,3e-12,1.0
9,2020-10,3,03_ACC_COGS_DPT_Prod_B,4,04_ACC_Cash_DPT_Admin,-0.0,0.0327
9,2020-10,3,03_ACC_COGS_DPT_Prod_B,5,05_ACC_Finished_Goods_DPT_Prod_A,-5e-12,0.9767
9,2020-10,3,03_ACC_COGS_DPT_Prod_B,6,06_ACC_Finished_Goods_DPT_Prod_B,-3e-12,0.8231
9,2020-10,3,03_ACC_COGS_DPT_Prod_B,7,07_ACC_Mfg_Overhead_Exp_DPT_Mfg_Support,-0.0,0.9209
9,2020-10,3,03_ACC_COGS_DPT_Prod_B,8,08_ACC_Raw_Materials_DPT_Ops,-3e-12,0.5451
9,2020-10,3,03_ACC_COGS_DPT_Prod_B,9,09_ACC_Sales_Revenue_DPT_Sales,-1.5e-11,0.9997
9,2020-10,3,03_ACC_COGS_DPT_Prod_B,10,10_ACC_Work_In_Process_DPT_Prod_A,-0.0,0.2792
9,2020-10,3,03_ACC_COGS_DPT_Prod_B,11,11_ACC_Work_In_Process_DPT_Prod_B,0.0,-0.9967
9,2020-10,3,03_ACC_COGS_DPT_Prod_B,12,12_ACC_Cash,0.0,-0.0
9,2020-10,3,03_ACC_COGS_DPT_Prod_B,13,13_ACC_Raw_Materials,0.0,-0.0
9,2020-10,3,03_ACC_COGS_DPT_Prod_B,14,14_ACC_Finished_Goods,0.0,-0.0
9,2020-10,3,03_ACC_COGS_DPT_Prod_B,15,15_ACC_Equity_Capital,0.0,-0.0
9,2020-10,4,04_ACC_Cash_DPT_Admin,0,00_ACC_Accounts_Payable_DPT_Admin,-5.5e-11,0.9645
9,2020-10,4,04_ACC_Cash_DPT_Admin,1,01_ACC_Accounts_Receivable_DPT_Admin,-8e-12,0.1078
9,2020-10,4,04_ACC_Cash_DPT_Admin,2,02_ACC_COGS_DPT_Prod_A,-2e-12,0.0604
9,2020-10,4,04_ACC_Cash_DPT_Admin,3,03_ACC_COGS_DPT_Prod_B,-0.0,0.0327
9,2020-10,4,04_ACC_Cash_DPT_Admin,4,04_ACC_Cash_DPT_Admin,5e-11,1.0
9,2020-10,4,04_ACC_Cash_DPT_Admin,5,05_ACC_Finished_Goods_DPT_Prod_A,5e-12,-0.2466
9,2020-10,4,04_ACC_Cash_DPT_Admin,6,06_ACC_Finished_Goods_DPT_Prod_B,-8e-12,0.5407
9,2020-10,4,04_ACC_Cash_DPT_Admin,7,07_ACC_Mfg_Overhead_Exp_DPT_Mfg_Support,-1e-12,0.3595
9,2020-10,4,04_ACC_Cash_DPT_Admin,8,08_ACC_Raw_Materials_DPT_Ops,2e-11,-0.8557
9,2020-10,4,04_ACC_Cash_DPT_Admin,9,09_ACC_Sales_Revenue_DPT_Sales,1e-12,-0.0095
9,2020-10,4,04_ACC_Cash_DPT_Admin,10,10_ACC_Work_In_Process_DPT_Prod_A,-0.0,0.9506
9,2020-10,4,04_ACC_Cash_DPT_Admin,11,11_ACC_Work_In_Process_DPT_Prod_B,-0.0,0.1133
9,2020-10,4,04_ACC_Cash_DPT_Admin,12,12_ACC_Cash,0.0,-0.0
9,2020-10,4,04_ACC_Cash_DPT_Admin,13,13_ACC_Raw_Materials,0.0,-0.0
9,2020-10,4,04_ACC_Cash_DPT_Admin,14,14_ACC_Finished_Goods,0.0,-0.0
9,2020-10,4,04_ACC_Cash_DPT_Admin,15,15_ACC_Equity_Capital,0.0,-0.0
9,2020-10,5,05_ACC_Finished_Goods_DPT_Prod_A,0,00_ACC_Accounts_Payable_DPT_Admin,0.0,-0.0181
9,2020-10,5,05_ACC_Finished_Goods_DPT_Prod_A,1,01_ACC_Accounts_Receivable_DPT_Admin,-3.1e-11,0.9901
9,2020-10,5,05_ACC_Finished_Goods_DPT_Prod_A,2,02_ACC_COGS_DPT_Prod_A,-1e-11,0.9822
9,2020-10,5,05_ACC_Finished_Goods_DPT_Prod_A,3,03_ACC_COGS_DPT_Prod_B,-5e-12,0.9767
9,2020-10,5,05_ACC_Finished_Goods_DPT_Prod_A,4,04_ACC_Cash_DPT_Admin,5e-12,-0.2466
9,2020-10,5,05_ACC_Finished_Goods_DPT_Prod_A,5,05_ACC_Finished_Goods_DPT_Prod_A,8e-12,1.0
9,2020-10,5,05_ACC_Finished_Goods_DPT_Prod_A,6,06_ACC_Finished_Goods_DPT_Prod_B,4e-12,-0.6819
9,2020-10,5,05_ACC_Finished_Goods_DPT_Prod_A,7,07_ACC_Mfg_Overhead_Exp_DPT_Mfg_Support,1e-12,-0.8156
9,2020-10,5,05_ACC_Finished_Goods_DPT_Prod_A,8,08_ACC_Raw_Materials_DPT_Ops,7e-12,-0.7125
9,2020-10,5,05_ACC_Finished_Goods_DPT_Prod_A,9,09_ACC_Sales_Revenue_DPT_Sales,2.2e-11,-0.9714
9,2020-10,5,05_ACC_Finished_Goods_DPT_Prod_A,10,10_ACC_Work_In_Process_DPT_Prod_A,0.0,-0.0664
9,2020-10,5,05_ACC_Finished_Goods_DPT_Prod_A,11,11_ACC_Work_In_Process_DPT_Prod_B,-0.0,0.9908
9,2020-10,5,05_ACC_Finished_Goods_DPT_Prod_A,12,12_ACC_Cash,0.0,-0.0
9,2020-10,5,05_ACC_Finished_Goods_DPT_Prod_A,13,13_ACC_Raw_Materials,0.0,-0.0
9,2020-10,5,05_ACC_Finished_Goods_DPT_Prod_A,14,14_ACC_Finished_Goods,0.0,-0.0
9,2020-10,5,05_ACC_Finished_Goods_DPT_Prod_A,15,15_ACC_Equity_Capital,0.0,-0.0
9,2020-10,6,06_ACC_Finished_Goods_DPT_Prod_B,0,00_ACC_Accounts_Payable_DPT_Admin,1.3e-11,-0.7437
9,2020-10,6,06_ACC_Finished_Goods_DPT_Prod_B,1,01_ACC_Accounts_Receivable_DPT_Admin,-1.9e-11,0.778
9,2020-10,6,06_ACC_Finished_Goods_DPT_Prod_B,2,02_ACC_COGS_DPT_Prod_A,-7e-12,0.807
9,2020-10,6,06_ACC_Finished_Goods_DPT_Prod_B,3,03_ACC_COGS_DPT_Prod_B,-3e-12,0.8231
9,2020-10,6,06_ACC_Finished_Goods_DPT_Prod_B,4,04_ACC_Cash_DPT_Admin,-8e-12,0.5407
9,2020-10,6,06_ACC_Finished_Goods_DPT_Prod_B,5,05_ACC_Finished_Goods_DPT_Prod_A,4e-12,-0.6819
9,2020-10,6,06_ACC_Finished_Goods_DPT_Prod_B,6,06_ACC_Finished_Goods_DPT_Prod_B,5e-12,1.0
9,2020-10,6,06_ACC_Finished_Goods_DPT_Prod_B,7,07_ACC_Mfg_Overhead_Exp_DPT_Mfg_Support,1e-12,-0.9794
9,2020-10,6,06_ACC_Finished_Goods_DPT_Prod_B,8,08_ACC_Raw_Materials_DPT_Ops,-0.0,0.0274
9,2020-10,6,06_ACC_Finished_Goods_DPT_Prod_B,9,09_ACC_Sales_Revenue_DPT_Sales,1.5e-11,-0.836
9,2020-10,6,06_ACC_Finished_Goods_DPT_Prod_B,10,10_ACC_Work_In_Process_DPT_Prod_A,0.0,-0.7751
9,2020-10,6,06_ACC_Finished_Goods_DPT_Prod_B,11,11_ACC_Work_In_Process_DPT_Prod_B,-0.0,0.7746
9,2020-10,6,06_ACC_Finished_Goods_DPT_Prod_B,12,12_ACC_Cash,0.0,-0.0
9,2020-10,6,06_ACC_Finished_Goods_DPT_Prod_B,13,13_ACC_Raw_Materials,0.0,-0.0
9,2020-10,6,06_ACC_Finished_Goods_DPT_Prod_B,14,14_ACC_Finished_Goods,0.0,-0.0
9,2020-10,6,06_ACC_Finished_Goods_DPT_Prod_B,15,15_ACC_Equity_Capital,0.0,-0.0
9,2020-10,7,07_ACC_Mfg_Overhead_Exp_DPT_Mfg_Support,0,00_ACC_Accounts_Payable_DPT_Admin,1e-12,-0.5932
9,2020-10,7,07_ACC_Mfg_Overhead_Exp_DPT_Mfg_Support,1,01_ACC_Accounts_Receivable_DPT_Admin,-3e-12,0.8889
9,2020-10,7,07_ACC_Mfg_Overhead_Exp_DPT_Mfg_Support,2,02_ACC_COGS_DPT_Prod_A,-1e-12,0.9097
9,2020-10,7,07_ACC_Mfg_Overhead_Exp_DPT_Mfg_Support,3,03_ACC_COGS_DPT_Prod_B,-0.0,0.9209
9,2020-10,7,07_ACC_Mfg_Overhead_Exp_DPT_Mfg_Support,4,04_ACC_Cash_DPT_Admin,-1e-12,0.3595
9,2020-10,7,07_ACC_Mfg_Overhead_Exp_DPT_Mfg_Support,5,05_ACC_Finished_Goods_DPT_Prod_A,1e-12,-0.8156
9,2020-10,7,07_ACC_Mfg_Overhead_Exp_DPT_Mfg_Support,6,06_ACC_Finished_Goods_DPT_Prod_B,1e-12,-0.9794
9,2020-10,7,07_ACC_Mfg_Overhead_Exp_DPT_Mfg_Support,7,07_ACC_Mfg_Overhead_Exp_DPT_Mfg_Support,0.0,1.0
9,2020-10,7,07_ACC_Mfg_Overhead_Exp_DPT_Mfg_Support,8,08_ACC_Raw_Materials_DPT_Ops,0.0,-0.1752
9,2020-10,7,07_ACC_Mfg_Overhead_Exp_DPT_Mfg_Support,9,09_ACC_Sales_Revenue_DPT_Sales,2e-12,-0.9297
9,2020-10,7,07_ACC_Mfg_Overhead_Exp_DPT_Mfg_Support,10,10_ACC_Work_In_Process_DPT_Prod_A,0.0,-0.6314
9,2020-10,7,07_ACC_Mfg_Overhead_Exp_DPT_Mfg_Support,11,11_ACC_Work_In_Process_DPT_Prod_B,-0.0,0.8864
9,2020-10,7,07_ACC_Mfg_Overhead_Exp_DPT_Mfg_Support,12,12_ACC_Cash,0.0,-0.0
9,2020-10,7,07_ACC_Mfg_Overhead_Exp_DPT_Mfg_Support,13,13_ACC_Raw_Materials,0.0,-0.0
9,2020-10,7,07_ACC_Mfg_Overhead_Exp_DPT_Mfg_Support,14,14_ACC_Finished_Goods,0.0,-0.0
9,2020-10,7,07_ACC_Mfg_Overhead_Exp_DPT_Mfg_Support,15,15_ACC_Equity_Capital,0.0,-0.0
9,2020-10,8,08_ACC_Raw_Materials_DPT_Ops,0,00_ACC_Accounts_Payable_DPT_Admin,-1.9e-11,0.6887
9,2020-10,8,08_ACC_Raw_Materials_DPT_Ops,1,01_ACC_Accounts_Receivable_DPT_Admin,-2.2e-11,0.6067
9,2020-10,8,08_ACC_Raw_Materials_DPT_Ops,2,02_ACC_COGS_DPT_Prod_A,-7e-12,0.5682
9,2020-10,8,08_ACC_Raw_Materials_DPT_Ops,3,03_ACC_COGS_DPT_Prod_B,-3e-12,0.5451
9,2020-10,8,08_ACC_Raw_Materials_DPT_Ops,4,04_ACC_Cash_DPT_Admin,2e-11,-0.8557
9,2020-10,8,08_ACC_Raw_Materials_DPT_Ops,5,05_ACC_Finished_Goods_DPT_Prod_A,7e-12,-0.7125
9,2020-10,8,08_ACC_Raw_Materials_DPT_Ops,6,06_ACC_Finished_Goods_DPT_Prod_B,-0.0,0.0274
9,2020-10,8,08_ACC_Raw_Materials_DPT_Ops,7,07_ACC_Mfg_Overhead_Exp_DPT_Mfg_Support,0.0,-0.1752
9,2020-10,8,08_ACC_Raw_Materials_DPT_Ops,8,08_ACC_Raw_Materials_DPT_Ops,1.1e-11,1.0
9,2020-10,8,08_ACC_Raw_Materials_DPT_Ops,9,09_ACC_Sales_Revenue_DPT_Sales,1.4e-11,-0.5255
9,2020-10,8,08_ACC_Raw_Materials_DPT_Ops,10,10_ACC_Work_In_Process_DPT_Prod_A,-0.0,0.6529
9,2020-10,8,08_ACC_Raw_Materials_DPT_Ops,11,11_ACC_Work_In_Process_DPT_Prod_B,-0.0,0.611
9,2020-10,8,08_ACC_Raw_Materials_DPT_Ops,12,12_ACC_Cash,0.0,-0.0
9,2020-10,8,08_ACC_Raw_Materials_DPT_Ops,13,13_ACC_Raw_Materials,0.0,-0.0
9,2020-10,8,08_ACC_Raw_Materials_DPT_Ops,14,14_ACC_Finished_Goods,0.0,-0.0
9,2020-10,8,08_ACC_Raw_Materials_DPT_Ops,15,15_ACC_Equity_Capital,0.0,-0.0
9,2020-10,9,09_ACC_Sales_Revenue_DPT_Sales,0,00_ACC_Accounts_Payable_DPT_Admin,1.7e-11,-0.255
9,2020-10,9,09_ACC_Sales_Revenue_DPT_Sales,1,01_ACC_Accounts_Receivable_DPT_Admin,-9e-11,0.9951
9,2020-10,9,09_ACC_Sales_Revenue_DPT_Sales,2,02_ACC_COGS_DPT_Prod_A,-3.1e-11,0.9987
9,2020-10,9,09_ACC_Sales_Revenue_DPT_Sales,3,03_ACC_COGS_DPT_Prod_B,-1.5e-11,0.9997
9,2020-10,9,09_ACC_Sales_Revenue_DPT_Sales,4,04_ACC_Cash_DPT_Admin,1e-12,-0.0095
9,2020-10,9,09_ACC_Sales_Revenue_DPT_Sales,5,05_ACC_Finished_Goods_DPT_Prod_A,2.2e-11,-0.9714
9,2020-10,9,09_ACC_Sales_Revenue_DPT_Sales,6,06_ACC_Finished_Goods_DPT_Prod_B,1.5e-11,-0.836
9,2020-10,9,09_ACC_Sales_Revenue_DPT_Sales,7,07_ACC_Mfg_Overhead_Exp_DPT_Mfg_Support,2e-12,-0.9297
9,2020-10,9,09_ACC_Sales_Revenue_DPT_Sales,8,08_ACC_Raw_Materials_DPT_Ops,1.4e-11,-0.5255
9,2020-10,9,09_ACC_Sales_Revenue_DPT_Sales,9,09_ACC_Sales_Revenue_DPT_Sales,6.5e-11,1.0
9,2020-10,9,09_ACC_Sales_Revenue_DPT_Sales,10,10_ACC_Work_In_Process_DPT_Prod_A,0.0,-0.3013
9,2020-10,9,09_ACC_Sales_Revenue_DPT_Sales,11,11_ACC_Work_In_Process_DPT_Prod_B,-0.0,0.9946
9,2020-10,9,09_ACC_Sales_Revenue_DPT_Sales,12,12_ACC_Cash,0.0,-0.0
9,2020-10,9,09_ACC_Sales_Revenue_DPT_Sales,13,13_ACC_Raw_Materials,0.0,-0.0
9,2020-10,9,09_ACC_Sales_Revenue_DPT_Sales,14,14_ACC_Finished_Goods,0.0,-0.0
9,2020-10,9,09_ACC_Sales_Revenue_DPT_Sales,15,15_ACC_Equity_Capital,0.0,-0.0
9,2020-10,10,10_ACC_Work_In_Process_DPT_Prod_A,0,00_ACC_Accounts_Payable_DPT_Admin,0.0,-0.9988
9,2020-10,10,10_ACC_Work_In_Process_DPT_Prod_A,1,01_ACC_Accounts_Receivable_DPT_Admin,-0.0,0.2061
9,2020-10,10,10_ACC_Work_In_Process_DPT_Prod_A,2,02_ACC_COGS_DPT_Prod_A,-0.0,0.2524
9,2020-10,10,10_ACC_Work_In_Process_DPT_Prod_A,3,03_ACC_COGS_DPT_Prod_B,-0.0,0.2792
9,2020-10,10,10_ACC_Work_In_Process_DPT_Prod_A,4,04_ACC_Cash_DPT_Admin,-0.0,0.9506
9,2020-10,10,10_ACC_Work_In_Process_DPT_Prod_A,5,05_ACC_Finished_Goods_DPT_Prod_A,0.0,-0.0664
9,2020-10,10,10_ACC_Work_In_Process_DPT_Prod_A,6,06_ACC_Finished_Goods_DPT_Prod_B,0.0,-0.7751
9,2020-10,10,10_ACC_Work_In_Process_DPT_Prod_A,7,07_ACC_Mfg_Overhead_Exp_DPT_Mfg_Support,0.0,-0.6314
9,2020-10,10,10_ACC_Work_In_Process_DPT_Prod_A,8,08_ACC_Raw_Materials_DPT_Ops,-0.0,0.6529
9,2020-10,10,10_ACC_Work_In_Process_DPT_Prod_A,9,09_ACC_Sales_Revenue_DPT_Sales,0.0,-0.3013
9,2020-10,10,10_ACC_Work_In_Process_DPT_Prod_A,10,10_ACC_Work_In_Process_DPT_Prod_A,0.0,1.0
9,2020-10,10,10_ACC_Work_In_Process_DPT_Prod_A,11,11_ACC_Work_In_Process_DPT_Prod_B,-0.0,0.2007
9,2020-10,10,10_ACC_Work_In_Process_DPT_Prod_A,12,12_ACC_Cash,0.0,-0.0
9,2020-10,10,10_ACC_Work_In_Process_DPT_Prod_A,13,13_ACC_Raw_Materials,0.0,-0.0
9,2020-10,10,10_ACC_Work_In_Process_DPT_Prod_A,14,14_ACC_Finished_Goods,0.0,-0.0
9,2020-10,10,10_ACC_Work_In_Process_DPT_Prod_A,15,15_ACC_Equity_Capital,0.0,-0.0
9,2020-10,11,11_ACC_Work_In_Process_DPT_Prod_B,0,00_ACC_Accounts_Payable_DPT_Admin,-0.0,0.1532
9,2020-10,11,11_ACC_Work_In_Process_DPT_Prod_B,1,01_ACC_Accounts_Receivable_DPT_Admin,0.0,-1.0
9,2020-10,11,11_ACC_Work_In_Process_DPT_Prod_B,2,02_ACC_COGS_DPT_Prod_A,0.0,-0.9986
9,2020-10,11,11_ACC_Work_In_Process_DPT_Prod_B,3,03_ACC_COGS_DPT_Prod_B,0.0,-0.9967
9,2020-10,11,11_ACC_Work_In_Process_DPT_Prod_B,4,04_ACC_Cash_DPT_Admin,-0.0,0.1133
9,2020-10,11,11_ACC_Work_In_Process_DPT_Prod_B,5,05_ACC_Finished_Goods_DPT_Prod_A,-0.0,0.9908
9,2020-10,11,11_ACC_Work_In_Process_DPT_Prod_B,6,06_ACC_Finished_Goods_DPT_Prod_B,-0.0,0.7746
9,2020-10,11,11_ACC_Work_In_Process_DPT_Prod_B,7,07_ACC_Mfg_Overhead_Exp_DPT_Mfg_Support,-0.0,0.8864
9,2020-10,11,11_ACC_Work_In_Process_DPT_Prod_B,8,08_ACC_Raw_Materials_DPT_Ops,-0.0,0.611
9,2020-10,11,11_ACC_Work_In_Process_DPT_Prod_B,9,09_ACC_Sales_Revenue_DPT_Sales,-0.0,0.9946
9,2020-10,11,11_ACC_Work_In_Process_DPT_Prod_B,10,10_ACC_Work_In_Process_DPT_Prod_A,-0.0,0.2007
9,2020-10,11,11_ACC_Work_In_Process_DPT_Prod_B,11,11_ACC_Work_In_Process_DPT_Prod_B,0.0,1.0
9,2020-10,11,11_ACC_Work_In_Process_DPT_Prod_B,12,12_ACC_Cash,0.0,-0.0
9,2020-10,11,11_ACC_Work_In_Process_DPT_Prod_B,13,13_ACC_Raw_Materials,0.0,-0.0
9,2020-10,11,11_ACC_Work_In_Process_DPT_Prod_B,14,14_ACC_Finished_Goods,0.0,-0.0
9,2020-10,11,11_ACC_Work_In_Process_DPT_Prod_B,15,15_ACC_Equity_Capital,0.0,-0.0
9,2020-10,12,12_ACC_Cash,0,00_ACC_Accounts_Payable_DPT_Admin,0.0,-0.0
9,2020-10,12,12_ACC_Cash,1,01_ACC_Accounts_Receivable_DPT_Admin,0.0,-0.0
9,2020-10,12,12_ACC_Cash,2,02_ACC_COGS_DPT_Prod_A,0.0,-0.0
9,2020-10,12,12_ACC_Cash,3,03_ACC_COGS_DPT_Prod_B,0.0,-0.0
9,2020-10,12,12_ACC_Cash,4,04_ACC_Cash_DPT_Admin,0.0,-0.0
9,2020-10,12,12_ACC_Cash,5,05_ACC_Finished_Goods_DPT_Prod_A,0.0,-0.0
9,2020-10,12,12_ACC_Cash,6,06_ACC_Finished_Goods_DPT_Prod_B,0.0,-0.0
9,2020-10,12,12_ACC_Cash,7,07_ACC_Mfg_Overhead_Exp_DPT_Mfg_Support,0.0,-0.0
9,2020-10,12,12_ACC_Cash,8,08_ACC_Raw_Materials_DPT_Ops,0.0,-0.0
9,2020-10,12,12_ACC_Cash,9,09_ACC_Sales_Revenue_DPT_Sales,0.0,-0.0
9,2020-10,12,12_ACC_Cash,10,10_ACC_Work_In_Process_DPT_Prod_A,0.0,-0.0
9,2020-10,12,12_ACC_Cash,11,11_ACC_Work_In_Process_DPT_Prod_B,0.0,-0.0
9,2020-10,12,12_ACC_Cash,12,12_ACC_Cash,0.0,1.0
9,2020-10,12,12_ACC_Cash,13,13_ACC_Raw_Materials,0.0,-0.0
9,2020-10,12,12_ACC_Cash,14,14_ACC_Finished_Goods,0.0,-0.0
9,2020-10,12,12_ACC_Cash,15,15_ACC_Equity_Capital,0.0,-0.0
9,2020-10,13,13_ACC_Raw_Materials,0,00_ACC_Accounts_Payable_DPT_Admin,0.0,-0.0
9,2020-10,13,13_ACC_Raw_Materials,1,01_ACC_Accounts_Receivable_DPT_Admin,0.0,-0.0
9,2020-10,13,13_ACC_Raw_Materials,2,02_ACC_COGS_DPT_Prod_A,0.0,-0.0
9,2020-10,13,13_ACC_Raw_Materials,3,03_ACC_COGS_DPT_Prod_B,0.0,-0.0
9,2020-10,13,13_ACC_Raw_Materials,4,04_ACC_Cash_DPT_Admin,0.0,-0.0
9,2020-10,13,13_ACC_Raw_Materials,5,05_ACC_Finished_Goods_DPT_Prod_A,0.0,-0.0
9,2020-10,13,13_ACC_Raw_Materials,6,06_ACC_Finished_Goods_DPT_Prod_B,0.0,-0.0
9,2020-10,13,13_ACC_Raw_Materials,7,07_ACC_Mfg_Overhead_Exp_DPT_Mfg_Support,0.0,-0.0
9,2020-10,13,13_ACC_Raw_Materials,8,08_ACC_Raw_Materials_DPT_Ops,0.0,-0.0
9,2020-10,13,13_ACC_Raw_Materials,9,09_ACC_Sales_Revenue_DPT_Sales,0.0,-0.0
9,2020-10,13,13_ACC_Raw_Materials,10,10_ACC_Work_In_Process_DPT_Prod_A,0.0,-0.0
9,2020-10,13,13_ACC_Raw_Materials,11,11_ACC_Work_In_Process_DPT_Prod_B,0.0,-0.0
9,2020-10,13,13_ACC_Raw_Materials,12,12_ACC_Cash,0.0,-0.0
9,2020-10,13,13_ACC_Raw_Materials,13,13_ACC_Raw_Materials,0.0,1.0
9,2020-10,13,13_ACC_Raw_Materials,14,14_ACC_Finished_Goods,0.0,-0.0
9,2020-10,13,13_ACC_Raw_Materials,15,15_ACC_Equity_Capital,0.0,-0.0
9,2020-10,14,14_ACC_Finished_Goods,0,00_ACC_Accounts_Payable_DPT_Admin,0.0,-0.0
9,2020-10,14,14_ACC_Finished_Goods,1,01_ACC_Accounts_Receivable_DPT_Admin,0.0,-0.0
9,2020-10,14,14_ACC_Finished_Goods,2,02_ACC_COGS_DPT_Prod_A,0.0,-0.0
9,2020-10,14,14_ACC_Finished_Goods,3,03_ACC_COGS_DPT_Prod_B,0.0,-0.0
9,2020-10,14,14_ACC_Finished_Goods,4,04_ACC_Cash_DPT_Admin,0.0,-0.0
9,2020-10,14,14_ACC_Finished_Goods,5,05_ACC_Finished_Goods_DPT_Prod_A,0.0,-0.0
9,2020-10,14,14_ACC_Finished_Goods,6,06_ACC_Finished_Goods_DPT_Prod_B,0.0,-0.0
9,2020-10,14,14_ACC_Finished_Goods,7,07_ACC_Mfg_Overhead_Exp_DPT_Mfg_Support,0.0,-0.0
9,2020-10,14,14_ACC_Finished_Goods,8,08_ACC_Raw_Materials_DPT_Ops,0.0,-0.0
9,2020-10,14,14_ACC_Finished_Goods,9,09_ACC_Sales_Revenue_DPT_Sales,0.0,-0.0
9,2020-10,14,14_ACC_Finished_Goods,10,10_ACC_Work_In_Process_DPT_Prod_A,0.0,-0.0
9,2020-10,14,14_ACC_Finished_Goods,11,11_ACC_Work_In_Process_DPT_Prod_B,0.0,-0.0
9,2020-10,14,14_ACC_Finished_Goods,12,12_ACC_Cash,0.0,-0.0
9,2020-10,14,14_ACC_Finished_Goods,13,13_ACC_Raw_Materials,0.0,-0.0
9,2020-10,14,14_ACC_Finished_Goods,14,14_ACC_Finished_Goods,0.0,1.0
9,2020-10,14,14_ACC_Finished_Goods,15,15_ACC_Equity_Capital,0.0,-0.0
9,2020-10,15,15_ACC_Equity_Capital,0,00_ACC_Accounts_Payable_DPT_Admin,0.0,-0.0
9,2020-10,15,15_ACC_Equity_Capital,1,01_ACC_Accounts_Receivable_DPT_Admin,0.0,-0.0
9,2020-10,15,15_ACC_Equity_Capital,2,02_ACC_COGS_DPT_Prod_A,0.0,-0.0
9,2020-10,15,15_ACC_Equity_Capital,3,03_ACC_COGS_DPT_Prod_B,0.0,-0.0
9,2020-10,15,15_ACC_Equity_Capital,4,04_ACC_Cash_DPT_Admin,0.0,-0.0
9,2020-10,15,15_ACC_Equity_Capital,5,05_ACC_Finished_Goods_DPT_Prod_A,0.0,-0.0
9,2020-10,15,15_ACC_Equity_Capital,6,06_ACC_Finished_Goods_DPT_Prod_B,0.0,-0.0
9,2020-10,15,15_ACC_Equity_Capital,7,07_ACC_Mfg_Overhead_Exp_DPT_Mfg_Support,0.0,-0.0
9,2020-10,15,15_ACC_Equity_Capital,8,08_ACC_Raw_Materials_DPT_Ops,0.0,-0.0
9,2020-10,15,15_ACC_Equity_Capital,9,09_ACC_Sales_Revenue_DPT_Sales,0.0,-0.0
9,2020-10,15,15_ACC_Equity_Capital,10,10_ACC_Work_In_Process_DPT_Prod_A,0.0,-0.0
9,2020-10,15,15_ACC_Equity_Capital,11,11_ACC_Work_In_Process_DPT_Prod_B,0.0,-0.0
9,2020-10,15,15_ACC_Equity_Capital,12,12_ACC_Cash,0.0,-0.0
9,2020-10,15,15_ACC_Equity_Capital,13,13_ACC_Raw_Materials,0.0,-0.0
9,2020-10,15,15_ACC_Equity_Capital,14,14_ACC_Finished_Goods,0.0,-0.0
9,2020-10,15,15_ACC_Equity_Capital,15,15_ACC_Equity_Capital,0.0,1.0
10,2020-11,0,00_ACC_Accounts_Payable_DPT_Admin,0,00_ACC_Accounts_Payable_DPT_Admin,7.5e-11,1.0
10,2020-11,0,00_ACC_Accounts_Payable_DPT_Admin,1,01_ACC_Accounts_Receivable_DPT_Admin,-4.2e-11,0.3802
10,2020-11,0,00_ACC_Accounts_Payable_DPT_Admin,2,02_ACC_COGS_DPT_Prod_A,-5e-12,0.5502
10,2020-11,0,00_ACC_Accounts_Payable_DPT_Admin,3,03_ACC_COGS_DPT_Prod_B,-3e-12,0.5775
10,2020-11,0,00_ACC_Accounts_Payable_DPT_Admin,4,04_ACC_Cash_DPT_Admin,-3.6e-11,0.4498
10,2020-11,0,00_ACC_Accounts_Payable_DPT_Admin,5,05_ACC_Finished_Goods_DPT_Prod_A,7e-12,-0.262
10,2020-11,0,00_ACC_Accounts_Payable_DPT_Admin,6,06_ACC_Finished_Goods_DPT_Prod_B,1.1e-11,-0.8917
10,2020-11,0,00_ACC_Accounts_Payable_DPT_Admin,7,07_ACC_Mfg_Overhead_Exp_DPT_Mfg_Support,2e-12,-0.6137
10,2020-11,0,00_ACC_Accounts_Payable_DPT_Admin,8,08_ACC_Raw_Materials_DPT_Ops,-2.1e-11,0.9458
10,2020-11,0,00_ACC_Accounts_Payable_DPT_Admin,9,09_ACC_Sales_Revenue_DPT_Sales,1.2e-11,-0.7353
10,2020-11,0,00_ACC_Accounts_Payable_DPT_Admin,10,10_ACC_Work_In_Process_DPT_Prod_A,0.0,-0.7569
10,2020-11,0,00_ACC_Accounts_Payable_DPT_Admin,11,11_ACC_Work_In_Process_DPT_Prod_B,0.0,-0.0
10,2020-11,0,00_ACC_Accounts_Payable_DPT_Admin,12,12_ACC_Cash,0.0,-0.0
10,2020-11,0,00_ACC_Accounts_Payable_DPT_Admin,13,13_ACC_Raw_Materials,0.0,-0.0
10,2020-11,0,00_ACC_Accounts_Payable_DPT_Admin,14,14_ACC_Finished_Goods,0.0,-0.0
10,2020-11,0,00_ACC_Accounts_Payable_DPT_Admin,15,15_ACC_Equity_Capital,0.0,-0.0
10,2020-11,1,01_ACC_Accounts_Receivable_DPT_Admin,0,00_ACC_Accounts_Payable_DPT_Admin,-4.2e-11,0.3802
10,2020-11,1,01_ACC_Accounts_Receivable_DPT_Admin,1,01_ACC_Accounts_Receivable_DPT_Admin,1.62e-10,1.0
10,2020-11,1,01_ACC_Accounts_Receivable_DPT_Admin,2,02_ACC_COGS_DPT_Prod_A,1.3e-11,-0.9815
10,2020-11,1,01_ACC_Accounts_Receivable_DPT_Admin,3,03_ACC_COGS_DPT_Prod_B,8e-12,-0.9747
10,2020-11,1,01_ACC_Accounts_Receivable_DPT_Admin,4,04_ACC_Cash_DPT_Admin,-7.7e-11,0.655
10,2020-11,1,01_ACC_Accounts_Receivable_DPT_Admin,5,05_ACC_Finished_Goods_DPT_Prod_A,-3.9e-11,0.9922
10,2020-11,1,01_ACC_Accounts_Receivable_DPT_Admin,6,06_ACC_Finished_Goods_DPT_Prod_B,1e-12,-0.0796
10,2020-11,1,01_ACC_Accounts_Receivable_DPT_Admin,7,07_ACC_Mfg_Overhead_Exp_DPT_Mfg_Support,-5e-12,0.9636
10,2020-11,1,01_ACC_Accounts_Receivable_DPT_Admin,8,08_ACC_Raw_Materials_DPT_Ops,2e-12,-0.0594
10,2020-11,1,01_ACC_Accounts_Receivable_DPT_Admin,9,09_ACC_Sales_Revenue_DPT_Sales,-2.3e-11,0.9064
10,2020-11,1,01_ACC_Accounts_Receivable_DPT_Admin,10,10_ACC_Work_In_Process_DPT_Prod_A,0.0,-0.3166
10,2020-11,1,01_ACC_Accounts_Receivable_DPT_Admin,11,11_ACC_Work_In_Process_DPT_Prod_B,0.0,-0.0
10,2020-11,1,01_ACC_Accounts_Receivable_DPT_Admin,12,12_ACC_Cash,0.0,-0.0
10,2020-11,1,01_ACC_Accounts_Receivable_DPT_Admin,13,13_ACC_Raw_Materials,0.0,-0.0
10,2020-11,1,01_ACC_Accounts_Receivable_DPT_Admin,14,14_ACC_Finished_Goods,0.0,-0.0
10,2020-11,1,01_ACC_Accounts_Receivable_DPT_Admin,15,15_ACC_Equity_Capital,0.0,-0.0
10,2020-11,2,02_ACC_COGS_DPT_Prod_A,0,00_ACC_Accounts_Payable_DPT_Admin,-5e-12,0.5502
10,2020-11,2,02_ACC_COGS_DPT_Prod_A,1,01_ACC_Accounts_Receivable_DPT_Admin,1.3e-11,-0.9815
10,2020-11,2,02_ACC_COGS_DPT_Prod_A,2,02_ACC_COGS_DPT_Prod_A,1e-12,1.0
10,2020-11,2,02_ACC_COGS_DPT_Prod_A,3,03_ACC_COGS_DPT_Prod_B,1e-12,-0.9995
10,2020-11,2,02_ACC_COGS_DPT_Prod_A,4,04_ACC_Cash_DPT_Admin,-5e-12,0.4983
10,2020-11,2,02_ACC_COGS_DPT_Prod_A,5,05_ACC_Finished_Goods_DPT_Prod_A,-3e-12,0.95
10,2020-11,2,02_ACC_COGS_DPT_Prod_A,6,06_ACC_Finished_Goods_DPT_Prod_B,-0.0,0.1126
10,2020-11,2,02_ACC_COGS_DPT_Prod_A,7,07_ACC_Mfg_Overhead_Exp_DPT_Mfg_Support,-0.0,0.997
10,2020-11,2,02_ACC_COGS_DPT_Prod_A,8,08_ACC_Raw_Materials_DPT_Ops,1e-12,-0.2493
10,2020-11,2,02_ACC_COGS_DPT_Prod_A,9,09_ACC_Sales_Revenue_DPT_Sales,-2e-12,0.9705
10,2020-11,2,02_ACC_COGS_DPT_Prod_A,10,10_ACC_Work_In_Process_DPT_Prod_A,0.0,-0.1293
10,2020-11,2,02_ACC_COGS_DPT_Prod_A,11,11_ACC_Work_In_Process_DPT_Prod_B,0.0,-0.0
10,2020-11,2,02_ACC_COGS_DPT_Prod_A,12,12_ACC_Cash,0.0,-0.0
10,2020-11,2,02_ACC_COGS_DPT_Prod_A,13,13_ACC_Raw_Materials,0.0,-0.0
10,2020-11,2,02_ACC_COGS_DPT_Prod_A,14,14_ACC_Finished_Goods,0.0,-0.0
10,2020-11,2,02_ACC_COGS_DPT_Prod_A,15,15_ACC_Equity_Capital,0.0,-0.0
10,2020-11,3,03_ACC_COGS_DPT_Prod_B,0,00_ACC_Accounts_Payable_DPT_Admin,-3e-12,0.5775
10,2020-11,3,03_ACC_COGS_DPT_Prod_B,1,01_ACC_Accounts_Receivable_DPT_Admin,8e-12,-0.9747
10,2020-11,3,03_ACC_COGS_DPT_Prod_B,2,02_ACC_COGS_DPT_Prod_A,1e-12,-0.9995
10,2020-11,3,03_ACC_COGS_DPT_Prod_B,3,03_ACC_COGS_DPT_Prod_B,0.0,1.0
10,2020-11,3,03_ACC_COGS_DPT_Prod_B,4,04_ACC_Cash_DPT_Admin,-3e-12,0.4694
10,2020-11,3,03_ACC_COGS_DPT_Prod_B,5,05_ACC_Finished_Goods_DPT_Prod_A,-2e-12,0.9392
10,2020-11,3,03_ACC_COGS_DPT_Prod_B,6,06_ACC_Finished_Goods_DPT_Prod_B,-0.0,0.1454
10,2020-11,3,03_ACC_COGS_DPT_Prod_B,7,07_ACC_Mfg_Overhead_Exp_DPT_Mfg_Support,-0.0,0.999
10,2020-11,3,03_ACC_COGS_DPT_Prod_B,8,08_ACC_Raw_Materials_DPT_Ops,0.0,-0.2812
10,2020-11,3,03_ACC_COGS_DPT_Prod_B,9,09_ACC_Sales_Revenue_DPT_Sales,-1e-12,0.9779
10,2020-11,3,03_ACC_COGS_DPT_Prod_B,10,10_ACC_Work_In_Process_DPT_Prod_A,0.0,-0.0964
10,2020-11,3,03_ACC_COGS_DPT_Prod_B,11,11_ACC_Work_In_Process_DPT_Prod_B,0.0,-0.0
10,2020-11,3,03_ACC_COGS_DPT_Prod_B,12,12_ACC_Cash,0.0,-0.0
10,2020-11,3,03_ACC_COGS_DPT_Prod_B,13,13_ACC_Raw_Materials,0.0,-0.0
10,2020-11,3,03_ACC_COGS_DPT_Prod_B,14,14_ACC_Finished_Goods,0.0,-0.0
10,2020-11,3,03_ACC_COGS_DPT_Prod_B,15,15_ACC_Equity_Capital,0.0,-0.0
10,2020-11,4,04_ACC_Cash_DPT_Admin,0,00_ACC_Accounts_Payable_DPT_Admin,-3.6e-11,0.4498
10,2020-11,4,04_ACC_Cash_DPT_Admin,1,01_ACC_Accounts_Receivable_DPT_Admin,-7.7e-11,0.655
10,2020-11,4,04_ACC_Cash_DPT_Admin,2,02_ACC_COGS_DPT_Prod_A,-5e-12,0.4983
10,2020-11,4,04_ACC_Cash_DPT_Admin,3,03_ACC_COGS_DPT_Prod_B,-3e-12,0.4694
10,2020-11,4,04_ACC_Cash_DPT_Admin,4,04_ACC_Cash_DPT_Admin,8.6e-11,1.0
10,2020-11,4,04_ACC_Cash_DPT_Admin,5,05_ACC_Finished_Goods_DPT_Prod_A,2.1e-11,-0.7441
10,2020-11,4,04_ACC_Cash_DPT_Admin,6,06_ACC_Finished_Goods_DPT_Prod_B,-1e-11,0.8054
10,2020-11,4,04_ACC_Cash_DPT_Admin,7,07_ACC_Mfg_Overhead_Exp_DPT_Mfg_Support,2e-12,-0.4292
10,2020-11,4,04_ACC_Cash_DPT_Admin,8,08_ACC_Raw_Materials_DPT_Ops,1.7e-11,-0.7154
10,2020-11,4,04_ACC_Cash_DPT_Admin,9,09_ACC_Sales_Revenue_DPT_Sales,5e-12,-0.2746
10,2020-11,4,04_ACC_Cash_DPT_Admin,10,10_ACC_Work_In_Process_DPT_Prod_A,-0.0,0.9241
10,2020-11,4,04_ACC_Cash_DPT_Admin,11,11_ACC_Work_In_Process_DPT_Prod_B,0.0,-0.0
10,2020-11,4,04_ACC_Cash_DPT_Admin,12,12_ACC_Cash,0.0,-0.0
10,2020-11,4,04_ACC_Cash_DPT_Admin,13,13_ACC_Raw_Materials,0.0,-0.0
10,2020-11,4,04_ACC_Cash_DPT_Admin,14,14_ACC_Finished_Goods,0.0,-0.0
10,2020-11,4,04_ACC_Cash_DPT_Admin,15,15_ACC_Equity_Capital,0.0,-0.0
10,2020-11,5,05_ACC_Finished_Goods_DPT_Prod_A,0,00_ACC_Accounts_Payable_DPT_Admin,7e-12,-0.262
10,2020-11,5,05_ACC_Finished_Goods_DPT_Prod_A,1,01_ACC_Accounts_Receivable_DPT_Admin,-3.9e-11,0.9922
10,2020-11,5,05_ACC_Finished_Goods_DPT_Prod_A,2,02_ACC_COGS_DPT_Prod_A,-3e-12,0.95
10,2020-11,5,05_ACC_Finished_Goods_DPT_Prod_A,3,03_ACC_COGS_DPT_Prod_B,-2e-12,0.9392
10,2020-11,5,05_ACC_Finished_Goods_DPT_Prod_A,4,04_ACC_Cash_DPT_Admin,2.1e-11,-0.7441
10,2020-11,5,05_ACC_Finished_Goods_DPT_Prod_A,5,05_ACC_Finished_Goods_DPT_Prod_A,1e-11,1.0
10,2020-11,5,05_ACC_Finished_Goods_DPT_Prod_A,6,06_ACC_Finished_Goods_DPT_Prod_B,-1e-12,0.2032
10,2020-11,5,05_ACC_Finished_Goods_DPT_Prod_A,7,07_ACC_Mfg_Overhead_Exp_DPT_Mfg_Support,1e-12,-0.9228
10,2020-11,5,05_ACC_Finished_Goods_DPT_Prod_A,8,08_ACC_Raw_Materials_DPT_Ops,1e-12,-0.0655
10,2020-11,5,05_ACC_Finished_Goods_DPT_Prod_A,9,09_ACC_Sales_Revenue_DPT_Sales,5e-12,-0.8467
10,2020-11,5,05_ACC_Finished_Goods_DPT_Prod_A,10,10_ACC_Work_In_Process_DPT_Prod_A,-0.0,0.4324
10,2020-11,5,05_ACC_Finished_Goods_DPT_Prod_A,11,11_ACC_Work_In_Process_DPT_Prod_B,0.0,-0.0
10,2020-11,5,05_ACC_Finished_Goods_DPT_Prod_A,12,12_ACC_Cash,0.0,-0.0
10,2020-11,5,05_ACC_Finished_Goods_DPT_Prod_A,13,13_ACC_Raw_Materials,0.0,-0.0
10,2020-11,5,05_ACC_Finished_Goods_DPT_Prod_A,14,14_ACC_Finished_Goods,0.0,-0.0
10,2020-11,5,05_ACC_Finished_Goods_DPT_Prod_A,15,15_ACC_Equity_Capital,0.0,-0.0
10,2020-11,6,06_ACC_Finished_Goods_DPT_Prod_B,0,00_ACC_Accounts_Payable_DPT_Admin,1.1e-11,-0.8917
10,2020-11,6,06_ACC_Finished_Goods_DPT_Prod_B,1,01_ACC_Accounts_Receivable_DPT_Admin,1e-12,-0.0796
10,2020-11,6,06_ACC_Finished_Goods_DPT_Prod_B,2,02_ACC_COGS_DPT_Prod_A,-0.0,0.1126
10,2020-11,6,06_ACC_Finished_Goods_DPT_Prod_B,3,03_ACC_COGS_DPT_Prod_B,-0.0,0.1454
10,2020-11,6,06_ACC_Finished_Goods_DPT_Prod_B,4,04_ACC_Cash_DPT_Admin,-1e-11,0.8054
10,2020-11,6,06_ACC_Finished_Goods_DPT_Prod_B,5,05_ACC_Finished_Goods_DPT_Prod_A,-1e-12,0.2032
10,2020-11,6,06_ACC_Finished_Goods_DPT_Prod_B,6,06_ACC_Finished_Goods_DPT_Prod_B,2e-12,1.0
10,2020-11,6,06_ACC_Finished_Goods_DPT_Prod_B,7,07_ACC_Mfg_Overhead_Exp_DPT_Mfg_Support,0.0,-0.1898
10,2020-11,6,06_ACC_Finished_Goods_DPT_Prod_B,8,08_ACC_Raw_Materials_DPT_Ops,-4e-12,0.9903
10,2020-11,6,06_ACC_Finished_Goods_DPT_Prod_B,9,09_ACC_Sales_Revenue_DPT_Sales,1e-12,-0.3489
10,2020-11,6,06_ACC_Finished_Goods_DPT_Prod_B,10,10_ACC_Work_In_Process_DPT_Prod_A,0.0,-0.9708
10,2020-11,6,06_ACC_Finished_Goods_DPT_Prod_B,11,11_ACC_Work_In_Process_DPT_Prod_B,0.0,-0.0
10,2020-11,6,06_ACC_Finished_Goods_DPT_Prod_B,12,12_ACC_Cash,0.0,-0.0
10,2020-11,6,06_ACC_Finished_Goods_DPT_Prod_B,13,13_ACC_Raw_Materials,0.0,-0.0
10,2020-11,6,06_ACC_Finished_Goods_DPT_Prod_B,14,14_ACC_Finished_Goods,0.0,-0.0
10,2020-11,6,06_ACC_Finished_Goods_DPT_Prod_B,15,15_ACC_Equity_Capital,0.0,-0.0
10,2020-11,7,07_ACC_Mfg_Overhead_Exp_DPT_Mfg_Support,0,00_ACC_Accounts_Payable_DPT_Admin,2e-12,-0.6137
10,2020-11,7,07_ACC_Mfg_Overhead_Exp_DPT_Mfg_Support,1,01_ACC_Accounts_Receivable_DPT_Admin,-5e-12,0.9636
10,2020-11,7,07_ACC_Mfg_Overhead_Exp_DPT_Mfg_Support,2,02_ACC_COGS_DPT_Prod_A,-0.0,0.997
10,2020-11,7,07_ACC_Mfg_Overhead_Exp_DPT_Mfg_Support,3,03_ACC_COGS_DPT_Prod_B,-0.0,0.999
10,2020-11,7,07_ACC_Mfg_Overhead_Exp_DPT_Mfg_Support,4,04_ACC_Cash_DPT_Admin,2e-12,-0.4292
10,2020-11,7,07_ACC_Mfg_Overhead_Exp_DPT_Mfg_Support,5,05_ACC_Finished_Goods_DPT_Prod_A,1e-12,-0.9228
10,2020-11,7,07_ACC_Mfg_Overhead_Exp_DPT_Mfg_Support,6,06_ACC_Finished_Goods_DPT_Prod_B,0.0,-0.1898
10,2020-11,7,07_ACC_Mfg_Overhead_Exp_DPT_Mfg_Support,7,07_ACC_Mfg_Overhead_Exp_DPT_Mfg_Support,0.0,1.0
10,2020-11,7,07_ACC_Mfg_Overhead_Exp_DPT_Mfg_Support,8,08_ACC_Raw_Materials_DPT_Ops,-0.0,0.3241
10,2020-11,7,07_ACC_Mfg_Overhead_Exp_DPT_Mfg_Support,9,09_ACC_Sales_Revenue_DPT_Sales,1e-12,-0.9863
10,2020-11,7,07_ACC_Mfg_Overhead_Exp_DPT_Mfg_Support,10,10_ACC_Work_In_Process_DPT_Prod_A,-0.0,0.0515
10,2020-11,7,07_ACC_Mfg_Overhead_Exp_DPT_Mfg_Support,11,11_ACC_Work_In_Process_DPT_Prod_B,0.0,-0.0
10,2020-11,7,07_ACC_Mfg_Overhead_Exp_DPT_Mfg_Support,12,12_ACC_Cash,0.0,-0.0
10,2020-11,7,07_ACC_Mfg_Overhead_Exp_DPT_Mfg_Support,13,13_ACC_Raw_Materials,0.0,-0.0
10,2020-11,7,07_ACC_Mfg_Overhead_Exp_DPT_Mfg_Support,14,14_ACC_Finished_Goods,0.0,-0.0
10,2020-11,7,07_ACC_Mfg_Overhead_Exp_DPT_Mfg_Support,15,15_ACC_Equity_Capital,0.0,-0.0
10,2020-11,8,08_ACC_Raw_Materials_DPT_Ops,0,00_ACC_Accounts_Payable_DPT_Admin,-2.1e-11,0.9458
10,2020-11,8,08_ACC_Raw_Materials_DPT_Ops,1,01_ACC_Accounts_Receivable_DPT_Admin,2e-12,-0.0594
10,2020-11,8,08_ACC_Raw_Materials_DPT_Ops,2,02_ACC_COGS_DPT_Prod_A,1e-12,-0.2493
10,2020-11,8,08_ACC_Raw_Materials_DPT_Ops,3,03_ACC_COGS_DPT_Prod_B,0.0,-0.2812
10,2020-11,8,08_ACC_Raw_Materials_DPT_Ops,4,04_ACC_Cash_DPT_Admin,1.7e-11,-0.7154
10,2020-11,8,08_ACC_Raw_Materials_DPT_Ops,5,05_ACC_Finished_Goods_DPT_Prod_A,1e-12,-0.0655
10,2020-11,8,08_ACC_Raw_Materials_DPT_Ops,6,06_ACC_Finished_Goods_DPT_Prod_B,-4e-12,0.9903
10,2020-11,8,08_ACC_Raw_Materials_DPT_Ops,7,07_ACC_Mfg_Overhead_Exp_DPT_Mfg_Support,-0.0,0.3241
10,2020-11,8,08_ACC_Raw_Materials_DPT_Ops,8,08_ACC_Raw_Materials_DPT_Ops,7e-12,1.0
10,2020-11,8,08_ACC_Raw_Materials_DPT_Ops,9,09_ACC_Sales_Revenue_DPT_Sales,-2e-12,0.4755
10,2020-11,8,08_ACC_Raw_Materials_DPT_Ops,10,10_ACC_Work_In_Process_DPT_Prod_A,-0.0,0.9281
10,2020-11,8,08_ACC_Raw_Materials_DPT_Ops,11,11_ACC_Work_In_Process_DPT_Prod_B,0.0,-0.0
10,2020-11,8,08_ACC_Raw_Materials_DPT_Ops,12,12_ACC_Cash,0.0,-0.0
10,2020-11,8,08_ACC_Raw_Materials_DPT_Ops,13,13_ACC_Raw_Materials,0.0,-0.0
10,2020-11,8,08_ACC_Raw_Materials_DPT_Ops,14,14_ACC_Finished_Goods,0.0,-0.0
10,2020-11,8,08_ACC_Raw_Materials_DPT_Ops,15,15_ACC_Equity_Capital,0.0,-0.0
10,2020-11,9,09_ACC_Sales_Revenue_DPT_Sales,0,00_ACC_Accounts_Payable_DPT_Admin,1.2e-11,-0.7353
10,2020-11,9,09_ACC_Sales_Revenue_DPT_Sales,1,01_ACC_Accounts_Receivable_DPT_Admin,-2.3e-11,0.9064
10,2020-11,9,09_ACC_Sales_Revenue_DPT_Sales,2,02_ACC_COGS_DPT_Prod_A,-2e-12,0.9705
10,2020-11,9,09_ACC_Sales_Revenue_DPT_Sales,3,03_ACC_COGS_DPT_Prod_B,-1e-12,0.9779
10,2020-11,9,09_ACC_Sales_Revenue_DPT_Sales,4,04_ACC_Cash_DPT_Admin,5e-12,-0.2746
10,2020-11,9,09_ACC_Sales_Revenue_DPT_Sales,5,05_ACC_Finished_Goods_DPT_Prod_A,5e-12,-0.8467
10,2020-11,9,09_ACC_Sales_Revenue_DPT_Sales,6,06_ACC_Finished_Goods_DPT_Prod_B,1e-12,-0.3489
10,2020-11,9,09_ACC_Sales_Revenue_DPT_Sales,7,07_ACC_Mfg_Overhead_Exp_DPT_Mfg_Support,1e-12,-0.9863
10,2020-11,9,09_ACC_Sales_Revenue_DPT_Sales,8,08_ACC_Raw_Materials_DPT_Ops,-2e-12,0.4755
10,2020-11,9,09_ACC_Sales_Revenue_DPT_Sales,9,09_ACC_Sales_Revenue_DPT_Sales,4e-12,1.0
10,2020-11,9,09_ACC_Sales_Revenue_DPT_Sales,10,10_ACC_Work_In_Process_DPT_Prod_A,0.0,-0.1137
10,2020-11,9,09_ACC_Sales_Revenue_DPT_Sales,11,11_ACC_Work_In_Process_DPT_Prod_B,0.0,-0.0
10,2020-11,9,09_ACC_Sales_Revenue_DPT_Sales,12,12_ACC_Cash,0.0,-0.0
10,2020-11,9,09_ACC_Sales_Revenue_DPT_Sales,13,13_ACC_Raw_Materials,0.0,-0.0
10,2020-11,9,09_ACC_Sales_Revenue_DPT_Sales,14,14_ACC_Finished_Goods,0.0,-0.0
10,2020-11,9,09_ACC_Sales_Revenue_DPT_Sales,15,15_ACC_Equity_Capital,0.0,-0.0
10,2020-11,10,10_ACC_Work_In_Process_DPT_Prod_A,0,00_ACC_Accounts_Payable_DPT_Admin,0.0,-0.7569
10,2020-11,10,10_ACC_Work_In_Process_DPT_Prod_A,1,01_ACC_Accounts_Receivable_DPT_Admin,0.0,-0.3166
10,2020-11,10,10_ACC_Work_In_Process_DPT_Prod_A,2,02_ACC_COGS_DPT_Prod_A,0.0,-0.1293
10,2020-11,10,10_ACC_Work_In_Process_DPT_Prod_A,3,03_ACC_COGS_DPT_Prod_B,0.0,-0.0964
10,2020-11,10,10_ACC_Work_In_Process_DPT_Prod_A,4,04_ACC_Cash_DPT_Admin,-0.0,0.9241
10,2020-11,10,10_ACC_Work_In_Process_DPT_Prod_A,5,05_ACC_Finished_Goods_DPT_Prod_A,-0.0,0.4324
10,2020-11,10,10_ACC_Work_In_Process_DPT_Prod_A,6,06_ACC_Finished_Goods_DPT_Prod_B,0.0,-0.9708
10,2020-11,10,10_ACC_Work_In_Process_DPT_Prod_A,7,07_ACC_Mfg_Overhead_Exp_DPT_Mfg_Support,-0.0,0.0515
10,2020-11,10,10_ACC_Work_In_Process_DPT_Prod_A,8,08_ACC_Raw_Materials_DPT_Ops,-0.0,0.9281
10,2020-11,10,10_ACC_Work_In_Process_DPT_Prod_A,9,09_ACC_Sales_Revenue_DPT_Sales,0.0,-0.1137
10,2020-11,10,10_ACC_Work_In_Process_DPT_Prod_A,10,10_ACC_Work_In_Process_DPT_Prod_A,0.0,1.0
10,2020-11,10,10_ACC_Work_In_Process_DPT_Prod_A,11,11_ACC_Work_In_Process_DPT_Prod_B,0.0,-0.0
10,2020-11,10,10_ACC_Work_In_Process_DPT_Prod_A,12,12_ACC_Cash,0.0,-0.0
10,2020-11,10,10_ACC_Work_In_Process_DPT_Prod_A,13,13_ACC_Raw_Materials,0.0,-0.0
10,2020-11,10,10_ACC_Work_In_Process_DPT_Prod_A,14,14_ACC_Finished_Goods,0.0,-0.0
10,2020-11,10,10_ACC_Work_In_Process_DPT_Prod_A,15,15_ACC_Equity_Capital,0.0,-0.0
10,2020-11,11,11_ACC_Work_In_Process_DPT_Prod_B,0,00_ACC_Accounts_Payable_DPT_Admin,0.0,-0.0
10,2020-11,11,11_ACC_Work_In_Process_DPT_Prod_B,1,01_ACC_Accounts_Receivable_DPT_Admin,0.0,-0.0
10,2020-11,11,11_ACC_Work_In_Process_DPT_Prod_B,2,02_ACC_COGS_DPT_Prod_A,0.0,-0.0
10,2020-11,11,11_ACC_Work_In_Process_DPT_Prod_B,3,03_ACC_COGS_DPT_Prod_B,0.0,-0.0
10,2020-11,11,11_ACC_Work_In_Process_DPT_Prod_B,4,04_ACC_Cash_DPT_Admin,0.0,-0.0
10,2020-11,11,11_ACC_Work_In_Process_DPT_Prod_B,5,05_ACC_Finished_Goods_DPT_Prod_A,0.0,-0.0
10,2020-11,11,11_ACC_Work_In_Process_DPT_Prod_B,6,06_ACC_Finished_Goods_DPT_Prod_B,0.0,-0.0
10,2020-11,11,11_ACC_Work_In_Process_DPT_Prod_B,7,07_ACC_Mfg_Overhead_Exp_DPT_Mfg_Support,0.0,-0.0
10,2020-11,11,11_ACC_Work_In_Process_DPT_Prod_B,8,08_ACC_Raw_Materials_DPT_Ops,0.0,-0.0
10,2020-11,11,11_ACC_Work_In_Process_DPT_Prod_B,9,09_ACC_Sales_Revenue_DPT_Sales,0.0,-0.0
10,2020-11,11,11_ACC_Work_In_Process_DPT_Prod_B,10,10_ACC_Work_In_Process_DPT_Prod_A,0.0,-0.0
10,2020-11,11,11_ACC_Work_In_Process_DPT_Prod_B,11,11_ACC_Work_In_Process_DPT_Prod_B,0.0,1.0
10,2020-11,11,11_ACC_Work_In_Process_DPT_Prod_B,12,12_ACC_Cash,0.0,-0.0
10,2020-11,11,11_ACC_Work_In_Process_DPT_Prod_B,13,13_ACC_Raw_Materials,0.0,-0.0
10,2020-11,11,11_ACC_Work_In_Process_DPT_Prod_B,14,14_ACC_Finished_Goods,0.0,-0.0
10,2020-11,11,11_ACC_Work_In_Process_DPT_Prod_B,15,15_ACC_Equity_Capital,0.0,-0.0
10,2020-11,12,12_ACC_Cash,0,00_ACC_Accounts_Payable_DPT_Admin,0.0,-0.0
10,2020-11,12,12_ACC_Cash,1,01_ACC_Accounts_Receivable_DPT_Admin,0.0,-0.0
10,2020-11,12,12_ACC_Cash,2,02_ACC_COGS_DPT_Prod_A,0.0,-0.0
10,2020-11,12,12_ACC_Cash,3,03_ACC_COGS_DPT_Prod_B,0.0,-0.0
10,2020-11,12,12_ACC_Cash,4,04_ACC_Cash_DPT_Admin,0.0,-0.0
10,2020-11,12,12_ACC_Cash,5,05_ACC_Finished_Goods_DPT_Prod_A,0.0,-0.0
10,2020-11,12,12_ACC_Cash,6,06_ACC_Finished_Goods_DPT_Prod_B,0.0,-0.0
10,2020-11,12,12_ACC_Cash,7,07_ACC_Mfg_Overhead_Exp_DPT_Mfg_Support,0.0,-0.0
10,2020-11,12,12_ACC_Cash,8,08_ACC_Raw_Materials_DPT_Ops,0.0,-0.0
10,2020-11,12,12_ACC_Cash,9,09_ACC_Sales_Revenue_DPT_Sales,0.0,-0.0
10,2020-11,12,12_ACC_Cash,10,10_ACC_Work_In_Process_DPT_Prod_A,0.0,-0.0
10,2020-11,12,12_ACC_Cash,11,11_ACC_Work_In_Process_DPT_Prod_B,0.0,-0.0
10,2020-11,12,12_ACC_Cash,12,12_ACC_Cash,0.0,1.0
10,2020-11,12,12_ACC_Cash,13,13_ACC_Raw_Materials,0.0,-0.0
10,2020-11,12,12_ACC_Cash,14,14_ACC_Finished_Goods,0.0,-0.0
10,2020-11,12,12_ACC_Cash,15,15_ACC_Equity_Capital,0.0,-0.0
10,2020-11,13,13_ACC_Raw_Materials,0,00_ACC_Accounts_Payable_DPT_Admin,0.0,-0.0
10,2020-11,13,13_ACC_Raw_Materials,1,01_ACC_Accounts_Receivable_DPT_Admin,0.0,-0.0
10,2020-11,13,13_ACC_Raw_Materials,2,02_ACC_COGS_DPT_Prod_A,0.0,-0.0
10,2020-11,13,13_ACC_Raw_Materials,3,03_ACC_COGS_DPT_Prod_B,0.0,-0.0
10,2020-11,13,13_ACC_Raw_Materials,4,04_ACC_Cash_DPT_Admin,0.0,-0.0
10,2020-11,13,13_ACC_Raw_Materials,5,05_ACC_Finished_Goods_DPT_Prod_A,0.0,-0.0
10,2020-11,13,13_ACC_Raw_Materials,6,06_ACC_Finished_Goods_DPT_Prod_B,0.0,-0.0
10,2020-11,13,13_ACC_Raw_Materials,7,07_ACC_Mfg_Overhead_Exp_DPT_Mfg_Support,0.0,-0.0
10,2020-11,13,13_ACC_Raw_Materials,8,08_ACC_Raw_Materials_DPT_Ops,0.0,-0.0
10,2020-11,13,13_ACC_Raw_Materials,9,09_ACC_Sales_Revenue_DPT_Sales,0.0,-0.0
10,2020-11,13,13_ACC_Raw_Materials,10,10_ACC_Work_In_Process_DPT_Prod_A,0.0,-0.0
10,2020-11,13,13_ACC_Raw_Materials,11,11_ACC_Work_In_Process_DPT_Prod_B,0.0,-0.0
10,2020-11,13,13_ACC_Raw_Materials,12,12_ACC_Cash,0.0,-0.0
10,2020-11,13,13_ACC_Raw_Materials,13,13_ACC_Raw_Materials,0.0,1.0
10,2020-11,13,13_ACC_Raw_Materials,14,14_ACC_Finished_Goods,0.0,-0.0
10,2020-11,13,13_ACC_Raw_Materials,15,15_ACC_Equity_Capital,0.0,-0.0
10,2020-11,14,14_ACC_Finished_Goods,0,00_ACC_Accounts_Payable_DPT_Admin,0.0,-0.0
10,2020-11,14,14_ACC_Finished_Goods,1,01_ACC_Accounts_Receivable_DPT_Admin,0.0,-0.0
10,2020-11,14,14_ACC_Finished_Goods,2,02_ACC_COGS_DPT_Prod_A,0.0,-0.0
10,2020-11,14,14_ACC_Finished_Goods,3,03_ACC_COGS_DPT_Prod_B,0.0,-0.0
10,2020-11,14,14_ACC_Finished_Goods,4,04_ACC_Cash_DPT_Admin,0.0,-0.0
10,2020-11,14,14_ACC_Finished_Goods,5,05_ACC_Finished_Goods_DPT_Prod_A,0.0,-0.0
10,2020-11,14,14_ACC_Finished_Goods,6,06_ACC_Finished_Goods_DPT_Prod_B,0.0,-0.0
10,2020-11,14,14_ACC_Finished_Goods,7,07_ACC_Mfg_Overhead_Exp_DPT_Mfg_Support,0.0,-0.0
10,2020-11,14,14_ACC_Finished_Goods,8,08_ACC_Raw_Materials_DPT_Ops,0.0,-0.0
10,2020-11,14,14_ACC_Finished_Goods,9,09_ACC_Sales_Revenue_DPT_Sales,0.0,-0.0
10,2020-11,14,14_ACC_Finished_Goods,10,10_ACC_Work_In_Process_DPT_Prod_A,0.0,-0.0
10,2020-11,14,14_ACC_Finished_Goods,11,11_ACC_Work_In_Process_DPT_Prod_B,0.0,-0.0
10,2020-11,14,14_ACC_Finished_Goods,12,12_ACC_Cash,0.0,-0.0
10,2020-11,14,14_ACC_Finished_Goods,13,13_ACC_Raw_Materials,0.0,-0.0
10,2020-11,14,14_ACC_Finished_Goods,14,14_ACC_Finished_Goods,0.0,1.0
10,2020-11,14,14_ACC_Finished_Goods,15,15_ACC_Equity_Capital,0.0,-0.0
10,2020-11,15,15_ACC_Equity_Capital,0,00_ACC_Accounts_Payable_DPT_Admin,0.0,-0.0
10,2020-11,15,15_ACC_Equity_Capital,1,01_ACC_Accounts_Receivable_DPT_Admin,0.0,-0.0
10,2020-11,15,15_ACC_Equity_Capital,2,02_ACC_COGS_DPT_Prod_A,0.0,-0.0
10,2020-11,15,15_ACC_Equity_Capital,3,03_ACC_COGS_DPT_Prod_B,0.0,-0.0
10,2020-11,15,15_ACC_Equity_Capital,4,04_ACC_Cash_DPT_Admin,0.0,-0.0
10,2020-11,15,15_ACC_Equity_Capital,5,05_ACC_Finished_Goods_DPT_Prod_A,0.0,-0.0
10,2020-11,15,15_ACC_Equity_Capital,6,06_ACC_Finished_Goods_DPT_Prod_B,0.0,-0.0
10,2020-11,15,15_ACC_Equity_Capital,7,07_ACC_Mfg_Overhead_Exp_DPT_Mfg_Support,0.0,-0.0
10,2020-11,15,15_ACC_Equity_Capital,8,08_ACC_Raw_Materials_DPT_Ops,0.0,-0.0
10,2020-11,15,15_ACC_Equity_Capital,9,09_ACC_Sales_Revenue_DPT_Sales,0.0,-0.0
10,2020-11,15,15_ACC_Equity_Capital,10,10_ACC_Work_In_Process_DPT_Prod_A,0.0,-0.0
10,2020-11,15,15_ACC_Equity_Capital,11,11_ACC_Work_In_Process_DPT_Prod_B,0.0,-0.0
10,2020-11,15,15_ACC_Equity_Capital,12,12_ACC_Cash,0.0,-0.0
10,2020-11,15,15_ACC_Equity_Capital,13,13_ACC_Raw_Materials,0.0,-0.0
10,2020-11,15,15_ACC_Equity_Capital,14,14_ACC_Finished_Goods,0.0,-0.0
10,2020-11,15,15_ACC_Equity_Capital,15,15_ACC_Equity_Capital,0.0,1.0
11,2020-12,0,00_ACC_Accounts_Payable_DPT_Admin,0,00_ACC_Accounts_Payable_DPT_Admin,1.28e-10,1.0
11,2020-12,0,00_ACC_Accounts_Payable_DPT_Admin,1,01_ACC_Accounts_Receivable_DPT_Admin,-4.5e-11,0.5343
11,2020-12,0,00_ACC_Accounts_Payable_DPT_Admin,2,02_ACC_COGS_DPT_Prod_A,5e-12,-0.2781
11,2020-12,0,00_ACC_Accounts_Payable_DPT_Admin,3,03_ACC_COGS_DPT_Prod_B,-2e-12,0.2672
11,2020-12,0,00_ACC_Accounts_Payable_DPT_Admin,4,04_ACC_Cash_DPT_Admin,-7e-11,0.8726
11,2020-12,0,00_ACC_Accounts_Payable_DPT_Admin,5,05_ACC_Finished_Goods_DPT_Prod_A,-1.1e-11,0.3065
11,2020-12,0,00_ACC_Accounts_Payable_DPT_Admin,6,06_ACC_Finished_Goods_DPT_Prod_B,8e-12,-0.6811
11,2020-12,0,00_ACC_Accounts_Payable_DPT_Admin,7,07_ACC_Mfg_Overhead_Exp_DPT_Mfg_Support,1.7e-11,-0.8247
11,2020-12,0,00_ACC_Accounts_Payable_DPT_Admin,8,08_ACC_Raw_Materials_DPT_Ops,-2e-11,0.815
11,2020-12,0,00_ACC_Accounts_Payable_DPT_Admin,9,09_ACC_Sales_Revenue_DPT_Sales,-1e-11,0.2611
11,2020-12,0,00_ACC_Accounts_Payable_DPT_Admin,10,10_ACC_Work_In_Process_DPT_Prod_A,0.0,-0.8911
11,2020-12,0,00_ACC_Accounts_Payable_DPT_Admin,11,11_ACC_Work_In_Process_DPT_Prod_B,0.0,-0.0
11,2020-12,0,00_ACC_Accounts_Payable_DPT_Admin,12,12_ACC_Cash,0.0,-0.0
11,2020-12,0,00_ACC_Accounts_Payable_DPT_Admin,13,13_ACC_Raw_Materials,0.0,-0.0
11,2020-12,0,00_ACC_Accounts_Payable_DPT_Admin,14,14_ACC_Finished_Goods,0.0,-0.0
11,2020-12,0,00_ACC_Accounts_Payable_DPT_Admin,15,15_ACC_Equity_Capital,0.0,-0.0
11,2020-12,1,01_ACC_Accounts_Receivable_DPT_Admin,0,00_ACC_Accounts_Payable_DPT_Admin,-4.5e-11,0.5343
11,2020-12,1,01_ACC_Accounts_Receivable_DPT_Admin,1,01_ACC_Accounts_Receivable_DPT_Admin,5.6e-11,1.0
11,2020-12,1,01_ACC_Accounts_Receivable_DPT_Admin,2,02_ACC_COGS_DPT_Prod_A,7e-12,-0.6633
11,2020-12,1,01_ACC_Accounts_Receivable_DPT_Admin,3,03_ACC_COGS_DPT_Prod_B,4e-12,-0.9573
11,2020-12,1,01_ACC_Accounts_Receivable_DPT_Admin,4,04_ACC_Cash_DPT_Admin,3e-12,-0.0533
11,2020-12,1,01_ACC_Accounts_Receivable_DPT_Admin,5,05_ACC_Finished_Goods_DPT_Prod_A,-1.5e-11,0.6409
11,2020-12,1,01_ACC_Accounts_Receivable_DPT_Admin,6,06_ACC_Finished_Goods_DPT_Prod_B,-7e-12,0.9828
11,2020-12,1,01_ACC_Accounts_Receivable_DPT_Admin,7,07_ACC_Mfg_Overhead_Exp_DPT_Mfg_Support,0.0,-0.0374
11,2020-12,1,01_ACC_Accounts_Receivable_DPT_Admin,8,08_ACC_Raw_Materials_DPT_Ops,1.5e-11,-0.9252
11,2020-12,1,01_ACC_Accounts_Receivable_DPT_Admin,9,09_ACC_Sales_Revenue_DPT_Sales,-1.7e-11,0.6765
11,2020-12,1,01_ACC_Accounts_Receivable_DPT_Admin,10,10_ACC_Work_In_Process_DPT_Prod_A,-0.0,0.8597
11,2020-12,1,01_ACC_Accounts_Receivable_DPT_Admin,11,11_ACC_Work_In_Process_DPT_Prod_B,0.0,-0.0
11,2020-12,1,01_ACC_Accounts_Receivable_DPT_Admin,12,12_ACC_Cash,0.0,-0.0
11,2020-12,1,01_ACC_Accounts_Receivable_DPT_Admin,13,13_ACC_Raw_Materials,0.0,-0.0
11,2020-12,1,01_ACC_Accounts_Receivable_DPT_Admin,14,14_ACC_Finished_Goods,0.0,-0.0
11,2020-12,1,01_ACC_Accounts_Receivable_DPT_Admin,15,15_ACC_Equity_Capital,0.0,-0.0
11,2020-12,2,02_ACC_COGS_DPT_Prod_A,0,00_ACC_Accounts_Payable_DPT_Admin,5e-12,-0.2781
11,2020-12,2,02_ACC_COGS_DPT_Prod_A,1,01_ACC_Accounts_Receivable_DPT_Admin,7e-12,-0.6633
11,2020-12,2,02_ACC_COGS_DPT_Prod_A,2,02_ACC_COGS_DPT_Prod_A,2e-12,1.0
11,2020-12,2,02_ACC_COGS_DPT_Prod_A,3,03_ACC_COGS_DPT_Prod_B,1e-12,-0.8513
11,2020-12,2,02_ACC_COGS_DPT_Prod_A,4,04_ACC_Cash_DPT_Admin,-8e-12,0.7119
11,2020-12,2,02_ACC_COGS_DPT_Prod_A,5,05_ACC_Finished_Goods_DPT_Prod_A,-5e-12,0.9996
11,2020-12,2,02_ACC_COGS_DPT_Prod_A,6,06_ACC_Finished_Goods_DPT_Prod_B,-1e-12,0.5138
11,2020-12,2,02_ACC_COGS_DPT_Prod_A,7,07_ACC_Mfg_Overhead_Exp_DPT_Mfg_Support,2e-12,-0.7726
11,2020-12,2,02_ACC_COGS_DPT_Prod_A,8,08_ACC_Raw_Materials_DPT_Ops,1e-12,-0.3299
11,2020-12,2,02_ACC_COGS_DPT_Prod_A,9,09_ACC_Sales_Revenue_DPT_Sales,-5e-12,0.9998
11,2020-12,2,02_ACC_COGS_DPT_Prod_A,10,10_ACC_Work_In_Process_DPT_Prod_A,-0.0,0.188
11,2020-12,2,02_ACC_COGS_DPT_Prod_A,11,11_ACC_Work_In_Process_DPT_Prod_B,0.0,-0.0
11,2020-12,2,02_ACC_COGS_DPT_Prod_A,12,12_ACC_Cash,0.0,-0.0
11,2020-12,2,02_ACC_COGS_DPT_Prod_A,13,13_ACC_Raw_Materials,0.0,-0.0
11,2020-12,2,02_ACC_COGS_DPT_Prod_A,14,14_ACC_Finished_Goods,0.0,-0.0
11,2020-12,2,02_ACC_COGS_DPT_Prod_A,15,15_ACC_Equity_Capital,0.0,-0.0
11,2020-12,3,03_ACC_COGS_DPT_Prod_B,0,00_ACC_Accounts_Payable_DPT_Admin,-2e-12,0.2672
11,2020-12,3,03_ACC_COGS_DPT_Prod_B,1,01_ACC_Accounts_Receivable_DPT_Admin,4e-12,-0.9573
11,2020-12,3,03_ACC_COGS_DPT_Prod_B,2,02_ACC_COGS_DPT_Prod_A,1e-12,-0.8513
11,2020-12,3,03_ACC_COGS_DPT_Prod_B,3,03_ACC_COGS_DPT_Prod_B,0.0,1.0
11,2020-12,3,03_ACC_COGS_DPT_Prod_B,4,04_ACC_Cash_DPT_Admin,-1e-12,0.2376
11,2020-12,3,03_ACC_COGS_DPT_Prod_B,5,05_ACC_Finished_Goods_DPT_Prod_A,-1e-12,0.8354
11,2020-12,3,03_ACC_COGS_DPT_Prod_B,6,06_ACC_Finished_Goods_DPT_Prod_B,-0.0,0.8876
11,2020-12,3,03_ACC_COGS_DPT_Prod_B,7,07_ACC_Mfg_Overhead_Exp_DPT_Mfg_Support,0.0,-0.3246
11,2020-12,3,03_ACC_COGS_DPT_Prod_B,8,08_ACC_Raw_Materials_DPT_Ops,1e-12,-0.7761
11,2020-12,3,03_ACC_COGS_DPT_Prod_B,9,09_ACC_Sales_Revenue_DPT_Sales,-2e-12,0.8604
11,2020-12,3,03_ACC_COGS_DPT_Prod_B,10,10_ACC_Work_In_Process_DPT_Prod_A,-0.0,0.6754
11,2020-12,3,03_ACC_COGS_DPT_Prod_B,11,11_ACC_Work_In_Process_DPT_Prod_B,0.0,-0.0
11,2020-12,3,03_ACC_COGS_DPT_Prod_B,12,12_ACC_Cash,0.0,-0.0
11,2020-12,3,03_ACC_COGS_DPT_Prod_B,13,13_ACC_Raw_Materials,0.0,-0.0
11,2020-12,3,03_ACC_COGS_DPT_Prod_B,14,14_ACC_Finished_Goods,0.0,-0.0
11,2020-12,3,03_ACC_COGS_DPT_Prod_B,15,15_ACC_Equity_Capital,0.0,-0.0
11,2020-12,4,04_ACC_Cash_DPT_Admin,0,00_ACC_Accounts_Payable_DPT_Admin,-7e-11,0.8726
11,2020-12,4,04_ACC_Cash_DPT_Admin,1,01_ACC_Accounts_Receivable_DPT_Admin,3e-12,-0.0533
11,2020-12,4,04_ACC_Cash_DPT_Admin,2,02_ACC_COGS_DPT_Prod_A,-8e-12,0.7119
11,2020-12,4,04_ACC_Cash_DPT_Admin,3,03_ACC_COGS_DPT_Prod_B,-1e-12,0.2376
11,2020-12,4,04_ACC_Cash_DPT_Admin,4,04_ACC_Cash_DPT_Admin,5e-11,1.0
11,2020-12,4,04_ACC_Cash_DPT_Admin,5,05_ACC_Finished_Goods_DPT_Prod_A,1.7e-11,-0.7324
11,2020-12,4,04_ACC_Cash_DPT_Admin,6,06_ACC_Finished_Goods_DPT_Prod_B,-2e-12,0.2367
11,2020-12,4,04_ACC_Cash_DPT_Admin,7,07_ACC_Mfg_Overhead_Exp_DPT_Mfg_Support,-1.3e-11,0.9959
11,2020-12,4,04_ACC_Cash_DPT_Admin,8,08_ACC_Raw_Materials_DPT_Ops,6e-12,-0.4281
11,2020-12,4,04_ACC_Cash_DPT_Admin,9,09_ACC_Sales_Revenue_DPT_Sales,1.7e-11,-0.6994
11,2020-12,4,04_ACC_Cash_DPT_Admin,10,10_ACC_Work_In_Process_DPT_Prod_A,-0.0,0.5559
11,2020-12,4,04_ACC_Cash_DPT_Admin,11,11_ACC_Work_In_Process_DPT_Prod_B,0.0,-0.0
11,2020-12,4,04_ACC_Cash_DPT_Admin,12,12_ACC_Cash,0.0,-0.0
11,2020-12,4,04_ACC_Cash_DPT_Admin,13,13_ACC_Raw_Materials,0.0,-0.0
11,2020-12,4,04_ACC_Cash_DPT_Admin,14,14_ACC_Finished_Goods,0.0,-0.0
11,2020-12,4,04_ACC_Cash_DPT_Admin,15,15_ACC_Equity_Capital,0.0,-0.0
11,2020-12,5,05_ACC_Finished_Goods_DPT_Prod_A,0,00_ACC_Accounts_Payable_DPT_Admin,-1.1e-11,0.3065
11,2020-12,5,05_ACC_Finished_Goods_DPT_Prod_A,1,01_ACC_Accounts_Receivable_DPT_Admin,-1.5e-11,0.6409
11,2020-12,5,05_ACC_Finished_Goods_DPT_Prod_A,2,02_ACC_COGS_DPT_Prod_A,-5e-12,0.9996
11,2020-12,5,05_ACC_Finished_Goods_DPT_Prod_A,3,03_ACC_COGS_DPT_Prod_B,-1e-12,0.8354
11,2020-12,5,05_ACC_Finished_Goods_DPT_Prod_A,4,04_ACC_Cash_DPT_Admin,1.7e-11,-0.7324
11,2020-12,5,05_ACC_Finished_Goods_DPT_Prod_A,5,05_ACC_Finished_Goods_DPT_Prod_A,1e-11,1.0
11,2020-12,5,05_ACC_Finished_Goods_DPT_Prod_A,6,06_ACC_Finished_Goods_DPT_Prod_B,2e-12,-0.4882
11,2020-12,5,05_ACC_Finished_Goods_DPT_Prod_A,7,07_ACC_Mfg_Overhead_Exp_DPT_Mfg_Support,-5e-12,0.7911
11,2020-12,5,05_ACC_Finished_Goods_DPT_Prod_A,8,08_ACC_Raw_Materials_DPT_Ops,-2e-12,0.3018
11,2020-12,5,05_ACC_Finished_Goods_DPT_Prod_A,9,09_ACC_Sales_Revenue_DPT_Sales,1.1e-11,-0.9989
11,2020-12,5,05_ACC_Finished_Goods_DPT_Prod_A,10,10_ACC_Work_In_Process_DPT_Prod_A,0.0,-0.1588
11,2020-12,5,05_ACC_Finished_Goods_DPT_Prod_A,11,11_ACC_Work_In_Process_DPT_Prod_B,0.0,-0.0
11,2020-12,5,05_ACC_Finished_Goods_DPT_Prod_A,12,12_ACC_Cash,0.0,-0.0
11,2020-12,5,05_ACC_Finished_Goods_DPT_Prod_A,13,13_ACC_Raw_Materials,0.0,-0.0
11,2020-12,5,05_ACC_Finished_Goods_DPT_Prod_A,14,14_ACC_Finished_Goods,0.0,-0.0
11,2020-12,5,05_ACC_Finished_Goods_DPT_Prod_A,15,15_ACC_Equity_Capital,0.0,-0.0
11,2020-12,6,06_ACC_Finished_Goods_DPT_Prod_B,0,00_ACC_Accounts_Payable_DPT_Admin,8e-12,-0.6811
11,2020-12,6,06_ACC_Finished_Goods_DPT_Prod_B,1,01_ACC_Accounts_Receivable_DPT_Admin,-7e-12,0.9828
11,2020-12,6,06_ACC_Finished_Goods_DPT_Prod_B,2,02_ACC_COGS_DPT_Prod_A,-1e-12,0.5138
11,2020-12,6,06_ACC_Finished_Goods_DPT_Prod_B,3,03_ACC_COGS_DPT_Prod_B,-0.0,0.8876
11,2020-12,6,06_ACC_Finished_Goods_DPT_Prod_B,4,04_ACC_Cash_DPT_Admin,-2e-12,0.2367
11,2020-12,6,06_ACC_Finished_Goods_DPT_Prod_B,5,05_ACC_Finished_Goods_DPT_Prod_A,2e-12,-0.4882
11,2020-12,6,06_ACC_Finished_Goods_DPT_Prod_B,6,06_ACC_Finished_Goods_DPT_Prod_B,1e-12,1.0
11,2020-12,6,06_ACC_Finished_Goods_DPT_Prod_B,7,07_ACC_Mfg_Overhead_Exp_DPT_Mfg_Support,0.0,-0.1476
11,2020-12,6,06_ACC_Finished_Goods_DPT_Prod_B,8,08_ACC_Raw_Materials_DPT_Ops,-2e-12,0.9794
11,2020-12,6,06_ACC_Finished_Goods_DPT_Prod_B,9,09_ACC_Sales_Revenue_DPT_Sales,2e-12,-0.5289
11,2020-12,6,06_ACC_Finished_Goods_DPT_Prod_B,10,10_ACC_Work_In_Process_DPT_Prod_A,0.0,-0.9392
11,2020-12,6,06_ACC_Finished_Goods_DPT_Prod_B,11,11_ACC_Work_In_Process_DPT_Prod_B,0.0,-0.0
11,2020-12,6,06_ACC_Finished_Goods_DPT_Prod_B,12,12_ACC_Cash,0.0,-0.0
11,2020-12,6,06_ACC_Finished_Goods_DPT_Prod_B,13,13_ACC_Raw_Materials,0.0,-0.0
11,2020-12,6,06_ACC_Finished_Goods_DPT_Prod_B,14,14_ACC_Finished_Goods,0.0,-0.0
11,2020-12,6,06_ACC_Finished_Goods_DPT_Prod_B,15,15_ACC_Equity_Capital,0.0,-0.0
11,2020-12,7,07_ACC_Mfg_Overhead_Exp_DPT_Mfg_Support,0,00_ACC_Accounts_Payable_DPT_Admin,1.7e-11,-0.8247
11,2020-12,7,07_ACC_Mfg_Overhead_Exp_DPT_Mfg_Support,1,01_ACC_Accounts_Receivable_DPT_Admin,0.0,-0.0374
11,2020-12,7,07_ACC_Mfg_Overhead_Exp_DPT_Mfg_Support,2,02_ACC_COGS_DPT_Prod_A,2e-12,-0.7726
11,2020-12,7,07_ACC_Mfg_Overhead_Exp_DPT_Mfg_Support,3,03_ACC_COGS_DPT_Prod_B,0.0,-0.3246
11,2020-12,7,07_ACC_Mfg_Overhead_Exp_DPT_Mfg_Support,4,04_ACC_Cash_DPT_Admin,-1.3e-11,0.9959
11,2020-12,7,07_ACC_Mfg_Overhead_Exp_DPT_Mfg_Support,5,05_ACC_Finished_Goods_DPT_Prod_A,-5e-12,0.7911
11,2020-12,7,07_ACC_Mfg_Overhead_Exp_DPT_Mfg_Support,6,06_ACC_Finished_Goods_DPT_Prod_B,0.0,-0.1476
11,2020-12,7,07_ACC_Mfg_Overhead_Exp_DPT_Mfg_Support,7,07_ACC_Mfg_Overhead_Exp_DPT_Mfg_Support,3e-12,1.0
11,2020-12,7,07_ACC_Mfg_Overhead_Exp_DPT_Mfg_Support,8,08_ACC_Raw_Materials_DPT_Ops,-1e-12,0.3444
11,2020-12,7,07_ACC_Mfg_Overhead_Exp_DPT_Mfg_Support,9,09_ACC_Sales_Revenue_DPT_Sales,-5e-12,0.7613
11,2020-12,7,07_ACC_Mfg_Overhead_Exp_DPT_Mfg_Support,10,10_ACC_Work_In_Process_DPT_Prod_A,0.0,-0.4783
11,2020-12,7,07_ACC_Mfg_Overhead_Exp_DPT_Mfg_Support,11,11_ACC_Work_In_Process_DPT_Prod_B,0.0,-0.0
11,2020-12,7,07_ACC_Mfg_Overhead_Exp_DPT_Mfg_Support,12,12_ACC_Cash,0.0,-0.0
11,2020-12,7,07_ACC_Mfg_Overhead_Exp_DPT_Mfg_Support,13,13_ACC_Raw_Materials,0.0,-0.0
11,2020-12,7,07_ACC_Mfg_Overhead_Exp_DPT_Mfg_Support,14,14_ACC_Finished_Goods,0.0,-0.0
11,2020-12,7,07_ACC_Mfg_Overhead_Exp_DPT_Mfg_Support,15,15_ACC_Equity_Capital,0.0,-0.0
11,2020-12,8,08_ACC_Raw_Materials_DPT_Ops,0,00_ACC_Accounts_Payable_DPT_Admin,-2e-11,0.815
11,2020-12,8,08_ACC_Raw_Materials_DPT_Ops,1,01_ACC_Accounts_Receivable_DPT_Admin,1.5e-11,-0.9252
11,2020-12,8,08_ACC_Raw_Materials_DPT_Ops,2,02_ACC_COGS_DPT_Prod_A,1e-12,-0.3299
11,2020-12,8,08_ACC_Raw_Materials_DPT_Ops,3,03_ACC_COGS_DPT_Prod_B,1e-12,-0.7761
11,2020-12,8,08_ACC_Raw_Materials_DPT_Ops,4,04_ACC_Cash_DPT_Admin,6e-12,-0.4281
11,2020-12,8,08_ACC_Raw_Materials_DPT_Ops,5,05_ACC_Finished_Goods_DPT_Prod_A,-2e-12,0.3018
11,2020-12,8,08_ACC_Raw_Materials_DPT_Ops,6,06_ACC_Finished_Goods_DPT_Prod_B,-2e-12,0.9794
11,2020-12,8,08_ACC_Raw_Materials_DPT_Ops,7,07_ACC_Mfg_Overhead_Exp_DPT_Mfg_Support,-1e-12,0.3444
11,2020-12,8,08_ACC_Raw_Materials_DPT_Ops,8,08_ACC_Raw_Materials_DPT_Ops,5e-12,1.0
11,2020-12,8,08_ACC_Raw_Materials_DPT_Ops,9,09_ACC_Sales_Revenue_DPT_Sales,-2e-12,0.3465
11,2020-12,8,08_ACC_Raw_Materials_DPT_Ops,10,10_ACC_Work_In_Process_DPT_Prod_A,-0.0,0.9892
11,2020-12,8,08_ACC_Raw_Materials_DPT_Ops,11,11_ACC_Work_In_Process_DPT_Prod_B,0.0,-0.0
11,2020-12,8,08_ACC_Raw_Materials_DPT_Ops,12,12_ACC_Cash,0.0,-0.0
11,2020-12,8,08_ACC_Raw_Materials_DPT_Ops,13,13_ACC_Raw_Materials,0.0,-0.0
11,2020-12,8,08_ACC_Raw_Materials_DPT_Ops,14,14_ACC_Finished_Goods,0.0,-0.0
11,2020-12,8,08_ACC_Raw_Materials_DPT_Ops,15,15_ACC_Equity_Capital,0.0,-0.0
11,2020-12,9,09_ACC_Sales_Revenue_DPT_Sales,0,00_ACC_Accounts_Payable_DPT_Admin,-1e-11,0.2611
11,2020-12,9,09_ACC_Sales_Revenue_DPT_Sales,1,01_ACC_Accounts_Receivable_DPT_Admin,-1.7e-11,0.6765
11,2020-12,9,09_ACC_Sales_Revenue_DPT_Sales,2,02_ACC_COGS_DPT_Prod_A,-5e-12,0.9998
11,2020-12,9,09_ACC_Sales_Revenue_DPT_Sales,3,03_ACC_COGS_DPT_Prod_B,-2e-12,0.8604
11,2020-12,9,09_ACC_Sales_Revenue_DPT_Sales,4,04_ACC_Cash_DPT_Admin,1.7e-11,-0.6994
11,2020-12,9,09_ACC_Sales_Revenue_DPT_Sales,5,05_ACC_Finished_Goods_DPT_Prod_A,1.1e-11,-0.9989
11,2020-12,9,09_ACC_Sales_Revenue_DPT_Sales,6,06_ACC_Finished_Goods_DPT_Prod_B,2e-12,-0.5289
11,2020-12,9,09_ACC_Sales_Revenue_DPT_Sales,7,07_ACC_Mfg_Overhead_Exp_DPT_Mfg_Support,-5e-12,0.7613
11,2020-12,9,09_ACC_Sales_Revenue_DPT_Sales,8,08_ACC_Raw_Materials_DPT_Ops,-2e-12,0.3465
11,2020-12,9,09_ACC_Sales_Revenue_DPT_Sales,9,09_ACC_Sales_Revenue_DPT_Sales,1.1e-11,1.0
11,2020-12,9,09_ACC_Sales_Revenue_DPT_Sales,10,10_ACC_Work_In_Process_DPT_Prod_A,0.0,-0.2054
11,2020-12,9,09_ACC_Sales_Revenue_DPT_Sales,11,11_ACC_Work_In_Process_DPT_Prod_B,0.0,-0.0
11,2020-12,9,09_ACC_Sales_Revenue_DPT_Sales,12,12_ACC_Cash,0.0,-0.0
11,2020-12,9,09_ACC_Sales_Revenue_DPT_Sales,13,13_ACC_Raw_Materials,0.0,-0.0
11,2020-12,9,09_ACC_Sales_Revenue_DPT_Sales,14,14_ACC_Finished_Goods,0.0,-0.0
11,2020-12,9,09_ACC_Sales_Revenue_DPT_Sales,15,15_ACC_Equity_Capital,0.0,-0.0
11,2020-12,10,10_ACC_Work_In_Process_DPT_Prod_A,0,00_ACC_Accounts_Payable_DPT_Admin,0.0,-0.8911
11,2020-12,10,10_ACC_Work_In_Process_DPT_Prod_A,1,01_ACC_Accounts_Receivable_DPT_Admin,-0.0,0.8597
11,2020-12,10,10_ACC_Work_In_Process_DPT_Prod_A,2,02_ACC_COGS_DPT_Prod_A,-0.0,0.188
11,2020-12,10,10_ACC_Work_In_Process_DPT_Prod_A,3,03_ACC_COGS_DPT_Prod_B,-0.0,0.6754
11,2020-12,10,10_ACC_Work_In_Process_DPT_Prod_A,4,04_ACC_Cash_DPT_Admin,-0.0,0.5559
11,2020-12,10,10_ACC_Work_In_Process_DPT_Prod_A,5,05_ACC_Finished_Goods_DPT_Prod_A,0.0,-0.1588
11,2020-12,10,10_ACC_Work_In_Process_DPT_Prod_A,6,06_ACC_Finished_Goods_DPT_Prod_B,0.0,-0.9392
11,2020-12,10,10_ACC_Work_In_Process_DPT_Prod_A,7,07_ACC_Mfg_Overhead_Exp_DPT_Mfg_Support,0.0,-0.4783
11,2020-12,10,10_ACC_Work_In_Process_DPT_Prod_A,8,08_ACC_Raw_Materials_DPT_Ops,-0.0,0.9892
11,2020-12,10,10_ACC_Work_In_Process_DPT_Prod_A,9,09_ACC_Sales_Revenue_DPT_Sales,0.0,-0.2054
11,2020-12,10,10_ACC_Work_In_Process_DPT_Prod_A,10,10_ACC_Work_In_Process_DPT_Prod_A,0.0,1.0
11,2020-12,10,10_ACC_Work_In_Process_DPT_Prod_A,11,11_ACC_Work_In_Process_DPT_Prod_B,0.0,-0.0
11,2020-12,10,10_ACC_Work_In_Process_DPT_Prod_A,12,12_ACC_Cash,0.0,-0.0
11,2020-12,10,10_ACC_Work_In_Process_DPT_Prod_A,13,13_ACC_Raw_Materials,0.0,-0.0
11,2020-12,10,10_ACC_Work_In_Process_DPT_Prod_A,14,14_ACC_Finished_Goods,0.0,-0.0
11,2020-12,10,10_ACC_Work_In_Process_DPT_Prod_A,15,15_ACC_Equity_Capital,0.0,-0.0
11,2020-12,11,11_ACC_Work_In_Process_DPT_Prod_B,0,00_ACC_Accounts_Payable_DPT_Admin,0.0,-0.0
11,2020-12,11,11_ACC_Work_In_Process_DPT_Prod_B,1,01_ACC_Accounts_Receivable_DPT_Admin,0.0,-0.0
11,2020-12,11,11_ACC_Work_In_Process_DPT_Prod_B,2,02_ACC_COGS_DPT_Prod_A,0.0,-0.0
11,2020-12,11,11_ACC_Work_In_Process_DPT_Prod_B,3,03_ACC_COGS_DPT_Prod_B,0.0,-0.0
11,2020-12,11,11_ACC_Work_In_Process_DPT_Prod_B,4,04_ACC_Cash_DPT_Admin,0.0,-0.0
11,2020-12,11,11_ACC_Work_In_Process_DPT_Prod_B,5,05_ACC_Finished_Goods_DPT_Prod_A,0.0,-0.0
11,2020-12,11,11_ACC_Work_In_Process_DPT_Prod_B,6,06_ACC_Finished_Goods_DPT_Prod_B,0.0,-0.0
11,2020-12,11,11_ACC_Work_In_Process_DPT_Prod_B,7,07_ACC_Mfg_Overhead_Exp_DPT_Mfg_Support,0.0,-0.0
11,2020-12,11,11_ACC_Work_In_Process_DPT_Prod_B,8,08_ACC_Raw_Materials_DPT_Ops,0.0,-0.0
11,2020-12,11,11_ACC_Work_In_Process_DPT_Prod_B,9,09_ACC_Sales_Revenue_DPT_Sales,0.0,-0.0
11,2020-12,11,11_ACC_Work_In_Process_DPT_Prod_B,10,10_ACC_Work_In_Process_DPT_Prod_A,0.0,-0.0
11,2020-12,11,11_ACC_Work_In_Process_DPT_Prod_B,11,11_ACC_Work_In_Process_DPT_Prod_B,0.0,1.0
11,2020-12,11,11_ACC_Work_In_Process_DPT_Prod_B,12,12_ACC_Cash,0.0,-0.0
11,2020-12,11,11_ACC_Work_In_Process_DPT_Prod_B,13,13_ACC_Raw_Materials,0.0,-0.0
11,2020-12,11,11_ACC_Work_In_Process_DPT_Prod_B,14,14_ACC_Finished_Goods,0.0,-0.0
11,2020-12,11,11_ACC_Work_In_Process_DPT_Prod_B,15,15_ACC_Equity_Capital,0.0,-0.0
11,2020-12,12,12_ACC_Cash,0,00_ACC_Accounts_Payable_DPT_Admin,0.0,-0.0
11,2020-12,12,12_ACC_Cash,1,01_ACC_Accounts_Receivable_DPT_Admin,0.0,-0.0
11,2020-12,12,12_ACC_Cash,2,02_ACC_COGS_DPT_Prod_A,0.0,-0.0
11,2020-12,12,12_ACC_Cash,3,03_ACC_COGS_DPT_Prod_B,0.0,-0.0
11,2020-12,12,12_ACC_Cash,4,04_ACC_Cash_DPT_Admin,0.0,-0.0
11,2020-12,12,12_ACC_Cash,5,05_ACC_Finished_Goods_DPT_Prod_A,0.0,-0.0
11,2020-12,12,12_ACC_Cash,6,06_ACC_Finished_Goods_DPT_Prod_B,0.0,-0.0
11,2020-12,12,12_ACC_Cash,7,07_ACC_Mfg_Overhead_Exp_DPT_Mfg_Support,0.0,-0.0
11,2020-12,12,12_ACC_Cash,8,08_ACC_Raw_Materials_DPT_Ops,0.0,-0.0
11,2020-12,12,12_ACC_Cash,9,09_ACC_Sales_Revenue_DPT_Sales,0.0,-0.0
11,2020-12,12,12_ACC_Cash,10,10_ACC_Work_In_Process_DPT_Prod_A,0.0,-0.0
11,2020-12,12,12_ACC_Cash,11,11_ACC_Work_In_Process_DPT_Prod_B,0.0,-0.0
11,2020-12,12,12_ACC_Cash,12,12_ACC_Cash,0.0,1.0
11,2020-12,12,12_ACC_Cash,13,13_ACC_Raw_Materials,0.0,-0.0
11,2020-12,12,12_ACC_Cash,14,14_ACC_Finished_Goods,0.0,-0.0
11,2020-12,12,12_ACC_Cash,15,15_ACC_Equity_Capital,0.0,-0.0
11,2020-12,13,13_ACC_Raw_Materials,0,00_ACC_Accounts_Payable_DPT_Admin,0.0,-0.0
11,2020-12,13,13_ACC_Raw_Materials,1,01_ACC_Accounts_Receivable_DPT_Admin,0.0,-0.0
11,2020-12,13,13_ACC_Raw_Materials,2,02_ACC_COGS_DPT_Prod_A,0.0,-0.0
11,2020-12,13,13_ACC_Raw_Materials,3,03_ACC_COGS_DPT_Prod_B,0.0,-0.0
11,2020-12,13,13_ACC_Raw_Materials,4,04_ACC_Cash_DPT_Admin,0.0,-0.0
11,2020-12,13,13_ACC_Raw_Materials,5,05_ACC_Finished_Goods_DPT_Prod_A,0.0,-0.0
11,2020-12,13,13_ACC_Raw_Materials,6,06_ACC_Finished_Goods_DPT_Prod_B,0.0,-0.0
11,2020-12,13,13_ACC_Raw_Materials,7,07_ACC_Mfg_Overhead_Exp_DPT_Mfg_Support,0.0,-0.0
11,2020-12,13,13_ACC_Raw_Materials,8,08_ACC_Raw_Materials_DPT_Ops,0.0,-0.0
11,2020-12,13,13_ACC_Raw_Materials,9,09_ACC_Sales_Revenue_DPT_Sales,0.0,-0.0
11,2020-12,13,13_ACC_Raw_Materials,10,10_ACC_Work_In_Process_DPT_Prod_A,0.0,-0.0
11,2020-12,13,13_ACC_Raw_Materials,11,11_ACC_Work_In_Process_DPT_Prod_B,0.0,-0.0
11,2020-12,13,13_ACC_Raw_Materials,12,12_ACC_Cash,0.0,-0.0
11,2020-12,13,13_ACC_Raw_Materials,13,13_ACC_Raw_Materials,0.0,1.0
11,2020-12,13,13_ACC_Raw_Materials,14,14_ACC_Finished_Goods,0.0,-0.0
11,2020-12,13,13_ACC_Raw_Materials,15,15_ACC_Equity_Capital,0.0,-0.0
11,2020-12,14,14_ACC_Finished_Goods,0,00_ACC_Accounts_Payable_DPT_Admin,0.0,-0.0
11,2020-12,14,14_ACC_Finished_Goods,1,01_ACC_Accounts_Receivable_DPT_Admin,0.0,-0.0
11,2020-12,14,14_ACC_Finished_Goods,2,02_ACC_COGS_DPT_Prod_A,0.0,-0.0
11,2020-12,14,14_ACC_Finished_Goods,3,03_ACC_COGS_DPT_Prod_B,0.0,-0.0
11,2020-12,14,14_ACC_Finished_Goods,4,04_ACC_Cash_DPT_Admin,0.0,-0.0
11,2020-12,14,14_ACC_Finished_Goods,5,05_ACC_Finished_Goods_DPT_Prod_A,0.0,-0.0
11,2020-12,14,14_ACC_Finished_Goods,6,06_ACC_Finished_Goods_DPT_Prod_B,0.0,-0.0
11,2020-12,14,14_ACC_Finished_Goods,7,07_ACC_Mfg_Overhead_Exp_DPT_Mfg_Support,0.0,-0.0
11,2020-12,14,14_ACC_Finished_Goods,8,08_ACC_Raw_Materials_DPT_Ops,0.0,-0.0
11,2020-12,14,14_ACC_Finished_Goods,9,09_ACC_Sales_Revenue_DPT_Sales,0.0,-0.0
11,2020-12,14,14_ACC_Finished_Goods,10,10_ACC_Work_In_Process_DPT_Prod_A,0.0,-0.0
11,2020-12,14,14_ACC_Finished_Goods,11,11_ACC_Work_In_Process_DPT_Prod_B,0.0,-0.0
11,2020-12,14,14_ACC_Finished_Goods,12,12_ACC_Cash,0.0,-0.0
11,2020-12,14,14_ACC_Finished_Goods,13,13_ACC_Raw_Materials,0.0,-0.0
11,2020-12,14,14_ACC_Finished_Goods,14,14_ACC_Finished_Goods,0.0,1.0
11,2020-12,14,14_ACC_Finished_Goods,15,15_ACC_Equity_Capital,0.0,-0.0
11,2020-12,15,15_ACC_Equity_Capital,0,00_ACC_Accounts_Payable_DPT_Admin,0.0,-0.0
11,2020-12,15,15_ACC_Equity_Capital,1,01_ACC_Accounts_Receivable_DPT_Admin,0.0,-0.0
11,2020-12,15,15_ACC_Equity_Capital,2,02_ACC_COGS_DPT_Prod_A,0.0,-0.0
11,2020-12,15,15_ACC_Equity_Capital,3,03_ACC_COGS_DPT_Prod_B,0.0,-0.0
11,2020-12,15,15_ACC_Equity_Capital,4,04_ACC_Cash_DPT_Admin,0.0,-0.0
11,2020-12,15,15_ACC_Equity_Capital,5,05_ACC_Finished_Goods_DPT_Prod_A,0.0,-0.0
11,2020-12,15,15_ACC_Equity_Capital,6,06_ACC_Finished_Goods_DPT_Prod_B,0.0,-0.0
11,2020-12,15,15_ACC_Equity_Capital,7,07_ACC_Mfg_Overhead_Exp_DPT_Mfg_Support,0.0,-0.0
11,2020-12,15,15_ACC_Equity_Capital,8,08_ACC_Raw_Materials_DPT_Ops,0.0,-0.0
11,2020-12,15,15_ACC_Equity_Capital,9,09_ACC_Sales_Revenue_DPT_Sales,0.0,-0.0
11,2020-12,15,15_ACC_Equity_Capital,10,10_ACC_Work_In_Process_DPT_Prod_A,0.0,-0.0
11,2020-12,15,15_ACC_Equity_Capital,11,11_ACC_Work_In_Process_DPT_Prod_B,0.0,-0.0
11,2020-12,15,15_ACC_Equity_Capital,12,12_ACC_Cash,0.0,-0.0
11,2020-12,15,15_ACC_Equity_Capital,13,13_ACC_Raw_Materials,0.0,-0.0
11,2020-12,15,15_ACC_Equity_Capital,14,14_ACC_Finished_Goods,0.0,-0.0
11,2020-12,15,15_ACC_Equity_Capital,15,15_ACC_Equity_Capital,0.0,1.0
