t_idx,time_label,src_idx,src_label,tgt_idx,tgt_label,stiffness_k,partial_corr
0,2020-W01,0,STK_004,0,STK_004,0.0,0.0
0,2020-W01,0,STK_004,1,USR_003,0.0,0.0
0,2020-W01,0,STK_004,2,USR_009,0.0,0.0
0,2020-W01,0,STK_004,3,STK_005,0.0,0.0
0,2020-W01,0,STK_004,4,USR_005,0.0,0.0
0,2020-W01,0,STK_004,5,STK_003,0.0,0.0
0,2020-W01,0,STK_004,6,USR_004,0.0,0.0
0,2020-W01,0,STK_004,7,USR_007,0.0,0.0
0,2020-W01,0,STK_004,8,STK_001,0.0,0.0
0,2020-W01,0,STK_004,9,USR_008,0.0,0.0
0,2020-W01,0,STK_004,10,USR_006,0.0,0.0
0,2020-W01,0,STK_004,11,STK_002,0.0,0.0
0,2020-W01,0,STK_004,12,USR_002,0.0,0.0
0,2020-W01,0,STK_004,13,USR_010,0.0,0.0
0,2020-W01,0,STK_004,14,USR_001,0.0,0.0
0,2020-W01,1,USR_003,0,STK_004,0.0,0.0
0,2020-W01,1,USR_003,1,USR_003,0.0,0.0
0,2020-W01,1,USR_003,2,USR_009,0.0,0.0
0,2020-W01,1,USR_003,3,STK_005,0.0,0.0
0,2020-W01,1,USR_003,4,USR_005,0.0,0.0
0,2020-W01,1,USR_003,5,STK_003,0.0,0.0
0,2020-W01,1,USR_003,6,USR_004,0.0,0.0
0,2020-W01,1,USR_003,7,USR_007,0.0,0.0
0,2020-W01,1,USR_003,8,STK_001,0.0,0.0
0,2020-W01,1,USR_003,9,USR_008,0.0,0.0
0,2020-W01,1,USR_003,10,USR_006,0.0,0.0
0,2020-W01,1,USR_003,11,STK_002,0.0,0.0
0,2020-W01,1,USR_003,12,USR_002,0.0,0.0
0,2020-W01,1,USR_003,13,USR_010,0.0,0.0
0,2020-W01,1,USR_003,14,USR_001,0.0,0.0
0,2020-W01,2,USR_009,0,STK_004,0.0,0.0
0,2020-W01,2,USR_009,1,USR_003,0.0,0.0
0,2020-W01,2,USR_009,2,USR_009,0.0,0.0
0,2020-W01,2,USR_009,3,STK_005,0.0,0.0
0,2020-W01,2,USR_009,4,USR_005,0.0,0.0
0,2020-W01,2,USR_009,5,STK_003,0.0,0.0
0,2020-W01,2,USR_009,6,USR_004,0.0,0.0
0,2020-W01,2,USR_009,7,USR_007,0.0,0.0
0,2020-W01,2,USR_009,8,STK_001,0.0,0.0
0,2020-W01,2,USR_009,9,USR_008,0.0,0.0
0,2020-W01,2,USR_009,10,USR_006,0.0,0.0
0,2020-W01,2,USR_009,11,STK_002,0.0,0.0
0,2020-W01,2,USR_009,12,USR_002,0.0,0.0
0,2020-W01,2,USR_009,13,USR_010,0.0,0.0
0,2020-W01,2,USR_009,14,USR_001,0.0,0.0
0,2020-W01,3,STK_005,0,STK_004,0.0,0.0
0,2020-W01,3,STK_005,1,USR_003,0.0,0.0
0,2020-W01,3,STK_005,2,USR_009,0.0,0.0
0,2020-W01,3,STK_005,3,STK_005,0.0,0.0
0,2020-W01,3,STK_005,4,USR_005,0.0,0.0
0,2020-W01,3,STK_005,5,STK_003,0.0,0.0
0,2020-W01,3,STK_005,6,USR_004,0.0,0.0
0,2020-W01,3,STK_005,7,USR_007,0.0,0.0
0,2020-W01,3,STK_005,8,STK_001,0.0,0.0
0,2020-W01,3,STK_005,9,USR_008,0.0,0.0
0,2020-W01,3,STK_005,10,USR_006,0.0,0.0
0,2020-W01,3,STK_005,11,STK_002,0.0,0.0
0,2020-W01,3,STK_005,12,USR_002,0.0,0.0
0,2020-W01,3,STK_005,13,USR_010,0.0,0.0
0,2020-W01,3,STK_005,14,USR_001,0.0,0.0
0,2020-W01,4,USR_005,0,STK_004,0.0,0.0
0,2020-W01,4,USR_005,1,USR_003,0.0,0.0
0,2020-W01,4,USR_005,2,USR_009,0.0,0.0
0,2020-W01,4,USR_005,3,STK_005,0.0,0.0
0,2020-W01,4,USR_005,4,USR_005,0.0,0.0
0,2020-W01,4,USR_005,5,STK_003,0.0,0.0
0,2020-W01,4,USR_005,6,USR_004,0.0,0.0
0,2020-W01,4,USR_005,7,USR_007,0.0,0.0
0,2020-W01,4,USR_005,8,STK_001,0.0,0.0
0,2020-W01,4,USR_005,9,USR_008,0.0,0.0
0,2020-W01,4,USR_005,10,USR_006,0.0,0.0
0,2020-W01,4,USR_005,11,STK_002,0.0,0.0
0,2020-W01,4,USR_005,12,USR_002,0.0,0.0
0,2020-W01,4,USR_005,13,USR_010,0.0,0.0
0,2020-W01,4,USR_005,14,USR_001,0.0,0.0
0,2020-W01,5,STK_003,0,STK_004,0.0,0.0
0,2020-W01,5,STK_003,1,USR_003,0.0,0.0
0,2020-W01,5,STK_003,2,USR_009,0.0,0.0
0,2020-W01,5,STK_003,3,STK_005,0.0,0.0
0,2020-W01,5,STK_003,4,USR_005,0.0,0.0
0,2020-W01,5,STK_003,5,STK_003,0.0,0.0
0,2020-W01,5,STK_003,6,USR_004,0.0,0.0
0,2020-W01,5,STK_003,7,USR_007,0.0,0.0
0,2020-W01,5,STK_003,8,STK_001,0.0,0.0
0,2020-W01,5,STK_003,9,USR_008,0.0,0.0
0,2020-W01,5,STK_003,10,USR_006,0.0,0.0
0,2020-W01,5,STK_003,11,STK_002,0.0,0.0
0,2020-W01,5,STK_003,12,USR_002,0.0,0.0
0,2020-W01,5,STK_003,13,USR_010,0.0,0.0
0,2020-W01,5,STK_003,14,USR_001,0.0,0.0
0,2020-W01,6,USR_004,0,STK_004,0.0,0.0
0,2020-W01,6,USR_004,1,USR_003,0.0,0.0
0,2020-W01,6,USR_004,2,USR_009,0.0,0.0
0,2020-W01,6,USR_004,3,STK_005,0.0,0.0
0,2020-W01,6,USR_004,4,USR_005,0.0,0.0
0,2020-W01,6,USR_004,5,STK_003,0.0,0.0
0,2020-W01,6,USR_004,6,USR_004,0.0,0.0
0,2020-W01,6,USR_004,7,USR_007,0.0,0.0
0,2020-W01,6,USR_004,8,STK_001,0.0,0.0
0,2020-W01,6,USR_004,9,USR_008,0.0,0.0
0,2020-W01,6,USR_004,10,USR_006,0.0,0.0
0,2020-W01,6,USR_004,11,STK_002,0.0,0.0
0,2020-W01,6,USR_004,12,USR_002,0.0,0.0
0,2020-W01,6,USR_004,13,USR_010,0.0,0.0
0,2020-W01,6,USR_004,14,USR_001,0.0,0.0
0,2020-W01,7,USR_007,0,STK_004,0.0,0.0
0,2020-W01,7,USR_007,1,USR_003,0.0,0.0
0,2020-W01,7,USR_007,2,USR_009,0.0,0.0
0,2020-W01,7,USR_007,3,STK_005,0.0,0.0
0,2020-W01,7,USR_007,4,USR_005,0.0,0.0
0,2020-W01,7,USR_007,5,STK_003,0.0,0.0
0,2020-W01,7,USR_007,6,USR_004,0.0,0.0
0,2020-W01,7,USR_007,7,USR_007,0.0,0.0
0,2020-W01,7,USR_007,8,STK_001,0.0,0.0
0,2020-W01,7,USR_007,9,USR_008,0.0,0.0
0,2020-W01,7,USR_007,10,USR_006,0.0,0.0
0,2020-W01,7,USR_007,11,STK_002,0.0,0.0
0,2020-W01,7,USR_007,12,USR_002,0.0,0.0
0,2020-W01,7,USR_007,13,USR_010,0.0,0.0
0,2020-W01,7,USR_007,14,USR_001,0.0,0.0
0,2020-W01,8,STK_001,0,STK_004,0.0,0.0
0,2020-W01,8,STK_001,1,USR_003,0.0,0.0
0,2020-W01,8,STK_001,2,USR_009,0.0,0.0
0,2020-W01,8,STK_001,3,STK_005,0.0,0.0
0,2020-W01,8,STK_001,4,USR_005,0.0,0.0
0,2020-W01,8,STK_001,5,STK_003,0.0,0.0
0,2020-W01,8,STK_001,6,USR_004,0.0,0.0
0,2020-W01,8,STK_001,7,USR_007,0.0,0.0
0,2020-W01,8,STK_001,8,STK_001,0.0,0.0
0,2020-W01,8,STK_001,9,USR_008,0.0,0.0
0,2020-W01,8,STK_001,10,USR_006,0.0,0.0
0,2020-W01,8,STK_001,11,STK_002,0.0,0.0
0,2020-W01,8,STK_001,12,USR_002,0.0,0.0
0,2020-W01,8,STK_001,13,USR_010,0.0,0.0
0,2020-W01,8,STK_001,14,USR_001,0.0,0.0
0,2020-W01,9,USR_008,0,STK_004,0.0,0.0
0,2020-W01,9,USR_008,1,USR_003,0.0,0.0
0,2020-W01,9,USR_008,2,USR_009,0.0,0.0
0,2020-W01,9,USR_008,3,STK_005,0.0,0.0
0,2020-W01,9,USR_008,4,USR_005,0.0,0.0
0,2020-W01,9,USR_008,5,STK_003,0.0,0.0
0,2020-W01,9,USR_008,6,USR_004,0.0,0.0
0,2020-W01,9,USR_008,7,USR_007,0.0,0.0
0,2020-W01,9,USR_008,8,STK_001,0.0,0.0
0,2020-W01,9,USR_008,9,USR_008,0.0,0.0
0,2020-W01,9,USR_008,10,USR_006,0.0,0.0
0,2020-W01,9,USR_008,11,STK_002,0.0,0.0
0,2020-W01,9,USR_008,12,USR_002,0.0,0.0
0,2020-W01,9,USR_008,13,USR_010,0.0,0.0
0,2020-W01,9,USR_008,14,USR_001,0.0,0.0
0,2020-W01,10,USR_006,0,STK_004,0.0,0.0
0,2020-W01,10,USR_006,1,USR_003,0.0,0.0
0,2020-W01,10,USR_006,2,USR_009,0.0,0.0
0,2020-W01,10,USR_006,3,STK_005,0.0,0.0
0,2020-W01,10,USR_006,4,USR_005,0.0,0.0
0,2020-W01,10,USR_006,5,STK_003,0.0,0.0
0,2020-W01,10,USR_006,6,USR_004,0.0,0.0
0,2020-W01,10,USR_006,7,USR_007,0.0,0.0
0,2020-W01,10,USR_006,8,STK_001,0.0,0.0
0,2020-W01,10,USR_006,9,USR_008,0.0,0.0
0,2020-W01,10,USR_006,10,USR_006,0.0,0.0
0,2020-W01,10,USR_006,11,STK_002,0.0,0.0
0,2020-W01,10,USR_006,12,USR_002,0.0,0.0
0,2020-W01,10,USR_006,13,USR_010,0.0,0.0
0,2020-W01,10,USR_006,14,USR_001,0.0,0.0
0,2020-W01,11,STK_002,0,STK_004,0.0,0.0
0,2020-W01,11,STK_002,1,USR_003,0.0,0.0
0,2020-W01,11,STK_002,2,USR_009,0.0,0.0
0,2020-W01,11,STK_002,3,STK_005,0.0,0.0
0,2020-W01,11,STK_002,4,USR_005,0.0,0.0
0,2020-W01,11,STK_002,5,STK_003,0.0,0.0
0,2020-W01,11,STK_002,6,USR_004,0.0,0.0
0,2020-W01,11,STK_002,7,USR_007,0.0,0.0
0,2020-W01,11,STK_002,8,STK_001,0.0,0.0
0,2020-W01,11,STK_002,9,USR_008,0.0,0.0
0,2020-W01,11,STK_002,10,USR_006,0.0,0.0
0,2020-W01,11,STK_002,11,STK_002,0.0,0.0
0,2020-W01,11,STK_002,12,USR_002,0.0,0.0
0,2020-W01,11,STK_002,13,USR_010,0.0,0.0
0,2020-W01,11,STK_002,14,USR_001,0.0,0.0
0,2020-W01,12,USR_002,0,STK_004,0.0,0.0
0,2020-W01,12,USR_002,1,USR_003,0.0,0.0
0,2020-W01,12,USR_002,2,USR_009,0.0,0.0
0,2020-W01,12,USR_002,3,STK_005,0.0,0.0
0,2020-W01,12,USR_002,4,USR_005,0.0,0.0
0,2020-W01,12,USR_002,5,STK_003,0.0,0.0
0,2020-W01,12,USR_002,6,USR_004,0.0,0.0
0,2020-W01,12,USR_002,7,USR_007,0.0,0.0
0,2020-W01,12,USR_002,8,STK_001,0.0,0.0
0,2020-W01,12,USR_002,9,USR_008,0.0,0.0
0,2020-W01,12,USR_002,10,USR_006,0.0,0.0
0,2020-W01,12,USR_002,11,STK_002,0.0,0.0
0,2020-W01,12,USR_002,12,USR_002,0.0,0.0
0,2020-W01,12,USR_002,13,USR_010,0.0,0.0
0,2020-W01,12,USR_002,14,USR_001,0.0,0.0
0,2020-W01,13,USR_010,0,STK_004,0.0,0.0
0,2020-W01,13,USR_010,1,USR_003,0.0,0.0
0,2020-W01,13,USR_010,2,USR_009,0.0,0.0
0,2020-W01,13,USR_010,3,STK_005,0.0,0.0
0,2020-W01,13,USR_010,4,USR_005,0.0,0.0
0,2020-W01,13,USR_010,5,STK_003,0.0,0.0
0,2020-W01,13,USR_010,6,USR_004,0.0,0.0
0,2020-W01,13,USR_010,7,USR_007,0.0,0.0
0,2020-W01,13,USR_010,8,STK_001,0.0,0.0
0,2020-W01,13,USR_010,9,USR_008,0.0,0.0
0,2020-W01,13,USR_010,10,USR_006,0.0,0.0
0,2020-W01,13,USR_010,11,STK_002,0.0,0.0
0,2020-W01,13,USR_010,12,USR_002,0.0,0.0
0,2020-W01,13,USR_010,13,USR_010,0.0,0.0
0,2020-W01,13,USR_010,14,USR_001,0.0,0.0
0,2020-W01,14,USR_001,0,STK_004,0.0,0.0
0,2020-W01,14,USR_001,1,USR_003,0.0,0.0
0,2020-W01,14,USR_001,2,USR_009,0.0,0.0
0,2020-W01,14,USR_001,3,STK_005,0.0,0.0
0,2020-W01,14,USR_001,4,USR_005,0.0,0.0
0,2020-W01,14,USR_001,5,STK_003,0.0,0.0
0,2020-W01,14,USR_001,6,USR_004,0.0,0.0
0,2020-W01,14,USR_001,7,USR_007,0.0,0.0
0,2020-W01,14,USR_001,8,STK_001,0.0,0.0
0,2020-W01,14,USR_001,9,USR_008,0.0,0.0
0,2020-W01,14,USR_001,10,USR_006,0.0,0.0
0,2020-W01,14,USR_001,11,STK_002,0.0,0.0
0,2020-W01,14,USR_001,12,USR_002,0.0,0.0
0,2020-W01,14,USR_001,13,USR_010,0.0,0.0
0,2020-W01,14,USR_001,14,USR_001,0.0,0.0
1,2020-W02,0,STK_004,0,STK_004,0.0,0.0
1,2020-W02,0,STK_004,1,USR_003,0.0,0.0
1,2020-W02,0,STK_004,2,USR_009,0.0,0.0
1,2020-W02,0,STK_004,3,STK_005,0.0,0.0
1,2020-W02,0,STK_004,4,USR_005,0.0,0.0
1,2020-W02,0,STK_004,5,STK_003,0.0,0.0
1,2020-W02,0,STK_004,6,USR_004,0.0,0.0
1,2020-W02,0,STK_004,7,USR_007,0.0,0.0
1,2020-W02,0,STK_004,8,STK_001,0.0,0.0
1,2020-W02,0,STK_004,9,USR_008,0.0,0.0
1,2020-W02,0,STK_004,10,USR_006,0.0,0.0
1,2020-W02,0,STK_004,11,STK_002,0.0,0.0
1,2020-W02,0,STK_004,12,USR_002,0.0,0.0
1,2020-W02,0,STK_004,13,USR_010,0.0,0.0
1,2020-W02,0,STK_004,14,USR_001,0.0,0.0
1,2020-W02,1,USR_003,0,STK_004,0.0,0.0
1,2020-W02,1,USR_003,1,USR_003,0.0,0.0
1,2020-W02,1,USR_003,2,USR_009,0.0,0.0
1,2020-W02,1,USR_003,3,STK_005,0.0,0.0
1,2020-W02,1,USR_003,4,USR_005,0.0,0.0
1,2020-W02,1,USR_003,5,STK_003,0.0,0.0
1,2020-W02,1,USR_003,6,USR_004,0.0,0.0
1,2020-W02,1,USR_003,7,USR_007,0.0,0.0
1,2020-W02,1,USR_003,8,STK_001,0.0,0.0
1,2020-W02,1,USR_003,9,USR_008,0.0,0.0
1,2020-W02,1,USR_003,10,USR_006,0.0,0.0
1,2020-W02,1,USR_003,11,STK_002,0.0,0.0
1,2020-W02,1,USR_003,12,USR_002,0.0,0.0
1,2020-W02,1,USR_003,13,USR_010,0.0,0.0
1,2020-W02,1,USR_003,14,USR_001,0.0,0.0
1,2020-W02,2,USR_009,0,STK_004,0.0,0.0
1,2020-W02,2,USR_009,1,USR_003,0.0,0.0
1,2020-W02,2,USR_009,2,USR_009,0.0,0.0
1,2020-W02,2,USR_009,3,STK_005,0.0,0.0
1,2020-W02,2,USR_009,4,USR_005,0.0,0.0
1,2020-W02,2,USR_009,5,STK_003,0.0,0.0
1,2020-W02,2,USR_009,6,USR_004,0.0,0.0
1,2020-W02,2,USR_009,7,USR_007,0.0,0.0
1,2020-W02,2,USR_009,8,STK_001,0.0,0.0
1,2020-W02,2,USR_009,9,USR_008,0.0,0.0
1,2020-W02,2,USR_009,10,USR_006,0.0,0.0
1,2020-W02,2,USR_009,11,STK_002,0.0,0.0
1,2020-W02,2,USR_009,12,USR_002,0.0,0.0
1,2020-W02,2,USR_009,13,USR_010,0.0,0.0
1,2020-W02,2,USR_009,14,USR_001,0.0,0.0
1,2020-W02,3,STK_005,0,STK_004,0.0,0.0
1,2020-W02,3,STK_005,1,USR_003,0.0,0.0
1,2020-W02,3,STK_005,2,USR_009,0.0,0.0
1,2020-W02,3,STK_005,3,STK_005,0.0,0.0
1,2020-W02,3,STK_005,4,USR_005,0.0,0.0
1,2020-W02,3,STK_005,5,STK_003,0.0,0.0
1,2020-W02,3,STK_005,6,USR_004,0.0,0.0
1,2020-W02,3,STK_005,7,USR_007,0.0,0.0
1,2020-W02,3,STK_005,8,STK_001,0.0,0.0
1,2020-W02,3,STK_005,9,USR_008,0.0,0.0
1,2020-W02,3,STK_005,10,USR_006,0.0,0.0
1,2020-W02,3,STK_005,11,STK_002,0.0,0.0
1,2020-W02,3,STK_005,12,USR_002,0.0,0.0
1,2020-W02,3,STK_005,13,USR_010,0.0,0.0
1,2020-W02,3,STK_005,14,USR_001,0.0,0.0
1,2020-W02,4,USR_005,0,STK_004,0.0,0.0
1,2020-W02,4,USR_005,1,USR_003,0.0,0.0
1,2020-W02,4,USR_005,2,USR_009,0.0,0.0
1,2020-W02,4,USR_005,3,STK_005,0.0,0.0
1,2020-W02,4,USR_005,4,USR_005,0.0,0.0
1,2020-W02,4,USR_005,5,STK_003,0.0,0.0
1,2020-W02,4,USR_005,6,USR_004,0.0,0.0
1,2020-W02,4,USR_005,7,USR_007,0.0,0.0
1,2020-W02,4,USR_005,8,STK_001,0.0,0.0
1,2020-W02,4,USR_005,9,USR_008,0.0,0.0
1,2020-W02,4,USR_005,10,USR_006,0.0,0.0
1,2020-W02,4,USR_005,11,STK_002,0.0,0.0
1,2020-W02,4,USR_005,12,USR_002,0.0,0.0
1,2020-W02,4,USR_005,13,USR_010,0.0,0.0
1,2020-W02,4,USR_005,14,USR_001,0.0,0.0
1,2020-W02,5,STK_003,0,STK_004,0.0,0.0
1,2020-W02,5,STK_003,1,USR_003,0.0,0.0
1,2020-W02,5,STK_003,2,USR_009,0.0,0.0
1,2020-W02,5,STK_003,3,STK_005,0.0,0.0
1,2020-W02,5,STK_003,4,USR_005,0.0,0.0
1,2020-W02,5,STK_003,5,STK_003,0.0,0.0
1,2020-W02,5,STK_003,6,USR_004,0.0,0.0
1,2020-W02,5,STK_003,7,USR_007,0.0,0.0
1,2020-W02,5,STK_003,8,STK_001,0.0,0.0
1,2020-W02,5,STK_003,9,USR_008,0.0,0.0
1,2020-W02,5,STK_003,10,USR_006,0.0,0.0
1,2020-W02,5,STK_003,11,STK_002,0.0,0.0
1,2020-W02,5,STK_003,12,USR_002,0.0,0.0
1,2020-W02,5,STK_003,13,USR_010,0.0,0.0
1,2020-W02,5,STK_003,14,USR_001,0.0,0.0
1,2020-W02,6,USR_004,0,STK_004,0.0,0.0
1,2020-W02,6,USR_004,1,USR_003,0.0,0.0
1,2020-W02,6,USR_004,2,USR_009,0.0,0.0
1,2020-W02,6,USR_004,3,STK_005,0.0,0.0
1,2020-W02,6,USR_004,4,USR_005,0.0,0.0
1,2020-W02,6,USR_004,5,STK_003,0.0,0.0
1,2020-W02,6,USR_004,6,USR_004,0.0,0.0
1,2020-W02,6,USR_004,7,USR_007,0.0,0.0
1,2020-W02,6,USR_004,8,STK_001,0.0,0.0
1,2020-W02,6,USR_004,9,USR_008,0.0,0.0
1,2020-W02,6,USR_004,10,USR_006,0.0,0.0
1,2020-W02,6,USR_004,11,STK_002,0.0,0.0
1,2020-W02,6,USR_004,12,USR_002,0.0,0.0
1,2020-W02,6,USR_004,13,USR_010,0.0,0.0
1,2020-W02,6,USR_004,14,USR_001,0.0,0.0
1,2020-W02,7,USR_007,0,STK_004,0.0,0.0
1,2020-W02,7,USR_007,1,USR_003,0.0,0.0
1,2020-W02,7,USR_007,2,USR_009,0.0,0.0
1,2020-W02,7,USR_007,3,STK_005,0.0,0.0
1,2020-W02,7,USR_007,4,USR_005,0.0,0.0
1,2020-W02,7,USR_007,5,STK_003,0.0,0.0
1,2020-W02,7,USR_007,6,USR_004,0.0,0.0
1,2020-W02,7,USR_007,7,USR_007,0.0,0.0
1,2020-W02,7,USR_007,8,STK_001,0.0,0.0
1,2020-W02,7,USR_007,9,USR_008,0.0,0.0
1,2020-W02,7,USR_007,10,USR_006,0.0,0.0
1,2020-W02,7,USR_007,11,STK_002,0.0,0.0
1,2020-W02,7,USR_007,12,USR_002,0.0,0.0
1,2020-W02,7,USR_007,13,USR_010,0.0,0.0
1,2020-W02,7,USR_007,14,USR_001,0.0,0.0
1,2020-W02,8,STK_001,0,STK_004,0.0,0.0
1,2020-W02,8,STK_001,1,USR_003,0.0,0.0
1,2020-W02,8,STK_001,2,USR_009,0.0,0.0
1,2020-W02,8,STK_001,3,STK_005,0.0,0.0
1,2020-W02,8,STK_001,4,USR_005,0.0,0.0
1,2020-W02,8,STK_001,5,STK_003,0.0,0.0
1,2020-W02,8,STK_001,6,USR_004,0.0,0.0
1,2020-W02,8,STK_001,7,USR_007,0.0,0.0
1,2020-W02,8,STK_001,8,STK_001,0.0,0.0
1,2020-W02,8,STK_001,9,USR_008,0.0,0.0
1,2020-W02,8,STK_001,10,USR_006,0.0,0.0
1,2020-W02,8,STK_001,11,STK_002,0.0,0.0
1,2020-W02,8,STK_001,12,USR_002,0.0,0.0
1,2020-W02,8,STK_001,13,USR_010,0.0,0.0
1,2020-W02,8,STK_001,14,USR_001,0.0,0.0
1,2020-W02,9,USR_008,0,STK_004,0.0,0.0
1,2020-W02,9,USR_008,1,USR_003,0.0,0.0
1,2020-W02,9,USR_008,2,USR_009,0.0,0.0
1,2020-W02,9,USR_008,3,STK_005,0.0,0.0
1,2020-W02,9,USR_008,4,USR_005,0.0,0.0
1,2020-W02,9,USR_008,5,STK_003,0.0,0.0
1,2020-W02,9,USR_008,6,USR_004,0.0,0.0
1,2020-W02,9,USR_008,7,USR_007,0.0,0.0
1,2020-W02,9,USR_008,8,STK_001,0.0,0.0
1,2020-W02,9,USR_008,9,USR_008,0.0,0.0
1,2020-W02,9,USR_008,10,USR_006,0.0,0.0
1,2020-W02,9,USR_008,11,STK_002,0.0,0.0
1,2020-W02,9,USR_008,12,USR_002,0.0,0.0
1,2020-W02,9,USR_008,13,USR_010,0.0,0.0
1,2020-W02,9,USR_008,14,USR_001,0.0,0.0
1,2020-W02,10,USR_006,0,STK_004,0.0,0.0
1,2020-W02,10,USR_006,1,USR_003,0.0,0.0
1,2020-W02,10,USR_006,2,USR_009,0.0,0.0
1,2020-W02,10,USR_006,3,STK_005,0.0,0.0
1,2020-W02,10,USR_006,4,USR_005,0.0,0.0
1,2020-W02,10,USR_006,5,STK_003,0.0,0.0
1,2020-W02,10,USR_006,6,USR_004,0.0,0.0
1,2020-W02,10,USR_006,7,USR_007,0.0,0.0
1,2020-W02,10,USR_006,8,STK_001,0.0,0.0
1,2020-W02,10,USR_006,9,USR_008,0.0,0.0
1,2020-W02,10,USR_006,10,USR_006,0.0,0.0
1,2020-W02,10,USR_006,11,STK_002,0.0,0.0
1,2020-W02,10,USR_006,12,USR_002,0.0,0.0
1,2020-W02,10,USR_006,13,USR_010,0.0,0.0
1,2020-W02,10,USR_006,14,USR_001,0.0,0.0
1,2020-W02,11,STK_002,0,STK_004,0.0,0.0
1,2020-W02,11,STK_002,1,USR_003,0.0,0.0
1,2020-W02,11,STK_002,2,USR_009,0.0,0.0
1,2020-W02,11,STK_002,3,STK_005,0.0,0.0
1,2020-W02,11,STK_002,4,USR_005,0.0,0.0
1,2020-W02,11,STK_002,5,STK_003,0.0,0.0
1,2020-W02,11,STK_002,6,USR_004,0.0,0.0
1,2020-W02,11,STK_002,7,USR_007,0.0,0.0
1,2020-W02,11,STK_002,8,STK_001,0.0,0.0
1,2020-W02,11,STK_002,9,USR_008,0.0,0.0
1,2020-W02,11,STK_002,10,USR_006,0.0,0.0
1,2020-W02,11,STK_002,11,STK_002,0.0,0.0
1,2020-W02,11,STK_002,12,USR_002,0.0,0.0
1,2020-W02,11,STK_002,13,USR_010,0.0,0.0
1,2020-W02,11,STK_002,14,USR_001,0.0,0.0
1,2020-W02,12,USR_002,0,STK_004,0.0,0.0
1,2020-W02,12,USR_002,1,USR_003,0.0,0.0
1,2020-W02,12,USR_002,2,USR_009,0.0,0.0
1,2020-W02,12,USR_002,3,STK_005,0.0,0.0
1,2020-W02,12,USR_002,4,USR_005,0.0,0.0
1,2020-W02,12,USR_002,5,STK_003,0.0,0.0
1,2020-W02,12,USR_002,6,USR_004,0.0,0.0
1,2020-W02,12,USR_002,7,USR_007,0.0,0.0
1,2020-W02,12,USR_002,8,STK_001,0.0,0.0
1,2020-W02,12,USR_002,9,USR_008,0.0,0.0
1,2020-W02,12,USR_002,10,USR_006,0.0,0.0
1,2020-W02,12,USR_002,11,STK_002,0.0,0.0
1,2020-W02,12,USR_002,12,USR_002,0.0,0.0
1,2020-W02,12,USR_002,13,USR_010,0.0,0.0
1,2020-W02,12,USR_002,14,USR_001,0.0,0.0
1,2020-W02,13,USR_010,0,STK_004,0.0,0.0
1,2020-W02,13,USR_010,1,USR_003,0.0,0.0
1,2020-W02,13,USR_010,2,USR_009,0.0,0.0
1,2020-W02,13,USR_010,3,STK_005,0.0,0.0
1,2020-W02,13,USR_010,4,USR_005,0.0,0.0
1,2020-W02,13,USR_010,5,STK_003,0.0,0.0
1,2020-W02,13,USR_010,6,USR_004,0.0,0.0
1,2020-W02,13,USR_010,7,USR_007,0.0,0.0
1,2020-W02,13,USR_010,8,STK_001,0.0,0.0
1,2020-W02,13,USR_010,9,USR_008,0.0,0.0
1,2020-W02,13,USR_010,10,USR_006,0.0,0.0
1,2020-W02,13,USR_010,11,STK_002,0.0,0.0
1,2020-W02,13,USR_010,12,USR_002,0.0,0.0
1,2020-W02,13,USR_010,13,USR_010,0.0,0.0
1,2020-W02,13,USR_010,14,USR_001,0.0,0.0
1,2020-W02,14,USR_001,0,STK_004,0.0,0.0
1,2020-W02,14,USR_001,1,USR_003,0.0,0.0
1,2020-W02,14,USR_001,2,USR_009,0.0,0.0
1,2020-W02,14,USR_001,3,STK_005,0.0,0.0
1,2020-W02,14,USR_001,4,USR_005,0.0,0.0
1,2020-W02,14,USR_001,5,STK_003,0.0,0.0
1,2020-W02,14,USR_001,6,USR_004,0.0,0.0
1,2020-W02,14,USR_001,7,USR_007,0.0,0.0
1,2020-W02,14,USR_001,8,STK_001,0.0,0.0
1,2020-W02,14,USR_001,9,USR_008,0.0,0.0
1,2020-W02,14,USR_001,10,USR_006,0.0,0.0
1,2020-W02,14,USR_001,11,STK_002,0.0,0.0
1,2020-W02,14,USR_001,12,USR_002,0.0,0.0
1,2020-W02,14,USR_001,13,USR_010,0.0,0.0
1,2020-W02,14,USR_001,14,USR_001,0.0,0.0
2,2020-W03,0,STK_004,0,STK_004,0.0,1.0
2,2020-W03,0,STK_004,1,USR_003,0.0,-0.0
2,2020-W03,0,STK_004,2,USR_009,0.0,-0.0
2,2020-W03,0,STK_004,3,STK_005,0.0,-0.0
2,2020-W03,0,STK_004,4,USR_005,0.0,-0.0
2,2020-W03,0,STK_004,5,STK_003,0.0,-0.0
2,2020-W03,0,STK_004,6,USR_004,0.0,-0.0
2,2020-W03,0,STK_004,7,USR_007,0.0,-0.0
2,2020-W03,0,STK_004,8,STK_001,0.0,-0.0
2,2020-W03,0,STK_004,9,USR_008,0.0,-0.0
2,2020-W03,0,STK_004,10,USR_006,0.0,-0.0
2,2020-W03,0,STK_004,11,STK_002,0.0,-0.0
2,2020-W03,0,STK_004,12,USR_002,0.0,-0.0
2,2020-W03,0,STK_004,13,USR_010,0.0,-0.0
2,2020-W03,0,STK_004,14,USR_001,0.0,-0.0
2,2020-W03,1,USR_003,0,STK_004,0.0,-0.0
2,2020-W03,1,USR_003,1,USR_003,0.0,1.0
2,2020-W03,1,USR_003,2,USR_009,-0.0,1.0
2,2020-W03,1,USR_003,3,STK_005,0.0,-0.0
2,2020-W03,1,USR_003,4,USR_005,-0.0,1.0
2,2020-W03,1,USR_003,5,STK_003,-0.0,1.0
2,2020-W03,1,USR_003,6,USR_004,-0.0,1.0
2,2020-W03,1,USR_003,7,USR_007,-0.0,1.0
2,2020-W03,1,USR_003,8,STK_001,0.0,-0.0
2,2020-W03,1,USR_003,9,USR_008,-0.0,1.0
2,2020-W03,1,USR_003,10,USR_006,0.0,-1.0
2,2020-W03,1,USR_003,11,STK_002,0.0,-0.0
2,2020-W03,1,USR_003,12,USR_002,0.0,-0.0
2,2020-W03,1,USR_003,13,USR_010,0.0,-0.0
2,2020-W03,1,USR_003,14,USR_001,0.0,-0.0
2,2020-W03,2,USR_009,0,STK_004,0.0,-0.0
2,2020-W03,2,USR_009,1,USR_003,-0.0,1.0
2,2020-W03,2,USR_009,2,USR_009,0.0,1.0
2,2020-W03,2,USR_009,3,STK_005,0.0,-0.0
2,2020-W03,2,USR_009,4,USR_005,0.0,-1.0
2,2020-W03,2,USR_009,5,STK_003,0.0,-1.0
2,2020-W03,2,USR_009,6,USR_004,0.0,-1.0
2,2020-W03,2,USR_009,7,USR_007,0.0,-1.0
2,2020-W03,2,USR_009,8,STK_001,0.0,-0.0
2,2020-W03,2,USR_009,9,USR_008,0.0,-1.0
2,2020-W03,2,USR_009,10,USR_006,-0.0,1.0
2,2020-W03,2,USR_009,11,STK_002,0.0,-0.0
2,2020-W03,2,USR_009,12,USR_002,0.0,-0.0
2,2020-W03,2,USR_009,13,USR_010,0.0,-0.0
2,2020-W03,2,USR_009,14,USR_001,0.0,-0.0
2,2020-W03,3,STK_005,0,STK_004,0.0,-0.0
2,2020-W03,3,STK_005,1,USR_003,0.0,-0.0
2,2020-W03,3,STK_005,2,USR_009,0.0,-0.0
2,2020-W03,3,STK_005,3,STK_005,0.0,1.0
2,2020-W03,3,STK_005,4,USR_005,0.0,-0.0
2,2020-W03,3,STK_005,5,STK_003,0.0,-0.0
2,2020-W03,3,STK_005,6,USR_004,0.0,-0.0
2,2020-W03,3,STK_005,7,USR_007,0.0,-0.0
2,2020-W03,3,STK_005,8,STK_001,0.0,-0.0
2,2020-W03,3,STK_005,9,USR_008,0.0,-0.0
2,2020-W03,3,STK_005,10,USR_006,0.0,-0.0
2,2020-W03,3,STK_005,11,STK_002,0.0,-0.0
2,2020-W03,3,STK_005,12,USR_002,0.0,-0.0
2,2020-W03,3,STK_005,13,USR_010,0.0,-0.0
2,2020-W03,3,STK_005,14,USR_001,0.0,-0.0
2,2020-W03,4,USR_005,0,STK_004,0.0,-0.0
2,2020-W03,4,USR_005,1,USR_003,-0.0,1.0
2,2020-W03,4,USR_005,2,USR_009,0.0,-1.0
2,2020-W03,4,USR_005,3,STK_005,0.0,-0.0
2,2020-W03,4,USR_005,4,USR_005,0.0,1.0
2,2020-W03,4,USR_005,5,STK_003,0.0,-1.0
2,2020-W03,4,USR_005,6,USR_004,0.0,-1.0
2,2020-W03,4,USR_005,7,USR_007,0.0,-1.0
2,2020-W03,4,USR_005,8,STK_001,0.0,-0.0
2,2020-W03,4,USR_005,9,USR_008,0.0,-1.0
2,2020-W03,4,USR_005,10,USR_006,-0.0,1.0
2,2020-W03,4,USR_005,11,STK_002,0.0,-0.0
2,2020-W03,4,USR_005,12,USR_002,0.0,-0.0
2,2020-W03,4,USR_005,13,USR_010,0.0,-0.0
2,2020-W03,4,USR_005,14,USR_001,0.0,-0.0
2,2020-W03,5,STK_003,0,STK_004,0.0,-0.0
2,2020-W03,5,STK_003,1,USR_003,-0.0,1.0
2,2020-W03,5,STK_003,2,USR_009,0.0,-1.0
2,2020-W03,5,STK_003,3,STK_005,0.0,-0.0
2,2020-W03,5,STK_003,4,USR_005,0.0,-1.0
2,2020-W03,5,STK_003,5,STK_003,0.0,1.0
2,2020-W03,5,STK_003,6,USR_004,0.0,-1.0
2,2020-W03,5,STK_003,7,USR_007,0.0,-1.0
2,2020-W03,5,STK_003,8,STK_001,0.0,-0.0
2,2020-W03,5,STK_003,9,USR_008,0.0,-1.0
2,2020-W03,5,STK_003,10,USR_006,-0.0,1.0
2,2020-W03,5,STK_003,11,STK_002,0.0,-0.0
2,2020-W03,5,STK_003,12,USR_002,0.0,-0.0
2,2020-W03,5,STK_003,13,USR_010,0.0,-0.0
2,2020-W03,5,STK_003,14,USR_001,0.0,-0.0
2,2020-W03,6,USR_004,0,STK_004,0.0,-0.0
2,2020-W03,6,USR_004,1,USR_003,-0.0,1.0
2,2020-W03,6,USR_004,2,USR_009,0.0,-1.0
2,2020-W03,6,USR_004,3,STK_005,0.0,-0.0
2,2020-W03,6,USR_004,4,USR_005,0.0,-1.0
2,2020-W03,6,USR_004,5,STK_003,0.0,-1.0
2,2020-W03,6,USR_004,6,USR_004,0.0,1.0
2,2020-W03,6,USR_004,7,USR_007,0.0,-1.0
2,2020-W03,6,USR_004,8,STK_001,0.0,-0.0
2,2020-W03,6,USR_004,9,USR_008,0.0,-1.0
2,2020-W03,6,USR_004,10,USR_006,-0.0,1.0
2,2020-W03,6,USR_004,11,STK_002,0.0,-0.0
2,2020-W03,6,USR_004,12,USR_002,0.0,-0.0
2,2020-W03,6,USR_004,13,USR_010,0.0,-0.0
2,2020-W03,6,USR_004,14,USR_001,0.0,-0.0
2,2020-W03,7,USR_007,0,STK_004,0.0,-0.0
2,2020-W03,7,USR_007,1,USR_003,-0.0,1.0
2,2020-W03,7,USR_007,2,USR_009,0.0,-1.0
2,2020-W03,7,USR_007,3,STK_005,0.0,-0.0
2,2020-W03,7,USR_007,4,USR_005,0.0,-1.0
2,2020-W03,7,USR_007,5,STK_003,0.0,-1.0
2,2020-W03,7,USR_007,6,USR_004,0.0,-1.0
2,2020-W03,7,USR_007,7,USR_007,0.0,1.0
2,2020-W03,7,USR_007,8,STK_001,0.0,-0.0
2,2020-W03,7,USR_007,9,USR_008,0.0,-1.0
2,2020-W03,7,USR_007,10,USR_006,-0.0,1.0
2,2020-W03,7,USR_007,11,STK_002,0.0,-0.0
2,2020-W03,7,USR_007,12,USR_002,0.0,-0.0
2,2020-W03,7,USR_007,13,USR_010,0.0,-0.0
2,2020-W03,7,USR_007,14,USR_001,0.0,-0.0
2,2020-W03,8,STK_001,0,STK_004,0.0,-0.0
2,2020-W03,8,STK_001,1,USR_003,0.0,-0.0
2,2020-W03,8,STK_001,2,USR_009,0.0,-0.0
2,2020-W03,8,STK_001,3,STK_005,0.0,-0.0
2,2020-W03,8,STK_001,4,USR_005,0.0,-0.0
2,2020-W03,8,STK_001,5,STK_003,0.0,-0.0
2,2020-W03,8,STK_001,6,USR_004,0.0,-0.0
2,2020-W03,8,STK_001,7,USR_007,0.0,-0.0
2,2020-W03,8,STK_001,8,STK_001,0.0,1.0
2,2020-W03,8,STK_001,9,USR_008,0.0,-0.0
2,2020-W03,8,STK_001,10,USR_006,0.0,-0.0
2,2020-W03,8,STK_001,11,STK_002,0.0,-0.0
2,2020-W03,8,STK_001,12,USR_002,0.0,-0.0
2,2020-W03,8,STK_001,13,USR_010,0.0,-0.0
2,2020-W03,8,STK_001,14,USR_001,0.0,-0.0
2,2020-W03,9,USR_008,0,STK_004,0.0,-0.0
2,2020-W03,9,USR_008,1,USR_003,-0.0,1.0
2,2020-W03,9,USR_008,2,USR_009,0.0,-1.0
2,2020-W03,9,USR_008,3,STK_005,0.0,-0.0
2,2020-W03,9,USR_008,4,USR_005,0.0,-1.0
2,2020-W03,9,USR_008,5,STK_003,0.0,-1.0
2,2020-W03,9,USR_008,6,USR_004,0.0,-1.0
2,2020-W03,9,USR_008,7,USR_007,0.0,-1.0
2,2020-W03,9,USR_008,8,STK_001,0.0,-0.0
2,2020-W03,9,USR_008,9,USR_008,0.0,1.0
2,2020-W03,9,USR_008,10,USR_006,-0.0,1.0
2,2020-W03,9,USR_008,11,STK_002,0.0,-0.0
2,2020-W03,9,USR_008,12,USR_002,0.0,-0.0
2,2020-W03,9,USR_008,13,USR_010,0.0,-0.0
2,2020-W03,9,USR_008,14,USR_001,0.0,-0.0
2,2020-W03,10,USR_006,0,STK_004,0.0,-0.0
2,2020-W03,10,USR_006,1,USR_003,0.0,-1.0
2,2020-W03,10,USR_006,2,USR_009,-0.0,1.0
2,2020-W03,10,USR_006,3,STK_005,0.0,-0.0
2,2020-W03,10,USR_006,4,USR_005,-0.0,1.0
2,2020-W03,10,USR_006,5,STK_003,-0.0,1.0
2,2020-W03,10,USR_006,6,USR_004,-0.0,1.0
2,2020-W03,10,USR_006,7,USR_007,-0.0,1.0
2,2020-W03,10,USR_006,8,STK_001,0.0,-0.0
2,2020-W03,10,USR_006,9,USR_008,-0.0,1.0
2,2020-W03,10,USR_006,10,USR_006,0.0,1.0
2,2020-W03,10,USR_006,11,STK_002,0.0,-0.0
2,2020-W03,10,USR_006,12,USR_002,0.0,-0.0
2,2020-W03,10,USR_006,13,USR_010,0.0,-0.0
2,2020-W03,10,USR_006,14,USR_001,0.0,-0.0
2,2020-W03,11,STK_002,0,STK_004,0.0,-0.0
2,2020-W03,11,STK_002,1,USR_003,0.0,-0.0
2,2020-W03,11,STK_002,2,USR_009,0.0,-0.0
2,2020-W03,11,STK_002,3,STK_005,0.0,-0.0
2,2020-W03,11,STK_002,4,USR_005,0.0,-0.0
2,2020-W03,11,STK_002,5,STK_003,0.0,-0.0
2,2020-W03,11,STK_002,6,USR_004,0.0,-0.0
2,2020-W03,11,STK_002,7,USR_007,0.0,-0.0
2,2020-W03,11,STK_002,8,STK_001,0.0,-0.0
2,2020-W03,11,STK_002,9,USR_008,0.0,-0.0
2,2020-W03,11,STK_002,10,USR_006,0.0,-0.0
2,2020-W03,11,STK_002,11,STK_002,0.0,1.0
2,2020-W03,11,STK_002,12,USR_002,0.0,-0.0
2,2020-W03,11,STK_002,13,USR_010,0.0,-0.0
2,2020-W03,11,STK_002,14,USR_001,0.0,-0.0
2,2020-W03,12,USR_002,0,STK_004,0.0,-0.0
2,2020-W03,12,USR_002,1,USR_003,0.0,-0.0
2,2020-W03,12,USR_002,2,USR_009,0.0,-0.0
2,2020-W03,12,USR_002,3,STK_005,0.0,-0.0
2,2020-W03,12,USR_002,4,USR_005,0.0,-0.0
2,2020-W03,12,USR_002,5,STK_003,0.0,-0.0
2,2020-W03,12,USR_002,6,USR_004,0.0,-0.0
2,2020-W03,12,USR_002,7,USR_007,0.0,-0.0
2,2020-W03,12,USR_002,8,STK_001,0.0,-0.0
2,2020-W03,12,USR_002,9,USR_008,0.0,-0.0
2,2020-W03,12,USR_002,10,USR_006,0.0,-0.0
2,2020-W03,12,USR_002,11,STK_002,0.0,-0.0
2,2020-W03,12,USR_002,12,USR_002,0.0,1.0
2,2020-W03,12,USR_002,13,USR_010,0.0,-0.0
2,2020-W03,12,USR_002,14,USR_001,0.0,-0.0
2,2020-W03,13,USR_010,0,STK_004,0.0,-0.0
2,2020-W03,13,USR_010,1,USR_003,0.0,-0.0
2,2020-W03,13,USR_010,2,USR_009,0.0,-0.0
2,2020-W03,13,USR_010,3,STK_005,0.0,-0.0
2,2020-W03,13,USR_010,4,USR_005,0.0,-0.0
2,2020-W03,13,USR_010,5,STK_003,0.0,-0.0
2,2020-W03,13,USR_010,6,USR_004,0.0,-0.0
2,2020-W03,13,USR_010,7,USR_007,0.0,-0.0
2,2020-W03,13,USR_010,8,STK_001,0.0,-0.0
2,2020-W03,13,USR_010,9,USR_008,0.0,-0.0
2,2020-W03,13,USR_010,10,USR_006,0.0,-0.0
2,2020-W03,13,USR_010,11,STK_002,0.0,-0.0
2,2020-W03,13,USR_010,12,USR_002,0.0,-0.0
2,2020-W03,13,USR_010,13,USR_010,0.0,1.0
2,2020-W03,13,USR_010,14,USR_001,0.0,-0.0
2,2020-W03,14,USR_001,0,STK_004,0.0,-0.0
2,2020-W03,14,USR_001,1,USR_003,0.0,-0.0
2,2020-W03,14,USR_001,2,USR_009,0.0,-0.0
2,2020-W03,14,USR_001,3,STK_005,0.0,-0.0
2,2020-W03,14,USR_001,4,USR_005,0.0,-0.0
2,2020-W03,14,USR_001,5,STK_003,0.0,-0.0
2,2020-W03,14,USR_001,6,USR_004,0.0,-0.0
2,2020-W03,14,USR_001,7,USR_007,0.0,-0.0
2,2020-W03,14,USR_001,8,STK_001,0.0,-0.0
2,2020-W03,14,USR_001,9,USR_008,0.0,-0.0
2,2020-W03,14,USR_001,10,USR_006,0.0,-0.0
2,2020-W03,14,USR_001,11,STK_002,0.0,-0.0
2,2020-W03,14,USR_001,12,USR_002,0.0,-0.0
2,2020-W03,14,USR_001,13,USR_010,0.0,-0.0
2,2020-W03,14,USR_001,14,USR_001,0.0,1.0
3,2020-W04,0,STK_004,0,STK_004,0.0,1.0
3,2020-W04,0,STK_004,1,USR_003,0.0,-0.0
3,2020-W04,0,STK_004,2,USR_009,0.0,-0.0
3,2020-W04,0,STK_004,3,STK_005,0.0,-0.0
3,2020-W04,0,STK_004,4,USR_005,0.0,-0.0
3,2020-W04,0,STK_004,5,STK_003,0.0,-0.0
3,2020-W04,0,STK_004,6,USR_004,0.0,-0.0
3,2020-W04,0,STK_004,7,USR_007,0.0,-0.0
3,2020-W04,0,STK_004,8,STK_001,0.0,-0.0
3,2020-W04,0,STK_004,9,USR_008,0.0,-0.0
3,2020-W04,0,STK_004,10,USR_006,0.0,-0.0
3,2020-W04,0,STK_004,11,STK_002,0.0,-0.0
3,2020-W04,0,STK_004,12,USR_002,0.0,-0.0
3,2020-W04,0,STK_004,13,USR_010,0.0,-0.0
3,2020-W04,0,STK_004,14,USR_001,0.0,-0.0
3,2020-W04,1,USR_003,0,STK_004,0.0,-0.0
3,2020-W04,1,USR_003,1,USR_003,0.0,1.0
3,2020-W04,1,USR_003,2,USR_009,-0.0,1.0
3,2020-W04,1,USR_003,3,STK_005,0.0,-0.0
3,2020-W04,1,USR_003,4,USR_005,-0.0,1.0
3,2020-W04,1,USR_003,5,STK_003,-0.0,0.9999
3,2020-W04,1,USR_003,6,USR_004,-0.0,0.9868
3,2020-W04,1,USR_003,7,USR_007,-0.0,0.9999
3,2020-W04,1,USR_003,8,STK_001,0.0,-0.0
3,2020-W04,1,USR_003,9,USR_008,-0.0,0.9999
3,2020-W04,1,USR_003,10,USR_006,0.0,-0.9997
3,2020-W04,1,USR_003,11,STK_002,0.0,-0.0
3,2020-W04,1,USR_003,12,USR_002,-0.0,0.8927
3,2020-W04,1,USR_003,13,USR_010,-0.0,0.8927
3,2020-W04,1,USR_003,14,USR_001,0.0,-0.0
3,2020-W04,2,USR_009,0,STK_004,0.0,-0.0
3,2020-W04,2,USR_009,1,USR_003,-0.0,1.0
3,2020-W04,2,USR_009,2,USR_009,0.0,1.0
3,2020-W04,2,USR_009,3,STK_005,0.0,-0.0
3,2020-W04,2,USR_009,4,USR_005,0.0,-1.0
3,2020-W04,2,USR_009,5,STK_003,0.0,-1.0
3,2020-W04,2,USR_009,6,USR_004,0.0,-0.9883
3,2020-W04,2,USR_009,7,USR_007,0.0,-1.0
3,2020-W04,2,USR_009,8,STK_001,0.0,-0.0
3,2020-W04,2,USR_009,9,USR_008,0.0,-1.0
3,2020-W04,2,USR_009,10,USR_006,-0.0,0.9999
3,2020-W04,2,USR_009,11,STK_002,0.0,-0.0
3,2020-W04,2,USR_009,12,USR_002,0.0,-0.8884
3,2020-W04,2,USR_009,13,USR_010,0.0,-0.8884
3,2020-W04,2,USR_009,14,USR_001,0.0,-0.0
3,2020-W04,3,STK_005,0,STK_004,0.0,-0.0
3,2020-W04,3,STK_005,1,USR_003,0.0,-0.0
3,2020-W04,3,STK_005,2,USR_009,0.0,-0.0
3,2020-W04,3,STK_005,3,STK_005,0.0,1.0
3,2020-W04,3,STK_005,4,USR_005,0.0,-0.0
3,2020-W04,3,STK_005,5,STK_003,0.0,-0.0
3,2020-W04,3,STK_005,6,USR_004,0.0,-0.0
3,2020-W04,3,STK_005,7,USR_007,0.0,-0.0
3,2020-W04,3,STK_005,8,STK_001,0.0,-0.0
3,2020-W04,3,STK_005,9,USR_008,0.0,-0.0
3,2020-W04,3,STK_005,10,USR_006,0.0,-0.0
3,2020-W04,3,STK_005,11,STK_002,0.0,-0.0
3,2020-W04,3,STK_005,12,USR_002,0.0,-0.0
3,2020-W04,3,STK_005,13,USR_010,0.0,-0.0
3,2020-W04,3,STK_005,14,USR_001,0.0,-0.0
3,2020-W04,4,USR_005,0,STK_004,0.0,-0.0
3,2020-W04,4,USR_005,1,USR_003,-0.0,1.0
3,2020-W04,4,USR_005,2,USR_009,0.0,-1.0
3,2020-W04,4,USR_005,3,STK_005,0.0,-0.0
3,2020-W04,4,USR_005,4,USR_005,0.0,1.0
3,2020-W04,4,USR_005,5,STK_003,0.0,-1.0
3,2020-W04,4,USR_005,6,USR_004,0.0,-0.9883
3,2020-W04,4,USR_005,7,USR_007,0.0,-1.0
3,2020-W04,4,USR_005,8,STK_001,0.0,-0.0
3,2020-W04,4,USR_005,9,USR_008,0.0,-1.0
3,2020-W04,4,USR_005,10,USR_006,-0.0,0.9999
3,2020-W04,4,USR_005,11,STK_002,0.0,-0.0
3,2020-W04,4,USR_005,12,USR_002,0.0,-0.8886
3,2020-W04,4,USR_005,13,USR_010,0.0,-0.8886
3,2020-W04,4,USR_005,14,USR_001,0.0,-0.0
3,2020-W04,5,STK_003,0,STK_004,0.0,-0.0
3,2020-W04,5,STK_003,1,USR_003,-0.0,0.9999
3,2020-W04,5,STK_003,2,USR_009,0.0,-1.0
3,2020-W04,5,STK_003,3,STK_005,0.0,-0.0
3,2020-W04,5,STK_003,4,USR_005,0.0,-1.0
3,2020-W04,5,STK_003,5,STK_003,0.0,1.0
3,2020-W04,5,STK_003,6,USR_004,0.0,-0.9889
3,2020-W04,5,STK_003,7,USR_007,0.0,-1.0
3,2020-W04,5,STK_003,8,STK_001,0.0,-0.0
3,2020-W04,5,STK_003,9,USR_008,0.0,-1.0
3,2020-W04,5,STK_003,10,USR_006,-0.0,1.0
3,2020-W04,5,STK_003,11,STK_002,0.0,-0.0
3,2020-W04,5,STK_003,12,USR_002,0.0,-0.8867
3,2020-W04,5,STK_003,13,USR_010,0.0,-0.8867
3,2020-W04,5,STK_003,14,USR_001,0.0,-0.0
3,2020-W04,6,USR_004,0,STK_004,0.0,-0.0
3,2020-W04,6,USR_004,1,USR_003,-0.0,0.9868
3,2020-W04,6,USR_004,2,USR_009,0.0,-0.9883
3,2020-W04,6,USR_004,3,STK_005,0.0,-0.0
3,2020-W04,6,USR_004,4,USR_005,0.0,-0.9883
3,2020-W04,6,USR_004,5,STK_003,0.0,-0.9889
3,2020-W04,6,USR_004,6,USR_004,0.0,1.0
3,2020-W04,6,USR_004,7,USR_007,0.0,-0.9888
3,2020-W04,6,USR_004,8,STK_001,0.0,-0.0
3,2020-W04,6,USR_004,9,USR_008,0.0,-0.989
3,2020-W04,6,USR_004,10,USR_006,-0.0,0.9902
3,2020-W04,6,USR_004,11,STK_002,0.0,-0.0
3,2020-W04,6,USR_004,12,USR_002,0.0,-0.8081
3,2020-W04,6,USR_004,13,USR_010,0.0,-0.8081
3,2020-W04,6,USR_004,14,USR_001,0.0,-0.0
3,2020-W04,7,USR_007,0,STK_004,0.0,-0.0
3,2020-W04,7,USR_007,1,USR_003,-0.0,0.9999
3,2020-W04,7,USR_007,2,USR_009,0.0,-1.0
3,2020-W04,7,USR_007,3,STK_005,0.0,-0.0
3,2020-W04,7,USR_007,4,USR_005,0.0,-1.0
3,2020-W04,7,USR_007,5,STK_003,0.0,-1.0
3,2020-W04,7,USR_007,6,USR_004,0.0,-0.9888
3,2020-W04,7,USR_007,7,USR_007,0.0,1.0
3,2020-W04,7,USR_007,8,STK_001,0.0,-0.0
3,2020-W04,7,USR_007,9,USR_008,0.0,-1.0
3,2020-W04,7,USR_007,10,USR_006,-0.0,1.0
3,2020-W04,7,USR_007,11,STK_002,0.0,-0.0
3,2020-W04,7,USR_007,12,USR_002,0.0,-0.8869
3,2020-W04,7,USR_007,13,USR_010,0.0,-0.8869
3,2020-W04,7,USR_007,14,USR_001,0.0,-0.0
3,2020-W04,8,STK_001,0,STK_004,0.0,-0.0
3,2020-W04,8,STK_001,1,USR_003,0.0,-0.0
3,2020-W04,8,STK_001,2,USR_009,0.0,-0.0
3,2020-W04,8,STK_001,3,STK_005,0.0,-0.0
3,2020-W04,8,STK_001,4,USR_005,0.0,-0.0
3,2020-W04,8,STK_001,5,STK_003,0.0,-0.0
3,2020-W04,8,STK_001,6,USR_004,0.0,-0.0
3,2020-W04,8,STK_001,7,USR_007,0.0,-0.0
3,2020-W04,8,STK_001,8,STK_001,0.0,1.0
3,2020-W04,8,STK_001,9,USR_008,0.0,-0.0
3,2020-W04,8,STK_001,10,USR_006,0.0,-0.0
3,2020-W04,8,STK_001,11,STK_002,0.0,-0.0
3,2020-W04,8,STK_001,12,USR_002,0.0,-0.0
3,2020-W04,8,STK_001,13,USR_010,0.0,-0.0
3,2020-W04,8,STK_001,14,USR_001,0.0,-0.0
3,2020-W04,9,USR_008,0,STK_004,0.0,-0.0
3,2020-W04,9,USR_008,1,USR_003,-0.0,0.9999
3,2020-W04,9,USR_008,2,USR_009,0.0,-1.0
3,2020-W04,9,USR_008,3,STK_005,0.0,-0.0
3,2020-W04,9,USR_008,4,USR_005,0.0,-1.0
3,2020-W04,9,USR_008,5,STK_003,0.0,-1.0
3,2020-W04,9,USR_008,6,USR_004,0.0,-0.989
3,2020-W04,9,USR_008,7,USR_007,0.0,-1.0
3,2020-W04,9,USR_008,8,STK_001,0.0,-0.0
3,2020-W04,9,USR_008,9,USR_008,0.0,1.0
3,2020-W04,9,USR_008,10,USR_006,-0.0,1.0
3,2020-W04,9,USR_008,11,STK_002,0.0,-0.0
3,2020-W04,9,USR_008,12,USR_002,0.0,-0.8864
3,2020-W04,9,USR_008,13,USR_010,0.0,-0.8864
3,2020-W04,9,USR_008,14,USR_001,0.0,-0.0
3,2020-W04,10,USR_006,0,STK_004,0.0,-0.0
3,2020-W04,10,USR_006,1,USR_003,0.0,-0.9997
3,2020-W04,10,USR_006,2,USR_009,-0.0,0.9999
3,2020-W04,10,USR_006,3,STK_005,0.0,-0.0
3,2020-W04,10,USR_006,4,USR_005,-0.0,0.9999
3,2020-W04,10,USR_006,5,STK_003,-0.0,1.0
3,2020-W04,10,USR_006,6,USR_004,-0.0,0.9902
3,2020-W04,10,USR_006,7,USR_007,-0.0,1.0
3,2020-W04,10,USR_006,8,STK_001,0.0,-0.0
3,2020-W04,10,USR_006,9,USR_008,-0.0,1.0
3,2020-W04,10,USR_006,10,USR_006,0.0,1.0
3,2020-W04,10,USR_006,11,STK_002,0.0,-0.0
3,2020-W04,10,USR_006,12,USR_002,-0.0,0.8824
3,2020-W04,10,USR_006,13,USR_010,-0.0,0.8824
3,2020-W04,10,USR_006,14,USR_001,0.0,-0.0
3,2020-W04,11,STK_002,0,STK_004,0.0,-0.0
3,2020-W04,11,STK_002,1,USR_003,0.0,-0.0
3,2020-W04,11,STK_002,2,USR_009,0.0,-0.0
3,2020-W04,11,STK_002,3,STK_005,0.0,-0.0
3,2020-W04,11,STK_002,4,USR_005,0.0,-0.0
3,2020-W04,11,STK_002,5,STK_003,0.0,-0.0
3,2020-W04,11,STK_002,6,USR_004,0.0,-0.0
3,2020-W04,11,STK_002,7,USR_007,0.0,-0.0
3,2020-W04,11,STK_002,8,STK_001,0.0,-0.0
3,2020-W04,11,STK_002,9,USR_008,0.0,-0.0
3,2020-W04,11,STK_002,10,USR_006,0.0,-0.0
3,2020-W04,11,STK_002,11,STK_002,0.0,1.0
3,2020-W04,11,STK_002,12,USR_002,0.0,-0.0
3,2020-W04,11,STK_002,13,USR_010,0.0,-0.0
3,2020-W04,11,STK_002,14,USR_001,0.0,-0.0
3,2020-W04,12,USR_002,0,STK_004,0.0,-0.0
3,2020-W04,12,USR_002,1,USR_003,-0.0,0.8927
3,2020-W04,12,USR_002,2,USR_009,0.0,-0.8884
3,2020-W04,12,USR_002,3,STK_005,0.0,-0.0
3,2020-W04,12,USR_002,4,USR_005,0.0,-0.8886
3,2020-W04,12,USR_002,5,STK_003,0.0,-0.8867
3,2020-W04,12,USR_002,6,USR_004,0.0,-0.8081
3,2020-W04,12,USR_002,7,USR_007,0.0,-0.8869
3,2020-W04,12,USR_002,8,STK_001,0.0,-0.0
3,2020-W04,12,USR_002,9,USR_008,0.0,-0.8864
3,2020-W04,12,USR_002,10,USR_006,-0.0,0.8824
3,2020-W04,12,USR_002,11,STK_002,0.0,-0.0
3,2020-W04,12,USR_002,12,USR_002,0.0,1.0
3,2020-W04,12,USR_002,13,USR_010,0.0,-1.0
3,2020-W04,12,USR_002,14,USR_001,0.0,-0.0
3,2020-W04,13,USR_010,0,STK_004,0.0,-0.0
3,2020-W04,13,USR_010,1,USR_003,-0.0,0.8927
3,2020-W04,13,USR_010,2,USR_009,0.0,-0.8884
3,2020-W04,13,USR_010,3,STK_005,0.0,-0.0
3,2020-W04,13,USR_010,4,USR_005,0.0,-0.8886
3,2020-W04,13,USR_010,5,STK_003,0.0,-0.8867
3,2020-W04,13,USR_010,6,USR_004,0.0,-0.8081
3,2020-W04,13,USR_010,7,USR_007,0.0,-0.8869
3,2020-W04,13,USR_010,8,STK_001,0.0,-0.0
3,2020-W04,13,USR_010,9,USR_008,0.0,-0.8864
3,2020-W04,13,USR_010,10,USR_006,-0.0,0.8824
3,2020-W04,13,USR_010,11,STK_002,0.0,-0.0
3,2020-W04,13,USR_010,12,USR_002,0.0,-1.0
3,2020-W04,13,USR_010,13,USR_010,0.0,1.0
3,2020-W04,13,USR_010,14,USR_001,0.0,-0.0
3,2020-W04,14,USR_001,0,STK_004,0.0,-0.0
3,2020-W04,14,USR_001,1,USR_003,0.0,-0.0
3,2020-W04,14,USR_001,2,USR_009,0.0,-0.0
3,2020-W04,14,USR_001,3,STK_005,0.0,-0.0
3,2020-W04,14,USR_001,4,USR_005,0.0,-0.0
3,2020-W04,14,USR_001,5,STK_003,0.0,-0.0
3,2020-W04,14,USR_001,6,USR_004,0.0,-0.0
3,2020-W04,14,USR_001,7,USR_007,0.0,-0.0
3,2020-W04,14,USR_001,8,STK_001,0.0,-0.0
3,2020-W04,14,USR_001,9,USR_008,0.0,-0.0
3,2020-W04,14,USR_001,10,USR_006,0.0,-0.0
3,2020-W04,14,USR_001,11,STK_002,0.0,-0.0
3,2020-W04,14,USR_001,12,USR_002,0.0,-0.0
3,2020-W04,14,USR_001,13,USR_010,0.0,-0.0
3,2020-W04,14,USR_001,14,USR_001,0.0,1.0
4,2020-W05,0,STK_004,0,STK_004,0.0,1.0
4,2020-W05,0,STK_004,1,USR_003,0.0,-0.0
4,2020-W05,0,STK_004,2,USR_009,0.0,-0.0
4,2020-W05,0,STK_004,3,STK_005,0.0,-0.0
4,2020-W05,0,STK_004,4,USR_005,0.0,-0.0
4,2020-W05,0,STK_004,5,STK_003,0.0,-0.0
4,2020-W05,0,STK_004,6,USR_004,0.0,-0.0
4,2020-W05,0,STK_004,7,USR_007,0.0,-0.0
4,2020-W05,0,STK_004,8,STK_001,0.0,-0.0
4,2020-W05,0,STK_004,9,USR_008,0.0,-0.0
4,2020-W05,0,STK_004,10,USR_006,0.0,-0.0
4,2020-W05,0,STK_004,11,STK_002,0.0,-0.0
4,2020-W05,0,STK_004,12,USR_002,0.0,-0.0
4,2020-W05,0,STK_004,13,USR_010,0.0,-0.0
4,2020-W05,0,STK_004,14,USR_001,0.0,-0.0
4,2020-W05,1,USR_003,0,STK_004,0.0,-0.0
4,2020-W05,1,USR_003,1,USR_003,0.0,1.0
4,2020-W05,1,USR_003,2,USR_009,-0.0,0.9905
4,2020-W05,1,USR_003,3,STK_005,0.0,-0.0
4,2020-W05,1,USR_003,4,USR_005,-0.0,0.7582
4,2020-W05,1,USR_003,5,STK_003,-0.0,0.9386
4,2020-W05,1,USR_003,6,USR_004,-0.0,0.694
4,2020-W05,1,USR_003,7,USR_007,-0.0,0.9638
4,2020-W05,1,USR_003,8,STK_001,0.0,-0.0
4,2020-W05,1,USR_003,9,USR_008,-0.0,0.9868
4,2020-W05,1,USR_003,10,USR_006,0.0,-0.6326
4,2020-W05,1,USR_003,11,STK_002,0.0,-0.0
4,2020-W05,1,USR_003,12,USR_002,-0.0,0.554
4,2020-W05,1,USR_003,13,USR_010,-0.0,0.554
4,2020-W05,1,USR_003,14,USR_001,0.0,-0.117
4,2020-W05,2,USR_009,0,STK_004,0.0,-0.0
4,2020-W05,2,USR_009,1,USR_003,-0.0,0.9905
4,2020-W05,2,USR_009,2,USR_009,0.0,1.0
4,2020-W05,2,USR_009,3,STK_005,0.0,-0.0
4,2020-W05,2,USR_009,4,USR_005,0.0,-0.8407
4,2020-W05,2,USR_009,5,STK_003,0.0,-0.9772
4,2020-W05,2,USR_009,6,USR_004,0.0,-0.7864
4,2020-W05,2,USR_009,7,USR_007,0.0,-0.9913
4,2020-W05,2,USR_009,8,STK_001,0.0,-0.0
4,2020-W05,2,USR_009,9,USR_008,0.0,-0.9997
4,2020-W05,2,USR_009,10,USR_006,-0.0,0.7332
4,2020-W05,2,USR_009,11,STK_002,0.0,-0.0
4,2020-W05,2,USR_009,12,USR_002,0.0,-0.6612
4,2020-W05,2,USR_009,13,USR_010,0.0,-0.6612
4,2020-W05,2,USR_009,14,USR_001,-0.0,0.2526
4,2020-W05,3,STK_005,0,STK_004,0.0,-0.0
4,2020-W05,3,STK_005,1,USR_003,0.0,-0.0
4,2020-W05,3,STK_005,2,USR_009,-0.0,0.0
4,2020-W05,3,STK_005,3,STK_005,0.0,1.0
4,2020-W05,3,STK_005,4,USR_005,-0.0,0.0
4,2020-W05,3,STK_005,5,STK_003,-0.0,0.0
4,2020-W05,3,STK_005,6,USR_004,-0.0,0.0
4,2020-W05,3,STK_005,7,USR_007,-0.0,0.0
4,2020-W05,3,STK_005,8,STK_001,0.0,-0.0
4,2020-W05,3,STK_005,9,USR_008,-0.0,0.0
4,2020-W05,3,STK_005,10,USR_006,0.0,-0.0
4,2020-W05,3,STK_005,11,STK_002,0.0,-0.0
4,2020-W05,3,STK_005,12,USR_002,-0.0,0.0
4,2020-W05,3,STK_005,13,USR_010,-0.0,0.0
4,2020-W05,3,STK_005,14,USR_001,0.0,-0.0
4,2020-W05,4,USR_005,0,STK_004,0.0,-0.0
4,2020-W05,4,USR_005,1,USR_003,-0.0,0.7582
4,2020-W05,4,USR_005,2,USR_009,0.0,-0.8407
4,2020-W05,4,USR_005,3,STK_005,0.0,-0.0
4,2020-W05,4,USR_005,4,USR_005,0.0,1.0
4,2020-W05,4,USR_005,5,STK_003,0.0,-0.9366
4,2020-W05,4,USR_005,6,USR_004,0.0,-0.994
4,2020-W05,4,USR_005,7,USR_007,0.0,-0.9045
4,2020-W05,4,USR_005,8,STK_001,0.0,-0.0
4,2020-W05,4,USR_005,9,USR_008,0.0,-0.8538
4,2020-W05,4,USR_005,10,USR_006,-0.0,0.9846
4,2020-W05,4,USR_005,11,STK_002,0.0,-0.0
4,2020-W05,4,USR_005,12,USR_002,0.0,-0.956
4,2020-W05,4,USR_005,13,USR_010,0.0,-0.956
4,2020-W05,4,USR_005,14,USR_001,-0.0,0.7363
4,2020-W05,5,STK_003,0,STK_004,0.0,-0.0
4,2020-W05,5,STK_003,1,USR_003,-0.0,0.9386
4,2020-W05,5,STK_003,2,USR_009,0.0,-0.9772
4,2020-W05,5,STK_003,3,STK_005,0.0,-0.0
4,2020-W05,5,STK_003,4,USR_005,0.0,-0.9366
4,2020-W05,5,STK_003,5,STK_003,0.0,1.0
4,2020-W05,5,STK_003,6,USR_004,0.0,-0.8992
4,2020-W05,5,STK_003,7,USR_007,0.0,-0.9966
4,2020-W05,5,STK_003,8,STK_001,0.0,-0.0
4,2020-W05,5,STK_003,9,USR_008,0.0,-0.9821
4,2020-W05,5,STK_003,10,USR_006,-0.0,0.861
4,2020-W05,5,STK_003,11,STK_002,0.0,-0.0
4,2020-W05,5,STK_003,12,USR_002,0.0,-0.8029
4,2020-W05,5,STK_003,13,USR_010,0.0,-0.8029
4,2020-W05,5,STK_003,14,USR_001,-0.0,0.4524
4,2020-W05,6,USR_004,0,STK_004,0.0,-0.0
4,2020-W05,6,USR_004,1,USR_003,-0.0,0.694
4,2020-W05,6,USR_004,2,USR_009,0.0,-0.7864
4,2020-W05,6,USR_004,3,STK_005,0.0,-0.0
4,2020-W05,6,USR_004,4,USR_005,0.0,-0.994
4,2020-W05,6,USR_004,5,STK_003,0.0,-0.8992
4,2020-W05,6,USR_004,6,USR_004,0.0,1.0
4,2020-W05,6,USR_004,7,USR_007,0.0,-0.8604
4,2020-W05,6,USR_004,8,STK_001,0.0,-0.0
4,2020-W05,6,USR_004,9,USR_008,0.0,-0.8015
4,2020-W05,6,USR_004,10,USR_006,-0.0,0.9949
4,2020-W05,6,USR_004,11,STK_002,0.0,-0.0
4,2020-W05,6,USR_004,12,USR_002,0.0,-0.9663
4,2020-W05,6,USR_004,13,USR_010,0.0,-0.9663
4,2020-W05,6,USR_004,14,USR_001,-0.0,0.7934
4,2020-W05,7,USR_007,0,STK_004,0.0,-0.0
4,2020-W05,7,USR_007,1,USR_003,-0.0,0.9638
4,2020-W05,7,USR_007,2,USR_009,0.0,-0.9913
4,2020-W05,7,USR_007,3,STK_005,0.0,-0.0
4,2020-W05,7,USR_007,4,USR_005,0.0,-0.9045
4,2020-W05,7,USR_007,5,STK_003,0.0,-0.9966
4,2020-W05,7,USR_007,6,USR_004,0.0,-0.8604
4,2020-W05,7,USR_007,7,USR_007,0.0,1.0
4,2020-W05,7,USR_007,8,STK_001,0.0,-0.0
4,2020-W05,7,USR_007,9,USR_008,0.0,-0.9943
4,2020-W05,7,USR_007,10,USR_006,-0.0,0.8161
4,2020-W05,7,USR_007,11,STK_002,0.0,-0.0
4,2020-W05,7,USR_007,12,USR_002,0.0,-0.7523
4,2020-W05,7,USR_007,13,USR_010,0.0,-0.7523
4,2020-W05,7,USR_007,14,USR_001,-0.0,0.3774
4,2020-W05,8,STK_001,0,STK_004,0.0,-0.0
4,2020-W05,8,STK_001,1,USR_003,0.0,-0.0
4,2020-W05,8,STK_001,2,USR_009,0.0,-0.0
4,2020-W05,8,STK_001,3,STK_005,0.0,-0.0
4,2020-W05,8,STK_001,4,USR_005,0.0,-0.0
4,2020-W05,8,STK_001,5,STK_003,0.0,-0.0
4,2020-W05,8,STK_001,6,USR_004,0.0,-0.0
4,2020-W05,8,STK_001,7,USR_007,0.0,-0.0
4,2020-W05,8,STK_001,8,STK_001,0.0,1.0
4,2020-W05,8,STK_001,9,USR_008,0.0,-0.0
4,2020-W05,8,STK_001,10,USR_006,0.0,-0.0
4,2020-W05,8,STK_001,11,STK_002,0.0,-0.0
4,2020-W05,8,STK_001,12,USR_002,0.0,-0.0
4,2020-W05,8,STK_001,13,USR_010,0.0,-0.0
4,2020-W05,8,STK_001,14,USR_001,0.0,-0.0
4,2020-W05,9,USR_008,0,STK_004,0.0,-0.0
4,2020-W05,9,USR_008,1,USR_003,-0.0,0.9868
4,2020-W05,9,USR_008,2,USR_009,0.0,-0.9997
4,2020-W05,9,USR_008,3,STK_005,0.0,-0.0
4,2020-W05,9,USR_008,4,USR_005,0.0,-0.8538
4,2020-W05,9,USR_008,5,STK_003,0.0,-0.9821
4,2020-W05,9,USR_008,6,USR_004,0.0,-0.8015
4,2020-W05,9,USR_008,7,USR_007,0.0,-0.9943
4,2020-W05,9,USR_008,8,STK_001,0.0,-0.0
4,2020-W05,9,USR_008,9,USR_008,0.0,1.0
4,2020-W05,9,USR_008,10,USR_006,-0.0,0.7498
4,2020-W05,9,USR_008,11,STK_002,0.0,-0.0
4,2020-W05,9,USR_008,12,USR_002,0.0,-0.6789
4,2020-W05,9,USR_008,13,USR_010,0.0,-0.6789
4,2020-W05,9,USR_008,14,USR_001,-0.0,0.2764
4,2020-W05,10,USR_006,0,STK_004,0.0,-0.0
4,2020-W05,10,USR_006,1,USR_003,0.0,-0.6326
4,2020-W05,10,USR_006,2,USR_009,-0.0,0.7332
4,2020-W05,10,USR_006,3,STK_005,0.0,-0.0
4,2020-W05,10,USR_006,4,USR_005,-0.0,0.9846
4,2020-W05,10,USR_006,5,STK_003,-0.0,0.861
4,2020-W05,10,USR_006,6,USR_004,-0.0,0.9949
4,2020-W05,10,USR_006,7,USR_007,-0.0,0.8161
4,2020-W05,10,USR_006,8,STK_001,0.0,-0.0
4,2020-W05,10,USR_006,9,USR_008,-0.0,0.7498
4,2020-W05,10,USR_006,10,USR_006,0.0,1.0
4,2020-W05,10,USR_006,11,STK_002,0.0,-0.0
4,2020-W05,10,USR_006,12,USR_002,-0.0,0.9867
4,2020-W05,10,USR_006,13,USR_010,-0.0,0.9867
4,2020-W05,10,USR_006,14,USR_001,0.0,-0.8431
4,2020-W05,11,STK_002,0,STK_004,0.0,-0.0
4,2020-W05,11,STK_002,1,USR_003,0.0,-0.0
4,2020-W05,11,STK_002,2,USR_009,0.0,-0.0
4,2020-W05,11,STK_002,3,STK_005,0.0,-0.0
4,2020-W05,11,STK_002,4,USR_005,0.0,-0.0
4,2020-W05,11,STK_002,5,STK_003,0.0,-0.0
4,2020-W05,11,STK_002,6,USR_004,0.0,-0.0
4,2020-W05,11,STK_002,7,USR_007,0.0,-0.0
4,2020-W05,11,STK_002,8,STK_001,0.0,-0.0
4,2020-W05,11,STK_002,9,USR_008,0.0,-0.0
4,2020-W05,11,STK_002,10,USR_006,0.0,-0.0
4,2020-W05,11,STK_002,11,STK_002,0.0,1.0
4,2020-W05,11,STK_002,12,USR_002,0.0,-0.0
4,2020-W05,11,STK_002,13,USR_010,0.0,-0.0
4,2020-W05,11,STK_002,14,USR_001,0.0,-0.0
4,2020-W05,12,USR_002,0,STK_004,0.0,-0.0
4,2020-W05,12,USR_002,1,USR_003,-0.0,0.554
4,2020-W05,12,USR_002,2,USR_009,0.0,-0.6612
4,2020-W05,12,USR_002,3,STK_005,0.0,-0.0
4,2020-W05,12,USR_002,4,USR_005,0.0,-0.956
4,2020-W05,12,USR_002,5,STK_003,0.0,-0.8029
4,2020-W05,12,USR_002,6,USR_004,0.0,-0.9663
4,2020-W05,12,USR_002,7,USR_007,0.0,-0.7523
4,2020-W05,12,USR_002,8,STK_001,0.0,-0.0
4,2020-W05,12,USR_002,9,USR_008,0.0,-0.6789
4,2020-W05,12,USR_002,10,USR_006,-0.0,0.9867
4,2020-W05,12,USR_002,11,STK_002,0.0,-0.0
4,2020-W05,12,USR_002,12,USR_002,0.0,1.0
4,2020-W05,12,USR_002,13,USR_010,0.0,-1.0
4,2020-W05,12,USR_002,14,USR_001,-0.0,0.882
4,2020-W05,13,USR_010,0,STK_004,0.0,-0.0
4,2020-W05,13,USR_010,1,USR_003,-0.0,0.554
4,2020-W05,13,USR_010,2,USR_009,0.0,-0.6612
4,2020-W05,13,USR_010,3,STK_005,0.0,-0.0
4,2020-W05,13,USR_010,4,USR_005,0.0,-0.956
4,2020-W05,13,USR_010,5,STK_003,0.0,-0.8029
4,2020-W05,13,USR_010,6,USR_004,0.0,-0.9663
4,2020-W05,13,USR_010,7,USR_007,0.0,-0.7523
4,2020-W05,13,USR_010,8,STK_001,0.0,-0.0
4,2020-W05,13,USR_010,9,USR_008,0.0,-0.6789
4,2020-W05,13,USR_010,10,USR_006,-0.0,0.9867
4,2020-W05,13,USR_010,11,STK_002,0.0,-0.0
4,2020-W05,13,USR_010,12,USR_002,0.0,-1.0
4,2020-W05,13,USR_010,13,USR_010,0.0,1.0
4,2020-W05,13,USR_010,14,USR_001,-0.0,0.882
4,2020-W05,14,USR_001,0,STK_004,0.0,-0.0
4,2020-W05,14,USR_001,1,USR_003,0.0,-0.117
4,2020-W05,14,USR_001,2,USR_009,-0.0,0.2526
4,2020-W05,14,USR_001,3,STK_005,0.0,-0.0
4,2020-W05,14,USR_001,4,USR_005,-0.0,0.7363
4,2020-W05,14,USR_001,5,STK_003,-0.0,0.4524
4,2020-W05,14,USR_001,6,USR_004,-0.0,0.7934
4,2020-W05,14,USR_001,7,USR_007,-0.0,0.3774
4,2020-W05,14,USR_001,8,STK_001,0.0,-0.0
4,2020-W05,14,USR_001,9,USR_008,-0.0,0.2764
4,2020-W05,14,USR_001,10,USR_006,0.0,-0.8431
4,2020-W05,14,USR_001,11,STK_002,0.0,-0.0
4,2020-W05,14,USR_001,12,USR_002,-0.0,0.882
4,2020-W05,14,USR_001,13,USR_010,-0.0,0.882
4,2020-W05,14,USR_001,14,USR_001,0.0,1.0
5,2020-W06,0,STK_004,0,STK_004,0.0,1.0
5,2020-W06,0,STK_004,1,USR_003,0.0,-0.0
5,2020-W06,0,STK_004,2,USR_009,0.0,-0.0
5,2020-W06,0,STK_004,3,STK_005,0.0,-0.0
5,2020-W06,0,STK_004,4,USR_005,0.0,-0.0
5,2020-W06,0,STK_004,5,STK_003,0.0,-0.0
5,2020-W06,0,STK_004,6,USR_004,0.0,-0.0
5,2020-W06,0,STK_004,7,USR_007,0.0,-0.0
5,2020-W06,0,STK_004,8,STK_001,0.0,-0.0
5,2020-W06,0,STK_004,9,USR_008,0.0,-0.0
5,2020-W06,0,STK_004,10,USR_006,0.0,-0.0
5,2020-W06,0,STK_004,11,STK_002,0.0,-0.0
5,2020-W06,0,STK_004,12,USR_002,0.0,-0.0
5,2020-W06,0,STK_004,13,USR_010,0.0,-0.0
5,2020-W06,0,STK_004,14,USR_001,0.0,-0.0
5,2020-W06,1,USR_003,0,STK_004,0.0,-0.0
5,2020-W06,1,USR_003,1,USR_003,0.0,1.0
5,2020-W06,1,USR_003,2,USR_009,-0.0,0.7076
5,2020-W06,1,USR_003,3,STK_005,0.0,-0.0
5,2020-W06,1,USR_003,4,USR_005,0.0,-0.6472
5,2020-W06,1,USR_003,5,STK_003,0.0,-0.6629
5,2020-W06,1,USR_003,6,USR_004,-0.0,0.8441
5,2020-W06,1,USR_003,7,USR_007,0.0,-0.6019
5,2020-W06,1,USR_003,8,STK_001,0.0,-0.0
5,2020-W06,1,USR_003,9,USR_008,0.0,-0.6447
5,2020-W06,1,USR_003,10,USR_006,-0.0,0.6632
5,2020-W06,1,USR_003,11,STK_002,0.0,-0.0
5,2020-W06,1,USR_003,12,USR_002,-0.0,0.7756
5,2020-W06,1,USR_003,13,USR_010,0.0,-0.6742
5,2020-W06,1,USR_003,14,USR_001,-0.0,0.6117
5,2020-W06,2,USR_009,0,STK_004,0.0,-0.0
5,2020-W06,2,USR_009,1,USR_003,-0.0,0.7076
5,2020-W06,2,USR_009,2,USR_009,0.0,1.0
5,2020-W06,2,USR_009,3,STK_005,0.0,-0.0
5,2020-W06,2,USR_009,4,USR_005,-0.0,0.9965
5,2020-W06,2,USR_009,5,STK_003,-0.0,1.0
5,2020-W06,2,USR_009,6,USR_004,0.0,-0.9661
5,2020-W06,2,USR_009,7,USR_007,-0.0,0.9901
5,2020-W06,2,USR_009,8,STK_001,0.0,-0.0
5,2020-W06,2,USR_009,9,USR_008,-0.0,0.9963
5,2020-W06,2,USR_009,10,USR_006,0.0,-0.9981
5,2020-W06,2,USR_009,11,STK_002,0.0,-0.0
5,2020-W06,2,USR_009,12,USR_002,0.0,-0.9876
5,2020-W06,2,USR_009,13,USR_010,-0.0,0.9989
5,2020-W06,2,USR_009,14,USR_001,0.0,-0.9171
5,2020-W06,3,STK_005,0,STK_004,0.0,-0.0
5,2020-W06,3,STK_005,1,USR_003,0.0,-0.0
5,2020-W06,3,STK_005,2,USR_009,-0.0,0.0
5,2020-W06,3,STK_005,3,STK_005,0.0,1.0
5,2020-W06,3,STK_005,4,USR_005,0.0,-0.0
5,2020-W06,3,STK_005,5,STK_003,0.0,-0.0
5,2020-W06,3,STK_005,6,USR_004,-0.0,0.0
5,2020-W06,3,STK_005,7,USR_007,0.0,-0.0
5,2020-W06,3,STK_005,8,STK_001,0.0,-0.0
5,2020-W06,3,STK_005,9,USR_008,0.0,-0.0
5,2020-W06,3,STK_005,10,USR_006,-0.0,0.0
5,2020-W06,3,STK_005,11,STK_002,0.0,-0.0
5,2020-W06,3,STK_005,12,USR_002,-0.0,0.0
5,2020-W06,3,STK_005,13,USR_010,0.0,-0.0
5,2020-W06,3,STK_005,14,USR_001,-0.0,0.0
5,2020-W06,4,USR_005,0,STK_004,0.0,-0.0
5,2020-W06,4,USR_005,1,USR_003,0.0,-0.6472
5,2020-W06,4,USR_005,2,USR_009,-0.0,0.9965
5,2020-W06,4,USR_005,3,STK_005,0.0,-0.0
5,2020-W06,4,USR_005,4,USR_005,0.0,1.0
5,2020-W06,4,USR_005,5,STK_003,0.0,-1.0
5,2020-W06,4,USR_005,6,USR_004,-0.0,0.942
5,2020-W06,4,USR_005,7,USR_007,0.0,-0.9983
5,2020-W06,4,USR_005,8,STK_001,0.0,-0.0
5,2020-W06,4,USR_005,9,USR_008,0.0,-0.9999
5,2020-W06,4,USR_005,10,USR_006,-1e-12,0.9998
5,2020-W06,4,USR_005,11,STK_002,0.0,-0.0
5,2020-W06,4,USR_005,12,USR_002,-0.0,0.9734
5,2020-W06,4,USR_005,13,USR_010,0.0,-0.9993
5,2020-W06,4,USR_005,14,USR_001,-0.0,0.9249
5,2020-W06,5,STK_003,0,STK_004,0.0,-0.0
5,2020-W06,5,STK_003,1,USR_003,0.0,-0.6597
5,2020-W06,5,STK_003,2,USR_009,-0.0,0.9956
5,2020-W06,5,STK_003,3,STK_005,0.0,-0.0
5,2020-W06,5,STK_003,4,USR_005,0.0,-0.9974
5,2020-W06,5,STK_003,5,STK_003,0.0,1.0
5,2020-W06,5,STK_003,6,USR_004,-0.0,0.9468
5,2020-W06,5,STK_003,7,USR_007,0.0,-0.9947
5,2020-W06,5,STK_003,8,STK_001,0.0,-0.0
5,2020-W06,5,STK_003,9,USR_008,0.0,-0.9974
5,2020-W06,5,STK_003,10,USR_006,-0.0,0.9976
5,2020-W06,5,STK_003,11,STK_002,0.0,-0.0
5,2020-W06,5,STK_003,12,USR_002,-0.0,0.9758
5,2020-W06,5,STK_003,13,USR_010,0.0,-0.9975
5,2020-W06,5,STK_003,14,USR_001,-0.0,0.9186
5,2020-W06,6,USR_004,0,STK_004,0.0,-0.0
5,2020-W06,6,USR_004,1,USR_003,-0.0,0.8441
5,2020-W06,6,USR_004,2,USR_009,0.0,-0.9661
5,2020-W06,6,USR_004,3,STK_005,0.0,-0.0
5,2020-W06,6,USR_004,4,USR_005,-0.0,0.942
5,2020-W06,6,USR_004,5,STK_003,-0.0,0.9513
5,2020-W06,6,USR_004,6,USR_004,0.0,1.0
5,2020-W06,6,USR_004,7,USR_007,-0.0,0.9232
5,2020-W06,6,USR_004,8,STK_001,0.0,-0.0
5,2020-W06,6,USR_004,9,USR_008,-0.0,0.9425
5,2020-W06,6,USR_004,10,USR_006,0.0,-0.9489
5,2020-W06,6,USR_004,11,STK_002,0.0,-0.0
5,2020-W06,6,USR_004,12,USR_002,0.0,-0.9903
5,2020-W06,6,USR_004,13,USR_010,-0.0,0.954
5,2020-W06,6,USR_004,14,USR_001,0.0,-0.8267
5,2020-W06,7,USR_007,0,STK_004,0.0,-0.0
5,2020-W06,7,USR_007,1,USR_003,0.0,-0.6019
5,2020-W06,7,USR_007,2,USR_009,-0.0,0.9901
5,2020-W06,7,USR_007,3,STK_005,0.0,-0.0
5,2020-W06,7,USR_007,4,USR_005,0.0,-0.9983
5,2020-W06,7,USR_007,5,STK_003,0.0,-0.9994
5,2020-W06,7,USR_007,6,USR_004,-0.0,0.9232
5,2020-W06,7,USR_007,7,USR_007,1e-12,1.0
5,2020-W06,7,USR_007,8,STK_001,0.0,-0.0
5,2020-W06,7,USR_007,9,USR_008,1e-12,-0.9985
5,2020-W06,7,USR_007,10,USR_006,-1e-12,0.9969
5,2020-W06,7,USR_007,11,STK_002,0.0,-0.0
5,2020-W06,7,USR_007,12,USR_002,-0.0,0.9613
5,2020-W06,7,USR_007,13,USR_010,0.0,-0.9955
5,2020-W06,7,USR_007,14,USR_001,-0.0,0.9207
5,2020-W06,8,STK_001,0,STK_004,0.0,-0.0
5,2020-W06,8,STK_001,1,USR_003,0.0,-0.0
5,2020-W06,8,STK_001,2,USR_009,0.0,-0.0
5,2020-W06,8,STK_001,3,STK_005,0.0,-0.0
5,2020-W06,8,STK_001,4,USR_005,0.0,-0.0
5,2020-W06,8,STK_001,5,STK_003,0.0,-0.0
5,2020-W06,8,STK_001,6,USR_004,0.0,-0.0
5,2020-W06,8,STK_001,7,USR_007,0.0,-0.0
5,2020-W06,8,STK_001,8,STK_001,0.0,1.0
5,2020-W06,8,STK_001,9,USR_008,0.0,-0.0
5,2020-W06,8,STK_001,10,USR_006,0.0,-0.0
5,2020-W06,8,STK_001,11,STK_002,0.0,-0.0
5,2020-W06,8,STK_001,12,USR_002,0.0,-0.0
5,2020-W06,8,STK_001,13,USR_010,0.0,-0.0
5,2020-W06,8,STK_001,14,USR_001,0.0,-0.0
5,2020-W06,9,USR_008,0,STK_004,0.0,-0.0
5,2020-W06,9,USR_008,1,USR_003,0.0,-0.6447
5,2020-W06,9,USR_008,2,USR_009,-0.0,0.9963
5,2020-W06,9,USR_008,3,STK_005,0.0,-0.0
5,2020-W06,9,USR_008,4,USR_005,0.0,-0.9999
5,2020-W06,9,USR_008,5,STK_003,0.0,-1.0
5,2020-W06,9,USR_008,6,USR_004,-0.0,0.9425
5,2020-W06,9,USR_008,7,USR_007,1e-12,-0.9985
5,2020-W06,9,USR_008,8,STK_001,0.0,-0.0
5,2020-W06,9,USR_008,9,USR_008,0.0,1.0
5,2020-W06,9,USR_008,10,USR_006,-1e-12,0.9997
5,2020-W06,9,USR_008,11,STK_002,0.0,-0.0
5,2020-W06,9,USR_008,12,USR_002,-0.0,0.9742
5,2020-W06,9,USR_008,13,USR_010,0.0,-0.9992
5,2020-W06,9,USR_008,14,USR_001,-0.0,0.9203
5,2020-W06,10,USR_006,0,STK_004,0.0,-0.0
5,2020-W06,10,USR_006,1,USR_003,-0.0,0.6632
5,2020-W06,10,USR_006,2,USR_009,0.0,-0.9981
5,2020-W06,10,USR_006,3,STK_005,0.0,-0.0
5,2020-W06,10,USR_006,4,USR_005,-1e-12,0.9998
5,2020-W06,10,USR_006,5,STK_003,-0.0,1.0
5,2020-W06,10,USR_006,6,USR_004,0.0,-0.9489
5,2020-W06,10,USR_006,7,USR_007,-1e-12,0.9969
5,2020-W06,10,USR_006,8,STK_001,0.0,-0.0
5,2020-W06,10,USR_006,9,USR_008,-1e-12,0.9997
5,2020-W06,10,USR_006,10,USR_006,2e-12,1.0
5,2020-W06,10,USR_006,11,STK_002,0.0,-0.0
5,2020-W06,10,USR_006,12,USR_002,0.0,-0.9778
5,2020-W06,10,USR_006,13,USR_010,-0.0,0.9999
5,2020-W06,10,USR_006,14,USR_001,0.0,-0.9234
5,2020-W06,11,STK_002,0,STK_004,0.0,-0.0
5,2020-W06,11,STK_002,1,USR_003,0.0,-0.0
5,2020-W06,11,STK_002,2,USR_009,0.0,-0.0
5,2020-W06,11,STK_002,3,STK_005,0.0,-0.0
5,2020-W06,11,STK_002,4,USR_005,0.0,-0.0
5,2020-W06,11,STK_002,5,STK_003,0.0,-0.0
5,2020-W06,11,STK_002,6,USR_004,0.0,-0.0
5,2020-W06,11,STK_002,7,USR_007,0.0,-0.0
5,2020-W06,11,STK_002,8,STK_001,0.0,-0.0
5,2020-W06,11,STK_002,9,USR_008,0.0,-0.0
5,2020-W06,11,STK_002,10,USR_006,0.0,-0.0
5,2020-W06,11,STK_002,11,STK_002,0.0,1.0
5,2020-W06,11,STK_002,12,USR_002,0.0,-0.0
5,2020-W06,11,STK_002,13,USR_010,0.0,-0.0
5,2020-W06,11,STK_002,14,USR_001,0.0,-0.0
5,2020-W06,12,USR_002,0,STK_004,0.0,-0.0
5,2020-W06,12,USR_002,1,USR_003,-0.0,0.7756
5,2020-W06,12,USR_002,2,USR_009,0.0,-0.9876
5,2020-W06,12,USR_002,3,STK_005,0.0,-0.0
5,2020-W06,12,USR_002,4,USR_005,-0.0,0.9734
5,2020-W06,12,USR_002,5,STK_003,-0.0,0.9805
5,2020-W06,12,USR_002,6,USR_004,0.0,-0.9903
5,2020-W06,12,USR_002,7,USR_007,-0.0,0.9613
5,2020-W06,12,USR_002,8,STK_001,0.0,-0.0
5,2020-W06,12,USR_002,9,USR_008,-0.0,0.9742
5,2020-W06,12,USR_002,10,USR_006,0.0,-0.9778
5,2020-W06,12,USR_002,11,STK_002,0.0,-0.0
5,2020-W06,12,USR_002,12,USR_002,0.0,1.0
5,2020-W06,12,USR_002,13,USR_010,-0.0,0.981
5,2020-W06,12,USR_002,14,USR_001,0.0,-0.8583
5,2020-W06,13,USR_010,0,STK_004,0.0,-0.0
5,2020-W06,13,USR_010,1,USR_003,0.0,-0.6742
5,2020-W06,13,USR_010,2,USR_009,-0.0,0.9989
5,2020-W06,13,USR_010,3,STK_005,0.0,-0.0
5,2020-W06,13,USR_010,4,USR_005,0.0,-0.9993
5,2020-W06,13,USR_010,5,STK_003,0.0,-1.0
5,2020-W06,13,USR_010,6,USR_004,-0.0,0.954
5,2020-W06,13,USR_010,7,USR_007,0.0,-0.9955
5,2020-W06,13,USR_010,8,STK_001,0.0,-0.0
5,2020-W06,13,USR_010,9,USR_008,0.0,-0.9992
5,2020-W06,13,USR_010,10,USR_006,-0.0,0.9999
5,2020-W06,13,USR_010,11,STK_002,0.0,-0.0
5,2020-W06,13,USR_010,12,USR_002,-0.0,0.981
5,2020-W06,13,USR_010,13,USR_010,0.0,1.0
5,2020-W06,13,USR_010,14,USR_001,-0.0,0.9204
5,2020-W06,14,USR_001,0,STK_004,0.0,-0.0
5,2020-W06,14,USR_001,1,USR_003,-0.0,0.6117
5,2020-W06,14,USR_001,2,USR_009,0.0,-0.9171
5,2020-W06,14,USR_001,3,STK_005,0.0,-0.0
5,2020-W06,14,USR_001,4,USR_005,-0.0,0.9249
5,2020-W06,14,USR_001,5,STK_003,-0.0,0.9229
5,2020-W06,14,USR_001,6,USR_004,0.0,-0.8267
5,2020-W06,14,USR_001,7,USR_007,-0.0,0.9207
5,2020-W06,14,USR_001,8,STK_001,0.0,-0.0
5,2020-W06,14,USR_001,9,USR_008,-0.0,0.9203
5,2020-W06,14,USR_001,10,USR_006,0.0,-0.9234
5,2020-W06,14,USR_001,11,STK_002,0.0,-0.0
5,2020-W06,14,USR_001,12,USR_002,0.0,-0.8583
5,2020-W06,14,USR_001,13,USR_010,-0.0,0.9204
5,2020-W06,14,USR_001,14,USR_001,0.0,1.0
6,2020-W07,0,STK_004,0,STK_004,0.0,1.0
6,2020-W07,0,STK_004,1,USR_003,0.0,-0.0
6,2020-W07,0,STK_004,2,USR_009,0.0,-0.0
6,2020-W07,0,STK_004,3,STK_005,0.0,-0.0
6,2020-W07,0,STK_004,4,USR_005,0.0,-0.0
6,2020-W07,0,STK_004,5,STK_003,0.0,-0.0
6,2020-W07,0,STK_004,6,USR_004,0.0,-0.0
6,2020-W07,0,STK_004,7,USR_007,0.0,-0.0
6,2020-W07,0,STK_004,8,STK_001,0.0,-0.0
6,2020-W07,0,STK_004,9,USR_008,0.0,-0.0
6,2020-W07,0,STK_004,10,USR_006,0.0,-0.0
6,2020-W07,0,STK_004,11,STK_002,0.0,-0.0
6,2020-W07,0,STK_004,12,USR_002,0.0,-0.0
6,2020-W07,0,STK_004,13,USR_010,0.0,-0.0
6,2020-W07,0,STK_004,14,USR_001,0.0,-0.0
6,2020-W07,1,USR_003,0,STK_004,0.0,-0.0
6,2020-W07,1,USR_003,1,USR_003,0.0,1.0
6,2020-W07,1,USR_003,2,USR_009,-1e-12,0.9172
6,2020-W07,1,USR_003,3,STK_005,0.0,-0.0
6,2020-W07,1,USR_003,4,USR_005,1e-12,-0.8704
6,2020-W07,1,USR_003,5,STK_003,0.0,-0.7801
6,2020-W07,1,USR_003,6,USR_004,0.0,-0.9105
6,2020-W07,1,USR_003,7,USR_007,-0.0,0.8284
6,2020-W07,1,USR_003,8,STK_001,0.0,-0.0
6,2020-W07,1,USR_003,9,USR_008,0.0,-0.8275
6,2020-W07,1,USR_003,10,USR_006,-1e-12,0.8549
6,2020-W07,1,USR_003,11,STK_002,0.0,-0.0
6,2020-W07,1,USR_003,12,USR_002,0.0,-0.9288
6,2020-W07,1,USR_003,13,USR_010,-0.0,0.9382
6,2020-W07,1,USR_003,14,USR_001,0.0,-0.9334
6,2020-W07,2,USR_009,0,STK_004,0.0,-0.0
6,2020-W07,2,USR_009,1,USR_003,-1e-12,0.9172
6,2020-W07,2,USR_009,2,USR_009,3e-12,1.0
6,2020-W07,2,USR_009,3,STK_005,0.0,-0.0
6,2020-W07,2,USR_009,4,USR_005,-2e-12,0.9895
6,2020-W07,2,USR_009,5,STK_003,-0.0,0.9395
6,2020-W07,2,USR_009,6,USR_004,-2e-12,0.975
6,2020-W07,2,USR_009,7,USR_007,1e-12,-0.7101
6,2020-W07,2,USR_009,8,STK_001,0.0,-0.0
6,2020-W07,2,USR_009,9,USR_008,-2e-12,0.9694
6,2020-W07,2,USR_009,10,USR_006,4e-12,-0.9817
6,2020-W07,2,USR_009,11,STK_002,0.0,-0.0
6,2020-W07,2,USR_009,12,USR_002,-2e-12,0.9776
6,2020-W07,2,USR_009,13,USR_010,1e-12,-0.951
6,2020-W07,2,USR_009,14,USR_001,-2e-12,0.9756
6,2020-W07,3,STK_005,0,STK_004,0.0,-0.0
6,2020-W07,3,STK_005,1,USR_003,-0.0,0.0
6,2020-W07,3,STK_005,2,USR_009,0.0,-0.0
6,2020-W07,3,STK_005,3,STK_005,0.0,1.0
6,2020-W07,3,STK_005,4,USR_005,-0.0,0.0
6,2020-W07,3,STK_005,5,STK_003,-0.0,0.0
6,2020-W07,3,STK_005,6,USR_004,-0.0,0.0
6,2020-W07,3,STK_005,7,USR_007,0.0,-0.0
6,2020-W07,3,STK_005,8,STK_001,0.0,-0.0
6,2020-W07,3,STK_005,9,USR_008,-0.0,0.0
6,2020-W07,3,STK_005,10,USR_006,0.0,-0.0
6,2020-W07,3,STK_005,11,STK_002,0.0,-0.0
6,2020-W07,3,STK_005,12,USR_002,-0.0,0.0
6,2020-W07,3,STK_005,13,USR_010,0.0,-0.0
6,2020-W07,3,STK_005,14,USR_001,-0.0,0.0
6,2020-W07,4,USR_005,0,STK_004,0.0,-0.0
6,2020-W07,4,USR_005,1,USR_003,1e-12,-0.8704
6,2020-W07,4,USR_005,2,USR_009,-2e-12,0.9895
6,2020-W07,4,USR_005,3,STK_005,0.0,-0.0
6,2020-W07,4,USR_005,4,USR_005,1e-12,1.0
6,2020-W07,4,USR_005,5,STK_003,0.0,-0.9796
6,2020-W07,4,USR_005,6,USR_004,1e-12,-0.9382
6,2020-W07,4,USR_005,7,USR_007,-1e-12,0.601
6,2020-W07,4,USR_005,8,STK_001,0.0,-0.0
6,2020-W07,4,USR_005,9,USR_008,1e-12,-0.9946
6,2020-W07,4,USR_005,10,USR_006,-3e-12,0.9989
6,2020-W07,4,USR_005,11,STK_002,0.0,-0.0
6,2020-W07,4,USR_005,12,USR_002,1e-12,-0.9391
6,2020-W07,4,USR_005,13,USR_010,-0.0,0.8968
6,2020-W07,4,USR_005,14,USR_001,1e-12,-0.9365
6,2020-W07,5,STK_003,0,STK_004,0.0,-0.0
6,2020-W07,5,STK_003,1,USR_003,0.0,-0.7633
6,2020-W07,5,STK_003,2,USR_009,-0.0,0.9275
6,2020-W07,5,STK_003,3,STK_005,0.0,-0.0
6,2020-W07,5,STK_003,4,USR_005,0.0,-0.9711
6,2020-W07,5,STK_003,5,STK_003,0.0,1.0
6,2020-W07,5,STK_003,6,USR_004,0.0,-0.8326
6,2020-W07,5,STK_003,7,USR_007,-0.0,0.3979
6,2020-W07,5,STK_003,8,STK_001,0.0,-0.0
6,2020-W07,5,STK_003,9,USR_008,0.0,-0.99
6,2020-W07,5,STK_003,10,USR_006,-0.0,0.9811
6,2020-W07,5,STK_003,11,STK_002,0.0,-0.0
6,2020-W07,5,STK_003,12,USR_002,0.0,-0.8322
6,2020-W07,5,STK_003,13,USR_010,-0.0,0.7677
6,2020-W07,5,STK_003,14,USR_001,0.0,-0.8314
6,2020-W07,6,USR_004,0,STK_004,0.0,-0.0
6,2020-W07,6,USR_004,1,USR_003,0.0,-0.9105
6,2020-W07,6,USR_004,2,USR_009,-2e-12,0.975
6,2020-W07,6,USR_004,3,STK_005,0.0,-0.0
6,2020-W07,6,USR_004,4,USR_005,1e-12,-0.9382
6,2020-W07,6,USR_004,5,STK_003,0.0,-0.8488
6,2020-W07,6,USR_004,6,USR_004,1e-12,1.0
6,2020-W07,6,USR_004,7,USR_007,-1e-12,0.8247
6,2020-W07,6,USR_004,8,STK_001,0.0,-0.0
6,2020-W07,6,USR_004,9,USR_008,1e-12,-0.8988
6,2020-W07,6,USR_004,10,USR_006,-2e-12,0.9209
6,2020-W07,6,USR_004,11,STK_002,0.0,-0.0
6,2020-W07,6,USR_004,12,USR_002,1e-12,-0.9984
6,2020-W07,6,USR_004,13,USR_010,-0.0,0.989
6,2020-W07,6,USR_004,14,USR_001,1e-12,-0.9864
6,2020-W07,7,USR_007,0,STK_004,0.0,-0.0
6,2020-W07,7,USR_007,1,USR_003,-0.0,0.8284
6,2020-W07,7,USR_007,2,USR_009,1e-12,-0.7101
6,2020-W07,7,USR_007,3,STK_005,0.0,-0.0
6,2020-W07,7,USR_007,4,USR_005,-1e-12,0.601
6,2020-W07,7,USR_007,5,STK_003,-0.0,0.4232
6,2020-W07,7,USR_007,6,USR_004,-1e-12,0.8247
6,2020-W07,7,USR_007,7,USR_007,1e-12,1.0
6,2020-W07,7,USR_007,8,STK_001,0.0,-0.0
6,2020-W07,7,USR_007,9,USR_008,-0.0,0.5155
6,2020-W07,7,USR_007,10,USR_006,1e-12,-0.5633
6,2020-W07,7,USR_007,11,STK_002,0.0,-0.0
6,2020-W07,7,USR_007,12,USR_002,-1e-12,0.8335
6,2020-W07,7,USR_007,13,USR_010,0.0,-0.8915
6,2020-W07,7,USR_007,14,USR_001,-1e-12,0.8318
6,2020-W07,8,STK_001,0,STK_004,0.0,-0.0
6,2020-W07,8,STK_001,1,USR_003,0.0,-0.0
6,2020-W07,8,STK_001,2,USR_009,0.0,-0.0
6,2020-W07,8,STK_001,3,STK_005,0.0,-0.0
6,2020-W07,8,STK_001,4,USR_005,0.0,-0.0
6,2020-W07,8,STK_001,5,STK_003,0.0,-0.0
6,2020-W07,8,STK_001,6,USR_004,0.0,-0.0
6,2020-W07,8,STK_001,7,USR_007,0.0,-0.0
6,2020-W07,8,STK_001,8,STK_001,0.0,1.0
6,2020-W07,8,STK_001,9,USR_008,0.0,-0.0
6,2020-W07,8,STK_001,10,USR_006,0.0,-0.0
6,2020-W07,8,STK_001,11,STK_002,0.0,-0.0
6,2020-W07,8,STK_001,12,USR_002,0.0,-0.0
6,2020-W07,8,STK_001,13,USR_010,0.0,-0.0
6,2020-W07,8,STK_001,14,USR_001,0.0,-0.0
6,2020-W07,9,USR_008,0,STK_004,0.0,-0.0
6,2020-W07,9,USR_008,1,USR_003,0.0,-0.8275
6,2020-W07,9,USR_008,2,USR_009,-2e-12,0.9694
6,2020-W07,9,USR_008,3,STK_005,0.0,-0.0
6,2020-W07,9,USR_008,4,USR_005,1e-12,-0.9946
6,2020-W07,9,USR_008,5,STK_003,0.0,-0.9958
6,2020-W07,9,USR_008,6,USR_004,1e-12,-0.8988
6,2020-W07,9,USR_008,7,USR_007,-0.0,0.5155
6,2020-W07,9,USR_008,8,STK_001,0.0,-0.0
6,2020-W07,9,USR_008,9,USR_008,1e-12,1.0
6,2020-W07,9,USR_008,10,USR_006,-2e-12,0.9984
6,2020-W07,9,USR_008,11,STK_002,0.0,-0.0
6,2020-W07,9,USR_008,12,USR_002,1e-12,-0.8989
6,2020-W07,9,USR_008,13,USR_010,-0.0,0.8464
6,2020-W07,9,USR_008,14,USR_001,1e-12,-0.8974
6,2020-W07,10,USR_006,0,STK_004,0.0,-0.0
6,2020-W07,10,USR_006,1,USR_003,-1e-12,0.8549
6,2020-W07,10,USR_006,2,USR_009,4e-12,-0.9817
6,2020-W07,10,USR_006,3,STK_005,0.0,-0.0
6,2020-W07,10,USR_006,4,USR_005,-3e-12,0.9989
6,2020-W07,10,USR_006,5,STK_003,-0.0,0.9883
6,2020-W07,10,USR_006,6,USR_004,-2e-12,0.9209
6,2020-W07,10,USR_006,7,USR_007,1e-12,-0.5633
6,2020-W07,10,USR_006,8,STK_001,0.0,-0.0
6,2020-W07,10,USR_006,9,USR_008,-2e-12,0.9984
6,2020-W07,10,USR_006,10,USR_006,6e-12,1.0
6,2020-W07,10,USR_006,11,STK_002,0.0,-0.0
6,2020-W07,10,USR_006,12,USR_002,-2e-12,0.9218
6,2020-W07,10,USR_006,13,USR_010,1e-12,-0.875
6,2020-W07,10,USR_006,14,USR_001,-2e-12,0.9197
6,2020-W07,11,STK_002,0,STK_004,0.0,-0.0
6,2020-W07,11,STK_002,1,USR_003,0.0,-0.0
6,2020-W07,11,STK_002,2,USR_009,0.0,-0.0
6,2020-W07,11,STK_002,3,STK_005,0.0,-0.0
6,2020-W07,11,STK_002,4,USR_005,0.0,-0.0
6,2020-W07,11,STK_002,5,STK_003,0.0,-0.0
6,2020-W07,11,STK_002,6,USR_004,0.0,-0.0
6,2020-W07,11,STK_002,7,USR_007,0.0,-0.0
6,2020-W07,11,STK_002,8,STK_001,0.0,-0.0
6,2020-W07,11,STK_002,9,USR_008,0.0,-0.0
6,2020-W07,11,STK_002,10,USR_006,0.0,-0.0
6,2020-W07,11,STK_002,11,STK_002,0.0,1.0
6,2020-W07,11,STK_002,12,USR_002,0.0,-0.0
6,2020-W07,11,STK_002,13,USR_010,0.0,-0.0
6,2020-W07,11,STK_002,14,USR_001,0.0,-0.0
6,2020-W07,12,USR_002,0,STK_004,0.0,-0.0
6,2020-W07,12,USR_002,1,USR_003,0.0,-0.9288
6,2020-W07,12,USR_002,2,USR_009,-2e-12,0.9776
6,2020-W07,12,USR_002,3,STK_005,0.0,-0.0
6,2020-W07,12,USR_002,4,USR_005,1e-12,-0.9391
6,2020-W07,12,USR_002,5,STK_003,0.0,-0.8486
6,2020-W07,12,USR_002,6,USR_004,1e-12,-0.9984
6,2020-W07,12,USR_002,7,USR_007,-1e-12,0.8335
6,2020-W07,12,USR_002,8,STK_001,0.0,-0.0
6,2020-W07,12,USR_002,9,USR_008,1e-12,-0.8989
6,2020-W07,12,USR_002,10,USR_006,-2e-12,0.9218
6,2020-W07,12,USR_002,11,STK_002,0.0,-0.0
6,2020-W07,12,USR_002,12,USR_002,1e-12,1.0
6,2020-W07,12,USR_002,13,USR_010,-0.0,0.9927
6,2020-W07,12,USR_002,14,USR_001,1e-12,-0.9911
6,2020-W07,13,USR_010,0,STK_004,0.0,-0.0
6,2020-W07,13,USR_010,1,USR_003,-0.0,0.9382
6,2020-W07,13,USR_010,2,USR_009,1e-12,-0.951
6,2020-W07,13,USR_010,3,STK_005,0.0,-0.0
6,2020-W07,13,USR_010,4,USR_005,-0.0,0.8968
6,2020-W07,13,USR_010,5,STK_003,-0.0,0.7864
6,2020-W07,13,USR_010,6,USR_004,-0.0,0.989
6,2020-W07,13,USR_010,7,USR_007,0.0,-0.8915
6,2020-W07,13,USR_010,8,STK_001,0.0,-0.0
6,2020-W07,13,USR_010,9,USR_008,-0.0,0.8464
6,2020-W07,13,USR_010,10,USR_006,1e-12,-0.875
6,2020-W07,13,USR_010,11,STK_002,0.0,-0.0
6,2020-W07,13,USR_010,12,USR_002,-0.0,0.9927
6,2020-W07,13,USR_010,13,USR_010,0.0,1.0
6,2020-W07,13,USR_010,14,USR_001,-0.0,0.9892
6,2020-W07,14,USR_001,0,STK_004,0.0,-0.0
6,2020-W07,14,USR_001,1,USR_003,0.0,-0.9334
6,2020-W07,14,USR_001,2,USR_009,-2e-12,0.9756
6,2020-W07,14,USR_001,3,STK_005,0.0,-0.0
6,2020-W07,14,USR_001,4,USR_005,1e-12,-0.9365
6,2020-W07,14,USR_001,5,STK_003,0.0,-0.8478
6,2020-W07,14,USR_001,6,USR_004,1e-12,-0.9864
6,2020-W07,14,USR_001,7,USR_007,-1e-12,0.8318
6,2020-W07,14,USR_001,8,STK_001,0.0,-0.0
6,2020-W07,14,USR_001,9,USR_008,1e-12,-0.8974
6,2020-W07,14,USR_001,10,USR_006,-2e-12,0.9197
6,2020-W07,14,USR_001,11,STK_002,0.0,-0.0
6,2020-W07,14,USR_001,12,USR_002,1e-12,-0.9911
6,2020-W07,14,USR_001,13,USR_010,-0.0,0.9892
6,2020-W07,14,USR_001,14,USR_001,1e-12,1.0
7,2020-W08,0,STK_004,0,STK_004,0.0,1.0
7,2020-W08,0,STK_004,1,USR_003,0.0,-0.0
7,2020-W08,0,STK_004,2,USR_009,0.0,-0.0
7,2020-W08,0,STK_004,3,STK_005,0.0,-0.0
7,2020-W08,0,STK_004,4,USR_005,0.0,-0.0
7,2020-W08,0,STK_004,5,STK_003,0.0,-0.0
7,2020-W08,0,STK_004,6,USR_004,0.0,-0.0
7,2020-W08,0,STK_004,7,USR_007,0.0,-0.0
7,2020-W08,0,STK_004,8,STK_001,0.0,-0.0
7,2020-W08,0,STK_004,9,USR_008,0.0,-0.0
7,2020-W08,0,STK_004,10,USR_006,0.0,-0.0
7,2020-W08,0,STK_004,11,STK_002,0.0,-0.0
7,2020-W08,0,STK_004,12,USR_002,0.0,-0.0
7,2020-W08,0,STK_004,13,USR_010,0.0,-0.0
7,2020-W08,0,STK_004,14,USR_001,0.0,-0.0
7,2020-W08,1,USR_003,0,STK_004,0.0,-0.0
7,2020-W08,1,USR_003,1,USR_003,0.0,1.0
7,2020-W08,1,USR_003,2,USR_009,-0.0,0.4139
7,2020-W08,1,USR_003,3,STK_005,0.0,-0.0
7,2020-W08,1,USR_003,4,USR_005,0.0,-0.4617
7,2020-W08,1,USR_003,5,STK_003,0.0,-0.5657
7,2020-W08,1,USR_003,6,USR_004,0.0,-0.6641
7,2020-W08,1,USR_003,7,USR_007,-0.0,0.3924
7,2020-W08,1,USR_003,8,STK_001,0.0,-0.0
7,2020-W08,1,USR_003,9,USR_008,0.0,-0.4629
7,2020-W08,1,USR_003,10,USR_006,-1e-12,0.4723
7,2020-W08,1,USR_003,11,STK_002,0.0,-0.0
7,2020-W08,1,USR_003,12,USR_002,0.0,-0.7161
7,2020-W08,1,USR_003,13,USR_010,-0.0,0.8518
7,2020-W08,1,USR_003,14,USR_001,0.0,-0.6717
7,2020-W08,2,USR_009,0,STK_004,0.0,-0.0
7,2020-W08,2,USR_009,1,USR_003,-0.0,0.4139
7,2020-W08,2,USR_009,2,USR_009,2e-12,1.0
7,2020-W08,2,USR_009,3,STK_005,0.0,-0.0
7,2020-W08,2,USR_009,4,USR_005,1e-12,-0.3369
7,2020-W08,2,USR_009,5,STK_003,-0.0,0.7225
7,2020-W08,2,USR_009,6,USR_004,0.0,-0.0537
7,2020-W08,2,USR_009,7,USR_007,-2e-12,0.5722
7,2020-W08,2,USR_009,8,STK_001,0.0,-0.0
7,2020-W08,2,USR_009,9,USR_008,1e-12,-0.2732
7,2020-W08,2,USR_009,10,USR_006,-2e-12,0.2973
7,2020-W08,2,USR_009,11,STK_002,0.0,-0.0
7,2020-W08,2,USR_009,12,USR_002,0.0,-0.0113
7,2020-W08,2,USR_009,13,USR_010,0.0,-0.3661
7,2020-W08,2,USR_009,14,USR_001,0.0,-0.1198
7,2020-W08,3,STK_005,0,STK_004,0.0,-0.0
7,2020-W08,3,STK_005,1,USR_003,-0.0,0.0
7,2020-W08,3,STK_005,2,USR_009,-0.0,0.0
7,2020-W08,3,STK_005,3,STK_005,0.0,1.0
7,2020-W08,3,STK_005,4,USR_005,-0.0,0.0
7,2020-W08,3,STK_005,5,STK_003,-0.0,0.0
7,2020-W08,3,STK_005,6,USR_004,-0.0,0.0
7,2020-W08,3,STK_005,7,USR_007,0.0,-0.0
7,2020-W08,3,STK_005,8,STK_001,0.0,-0.0
7,2020-W08,3,STK_005,9,USR_008,-0.0,0.0
7,2020-W08,3,STK_005,10,USR_006,0.0,-0.0
7,2020-W08,3,STK_005,11,STK_002,0.0,-0.0
7,2020-W08,3,STK_005,12,USR_002,-0.0,0.0
7,2020-W08,3,STK_005,13,USR_010,0.0,-0.0
7,2020-W08,3,STK_005,14,USR_001,-0.0,0.0
7,2020-W08,4,USR_005,0,STK_004,0.0,-0.0
7,2020-W08,4,USR_005,1,USR_003,0.0,-0.4617
7,2020-W08,4,USR_005,2,USR_009,1e-12,-0.3369
7,2020-W08,4,USR_005,3,STK_005,0.0,-0.0
7,2020-W08,4,USR_005,4,USR_005,4e-12,1.0
7,2020-W08,4,USR_005,5,STK_003,0.0,-0.4701
7,2020-W08,4,USR_005,6,USR_004,1e-12,-0.9006
7,2020-W08,4,USR_005,7,USR_007,-5e-12,0.9044
7,2020-W08,4,USR_005,8,STK_001,0.0,-0.0
7,2020-W08,4,USR_005,9,USR_008,3e-12,-0.9946
7,2020-W08,4,USR_005,10,USR_006,-8e-12,0.9984
7,2020-W08,4,USR_005,11,STK_002,0.0,-0.0
7,2020-W08,4,USR_005,12,USR_002,1e-12,-0.8858
7,2020-W08,4,USR_005,13,USR_010,-0.0,0.5516
7,2020-W08,4,USR_005,14,USR_001,2e-12,-0.924
7,2020-W08,5,STK_003,0,STK_004,0.0,-0.0
7,2020-W08,5,STK_003,1,USR_003,0.0,-0.1594
7,2020-W08,5,STK_003,2,USR_009,-0.0,1.0
7,2020-W08,5,STK_003,3,STK_005,0.0,-0.0
7,2020-W08,5,STK_003,4,USR_005,-0.0,0.4707
7,2020-W08,5,STK_003,5,STK_003,0.0,1.0
7,2020-W08,5,STK_003,6,USR_004,-0.0,0.3298
7,2020-W08,5,STK_003,7,USR_007,0.0,-0.8856
7,2020-W08,5,STK_003,8,STK_001,0.0,-0.0
7,2020-W08,5,STK_003,9,USR_008,-0.0,0.3577
7,2020-W08,5,STK_003,10,USR_006,0.0,-0.4077
7,2020-W08,5,STK_003,11,STK_002,0.0,-0.0
7,2020-W08,5,STK_003,12,USR_002,-0.0,0.2943
7,2020-W08,5,STK_003,13,USR_010,-0.0,0.011
7,2020-W08,5,STK_003,14,USR_001,-0.0,0.3949
7,2020-W08,6,USR_004,0,STK_004,0.0,-0.0
7,2020-W08,6,USR_004,1,USR_003,0.0,-0.6641
7,2020-W08,6,USR_004,2,USR_009,0.0,-0.0537
7,2020-W08,6,USR_004,3,STK_005,0.0,-0.0
7,2020-W08,6,USR_004,4,USR_005,1e-12,-0.9006
7,2020-W08,6,USR_004,5,STK_003,0.0,-0.5088
7,2020-W08,6,USR_004,6,USR_004,1e-12,1.0
7,2020-W08,6,USR_004,7,USR_007,-2e-12,0.8385
7,2020-W08,6,USR_004,8,STK_001,0.0,-0.0
7,2020-W08,6,USR_004,9,USR_008,1e-12,-0.8873
7,2020-W08,6,USR_004,10,USR_006,-3e-12,0.8977
7,2020-W08,6,USR_004,11,STK_002,0.0,-0.0
7,2020-W08,6,USR_004,12,USR_002,1e-12,-0.9966
7,2020-W08,6,USR_004,13,USR_010,-0.0,0.845
7,2020-W08,6,USR_004,14,USR_001,1e-12,-0.9786
7,2020-W08,7,USR_007,0,STK_004,0.0,-0.0
7,2020-W08,7,USR_007,1,USR_003,-0.0,0.3924
7,2020-W08,7,USR_007,2,USR_009,-2e-12,0.5722
7,2020-W08,7,USR_007,3,STK_005,0.0,-0.0
7,2020-W08,7,USR_007,4,USR_005,-5e-12,0.9044
7,2020-W08,7,USR_007,5,STK_003,0.0,-0.0014
7,2020-W08,7,USR_007,6,USR_004,-2e-12,0.8385
7,2020-W08,7,USR_007,7,USR_007,6e-12,1.0
7,2020-W08,7,USR_007,8,STK_001,0.0,-0.0
7,2020-W08,7,USR_007,9,USR_008,-3e-12,0.8551
7,2020-W08,7,USR_007,10,USR_006,9e-12,-0.8794
7,2020-W08,7,USR_007,11,STK_002,0.0,-0.0
7,2020-W08,7,USR_007,12,USR_002,-1e-12,0.8219
7,2020-W08,7,USR_007,13,USR_010,0.0,-0.5201
7,2020-W08,7,USR_007,14,USR_001,-2e-12,0.875
7,2020-W08,8,STK_001,0,STK_004,0.0,-0.0
7,2020-W08,8,STK_001,1,USR_003,0.0,-0.0
7,2020-W08,8,STK_001,2,USR_009,0.0,-0.0
7,2020-W08,8,STK_001,3,STK_005,0.0,-0.0
7,2020-W08,8,STK_001,4,USR_005,0.0,-0.0
7,2020-W08,8,STK_001,5,STK_003,0.0,-0.0
7,2020-W08,8,STK_001,6,USR_004,0.0,-0.0
7,2020-W08,8,STK_001,7,USR_007,0.0,-0.0
7,2020-W08,8,STK_001,8,STK_001,0.0,1.0
7,2020-W08,8,STK_001,9,USR_008,0.0,-0.0
7,2020-W08,8,STK_001,10,USR_006,0.0,-0.0
7,2020-W08,8,STK_001,11,STK_002,0.0,-0.0
7,2020-W08,8,STK_001,12,USR_002,0.0,-0.0
7,2020-W08,8,STK_001,13,USR_010,0.0,-0.0
7,2020-W08,8,STK_001,14,USR_001,0.0,-0.0
7,2020-W08,9,USR_008,0,STK_004,0.0,-0.0
7,2020-W08,9,USR_008,1,USR_003,0.0,-0.4629
7,2020-W08,9,USR_008,2,USR_009,1e-12,-0.2732
7,2020-W08,9,USR_008,3,STK_005,0.0,-0.0
7,2020-W08,9,USR_008,4,USR_005,3e-12,-0.9946
7,2020-W08,9,USR_008,5,STK_003,0.0,-0.57
7,2020-W08,9,USR_008,6,USR_004,1e-12,-0.8873
7,2020-W08,9,USR_008,7,USR_007,-3e-12,0.8551
7,2020-W08,9,USR_008,8,STK_001,0.0,-0.0
7,2020-W08,9,USR_008,9,USR_008,2e-12,1.0
7,2020-W08,9,USR_008,10,USR_006,-6e-12,0.9987
7,2020-W08,9,USR_008,11,STK_002,0.0,-0.0
7,2020-W08,9,USR_008,12,USR_002,1e-12,-0.8734
7,2020-W08,9,USR_008,13,USR_010,-0.0,0.5393
7,2020-W08,9,USR_008,14,USR_001,1e-12,-0.9082
7,2020-W08,10,USR_006,0,STK_004,0.0,-0.0
7,2020-W08,10,USR_006,1,USR_003,-1e-12,0.4723
7,2020-W08,10,USR_006,2,USR_009,-2e-12,0.2973
7,2020-W08,10,USR_006,3,STK_005,0.0,-0.0
7,2020-W08,10,USR_006,4,USR_005,-8e-12,0.9984
7,2020-W08,10,USR_006,5,STK_003,-0.0,0.5271
7,2020-W08,10,USR_006,6,USR_004,-3e-12,0.8977
7,2020-W08,10,USR_006,7,USR_007,9e-12,-0.8794
7,2020-W08,10,USR_006,8,STK_001,0.0,-0.0
7,2020-W08,10,USR_006,9,USR_008,-6e-12,0.9987
7,2020-W08,10,USR_006,10,USR_006,1.5e-11,1.0
7,2020-W08,10,USR_006,11,STK_002,0.0,-0.0
7,2020-W08,10,USR_006,12,USR_002,-2e-12,0.8841
7,2020-W08,10,USR_006,13,USR_010,1e-12,-0.5528
7,2020-W08,10,USR_006,14,USR_001,-3e-12,0.9197
7,2020-W08,11,STK_002,0,STK_004,0.0,-0.0
7,2020-W08,11,STK_002,1,USR_003,0.0,-0.0
7,2020-W08,11,STK_002,2,USR_009,0.0,-0.0
7,2020-W08,11,STK_002,3,STK_005,0.0,-0.0
7,2020-W08,11,STK_002,4,USR_005,0.0,-0.0
7,2020-W08,11,STK_002,5,STK_003,0.0,-0.0
7,2020-W08,11,STK_002,6,USR_004,0.0,-0.0
7,2020-W08,11,STK_002,7,USR_007,0.0,-0.0
7,2020-W08,11,STK_002,8,STK_001,0.0,-0.0
7,2020-W08,11,STK_002,9,USR_008,0.0,-0.0
7,2020-W08,11,STK_002,10,USR_006,0.0,-0.0
7,2020-W08,11,STK_002,11,STK_002,0.0,1.0
7,2020-W08,11,STK_002,12,USR_002,0.0,-0.0
7,2020-W08,11,STK_002,13,USR_010,0.0,-0.0
7,2020-W08,11,STK_002,14,USR_001,0.0,-0.0
7,2020-W08,12,USR_002,0,STK_004,0.0,-0.0
7,2020-W08,12,USR_002,1,USR_003,0.0,-0.7161
7,2020-W08,12,USR_002,2,USR_009,0.0,-0.0113
7,2020-W08,12,USR_002,3,STK_005,0.0,-0.0
7,2020-W08,12,USR_002,4,USR_005,1e-12,-0.8858
7,2020-W08,12,USR_002,5,STK_003,0.0,-0.5285
7,2020-W08,12,USR_002,6,USR_004,1e-12,-0.9966
7,2020-W08,12,USR_002,7,USR_007,-1e-12,0.8219
7,2020-W08,12,USR_002,8,STK_001,0.0,-0.0
7,2020-W08,12,USR_002,9,USR_008,1e-12,-0.8734
7,2020-W08,12,USR_002,10,USR_006,-2e-12,0.8841
7,2020-W08,12,USR_002,11,STK_002,0.0,-0.0
7,2020-W08,12,USR_002,12,USR_002,0.0,1.0
7,2020-W08,12,USR_002,13,USR_010,-0.0,0.8715
7,2020-W08,12,USR_002,14,USR_001,1e-12,-0.9809
7,2020-W08,13,USR_010,0,STK_004,0.0,-0.0
7,2020-W08,13,USR_010,1,USR_003,-0.0,0.8518
7,2020-W08,13,USR_010,2,USR_009,0.0,-0.3661
7,2020-W08,13,USR_010,3,STK_005,0.0,-0.0
7,2020-W08,13,USR_010,4,USR_005,-0.0,0.5516
7,2020-W08,13,USR_010,5,STK_003,-0.0,0.5076
7,2020-W08,13,USR_010,6,USR_004,-0.0,0.845
7,2020-W08,13,USR_010,7,USR_007,0.0,-0.5201
7,2020-W08,13,USR_010,8,STK_001,0.0,-0.0
7,2020-W08,13,USR_010,9,USR_008,-0.0,0.5393
7,2020-W08,13,USR_010,10,USR_006,1e-12,-0.5528
7,2020-W08,13,USR_010,11,STK_002,0.0,-0.0
7,2020-W08,13,USR_010,12,USR_002,-0.0,0.8715
7,2020-W08,13,USR_010,13,USR_010,0.0,1.0
7,2020-W08,13,USR_010,14,USR_001,-0.0,0.8102
7,2020-W08,14,USR_001,0,STK_004,0.0,-0.0
7,2020-W08,14,USR_001,1,USR_003,0.0,-0.6717
7,2020-W08,14,USR_001,2,USR_009,0.0,-0.1198
7,2020-W08,14,USR_001,3,STK_005,0.0,-0.0
7,2020-W08,14,USR_001,4,USR_005,2e-12,-0.924
7,2020-W08,14,USR_001,5,STK_003,0.0,-0.4705
7,2020-W08,14,USR_001,6,USR_004,1e-12,-0.9786
7,2020-W08,14,USR_001,7,USR_007,-2e-12,0.875
7,2020-W08,14,USR_001,8,STK_001,0.0,-0.0
7,2020-W08,14,USR_001,9,USR_008,1e-12,-0.9082
7,2020-W08,14,USR_001,10,USR_006,-3e-12,0.9197
7,2020-W08,14,USR_001,11,STK_002,0.0,-0.0
7,2020-W08,14,USR_001,12,USR_002,1e-12,-0.9809
7,2020-W08,14,USR_001,13,USR_010,-0.0,0.8102
7,2020-W08,14,USR_001,14,USR_001,1e-12,1.0
8,2020-W09,0,STK_004,0,STK_004,0.0,1.0
8,2020-W09,0,STK_004,1,USR_003,0.0,-0.0
8,2020-W09,0,STK_004,2,USR_009,0.0,-0.0
8,2020-W09,0,STK_004,3,STK_005,0.0,-0.0
8,2020-W09,0,STK_004,4,USR_005,0.0,-0.0
8,2020-W09,0,STK_004,5,STK_003,0.0,-0.0
8,2020-W09,0,STK_004,6,USR_004,0.0,-0.0
8,2020-W09,0,STK_004,7,USR_007,0.0,-0.0
8,2020-W09,0,STK_004,8,STK_001,0.0,-0.0
8,2020-W09,0,STK_004,9,USR_008,0.0,-0.0
8,2020-W09,0,STK_004,10,USR_006,0.0,-0.0
8,2020-W09,0,STK_004,11,STK_002,0.0,-0.0
8,2020-W09,0,STK_004,12,USR_002,0.0,-0.0
8,2020-W09,0,STK_004,13,USR_010,0.0,-0.0
8,2020-W09,0,STK_004,14,USR_001,0.0,-0.0
8,2020-W09,1,USR_003,0,STK_004,0.0,-0.0
8,2020-W09,1,USR_003,1,USR_003,1e-12,1.0
8,2020-W09,1,USR_003,2,USR_009,1e-12,-0.6186
8,2020-W09,1,USR_003,3,STK_005,0.0,-0.0
8,2020-W09,1,USR_003,4,USR_005,-5e-12,0.7455
8,2020-W09,1,USR_003,5,STK_003,-0.0,0.0
8,2020-W09,1,USR_003,6,USR_004,1e-12,-0.9453
8,2020-W09,1,USR_003,7,USR_007,-2e-12,0.9156
8,2020-W09,1,USR_003,8,STK_001,0.0,-0.0
8,2020-W09,1,USR_003,9,USR_008,4e-12,-0.8933
8,2020-W09,1,USR_003,10,USR_006,-4e-12,0.9286
8,2020-W09,1,USR_003,11,STK_002,0.0,-0.0
8,2020-W09,1,USR_003,12,USR_002,1e-12,-0.9523
8,2020-W09,1,USR_003,13,USR_010,0.0,-0.6543
8,2020-W09,1,USR_003,14,USR_001,1e-12,-0.9617
8,2020-W09,2,USR_009,0,STK_004,0.0,-0.0
8,2020-W09,2,USR_009,1,USR_003,1e-12,-0.6186
8,2020-W09,2,USR_009,2,USR_009,6e-12,1.0
8,2020-W09,2,USR_009,3,STK_005,0.0,-0.0
8,2020-W09,2,USR_009,4,USR_005,-1.7e-11,0.9173
8,2020-W09,2,USR_009,5,STK_003,-0.0,0.0
8,2020-W09,2,USR_009,6,USR_004,3e-12,-0.7402
8,2020-W09,2,USR_009,7,USR_007,-5e-12,0.7268
8,2020-W09,2,USR_009,8,STK_001,0.0,-0.0
8,2020-W09,2,USR_009,9,USR_008,1.3e-11,-0.8432
8,2020-W09,2,USR_009,10,USR_006,-9e-12,0.6739
8,2020-W09,2,USR_009,11,STK_002,0.0,-0.0
8,2020-W09,2,USR_009,12,USR_002,3e-12,-0.7377
8,2020-W09,2,USR_009,13,USR_010,2e-12,-0.9416
8,2020-W09,2,USR_009,14,USR_001,2e-12,-0.6483
8,2020-W09,3,STK_005,0,STK_004,0.0,-0.0
8,2020-W09,3,STK_005,1,USR_003,0.0,-0.0
8,2020-W09,3,STK_005,2,USR_009,0.0,-0.0
8,2020-W09,3,STK_005,3,STK_005,0.0,1.0
8,2020-W09,3,STK_005,4,USR_005,-0.0,0.0
8,2020-W09,3,STK_005,5,STK_003,-0.0,0.0
8,2020-W09,3,STK_005,6,USR_004,0.0,-0.0
8,2020-W09,3,STK_005,7,USR_007,-0.0,0.0
8,2020-W09,3,STK_005,8,STK_001,0.0,-0.0
8,2020-W09,3,STK_005,9,USR_008,0.0,-0.0
8,2020-W09,3,STK_005,10,USR_006,-0.0,0.0
8,2020-W09,3,STK_005,11,STK_002,0.0,-0.0
8,2020-W09,3,STK_005,12,USR_002,0.0,-0.0
8,2020-W09,3,STK_005,13,USR_010,0.0,-0.0
8,2020-W09,3,STK_005,14,USR_001,0.0,-0.0
8,2020-W09,4,USR_005,0,STK_004,0.0,-0.0
8,2020-W09,4,USR_005,1,USR_003,-5e-12,0.7455
8,2020-W09,4,USR_005,2,USR_009,-1.7e-11,0.9173
8,2020-W09,4,USR_005,3,STK_005,0.0,-0.0
8,2020-W09,4,USR_005,4,USR_005,5.7e-11,1.0
8,2020-W09,4,USR_005,5,STK_003,0.0,-0.0
8,2020-W09,4,USR_005,6,USR_004,-1.2e-11,0.857
8,2020-W09,4,USR_005,7,USR_007,1.5e-11,-0.7201
8,2020-W09,4,USR_005,8,STK_001,0.0,-0.0
8,2020-W09,4,USR_005,9,USR_008,-4.4e-11,0.9341
8,2020-W09,4,USR_005,10,USR_006,3.3e-11,-0.7608
8,2020-W09,4,USR_005,11,STK_002,0.0,-0.0
8,2020-W09,4,USR_005,12,USR_002,-1.1e-11,0.8551
8,2020-W09,4,USR_005,13,USR_010,-7e-12,0.9762
8,2020-W09,4,USR_005,14,USR_001,-9e-12,0.7575
8,2020-W09,5,STK_003,0,STK_004,0.0,-0.0
8,2020-W09,5,STK_003,1,USR_003,0.0,-0.0
8,2020-W09,5,STK_003,2,USR_009,0.0,-0.0
8,2020-W09,5,STK_003,3,STK_005,0.0,-0.0
8,2020-W09,5,STK_003,4,USR_005,-0.0,0.0
8,2020-W09,5,STK_003,5,STK_003,-0.0,1.0
8,2020-W09,5,STK_003,6,USR_004,0.0,-0.0
8,2020-W09,5,STK_003,7,USR_007,-0.0,0.0
8,2020-W09,5,STK_003,8,STK_001,0.0,-0.0
8,2020-W09,5,STK_003,9,USR_008,0.0,-0.0
8,2020-W09,5,STK_003,10,USR_006,-0.0,0.0
8,2020-W09,5,STK_003,11,STK_002,0.0,-0.0
8,2020-W09,5,STK_003,12,USR_002,0.0,-0.0
8,2020-W09,5,STK_003,13,USR_010,0.0,-0.0
8,2020-W09,5,STK_003,14,USR_001,0.0,-0.0
8,2020-W09,6,USR_004,0,STK_004,0.0,-0.0
8,2020-W09,6,USR_004,1,USR_003,1e-12,-0.9453
8,2020-W09,6,USR_004,2,USR_009,3e-12,-0.7402
8,2020-W09,6,USR_004,3,STK_005,0.0,-0.0
8,2020-W09,6,USR_004,4,USR_005,-1.2e-11,0.857
8,2020-W09,6,USR_004,5,STK_003,-0.0,0.0
8,2020-W09,6,USR_004,6,USR_004,3e-12,1.0
8,2020-W09,6,USR_004,7,USR_007,-5e-12,0.9271
8,2020-W09,6,USR_004,8,STK_001,0.0,-0.0
8,2020-W09,6,USR_004,9,USR_008,1.1e-11,-0.9717
8,2020-W09,6,USR_004,10,USR_006,-1e-11,0.9647
8,2020-W09,6,USR_004,11,STK_002,0.0,-0.0
8,2020-W09,6,USR_004,12,USR_002,3e-12,-0.9996
8,2020-W09,6,USR_004,13,USR_010,1e-12,-0.7848
8,2020-W09,6,USR_004,14,USR_001,3e-12,-0.9802
8,2020-W09,7,USR_007,0,STK_004,0.0,-0.0
8,2020-W09,7,USR_007,1,USR_003,-2e-12,0.9156
8,2020-W09,7,USR_007,2,USR_009,-5e-12,0.7268
8,2020-W09,7,USR_007,3,STK_005,0.0,-0.0
8,2020-W09,7,USR_007,4,USR_005,1.5e-11,-0.7201
8,2020-W09,7,USR_007,5,STK_003,0.0,-0.0
8,2020-W09,7,USR_007,6,USR_004,-5e-12,0.9272
8,2020-W09,7,USR_007,7,USR_007,8e-12,1.0
8,2020-W09,7,USR_007,8,STK_001,0.0,-0.0
8,2020-W09,7,USR_007,9,USR_008,-1.5e-11,0.8726
8,2020-W09,7,USR_007,10,USR_006,1.5e-11,-0.9153
8,2020-W09,7,USR_007,11,STK_002,0.0,-0.0
8,2020-W09,7,USR_007,12,USR_002,-5e-12,0.9294
8,2020-W09,7,USR_007,13,USR_010,-2e-12,0.6502
8,2020-W09,7,USR_007,14,USR_001,-4e-12,0.9499
8,2020-W09,8,STK_001,0,STK_004,0.0,-0.0
8,2020-W09,8,STK_001,1,USR_003,0.0,-0.0
8,2020-W09,8,STK_001,2,USR_009,0.0,-0.0
8,2020-W09,8,STK_001,3,STK_005,0.0,-0.0
8,2020-W09,8,STK_001,4,USR_005,0.0,-0.0
8,2020-W09,8,STK_001,5,STK_003,0.0,-0.0
8,2020-W09,8,STK_001,6,USR_004,0.0,-0.0
8,2020-W09,8,STK_001,7,USR_007,0.0,-0.0
8,2020-W09,8,STK_001,8,STK_001,0.0,1.0
8,2020-W09,8,STK_001,9,USR_008,0.0,-0.0
8,2020-W09,8,STK_001,10,USR_006,0.0,-0.0
8,2020-W09,8,STK_001,11,STK_002,0.0,-0.0
8,2020-W09,8,STK_001,12,USR_002,0.0,-0.0
8,2020-W09,8,STK_001,13,USR_010,0.0,-0.0
8,2020-W09,8,STK_001,14,USR_001,0.0,-0.0
8,2020-W09,9,USR_008,0,STK_004,0.0,-0.0
8,2020-W09,9,USR_008,1,USR_003,4e-12,-0.8933
8,2020-W09,9,USR_008,2,USR_009,1.3e-11,-0.8432
8,2020-W09,9,USR_008,3,STK_005,0.0,-0.0
8,2020-W09,9,USR_008,4,USR_005,-4.4e-11,0.9341
8,2020-W09,9,USR_008,5,STK_003,-0.0,0.0
8,2020-W09,9,USR_008,6,USR_004,1.1e-11,-0.9717
8,2020-W09,9,USR_008,7,USR_007,-1.5e-11,0.8726
8,2020-W09,9,USR_008,8,STK_001,0.0,-0.0
8,2020-W09,9,USR_008,9,USR_008,3.9e-11,1.0
8,2020-W09,9,USR_008,10,USR_006,-3.4e-11,0.9423
8,2020-W09,9,USR_008,11,STK_002,0.0,-0.0
8,2020-W09,9,USR_008,12,USR_002,1.1e-11,-0.971
8,2020-W09,9,USR_008,13,USR_010,5e-12,-0.9022
8,2020-W09,9,USR_008,14,USR_001,9e-12,-0.9237
8,2020-W09,10,USR_006,0,STK_004,0.0,-0.0
8,2020-W09,10,USR_006,1,USR_003,-4e-12,0.9286
8,2020-W09,10,USR_006,2,USR_009,-9e-12,0.6739
8,2020-W09,10,USR_006,3,STK_005,0.0,-0.0
8,2020-W09,10,USR_006,4,USR_005,3.3e-11,-0.7608
8,2020-W09,10,USR_006,5,STK_003,0.0,-0.0
8,2020-W09,10,USR_006,6,USR_004,-1e-11,0.9647
8,2020-W09,10,USR_006,7,USR_007,1.5e-11,-0.9153
8,2020-W09,10,USR_006,8,STK_001,0.0,-0.0
8,2020-W09,10,USR_006,9,USR_008,-3.4e-11,0.9423
8,2020-W09,10,USR_006,10,USR_006,3.2e-11,1.0
8,2020-W09,10,USR_006,11,STK_002,0.0,-0.0
8,2020-W09,10,USR_006,12,USR_002,-1e-11,0.9653
8,2020-W09,10,USR_006,13,USR_010,-4e-12,0.7235
8,2020-W09,10,USR_006,14,USR_001,-9e-12,0.9712
8,2020-W09,11,STK_002,0,STK_004,0.0,-0.0
8,2020-W09,11,STK_002,1,USR_003,0.0,-0.0
8,2020-W09,11,STK_002,2,USR_009,0.0,-0.0
8,2020-W09,11,STK_002,3,STK_005,0.0,-0.0
8,2020-W09,11,STK_002,4,USR_005,0.0,-0.0
8,2020-W09,11,STK_002,5,STK_003,0.0,-0.0
8,2020-W09,11,STK_002,6,USR_004,0.0,-0.0
8,2020-W09,11,STK_002,7,USR_007,0.0,-0.0
8,2020-W09,11,STK_002,8,STK_001,0.0,-0.0
8,2020-W09,11,STK_002,9,USR_008,0.0,-0.0
8,2020-W09,11,STK_002,10,USR_006,0.0,-0.0
8,2020-W09,11,STK_002,11,STK_002,0.0,1.0
8,2020-W09,11,STK_002,12,USR_002,0.0,-0.0
8,2020-W09,11,STK_002,13,USR_010,0.0,-0.0
8,2020-W09,11,STK_002,14,USR_001,0.0,-0.0
8,2020-W09,12,USR_002,0,STK_004,0.0,-0.0
8,2020-W09,12,USR_002,1,USR_003,1e-12,-0.9523
8,2020-W09,12,USR_002,2,USR_009,3e-12,-0.7377
8,2020-W09,12,USR_002,3,STK_005,0.0,-0.0
8,2020-W09,12,USR_002,4,USR_005,-1.1e-11,0.8551
8,2020-W09,12,USR_002,5,STK_003,-0.0,0.0
8,2020-W09,12,USR_002,6,USR_004,3e-12,-0.9996
8,2020-W09,12,USR_002,7,USR_007,-5e-12,0.9294
8,2020-W09,12,USR_002,8,STK_001,0.0,-0.0
8,2020-W09,12,USR_002,9,USR_008,1.1e-11,-0.971
8,2020-W09,12,USR_002,10,USR_006,-1e-11,0.9653
8,2020-W09,12,USR_002,11,STK_002,0.0,-0.0
8,2020-W09,12,USR_002,12,USR_002,3e-12,1.0
8,2020-W09,12,USR_002,13,USR_010,1e-12,-0.7818
8,2020-W09,12,USR_002,14,USR_001,3e-12,-0.9823
8,2020-W09,13,USR_010,0,STK_004,0.0,-0.0
8,2020-W09,13,USR_010,1,USR_003,0.0,-0.6543
8,2020-W09,13,USR_010,2,USR_009,2e-12,-0.9416
8,2020-W09,13,USR_010,3,STK_005,0.0,-0.0
8,2020-W09,13,USR_010,4,USR_005,-7e-12,0.9762
8,2020-W09,13,USR_010,5,STK_003,-0.0,0.0
8,2020-W09,13,USR_010,6,USR_004,1e-12,-0.7848
8,2020-W09,13,USR_010,7,USR_007,-2e-12,0.6502
8,2020-W09,13,USR_010,8,STK_001,0.0,-0.0
8,2020-W09,13,USR_010,9,USR_008,5e-12,-0.9022
8,2020-W09,13,USR_010,10,USR_006,-4e-12,0.7235
8,2020-W09,13,USR_010,11,STK_002,0.0,-0.0
8,2020-W09,13,USR_010,12,USR_002,1e-12,-0.7818
8,2020-W09,13,USR_010,13,USR_010,1e-12,1.0
8,2020-W09,13,USR_010,14,USR_001,1e-12,-0.6748
8,2020-W09,14,USR_001,0,STK_004,0.0,-0.0
8,2020-W09,14,USR_001,1,USR_003,1e-12,-0.9617
8,2020-W09,14,USR_001,2,USR_009,2e-12,-0.6483
8,2020-W09,14,USR_001,3,STK_005,0.0,-0.0
8,2020-W09,14,USR_001,4,USR_005,-9e-12,0.7575
8,2020-W09,14,USR_001,5,STK_003,-0.0,0.0
8,2020-W09,14,USR_001,6,USR_004,3e-12,-0.9802
8,2020-W09,14,USR_001,7,USR_007,-4e-12,0.9499
8,2020-W09,14,USR_001,8,STK_001,0.0,-0.0
8,2020-W09,14,USR_001,9,USR_008,9e-12,-0.9237
8,2020-W09,14,USR_001,10,USR_006,-9e-12,0.9712
8,2020-W09,14,USR_001,11,STK_002,0.0,-0.0
8,2020-W09,14,USR_001,12,USR_002,3e-12,-0.9823
8,2020-W09,14,USR_001,13,USR_010,1e-12,-0.6747
8,2020-W09,14,USR_001,14,USR_001,2e-12,1.0
9,2020-W10,0,STK_004,0,STK_004,0.0,1.0
9,2020-W10,0,STK_004,1,USR_003,0.0,-0.0
9,2020-W10,0,STK_004,2,USR_009,0.0,-0.0
9,2020-W10,0,STK_004,3,STK_005,0.0,-0.0
9,2020-W10,0,STK_004,4,USR_005,0.0,-0.0
9,2020-W10,0,STK_004,5,STK_003,0.0,-0.0
9,2020-W10,0,STK_004,6,USR_004,0.0,-0.0
9,2020-W10,0,STK_004,7,USR_007,0.0,-0.0
9,2020-W10,0,STK_004,8,STK_001,0.0,-0.0
9,2020-W10,0,STK_004,9,USR_008,0.0,-0.0
9,2020-W10,0,STK_004,10,USR_006,0.0,-0.0
9,2020-W10,0,STK_004,11,STK_002,0.0,-0.0
9,2020-W10,0,STK_004,12,USR_002,0.0,-0.0
9,2020-W10,0,STK_004,13,USR_010,0.0,-0.0
9,2020-W10,0,STK_004,14,USR_001,0.0,-0.0
9,2020-W10,1,USR_003,0,STK_004,0.0,-0.0
9,2020-W10,1,USR_003,1,USR_003,3e-12,1.0
9,2020-W10,1,USR_003,2,USR_009,4e-12,-0.8692
9,2020-W10,1,USR_003,3,STK_005,0.0,-0.0
9,2020-W10,1,USR_003,4,USR_005,9e-12,-0.6402
9,2020-W10,1,USR_003,5,STK_003,0.0,-0.0
9,2020-W10,1,USR_003,6,USR_004,1e-12,-0.2943
9,2020-W10,1,USR_003,7,USR_007,6e-12,-0.6299
9,2020-W10,1,USR_003,8,STK_001,0.0,-0.0
9,2020-W10,1,USR_003,9,USR_008,-6e-12,0.4727
9,2020-W10,1,USR_003,10,USR_006,-1e-12,0.105
9,2020-W10,1,USR_003,11,STK_002,0.0,-0.0
9,2020-W10,1,USR_003,12,USR_002,2e-12,-0.5439
9,2020-W10,1,USR_003,13,USR_010,-1.9e-11,0.897
9,2020-W10,1,USR_003,14,USR_001,2e-12,-0.7996
9,2020-W10,2,USR_009,0,STK_004,0.0,-0.0
9,2020-W10,2,USR_009,1,USR_003,4e-12,-0.8692
9,2020-W10,2,USR_009,2,USR_009,5e-12,1.0
9,2020-W10,2,USR_009,3,STK_005,0.0,-0.0
9,2020-W10,2,USR_009,4,USR_005,1e-11,-0.5863
9,2020-W10,2,USR_009,5,STK_003,0.0,-0.0
9,2020-W10,2,USR_009,6,USR_004,1e-12,-0.2301
9,2020-W10,2,USR_009,7,USR_007,8e-12,-0.5574
9,2020-W10,2,USR_009,8,STK_001,0.0,-0.0
9,2020-W10,2,USR_009,9,USR_008,-8e-12,0.4403
9,2020-W10,2,USR_009,10,USR_006,-1e-12,0.0864
9,2020-W10,2,USR_009,11,STK_002,0.0,-0.0
9,2020-W10,2,USR_009,12,USR_002,2e-12,-0.4551
9,2020-W10,2,USR_009,13,USR_010,-2.3e-11,0.8285
9,2020-W10,2,USR_009,14,USR_001,3e-12,-0.6966
9,2020-W10,3,STK_005,0,STK_004,0.0,-0.0
9,2020-W10,3,STK_005,1,USR_003,0.0,-0.0
9,2020-W10,3,STK_005,2,USR_009,0.0,-0.0
9,2020-W10,3,STK_005,3,STK_005,0.0,1.0
9,2020-W10,3,STK_005,4,USR_005,0.0,-0.0
9,2020-W10,3,STK_005,5,STK_003,0.0,-0.0
9,2020-W10,3,STK_005,6,USR_004,-0.0,0.0
9,2020-W10,3,STK_005,7,USR_007,0.0,-0.0
9,2020-W10,3,STK_005,8,STK_001,0.0,-0.0
9,2020-W10,3,STK_005,9,USR_008,-0.0,0.0
9,2020-W10,3,STK_005,10,USR_006,0.0,-0.0
9,2020-W10,3,STK_005,11,STK_002,0.0,-0.0
9,2020-W10,3,STK_005,12,USR_002,-0.0,0.0
9,2020-W10,3,STK_005,13,USR_010,-0.0,0.0
9,2020-W10,3,STK_005,14,USR_001,0.0,-0.0
9,2020-W10,4,USR_005,0,STK_004,0.0,-0.0
9,2020-W10,4,USR_005,1,USR_003,9e-12,-0.6402
9,2020-W10,4,USR_005,2,USR_009,1e-11,-0.5863
9,2020-W10,4,USR_005,3,STK_005,0.0,-0.0
9,2020-W10,4,USR_005,4,USR_005,5.9e-11,1.0
9,2020-W10,4,USR_005,5,STK_003,0.0,-0.0
9,2020-W10,4,USR_005,6,USR_004,-7e-12,0.5322
9,2020-W10,4,USR_005,7,USR_007,4.2e-11,-0.9532
9,2020-W10,4,USR_005,8,STK_001,0.0,-0.0
9,2020-W10,4,USR_005,9,USR_008,-5.6e-11,0.9677
9,2020-W10,4,USR_005,10,USR_006,2.8e-11,-0.6553
9,2020-W10,4,USR_005,11,STK_002,0.0,-0.0
9,2020-W10,4,USR_005,12,USR_002,-3e-12,0.2838
9,2020-W10,4,USR_005,13,USR_010,-8.4e-11,0.8961
9,2020-W10,4,USR_005,14,USR_001,1e-12,-0.0741
9,2020-W10,5,STK_003,0,STK_004,0.0,-0.0
9,2020-W10,5,STK_003,1,USR_003,-0.0,0.0
9,2020-W10,5,STK_003,2,USR_009,-0.0,0.0
9,2020-W10,5,STK_003,3,STK_005,0.0,-0.0
9,2020-W10,5,STK_003,4,USR_005,-0.0,0.0
9,2020-W10,5,STK_003,5,STK_003,-0.0,1.0
9,2020-W10,5,STK_003,6,USR_004,0.0,-0.0
9,2020-W10,5,STK_003,7,USR_007,-0.0,0.0
9,2020-W10,5,STK_003,8,STK_001,0.0,-0.0
9,2020-W10,5,STK_003,9,USR_008,0.0,-0.0
9,2020-W10,5,STK_003,10,USR_006,-0.0,0.0
9,2020-W10,5,STK_003,11,STK_002,0.0,-0.0
9,2020-W10,5,STK_003,12,USR_002,0.0,-0.0
9,2020-W10,5,STK_003,13,USR_010,0.0,-0.0
9,2020-W10,5,STK_003,14,USR_001,-0.0,0.0
9,2020-W10,6,USR_004,0,STK_004,0.0,-0.0
9,2020-W10,6,USR_004,1,USR_003,1e-12,-0.2943
9,2020-W10,6,USR_004,2,USR_009,1e-12,-0.2301
9,2020-W10,6,USR_004,3,STK_005,0.0,-0.0
9,2020-W10,6,USR_004,4,USR_005,-7e-12,0.5322
9,2020-W10,6,USR_004,5,STK_003,-0.0,0.0
9,2020-W10,6,USR_004,6,USR_004,3e-12,1.0
9,2020-W10,6,USR_004,7,USR_007,-5e-12,0.5145
9,2020-W10,6,USR_004,8,STK_001,0.0,-0.0
9,2020-W10,6,USR_004,9,USR_008,9e-12,-0.6907
9,2020-W10,6,USR_004,10,USR_006,-9e-12,0.9494
9,2020-W10,6,USR_004,11,STK_002,0.0,-0.0
9,2020-W10,6,USR_004,12,USR_002,2e-12,-0.9617
9,2020-W10,6,USR_004,13,USR_010,3e-12,-0.1336
9,2020-W10,6,USR_004,14,USR_001,2e-12,-0.7991
9,2020-W10,7,USR_007,0,STK_004,0.0,-0.0
9,2020-W10,7,USR_007,1,USR_003,6e-12,-0.6299
9,2020-W10,7,USR_007,2,USR_009,8e-12,-0.5574
9,2020-W10,7,USR_007,3,STK_005,0.0,-0.0
9,2020-W10,7,USR_007,4,USR_005,4.2e-11,-0.9532
9,2020-W10,7,USR_007,5,STK_003,0.0,-0.0
9,2020-W10,7,USR_007,6,USR_004,-5e-12,0.5145
9,2020-W10,7,USR_007,7,USR_007,3.3e-11,1.0
9,2020-W10,7,USR_007,8,STK_001,0.0,-0.0
9,2020-W10,7,USR_007,9,USR_008,-4.1e-11,0.9459
9,2020-W10,7,USR_007,10,USR_006,2.1e-11,-0.6517
9,2020-W10,7,USR_007,11,STK_002,0.0,-0.0
9,2020-W10,7,USR_007,12,USR_002,-2e-12,0.2689
9,2020-W10,7,USR_007,13,USR_010,-6.3e-11,0.8968
9,2020-W10,7,USR_007,14,USR_001,1e-12,-0.0655
9,2020-W10,8,STK_001,0,STK_004,0.0,-0.0
9,2020-W10,8,STK_001,1,USR_003,0.0,-0.0
9,2020-W10,8,STK_001,2,USR_009,0.0,-0.0
9,2020-W10,8,STK_001,3,STK_005,0.0,-0.0
9,2020-W10,8,STK_001,4,USR_005,0.0,-0.0
9,2020-W10,8,STK_001,5,STK_003,0.0,-0.0
9,2020-W10,8,STK_001,6,USR_004,-0.0,0.0
9,2020-W10,8,STK_001,7,USR_007,0.0,-0.0
9,2020-W10,8,STK_001,8,STK_001,0.0,1.0
9,2020-W10,8,STK_001,9,USR_008,-0.0,0.0
9,2020-W10,8,STK_001,10,USR_006,0.0,-0.0
9,2020-W10,8,STK_001,11,STK_002,0.0,-0.0
9,2020-W10,8,STK_001,12,USR_002,-0.0,0.0
9,2020-W10,8,STK_001,13,USR_010,-0.0,0.0
9,2020-W10,8,STK_001,14,USR_001,0.0,-0.0
9,2020-W10,9,USR_008,0,STK_004,0.0,-0.0
9,2020-W10,9,USR_008,1,USR_003,-6e-12,0.4727
9,2020-W10,9,USR_008,2,USR_009,-8e-12,0.4403
9,2020-W10,9,USR_008,3,STK_005,0.0,-0.0
9,2020-W10,9,USR_008,4,USR_005,-5.6e-11,0.9677
9,2020-W10,9,USR_008,5,STK_003,-0.0,0.0
9,2020-W10,9,USR_008,6,USR_004,9e-12,-0.6907
9,2020-W10,9,USR_008,7,USR_007,-4.1e-11,0.9459
9,2020-W10,9,USR_008,8,STK_001,0.0,-0.0
9,2020-W10,9,USR_008,9,USR_008,5.7e-11,1.0
9,2020-W10,9,USR_008,10,USR_006,-3.5e-11,0.8165
9,2020-W10,9,USR_008,11,STK_002,0.0,-0.0
9,2020-W10,9,USR_008,12,USR_002,6e-12,-0.4703
9,2020-W10,9,USR_008,13,USR_010,7.3e-11,-0.7999
9,2020-W10,9,USR_008,14,USR_001,2e-12,-0.1329
9,2020-W10,10,USR_006,0,STK_004,0.0,-0.0
9,2020-W10,10,USR_006,1,USR_003,-1e-12,0.105
9,2020-W10,10,USR_006,2,USR_009,-1e-12,0.0864
9,2020-W10,10,USR_006,3,STK_005,0.0,-0.0
9,2020-W10,10,USR_006,4,USR_005,2.8e-11,-0.6553
9,2020-W10,10,USR_006,5,STK_003,0.0,-0.0
9,2020-W10,10,USR_006,6,USR_004,-9e-12,0.9494
9,2020-W10,10,USR_006,7,USR_007,2.1e-11,-0.6517
9,2020-W10,10,USR_006,8,STK_001,0.0,-0.0
9,2020-W10,10,USR_006,9,USR_008,-3.5e-11,0.8165
9,2020-W10,10,USR_006,10,USR_006,3.2e-11,1.0
9,2020-W10,10,USR_006,11,STK_002,0.0,-0.0
9,2020-W10,10,USR_006,12,USR_002,-8e-12,0.863
9,2020-W10,10,USR_006,13,USR_010,-2.2e-11,0.317
9,2020-W10,10,USR_006,14,USR_001,-6e-12,0.6565
9,2020-W10,11,STK_002,0,STK_004,0.0,-0.0
9,2020-W10,11,STK_002,1,USR_003,0.0,-0.0
9,2020-W10,11,STK_002,2,USR_009,0.0,-0.0
9,2020-W10,11,STK_002,3,STK_005,0.0,-0.0
9,2020-W10,11,STK_002,4,USR_005,0.0,-0.0
9,2020-W10,11,STK_002,5,STK_003,0.0,-0.0
9,2020-W10,11,STK_002,6,USR_004,0.0,-0.0
9,2020-W10,11,STK_002,7,USR_007,0.0,-0.0
9,2020-W10,11,STK_002,8,STK_001,0.0,-0.0
9,2020-W10,11,STK_002,9,USR_008,0.0,-0.0
9,2020-W10,11,STK_002,10,USR_006,0.0,-0.0
9,2020-W10,11,STK_002,11,STK_002,0.0,1.0
9,2020-W10,11,STK_002,12,USR_002,0.0,-0.0
9,2020-W10,11,STK_002,13,USR_010,0.0,-0.0
9,2020-W10,11,STK_002,14,USR_001,0.0,-0.0
9,2020-W10,12,USR_002,0,STK_004,0.0,-0.0
9,2020-W10,12,USR_002,1,USR_003,2e-12,-0.5439
9,2020-W10,12,USR_002,2,USR_009,2e-12,-0.4551
9,2020-W10,12,USR_002,3,STK_005,0.0,-0.0
9,2020-W10,12,USR_002,4,USR_005,-3e-12,0.2838
9,2020-W10,12,USR_002,5,STK_003,-0.0,0.0
9,2020-W10,12,USR_002,6,USR_004,2e-12,-0.9617
9,2020-W10,12,USR_002,7,USR_007,-2e-12,0.2689
9,2020-W10,12,USR_002,8,STK_001,0.0,-0.0
9,2020-W10,12,USR_002,9,USR_008,6e-12,-0.4703
9,2020-W10,12,USR_002,10,USR_006,-8e-12,0.863
9,2020-W10,12,USR_002,11,STK_002,0.0,-0.0
9,2020-W10,12,USR_002,12,USR_002,3e-12,1.0
9,2020-W10,12,USR_002,13,USR_010,-3e-12,0.1412
9,2020-W10,12,USR_002,14,USR_001,3e-12,-0.9309
9,2020-W10,13,USR_010,0,STK_004,0.0,-0.0
9,2020-W10,13,USR_010,1,USR_003,-1.9e-11,0.897
9,2020-W10,13,USR_010,2,USR_009,-2.3e-11,0.8285
9,2020-W10,13,USR_010,3,STK_005,0.0,-0.0
9,2020-W10,13,USR_010,4,USR_005,-8.4e-11,0.8961
9,2020-W10,13,USR_010,5,STK_003,-0.0,0.0
9,2020-W10,13,USR_010,6,USR_004,3e-12,-0.1336
9,2020-W10,13,USR_010,7,USR_007,-6.3e-11,0.8968
9,2020-W10,13,USR_010,8,STK_001,0.0,-0.0
9,2020-W10,13,USR_010,9,USR_008,7.3e-11,-0.7999
9,2020-W10,13,USR_010,10,USR_006,-2.2e-11,0.317
9,2020-W10,13,USR_010,11,STK_002,0.0,-0.0
9,2020-W10,13,USR_010,12,USR_002,-3e-12,0.1412
9,2020-W10,13,USR_010,13,USR_010,1.48e-10,1.0
9,2020-W10,13,USR_010,14,USR_001,-1e-11,0.4752
9,2020-W10,14,USR_001,0,STK_004,0.0,-0.0
9,2020-W10,14,USR_001,1,USR_003,2e-12,-0.7996
9,2020-W10,14,USR_001,2,USR_009,3e-12,-0.6966
9,2020-W10,14,USR_001,3,STK_005,0.0,-0.0
9,2020-W10,14,USR_001,4,USR_005,1e-12,-0.0741
9,2020-W10,14,USR_001,5,STK_003,0.0,-0.0
9,2020-W10,14,USR_001,6,USR_004,2e-12,-0.7991
9,2020-W10,14,USR_001,7,USR_007,1e-12,-0.0655
9,2020-W10,14,USR_001,8,STK_001,0.0,-0.0
9,2020-W10,14,USR_001,9,USR_008,2e-12,-0.1329
9,2020-W10,14,USR_001,10,USR_006,-6e-12,0.6565
9,2020-W10,14,USR_001,11,STK_002,0.0,-0.0
9,2020-W10,14,USR_001,12,USR_002,3e-12,-0.9309
9,2020-W10,14,USR_001,13,USR_010,-1e-11,0.4752
9,2020-W10,14,USR_001,14,USR_001,3e-12,1.0
10,2020-W11,0,STK_004,0,STK_004,0.0,1.0
10,2020-W11,0,STK_004,1,USR_003,0.0,-0.0
10,2020-W11,0,STK_004,2,USR_009,0.0,-0.0
10,2020-W11,0,STK_004,3,STK_005,0.0,-0.0
10,2020-W11,0,STK_004,4,USR_005,0.0,-0.0
10,2020-W11,0,STK_004,5,STK_003,0.0,-0.0
10,2020-W11,0,STK_004,6,USR_004,0.0,-0.0
10,2020-W11,0,STK_004,7,USR_007,0.0,-0.0
10,2020-W11,0,STK_004,8,STK_001,0.0,-0.0
10,2020-W11,0,STK_004,9,USR_008,0.0,-0.0
10,2020-W11,0,STK_004,10,USR_006,0.0,-0.0
10,2020-W11,0,STK_004,11,STK_002,0.0,-0.0
10,2020-W11,0,STK_004,12,USR_002,0.0,-0.0
10,2020-W11,0,STK_004,13,USR_010,0.0,-0.0
10,2020-W11,0,STK_004,14,USR_001,0.0,-0.0
10,2020-W11,1,USR_003,0,STK_004,0.0,-0.0
10,2020-W11,1,USR_003,1,USR_003,1.3e-11,1.0
10,2020-W11,1,USR_003,2,USR_009,1.6e-11,-0.9663
10,2020-W11,1,USR_003,3,STK_005,0.0,-0.0
10,2020-W11,1,USR_003,4,USR_005,1.3e-11,-0.7507
10,2020-W11,1,USR_003,5,STK_003,0.0,-0.0
10,2020-W11,1,USR_003,6,USR_004,1.1e-11,-0.9523
10,2020-W11,1,USR_003,7,USR_007,3.2e-11,-0.9131
10,2020-W11,1,USR_003,8,STK_001,0.0,-0.0
10,2020-W11,1,USR_003,9,USR_008,-7.4e-11,0.8854
10,2020-W11,1,USR_003,10,USR_006,-1.8e-11,0.8168
10,2020-W11,1,USR_003,11,STK_002,0.0,-0.0
10,2020-W11,1,USR_003,12,USR_002,1.2e-11,-0.9732
10,2020-W11,1,USR_003,13,USR_010,-2.1e-11,0.6181
10,2020-W11,1,USR_003,14,USR_001,1.7e-11,-0.9841
10,2020-W11,2,USR_009,0,STK_004,0.0,-0.0
10,2020-W11,2,USR_009,1,USR_003,1.6e-11,-0.9663
10,2020-W11,2,USR_009,2,USR_009,2.2e-11,1.0
10,2020-W11,2,USR_009,3,STK_005,0.0,-0.0
10,2020-W11,2,USR_009,4,USR_005,1.8e-11,-0.795
10,2020-W11,2,USR_009,5,STK_003,0.0,-0.0
10,2020-W11,2,USR_009,6,USR_004,1.3e-11,-0.8985
10,2020-W11,2,USR_009,7,USR_007,4.1e-11,-0.911
10,2020-W11,2,USR_009,8,STK_001,0.0,-0.0
10,2020-W11,2,USR_009,9,USR_008,-9.8e-11,0.8862
10,2020-W11,2,USR_009,10,USR_006,-2.1e-11,0.7514
10,2020-W11,2,USR_009,11,STK_002,0.0,-0.0
10,2020-W11,2,USR_009,12,USR_002,1.5e-11,-0.9237
10,2020-W11,2,USR_009,13,USR_010,-2.8e-11,0.6277
10,2020-W11,2,USR_009,14,USR_001,2.1e-11,-0.9478
10,2020-W11,3,STK_005,0,STK_004,0.0,-0.0
10,2020-W11,3,STK_005,1,USR_003,0.0,-0.0
10,2020-W11,3,STK_005,2,USR_009,0.0,-0.0
10,2020-W11,3,STK_005,3,STK_005,0.0,1.0
10,2020-W11,3,STK_005,4,USR_005,0.0,-0.0
10,2020-W11,3,STK_005,5,STK_003,0.0,-0.0
10,2020-W11,3,STK_005,6,USR_004,0.0,-0.0
10,2020-W11,3,STK_005,7,USR_007,0.0,-0.0
10,2020-W11,3,STK_005,8,STK_001,0.0,-0.0
10,2020-W11,3,STK_005,9,USR_008,-0.0,0.0
10,2020-W11,3,STK_005,10,USR_006,-0.0,0.0
10,2020-W11,3,STK_005,11,STK_002,0.0,-0.0
10,2020-W11,3,STK_005,12,USR_002,0.0,-0.0
10,2020-W11,3,STK_005,13,USR_010,-0.0,0.0
10,2020-W11,3,STK_005,14,USR_001,0.0,-0.0
10,2020-W11,4,USR_005,0,STK_004,0.0,-0.0
10,2020-W11,4,USR_005,1,USR_003,1.3e-11,-0.7507
10,2020-W11,4,USR_005,2,USR_009,1.8e-11,-0.795
10,2020-W11,4,USR_005,3,STK_005,0.0,-0.0
10,2020-W11,4,USR_005,4,USR_005,2.2e-11,1.0
10,2020-W11,4,USR_005,5,STK_003,0.0,-0.0
10,2020-W11,4,USR_005,6,USR_004,8e-12,-0.5281
10,2020-W11,4,USR_005,7,USR_007,3.6e-11,-0.7925
10,2020-W11,4,USR_005,8,STK_001,0.0,-0.0
10,2020-W11,4,USR_005,9,USR_008,-7.6e-11,0.6946
10,2020-W11,4,USR_005,10,USR_006,-9e-12,0.3194
10,2020-W11,4,USR_005,11,STK_002,0.0,-0.0
10,2020-W11,4,USR_005,12,USR_002,9e-12,-0.589
10,2020-W11,4,USR_005,13,USR_010,-3.4e-11,0.7818
10,2020-W11,4,USR_005,14,USR_001,1.5e-11,-0.6512
10,2020-W11,5,STK_003,0,STK_004,0.0,-0.0
10,2020-W11,5,STK_003,1,USR_003,-0.0,0.0
10,2020-W11,5,STK_003,2,USR_009,-0.0,0.0
10,2020-W11,5,STK_003,3,STK_005,0.0,-0.0
10,2020-W11,5,STK_003,4,USR_005,-0.0,0.0
10,2020-W11,5,STK_003,5,STK_003,-0.0,1.0
10,2020-W11,5,STK_003,6,USR_004,-0.0,0.0
10,2020-W11,5,STK_003,7,USR_007,-0.0,0.0
10,2020-W11,5,STK_003,8,STK_001,0.0,-0.0
10,2020-W11,5,STK_003,9,USR_008,0.0,-0.0
10,2020-W11,5,STK_003,10,USR_006,0.0,-0.0
10,2020-W11,5,STK_003,11,STK_002,0.0,-0.0
10,2020-W11,5,STK_003,12,USR_002,-0.0,0.0
10,2020-W11,5,STK_003,13,USR_010,0.0,-0.0
10,2020-W11,5,STK_003,14,USR_001,-0.0,0.0
10,2020-W11,6,USR_004,0,STK_004,0.0,-0.0
10,2020-W11,6,USR_004,1,USR_003,1.1e-11,-0.9523
10,2020-W11,6,USR_004,2,USR_009,1.3e-11,-0.8986
10,2020-W11,6,USR_004,3,STK_005,0.0,-0.0
10,2020-W11,6,USR_004,4,USR_005,8e-12,-0.5281
10,2020-W11,6,USR_004,5,STK_003,0.0,-0.0
10,2020-W11,6,USR_004,6,USR_004,1e-11,1.0
10,2020-W11,6,USR_004,7,USR_007,2.5e-11,-0.8317
10,2020-W11,6,USR_004,8,STK_001,0.0,-0.0
10,2020-W11,6,USR_004,9,USR_008,-6.2e-11,0.8524
10,2020-W11,6,USR_004,10,USR_006,-1.7e-11,0.9134
10,2020-W11,6,USR_004,11,STK_002,0.0,-0.0
10,2020-W11,6,USR_004,12,USR_002,1e-11,-0.9965
10,2020-W11,6,USR_004,13,USR_010,-1.2e-11,0.4171
10,2020-W11,6,USR_004,14,USR_001,1.5e-11,-0.986
10,2020-W11,7,USR_007,0,STK_004,0.0,-0.0
10,2020-W11,7,USR_007,1,USR_003,3.2e-11,-0.9131
10,2020-W11,7,USR_007,2,USR_009,4.1e-11,-0.911
10,2020-W11,7,USR_007,3,STK_005,0.0,-0.0
10,2020-W11,7,USR_007,4,USR_005,3.6e-11,-0.7925
10,2020-W11,7,USR_007,5,STK_003,0.0,-0.0
10,2020-W11,7,USR_007,6,USR_004,2.5e-11,-0.8317
10,2020-W11,7,USR_007,7,USR_007,9.3e-11,1.0
10,2020-W11,7,USR_007,8,STK_001,0.0,-0.0
10,2020-W11,7,USR_007,9,USR_008,-2.18e-10,0.9696
10,2020-W11,7,USR_007,10,USR_006,-3.4e-11,0.5883
10,2020-W11,7,USR_007,11,STK_002,0.0,-0.0
10,2020-W11,7,USR_007,12,USR_002,2.8e-11,-0.8531
10,2020-W11,7,USR_007,13,USR_010,-4.3e-11,0.4781
10,2020-W11,7,USR_007,14,USR_001,4.1e-11,-0.8998
10,2020-W11,8,STK_001,0,STK_004,0.0,-0.0
10,2020-W11,8,STK_001,1,USR_003,-0.0,0.0
10,2020-W11,8,STK_001,2,USR_009,-0.0,0.0
10,2020-W11,8,STK_001,3,STK_005,0.0,-0.0
10,2020-W11,8,STK_001,4,USR_005,-0.0,0.0
10,2020-W11,8,STK_001,5,STK_003,-0.0,0.0
10,2020-W11,8,STK_001,6,USR_004,-0.0,0.0
10,2020-W11,8,STK_001,7,USR_007,-0.0,0.0
10,2020-W11,8,STK_001,8,STK_001,0.0,1.0
10,2020-W11,8,STK_001,9,USR_008,0.0,-0.0
10,2020-W11,8,STK_001,10,USR_006,0.0,-0.0
10,2020-W11,8,STK_001,11,STK_002,0.0,-0.0
10,2020-W11,8,STK_001,12,USR_002,-0.0,0.0
10,2020-W11,8,STK_001,13,USR_010,0.0,-0.0
10,2020-W11,8,STK_001,14,USR_001,-0.0,0.0
10,2020-W11,9,USR_008,0,STK_004,0.0,-0.0
10,2020-W11,9,USR_008,1,USR_003,-7.4e-11,0.8853
10,2020-W11,9,USR_008,2,USR_009,-9.8e-11,0.8862
10,2020-W11,9,USR_008,3,STK_005,0.0,-0.0
10,2020-W11,9,USR_008,4,USR_005,-7.6e-11,0.6946
10,2020-W11,9,USR_008,5,STK_003,-0.0,0.0
10,2020-W11,9,USR_008,6,USR_004,-6.2e-11,0.8524
10,2020-W11,9,USR_008,7,USR_007,-2.18e-10,0.9695
10,2020-W11,9,USR_008,8,STK_001,0.0,-0.0
10,2020-W11,9,USR_008,9,USR_008,5.46e-10,1.0
10,2020-W11,9,USR_008,10,USR_006,8.5e-11,-0.6031
10,2020-W11,9,USR_008,11,STK_002,0.0,-0.0
10,2020-W11,9,USR_008,12,USR_002,-6.7e-11,0.8582
10,2020-W11,9,USR_008,13,USR_010,6.6e-11,-0.3018
10,2020-W11,9,USR_008,14,USR_001,-1.01e-10,0.9058
10,2020-W11,10,USR_006,0,STK_004,0.0,-0.0
10,2020-W11,10,USR_006,1,USR_003,-1.8e-11,0.8168
10,2020-W11,10,USR_006,2,USR_009,-2.1e-11,0.7514
10,2020-W11,10,USR_006,3,STK_005,0.0,-0.0
10,2020-W11,10,USR_006,4,USR_005,-9e-12,0.3194
10,2020-W11,10,USR_006,5,STK_003,-0.0,0.0
10,2020-W11,10,USR_006,6,USR_004,-1.7e-11,0.9133
10,2020-W11,10,USR_006,7,USR_007,-3.4e-11,0.5882
10,2020-W11,10,USR_006,8,STK_001,0.0,-0.0
10,2020-W11,10,USR_006,9,USR_008,8.5e-11,-0.6031
10,2020-W11,10,USR_006,10,USR_006,3.6e-11,1.0
10,2020-W11,10,USR_006,11,STK_002,0.0,-0.0
10,2020-W11,10,USR_006,12,USR_002,-1.8e-11,0.9023
10,2020-W11,10,USR_006,13,USR_010,2.1e-11,-0.3756
10,2020-W11,10,USR_006,14,USR_001,-2.5e-11,0.8599
10,2020-W11,11,STK_002,0,STK_004,0.0,-0.0
10,2020-W11,11,STK_002,1,USR_003,0.0,-0.0
10,2020-W11,11,STK_002,2,USR_009,0.0,-0.0
10,2020-W11,11,STK_002,3,STK_005,0.0,-0.0
10,2020-W11,11,STK_002,4,USR_005,0.0,-0.0
10,2020-W11,11,STK_002,5,STK_003,0.0,-0.0
10,2020-W11,11,STK_002,6,USR_004,0.0,-0.0
10,2020-W11,11,STK_002,7,USR_007,0.0,-0.0
10,2020-W11,11,STK_002,8,STK_001,0.0,-0.0
10,2020-W11,11,STK_002,9,USR_008,0.0,-0.0
10,2020-W11,11,STK_002,10,USR_006,0.0,-0.0
10,2020-W11,11,STK_002,11,STK_002,0.0,1.0
10,2020-W11,11,STK_002,12,USR_002,0.0,-0.0
10,2020-W11,11,STK_002,13,USR_010,0.0,-0.0
10,2020-W11,11,STK_002,14,USR_001,0.0,-0.0
10,2020-W11,12,USR_002,0,STK_004,0.0,-0.0
10,2020-W11,12,USR_002,1,USR_003,1.2e-11,-0.9732
10,2020-W11,12,USR_002,2,USR_009,1.5e-11,-0.9237
10,2020-W11,12,USR_002,3,STK_005,0.0,-0.0
10,2020-W11,12,USR_002,4,USR_005,9e-12,-0.589
10,2020-W11,12,USR_002,5,STK_003,0.0,-0.0
10,2020-W11,12,USR_002,6,USR_004,1e-11,-0.9965
10,2020-W11,12,USR_002,7,USR_007,2.8e-11,-0.8531
10,2020-W11,12,USR_002,8,STK_001,0.0,-0.0
10,2020-W11,12,USR_002,9,USR_008,-6.7e-11,0.8583
10,2020-W11,12,USR_002,10,USR_006,-1.8e-11,0.9024
10,2020-W11,12,USR_002,11,STK_002,0.0,-0.0
10,2020-W11,12,USR_002,12,USR_002,1.1e-11,1.0
10,2020-W11,12,USR_002,13,USR_010,-1.5e-11,0.4861
10,2020-W11,12,USR_002,14,USR_001,1.6e-11,-0.9931
10,2020-W11,13,USR_010,0,STK_004,0.0,-0.0
10,2020-W11,13,USR_010,1,USR_003,-2.1e-11,0.6181
10,2020-W11,13,USR_010,2,USR_009,-2.8e-11,0.6277
10,2020-W11,13,USR_010,3,STK_005,0.0,-0.0
10,2020-W11,13,USR_010,4,USR_005,-3.4e-11,0.7818
10,2020-W11,13,USR_010,5,STK_003,-0.0,0.0
10,2020-W11,13,USR_010,6,USR_004,-1.2e-11,0.417
10,2020-W11,13,USR_010,7,USR_007,-4.3e-11,0.4781
10,2020-W11,13,USR_010,8,STK_001,0.0,-0.0
10,2020-W11,13,USR_010,9,USR_008,6.6e-11,-0.3017
10,2020-W11,13,USR_010,10,USR_006,2.1e-11,-0.3756
10,2020-W11,13,USR_010,11,STK_002,0.0,-0.0
10,2020-W11,13,USR_010,12,USR_002,-1.5e-11,0.4861
10,2020-W11,13,USR_010,13,USR_010,8.8e-11,1.0
10,2020-W11,13,USR_010,14,USR_001,-2.2e-11,0.4876
10,2020-W11,14,USR_001,0,STK_004,0.0,-0.0
10,2020-W11,14,USR_001,1,USR_003,1.7e-11,-0.9841
10,2020-W11,14,USR_001,2,USR_009,2.1e-11,-0.9478
10,2020-W11,14,USR_001,3,STK_005,0.0,-0.0
10,2020-W11,14,USR_001,4,USR_005,1.5e-11,-0.6512
10,2020-W11,14,USR_001,5,STK_003,0.0,-0.0
10,2020-W11,14,USR_001,6,USR_004,1.5e-11,-0.986
10,2020-W11,14,USR_001,7,USR_007,4.1e-11,-0.8998
10,2020-W11,14,USR_001,8,STK_001,0.0,-0.0
10,2020-W11,14,USR_001,9,USR_008,-1.01e-10,0.9058
10,2020-W11,14,USR_001,10,USR_006,-2.5e-11,0.8599
10,2020-W11,14,USR_001,11,STK_002,0.0,-0.0
10,2020-W11,14,USR_001,12,USR_002,1.6e-11,-0.9931
10,2020-W11,14,USR_001,13,USR_010,-2.2e-11,0.4876
10,2020-W11,14,USR_001,14,USR_001,2.3e-11,1.0
11,2020-W12,0,STK_004,0,STK_004,0.0,1.0
11,2020-W12,0,STK_004,1,USR_003,0.0,-0.0
11,2020-W12,0,STK_004,2,USR_009,0.0,-0.0
11,2020-W12,0,STK_004,3,STK_005,0.0,-0.0
11,2020-W12,0,STK_004,4,USR_005,0.0,-0.0
11,2020-W12,0,STK_004,5,STK_003,0.0,-0.0
11,2020-W12,0,STK_004,6,USR_004,0.0,-0.0
11,2020-W12,0,STK_004,7,USR_007,0.0,-0.0
11,2020-W12,0,STK_004,8,STK_001,0.0,-0.0
11,2020-W12,0,STK_004,9,USR_008,0.0,-0.0
11,2020-W12,0,STK_004,10,USR_006,0.0,-0.0
11,2020-W12,0,STK_004,11,STK_002,0.0,-0.0
11,2020-W12,0,STK_004,12,USR_002,0.0,-0.0
11,2020-W12,0,STK_004,13,USR_010,0.0,-0.0
11,2020-W12,0,STK_004,14,USR_001,0.0,-0.0
11,2020-W12,1,USR_003,0,STK_004,0.0,-0.0
11,2020-W12,1,USR_003,1,USR_003,1.1e-11,1.0
11,2020-W12,1,USR_003,2,USR_009,1.4e-11,-0.957
11,2020-W12,1,USR_003,3,STK_005,0.0,-0.0
11,2020-W12,1,USR_003,4,USR_005,6e-12,-0.7693
11,2020-W12,1,USR_003,5,STK_003,0.0,-0.0139
11,2020-W12,1,USR_003,6,USR_004,1.1e-11,-0.9946
11,2020-W12,1,USR_003,7,USR_007,2.6e-11,-0.8872
11,2020-W12,1,USR_003,8,STK_001,0.0,-0.0
11,2020-W12,1,USR_003,9,USR_008,-6.6e-11,0.866
11,2020-W12,1,USR_003,10,USR_006,-1.9e-11,0.9142
11,2020-W12,1,USR_003,11,STK_002,0.0,-0.0
11,2020-W12,1,USR_003,12,USR_002,1.1e-11,-0.9964
11,2020-W12,1,USR_003,13,USR_010,-1e-11,0.4564
11,2020-W12,1,USR_003,14,USR_001,1.6e-11,-0.9954
11,2020-W12,2,USR_009,0,STK_004,0.0,-0.0
11,2020-W12,2,USR_009,1,USR_003,1.4e-11,-0.957
11,2020-W12,2,USR_009,2,USR_009,1.8e-11,1.0
11,2020-W12,2,USR_009,3,STK_005,0.0,-0.0
11,2020-W12,2,USR_009,4,USR_005,9e-12,-0.812
11,2020-W12,2,USR_009,5,STK_003,0.0,-0.0138
11,2020-W12,2,USR_009,6,USR_004,1.3e-11,-0.9478
11,2020-W12,2,USR_009,7,USR_007,3.3e-11,-0.879
11,2020-W12,2,USR_009,8,STK_001,0.0,-0.0
11,2020-W12,2,USR_009,9,USR_008,-8.5e-11,0.8707
11,2020-W12,2,USR_009,10,USR_006,-2.3e-11,0.8611
11,2020-W12,2,USR_009,11,STK_002,0.0,-0.0
11,2020-W12,2,USR_009,12,USR_002,1.4e-11,-0.9499
11,2020-W12,2,USR_009,13,USR_010,-1.2e-11,0.4297
11,2020-W12,2,USR_009,14,USR_001,2e-11,-0.9606
11,2020-W12,3,STK_005,0,STK_004,0.0,-0.0
11,2020-W12,3,STK_005,1,USR_003,-0.0,0.0
11,2020-W12,3,STK_005,2,USR_009,-0.0,0.0
11,2020-W12,3,STK_005,3,STK_005,0.0,1.0
11,2020-W12,3,STK_005,4,USR_005,-0.0,0.0
11,2020-W12,3,STK_005,5,STK_003,-0.0,0.0
11,2020-W12,3,STK_005,6,USR_004,-0.0,0.0
11,2020-W12,3,STK_005,7,USR_007,-0.0,0.0
11,2020-W12,3,STK_005,8,STK_001,0.0,-0.0
11,2020-W12,3,STK_005,9,USR_008,0.0,-0.0
11,2020-W12,3,STK_005,10,USR_006,0.0,-0.0
11,2020-W12,3,STK_005,11,STK_002,0.0,-0.0
11,2020-W12,3,STK_005,12,USR_002,-0.0,0.0
11,2020-W12,3,STK_005,13,USR_010,0.0,-0.0
11,2020-W12,3,STK_005,14,USR_001,-0.0,0.0
11,2020-W12,4,USR_005,0,STK_004,0.0,-0.0
11,2020-W12,4,USR_005,1,USR_003,6e-12,-0.7693
11,2020-W12,4,USR_005,2,USR_009,9e-12,-0.812
11,2020-W12,4,USR_005,3,STK_005,0.0,-0.0
11,2020-W12,4,USR_005,4,USR_005,6e-12,1.0
11,2020-W12,4,USR_005,5,STK_003,0.0,-0.012
11,2020-W12,4,USR_005,6,USR_004,6e-12,-0.7221
11,2020-W12,4,USR_005,7,USR_007,1.7e-11,-0.7881
11,2020-W12,4,USR_005,8,STK_001,0.0,-0.0
11,2020-W12,4,USR_005,9,USR_008,-4.5e-11,0.7804
11,2020-W12,4,USR_005,10,USR_006,-9e-12,0.5899
11,2020-W12,4,USR_005,11,STK_002,0.0,-0.0
11,2020-W12,4,USR_005,12,USR_002,6e-12,-0.7297
11,2020-W12,4,USR_005,13,USR_010,-6e-12,0.3699
11,2020-W12,4,USR_005,14,USR_001,9e-12,-0.7657
11,2020-W12,5,STK_003,0,STK_004,0.0,-0.0
11,2020-W12,5,STK_003,1,USR_003,0.0,-1.0
11,2020-W12,5,STK_003,2,USR_009,0.0,-1.0
11,2020-W12,5,STK_003,3,STK_005,0.0,-0.0
11,2020-W12,5,STK_003,4,USR_005,0.0,-1.0
11,2020-W12,5,STK_003,5,STK_003,0.0,1.0
11,2020-W12,5,STK_003,6,USR_004,0.0,-1.0
11,2020-W12,5,STK_003,7,USR_007,0.0,-1.0
11,2020-W12,5,STK_003,8,STK_001,0.0,-0.0
11,2020-W12,5,STK_003,9,USR_008,-0.0,1.0
11,2020-W12,5,STK_003,10,USR_006,-0.0,1.0
11,2020-W12,5,STK_003,11,STK_002,0.0,-0.0
11,2020-W12,5,STK_003,12,USR_002,0.0,-1.0
11,2020-W12,5,STK_003,13,USR_010,-0.0,1.0
11,2020-W12,5,STK_003,14,USR_001,0.0,-1.0
11,2020-W12,6,USR_004,0,STK_004,0.0,-0.0
11,2020-W12,6,USR_004,1,USR_003,1.1e-11,-0.9946
11,2020-W12,6,USR_004,2,USR_009,1.3e-11,-0.9478
11,2020-W12,6,USR_004,3,STK_005,0.0,-0.0
11,2020-W12,6,USR_004,4,USR_005,6e-12,-0.7221
11,2020-W12,6,USR_004,5,STK_003,0.0,-0.014
11,2020-W12,6,USR_004,6,USR_004,1e-11,1.0
11,2020-W12,6,USR_004,7,USR_007,2.5e-11,-0.8736
11,2020-W12,6,USR_004,8,STK_001,0.0,-0.0
11,2020-W12,6,USR_004,9,USR_008,-6.3e-11,0.8582
11,2020-W12,6,USR_004,10,USR_006,-1.9e-11,0.927
11,2020-W12,6,USR_004,11,STK_002,0.0,-0.0
11,2020-W12,6,USR_004,12,USR_002,1.1e-11,-0.9994
11,2020-W12,6,USR_004,13,USR_010,-9e-12,0.4294
11,2020-W12,6,USR_004,14,USR_001,1.5e-11,-0.9953
11,2020-W12,7,USR_007,0,STK_004,0.0,-0.0
11,2020-W12,7,USR_007,1,USR_003,2.6e-11,-0.8872
11,2020-W12,7,USR_007,2,USR_009,3.3e-11,-0.879
11,2020-W12,7,USR_007,3,STK_005,0.0,-0.0
11,2020-W12,7,USR_007,4,USR_005,1.7e-11,-0.7881
11,2020-W12,7,USR_007,5,STK_003,0.0,-0.0163
11,2020-W12,7,USR_007,6,USR_004,2.5e-11,-0.8736
11,2020-W12,7,USR_007,7,USR_007,7.5e-11,1.0
11,2020-W12,7,USR_007,8,STK_001,0.0,-0.0
11,2020-W12,7,USR_007,9,USR_008,-1.93e-10,0.9779
11,2020-W12,7,USR_007,10,USR_006,-3.7e-11,0.6774
11,2020-W12,7,USR_007,11,STK_002,0.0,-0.0
11,2020-W12,7,USR_007,12,USR_002,2.6e-11,-0.8685
11,2020-W12,7,USR_007,13,USR_010,-8e-12,0.1408
11,2020-W12,7,USR_007,14,USR_001,3.7e-11,-0.9046
11,2020-W12,8,STK_001,0,STK_004,0.0,-0.0
11,2020-W12,8,STK_001,1,USR_003,-0.0,0.0
11,2020-W12,8,STK_001,2,USR_009,-0.0,0.0
11,2020-W12,8,STK_001,3,STK_005,0.0,-0.0
11,2020-W12,8,STK_001,4,USR_005,-0.0,0.0
11,2020-W12,8,STK_001,5,STK_003,-0.0,0.0
11,2020-W12,8,STK_001,6,USR_004,-0.0,0.0
11,2020-W12,8,STK_001,7,USR_007,-0.0,0.0
11,2020-W12,8,STK_001,8,STK_001,0.0,1.0
11,2020-W12,8,STK_001,9,USR_008,0.0,-0.0
11,2020-W12,8,STK_001,10,USR_006,0.0,-0.0
11,2020-W12,8,STK_001,11,STK_002,0.0,-0.0
11,2020-W12,8,STK_001,12,USR_002,-0.0,0.0
11,2020-W12,8,STK_001,13,USR_010,0.0,-0.0
11,2020-W12,8,STK_001,14,USR_001,-0.0,0.0
11,2020-W12,9,USR_008,0,STK_004,0.0,-0.0
11,2020-W12,9,USR_008,1,USR_003,-6.6e-11,0.866
11,2020-W12,9,USR_008,2,USR_009,-8.5e-11,0.8707
11,2020-W12,9,USR_008,3,STK_005,0.0,-0.0
11,2020-W12,9,USR_008,4,USR_005,-4.5e-11,0.7804
11,2020-W12,9,USR_008,5,STK_003,-0.0,0.0171
11,2020-W12,9,USR_008,6,USR_004,-6.3e-11,0.8582
11,2020-W12,9,USR_008,7,USR_007,-1.93e-10,0.9779
11,2020-W12,9,USR_008,8,STK_001,0.0,-0.0
11,2020-W12,9,USR_008,9,USR_008,5.2e-10,1.0
11,2020-W12,9,USR_008,10,USR_006,9.3e-11,-0.6433
11,2020-W12,9,USR_008,11,STK_002,0.0,-0.0
11,2020-W12,9,USR_008,12,USR_002,-6.6e-11,0.8489
11,2020-W12,9,USR_008,13,USR_010,3e-12,-0.0188
11,2020-W12,9,USR_008,14,USR_001,-9.7e-11,0.8941
11,2020-W12,10,USR_006,0,STK_004,0.0,-0.0
11,2020-W12,10,USR_006,1,USR_003,-1.9e-11,0.9142
11,2020-W12,10,USR_006,2,USR_009,-2.3e-11,0.8611
11,2020-W12,10,USR_006,3,STK_005,0.0,-0.0
11,2020-W12,10,USR_006,4,USR_005,-9e-12,0.5899
11,2020-W12,10,USR_006,5,STK_003,-0.0,0.0105
11,2020-W12,10,USR_006,6,USR_004,-1.9e-11,0.927
11,2020-W12,10,USR_006,7,USR_007,-3.7e-11,0.6774
11,2020-W12,10,USR_006,8,STK_001,0.0,-0.0
11,2020-W12,10,USR_006,9,USR_008,9.3e-11,-0.6433
11,2020-W12,10,USR_006,10,USR_006,4e-11,1.0
11,2020-W12,10,USR_006,11,STK_002,0.0,-0.0
11,2020-W12,10,USR_006,12,USR_002,-2e-11,0.9308
11,2020-W12,10,USR_006,13,USR_010,2.3e-11,-0.564
11,2020-W12,10,USR_006,14,USR_001,-2.7e-11,0.903
11,2020-W12,11,STK_002,0,STK_004,0.0,-0.0
11,2020-W12,11,STK_002,1,USR_003,0.0,-0.0
11,2020-W12,11,STK_002,2,USR_009,0.0,-0.0
11,2020-W12,11,STK_002,3,STK_005,0.0,-0.0
11,2020-W12,11,STK_002,4,USR_005,0.0,-0.0
11,2020-W12,11,STK_002,5,STK_003,0.0,-0.0
11,2020-W12,11,STK_002,6,USR_004,0.0,-0.0
11,2020-W12,11,STK_002,7,USR_007,0.0,-0.0
11,2020-W12,11,STK_002,8,STK_001,0.0,-0.0
11,2020-W12,11,STK_002,9,USR_008,0.0,-0.0
11,2020-W12,11,STK_002,10,USR_006,0.0,-0.0
11,2020-W12,11,STK_002,11,STK_002,0.0,1.0
11,2020-W12,11,STK_002,12,USR_002,0.0,-0.0
11,2020-W12,11,STK_002,13,USR_010,0.0,-0.0
11,2020-W12,11,STK_002,14,USR_001,0.0,-0.0
11,2020-W12,12,USR_002,0,STK_004,0.0,-0.0
11,2020-W12,12,USR_002,1,USR_003,1.1e-11,-0.9964
11,2020-W12,12,USR_002,2,USR_009,1.4e-11,-0.9499
11,2020-W12,12,USR_002,3,STK_005,0.0,-0.0
11,2020-W12,12,USR_002,4,USR_005,6e-12,-0.7297
11,2020-W12,12,USR_002,5,STK_003,0.0,-0.0137
11,2020-W12,12,USR_002,6,USR_004,1.1e-11,-0.9994
11,2020-W12,12,USR_002,7,USR_007,2.6e-11,-0.8685
11,2020-W12,12,USR_002,8,STK_001,0.0,-0.0
11,2020-W12,12,USR_002,9,USR_008,-6.6e-11,0.8489
11,2020-W12,12,USR_002,10,USR_006,-2e-11,0.9308
11,2020-W12,12,USR_002,11,STK_002,0.0,-0.0
11,2020-W12,12,USR_002,12,USR_002,1.2e-11,1.0
11,2020-W12,12,USR_002,13,USR_010,-1e-11,0.4568
11,2020-W12,12,USR_002,14,USR_001,1.6e-11,-0.9946
11,2020-W12,13,USR_010,0,STK_004,0.0,-0.0
11,2020-W12,13,USR_010,1,USR_003,-1e-11,0.4564
11,2020-W12,13,USR_010,2,USR_009,-1.2e-11,0.4297
11,2020-W12,13,USR_010,3,STK_005,0.0,-0.0
11,2020-W12,13,USR_010,4,USR_005,-6e-12,0.3699
11,2020-W12,13,USR_010,5,STK_003,0.0,-0.0026
11,2020-W12,13,USR_010,6,USR_004,-9e-12,0.4294
11,2020-W12,13,USR_010,7,USR_007,-8e-12,0.1408
11,2020-W12,13,USR_010,8,STK_001,0.0,-0.0
11,2020-W12,13,USR_010,9,USR_008,3e-12,-0.0188
11,2020-W12,13,USR_010,10,USR_006,2.3e-11,-0.564
11,2020-W12,13,USR_010,11,STK_002,0.0,-0.0
11,2020-W12,13,USR_010,12,USR_002,-1e-11,0.4568
11,2020-W12,13,USR_010,13,USR_010,4e-11,1.0
11,2020-W12,13,USR_010,14,USR_001,-1.2e-11,0.3916
11,2020-W12,14,USR_001,0,STK_004,0.0,-0.0
11,2020-W12,14,USR_001,1,USR_003,1.6e-11,-0.9954
11,2020-W12,14,USR_001,2,USR_009,2e-11,-0.9606
11,2020-W12,14,USR_001,3,STK_005,0.0,-0.0
11,2020-W12,14,USR_001,4,USR_005,9e-12,-0.7657
11,2020-W12,14,USR_001,5,STK_003,0.0,-0.0146
11,2020-W12,14,USR_001,6,USR_004,1.5e-11,-0.9953
11,2020-W12,14,USR_001,7,USR_007,3.7e-11,-0.9046
11,2020-W12,14,USR_001,8,STK_001,0.0,-0.0
11,2020-W12,14,USR_001,9,USR_008,-9.7e-11,0.8941
11,2020-W12,14,USR_001,10,USR_006,-2.7e-11,0.903
11,2020-W12,14,USR_001,11,STK_002,0.0,-0.0
11,2020-W12,14,USR_001,12,USR_002,1.6e-11,-0.9946
11,2020-W12,14,USR_001,13,USR_010,-1.2e-11,0.3916
11,2020-W12,14,USR_001,14,USR_001,2.3e-11,1.0
12,2020-W13,0,STK_004,0,STK_004,0.0,1.0
12,2020-W13,0,STK_004,1,USR_003,0.0,-0.0
12,2020-W13,0,STK_004,2,USR_009,0.0,-0.0
12,2020-W13,0,STK_004,3,STK_005,0.0,-0.0
12,2020-W13,0,STK_004,4,USR_005,0.0,-0.0
12,2020-W13,0,STK_004,5,STK_003,0.0,-0.0
12,2020-W13,0,STK_004,6,USR_004,0.0,-0.0
12,2020-W13,0,STK_004,7,USR_007,0.0,-0.0
12,2020-W13,0,STK_004,8,STK_001,0.0,-0.0
12,2020-W13,0,STK_004,9,USR_008,0.0,-0.0
12,2020-W13,0,STK_004,10,USR_006,0.0,-0.0
12,2020-W13,0,STK_004,11,STK_002,0.0,-0.0
12,2020-W13,0,STK_004,12,USR_002,0.0,-0.0
12,2020-W13,0,STK_004,13,USR_010,0.0,-0.0
12,2020-W13,0,STK_004,14,USR_001,0.0,-0.0
12,2020-W13,1,USR_003,0,STK_004,0.0,-0.0
12,2020-W13,1,USR_003,1,USR_003,1.2e-11,1.0
12,2020-W13,1,USR_003,2,USR_009,1.5e-11,-0.9567
12,2020-W13,1,USR_003,3,STK_005,0.0,-0.0
12,2020-W13,1,USR_003,4,USR_005,7e-12,-0.7675
12,2020-W13,1,USR_003,5,STK_003,0.0,-0.0342
12,2020-W13,1,USR_003,6,USR_004,1.2e-11,-0.9962
12,2020-W13,1,USR_003,7,USR_007,2.8e-11,-0.8862
12,2020-W13,1,USR_003,8,STK_001,0.0,-0.0
12,2020-W13,1,USR_003,9,USR_008,-7.2e-11,0.8696
12,2020-W13,1,USR_003,10,USR_006,-2.1e-11,0.9152
12,2020-W13,1,USR_003,11,STK_002,0.0,-0.0
12,2020-W13,1,USR_003,12,USR_002,1.2e-11,-0.9971
12,2020-W13,1,USR_003,13,USR_010,-1e-11,0.4545
12,2020-W13,1,USR_003,14,USR_001,1.7e-11,-0.9965
12,2020-W13,2,USR_009,0,STK_004,0.0,-0.0
12,2020-W13,2,USR_009,1,USR_003,1.5e-11,-0.9567
12,2020-W13,2,USR_009,2,USR_009,2e-11,1.0
12,2020-W13,2,USR_009,3,STK_005,0.0,-0.0
12,2020-W13,2,USR_009,4,USR_005,1e-11,-0.8105
12,2020-W13,2,USR_009,5,STK_003,0.0,-0.0339
12,2020-W13,2,USR_009,6,USR_004,1.4e-11,-0.9495
12,2020-W13,2,USR_009,7,USR_007,3.6e-11,-0.8778
12,2020-W13,2,USR_009,8,STK_001,0.0,-0.0
12,2020-W13,2,USR_009,9,USR_008,-9.4e-11,0.8749
12,2020-W13,2,USR_009,10,USR_006,-2.6e-11,0.8622
12,2020-W13,2,USR_009,11,STK_002,0.0,-0.0
12,2020-W13,2,USR_009,12,USR_002,1.5e-11,-0.9506
12,2020-W13,2,USR_009,13,USR_010,-1.2e-11,0.4238
12,2020-W13,2,USR_009,14,USR_001,2.1e-11,-0.9619
12,2020-W13,3,STK_005,0,STK_004,0.0,-0.0
12,2020-W13,3,STK_005,1,USR_003,-0.0,0.0
12,2020-W13,3,STK_005,2,USR_009,-0.0,0.0
12,2020-W13,3,STK_005,3,STK_005,0.0,1.0
12,2020-W13,3,STK_005,4,USR_005,-0.0,0.0
12,2020-W13,3,STK_005,5,STK_003,-0.0,0.0
12,2020-W13,3,STK_005,6,USR_004,-0.0,0.0
12,2020-W13,3,STK_005,7,USR_007,-0.0,0.0
12,2020-W13,3,STK_005,8,STK_001,0.0,-0.0
12,2020-W13,3,STK_005,9,USR_008,0.0,-0.0
12,2020-W13,3,STK_005,10,USR_006,0.0,-0.0
12,2020-W13,3,STK_005,11,STK_002,0.0,-0.0
12,2020-W13,3,STK_005,12,USR_002,-0.0,0.0
12,2020-W13,3,STK_005,13,USR_010,0.0,-0.0
12,2020-W13,3,STK_005,14,USR_001,-0.0,0.0
12,2020-W13,4,USR_005,0,STK_004,0.0,-0.0
12,2020-W13,4,USR_005,1,USR_003,7e-12,-0.7675
12,2020-W13,4,USR_005,2,USR_009,1e-11,-0.8105
12,2020-W13,4,USR_005,3,STK_005,0.0,-0.0
12,2020-W13,4,USR_005,4,USR_005,7e-12,1.0
12,2020-W13,4,USR_005,5,STK_003,0.0,-0.0293
12,2020-W13,4,USR_005,6,USR_004,6e-12,-0.7223
12,2020-W13,4,USR_005,7,USR_007,1.9e-11,-0.7863
12,2020-W13,4,USR_005,8,STK_001,0.0,-0.0
12,2020-W13,4,USR_005,9,USR_008,-4.9e-11,0.7834
12,2020-W13,4,USR_005,10,USR_006,-1e-11,0.5893
12,2020-W13,4,USR_005,11,STK_002,0.0,-0.0
12,2020-W13,4,USR_005,12,USR_002,7e-12,-0.729
12,2020-W13,4,USR_005,13,USR_010,-6e-12,0.3634
12,2020-W13,4,USR_005,14,USR_001,1e-11,-0.7656
12,2020-W13,5,STK_003,0,STK_004,0.0,-0.0
12,2020-W13,5,STK_003,1,USR_003,0.0,-1.0
12,2020-W13,5,STK_003,2,USR_009,0.0,-1.0
12,2020-W13,5,STK_003,3,STK_005,0.0,-0.0
12,2020-W13,5,STK_003,4,USR_005,0.0,-1.0
12,2020-W13,5,STK_003,5,STK_003,0.0,1.0
12,2020-W13,5,STK_003,6,USR_004,0.0,-1.0
12,2020-W13,5,STK_003,7,USR_007,0.0,-1.0
12,2020-W13,5,STK_003,8,STK_001,0.0,-0.0
12,2020-W13,5,STK_003,9,USR_008,-0.0,1.0
12,2020-W13,5,STK_003,10,USR_006,-0.0,1.0
12,2020-W13,5,STK_003,11,STK_002,0.0,-0.0
12,2020-W13,5,STK_003,12,USR_002,0.0,-1.0
12,2020-W13,5,STK_003,13,USR_010,-0.0,1.0
12,2020-W13,5,STK_003,14,USR_001,0.0,-1.0
12,2020-W13,6,USR_004,0,STK_004,0.0,-0.0
12,2020-W13,6,USR_004,1,USR_003,1.2e-11,-0.9962
12,2020-W13,6,USR_004,2,USR_009,1.4e-11,-0.9495
12,2020-W13,6,USR_004,3,STK_005,0.0,-0.0
12,2020-W13,6,USR_004,4,USR_005,6e-12,-0.7223
12,2020-W13,6,USR_004,5,STK_003,0.0,-0.034
12,2020-W13,6,USR_004,6,USR_004,1.2e-11,1.0
12,2020-W13,6,USR_004,7,USR_007,2.7e-11,-0.8754
12,2020-W13,6,USR_004,8,STK_001,0.0,-0.0
12,2020-W13,6,USR_004,9,USR_008,-7e-11,0.8587
12,2020-W13,6,USR_004,10,USR_006,-2.1e-11,0.9269
12,2020-W13,6,USR_004,11,STK_002,0.0,-0.0
12,2020-W13,6,USR_004,12,USR_002,1.2e-11,-0.9995
12,2020-W13,6,USR_004,13,USR_010,-9e-12,0.4443
12,2020-W13,6,USR_004,14,USR_001,1.7e-11,-0.9953
12,2020-W13,7,USR_007,0,STK_004,0.0,-0.0
12,2020-W13,7,USR_007,1,USR_003,2.8e-11,-0.8862
12,2020-W13,7,USR_007,2,USR_009,3.6e-11,-0.8778
12,2020-W13,7,USR_007,3,STK_005,0.0,-0.0
12,2020-W13,7,USR_007,4,USR_005,1.9e-11,-0.7864
12,2020-W13,7,USR_007,5,STK_003,0.0,-0.0372
12,2020-W13,7,USR_007,6,USR_004,2.7e-11,-0.8754
12,2020-W13,7,USR_007,7,USR_007,8.2e-11,1.0
12,2020-W13,7,USR_007,8,STK_001,0.0,-0.0
12,2020-W13,7,USR_007,9,USR_008,-2.13e-10,0.9834
12,2020-W13,7,USR_007,10,USR_006,-4.1e-11,0.6777
12,2020-W13,7,USR_007,11,STK_002,0.0,-0.0
12,2020-W13,7,USR_007,12,USR_002,2.8e-11,-0.869
12,2020-W13,7,USR_007,13,USR_010,-6e-12,0.1136
12,2020-W13,7,USR_007,14,USR_001,4.1e-11,-0.906
12,2020-W13,8,STK_001,0,STK_004,0.0,-0.0
12,2020-W13,8,STK_001,1,USR_003,0.0,-0.0
12,2020-W13,8,STK_001,2,USR_009,0.0,-0.0
12,2020-W13,8,STK_001,3,STK_005,0.0,-0.0
12,2020-W13,8,STK_001,4,USR_005,0.0,-0.0
12,2020-W13,8,STK_001,5,STK_003,0.0,-0.0
12,2020-W13,8,STK_001,6,USR_004,0.0,-0.0
12,2020-W13,8,STK_001,7,USR_007,0.0,-0.0
12,2020-W13,8,STK_001,8,STK_001,0.0,1.0
12,2020-W13,8,STK_001,9,USR_008,-0.0,0.0
12,2020-W13,8,STK_001,10,USR_006,-0.0,0.0
12,2020-W13,8,STK_001,11,STK_002,0.0,-0.0
12,2020-W13,8,STK_001,12,USR_002,0.0,-0.0
12,2020-W13,8,STK_001,13,USR_010,-0.0,0.0
12,2020-W13,8,STK_001,14,USR_001,0.0,-0.0
12,2020-W13,9,USR_008,0,STK_004,0.0,-0.0
12,2020-W13,9,USR_008,1,USR_003,-7.2e-11,0.8696
12,2020-W13,9,USR_008,2,USR_009,-9.4e-11,0.8749
12,2020-W13,9,USR_008,3,STK_005,0.0,-0.0
12,2020-W13,9,USR_008,4,USR_005,-4.9e-11,0.7834
12,2020-W13,9,USR_008,5,STK_003,-0.0,0.0376
12,2020-W13,9,USR_008,6,USR_004,-7e-11,0.8587
12,2020-W13,9,USR_008,7,USR_007,-2.13e-10,0.9834
12,2020-W13,9,USR_008,8,STK_001,0.0,-0.0
12,2020-W13,9,USR_008,9,USR_008,5.72e-10,1.0
12,2020-W13,9,USR_008,10,USR_006,1.02e-10,-0.6438
12,2020-W13,9,USR_008,11,STK_002,0.0,-0.0
12,2020-W13,9,USR_008,12,USR_002,-7.3e-11,0.8501
12,2020-W13,9,USR_008,13,USR_010,3e-12,-0.0207
12,2020-W13,9,USR_008,14,USR_001,-1.07e-10,0.8949
12,2020-W13,10,USR_006,0,STK_004,0.0,-0.0
12,2020-W13,10,USR_006,1,USR_003,-2.1e-11,0.9152
12,2020-W13,10,USR_006,2,USR_009,-2.6e-11,0.8622
12,2020-W13,10,USR_006,3,STK_005,0.0,-0.0
12,2020-W13,10,USR_006,4,USR_005,-1e-11,0.5894
12,2020-W13,10,USR_006,5,STK_003,-0.0,0.0273
12,2020-W13,10,USR_006,6,USR_004,-2.1e-11,0.9269
12,2020-W13,10,USR_006,7,USR_007,-4.1e-11,0.6777
12,2020-W13,10,USR_006,8,STK_001,0.0,-0.0
12,2020-W13,10,USR_006,9,USR_008,1.02e-10,-0.6439
12,2020-W13,10,USR_006,10,USR_006,4.4e-11,1.0
12,2020-W13,10,USR_006,11,STK_002,0.0,-0.0
12,2020-W13,10,USR_006,12,USR_002,-2.2e-11,0.9308
12,2020-W13,10,USR_006,13,USR_010,2.4e-11,-0.5858
12,2020-W13,10,USR_006,14,USR_001,-3e-11,0.9029
12,2020-W13,11,STK_002,0,STK_004,0.0,-0.0
12,2020-W13,11,STK_002,1,USR_003,0.0,-0.0
12,2020-W13,11,STK_002,2,USR_009,0.0,-0.0
12,2020-W13,11,STK_002,3,STK_005,0.0,-0.0
12,2020-W13,11,STK_002,4,USR_005,0.0,-0.0
12,2020-W13,11,STK_002,5,STK_003,0.0,-0.0
12,2020-W13,11,STK_002,6,USR_004,0.0,-0.0
12,2020-W13,11,STK_002,7,USR_007,0.0,-0.0
12,2020-W13,11,STK_002,8,STK_001,0.0,-0.0
12,2020-W13,11,STK_002,9,USR_008,0.0,-0.0
12,2020-W13,11,STK_002,10,USR_006,0.0,-0.0
12,2020-W13,11,STK_002,11,STK_002,0.0,1.0
12,2020-W13,11,STK_002,12,USR_002,0.0,-0.0
12,2020-W13,11,STK_002,13,USR_010,0.0,-0.0
12,2020-W13,11,STK_002,14,USR_001,0.0,-0.0
12,2020-W13,12,USR_002,0,STK_004,0.0,-0.0
12,2020-W13,12,USR_002,1,USR_003,1.2e-11,-0.9971
12,2020-W13,12,USR_002,2,USR_009,1.5e-11,-0.9506
12,2020-W13,12,USR_002,3,STK_005,0.0,-0.0
12,2020-W13,12,USR_002,4,USR_005,7e-12,-0.729
12,2020-W13,12,USR_002,5,STK_003,0.0,-0.0337
12,2020-W13,12,USR_002,6,USR_004,1.2e-11,-0.9995
12,2020-W13,12,USR_002,7,USR_007,2.8e-11,-0.869
12,2020-W13,12,USR_002,8,STK_001,0.0,-0.0
12,2020-W13,12,USR_002,9,USR_008,-7.3e-11,0.8501
12,2020-W13,12,USR_002,10,USR_006,-2.2e-11,0.9307
12,2020-W13,12,USR_002,11,STK_002,0.0,-0.0
12,2020-W13,12,USR_002,12,USR_002,1.3e-11,1.0
12,2020-W13,12,USR_002,13,USR_010,-1e-11,0.4674
12,2020-W13,12,USR_002,14,USR_001,1.8e-11,-0.9946
12,2020-W13,13,USR_010,0,STK_004,0.0,-0.0
12,2020-W13,13,USR_010,1,USR_003,-1e-11,0.4545
12,2020-W13,13,USR_010,2,USR_009,-1.2e-11,0.4238
12,2020-W13,13,USR_010,3,STK_005,0.0,-0.0
12,2020-W13,13,USR_010,4,USR_005,-6e-12,0.3635
12,2020-W13,13,USR_010,5,STK_003,-0.0,0.0023
12,2020-W13,13,USR_010,6,USR_004,-9e-12,0.4443
12,2020-W13,13,USR_010,7,USR_007,-6e-12,0.1136
12,2020-W13,13,USR_010,8,STK_001,0.0,-0.0
12,2020-W13,13,USR_010,9,USR_008,3e-12,-0.0207
12,2020-W13,13,USR_010,10,USR_006,2.4e-11,-0.5858
12,2020-W13,13,USR_010,11,STK_002,0.0,-0.0
12,2020-W13,13,USR_010,12,USR_002,-1e-11,0.4674
12,2020-W13,13,USR_010,13,USR_010,3.9e-11,1.0
12,2020-W13,13,USR_010,14,USR_001,-1.3e-11,0.4012
12,2020-W13,14,USR_001,0,STK_004,0.0,-0.0
12,2020-W13,14,USR_001,1,USR_003,1.7e-11,-0.9965
12,2020-W13,14,USR_001,2,USR_009,2.1e-11,-0.9619
12,2020-W13,14,USR_001,3,STK_005,0.0,-0.0
12,2020-W13,14,USR_001,4,USR_005,1e-11,-0.7656
12,2020-W13,14,USR_001,5,STK_003,0.0,-0.0351
12,2020-W13,14,USR_001,6,USR_004,1.7e-11,-0.9953
12,2020-W13,14,USR_001,7,USR_007,4.1e-11,-0.906
12,2020-W13,14,USR_001,8,STK_001,0.0,-0.0
12,2020-W13,14,USR_001,9,USR_008,-1.07e-10,0.8949
12,2020-W13,14,USR_001,10,USR_006,-3e-11,0.9029
12,2020-W13,14,USR_001,11,STK_002,0.0,-0.0
12,2020-W13,14,USR_001,12,USR_002,1.8e-11,-0.9946
12,2020-W13,14,USR_001,13,USR_010,-1.3e-11,0.4011
12,2020-W13,14,USR_001,14,USR_001,2.5e-11,1.0
13,2020-W14,0,STK_004,0,STK_004,0.0,1.0
13,2020-W14,0,STK_004,1,USR_003,0.0,-0.0
13,2020-W14,0,STK_004,2,USR_009,0.0,-0.0
13,2020-W14,0,STK_004,3,STK_005,0.0,-0.0
13,2020-W14,0,STK_004,4,USR_005,0.0,-0.0
13,2020-W14,0,STK_004,5,STK_003,0.0,-0.0
13,2020-W14,0,STK_004,6,USR_004,0.0,-0.0
13,2020-W14,0,STK_004,7,USR_007,0.0,-0.0
13,2020-W14,0,STK_004,8,STK_001,0.0,-0.0
13,2020-W14,0,STK_004,9,USR_008,0.0,-0.0
13,2020-W14,0,STK_004,10,USR_006,0.0,-0.0
13,2020-W14,0,STK_004,11,STK_002,0.0,-0.0
13,2020-W14,0,STK_004,12,USR_002,0.0,-0.0
13,2020-W14,0,STK_004,13,USR_010,0.0,-0.0
13,2020-W14,0,STK_004,14,USR_001,0.0,-0.0
13,2020-W14,1,USR_003,0,STK_004,0.0,-0.0
13,2020-W14,1,USR_003,1,USR_003,6e-12,1.0
13,2020-W14,1,USR_003,2,USR_009,6e-12,-0.8667
13,2020-W14,1,USR_003,3,STK_005,0.0,-0.0
13,2020-W14,1,USR_003,4,USR_005,2e-12,-0.4684
13,2020-W14,1,USR_003,5,STK_003,0.0,-0.0
13,2020-W14,1,USR_003,6,USR_004,6e-12,-0.9926
13,2020-W14,1,USR_003,7,USR_007,7e-12,-0.3277
13,2020-W14,1,USR_003,8,STK_001,0.0,-0.0
13,2020-W14,1,USR_003,9,USR_008,-2.6e-11,0.4834
13,2020-W14,1,USR_003,10,USR_006,-1e-11,0.7917
13,2020-W14,1,USR_003,11,STK_002,0.0,-0.0
13,2020-W14,1,USR_003,12,USR_002,6e-12,-0.9936
13,2020-W14,1,USR_003,13,USR_010,-4e-12,0.2169
13,2020-W14,1,USR_003,14,USR_001,8e-12,-0.9845
13,2020-W14,2,USR_009,0,STK_004,0.0,-0.0
13,2020-W14,2,USR_009,1,USR_003,6e-12,-0.8667
13,2020-W14,2,USR_009,2,USR_009,9e-12,1.0
13,2020-W14,2,USR_009,3,STK_005,0.0,-0.0
13,2020-W14,2,USR_009,4,USR_005,4e-12,-0.6373
13,2020-W14,2,USR_009,5,STK_003,0.0,-0.0
13,2020-W14,2,USR_009,6,USR_004,6e-12,-0.8563
13,2020-W14,2,USR_009,7,USR_007,1.4e-11,-0.5247
13,2020-W14,2,USR_009,8,STK_001,0.0,-0.0
13,2020-W14,2,USR_009,9,USR_008,-4.5e-11,0.6629
13,2020-W14,2,USR_009,10,USR_006,-9e-12,0.5663
13,2020-W14,2,USR_009,11,STK_002,0.0,-0.0
13,2020-W14,2,USR_009,12,USR_002,6e-12,-0.8485
13,2020-W14,2,USR_009,13,USR_010,-0.0,0.0004
13,2020-W14,2,USR_009,14,USR_001,9e-12,-0.9051
13,2020-W14,3,STK_005,0,STK_004,0.0,-0.0
13,2020-W14,3,STK_005,1,USR_003,-0.0,0.0
13,2020-W14,3,STK_005,2,USR_009,-0.0,0.0
13,2020-W14,3,STK_005,3,STK_005,0.0,1.0
13,2020-W14,3,STK_005,4,USR_005,-0.0,0.0
13,2020-W14,3,STK_005,5,STK_003,-0.0,0.0
13,2020-W14,3,STK_005,6,USR_004,-0.0,0.0
13,2020-W14,3,STK_005,7,USR_007,-0.0,0.0
13,2020-W14,3,STK_005,8,STK_001,0.0,-0.0
13,2020-W14,3,STK_005,9,USR_008,0.0,-0.0
13,2020-W14,3,STK_005,10,USR_006,-0.0,0.0
13,2020-W14,3,STK_005,11,STK_002,0.0,-0.0
13,2020-W14,3,STK_005,12,USR_002,-0.0,0.0
13,2020-W14,3,STK_005,13,USR_010,-0.0,0.0
13,2020-W14,3,STK_005,14,USR_001,-0.0,0.0
13,2020-W14,4,USR_005,0,STK_004,0.0,-0.0
13,2020-W14,4,USR_005,1,USR_003,2e-12,-0.4684
13,2020-W14,4,USR_005,2,USR_009,4e-12,-0.6373
13,2020-W14,4,USR_005,3,STK_005,0.0,-0.0
13,2020-W14,4,USR_005,4,USR_005,4e-12,1.0
13,2020-W14,4,USR_005,5,STK_003,0.0,-0.0
13,2020-W14,4,USR_005,6,USR_004,2e-12,-0.3946
13,2020-W14,4,USR_005,7,USR_007,1.2e-11,-0.6032
13,2020-W14,4,USR_005,8,STK_001,0.0,-0.0
13,2020-W14,4,USR_005,9,USR_008,-3.2e-11,0.6627
13,2020-W14,4,USR_005,10,USR_006,-1e-12,0.0485
13,2020-W14,4,USR_005,11,STK_002,0.0,-0.0
13,2020-W14,4,USR_005,12,USR_002,2e-12,-0.3909
13,2020-W14,4,USR_005,13,USR_010,2e-12,-0.1589
13,2020-W14,4,USR_005,14,USR_001,4e-12,-0.5153
13,2020-W14,5,STK_003,0,STK_004,0.0,-0.0
13,2020-W14,5,STK_003,1,USR_003,-0.0,0.0
13,2020-W14,5,STK_003,2,USR_009,-0.0,0.0
13,2020-W14,5,STK_003,3,STK_005,0.0,-0.0
13,2020-W14,5,STK_003,4,USR_005,-0.0,0.0
13,2020-W14,5,STK_003,5,STK_003,-0.0,1.0
13,2020-W14,5,STK_003,6,USR_004,-0.0,0.0
13,2020-W14,5,STK_003,7,USR_007,-0.0,0.0
13,2020-W14,5,STK_003,8,STK_001,0.0,-0.0
13,2020-W14,5,STK_003,9,USR_008,0.0,-0.0
13,2020-W14,5,STK_003,10,USR_006,-0.0,0.0
13,2020-W14,5,STK_003,11,STK_002,0.0,-0.0
13,2020-W14,5,STK_003,12,USR_002,-0.0,0.0
13,2020-W14,5,STK_003,13,USR_010,-0.0,0.0
13,2020-W14,5,STK_003,14,USR_001,-0.0,0.0
13,2020-W14,6,USR_004,0,STK_004,0.0,-0.0
13,2020-W14,6,USR_004,1,USR_003,6e-12,-0.9926
13,2020-W14,6,USR_004,2,USR_009,6e-12,-0.8563
13,2020-W14,6,USR_004,3,STK_005,0.0,-0.0
13,2020-W14,6,USR_004,4,USR_005,2e-12,-0.3946
13,2020-W14,6,USR_004,5,STK_003,0.0,-0.0
13,2020-W14,6,USR_004,6,USR_004,6e-12,1.0
13,2020-W14,6,USR_004,7,USR_007,7e-12,-0.3214
13,2020-W14,6,USR_004,8,STK_001,0.0,-0.0
13,2020-W14,6,USR_004,9,USR_008,-2.5e-11,0.4706
13,2020-W14,6,USR_004,10,USR_006,-1.1e-11,0.811
13,2020-W14,6,USR_004,11,STK_002,0.0,-0.0
13,2020-W14,6,USR_004,12,USR_002,6e-12,-0.9987
13,2020-W14,6,USR_004,13,USR_010,-3e-12,0.2095
13,2020-W14,6,USR_004,14,USR_001,8e-12,-0.9826
13,2020-W14,7,USR_007,0,STK_004,0.0,-0.0
13,2020-W14,7,USR_007,1,USR_003,7e-12,-0.3277
13,2020-W14,7,USR_007,2,USR_009,1.4e-11,-0.5247
13,2020-W14,7,USR_007,3,STK_005,0.0,-0.0
13,2020-W14,7,USR_007,4,USR_005,1.2e-11,-0.6032
13,2020-W14,7,USR_007,5,STK_003,0.0,-0.0
13,2020-W14,7,USR_007,6,USR_004,7e-12,-0.3214
13,2020-W14,7,USR_007,7,USR_007,8.8e-11,1.0
13,2020-W14,7,USR_007,8,STK_001,0.0,-0.0
13,2020-W14,7,USR_007,9,USR_008,-2.09e-10,0.9688
13,2020-W14,7,USR_007,10,USR_006,1.1e-11,-0.2156
13,2020-W14,7,USR_007,11,STK_002,0.0,-0.0
13,2020-W14,7,USR_007,12,USR_002,7e-12,-0.2836
13,2020-W14,7,USR_007,13,USR_010,4.8e-11,-0.7193
13,2020-W14,7,USR_007,14,USR_001,1.5e-11,-0.4628
13,2020-W14,8,STK_001,0,STK_004,0.0,-0.0
13,2020-W14,8,STK_001,1,USR_003,-0.0,0.0
13,2020-W14,8,STK_001,2,USR_009,-0.0,0.0
13,2020-W14,8,STK_001,3,STK_005,0.0,-0.0
13,2020-W14,8,STK_001,4,USR_005,-0.0,0.0
13,2020-W14,8,STK_001,5,STK_003,-0.0,0.0
13,2020-W14,8,STK_001,6,USR_004,-0.0,0.0
13,2020-W14,8,STK_001,7,USR_007,-0.0,0.0
13,2020-W14,8,STK_001,8,STK_001,0.0,1.0
13,2020-W14,8,STK_001,9,USR_008,0.0,-0.0
13,2020-W14,8,STK_001,10,USR_006,-0.0,0.0
13,2020-W14,8,STK_001,11,STK_002,0.0,-0.0
13,2020-W14,8,STK_001,12,USR_002,-0.0,0.0
13,2020-W14,8,STK_001,13,USR_010,-0.0,0.0
13,2020-W14,8,STK_001,14,USR_001,-0.0,0.0
13,2020-W14,9,USR_008,0,STK_004,0.0,-0.0
13,2020-W14,9,USR_008,1,USR_003,-2.6e-11,0.4834
13,2020-W14,9,USR_008,2,USR_009,-4.5e-11,0.6629
13,2020-W14,9,USR_008,3,STK_005,0.0,-0.0
13,2020-W14,9,USR_008,4,USR_005,-3.2e-11,0.6627
13,2020-W14,9,USR_008,5,STK_003,-0.0,0.0
13,2020-W14,9,USR_008,6,USR_004,-2.5e-11,0.4706
13,2020-W14,9,USR_008,7,USR_007,-2.09e-10,0.9688
13,2020-W14,9,USR_008,8,STK_001,0.0,-0.0
13,2020-W14,9,USR_008,9,USR_008,5.29e-10,1.0
13,2020-W14,9,USR_008,10,USR_006,-1e-11,0.0749
13,2020-W14,9,USR_008,11,STK_002,0.0,-0.0
13,2020-W14,9,USR_008,12,USR_002,-2.5e-11,0.4349
13,2020-W14,9,USR_008,13,USR_010,-1.09e-10,0.6747
13,2020-W14,9,USR_008,14,USR_001,-4.7e-11,0.6086
13,2020-W14,10,USR_006,0,STK_004,0.0,-0.0
13,2020-W14,10,USR_006,1,USR_003,-1e-11,0.7917
13,2020-W14,10,USR_006,2,USR_009,-9e-12,0.5663
13,2020-W14,10,USR_006,3,STK_005,0.0,-0.0
13,2020-W14,10,USR_006,4,USR_005,-1e-12,0.0485
13,2020-W14,10,USR_006,5,STK_003,-0.0,0.0
13,2020-W14,10,USR_006,6,USR_004,-1.1e-11,0.811
13,2020-W14,10,USR_006,7,USR_007,1.1e-11,-0.2156
13,2020-W14,10,USR_006,8,STK_001,0.0,-0.0
13,2020-W14,10,USR_006,9,USR_008,-1e-11,0.0749
13,2020-W14,10,USR_006,10,USR_006,3.2e-11,1.0
13,2020-W14,10,USR_006,11,STK_002,0.0,-0.0
13,2020-W14,10,USR_006,12,USR_002,-1.1e-11,0.8288
13,2020-W14,10,USR_006,13,USR_010,2.3e-11,-0.5808
13,2020-W14,10,USR_006,14,USR_001,-1.4e-11,0.7158
13,2020-W14,11,STK_002,0,STK_004,0.0,-0.0
13,2020-W14,11,STK_002,1,USR_003,0.0,-0.0
13,2020-W14,11,STK_002,2,USR_009,0.0,-0.0
13,2020-W14,11,STK_002,3,STK_005,0.0,-0.0
13,2020-W14,11,STK_002,4,USR_005,0.0,-0.0
13,2020-W14,11,STK_002,5,STK_003,0.0,-0.0
13,2020-W14,11,STK_002,6,USR_004,0.0,-0.0
13,2020-W14,11,STK_002,7,USR_007,0.0,-0.0
13,2020-W14,11,STK_002,8,STK_001,0.0,-0.0
13,2020-W14,11,STK_002,9,USR_008,0.0,-0.0
13,2020-W14,11,STK_002,10,USR_006,0.0,-0.0
13,2020-W14,11,STK_002,11,STK_002,0.0,1.0
13,2020-W14,11,STK_002,12,USR_002,0.0,-0.0
13,2020-W14,11,STK_002,13,USR_010,0.0,-0.0
13,2020-W14,11,STK_002,14,USR_001,0.0,-0.0
13,2020-W14,12,USR_002,0,STK_004,0.0,-0.0
13,2020-W14,12,USR_002,1,USR_003,6e-12,-0.9936
13,2020-W14,12,USR_002,2,USR_009,6e-12,-0.8485
13,2020-W14,12,USR_002,3,STK_005,0.0,-0.0
13,2020-W14,12,USR_002,4,USR_005,2e-12,-0.3909
13,2020-W14,12,USR_002,5,STK_003,0.0,-0.0
13,2020-W14,12,USR_002,6,USR_004,6e-12,-0.9987
13,2020-W14,12,USR_002,7,USR_007,7e-12,-0.2836
13,2020-W14,12,USR_002,8,STK_001,0.0,-0.0
13,2020-W14,12,USR_002,9,USR_008,-2.5e-11,0.4349
13,2020-W14,12,USR_002,10,USR_006,-1.1e-11,0.8288
13,2020-W14,12,USR_002,11,STK_002,0.0,-0.0
13,2020-W14,12,USR_002,12,USR_002,6e-12,1.0
13,2020-W14,12,USR_002,13,USR_010,-4e-12,0.2543
13,2020-W14,12,USR_002,14,USR_001,8e-12,-0.9766
13,2020-W14,13,USR_010,0,STK_004,0.0,-0.0
13,2020-W14,13,USR_010,1,USR_003,-4e-12,0.2169
13,2020-W14,13,USR_010,2,USR_009,-0.0,0.0004
13,2020-W14,13,USR_010,3,STK_005,0.0,-0.0
13,2020-W14,13,USR_010,4,USR_005,2e-12,-0.1589
13,2020-W14,13,USR_010,5,STK_003,0.0,-0.0
13,2020-W14,13,USR_010,6,USR_004,-3e-12,0.2094
13,2020-W14,13,USR_010,7,USR_007,4.8e-11,-0.7193
13,2020-W14,13,USR_010,8,STK_001,0.0,-0.0
13,2020-W14,13,USR_010,9,USR_008,-1.09e-10,0.6747
13,2020-W14,13,USR_010,10,USR_006,2.3e-11,-0.5808
13,2020-W14,13,USR_010,11,STK_002,0.0,-0.0
13,2020-W14,13,USR_010,12,USR_002,-4e-12,0.2543
13,2020-W14,13,USR_010,13,USR_010,4.9e-11,1.0
13,2020-W14,13,USR_010,14,USR_001,-2e-12,0.0719
13,2020-W14,14,USR_001,0,STK_004,0.0,-0.0
13,2020-W14,14,USR_001,1,USR_003,8e-12,-0.9845
13,2020-W14,14,USR_001,2,USR_009,9e-12,-0.9051
13,2020-W14,14,USR_001,3,STK_005,0.0,-0.0
13,2020-W14,14,USR_001,4,USR_005,4e-12,-0.5153
13,2020-W14,14,USR_001,5,STK_003,0.0,-0.0
13,2020-W14,14,USR_001,6,USR_004,8e-12,-0.9826
13,2020-W14,14,USR_001,7,USR_007,1.5e-11,-0.4628
13,2020-W14,14,USR_001,8,STK_001,0.0,-0.0
13,2020-W14,14,USR_001,9,USR_008,-4.7e-11,0.6086
13,2020-W14,14,USR_001,10,USR_006,-1.4e-11,0.7158
13,2020-W14,14,USR_001,11,STK_002,0.0,-0.0
13,2020-W14,14,USR_001,12,USR_002,8e-12,-0.9766
13,2020-W14,14,USR_001,13,USR_010,-2e-12,0.0719
13,2020-W14,14,USR_001,14,USR_001,1.1e-11,1.0
14,2020-W15,0,STK_004,0,STK_004,0.0,1.0
14,2020-W15,0,STK_004,1,USR_003,0.0,-0.0
14,2020-W15,0,STK_004,2,USR_009,0.0,-0.0
14,2020-W15,0,STK_004,3,STK_005,0.0,-0.0
14,2020-W15,0,STK_004,4,USR_005,0.0,-0.0
14,2020-W15,0,STK_004,5,STK_003,0.0,-0.0
14,2020-W15,0,STK_004,6,USR_004,0.0,-0.0
14,2020-W15,0,STK_004,7,USR_007,0.0,-0.0
14,2020-W15,0,STK_004,8,STK_001,0.0,-0.0
14,2020-W15,0,STK_004,9,USR_008,0.0,-0.0
14,2020-W15,0,STK_004,10,USR_006,0.0,-0.0
14,2020-W15,0,STK_004,11,STK_002,0.0,-0.0
14,2020-W15,0,STK_004,12,USR_002,0.0,-0.0
14,2020-W15,0,STK_004,13,USR_010,0.0,-0.0
14,2020-W15,0,STK_004,14,USR_001,0.0,-0.0
14,2020-W15,1,USR_003,0,STK_004,0.0,-0.0
14,2020-W15,1,USR_003,1,USR_003,3e-12,1.0
14,2020-W15,1,USR_003,2,USR_009,2e-12,-0.6924
14,2020-W15,1,USR_003,3,STK_005,0.0,-0.0
14,2020-W15,1,USR_003,4,USR_005,-0.0,0.0284
14,2020-W15,1,USR_003,5,STK_003,-0.0,0.0
14,2020-W15,1,USR_003,6,USR_004,3e-12,-0.9799
14,2020-W15,1,USR_003,7,USR_007,-9e-12,0.7081
14,2020-W15,1,USR_003,8,STK_001,0.0,-0.0
14,2020-W15,1,USR_003,9,USR_008,1e-11,-0.4608
14,2020-W15,1,USR_003,10,USR_006,-7e-12,0.8212
14,2020-W15,1,USR_003,11,STK_002,0.0,-0.0
14,2020-W15,1,USR_003,12,USR_002,3e-12,-0.9854
14,2020-W15,1,USR_003,13,USR_010,-8e-12,0.6874
14,2020-W15,1,USR_003,14,USR_001,3e-12,-0.9774
14,2020-W15,2,USR_009,0,STK_004,0.0,-0.0
14,2020-W15,2,USR_009,1,USR_003,2e-12,-0.6924
14,2020-W15,2,USR_009,2,USR_009,3e-12,1.0
14,2020-W15,2,USR_009,3,STK_005,0.0,-0.0
14,2020-W15,2,USR_009,4,USR_005,1e-12,-0.2583
14,2020-W15,2,USR_009,5,STK_003,-0.0,0.0
14,2020-W15,2,USR_009,6,USR_004,2e-12,-0.6729
14,2020-W15,2,USR_009,7,USR_007,-5e-12,0.3666
14,2020-W15,2,USR_009,8,STK_001,0.0,-0.0
14,2020-W15,2,USR_009,9,USR_008,2e-12,-0.0845
14,2020-W15,2,USR_009,10,USR_006,-5e-12,0.5065
14,2020-W15,2,USR_009,11,STK_002,0.0,-0.0
14,2020-W15,2,USR_009,12,USR_002,2e-12,-0.6731
14,2020-W15,2,USR_009,13,USR_010,-5e-12,0.4233
14,2020-W15,2,USR_009,14,USR_001,3e-12,-0.7397
14,2020-W15,3,STK_005,0,STK_004,0.0,-0.0
14,2020-W15,3,STK_005,1,USR_003,-0.0,0.0
14,2020-W15,3,STK_005,2,USR_009,-0.0,0.0
14,2020-W15,3,STK_005,3,STK_005,0.0,1.0
14,2020-W15,3,STK_005,4,USR_005,0.0,-0.0
14,2020-W15,3,STK_005,5,STK_003,0.0,-0.0
14,2020-W15,3,STK_005,6,USR_004,-0.0,0.0
14,2020-W15,3,STK_005,7,USR_007,0.0,-0.0
14,2020-W15,3,STK_005,8,STK_001,0.0,-0.0
14,2020-W15,3,STK_005,9,USR_008,-0.0,0.0
14,2020-W15,3,STK_005,10,USR_006,0.0,-0.0
14,2020-W15,3,STK_005,11,STK_002,0.0,-0.0
14,2020-W15,3,STK_005,12,USR_002,-0.0,0.0
14,2020-W15,3,STK_005,13,USR_010,0.0,-0.0
14,2020-W15,3,STK_005,14,USR_001,-0.0,0.0
14,2020-W15,4,USR_005,0,STK_004,0.0,-0.0
14,2020-W15,4,USR_005,1,USR_003,-0.0,0.0284
14,2020-W15,4,USR_005,2,USR_009,1e-12,-0.2583
14,2020-W15,4,USR_005,3,STK_005,0.0,-0.0
14,2020-W15,4,USR_005,4,USR_005,3e-12,1.0
14,2020-W15,4,USR_005,5,STK_003,0.0,-0.0
14,2020-W15,4,USR_005,6,USR_004,-0.0,0.1593
14,2020-W15,4,USR_005,7,USR_007,2e-12,-0.1621
14,2020-W15,4,USR_005,8,STK_001,0.0,-0.0
14,2020-W15,4,USR_005,9,USR_008,-6e-12,0.2871
14,2020-W15,4,USR_005,10,USR_006,2e-12,-0.2561
14,2020-W15,4,USR_005,11,STK_002,0.0,-0.0
14,2020-W15,4,USR_005,12,USR_002,-0.0,0.1371
14,2020-W15,4,USR_005,13,USR_010,-0.0,0.0326
14,2020-W15,4,USR_005,14,USR_001,-0.0,0.0362
14,2020-W15,5,STK_003,0,STK_004,0.0,-0.0
14,2020-W15,5,STK_003,1,USR_003,0.0,-0.0
14,2020-W15,5,STK_003,2,USR_009,0.0,-0.0
14,2020-W15,5,STK_003,3,STK_005,0.0,-0.0
14,2020-W15,5,STK_003,4,USR_005,-0.0,0.0
14,2020-W15,5,STK_003,5,STK_003,-0.0,1.0
14,2020-W15,5,STK_003,6,USR_004,0.0,-0.0
14,2020-W15,5,STK_003,7,USR_007,-0.0,0.0
14,2020-W15,5,STK_003,8,STK_001,0.0,-0.0
14,2020-W15,5,STK_003,9,USR_008,0.0,-0.0
14,2020-W15,5,STK_003,10,USR_006,-0.0,0.0
14,2020-W15,5,STK_003,11,STK_002,0.0,-0.0
14,2020-W15,5,STK_003,12,USR_002,0.0,-0.0
14,2020-W15,5,STK_003,13,USR_010,-0.0,0.0
14,2020-W15,5,STK_003,14,USR_001,0.0,-0.0
14,2020-W15,6,USR_004,0,STK_004,0.0,-0.0
14,2020-W15,6,USR_004,1,USR_003,3e-12,-0.9799
14,2020-W15,6,USR_004,2,USR_009,2e-12,-0.6729
14,2020-W15,6,USR_004,3,STK_005,0.0,-0.0
14,2020-W15,6,USR_004,4,USR_005,-0.0,0.1593
14,2020-W15,6,USR_004,5,STK_003,-0.0,0.0
14,2020-W15,6,USR_004,6,USR_004,3e-12,1.0
14,2020-W15,6,USR_004,7,USR_007,-8e-12,0.6621
14,2020-W15,6,USR_004,8,STK_001,0.0,-0.0
14,2020-W15,6,USR_004,9,USR_008,1e-11,-0.4609
14,2020-W15,6,USR_004,10,USR_006,-7e-12,0.8627
14,2020-W15,6,USR_004,11,STK_002,0.0,-0.0
14,2020-W15,6,USR_004,12,USR_002,3e-12,-0.9982
14,2020-W15,6,USR_004,13,USR_010,-8e-12,0.673
14,2020-W15,6,USR_004,14,USR_001,3e-12,-0.9787
14,2020-W15,7,USR_007,0,STK_004,0.0,-0.0
14,2020-W15,7,USR_007,1,USR_003,-9e-12,0.7081
14,2020-W15,7,USR_007,2,USR_009,-5e-12,0.3666
14,2020-W15,7,USR_007,3,STK_005,0.0,-0.0
14,2020-W15,7,USR_007,4,USR_005,2e-12,-0.1621
14,2020-W15,7,USR_007,5,STK_003,0.0,-0.0
14,2020-W15,7,USR_007,6,USR_004,-8e-12,0.6621
14,2020-W15,7,USR_007,7,USR_007,5.5e-11,1.0
14,2020-W15,7,USR_007,8,STK_001,0.0,-0.0
14,2020-W15,7,USR_007,9,USR_008,-8.5e-11,0.8647
14,2020-W15,7,USR_007,10,USR_006,2.9e-11,-0.7488
14,2020-W15,7,USR_007,11,STK_002,0.0,-0.0
14,2020-W15,7,USR_007,12,USR_002,-9e-12,0.6924
14,2020-W15,7,USR_007,13,USR_010,3.8e-11,-0.7515
14,2020-W15,7,USR_007,14,USR_001,-9e-12,0.5929
14,2020-W15,8,STK_001,0,STK_004,0.0,-0.0
14,2020-W15,8,STK_001,1,USR_003,-0.0,0.0
14,2020-W15,8,STK_001,2,USR_009,-0.0,0.0
14,2020-W15,8,STK_001,3,STK_005,0.0,-0.0
14,2020-W15,8,STK_001,4,USR_005,0.0,-0.0
14,2020-W15,8,STK_001,5,STK_003,0.0,-0.0
14,2020-W15,8,STK_001,6,USR_004,-0.0,0.0
14,2020-W15,8,STK_001,7,USR_007,0.0,-0.0
14,2020-W15,8,STK_001,8,STK_001,0.0,1.0
14,2020-W15,8,STK_001,9,USR_008,-0.0,0.0
14,2020-W15,8,STK_001,10,USR_006,0.0,-0.0
14,2020-W15,8,STK_001,11,STK_002,0.0,-0.0
14,2020-W15,8,STK_001,12,USR_002,-0.0,0.0
14,2020-W15,8,STK_001,13,USR_010,0.0,-0.0
14,2020-W15,8,STK_001,14,USR_001,-0.0,0.0
14,2020-W15,9,USR_008,0,STK_004,0.0,-0.0
14,2020-W15,9,USR_008,1,USR_003,1e-11,-0.4608
14,2020-W15,9,USR_008,2,USR_009,2e-12,-0.0845
14,2020-W15,9,USR_008,3,STK_005,0.0,-0.0
14,2020-W15,9,USR_008,4,USR_005,-6e-12,0.2871
14,2020-W15,9,USR_008,5,STK_003,-0.0,0.0
14,2020-W15,9,USR_008,6,USR_004,1e-11,-0.4609
14,2020-W15,9,USR_008,7,USR_007,-8.5e-11,0.8647
14,2020-W15,9,USR_008,8,STK_001,0.0,-0.0
14,2020-W15,9,USR_008,9,USR_008,1.74e-10,1.0
14,2020-W15,9,USR_008,10,USR_006,-5.1e-11,0.7324
14,2020-W15,9,USR_008,11,STK_002,0.0,-0.0
14,2020-W15,9,USR_008,12,USR_002,1.2e-11,-0.4968
14,2020-W15,9,USR_008,13,USR_010,-7.5e-11,0.8301
14,2020-W15,9,USR_008,14,USR_001,9e-12,-0.3263
14,2020-W15,10,USR_006,0,STK_004,0.0,-0.0
14,2020-W15,10,USR_006,1,USR_003,-7e-12,0.8212
14,2020-W15,10,USR_006,2,USR_009,-5e-12,0.5065
14,2020-W15,10,USR_006,3,STK_005,0.0,-0.0
14,2020-W15,10,USR_006,4,USR_005,2e-12,-0.2561
14,2020-W15,10,USR_006,5,STK_003,0.0,-0.0
14,2020-W15,10,USR_006,6,USR_004,-7e-12,0.8627
14,2020-W15,10,USR_006,7,USR_007,2.9e-11,-0.7488
14,2020-W15,10,USR_006,8,STK_001,0.0,-0.0
14,2020-W15,10,USR_006,9,USR_008,-5.1e-11,0.7324
14,2020-W15,10,USR_006,10,USR_006,2.8e-11,1.0
14,2020-W15,10,USR_006,11,STK_002,0.0,-0.0
14,2020-W15,10,USR_006,12,USR_002,-8e-12,0.8713
14,2020-W15,10,USR_006,13,USR_010,2.8e-11,-0.7693
14,2020-W15,10,USR_006,14,USR_001,-8e-12,0.7872
14,2020-W15,11,STK_002,0,STK_004,0.0,-0.0
14,2020-W15,11,STK_002,1,USR_003,0.0,-0.0
14,2020-W15,11,STK_002,2,USR_009,0.0,-0.0
14,2020-W15,11,STK_002,3,STK_005,0.0,-0.0
14,2020-W15,11,STK_002,4,USR_005,0.0,-0.0
14,2020-W15,11,STK_002,5,STK_003,0.0,-0.0
14,2020-W15,11,STK_002,6,USR_004,0.0,-0.0
14,2020-W15,11,STK_002,7,USR_007,0.0,-0.0
14,2020-W15,11,STK_002,8,STK_001,0.0,-0.0
14,2020-W15,11,STK_002,9,USR_008,0.0,-0.0
14,2020-W15,11,STK_002,10,USR_006,0.0,-0.0
14,2020-W15,11,STK_002,11,STK_002,0.0,1.0
14,2020-W15,11,STK_002,12,USR_002,0.0,-0.0
14,2020-W15,11,STK_002,13,USR_010,0.0,-0.0
14,2020-W15,11,STK_002,14,USR_001,0.0,-0.0
14,2020-W15,12,USR_002,0,STK_004,0.0,-0.0
14,2020-W15,12,USR_002,1,USR_003,3e-12,-0.9854
14,2020-W15,12,USR_002,2,USR_009,2e-12,-0.6731
14,2020-W15,12,USR_002,3,STK_005,0.0,-0.0
14,2020-W15,12,USR_002,4,USR_005,-0.0,0.1371
14,2020-W15,12,USR_002,5,STK_003,-0.0,0.0
14,2020-W15,12,USR_002,6,USR_004,3e-12,-0.9982
14,2020-W15,12,USR_002,7,USR_007,-9e-12,0.6924
14,2020-W15,12,USR_002,8,STK_001,0.0,-0.0
14,2020-W15,12,USR_002,9,USR_008,1.2e-11,-0.4968
14,2020-W15,12,USR_002,10,USR_006,-8e-12,0.8713
14,2020-W15,12,USR_002,11,STK_002,0.0,-0.0
14,2020-W15,12,USR_002,12,USR_002,3e-12,1.0
14,2020-W15,12,USR_002,13,USR_010,-9e-12,0.7085
14,2020-W15,12,USR_002,14,USR_001,3e-12,-0.9756
14,2020-W15,13,USR_010,0,STK_004,0.0,-0.0
14,2020-W15,13,USR_010,1,USR_003,-8e-12,0.6874
14,2020-W15,13,USR_010,2,USR_009,-5e-12,0.4233
14,2020-W15,13,USR_010,3,STK_005,0.0,-0.0
14,2020-W15,13,USR_010,4,USR_005,-0.0,0.0326
14,2020-W15,13,USR_010,5,STK_003,0.0,-0.0
14,2020-W15,13,USR_010,6,USR_004,-8e-12,0.673
14,2020-W15,13,USR_010,7,USR_007,3.8e-11,-0.7515
14,2020-W15,13,USR_010,8,STK_001,0.0,-0.0
14,2020-W15,13,USR_010,9,USR_008,-7.5e-11,0.8301
14,2020-W15,13,USR_010,10,USR_006,2.8e-11,-0.7693
14,2020-W15,13,USR_010,11,STK_002,0.0,-0.0
14,2020-W15,13,USR_010,12,USR_002,-9e-12,0.7085
14,2020-W15,13,USR_010,13,USR_010,4.7e-11,1.0
14,2020-W15,13,USR_010,14,USR_001,-8e-12,0.5877
14,2020-W15,14,USR_001,0,STK_004,0.0,-0.0
14,2020-W15,14,USR_001,1,USR_003,3e-12,-0.9774
14,2020-W15,14,USR_001,2,USR_009,3e-12,-0.7397
14,2020-W15,14,USR_001,3,STK_005,0.0,-0.0
14,2020-W15,14,USR_001,4,USR_005,-0.0,0.0362
14,2020-W15,14,USR_001,5,STK_003,-0.0,0.0
14,2020-W15,14,USR_001,6,USR_004,3e-12,-0.9787
14,2020-W15,14,USR_001,7,USR_007,-9e-12,0.5929
14,2020-W15,14,USR_001,8,STK_001,0.0,-0.0
14,2020-W15,14,USR_001,9,USR_008,9e-12,-0.3263
14,2020-W15,14,USR_001,10,USR_006,-8e-12,0.7872
14,2020-W15,14,USR_001,11,STK_002,0.0,-0.0
14,2020-W15,14,USR_001,12,USR_002,3e-12,-0.9756
14,2020-W15,14,USR_001,13,USR_010,-8e-12,0.5877
14,2020-W15,14,USR_001,14,USR_001,4e-12,1.0
15,2020-W16,0,STK_004,0,STK_004,0.0,1.0
15,2020-W16,0,STK_004,1,USR_003,0.0,-0.0
15,2020-W16,0,STK_004,2,USR_009,0.0,-0.0
15,2020-W16,0,STK_004,3,STK_005,0.0,-0.0
15,2020-W16,0,STK_004,4,USR_005,0.0,-0.0
15,2020-W16,0,STK_004,5,STK_003,0.0,-0.0
15,2020-W16,0,STK_004,6,USR_004,0.0,-0.0
15,2020-W16,0,STK_004,7,USR_007,0.0,-0.0
15,2020-W16,0,STK_004,8,STK_001,0.0,-0.0
15,2020-W16,0,STK_004,9,USR_008,0.0,-0.0
15,2020-W16,0,STK_004,10,USR_006,0.0,-0.0
15,2020-W16,0,STK_004,11,STK_002,0.0,-0.0
15,2020-W16,0,STK_004,12,USR_002,0.0,-0.0
15,2020-W16,0,STK_004,13,USR_010,0.0,-0.0
15,2020-W16,0,STK_004,14,USR_001,0.0,-0.0
15,2020-W16,1,USR_003,0,STK_004,0.0,-0.0
15,2020-W16,1,USR_003,1,USR_003,2e-12,1.0
15,2020-W16,1,USR_003,2,USR_009,2e-12,-0.7058
15,2020-W16,1,USR_003,3,STK_005,0.0,-0.0
15,2020-W16,1,USR_003,4,USR_005,-0.0,0.09
15,2020-W16,1,USR_003,5,STK_003,-0.0,0.0398
15,2020-W16,1,USR_003,6,USR_004,3e-12,-0.9811
15,2020-W16,1,USR_003,7,USR_007,-2e-12,0.3666
15,2020-W16,1,USR_003,8,STK_001,0.0,-0.0
15,2020-W16,1,USR_003,9,USR_008,0.0,-0.0089
15,2020-W16,1,USR_003,10,USR_006,-7e-12,0.8024
15,2020-W16,1,USR_003,11,STK_002,0.0,-0.0
15,2020-W16,1,USR_003,12,USR_002,3e-12,-0.9838
15,2020-W16,1,USR_003,13,USR_010,-4e-12,0.5206
15,2020-W16,1,USR_003,14,USR_001,3e-12,-0.9806
15,2020-W16,2,USR_009,0,STK_004,0.0,-0.0
15,2020-W16,2,USR_009,1,USR_003,2e-12,-0.7058
15,2020-W16,2,USR_009,2,USR_009,3e-12,1.0
15,2020-W16,2,USR_009,3,STK_005,0.0,-0.0
15,2020-W16,2,USR_009,4,USR_005,1e-12,-0.2168
15,2020-W16,2,USR_009,5,STK_003,0.0,-0.1347
15,2020-W16,2,USR_009,6,USR_004,2e-12,-0.6744
15,2020-W16,2,USR_009,7,USR_007,-1e-12,0.1954
15,2020-W16,2,USR_009,8,STK_001,0.0,-0.0
15,2020-W16,2,USR_009,9,USR_008,-3e-12,0.2347
15,2020-W16,2,USR_009,10,USR_006,-5e-12,0.5091
15,2020-W16,2,USR_009,11,STK_002,0.0,-0.0
15,2020-W16,2,USR_009,12,USR_002,2e-12,-0.6821
15,2020-W16,2,USR_009,13,USR_010,-3e-12,0.3778
15,2020-W16,2,USR_009,14,USR_001,3e-12,-0.7442
15,2020-W16,3,STK_005,0,STK_004,0.0,-0.0
15,2020-W16,3,STK_005,1,USR_003,-0.0,0.0
15,2020-W16,3,STK_005,2,USR_009,-0.0,0.0
15,2020-W16,3,STK_005,3,STK_005,0.0,1.0
15,2020-W16,3,STK_005,4,USR_005,0.0,-0.0
15,2020-W16,3,STK_005,5,STK_003,0.0,-0.0
15,2020-W16,3,STK_005,6,USR_004,-0.0,0.0
15,2020-W16,3,STK_005,7,USR_007,0.0,-0.0
15,2020-W16,3,STK_005,8,STK_001,0.0,-0.0
15,2020-W16,3,STK_005,9,USR_008,-0.0,0.0
15,2020-W16,3,STK_005,10,USR_006,0.0,-0.0
15,2020-W16,3,STK_005,11,STK_002,0.0,-0.0
15,2020-W16,3,STK_005,12,USR_002,-0.0,0.0
15,2020-W16,3,STK_005,13,USR_010,0.0,-0.0
15,2020-W16,3,STK_005,14,USR_001,-0.0,0.0
15,2020-W16,4,USR_005,0,STK_004,0.0,-0.0
15,2020-W16,4,USR_005,1,USR_003,-0.0,0.09
15,2020-W16,4,USR_005,2,USR_009,1e-12,-0.2168
15,2020-W16,4,USR_005,3,STK_005,0.0,-0.0
15,2020-W16,4,USR_005,4,USR_005,3e-12,1.0
15,2020-W16,4,USR_005,5,STK_003,0.0,-0.3295
15,2020-W16,4,USR_005,6,USR_004,-1e-12,0.2243
15,2020-W16,4,USR_005,7,USR_007,2e-12,-0.3044
15,2020-W16,4,USR_005,8,STK_001,0.0,-0.0
15,2020-W16,4,USR_005,9,USR_008,-6e-12,0.4576
15,2020-W16,4,USR_005,10,USR_006,3e-12,-0.3264
15,2020-W16,4,USR_005,11,STK_002,0.0,-0.0
15,2020-W16,4,USR_005,12,USR_002,-1e-12,0.2033
15,2020-W16,4,USR_005,13,USR_010,-0.0,0.0322
15,2020-W16,4,USR_005,14,USR_001,-0.0,0.0893
15,2020-W16,5,STK_003,0,STK_004,0.0,-0.0
15,2020-W16,5,STK_003,1,USR_003,-0.0,0.4698
15,2020-W16,5,STK_003,2,USR_009,-0.0,0.0587
15,2020-W16,5,STK_003,3,STK_005,0.0,-0.0
15,2020-W16,5,STK_003,4,USR_005,0.0,-0.6332
15,2020-W16,5,STK_003,5,STK_003,0.0,1.0
15,2020-W16,5,STK_003,6,USR_004,-0.0,0.5906
15,2020-W16,5,STK_003,7,USR_007,0.0,-0.8964
15,2020-W16,5,STK_003,8,STK_001,0.0,-0.0
15,2020-W16,5,STK_003,9,USR_008,-0.0,1.0
15,2020-W16,5,STK_003,10,USR_006,0.0,-1.0
15,2020-W16,5,STK_003,11,STK_002,0.0,-0.0
15,2020-W16,5,STK_003,12,USR_002,-0.0,0.5927
15,2020-W16,5,STK_003,13,USR_010,0.0,-1.0
15,2020-W16,5,STK_003,14,USR_001,-0.0,0.3472
15,2020-W16,6,USR_004,0,STK_004,0.0,-0.0
15,2020-W16,6,USR_004,1,USR_003,3e-12,-0.9811
15,2020-W16,6,USR_004,2,USR_009,2e-12,-0.6744
15,2020-W16,6,USR_004,3,STK_005,0.0,-0.0
15,2020-W16,6,USR_004,4,USR_005,-1e-12,0.2243
15,2020-W16,6,USR_004,5,STK_003,-0.0,0.0988
15,2020-W16,6,USR_004,6,USR_004,3e-12,1.0
15,2020-W16,6,USR_004,7,USR_007,-2e-12,0.3612
15,2020-W16,6,USR_004,8,STK_001,0.0,-0.0
15,2020-W16,6,USR_004,9,USR_008,1e-12,-0.1031
15,2020-W16,6,USR_004,10,USR_006,-8e-12,0.8649
15,2020-W16,6,USR_004,11,STK_002,0.0,-0.0
15,2020-W16,6,USR_004,12,USR_002,3e-12,-0.9986
15,2020-W16,6,USR_004,13,USR_010,-4e-12,0.5513
15,2020-W16,6,USR_004,14,USR_001,3e-12,-0.972
15,2020-W16,7,USR_007,0,STK_004,0.0,-0.0
15,2020-W16,7,USR_007,1,USR_003,-2e-12,0.3666
15,2020-W16,7,USR_007,2,USR_009,-1e-12,0.1954
15,2020-W16,7,USR_007,3,STK_005,0.0,-0.0
15,2020-W16,7,USR_007,4,USR_005,2e-12,-0.3044
15,2020-W16,7,USR_007,5,STK_003,0.0,-0.4561
15,2020-W16,7,USR_007,6,USR_004,-2e-12,0.3612
15,2020-W16,7,USR_007,7,USR_007,1e-11,1.0
15,2020-W16,7,USR_007,8,STK_001,0.0,-0.0
15,2020-W16,7,USR_007,9,USR_008,-1.2e-11,0.5107
15,2020-W16,7,USR_007,10,USR_006,7e-12,-0.3953
15,2020-W16,7,USR_007,11,STK_002,0.0,-0.0
15,2020-W16,7,USR_007,12,USR_002,-2e-12,0.3668
15,2020-W16,7,USR_007,13,USR_010,3e-12,-0.2074
15,2020-W16,7,USR_007,14,USR_001,-2e-12,0.3169
15,2020-W16,8,STK_001,0,STK_004,0.0,-0.0
15,2020-W16,8,STK_001,1,USR_003,0.0,-0.0
15,2020-W16,8,STK_001,2,USR_009,0.0,-0.0
15,2020-W16,8,STK_001,3,STK_005,0.0,-0.0
15,2020-W16,8,STK_001,4,USR_005,-0.0,0.0
15,2020-W16,8,STK_001,5,STK_003,-0.0,0.0
15,2020-W16,8,STK_001,6,USR_004,0.0,-0.0
15,2020-W16,8,STK_001,7,USR_007,-0.0,0.0
15,2020-W16,8,STK_001,8,STK_001,0.0,1.0
15,2020-W16,8,STK_001,9,USR_008,0.0,-0.0
15,2020-W16,8,STK_001,10,USR_006,-0.0,0.0
15,2020-W16,8,STK_001,11,STK_002,0.0,-0.0
15,2020-W16,8,STK_001,12,USR_002,0.0,-0.0
15,2020-W16,8,STK_001,13,USR_010,-0.0,0.0
15,2020-W16,8,STK_001,14,USR_001,0.0,-0.0
15,2020-W16,9,USR_008,0,STK_004,0.0,-0.0
15,2020-W16,9,USR_008,1,USR_003,0.0,-0.0089
15,2020-W16,9,USR_008,2,USR_009,-3e-12,0.2347
15,2020-W16,9,USR_008,3,STK_005,0.0,-0.0
15,2020-W16,9,USR_008,4,USR_005,-6e-12,0.4576
15,2020-W16,9,USR_008,5,STK_003,-0.0,0.7107
15,2020-W16,9,USR_008,6,USR_004,1e-12,-0.1031
15,2020-W16,9,USR_008,7,USR_007,-1.2e-11,0.5107
15,2020-W16,9,USR_008,8,STK_001,0.0,-0.0
15,2020-W16,9,USR_008,9,USR_008,6.1e-11,1.0
15,2020-W16,9,USR_008,10,USR_006,-2e-11,0.4641
15,2020-W16,9,USR_008,11,STK_002,0.0,-0.0
15,2020-W16,9,USR_008,12,USR_002,1e-12,-0.1024
15,2020-W16,9,USR_008,13,USR_010,-2.1e-11,0.5746
15,2020-W16,9,USR_008,14,USR_001,-1e-12,0.0792
15,2020-W16,10,USR_006,0,STK_004,0.0,-0.0
15,2020-W16,10,USR_006,1,USR_003,-7e-12,0.8024
15,2020-W16,10,USR_006,2,USR_009,-5e-12,0.5091
15,2020-W16,10,USR_006,3,STK_005,0.0,-0.0
15,2020-W16,10,USR_006,4,USR_005,3e-12,-0.3264
15,2020-W16,10,USR_006,5,STK_003,0.0,-0.3313
15,2020-W16,10,USR_006,6,USR_004,-8e-12,0.8649
15,2020-W16,10,USR_006,7,USR_007,7e-12,-0.3953
15,2020-W16,10,USR_006,8,STK_001,0.0,-0.0
15,2020-W16,10,USR_006,9,USR_008,-2e-11,0.4641
15,2020-W16,10,USR_006,10,USR_006,2.9e-11,1.0
15,2020-W16,10,USR_006,11,STK_002,0.0,-0.0
15,2020-W16,10,USR_006,12,USR_002,-8e-12,0.8566
15,2020-W16,10,USR_006,13,USR_010,1.6e-11,-0.6303
15,2020-W16,10,USR_006,14,USR_001,-8e-12,0.769
15,2020-W16,11,STK_002,0,STK_004,0.0,-0.0
15,2020-W16,11,STK_002,1,USR_003,0.0,-0.0
15,2020-W16,11,STK_002,2,USR_009,0.0,-0.0
15,2020-W16,11,STK_002,3,STK_005,0.0,-0.0
15,2020-W16,11,STK_002,4,USR_005,0.0,-0.0
15,2020-W16,11,STK_002,5,STK_003,0.0,-0.0
15,2020-W16,11,STK_002,6,USR_004,0.0,-0.0
15,2020-W16,11,STK_002,7,USR_007,0.0,-0.0
15,2020-W16,11,STK_002,8,STK_001,0.0,-0.0
15,2020-W16,11,STK_002,9,USR_008,0.0,-0.0
15,2020-W16,11,STK_002,10,USR_006,0.0,-0.0
15,2020-W16,11,STK_002,11,STK_002,0.0,1.0
15,2020-W16,11,STK_002,12,USR_002,0.0,-0.0
15,2020-W16,11,STK_002,13,USR_010,0.0,-0.0
15,2020-W16,11,STK_002,14,USR_001,0.0,-0.0
15,2020-W16,12,USR_002,0,STK_004,0.0,-0.0
15,2020-W16,12,USR_002,1,USR_003,3e-12,-0.9838
15,2020-W16,12,USR_002,2,USR_009,2e-12,-0.6821
15,2020-W16,12,USR_002,3,STK_005,0.0,-0.0
15,2020-W16,12,USR_002,4,USR_005,-1e-12,0.2033
15,2020-W16,12,USR_002,5,STK_003,-0.0,0.0998
15,2020-W16,12,USR_002,6,USR_004,3e-12,-0.9986
15,2020-W16,12,USR_002,7,USR_007,-2e-12,0.3668
15,2020-W16,12,USR_002,8,STK_001,0.0,-0.0
15,2020-W16,12,USR_002,9,USR_008,1e-12,-0.1024
15,2020-W16,12,USR_002,10,USR_006,-8e-12,0.8566
15,2020-W16,12,USR_002,11,STK_002,0.0,-0.0
15,2020-W16,12,USR_002,12,USR_002,3e-12,1.0
15,2020-W16,12,USR_002,13,USR_010,-5e-12,0.569
15,2020-W16,12,USR_002,14,USR_001,3e-12,-0.9761
15,2020-W16,13,USR_010,0,STK_004,0.0,-0.0
15,2020-W16,13,USR_010,1,USR_003,-4e-12,0.5206
15,2020-W16,13,USR_010,2,USR_009,-3e-12,0.3778
15,2020-W16,13,USR_010,3,STK_005,0.0,-0.0
15,2020-W16,13,USR_010,4,USR_005,-0.0,0.0322
15,2020-W16,13,USR_010,5,STK_003,0.0,-0.399
15,2020-W16,13,USR_010,6,USR_004,-4e-12,0.5513
15,2020-W16,13,USR_010,7,USR_007,3e-12,-0.2074
15,2020-W16,13,USR_010,8,STK_001,0.0,-0.0
15,2020-W16,13,USR_010,9,USR_008,-2.1e-11,0.5746
15,2020-W16,13,USR_010,10,USR_006,1.6e-11,-0.6303
15,2020-W16,13,USR_010,11,STK_002,0.0,-0.0
15,2020-W16,13,USR_010,12,USR_002,-5e-12,0.569
15,2020-W16,13,USR_010,13,USR_010,2.2e-11,1.0
15,2020-W16,13,USR_010,14,USR_001,-4e-12,0.457
15,2020-W16,14,USR_001,0,STK_004,0.0,-0.0
15,2020-W16,14,USR_001,1,USR_003,3e-12,-0.9806
15,2020-W16,14,USR_001,2,USR_009,3e-12,-0.7442
15,2020-W16,14,USR_001,3,STK_005,0.0,-0.0
15,2020-W16,14,USR_001,4,USR_005,-0.0,0.0893
15,2020-W16,14,USR_001,5,STK_003,0.0,-0.0238
15,2020-W16,14,USR_001,6,USR_004,3e-12,-0.972
15,2020-W16,14,USR_001,7,USR_007,-2e-12,0.3169
15,2020-W16,14,USR_001,8,STK_001,0.0,-0.0
15,2020-W16,14,USR_001,9,USR_008,-1e-12,0.0792
15,2020-W16,14,USR_001,10,USR_006,-8e-12,0.769
15,2020-W16,14,USR_001,11,STK_002,0.0,-0.0
15,2020-W16,14,USR_001,12,USR_002,3e-12,-0.9761
15,2020-W16,14,USR_001,13,USR_010,-4e-12,0.457
15,2020-W16,14,USR_001,14,USR_001,4e-12,1.0
16,2020-W17,0,STK_004,0,STK_004,0.0,1.0
16,2020-W17,0,STK_004,1,USR_003,0.0,-0.0
16,2020-W17,0,STK_004,2,USR_009,0.0,-0.0
16,2020-W17,0,STK_004,3,STK_005,0.0,-0.0
16,2020-W17,0,STK_004,4,USR_005,0.0,-0.0
16,2020-W17,0,STK_004,5,STK_003,0.0,-0.0
16,2020-W17,0,STK_004,6,USR_004,0.0,-0.0
16,2020-W17,0,STK_004,7,USR_007,0.0,-0.0
16,2020-W17,0,STK_004,8,STK_001,0.0,-0.0
16,2020-W17,0,STK_004,9,USR_008,0.0,-0.0
16,2020-W17,0,STK_004,10,USR_006,0.0,-0.0
16,2020-W17,0,STK_004,11,STK_002,0.0,-0.0
16,2020-W17,0,STK_004,12,USR_002,0.0,-0.0
16,2020-W17,0,STK_004,13,USR_010,0.0,-0.0
16,2020-W17,0,STK_004,14,USR_001,0.0,-0.0
16,2020-W17,1,USR_003,0,STK_004,0.0,-0.0
16,2020-W17,1,USR_003,1,USR_003,1.3e-11,1.0
16,2020-W17,1,USR_003,2,USR_009,1.4e-11,-0.9465
16,2020-W17,1,USR_003,3,STK_005,0.0,-0.0
16,2020-W17,1,USR_003,4,USR_005,4e-12,-0.5099
16,2020-W17,1,USR_003,5,STK_003,-0.0,0.0
16,2020-W17,1,USR_003,6,USR_004,1.3e-11,-0.996
16,2020-W17,1,USR_003,7,USR_007,9e-12,-0.6192
16,2020-W17,1,USR_003,8,STK_001,0.0,-0.0
16,2020-W17,1,USR_003,9,USR_008,-1.5e-11,0.4798
16,2020-W17,1,USR_003,10,USR_006,-3.6e-11,0.9502
16,2020-W17,1,USR_003,11,STK_002,0.0,-0.0
16,2020-W17,1,USR_003,12,USR_002,1.2e-11,-0.9934
16,2020-W17,1,USR_003,13,USR_010,-3e-11,0.8919
16,2020-W17,1,USR_003,14,USR_001,1.7e-11,-0.9967
16,2020-W17,2,USR_009,0,STK_004,0.0,-0.0
16,2020-W17,2,USR_009,1,USR_003,1.4e-11,-0.9465
16,2020-W17,2,USR_009,2,USR_009,1.5e-11,1.0
16,2020-W17,2,USR_009,3,STK_005,0.0,-0.0
16,2020-W17,2,USR_009,4,USR_005,5e-12,-0.5925
16,2020-W17,2,USR_009,5,STK_003,-0.0,0.0
16,2020-W17,2,USR_009,6,USR_004,1.3e-11,-0.9381
16,2020-W17,2,USR_009,7,USR_007,1e-11,-0.6081
16,2020-W17,2,USR_009,8,STK_001,0.0,-0.0
16,2020-W17,2,USR_009,9,USR_008,-1.8e-11,0.543
16,2020-W17,2,USR_009,10,USR_006,-3.6e-11,0.8833
16,2020-W17,2,USR_009,11,STK_002,0.0,-0.0
16,2020-W17,2,USR_009,12,USR_002,1.2e-11,-0.9339
16,2020-W17,2,USR_009,13,USR_010,-3.1e-11,0.8563
16,2020-W17,2,USR_009,14,USR_001,1.7e-11,-0.9527
16,2020-W17,3,STK_005,0,STK_004,0.0,-0.0
16,2020-W17,3,STK_005,1,USR_003,0.0,-0.0
16,2020-W17,3,STK_005,2,USR_009,0.0,-0.0
16,2020-W17,3,STK_005,3,STK_005,0.0,1.0
16,2020-W17,3,STK_005,4,USR_005,0.0,-0.0
16,2020-W17,3,STK_005,5,STK_003,-0.0,0.0
16,2020-W17,3,STK_005,6,USR_004,0.0,-0.0
16,2020-W17,3,STK_005,7,USR_007,0.0,-0.0
16,2020-W17,3,STK_005,8,STK_001,0.0,-0.0
16,2020-W17,3,STK_005,9,USR_008,-0.0,0.0
16,2020-W17,3,STK_005,10,USR_006,-0.0,0.0
16,2020-W17,3,STK_005,11,STK_002,0.0,-0.0
16,2020-W17,3,STK_005,12,USR_002,0.0,-0.0
16,2020-W17,3,STK_005,13,USR_010,-0.0,0.0
16,2020-W17,3,STK_005,14,USR_001,0.0,-0.0
16,2020-W17,4,USR_005,0,STK_004,0.0,-0.0
16,2020-W17,4,USR_005,1,USR_003,4e-12,-0.5099
16,2020-W17,4,USR_005,2,USR_009,5e-12,-0.5925
16,2020-W17,4,USR_005,3,STK_005,0.0,-0.0
16,2020-W17,4,USR_005,4,USR_005,4e-12,1.0
16,2020-W17,4,USR_005,5,STK_003,0.0,-0.0
16,2020-W17,4,USR_005,6,USR_004,3e-12,-0.4517
16,2020-W17,4,USR_005,7,USR_007,4e-12,-0.546
16,2020-W17,4,USR_005,8,STK_001,0.0,-0.0
16,2020-W17,4,USR_005,9,USR_008,-1e-11,0.5832
16,2020-W17,4,USR_005,10,USR_006,-7e-12,0.365
16,2020-W17,4,USR_005,11,STK_002,0.0,-0.0
16,2020-W17,4,USR_005,12,USR_002,3e-12,-0.4413
16,2020-W17,4,USR_005,13,USR_010,-9e-12,0.5259
16,2020-W17,4,USR_005,14,USR_001,4e-12,-0.507
16,2020-W17,5,STK_003,0,STK_004,0.0,-0.0
16,2020-W17,5,STK_003,1,USR_003,0.0,-0.0
16,2020-W17,5,STK_003,2,USR_009,0.0,-0.0
16,2020-W17,5,STK_003,3,STK_005,0.0,-0.0
16,2020-W17,5,STK_003,4,USR_005,0.0,-0.0
16,2020-W17,5,STK_003,5,STK_003,-0.0,1.0
16,2020-W17,5,STK_003,6,USR_004,0.0,-0.0
16,2020-W17,5,STK_003,7,USR_007,0.0,-0.0
16,2020-W17,5,STK_003,8,STK_001,0.0,-0.0
16,2020-W17,5,STK_003,9,USR_008,-0.0,0.0
16,2020-W17,5,STK_003,10,USR_006,-0.0,0.0
16,2020-W17,5,STK_003,11,STK_002,0.0,-0.0
16,2020-W17,5,STK_003,12,USR_002,0.0,-0.0
16,2020-W17,5,STK_003,13,USR_010,-0.0,0.0
16,2020-W17,5,STK_003,14,USR_001,0.0,-0.0
16,2020-W17,6,USR_004,0,STK_004,0.0,-0.0
16,2020-W17,6,USR_004,1,USR_003,1.3e-11,-0.996
16,2020-W17,6,USR_004,2,USR_009,1.3e-11,-0.9381
16,2020-W17,6,USR_004,3,STK_005,0.0,-0.0
16,2020-W17,6,USR_004,4,USR_005,3e-12,-0.4517
16,2020-W17,6,USR_004,5,STK_003,-0.0,0.0
16,2020-W17,6,USR_004,6,USR_004,1.3e-11,1.0
16,2020-W17,6,USR_004,7,USR_007,9e-12,-0.609
16,2020-W17,6,USR_004,8,STK_001,0.0,-0.0
16,2020-W17,6,USR_004,9,USR_008,-1.4e-11,0.4374
16,2020-W17,6,USR_004,10,USR_006,-3.6e-11,0.9651
16,2020-W17,6,USR_004,11,STK_002,0.0,-0.0
16,2020-W17,6,USR_004,12,USR_002,1.2e-11,-0.9983
16,2020-W17,6,USR_004,13,USR_010,-3e-11,0.8953
16,2020-W17,6,USR_004,14,USR_001,1.7e-11,-0.9944
16,2020-W17,7,USR_007,0,STK_004,0.0,-0.0
16,2020-W17,7,USR_007,1,USR_003,9e-12,-0.6192
16,2020-W17,7,USR_007,2,USR_009,1e-11,-0.6081
16,2020-W17,7,USR_007,3,STK_005,0.0,-0.0
16,2020-W17,7,USR_007,4,USR_005,4e-12,-0.546
16,2020-W17,7,USR_007,5,STK_003,0.0,-0.0
16,2020-W17,7,USR_007,6,USR_004,9e-12,-0.609
16,2020-W17,7,USR_007,7,USR_007,1.6e-11,1.0
16,2020-W17,7,USR_007,8,STK_001,0.0,-0.0
16,2020-W17,7,USR_007,9,USR_008,-2.2e-11,0.6318
16,2020-W17,7,USR_007,10,USR_006,-2.2e-11,0.5335
16,2020-W17,7,USR_007,11,STK_002,0.0,-0.0
16,2020-W17,7,USR_007,12,USR_002,8e-12,-0.583
16,2020-W17,7,USR_007,13,USR_010,-2.3e-11,0.6149
16,2020-W17,7,USR_007,14,USR_001,1.1e-11,-0.6293
16,2020-W17,8,STK_001,0,STK_004,0.0,-0.0
16,2020-W17,8,STK_001,1,USR_003,-0.0,0.0
16,2020-W17,8,STK_001,2,USR_009,-0.0,0.0
16,2020-W17,8,STK_001,3,STK_005,0.0,-0.0
16,2020-W17,8,STK_001,4,USR_005,-0.0,0.0
16,2020-W17,8,STK_001,5,STK_003,0.0,-0.0
16,2020-W17,8,STK_001,6,USR_004,-0.0,0.0
16,2020-W17,8,STK_001,7,USR_007,-0.0,0.0
16,2020-W17,8,STK_001,8,STK_001,0.0,1.0
16,2020-W17,8,STK_001,9,USR_008,0.0,-0.0
16,2020-W17,8,STK_001,10,USR_006,0.0,-0.0
16,2020-W17,8,STK_001,11,STK_002,0.0,-0.0
16,2020-W17,8,STK_001,12,USR_002,-0.0,0.0
16,2020-W17,8,STK_001,13,USR_010,0.0,-0.0
16,2020-W17,8,STK_001,14,USR_001,-0.0,0.0
16,2020-W17,9,USR_008,0,STK_004,0.0,-0.0
16,2020-W17,9,USR_008,1,USR_003,-1.5e-11,0.4798
16,2020-W17,9,USR_008,2,USR_009,-1.8e-11,0.543
16,2020-W17,9,USR_008,3,STK_005,0.0,-0.0
16,2020-W17,9,USR_008,4,USR_005,-1e-11,0.5832
16,2020-W17,9,USR_008,5,STK_003,-0.0,0.0
16,2020-W17,9,USR_008,6,USR_004,-1.4e-11,0.4374
16,2020-W17,9,USR_008,7,USR_007,-2.2e-11,0.6318
16,2020-W17,9,USR_008,8,STK_001,0.0,-0.0
16,2020-W17,9,USR_008,9,USR_008,7.5e-11,1.0
16,2020-W17,9,USR_008,10,USR_006,2.1e-11,-0.2344
16,2020-W17,9,USR_008,11,STK_002,0.0,-0.0
16,2020-W17,9,USR_008,12,USR_002,-1.2e-11,0.4259
16,2020-W17,9,USR_008,13,USR_010,1.5e-11,-0.192
16,2020-W17,9,USR_008,14,USR_001,-2e-11,0.5088
16,2020-W17,10,USR_006,0,STK_004,0.0,-0.0
16,2020-W17,10,USR_006,1,USR_003,-3.6e-11,0.9502
16,2020-W17,10,USR_006,2,USR_009,-3.6e-11,0.8833
16,2020-W17,10,USR_006,3,STK_005,0.0,-0.0
16,2020-W17,10,USR_006,4,USR_005,-7e-12,0.365
16,2020-W17,10,USR_006,5,STK_003,0.0,-0.0
16,2020-W17,10,USR_006,6,USR_004,-3.6e-11,0.9651
16,2020-W17,10,USR_006,7,USR_007,-2.2e-11,0.5335
16,2020-W17,10,USR_006,8,STK_001,0.0,-0.0
16,2020-W17,10,USR_006,9,USR_008,2.1e-11,-0.2344
16,2020-W17,10,USR_006,10,USR_006,1.07e-10,1.0
16,2020-W17,10,USR_006,11,STK_002,0.0,-0.0
16,2020-W17,10,USR_006,12,USR_002,-3.3e-11,0.963
16,2020-W17,10,USR_006,13,USR_010,8.7e-11,-0.902
16,2020-W17,10,USR_006,14,USR_001,-4.5e-11,0.9427
16,2020-W17,11,STK_002,0,STK_004,0.0,-0.0
16,2020-W17,11,STK_002,1,USR_003,0.0,-0.0
16,2020-W17,11,STK_002,2,USR_009,0.0,-0.0
16,2020-W17,11,STK_002,3,STK_005,0.0,-0.0
16,2020-W17,11,STK_002,4,USR_005,0.0,-0.0
16,2020-W17,11,STK_002,5,STK_003,0.0,-0.0
16,2020-W17,11,STK_002,6,USR_004,0.0,-0.0
16,2020-W17,11,STK_002,7,USR_007,0.0,-0.0
16,2020-W17,11,STK_002,8,STK_001,0.0,-0.0
16,2020-W17,11,STK_002,9,USR_008,0.0,-0.0
16,2020-W17,11,STK_002,10,USR_006,0.0,-0.0
16,2020-W17,11,STK_002,11,STK_002,0.0,1.0
16,2020-W17,11,STK_002,12,USR_002,0.0,-0.0
16,2020-W17,11,STK_002,13,USR_010,0.0,-0.0
16,2020-W17,11,STK_002,14,USR_001,0.0,-0.0
16,2020-W17,12,USR_002,0,STK_004,0.0,-0.0
16,2020-W17,12,USR_002,1,USR_003,1.2e-11,-0.9934
16,2020-W17,12,USR_002,2,USR_009,1.2e-11,-0.9339
16,2020-W17,12,USR_002,3,STK_005,0.0,-0.0
16,2020-W17,12,USR_002,4,USR_005,3e-12,-0.4413
16,2020-W17,12,USR_002,5,STK_003,-0.0,0.0
16,2020-W17,12,USR_002,6,USR_004,1.2e-11,-0.9983
16,2020-W17,12,USR_002,7,USR_007,8e-12,-0.583
16,2020-W17,12,USR_002,8,STK_001,0.0,-0.0
16,2020-W17,12,USR_002,9,USR_008,-1.2e-11,0.4259
16,2020-W17,12,USR_002,10,USR_006,-3.3e-11,0.963
16,2020-W17,12,USR_002,11,STK_002,0.0,-0.0
16,2020-W17,12,USR_002,12,USR_002,1.1e-11,1.0
16,2020-W17,12,USR_002,13,USR_010,-2.8e-11,0.8911
16,2020-W17,12,USR_002,14,USR_001,1.5e-11,-0.9921
16,2020-W17,13,USR_010,0,STK_004,0.0,-0.0
16,2020-W17,13,USR_010,1,USR_003,-3e-11,0.8919
16,2020-W17,13,USR_010,2,USR_009,-3.1e-11,0.8563
16,2020-W17,13,USR_010,3,STK_005,0.0,-0.0
16,2020-W17,13,USR_010,4,USR_005,-9e-12,0.5259
16,2020-W17,13,USR_010,5,STK_003,0.0,-0.0
16,2020-W17,13,USR_010,6,USR_004,-3e-11,0.8953
16,2020-W17,13,USR_010,7,USR_007,-2.3e-11,0.6149
16,2020-W17,13,USR_010,8,STK_001,0.0,-0.0
16,2020-W17,13,USR_010,9,USR_008,1.5e-11,-0.192
16,2020-W17,13,USR_010,10,USR_006,8.7e-11,-0.902
16,2020-W17,13,USR_010,11,STK_002,0.0,-0.0
16,2020-W17,13,USR_010,12,USR_002,-2.8e-11,0.8911
16,2020-W17,13,USR_010,13,USR_010,8.7e-11,1.0
16,2020-W17,13,USR_010,14,USR_001,-3.7e-11,0.8789
16,2020-W17,14,USR_001,0,STK_004,0.0,-0.0
16,2020-W17,14,USR_001,1,USR_003,1.7e-11,-0.9967
16,2020-W17,14,USR_001,2,USR_009,1.7e-11,-0.9527
16,2020-W17,14,USR_001,3,STK_005,0.0,-0.0
16,2020-W17,14,USR_001,4,USR_005,4e-12,-0.507
16,2020-W17,14,USR_001,5,STK_003,-0.0,0.0
16,2020-W17,14,USR_001,6,USR_004,1.7e-11,-0.9944
16,2020-W17,14,USR_001,7,USR_007,1.1e-11,-0.6293
16,2020-W17,14,USR_001,8,STK_001,0.0,-0.0
16,2020-W17,14,USR_001,9,USR_008,-2e-11,0.5088
16,2020-W17,14,USR_001,10,USR_006,-4.5e-11,0.9427
16,2020-W17,14,USR_001,11,STK_002,0.0,-0.0
16,2020-W17,14,USR_001,12,USR_002,1.5e-11,-0.9921
16,2020-W17,14,USR_001,13,USR_010,-3.7e-11,0.8789
16,2020-W17,14,USR_001,14,USR_001,2.1e-11,1.0
17,2020-W18,0,STK_004,0,STK_004,0.0,1.0
17,2020-W18,0,STK_004,1,USR_003,0.0,-0.0
17,2020-W18,0,STK_004,2,USR_009,0.0,-0.0
17,2020-W18,0,STK_004,3,STK_005,0.0,-0.0
17,2020-W18,0,STK_004,4,USR_005,0.0,-0.0
17,2020-W18,0,STK_004,5,STK_003,0.0,-0.0
17,2020-W18,0,STK_004,6,USR_004,0.0,-0.0
17,2020-W18,0,STK_004,7,USR_007,0.0,-0.0
17,2020-W18,0,STK_004,8,STK_001,0.0,-0.0
17,2020-W18,0,STK_004,9,USR_008,0.0,-0.0
17,2020-W18,0,STK_004,10,USR_006,0.0,-0.0
17,2020-W18,0,STK_004,11,STK_002,0.0,-0.0
17,2020-W18,0,STK_004,12,USR_002,0.0,-0.0
17,2020-W18,0,STK_004,13,USR_010,0.0,-0.0
17,2020-W18,0,STK_004,14,USR_001,0.0,-0.0
17,2020-W18,1,USR_003,0,STK_004,0.0,-0.0
17,2020-W18,1,USR_003,1,USR_003,9e-12,1.0
17,2020-W18,1,USR_003,2,USR_009,8e-12,-0.9154
17,2020-W18,1,USR_003,3,STK_005,0.0,-0.0
17,2020-W18,1,USR_003,4,USR_005,1e-12,-0.3272
17,2020-W18,1,USR_003,5,STK_003,-0.0,0.0
17,2020-W18,1,USR_003,6,USR_004,9e-12,-0.9965
17,2020-W18,1,USR_003,7,USR_007,5e-12,-0.4661
17,2020-W18,1,USR_003,8,STK_001,0.0,-0.0
17,2020-W18,1,USR_003,9,USR_008,2e-12,-0.1193
17,2020-W18,1,USR_003,10,USR_006,-2.3e-11,0.938
17,2020-W18,1,USR_003,11,STK_002,0.0,-0.0
17,2020-W18,1,USR_003,12,USR_002,8e-12,-0.9941
17,2020-W18,1,USR_003,13,USR_010,-2e-11,0.8716
17,2020-W18,1,USR_003,14,USR_001,0.0,-0.0
17,2020-W18,2,USR_009,0,STK_004,0.0,-0.0
17,2020-W18,2,USR_009,1,USR_003,8e-12,-0.9154
17,2020-W18,2,USR_009,2,USR_009,1e-11,1.0
17,2020-W18,2,USR_009,3,STK_005,0.0,-0.0
17,2020-W18,2,USR_009,4,USR_005,2e-12,-0.4389
17,2020-W18,2,USR_009,5,STK_003,-0.0,0.0
17,2020-W18,2,USR_009,6,USR_004,9e-12,-0.9099
17,2020-W18,2,USR_009,7,USR_007,5e-12,-0.4443
17,2020-W18,2,USR_009,8,STK_001,0.0,-0.0
17,2020-W18,2,USR_009,9,USR_008,0.0,-0.0052
17,2020-W18,2,USR_009,10,USR_006,-2.2e-11,0.8444
17,2020-W18,2,USR_009,11,STK_002,0.0,-0.0
17,2020-W18,2,USR_009,12,USR_002,8e-12,-0.9063
17,2020-W18,2,USR_009,13,USR_010,-2e-11,0.831
17,2020-W18,2,USR_009,14,USR_001,0.0,-0.0
17,2020-W18,3,STK_005,0,STK_004,0.0,-0.0
17,2020-W18,3,STK_005,1,USR_003,-0.0,0.0
17,2020-W18,3,STK_005,2,USR_009,-0.0,0.0
17,2020-W18,3,STK_005,3,STK_005,0.0,1.0
17,2020-W18,3,STK_005,4,USR_005,-0.0,0.0
17,2020-W18,3,STK_005,5,STK_003,0.0,-0.0
17,2020-W18,3,STK_005,6,USR_004,-0.0,0.0
17,2020-W18,3,STK_005,7,USR_007,-0.0,0.0
17,2020-W18,3,STK_005,8,STK_001,0.0,-0.0
17,2020-W18,3,STK_005,9,USR_008,-0.0,0.0
17,2020-W18,3,STK_005,10,USR_006,0.0,-0.0
17,2020-W18,3,STK_005,11,STK_002,0.0,-0.0
17,2020-W18,3,STK_005,12,USR_002,-0.0,0.0
17,2020-W18,3,STK_005,13,USR_010,0.0,-0.0
17,2020-W18,3,STK_005,14,USR_001,0.0,-0.0
17,2020-W18,4,USR_005,0,STK_004,0.0,-0.0
17,2020-W18,4,USR_005,1,USR_003,1e-12,-0.3272
17,2020-W18,4,USR_005,2,USR_009,2e-12,-0.4389
17,2020-W18,4,USR_005,3,STK_005,0.0,-0.0
17,2020-W18,4,USR_005,4,USR_005,2e-12,1.0
17,2020-W18,4,USR_005,5,STK_003,-0.0,0.0
17,2020-W18,4,USR_005,6,USR_004,1e-12,-0.2764
17,2020-W18,4,USR_005,7,USR_007,2e-12,-0.3832
17,2020-W18,4,USR_005,8,STK_001,0.0,-0.0
17,2020-W18,4,USR_005,9,USR_008,-2e-12,0.1889
17,2020-W18,4,USR_005,10,USR_006,-3e-12,0.2137
17,2020-W18,4,USR_005,11,STK_002,0.0,-0.0
17,2020-W18,4,USR_005,12,USR_002,1e-12,-0.2703
17,2020-W18,4,USR_005,13,USR_010,-6e-12,0.5044
17,2020-W18,4,USR_005,14,USR_001,0.0,-0.0
17,2020-W18,5,STK_003,0,STK_004,0.0,-0.0
17,2020-W18,5,STK_003,1,USR_003,0.0,-0.0
17,2020-W18,5,STK_003,2,USR_009,0.0,-0.0
17,2020-W18,5,STK_003,3,STK_005,0.0,-0.0
17,2020-W18,5,STK_003,4,USR_005,0.0,-0.0
17,2020-W18,5,STK_003,5,STK_003,-0.0,1.0
17,2020-W18,5,STK_003,6,USR_004,0.0,-0.0
17,2020-W18,5,STK_003,7,USR_007,0.0,-0.0
17,2020-W18,5,STK_003,8,STK_001,0.0,-0.0
17,2020-W18,5,STK_003,9,USR_008,-0.0,0.0
17,2020-W18,5,STK_003,10,USR_006,-0.0,0.0
17,2020-W18,5,STK_003,11,STK_002,0.0,-0.0
17,2020-W18,5,STK_003,12,USR_002,0.0,-0.0
17,2020-W18,5,STK_003,13,USR_010,-0.0,0.0
17,2020-W18,5,STK_003,14,USR_001,0.0,-0.0
17,2020-W18,6,USR_004,0,STK_004,0.0,-0.0
17,2020-W18,6,USR_004,1,USR_003,9e-12,-0.9965
17,2020-W18,6,USR_004,2,USR_009,9e-12,-0.9099
17,2020-W18,6,USR_004,3,STK_005,0.0,-0.0
17,2020-W18,6,USR_004,4,USR_005,1e-12,-0.2764
17,2020-W18,6,USR_004,5,STK_003,-0.0,0.0
17,2020-W18,6,USR_004,6,USR_004,9e-12,1.0
17,2020-W18,6,USR_004,7,USR_007,5e-12,-0.4675
17,2020-W18,6,USR_004,8,STK_001,0.0,-0.0
17,2020-W18,6,USR_004,9,USR_008,3e-12,-0.1375
17,2020-W18,6,USR_004,10,USR_006,-2.4e-11,0.9498
17,2020-W18,6,USR_004,11,STK_002,0.0,-0.0
17,2020-W18,6,USR_004,12,USR_002,9e-12,-0.9978
17,2020-W18,6,USR_004,13,USR_010,-2.1e-11,0.8628
17,2020-W18,6,USR_004,14,USR_001,0.0,-0.0
17,2020-W18,7,USR_007,0,STK_004,0.0,-0.0
17,2020-W18,7,USR_007,1,USR_003,5e-12,-0.4661
17,2020-W18,7,USR_007,2,USR_009,5e-12,-0.4443
17,2020-W18,7,USR_007,3,STK_005,0.0,-0.0
17,2020-W18,7,USR_007,4,USR_005,2e-12,-0.3832
17,2020-W18,7,USR_007,5,STK_003,-0.0,0.0
17,2020-W18,7,USR_007,6,USR_004,5e-12,-0.4675
17,2020-W18,7,USR_007,7,USR_007,1.2e-11,1.0
17,2020-W18,7,USR_007,8,STK_001,0.0,-0.0
17,2020-W18,7,USR_007,9,USR_008,-7e-12,0.3425
17,2020-W18,7,USR_007,10,USR_006,-1.1e-11,0.3935
17,2020-W18,7,USR_007,11,STK_002,0.0,-0.0
17,2020-W18,7,USR_007,12,USR_002,4e-12,-0.4364
17,2020-W18,7,USR_007,13,USR_010,-1.5e-11,0.5379
17,2020-W18,7,USR_007,14,USR_001,0.0,-0.0
17,2020-W18,8,STK_001,0,STK_004,0.0,-0.0
17,2020-W18,8,STK_001,1,USR_003,0.0,-0.0
17,2020-W18,8,STK_001,2,USR_009,0.0,-0.0
17,2020-W18,8,STK_001,3,STK_005,0.0,-0.0
17,2020-W18,8,STK_001,4,USR_005,0.0,-0.0
17,2020-W18,8,STK_001,5,STK_003,-0.0,0.0
17,2020-W18,8,STK_001,6,USR_004,0.0,-0.0
17,2020-W18,8,STK_001,7,USR_007,0.0,-0.0
17,2020-W18,8,STK_001,8,STK_001,0.0,1.0
17,2020-W18,8,STK_001,9,USR_008,0.0,-0.0
17,2020-W18,8,STK_001,10,USR_006,-0.0,0.0
17,2020-W18,8,STK_001,11,STK_002,0.0,-0.0
17,2020-W18,8,STK_001,12,USR_002,0.0,-0.0
17,2020-W18,8,STK_001,13,USR_010,-0.0,0.0
17,2020-W18,8,STK_001,14,USR_001,0.0,-0.0
17,2020-W18,9,USR_008,0,STK_004,0.0,-0.0
17,2020-W18,9,USR_008,1,USR_003,2e-12,-0.1193
17,2020-W18,9,USR_008,2,USR_009,0.0,-0.0052
17,2020-W18,9,USR_008,3,STK_005,0.0,-0.0
17,2020-W18,9,USR_008,4,USR_005,-2e-12,0.1889
17,2020-W18,9,USR_008,5,STK_003,-0.0,0.0
17,2020-W18,9,USR_008,6,USR_004,3e-12,-0.1375
17,2020-W18,9,USR_008,7,USR_007,-7e-12,0.3425
17,2020-W18,9,USR_008,8,STK_001,0.0,-0.0
17,2020-W18,9,USR_008,9,USR_008,3.6e-11,1.0
17,2020-W18,9,USR_008,10,USR_006,-1.8e-11,0.3744
17,2020-W18,9,USR_008,11,STK_002,0.0,-0.0
17,2020-W18,9,USR_008,12,USR_002,2e-12,-0.143
17,2020-W18,9,USR_008,13,USR_010,-1.6e-11,0.3335
17,2020-W18,9,USR_008,14,USR_001,0.0,-0.0
17,2020-W18,10,USR_006,0,STK_004,0.0,-0.0
17,2020-W18,10,USR_006,1,USR_003,-2.3e-11,0.938
17,2020-W18,10,USR_006,2,USR_009,-2.2e-11,0.8444
17,2020-W18,10,USR_006,3,STK_005,0.0,-0.0
17,2020-W18,10,USR_006,4,USR_005,-3e-12,0.2137
17,2020-W18,10,USR_006,5,STK_003,0.0,-0.0
17,2020-W18,10,USR_006,6,USR_004,-2.4e-11,0.9498
17,2020-W18,10,USR_006,7,USR_007,-1.1e-11,0.3935
17,2020-W18,10,USR_006,8,STK_001,0.0,-0.0
17,2020-W18,10,USR_006,9,USR_008,-1.8e-11,0.3744
17,2020-W18,10,USR_006,10,USR_006,6.8e-11,1.0
17,2020-W18,10,USR_006,11,STK_002,0.0,-0.0
17,2020-W18,10,USR_006,12,USR_002,-2.2e-11,0.945
17,2020-W18,10,USR_006,13,USR_010,5.5e-11,-0.8583
17,2020-W18,10,USR_006,14,USR_001,0.0,-0.0
17,2020-W18,11,STK_002,0,STK_004,0.0,-0.0
17,2020-W18,11,STK_002,1,USR_003,0.0,-0.0
17,2020-W18,11,STK_002,2,USR_009,0.0,-0.0
17,2020-W18,11,STK_002,3,STK_005,0.0,-0.0
17,2020-W18,11,STK_002,4,USR_005,0.0,-0.0
17,2020-W18,11,STK_002,5,STK_003,0.0,-0.0
17,2020-W18,11,STK_002,6,USR_004,0.0,-0.0
17,2020-W18,11,STK_002,7,USR_007,0.0,-0.0
17,2020-W18,11,STK_002,8,STK_001,0.0,-0.0
17,2020-W18,11,STK_002,9,USR_008,0.0,-0.0
17,2020-W18,11,STK_002,10,USR_006,0.0,-0.0
17,2020-W18,11,STK_002,11,STK_002,0.0,1.0
17,2020-W18,11,STK_002,12,USR_002,0.0,-0.0
17,2020-W18,11,STK_002,13,USR_010,0.0,-0.0
17,2020-W18,11,STK_002,14,USR_001,0.0,-0.0
17,2020-W18,12,USR_002,0,STK_004,0.0,-0.0
17,2020-W18,12,USR_002,1,USR_003,8e-12,-0.9941
17,2020-W18,12,USR_002,2,USR_009,8e-12,-0.9063
17,2020-W18,12,USR_002,3,STK_005,0.0,-0.0
17,2020-W18,12,USR_002,4,USR_005,1e-12,-0.2703
17,2020-W18,12,USR_002,5,STK_003,-0.0,0.0
17,2020-W18,12,USR_002,6,USR_004,9e-12,-0.9978
17,2020-W18,12,USR_002,7,USR_007,4e-12,-0.4364
17,2020-W18,12,USR_002,8,STK_001,0.0,-0.0
17,2020-W18,12,USR_002,9,USR_008,2e-12,-0.143
17,2020-W18,12,USR_002,10,USR_006,-2.2e-11,0.945
17,2020-W18,12,USR_002,11,STK_002,0.0,-0.0
17,2020-W18,12,USR_002,12,USR_002,8e-12,1.0
17,2020-W18,12,USR_002,13,USR_010,-1.9e-11,0.8547
17,2020-W18,12,USR_002,14,USR_001,0.0,-0.0
17,2020-W18,13,USR_010,0,STK_004,0.0,-0.0
17,2020-W18,13,USR_010,1,USR_003,-2e-11,0.8716
17,2020-W18,13,USR_010,2,USR_009,-2e-11,0.831
17,2020-W18,13,USR_010,3,STK_005,0.0,-0.0
17,2020-W18,13,USR_010,4,USR_005,-6e-12,0.5044
17,2020-W18,13,USR_010,5,STK_003,0.0,-0.0
17,2020-W18,13,USR_010,6,USR_004,-2.1e-11,0.8628
17,2020-W18,13,USR_010,7,USR_007,-1.5e-11,0.5379
17,2020-W18,13,USR_010,8,STK_001,0.0,-0.0
17,2020-W18,13,USR_010,9,USR_008,-1.6e-11,0.3335
17,2020-W18,13,USR_010,10,USR_006,5.5e-11,-0.8583
17,2020-W18,13,USR_010,11,STK_002,0.0,-0.0
17,2020-W18,13,USR_010,12,USR_002,-1.9e-11,0.8547
17,2020-W18,13,USR_010,13,USR_010,6.1e-11,1.0
17,2020-W18,13,USR_010,14,USR_001,0.0,-0.0
17,2020-W18,14,USR_001,0,STK_004,0.0,-0.0
17,2020-W18,14,USR_001,1,USR_003,0.0,-0.0
17,2020-W18,14,USR_001,2,USR_009,0.0,-0.0
17,2020-W18,14,USR_001,3,STK_005,0.0,-0.0
17,2020-W18,14,USR_001,4,USR_005,0.0,-0.0
17,2020-W18,14,USR_001,5,STK_003,0.0,-0.0
17,2020-W18,14,USR_001,6,USR_004,0.0,-0.0
17,2020-W18,14,USR_001,7,USR_007,0.0,-0.0
17,2020-W18,14,USR_001,8,STK_001,0.0,-0.0
17,2020-W18,14,USR_001,9,USR_008,0.0,-0.0
17,2020-W18,14,USR_001,10,USR_006,0.0,-0.0
17,2020-W18,14,USR_001,11,STK_002,0.0,-0.0
17,2020-W18,14,USR_001,12,USR_002,0.0,-0.0
17,2020-W18,14,USR_001,13,USR_010,0.0,-0.0
17,2020-W18,14,USR_001,14,USR_001,0.0,1.0
18,2020-W19,0,STK_004,0,STK_004,0.0,1.0
18,2020-W19,0,STK_004,1,USR_003,0.0,-0.0
18,2020-W19,0,STK_004,2,USR_009,0.0,-0.0
18,2020-W19,0,STK_004,3,STK_005,0.0,-0.0
18,2020-W19,0,STK_004,4,USR_005,0.0,-0.0
18,2020-W19,0,STK_004,5,STK_003,0.0,-0.0
18,2020-W19,0,STK_004,6,USR_004,0.0,-0.0
18,2020-W19,0,STK_004,7,USR_007,0.0,-0.0
18,2020-W19,0,STK_004,8,STK_001,0.0,-0.0
18,2020-W19,0,STK_004,9,USR_008,0.0,-0.0
18,2020-W19,0,STK_004,10,USR_006,0.0,-0.0
18,2020-W19,0,STK_004,11,STK_002,0.0,-0.0
18,2020-W19,0,STK_004,12,USR_002,0.0,-0.0
18,2020-W19,0,STK_004,13,USR_010,0.0,-0.0
18,2020-W19,0,STK_004,14,USR_001,0.0,-0.0
18,2020-W19,1,USR_003,0,STK_004,0.0,-0.0
18,2020-W19,1,USR_003,1,USR_003,6e-12,1.0
18,2020-W19,1,USR_003,2,USR_009,6e-12,-0.8374
18,2020-W19,1,USR_003,3,STK_005,0.0,-0.0
18,2020-W19,1,USR_003,4,USR_005,1e-12,-0.2983
18,2020-W19,1,USR_003,5,STK_003,-0.0,0.5061
18,2020-W19,1,USR_003,6,USR_004,6e-12,-0.9942
18,2020-W19,1,USR_003,7,USR_007,5e-12,-0.511
18,2020-W19,1,USR_003,8,STK_001,0.0,-0.0
18,2020-W19,1,USR_003,9,USR_008,2e-12,-0.1079
18,2020-W19,1,USR_003,10,USR_006,-1.5e-11,0.7806
18,2020-W19,1,USR_003,11,STK_002,0.0,-0.0
18,2020-W19,1,USR_003,12,USR_002,6e-12,-0.9913
18,2020-W19,1,USR_003,13,USR_010,-1.6e-11,0.8409
18,2020-W19,1,USR_003,14,USR_001,0.0,-0.0
18,2020-W19,2,USR_009,0,STK_004,0.0,-0.0
18,2020-W19,2,USR_009,1,USR_003,6e-12,-0.8374
18,2020-W19,2,USR_009,2,USR_009,8e-12,1.0
18,2020-W19,2,USR_009,3,STK_005,0.0,-0.0
18,2020-W19,2,USR_009,4,USR_005,3e-12,-0.5684
18,2020-W19,2,USR_009,5,STK_003,-0.0,0.289
18,2020-W19,2,USR_009,6,USR_004,6e-12,-0.8167
18,2020-W19,2,USR_009,7,USR_007,6e-12,-0.5567
18,2020-W19,2,USR_009,8,STK_001,0.0,-0.0
18,2020-W19,2,USR_009,9,USR_008,-5e-12,0.2105
18,2020-W19,2,USR_009,10,USR_006,-1.1e-11,0.4642
18,2020-W19,2,USR_009,11,STK_002,0.0,-0.0
18,2020-W19,2,USR_009,12,USR_002,6e-12,-0.8208
18,2020-W19,2,USR_009,13,USR_010,-2e-11,0.8468
18,2020-W19,2,USR_009,14,USR_001,0.0,-0.0
18,2020-W19,3,STK_005,0,STK_004,0.0,-0.0
18,2020-W19,3,STK_005,1,USR_003,0.0,-0.0
18,2020-W19,3,STK_005,2,USR_009,0.0,-0.0
18,2020-W19,3,STK_005,3,STK_005,0.0,1.0
18,2020-W19,3,STK_005,4,USR_005,-0.0,0.0
18,2020-W19,3,STK_005,5,STK_003,-0.0,0.0
18,2020-W19,3,STK_005,6,USR_004,0.0,-0.0
18,2020-W19,3,STK_005,7,USR_007,0.0,-0.0
18,2020-W19,3,STK_005,8,STK_001,0.0,-0.0
18,2020-W19,3,STK_005,9,USR_008,0.0,-0.0
18,2020-W19,3,STK_005,10,USR_006,-0.0,0.0
18,2020-W19,3,STK_005,11,STK_002,0.0,-0.0
18,2020-W19,3,STK_005,12,USR_002,0.0,-0.0
18,2020-W19,3,STK_005,13,USR_010,-0.0,0.0
18,2020-W19,3,STK_005,14,USR_001,0.0,-0.0
18,2020-W19,4,USR_005,0,STK_004,0.0,-0.0
18,2020-W19,4,USR_005,1,USR_003,1e-12,-0.2983
18,2020-W19,4,USR_005,2,USR_009,3e-12,-0.5684
18,2020-W19,4,USR_005,3,STK_005,0.0,-0.0
18,2020-W19,4,USR_005,4,USR_005,4e-12,1.0
18,2020-W19,4,USR_005,5,STK_003,0.0,-0.0802
18,2020-W19,4,USR_005,6,USR_004,1e-12,-0.2257
18,2020-W19,4,USR_005,7,USR_007,4e-12,-0.5041
18,2020-W19,4,USR_005,8,STK_001,0.0,-0.0
18,2020-W19,4,USR_005,9,USR_008,-8e-12,0.4995
18,2020-W19,4,USR_005,10,USR_006,2e-12,-0.1559
18,2020-W19,4,USR_005,11,STK_002,0.0,-0.0
18,2020-W19,4,USR_005,12,USR_002,1e-12,-0.2354
18,2020-W19,4,USR_005,13,USR_010,-9e-12,0.5979
18,2020-W19,4,USR_005,14,USR_001,0.0,-0.0
18,2020-W19,5,STK_003,0,STK_004,0.0,-0.0
18,2020-W19,5,STK_003,1,USR_003,-0.0,0.8121
18,2020-W19,5,STK_003,2,USR_009,-0.0,0.5142
18,2020-W19,5,STK_003,3,STK_005,0.0,-0.0
18,2020-W19,5,STK_003,4,USR_005,0.0,-0.0436
18,2020-W19,5,STK_003,5,STK_003,0.0,1.0
18,2020-W19,5,STK_003,6,USR_004,-0.0,0.8337
18,2020-W19,5,STK_003,7,USR_007,-0.0,0.0071
18,2020-W19,5,STK_003,8,STK_001,0.0,-0.0
18,2020-W19,5,STK_003,9,USR_008,-0.0,0.8977
18,2020-W19,5,STK_003,10,USR_006,0.0,-1.0
18,2020-W19,5,STK_003,11,STK_002,0.0,-0.0
18,2020-W19,5,STK_003,12,USR_002,-0.0,0.8279
18,2020-W19,5,STK_003,13,USR_010,0.0,-0.7561
18,2020-W19,5,STK_003,14,USR_001,0.0,-0.0
18,2020-W19,6,USR_004,0,STK_004,0.0,-0.0
18,2020-W19,6,USR_004,1,USR_003,6e-12,-0.9942
18,2020-W19,6,USR_004,2,USR_009,6e-12,-0.8167
18,2020-W19,6,USR_004,3,STK_005,0.0,-0.0
18,2020-W19,6,USR_004,4,USR_005,1e-12,-0.2257
18,2020-W19,6,USR_004,5,STK_003,-0.0,0.5225
18,2020-W19,6,USR_004,6,USR_004,7e-12,1.0
18,2020-W19,6,USR_004,7,USR_007,5e-12,-0.4971
18,2020-W19,6,USR_004,8,STK_001,0.0,-0.0
18,2020-W19,6,USR_004,9,USR_008,3e-12,-0.1487
18,2020-W19,6,USR_004,10,USR_006,-1.7e-11,0.8143
18,2020-W19,6,USR_004,11,STK_002,0.0,-0.0
18,2020-W19,6,USR_004,12,USR_002,6e-12,-0.9966
18,2020-W19,6,USR_004,13,USR_010,-1.7e-11,0.8155
18,2020-W19,6,USR_004,14,USR_001,0.0,-0.0
18,2020-W19,7,USR_007,0,STK_004,0.0,-0.0
18,2020-W19,7,USR_007,1,USR_003,5e-12,-0.511
18,2020-W19,7,USR_007,2,USR_009,6e-12,-0.5567
18,2020-W19,7,USR_007,3,STK_005,0.0,-0.0
18,2020-W19,7,USR_007,4,USR_005,4e-12,-0.5041
18,2020-W19,7,USR_007,5,STK_003,0.0,-0.1018
18,2020-W19,7,USR_007,6,USR_004,5e-12,-0.4971
18,2020-W19,7,USR_007,7,USR_007,1.4e-11,1.0
18,2020-W19,7,USR_007,8,STK_001,0.0,-0.0
18,2020-W19,7,USR_007,9,USR_008,-1.3e-11,0.476
18,2020-W19,7,USR_007,10,USR_006,-5e-12,0.1741
18,2020-W19,7,USR_007,11,STK_002,0.0,-0.0
18,2020-W19,7,USR_007,12,USR_002,4e-12,-0.4733
18,2020-W19,7,USR_007,13,USR_010,-1.8e-11,0.6111
18,2020-W19,7,USR_007,14,USR_001,0.0,-0.0
18,2020-W19,8,STK_001,0,STK_004,0.0,-0.0
18,2020-W19,8,STK_001,1,USR_003,-0.0,0.0
18,2020-W19,8,STK_001,2,USR_009,-0.0,0.0
18,2020-W19,8,STK_001,3,STK_005,0.0,-0.0
18,2020-W19,8,STK_001,4,USR_005,0.0,-0.0
18,2020-W19,8,STK_001,5,STK_003,0.0,-0.0
18,2020-W19,8,STK_001,6,USR_004,-0.0,0.0
18,2020-W19,8,STK_001,7,USR_007,0.0,-0.0
18,2020-W19,8,STK_001,8,STK_001,0.0,1.0
18,2020-W19,8,STK_001,9,USR_008,-0.0,0.0
18,2020-W19,8,STK_001,10,USR_006,0.0,-0.0
18,2020-W19,8,STK_001,11,STK_002,0.0,-0.0
18,2020-W19,8,STK_001,12,USR_002,-0.0,0.0
18,2020-W19,8,STK_001,13,USR_010,0.0,-0.0
18,2020-W19,8,STK_001,14,USR_001,0.0,-0.0
18,2020-W19,9,USR_008,0,STK_004,0.0,-0.0
18,2020-W19,9,USR_008,1,USR_003,2e-12,-0.1079
18,2020-W19,9,USR_008,2,USR_009,-5e-12,0.2105
18,2020-W19,9,USR_008,3,STK_005,0.0,-0.0
18,2020-W19,9,USR_008,4,USR_005,-8e-12,0.4995
18,2020-W19,9,USR_008,5,STK_003,-0.0,0.7153
18,2020-W19,9,USR_008,6,USR_004,3e-12,-0.1487
18,2020-W19,9,USR_008,7,USR_007,-1.3e-11,0.476
18,2020-W19,9,USR_008,8,STK_001,0.0,-0.0
18,2020-W19,9,USR_008,9,USR_008,5.8e-11,1.0
18,2020-W19,9,USR_008,10,USR_006,-3.8e-11,0.6162
18,2020-W19,9,USR_008,11,STK_002,0.0,-0.0
18,2020-W19,9,USR_008,12,USR_002,3e-12,-0.1396
18,2020-W19,9,USR_008,13,USR_010,-2e-12,0.0335
18,2020-W19,9,USR_008,14,USR_001,0.0,-0.0
18,2020-W19,10,USR_006,0,STK_004,0.0,-0.0
18,2020-W19,10,USR_006,1,USR_003,-1.5e-11,0.7806
18,2020-W19,10,USR_006,2,USR_009,-1.1e-11,0.4642
18,2020-W19,10,USR_006,3,STK_005,0.0,-0.0
18,2020-W19,10,USR_006,4,USR_005,2e-12,-0.1559
18,2020-W19,10,USR_006,5,STK_003,0.0,-0.702
18,2020-W19,10,USR_006,6,USR_004,-1.7e-11,0.8143
18,2020-W19,10,USR_006,7,USR_007,-5e-12,0.1741
18,2020-W19,10,USR_006,8,STK_001,0.0,-0.0
18,2020-W19,10,USR_006,9,USR_008,-3.8e-11,0.6162
18,2020-W19,10,USR_006,10,USR_006,6.6e-11,1.0
18,2020-W19,10,USR_006,11,STK_002,0.0,-0.0
18,2020-W19,10,USR_006,12,USR_002,-1.5e-11,0.7967
18,2020-W19,10,USR_006,13,USR_010,3.4e-11,-0.5197
18,2020-W19,10,USR_006,14,USR_001,0.0,-0.0
18,2020-W19,11,STK_002,0,STK_004,0.0,-0.0
18,2020-W19,11,STK_002,1,USR_003,0.0,-0.0
18,2020-W19,11,STK_002,2,USR_009,0.0,-0.0
18,2020-W19,11,STK_002,3,STK_005,0.0,-0.0
18,2020-W19,11,STK_002,4,USR_005,0.0,-0.0
18,2020-W19,11,STK_002,5,STK_003,0.0,-0.0
18,2020-W19,11,STK_002,6,USR_004,0.0,-0.0
18,2020-W19,11,STK_002,7,USR_007,0.0,-0.0
18,2020-W19,11,STK_002,8,STK_001,0.0,-0.0
18,2020-W19,11,STK_002,9,USR_008,0.0,-0.0
18,2020-W19,11,STK_002,10,USR_006,0.0,-0.0
18,2020-W19,11,STK_002,11,STK_002,0.0,1.0
18,2020-W19,11,STK_002,12,USR_002,0.0,-0.0
18,2020-W19,11,STK_002,13,USR_010,0.0,-0.0
18,2020-W19,11,STK_002,14,USR_001,0.0,-0.0
18,2020-W19,12,USR_002,0,STK_004,0.0,-0.0
18,2020-W19,12,USR_002,1,USR_003,6e-12,-0.9913
18,2020-W19,12,USR_002,2,USR_009,6e-12,-0.8208
18,2020-W19,12,USR_002,3,STK_005,0.0,-0.0
18,2020-W19,12,USR_002,4,USR_005,1e-12,-0.2354
18,2020-W19,12,USR_002,5,STK_003,-0.0,0.5205
18,2020-W19,12,USR_002,6,USR_004,6e-12,-0.9966
18,2020-W19,12,USR_002,7,USR_007,4e-12,-0.4733
18,2020-W19,12,USR_002,8,STK_001,0.0,-0.0
18,2020-W19,12,USR_002,9,USR_008,3e-12,-0.1396
18,2020-W19,12,USR_002,10,USR_006,-1.5e-11,0.7967
18,2020-W19,12,USR_002,11,STK_002,0.0,-0.0
18,2020-W19,12,USR_002,12,USR_002,6e-12,1.0
18,2020-W19,12,USR_002,13,USR_010,-1.6e-11,0.8168
18,2020-W19,12,USR_002,14,USR_001,0.0,-0.0
18,2020-W19,13,USR_010,0,STK_004,0.0,-0.0
18,2020-W19,13,USR_010,1,USR_003,-1.6e-11,0.8409
18,2020-W19,13,USR_010,2,USR_009,-2e-11,0.8468
18,2020-W19,13,USR_010,3,STK_005,0.0,-0.0
18,2020-W19,13,USR_010,4,USR_005,-9e-12,0.5979
18,2020-W19,13,USR_010,5,STK_003,0.0,-0.4851
18,2020-W19,13,USR_010,6,USR_004,-1.7e-11,0.8155
18,2020-W19,13,USR_010,7,USR_007,-1.8e-11,0.6111
18,2020-W19,13,USR_010,8,STK_001,0.0,-0.0
18,2020-W19,13,USR_010,9,USR_008,-2e-12,0.0335
18,2020-W19,13,USR_010,10,USR_006,3.4e-11,-0.5197
18,2020-W19,13,USR_010,11,STK_002,0.0,-0.0
18,2020-W19,13,USR_010,12,USR_002,-1.6e-11,0.8168
18,2020-W19,13,USR_010,13,USR_010,6.4e-11,1.0
18,2020-W19,13,USR_010,14,USR_001,0.0,-0.0
18,2020-W19,14,USR_001,0,STK_004,0.0,-0.0
18,2020-W19,14,USR_001,1,USR_003,0.0,-0.0
18,2020-W19,14,USR_001,2,USR_009,0.0,-0.0
18,2020-W19,14,USR_001,3,STK_005,0.0,-0.0
18,2020-W19,14,USR_001,4,USR_005,0.0,-0.0
18,2020-W19,14,USR_001,5,STK_003,0.0,-0.0
18,2020-W19,14,USR_001,6,USR_004,0.0,-0.0
18,2020-W19,14,USR_001,7,USR_007,0.0,-0.0
18,2020-W19,14,USR_001,8,STK_001,0.0,-0.0
18,2020-W19,14,USR_001,9,USR_008,0.0,-0.0
18,2020-W19,14,USR_001,10,USR_006,0.0,-0.0
18,2020-W19,14,USR_001,11,STK_002,0.0,-0.0
18,2020-W19,14,USR_001,12,USR_002,0.0,-0.0
18,2020-W19,14,USR_001,13,USR_010,0.0,-0.0
18,2020-W19,14,USR_001,14,USR_001,0.0,1.0
19,2020-W20,0,STK_004,0,STK_004,0.0,1.0
19,2020-W20,0,STK_004,1,USR_003,0.0,-0.0
19,2020-W20,0,STK_004,2,USR_009,0.0,-0.0
19,2020-W20,0,STK_004,3,STK_005,0.0,-0.0
19,2020-W20,0,STK_004,4,USR_005,0.0,-0.0
19,2020-W20,0,STK_004,5,STK_003,0.0,-0.0
19,2020-W20,0,STK_004,6,USR_004,0.0,-0.0
19,2020-W20,0,STK_004,7,USR_007,0.0,-0.0
19,2020-W20,0,STK_004,8,STK_001,0.0,-0.0
19,2020-W20,0,STK_004,9,USR_008,0.0,-0.0
19,2020-W20,0,STK_004,10,USR_006,0.0,-0.0
19,2020-W20,0,STK_004,11,STK_002,0.0,-0.0
19,2020-W20,0,STK_004,12,USR_002,0.0,-0.0
19,2020-W20,0,STK_004,13,USR_010,0.0,-0.0
19,2020-W20,0,STK_004,14,USR_001,0.0,-0.0
19,2020-W20,1,USR_003,0,STK_004,0.0,-0.0
19,2020-W20,1,USR_003,1,USR_003,1.1e-11,1.0
19,2020-W20,1,USR_003,2,USR_009,1e-11,-0.8848
19,2020-W20,1,USR_003,3,STK_005,0.0,-0.0
19,2020-W20,1,USR_003,4,USR_005,4e-12,-0.5669
19,2020-W20,1,USR_003,5,STK_003,-0.0,1.0
19,2020-W20,1,USR_003,6,USR_004,1.2e-11,-0.9967
19,2020-W20,1,USR_003,7,USR_007,1.2e-11,-0.7729
19,2020-W20,1,USR_003,8,STK_001,0.0,-0.0
19,2020-W20,1,USR_003,9,USR_008,-2e-12,0.0977
19,2020-W20,1,USR_003,10,USR_006,-2.1e-11,0.7431
19,2020-W20,1,USR_003,11,STK_002,0.0,-0.0
19,2020-W20,1,USR_003,12,USR_002,1.1e-11,-0.9955
19,2020-W20,1,USR_003,13,USR_010,-3.7e-11,0.9239
19,2020-W20,1,USR_003,14,USR_001,0.0,-0.0
19,2020-W20,2,USR_009,0,STK_004,0.0,-0.0
19,2020-W20,2,USR_009,1,USR_003,1e-11,-0.8848
19,2020-W20,2,USR_009,2,USR_009,1.1e-11,1.0
19,2020-W20,2,USR_009,3,STK_005,0.0,-0.0
19,2020-W20,2,USR_009,4,USR_005,5e-12,-0.6876
19,2020-W20,2,USR_009,5,STK_003,-0.0,1.0
19,2020-W20,2,USR_009,6,USR_004,1e-11,-0.8748
19,2020-W20,2,USR_009,7,USR_007,1.1e-11,-0.7102
19,2020-W20,2,USR_009,8,STK_001,0.0,-0.0
19,2020-W20,2,USR_009,9,USR_008,-7e-12,0.2814
19,2020-W20,2,USR_009,10,USR_006,-1.6e-11,0.5541
19,2020-W20,2,USR_009,11,STK_002,0.0,-0.0
19,2020-W20,2,USR_009,12,USR_002,1e-11,-0.8773
19,2020-W20,2,USR_009,13,USR_010,-3.5e-11,0.8734
19,2020-W20,2,USR_009,14,USR_001,0.0,-0.0
19,2020-W20,3,STK_005,0,STK_004,0.0,-0.0
19,2020-W20,3,STK_005,1,USR_003,0.0,-0.0
19,2020-W20,3,STK_005,2,USR_009,0.0,-0.0
19,2020-W20,3,STK_005,3,STK_005,0.0,1.0
19,2020-W20,3,STK_005,4,USR_005,0.0,-0.0
19,2020-W20,3,STK_005,5,STK_003,-0.0,0.0
19,2020-W20,3,STK_005,6,USR_004,0.0,-0.0
19,2020-W20,3,STK_005,7,USR_007,0.0,-0.0
19,2020-W20,3,STK_005,8,STK_001,0.0,-0.0
19,2020-W20,3,STK_005,9,USR_008,-0.0,0.0
19,2020-W20,3,STK_005,10,USR_006,-0.0,0.0
19,2020-W20,3,STK_005,11,STK_002,0.0,-0.0
19,2020-W20,3,STK_005,12,USR_002,0.0,-0.0
19,2020-W20,3,STK_005,13,USR_010,-0.0,0.0
19,2020-W20,3,STK_005,14,USR_001,0.0,-0.0
19,2020-W20,4,USR_005,0,STK_004,0.0,-0.0
19,2020-W20,4,USR_005,1,USR_003,4e-12,-0.5669
19,2020-W20,4,USR_005,2,USR_009,5e-12,-0.6876
19,2020-W20,4,USR_005,3,STK_005,0.0,-0.0
19,2020-W20,4,USR_005,4,USR_005,5e-12,1.0
19,2020-W20,4,USR_005,5,STK_003,-0.0,1.0
19,2020-W20,4,USR_005,6,USR_004,4e-12,-0.5175
19,2020-W20,4,USR_005,7,USR_007,7e-12,-0.6514
19,2020-W20,4,USR_005,8,STK_001,0.0,-0.0
19,2020-W20,4,USR_005,9,USR_008,-8e-12,0.5054
19,2020-W20,4,USR_005,10,USR_006,-1e-12,0.0601
19,2020-W20,4,USR_005,11,STK_002,0.0,-0.0
19,2020-W20,4,USR_005,12,USR_002,4e-12,-0.5286
19,2020-W20,4,USR_005,13,USR_010,-2e-11,0.7384
19,2020-W20,4,USR_005,14,USR_001,0.0,-0.0
19,2020-W20,5,STK_003,0,STK_004,0.0,-0.0
19,2020-W20,5,STK_003,1,USR_003,-0.0,0.5624
19,2020-W20,5,STK_003,2,USR_009,-0.0,0.5265
19,2020-W20,5,STK_003,3,STK_005,0.0,-0.0
19,2020-W20,5,STK_003,4,USR_005,-0.0,0.4324
19,2020-W20,5,STK_003,5,STK_003,0.0,1.0
19,2020-W20,5,STK_003,6,USR_004,-0.0,0.554
19,2020-W20,5,STK_003,7,USR_007,-0.0,0.4561
19,2020-W20,5,STK_003,8,STK_001,0.0,-0.0
19,2020-W20,5,STK_003,9,USR_008,0.0,-0.0149
19,2020-W20,5,STK_003,10,USR_006,0.0,-0.3699
19,2020-W20,5,STK_003,11,STK_002,0.0,-0.0
19,2020-W20,5,STK_003,12,USR_002,-0.0,0.5566
19,2020-W20,5,STK_003,13,USR_010,0.0,-0.6131
19,2020-W20,5,STK_003,14,USR_001,0.0,-0.0
19,2020-W20,6,USR_004,0,STK_004,0.0,-0.0
19,2020-W20,6,USR_004,1,USR_003,1.2e-11,-0.9967
19,2020-W20,6,USR_004,2,USR_009,1e-11,-0.8748
19,2020-W20,6,USR_004,3,STK_005,0.0,-0.0
19,2020-W20,6,USR_004,4,USR_005,4e-12,-0.5175
19,2020-W20,6,USR_004,5,STK_003,-0.0,1.0
19,2020-W20,6,USR_004,6,USR_004,1.2e-11,1.0
19,2020-W20,6,USR_004,7,USR_007,1.2e-11,-0.7625
19,2020-W20,6,USR_004,8,STK_001,0.0,-0.0
19,2020-W20,6,USR_004,9,USR_008,-2e-12,0.0636
19,2020-W20,6,USR_004,10,USR_006,-2.2e-11,0.7729
19,2020-W20,6,USR_004,11,STK_002,0.0,-0.0
19,2020-W20,6,USR_004,12,USR_002,1.1e-11,-0.9981
19,2020-W20,6,USR_004,13,USR_010,-3.8e-11,0.9087
19,2020-W20,6,USR_004,14,USR_001,0.0,-0.0
19,2020-W20,7,USR_007,0,STK_004,0.0,-0.0
19,2020-W20,7,USR_007,1,USR_003,1.2e-11,-0.7729
19,2020-W20,7,USR_007,2,USR_009,1.1e-11,-0.7102
19,2020-W20,7,USR_007,3,STK_005,0.0,-0.0
19,2020-W20,7,USR_007,4,USR_005,7e-12,-0.6514
19,2020-W20,7,USR_007,5,STK_003,-0.0,1.0
19,2020-W20,7,USR_007,6,USR_004,1.2e-11,-0.7625
19,2020-W20,7,USR_007,7,USR_007,2.1e-11,1.0
19,2020-W20,7,USR_007,8,STK_001,0.0,-0.0
19,2020-W20,7,USR_007,9,USR_008,-1.5e-11,0.4444
19,2020-W20,7,USR_007,10,USR_006,-1.5e-11,0.3859
19,2020-W20,7,USR_007,11,STK_002,0.0,-0.0
19,2020-W20,7,USR_007,12,USR_002,1.1e-11,-0.754
19,2020-W20,7,USR_007,13,USR_010,-4.5e-11,0.8146
19,2020-W20,7,USR_007,14,USR_001,0.0,-0.0
19,2020-W20,8,STK_001,0,STK_004,0.0,-0.0
19,2020-W20,8,STK_001,1,USR_003,-0.0,0.0
19,2020-W20,8,STK_001,2,USR_009,0.0,-0.0
19,2020-W20,8,STK_001,3,STK_005,0.0,-0.0
19,2020-W20,8,STK_001,4,USR_005,0.0,-0.0
19,2020-W20,8,STK_001,5,STK_003,-0.0,0.0
19,2020-W20,8,STK_001,6,USR_004,-0.0,0.0
19,2020-W20,8,STK_001,7,USR_007,0.0,-0.0
19,2020-W20,8,STK_001,8,STK_001,0.0,1.0
19,2020-W20,8,STK_001,9,USR_008,-0.0,0.0
19,2020-W20,8,STK_001,10,USR_006,0.0,-0.0
19,2020-W20,8,STK_001,11,STK_002,0.0,-0.0
19,2020-W20,8,STK_001,12,USR_002,-0.0,0.0
19,2020-W20,8,STK_001,13,USR_010,-0.0,0.0
19,2020-W20,8,STK_001,14,USR_001,0.0,-0.0
19,2020-W20,9,USR_008,0,STK_004,0.0,-0.0
19,2020-W20,9,USR_008,1,USR_003,-2e-12,0.0977
19,2020-W20,9,USR_008,2,USR_009,-7e-12,0.2814
19,2020-W20,9,USR_008,3,STK_005,0.0,-0.0
19,2020-W20,9,USR_008,4,USR_005,-8e-12,0.5054
19,2020-W20,9,USR_008,5,STK_003,0.0,-0.1482
19,2020-W20,9,USR_008,6,USR_004,-2e-12,0.0636
19,2020-W20,9,USR_008,7,USR_007,-1.5e-11,0.4444
19,2020-W20,9,USR_008,8,STK_001,0.0,-0.0
19,2020-W20,9,USR_008,9,USR_008,5.4e-11,1.0
19,2020-W20,9,USR_008,10,USR_006,-3e-11,0.4882
19,2020-W20,9,USR_008,11,STK_002,0.0,-0.0
19,2020-W20,9,USR_008,12,USR_002,-2e-12,0.0768
19,2020-W20,9,USR_008,13,USR_010,1.2e-11,-0.138
19,2020-W20,9,USR_008,14,USR_001,0.0,-0.0
19,2020-W20,10,USR_006,0,STK_004,0.0,-0.0
19,2020-W20,10,USR_006,1,USR_003,-2.1e-11,0.7431
19,2020-W20,10,USR_006,2,USR_009,-1.6e-11,0.5541
19,2020-W20,10,USR_006,3,STK_005,0.0,-0.0
19,2020-W20,10,USR_006,4,USR_005,-1e-12,0.0601
19,2020-W20,10,USR_006,5,STK_003,0.0,-1.0
19,2020-W20,10,USR_006,6,USR_004,-2.2e-11,0.7729
19,2020-W20,10,USR_006,7,USR_007,-1.5e-11,0.3859
19,2020-W20,10,USR_006,8,STK_001,0.0,-0.0
19,2020-W20,10,USR_006,9,USR_008,-3e-11,0.4882
19,2020-W20,10,USR_006,10,USR_006,7e-11,1.0
19,2020-W20,10,USR_006,11,STK_002,0.0,-0.0
19,2020-W20,10,USR_006,12,USR_002,-2.1e-11,0.7552
19,2020-W20,10,USR_006,13,USR_010,5.6e-11,-0.5631
19,2020-W20,10,USR_006,14,USR_001,0.0,-0.0
19,2020-W20,11,STK_002,0,STK_004,0.0,-0.0
19,2020-W20,11,STK_002,1,USR_003,0.0,-0.0
19,2020-W20,11,STK_002,2,USR_009,0.0,-0.0
19,2020-W20,11,STK_002,3,STK_005,0.0,-0.0
19,2020-W20,11,STK_002,4,USR_005,0.0,-0.0
19,2020-W20,11,STK_002,5,STK_003,0.0,-0.0
19,2020-W20,11,STK_002,6,USR_004,0.0,-0.0
19,2020-W20,11,STK_002,7,USR_007,0.0,-0.0
19,2020-W20,11,STK_002,8,STK_001,0.0,-0.0
19,2020-W20,11,STK_002,9,USR_008,0.0,-0.0
19,2020-W20,11,STK_002,10,USR_006,0.0,-0.0
19,2020-W20,11,STK_002,11,STK_002,0.0,1.0
19,2020-W20,11,STK_002,12,USR_002,0.0,-0.0
19,2020-W20,11,STK_002,13,USR_010,0.0,-0.0
19,2020-W20,11,STK_002,14,USR_001,0.0,-0.0
19,2020-W20,12,USR_002,0,STK_004,0.0,-0.0
19,2020-W20,12,USR_002,1,USR_003,1.1e-11,-0.9955
19,2020-W20,12,USR_002,2,USR_009,1e-11,-0.8773
19,2020-W20,12,USR_002,3,STK_005,0.0,-0.0
19,2020-W20,12,USR_002,4,USR_005,4e-12,-0.5286
19,2020-W20,12,USR_002,5,STK_003,-0.0,1.0
19,2020-W20,12,USR_002,6,USR_004,1.1e-11,-0.9981
19,2020-W20,12,USR_002,7,USR_007,1.1e-11,-0.754
19,2020-W20,12,USR_002,8,STK_001,0.0,-0.0
19,2020-W20,12,USR_002,9,USR_008,-2e-12,0.0768
19,2020-W20,12,USR_002,10,USR_006,-2.1e-11,0.7552
19,2020-W20,12,USR_002,11,STK_002,0.0,-0.0
19,2020-W20,12,USR_002,12,USR_002,1.1e-11,1.0
19,2020-W20,12,USR_002,13,USR_010,-3.6e-11,0.9121
19,2020-W20,12,USR_002,14,USR_001,0.0,-0.0
19,2020-W20,13,USR_010,0,STK_004,0.0,-0.0
19,2020-W20,13,USR_010,1,USR_003,-3.7e-11,0.9239
19,2020-W20,13,USR_010,2,USR_009,-3.5e-11,0.8734
19,2020-W20,13,USR_010,3,STK_005,0.0,-0.0
19,2020-W20,13,USR_010,4,USR_005,-2e-11,0.7384
19,2020-W20,13,USR_010,5,STK_003,0.0,-1.0
19,2020-W20,13,USR_010,6,USR_004,-3.8e-11,0.9087
19,2020-W20,13,USR_010,7,USR_007,-4.5e-11,0.8146
19,2020-W20,13,USR_010,8,STK_001,0.0,-0.0
19,2020-W20,13,USR_010,9,USR_008,1.2e-11,-0.138
19,2020-W20,13,USR_010,10,USR_006,5.6e-11,-0.5631
19,2020-W20,13,USR_010,11,STK_002,0.0,-0.0
19,2020-W20,13,USR_010,12,USR_002,-3.6e-11,0.9121
19,2020-W20,13,USR_010,13,USR_010,1.43e-10,1.0
19,2020-W20,13,USR_010,14,USR_001,0.0,-0.0
19,2020-W20,14,USR_001,0,STK_004,0.0,-0.0
19,2020-W20,14,USR_001,1,USR_003,0.0,-0.0
19,2020-W20,14,USR_001,2,USR_009,0.0,-0.0
19,2020-W20,14,USR_001,3,STK_005,0.0,-0.0
19,2020-W20,14,USR_001,4,USR_005,0.0,-0.0
19,2020-W20,14,USR_001,5,STK_003,0.0,-0.0
19,2020-W20,14,USR_001,6,USR_004,0.0,-0.0
19,2020-W20,14,USR_001,7,USR_007,0.0,-0.0
19,2020-W20,14,USR_001,8,STK_001,0.0,-0.0
19,2020-W20,14,USR_001,9,USR_008,0.0,-0.0
19,2020-W20,14,USR_001,10,USR_006,0.0,-0.0
19,2020-W20,14,USR_001,11,STK_002,0.0,-0.0
19,2020-W20,14,USR_001,12,USR_002,0.0,-0.0
19,2020-W20,14,USR_001,13,USR_010,0.0,-0.0
19,2020-W20,14,USR_001,14,USR_001,0.0,1.0
20,2020-W21,0,STK_004,0,STK_004,0.0,1.0
20,2020-W21,0,STK_004,1,USR_003,0.0,-0.0
20,2020-W21,0,STK_004,2,USR_009,0.0,-0.0
20,2020-W21,0,STK_004,3,STK_005,0.0,-0.0
20,2020-W21,0,STK_004,4,USR_005,0.0,-0.0
20,2020-W21,0,STK_004,5,STK_003,0.0,-0.0
20,2020-W21,0,STK_004,6,USR_004,0.0,-0.0
20,2020-W21,0,STK_004,7,USR_007,0.0,-0.0
20,2020-W21,0,STK_004,8,STK_001,0.0,-0.0
20,2020-W21,0,STK_004,9,USR_008,0.0,-0.0
20,2020-W21,0,STK_004,10,USR_006,0.0,-0.0
20,2020-W21,0,STK_004,11,STK_002,0.0,-0.0
20,2020-W21,0,STK_004,12,USR_002,0.0,-0.0
20,2020-W21,0,STK_004,13,USR_010,0.0,-0.0
20,2020-W21,0,STK_004,14,USR_001,0.0,-0.0
20,2020-W21,1,USR_003,0,STK_004,0.0,-0.0
20,2020-W21,1,USR_003,1,USR_003,4e-12,1.0
20,2020-W21,1,USR_003,2,USR_009,-3e-12,0.3664
20,2020-W21,1,USR_003,3,STK_005,0.0,-0.0
20,2020-W21,1,USR_003,4,USR_005,-5e-12,0.6645
20,2020-W21,1,USR_003,5,STK_003,0.0,-0.8711
20,2020-W21,1,USR_003,6,USR_004,5e-12,-0.9953
20,2020-W21,1,USR_003,7,USR_007,4e-12,-0.5209
20,2020-W21,1,USR_003,8,STK_001,0.0,-0.0
20,2020-W21,1,USR_003,9,USR_008,5e-12,-0.279
20,2020-W21,1,USR_003,10,USR_006,-1.3e-11,0.7417
20,2020-W21,1,USR_003,11,STK_002,0.0,-0.0
20,2020-W21,1,USR_003,12,USR_002,5e-12,-0.994
20,2020-W21,1,USR_003,13,USR_010,-2e-12,0.2457
20,2020-W21,1,USR_003,14,USR_001,0.0,-0.0
20,2020-W21,2,USR_009,0,STK_004,0.0,-0.0
20,2020-W21,2,USR_009,1,USR_003,-3e-12,0.3664
20,2020-W21,2,USR_009,2,USR_009,1.4e-11,1.0
20,2020-W21,2,USR_009,3,STK_005,0.0,-0.0
20,2020-W21,2,USR_009,4,USR_005,1e-11,-0.811
20,2020-W21,2,USR_009,5,STK_003,-0.0,0.2837
20,2020-W21,2,USR_009,6,USR_004,-3e-12,0.3644
20,2020-W21,2,USR_009,7,USR_007,-4e-12,0.3179
20,2020-W21,2,USR_009,8,STK_001,0.0,-0.0
20,2020-W21,2,USR_009,9,USR_008,-1.7e-11,0.5556
20,2020-W21,2,USR_009,10,USR_006,1.3e-11,-0.4331
20,2020-W21,2,USR_009,11,STK_002,0.0,-0.0
20,2020-W21,2,USR_009,12,USR_002,-3e-12,0.319
20,2020-W21,2,USR_009,13,USR_010,-7e-12,0.445
20,2020-W21,2,USR_009,14,USR_001,0.0,-0.0
20,2020-W21,3,STK_005,0,STK_004,0.0,-0.0
20,2020-W21,3,STK_005,1,USR_003,0.0,-0.0
20,2020-W21,3,STK_005,2,USR_009,-0.0,0.0
20,2020-W21,3,STK_005,3,STK_005,0.0,1.0
20,2020-W21,3,STK_005,4,USR_005,-0.0,0.0
20,2020-W21,3,STK_005,5,STK_003,0.0,-0.0
20,2020-W21,3,STK_005,6,USR_004,0.0,-0.0
20,2020-W21,3,STK_005,7,USR_007,0.0,-0.0
20,2020-W21,3,STK_005,8,STK_001,0.0,-0.0
20,2020-W21,3,STK_005,9,USR_008,0.0,-0.0
20,2020-W21,3,STK_005,10,USR_006,-0.0,0.0
20,2020-W21,3,STK_005,11,STK_002,0.0,-0.0
20,2020-W21,3,STK_005,12,USR_002,0.0,-0.0
20,2020-W21,3,STK_005,13,USR_010,0.0,-0.0
20,2020-W21,3,STK_005,14,USR_001,0.0,-0.0
20,2020-W21,4,USR_005,0,STK_004,0.0,-0.0
20,2020-W21,4,USR_005,1,USR_003,-5e-12,0.6645
20,2020-W21,4,USR_005,2,USR_009,1e-11,-0.811
20,2020-W21,4,USR_005,3,STK_005,0.0,-0.0
20,2020-W21,4,USR_005,4,USR_005,1.1e-11,1.0
20,2020-W21,4,USR_005,5,STK_003,-0.0,0.6006
20,2020-W21,4,USR_005,6,USR_004,-5e-12,0.6855
20,2020-W21,4,USR_005,7,USR_007,-3e-12,0.3132
20,2020-W21,4,USR_005,8,STK_001,0.0,-0.0
20,2020-W21,4,USR_005,9,USR_008,-1.8e-11,0.6682
20,2020-W21,4,USR_005,10,USR_006,2e-11,-0.7549
20,2020-W21,4,USR_005,11,STK_002,0.0,-0.0
20,2020-W21,4,USR_005,12,USR_002,-5e-12,0.6368
20,2020-W21,4,USR_005,13,USR_010,-5e-12,0.3441
20,2020-W21,4,USR_005,14,USR_001,0.0,-0.0
20,2020-W21,5,STK_003,0,STK_004,0.0,-0.0
20,2020-W21,5,STK_003,1,USR_003,0.0,-0.9603
20,2020-W21,5,STK_003,2,USR_009,-0.0,0.3729
20,2020-W21,5,STK_003,3,STK_005,0.0,-0.0
20,2020-W21,5,STK_003,4,USR_005,-0.0,0.7221
20,2020-W21,5,STK_003,5,STK_003,0.0,1.0
20,2020-W21,5,STK_003,6,USR_004,0.0,-0.9839
20,2020-W21,5,STK_003,7,USR_007,0.0,-0.5569
20,2020-W21,5,STK_003,8,STK_001,0.0,-0.0
20,2020-W21,5,STK_003,9,USR_008,0.0,-0.4788
20,2020-W21,5,STK_003,10,USR_006,-0.0,0.9534
20,2020-W21,5,STK_003,11,STK_002,0.0,-0.0
20,2020-W21,5,STK_003,12,USR_002,0.0,-0.9607
20,2020-W21,5,STK_003,13,USR_010,-0.0,0.1622
20,2020-W21,5,STK_003,14,USR_001,0.0,-0.0
20,2020-W21,6,USR_004,0,STK_004,0.0,-0.0
20,2020-W21,6,USR_004,1,USR_003,5e-12,-0.9953
20,2020-W21,6,USR_004,2,USR_009,-3e-12,0.3644
20,2020-W21,6,USR_004,3,STK_005,0.0,-0.0
20,2020-W21,6,USR_004,4,USR_005,-5e-12,0.6855
20,2020-W21,6,USR_004,5,STK_003,0.0,-0.8895
20,2020-W21,6,USR_004,6,USR_004,6e-12,1.0
20,2020-W21,6,USR_004,7,USR_007,4e-12,-0.5183
20,2020-W21,6,USR_004,8,STK_001,0.0,-0.0
20,2020-W21,6,USR_004,9,USR_008,6e-12,-0.3205
20,2020-W21,6,USR_004,10,USR_006,-1.5e-11,0.7755
20,2020-W21,6,USR_004,11,STK_002,0.0,-0.0
20,2020-W21,6,USR_004,12,USR_002,5e-12,-0.9953
20,2020-W21,6,USR_004,13,USR_010,-2e-12,0.2456
20,2020-W21,6,USR_004,14,USR_001,0.0,-0.0
20,2020-W21,7,USR_007,0,STK_004,0.0,-0.0
20,2020-W21,7,USR_007,1,USR_003,4e-12,-0.5209
20,2020-W21,7,USR_007,2,USR_009,-4e-12,0.3179
20,2020-W21,7,USR_007,3,STK_005,0.0,-0.0
20,2020-W21,7,USR_007,4,USR_005,-3e-12,0.3132
20,2020-W21,7,USR_007,5,STK_003,0.0,-0.5485
20,2020-W21,7,USR_007,6,USR_004,4e-12,-0.5183
20,2020-W21,7,USR_007,7,USR_007,1.1e-11,1.0
20,2020-W21,7,USR_007,8,STK_001,0.0,-0.0
20,2020-W21,7,USR_007,9,USR_008,-7e-12,0.2474
20,2020-W21,7,USR_007,10,USR_006,-5e-12,0.1758
20,2020-W21,7,USR_007,11,STK_002,0.0,-0.0
20,2020-W21,7,USR_007,12,USR_002,4e-12,-0.5021
20,2020-W21,7,USR_007,13,USR_010,-4e-12,0.2534
20,2020-W21,7,USR_007,14,USR_001,0.0,-0.0
20,2020-W21,8,STK_001,0,STK_004,0.0,-0.0
20,2020-W21,8,STK_001,1,USR_003,0.0,-0.0
20,2020-W21,8,STK_001,2,USR_009,-0.0,0.0
20,2020-W21,8,STK_001,3,STK_005,0.0,-0.0
20,2020-W21,8,STK_001,4,USR_005,-0.0,0.0
20,2020-W21,8,STK_001,5,STK_003,0.0,-0.0
20,2020-W21,8,STK_001,6,USR_004,0.0,-0.0
20,2020-W21,8,STK_001,7,USR_007,0.0,-0.0
20,2020-W21,8,STK_001,8,STK_001,0.0,1.0
20,2020-W21,8,STK_001,9,USR_008,0.0,-0.0
20,2020-W21,8,STK_001,10,USR_006,-0.0,0.0
20,2020-W21,8,STK_001,11,STK_002,0.0,-0.0
20,2020-W21,8,STK_001,12,USR_002,0.0,-0.0
20,2020-W21,8,STK_001,13,USR_010,0.0,-0.0
20,2020-W21,8,STK_001,14,USR_001,0.0,-0.0
20,2020-W21,9,USR_008,0,STK_004,0.0,-0.0
20,2020-W21,9,USR_008,1,USR_003,5e-12,-0.279
20,2020-W21,9,USR_008,2,USR_009,-1.7e-11,0.5556
20,2020-W21,9,USR_008,3,STK_005,0.0,-0.0
20,2020-W21,9,USR_008,4,USR_005,-1.8e-11,0.6682
20,2020-W21,9,USR_008,5,STK_003,0.0,-0.3477
20,2020-W21,9,USR_008,6,USR_004,6e-12,-0.3205
20,2020-W21,9,USR_008,7,USR_007,-7e-12,0.2474
20,2020-W21,9,USR_008,8,STK_001,0.0,-0.0
20,2020-W21,9,USR_008,9,USR_008,6.8e-11,1.0
20,2020-W21,9,USR_008,10,USR_006,-5.1e-11,0.7519
20,2020-W21,9,USR_008,11,STK_002,0.0,-0.0
20,2020-W21,9,USR_008,12,USR_002,5e-12,-0.2863
20,2020-W21,9,USR_008,13,USR_010,8e-12,-0.2371
20,2020-W21,9,USR_008,14,USR_001,0.0,-0.0
20,2020-W21,10,USR_006,0,STK_004,0.0,-0.0
20,2020-W21,10,USR_006,1,USR_003,-1.3e-11,0.7417
20,2020-W21,10,USR_006,2,USR_009,1.3e-11,-0.4331
20,2020-W21,10,USR_006,3,STK_005,0.0,-0.0
20,2020-W21,10,USR_006,4,USR_005,2e-11,-0.7549
20,2020-W21,10,USR_006,5,STK_003,-0.0,0.816
20,2020-W21,10,USR_006,6,USR_004,-1.5e-11,0.7755
20,2020-W21,10,USR_006,7,USR_007,-5e-12,0.1758
20,2020-W21,10,USR_006,8,STK_001,0.0,-0.0
20,2020-W21,10,USR_006,9,USR_008,-5.1e-11,0.7519
20,2020-W21,10,USR_006,10,USR_006,6.7e-11,1.0
20,2020-W21,10,USR_006,11,STK_002,0.0,-0.0
20,2020-W21,10,USR_006,12,USR_002,-1.3e-11,0.7401
20,2020-W21,10,USR_006,13,USR_010,-4e-12,0.1094
20,2020-W21,10,USR_006,14,USR_001,0.0,-0.0
20,2020-W21,11,STK_002,0,STK_004,0.0,-0.0
20,2020-W21,11,STK_002,1,USR_003,0.0,-0.0
20,2020-W21,11,STK_002,2,USR_009,0.0,-0.0
20,2020-W21,11,STK_002,3,STK_005,0.0,-0.0
20,2020-W21,11,STK_002,4,USR_005,0.0,-0.0
20,2020-W21,11,STK_002,5,STK_003,0.0,-0.0
20,2020-W21,11,STK_002,6,USR_004,0.0,-0.0
20,2020-W21,11,STK_002,7,USR_007,0.0,-0.0
20,2020-W21,11,STK_002,8,STK_001,0.0,-0.0
20,2020-W21,11,STK_002,9,USR_008,0.0,-0.0
20,2020-W21,11,STK_002,10,USR_006,0.0,-0.0
20,2020-W21,11,STK_002,11,STK_002,0.0,1.0
20,2020-W21,11,STK_002,12,USR_002,0.0,-0.0
20,2020-W21,11,STK_002,13,USR_010,0.0,-0.0
20,2020-W21,11,STK_002,14,USR_001,0.0,-0.0
20,2020-W21,12,USR_002,0,STK_004,0.0,-0.0
20,2020-W21,12,USR_002,1,USR_003,5e-12,-0.994
20,2020-W21,12,USR_002,2,USR_009,-3e-12,0.319
20,2020-W21,12,USR_002,3,STK_005,0.0,-0.0
20,2020-W21,12,USR_002,4,USR_005,-5e-12,0.6368
20,2020-W21,12,USR_002,5,STK_003,0.0,-0.8723
20,2020-W21,12,USR_002,6,USR_004,5e-12,-0.9953
20,2020-W21,12,USR_002,7,USR_007,4e-12,-0.5021
20,2020-W21,12,USR_002,8,STK_001,0.0,-0.0
20,2020-W21,12,USR_002,9,USR_008,5e-12,-0.2863
20,2020-W21,12,USR_002,10,USR_006,-1.3e-11,0.7401
20,2020-W21,12,USR_002,11,STK_002,0.0,-0.0
20,2020-W21,12,USR_002,12,USR_002,5e-12,1.0
20,2020-W21,12,USR_002,13,USR_010,-3e-12,0.3095
20,2020-W21,12,USR_002,14,USR_001,0.0,-0.0
20,2020-W21,13,USR_010,0,STK_004,0.0,-0.0
20,2020-W21,13,USR_010,1,USR_003,-2e-12,0.2457
20,2020-W21,13,USR_010,2,USR_009,-7e-12,0.445
20,2020-W21,13,USR_010,3,STK_005,0.0,-0.0
20,2020-W21,13,USR_010,4,USR_005,-5e-12,0.3441
20,2020-W21,13,USR_010,5,STK_003,-0.0,0.1947
20,2020-W21,13,USR_010,6,USR_004,-2e-12,0.2456
20,2020-W21,13,USR_010,7,USR_007,-4e-12,0.2534
20,2020-W21,13,USR_010,8,STK_001,0.0,-0.0
20,2020-W21,13,USR_010,9,USR_008,8e-12,-0.2371
20,2020-W21,13,USR_010,10,USR_006,-4e-12,0.1094
20,2020-W21,13,USR_010,11,STK_002,0.0,-0.0
20,2020-W21,13,USR_010,12,USR_002,-3e-12,0.3095
20,2020-W21,13,USR_010,13,USR_010,1.9e-11,1.0
20,2020-W21,13,USR_010,14,USR_001,0.0,-0.0
20,2020-W21,14,USR_001,0,STK_004,0.0,-0.0
20,2020-W21,14,USR_001,1,USR_003,0.0,-0.0
20,2020-W21,14,USR_001,2,USR_009,0.0,-0.0
20,2020-W21,14,USR_001,3,STK_005,0.0,-0.0
20,2020-W21,14,USR_001,4,USR_005,0.0,-0.0
20,2020-W21,14,USR_001,5,STK_003,0.0,-0.0
20,2020-W21,14,USR_001,6,USR_004,0.0,-0.0
20,2020-W21,14,USR_001,7,USR_007,0.0,-0.0
20,2020-W21,14,USR_001,8,STK_001,0.0,-0.0
20,2020-W21,14,USR_001,9,USR_008,0.0,-0.0
20,2020-W21,14,USR_001,10,USR_006,0.0,-0.0
20,2020-W21,14,USR_001,11,STK_002,0.0,-0.0
20,2020-W21,14,USR_001,12,USR_002,0.0,-0.0
20,2020-W21,14,USR_001,13,USR_010,0.0,-0.0
20,2020-W21,14,USR_001,14,USR_001,0.0,1.0
21,2020-W22,0,STK_004,0,STK_004,0.0,1.0
21,2020-W22,0,STK_004,1,USR_003,0.0,-0.0
21,2020-W22,0,STK_004,2,USR_009,0.0,-0.0
21,2020-W22,0,STK_004,3,STK_005,0.0,-0.0
21,2020-W22,0,STK_004,4,USR_005,0.0,-0.0
21,2020-W22,0,STK_004,5,STK_003,0.0,-0.0
21,2020-W22,0,STK_004,6,USR_004,0.0,-0.0
21,2020-W22,0,STK_004,7,USR_007,0.0,-0.0
21,2020-W22,0,STK_004,8,STK_001,0.0,-0.0
21,2020-W22,0,STK_004,9,USR_008,0.0,-0.0
21,2020-W22,0,STK_004,10,USR_006,0.0,-0.0
21,2020-W22,0,STK_004,11,STK_002,0.0,-0.0
21,2020-W22,0,STK_004,12,USR_002,0.0,-0.0
21,2020-W22,0,STK_004,13,USR_010,0.0,-0.0
21,2020-W22,0,STK_004,14,USR_001,0.0,-0.0
21,2020-W22,1,USR_003,0,STK_004,0.0,-0.0
21,2020-W22,1,USR_003,1,USR_003,4e-12,1.0
21,2020-W22,1,USR_003,2,USR_009,-5e-12,0.5269
21,2020-W22,1,USR_003,3,STK_005,0.0,-0.0
21,2020-W22,1,USR_003,4,USR_005,-5e-12,0.7181
21,2020-W22,1,USR_003,5,STK_003,0.0,-0.0
21,2020-W22,1,USR_003,6,USR_004,5e-12,-0.9951
21,2020-W22,1,USR_003,7,USR_007,4e-12,-0.5504
21,2020-W22,1,USR_003,8,STK_001,0.0,-0.0
21,2020-W22,1,USR_003,9,USR_008,8e-12,-0.4073
21,2020-W22,1,USR_003,10,USR_006,-1.7e-11,0.8049
21,2020-W22,1,USR_003,11,STK_002,0.0,-0.0
21,2020-W22,1,USR_003,12,USR_002,5e-12,-0.994
21,2020-W22,1,USR_003,13,USR_010,-3e-12,0.3491
21,2020-W22,1,USR_003,14,USR_001,5e-12,-0.9975
21,2020-W22,2,USR_009,0,STK_004,0.0,-0.0
21,2020-W22,2,USR_009,1,USR_003,-5e-12,0.5269
21,2020-W22,2,USR_009,2,USR_009,1.8e-11,1.0
21,2020-W22,2,USR_009,3,STK_005,0.0,-0.0
21,2020-W22,2,USR_009,4,USR_005,1.2e-11,-0.8256
21,2020-W22,2,USR_009,5,STK_003,-0.0,0.0
21,2020-W22,2,USR_009,6,USR_004,-5e-12,0.5305
21,2020-W22,2,USR_009,7,USR_007,-6e-12,0.4266
21,2020-W22,2,USR_009,8,STK_001,0.0,-0.0
21,2020-W22,2,USR_009,9,USR_008,-2.5e-11,0.6431
21,2020-W22,2,USR_009,10,USR_006,2.6e-11,-0.5941
21,2020-W22,2,USR_009,11,STK_002,0.0,-0.0
21,2020-W22,2,USR_009,12,USR_002,-5e-12,0.4865
21,2020-W22,2,USR_009,13,USR_010,-5e-12,0.2546
21,2020-W22,2,USR_009,14,USR_001,-5e-12,0.5275
21,2020-W22,3,STK_005,0,STK_004,0.0,-0.0
21,2020-W22,3,STK_005,1,USR_003,0.0,-0.0
21,2020-W22,3,STK_005,2,USR_009,0.0,-0.0
21,2020-W22,3,STK_005,3,STK_005,0.0,1.0
21,2020-W22,3,STK_005,4,USR_005,0.0,-0.0
21,2020-W22,3,STK_005,5,STK_003,-0.0,0.0
21,2020-W22,3,STK_005,6,USR_004,-0.0,0.0
21,2020-W22,3,STK_005,7,USR_007,0.0,-0.0
21,2020-W22,3,STK_005,8,STK_001,0.0,-0.0
21,2020-W22,3,STK_005,9,USR_008,-0.0,0.0
21,2020-W22,3,STK_005,10,USR_006,0.0,-0.0
21,2020-W22,3,STK_005,11,STK_002,0.0,-0.0
21,2020-W22,3,STK_005,12,USR_002,0.0,-0.0
21,2020-W22,3,STK_005,13,USR_010,-0.0,0.0
21,2020-W22,3,STK_005,14,USR_001,0.0,-0.0
21,2020-W22,4,USR_005,0,STK_004,0.0,-0.0
21,2020-W22,4,USR_005,1,USR_003,-5e-12,0.7181
21,2020-W22,4,USR_005,2,USR_009,1.2e-11,-0.8256
21,2020-W22,4,USR_005,3,STK_005,0.0,-0.0
21,2020-W22,4,USR_005,4,USR_005,1.2e-11,1.0
21,2020-W22,4,USR_005,5,STK_003,-0.0,0.0
21,2020-W22,4,USR_005,6,USR_004,-6e-12,0.7349
21,2020-W22,4,USR_005,7,USR_007,-4e-12,0.3566
21,2020-W22,4,USR_005,8,STK_001,0.0,-0.0
21,2020-W22,4,USR_005,9,USR_008,-2.2e-11,0.6662
21,2020-W22,4,USR_005,10,USR_006,2.7e-11,-0.752
21,2020-W22,4,USR_005,11,STK_002,0.0,-0.0
21,2020-W22,4,USR_005,12,USR_002,-5e-12,0.6915
21,2020-W22,4,USR_005,13,USR_010,-3e-12,0.2024
21,2020-W22,4,USR_005,14,USR_001,-6e-12,0.7186
21,2020-W22,5,STK_003,0,STK_004,0.0,-0.0
21,2020-W22,5,STK_003,1,USR_003,-0.0,0.0
21,2020-W22,5,STK_003,2,USR_009,0.0,-0.0
21,2020-W22,5,STK_003,3,STK_005,0.0,-0.0
21,2020-W22,5,STK_003,4,USR_005,0.0,-0.0
21,2020-W22,5,STK_003,5,STK_003,-0.0,1.0
21,2020-W22,5,STK_003,6,USR_004,-0.0,0.0
21,2020-W22,5,STK_003,7,USR_007,-0.0,0.0
21,2020-W22,5,STK_003,8,STK_001,0.0,-0.0
21,2020-W22,5,STK_003,9,USR_008,-0.0,0.0
21,2020-W22,5,STK_003,10,USR_006,0.0,-0.0
21,2020-W22,5,STK_003,11,STK_002,0.0,-0.0
21,2020-W22,5,STK_003,12,USR_002,-0.0,0.0
21,2020-W22,5,STK_003,13,USR_010,-0.0,0.0
21,2020-W22,5,STK_003,14,USR_001,-0.0,0.0
21,2020-W22,6,USR_004,0,STK_004,0.0,-0.0
21,2020-W22,6,USR_004,1,USR_003,5e-12,-0.9951
21,2020-W22,6,USR_004,2,USR_009,-5e-12,0.5305
21,2020-W22,6,USR_004,3,STK_005,0.0,-0.0
21,2020-W22,6,USR_004,4,USR_005,-6e-12,0.7349
21,2020-W22,6,USR_004,5,STK_003,0.0,-0.0
21,2020-W22,6,USR_004,6,USR_004,6e-12,1.0
21,2020-W22,6,USR_004,7,USR_007,5e-12,-0.5512
21,2020-W22,6,USR_004,8,STK_001,0.0,-0.0
21,2020-W22,6,USR_004,9,USR_008,1e-11,-0.452
21,2020-W22,6,USR_004,10,USR_006,-2.1e-11,0.8376
21,2020-W22,6,USR_004,11,STK_002,0.0,-0.0
21,2020-W22,6,USR_004,12,USR_002,5e-12,-0.9952
21,2020-W22,6,USR_004,13,USR_010,-4e-12,0.3508
21,2020-W22,6,USR_004,14,USR_001,5e-12,-0.9969
21,2020-W22,7,USR_007,0,STK_004,0.0,-0.0
21,2020-W22,7,USR_007,1,USR_003,4e-12,-0.5504
21,2020-W22,7,USR_007,2,USR_009,-6e-12,0.4266
21,2020-W22,7,USR_007,3,STK_005,0.0,-0.0
21,2020-W22,7,USR_007,4,USR_005,-4e-12,0.3566
21,2020-W22,7,USR_007,5,STK_003,0.0,-0.0
21,2020-W22,7,USR_007,6,USR_004,5e-12,-0.5512
21,2020-W22,7,USR_007,7,USR_007,1.2e-11,1.0
21,2020-W22,7,USR_007,8,STK_001,0.0,-0.0
21,2020-W22,7,USR_007,9,USR_008,-2e-12,0.0707
21,2020-W22,7,USR_007,10,USR_006,-1.1e-11,0.3153
21,2020-W22,7,USR_007,11,STK_002,0.0,-0.0
21,2020-W22,7,USR_007,12,USR_002,4e-12,-0.5334
21,2020-W22,7,USR_007,13,USR_010,-5e-12,0.3174
21,2020-W22,7,USR_007,14,USR_001,4e-12,-0.5558
21,2020-W22,8,STK_001,0,STK_004,0.0,-0.0
21,2020-W22,8,STK_001,1,USR_003,0.0,-0.0
21,2020-W22,8,STK_001,2,USR_009,-0.0,0.0
21,2020-W22,8,STK_001,3,STK_005,0.0,-0.0
21,2020-W22,8,STK_001,4,USR_005,-0.0,0.0
21,2020-W22,8,STK_001,5,STK_003,0.0,-0.0
21,2020-W22,8,STK_001,6,USR_004,0.0,-0.0
21,2020-W22,8,STK_001,7,USR_007,0.0,-0.0
21,2020-W22,8,STK_001,8,STK_001,0.0,1.0
21,2020-W22,8,STK_001,9,USR_008,0.0,-0.0
21,2020-W22,8,STK_001,10,USR_006,-0.0,0.0
21,2020-W22,8,STK_001,11,STK_002,0.0,-0.0
21,2020-W22,8,STK_001,12,USR_002,0.0,-0.0
21,2020-W22,8,STK_001,13,USR_010,-0.0,0.0
21,2020-W22,8,STK_001,14,USR_001,0.0,-0.0
21,2020-W22,9,USR_008,0,STK_004,0.0,-0.0
21,2020-W22,9,USR_008,1,USR_003,8e-12,-0.4073
21,2020-W22,9,USR_008,2,USR_009,-2.5e-11,0.6431
21,2020-W22,9,USR_008,3,STK_005,0.0,-0.0
21,2020-W22,9,USR_008,4,USR_005,-2.2e-11,0.6662
21,2020-W22,9,USR_008,5,STK_003,0.0,-0.0
21,2020-W22,9,USR_008,6,USR_004,1e-11,-0.452
21,2020-W22,9,USR_008,7,USR_007,-2e-12,0.0707
21,2020-W22,9,USR_008,8,STK_001,0.0,-0.0
21,2020-W22,9,USR_008,9,USR_008,8.6e-11,1.0
21,2020-W22,9,USR_008,10,USR_006,-7.7e-11,0.7983
21,2020-W22,9,USR_008,11,STK_002,0.0,-0.0
21,2020-W22,9,USR_008,12,USR_002,9e-12,-0.4166
21,2020-W22,9,USR_008,13,USR_010,4e-12,-0.095
21,2020-W22,9,USR_008,14,USR_001,9e-12,-0.432
21,2020-W22,10,USR_006,0,STK_004,0.0,-0.0
21,2020-W22,10,USR_006,1,USR_003,-1.7e-11,0.8049
21,2020-W22,10,USR_006,2,USR_009,2.6e-11,-0.5941
21,2020-W22,10,USR_006,3,STK_005,0.0,-0.0
21,2020-W22,10,USR_006,4,USR_005,2.7e-11,-0.752
21,2020-W22,10,USR_006,5,STK_003,-0.0,0.0
21,2020-W22,10,USR_006,6,USR_004,-2.1e-11,0.8376
21,2020-W22,10,USR_006,7,USR_007,-1.1e-11,0.3153
21,2020-W22,10,USR_006,8,STK_001,0.0,-0.0
21,2020-W22,10,USR_006,9,USR_008,-7.7e-11,0.7983
21,2020-W22,10,USR_006,10,USR_006,1.07e-10,1.0
21,2020-W22,10,USR_006,11,STK_002,0.0,-0.0
21,2020-W22,10,USR_006,12,USR_002,-1.8e-11,0.8055
21,2020-W22,10,USR_006,13,USR_010,4e-12,-0.0792
21,2020-W22,10,USR_006,14,USR_001,-1.9e-11,0.8191
21,2020-W22,11,STK_002,0,STK_004,0.0,-0.0
21,2020-W22,11,STK_002,1,USR_003,0.0,-0.0
21,2020-W22,11,STK_002,2,USR_009,0.0,-0.0
21,2020-W22,11,STK_002,3,STK_005,0.0,-0.0
21,2020-W22,11,STK_002,4,USR_005,0.0,-0.0
21,2020-W22,11,STK_002,5,STK_003,0.0,-0.0
21,2020-W22,11,STK_002,6,USR_004,0.0,-0.0
21,2020-W22,11,STK_002,7,USR_007,0.0,-0.0
21,2020-W22,11,STK_002,8,STK_001,0.0,-0.0
21,2020-W22,11,STK_002,9,USR_008,0.0,-0.0
21,2020-W22,11,STK_002,10,USR_006,0.0,-0.0
21,2020-W22,11,STK_002,11,STK_002,0.0,1.0
21,2020-W22,11,STK_002,12,USR_002,0.0,-0.0
21,2020-W22,11,STK_002,13,USR_010,0.0,-0.0
21,2020-W22,11,STK_002,14,USR_001,0.0,-0.0
21,2020-W22,12,USR_002,0,STK_004,0.0,-0.0
21,2020-W22,12,USR_002,1,USR_003,5e-12,-0.994
21,2020-W22,12,USR_002,2,USR_009,-5e-12,0.4865
21,2020-W22,12,USR_002,3,STK_005,0.0,-0.0
21,2020-W22,12,USR_002,4,USR_005,-5e-12,0.6915
21,2020-W22,12,USR_002,5,STK_003,0.0,-0.0
21,2020-W22,12,USR_002,6,USR_004,5e-12,-0.9952
21,2020-W22,12,USR_002,7,USR_007,4e-12,-0.5334
21,2020-W22,12,USR_002,8,STK_001,0.0,-0.0
21,2020-W22,12,USR_002,9,USR_008,9e-12,-0.4166
21,2020-W22,12,USR_002,10,USR_006,-1.8e-11,0.8055
21,2020-W22,12,USR_002,11,STK_002,0.0,-0.0
21,2020-W22,12,USR_002,12,USR_002,5e-12,1.0
21,2020-W22,12,USR_002,13,USR_010,-4e-12,0.4106
21,2020-W22,12,USR_002,14,USR_001,5e-12,-0.9942
21,2020-W22,13,USR_010,0,STK_004,0.0,-0.0
21,2020-W22,13,USR_010,1,USR_003,-3e-12,0.3491
21,2020-W22,13,USR_010,2,USR_009,-5e-12,0.2546
21,2020-W22,13,USR_010,3,STK_005,0.0,-0.0
21,2020-W22,13,USR_010,4,USR_005,-3e-12,0.2024
21,2020-W22,13,USR_010,5,STK_003,-0.0,0.0
21,2020-W22,13,USR_010,6,USR_004,-4e-12,0.3508
21,2020-W22,13,USR_010,7,USR_007,-5e-12,0.3174
21,2020-W22,13,USR_010,8,STK_001,0.0,-0.0
21,2020-W22,13,USR_010,9,USR_008,4e-12,-0.095
21,2020-W22,13,USR_010,10,USR_006,4e-12,-0.0792
21,2020-W22,13,USR_010,11,STK_002,0.0,-0.0
21,2020-W22,13,USR_010,12,USR_002,-4e-12,0.4106
21,2020-W22,13,USR_010,13,USR_010,2e-11,1.0
21,2020-W22,13,USR_010,14,USR_001,-4e-12,0.3715
21,2020-W22,14,USR_001,0,STK_004,0.0,-0.0
21,2020-W22,14,USR_001,1,USR_003,5e-12,-0.9975
21,2020-W22,14,USR_001,2,USR_009,-5e-12,0.5275
21,2020-W22,14,USR_001,3,STK_005,0.0,-0.0
21,2020-W22,14,USR_001,4,USR_005,-6e-12,0.7186
21,2020-W22,14,USR_001,5,STK_003,0.0,-0.0
21,2020-W22,14,USR_001,6,USR_004,5e-12,-0.9969
21,2020-W22,14,USR_001,7,USR_007,4e-12,-0.5558
21,2020-W22,14,USR_001,8,STK_001,0.0,-0.0
21,2020-W22,14,USR_001,9,USR_008,9e-12,-0.432
21,2020-W22,14,USR_001,10,USR_006,-1.9e-11,0.8191
21,2020-W22,14,USR_001,11,STK_002,0.0,-0.0
21,2020-W22,14,USR_001,12,USR_002,5e-12,-0.9942
21,2020-W22,14,USR_001,13,USR_010,-4e-12,0.3715
21,2020-W22,14,USR_001,14,USR_001,5e-12,1.0
22,2020-W23,0,STK_004,0,STK_004,0.0,1.0
22,2020-W23,0,STK_004,1,USR_003,0.0,-0.0
22,2020-W23,0,STK_004,2,USR_009,0.0,-0.0
22,2020-W23,0,STK_004,3,STK_005,0.0,-0.0
22,2020-W23,0,STK_004,4,USR_005,0.0,-0.0
22,2020-W23,0,STK_004,5,STK_003,0.0,-0.0
22,2020-W23,0,STK_004,6,USR_004,0.0,-0.0
22,2020-W23,0,STK_004,7,USR_007,0.0,-0.0
22,2020-W23,0,STK_004,8,STK_001,0.0,-0.0
22,2020-W23,0,STK_004,9,USR_008,0.0,-0.0
22,2020-W23,0,STK_004,10,USR_006,0.0,-0.0
22,2020-W23,0,STK_004,11,STK_002,0.0,-0.0
22,2020-W23,0,STK_004,12,USR_002,0.0,-0.0
22,2020-W23,0,STK_004,13,USR_010,0.0,-0.0
22,2020-W23,0,STK_004,14,USR_001,0.0,-0.0
22,2020-W23,1,USR_003,0,STK_004,0.0,-0.0
22,2020-W23,1,USR_003,1,USR_003,2e-12,1.0
22,2020-W23,1,USR_003,2,USR_009,8e-12,-0.4397
22,2020-W23,1,USR_003,3,STK_005,0.0,-0.0
22,2020-W23,1,USR_003,4,USR_005,-1e-12,0.2141
22,2020-W23,1,USR_003,5,STK_003,0.0,-0.0
22,2020-W23,1,USR_003,6,USR_004,2e-12,-0.9866
22,2020-W23,1,USR_003,7,USR_007,-1e-12,0.1669
22,2020-W23,1,USR_003,8,STK_001,0.0,-0.0
22,2020-W23,1,USR_003,9,USR_008,-1.2e-11,0.4925
22,2020-W23,1,USR_003,10,USR_006,3e-12,-0.2357
22,2020-W23,1,USR_003,11,STK_002,0.0,-0.0
22,2020-W23,1,USR_003,12,USR_002,2e-12,-0.9762
22,2020-W23,1,USR_003,13,USR_010,-4e-12,0.4939
22,2020-W23,1,USR_003,14,USR_001,2e-12,-0.9931
22,2020-W23,2,USR_009,0,STK_004,0.0,-0.0
22,2020-W23,2,USR_009,1,USR_003,8e-12,-0.4397
22,2020-W23,2,USR_009,2,USR_009,1.85e-10,1.0
22,2020-W23,2,USR_009,3,STK_005,0.0,-0.0
22,2020-W23,2,USR_009,4,USR_005,1.9e-11,-0.4927
22,2020-W23,2,USR_009,5,STK_003,0.0,-0.0
22,2020-W23,2,USR_009,6,USR_004,9e-12,-0.4802
22,2020-W23,2,USR_009,7,USR_007,-3.7e-11,0.6825
22,2020-W23,2,USR_009,8,STK_001,0.0,-0.0
22,2020-W23,2,USR_009,9,USR_008,-2.42e-10,0.9342
22,2020-W23,2,USR_009,10,USR_006,1.02e-10,-0.8225
22,2020-W23,2,USR_009,11,STK_002,0.0,-0.0
22,2020-W23,2,USR_009,12,USR_002,1.2e-11,-0.5708
22,2020-W23,2,USR_009,13,USR_010,-6.4e-11,0.769
22,2020-W23,2,USR_009,14,USR_001,8e-12,-0.4166
22,2020-W23,3,STK_005,0,STK_004,0.0,-0.0
22,2020-W23,3,STK_005,1,USR_003,0.0,-0.0
22,2020-W23,3,STK_005,2,USR_009,0.0,-0.0
22,2020-W23,3,STK_005,3,STK_005,0.0,1.0
22,2020-W23,3,STK_005,4,USR_005,0.0,-0.0
22,2020-W23,3,STK_005,5,STK_003,0.0,-0.0
22,2020-W23,3,STK_005,6,USR_004,0.0,-0.0
22,2020-W23,3,STK_005,7,USR_007,-0.0,0.0
22,2020-W23,3,STK_005,8,STK_001,0.0,-0.0
22,2020-W23,3,STK_005,9,USR_008,-0.0,0.0
22,2020-W23,3,STK_005,10,USR_006,0.0,-0.0
22,2020-W23,3,STK_005,11,STK_002,0.0,-0.0
22,2020-W23,3,STK_005,12,USR_002,0.0,-0.0
22,2020-W23,3,STK_005,13,USR_010,-0.0,0.0
22,2020-W23,3,STK_005,14,USR_001,0.0,-0.0
22,2020-W23,4,USR_005,0,STK_004,0.0,-0.0
22,2020-W23,4,USR_005,1,USR_003,-1e-12,0.2141
22,2020-W23,4,USR_005,2,USR_009,1.9e-11,-0.4927
22,2020-W23,4,USR_005,3,STK_005,0.0,-0.0
22,2020-W23,4,USR_005,4,USR_005,8e-12,1.0
22,2020-W23,4,USR_005,5,STK_003,0.0,-0.0
22,2020-W23,4,USR_005,6,USR_004,-1e-12,0.2232
22,2020-W23,4,USR_005,7,USR_007,-3e-12,0.2477
22,2020-W23,4,USR_005,8,STK_001,0.0,-0.0
22,2020-W23,4,USR_005,9,USR_008,-2.7e-11,0.4845
22,2020-W23,4,USR_005,10,USR_006,1.5e-11,-0.5589
22,2020-W23,4,USR_005,11,STK_002,0.0,-0.0
22,2020-W23,4,USR_005,12,USR_002,-0.0,0.0979
22,2020-W23,4,USR_005,13,USR_010,-1e-11,0.5579
22,2020-W23,4,USR_005,14,USR_001,-1e-12,0.2281
22,2020-W23,5,STK_003,0,STK_004,0.0,-0.0
22,2020-W23,5,STK_003,1,USR_003,-0.0,0.0
22,2020-W23,5,STK_003,2,USR_009,-0.0,0.0
22,2020-W23,5,STK_003,3,STK_005,0.0,-0.0
22,2020-W23,5,STK_003,4,USR_005,-0.0,0.0
22,2020-W23,5,STK_003,5,STK_003,-0.0,1.0
22,2020-W23,5,STK_003,6,USR_004,-0.0,0.0
22,2020-W23,5,STK_003,7,USR_007,0.0,-0.0
22,2020-W23,5,STK_003,8,STK_001,0.0,-0.0
22,2020-W23,5,STK_003,9,USR_008,0.0,-0.0
22,2020-W23,5,STK_003,10,USR_006,-0.0,0.0
22,2020-W23,5,STK_003,11,STK_002,0.0,-0.0
22,2020-W23,5,STK_003,12,USR_002,-0.0,0.0
22,2020-W23,5,STK_003,13,USR_010,0.0,-0.0
22,2020-W23,5,STK_003,14,USR_001,-0.0,0.0
22,2020-W23,6,USR_004,0,STK_004,0.0,-0.0
22,2020-W23,6,USR_004,1,USR_003,2e-12,-0.9866
22,2020-W23,6,USR_004,2,USR_009,9e-12,-0.4802
22,2020-W23,6,USR_004,3,STK_005,0.0,-0.0
22,2020-W23,6,USR_004,4,USR_005,-1e-12,0.2232
22,2020-W23,6,USR_004,5,STK_003,0.0,-0.0
22,2020-W23,6,USR_004,6,USR_004,2e-12,1.0
22,2020-W23,6,USR_004,7,USR_007,-1e-12,0.2007
22,2020-W23,6,USR_004,8,STK_001,0.0,-0.0
22,2020-W23,6,USR_004,9,USR_008,-1.4e-11,0.5004
22,2020-W23,6,USR_004,10,USR_006,3e-12,-0.2269
22,2020-W23,6,USR_004,11,STK_002,0.0,-0.0
22,2020-W23,6,USR_004,12,USR_002,2e-12,-0.9855
22,2020-W23,6,USR_004,13,USR_010,-5e-12,0.5221
22,2020-W23,6,USR_004,14,USR_001,2e-12,-0.9906
22,2020-W23,7,USR_007,0,STK_004,0.0,-0.0
22,2020-W23,7,USR_007,1,USR_003,-1e-12,0.1669
22,2020-W23,7,USR_007,2,USR_009,-3.7e-11,0.6825
22,2020-W23,7,USR_007,3,STK_005,0.0,-0.0
22,2020-W23,7,USR_007,4,USR_005,-3e-12,0.2477
22,2020-W23,7,USR_007,5,STK_003,-0.0,0.0
22,2020-W23,7,USR_007,6,USR_004,-1e-12,0.2007
22,2020-W23,7,USR_007,7,USR_007,1.6e-11,1.0
22,2020-W23,7,USR_007,8,STK_001,0.0,-0.0
22,2020-W23,7,USR_007,9,USR_008,3.5e-11,-0.4581
22,2020-W23,7,USR_007,10,USR_006,-1.5e-11,0.4112
22,2020-W23,7,USR_007,11,STK_002,0.0,-0.0
22,2020-W23,7,USR_007,12,USR_002,-2e-12,0.278
22,2020-W23,7,USR_007,13,USR_010,9e-12,-0.352
22,2020-W23,7,USR_007,14,USR_001,-1e-12,0.1411
22,2020-W23,8,STK_001,0,STK_004,0.0,-0.0
22,2020-W23,8,STK_001,1,USR_003,-0.0,0.0
22,2020-W23,8,STK_001,2,USR_009,-0.0,0.0
22,2020-W23,8,STK_001,3,STK_005,0.0,-0.0
22,2020-W23,8,STK_001,4,USR_005,-0.0,0.0
22,2020-W23,8,STK_001,5,STK_003,-0.0,0.0
22,2020-W23,8,STK_001,6,USR_004,-0.0,0.0
22,2020-W23,8,STK_001,7,USR_007,0.0,-0.0
22,2020-W23,8,STK_001,8,STK_001,0.0,1.0
22,2020-W23,8,STK_001,9,USR_008,0.0,-0.0
22,2020-W23,8,STK_001,10,USR_006,-0.0,0.0
22,2020-W23,8,STK_001,11,STK_002,0.0,-0.0
22,2020-W23,8,STK_001,12,USR_002,-0.0,0.0
22,2020-W23,8,STK_001,13,USR_010,0.0,-0.0
22,2020-W23,8,STK_001,14,USR_001,-0.0,0.0
22,2020-W23,9,USR_008,0,STK_004,0.0,-0.0
22,2020-W23,9,USR_008,1,USR_003,-1.2e-11,0.4925
22,2020-W23,9,USR_008,2,USR_009,-2.42e-10,0.9342
22,2020-W23,9,USR_008,3,STK_005,0.0,-0.0
22,2020-W23,9,USR_008,4,USR_005,-2.7e-11,0.4845
22,2020-W23,9,USR_008,5,STK_003,-0.0,0.0
22,2020-W23,9,USR_008,6,USR_004,-1.4e-11,0.5004
22,2020-W23,9,USR_008,7,USR_007,3.5e-11,-0.4581
22,2020-W23,9,USR_008,8,STK_001,0.0,-0.0
22,2020-W23,9,USR_008,9,USR_008,3.64e-10,1.0
22,2020-W23,9,USR_008,10,USR_006,-1.6e-10,0.917
22,2020-W23,9,USR_008,11,STK_002,0.0,-0.0
22,2020-W23,9,USR_008,12,USR_002,-1.7e-11,0.5851
22,2020-W23,9,USR_008,13,USR_010,8.5e-11,-0.7279
22,2020-W23,9,USR_008,14,USR_001,-1.2e-11,0.4509
22,2020-W23,10,USR_006,0,STK_004,0.0,-0.0
22,2020-W23,10,USR_006,1,USR_003,3e-12,-0.2357
22,2020-W23,10,USR_006,2,USR_009,1.02e-10,-0.8225
22,2020-W23,10,USR_006,3,STK_005,0.0,-0.0
22,2020-W23,10,USR_006,4,USR_005,1.5e-11,-0.5589
22,2020-W23,10,USR_006,5,STK_003,0.0,-0.0
22,2020-W23,10,USR_006,6,USR_004,3e-12,-0.2269
22,2020-W23,10,USR_006,7,USR_007,-1.5e-11,0.4112
22,2020-W23,10,USR_006,8,STK_001,0.0,-0.0
22,2020-W23,10,USR_006,9,USR_008,-1.6e-10,0.917
22,2020-W23,10,USR_006,10,USR_006,8.3e-11,1.0
22,2020-W23,10,USR_006,11,STK_002,0.0,-0.0
22,2020-W23,10,USR_006,12,USR_002,5e-12,-0.3378
22,2020-W23,10,USR_006,13,USR_010,-3.8e-11,0.6876
22,2020-W23,10,USR_006,14,USR_001,2e-12,-0.1847
22,2020-W23,11,STK_002,0,STK_004,0.0,-0.0
22,2020-W23,11,STK_002,1,USR_003,0.0,-0.0
22,2020-W23,11,STK_002,2,USR_009,0.0,-0.0
22,2020-W23,11,STK_002,3,STK_005,0.0,-0.0
22,2020-W23,11,STK_002,4,USR_005,0.0,-0.0
22,2020-W23,11,STK_002,5,STK_003,0.0,-0.0
22,2020-W23,11,STK_002,6,USR_004,0.0,-0.0
22,2020-W23,11,STK_002,7,USR_007,0.0,-0.0
22,2020-W23,11,STK_002,8,STK_001,0.0,-0.0
22,2020-W23,11,STK_002,9,USR_008,0.0,-0.0
22,2020-W23,11,STK_002,10,USR_006,0.0,-0.0
22,2020-W23,11,STK_002,11,STK_002,0.0,1.0
22,2020-W23,11,STK_002,12,USR_002,0.0,-0.0
22,2020-W23,11,STK_002,13,USR_010,0.0,-0.0
22,2020-W23,11,STK_002,14,USR_001,0.0,-0.0
22,2020-W23,12,USR_002,0,STK_004,0.0,-0.0
22,2020-W23,12,USR_002,1,USR_003,2e-12,-0.9762
22,2020-W23,12,USR_002,2,USR_009,1.2e-11,-0.5708
22,2020-W23,12,USR_002,3,STK_005,0.0,-0.0
22,2020-W23,12,USR_002,4,USR_005,-0.0,0.0979
22,2020-W23,12,USR_002,5,STK_003,0.0,-0.0
22,2020-W23,12,USR_002,6,USR_004,2e-12,-0.9855
22,2020-W23,12,USR_002,7,USR_007,-2e-12,0.278
22,2020-W23,12,USR_002,8,STK_001,0.0,-0.0
22,2020-W23,12,USR_002,9,USR_008,-1.7e-11,0.5851
22,2020-W23,12,USR_002,10,USR_006,5e-12,-0.3378
22,2020-W23,12,USR_002,11,STK_002,0.0,-0.0
22,2020-W23,12,USR_002,12,USR_002,2e-12,1.0
22,2020-W23,12,USR_002,13,USR_010,-6e-12,0.628
22,2020-W23,12,USR_002,14,USR_001,2e-12,-0.9729
22,2020-W23,13,USR_010,0,STK_004,0.0,-0.0
22,2020-W23,13,USR_010,1,USR_003,-4e-12,0.4939
22,2020-W23,13,USR_010,2,USR_009,-6.4e-11,0.769
22,2020-W23,13,USR_010,3,STK_005,0.0,-0.0
22,2020-W23,13,USR_010,4,USR_005,-1e-11,0.5579
22,2020-W23,13,USR_010,5,STK_003,-0.0,0.0
22,2020-W23,13,USR_010,6,USR_004,-5e-12,0.5221
22,2020-W23,13,USR_010,7,USR_007,9e-12,-0.352
22,2020-W23,13,USR_010,8,STK_001,0.0,-0.0
22,2020-W23,13,USR_010,9,USR_008,8.5e-11,-0.7279
22,2020-W23,13,USR_010,10,USR_006,-3.8e-11,0.6876
22,2020-W23,13,USR_010,11,STK_002,0.0,-0.0
22,2020-W23,13,USR_010,12,USR_002,-6e-12,0.628
22,2020-W23,13,USR_010,13,USR_010,3.7e-11,1.0
22,2020-W23,13,USR_010,14,USR_001,-4e-12,0.5069
22,2020-W23,14,USR_001,0,STK_004,0.0,-0.0
22,2020-W23,14,USR_001,1,USR_003,2e-12,-0.9931
22,2020-W23,14,USR_001,2,USR_009,8e-12,-0.4166
22,2020-W23,14,USR_001,3,STK_005,0.0,-0.0
22,2020-W23,14,USR_001,4,USR_005,-1e-12,0.2281
22,2020-W23,14,USR_001,5,STK_003,0.0,-0.0
22,2020-W23,14,USR_001,6,USR_004,2e-12,-0.9906
22,2020-W23,14,USR_001,7,USR_007,-1e-12,0.1411
22,2020-W23,14,USR_001,8,STK_001,0.0,-0.0
22,2020-W23,14,USR_001,9,USR_008,-1.2e-11,0.4509
22,2020-W23,14,USR_001,10,USR_006,2e-12,-0.1847
22,2020-W23,14,USR_001,11,STK_002,0.0,-0.0
22,2020-W23,14,USR_001,12,USR_002,2e-12,-0.9729
22,2020-W23,14,USR_001,13,USR_010,-4e-12,0.5069
22,2020-W23,14,USR_001,14,USR_001,2e-12,1.0
23,2020-W24,0,STK_004,0,STK_004,0.0,1.0
23,2020-W24,0,STK_004,1,USR_003,0.0,-0.0
23,2020-W24,0,STK_004,2,USR_009,0.0,-0.0
23,2020-W24,0,STK_004,3,STK_005,0.0,-0.0
23,2020-W24,0,STK_004,4,USR_005,0.0,-0.0
23,2020-W24,0,STK_004,5,STK_003,0.0,-0.0
23,2020-W24,0,STK_004,6,USR_004,0.0,-0.0
23,2020-W24,0,STK_004,7,USR_007,0.0,-0.0
23,2020-W24,0,STK_004,8,STK_001,0.0,-0.0
23,2020-W24,0,STK_004,9,USR_008,0.0,-0.0
23,2020-W24,0,STK_004,10,USR_006,0.0,-0.0
23,2020-W24,0,STK_004,11,STK_002,0.0,-0.0
23,2020-W24,0,STK_004,12,USR_002,0.0,-0.0
23,2020-W24,0,STK_004,13,USR_010,0.0,-0.0
23,2020-W24,0,STK_004,14,USR_001,0.0,-0.0
23,2020-W24,1,USR_003,0,STK_004,0.0,-0.0
23,2020-W24,1,USR_003,1,USR_003,1e-12,1.0
23,2020-W24,1,USR_003,2,USR_009,6e-12,-0.4083
23,2020-W24,1,USR_003,3,STK_005,0.0,-0.0
23,2020-W24,1,USR_003,4,USR_005,-1e-12,0.3361
23,2020-W24,1,USR_003,5,STK_003,0.0,-1.0
23,2020-W24,1,USR_003,6,USR_004,1e-12,-0.9569
23,2020-W24,1,USR_003,7,USR_007,-2e-12,0.37
23,2020-W24,1,USR_003,8,STK_001,0.0,-0.0
23,2020-W24,1,USR_003,9,USR_008,-9e-12,0.4576
23,2020-W24,1,USR_003,10,USR_006,3e-12,-0.3319
23,2020-W24,1,USR_003,11,STK_002,0.0,-0.0
23,2020-W24,1,USR_003,12,USR_002,1e-12,-0.9355
23,2020-W24,1,USR_003,13,USR_010,-2e-12,0.2943
23,2020-W24,1,USR_003,14,USR_001,1e-12,-0.9869
23,2020-W24,2,USR_009,0,STK_004,0.0,-0.0
23,2020-W24,2,USR_009,1,USR_003,6e-12,-0.4083
23,2020-W24,2,USR_009,2,USR_009,2.65e-10,1.0
23,2020-W24,2,USR_009,3,STK_005,0.0,-0.0
23,2020-W24,2,USR_009,4,USR_005,2.2e-11,-0.4651
23,2020-W24,2,USR_009,5,STK_003,0.0,-1.0
23,2020-W24,2,USR_009,6,USR_004,1e-11,-0.5461
23,2020-W24,2,USR_009,7,USR_007,-6e-11,0.8046
23,2020-W24,2,USR_009,8,STK_001,0.0,-0.0
23,2020-W24,2,USR_009,9,USR_008,-3.24e-10,0.9442
23,2020-W24,2,USR_009,10,USR_006,1.41e-10,-0.8623
23,2020-W24,2,USR_009,11,STK_002,0.0,-0.0
23,2020-W24,2,USR_009,12,USR_002,1.3e-11,-0.6499
23,2020-W24,2,USR_009,13,USR_010,-8e-11,0.8183
23,2020-W24,2,USR_009,14,USR_001,6e-12,-0.4042
23,2020-W24,3,STK_005,0,STK_004,0.0,-0.0
23,2020-W24,3,STK_005,1,USR_003,0.0,-0.0
23,2020-W24,3,STK_005,2,USR_009,0.0,-0.0001
23,2020-W24,3,STK_005,3,STK_005,0.0,1.0
23,2020-W24,3,STK_005,4,USR_005,0.0,-0.0
23,2020-W24,3,STK_005,5,STK_003,0.0,-0.0002
23,2020-W24,3,STK_005,6,USR_004,0.0,-0.0
23,2020-W24,3,STK_005,7,USR_007,-0.0,0.0
23,2020-W24,3,STK_005,8,STK_001,0.0,-0.0
23,2020-W24,3,STK_005,9,USR_008,-0.0,0.0001
23,2020-W24,3,STK_005,10,USR_006,0.0,-0.0001
23,2020-W24,3,STK_005,11,STK_002,0.0,-0.0
23,2020-W24,3,STK_005,12,USR_002,0.0,-0.0
23,2020-W24,3,STK_005,13,USR_010,-0.0,0.0001
23,2020-W24,3,STK_005,14,USR_001,0.0,-0.0
23,2020-W24,4,USR_005,0,STK_004,0.0,-0.0
23,2020-W24,4,USR_005,1,USR_003,-1e-12,0.3361
23,2020-W24,4,USR_005,2,USR_009,2.2e-11,-0.4651
23,2020-W24,4,USR_005,3,STK_005,0.0,-0.0
23,2020-W24,4,USR_005,4,USR_005,8e-12,1.0
23,2020-W24,4,USR_005,5,STK_003,0.0,-1.0
23,2020-W24,4,USR_005,6,USR_004,-1e-12,0.2861
23,2020-W24,4,USR_005,7,USR_007,-4e-12,0.2754
23,2020-W24,4,USR_005,8,STK_001,0.0,-0.0
23,2020-W24,4,USR_005,9,USR_008,-2.9e-11,0.4793
23,2020-W24,4,USR_005,10,USR_006,1.6e-11,-0.5506
23,2020-W24,4,USR_005,11,STK_002,0.0,-0.0
23,2020-W24,4,USR_005,12,USR_002,-0.0,0.115
23,2020-W24,4,USR_005,13,USR_010,-1e-11,0.5882
23,2020-W24,4,USR_005,14,USR_001,-1e-12,0.3683
23,2020-W24,5,STK_003,0,STK_004,0.0,-0.0
23,2020-W24,5,STK_003,1,USR_003,0.0,-0.1836
23,2020-W24,5,STK_003,2,USR_009,0.0,-0.4158
23,2020-W24,5,STK_003,3,STK_005,0.0,-0.0
23,2020-W24,5,STK_003,4,USR_005,0.0,-0.2132
23,2020-W24,5,STK_003,5,STK_003,0.0,1.0
23,2020-W24,5,STK_003,6,USR_004,0.0,-0.2274
23,2020-W24,5,STK_003,7,USR_007,-0.0,0.2948
23,2020-W24,5,STK_003,8,STK_001,0.0,-0.0
23,2020-W24,5,STK_003,9,USR_008,-0.0,0.4233
23,2020-W24,5,STK_003,10,USR_006,0.0,-0.3996
23,2020-W24,5,STK_003,11,STK_002,0.0,-0.0
23,2020-W24,5,STK_003,12,USR_002,0.0,-0.2733
23,2020-W24,5,STK_003,13,USR_010,-0.0,0.345
23,2020-W24,5,STK_003,14,USR_001,0.0,-0.1736
23,2020-W24,6,USR_004,0,STK_004,0.0,-0.0
23,2020-W24,6,USR_004,1,USR_003,1e-12,-0.9569
23,2020-W24,6,USR_004,2,USR_009,1e-11,-0.5461
23,2020-W24,6,USR_004,3,STK_005,0.0,-0.0
23,2020-W24,6,USR_004,4,USR_005,-1e-12,0.2861
23,2020-W24,6,USR_004,5,STK_003,0.0,-1.0
23,2020-W24,6,USR_004,6,USR_004,1e-12,1.0
23,2020-W24,6,USR_004,7,USR_007,-2e-12,0.4727
23,2020-W24,6,USR_004,8,STK_001,0.0,-0.0
23,2020-W24,6,USR_004,9,USR_008,-1.3e-11,0.538
23,2020-W24,6,USR_004,10,USR_006,4e-12,-0.3804
23,2020-W24,6,USR_004,11,STK_002,0.0,-0.0
23,2020-W24,6,USR_004,12,USR_002,1e-12,-0.9777
23,2020-W24,6,USR_004,13,USR_010,-3e-12,0.4213
23,2020-W24,6,USR_004,14,USR_001,1e-12,-0.976
23,2020-W24,7,USR_007,0,STK_004,0.0,-0.0
23,2020-W24,7,USR_007,1,USR_003,-2e-12,0.37
23,2020-W24,7,USR_007,2,USR_009,-6e-11,0.8046
23,2020-W24,7,USR_007,3,STK_005,0.0,-0.0
23,2020-W24,7,USR_007,4,USR_005,-4e-12,0.2754
23,2020-W24,7,USR_007,5,STK_003,-0.0,1.0
23,2020-W24,7,USR_007,6,USR_004,-2e-12,0.4727
23,2020-W24,7,USR_007,7,USR_007,2.1e-11,1.0
23,2020-W24,7,USR_007,8,STK_001,0.0,-0.0
23,2020-W24,7,USR_007,9,USR_008,6e-11,-0.6262
23,2020-W24,7,USR_007,10,USR_006,-2.5e-11,0.5371
23,2020-W24,7,USR_007,11,STK_002,0.0,-0.0
23,2020-W24,7,USR_007,12,USR_002,-3e-12,0.5568
23,2020-W24,7,USR_007,13,USR_010,1.6e-11,-0.5749
23,2020-W24,7,USR_007,14,USR_001,-2e-12,0.3688
23,2020-W24,8,STK_001,0,STK_004,0.0,-0.0
23,2020-W24,8,STK_001,1,USR_003,-0.0,0.0
23,2020-W24,8,STK_001,2,USR_009,-0.0,0.0
23,2020-W24,8,STK_001,3,STK_005,0.0,-0.0
23,2020-W24,8,STK_001,4,USR_005,-0.0,0.0
23,2020-W24,8,STK_001,5,STK_003,-0.0,0.0
23,2020-W24,8,STK_001,6,USR_004,-0.0,0.0
23,2020-W24,8,STK_001,7,USR_007,0.0,-0.0
23,2020-W24,8,STK_001,8,STK_001,0.0,1.0
23,2020-W24,8,STK_001,9,USR_008,0.0,-0.0
23,2020-W24,8,STK_001,10,USR_006,-0.0,0.0
23,2020-W24,8,STK_001,11,STK_002,0.0,-0.0
23,2020-W24,8,STK_001,12,USR_002,-0.0,0.0
23,2020-W24,8,STK_001,13,USR_010,0.0,-0.0
23,2020-W24,8,STK_001,14,USR_001,-0.0,0.0
23,2020-W24,9,USR_008,0,STK_004,0.0,-0.0
23,2020-W24,9,USR_008,1,USR_003,-9e-12,0.4576
23,2020-W24,9,USR_008,2,USR_009,-3.24e-10,0.9442
23,2020-W24,9,USR_008,3,STK_005,0.0,-0.0
23,2020-W24,9,USR_008,4,USR_005,-2.9e-11,0.4793
23,2020-W24,9,USR_008,5,STK_003,-0.0,1.0
23,2020-W24,9,USR_008,6,USR_004,-1.3e-11,0.538
23,2020-W24,9,USR_008,7,USR_007,6e-11,-0.6262
23,2020-W24,9,USR_008,8,STK_001,0.0,-0.0
23,2020-W24,9,USR_008,9,USR_008,4.43e-10,1.0
23,2020-W24,9,USR_008,10,USR_006,-2.01e-10,0.9515
23,2020-W24,9,USR_008,11,STK_002,0.0,-0.0
23,2020-W24,9,USR_008,12,USR_002,-1.7e-11,0.6401
23,2020-W24,9,USR_008,13,USR_010,9.8e-11,-0.7704
23,2020-W24,9,USR_008,14,USR_001,-9e-12,0.4236
23,2020-W24,10,USR_006,0,STK_004,0.0,-0.0
23,2020-W24,10,USR_006,1,USR_003,3e-12,-0.3319
23,2020-W24,10,USR_006,2,USR_009,1.41e-10,-0.8623
23,2020-W24,10,USR_006,3,STK_005,0.0,-0.0
23,2020-W24,10,USR_006,4,USR_005,1.6e-11,-0.5506
23,2020-W24,10,USR_006,5,STK_003,0.0,-1.0
23,2020-W24,10,USR_006,6,USR_004,4e-12,-0.3804
23,2020-W24,10,USR_006,7,USR_007,-2.5e-11,0.5371
23,2020-W24,10,USR_006,8,STK_001,0.0,-0.0
23,2020-W24,10,USR_006,9,USR_008,-2.01e-10,0.9515
23,2020-W24,10,USR_006,10,USR_006,1.01e-10,1.0
23,2020-W24,10,USR_006,11,STK_002,0.0,-0.0
23,2020-W24,10,USR_006,12,USR_002,6e-12,-0.5086
23,2020-W24,10,USR_006,13,USR_010,-4.9e-11,0.804
23,2020-W24,10,USR_006,14,USR_001,3e-12,-0.2871
23,2020-W24,11,STK_002,0,STK_004,0.0,-0.0
23,2020-W24,11,STK_002,1,USR_003,0.0,-0.0
23,2020-W24,11,STK_002,2,USR_009,0.0,-0.0
23,2020-W24,11,STK_002,3,STK_005,0.0,-0.0
23,2020-W24,11,STK_002,4,USR_005,0.0,-0.0
23,2020-W24,11,STK_002,5,STK_003,0.0,-0.0
23,2020-W24,11,STK_002,6,USR_004,0.0,-0.0
23,2020-W24,11,STK_002,7,USR_007,0.0,-0.0
23,2020-W24,11,STK_002,8,STK_001,0.0,-0.0
23,2020-W24,11,STK_002,9,USR_008,0.0,-0.0
23,2020-W24,11,STK_002,10,USR_006,0.0,-0.0
23,2020-W24,11,STK_002,11,STK_002,0.0,1.0
23,2020-W24,11,STK_002,12,USR_002,0.0,-0.0
23,2020-W24,11,STK_002,13,USR_010,0.0,-0.0
23,2020-W24,11,STK_002,14,USR_001,0.0,-0.0
23,2020-W24,12,USR_002,0,STK_004,0.0,-0.0
23,2020-W24,12,USR_002,1,USR_003,1e-12,-0.9355
23,2020-W24,12,USR_002,2,USR_009,1.3e-11,-0.6499
23,2020-W24,12,USR_002,3,STK_005,0.0,-0.0
23,2020-W24,12,USR_002,4,USR_005,-0.0,0.115
23,2020-W24,12,USR_002,5,STK_003,0.0,-1.0
23,2020-W24,12,USR_002,6,USR_004,1e-12,-0.9777
23,2020-W24,12,USR_002,7,USR_007,-3e-12,0.5568
23,2020-W24,12,USR_002,8,STK_001,0.0,-0.0
23,2020-W24,12,USR_002,9,USR_008,-1.7e-11,0.6401
23,2020-W24,12,USR_002,10,USR_006,6e-12,-0.5086
23,2020-W24,12,USR_002,11,STK_002,0.0,-0.0
23,2020-W24,12,USR_002,12,USR_002,2e-12,1.0
23,2020-W24,12,USR_002,13,USR_010,-4e-12,0.5703
23,2020-W24,12,USR_002,14,USR_001,1e-12,-0.944
23,2020-W24,13,USR_010,0,STK_004,0.0,-0.0
23,2020-W24,13,USR_010,1,USR_003,-2e-12,0.2943
23,2020-W24,13,USR_010,2,USR_009,-8e-11,0.8183
23,2020-W24,13,USR_010,3,STK_005,0.0,-0.0
23,2020-W24,13,USR_010,4,USR_005,-1e-11,0.5882
23,2020-W24,13,USR_010,5,STK_003,-0.0,1.0
23,2020-W24,13,USR_010,6,USR_004,-3e-12,0.4213
23,2020-W24,13,USR_010,7,USR_007,1.6e-11,-0.5749
23,2020-W24,13,USR_010,8,STK_001,0.0,-0.0
23,2020-W24,13,USR_010,9,USR_008,9.8e-11,-0.7704
23,2020-W24,13,USR_010,10,USR_006,-4.9e-11,0.804
23,2020-W24,13,USR_010,11,STK_002,0.0,-0.0
23,2020-W24,13,USR_010,12,USR_002,-4e-12,0.5703
23,2020-W24,13,USR_010,13,USR_010,3.6e-11,1.0
23,2020-W24,13,USR_010,14,USR_001,-2e-12,0.3181
23,2020-W24,14,USR_001,0,STK_004,0.0,-0.0
23,2020-W24,14,USR_001,1,USR_003,1e-12,-0.9869
23,2020-W24,14,USR_001,2,USR_009,6e-12,-0.4042
23,2020-W24,14,USR_001,3,STK_005,0.0,-0.0
23,2020-W24,14,USR_001,4,USR_005,-1e-12,0.3683
23,2020-W24,14,USR_001,5,STK_003,0.0,-0.9582
23,2020-W24,14,USR_001,6,USR_004,1e-12,-0.976
23,2020-W24,14,USR_001,7,USR_007,-2e-12,0.3688
23,2020-W24,14,USR_001,8,STK_001,0.0,-0.0
23,2020-W24,14,USR_001,9,USR_008,-9e-12,0.4236
23,2020-W24,14,USR_001,10,USR_006,3e-12,-0.2871
23,2020-W24,14,USR_001,11,STK_002,0.0,-0.0
23,2020-W24,14,USR_001,12,USR_002,1e-12,-0.944
23,2020-W24,14,USR_001,13,USR_010,-2e-12,0.3181
23,2020-W24,14,USR_001,14,USR_001,1e-12,1.0
24,2020-W25,0,STK_004,0,STK_004,0.0,1.0
24,2020-W25,0,STK_004,1,USR_003,0.0,-0.0
24,2020-W25,0,STK_004,2,USR_009,0.0,-0.0
24,2020-W25,0,STK_004,3,STK_005,0.0,-0.0
24,2020-W25,0,STK_004,4,USR_005,0.0,-0.0
24,2020-W25,0,STK_004,5,STK_003,0.0,-0.0
24,2020-W25,0,STK_004,6,USR_004,0.0,-0.0
24,2020-W25,0,STK_004,7,USR_007,0.0,-0.0
24,2020-W25,0,STK_004,8,STK_001,0.0,-0.0
24,2020-W25,0,STK_004,9,USR_008,0.0,-0.0
24,2020-W25,0,STK_004,10,USR_006,0.0,-0.0
24,2020-W25,0,STK_004,11,STK_002,0.0,-0.0
24,2020-W25,0,STK_004,12,USR_002,0.0,-0.0
24,2020-W25,0,STK_004,13,USR_010,0.0,-0.0
24,2020-W25,0,STK_004,14,USR_001,0.0,-0.0
24,2020-W25,1,USR_003,0,STK_004,0.0,-0.0
24,2020-W25,1,USR_003,1,USR_003,1e-12,1.0
24,2020-W25,1,USR_003,2,USR_009,-1e-12,0.1584
24,2020-W25,1,USR_003,3,STK_005,0.0,-0.0
24,2020-W25,1,USR_003,4,USR_005,-5e-12,0.8123
24,2020-W25,1,USR_003,5,STK_003,0.0,-0.72
24,2020-W25,1,USR_003,6,USR_004,1e-12,-0.9587
24,2020-W25,1,USR_003,7,USR_007,0.0,-0.108
24,2020-W25,1,USR_003,8,STK_001,0.0,-0.0
24,2020-W25,1,USR_003,9,USR_008,-2e-12,0.4224
24,2020-W25,1,USR_003,10,USR_006,-0.0,0.0611
24,2020-W25,1,USR_003,11,STK_002,0.0,-0.0
24,2020-W25,1,USR_003,12,USR_002,1e-12,-0.9149
24,2020-W25,1,USR_003,13,USR_010,3e-12,-0.5476
24,2020-W25,1,USR_003,14,USR_001,1e-12,-0.9887
24,2020-W25,2,USR_009,0,STK_004,0.0,-0.0
24,2020-W25,2,USR_009,1,USR_003,-1e-12,0.1584
24,2020-W25,2,USR_009,2,USR_009,3e-11,1.0
24,2020-W25,2,USR_009,3,STK_005,0.0,-0.0
24,2020-W25,2,USR_009,4,USR_005,5e-12,-0.1518
24,2020-W25,2,USR_009,5,STK_003,-0.0,0.2403
24,2020-W25,2,USR_009,6,USR_004,0.0,-0.0475
24,2020-W25,2,USR_009,7,USR_007,-1.6e-11,0.7966
24,2020-W25,2,USR_009,8,STK_001,0.0,-0.0
24,2020-W25,2,USR_009,9,USR_008,-1e-12,0.0644
24,2020-W25,2,USR_009,10,USR_006,-8e-12,0.4409
24,2020-W25,2,USR_009,11,STK_002,0.0,-0.0
24,2020-W25,2,USR_009,12,USR_002,1e-12,-0.0953
24,2020-W25,2,USR_009,13,USR_010,-1e-11,0.3225
24,2020-W25,2,USR_009,14,USR_001,-0.0,0.0801
24,2020-W25,3,STK_005,0,STK_004,0.0,-0.0
24,2020-W25,3,STK_005,1,USR_003,0.0,-0.0
24,2020-W25,3,STK_005,2,USR_009,0.0,-0.0
24,2020-W25,3,STK_005,3,STK_005,0.0,1.0
24,2020-W25,3,STK_005,4,USR_005,-0.0,0.0
24,2020-W25,3,STK_005,5,STK_003,0.0,-0.0
24,2020-W25,3,STK_005,6,USR_004,0.0,-0.0
24,2020-W25,3,STK_005,7,USR_007,-0.0,0.0
24,2020-W25,3,STK_005,8,STK_001,0.0,-0.0
24,2020-W25,3,STK_005,9,USR_008,-0.0,0.0
24,2020-W25,3,STK_005,10,USR_006,-0.0,0.0
24,2020-W25,3,STK_005,11,STK_002,0.0,-0.0
24,2020-W25,3,STK_005,12,USR_002,0.0,-0.0
24,2020-W25,3,STK_005,13,USR_010,0.0,-0.0
24,2020-W25,3,STK_005,14,USR_001,0.0,-0.0
24,2020-W25,4,USR_005,0,STK_004,0.0,-0.0
24,2020-W25,4,USR_005,1,USR_003,-5e-12,0.8123
24,2020-W25,4,USR_005,2,USR_009,5e-12,-0.1518
24,2020-W25,4,USR_005,3,STK_005,0.0,-0.0
24,2020-W25,4,USR_005,4,USR_005,3.7e-11,1.0
24,2020-W25,4,USR_005,5,STK_003,-0.0,0.9355
24,2020-W25,4,USR_005,6,USR_004,-5e-12,0.7498
24,2020-W25,4,USR_005,7,USR_007,-6e-12,0.2524
24,2020-W25,4,USR_005,8,STK_001,0.0,-0.0
24,2020-W25,4,USR_005,9,USR_008,1.2e-11,-0.5707
24,2020-W25,4,USR_005,10,USR_006,-4e-12,0.1948
24,2020-W25,4,USR_005,11,STK_002,0.0,-0.0
24,2020-W25,4,USR_005,12,USR_002,-4e-12,0.5976
24,2020-W25,4,USR_005,13,USR_010,-2.6e-11,0.7842
24,2020-W25,4,USR_005,14,USR_001,-5e-12,0.7831
24,2020-W25,5,STK_003,0,STK_004,0.0,-0.0
24,2020-W25,5,STK_003,1,USR_003,0.0,-0.6787
24,2020-W25,5,STK_003,2,USR_009,-0.0,0.1918
24,2020-W25,5,STK_003,3,STK_005,0.0,-0.0
24,2020-W25,5,STK_003,4,USR_005,-0.0,0.8813
24,2020-W25,5,STK_003,5,STK_003,0.0,1.0
24,2020-W25,5,STK_003,6,USR_004,0.0,-0.6077
24,2020-W25,5,STK_003,7,USR_007,0.0,-0.3479
24,2020-W25,5,STK_003,8,STK_001,0.0,-0.0
24,2020-W25,5,STK_003,9,USR_008,-0.0,0.7076
24,2020-W25,5,STK_003,10,USR_006,0.0,-0.0756
24,2020-W25,5,STK_003,11,STK_002,0.0,-0.0
24,2020-W25,5,STK_003,12,USR_002,0.0,-0.4244
24,2020-W25,5,STK_003,13,USR_010,0.0,-0.9035
24,2020-W25,5,STK_003,14,USR_001,0.0,-0.6322
24,2020-W25,6,USR_004,0,STK_004,0.0,-0.0
24,2020-W25,6,USR_004,1,USR_003,1e-12,-0.9587
24,2020-W25,6,USR_004,2,USR_009,0.0,-0.0475
24,2020-W25,6,USR_004,3,STK_005,0.0,-0.0
24,2020-W25,6,USR_004,4,USR_005,-5e-12,0.7498
24,2020-W25,6,USR_004,5,STK_003,0.0,-0.6367
24,2020-W25,6,USR_004,6,USR_004,1e-12,1.0
24,2020-W25,6,USR_004,7,USR_007,-0.0,0.0023
24,2020-W25,6,USR_004,8,STK_001,0.0,-0.0
24,2020-W25,6,USR_004,9,USR_008,-2e-12,0.4028
24,2020-W25,6,USR_004,10,USR_006,-1e-12,0.2133
24,2020-W25,6,USR_004,11,STK_002,0.0,-0.0
24,2020-W25,6,USR_004,12,USR_002,1e-12,-0.9696
24,2020-W25,6,USR_004,13,USR_010,3e-12,-0.4094
24,2020-W25,6,USR_004,14,USR_001,1e-12,-0.9835
24,2020-W25,7,USR_007,0,STK_004,0.0,-0.0
24,2020-W25,7,USR_007,1,USR_003,0.0,-0.108
24,2020-W25,7,USR_007,2,USR_009,-1.6e-11,0.7966
24,2020-W25,7,USR_007,3,STK_005,0.0,-0.0
24,2020-W25,7,USR_007,4,USR_005,-6e-12,0.2524
24,2020-W25,7,USR_007,5,STK_003,0.0,-0.3968
24,2020-W25,7,USR_007,6,USR_004,-0.0,0.0023
24,2020-W25,7,USR_007,7,USR_007,1.4e-11,1.0
24,2020-W25,7,USR_007,8,STK_001,0.0,-0.0
24,2020-W25,7,USR_007,9,USR_008,-3e-12,0.2262
24,2020-W25,7,USR_007,10,USR_006,5e-12,-0.3959
24,2020-W25,7,USR_007,11,STK_002,0.0,-0.0
24,2020-W25,7,USR_007,12,USR_002,-0.0,0.1029
24,2020-W25,7,USR_007,13,USR_010,6e-12,-0.3122
24,2020-W25,7,USR_007,14,USR_001,0.0,-0.0693
24,2020-W25,8,STK_001,0,STK_004,0.0,-0.0
24,2020-W25,8,STK_001,1,USR_003,0.0,-0.0
24,2020-W25,8,STK_001,2,USR_009,-0.0,0.0
24,2020-W25,8,STK_001,3,STK_005,0.0,-0.0
24,2020-W25,8,STK_001,4,USR_005,-0.0,0.0
24,2020-W25,8,STK_001,5,STK_003,0.0,-0.0
24,2020-W25,8,STK_001,6,USR_004,0.0,-0.0
24,2020-W25,8,STK_001,7,USR_007,0.0,-0.0
24,2020-W25,8,STK_001,8,STK_001,0.0,1.0
24,2020-W25,8,STK_001,9,USR_008,-0.0,0.0
24,2020-W25,8,STK_001,10,USR_006,0.0,-0.0
24,2020-W25,8,STK_001,11,STK_002,0.0,-0.0
24,2020-W25,8,STK_001,12,USR_002,0.0,-0.0
24,2020-W25,8,STK_001,13,USR_010,0.0,-0.0
24,2020-W25,8,STK_001,14,USR_001,0.0,-0.0
24,2020-W25,9,USR_008,0,STK_004,0.0,-0.0
24,2020-W25,9,USR_008,1,USR_003,-2e-12,0.4224
24,2020-W25,9,USR_008,2,USR_009,-1e-12,0.0644
24,2020-W25,9,USR_008,3,STK_005,0.0,-0.0
24,2020-W25,9,USR_008,4,USR_005,1.2e-11,-0.5707
24,2020-W25,9,USR_008,5,STK_003,-0.0,0.7444
24,2020-W25,9,USR_008,6,USR_004,-2e-12,0.4028
24,2020-W25,9,USR_008,7,USR_007,-3e-12,0.2262
24,2020-W25,9,USR_008,8,STK_001,0.0,-0.0
24,2020-W25,9,USR_008,9,USR_008,1.3e-11,1.0
24,2020-W25,9,USR_008,10,USR_006,-3e-12,0.283
24,2020-W25,9,USR_008,11,STK_002,0.0,-0.0
24,2020-W25,9,USR_008,12,USR_002,-1e-12,0.2618
24,2020-W25,9,USR_008,13,USR_010,-1.2e-11,0.6219
24,2020-W25,9,USR_008,14,USR_001,-1e-12,0.3899
24,2020-W25,10,USR_006,0,STK_004,0.0,-0.0
24,2020-W25,10,USR_006,1,USR_003,-0.0,0.0611
24,2020-W25,10,USR_006,2,USR_009,-8e-12,0.4409
24,2020-W25,10,USR_006,3,STK_005,0.0,-0.0
24,2020-W25,10,USR_006,4,USR_005,-4e-12,0.1948
24,2020-W25,10,USR_006,5,STK_003,0.0,-0.1065
24,2020-W25,10,USR_006,6,USR_004,-1e-12,0.2133
24,2020-W25,10,USR_006,7,USR_007,5e-12,-0.3959
24,2020-W25,10,USR_006,8,STK_001,0.0,-0.0
24,2020-W25,10,USR_006,9,USR_008,-3e-12,0.283
24,2020-W25,10,USR_006,10,USR_006,1e-11,1.0
24,2020-W25,10,USR_006,11,STK_002,0.0,-0.0
24,2020-W25,10,USR_006,12,USR_002,-1e-12,0.2715
24,2020-W25,10,USR_006,13,USR_010,2e-12,-0.135
24,2020-W25,10,USR_006,14,USR_001,-0.0,0.1226
24,2020-W25,11,STK_002,0,STK_004,0.0,-0.0
24,2020-W25,11,STK_002,1,USR_003,0.0,-0.0
24,2020-W25,11,STK_002,2,USR_009,0.0,-0.0
24,2020-W25,11,STK_002,3,STK_005,0.0,-0.0
24,2020-W25,11,STK_002,4,USR_005,0.0,-0.0
24,2020-W25,11,STK_002,5,STK_003,0.0,-0.0
24,2020-W25,11,STK_002,6,USR_004,0.0,-0.0
24,2020-W25,11,STK_002,7,USR_007,0.0,-0.0
24,2020-W25,11,STK_002,8,STK_001,0.0,-0.0
24,2020-W25,11,STK_002,9,USR_008,0.0,-0.0
24,2020-W25,11,STK_002,10,USR_006,0.0,-0.0
24,2020-W25,11,STK_002,11,STK_002,0.0,1.0
24,2020-W25,11,STK_002,12,USR_002,0.0,-0.0
24,2020-W25,11,STK_002,13,USR_010,0.0,-0.0
24,2020-W25,11,STK_002,14,USR_001,0.0,-0.0
24,2020-W25,12,USR_002,0,STK_004,0.0,-0.0
24,2020-W25,12,USR_002,1,USR_003,1e-12,-0.9149
24,2020-W25,12,USR_002,2,USR_009,1e-12,-0.0953
24,2020-W25,12,USR_002,3,STK_005,0.0,-0.0
24,2020-W25,12,USR_002,4,USR_005,-4e-12,0.5976
24,2020-W25,12,USR_002,5,STK_003,0.0,-0.4419
24,2020-W25,12,USR_002,6,USR_004,1e-12,-0.9696
24,2020-W25,12,USR_002,7,USR_007,-0.0,0.1029
24,2020-W25,12,USR_002,8,STK_001,0.0,-0.0
24,2020-W25,12,USR_002,9,USR_008,-1e-12,0.2618
24,2020-W25,12,USR_002,10,USR_006,-1e-12,0.2715
24,2020-W25,12,USR_002,11,STK_002,0.0,-0.0
24,2020-W25,12,USR_002,12,USR_002,1e-12,1.0
24,2020-W25,12,USR_002,13,USR_010,1e-12,-0.2157
24,2020-W25,12,USR_002,14,USR_001,1e-12,-0.9482
24,2020-W25,13,USR_010,0,STK_004,0.0,-0.0
24,2020-W25,13,USR_010,1,USR_003,3e-12,-0.5475
24,2020-W25,13,USR_010,2,USR_009,-1e-11,0.3225
24,2020-W25,13,USR_010,3,STK_005,0.0,-0.0
24,2020-W25,13,USR_010,4,USR_005,-2.6e-11,0.7842
24,2020-W25,13,USR_010,5,STK_003,0.0,-0.9618
24,2020-W25,13,USR_010,6,USR_004,3e-12,-0.4094
24,2020-W25,13,USR_010,7,USR_007,6e-12,-0.3122
24,2020-W25,13,USR_010,8,STK_001,0.0,-0.0
24,2020-W25,13,USR_010,9,USR_008,-1.2e-11,0.6219
24,2020-W25,13,USR_010,10,USR_006,2e-12,-0.135
24,2020-W25,13,USR_010,11,STK_002,0.0,-0.0
24,2020-W25,13,USR_010,12,USR_002,1e-12,-0.2157
24,2020-W25,13,USR_010,13,USR_010,2.9e-11,1.0
24,2020-W25,13,USR_010,14,USR_001,3e-12,-0.4645
24,2020-W25,14,USR_001,0,STK_004,0.0,-0.0
24,2020-W25,14,USR_001,1,USR_003,1e-12,-0.9887
24,2020-W25,14,USR_001,2,USR_009,-0.0,0.0801
24,2020-W25,14,USR_001,3,STK_005,0.0,-0.0
24,2020-W25,14,USR_001,4,USR_005,-5e-12,0.7831
24,2020-W25,14,USR_001,5,STK_003,0.0,-0.6679
24,2020-W25,14,USR_001,6,USR_004,1e-12,-0.9835
24,2020-W25,14,USR_001,7,USR_007,0.0,-0.0693
24,2020-W25,14,USR_001,8,STK_001,0.0,-0.0
24,2020-W25,14,USR_001,9,USR_008,-1e-12,0.3899
24,2020-W25,14,USR_001,10,USR_006,-0.0,0.1226
24,2020-W25,14,USR_001,11,STK_002,0.0,-0.0
24,2020-W25,14,USR_001,12,USR_002,1e-12,-0.9482
24,2020-W25,14,USR_001,13,USR_010,3e-12,-0.4645
24,2020-W25,14,USR_001,14,USR_001,1e-12,1.0
25,2020-W26,0,STK_004,0,STK_004,0.0,1.0
25,2020-W26,0,STK_004,1,USR_003,0.0,-0.0
25,2020-W26,0,STK_004,2,USR_009,0.0,-0.0
25,2020-W26,0,STK_004,3,STK_005,0.0,-0.0
25,2020-W26,0,STK_004,4,USR_005,0.0,-0.0
25,2020-W26,0,STK_004,5,STK_003,0.0,-0.0
25,2020-W26,0,STK_004,6,USR_004,0.0,-0.0
25,2020-W26,0,STK_004,7,USR_007,0.0,-0.0
25,2020-W26,0,STK_004,8,STK_001,0.0,-0.0
25,2020-W26,0,STK_004,9,USR_008,0.0,-0.0
25,2020-W26,0,STK_004,10,USR_006,0.0,-0.0
25,2020-W26,0,STK_004,11,STK_002,0.0,-0.0
25,2020-W26,0,STK_004,12,USR_002,0.0,-0.0
25,2020-W26,0,STK_004,13,USR_010,0.0,-0.0
25,2020-W26,0,STK_004,14,USR_001,0.0,-0.0
25,2020-W26,1,USR_003,0,STK_004,0.0,-0.0
25,2020-W26,1,USR_003,1,USR_003,2e-12,1.0
25,2020-W26,1,USR_003,2,USR_009,6e-12,-0.4719
25,2020-W26,1,USR_003,3,STK_005,0.0,-0.0
25,2020-W26,1,USR_003,4,USR_005,-2e-11,0.911
25,2020-W26,1,USR_003,5,STK_003,0.0,-0.9657
25,2020-W26,1,USR_003,6,USR_004,2e-12,-0.9784
25,2020-W26,1,USR_003,7,USR_007,1e-12,-0.1084
25,2020-W26,1,USR_003,8,STK_001,0.0,-0.0
25,2020-W26,1,USR_003,9,USR_008,-1e-12,0.212
25,2020-W26,1,USR_003,10,USR_006,-0.0,0.0236
25,2020-W26,1,USR_003,11,STK_002,0.0,-0.0
25,2020-W26,1,USR_003,12,USR_002,2e-12,-0.9627
25,2020-W26,1,USR_003,13,USR_010,5e-12,-0.53
25,2020-W26,1,USR_003,14,USR_001,2e-12,-0.9946
25,2020-W26,2,USR_009,0,STK_004,0.0,-0.0
25,2020-W26,2,USR_009,1,USR_003,6e-12,-0.4719
25,2020-W26,2,USR_009,2,USR_009,6.3e-11,1.0
25,2020-W26,2,USR_009,3,STK_005,0.0,-0.0
25,2020-W26,2,USR_009,4,USR_005,-6.7e-11,0.606
25,2020-W26,2,USR_009,5,STK_003,0.0,-0.7423
25,2020-W26,2,USR_009,6,USR_004,7e-12,-0.5309
25,2020-W26,2,USR_009,7,USR_007,-1.5e-11,0.5112
25,2020-W26,2,USR_009,8,STK_001,0.0,-0.0
25,2020-W26,2,USR_009,9,USR_008,1e-12,-0.058
25,2020-W26,2,USR_009,10,USR_006,-7e-12,0.2893
25,2020-W26,2,USR_009,11,STK_002,0.0,-0.0
25,2020-W26,2,USR_009,12,USR_002,7e-12,-0.5879
25,2020-W26,2,USR_009,13,USR_010,-2e-12,0.0447
25,2020-W26,2,USR_009,14,USR_001,6e-12,-0.4951
25,2020-W26,3,STK_005,0,STK_004,0.0,-0.0
25,2020-W26,3,STK_005,1,USR_003,0.0,-0.0
25,2020-W26,3,STK_005,2,USR_009,0.0,-0.0
25,2020-W26,3,STK_005,3,STK_005,0.0,1.0
25,2020-W26,3,STK_005,4,USR_005,-0.0,0.0
25,2020-W26,3,STK_005,5,STK_003,0.0,-0.0
25,2020-W26,3,STK_005,6,USR_004,0.0,-0.0
25,2020-W26,3,STK_005,7,USR_007,0.0,-0.0
25,2020-W26,3,STK_005,8,STK_001,0.0,-0.0
25,2020-W26,3,STK_005,9,USR_008,-0.0,0.0
25,2020-W26,3,STK_005,10,USR_006,0.0,-0.0
25,2020-W26,3,STK_005,11,STK_002,0.0,-0.0
25,2020-W26,3,STK_005,12,USR_002,0.0,-0.0
25,2020-W26,3,STK_005,13,USR_010,0.0,-0.0
25,2020-W26,3,STK_005,14,USR_001,0.0,-0.0
25,2020-W26,4,USR_005,0,STK_004,0.0,-0.0
25,2020-W26,4,USR_005,1,USR_003,-2e-11,0.911
25,2020-W26,4,USR_005,2,USR_009,-6.7e-11,0.606
25,2020-W26,4,USR_005,3,STK_005,0.0,-0.0
25,2020-W26,4,USR_005,4,USR_005,1.92e-10,1.0
25,2020-W26,4,USR_005,5,STK_003,-0.0,1.0
25,2020-W26,4,USR_005,6,USR_004,-1.9e-11,0.867
25,2020-W26,4,USR_005,7,USR_007,-8e-12,0.1574
25,2020-W26,4,USR_005,8,STK_001,0.0,-0.0
25,2020-W26,4,USR_005,9,USR_008,8e-12,-0.1931
25,2020-W26,4,USR_005,10,USR_006,-5e-12,0.1245
25,2020-W26,4,USR_005,11,STK_002,0.0,-0.0
25,2020-W26,4,USR_005,12,USR_002,-1.8e-11,0.8487
25,2020-W26,4,USR_005,13,USR_010,-4.2e-11,0.5541
25,2020-W26,4,USR_005,14,USR_001,-2e-11,0.8942
25,2020-W26,5,STK_003,0,STK_004,0.0,-0.0
25,2020-W26,5,STK_003,1,USR_003,0.0,-0.832
25,2020-W26,5,STK_003,2,USR_009,0.0,-0.6353
25,2020-W26,5,STK_003,3,STK_005,0.0,-0.0
25,2020-W26,5,STK_003,4,USR_005,-0.0,0.9211
25,2020-W26,5,STK_003,5,STK_003,0.0,1.0
25,2020-W26,5,STK_003,6,USR_004,0.0,-0.8037
25,2020-W26,5,STK_003,7,USR_007,0.0,-0.0672
25,2020-W26,5,STK_003,8,STK_001,0.0,-0.0
25,2020-W26,5,STK_003,9,USR_008,-0.0,0.1997
25,2020-W26,5,STK_003,10,USR_006,0.0,-0.0468
25,2020-W26,5,STK_003,11,STK_002,0.0,-0.0
25,2020-W26,5,STK_003,12,USR_002,0.0,-0.7883
25,2020-W26,5,STK_003,13,USR_010,0.0,-0.4998
25,2020-W26,5,STK_003,14,USR_001,0.0,-0.8201
25,2020-W26,6,USR_004,0,STK_004,0.0,-0.0
25,2020-W26,6,USR_004,1,USR_003,2e-12,-0.9784
25,2020-W26,6,USR_004,2,USR_009,7e-12,-0.5309
25,2020-W26,6,USR_004,3,STK_005,0.0,-0.0
25,2020-W26,6,USR_004,4,USR_005,-1.9e-11,0.8669
25,2020-W26,6,USR_004,5,STK_003,0.0,-0.9334
25,2020-W26,6,USR_004,6,USR_004,3e-12,1.0
25,2020-W26,6,USR_004,7,USR_007,0.0,-0.0312
25,2020-W26,6,USR_004,8,STK_001,0.0,-0.0
25,2020-W26,6,USR_004,9,USR_008,-1e-12,0.201
25,2020-W26,6,USR_004,10,USR_006,-1e-12,0.1515
25,2020-W26,6,USR_004,11,STK_002,0.0,-0.0
25,2020-W26,6,USR_004,12,USR_002,2e-12,-0.9836
25,2020-W26,6,USR_004,13,USR_010,4e-12,-0.4462
25,2020-W26,6,USR_004,14,USR_001,3e-12,-0.9915
25,2020-W26,7,USR_007,0,STK_004,0.0,-0.0
25,2020-W26,7,USR_007,1,USR_003,1e-12,-0.1084
25,2020-W26,7,USR_007,2,USR_009,-1.5e-11,0.5112
25,2020-W26,7,USR_007,3,STK_005,0.0,-0.0
25,2020-W26,7,USR_007,4,USR_005,-8e-12,0.1574
25,2020-W26,7,USR_007,5,STK_003,0.0,-0.0724
25,2020-W26,7,USR_007,6,USR_004,0.0,-0.0312
25,2020-W26,7,USR_007,7,USR_007,1.4e-11,1.0
25,2020-W26,7,USR_007,8,STK_001,0.0,-0.0
25,2020-W26,7,USR_007,9,USR_008,-3e-12,0.2439
25,2020-W26,7,USR_007,10,USR_006,4e-12,-0.3998
25,2020-W26,7,USR_007,11,STK_002,0.0,-0.0
25,2020-W26,7,USR_007,12,USR_002,-0.0,0.031
25,2020-W26,7,USR_007,13,USR_010,6e-12,-0.3128
25,2020-W26,7,USR_007,14,USR_001,0.0,-0.0833
25,2020-W26,8,STK_001,0,STK_004,0.0,-0.0
25,2020-W26,8,STK_001,1,USR_003,-0.0,0.0
25,2020-W26,8,STK_001,2,USR_009,-0.0,0.0
25,2020-W26,8,STK_001,3,STK_005,0.0,-0.0
25,2020-W26,8,STK_001,4,USR_005,0.0,-0.0
25,2020-W26,8,STK_001,5,STK_003,-0.0,0.0
25,2020-W26,8,STK_001,6,USR_004,-0.0,0.0
25,2020-W26,8,STK_001,7,USR_007,-0.0,0.0
25,2020-W26,8,STK_001,8,STK_001,0.0,1.0
25,2020-W26,8,STK_001,9,USR_008,0.0,-0.0
25,2020-W26,8,STK_001,10,USR_006,-0.0,0.0
25,2020-W26,8,STK_001,11,STK_002,0.0,-0.0
25,2020-W26,8,STK_001,12,USR_002,-0.0,0.0
25,2020-W26,8,STK_001,13,USR_010,-0.0,0.0
25,2020-W26,8,STK_001,14,USR_001,-0.0,0.0
25,2020-W26,9,USR_008,0,STK_004,0.0,-0.0
25,2020-W26,9,USR_008,1,USR_003,-1e-12,0.212
25,2020-W26,9,USR_008,2,USR_009,1e-12,-0.058
25,2020-W26,9,USR_008,3,STK_005,0.0,-0.0
25,2020-W26,9,USR_008,4,USR_005,8e-12,-0.1931
25,2020-W26,9,USR_008,5,STK_003,-0.0,0.2276
25,2020-W26,9,USR_008,6,USR_004,-1e-12,0.201
25,2020-W26,9,USR_008,7,USR_007,-3e-12,0.2439
25,2020-W26,9,USR_008,8,STK_001,0.0,-0.0
25,2020-W26,9,USR_008,9,USR_008,8e-12,1.0
25,2020-W26,9,USR_008,10,USR_006,-1e-12,0.1691
25,2020-W26,9,USR_008,11,STK_002,0.0,-0.0
25,2020-W26,9,USR_008,12,USR_002,-0.0,0.0816
25,2020-W26,9,USR_008,13,USR_010,-1e-11,0.6316
25,2020-W26,9,USR_008,14,USR_001,-1e-12,0.1972
25,2020-W26,10,USR_006,0,STK_004,0.0,-0.0
25,2020-W26,10,USR_006,1,USR_003,-0.0,0.0236
25,2020-W26,10,USR_006,2,USR_009,-7e-12,0.2893
25,2020-W26,10,USR_006,3,STK_005,0.0,-0.0
25,2020-W26,10,USR_006,4,USR_005,-5e-12,0.1245
25,2020-W26,10,USR_006,5,STK_003,0.0,-0.0532
25,2020-W26,10,USR_006,6,USR_004,-1e-12,0.1515
25,2020-W26,10,USR_006,7,USR_007,4e-12,-0.3998
25,2020-W26,10,USR_006,8,STK_001,0.0,-0.0
25,2020-W26,10,USR_006,9,USR_008,-1e-12,0.1691
25,2020-W26,10,USR_006,10,USR_006,9e-12,1.0
25,2020-W26,10,USR_006,11,STK_002,0.0,-0.0
25,2020-W26,10,USR_006,12,USR_002,-1e-12,0.1663
25,2020-W26,10,USR_006,13,USR_010,2e-12,-0.1152
25,2020-W26,10,USR_006,14,USR_001,-0.0,0.0679
25,2020-W26,11,STK_002,0,STK_004,0.0,-0.0
25,2020-W26,11,STK_002,1,USR_003,0.0,-0.0
25,2020-W26,11,STK_002,2,USR_009,0.0,-0.0
25,2020-W26,11,STK_002,3,STK_005,0.0,-0.0
25,2020-W26,11,STK_002,4,USR_005,0.0,-0.0
25,2020-W26,11,STK_002,5,STK_003,0.0,-0.0
25,2020-W26,11,STK_002,6,USR_004,0.0,-0.0
25,2020-W26,11,STK_002,7,USR_007,0.0,-0.0
25,2020-W26,11,STK_002,8,STK_001,0.0,-0.0
25,2020-W26,11,STK_002,9,USR_008,0.0,-0.0
25,2020-W26,11,STK_002,10,USR_006,0.0,-0.0
25,2020-W26,11,STK_002,11,STK_002,0.0,1.0
25,2020-W26,11,STK_002,12,USR_002,0.0,-0.0
25,2020-W26,11,STK_002,13,USR_010,0.0,-0.0
25,2020-W26,11,STK_002,14,USR_001,0.0,-0.0
25,2020-W26,12,USR_002,0,STK_004,0.0,-0.0
25,2020-W26,12,USR_002,1,USR_003,2e-12,-0.9627
25,2020-W26,12,USR_002,2,USR_009,7e-12,-0.5879
25,2020-W26,12,USR_002,3,STK_005,0.0,-0.0
25,2020-W26,12,USR_002,4,USR_005,-1.8e-11,0.8487
25,2020-W26,12,USR_002,5,STK_003,0.0,-0.9165
25,2020-W26,12,USR_002,6,USR_004,2e-12,-0.9836
25,2020-W26,12,USR_002,7,USR_007,-0.0,0.031
25,2020-W26,12,USR_002,8,STK_001,0.0,-0.0
25,2020-W26,12,USR_002,9,USR_008,-0.0,0.0816
25,2020-W26,12,USR_002,10,USR_006,-1e-12,0.1663
25,2020-W26,12,USR_002,11,STK_002,0.0,-0.0
25,2020-W26,12,USR_002,12,USR_002,2e-12,1.0
25,2020-W26,12,USR_002,13,USR_010,3e-12,-0.3153
25,2020-W26,12,USR_002,14,USR_001,2e-12,-0.9764
25,2020-W26,13,USR_010,0,STK_004,0.0,-0.0
25,2020-W26,13,USR_010,1,USR_003,5e-12,-0.53
25,2020-W26,13,USR_010,2,USR_009,-2e-12,0.0447
25,2020-W26,13,USR_010,3,STK_005,0.0,-0.0
25,2020-W26,13,USR_010,4,USR_005,-4.2e-11,0.5541
25,2020-W26,13,USR_010,5,STK_003,0.0,-0.5752
25,2020-W26,13,USR_010,6,USR_004,4e-12,-0.4462
25,2020-W26,13,USR_010,7,USR_007,6e-12,-0.3128
25,2020-W26,13,USR_010,8,STK_001,0.0,-0.0
25,2020-W26,13,USR_010,9,USR_008,-1e-11,0.6316
25,2020-W26,13,USR_010,10,USR_006,2e-12,-0.1152
25,2020-W26,13,USR_010,11,STK_002,0.0,-0.0
25,2020-W26,13,USR_010,12,USR_002,3e-12,-0.3153
25,2020-W26,13,USR_010,13,USR_010,3.1e-11,1.0
25,2020-W26,13,USR_010,14,USR_001,4e-12,-0.4805
25,2020-W26,14,USR_001,0,STK_004,0.0,-0.0
25,2020-W26,14,USR_001,1,USR_003,2e-12,-0.9946
25,2020-W26,14,USR_001,2,USR_009,6e-12,-0.4951
25,2020-W26,14,USR_001,3,STK_005,0.0,-0.0
25,2020-W26,14,USR_001,4,USR_005,-2e-11,0.8942
25,2020-W26,14,USR_001,5,STK_003,0.0,-0.9522
25,2020-W26,14,USR_001,6,USR_004,3e-12,-0.9915
25,2020-W26,14,USR_001,7,USR_007,0.0,-0.0833
25,2020-W26,14,USR_001,8,STK_001,0.0,-0.0
25,2020-W26,14,USR_001,9,USR_008,-1e-12,0.1972
25,2020-W26,14,USR_001,10,USR_006,-0.0,0.0679
25,2020-W26,14,USR_001,11,STK_002,0.0,-0.0
25,2020-W26,14,USR_001,12,USR_002,2e-12,-0.9764
25,2020-W26,14,USR_001,13,USR_010,4e-12,-0.4805
25,2020-W26,14,USR_001,14,USR_001,3e-12,1.0
26,2020-W27,0,STK_004,0,STK_004,0.0,1.0
26,2020-W27,0,STK_004,1,USR_003,0.0,-0.9427
26,2020-W27,0,STK_004,2,USR_009,0.0,-0.7537
26,2020-W27,0,STK_004,3,STK_005,0.0,-0.0
26,2020-W27,0,STK_004,4,USR_005,-0.0,0.9955
26,2020-W27,0,STK_004,5,STK_003,0.0,-0.6711
26,2020-W27,0,STK_004,6,USR_004,0.0,-0.9167
26,2020-W27,0,STK_004,7,USR_007,0.0,-0.3621
26,2020-W27,0,STK_004,8,STK_001,0.0,-0.0
26,2020-W27,0,STK_004,9,USR_008,0.0,-0.2446
26,2020-W27,0,STK_004,10,USR_006,0.0,-0.0236
26,2020-W27,0,STK_004,11,STK_002,0.0,-0.0
26,2020-W27,0,STK_004,12,USR_002,0.0,-0.9255
26,2020-W27,0,STK_004,13,USR_010,0.0,-0.1694
26,2020-W27,0,STK_004,14,USR_001,0.0,-0.9335
26,2020-W27,1,USR_003,0,STK_004,0.0,-0.9427
26,2020-W27,1,USR_003,1,USR_003,4e-12,1.0
26,2020-W27,1,USR_003,2,USR_009,1.1e-11,-0.61
26,2020-W27,1,USR_003,3,STK_005,0.0,-0.0
26,2020-W27,1,USR_003,4,USR_005,-3.6e-11,0.9474
26,2020-W27,1,USR_003,5,STK_003,0.0,-0.6308
26,2020-W27,1,USR_003,6,USR_004,4e-12,-0.9838
26,2020-W27,1,USR_003,7,USR_007,3e-12,-0.3813
26,2020-W27,1,USR_003,8,STK_001,0.0,-0.0
26,2020-W27,1,USR_003,9,USR_008,1e-12,-0.1965
26,2020-W27,1,USR_003,10,USR_006,-0.0,0.0503
26,2020-W27,1,USR_003,11,STK_002,0.0,-0.0
26,2020-W27,1,USR_003,12,USR_002,5e-12,-0.9792
26,2020-W27,1,USR_003,13,USR_010,2e-12,-0.207
26,2020-W27,1,USR_003,14,USR_001,4e-12,-0.9958
26,2020-W27,2,USR_009,0,STK_004,0.0,-0.7537
26,2020-W27,2,USR_009,1,USR_003,1.1e-11,-0.61
26,2020-W27,2,USR_009,2,USR_009,7.8e-11,1.0
26,2020-W27,2,USR_009,3,STK_005,0.0,-0.0
26,2020-W27,2,USR_009,4,USR_005,-1.1e-10,0.7008
26,2020-W27,2,USR_009,5,STK_003,0.0,-0.5129
26,2020-W27,2,USR_009,6,USR_004,1.1e-11,-0.6434
26,2020-W27,2,USR_009,7,USR_007,-8e-12,0.2101
26,2020-W27,2,USR_009,8,STK_001,0.0,-0.0
26,2020-W27,2,USR_009,9,USR_008,8e-12,-0.2703
26,2020-W27,2,USR_009,10,USR_006,-7e-12,0.2762
26,2020-W27,2,USR_009,11,STK_002,0.0,-0.0
26,2020-W27,2,USR_009,12,USR_002,1.3e-11,-0.6819
26,2020-W27,2,USR_009,13,USR_010,-7e-12,0.1483
26,2020-W27,2,USR_009,14,USR_001,1.1e-11,-0.623
26,2020-W27,3,STK_005,0,STK_004,0.0,-0.0
26,2020-W27,3,STK_005,1,USR_003,0.0,-0.0
26,2020-W27,3,STK_005,2,USR_009,0.0,-0.0
26,2020-W27,3,STK_005,3,STK_005,0.0,1.0
26,2020-W27,3,STK_005,4,USR_005,-0.0,0.0
26,2020-W27,3,STK_005,5,STK_003,0.0,-0.0
26,2020-W27,3,STK_005,6,USR_004,0.0,-0.0
26,2020-W27,3,STK_005,7,USR_007,0.0,-0.0
26,2020-W27,3,STK_005,8,STK_001,0.0,-0.0
26,2020-W27,3,STK_005,9,USR_008,0.0,-0.0
26,2020-W27,3,STK_005,10,USR_006,0.0,-0.0
26,2020-W27,3,STK_005,11,STK_002,0.0,-0.0
26,2020-W27,3,STK_005,12,USR_002,0.0,-0.0
26,2020-W27,3,STK_005,13,USR_010,0.0,-0.0
26,2020-W27,3,STK_005,14,USR_001,0.0,-0.0
26,2020-W27,4,USR_005,0,STK_004,-0.0,0.9955
26,2020-W27,4,USR_005,1,USR_003,-3.6e-11,0.9474
26,2020-W27,4,USR_005,2,USR_009,-1.1e-10,0.7008
26,2020-W27,4,USR_005,3,STK_005,0.0,-0.0
26,2020-W27,4,USR_005,4,USR_005,3.18e-10,1.0
26,2020-W27,4,USR_005,5,STK_003,-0.0,0.6717
26,2020-W27,4,USR_005,6,USR_004,-3.2e-11,0.9164
26,2020-W27,4,USR_005,7,USR_007,-3e-11,0.4019
26,2020-W27,4,USR_005,8,STK_001,0.0,-0.0
26,2020-W27,4,USR_005,9,USR_008,-1.1e-11,0.1879
26,2020-W27,4,USR_005,10,USR_006,-4e-12,0.0665
26,2020-W27,4,USR_005,11,STK_002,0.0,-0.0
26,2020-W27,4,USR_005,12,USR_002,-3.6e-11,0.9122
26,2020-W27,4,USR_005,13,USR_010,-2.5e-11,0.2491
26,2020-W27,4,USR_005,14,USR_001,-3.4e-11,0.936
26,2020-W27,5,STK_003,0,STK_004,0.0,-1.0
26,2020-W27,5,STK_003,1,USR_003,0.0,-1.0
26,2020-W27,5,STK_003,2,USR_009,0.0,-1.0
26,2020-W27,5,STK_003,3,STK_005,0.0,-0.0
26,2020-W27,5,STK_003,4,USR_005,-0.0,1.0
26,2020-W27,5,STK_003,5,STK_003,0.0,1.0
26,2020-W27,5,STK_003,6,USR_004,0.0,-1.0
26,2020-W27,5,STK_003,7,USR_007,0.0,-0.4882
26,2020-W27,5,STK_003,8,STK_001,0.0,-0.0
26,2020-W27,5,STK_003,9,USR_008,0.0,-0.2617
26,2020-W27,5,STK_003,10,USR_006,0.0,-0.0185
26,2020-W27,5,STK_003,11,STK_002,0.0,-0.0
26,2020-W27,5,STK_003,12,USR_002,0.0,-1.0
26,2020-W27,5,STK_003,13,USR_010,0.0,-0.3472
26,2020-W27,5,STK_003,14,USR_001,0.0,-1.0
26,2020-W27,6,USR_004,0,STK_004,0.0,-0.9167
26,2020-W27,6,USR_004,1,USR_003,4e-12,-0.9838
26,2020-W27,6,USR_004,2,USR_009,1.1e-11,-0.6434
26,2020-W27,6,USR_004,3,STK_005,0.0,-0.0
26,2020-W27,6,USR_004,4,USR_005,-3.2e-11,0.9164
26,2020-W27,6,USR_004,5,STK_003,0.0,-0.6172
26,2020-W27,6,USR_004,6,USR_004,4e-12,1.0
26,2020-W27,6,USR_004,7,USR_007,2e-12,-0.2957
26,2020-W27,6,USR_004,8,STK_001,0.0,-0.0
26,2020-W27,6,USR_004,9,USR_008,1e-12,-0.1608
26,2020-W27,6,USR_004,10,USR_006,-1e-12,0.1477
26,2020-W27,6,USR_004,11,STK_002,0.0,-0.0
26,2020-W27,6,USR_004,12,USR_002,4e-12,-0.9777
26,2020-W27,6,USR_004,13,USR_010,2e-12,-0.1947
26,2020-W27,6,USR_004,14,USR_001,4e-12,-0.9945
26,2020-W27,7,USR_007,0,STK_004,0.0,-0.3621
26,2020-W27,7,USR_007,1,USR_003,3e-12,-0.3813
26,2020-W27,7,USR_007,2,USR_009,-8e-12,0.2101
26,2020-W27,7,USR_007,3,STK_005,0.0,-0.0
26,2020-W27,7,USR_007,4,USR_005,-3e-11,0.4019
26,2020-W27,7,USR_007,5,STK_003,0.0,-0.2184
26,2020-W27,7,USR_007,6,USR_004,2e-12,-0.2957
26,2020-W27,7,USR_007,7,USR_007,1.7e-11,1.0
26,2020-W27,7,USR_007,8,STK_001,0.0,-0.0
26,2020-W27,7,USR_007,9,USR_008,1e-12,-0.051
26,2020-W27,7,USR_007,10,USR_006,4e-12,-0.3403
26,2020-W27,7,USR_007,11,STK_002,0.0,-0.0
26,2020-W27,7,USR_007,12,USR_002,3e-12,-0.3105
26,2020-W27,7,USR_007,13,USR_010,4e-12,-0.1536
26,2020-W27,7,USR_007,14,USR_001,3e-12,-0.3495
26,2020-W27,8,STK_001,0,STK_004,-0.0,0.0
26,2020-W27,8,STK_001,1,USR_003,-0.0,0.0
26,2020-W27,8,STK_001,2,USR_009,-0.0,0.0
26,2020-W27,8,STK_001,3,STK_005,0.0,-0.0
26,2020-W27,8,STK_001,4,USR_005,0.0,-0.0
26,2020-W27,8,STK_001,5,STK_003,-0.0,0.0
26,2020-W27,8,STK_001,6,USR_004,-0.0,0.0
26,2020-W27,8,STK_001,7,USR_007,-0.0,0.0
26,2020-W27,8,STK_001,8,STK_001,0.0,1.0
26,2020-W27,8,STK_001,9,USR_008,-0.0,0.0
26,2020-W27,8,STK_001,10,USR_006,-0.0,0.0
26,2020-W27,8,STK_001,11,STK_002,0.0,-0.0
26,2020-W27,8,STK_001,12,USR_002,-0.0,0.0
26,2020-W27,8,STK_001,13,USR_010,-0.0,0.0
26,2020-W27,8,STK_001,14,USR_001,-0.0,0.0
26,2020-W27,9,USR_008,0,STK_004,0.0,-0.2446
26,2020-W27,9,USR_008,1,USR_003,1e-12,-0.1965
26,2020-W27,9,USR_008,2,USR_009,8e-12,-0.2703
26,2020-W27,9,USR_008,3,STK_005,0.0,-0.0
26,2020-W27,9,USR_008,4,USR_005,-1.1e-11,0.1879
26,2020-W27,9,USR_008,5,STK_003,0.0,-0.099
26,2020-W27,9,USR_008,6,USR_004,1e-12,-0.1608
26,2020-W27,9,USR_008,7,USR_007,1e-12,-0.051
26,2020-W27,9,USR_008,8,STK_001,0.0,-0.0
26,2020-W27,9,USR_008,9,USR_008,1.1e-11,1.0
26,2020-W27,9,USR_008,10,USR_006,-2e-12,0.176
26,2020-W27,9,USR_008,11,STK_002,0.0,-0.0
26,2020-W27,9,USR_008,12,USR_002,2e-12,-0.3134
26,2020-W27,9,USR_008,13,USR_010,-1.3e-11,0.6709
26,2020-W27,9,USR_008,14,USR_001,1e-12,-0.183
26,2020-W27,10,USR_006,0,STK_004,0.0,-0.0236
26,2020-W27,10,USR_006,1,USR_003,-0.0,0.0503
26,2020-W27,10,USR_006,2,USR_009,-7e-12,0.2762
26,2020-W27,10,USR_006,3,STK_005,0.0,-0.0
26,2020-W27,10,USR_006,4,USR_005,-4e-12,0.0665
26,2020-W27,10,USR_006,5,STK_003,0.0,-0.0068
26,2020-W27,10,USR_006,6,USR_004,-1e-12,0.1477
26,2020-W27,10,USR_006,7,USR_007,4e-12,-0.3403
26,2020-W27,10,USR_006,8,STK_001,0.0,-0.0
26,2020-W27,10,USR_006,9,USR_008,-2e-12,0.176
26,2020-W27,10,USR_006,10,USR_006,9e-12,1.0
26,2020-W27,10,USR_006,11,STK_002,0.0,-0.0
26,2020-W27,10,USR_006,12,USR_002,-1e-12,0.1474
26,2020-W27,10,USR_006,13,USR_010,2e-12,-0.1148
26,2020-W27,10,USR_006,14,USR_001,-1e-12,0.0834
26,2020-W27,11,STK_002,0,STK_004,0.0,-0.0
26,2020-W27,11,STK_002,1,USR_003,0.0,-0.0
26,2020-W27,11,STK_002,2,USR_009,0.0,-0.0
26,2020-W27,11,STK_002,3,STK_005,0.0,-0.0
26,2020-W27,11,STK_002,4,USR_005,0.0,-0.0
26,2020-W27,11,STK_002,5,STK_003,0.0,-0.0
26,2020-W27,11,STK_002,6,USR_004,0.0,-0.0
26,2020-W27,11,STK_002,7,USR_007,0.0,-0.0
26,2020-W27,11,STK_002,8,STK_001,0.0,-0.0
26,2020-W27,11,STK_002,9,USR_008,0.0,-0.0
26,2020-W27,11,STK_002,10,USR_006,0.0,-0.0
26,2020-W27,11,STK_002,11,STK_002,0.0,1.0
26,2020-W27,11,STK_002,12,USR_002,0.0,-0.0
26,2020-W27,11,STK_002,13,USR_010,0.0,-0.0
26,2020-W27,11,STK_002,14,USR_001,0.0,-0.0
26,2020-W27,12,USR_002,0,STK_004,0.0,-0.9255
26,2020-W27,12,USR_002,1,USR_003,5e-12,-0.9792
26,2020-W27,12,USR_002,2,USR_009,1.3e-11,-0.6819
26,2020-W27,12,USR_002,3,STK_005,0.0,-0.0
26,2020-W27,12,USR_002,4,USR_005,-3.6e-11,0.9122
26,2020-W27,12,USR_002,5,STK_003,0.0,-0.61
26,2020-W27,12,USR_002,6,USR_004,4e-12,-0.9777
26,2020-W27,12,USR_002,7,USR_007,3e-12,-0.3105
26,2020-W27,12,USR_002,8,STK_001,0.0,-0.0
26,2020-W27,12,USR_002,9,USR_008,2e-12,-0.3134
26,2020-W27,12,USR_002,10,USR_006,-1e-12,0.1474
26,2020-W27,12,USR_002,11,STK_002,0.0,-0.0
26,2020-W27,12,USR_002,12,USR_002,5e-12,1.0
26,2020-W27,12,USR_002,13,USR_010,0.0,-0.028
26,2020-W27,12,USR_002,14,USR_001,4e-12,-0.9811
26,2020-W27,13,USR_010,0,STK_004,0.0,-0.1694
26,2020-W27,13,USR_010,1,USR_003,2e-12,-0.207
26,2020-W27,13,USR_010,2,USR_009,-7e-12,0.1483
26,2020-W27,13,USR_010,3,STK_005,0.0,-0.0
26,2020-W27,13,USR_010,4,USR_005,-2.5e-11,0.2491
26,2020-W27,13,USR_010,5,STK_003,0.0,-0.1791
26,2020-W27,13,USR_010,6,USR_004,2e-12,-0.1947
26,2020-W27,13,USR_010,7,USR_007,4e-12,-0.1536
26,2020-W27,13,USR_010,8,STK_001,0.0,-0.0
26,2020-W27,13,USR_010,9,USR_008,-1.3e-11,0.6709
26,2020-W27,13,USR_010,10,USR_006,2e-12,-0.1148
26,2020-W27,13,USR_010,11,STK_002,0.0,-0.0
26,2020-W27,13,USR_010,12,USR_002,0.0,-0.028
26,2020-W27,13,USR_010,13,USR_010,3.3e-11,1.0
26,2020-W27,13,USR_010,14,USR_001,2e-12,-0.1956
26,2020-W27,14,USR_001,0,STK_004,0.0,-0.9335
26,2020-W27,14,USR_001,1,USR_003,4e-12,-0.9958
26,2020-W27,14,USR_001,2,USR_009,1.1e-11,-0.623
26,2020-W27,14,USR_001,3,STK_005,0.0,-0.0
26,2020-W27,14,USR_001,4,USR_005,-3.4e-11,0.936
26,2020-W27,14,USR_001,5,STK_003,0.0,-0.6256
26,2020-W27,14,USR_001,6,USR_004,4e-12,-0.9945
26,2020-W27,14,USR_001,7,USR_007,3e-12,-0.3495
26,2020-W27,14,USR_001,8,STK_001,0.0,-0.0
26,2020-W27,14,USR_001,9,USR_008,1e-12,-0.183
26,2020-W27,14,USR_001,10,USR_006,-1e-12,0.0834
26,2020-W27,14,USR_001,11,STK_002,0.0,-0.0
26,2020-W27,14,USR_001,12,USR_002,4e-12,-0.9811
26,2020-W27,14,USR_001,13,USR_010,2e-12,-0.1956
26,2020-W27,14,USR_001,14,USR_001,4e-12,1.0
27,2020-W28,0,STK_004,0,STK_004,0.0,1.0
27,2020-W28,0,STK_004,1,USR_003,-0.0,0.8879
27,2020-W28,0,STK_004,2,USR_009,-0.0,0.653
27,2020-W28,0,STK_004,3,STK_005,0.0,-0.0
27,2020-W28,0,STK_004,4,USR_005,0.0,-0.9474
27,2020-W28,0,STK_004,5,STK_003,-0.0,0.0
27,2020-W28,0,STK_004,6,USR_004,-0.0,0.8943
27,2020-W28,0,STK_004,7,USR_007,-0.0,0.5954
27,2020-W28,0,STK_004,8,STK_001,0.0,-0.0
27,2020-W28,0,STK_004,9,USR_008,0.0,-0.5343
27,2020-W28,0,STK_004,10,USR_006,-0.0,0.4557
27,2020-W28,0,STK_004,11,STK_002,0.0,-0.0
27,2020-W28,0,STK_004,12,USR_002,-0.0,0.8228
27,2020-W28,0,STK_004,13,USR_010,-0.0,0.7618
27,2020-W28,0,STK_004,14,USR_001,-0.0,0.8899
27,2020-W28,1,USR_003,0,STK_004,-0.0,0.8879
27,2020-W28,1,USR_003,1,USR_003,6e-12,1.0
27,2020-W28,1,USR_003,2,USR_009,1e-11,-0.5325
27,2020-W28,1,USR_003,3,STK_005,0.0,-0.0
27,2020-W28,1,USR_003,4,USR_005,-5.3e-11,0.9586
27,2020-W28,1,USR_003,5,STK_003,0.0,-0.0
27,2020-W28,1,USR_003,6,USR_004,5e-12,-0.9885
27,2020-W28,1,USR_003,7,USR_007,1e-11,-0.6576
27,2020-W28,1,USR_003,8,STK_001,0.0,-0.0
27,2020-W28,1,USR_003,9,USR_008,-3e-12,0.2883
27,2020-W28,1,USR_003,10,USR_006,3e-12,-0.5099
27,2020-W28,1,USR_003,11,STK_002,0.0,-0.0
27,2020-W28,1,USR_003,12,USR_002,5e-12,-0.9785
27,2020-W28,1,USR_003,13,USR_010,1.1e-11,-0.5848
27,2020-W28,1,USR_003,14,USR_001,6e-12,-0.9969
27,2020-W28,2,USR_009,0,STK_004,-0.0,0.653
27,2020-W28,2,USR_009,1,USR_003,1e-11,-0.5325
27,2020-W28,2,USR_009,2,USR_009,6.4e-11,1.0
27,2020-W28,2,USR_009,3,STK_005,0.0,-0.0
27,2020-W28,2,USR_009,4,USR_005,-1.12e-10,0.603
27,2020-W28,2,USR_009,5,STK_003,0.0,-0.0
27,2020-W28,2,USR_009,6,USR_004,1e-11,-0.5528
27,2020-W28,2,USR_009,7,USR_007,-1e-12,0.017
27,2020-W28,2,USR_009,8,STK_001,0.0,-0.0
27,2020-W28,2,USR_009,9,USR_008,0.0,-0.0056
27,2020-W28,2,USR_009,10,USR_006,3e-12,-0.1219
27,2020-W28,2,USR_009,11,STK_002,0.0,-0.0
27,2020-W28,2,USR_009,12,USR_002,1.1e-11,-0.6033
27,2020-W28,2,USR_009,13,USR_010,5e-12,-0.0825
27,2020-W28,2,USR_009,14,USR_001,1e-11,-0.5393
27,2020-W28,3,STK_005,0,STK_004,0.0,-0.0
27,2020-W28,3,STK_005,1,USR_003,-0.0,0.0
27,2020-W28,3,STK_005,2,USR_009,-0.0,0.0
27,2020-W28,3,STK_005,3,STK_005,0.0,1.0
27,2020-W28,3,STK_005,4,USR_005,0.0,-0.0
27,2020-W28,3,STK_005,5,STK_003,-0.0,0.0
27,2020-W28,3,STK_005,6,USR_004,-0.0,0.0
27,2020-W28,3,STK_005,7,USR_007,-0.0,0.0
27,2020-W28,3,STK_005,8,STK_001,0.0,-0.0
27,2020-W28,3,STK_005,9,USR_008,0.0,-0.0
27,2020-W28,3,STK_005,10,USR_006,-0.0,0.0
27,2020-W28,3,STK_005,11,STK_002,0.0,-0.0
27,2020-W28,3,STK_005,12,USR_002,-0.0,0.0
27,2020-W28,3,STK_005,13,USR_010,-0.0,0.0
27,2020-W28,3,STK_005,14,USR_001,-0.0,0.0
27,2020-W28,4,USR_005,0,STK_004,0.0,-0.9474
27,2020-W28,4,USR_005,1,USR_003,-5.3e-11,0.9586
27,2020-W28,4,USR_005,2,USR_009,-1.12e-10,0.603
27,2020-W28,4,USR_005,3,STK_005,0.0,-0.0
27,2020-W28,4,USR_005,4,USR_005,5.37e-10,1.0
27,2020-W28,4,USR_005,5,STK_003,-0.0,0.0
27,2020-W28,4,USR_005,6,USR_004,-4.8e-11,0.9404
27,2020-W28,4,USR_005,7,USR_007,-1.03e-10,0.7134
27,2020-W28,4,USR_005,8,STK_001,0.0,-0.0
27,2020-W28,4,USR_005,9,USR_008,3.1e-11,-0.3426
27,2020-W28,4,USR_005,10,USR_006,-4e-11,0.6032
27,2020-W28,4,USR_005,11,STK_002,0.0,-0.0
27,2020-W28,4,USR_005,12,USR_002,-4.7e-11,0.9135
27,2020-W28,4,USR_005,13,USR_010,-1.13e-10,0.6435
27,2020-W28,4,USR_005,14,USR_001,-5.1e-11,0.9526
27,2020-W28,5,STK_003,0,STK_004,0.0,-0.0
27,2020-W28,5,STK_003,1,USR_003,-0.0,0.0
27,2020-W28,5,STK_003,2,USR_009,-0.0,0.0
27,2020-W28,5,STK_003,3,STK_005,0.0,-0.0
27,2020-W28,5,STK_003,4,USR_005,0.0,-0.0
27,2020-W28,5,STK_003,5,STK_003,-0.0,1.0
27,2020-W28,5,STK_003,6,USR_004,-0.0,0.0
27,2020-W28,5,STK_003,7,USR_007,-0.0,0.0
27,2020-W28,5,STK_003,8,STK_001,0.0,-0.0
27,2020-W28,5,STK_003,9,USR_008,0.0,-0.0
27,2020-W28,5,STK_003,10,USR_006,-0.0,0.0
27,2020-W28,5,STK_003,11,STK_002,0.0,-0.0
27,2020-W28,5,STK_003,12,USR_002,-0.0,0.0
27,2020-W28,5,STK_003,13,USR_010,-0.0,0.0
27,2020-W28,5,STK_003,14,USR_001,-0.0,0.0
27,2020-W28,6,USR_004,0,STK_004,-0.0,0.8943
27,2020-W28,6,USR_004,1,USR_003,5e-12,-0.9885
27,2020-W28,6,USR_004,2,USR_009,1e-11,-0.5528
27,2020-W28,6,USR_004,3,STK_005,0.0,-0.0
27,2020-W28,6,USR_004,4,USR_005,-4.8e-11,0.9404
27,2020-W28,6,USR_004,5,STK_003,0.0,-0.0
27,2020-W28,6,USR_004,6,USR_004,5e-12,1.0
27,2020-W28,6,USR_004,7,USR_007,8e-12,-0.6121
27,2020-W28,6,USR_004,8,STK_001,0.0,-0.0
27,2020-W28,6,USR_004,9,USR_008,-3e-12,0.3275
27,2020-W28,6,USR_004,10,USR_006,3e-12,-0.453
27,2020-W28,6,USR_004,11,STK_002,0.0,-0.0
27,2020-W28,6,USR_004,12,USR_002,5e-12,-0.9732
27,2020-W28,6,USR_004,13,USR_010,1e-11,-0.5888
27,2020-W28,6,USR_004,14,USR_001,5e-12,-0.9961
27,2020-W28,7,USR_007,0,STK_004,-0.0,0.5954
27,2020-W28,7,USR_007,1,USR_003,1e-11,-0.6576
27,2020-W28,7,USR_007,2,USR_009,-1e-12,0.017
27,2020-W28,7,USR_007,3,STK_005,0.0,-0.0
27,2020-W28,7,USR_007,4,USR_005,-1.03e-10,0.7134
27,2020-W28,7,USR_007,5,STK_003,0.0,-0.0
27,2020-W28,7,USR_007,6,USR_004,8e-12,-0.6121
27,2020-W28,7,USR_007,7,USR_007,3.9e-11,1.0
27,2020-W28,7,USR_007,8,STK_001,0.0,-0.0
27,2020-W28,7,USR_007,9,USR_008,-1e-11,0.4099
27,2020-W28,7,USR_007,10,USR_006,1.2e-11,-0.6688
27,2020-W28,7,USR_007,11,STK_002,0.0,-0.0
27,2020-W28,7,USR_007,12,USR_002,8e-12,-0.562
27,2020-W28,7,USR_007,13,USR_010,2.8e-11,-0.5835
27,2020-W28,7,USR_007,14,USR_001,9e-12,-0.6433
27,2020-W28,8,STK_001,0,STK_004,-0.0,0.0
27,2020-W28,8,STK_001,1,USR_003,0.0,-0.0
27,2020-W28,8,STK_001,2,USR_009,0.0,-0.0
27,2020-W28,8,STK_001,3,STK_005,0.0,-0.0
27,2020-W28,8,STK_001,4,USR_005,-0.0,0.0
27,2020-W28,8,STK_001,5,STK_003,0.0,-0.0
27,2020-W28,8,STK_001,6,USR_004,0.0,-0.0
27,2020-W28,8,STK_001,7,USR_007,0.0,-0.0
27,2020-W28,8,STK_001,8,STK_001,0.0,1.0
27,2020-W28,8,STK_001,9,USR_008,-0.0,0.0
27,2020-W28,8,STK_001,10,USR_006,0.0,-0.0
27,2020-W28,8,STK_001,11,STK_002,0.0,-0.0
27,2020-W28,8,STK_001,12,USR_002,0.0,-0.0
27,2020-W28,8,STK_001,13,USR_010,0.0,-0.0
27,2020-W28,8,STK_001,14,USR_001,0.0,-0.0
27,2020-W28,9,USR_008,0,STK_004,0.0,-0.5343
27,2020-W28,9,USR_008,1,USR_003,-3e-12,0.2883
27,2020-W28,9,USR_008,2,USR_009,0.0,-0.0056
27,2020-W28,9,USR_008,3,STK_005,0.0,-0.0
27,2020-W28,9,USR_008,4,USR_005,3.1e-11,-0.3426
27,2020-W28,9,USR_008,5,STK_003,-0.0,0.0
27,2020-W28,9,USR_008,6,USR_004,-3e-12,0.3275
27,2020-W28,9,USR_008,7,USR_007,-1e-11,0.4099
27,2020-W28,9,USR_008,8,STK_001,0.0,-0.0
27,2020-W28,9,USR_008,9,USR_008,1.5e-11,1.0
27,2020-W28,9,USR_008,10,USR_006,-3e-12,0.3084
27,2020-W28,9,USR_008,11,STK_002,0.0,-0.0
27,2020-W28,9,USR_008,12,USR_002,-1e-12,0.145
27,2020-W28,9,USR_008,13,USR_010,-2.3e-11,0.7863
27,2020-W28,9,USR_008,14,USR_001,-3e-12,0.3055
27,2020-W28,10,USR_006,0,STK_004,-0.0,0.4557
27,2020-W28,10,USR_006,1,USR_003,3e-12,-0.5099
27,2020-W28,10,USR_006,2,USR_009,3e-12,-0.1219
27,2020-W28,10,USR_006,3,STK_005,0.0,-0.0
27,2020-W28,10,USR_006,4,USR_005,-4e-11,0.6032
27,2020-W28,10,USR_006,5,STK_003,0.0,-0.0
27,2020-W28,10,USR_006,6,USR_004,3e-12,-0.453
27,2020-W28,10,USR_006,7,USR_007,1.2e-11,-0.6688
27,2020-W28,10,USR_006,8,STK_001,0.0,-0.0
27,2020-W28,10,USR_006,9,USR_008,-3e-12,0.3084
27,2020-W28,10,USR_006,10,USR_006,8e-12,1.0
27,2020-W28,10,USR_006,11,STK_002,0.0,-0.0
27,2020-W28,10,USR_006,12,USR_002,3e-12,-0.4301
27,2020-W28,10,USR_006,13,USR_010,8e-12,-0.3742
27,2020-W28,10,USR_006,14,USR_001,3e-12,-0.4939
27,2020-W28,11,STK_002,0,STK_004,0.0,-0.0
27,2020-W28,11,STK_002,1,USR_003,0.0,-0.0
27,2020-W28,11,STK_002,2,USR_009,0.0,-0.0
27,2020-W28,11,STK_002,3,STK_005,0.0,-0.0
27,2020-W28,11,STK_002,4,USR_005,0.0,-0.0
27,2020-W28,11,STK_002,5,STK_003,0.0,-0.0
27,2020-W28,11,STK_002,6,USR_004,0.0,-0.0
27,2020-W28,11,STK_002,7,USR_007,0.0,-0.0
27,2020-W28,11,STK_002,8,STK_001,0.0,-0.0
27,2020-W28,11,STK_002,9,USR_008,0.0,-0.0
27,2020-W28,11,STK_002,10,USR_006,0.0,-0.0
27,2020-W28,11,STK_002,11,STK_002,0.0,1.0
27,2020-W28,11,STK_002,12,USR_002,0.0,-0.0
27,2020-W28,11,STK_002,13,USR_010,0.0,-0.0
27,2020-W28,11,STK_002,14,USR_001,0.0,-0.0
27,2020-W28,12,USR_002,0,STK_004,-0.0,0.8228
27,2020-W28,12,USR_002,1,USR_003,5e-12,-0.9785
27,2020-W28,12,USR_002,2,USR_009,1.1e-11,-0.6033
27,2020-W28,12,USR_002,3,STK_005,0.0,-0.0
27,2020-W28,12,USR_002,4,USR_005,-4.7e-11,0.9135
27,2020-W28,12,USR_002,5,STK_003,0.0,-0.0
27,2020-W28,12,USR_002,6,USR_004,5e-12,-0.9732
27,2020-W28,12,USR_002,7,USR_007,8e-12,-0.562
27,2020-W28,12,USR_002,8,STK_001,0.0,-0.0
27,2020-W28,12,USR_002,9,USR_008,-1e-12,0.145
27,2020-W28,12,USR_002,10,USR_006,3e-12,-0.4301
27,2020-W28,12,USR_002,11,STK_002,0.0,-0.0
27,2020-W28,12,USR_002,12,USR_002,5e-12,1.0
27,2020-W28,12,USR_002,13,USR_010,7e-12,-0.4193
27,2020-W28,12,USR_002,14,USR_001,5e-12,-0.9778
27,2020-W28,13,USR_010,0,STK_004,-0.0,0.7618
27,2020-W28,13,USR_010,1,USR_003,1.1e-11,-0.5848
27,2020-W28,13,USR_010,2,USR_009,5e-12,-0.0825
27,2020-W28,13,USR_010,3,STK_005,0.0,-0.0
27,2020-W28,13,USR_010,4,USR_005,-1.13e-10,0.6435
27,2020-W28,13,USR_010,5,STK_003,0.0,-0.0
27,2020-W28,13,USR_010,6,USR_004,1e-11,-0.5888
27,2020-W28,13,USR_010,7,USR_007,2.8e-11,-0.5835
27,2020-W28,13,USR_010,8,STK_001,0.0,-0.0
27,2020-W28,13,USR_010,9,USR_008,-2.3e-11,0.7863
27,2020-W28,13,USR_010,10,USR_006,8e-12,-0.3742
27,2020-W28,13,USR_010,11,STK_002,0.0,-0.0
27,2020-W28,13,USR_010,12,USR_002,7e-12,-0.4193
27,2020-W28,13,USR_010,13,USR_010,5.8e-11,1.0
27,2020-W28,13,USR_010,14,USR_001,1e-11,-0.5839
27,2020-W28,14,USR_001,0,STK_004,-0.0,0.8899
27,2020-W28,14,USR_001,1,USR_003,6e-12,-0.9969
27,2020-W28,14,USR_001,2,USR_009,1e-11,-0.5393
27,2020-W28,14,USR_001,3,STK_005,0.0,-0.0
27,2020-W28,14,USR_001,4,USR_005,-5.1e-11,0.9526
27,2020-W28,14,USR_001,5,STK_003,0.0,-0.0
27,2020-W28,14,USR_001,6,USR_004,5e-12,-0.9961
27,2020-W28,14,USR_001,7,USR_007,9e-12,-0.6433
27,2020-W28,14,USR_001,8,STK_001,0.0,-0.0
27,2020-W28,14,USR_001,9,USR_008,-3e-12,0.3055
27,2020-W28,14,USR_001,10,USR_006,3e-12,-0.4939
27,2020-W28,14,USR_001,11,STK_002,0.0,-0.0
27,2020-W28,14,USR_001,12,USR_002,5e-12,-0.9778
27,2020-W28,14,USR_001,13,USR_010,1e-11,-0.5839
27,2020-W28,14,USR_001,14,USR_001,5e-12,1.0
28,2020-W29,0,STK_004,0,STK_004,0.0,1.0
28,2020-W29,0,STK_004,1,USR_003,0.0,-0.9373
28,2020-W29,0,STK_004,2,USR_009,-0.0,0.0663
28,2020-W29,0,STK_004,3,STK_005,0.0,-0.0
28,2020-W29,0,STK_004,4,USR_005,-0.0,0.8987
28,2020-W29,0,STK_004,5,STK_003,0.0,-0.3484
28,2020-W29,0,STK_004,6,USR_004,0.0,-0.9127
28,2020-W29,0,STK_004,7,USR_007,0.0,-0.7665
28,2020-W29,0,STK_004,8,STK_001,0.0,-0.0
28,2020-W29,0,STK_004,9,USR_008,-0.0,0.1364
28,2020-W29,0,STK_004,10,USR_006,0.0,-0.81
28,2020-W29,0,STK_004,11,STK_002,0.0,-0.0
28,2020-W29,0,STK_004,12,USR_002,0.0,-0.887
28,2020-W29,0,STK_004,13,USR_010,0.0,-0.5344
28,2020-W29,0,STK_004,14,USR_001,0.0,-0.9304
28,2020-W29,1,USR_003,0,STK_004,0.0,-0.9373
28,2020-W29,1,USR_003,1,USR_003,7e-12,1.0
28,2020-W29,1,USR_003,2,USR_009,2e-12,-0.0847
28,2020-W29,1,USR_003,3,STK_005,0.0,-0.0
28,2020-W29,1,USR_003,4,USR_005,-4.8e-11,0.9052
28,2020-W29,1,USR_003,5,STK_003,0.0,-0.3727
28,2020-W29,1,USR_003,6,USR_004,6e-12,-0.9913
28,2020-W29,1,USR_003,7,USR_007,8e-12,-0.5538
28,2020-W29,1,USR_003,8,STK_001,0.0,-0.0
28,2020-W29,1,USR_003,9,USR_008,-1e-12,0.0756
28,2020-W29,1,USR_003,10,USR_006,6e-12,-0.6568
28,2020-W29,1,USR_003,11,STK_002,0.0,-0.0
28,2020-W29,1,USR_003,12,USR_002,6e-12,-0.9863
28,2020-W29,1,USR_003,13,USR_010,7e-12,-0.4443
28,2020-W29,1,USR_003,14,USR_001,7e-12,-0.9976
28,2020-W29,2,USR_009,0,STK_004,-0.0,0.0663
28,2020-W29,2,USR_009,1,USR_003,2e-12,-0.0847
28,2020-W29,2,USR_009,2,USR_009,8.1e-11,1.0
28,2020-W29,2,USR_009,3,STK_005,0.0,-0.0
28,2020-W29,2,USR_009,4,USR_005,-6.9e-11,0.3727
28,2020-W29,2,USR_009,5,STK_003,0.0,-0.2387
28,2020-W29,2,USR_009,6,USR_004,2e-12,-0.0905
28,2020-W29,2,USR_009,7,USR_007,-1e-11,0.2113
28,2020-W29,2,USR_009,8,STK_001,0.0,-0.0
28,2020-W29,2,USR_009,9,USR_008,1e-12,-0.0343
28,2020-W29,2,USR_009,10,USR_006,-6e-12,0.2104
28,2020-W29,2,USR_009,11,STK_002,0.0,-0.0
28,2020-W29,2,USR_009,12,USR_002,3e-12,-0.1443
28,2020-W29,2,USR_009,13,USR_010,-6e-12,0.106
28,2020-W29,2,USR_009,14,USR_001,2e-12,-0.0785
28,2020-W29,3,STK_005,0,STK_004,-0.0,0.0
28,2020-W29,3,STK_005,1,USR_003,-0.0,0.0
28,2020-W29,3,STK_005,2,USR_009,-0.0,0.0
28,2020-W29,3,STK_005,3,STK_005,0.0,1.0
28,2020-W29,3,STK_005,4,USR_005,0.0,-0.0
28,2020-W29,3,STK_005,5,STK_003,-0.0,0.0
28,2020-W29,3,STK_005,6,USR_004,-0.0,0.0
28,2020-W29,3,STK_005,7,USR_007,-0.0,0.0
28,2020-W29,3,STK_005,8,STK_001,0.0,-0.0
28,2020-W29,3,STK_005,9,USR_008,0.0,-0.0
28,2020-W29,3,STK_005,10,USR_006,-0.0,0.0
28,2020-W29,3,STK_005,11,STK_002,0.0,-0.0
28,2020-W29,3,STK_005,12,USR_002,-0.0,0.0
28,2020-W29,3,STK_005,13,USR_010,-0.0,0.0
28,2020-W29,3,STK_005,14,USR_001,-0.0,0.0
28,2020-W29,4,USR_005,0,STK_004,-0.0,0.8987
28,2020-W29,4,USR_005,1,USR_003,-4.8e-11,0.9052
28,2020-W29,4,USR_005,2,USR_009,-6.9e-11,0.3727
28,2020-W29,4,USR_005,3,STK_005,0.0,-0.0
28,2020-W29,4,USR_005,4,USR_005,4.2e-10,1.0
28,2020-W29,4,USR_005,5,STK_003,-0.0,0.4309
28,2020-W29,4,USR_005,6,USR_004,-4.5e-11,0.8885
28,2020-W29,4,USR_005,7,USR_007,-6.9e-11,0.6223
28,2020-W29,4,USR_005,8,STK_001,0.0,-0.0
28,2020-W29,4,USR_005,9,USR_008,1.2e-11,-0.1591
28,2020-W29,4,USR_005,10,USR_006,-4.5e-11,0.6408
28,2020-W29,4,USR_005,11,STK_002,0.0,-0.0
28,2020-W29,4,USR_005,12,USR_002,-4.5e-11,0.8776
28,2020-W29,4,USR_005,13,USR_010,-6.4e-11,0.5028
28,2020-W29,4,USR_005,14,USR_001,-4.7e-11,0.8972
28,2020-W29,5,STK_003,0,STK_004,0.0,-1.0
28,2020-W29,5,STK_003,1,USR_003,0.0,-1.0
28,2020-W29,5,STK_003,2,USR_009,0.0,-0.9019
28,2020-W29,5,STK_003,3,STK_005,0.0,-0.0
28,2020-W29,5,STK_003,4,USR_005,-0.0,1.0
28,2020-W29,5,STK_003,5,STK_003,0.0,1.0
28,2020-W29,5,STK_003,6,USR_004,0.0,-1.0
28,2020-W29,5,STK_003,7,USR_007,0.0,-1.0
28,2020-W29,5,STK_003,8,STK_001,0.0,-0.0
28,2020-W29,5,STK_003,9,USR_008,-0.0,0.4565
28,2020-W29,5,STK_003,10,USR_006,0.0,-1.0
28,2020-W29,5,STK_003,11,STK_002,0.0,-0.0
28,2020-W29,5,STK_003,12,USR_002,0.0,-1.0
28,2020-W29,5,STK_003,13,USR_010,0.0,-1.0
28,2020-W29,5,STK_003,14,USR_001,0.0,-1.0
28,2020-W29,6,USR_004,0,STK_004,0.0,-0.9127
28,2020-W29,6,USR_004,1,USR_003,6e-12,-0.9913
28,2020-W29,6,USR_004,2,USR_009,2e-12,-0.0905
28,2020-W29,6,USR_004,3,STK_005,0.0,-0.0
28,2020-W29,6,USR_004,4,USR_005,-4.5e-11,0.8885
28,2020-W29,6,USR_004,5,STK_003,0.0,-0.37
28,2020-W29,6,USR_004,6,USR_004,6e-12,1.0
28,2020-W29,6,USR_004,7,USR_007,7e-12,-0.5176
28,2020-W29,6,USR_004,8,STK_001,0.0,-0.0
28,2020-W29,6,USR_004,9,USR_008,-1e-12,0.1236
28,2020-W29,6,USR_004,10,USR_006,5e-12,-0.6149
28,2020-W29,6,USR_004,11,STK_002,0.0,-0.0
28,2020-W29,6,USR_004,12,USR_002,6e-12,-0.9796
28,2020-W29,6,USR_004,13,USR_010,7e-12,-0.4662
28,2020-W29,6,USR_004,14,USR_001,6e-12,-0.997
28,2020-W29,7,USR_007,0,STK_004,0.0,-0.7665
28,2020-W29,7,USR_007,1,USR_003,8e-12,-0.5538
28,2020-W29,7,USR_007,2,USR_009,-1e-11,0.2113
28,2020-W29,7,USR_007,3,STK_005,0.0,-0.0
28,2020-W29,7,USR_007,4,USR_005,-6.9e-11,0.6223
28,2020-W29,7,USR_007,5,STK_003,0.0,-0.203
28,2020-W29,7,USR_007,6,USR_004,7e-12,-0.5176
28,2020-W29,7,USR_007,7,USR_007,2.9e-11,1.0
28,2020-W29,7,USR_007,8,STK_001,0.0,-0.0
28,2020-W29,7,USR_007,9,USR_008,-5e-12,0.251
28,2020-W29,7,USR_007,10,USR_006,1.2e-11,-0.6695
28,2020-W29,7,USR_007,11,STK_002,0.0,-0.0
28,2020-W29,7,USR_007,12,USR_002,7e-12,-0.4867
28,2020-W29,7,USR_007,13,USR_010,1.4e-11,-0.4126
28,2020-W29,7,USR_007,14,USR_001,8e-12,-0.5437
28,2020-W29,8,STK_001,0,STK_004,-0.0,0.0
28,2020-W29,8,STK_001,1,USR_003,-0.0,0.0
28,2020-W29,8,STK_001,2,USR_009,-0.0,0.0
28,2020-W29,8,STK_001,3,STK_005,0.0,-0.0
28,2020-W29,8,STK_001,4,USR_005,0.0,-0.0
28,2020-W29,8,STK_001,5,STK_003,-0.0,0.0
28,2020-W29,8,STK_001,6,USR_004,-0.0,0.0
28,2020-W29,8,STK_001,7,USR_007,-0.0,0.0
28,2020-W29,8,STK_001,8,STK_001,0.0,1.0
28,2020-W29,8,STK_001,9,USR_008,0.0,-0.0
28,2020-W29,8,STK_001,10,USR_006,-0.0,0.0
28,2020-W29,8,STK_001,11,STK_002,0.0,-0.0
28,2020-W29,8,STK_001,12,USR_002,-0.0,0.0
28,2020-W29,8,STK_001,13,USR_010,-0.0,0.0
28,2020-W29,8,STK_001,14,USR_001,-0.0,0.0
28,2020-W29,9,USR_008,0,STK_004,-0.0,0.1364
28,2020-W29,9,USR_008,1,USR_003,-1e-12,0.0756
28,2020-W29,9,USR_008,2,USR_009,1e-12,-0.0343
28,2020-W29,9,USR_008,3,STK_005,0.0,-0.0
28,2020-W29,9,USR_008,4,USR_005,1.2e-11,-0.1591
28,2020-W29,9,USR_008,5,STK_003,-0.0,0.0886
28,2020-W29,9,USR_008,6,USR_004,-1e-12,0.1236
28,2020-W29,9,USR_008,7,USR_007,-5e-12,0.251
28,2020-W29,9,USR_008,8,STK_001,0.0,-0.0
28,2020-W29,9,USR_008,9,USR_008,1.3e-11,1.0
28,2020-W29,9,USR_008,10,USR_006,-2e-12,0.1797
28,2020-W29,9,USR_008,11,STK_002,0.0,-0.0
28,2020-W29,9,USR_008,12,USR_002,0.0,-0.0327
28,2020-W29,9,USR_008,13,USR_010,-1.6e-11,0.7346
28,2020-W29,9,USR_008,14,USR_001,-1e-12,0.097
28,2020-W29,10,USR_006,0,STK_004,0.0,-0.81
28,2020-W29,10,USR_006,1,USR_003,6e-12,-0.6568
28,2020-W29,10,USR_006,2,USR_009,-6e-12,0.2104
28,2020-W29,10,USR_006,3,STK_005,0.0,-0.0
28,2020-W29,10,USR_006,4,USR_005,-4.5e-11,0.6408
28,2020-W29,10,USR_006,5,STK_003,0.0,-0.2291
28,2020-W29,10,USR_006,6,USR_004,5e-12,-0.6149
28,2020-W29,10,USR_006,7,USR_007,1.2e-11,-0.6695
28,2020-W29,10,USR_006,8,STK_001,0.0,-0.0
28,2020-W29,10,USR_006,9,USR_008,-2e-12,0.1797
28,2020-W29,10,USR_006,10,USR_006,1.2e-11,1.0
28,2020-W29,10,USR_006,11,STK_002,0.0,-0.0
28,2020-W29,10,USR_006,12,USR_002,5e-12,-0.5915
28,2020-W29,10,USR_006,13,USR_010,8e-12,-0.3697
28,2020-W29,10,USR_006,14,USR_001,6e-12,-0.647
28,2020-W29,11,STK_002,0,STK_004,0.0,-0.0
28,2020-W29,11,STK_002,1,USR_003,0.0,-0.0
28,2020-W29,11,STK_002,2,USR_009,0.0,-0.0
28,2020-W29,11,STK_002,3,STK_005,0.0,-0.0
28,2020-W29,11,STK_002,4,USR_005,0.0,-0.0
28,2020-W29,11,STK_002,5,STK_003,0.0,-0.0
28,2020-W29,11,STK_002,6,USR_004,0.0,-0.0
28,2020-W29,11,STK_002,7,USR_007,0.0,-0.0
28,2020-W29,11,STK_002,8,STK_001,0.0,-0.0
28,2020-W29,11,STK_002,9,USR_008,0.0,-0.0
28,2020-W29,11,STK_002,10,USR_006,0.0,-0.0
28,2020-W29,11,STK_002,11,STK_002,0.0,1.0
28,2020-W29,11,STK_002,12,USR_002,0.0,-0.0
28,2020-W29,11,STK_002,13,USR_010,0.0,-0.0
28,2020-W29,11,STK_002,14,USR_001,0.0,-0.0
28,2020-W29,12,USR_002,0,STK_004,0.0,-0.887
28,2020-W29,12,USR_002,1,USR_003,6e-12,-0.9863
28,2020-W29,12,USR_002,2,USR_009,3e-12,-0.1443
28,2020-W29,12,USR_002,3,STK_005,0.0,-0.0
28,2020-W29,12,USR_002,4,USR_005,-4.5e-11,0.8776
28,2020-W29,12,USR_002,5,STK_003,0.0,-0.3639
28,2020-W29,12,USR_002,6,USR_004,6e-12,-0.9796
28,2020-W29,12,USR_002,7,USR_007,7e-12,-0.4867
28,2020-W29,12,USR_002,8,STK_001,0.0,-0.0
28,2020-W29,12,USR_002,9,USR_008,0.0,-0.0327
28,2020-W29,12,USR_002,10,USR_006,5e-12,-0.5915
28,2020-W29,12,USR_002,11,STK_002,0.0,-0.0
28,2020-W29,12,USR_002,12,USR_002,6e-12,1.0
28,2020-W29,12,USR_002,13,USR_010,5e-12,-0.3079
28,2020-W29,12,USR_002,14,USR_001,6e-12,-0.984
28,2020-W29,13,USR_010,0,STK_004,0.0,-0.5344
28,2020-W29,13,USR_010,1,USR_003,7e-12,-0.4443
28,2020-W29,13,USR_010,2,USR_009,-6e-12,0.106
28,2020-W29,13,USR_010,3,STK_005,0.0,-0.0
28,2020-W29,13,USR_010,4,USR_005,-6.4e-11,0.5028
28,2020-W29,13,USR_010,5,STK_003,0.0,-0.2223
28,2020-W29,13,USR_010,6,USR_004,7e-12,-0.4662
28,2020-W29,13,USR_010,7,USR_007,1.4e-11,-0.4126
28,2020-W29,13,USR_010,8,STK_001,0.0,-0.0
28,2020-W29,13,USR_010,9,USR_008,-1.6e-11,0.7346
28,2020-W29,13,USR_010,10,USR_006,8e-12,-0.3697
28,2020-W29,13,USR_010,11,STK_002,0.0,-0.0
28,2020-W29,13,USR_010,12,USR_002,5e-12,-0.3079
28,2020-W29,13,USR_010,13,USR_010,3.8e-11,1.0
28,2020-W29,13,USR_010,14,USR_001,7e-12,-0.4522
28,2020-W29,14,USR_001,0,STK_004,0.0,-0.9304
28,2020-W29,14,USR_001,1,USR_003,7e-12,-0.9976
28,2020-W29,14,USR_001,2,USR_009,2e-12,-0.0785
28,2020-W29,14,USR_001,3,STK_005,0.0,-0.0
28,2020-W29,14,USR_001,4,USR_005,-4.7e-11,0.8972
28,2020-W29,14,USR_001,5,STK_003,0.0,-0.3703
28,2020-W29,14,USR_001,6,USR_004,6e-12,-0.997
28,2020-W29,14,USR_001,7,USR_007,8e-12,-0.5437
28,2020-W29,14,USR_001,8,STK_001,0.0,-0.0
28,2020-W29,14,USR_001,9,USR_008,-1e-12,0.097
28,2020-W29,14,USR_001,10,USR_006,6e-12,-0.647
28,2020-W29,14,USR_001,11,STK_002,0.0,-0.0
28,2020-W29,14,USR_001,12,USR_002,6e-12,-0.984
28,2020-W29,14,USR_001,13,USR_010,7e-12,-0.4522
28,2020-W29,14,USR_001,14,USR_001,7e-12,1.0
29,2020-W30,0,STK_004,0,STK_004,0.0,1.0
29,2020-W30,0,STK_004,1,USR_003,0.0,-0.969
29,2020-W30,0,STK_004,2,USR_009,0.0,-0.3257
29,2020-W30,0,STK_004,3,STK_005,0.0,-0.0
29,2020-W30,0,STK_004,4,USR_005,-0.0,0.9422
29,2020-W30,0,STK_004,5,STK_003,0.0,-0.0
29,2020-W30,0,STK_004,6,USR_004,0.0,-0.955
29,2020-W30,0,STK_004,7,USR_007,0.0,-0.7011
29,2020-W30,0,STK_004,8,STK_001,0.0,-0.0
29,2020-W30,0,STK_004,9,USR_008,0.0,-0.3522
29,2020-W30,0,STK_004,10,USR_006,0.0,-0.8938
29,2020-W30,0,STK_004,11,STK_002,0.0,-0.0
29,2020-W30,0,STK_004,12,USR_002,0.0,-0.9437
29,2020-W30,0,STK_004,13,USR_010,0.0,-0.0123
29,2020-W30,0,STK_004,14,USR_001,0.0,-0.964
29,2020-W30,1,USR_003,0,STK_004,0.0,-0.969
29,2020-W30,1,USR_003,1,USR_003,1.6e-11,1.0
29,2020-W30,1,USR_003,2,USR_009,1.9e-11,-0.4534
29,2020-W30,1,USR_003,3,STK_005,0.0,-0.0
29,2020-W30,1,USR_003,4,USR_005,-1.12e-10,0.9563
29,2020-W30,1,USR_003,5,STK_003,0.0,-0.0
29,2020-W30,1,USR_003,6,USR_004,1.6e-11,-0.9955
29,2020-W30,1,USR_003,7,USR_007,1.2e-11,-0.5448
29,2020-W30,1,USR_003,8,STK_001,0.0,-0.0
29,2020-W30,1,USR_003,9,USR_008,7e-12,-0.4046
29,2020-W30,1,USR_003,10,USR_006,1.3e-11,-0.8237
29,2020-W30,1,USR_003,11,STK_002,0.0,-0.0
29,2020-W30,1,USR_003,12,USR_002,1.6e-11,-0.9924
29,2020-W30,1,USR_003,13,USR_010,-2e-12,0.082
29,2020-W30,1,USR_003,14,USR_001,1.6e-11,-0.9986
29,2020-W30,2,USR_009,0,STK_004,0.0,-0.3257
29,2020-W30,2,USR_009,1,USR_003,1.9e-11,-0.4534
29,2020-W30,2,USR_009,2,USR_009,1.11e-10,1.0
29,2020-W30,2,USR_009,3,STK_005,0.0,-0.0
29,2020-W30,2,USR_009,4,USR_005,-1.92e-10,0.6147
29,2020-W30,2,USR_009,5,STK_003,0.0,-0.0
29,2020-W30,2,USR_009,6,USR_004,2e-11,-0.4674
29,2020-W30,2,USR_009,7,USR_007,-1e-12,0.0157
29,2020-W30,2,USR_009,8,STK_001,0.0,-0.0
29,2020-W30,2,USR_009,9,USR_008,1.5e-11,-0.3211
29,2020-W30,2,USR_009,10,USR_006,1e-11,-0.224
29,2020-W30,2,USR_009,11,STK_002,0.0,-0.0
29,2020-W30,2,USR_009,12,USR_002,2.2e-11,-0.5003
29,2020-W30,2,USR_009,13,USR_010,-2.2e-11,0.3064
29,2020-W30,2,USR_009,14,USR_001,1.9e-11,-0.4575
29,2020-W30,3,STK_005,0,STK_004,0.0,-0.0
29,2020-W30,3,STK_005,1,USR_003,0.0,-0.0
29,2020-W30,3,STK_005,2,USR_009,0.0,-0.0
29,2020-W30,3,STK_005,3,STK_005,0.0,1.0
29,2020-W30,3,STK_005,4,USR_005,-0.0,0.0
29,2020-W30,3,STK_005,5,STK_003,0.0,-0.0
29,2020-W30,3,STK_005,6,USR_004,0.0,-0.0
29,2020-W30,3,STK_005,7,USR_007,0.0,-0.0
29,2020-W30,3,STK_005,8,STK_001,0.0,-0.0
29,2020-W30,3,STK_005,9,USR_008,0.0,-0.0
29,2020-W30,3,STK_005,10,USR_006,0.0,-0.0
29,2020-W30,3,STK_005,11,STK_002,0.0,-0.0
29,2020-W30,3,STK_005,12,USR_002,0.0,-0.0
29,2020-W30,3,STK_005,13,USR_010,-0.0,0.0
29,2020-W30,3,STK_005,14,USR_001,0.0,-0.0
29,2020-W30,4,USR_005,0,STK_004,-0.0,0.9422
29,2020-W30,4,USR_005,1,USR_003,-1.12e-10,0.9563
29,2020-W30,4,USR_005,2,USR_009,-1.92e-10,0.6147
29,2020-W30,4,USR_005,3,STK_005,0.0,-0.0
29,2020-W30,4,USR_005,4,USR_005,8.83e-10,1.0
29,2020-W30,4,USR_005,5,STK_003,-0.0,0.0
29,2020-W30,4,USR_005,6,USR_004,-1.12e-10,0.9491
29,2020-W30,4,USR_005,7,USR_007,-9.6e-11,0.5967
29,2020-W30,4,USR_005,8,STK_001,0.0,-0.0
29,2020-W30,4,USR_005,9,USR_008,-4.5e-11,0.3422
29,2020-W30,4,USR_005,10,USR_006,-9.8e-11,0.8073
29,2020-W30,4,USR_005,11,STK_002,0.0,-0.0
29,2020-W30,4,USR_005,12,USR_002,-1.17e-10,0.9441
29,2020-W30,4,USR_005,13,USR_010,5e-12,-0.0235
29,2020-W30,4,USR_005,14,USR_001,-1.14e-10,0.9528
29,2020-W30,5,STK_003,0,STK_004,-0.0,0.0
29,2020-W30,5,STK_003,1,USR_003,-0.0,0.0
29,2020-W30,5,STK_003,2,USR_009,-0.0,0.0
29,2020-W30,5,STK_003,3,STK_005,0.0,-0.0
29,2020-W30,5,STK_003,4,USR_005,0.0,-0.0
29,2020-W30,5,STK_003,5,STK_003,-0.0,1.0
29,2020-W30,5,STK_003,6,USR_004,-0.0,0.0
29,2020-W30,5,STK_003,7,USR_007,-0.0,0.0
29,2020-W30,5,STK_003,8,STK_001,0.0,-0.0
29,2020-W30,5,STK_003,9,USR_008,-0.0,0.0
29,2020-W30,5,STK_003,10,USR_006,-0.0,0.0
29,2020-W30,5,STK_003,11,STK_002,0.0,-0.0
29,2020-W30,5,STK_003,12,USR_002,-0.0,0.0
29,2020-W30,5,STK_003,13,USR_010,0.0,-0.0
29,2020-W30,5,STK_003,14,USR_001,-0.0,0.0
29,2020-W30,6,USR_004,0,STK_004,0.0,-0.955
29,2020-W30,6,USR_004,1,USR_003,1.6e-11,-0.9955
29,2020-W30,6,USR_004,2,USR_009,2e-11,-0.4674
29,2020-W30,6,USR_004,3,STK_005,0.0,-0.0
29,2020-W30,6,USR_004,4,USR_005,-1.12e-10,0.9491
29,2020-W30,6,USR_004,5,STK_003,0.0,-0.0
29,2020-W30,6,USR_004,6,USR_004,1.6e-11,1.0
29,2020-W30,6,USR_004,7,USR_007,1.1e-11,-0.5139
29,2020-W30,6,USR_004,8,STK_001,0.0,-0.0
29,2020-W30,6,USR_004,9,USR_008,7e-12,-0.3979
29,2020-W30,6,USR_004,10,USR_006,1.3e-11,-0.8062
29,2020-W30,6,USR_004,11,STK_002,0.0,-0.0
29,2020-W30,6,USR_004,12,USR_002,1.6e-11,-0.9921
29,2020-W30,6,USR_004,13,USR_010,-3e-12,0.0956
29,2020-W30,6,USR_004,14,USR_001,1.6e-11,-0.9987
29,2020-W30,7,USR_007,0,STK_004,0.0,-0.7011
29,2020-W30,7,USR_007,1,USR_003,1.2e-11,-0.5448
29,2020-W30,7,USR_007,2,USR_009,-1e-12,0.0157
29,2020-W30,7,USR_007,3,STK_005,0.0,-0.0
29,2020-W30,7,USR_007,4,USR_005,-9.6e-11,0.5967
29,2020-W30,7,USR_007,5,STK_003,0.0,-0.0
29,2020-W30,7,USR_007,6,USR_004,1.1e-11,-0.5139
29,2020-W30,7,USR_007,7,USR_007,2.9e-11,1.0
29,2020-W30,7,USR_007,8,STK_001,0.0,-0.0
29,2020-W30,7,USR_007,9,USR_008,-1e-12,0.0306
29,2020-W30,7,USR_007,10,USR_006,1.4e-11,-0.645
29,2020-W30,7,USR_007,11,STK_002,0.0,-0.0
29,2020-W30,7,USR_007,12,USR_002,1.1e-11,-0.4917
29,2020-W30,7,USR_007,13,USR_010,8e-12,-0.2268
29,2020-W30,7,USR_007,14,USR_001,1.2e-11,-0.5323
29,2020-W30,8,STK_001,0,STK_004,0.0,-0.0
29,2020-W30,8,STK_001,1,USR_003,0.0,-0.0
29,2020-W30,8,STK_001,2,USR_009,0.0,-0.0
29,2020-W30,8,STK_001,3,STK_005,0.0,-0.0
29,2020-W30,8,STK_001,4,USR_005,-0.0,0.0
29,2020-W30,8,STK_001,5,STK_003,0.0,-0.0
29,2020-W30,8,STK_001,6,USR_004,0.0,-0.0
29,2020-W30,8,STK_001,7,USR_007,0.0,-0.0
29,2020-W30,8,STK_001,8,STK_001,0.0,1.0
29,2020-W30,8,STK_001,9,USR_008,0.0,-0.0
29,2020-W30,8,STK_001,10,USR_006,0.0,-0.0
29,2020-W30,8,STK_001,11,STK_002,0.0,-0.0
29,2020-W30,8,STK_001,12,USR_002,0.0,-0.0
29,2020-W30,8,STK_001,13,USR_010,-0.0,0.0
29,2020-W30,8,STK_001,14,USR_001,0.0,-0.0
29,2020-W30,9,USR_008,0,STK_004,0.0,-0.3522
29,2020-W30,9,USR_008,1,USR_003,7e-12,-0.4046
29,2020-W30,9,USR_008,2,USR_009,1.5e-11,-0.3211
29,2020-W30,9,USR_008,3,STK_005,0.0,-0.0
29,2020-W30,9,USR_008,4,USR_005,-4.5e-11,0.3422
29,2020-W30,9,USR_008,5,STK_003,0.0,-0.0
29,2020-W30,9,USR_008,6,USR_004,7e-12,-0.3979
29,2020-W30,9,USR_008,7,USR_007,-1e-12,0.0306
29,2020-W30,9,USR_008,8,STK_001,0.0,-0.0
29,2020-W30,9,USR_008,9,USR_008,1.9e-11,1.0
29,2020-W30,9,USR_008,10,USR_006,5e-12,-0.2797
29,2020-W30,9,USR_008,11,STK_002,0.0,-0.0
29,2020-W30,9,USR_008,12,USR_002,9e-12,-0.4846
29,2020-W30,9,USR_008,13,USR_010,-2.4e-11,0.7923
29,2020-W30,9,USR_008,14,USR_001,7e-12,-0.4049
29,2020-W30,10,USR_006,0,STK_004,0.0,-0.8938
29,2020-W30,10,USR_006,1,USR_003,1.3e-11,-0.8237
29,2020-W30,10,USR_006,2,USR_009,1e-11,-0.224
29,2020-W30,10,USR_006,3,STK_005,0.0,-0.0
29,2020-W30,10,USR_006,4,USR_005,-9.8e-11,0.8073
29,2020-W30,10,USR_006,5,STK_003,0.0,-0.0
29,2020-W30,10,USR_006,6,USR_004,1.3e-11,-0.8062
29,2020-W30,10,USR_006,7,USR_007,1.4e-11,-0.645
29,2020-W30,10,USR_006,8,STK_001,0.0,-0.0
29,2020-W30,10,USR_006,9,USR_008,5e-12,-0.2797
29,2020-W30,10,USR_006,10,USR_006,1.7e-11,1.0
29,2020-W30,10,USR_006,11,STK_002,0.0,-0.0
29,2020-W30,10,USR_006,12,USR_002,1.4e-11,-0.7974
29,2020-W30,10,USR_006,13,USR_010,-1e-12,0.0445
29,2020-W30,10,USR_006,14,USR_001,1.4e-11,-0.8199
29,2020-W30,11,STK_002,0,STK_004,0.0,-0.0
29,2020-W30,11,STK_002,1,USR_003,0.0,-0.0
29,2020-W30,11,STK_002,2,USR_009,0.0,-0.0
29,2020-W30,11,STK_002,3,STK_005,0.0,-0.0
29,2020-W30,11,STK_002,4,USR_005,0.0,-0.0
29,2020-W30,11,STK_002,5,STK_003,0.0,-0.0
29,2020-W30,11,STK_002,6,USR_004,0.0,-0.0
29,2020-W30,11,STK_002,7,USR_007,0.0,-0.0
29,2020-W30,11,STK_002,8,STK_001,0.0,-0.0
29,2020-W30,11,STK_002,9,USR_008,0.0,-0.0
29,2020-W30,11,STK_002,10,USR_006,0.0,-0.0
29,2020-W30,11,STK_002,11,STK_002,0.0,1.0
29,2020-W30,11,STK_002,12,USR_002,0.0,-0.0
29,2020-W30,11,STK_002,13,USR_010,0.0,-0.0
29,2020-W30,11,STK_002,14,USR_001,0.0,-0.0
29,2020-W30,12,USR_002,0,STK_004,0.0,-0.9437
29,2020-W30,12,USR_002,1,USR_003,1.6e-11,-0.9924
29,2020-W30,12,USR_002,2,USR_009,2.2e-11,-0.5003
29,2020-W30,12,USR_002,3,STK_005,0.0,-0.0
29,2020-W30,12,USR_002,4,USR_005,-1.17e-10,0.9441
29,2020-W30,12,USR_002,5,STK_003,0.0,-0.0
29,2020-W30,12,USR_002,6,USR_004,1.6e-11,-0.9921
29,2020-W30,12,USR_002,7,USR_007,1.1e-11,-0.4917
29,2020-W30,12,USR_002,8,STK_001,0.0,-0.0
29,2020-W30,12,USR_002,9,USR_008,9e-12,-0.4846
29,2020-W30,12,USR_002,10,USR_006,1.4e-11,-0.7974
29,2020-W30,12,USR_002,11,STK_002,0.0,-0.0
29,2020-W30,12,USR_002,12,USR_002,1.7e-11,1.0
29,2020-W30,12,USR_002,13,USR_010,-6e-12,0.1954
29,2020-W30,12,USR_002,14,USR_001,1.7e-11,-0.9932
29,2020-W30,13,USR_010,0,STK_004,0.0,-0.0123
29,2020-W30,13,USR_010,1,USR_003,-2e-12,0.082
29,2020-W30,13,USR_010,2,USR_009,-2.2e-11,0.3064
29,2020-W30,13,USR_010,3,STK_005,0.0,-0.0
29,2020-W30,13,USR_010,4,USR_005,5e-12,-0.0235
29,2020-W30,13,USR_010,5,STK_003,-0.0,0.0
29,2020-W30,13,USR_010,6,USR_004,-3e-12,0.0956
29,2020-W30,13,USR_010,7,USR_007,8e-12,-0.2268
29,2020-W30,13,USR_010,8,STK_001,0.0,-0.0
29,2020-W30,13,USR_010,9,USR_008,-2.4e-11,0.7923
29,2020-W30,13,USR_010,10,USR_006,-1e-12,0.0445
29,2020-W30,13,USR_010,11,STK_002,0.0,-0.0
29,2020-W30,13,USR_010,12,USR_002,-6e-12,0.1954
29,2020-W30,13,USR_010,13,USR_010,4.7e-11,1.0
29,2020-W30,13,USR_010,14,USR_001,-3e-12,0.0938
29,2020-W30,14,USR_001,0,STK_004,0.0,-0.964
29,2020-W30,14,USR_001,1,USR_003,1.6e-11,-0.9986
29,2020-W30,14,USR_001,2,USR_009,1.9e-11,-0.4575
29,2020-W30,14,USR_001,3,STK_005,0.0,-0.0
29,2020-W30,14,USR_001,4,USR_005,-1.14e-10,0.9528
29,2020-W30,14,USR_001,5,STK_003,0.0,-0.0
29,2020-W30,14,USR_001,6,USR_004,1.6e-11,-0.9987
29,2020-W30,14,USR_001,7,USR_007,1.2e-11,-0.5323
29,2020-W30,14,USR_001,8,STK_001,0.0,-0.0
29,2020-W30,14,USR_001,9,USR_008,7e-12,-0.4049
29,2020-W30,14,USR_001,10,USR_006,1.4e-11,-0.8199
29,2020-W30,14,USR_001,11,STK_002,0.0,-0.0
29,2020-W30,14,USR_001,12,USR_002,1.7e-11,-0.9932
29,2020-W30,14,USR_001,13,USR_010,-3e-12,0.0938
29,2020-W30,14,USR_001,14,USR_001,1.6e-11,1.0
30,2020-W31,0,STK_004,0,STK_004,0.0,1.0
30,2020-W31,0,STK_004,1,USR_003,0.0,-0.9633
30,2020-W31,0,STK_004,2,USR_009,0.0,-0.4843
30,2020-W31,0,STK_004,3,STK_005,0.0,-0.0
30,2020-W31,0,STK_004,4,USR_005,-0.0,0.9946
30,2020-W31,0,STK_004,5,STK_003,0.0,-1.0
30,2020-W31,0,STK_004,6,USR_004,0.0,-0.9489
30,2020-W31,0,STK_004,7,USR_007,0.0,-0.5174
30,2020-W31,0,STK_004,8,STK_001,0.0,-0.0
30,2020-W31,0,STK_004,9,USR_008,0.0,-0.196
30,2020-W31,0,STK_004,10,USR_006,0.0,-0.8322
30,2020-W31,0,STK_004,11,STK_002,0.0,-0.0
30,2020-W31,0,STK_004,12,USR_002,0.0,-0.9481
30,2020-W31,0,STK_004,13,USR_010,0.0,-0.4172
30,2020-W31,0,STK_004,14,USR_001,0.0,-0.9577
30,2020-W31,1,USR_003,0,STK_004,0.0,-0.9633
30,2020-W31,1,USR_003,1,USR_003,1.6e-11,1.0
30,2020-W31,1,USR_003,2,USR_009,9e-12,-0.384
30,2020-W31,1,USR_003,3,STK_005,0.0,-0.0
30,2020-W31,1,USR_003,4,USR_005,-1.06e-10,0.9422
30,2020-W31,1,USR_003,5,STK_003,0.0,-1.0
30,2020-W31,1,USR_003,6,USR_004,1.6e-11,-0.9955
30,2020-W31,1,USR_003,7,USR_007,8e-12,-0.3399
30,2020-W31,1,USR_003,8,STK_001,0.0,-0.0
30,2020-W31,1,USR_003,9,USR_008,3e-12,-0.2554
30,2020-W31,1,USR_003,10,USR_006,1.2e-11,-0.7582
30,2020-W31,1,USR_003,11,STK_002,0.0,-0.0
30,2020-W31,1,USR_003,12,USR_002,1.7e-11,-0.9976
30,2020-W31,1,USR_003,13,USR_010,6e-12,-0.3367
30,2020-W31,1,USR_003,14,USR_001,1.7e-11,-0.9987
30,2020-W31,2,USR_009,0,STK_004,0.0,-0.4843
30,2020-W31,2,USR_009,1,USR_003,9e-12,-0.384
30,2020-W31,2,USR_009,2,USR_009,3.7e-11,1.0
30,2020-W31,2,USR_009,3,STK_005,0.0,-0.0
30,2020-W31,2,USR_009,4,USR_005,-9.4e-11,0.5621
30,2020-W31,2,USR_009,5,STK_003,0.0,-0.8523
30,2020-W31,2,USR_009,6,USR_004,9e-12,-0.3818
30,2020-W31,2,USR_009,7,USR_007,2e-12,-0.063
30,2020-W31,2,USR_009,8,STK_001,0.0,-0.0
30,2020-W31,2,USR_009,9,USR_008,-1e-11,0.5054
30,2020-W31,2,USR_009,10,USR_006,5e-12,-0.1912
30,2020-W31,2,USR_009,11,STK_002,0.0,-0.0
30,2020-W31,2,USR_009,12,USR_002,8e-12,-0.3407
30,2020-W31,2,USR_009,13,USR_010,2.4e-11,-0.8685
30,2020-W31,2,USR_009,14,USR_001,9e-12,-0.3766
30,2020-W31,3,STK_005,0,STK_004,0.0,-0.0
30,2020-W31,3,STK_005,1,USR_003,0.0,-0.0
30,2020-W31,3,STK_005,2,USR_009,0.0,-0.0
30,2020-W31,3,STK_005,3,STK_005,0.0,1.0
30,2020-W31,3,STK_005,4,USR_005,-0.0,0.0
30,2020-W31,3,STK_005,5,STK_003,0.0,-0.0
30,2020-W31,3,STK_005,6,USR_004,0.0,-0.0
30,2020-W31,3,STK_005,7,USR_007,0.0,-0.0
30,2020-W31,3,STK_005,8,STK_001,0.0,-0.0
30,2020-W31,3,STK_005,9,USR_008,0.0,-0.0
30,2020-W31,3,STK_005,10,USR_006,0.0,-0.0
30,2020-W31,3,STK_005,11,STK_002,0.0,-0.0
30,2020-W31,3,STK_005,12,USR_002,0.0,-0.0
30,2020-W31,3,STK_005,13,USR_010,0.0,-0.0
30,2020-W31,3,STK_005,14,USR_001,0.0,-0.0
30,2020-W31,4,USR_005,0,STK_004,-0.0,0.9946
30,2020-W31,4,USR_005,1,USR_003,-1.06e-10,0.9422
30,2020-W31,4,USR_005,2,USR_009,-9.4e-11,0.5621
30,2020-W31,4,USR_005,3,STK_005,0.0,-0.0
30,2020-W31,4,USR_005,4,USR_005,7.71e-10,1.0
30,2020-W31,4,USR_005,5,STK_003,-0.0,1.0
30,2020-W31,4,USR_005,6,USR_004,-1.05e-10,0.9278
30,2020-W31,4,USR_005,7,USR_007,-8.9e-11,0.5256
30,2020-W31,4,USR_005,8,STK_001,0.0,-0.0
30,2020-W31,4,USR_005,9,USR_008,-1.1e-11,0.1136
30,2020-W31,4,USR_005,10,USR_006,-9.1e-11,0.8051
30,2020-W31,4,USR_005,11,STK_002,0.0,-0.0
30,2020-W31,4,USR_005,12,USR_002,-1.05e-10,0.9216
30,2020-W31,4,USR_005,13,USR_010,-6.5e-11,0.4993
30,2020-W31,4,USR_005,14,USR_001,-1.07e-10,0.936
30,2020-W31,5,STK_003,0,STK_004,0.0,-0.69
30,2020-W31,5,STK_003,1,USR_003,0.0,-0.6669
30,2020-W31,5,STK_003,2,USR_009,0.0,-0.4514
30,2020-W31,5,STK_003,3,STK_005,0.0,-0.0
30,2020-W31,5,STK_003,4,USR_005,-0.0,0.6975
30,2020-W31,5,STK_003,5,STK_003,0.0,1.0
30,2020-W31,5,STK_003,6,USR_004,0.0,-0.6612
30,2020-W31,5,STK_003,7,USR_007,0.0,-0.2797
30,2020-W31,5,STK_003,8,STK_001,0.0,-0.0
30,2020-W31,5,STK_003,9,USR_008,0.0,-0.0394
30,2020-W31,5,STK_003,10,USR_006,0.0,-0.5247
30,2020-W31,5,STK_003,11,STK_002,0.0,-0.0
30,2020-W31,5,STK_003,12,USR_002,0.0,-0.6521
30,2020-W31,5,STK_003,13,USR_010,0.0,-0.407
30,2020-W31,5,STK_003,14,USR_001,0.0,-0.6637
30,2020-W31,6,USR_004,0,STK_004,0.0,-0.9489
30,2020-W31,6,USR_004,1,USR_003,1.6e-11,-0.9955
30,2020-W31,6,USR_004,2,USR_009,9e-12,-0.3818
30,2020-W31,6,USR_004,3,STK_005,0.0,-0.0
30,2020-W31,6,USR_004,4,USR_005,-1.05e-10,0.9278
30,2020-W31,6,USR_004,5,STK_003,0.0,-1.0
30,2020-W31,6,USR_004,6,USR_004,1.6e-11,1.0
30,2020-W31,6,USR_004,7,USR_007,7e-12,-0.3018
30,2020-W31,6,USR_004,8,STK_001,0.0,-0.0
30,2020-W31,6,USR_004,9,USR_008,3e-12,-0.2285
30,2020-W31,6,USR_004,10,USR_006,1.2e-11,-0.7346
30,2020-W31,6,USR_004,11,STK_002,0.0,-0.0
30,2020-W31,6,USR_004,12,USR_002,1.7e-11,-0.9953
30,2020-W31,6,USR_004,13,USR_010,7e-12,-0.3458
30,2020-W31,6,USR_004,14,USR_001,1.7e-11,-0.9986
30,2020-W31,7,USR_007,0,STK_004,0.0,-0.5174
30,2020-W31,7,USR_007,1,USR_003,8e-12,-0.3399
30,2020-W31,7,USR_007,2,USR_009,2e-12,-0.063
30,2020-W31,7,USR_007,3,STK_005,0.0,-0.0
30,2020-W31,7,USR_007,4,USR_005,-8.9e-11,0.5256
30,2020-W31,7,USR_007,5,STK_003,0.0,-0.66
30,2020-W31,7,USR_007,6,USR_004,7e-12,-0.3018
30,2020-W31,7,USR_007,7,USR_007,3.7e-11,1.0
30,2020-W31,7,USR_007,8,STK_001,0.0,-0.0
30,2020-W31,7,USR_007,9,USR_008,1e-12,-0.0594
30,2020-W31,7,USR_007,10,USR_006,1.5e-11,-0.6131
30,2020-W31,7,USR_007,11,STK_002,0.0,-0.0
30,2020-W31,7,USR_007,12,USR_002,8e-12,-0.3178
30,2020-W31,7,USR_007,13,USR_010,1e-12,-0.0405
30,2020-W31,7,USR_007,14,USR_001,8e-12,-0.3271
30,2020-W31,8,STK_001,0,STK_004,-0.0,0.0
30,2020-W31,8,STK_001,1,USR_003,-0.0,0.0
30,2020-W31,8,STK_001,2,USR_009,-0.0,0.0
30,2020-W31,8,STK_001,3,STK_005,0.0,-0.0
30,2020-W31,8,STK_001,4,USR_005,0.0,-0.0
30,2020-W31,8,STK_001,5,STK_003,-0.0,0.0
30,2020-W31,8,STK_001,6,USR_004,-0.0,0.0
30,2020-W31,8,STK_001,7,USR_007,-0.0,0.0
30,2020-W31,8,STK_001,8,STK_001,0.0,1.0
30,2020-W31,8,STK_001,9,USR_008,-0.0,0.0
30,2020-W31,8,STK_001,10,USR_006,-0.0,0.0
30,2020-W31,8,STK_001,11,STK_002,0.0,-0.0
30,2020-W31,8,STK_001,12,USR_002,-0.0,0.0
30,2020-W31,8,STK_001,13,USR_010,-0.0,0.0
30,2020-W31,8,STK_001,14,USR_001,-0.0,0.0
30,2020-W31,9,USR_008,0,STK_004,0.0,-0.196
30,2020-W31,9,USR_008,1,USR_003,3e-12,-0.2554
30,2020-W31,9,USR_008,2,USR_009,-1e-11,0.5054
30,2020-W31,9,USR_008,3,STK_005,0.0,-0.0
30,2020-W31,9,USR_008,4,USR_005,-1.1e-11,0.1137
30,2020-W31,9,USR_008,5,STK_003,0.0,-0.1206
30,2020-W31,9,USR_008,6,USR_004,3e-12,-0.2285
30,2020-W31,9,USR_008,7,USR_007,1e-12,-0.0594
30,2020-W31,9,USR_008,8,STK_001,0.0,-0.0
30,2020-W31,9,USR_008,9,USR_008,1.1e-11,1.0
30,2020-W31,9,USR_008,10,USR_006,3e-12,-0.2546
30,2020-W31,9,USR_008,11,STK_002,0.0,-0.0
30,2020-W31,9,USR_008,12,USR_002,4e-12,-0.2882
30,2020-W31,9,USR_008,13,USR_010,-9e-12,0.5733
30,2020-W31,9,USR_008,14,USR_001,3e-12,-0.2465
30,2020-W31,10,USR_006,0,STK_004,0.0,-0.8322
30,2020-W31,10,USR_006,1,USR_003,1.2e-11,-0.7582
30,2020-W31,10,USR_006,2,USR_009,5e-12,-0.1912
30,2020-W31,10,USR_006,3,STK_005,0.0,-0.0
30,2020-W31,10,USR_006,4,USR_005,-9.1e-11,0.8051
30,2020-W31,10,USR_006,5,STK_003,0.0,-1.0
30,2020-W31,10,USR_006,6,USR_004,1.2e-11,-0.7346
30,2020-W31,10,USR_006,7,USR_007,1.5e-11,-0.6131
30,2020-W31,10,USR_006,8,STK_001,0.0,-0.0
30,2020-W31,10,USR_006,9,USR_008,3e-12,-0.2546
30,2020-W31,10,USR_006,10,USR_006,1.6e-11,1.0
30,2020-W31,10,USR_006,11,STK_002,0.0,-0.0
30,2020-W31,10,USR_006,12,USR_002,1.2e-11,-0.7467
30,2020-W31,10,USR_006,13,USR_010,1e-12,-0.0764
30,2020-W31,10,USR_006,14,USR_001,1.3e-11,-0.7533
30,2020-W31,11,STK_002,0,STK_004,0.0,-0.0
30,2020-W31,11,STK_002,1,USR_003,0.0,-0.0
30,2020-W31,11,STK_002,2,USR_009,0.0,-0.0
30,2020-W31,11,STK_002,3,STK_005,0.0,-0.0
30,2020-W31,11,STK_002,4,USR_005,0.0,-0.0
30,2020-W31,11,STK_002,5,STK_003,0.0,-0.0
30,2020-W31,11,STK_002,6,USR_004,0.0,-0.0
30,2020-W31,11,STK_002,7,USR_007,0.0,-0.0
30,2020-W31,11,STK_002,8,STK_001,0.0,-0.0
30,2020-W31,11,STK_002,9,USR_008,0.0,-0.0
30,2020-W31,11,STK_002,10,USR_006,0.0,-0.0
30,2020-W31,11,STK_002,11,STK_002,0.0,1.0
30,2020-W31,11,STK_002,12,USR_002,0.0,-0.0
30,2020-W31,11,STK_002,13,USR_010,0.0,-0.0
30,2020-W31,11,STK_002,14,USR_001,0.0,-0.0
30,2020-W31,12,USR_002,0,STK_004,0.0,-0.9481
30,2020-W31,12,USR_002,1,USR_003,1.7e-11,-0.9976
30,2020-W31,12,USR_002,2,USR_009,8e-12,-0.3407
30,2020-W31,12,USR_002,3,STK_005,0.0,-0.0
30,2020-W31,12,USR_002,4,USR_005,-1.05e-10,0.9216
30,2020-W31,12,USR_002,5,STK_003,0.0,-1.0
30,2020-W31,12,USR_002,6,USR_004,1.7e-11,-0.9953
30,2020-W31,12,USR_002,7,USR_007,8e-12,-0.3178
30,2020-W31,12,USR_002,8,STK_001,0.0,-0.0
30,2020-W31,12,USR_002,9,USR_008,4e-12,-0.2882
30,2020-W31,12,USR_002,10,USR_006,1.2e-11,-0.7467
30,2020-W31,12,USR_002,11,STK_002,0.0,-0.0
30,2020-W31,12,USR_002,12,USR_002,1.7e-11,1.0
30,2020-W31,12,USR_002,13,USR_010,5e-12,-0.2869
30,2020-W31,12,USR_002,14,USR_001,1.7e-11,-0.9973
30,2020-W31,13,USR_010,0,STK_004,0.0,-0.4172
30,2020-W31,13,USR_010,1,USR_003,6e-12,-0.3367
30,2020-W31,13,USR_010,2,USR_009,2.4e-11,-0.8685
30,2020-W31,13,USR_010,3,STK_005,0.0,-0.0
30,2020-W31,13,USR_010,4,USR_005,-6.5e-11,0.4993
30,2020-W31,13,USR_010,5,STK_003,0.0,-0.7629
30,2020-W31,13,USR_010,6,USR_004,7e-12,-0.3458
30,2020-W31,13,USR_010,7,USR_007,1e-12,-0.0405
30,2020-W31,13,USR_010,8,STK_001,0.0,-0.0
30,2020-W31,13,USR_010,9,USR_008,-9e-12,0.5733
30,2020-W31,13,USR_010,10,USR_006,1e-12,-0.0764
30,2020-W31,13,USR_010,11,STK_002,0.0,-0.0
30,2020-W31,13,USR_010,12,USR_002,5e-12,-0.2869
30,2020-W31,13,USR_010,13,USR_010,2.2e-11,1.0
30,2020-W31,13,USR_010,14,USR_001,6e-12,-0.3342
30,2020-W31,14,USR_001,0,STK_004,0.0,-0.9578
30,2020-W31,14,USR_001,1,USR_003,1.7e-11,-0.9987
30,2020-W31,14,USR_001,2,USR_009,9e-12,-0.3766
30,2020-W31,14,USR_001,3,STK_005,0.0,-0.0
30,2020-W31,14,USR_001,4,USR_005,-1.07e-10,0.936
30,2020-W31,14,USR_001,5,STK_003,0.0,-1.0
30,2020-W31,14,USR_001,6,USR_004,1.7e-11,-0.9986
30,2020-W31,14,USR_001,7,USR_007,8e-12,-0.3271
30,2020-W31,14,USR_001,8,STK_001,0.0,-0.0
30,2020-W31,14,USR_001,9,USR_008,3e-12,-0.2465
30,2020-W31,14,USR_001,10,USR_006,1.3e-11,-0.7533
30,2020-W31,14,USR_001,11,STK_002,0.0,-0.0
30,2020-W31,14,USR_001,12,USR_002,1.7e-11,-0.9973
30,2020-W31,14,USR_001,13,USR_010,6e-12,-0.3342
30,2020-W31,14,USR_001,14,USR_001,1.7e-11,1.0
31,2020-W32,0,STK_004,0,STK_004,0.0,1.0
31,2020-W32,0,STK_004,1,USR_003,0.0,-0.9831
31,2020-W32,0,STK_004,2,USR_009,0.0,-0.4018
31,2020-W32,0,STK_004,3,STK_005,0.0,-0.0
31,2020-W32,0,STK_004,4,USR_005,-0.0,0.9467
31,2020-W32,0,STK_004,5,STK_003,0.0,-0.0
31,2020-W32,0,STK_004,6,USR_004,0.0,-0.9778
31,2020-W32,0,STK_004,7,USR_007,0.0,-0.0937
31,2020-W32,0,STK_004,8,STK_001,0.0,-0.0
31,2020-W32,0,STK_004,9,USR_008,0.0,-0.0755
31,2020-W32,0,STK_004,10,USR_006,0.0,-0.4413
31,2020-W32,0,STK_004,11,STK_002,0.0,-0.0
31,2020-W32,0,STK_004,12,USR_002,0.0,-0.9726
31,2020-W32,0,STK_004,13,USR_010,0.0,-0.3506
31,2020-W32,0,STK_004,14,USR_001,0.0,-0.9828
31,2020-W32,1,USR_003,0,STK_004,0.0,-0.9831
31,2020-W32,1,USR_003,1,USR_003,1.5e-11,1.0
31,2020-W32,1,USR_003,2,USR_009,1.4e-11,-0.355
31,2020-W32,1,USR_003,3,STK_005,0.0,-0.0
31,2020-W32,1,USR_003,4,USR_005,-1.04e-10,0.9243
31,2020-W32,1,USR_003,5,STK_003,0.0,-0.0
31,2020-W32,1,USR_003,6,USR_004,1.5e-11,-0.9924
31,2020-W32,1,USR_003,7,USR_007,6e-12,-0.085
31,2020-W32,1,USR_003,8,STK_001,0.0,-0.0
31,2020-W32,1,USR_003,9,USR_008,2e-12,-0.1359
31,2020-W32,1,USR_003,10,USR_006,1.1e-11,-0.4346
31,2020-W32,1,USR_003,11,STK_002,0.0,-0.0
31,2020-W32,1,USR_003,12,USR_002,1.6e-11,-0.9981
31,2020-W32,1,USR_003,13,USR_010,9e-12,-0.2873
31,2020-W32,1,USR_003,14,USR_001,1.6e-11,-0.9988
31,2020-W32,2,USR_009,0,STK_004,0.0,-0.4018
31,2020-W32,2,USR_009,1,USR_003,1.4e-11,-0.355
31,2020-W32,2,USR_009,2,USR_009,1.03e-10,1.0
31,2020-W32,2,USR_009,3,STK_005,0.0,-0.0
31,2020-W32,2,USR_009,4,USR_005,-3.4e-11,0.1157
31,2020-W32,2,USR_009,5,STK_003,0.0,-0.0
31,2020-W32,2,USR_009,6,USR_004,1.8e-11,-0.4404
31,2020-W32,2,USR_009,7,USR_007,-1.41e-10,0.8105
31,2020-W32,2,USR_009,8,STK_001,0.0,-0.0
31,2020-W32,2,USR_009,9,USR_008,-2.7e-11,0.6767
31,2020-W32,2,USR_009,10,USR_006,-3.8e-11,0.5841
31,2020-W32,2,USR_009,11,STK_002,0.0,-0.0
31,2020-W32,2,USR_009,12,USR_002,1.3e-11,-0.3356
31,2020-W32,2,USR_009,13,USR_010,7.7e-11,-0.964
31,2020-W32,2,USR_009,14,USR_001,1.5e-11,-0.3705
31,2020-W32,3,STK_005,0,STK_004,-0.0,0.0
31,2020-W32,3,STK_005,1,USR_003,-0.0,0.0
31,2020-W32,3,STK_005,2,USR_009,-0.0,0.0
31,2020-W32,3,STK_005,3,STK_005,0.0,1.0
31,2020-W32,3,STK_005,4,USR_005,0.0,-0.0
31,2020-W32,3,STK_005,5,STK_003,-0.0,0.0
31,2020-W32,3,STK_005,6,USR_004,-0.0,0.0
31,2020-W32,3,STK_005,7,USR_007,-0.0,0.0
31,2020-W32,3,STK_005,8,STK_001,0.0,-0.0
31,2020-W32,3,STK_005,9,USR_008,-0.0,0.0
31,2020-W32,3,STK_005,10,USR_006,-0.0,0.0
31,2020-W32,3,STK_005,11,STK_002,0.0,-0.0
31,2020-W32,3,STK_005,12,USR_002,-0.0,0.0
31,2020-W32,3,STK_005,13,USR_010,-0.0,0.0
31,2020-W32,3,STK_005,14,USR_001,-0.0,0.0
31,2020-W32,4,USR_005,0,STK_004,-0.0,0.9467
31,2020-W32,4,USR_005,1,USR_003,-1.04e-10,0.9243
31,2020-W32,4,USR_005,2,USR_009,-3.4e-11,0.1157
31,2020-W32,4,USR_005,3,STK_005,0.0,-0.0
31,2020-W32,4,USR_005,4,USR_005,8.19e-10,1.0
31,2020-W32,4,USR_005,5,STK_003,-0.0,0.0
31,2020-W32,4,USR_005,6,USR_004,-1.01e-10,0.8905
31,2020-W32,4,USR_005,7,USR_007,-2.01e-10,0.4081
31,2020-W32,4,USR_005,8,STK_001,0.0,-0.0
31,2020-W32,4,USR_005,9,USR_008,-2.6e-11,0.2338
31,2020-W32,4,USR_005,10,USR_006,-1.26e-10,0.6802
31,2020-W32,4,USR_005,11,STK_002,0.0,-0.0
31,2020-W32,4,USR_005,12,USR_002,-1.04e-10,0.9139
31,2020-W32,4,USR_005,13,USR_010,-1.9e-11,0.0859
31,2020-W32,4,USR_005,14,USR_001,-1.05e-10,0.9193
31,2020-W32,5,STK_003,0,STK_004,-0.0,0.0
31,2020-W32,5,STK_003,1,USR_003,-0.0,0.0
31,2020-W32,5,STK_003,2,USR_009,0.0,-0.0
31,2020-W32,5,STK_003,3,STK_005,0.0,-0.0
31,2020-W32,5,STK_003,4,USR_005,0.0,-0.0
31,2020-W32,5,STK_003,5,STK_003,-0.0,1.0
31,2020-W32,5,STK_003,6,USR_004,-0.0,0.0
31,2020-W32,5,STK_003,7,USR_007,-0.0,0.0
31,2020-W32,5,STK_003,8,STK_001,0.0,-0.0
31,2020-W32,5,STK_003,9,USR_008,-0.0,0.0
31,2020-W32,5,STK_003,10,USR_006,-0.0,0.0
31,2020-W32,5,STK_003,11,STK_002,0.0,-0.0
31,2020-W32,5,STK_003,12,USR_002,-0.0,0.0
31,2020-W32,5,STK_003,13,USR_010,0.0,-0.0
31,2020-W32,5,STK_003,14,USR_001,-0.0,0.0
31,2020-W32,6,USR_004,0,STK_004,0.0,-0.9778
31,2020-W32,6,USR_004,1,USR_003,1.5e-11,-0.9924
31,2020-W32,6,USR_004,2,USR_009,1.8e-11,-0.4404
31,2020-W32,6,USR_004,3,STK_005,0.0,-0.0
31,2020-W32,6,USR_004,4,USR_005,-1.01e-10,0.8905
31,2020-W32,6,USR_004,5,STK_003,0.0,-0.0
31,2020-W32,6,USR_004,6,USR_004,1.6e-11,1.0
31,2020-W32,6,USR_004,7,USR_007,-0.0,0.0072
31,2020-W32,6,USR_004,8,STK_001,0.0,-0.0
31,2020-W32,6,USR_004,9,USR_008,1e-12,-0.0538
31,2020-W32,6,USR_004,10,USR_006,9e-12,-0.351
31,2020-W32,6,USR_004,11,STK_002,0.0,-0.0
31,2020-W32,6,USR_004,12,USR_002,1.6e-11,-0.9906
31,2020-W32,6,USR_004,13,USR_010,1.2e-11,-0.3703
31,2020-W32,6,USR_004,14,USR_001,1.6e-11,-0.996
31,2020-W32,7,USR_007,0,STK_004,0.0,-0.0937
31,2020-W32,7,USR_007,1,USR_003,6e-12,-0.085
31,2020-W32,7,USR_007,2,USR_009,-1.41e-10,0.8105
31,2020-W32,7,USR_007,3,STK_005,0.0,-0.0
31,2020-W32,7,USR_007,4,USR_005,-2.01e-10,0.4081
31,2020-W32,7,USR_007,5,STK_003,-0.0,0.0
31,2020-W32,7,USR_007,6,USR_004,-0.0,0.0072
31,2020-W32,7,USR_007,7,USR_007,2.96e-10,1.0
31,2020-W32,7,USR_007,8,STK_001,0.0,-0.0
31,2020-W32,7,USR_007,9,USR_008,3.8e-11,-0.5689
31,2020-W32,7,USR_007,10,USR_006,9.7e-11,-0.8693
31,2020-W32,7,USR_007,11,STK_002,0.0,-0.0
31,2020-W32,7,USR_007,12,USR_002,6e-12,-0.0868
31,2020-W32,7,USR_007,13,USR_010,-1.05e-10,0.7717
31,2020-W32,7,USR_007,14,USR_001,5e-12,-0.0697
31,2020-W32,8,STK_001,0,STK_004,-0.0,0.0
31,2020-W32,8,STK_001,1,USR_003,-0.0,0.0
31,2020-W32,8,STK_001,2,USR_009,0.0,-0.0
31,2020-W32,8,STK_001,3,STK_005,0.0,-0.0
31,2020-W32,8,STK_001,4,USR_005,0.0,-0.0
31,2020-W32,8,STK_001,5,STK_003,-0.0,0.0
31,2020-W32,8,STK_001,6,USR_004,-0.0,0.0
31,2020-W32,8,STK_001,7,USR_007,-0.0,0.0
31,2020-W32,8,STK_001,8,STK_001,0.0,1.0
31,2020-W32,8,STK_001,9,USR_008,-0.0,0.0
31,2020-W32,8,STK_001,10,USR_006,-0.0,0.0
31,2020-W32,8,STK_001,11,STK_002,0.0,-0.0
31,2020-W32,8,STK_001,12,USR_002,-0.0,0.0
31,2020-W32,8,STK_001,13,USR_010,0.0,-0.0
31,2020-W32,8,STK_001,14,USR_001,-0.0,0.0
31,2020-W32,9,USR_008,0,STK_004,0.0,-0.0755
31,2020-W32,9,USR_008,1,USR_003,2e-12,-0.1359
31,2020-W32,9,USR_008,2,USR_009,-2.7e-11,0.6767
31,2020-W32,9,USR_008,3,STK_005,0.0,-0.0
31,2020-W32,9,USR_008,4,USR_005,-2.6e-11,0.2338
31,2020-W32,9,USR_008,5,STK_003,-0.0,0.0
31,2020-W32,9,USR_008,6,USR_004,1e-12,-0.0538
31,2020-W32,9,USR_008,7,USR_007,3.8e-11,-0.5689
31,2020-W32,9,USR_008,8,STK_001,0.0,-0.0
31,2020-W32,9,USR_008,9,USR_008,1.5e-11,1.0
31,2020-W32,9,USR_008,10,USR_006,1.4e-11,-0.5722
31,2020-W32,9,USR_008,11,STK_002,0.0,-0.0
31,2020-W32,9,USR_008,12,USR_002,3e-12,-0.1623
31,2020-W32,9,USR_008,13,USR_010,-2.2e-11,0.7224
31,2020-W32,9,USR_008,14,USR_001,2e-12,-0.1159
31,2020-W32,10,USR_006,0,STK_004,0.0,-0.4413
31,2020-W32,10,USR_006,1,USR_003,1.1e-11,-0.4346
31,2020-W32,10,USR_006,2,USR_009,-3.8e-11,0.5841
31,2020-W32,10,USR_006,3,STK_005,0.0,-0.0
31,2020-W32,10,USR_006,4,USR_005,-1.26e-10,0.6802
31,2020-W32,10,USR_006,5,STK_003,-0.0,0.0
31,2020-W32,10,USR_006,6,USR_004,9e-12,-0.351
31,2020-W32,10,USR_006,7,USR_007,9.7e-11,-0.8693
31,2020-W32,10,USR_006,8,STK_001,0.0,-0.0
31,2020-W32,10,USR_006,9,USR_008,1.4e-11,-0.5722
31,2020-W32,10,USR_006,10,USR_006,4.2e-11,1.0
31,2020-W32,10,USR_006,11,STK_002,0.0,-0.0
31,2020-W32,10,USR_006,12,USR_002,1.1e-11,-0.4354
31,2020-W32,10,USR_006,13,USR_010,-3.1e-11,0.6052
31,2020-W32,10,USR_006,14,USR_001,1.1e-11,-0.4221
31,2020-W32,11,STK_002,0,STK_004,0.0,-0.0
31,2020-W32,11,STK_002,1,USR_003,0.0,-0.0
31,2020-W32,11,STK_002,2,USR_009,0.0,-0.0
31,2020-W32,11,STK_002,3,STK_005,0.0,-0.0
31,2020-W32,11,STK_002,4,USR_005,0.0,-0.0
31,2020-W32,11,STK_002,5,STK_003,0.0,-0.0
31,2020-W32,11,STK_002,6,USR_004,0.0,-0.0
31,2020-W32,11,STK_002,7,USR_007,0.0,-0.0
31,2020-W32,11,STK_002,8,STK_001,0.0,-0.0
31,2020-W32,11,STK_002,9,USR_008,0.0,-0.0
31,2020-W32,11,STK_002,10,USR_006,0.0,-0.0
31,2020-W32,11,STK_002,11,STK_002,0.0,1.0
31,2020-W32,11,STK_002,12,USR_002,0.0,-0.0
31,2020-W32,11,STK_002,13,USR_010,0.0,-0.0
31,2020-W32,11,STK_002,14,USR_001,0.0,-0.0
31,2020-W32,12,USR_002,0,STK_004,0.0,-0.9726
31,2020-W32,12,USR_002,1,USR_003,1.6e-11,-0.9981
31,2020-W32,12,USR_002,2,USR_009,1.3e-11,-0.3356
31,2020-W32,12,USR_002,3,STK_005,0.0,-0.0
31,2020-W32,12,USR_002,4,USR_005,-1.04e-10,0.9139
31,2020-W32,12,USR_002,5,STK_003,0.0,-0.0
31,2020-W32,12,USR_002,6,USR_004,1.6e-11,-0.9906
31,2020-W32,12,USR_002,7,USR_007,6e-12,-0.0868
31,2020-W32,12,USR_002,8,STK_001,0.0,-0.0
31,2020-W32,12,USR_002,9,USR_008,3e-12,-0.1623
31,2020-W32,12,USR_002,10,USR_006,1.1e-11,-0.4354
31,2020-W32,12,USR_002,11,STK_002,0.0,-0.0
31,2020-W32,12,USR_002,12,USR_002,1.6e-11,1.0
31,2020-W32,12,USR_002,13,USR_010,8e-12,-0.2586
31,2020-W32,12,USR_002,14,USR_001,1.6e-11,-0.997
31,2020-W32,13,USR_010,0,STK_004,0.0,-0.3506
31,2020-W32,13,USR_010,1,USR_003,9e-12,-0.2873
31,2020-W32,13,USR_010,2,USR_009,7.7e-11,-0.964
31,2020-W32,13,USR_010,3,STK_005,0.0,-0.0
31,2020-W32,13,USR_010,4,USR_005,-1.9e-11,0.0859
31,2020-W32,13,USR_010,5,STK_003,0.0,-0.0
31,2020-W32,13,USR_010,6,USR_004,1.2e-11,-0.3703
31,2020-W32,13,USR_010,7,USR_007,-1.05e-10,0.7717
31,2020-W32,13,USR_010,8,STK_001,0.0,-0.0
31,2020-W32,13,USR_010,9,USR_008,-2.2e-11,0.7224
31,2020-W32,13,USR_010,10,USR_006,-3.1e-11,0.6052
31,2020-W32,13,USR_010,11,STK_002,0.0,-0.0
31,2020-W32,13,USR_010,12,USR_002,8e-12,-0.2586
31,2020-W32,13,USR_010,13,USR_010,6.2e-11,1.0
31,2020-W32,13,USR_010,14,USR_001,9e-12,-0.3015
31,2020-W32,14,USR_001,0,STK_004,0.0,-0.9828
31,2020-W32,14,USR_001,1,USR_003,1.6e-11,-0.9988
31,2020-W32,14,USR_001,2,USR_009,1.5e-11,-0.3705
31,2020-W32,14,USR_001,3,STK_005,0.0,-0.0
31,2020-W32,14,USR_001,4,USR_005,-1.05e-10,0.9193
31,2020-W32,14,USR_001,5,STK_003,0.0,-0.0
31,2020-W32,14,USR_001,6,USR_004,1.6e-11,-0.996
31,2020-W32,14,USR_001,7,USR_007,5e-12,-0.0697
31,2020-W32,14,USR_001,8,STK_001,0.0,-0.0
31,2020-W32,14,USR_001,9,USR_008,2e-12,-0.1159
31,2020-W32,14,USR_001,10,USR_006,1.1e-11,-0.4221
31,2020-W32,14,USR_001,11,STK_002,0.0,-0.0
31,2020-W32,14,USR_001,12,USR_002,1.6e-11,-0.997
31,2020-W32,14,USR_001,13,USR_010,9e-12,-0.3015
31,2020-W32,14,USR_001,14,USR_001,1.6e-11,1.0
32,2020-W33,0,STK_004,0,STK_004,0.0,1.0
32,2020-W33,0,STK_004,1,USR_003,0.0,-0.9772
32,2020-W33,0,STK_004,2,USR_009,0.0,-0.7589
32,2020-W33,0,STK_004,3,STK_005,0.0,-0.0
32,2020-W33,0,STK_004,4,USR_005,-0.0,0.998
32,2020-W33,0,STK_004,5,STK_003,0.0,-0.0693
32,2020-W33,0,STK_004,6,USR_004,0.0,-0.9827
32,2020-W33,0,STK_004,7,USR_007,0.0,-0.1286
32,2020-W33,0,STK_004,8,STK_001,0.0,-0.0
32,2020-W33,0,STK_004,9,USR_008,-0.0,0.1071
32,2020-W33,0,STK_004,10,USR_006,0.0,-0.8203
32,2020-W33,0,STK_004,11,STK_002,0.0,-0.0
32,2020-W33,0,STK_004,12,USR_002,0.0,-0.9581
32,2020-W33,0,STK_004,13,USR_010,0.0,-0.6792
32,2020-W33,0,STK_004,14,USR_001,0.0,-0.9806
32,2020-W33,1,USR_003,0,STK_004,0.0,-0.9772
32,2020-W33,1,USR_003,1,USR_003,1.9e-11,1.0
32,2020-W33,1,USR_003,2,USR_009,2.4e-11,-0.6475
32,2020-W33,1,USR_003,3,STK_005,0.0,-0.0
32,2020-W33,1,USR_003,4,USR_005,-1.41e-10,0.9793
32,2020-W33,1,USR_003,5,STK_003,0.0,-0.068
32,2020-W33,1,USR_003,6,USR_004,2e-11,-0.9979
32,2020-W33,1,USR_003,7,USR_007,5e-12,-0.1813
32,2020-W33,1,USR_003,8,STK_001,0.0,-0.0
32,2020-W33,1,USR_003,9,USR_008,0.0,-0.0219
32,2020-W33,1,USR_003,10,USR_006,1.6e-11,-0.8282
32,2020-W33,1,USR_003,11,STK_002,0.0,-0.0
32,2020-W33,1,USR_003,12,USR_002,1.9e-11,-0.9962
32,2020-W33,1,USR_003,13,USR_010,1.7e-11,-0.5503
32,2020-W33,1,USR_003,14,USR_001,2e-11,-0.9991
32,2020-W33,2,USR_009,0,STK_004,0.0,-0.7589
32,2020-W33,2,USR_009,1,USR_003,2.4e-11,-0.6475
32,2020-W33,2,USR_009,2,USR_009,7.2e-11,1.0
32,2020-W33,2,USR_009,3,STK_005,0.0,-0.0
32,2020-W33,2,USR_009,4,USR_005,-2e-10,0.7226
32,2020-W33,2,USR_009,5,STK_003,0.0,-0.0507
32,2020-W33,2,USR_009,6,USR_004,2.5e-11,-0.6643
32,2020-W33,2,USR_009,7,USR_007,-2.3e-11,0.4178
32,2020-W33,2,USR_009,8,STK_001,0.0,-0.0
32,2020-W33,2,USR_009,9,USR_008,-1.7e-11,0.5579
32,2020-W33,2,USR_009,10,USR_006,1.5e-11,-0.3945
32,2020-W33,2,USR_009,11,STK_002,0.0,-0.0
32,2020-W33,2,USR_009,12,USR_002,2.2e-11,-0.5899
32,2020-W33,2,USR_009,13,USR_010,5.8e-11,-0.9562
32,2020-W33,2,USR_009,14,USR_001,2.5e-11,-0.6527
32,2020-W33,3,STK_005,0,STK_004,-0.0,0.0
32,2020-W33,3,STK_005,1,USR_003,-0.0,0.0
32,2020-W33,3,STK_005,2,USR_009,-0.0,0.0
32,2020-W33,3,STK_005,3,STK_005,0.0,1.0
32,2020-W33,3,STK_005,4,USR_005,0.0,-0.0
32,2020-W33,3,STK_005,5,STK_003,-0.0,0.0
32,2020-W33,3,STK_005,6,USR_004,-0.0,0.0
32,2020-W33,3,STK_005,7,USR_007,-0.0,0.0
32,2020-W33,3,STK_005,8,STK_001,0.0,-0.0
32,2020-W33,3,STK_005,9,USR_008,0.0,-0.0
32,2020-W33,3,STK_005,10,USR_006,-0.0,0.0
32,2020-W33,3,STK_005,11,STK_002,0.0,-0.0
32,2020-W33,3,STK_005,12,USR_002,-0.0,0.0
32,2020-W33,3,STK_005,13,USR_010,-0.0,0.0
32,2020-W33,3,STK_005,14,USR_001,-0.0,0.0
32,2020-W33,4,USR_005,0,STK_004,-0.0,0.998
32,2020-W33,4,USR_005,1,USR_003,-1.41e-10,0.9793
32,2020-W33,4,USR_005,2,USR_009,-2e-10,0.7226
32,2020-W33,4,USR_005,3,STK_005,0.0,-0.0
32,2020-W33,4,USR_005,4,USR_005,1.066e-09,1.0
32,2020-W33,4,USR_005,5,STK_003,-0.0,0.0694
32,2020-W33,4,USR_005,6,USR_004,-1.43e-10,0.9845
32,2020-W33,4,USR_005,7,USR_007,-4.1e-11,0.1913
32,2020-W33,4,USR_005,8,STK_001,0.0,-0.0
32,2020-W33,4,USR_005,9,USR_008,9e-12,-0.0806
32,2020-W33,4,USR_005,10,USR_006,-1.21e-10,0.8358
32,2020-W33,4,USR_005,11,STK_002,0.0,-0.0
32,2020-W33,4,USR_005,12,USR_002,-1.35e-10,0.9634
32,2020-W33,4,USR_005,13,USR_010,-1.49e-10,0.6437
32,2020-W33,4,USR_005,14,USR_001,-1.45e-10,0.9829
32,2020-W33,5,STK_003,0,STK_004,0.0,-1.0
32,2020-W33,5,STK_003,1,USR_003,0.0,-1.0
32,2020-W33,5,STK_003,2,USR_009,0.0,-1.0
32,2020-W33,5,STK_003,3,STK_005,0.0,-0.0
32,2020-W33,5,STK_003,4,USR_005,-0.0,1.0
32,2020-W33,5,STK_003,5,STK_003,0.0,1.0
32,2020-W33,5,STK_003,6,USR_004,0.0,-1.0
32,2020-W33,5,STK_003,7,USR_007,0.0,-1.0
32,2020-W33,5,STK_003,8,STK_001,0.0,-0.0
32,2020-W33,5,STK_003,9,USR_008,-0.0,1.0
32,2020-W33,5,STK_003,10,USR_006,0.0,-1.0
32,2020-W33,5,STK_003,11,STK_002,0.0,-0.0
32,2020-W33,5,STK_003,12,USR_002,0.0,-1.0
32,2020-W33,5,STK_003,13,USR_010,0.0,-1.0
32,2020-W33,5,STK_003,14,USR_001,0.0,-1.0
32,2020-W33,6,USR_004,0,STK_004,0.0,-0.9827
32,2020-W33,6,USR_004,1,USR_003,2e-11,-0.9979
32,2020-W33,6,USR_004,2,USR_009,2.5e-11,-0.6643
32,2020-W33,6,USR_004,3,STK_005,0.0,-0.0
32,2020-W33,6,USR_004,4,USR_005,-1.43e-10,0.9845
32,2020-W33,6,USR_004,5,STK_003,0.0,-0.0684
32,2020-W33,6,USR_004,6,USR_004,2e-11,1.0
32,2020-W33,6,USR_004,7,USR_007,5e-12,-0.1822
32,2020-W33,6,USR_004,8,STK_001,0.0,-0.0
32,2020-W33,6,USR_004,9,USR_008,-0.0,0.0118
32,2020-W33,6,USR_004,10,USR_006,1.6e-11,-0.8328
32,2020-W33,6,USR_004,11,STK_002,0.0,-0.0
32,2020-W33,6,USR_004,12,USR_002,1.9e-11,-0.9923
32,2020-W33,6,USR_004,13,USR_010,1.8e-11,-0.5694
32,2020-W33,6,USR_004,14,USR_001,2e-11,-0.9994
32,2020-W33,7,USR_007,0,STK_004,0.0,-0.1286
32,2020-W33,7,USR_007,1,USR_003,5e-12,-0.1813
32,2020-W33,7,USR_007,2,USR_009,-2.3e-11,0.4178
32,2020-W33,7,USR_007,3,STK_005,0.0,-0.0
32,2020-W33,7,USR_007,4,USR_005,-4.1e-11,0.1913
32,2020-W33,7,USR_007,5,STK_003,0.0,-0.0125
32,2020-W33,7,USR_007,6,USR_004,5e-12,-0.1822
32,2020-W33,7,USR_007,7,USR_007,4.4e-11,1.0
32,2020-W33,7,USR_007,8,STK_001,0.0,-0.0
32,2020-W33,7,USR_007,9,USR_008,7e-12,-0.3176
32,2020-W33,7,USR_007,10,USR_006,1.1e-11,-0.3731
32,2020-W33,7,USR_007,11,STK_002,0.0,-0.0
32,2020-W33,7,USR_007,12,USR_002,6e-12,-0.2262
32,2020-W33,7,USR_007,13,USR_010,-2e-11,0.4248
32,2020-W33,7,USR_007,14,USR_001,6e-12,-0.1879
32,2020-W33,8,STK_001,0,STK_004,0.0,-0.0
32,2020-W33,8,STK_001,1,USR_003,0.0,-0.0
32,2020-W33,8,STK_001,2,USR_009,0.0,-0.0
32,2020-W33,8,STK_001,3,STK_005,0.0,-0.0
32,2020-W33,8,STK_001,4,USR_005,-0.0,0.0
32,2020-W33,8,STK_001,5,STK_003,0.0,-0.0
32,2020-W33,8,STK_001,6,USR_004,0.0,-0.0
32,2020-W33,8,STK_001,7,USR_007,0.0,-0.0
32,2020-W33,8,STK_001,8,STK_001,0.0,1.0
32,2020-W33,8,STK_001,9,USR_008,-0.0,0.0
32,2020-W33,8,STK_001,10,USR_006,0.0,-0.0
32,2020-W33,8,STK_001,11,STK_002,0.0,-0.0
32,2020-W33,8,STK_001,12,USR_002,0.0,-0.0
32,2020-W33,8,STK_001,13,USR_010,0.0,-0.0
32,2020-W33,8,STK_001,14,USR_001,0.0,-0.0
32,2020-W33,9,USR_008,0,STK_004,-0.0,0.1071
32,2020-W33,9,USR_008,1,USR_003,0.0,-0.0219
32,2020-W33,9,USR_008,2,USR_009,-1.7e-11,0.5579
32,2020-W33,9,USR_008,3,STK_005,0.0,-0.0
32,2020-W33,9,USR_008,4,USR_005,9e-12,-0.0806
32,2020-W33,9,USR_008,5,STK_003,-0.0,0.0063
32,2020-W33,9,USR_008,6,USR_004,-0.0,0.0118
32,2020-W33,9,USR_008,7,USR_007,7e-12,-0.3176
32,2020-W33,9,USR_008,8,STK_001,0.0,-0.0
32,2020-W33,9,USR_008,9,USR_008,1.2e-11,1.0
32,2020-W33,9,USR_008,10,USR_006,2e-12,-0.1111
32,2020-W33,9,USR_008,11,STK_002,0.0,-0.0
32,2020-W33,9,USR_008,12,USR_002,1e-12,-0.0764
32,2020-W33,9,USR_008,13,USR_010,-1.5e-11,0.6185
32,2020-W33,9,USR_008,14,USR_001,0.0,-0.008
32,2020-W33,10,USR_006,0,STK_004,0.0,-0.8203
32,2020-W33,10,USR_006,1,USR_003,1.6e-11,-0.8282
32,2020-W33,10,USR_006,2,USR_009,1.5e-11,-0.3945
32,2020-W33,10,USR_006,3,STK_005,0.0,-0.0
32,2020-W33,10,USR_006,4,USR_005,-1.21e-10,0.8358
32,2020-W33,10,USR_006,5,STK_003,0.0,-0.0579
32,2020-W33,10,USR_006,6,USR_004,1.6e-11,-0.8328
32,2020-W33,10,USR_006,7,USR_007,1.1e-11,-0.3731
32,2020-W33,10,USR_006,8,STK_001,0.0,-0.0
32,2020-W33,10,USR_006,9,USR_008,2e-12,-0.1111
32,2020-W33,10,USR_006,10,USR_006,2e-11,1.0
32,2020-W33,10,USR_006,11,STK_002,0.0,-0.0
32,2020-W33,10,USR_006,12,USR_002,1.6e-11,-0.8282
32,2020-W33,10,USR_006,13,USR_010,9e-12,-0.2775
32,2020-W33,10,USR_006,14,USR_001,1.7e-11,-0.8376
32,2020-W33,11,STK_002,0,STK_004,0.0,-0.0
32,2020-W33,11,STK_002,1,USR_003,0.0,-0.0
32,2020-W33,11,STK_002,2,USR_009,0.0,-0.0
32,2020-W33,11,STK_002,3,STK_005,0.0,-0.0
32,2020-W33,11,STK_002,4,USR_005,0.0,-0.0
32,2020-W33,11,STK_002,5,STK_003,0.0,-0.0
32,2020-W33,11,STK_002,6,USR_004,0.0,-0.0
32,2020-W33,11,STK_002,7,USR_007,0.0,-0.0
32,2020-W33,11,STK_002,8,STK_001,0.0,-0.0
32,2020-W33,11,STK_002,9,USR_008,0.0,-0.0
32,2020-W33,11,STK_002,10,USR_006,0.0,-0.0
32,2020-W33,11,STK_002,11,STK_002,0.0,1.0
32,2020-W33,11,STK_002,12,USR_002,0.0,-0.0
32,2020-W33,11,STK_002,13,USR_010,0.0,-0.0
32,2020-W33,11,STK_002,14,USR_001,0.0,-0.0
32,2020-W33,12,USR_002,0,STK_004,0.0,-0.9581
32,2020-W33,12,USR_002,1,USR_003,1.9e-11,-0.9962
32,2020-W33,12,USR_002,2,USR_009,2.2e-11,-0.5899
32,2020-W33,12,USR_002,3,STK_005,0.0,-0.0
32,2020-W33,12,USR_002,4,USR_005,-1.35e-10,0.9634
32,2020-W33,12,USR_002,5,STK_003,0.0,-0.0668
32,2020-W33,12,USR_002,6,USR_004,1.9e-11,-0.9923
32,2020-W33,12,USR_002,7,USR_007,6e-12,-0.2262
32,2020-W33,12,USR_002,8,STK_001,0.0,-0.0
32,2020-W33,12,USR_002,9,USR_008,1e-12,-0.0764
32,2020-W33,12,USR_002,10,USR_006,1.6e-11,-0.8282
32,2020-W33,12,USR_002,11,STK_002,0.0,-0.0
32,2020-W33,12,USR_002,12,USR_002,1.9e-11,1.0
32,2020-W33,12,USR_002,13,USR_010,1.5e-11,-0.4839
32,2020-W33,12,USR_002,14,USR_001,1.9e-11,-0.9942
32,2020-W33,13,USR_010,0,STK_004,0.0,-0.6792
32,2020-W33,13,USR_010,1,USR_003,1.7e-11,-0.5503
32,2020-W33,13,USR_010,2,USR_009,5.8e-11,-0.9562
32,2020-W33,13,USR_010,3,STK_005,0.0,-0.0
32,2020-W33,13,USR_010,4,USR_005,-1.49e-10,0.6437
32,2020-W33,13,USR_010,5,STK_003,0.0,-0.0452
32,2020-W33,13,USR_010,6,USR_004,1.8e-11,-0.5694
32,2020-W33,13,USR_010,7,USR_007,-2e-11,0.4248
32,2020-W33,13,USR_010,8,STK_001,0.0,-0.0
32,2020-W33,13,USR_010,9,USR_008,-1.5e-11,0.6185
32,2020-W33,13,USR_010,10,USR_006,9e-12,-0.2775
32,2020-W33,13,USR_010,11,STK_002,0.0,-0.0
32,2020-W33,13,USR_010,12,USR_002,1.5e-11,-0.4839
32,2020-W33,13,USR_010,13,USR_010,5e-11,1.0
32,2020-W33,13,USR_010,14,USR_001,1.8e-11,-0.556
32,2020-W33,14,USR_001,0,STK_004,0.0,-0.9806
32,2020-W33,14,USR_001,1,USR_003,2e-11,-0.9991
32,2020-W33,14,USR_001,2,USR_009,2.5e-11,-0.6527
32,2020-W33,14,USR_001,3,STK_005,0.0,-0.0
32,2020-W33,14,USR_001,4,USR_005,-1.45e-10,0.9829
32,2020-W33,14,USR_001,5,STK_003,0.0,-0.0682
32,2020-W33,14,USR_001,6,USR_004,2e-11,-0.9994
32,2020-W33,14,USR_001,7,USR_007,6e-12,-0.1879
32,2020-W33,14,USR_001,8,STK_001,0.0,-0.0
32,2020-W33,14,USR_001,9,USR_008,0.0,-0.008
32,2020-W33,14,USR_001,10,USR_006,1.7e-11,-0.8376
32,2020-W33,14,USR_001,11,STK_002,0.0,-0.0
32,2020-W33,14,USR_001,12,USR_002,1.9e-11,-0.9942
32,2020-W33,14,USR_001,13,USR_010,1.8e-11,-0.556
32,2020-W33,14,USR_001,14,USR_001,2e-11,1.0
33,2020-W34,0,STK_004,0,STK_004,0.0,1.0
33,2020-W34,0,STK_004,1,USR_003,0.0,-0.9912
33,2020-W34,0,STK_004,2,USR_009,0.0,-0.9372
33,2020-W34,0,STK_004,3,STK_005,0.0,-0.0
33,2020-W34,0,STK_004,4,USR_005,-0.0,0.9998
33,2020-W34,0,STK_004,5,STK_003,0.0,-0.1165
33,2020-W34,0,STK_004,6,USR_004,0.0,-0.9933
33,2020-W34,0,STK_004,7,USR_007,0.0,-0.8242
33,2020-W34,0,STK_004,8,STK_001,0.0,-0.0
33,2020-W34,0,STK_004,9,USR_008,-0.0,0.078
33,2020-W34,0,STK_004,10,USR_006,0.0,-0.93
33,2020-W34,0,STK_004,11,STK_002,0.0,-0.0
33,2020-W34,0,STK_004,12,USR_002,0.0,-0.9861
33,2020-W34,0,STK_004,13,USR_010,0.0,-0.8301
33,2020-W34,0,STK_004,14,USR_001,0.0,-0.9931
33,2020-W34,1,USR_003,0,STK_004,0.0,-0.9912
33,2020-W34,1,USR_003,1,USR_003,3.4e-11,1.0
33,2020-W34,1,USR_003,2,USR_009,3.1e-11,-0.9076
33,2020-W34,1,USR_003,3,STK_005,0.0,-0.0
33,2020-W34,1,USR_003,4,USR_005,-2.46e-10,0.989
33,2020-W34,1,USR_003,5,STK_003,0.0,-0.1152
33,2020-W34,1,USR_003,6,USR_004,3.4e-11,-0.9987
33,2020-W34,1,USR_003,7,USR_007,2.9e-11,-0.7769
33,2020-W34,1,USR_003,8,STK_001,0.0,-0.0
33,2020-W34,1,USR_003,9,USR_008,-0.0,0.0284
33,2020-W34,1,USR_003,10,USR_006,2.9e-11,-0.913
33,2020-W34,1,USR_003,11,STK_002,0.0,-0.0
33,2020-W34,1,USR_003,12,USR_002,3.3e-11,-0.999
33,2020-W34,1,USR_003,13,USR_010,2.2e-11,-0.7834
33,2020-W34,1,USR_003,14,USR_001,3.5e-11,-0.9992
33,2020-W34,2,USR_009,0,STK_004,0.0,-0.9372
33,2020-W34,2,USR_009,1,USR_003,3.1e-11,-0.9076
33,2020-W34,2,USR_009,2,USR_009,3.4e-11,1.0
33,2020-W34,2,USR_009,3,STK_005,0.0,-0.0
33,2020-W34,2,USR_009,4,USR_005,-2.36e-10,0.9391
33,2020-W34,2,USR_009,5,STK_003,0.0,-0.1094
33,2020-W34,2,USR_009,6,USR_004,3.1e-11,-0.9096
33,2020-W34,2,USR_009,7,USR_007,2.9e-11,-0.7678
33,2020-W34,2,USR_009,8,STK_001,0.0,-0.0
33,2020-W34,2,USR_009,9,USR_008,-4e-12,0.2481
33,2020-W34,2,USR_009,10,USR_006,2.8e-11,-0.8456
33,2020-W34,2,USR_009,11,STK_002,0.0,-0.0
33,2020-W34,2,USR_009,12,USR_002,3e-11,-0.8957
33,2020-W34,2,USR_009,13,USR_010,2.5e-11,-0.904
33,2020-W34,2,USR_009,14,USR_001,3.2e-11,-0.9089
33,2020-W34,3,STK_005,0,STK_004,-0.0,0.0
33,2020-W34,3,STK_005,1,USR_003,-0.0,0.0
33,2020-W34,3,STK_005,2,USR_009,-0.0,0.0
33,2020-W34,3,STK_005,3,STK_005,0.0,1.0
33,2020-W34,3,STK_005,4,USR_005,0.0,-0.0
33,2020-W34,3,STK_005,5,STK_003,-0.0,0.0
33,2020-W34,3,STK_005,6,USR_004,-0.0,0.0
33,2020-W34,3,STK_005,7,USR_007,-0.0,0.0
33,2020-W34,3,STK_005,8,STK_001,0.0,-0.0
33,2020-W34,3,STK_005,9,USR_008,0.0,-0.0
33,2020-W34,3,STK_005,10,USR_006,-0.0,0.0
33,2020-W34,3,STK_005,11,STK_002,0.0,-0.0
33,2020-W34,3,STK_005,12,USR_002,-0.0,0.0
33,2020-W34,3,STK_005,13,USR_010,-0.0,0.0
33,2020-W34,3,STK_005,14,USR_001,-0.0,0.0
33,2020-W34,4,USR_005,0,STK_004,-0.0,0.9998
33,2020-W34,4,USR_005,1,USR_003,-2.46e-10,0.989
33,2020-W34,4,USR_005,2,USR_009,-2.36e-10,0.9391
33,2020-W34,4,USR_005,3,STK_005,0.0,-0.0
33,2020-W34,4,USR_005,4,USR_005,1.847e-09,1.0
33,2020-W34,4,USR_005,5,STK_003,-0.0,0.1165
33,2020-W34,4,USR_005,6,USR_004,-2.51e-10,0.9918
33,2020-W34,4,USR_005,7,USR_007,-2.33e-10,0.8351
33,2020-W34,4,USR_005,8,STK_001,0.0,-0.0
33,2020-W34,4,USR_005,9,USR_008,1.1e-11,-0.0916
33,2020-W34,4,USR_005,10,USR_006,-2.22e-10,0.9273
33,2020-W34,4,USR_005,11,STK_002,0.0,-0.0
33,2020-W34,4,USR_005,12,USR_002,-2.41e-10,0.9836
33,2020-W34,4,USR_005,13,USR_010,-1.71e-10,0.8361
33,2020-W34,4,USR_005,14,USR_001,-2.57e-10,0.9914
33,2020-W34,5,STK_003,0,STK_004,0.0,-1.0
33,2020-W34,5,STK_003,1,USR_003,0.0,-1.0
33,2020-W34,5,STK_003,2,USR_009,0.0,-1.0
33,2020-W34,5,STK_003,3,STK_005,0.0,-0.0
33,2020-W34,5,STK_003,4,USR_005,-0.0,1.0
33,2020-W34,5,STK_003,5,STK_003,0.0,1.0
33,2020-W34,5,STK_003,6,USR_004,0.0,-1.0
33,2020-W34,5,STK_003,7,USR_007,0.0,-1.0
33,2020-W34,5,STK_003,8,STK_001,0.0,-0.0
33,2020-W34,5,STK_003,9,USR_008,-0.0,0.8437
33,2020-W34,5,STK_003,10,USR_006,0.0,-1.0
33,2020-W34,5,STK_003,11,STK_002,0.0,-0.0
33,2020-W34,5,STK_003,12,USR_002,0.0,-1.0
33,2020-W34,5,STK_003,13,USR_010,0.0,-1.0
33,2020-W34,5,STK_003,14,USR_001,0.0,-1.0
33,2020-W34,6,USR_004,0,STK_004,0.0,-0.9934
33,2020-W34,6,USR_004,1,USR_003,3.4e-11,-0.9987
33,2020-W34,6,USR_004,2,USR_009,3.1e-11,-0.9096
33,2020-W34,6,USR_004,3,STK_005,0.0,-0.0
33,2020-W34,6,USR_004,4,USR_005,-2.51e-10,0.9918
33,2020-W34,6,USR_004,5,STK_003,0.0,-0.1156
33,2020-W34,6,USR_004,6,USR_004,3.5e-11,1.0
33,2020-W34,6,USR_004,7,USR_007,3.1e-11,-0.797
33,2020-W34,6,USR_004,8,STK_001,0.0,-0.0
33,2020-W34,6,USR_004,9,USR_008,-1e-12,0.0537
33,2020-W34,6,USR_004,10,USR_006,3e-11,-0.9183
33,2020-W34,6,USR_004,11,STK_002,0.0,-0.0
33,2020-W34,6,USR_004,12,USR_002,3.4e-11,-0.9975
33,2020-W34,6,USR_004,13,USR_010,2.2e-11,-0.7887
33,2020-W34,6,USR_004,14,USR_001,3.6e-11,-0.9997
33,2020-W34,7,USR_007,0,STK_004,0.0,-0.8242
33,2020-W34,7,USR_007,1,USR_003,2.9e-11,-0.7769
33,2020-W34,7,USR_007,2,USR_009,2.9e-11,-0.7678
33,2020-W34,7,USR_007,3,STK_005,0.0,-0.0
33,2020-W34,7,USR_007,4,USR_005,-2.33e-10,0.8351
33,2020-W34,7,USR_007,5,STK_003,0.0,-0.0973
33,2020-W34,7,USR_007,6,USR_004,3.1e-11,-0.797
33,2020-W34,7,USR_007,7,USR_007,4.2e-11,1.0
33,2020-W34,7,USR_007,8,STK_001,0.0,-0.0
33,2020-W34,7,USR_007,9,USR_008,-7e-12,0.3764
33,2020-W34,7,USR_007,10,USR_006,2.7e-11,-0.7412
33,2020-W34,7,USR_007,11,STK_002,0.0,-0.0
33,2020-W34,7,USR_007,12,USR_002,2.9e-11,-0.7705
33,2020-W34,7,USR_007,13,USR_010,2.3e-11,-0.73
33,2020-W34,7,USR_007,14,USR_001,3.1e-11,-0.7922
33,2020-W34,8,STK_001,0,STK_004,0.0,-0.0
33,2020-W34,8,STK_001,1,USR_003,0.0,-0.0
33,2020-W34,8,STK_001,2,USR_009,0.0,-0.0
33,2020-W34,8,STK_001,3,STK_005,0.0,-0.0
33,2020-W34,8,STK_001,4,USR_005,-0.0,0.0
33,2020-W34,8,STK_001,5,STK_003,0.0,-0.0
33,2020-W34,8,STK_001,6,USR_004,0.0,-0.0
33,2020-W34,8,STK_001,7,USR_007,0.0,-0.0
33,2020-W34,8,STK_001,8,STK_001,0.0,1.0
33,2020-W34,8,STK_001,9,USR_008,-0.0,0.0
33,2020-W34,8,STK_001,10,USR_006,0.0,-0.0
33,2020-W34,8,STK_001,11,STK_002,0.0,-0.0
33,2020-W34,8,STK_001,12,USR_002,0.0,-0.0
33,2020-W34,8,STK_001,13,USR_010,0.0,-0.0
33,2020-W34,8,STK_001,14,USR_001,0.0,-0.0
33,2020-W34,9,USR_008,0,STK_004,-0.0,0.078
33,2020-W34,9,USR_008,1,USR_003,-0.0,0.0283
33,2020-W34,9,USR_008,2,USR_009,-4e-12,0.2481
33,2020-W34,9,USR_008,3,STK_005,0.0,-0.0
33,2020-W34,9,USR_008,4,USR_005,1.1e-11,-0.0916
33,2020-W34,9,USR_008,5,STK_003,-0.0,0.0111
33,2020-W34,9,USR_008,6,USR_004,-1e-12,0.0537
33,2020-W34,9,USR_008,7,USR_007,-7e-12,0.3763
33,2020-W34,9,USR_008,8,STK_001,0.0,-0.0
33,2020-W34,9,USR_008,9,USR_008,8e-12,1.0
33,2020-W34,9,USR_008,10,USR_006,-1e-12,0.07
33,2020-W34,9,USR_008,11,STK_002,0.0,-0.0
33,2020-W34,9,USR_008,12,USR_002,-0.0,0.0147
33,2020-W34,9,USR_008,13,USR_010,-5e-12,0.3529
33,2020-W34,9,USR_008,14,USR_001,-1e-12,0.046
33,2020-W34,10,USR_006,0,STK_004,0.0,-0.93
33,2020-W34,10,USR_006,1,USR_003,2.9e-11,-0.913
33,2020-W34,10,USR_006,2,USR_009,2.8e-11,-0.8456
33,2020-W34,10,USR_006,3,STK_005,0.0,-0.0
33,2020-W34,10,USR_006,4,USR_005,-2.22e-10,0.9274
33,2020-W34,10,USR_006,5,STK_003,0.0,-0.1081
33,2020-W34,10,USR_006,6,USR_004,3e-11,-0.9183
33,2020-W34,10,USR_006,7,USR_007,2.7e-11,-0.7412
33,2020-W34,10,USR_006,8,STK_001,0.0,-0.0
33,2020-W34,10,USR_006,9,USR_008,-1e-12,0.0701
33,2020-W34,10,USR_006,10,USR_006,3.1e-11,1.0
33,2020-W34,10,USR_006,11,STK_002,0.0,-0.0
33,2020-W34,10,USR_006,12,USR_002,2.9e-11,-0.9054
33,2020-W34,10,USR_006,13,USR_010,1.8e-11,-0.6944
33,2020-W34,10,USR_006,14,USR_001,3.1e-11,-0.9188
33,2020-W34,11,STK_002,0,STK_004,0.0,-0.0
33,2020-W34,11,STK_002,1,USR_003,0.0,-0.0
33,2020-W34,11,STK_002,2,USR_009,0.0,-0.0
33,2020-W34,11,STK_002,3,STK_005,0.0,-0.0
33,2020-W34,11,STK_002,4,USR_005,0.0,-0.0
33,2020-W34,11,STK_002,5,STK_003,0.0,-0.0
33,2020-W34,11,STK_002,6,USR_004,0.0,-0.0
33,2020-W34,11,STK_002,7,USR_007,0.0,-0.0
33,2020-W34,11,STK_002,8,STK_001,0.0,-0.0
33,2020-W34,11,STK_002,9,USR_008,0.0,-0.0
33,2020-W34,11,STK_002,10,USR_006,0.0,-0.0
33,2020-W34,11,STK_002,11,STK_002,0.0,1.0
33,2020-W34,11,STK_002,12,USR_002,0.0,-0.0
33,2020-W34,11,STK_002,13,USR_010,0.0,-0.0
33,2020-W34,11,STK_002,14,USR_001,0.0,-0.0
33,2020-W34,12,USR_002,0,STK_004,0.0,-0.9862
33,2020-W34,12,USR_002,1,USR_003,3.3e-11,-0.999
33,2020-W34,12,USR_002,2,USR_009,3e-11,-0.8957
33,2020-W34,12,USR_002,3,STK_005,0.0,-0.0
33,2020-W34,12,USR_002,4,USR_005,-2.41e-10,0.9837
33,2020-W34,12,USR_002,5,STK_003,0.0,-0.1146
33,2020-W34,12,USR_002,6,USR_004,3.4e-11,-0.9975
33,2020-W34,12,USR_002,7,USR_007,2.9e-11,-0.7705
33,2020-W34,12,USR_002,8,STK_001,0.0,-0.0
33,2020-W34,12,USR_002,9,USR_008,-0.0,0.0148
33,2020-W34,12,USR_002,10,USR_006,2.9e-11,-0.9054
33,2020-W34,12,USR_002,11,STK_002,0.0,-0.0
33,2020-W34,12,USR_002,12,USR_002,3.3e-11,1.0
33,2020-W34,12,USR_002,13,USR_010,2.1e-11,-0.7624
33,2020-W34,12,USR_002,14,USR_001,3.4e-11,-0.9977
33,2020-W34,13,USR_010,0,STK_004,0.0,-0.8301
33,2020-W34,13,USR_010,1,USR_003,2.2e-11,-0.7835
33,2020-W34,13,USR_010,2,USR_009,2.5e-11,-0.904
33,2020-W34,13,USR_010,3,STK_005,0.0,-0.0
33,2020-W34,13,USR_010,4,USR_005,-1.71e-10,0.8361
33,2020-W34,13,USR_010,5,STK_003,0.0,-0.0973
33,2020-W34,13,USR_010,6,USR_004,2.2e-11,-0.7887
33,2020-W34,13,USR_010,7,USR_007,2.3e-11,-0.73
33,2020-W34,13,USR_010,8,STK_001,0.0,-0.0
33,2020-W34,13,USR_010,9,USR_008,-5e-12,0.3529
33,2020-W34,13,USR_010,10,USR_006,1.8e-11,-0.6944
33,2020-W34,13,USR_010,11,STK_002,0.0,-0.0
33,2020-W34,13,USR_010,12,USR_002,2.1e-11,-0.7624
33,2020-W34,13,USR_010,13,USR_010,2.3e-11,1.0
33,2020-W34,13,USR_010,14,USR_001,2.3e-11,-0.7866
33,2020-W34,14,USR_001,0,STK_004,0.0,-0.9932
33,2020-W34,14,USR_001,1,USR_003,3.5e-11,-0.9992
33,2020-W34,14,USR_001,2,USR_009,3.2e-11,-0.9089
33,2020-W34,14,USR_001,3,STK_005,0.0,-0.0
33,2020-W34,14,USR_001,4,USR_005,-2.57e-10,0.9914
33,2020-W34,14,USR_001,5,STK_003,0.0,-0.1155
33,2020-W34,14,USR_001,6,USR_004,3.6e-11,-0.9997
33,2020-W34,14,USR_001,7,USR_007,3.1e-11,-0.7922
33,2020-W34,14,USR_001,8,STK_001,0.0,-0.0
33,2020-W34,14,USR_001,9,USR_008,-1e-12,0.046
33,2020-W34,14,USR_001,10,USR_006,3.1e-11,-0.9188
33,2020-W34,14,USR_001,11,STK_002,0.0,-0.0
33,2020-W34,14,USR_001,12,USR_002,3.4e-11,-0.9977
33,2020-W34,14,USR_001,13,USR_010,2.3e-11,-0.7866
33,2020-W34,14,USR_001,14,USR_001,3.6e-11,1.0
34,2020-W35,0,STK_004,0,STK_004,0.0,1.0
34,2020-W35,0,STK_004,1,USR_003,0.0,-0.9833
34,2020-W35,0,STK_004,2,USR_009,0.0,-0.9405
34,2020-W35,0,STK_004,3,STK_005,0.0,-0.0
34,2020-W35,0,STK_004,4,USR_005,-0.0,0.9999
34,2020-W35,0,STK_004,5,STK_003,0.0,-0.0
34,2020-W35,0,STK_004,6,USR_004,0.0,-0.9911
34,2020-W35,0,STK_004,7,USR_007,0.0,-0.8873
34,2020-W35,0,STK_004,8,STK_001,0.0,-0.0
34,2020-W35,0,STK_004,9,USR_008,-0.0,0.4565
34,2020-W35,0,STK_004,10,USR_006,0.0,-0.9308
34,2020-W35,0,STK_004,11,STK_002,0.0,-0.0
34,2020-W35,0,STK_004,12,USR_002,0.0,-0.9789
34,2020-W35,0,STK_004,13,USR_010,0.0,-0.8824
34,2020-W35,0,STK_004,14,USR_001,0.0,-0.9929
34,2020-W35,1,USR_003,0,STK_004,0.0,-0.9833
34,2020-W35,1,USR_003,1,USR_003,3.4e-11,1.0
34,2020-W35,1,USR_003,2,USR_009,3.5e-11,-0.8803
34,2020-W35,1,USR_003,3,STK_005,0.0,-0.0
34,2020-W35,1,USR_003,4,USR_005,-2.64e-10,0.984
34,2020-W35,1,USR_003,5,STK_003,0.0,-0.0
34,2020-W35,1,USR_003,6,USR_004,3.5e-11,-0.9972
34,2020-W35,1,USR_003,7,USR_007,4.1e-11,-0.8123
34,2020-W35,1,USR_003,8,STK_001,0.0,-0.0
34,2020-W35,1,USR_003,9,USR_008,-1.1e-11,0.3309
34,2020-W35,1,USR_003,10,USR_006,3.4e-11,-0.8825
34,2020-W35,1,USR_003,11,STK_002,0.0,-0.0
34,2020-W35,1,USR_003,12,USR_002,3.3e-11,-0.9991
34,2020-W35,1,USR_003,13,USR_010,2.6e-11,-0.8262
34,2020-W35,1,USR_003,14,USR_001,3.7e-11,-0.9947
34,2020-W35,2,USR_009,0,STK_004,0.0,-0.9405
34,2020-W35,2,USR_009,1,USR_003,3.5e-11,-0.8803
34,2020-W35,2,USR_009,2,USR_009,4.7e-11,1.0
34,2020-W35,2,USR_009,3,STK_005,0.0,-0.0
34,2020-W35,2,USR_009,4,USR_005,-2.97e-10,0.9392
34,2020-W35,2,USR_009,5,STK_003,0.0,-0.0
34,2020-W35,2,USR_009,6,USR_004,3.8e-11,-0.9
34,2020-W35,2,USR_009,7,USR_007,5.3e-11,-0.8916
34,2020-W35,2,USR_009,8,STK_001,0.0,-0.0
34,2020-W35,2,USR_009,9,USR_008,-2.4e-11,0.6401
34,2020-W35,2,USR_009,10,USR_006,4e-11,-0.8887
34,2020-W35,2,USR_009,11,STK_002,0.0,-0.0
34,2020-W35,2,USR_009,12,USR_002,3.4e-11,-0.87
34,2020-W35,2,USR_009,13,USR_010,3.5e-11,-0.946
34,2020-W35,2,USR_009,14,USR_001,3.9e-11,-0.9076
34,2020-W35,3,STK_005,0,STK_004,-0.0,0.0
34,2020-W35,3,STK_005,1,USR_003,-0.0,0.0
34,2020-W35,3,STK_005,2,USR_009,-0.0,0.0
34,2020-W35,3,STK_005,3,STK_005,0.0,1.0
34,2020-W35,3,STK_005,4,USR_005,0.0,-0.0
34,2020-W35,3,STK_005,5,STK_003,-0.0,0.0
34,2020-W35,3,STK_005,6,USR_004,-0.0,0.0
34,2020-W35,3,STK_005,7,USR_007,-0.0,0.0
34,2020-W35,3,STK_005,8,STK_001,0.0,-0.0
34,2020-W35,3,STK_005,9,USR_008,0.0,-0.0
34,2020-W35,3,STK_005,10,USR_006,-0.0,0.0
34,2020-W35,3,STK_005,11,STK_002,0.0,-0.0
34,2020-W35,3,STK_005,12,USR_002,-0.0,0.0
34,2020-W35,3,STK_005,13,USR_010,-0.0,0.0
34,2020-W35,3,STK_005,14,USR_001,-0.0,0.0
34,2020-W35,4,USR_005,0,STK_004,-0.0,0.9999
34,2020-W35,4,USR_005,1,USR_003,-2.64e-10,0.984
34,2020-W35,4,USR_005,2,USR_009,-2.97e-10,0.9392
34,2020-W35,4,USR_005,3,STK_005,0.0,-0.0
34,2020-W35,4,USR_005,4,USR_005,2.137e-09,1.0
34,2020-W35,4,USR_005,5,STK_003,-0.0,0.0
34,2020-W35,4,USR_005,6,USR_004,-2.8e-10,0.9913
34,2020-W35,4,USR_005,7,USR_007,-3.56e-10,0.8857
34,2020-W35,4,USR_005,8,STK_001,0.0,-0.0
34,2020-W35,4,USR_005,9,USR_008,1.14e-10,-0.4497
34,2020-W35,4,USR_005,10,USR_006,-2.84e-10,0.9279
34,2020-W35,4,USR_005,11,STK_002,0.0,-0.0
34,2020-W35,4,USR_005,12,USR_002,-2.59e-10,0.9796
34,2020-W35,4,USR_005,13,USR_010,-2.21e-10,0.8821
34,2020-W35,4,USR_005,14,USR_001,-2.9e-10,0.9929
34,2020-W35,5,STK_003,0,STK_004,-0.0,0.0
34,2020-W35,5,STK_003,1,USR_003,-0.0,0.0
34,2020-W35,5,STK_003,2,USR_009,-0.0,0.0
34,2020-W35,5,STK_003,3,STK_005,0.0,-0.0
34,2020-W35,5,STK_003,4,USR_005,0.0,-0.0
34,2020-W35,5,STK_003,5,STK_003,-0.0,1.0
34,2020-W35,5,STK_003,6,USR_004,-0.0,0.0
34,2020-W35,5,STK_003,7,USR_007,-0.0,0.0
34,2020-W35,5,STK_003,8,STK_001,0.0,-0.0
34,2020-W35,5,STK_003,9,USR_008,0.0,-0.0
34,2020-W35,5,STK_003,10,USR_006,-0.0,0.0
34,2020-W35,5,STK_003,11,STK_002,0.0,-0.0
34,2020-W35,5,STK_003,12,USR_002,-0.0,0.0
34,2020-W35,5,STK_003,13,USR_010,-0.0,0.0
34,2020-W35,5,STK_003,14,USR_001,-0.0,0.0
34,2020-W35,6,USR_004,0,STK_004,0.0,-0.9911
34,2020-W35,6,USR_004,1,USR_003,3.5e-11,-0.9972
34,2020-W35,6,USR_004,2,USR_009,3.8e-11,-0.9
34,2020-W35,6,USR_004,3,STK_005,0.0,-0.0
34,2020-W35,6,USR_004,4,USR_005,-2.8e-10,0.9913
34,2020-W35,6,USR_004,5,STK_003,0.0,-0.0
34,2020-W35,6,USR_004,6,USR_004,3.7e-11,1.0
34,2020-W35,6,USR_004,7,USR_007,4.5e-11,-0.8454
34,2020-W35,6,USR_004,8,STK_001,0.0,-0.0
34,2020-W35,6,USR_004,9,USR_008,-1.3e-11,0.3888
34,2020-W35,6,USR_004,10,USR_006,3.7e-11,-0.9052
34,2020-W35,6,USR_004,11,STK_002,0.0,-0.0
34,2020-W35,6,USR_004,12,USR_002,3.5e-11,-0.9963
34,2020-W35,6,USR_004,13,USR_010,2.8e-11,-0.839
34,2020-W35,6,USR_004,14,USR_001,3.9e-11,-0.9992
34,2020-W35,7,USR_007,0,STK_004,0.0,-0.8873
34,2020-W35,7,USR_007,1,USR_003,4.1e-11,-0.8123
34,2020-W35,7,USR_007,2,USR_009,5.3e-11,-0.8916
34,2020-W35,7,USR_007,3,STK_005,0.0,-0.0
34,2020-W35,7,USR_007,4,USR_005,-3.56e-10,0.8857
34,2020-W35,7,USR_007,5,STK_003,0.0,-0.0
34,2020-W35,7,USR_007,6,USR_004,4.5e-11,-0.8454
34,2020-W35,7,USR_007,7,USR_007,7.5e-11,1.0
34,2020-W35,7,USR_007,8,STK_001,0.0,-0.0
34,2020-W35,7,USR_007,9,USR_008,-3.4e-11,0.7138
34,2020-W35,7,USR_007,10,USR_006,5e-11,-0.8734
34,2020-W35,7,USR_007,11,STK_002,0.0,-0.0
34,2020-W35,7,USR_007,12,USR_002,4e-11,-0.8101
34,2020-W35,7,USR_007,13,USR_010,3.8e-11,-0.8036
34,2020-W35,7,USR_007,14,USR_001,4.7e-11,-0.8564
34,2020-W35,8,STK_001,0,STK_004,0.0,-0.0
34,2020-W35,8,STK_001,1,USR_003,0.0,-0.0
34,2020-W35,8,STK_001,2,USR_009,0.0,-0.0
34,2020-W35,8,STK_001,3,STK_005,0.0,-0.0
34,2020-W35,8,STK_001,4,USR_005,-0.0,0.0
34,2020-W35,8,STK_001,5,STK_003,0.0,-0.0
34,2020-W35,8,STK_001,6,USR_004,0.0,-0.0
34,2020-W35,8,STK_001,7,USR_007,0.0,-0.0
34,2020-W35,8,STK_001,8,STK_001,0.0,1.0
34,2020-W35,8,STK_001,9,USR_008,-0.0,0.0
34,2020-W35,8,STK_001,10,USR_006,0.0,-0.0
34,2020-W35,8,STK_001,11,STK_002,0.0,-0.0
34,2020-W35,8,STK_001,12,USR_002,0.0,-0.0
34,2020-W35,8,STK_001,13,USR_010,0.0,-0.0
34,2020-W35,8,STK_001,14,USR_001,0.0,-0.0
34,2020-W35,9,USR_008,0,STK_004,-0.0,0.4565
34,2020-W35,9,USR_008,1,USR_003,-1.1e-11,0.3309
34,2020-W35,9,USR_008,2,USR_009,-2.4e-11,0.6401
34,2020-W35,9,USR_008,3,STK_005,0.0,-0.0
34,2020-W35,9,USR_008,4,USR_005,1.14e-10,-0.4497
34,2020-W35,9,USR_008,5,STK_003,-0.0,0.0
34,2020-W35,9,USR_008,6,USR_004,-1.3e-11,0.3888
34,2020-W35,9,USR_008,7,USR_007,-3.4e-11,0.7138
34,2020-W35,9,USR_008,8,STK_001,0.0,-0.0
34,2020-W35,9,USR_008,9,USR_008,3e-11,1.0
34,2020-W35,9,USR_008,10,USR_006,-2.1e-11,0.5666
34,2020-W35,9,USR_008,11,STK_002,0.0,-0.0
34,2020-W35,9,USR_008,12,USR_002,-1e-11,0.3252
34,2020-W35,9,USR_008,13,USR_010,-1.7e-11,0.5841
34,2020-W35,9,USR_008,14,USR_001,-1.4e-11,0.4127
34,2020-W35,10,USR_006,0,STK_004,0.0,-0.9308
34,2020-W35,10,USR_006,1,USR_003,3.4e-11,-0.8825
34,2020-W35,10,USR_006,2,USR_009,4e-11,-0.8887
34,2020-W35,10,USR_006,3,STK_005,0.0,-0.0
34,2020-W35,10,USR_006,4,USR_005,-2.84e-10,0.9279
34,2020-W35,10,USR_006,5,STK_003,0.0,-0.0
34,2020-W35,10,USR_006,6,USR_004,3.7e-11,-0.9052
34,2020-W35,10,USR_006,7,USR_007,5e-11,-0.8734
34,2020-W35,10,USR_006,8,STK_001,0.0,-0.0
34,2020-W35,10,USR_006,9,USR_008,-2.1e-11,0.5666
34,2020-W35,10,USR_006,10,USR_006,4.4e-11,1.0
34,2020-W35,10,USR_006,11,STK_002,0.0,-0.0
34,2020-W35,10,USR_006,12,USR_002,3.3e-11,-0.8763
34,2020-W35,10,USR_006,13,USR_010,2.8e-11,-0.7871
34,2020-W35,10,USR_006,14,USR_001,3.8e-11,-0.9141
34,2020-W35,11,STK_002,0,STK_004,0.0,-0.0
34,2020-W35,11,STK_002,1,USR_003,0.0,-0.0
34,2020-W35,11,STK_002,2,USR_009,0.0,-0.0
34,2020-W35,11,STK_002,3,STK_005,0.0,-0.0
34,2020-W35,11,STK_002,4,USR_005,0.0,-0.0
34,2020-W35,11,STK_002,5,STK_003,0.0,-0.0
34,2020-W35,11,STK_002,6,USR_004,0.0,-0.0
34,2020-W35,11,STK_002,7,USR_007,0.0,-0.0
34,2020-W35,11,STK_002,8,STK_001,0.0,-0.0
34,2020-W35,11,STK_002,9,USR_008,0.0,-0.0
34,2020-W35,11,STK_002,10,USR_006,0.0,-0.0
34,2020-W35,11,STK_002,11,STK_002,0.0,1.0
34,2020-W35,11,STK_002,12,USR_002,0.0,-0.0
34,2020-W35,11,STK_002,13,USR_010,0.0,-0.0
34,2020-W35,11,STK_002,14,USR_001,0.0,-0.0
34,2020-W35,12,USR_002,0,STK_004,0.0,-0.9789
34,2020-W35,12,USR_002,1,USR_003,3.3e-11,-0.9991
34,2020-W35,12,USR_002,2,USR_009,3.4e-11,-0.87
34,2020-W35,12,USR_002,3,STK_005,0.0,-0.0
34,2020-W35,12,USR_002,4,USR_005,-2.59e-10,0.9796
34,2020-W35,12,USR_002,5,STK_003,0.0,-0.0
34,2020-W35,12,USR_002,6,USR_004,3.5e-11,-0.9963
34,2020-W35,12,USR_002,7,USR_007,4e-11,-0.8101
34,2020-W35,12,USR_002,8,STK_001,0.0,-0.0
34,2020-W35,12,USR_002,9,USR_008,-1e-11,0.3252
34,2020-W35,12,USR_002,10,USR_006,3.3e-11,-0.8763
34,2020-W35,12,USR_002,11,STK_002,0.0,-0.0
34,2020-W35,12,USR_002,12,USR_002,3.3e-11,1.0
34,2020-W35,12,USR_002,13,USR_010,2.5e-11,-0.8097
34,2020-W35,12,USR_002,14,USR_001,3.6e-11,-0.9936
34,2020-W35,13,USR_010,0,STK_004,0.0,-0.8824
34,2020-W35,13,USR_010,1,USR_003,2.6e-11,-0.8262
34,2020-W35,13,USR_010,2,USR_009,3.5e-11,-0.946
34,2020-W35,13,USR_010,3,STK_005,0.0,-0.0
34,2020-W35,13,USR_010,4,USR_005,-2.21e-10,0.8821
34,2020-W35,13,USR_010,5,STK_003,0.0,-0.0
34,2020-W35,13,USR_010,6,USR_004,2.8e-11,-0.839
34,2020-W35,13,USR_010,7,USR_007,3.8e-11,-0.8036
34,2020-W35,13,USR_010,8,STK_001,0.0,-0.0
34,2020-W35,13,USR_010,9,USR_008,-1.7e-11,0.5841
34,2020-W35,13,USR_010,10,USR_006,2.8e-11,-0.7871
34,2020-W35,13,USR_010,11,STK_002,0.0,-0.0
34,2020-W35,13,USR_010,12,USR_002,2.5e-11,-0.8097
34,2020-W35,13,USR_010,13,USR_010,2.9e-11,1.0
34,2020-W35,13,USR_010,14,USR_001,2.9e-11,-0.8443
34,2020-W35,14,USR_001,0,STK_004,0.0,-0.9929
34,2020-W35,14,USR_001,1,USR_003,3.7e-11,-0.9947
34,2020-W35,14,USR_001,2,USR_009,3.9e-11,-0.9076
34,2020-W35,14,USR_001,3,STK_005,0.0,-0.0
34,2020-W35,14,USR_001,4,USR_005,-2.9e-10,0.9929
34,2020-W35,14,USR_001,5,STK_003,0.0,-0.0
34,2020-W35,14,USR_001,6,USR_004,3.9e-11,-0.9992
34,2020-W35,14,USR_001,7,USR_007,4.7e-11,-0.8564
34,2020-W35,14,USR_001,8,STK_001,0.0,-0.0
34,2020-W35,14,USR_001,9,USR_008,-1.4e-11,0.4127
34,2020-W35,14,USR_001,10,USR_006,3.8e-11,-0.9141
34,2020-W35,14,USR_001,11,STK_002,0.0,-0.0
34,2020-W35,14,USR_001,12,USR_002,3.6e-11,-0.9936
34,2020-W35,14,USR_001,13,USR_010,2.9e-11,-0.8443
34,2020-W35,14,USR_001,14,USR_001,4e-11,1.0
35,2020-W36,0,STK_004,0,STK_004,0.0,1.0
35,2020-W36,0,STK_004,1,USR_003,0.0,-0.9895
35,2020-W36,0,STK_004,2,USR_009,0.0,-0.9723
35,2020-W36,0,STK_004,3,STK_005,0.0,-0.0
35,2020-W36,0,STK_004,4,USR_005,-0.0,0.9998
35,2020-W36,0,STK_004,5,STK_003,0.0,-0.5562
35,2020-W36,0,STK_004,6,USR_004,0.0,-0.9925
35,2020-W36,0,STK_004,7,USR_007,0.0,-0.9333
35,2020-W36,0,STK_004,8,STK_001,0.0,-0.0
35,2020-W36,0,STK_004,9,USR_008,-0.0,0.4616
35,2020-W36,0,STK_004,10,USR_006,0.0,-0.9462
35,2020-W36,0,STK_004,11,STK_002,0.0,-0.0
35,2020-W36,0,STK_004,12,USR_002,0.0,-0.0
35,2020-W36,0,STK_004,13,USR_010,0.0,-0.937
35,2020-W36,0,STK_004,14,USR_001,0.0,-0.9937
35,2020-W36,1,USR_003,0,STK_004,0.0,-0.9895
35,2020-W36,1,USR_003,1,USR_003,4.1e-11,1.0
35,2020-W36,1,USR_003,2,USR_009,4.4e-11,-0.9465
35,2020-W36,1,USR_003,3,STK_005,0.0,-0.0
35,2020-W36,1,USR_003,4,USR_005,-2.89e-10,0.9908
35,2020-W36,1,USR_003,5,STK_003,0.0,-0.55
35,2020-W36,1,USR_003,6,USR_004,4.3e-11,-0.9987
35,2020-W36,1,USR_003,7,USR_007,5.1e-11,-0.8962
35,2020-W36,1,USR_003,8,STK_001,0.0,-0.0
35,2020-W36,1,USR_003,9,USR_008,-1e-11,0.3855
35,2020-W36,1,USR_003,10,USR_006,4.2e-11,-0.9101
35,2020-W36,1,USR_003,11,STK_002,0.0,-0.0
35,2020-W36,1,USR_003,12,USR_002,0.0,-0.0
35,2020-W36,1,USR_003,13,USR_010,3.4e-11,-0.923
35,2020-W36,1,USR_003,14,USR_001,4.4e-11,-0.9973
35,2020-W36,2,USR_009,0,STK_004,0.0,-0.9723
35,2020-W36,2,USR_009,1,USR_003,4.4e-11,-0.9465
35,2020-W36,2,USR_009,2,USR_009,5.3e-11,1.0
35,2020-W36,2,USR_009,3,STK_005,0.0,-0.0
35,2020-W36,2,USR_009,4,USR_005,-3.22e-10,0.9703
35,2020-W36,2,USR_009,5,STK_003,0.0,-0.5408
35,2020-W36,2,USR_009,6,USR_004,4.6e-11,-0.9502
35,2020-W36,2,USR_009,7,USR_007,5.9e-11,-0.9011
35,2020-W36,2,USR_009,8,STK_001,0.0,-0.0
35,2020-W36,2,USR_009,9,USR_008,-1.6e-11,0.5411
35,2020-W36,2,USR_009,10,USR_006,4.8e-11,-0.9192
35,2020-W36,2,USR_009,11,STK_002,0.0,-0.0
35,2020-W36,2,USR_009,12,USR_002,0.0,-0.0
35,2020-W36,2,USR_009,13,USR_010,4e-11,-0.9549
35,2020-W36,2,USR_009,14,USR_001,4.8e-11,-0.9534
35,2020-W36,3,STK_005,0,STK_004,-0.0,0.0
35,2020-W36,3,STK_005,1,USR_003,-0.0,0.0
35,2020-W36,3,STK_005,2,USR_009,-0.0,0.0
35,2020-W36,3,STK_005,3,STK_005,0.0,1.0
35,2020-W36,3,STK_005,4,USR_005,0.0,-0.0
35,2020-W36,3,STK_005,5,STK_003,-0.0,0.0
35,2020-W36,3,STK_005,6,USR_004,-0.0,0.0
35,2020-W36,3,STK_005,7,USR_007,-0.0,0.0
35,2020-W36,3,STK_005,8,STK_001,0.0,-0.0
35,2020-W36,3,STK_005,9,USR_008,0.0,-0.0
35,2020-W36,3,STK_005,10,USR_006,-0.0,0.0
35,2020-W36,3,STK_005,11,STK_002,0.0,-0.0
35,2020-W36,3,STK_005,12,USR_002,0.0,-0.0
35,2020-W36,3,STK_005,13,USR_010,-0.0,0.0
35,2020-W36,3,STK_005,14,USR_001,-0.0,0.0
35,2020-W36,4,USR_005,0,STK_004,-0.0,0.9998
35,2020-W36,4,USR_005,1,USR_003,-2.89e-10,0.9908
35,2020-W36,4,USR_005,2,USR_009,-3.22e-10,0.9703
35,2020-W36,4,USR_005,3,STK_005,0.0,-0.0
35,2020-W36,4,USR_005,4,USR_005,2.08e-09,1.0
35,2020-W36,4,USR_005,5,STK_003,-0.0,0.5561
35,2020-W36,4,USR_005,6,USR_004,-3.04e-10,0.9932
35,2020-W36,4,USR_005,7,USR_007,-3.79e-10,0.9298
35,2020-W36,4,USR_005,8,STK_001,0.0,-0.0
35,2020-W36,4,USR_005,9,USR_008,8.4e-11,-0.446
35,2020-W36,4,USR_005,10,USR_006,-3.08e-10,0.9422
35,2020-W36,4,USR_005,11,STK_002,0.0,-0.0
35,2020-W36,4,USR_005,12,USR_002,0.0,-0.0
35,2020-W36,4,USR_005,13,USR_010,-2.47e-10,0.9371
35,2020-W36,4,USR_005,14,USR_001,-3.15e-10,0.9941
35,2020-W36,5,STK_003,0,STK_004,0.0,-1.0
35,2020-W36,5,STK_003,1,USR_003,0.0,-1.0
35,2020-W36,5,STK_003,2,USR_009,0.0,-1.0
35,2020-W36,5,STK_003,3,STK_005,0.0,-0.0
35,2020-W36,5,STK_003,4,USR_005,-0.0,1.0
35,2020-W36,5,STK_003,5,STK_003,0.0,1.0
35,2020-W36,5,STK_003,6,USR_004,0.0,-1.0
35,2020-W36,5,STK_003,7,USR_007,0.0,-1.0
35,2020-W36,5,STK_003,8,STK_001,0.0,-0.0
35,2020-W36,5,STK_003,9,USR_008,-0.0,0.8303
35,2020-W36,5,STK_003,10,USR_006,0.0,-1.0
35,2020-W36,5,STK_003,11,STK_002,0.0,-0.0
35,2020-W36,5,STK_003,12,USR_002,0.0,-0.0
35,2020-W36,5,STK_003,13,USR_010,0.0,-1.0
35,2020-W36,5,STK_003,14,USR_001,0.0,-1.0
35,2020-W36,6,USR_004,0,STK_004,0.0,-0.9925
35,2020-W36,6,USR_004,1,USR_003,4.3e-11,-0.9987
35,2020-W36,6,USR_004,2,USR_009,4.6e-11,-0.9502
35,2020-W36,6,USR_004,3,STK_005,0.0,-0.0
35,2020-W36,6,USR_004,4,USR_005,-3.04e-10,0.9932
35,2020-W36,6,USR_004,5,STK_003,0.0,-0.5518
35,2020-W36,6,USR_004,6,USR_004,4.5e-11,1.0
35,2020-W36,6,USR_004,7,USR_007,5.5e-11,-0.9102
35,2020-W36,6,USR_004,8,STK_001,0.0,-0.0
35,2020-W36,6,USR_004,9,USR_008,-1.2e-11,0.4173
35,2020-W36,6,USR_004,10,USR_006,4.5e-11,-0.9242
35,2020-W36,6,USR_004,11,STK_002,0.0,-0.0
35,2020-W36,6,USR_004,12,USR_002,0.0,-0.0
35,2020-W36,6,USR_004,13,USR_010,3.6e-11,-0.9182
35,2020-W36,6,USR_004,14,USR_001,4.7e-11,-0.9994
35,2020-W36,7,USR_007,0,STK_004,0.0,-0.9333
35,2020-W36,7,USR_007,1,USR_003,5.1e-11,-0.8962
35,2020-W36,7,USR_007,2,USR_009,5.9e-11,-0.9011
35,2020-W36,7,USR_007,3,STK_005,0.0,-0.0
35,2020-W36,7,USR_007,4,USR_005,-3.79e-10,0.9298
35,2020-W36,7,USR_007,5,STK_003,0.0,-0.521
35,2020-W36,7,USR_007,6,USR_004,5.5e-11,-0.9102
35,2020-W36,7,USR_007,7,USR_007,8e-11,1.0
35,2020-W36,7,USR_007,8,STK_001,0.0,-0.0
35,2020-W36,7,USR_007,9,USR_008,-2.3e-11,0.6212
35,2020-W36,7,USR_007,10,USR_006,5.8e-11,-0.9111
35,2020-W36,7,USR_007,11,STK_002,0.0,-0.0
35,2020-W36,7,USR_007,12,USR_002,0.0,-0.0
35,2020-W36,7,USR_007,13,USR_010,4.2e-11,-0.8207
35,2020-W36,7,USR_007,14,USR_001,5.7e-11,-0.9161
35,2020-W36,8,STK_001,0,STK_004,0.0,-0.0
35,2020-W36,8,STK_001,1,USR_003,0.0,-0.0
35,2020-W36,8,STK_001,2,USR_009,0.0,-0.0
35,2020-W36,8,STK_001,3,STK_005,0.0,-0.0
35,2020-W36,8,STK_001,4,USR_005,-0.0,0.0
35,2020-W36,8,STK_001,5,STK_003,0.0,-0.0
35,2020-W36,8,STK_001,6,USR_004,0.0,-0.0
35,2020-W36,8,STK_001,7,USR_007,0.0,-0.0
35,2020-W36,8,STK_001,8,STK_001,0.0,1.0
35,2020-W36,8,STK_001,9,USR_008,-0.0,0.0
35,2020-W36,8,STK_001,10,USR_006,0.0,-0.0
35,2020-W36,8,STK_001,11,STK_002,0.0,-0.0
35,2020-W36,8,STK_001,12,USR_002,0.0,-0.0
35,2020-W36,8,STK_001,13,USR_010,0.0,-0.0
35,2020-W36,8,STK_001,14,USR_001,0.0,-0.0
35,2020-W36,9,USR_008,0,STK_004,-0.0,0.4616
35,2020-W36,9,USR_008,1,USR_003,-1e-11,0.3855
35,2020-W36,9,USR_008,2,USR_009,-1.6e-11,0.5411
35,2020-W36,9,USR_008,3,STK_005,0.0,-0.0
35,2020-W36,9,USR_008,4,USR_005,8.4e-11,-0.446
35,2020-W36,9,USR_008,5,STK_003,-0.0,0.2601
35,2020-W36,9,USR_008,6,USR_004,-1.2e-11,0.4173
35,2020-W36,9,USR_008,7,USR_007,-2.3e-11,0.6212
35,2020-W36,9,USR_008,8,STK_001,0.0,-0.0
35,2020-W36,9,USR_008,9,USR_008,1.7e-11,1.0
35,2020-W36,9,USR_008,10,USR_006,-1.7e-11,0.5795
35,2020-W36,9,USR_008,11,STK_002,0.0,-0.0
35,2020-W36,9,USR_008,12,USR_002,0.0,-0.0
35,2020-W36,9,USR_008,13,USR_010,-1.1e-11,0.44
35,2020-W36,9,USR_008,14,USR_001,-1.3e-11,0.4361
35,2020-W36,10,USR_006,0,STK_004,0.0,-0.9462
35,2020-W36,10,USR_006,1,USR_003,4.2e-11,-0.9101
35,2020-W36,10,USR_006,2,USR_009,4.8e-11,-0.9192
35,2020-W36,10,USR_006,3,STK_005,0.0,-0.0
35,2020-W36,10,USR_006,4,USR_005,-3.08e-10,0.9422
35,2020-W36,10,USR_006,5,STK_003,0.0,-0.5265
35,2020-W36,10,USR_006,6,USR_004,4.5e-11,-0.9242
35,2020-W36,10,USR_006,7,USR_007,5.8e-11,-0.9111
35,2020-W36,10,USR_006,8,STK_001,0.0,-0.0
35,2020-W36,10,USR_006,9,USR_008,-1.7e-11,0.5795
35,2020-W36,10,USR_006,10,USR_006,5.1e-11,1.0
35,2020-W36,10,USR_006,11,STK_002,0.0,-0.0
35,2020-W36,10,USR_006,12,USR_002,0.0,-0.0
35,2020-W36,10,USR_006,13,USR_010,3.5e-11,-0.844
35,2020-W36,10,USR_006,14,USR_001,4.6e-11,-0.9307
35,2020-W36,11,STK_002,0,STK_004,0.0,-0.0
35,2020-W36,11,STK_002,1,USR_003,0.0,-0.0
35,2020-W36,11,STK_002,2,USR_009,0.0,-0.0
35,2020-W36,11,STK_002,3,STK_005,0.0,-0.0
35,2020-W36,11,STK_002,4,USR_005,0.0,-0.0
35,2020-W36,11,STK_002,5,STK_003,0.0,-0.0
35,2020-W36,11,STK_002,6,USR_004,0.0,-0.0
35,2020-W36,11,STK_002,7,USR_007,0.0,-0.0
35,2020-W36,11,STK_002,8,STK_001,0.0,-0.0
35,2020-W36,11,STK_002,9,USR_008,0.0,-0.0
35,2020-W36,11,STK_002,10,USR_006,0.0,-0.0
35,2020-W36,11,STK_002,11,STK_002,0.0,1.0
35,2020-W36,11,STK_002,12,USR_002,0.0,-0.0
35,2020-W36,11,STK_002,13,USR_010,0.0,-0.0
35,2020-W36,11,STK_002,14,USR_001,0.0,-0.0
35,2020-W36,12,USR_002,0,STK_004,0.0,-0.0
35,2020-W36,12,USR_002,1,USR_003,0.0,-0.0
35,2020-W36,12,USR_002,2,USR_009,0.0,-0.0
35,2020-W36,12,USR_002,3,STK_005,0.0,-0.0
35,2020-W36,12,USR_002,4,USR_005,0.0,-0.0
35,2020-W36,12,USR_002,5,STK_003,0.0,-0.0
35,2020-W36,12,USR_002,6,USR_004,0.0,-0.0
35,2020-W36,12,USR_002,7,USR_007,0.0,-0.0
35,2020-W36,12,USR_002,8,STK_001,0.0,-0.0
35,2020-W36,12,USR_002,9,USR_008,0.0,-0.0
35,2020-W36,12,USR_002,10,USR_006,0.0,-0.0
35,2020-W36,12,USR_002,11,STK_002,0.0,-0.0
35,2020-W36,12,USR_002,12,USR_002,0.0,1.0
35,2020-W36,12,USR_002,13,USR_010,0.0,-0.0
35,2020-W36,12,USR_002,14,USR_001,0.0,-0.0
35,2020-W36,13,USR_010,0,STK_004,0.0,-0.937
35,2020-W36,13,USR_010,1,USR_003,3.4e-11,-0.923
35,2020-W36,13,USR_010,2,USR_009,4e-11,-0.9549
35,2020-W36,13,USR_010,3,STK_005,0.0,-0.0
35,2020-W36,13,USR_010,4,USR_005,-2.47e-10,0.9371
35,2020-W36,13,USR_010,5,STK_003,0.0,-0.5206
35,2020-W36,13,USR_010,6,USR_004,3.6e-11,-0.9182
35,2020-W36,13,USR_010,7,USR_007,4.2e-11,-0.8207
35,2020-W36,13,USR_010,8,STK_001,0.0,-0.0
35,2020-W36,13,USR_010,9,USR_008,-1.1e-11,0.44
35,2020-W36,13,USR_010,10,USR_006,3.5e-11,-0.844
35,2020-W36,13,USR_010,11,STK_002,0.0,-0.0
35,2020-W36,13,USR_010,12,USR_002,0.0,-0.0
35,2020-W36,13,USR_010,13,USR_010,3.3e-11,1.0
35,2020-W36,13,USR_010,14,USR_001,3.7e-11,-0.9186
35,2020-W36,14,USR_001,0,STK_004,0.0,-0.9937
35,2020-W36,14,USR_001,1,USR_003,4.4e-11,-0.9973
35,2020-W36,14,USR_001,2,USR_009,4.8e-11,-0.9534
35,2020-W36,14,USR_001,3,STK_005,0.0,-0.0
35,2020-W36,14,USR_001,4,USR_005,-3.15e-10,0.9941
35,2020-W36,14,USR_001,5,STK_003,0.0,-0.5526
35,2020-W36,14,USR_001,6,USR_004,4.7e-11,-0.9994
35,2020-W36,14,USR_001,7,USR_007,5.7e-11,-0.9161
35,2020-W36,14,USR_001,8,STK_001,0.0,-0.0
35,2020-W36,14,USR_001,9,USR_008,-1.3e-11,0.4361
35,2020-W36,14,USR_001,10,USR_006,4.6e-11,-0.9307
35,2020-W36,14,USR_001,11,STK_002,0.0,-0.0
35,2020-W36,14,USR_001,12,USR_002,0.0,-0.0
35,2020-W36,14,USR_001,13,USR_010,3.7e-11,-0.9186
35,2020-W36,14,USR_001,14,USR_001,4.8e-11,1.0
36,2020-W37,0,STK_004,0,STK_004,0.0,1.0
36,2020-W37,0,STK_004,1,USR_003,-0.0,0.9999
36,2020-W37,0,STK_004,2,USR_009,-0.0,0.9927
36,2020-W37,0,STK_004,3,STK_005,0.0,-0.0
36,2020-W37,0,STK_004,4,USR_005,0.0,-1.0
36,2020-W37,0,STK_004,5,STK_003,-0.0,0.0
36,2020-W37,0,STK_004,6,USR_004,-0.0,0.9998
36,2020-W37,0,STK_004,7,USR_007,-0.0,0.9499
36,2020-W37,0,STK_004,8,STK_001,0.0,-0.0
36,2020-W37,0,STK_004,9,USR_008,-0.0,0.9505
36,2020-W37,0,STK_004,10,USR_006,-0.0,0.9908
36,2020-W37,0,STK_004,11,STK_002,-0.0,0.9983
36,2020-W37,0,STK_004,12,USR_002,-0.0,0.9999
36,2020-W37,0,STK_004,13,USR_010,-0.0,0.9964
36,2020-W37,0,STK_004,14,USR_001,-0.0,0.9995
36,2020-W37,1,USR_003,0,STK_004,-0.0,0.9993
36,2020-W37,1,USR_003,1,USR_003,6.96e-10,1.0
36,2020-W37,1,USR_003,2,USR_009,5.73e-10,-0.9918
36,2020-W37,1,USR_003,3,STK_005,0.0,-0.0
36,2020-W37,1,USR_003,4,USR_005,-5.709e-09,0.9993
36,2020-W37,1,USR_003,5,STK_003,0.0,-0.0
36,2020-W37,1,USR_003,6,USR_004,7.03e-10,-0.9999
36,2020-W37,1,USR_003,7,USR_007,4.4e-10,-0.9495
36,2020-W37,1,USR_003,8,STK_001,0.0,-0.0
36,2020-W37,1,USR_003,9,USR_008,7.27e-10,-0.9477
36,2020-W37,1,USR_003,10,USR_006,5.71e-10,-0.9893
36,2020-W37,1,USR_003,11,STK_002,0.0,-0.9984
36,2020-W37,1,USR_003,12,USR_002,7e-10,-1.0
36,2020-W37,1,USR_003,13,USR_010,6.03e-10,-0.9953
36,2020-W37,1,USR_003,14,USR_001,6.96e-10,-0.9996
36,2020-W37,2,USR_009,0,STK_004,-0.0,0.9919
36,2020-W37,2,USR_009,1,USR_003,5.73e-10,-0.9917
36,2020-W37,2,USR_009,2,USR_009,4.8e-10,1.0
36,2020-W37,2,USR_009,3,STK_005,0.0,-0.0
36,2020-W37,2,USR_009,4,USR_005,-4.711e-09,0.9928
36,2020-W37,2,USR_009,5,STK_003,0.0,-0.0
36,2020-W37,2,USR_009,6,USR_004,5.8e-10,-0.9927
36,2020-W37,2,USR_009,7,USR_007,3.72e-10,-0.9659
36,2020-W37,2,USR_009,8,STK_001,0.0,-0.0
36,2020-W37,2,USR_009,9,USR_008,5.81e-10,-0.9111
36,2020-W37,2,USR_009,10,USR_006,4.76e-10,-0.9912
36,2020-W37,2,USR_009,11,STK_002,0.0,-0.9901
36,2020-W37,2,USR_009,12,USR_002,5.77e-10,-0.9917
36,2020-W37,2,USR_009,13,USR_010,5e-10,-0.9929
36,2020-W37,2,USR_009,14,USR_001,5.74e-10,-0.9936
36,2020-W37,3,STK_005,0,STK_004,0.0,-0.0001
36,2020-W37,3,STK_005,1,USR_003,-0.0,0.0001
36,2020-W37,3,STK_005,2,USR_009,-0.0,0.0001
36,2020-W37,3,STK_005,3,STK_005,0.0,1.0
36,2020-W37,3,STK_005,4,USR_005,0.0,-0.0001
36,2020-W37,3,STK_005,5,STK_003,-0.0,0.0
36,2020-W37,3,STK_005,6,USR_004,-0.0,0.0001
36,2020-W37,3,STK_005,7,USR_007,-0.0,0.0001
36,2020-W37,3,STK_005,8,STK_001,0.0,-0.0
36,2020-W37,3,STK_005,9,USR_008,-0.0,0.0001
36,2020-W37,3,STK_005,10,USR_006,-0.0,0.0001
36,2020-W37,3,STK_005,11,STK_002,-0.0,0.0001
36,2020-W37,3,STK_005,12,USR_002,-0.0,0.0001
36,2020-W37,3,STK_005,13,USR_010,-0.0,0.0001
36,2020-W37,3,STK_005,14,USR_001,-0.0,0.0001
36,2020-W37,4,USR_005,0,STK_004,0.0,-1.0
36,2020-W37,4,USR_005,1,USR_003,-5.713e-09,0.9999
36,2020-W37,4,USR_005,2,USR_009,-4.714e-09,0.9935
36,2020-W37,4,USR_005,3,STK_005,0.0,-0.0
36,2020-W37,4,USR_005,4,USR_005,4.6931e-08,1.0
36,2020-W37,4,USR_005,5,STK_003,-0.0,0.0
36,2020-W37,4,USR_005,6,USR_004,-5.778e-09,0.9999
36,2020-W37,4,USR_005,7,USR_007,-3.624e-09,0.9524
36,2020-W37,4,USR_005,8,STK_001,0.0,-0.0
36,2020-W37,4,USR_005,9,USR_008,-5.971e-09,0.9476
36,2020-W37,4,USR_005,10,USR_006,-4.705e-09,0.9917
36,2020-W37,4,USR_005,11,STK_002,-0.0,0.9983
36,2020-W37,4,USR_005,12,USR_002,-5.749e-09,0.9999
36,2020-W37,4,USR_005,13,USR_010,-4.96e-09,0.9964
36,2020-W37,4,USR_005,14,USR_001,-5.715e-09,0.9997
36,2020-W37,5,STK_003,0,STK_004,0.0,-0.0
36,2020-W37,5,STK_003,1,USR_003,-0.0,0.0
36,2020-W37,5,STK_003,2,USR_009,-0.0,0.0
36,2020-W37,5,STK_003,3,STK_005,0.0,-0.0
36,2020-W37,5,STK_003,4,USR_005,0.0,-0.0
36,2020-W37,5,STK_003,5,STK_003,-0.0,1.0
36,2020-W37,5,STK_003,6,USR_004,-0.0,0.0
36,2020-W37,5,STK_003,7,USR_007,-0.0,0.0
36,2020-W37,5,STK_003,8,STK_001,0.0,-0.0
36,2020-W37,5,STK_003,9,USR_008,-0.0,0.0
36,2020-W37,5,STK_003,10,USR_006,-0.0,0.0
36,2020-W37,5,STK_003,11,STK_002,-0.0,0.0
36,2020-W37,5,STK_003,12,USR_002,-0.0,0.0
36,2020-W37,5,STK_003,13,USR_010,-0.0,0.0
36,2020-W37,5,STK_003,14,USR_001,-0.0,0.0
36,2020-W37,6,USR_004,0,STK_004,-0.0,0.9991
36,2020-W37,6,USR_004,1,USR_003,7.03e-10,-0.9999
36,2020-W37,6,USR_004,2,USR_009,5.8e-10,-0.9928
36,2020-W37,6,USR_004,3,STK_005,0.0,-0.0
36,2020-W37,6,USR_004,4,USR_005,-5.775e-09,0.9993
36,2020-W37,6,USR_004,5,STK_003,0.0,-0.0
36,2020-W37,6,USR_004,6,USR_004,7.12e-10,1.0
36,2020-W37,6,USR_004,7,USR_007,4.47e-10,-0.9535
36,2020-W37,6,USR_004,8,STK_001,0.0,-0.0
36,2020-W37,6,USR_004,9,USR_008,7.32e-10,-0.9436
36,2020-W37,6,USR_004,10,USR_006,5.79e-10,-0.991
36,2020-W37,6,USR_004,11,STK_002,0.0,-0.9983
36,2020-W37,6,USR_004,12,USR_002,7.08e-10,-0.9999
36,2020-W37,6,USR_004,13,USR_010,6.1e-10,-0.9948
36,2020-W37,6,USR_004,14,USR_001,7.04e-10,-0.9999
36,2020-W37,7,USR_007,0,STK_004,-0.0,0.949
36,2020-W37,7,USR_007,1,USR_003,4.4e-10,-0.9492
36,2020-W37,7,USR_007,2,USR_009,3.72e-10,-0.9657
36,2020-W37,7,USR_007,3,STK_005,0.0,-0.0
36,2020-W37,7,USR_007,4,USR_005,-3.621e-09,0.9515
36,2020-W37,7,USR_007,5,STK_003,0.0,-0.0
36,2020-W37,7,USR_007,6,USR_004,4.47e-10,-0.9531
36,2020-W37,7,USR_007,7,USR_007,3.09e-10,1.0
36,2020-W37,7,USR_007,8,STK_001,0.0,-0.0
36,2020-W37,7,USR_007,9,USR_008,4.17e-10,-0.8161
36,2020-W37,7,USR_007,10,USR_006,3.72e-10,-0.9669
36,2020-W37,7,USR_007,11,STK_002,0.0,-0.9472
36,2020-W37,7,USR_007,12,USR_002,4.42e-10,-0.9487
36,2020-W37,7,USR_007,13,USR_010,3.8e-10,-0.941
36,2020-W37,7,USR_007,14,USR_001,4.43e-10,-0.9563
36,2020-W37,8,STK_001,0,STK_004,-0.0,0.0
36,2020-W37,8,STK_001,1,USR_003,0.0,-0.0
36,2020-W37,8,STK_001,2,USR_009,0.0,-0.0
36,2020-W37,8,STK_001,3,STK_005,0.0,-0.0
36,2020-W37,8,STK_001,4,USR_005,-0.0,0.0
36,2020-W37,8,STK_001,5,STK_003,0.0,-0.0
36,2020-W37,8,STK_001,6,USR_004,0.0,-0.0
36,2020-W37,8,STK_001,7,USR_007,0.0,-0.0
36,2020-W37,8,STK_001,8,STK_001,0.0,1.0
36,2020-W37,8,STK_001,9,USR_008,0.0,-0.0
36,2020-W37,8,STK_001,10,USR_006,0.0,-0.0
36,2020-W37,8,STK_001,11,STK_002,0.0,-0.0
36,2020-W37,8,STK_001,12,USR_002,0.0,-0.0
36,2020-W37,8,STK_001,13,USR_010,0.0,-0.0
36,2020-W37,8,STK_001,14,USR_001,0.0,-0.0
36,2020-W37,9,USR_008,0,STK_004,-0.0,0.9499
36,2020-W37,9,USR_008,1,USR_003,7.27e-10,-0.9477
36,2020-W37,9,USR_008,2,USR_009,5.81e-10,-0.9113
36,2020-W37,9,USR_008,3,STK_005,0.0,-0.0
36,2020-W37,9,USR_008,4,USR_005,-5.968e-09,0.947
36,2020-W37,9,USR_008,5,STK_003,0.0,-0.0
36,2020-W37,9,USR_008,6,USR_004,7.32e-10,-0.9436
36,2020-W37,9,USR_008,7,USR_007,4.17e-10,-0.8164
36,2020-W37,9,USR_008,8,STK_001,0.0,-0.0
36,2020-W37,9,USR_008,9,USR_008,8.46e-10,1.0
36,2020-W37,9,USR_008,10,USR_006,5.8e-10,-0.9111
36,2020-W37,9,USR_008,11,STK_002,0.0,-0.9464
36,2020-W37,9,USR_008,12,USR_002,7.32e-10,-0.9479
36,2020-W37,9,USR_008,13,USR_010,6.31e-10,-0.9441
36,2020-W37,9,USR_008,14,USR_001,7.21e-10,-0.9395
36,2020-W37,10,USR_006,0,STK_004,-0.0,0.99
36,2020-W37,10,USR_006,1,USR_003,5.71e-10,-0.9892
36,2020-W37,10,USR_006,2,USR_009,4.76e-10,-0.9912
36,2020-W37,10,USR_006,3,STK_005,0.0,-0.0
36,2020-W37,10,USR_006,4,USR_005,-4.702e-09,0.9909
36,2020-W37,10,USR_006,5,STK_003,0.0,-0.0
36,2020-W37,10,USR_006,6,USR_004,5.79e-10,-0.9909
36,2020-W37,10,USR_006,7,USR_007,3.72e-10,-0.9671
36,2020-W37,10,USR_006,8,STK_001,0.0,-0.0
36,2020-W37,10,USR_006,9,USR_008,5.8e-10,-0.911
36,2020-W37,10,USR_006,10,USR_006,4.8e-10,1.0
36,2020-W37,10,USR_006,11,STK_002,0.0,-0.9879
36,2020-W37,10,USR_006,12,USR_002,5.75e-10,-0.9895
36,2020-W37,10,USR_006,13,USR_010,4.95e-10,-0.9841
36,2020-W37,10,USR_006,14,USR_001,5.73e-10,-0.9919
36,2020-W37,11,STK_002,0,STK_004,-0.0,1.0
36,2020-W37,11,STK_002,1,USR_003,0.0,-1.0
36,2020-W37,11,STK_002,2,USR_009,0.0,-0.9934
36,2020-W37,11,STK_002,3,STK_005,0.0,-0.0
36,2020-W37,11,STK_002,4,USR_005,-0.0,1.0
36,2020-W37,11,STK_002,5,STK_003,0.0,-0.0
36,2020-W37,11,STK_002,6,USR_004,0.0,-1.0
36,2020-W37,11,STK_002,7,USR_007,0.0,-0.9506
36,2020-W37,11,STK_002,8,STK_001,0.0,-0.0
36,2020-W37,11,STK_002,9,USR_008,0.0,-0.9494
36,2020-W37,11,STK_002,10,USR_006,0.0,-0.9912
36,2020-W37,11,STK_002,11,STK_002,0.0,1.0
36,2020-W37,11,STK_002,12,USR_002,0.0,-1.0
36,2020-W37,11,STK_002,13,USR_010,0.0,-0.9968
36,2020-W37,11,STK_002,14,USR_001,0.0,-1.0
36,2020-W37,12,USR_002,0,STK_004,-0.0,0.9993
36,2020-W37,12,USR_002,1,USR_003,7e-10,-1.0
36,2020-W37,12,USR_002,2,USR_009,5.77e-10,-0.9918
36,2020-W37,12,USR_002,3,STK_005,0.0,-0.0
36,2020-W37,12,USR_002,4,USR_005,-5.746e-09,0.9993
36,2020-W37,12,USR_002,5,STK_003,0.0,-0.0
36,2020-W37,12,USR_002,6,USR_004,7.08e-10,-0.9999
36,2020-W37,12,USR_002,7,USR_007,4.42e-10,-0.9491
36,2020-W37,12,USR_002,8,STK_001,0.0,-0.0
36,2020-W37,12,USR_002,9,USR_008,7.32e-10,-0.9479
36,2020-W37,12,USR_002,10,USR_006,5.75e-10,-0.9896
36,2020-W37,12,USR_002,11,STK_002,0.0,-0.9984
36,2020-W37,12,USR_002,12,USR_002,7.04e-10,1.0
36,2020-W37,12,USR_002,13,USR_010,6.07e-10,-0.9952
36,2020-W37,12,USR_002,14,USR_001,7e-10,-0.9996
36,2020-W37,13,USR_010,0,STK_004,-0.0,0.9957
36,2020-W37,13,USR_010,1,USR_003,6.03e-10,-0.9952
36,2020-W37,13,USR_010,2,USR_009,5e-10,-0.9929
36,2020-W37,13,USR_010,3,STK_005,0.0,-0.0
36,2020-W37,13,USR_010,4,USR_005,-4.957e-09,0.9957
36,2020-W37,13,USR_010,5,STK_003,0.0,-0.0
36,2020-W37,13,USR_010,6,USR_004,6.1e-10,-0.9947
36,2020-W37,13,USR_010,7,USR_007,3.8e-10,-0.9412
36,2020-W37,13,USR_010,8,STK_001,0.0,-0.0
36,2020-W37,13,USR_010,9,USR_008,6.31e-10,-0.944
36,2020-W37,13,USR_010,10,USR_006,4.95e-10,-0.9842
36,2020-W37,13,USR_010,11,STK_002,0.0,-0.9935
36,2020-W37,13,USR_010,12,USR_002,6.07e-10,-0.9951
36,2020-W37,13,USR_010,13,USR_010,5.28e-10,1.0
36,2020-W37,13,USR_010,14,USR_001,6.03e-10,-0.9944
36,2020-W37,14,USR_001,0,STK_004,-0.0,0.9988
36,2020-W37,14,USR_001,1,USR_003,6.96e-10,-0.9996
36,2020-W37,14,USR_001,2,USR_009,5.74e-10,-0.9937
36,2020-W37,14,USR_001,3,STK_005,0.0,-0.0
36,2020-W37,14,USR_001,4,USR_005,-5.712e-09,0.9991
36,2020-W37,14,USR_001,5,STK_003,0.0,-0.0
36,2020-W37,14,USR_001,6,USR_004,7.04e-10,-0.9999
36,2020-W37,14,USR_001,7,USR_007,4.43e-10,-0.9566
36,2020-W37,14,USR_001,8,STK_001,0.0,-0.0
36,2020-W37,14,USR_001,9,USR_008,7.21e-10,-0.9395
36,2020-W37,14,USR_001,10,USR_006,5.73e-10,-0.992
36,2020-W37,14,USR_001,11,STK_002,0.0,-0.998
36,2020-W37,14,USR_001,12,USR_002,7e-10,-0.9996
36,2020-W37,14,USR_001,13,USR_010,6.03e-10,-0.9945
36,2020-W37,14,USR_001,14,USR_001,6.96e-10,1.0
37,2020-W38,0,STK_004,0,STK_004,0.0,1.0
37,2020-W38,0,STK_004,1,USR_003,0.0,-0.9993
37,2020-W38,0,STK_004,2,USR_009,0.0,-0.9826
37,2020-W38,0,STK_004,3,STK_005,0.0,-0.0
37,2020-W38,0,STK_004,4,USR_005,-0.0,1.0
37,2020-W38,0,STK_004,5,STK_003,0.0,-0.0
37,2020-W38,0,STK_004,6,USR_004,0.0,-0.9993
37,2020-W38,0,STK_004,7,USR_007,0.0,-0.8555
37,2020-W38,0,STK_004,8,STK_001,0.0,-0.0
37,2020-W38,0,STK_004,9,USR_008,0.0,-0.9529
37,2020-W38,0,STK_004,10,USR_006,0.0,-0.9788
37,2020-W38,0,STK_004,11,STK_002,0.0,-1.0
37,2020-W38,0,STK_004,12,USR_002,0.0,-0.9992
37,2020-W38,0,STK_004,13,USR_010,0.0,-0.9934
37,2020-W38,0,STK_004,14,USR_001,0.0,-0.9991
37,2020-W38,1,USR_003,0,STK_004,0.0,-0.9992
37,2020-W38,1,USR_003,1,USR_003,4.07e-10,1.0
37,2020-W38,1,USR_003,2,USR_009,3e-10,-0.9813
37,2020-W38,1,USR_003,3,STK_005,0.0,-0.0
37,2020-W38,1,USR_003,4,USR_005,-3.395e-09,0.9992
37,2020-W38,1,USR_003,5,STK_003,0.0,-0.0
37,2020-W38,1,USR_003,6,USR_004,4.07e-10,-0.9998
37,2020-W38,1,USR_003,7,USR_007,1.77e-10,-0.8531
37,2020-W38,1,USR_003,8,STK_001,0.0,-0.0
37,2020-W38,1,USR_003,9,USR_008,6.21e-10,-0.9506
37,2020-W38,1,USR_003,10,USR_006,3.15e-10,-0.977
37,2020-W38,1,USR_003,11,STK_002,0.0,-1.0
37,2020-W38,1,USR_003,12,USR_002,4.11e-10,-1.0
37,2020-W38,1,USR_003,13,USR_010,3.57e-10,-0.9921
37,2020-W38,1,USR_003,14,USR_001,4e-10,-0.9995
37,2020-W38,2,USR_009,0,STK_004,0.0,-0.9825
37,2020-W38,2,USR_009,1,USR_003,3e-10,-0.9813
37,2020-W38,2,USR_009,2,USR_009,2.29e-10,1.0
37,2020-W38,2,USR_009,3,STK_005,0.0,-0.0
37,2020-W38,2,USR_009,4,USR_005,-2.505e-09,0.9836
37,2020-W38,2,USR_009,5,STK_003,0.0,-0.0
37,2020-W38,2,USR_009,6,USR_004,3e-10,-0.983
37,2020-W38,2,USR_009,7,USR_007,1.4e-10,-0.899
37,2020-W38,2,USR_009,8,STK_001,0.0,-0.0
37,2020-W38,2,USR_009,9,USR_008,4.36e-10,-0.8891
37,2020-W38,2,USR_009,10,USR_006,2.38e-10,-0.9841
37,2020-W38,2,USR_009,11,STK_002,0.0,-0.9853
37,2020-W38,2,USR_009,12,USR_002,3.02e-10,-0.9818
37,2020-W38,2,USR_009,13,USR_010,2.66e-10,-0.9853
37,2020-W38,2,USR_009,14,USR_001,2.95e-10,-0.984
37,2020-W38,3,STK_005,0,STK_004,-0.0,0.0
37,2020-W38,3,STK_005,1,USR_003,-0.0,0.0
37,2020-W38,3,STK_005,2,USR_009,-0.0,0.0
37,2020-W38,3,STK_005,3,STK_005,0.0,1.0
37,2020-W38,3,STK_005,4,USR_005,0.0,-0.0
37,2020-W38,3,STK_005,5,STK_003,-0.0,0.0
37,2020-W38,3,STK_005,6,USR_004,-0.0,0.0
37,2020-W38,3,STK_005,7,USR_007,-0.0,0.0
37,2020-W38,3,STK_005,8,STK_001,0.0,-0.0
37,2020-W38,3,STK_005,9,USR_008,-0.0,0.0
37,2020-W38,3,STK_005,10,USR_006,-0.0,0.0
37,2020-W38,3,STK_005,11,STK_002,-0.0,0.0
37,2020-W38,3,STK_005,12,USR_002,-0.0,0.0
37,2020-W38,3,STK_005,13,USR_010,-0.0,0.0
37,2020-W38,3,STK_005,14,USR_001,-0.0,0.0
37,2020-W38,4,USR_005,0,STK_004,-0.0,1.0
37,2020-W38,4,USR_005,1,USR_003,-3.395e-09,0.9993
37,2020-W38,4,USR_005,2,USR_009,-2.505e-09,0.9837
37,2020-W38,4,USR_005,3,STK_005,0.0,-0.0
37,2020-W38,4,USR_005,4,USR_005,2.8331e-08,1.0
37,2020-W38,4,USR_005,5,STK_003,-0.0,0.0
37,2020-W38,4,USR_005,6,USR_004,-3.392e-09,0.9994
37,2020-W38,4,USR_005,7,USR_007,-1.488e-09,0.859
37,2020-W38,4,USR_005,8,STK_001,0.0,-0.0
37,2020-W38,4,USR_005,9,USR_008,-5.18e-09,0.9506
37,2020-W38,4,USR_005,10,USR_006,-2.634e-09,0.98
37,2020-W38,4,USR_005,11,STK_002,-0.0,1.0
37,2020-W38,4,USR_005,12,USR_002,-3.424e-09,0.9992
37,2020-W38,4,USR_005,13,USR_010,-2.979e-09,0.9934
37,2020-W38,4,USR_005,14,USR_001,-3.334e-09,0.9993
37,2020-W38,5,STK_003,0,STK_004,-0.0,0.0
37,2020-W38,5,STK_003,1,USR_003,-0.0,0.0
37,2020-W38,5,STK_003,2,USR_009,-0.0,0.0
37,2020-W38,5,STK_003,3,STK_005,0.0,-0.0
37,2020-W38,5,STK_003,4,USR_005,0.0,-0.0
37,2020-W38,5,STK_003,5,STK_003,-0.0,1.0
37,2020-W38,5,STK_003,6,USR_004,-0.0,0.0
37,2020-W38,5,STK_003,7,USR_007,-0.0,0.0
37,2020-W38,5,STK_003,8,STK_001,0.0,-0.0
37,2020-W38,5,STK_003,9,USR_008,-0.0,0.0
37,2020-W38,5,STK_003,10,USR_006,-0.0,0.0
37,2020-W38,5,STK_003,11,STK_002,-0.0,0.0
37,2020-W38,5,STK_003,12,USR_002,-0.0,0.0
37,2020-W38,5,STK_003,13,USR_010,-0.0,0.0
37,2020-W38,5,STK_003,14,USR_001,-0.0,0.0
37,2020-W38,6,USR_004,0,STK_004,0.0,-0.9992
37,2020-W38,6,USR_004,1,USR_003,4.07e-10,-0.9998
37,2020-W38,6,USR_004,2,USR_009,3e-10,-0.983
37,2020-W38,6,USR_004,3,STK_005,0.0,-0.0
37,2020-W38,6,USR_004,4,USR_005,-3.391e-09,0.9993
37,2020-W38,6,USR_004,5,STK_003,0.0,-0.0
37,2020-W38,6,USR_004,6,USR_004,4.07e-10,1.0
37,2020-W38,6,USR_004,7,USR_007,1.79e-10,-0.8609
37,2020-W38,6,USR_004,8,STK_001,0.0,-0.0
37,2020-W38,6,USR_004,9,USR_008,6.18e-10,-0.9462
37,2020-W38,6,USR_004,10,USR_006,3.16e-10,-0.9803
37,2020-W38,6,USR_004,11,STK_002,0.0,-1.0
37,2020-W38,6,USR_004,12,USR_002,4.1e-10,-0.9999
37,2020-W38,6,USR_004,13,USR_010,3.56e-10,-0.9914
37,2020-W38,6,USR_004,14,USR_001,4e-10,-0.9999
37,2020-W38,7,USR_007,0,STK_004,0.0,-0.8553
37,2020-W38,7,USR_007,1,USR_003,1.77e-10,-0.853
37,2020-W38,7,USR_007,2,USR_009,1.4e-10,-0.8989
37,2020-W38,7,USR_007,3,STK_005,0.0,-0.0
37,2020-W38,7,USR_007,4,USR_005,-1.487e-09,0.8588
37,2020-W38,7,USR_007,5,STK_003,0.0,-0.0
37,2020-W38,7,USR_007,6,USR_004,1.79e-10,-0.8608
37,2020-W38,7,USR_007,7,USR_007,1.06e-10,1.0
37,2020-W38,7,USR_007,8,STK_001,0.0,-0.0
37,2020-W38,7,USR_007,9,USR_008,2.27e-10,-0.68
37,2020-W38,7,USR_007,10,USR_006,1.5e-10,-0.9117
37,2020-W38,7,USR_007,11,STK_002,0.0,-0.8572
37,2020-W38,7,USR_007,12,USR_002,1.79e-10,-0.8542
37,2020-W38,7,USR_007,13,USR_010,1.54e-10,-0.8411
37,2020-W38,7,USR_007,14,USR_001,1.76e-10,-0.865
37,2020-W38,8,STK_001,0,STK_004,-0.0,0.0
37,2020-W38,8,STK_001,1,USR_003,-0.0,0.0
37,2020-W38,8,STK_001,2,USR_009,-0.0,0.0
37,2020-W38,8,STK_001,3,STK_005,0.0,-0.0
37,2020-W38,8,STK_001,4,USR_005,0.0,-0.0
37,2020-W38,8,STK_001,5,STK_003,-0.0,0.0
37,2020-W38,8,STK_001,6,USR_004,-0.0,0.0
37,2020-W38,8,STK_001,7,USR_007,-0.0,0.0
37,2020-W38,8,STK_001,8,STK_001,0.0,1.0
37,2020-W38,8,STK_001,9,USR_008,-0.0,0.0
37,2020-W38,8,STK_001,10,USR_006,-0.0,0.0
37,2020-W38,8,STK_001,11,STK_002,-0.0,0.0
37,2020-W38,8,STK_001,12,USR_002,-0.0,0.0
37,2020-W38,8,STK_001,13,USR_010,-0.0,0.0
37,2020-W38,8,STK_001,14,USR_001,-0.0,0.0
37,2020-W38,9,USR_008,0,STK_004,0.0,-0.9528
37,2020-W38,9,USR_008,1,USR_003,6.21e-10,-0.9506
37,2020-W38,9,USR_008,2,USR_009,4.36e-10,-0.8892
37,2020-W38,9,USR_008,3,STK_005,0.0,-0.0
37,2020-W38,9,USR_008,4,USR_005,-5.18e-09,0.9506
37,2020-W38,9,USR_008,5,STK_003,0.0,-0.0
37,2020-W38,9,USR_008,6,USR_004,6.18e-10,-0.9462
37,2020-W38,9,USR_008,7,USR_007,2.27e-10,-0.6802
37,2020-W38,9,USR_008,8,STK_001,0.0,-0.0
37,2020-W38,9,USR_008,9,USR_008,1.048e-09,1.0
37,2020-W38,9,USR_008,10,USR_006,4.56e-10,-0.8829
37,2020-W38,9,USR_008,11,STK_002,0.0,-0.9525
37,2020-W38,9,USR_008,12,USR_002,6.26e-10,-0.9491
37,2020-W38,9,USR_008,13,USR_010,5.43e-10,-0.942
37,2020-W38,9,USR_008,14,USR_001,6.05e-10,-0.9436
37,2020-W38,10,USR_006,0,STK_004,0.0,-0.9787
37,2020-W38,10,USR_006,1,USR_003,3.15e-10,-0.977
37,2020-W38,10,USR_006,2,USR_009,2.38e-10,-0.9841
37,2020-W38,10,USR_006,3,STK_005,0.0,-0.0
37,2020-W38,10,USR_006,4,USR_005,-2.634e-09,0.9799
37,2020-W38,10,USR_006,5,STK_003,0.0,-0.0
37,2020-W38,10,USR_006,6,USR_004,3.16e-10,-0.9803
37,2020-W38,10,USR_006,7,USR_007,1.5e-10,-0.9118
37,2020-W38,10,USR_006,8,STK_001,0.0,-0.0
37,2020-W38,10,USR_006,9,USR_008,4.56e-10,-0.8828
37,2020-W38,10,USR_006,10,USR_006,2.55e-10,1.0
37,2020-W38,10,USR_006,11,STK_002,0.0,-0.9812
37,2020-W38,10,USR_006,12,USR_002,3.18e-10,-0.9778
37,2020-W38,10,USR_006,13,USR_010,2.76e-10,-0.9688
37,2020-W38,10,USR_006,14,USR_001,3.11e-10,-0.982
37,2020-W38,11,STK_002,0,STK_004,0.0,-0.9956
37,2020-W38,11,STK_002,1,USR_003,0.0,-0.9965
37,2020-W38,11,STK_002,2,USR_009,0.0,-0.9784
37,2020-W38,11,STK_002,3,STK_005,0.0,-0.0
37,2020-W38,11,STK_002,4,USR_005,-0.0,0.9956
37,2020-W38,11,STK_002,5,STK_003,0.0,-0.0
37,2020-W38,11,STK_002,6,USR_004,0.0,-0.9964
37,2020-W38,11,STK_002,7,USR_007,0.0,-0.8512
37,2020-W38,11,STK_002,8,STK_001,0.0,-0.0
37,2020-W38,11,STK_002,9,USR_008,0.0,-0.9458
37,2020-W38,11,STK_002,10,USR_006,0.0,-0.9744
37,2020-W38,11,STK_002,11,STK_002,0.0,1.0
37,2020-W38,11,STK_002,12,USR_002,0.0,-0.9965
37,2020-W38,11,STK_002,13,USR_010,0.0,-0.9884
37,2020-W38,11,STK_002,14,USR_001,0.0,-0.9961
37,2020-W38,12,USR_002,0,STK_004,0.0,-0.9991
37,2020-W38,12,USR_002,1,USR_003,4.11e-10,-1.0
37,2020-W38,12,USR_002,2,USR_009,3.02e-10,-0.9819
37,2020-W38,12,USR_002,3,STK_005,0.0,-0.0
37,2020-W38,12,USR_002,4,USR_005,-3.424e-09,0.9991
37,2020-W38,12,USR_002,5,STK_003,0.0,-0.0
37,2020-W38,12,USR_002,6,USR_004,4.1e-10,-0.9999
37,2020-W38,12,USR_002,7,USR_007,1.79e-10,-0.8543
37,2020-W38,12,USR_002,8,STK_001,0.0,-0.0
37,2020-W38,12,USR_002,9,USR_008,6.26e-10,-0.9491
37,2020-W38,12,USR_002,10,USR_006,3.18e-10,-0.9778
37,2020-W38,12,USR_002,11,STK_002,0.0,-1.0
37,2020-W38,12,USR_002,12,USR_002,4.15e-10,1.0
37,2020-W38,12,USR_002,13,USR_010,3.6e-10,-0.9919
37,2020-W38,12,USR_002,14,USR_001,4.03e-10,-0.9996
37,2020-W38,13,USR_010,0,STK_004,0.0,-0.9933
37,2020-W38,13,USR_010,1,USR_003,3.57e-10,-0.9921
37,2020-W38,13,USR_010,2,USR_009,2.66e-10,-0.9853
37,2020-W38,13,USR_010,3,STK_005,0.0,-0.0
37,2020-W38,13,USR_010,4,USR_005,-2.979e-09,0.9933
37,2020-W38,13,USR_010,5,STK_003,0.0,-0.0
37,2020-W38,13,USR_010,6,USR_004,3.56e-10,-0.9914
37,2020-W38,13,USR_010,7,USR_007,1.54e-10,-0.8412
37,2020-W38,13,USR_010,8,STK_001,0.0,-0.0
37,2020-W38,13,USR_010,9,USR_008,5.43e-10,-0.942
37,2020-W38,13,USR_010,10,USR_006,2.76e-10,-0.9688
37,2020-W38,13,USR_010,11,STK_002,0.0,-0.9954
37,2020-W38,13,USR_010,12,USR_002,3.6e-10,-0.9919
37,2020-W38,13,USR_010,13,USR_010,3.17e-10,1.0
37,2020-W38,13,USR_010,14,USR_001,3.5e-10,-0.9911
37,2020-W38,14,USR_001,0,STK_004,0.0,-0.999
37,2020-W38,14,USR_001,1,USR_003,4e-10,-0.9995
37,2020-W38,14,USR_001,2,USR_009,2.95e-10,-0.984
37,2020-W38,14,USR_001,3,STK_005,0.0,-0.0
37,2020-W38,14,USR_001,4,USR_005,-3.333e-09,0.9992
37,2020-W38,14,USR_001,5,STK_003,0.0,-0.0
37,2020-W38,14,USR_001,6,USR_004,4e-10,-0.9999
37,2020-W38,14,USR_001,7,USR_007,1.76e-10,-0.8651
37,2020-W38,14,USR_001,8,STK_001,0.0,-0.0
37,2020-W38,14,USR_001,9,USR_008,6.05e-10,-0.9436
37,2020-W38,14,USR_001,10,USR_006,3.11e-10,-0.982
37,2020-W38,14,USR_001,11,STK_002,0.0,-1.0
37,2020-W38,14,USR_001,12,USR_002,4.03e-10,-0.9996
37,2020-W38,14,USR_001,13,USR_010,3.5e-10,-0.9911
37,2020-W38,14,USR_001,14,USR_001,3.93e-10,1.0
38,2020-W39,0,STK_004,0,STK_004,0.0,1.0
38,2020-W39,0,STK_004,1,USR_003,0.0,-0.9988
38,2020-W39,0,STK_004,2,USR_009,0.0,-0.992
38,2020-W39,0,STK_004,3,STK_005,0.0,-0.0
38,2020-W39,0,STK_004,4,USR_005,-0.0,1.0
38,2020-W39,0,STK_004,5,STK_003,0.0,-0.255
38,2020-W39,0,STK_004,6,USR_004,0.0,-0.999
38,2020-W39,0,STK_004,7,USR_007,0.0,-0.9661
38,2020-W39,0,STK_004,8,STK_001,0.0,-0.0
38,2020-W39,0,STK_004,9,USR_008,0.0,-0.9853
38,2020-W39,0,STK_004,10,USR_006,0.0,-0.9944
38,2020-W39,0,STK_004,11,STK_002,0.0,-0.9984
38,2020-W39,0,STK_004,12,USR_002,0.0,-0.9987
38,2020-W39,0,STK_004,13,USR_010,0.0,-0.9941
38,2020-W39,0,STK_004,14,USR_001,0.0,-0.0
38,2020-W39,1,USR_003,0,STK_004,0.0,-0.9996
38,2020-W39,1,USR_003,1,USR_003,4.46e-10,1.0
38,2020-W39,1,USR_003,2,USR_009,3.52e-10,-0.9904
38,2020-W39,1,USR_003,3,STK_005,0.0,-0.0
38,2020-W39,1,USR_003,4,USR_005,-3.309e-09,0.9996
38,2020-W39,1,USR_003,5,STK_003,0.0,-0.2549
38,2020-W39,1,USR_003,6,USR_004,4.48e-10,-1.0
38,2020-W39,1,USR_003,7,USR_007,2.49e-10,-0.9623
38,2020-W39,1,USR_003,8,STK_001,0.0,-0.0
38,2020-W39,1,USR_003,9,USR_008,5.95e-10,-0.9851
38,2020-W39,1,USR_003,10,USR_006,3.74e-10,-0.9924
38,2020-W39,1,USR_003,11,STK_002,0.0,-0.9997
38,2020-W39,1,USR_003,12,USR_002,4.5e-10,-1.0
38,2020-W39,1,USR_003,13,USR_010,3.93e-10,-0.9931
38,2020-W39,1,USR_003,14,USR_001,0.0,-0.0
38,2020-W39,2,USR_009,0,STK_004,0.0,-0.993
38,2020-W39,2,USR_009,1,USR_003,3.53e-10,-0.9906
38,2020-W39,2,USR_009,2,USR_009,2.84e-10,1.0
38,2020-W39,2,USR_009,3,STK_005,0.0,-0.0
38,2020-W39,2,USR_009,4,USR_005,-2.621e-09,0.9929
38,2020-W39,2,USR_009,5,STK_003,0.0,-0.2532
38,2020-W39,2,USR_009,6,USR_004,3.54e-10,-0.9905
38,2020-W39,2,USR_009,7,USR_007,1.99e-10,-0.9638
38,2020-W39,2,USR_009,8,STK_001,0.0,-0.0
38,2020-W39,2,USR_009,9,USR_008,4.65e-10,-0.9637
38,2020-W39,2,USR_009,10,USR_006,2.97e-10,-0.9881
38,2020-W39,2,USR_009,11,STK_002,0.0,-0.9903
38,2020-W39,2,USR_009,12,USR_002,3.56e-10,-0.9906
38,2020-W39,2,USR_009,13,USR_010,3.15e-10,-0.9963
38,2020-W39,2,USR_009,14,USR_001,0.0,-0.0
38,2020-W39,3,STK_005,0,STK_004,0.0,-0.0
38,2020-W39,3,STK_005,1,USR_003,0.0,-0.0
38,2020-W39,3,STK_005,2,USR_009,0.0,-0.0
38,2020-W39,3,STK_005,3,STK_005,0.0,1.0
38,2020-W39,3,STK_005,4,USR_005,-0.0,0.0
38,2020-W39,3,STK_005,5,STK_003,0.0,-0.0
38,2020-W39,3,STK_005,6,USR_004,0.0,-0.0
38,2020-W39,3,STK_005,7,USR_007,0.0,-0.0
38,2020-W39,3,STK_005,8,STK_001,0.0,-0.0
38,2020-W39,3,STK_005,9,USR_008,0.0,-0.0
38,2020-W39,3,STK_005,10,USR_006,0.0,-0.0
38,2020-W39,3,STK_005,11,STK_002,0.0,-0.0
38,2020-W39,3,STK_005,12,USR_002,0.0,-0.0
38,2020-W39,3,STK_005,13,USR_010,0.0,-0.0
38,2020-W39,3,STK_005,14,USR_001,0.0,-0.0
38,2020-W39,4,USR_005,0,STK_004,-0.0,1.0
38,2020-W39,4,USR_005,1,USR_003,-3.306e-09,0.9988
38,2020-W39,4,USR_005,2,USR_009,-2.618e-09,0.9919
38,2020-W39,4,USR_005,3,STK_005,0.0,-0.0
38,2020-W39,4,USR_005,4,USR_005,2.4547e-08,1.0
38,2020-W39,4,USR_005,5,STK_003,-0.0,0.255
38,2020-W39,4,USR_005,6,USR_004,-3.321e-09,0.999
38,2020-W39,4,USR_005,7,USR_007,-1.854e-09,0.9661
38,2020-W39,4,USR_005,8,STK_001,0.0,-0.0
38,2020-W39,4,USR_005,9,USR_008,-4.418e-09,0.9855
38,2020-W39,4,USR_005,10,USR_006,-2.776e-09,0.9943
38,2020-W39,4,USR_005,11,STK_002,-0.0,0.9984
38,2020-W39,4,USR_005,12,USR_002,-3.337e-09,0.9987
38,2020-W39,4,USR_005,13,USR_010,-2.919e-09,0.994
38,2020-W39,4,USR_005,14,USR_001,0.0,-0.0
38,2020-W39,5,STK_003,0,STK_004,0.0,-1.0
38,2020-W39,5,STK_003,1,USR_003,0.0,-1.0
38,2020-W39,5,STK_003,2,USR_009,0.0,-1.0
38,2020-W39,5,STK_003,3,STK_005,0.0,-0.0
38,2020-W39,5,STK_003,4,USR_005,-0.0,1.0
38,2020-W39,5,STK_003,5,STK_003,0.0,1.0
38,2020-W39,5,STK_003,6,USR_004,0.0,-1.0
38,2020-W39,5,STK_003,7,USR_007,0.0,-1.0
38,2020-W39,5,STK_003,8,STK_001,0.0,-0.0
38,2020-W39,5,STK_003,9,USR_008,0.0,-1.0
38,2020-W39,5,STK_003,10,USR_006,0.0,-1.0
38,2020-W39,5,STK_003,11,STK_002,0.0,-1.0
38,2020-W39,5,STK_003,12,USR_002,0.0,-1.0
38,2020-W39,5,STK_003,13,USR_010,0.0,-1.0
38,2020-W39,5,STK_003,14,USR_001,0.0,-0.0
38,2020-W39,6,USR_004,0,STK_004,0.0,-0.9998
38,2020-W39,6,USR_004,1,USR_003,4.48e-10,-1.0
38,2020-W39,6,USR_004,2,USR_009,3.54e-10,-0.9903
38,2020-W39,6,USR_004,3,STK_005,0.0,-0.0
38,2020-W39,6,USR_004,4,USR_005,-3.323e-09,0.9998
38,2020-W39,6,USR_004,5,STK_003,0.0,-0.255
38,2020-W39,6,USR_004,6,USR_004,4.5e-10,1.0
38,2020-W39,6,USR_004,7,USR_007,2.5e-10,-0.9631
38,2020-W39,6,USR_004,8,STK_001,0.0,-0.0
38,2020-W39,6,USR_004,9,USR_008,5.98e-10,-0.9855
38,2020-W39,6,USR_004,10,USR_006,3.75e-10,-0.993
38,2020-W39,6,USR_004,11,STK_002,0.0,-0.9996
38,2020-W39,6,USR_004,12,USR_002,4.52e-10,-0.9999
38,2020-W39,6,USR_004,13,USR_010,3.95e-10,-0.993
38,2020-W39,6,USR_004,14,USR_001,0.0,-0.0
38,2020-W39,7,USR_007,0,STK_004,0.0,-0.9674
38,2020-W39,7,USR_007,1,USR_003,2.49e-10,-0.9629
38,2020-W39,7,USR_007,2,USR_009,1.99e-10,-0.9641
38,2020-W39,7,USR_007,3,STK_005,0.0,-0.0
38,2020-W39,7,USR_007,4,USR_005,-1.856e-09,0.9674
38,2020-W39,7,USR_007,5,STK_003,0.0,-0.2466
38,2020-W39,7,USR_007,6,USR_004,2.5e-10,-0.9636
38,2020-W39,7,USR_007,7,USR_007,1.5e-10,1.0
38,2020-W39,7,USR_007,8,STK_001,0.0,-0.0
38,2020-W39,7,USR_007,9,USR_008,3.26e-10,-0.9298
38,2020-W39,7,USR_007,10,USR_006,2.1e-10,-0.964
38,2020-W39,7,USR_007,11,STK_002,0.0,-0.9619
38,2020-W39,7,USR_007,12,USR_002,2.51e-10,-0.9622
38,2020-W39,7,USR_007,13,USR_010,2.2e-10,-0.9603
38,2020-W39,7,USR_007,14,USR_001,0.0,-0.0
38,2020-W39,8,STK_001,0,STK_004,-0.0,0.0
38,2020-W39,8,STK_001,1,USR_003,-0.0,0.0
38,2020-W39,8,STK_001,2,USR_009,-0.0,0.0
38,2020-W39,8,STK_001,3,STK_005,0.0,-0.0
38,2020-W39,8,STK_001,4,USR_005,0.0,-0.0
38,2020-W39,8,STK_001,5,STK_003,-0.0,0.0
38,2020-W39,8,STK_001,6,USR_004,-0.0,0.0
38,2020-W39,8,STK_001,7,USR_007,-0.0,0.0
38,2020-W39,8,STK_001,8,STK_001,0.0,1.0
38,2020-W39,8,STK_001,9,USR_008,-0.0,0.0
38,2020-W39,8,STK_001,10,USR_006,-0.0,0.0
38,2020-W39,8,STK_001,11,STK_002,-0.0,0.0
38,2020-W39,8,STK_001,12,USR_002,-0.0,0.0
38,2020-W39,8,STK_001,13,USR_010,-0.0,0.0
38,2020-W39,8,STK_001,14,USR_001,0.0,-0.0
38,2020-W39,9,USR_008,0,STK_004,0.0,-0.9859
38,2020-W39,9,USR_008,1,USR_003,5.95e-10,-0.985
38,2020-W39,9,USR_008,2,USR_009,4.64e-10,-0.9634
38,2020-W39,9,USR_008,3,STK_005,0.0,-0.0
38,2020-W39,9,USR_008,4,USR_005,-4.42e-09,0.9861
38,2020-W39,9,USR_008,5,STK_003,0.0,-0.2516
38,2020-W39,9,USR_008,6,USR_004,5.98e-10,-0.9853
38,2020-W39,9,USR_008,7,USR_007,3.26e-10,-0.9291
38,2020-W39,9,USR_008,8,STK_001,0.0,-0.0
38,2020-W39,9,USR_008,9,USR_008,8.19e-10,1.0
38,2020-W39,9,USR_008,10,USR_006,4.97e-10,-0.9758
38,2020-W39,9,USR_008,11,STK_002,0.0,-0.9845
38,2020-W39,9,USR_008,12,USR_002,6.01e-10,-0.9848
38,2020-W39,9,USR_008,13,USR_010,5.2e-10,-0.9697
38,2020-W39,9,USR_008,14,USR_001,0.0,-0.0
38,2020-W39,10,USR_006,0,STK_004,0.0,-0.9953
38,2020-W39,10,USR_006,1,USR_003,3.74e-10,-0.9925
38,2020-W39,10,USR_006,2,USR_009,2.97e-10,-0.9881
38,2020-W39,10,USR_006,3,STK_005,0.0,-0.0
38,2020-W39,10,USR_006,4,USR_005,-2.778e-09,0.9952
38,2020-W39,10,USR_006,5,STK_003,0.0,-0.2538
38,2020-W39,10,USR_006,6,USR_004,3.75e-10,-0.9931
38,2020-W39,10,USR_006,7,USR_007,2.1e-10,-0.9636
38,2020-W39,10,USR_006,8,STK_001,0.0,-0.0
38,2020-W39,10,USR_006,9,USR_008,4.98e-10,-0.9762
38,2020-W39,10,USR_006,10,USR_006,3.17e-10,1.0
38,2020-W39,10,USR_006,11,STK_002,0.0,-0.9922
38,2020-W39,10,USR_006,12,USR_002,3.77e-10,-0.9925
38,2020-W39,10,USR_006,13,USR_010,3.3e-10,-0.9887
38,2020-W39,10,USR_006,14,USR_001,0.0,-0.0
38,2020-W39,11,STK_002,0,STK_004,0.0,-0.9999
38,2020-W39,11,STK_002,1,USR_003,0.0,-1.0
38,2020-W39,11,STK_002,2,USR_009,0.0,-0.9907
38,2020-W39,11,STK_002,3,STK_005,0.0,-0.0
38,2020-W39,11,STK_002,4,USR_005,-0.0,0.9999
38,2020-W39,11,STK_002,5,STK_003,0.0,-0.255
38,2020-W39,11,STK_002,6,USR_004,0.0,-1.0
38,2020-W39,11,STK_002,7,USR_007,0.0,-0.9619
38,2020-W39,11,STK_002,8,STK_001,0.0,-0.0
38,2020-W39,11,STK_002,9,USR_008,0.0,-0.9853
38,2020-W39,11,STK_002,10,USR_006,0.0,-0.9927
38,2020-W39,11,STK_002,11,STK_002,0.0,1.0
38,2020-W39,11,STK_002,12,USR_002,0.0,-1.0
38,2020-W39,11,STK_002,13,USR_010,0.0,-0.9934
38,2020-W39,11,STK_002,14,USR_001,0.0,-0.0
38,2020-W39,12,USR_002,0,STK_004,0.0,-0.9995
38,2020-W39,12,USR_002,1,USR_003,4.5e-10,-1.0
38,2020-W39,12,USR_002,2,USR_009,3.56e-10,-0.9904
38,2020-W39,12,USR_002,3,STK_005,0.0,-0.0
38,2020-W39,12,USR_002,4,USR_005,-3.339e-09,0.9995
38,2020-W39,12,USR_002,5,STK_003,0.0,-0.2549
38,2020-W39,12,USR_002,6,USR_004,4.52e-10,-0.9999
38,2020-W39,12,USR_002,7,USR_007,2.51e-10,-0.9616
38,2020-W39,12,USR_002,8,STK_001,0.0,-0.0
38,2020-W39,12,USR_002,9,USR_008,6.01e-10,-0.985
38,2020-W39,12,USR_002,10,USR_006,3.77e-10,-0.9924
38,2020-W39,12,USR_002,11,STK_002,0.0,-0.9997
38,2020-W39,12,USR_002,12,USR_002,4.55e-10,1.0
38,2020-W39,12,USR_002,13,USR_010,3.97e-10,-0.9931
38,2020-W39,12,USR_002,14,USR_001,0.0,-0.0
38,2020-W39,13,USR_010,0,STK_004,0.0,-0.995
38,2020-W39,13,USR_010,1,USR_003,3.93e-10,-0.9932
38,2020-W39,13,USR_010,2,USR_009,3.15e-10,-0.9962
38,2020-W39,13,USR_010,3,STK_005,0.0,-0.0
38,2020-W39,13,USR_010,4,USR_005,-2.921e-09,0.9949
38,2020-W39,13,USR_010,5,STK_003,0.0,-0.2537
38,2020-W39,13,USR_010,6,USR_004,3.95e-10,-0.9931
38,2020-W39,13,USR_010,7,USR_007,2.2e-10,-0.9599
38,2020-W39,13,USR_010,8,STK_001,0.0,-0.0
38,2020-W39,13,USR_010,9,USR_008,5.2e-10,-0.97
38,2020-W39,13,USR_010,10,USR_006,3.3e-10,-0.9887
38,2020-W39,13,USR_010,11,STK_002,0.0,-0.9928
38,2020-W39,13,USR_010,12,USR_002,3.97e-10,-0.9932
38,2020-W39,13,USR_010,13,USR_010,3.51e-10,1.0
38,2020-W39,13,USR_010,14,USR_001,0.0,-0.0
38,2020-W39,14,USR_001,0,STK_004,0.0,-0.0
38,2020-W39,14,USR_001,1,USR_003,0.0,-0.0
38,2020-W39,14,USR_001,2,USR_009,0.0,-0.0
38,2020-W39,14,USR_001,3,STK_005,0.0,-0.0
38,2020-W39,14,USR_001,4,USR_005,0.0,-0.0
38,2020-W39,14,USR_001,5,STK_003,0.0,-0.0
38,2020-W39,14,USR_001,6,USR_004,0.0,-0.0
38,2020-W39,14,USR_001,7,USR_007,0.0,-0.0
38,2020-W39,14,USR_001,8,STK_001,0.0,-0.0
38,2020-W39,14,USR_001,9,USR_008,0.0,-0.0
38,2020-W39,14,USR_001,10,USR_006,0.0,-0.0
38,2020-W39,14,USR_001,11,STK_002,0.0,-0.0
38,2020-W39,14,USR_001,12,USR_002,0.0,-0.0
38,2020-W39,14,USR_001,13,USR_010,0.0,-0.0
38,2020-W39,14,USR_001,14,USR_001,0.0,1.0
39,2020-W40,0,STK_004,0,STK_004,0.0,1.0
39,2020-W40,0,STK_004,1,USR_003,-0.0,0.6689
39,2020-W40,0,STK_004,2,USR_009,-0.0,0.291
39,2020-W40,0,STK_004,3,STK_005,0.0,-0.0
39,2020-W40,0,STK_004,4,USR_005,0.0,-0.9427
39,2020-W40,0,STK_004,5,STK_003,-0.0,0.8136
39,2020-W40,0,STK_004,6,USR_004,-0.0,0.7475
39,2020-W40,0,STK_004,7,USR_007,0.0,-0.0888
39,2020-W40,0,STK_004,8,STK_001,0.0,-0.0
39,2020-W40,0,STK_004,9,USR_008,-0.0,0.5631
39,2020-W40,0,STK_004,10,USR_006,-0.0,0.7405
39,2020-W40,0,STK_004,11,STK_002,-0.0,0.6598
39,2020-W40,0,STK_004,12,USR_002,-0.0,0.6598
39,2020-W40,0,STK_004,13,USR_010,-0.0,0.3439
39,2020-W40,0,STK_004,14,USR_001,0.0,-0.0
39,2020-W40,1,USR_003,0,STK_004,-0.0,0.6689
39,2020-W40,1,USR_003,1,USR_003,1e-12,1.0
39,2020-W40,1,USR_003,2,USR_009,1e-12,-0.2548
39,2020-W40,1,USR_003,3,STK_005,0.0,-0.0
39,2020-W40,1,USR_003,4,USR_005,-7e-12,0.7069
39,2020-W40,1,USR_003,5,STK_003,0.0,-0.6252
39,2020-W40,1,USR_003,6,USR_004,1e-12,-0.9804
39,2020-W40,1,USR_003,7,USR_007,-0.0,0.031
39,2020-W40,1,USR_003,8,STK_001,0.0,-0.0
39,2020-W40,1,USR_003,9,USR_008,1e-12,-0.1187
39,2020-W40,1,USR_003,10,USR_006,2e-12,-0.4781
39,2020-W40,1,USR_003,11,STK_002,0.0,-0.9929
39,2020-W40,1,USR_003,12,USR_002,1e-12,-0.9929
39,2020-W40,1,USR_003,13,USR_010,1e-12,-0.2946
39,2020-W40,1,USR_003,14,USR_001,0.0,-0.0
39,2020-W40,2,USR_009,0,STK_004,-0.0,0.291
39,2020-W40,2,USR_009,1,USR_003,1e-12,-0.2548
39,2020-W40,2,USR_009,2,USR_009,6e-12,1.0
39,2020-W40,2,USR_009,3,STK_005,0.0,-0.0
39,2020-W40,2,USR_009,4,USR_005,-1.1e-11,0.5065
39,2020-W40,2,USR_009,5,STK_003,0.0,-0.512
39,2020-W40,2,USR_009,6,USR_004,1e-12,-0.2467
39,2020-W40,2,USR_009,7,USR_007,2e-12,-0.2155
39,2020-W40,2,USR_009,8,STK_001,0.0,-0.0
39,2020-W40,2,USR_009,9,USR_008,-6e-12,0.4599
39,2020-W40,2,USR_009,10,USR_006,3e-12,-0.3593
39,2020-W40,2,USR_009,11,STK_002,0.0,-0.2597
39,2020-W40,2,USR_009,12,USR_002,1e-12,-0.2597
39,2020-W40,2,USR_009,13,USR_010,4e-12,-0.794
39,2020-W40,2,USR_009,14,USR_001,0.0,-0.0
39,2020-W40,3,STK_005,0,STK_004,-0.0,0.0
39,2020-W40,3,STK_005,1,USR_003,0.0,-0.0
39,2020-W40,3,STK_005,2,USR_009,0.0,-0.0
39,2020-W40,3,STK_005,3,STK_005,0.0,1.0
39,2020-W40,3,STK_005,4,USR_005,-0.0,0.0
39,2020-W40,3,STK_005,5,STK_003,0.0,-0.0
39,2020-W40,3,STK_005,6,USR_004,0.0,-0.0
39,2020-W40,3,STK_005,7,USR_007,0.0,-0.0
39,2020-W40,3,STK_005,8,STK_001,0.0,-0.0
39,2020-W40,3,STK_005,9,USR_008,0.0,-0.0
39,2020-W40,3,STK_005,10,USR_006,0.0,-0.0
39,2020-W40,3,STK_005,11,STK_002,0.0,-0.0
39,2020-W40,3,STK_005,12,USR_002,0.0,-0.0
39,2020-W40,3,STK_005,13,USR_010,0.0,-0.0
39,2020-W40,3,STK_005,14,USR_001,0.0,-0.0
39,2020-W40,4,USR_005,0,STK_004,0.0,-0.9427
39,2020-W40,4,USR_005,1,USR_003,-7e-12,0.7069
39,2020-W40,4,USR_005,2,USR_009,-1.1e-11,0.5065
39,2020-W40,4,USR_005,3,STK_005,0.0,-0.0
39,2020-W40,4,USR_005,4,USR_005,8.3e-11,1.0
39,2020-W40,4,USR_005,5,STK_003,-0.0,0.9166
39,2020-W40,4,USR_005,6,USR_004,-8e-12,0.7813
39,2020-W40,4,USR_005,7,USR_007,-5e-12,0.1546
39,2020-W40,4,USR_005,8,STK_001,0.0,-0.0
39,2020-W40,4,USR_005,9,USR_008,-1.2e-11,0.2636
39,2020-W40,4,USR_005,10,USR_006,-2.4e-11,0.7919
39,2020-W40,4,USR_005,11,STK_002,-0.0,0.6921
39,2020-W40,4,USR_005,12,USR_002,-7e-12,0.6921
39,2020-W40,4,USR_005,13,USR_010,-1.1e-11,0.5093
39,2020-W40,4,USR_005,14,USR_001,0.0,-0.0
39,2020-W40,5,STK_003,0,STK_004,-0.0,0.9574
39,2020-W40,5,STK_003,1,USR_003,0.0,-0.7267
39,2020-W40,5,STK_003,2,USR_009,0.0,-0.5747
39,2020-W40,5,STK_003,3,STK_005,0.0,-0.0
39,2020-W40,5,STK_003,4,USR_005,-0.0,1.0
39,2020-W40,5,STK_003,5,STK_003,0.0,1.0
39,2020-W40,5,STK_003,6,USR_004,0.0,-0.8086
39,2020-W40,5,STK_003,7,USR_007,0.0,-0.3118
39,2020-W40,5,STK_003,8,STK_001,0.0,-0.0
39,2020-W40,5,STK_003,9,USR_008,0.0,-0.1741
39,2020-W40,5,STK_003,10,USR_006,0.0,-0.8295
39,2020-W40,5,STK_003,11,STK_002,0.0,-0.7042
39,2020-W40,5,STK_003,12,USR_002,0.0,-0.7042
39,2020-W40,5,STK_003,13,USR_010,0.0,-0.556
39,2020-W40,5,STK_003,14,USR_001,0.0,-0.0
39,2020-W40,6,USR_004,0,STK_004,-0.0,0.7475
39,2020-W40,6,USR_004,1,USR_003,1e-12,-0.9804
39,2020-W40,6,USR_004,2,USR_009,1e-12,-0.2467
39,2020-W40,6,USR_004,3,STK_005,0.0,-0.0
39,2020-W40,6,USR_004,4,USR_005,-8e-12,0.7813
39,2020-W40,6,USR_004,5,STK_003,0.0,-0.6956
39,2020-W40,6,USR_004,6,USR_004,1e-12,1.0
39,2020-W40,6,USR_004,7,USR_007,-0.0,0.0009
39,2020-W40,6,USR_004,8,STK_001,0.0,-0.0
39,2020-W40,6,USR_004,9,USR_008,1e-12,-0.1802
39,2020-W40,6,USR_004,10,USR_006,2e-12,-0.5753
39,2020-W40,6,USR_004,11,STK_002,0.0,-0.9757
39,2020-W40,6,USR_004,12,USR_002,1e-12,-0.9757
39,2020-W40,6,USR_004,13,USR_010,1e-12,-0.2863
39,2020-W40,6,USR_004,14,USR_001,0.0,-0.0
39,2020-W40,7,USR_007,0,STK_004,0.0,-0.0888
39,2020-W40,7,USR_007,1,USR_003,-0.0,0.031
39,2020-W40,7,USR_007,2,USR_009,2e-12,-0.2155
39,2020-W40,7,USR_007,3,STK_005,0.0,-0.0
39,2020-W40,7,USR_007,4,USR_005,-5e-12,0.1546
39,2020-W40,7,USR_007,5,STK_003,0.0,-0.3088
39,2020-W40,7,USR_007,6,USR_004,-0.0,0.0009
39,2020-W40,7,USR_007,7,USR_007,1.3e-11,1.0
39,2020-W40,7,USR_007,8,STK_001,0.0,-0.0
39,2020-W40,7,USR_007,9,USR_008,-9e-12,0.4916
39,2020-W40,7,USR_007,10,USR_006,-1e-12,0.0569
39,2020-W40,7,USR_007,11,STK_002,-0.0,0.0875
39,2020-W40,7,USR_007,12,USR_002,-0.0,0.0875
39,2020-W40,7,USR_007,13,USR_010,0.0,-0.06
39,2020-W40,7,USR_007,14,USR_001,0.0,-0.0
39,2020-W40,8,STK_001,0,STK_004,0.0,-0.0
39,2020-W40,8,STK_001,1,USR_003,0.0,-0.0
39,2020-W40,8,STK_001,2,USR_009,0.0,-0.0
39,2020-W40,8,STK_001,3,STK_005,0.0,-0.0
39,2020-W40,8,STK_001,4,USR_005,0.0,-0.0
39,2020-W40,8,STK_001,5,STK_003,0.0,-0.0
39,2020-W40,8,STK_001,6,USR_004,0.0,-0.0
39,2020-W40,8,STK_001,7,USR_007,0.0,-0.0
39,2020-W40,8,STK_001,8,STK_001,0.0,1.0
39,2020-W40,8,STK_001,9,USR_008,0.0,-0.0
39,2020-W40,8,STK_001,10,USR_006,0.0,-0.0
39,2020-W40,8,STK_001,11,STK_002,0.0,-0.0
39,2020-W40,8,STK_001,12,USR_002,0.0,-0.0
39,2020-W40,8,STK_001,13,USR_010,0.0,-0.0
39,2020-W40,8,STK_001,14,USR_001,0.0,-0.0
39,2020-W40,9,USR_008,0,STK_004,-0.0,0.5631
39,2020-W40,9,USR_008,1,USR_003,1e-12,-0.1187
39,2020-W40,9,USR_008,2,USR_009,-6e-12,0.4599
39,2020-W40,9,USR_008,3,STK_005,0.0,-0.0
39,2020-W40,9,USR_008,4,USR_005,-1.2e-11,0.2636
39,2020-W40,9,USR_008,5,STK_003,0.0,-0.116
39,2020-W40,9,USR_008,6,USR_004,1e-12,-0.1802
39,2020-W40,9,USR_008,7,USR_007,-9e-12,0.4916
39,2020-W40,9,USR_008,8,STK_001,0.0,-0.0
39,2020-W40,9,USR_008,9,USR_008,2.5e-11,1.0
39,2020-W40,9,USR_008,10,USR_006,3e-12,-0.1778
39,2020-W40,9,USR_008,11,STK_002,0.0,-0.1184
39,2020-W40,9,USR_008,12,USR_002,1e-12,-0.1184
39,2020-W40,9,USR_008,13,USR_010,-4e-12,0.3555
39,2020-W40,9,USR_008,14,USR_001,0.0,-0.0
39,2020-W40,10,USR_006,0,STK_004,-0.0,0.7405
39,2020-W40,10,USR_006,1,USR_003,2e-12,-0.4781
39,2020-W40,10,USR_006,2,USR_009,3e-12,-0.3593
39,2020-W40,10,USR_006,3,STK_005,0.0,-0.0
39,2020-W40,10,USR_006,4,USR_005,-2.4e-11,0.7919
39,2020-W40,10,USR_006,5,STK_003,0.0,-0.7111
39,2020-W40,10,USR_006,6,USR_004,2e-12,-0.5753
39,2020-W40,10,USR_006,7,USR_007,-1e-12,0.0569
39,2020-W40,10,USR_006,8,STK_001,0.0,-0.0
39,2020-W40,10,USR_006,9,USR_008,3e-12,-0.1778
39,2020-W40,10,USR_006,10,USR_006,1.1e-11,1.0
39,2020-W40,10,USR_006,11,STK_002,0.0,-0.4948
39,2020-W40,10,USR_006,12,USR_002,2e-12,-0.4948
39,2020-W40,10,USR_006,13,USR_010,3e-12,-0.3435
39,2020-W40,10,USR_006,14,USR_001,0.0,-0.0
39,2020-W40,11,STK_002,0,STK_004,-0.0,0.6598
39,2020-W40,11,STK_002,1,USR_003,0.0,-0.9929
39,2020-W40,11,STK_002,2,USR_009,0.0,-0.2597
39,2020-W40,11,STK_002,3,STK_005,0.0,-0.0
39,2020-W40,11,STK_002,4,USR_005,-0.0,0.6921
39,2020-W40,11,STK_002,5,STK_003,0.0,-0.6041
39,2020-W40,11,STK_002,6,USR_004,0.0,-0.9757
39,2020-W40,11,STK_002,7,USR_007,-0.0,0.0875
39,2020-W40,11,STK_002,8,STK_001,0.0,-0.0
39,2020-W40,11,STK_002,9,USR_008,0.0,-0.1184
39,2020-W40,11,STK_002,10,USR_006,0.0,-0.4948
39,2020-W40,11,STK_002,11,STK_002,0.0,1.0
39,2020-W40,11,STK_002,12,USR_002,0.0,-1.0
39,2020-W40,11,STK_002,13,USR_010,0.0,-0.2972
39,2020-W40,11,STK_002,14,USR_001,0.0,-0.0
39,2020-W40,12,USR_002,0,STK_004,-0.0,0.6598
39,2020-W40,12,USR_002,1,USR_003,1e-12,-0.9929
39,2020-W40,12,USR_002,2,USR_009,1e-12,-0.2597
39,2020-W40,12,USR_002,3,STK_005,0.0,-0.0
39,2020-W40,12,USR_002,4,USR_005,-7e-12,0.6921
39,2020-W40,12,USR_002,5,STK_003,0.0,-0.6041
39,2020-W40,12,USR_002,6,USR_004,1e-12,-0.9757
39,2020-W40,12,USR_002,7,USR_007,-0.0,0.0875
39,2020-W40,12,USR_002,8,STK_001,0.0,-0.0
39,2020-W40,12,USR_002,9,USR_008,1e-12,-0.1184
39,2020-W40,12,USR_002,10,USR_006,2e-12,-0.4948
39,2020-W40,12,USR_002,11,STK_002,0.0,-1.0
39,2020-W40,12,USR_002,12,USR_002,1e-12,1.0
39,2020-W40,12,USR_002,13,USR_010,1e-12,-0.2972
39,2020-W40,12,USR_002,14,USR_001,0.0,-0.0
39,2020-W40,13,USR_010,0,STK_004,-0.0,0.3439
39,2020-W40,13,USR_010,1,USR_003,1e-12,-0.2946
39,2020-W40,13,USR_010,2,USR_009,4e-12,-0.794
39,2020-W40,13,USR_010,3,STK_005,0.0,-0.0
39,2020-W40,13,USR_010,4,USR_005,-1.1e-11,0.5093
39,2020-W40,13,USR_010,5,STK_003,0.0,-0.4897
39,2020-W40,13,USR_010,6,USR_004,1e-12,-0.2863
39,2020-W40,13,USR_010,7,USR_007,0.0,-0.06
39,2020-W40,13,USR_010,8,STK_001,0.0,-0.0
39,2020-W40,13,USR_010,9,USR_008,-4e-12,0.3555
39,2020-W40,13,USR_010,10,USR_006,3e-12,-0.3435
39,2020-W40,13,USR_010,11,STK_002,0.0,-0.2972
39,2020-W40,13,USR_010,12,USR_002,1e-12,-0.2972
39,2020-W40,13,USR_010,13,USR_010,5e-12,1.0
39,2020-W40,13,USR_010,14,USR_001,0.0,-0.0
39,2020-W40,14,USR_001,0,STK_004,0.0,-0.0
39,2020-W40,14,USR_001,1,USR_003,0.0,-0.0
39,2020-W40,14,USR_001,2,USR_009,0.0,-0.0
39,2020-W40,14,USR_001,3,STK_005,0.0,-0.0
39,2020-W40,14,USR_001,4,USR_005,0.0,-0.0
39,2020-W40,14,USR_001,5,STK_003,0.0,-0.0
39,2020-W40,14,USR_001,6,USR_004,0.0,-0.0
39,2020-W40,14,USR_001,7,USR_007,0.0,-0.0
39,2020-W40,14,USR_001,8,STK_001,0.0,-0.0
39,2020-W40,14,USR_001,9,USR_008,0.0,-0.0
39,2020-W40,14,USR_001,10,USR_006,0.0,-0.0
39,2020-W40,14,USR_001,11,STK_002,0.0,-0.0
39,2020-W40,14,USR_001,12,USR_002,0.0,-0.0
39,2020-W40,14,USR_001,13,USR_010,0.0,-0.0
39,2020-W40,14,USR_001,14,USR_001,0.0,1.0
40,2020-W41,0,STK_004,0,STK_004,0.0,1.0
40,2020-W41,0,STK_004,1,USR_003,-0.0,0.5298
40,2020-W41,0,STK_004,2,USR_009,-0.0,0.5776
40,2020-W41,0,STK_004,3,STK_005,0.0,-0.0
40,2020-W41,0,STK_004,4,USR_005,0.0,-0.8208
40,2020-W41,0,STK_004,5,STK_003,-0.0,0.4542
40,2020-W41,0,STK_004,6,USR_004,-0.0,0.5175
40,2020-W41,0,STK_004,7,USR_007,-0.0,0.0645
40,2020-W41,0,STK_004,8,STK_001,0.0,-0.0
40,2020-W41,0,STK_004,9,USR_008,0.0,-0.0512
40,2020-W41,0,STK_004,10,USR_006,-0.0,0.2019
40,2020-W41,0,STK_004,11,STK_002,-0.0,0.5041
40,2020-W41,0,STK_004,12,USR_002,-0.0,0.5041
40,2020-W41,0,STK_004,13,USR_010,-0.0,0.7156
40,2020-W41,0,STK_004,14,USR_001,0.0,-0.0
40,2020-W41,1,USR_003,0,STK_004,-0.0,0.5298
40,2020-W41,1,USR_003,1,USR_003,1e-12,1.0
40,2020-W41,1,USR_003,2,USR_009,1e-12,-0.3134
40,2020-W41,1,USR_003,3,STK_005,0.0,-0.0
40,2020-W41,1,USR_003,4,USR_005,-3e-12,0.5781
40,2020-W41,1,USR_003,5,STK_003,0.0,-0.4372
40,2020-W41,1,USR_003,6,USR_004,1e-12,-0.9836
40,2020-W41,1,USR_003,7,USR_007,0.0,-0.0678
40,2020-W41,1,USR_003,8,STK_001,0.0,-0.0
40,2020-W41,1,USR_003,9,USR_008,-1e-12,0.3948
40,2020-W41,1,USR_003,10,USR_006,0.0,-0.192
40,2020-W41,1,USR_003,11,STK_002,0.0,-0.99
40,2020-W41,1,USR_003,12,USR_002,1e-12,-0.99
40,2020-W41,1,USR_003,13,USR_010,1e-12,-0.3599
40,2020-W41,1,USR_003,14,USR_001,0.0,-0.0
40,2020-W41,2,USR_009,0,STK_004,-0.0,0.5776
40,2020-W41,2,USR_009,1,USR_003,1e-12,-0.3134
40,2020-W41,2,USR_009,2,USR_009,6e-12,1.0
40,2020-W41,2,USR_009,3,STK_005,0.0,-0.0
40,2020-W41,2,USR_009,4,USR_005,-1.2e-11,0.7836
40,2020-W41,2,USR_009,5,STK_003,0.0,-0.7512
40,2020-W41,2,USR_009,6,USR_004,1e-12,-0.3282
40,2020-W41,2,USR_009,7,USR_007,2e-12,-0.2509
40,2020-W41,2,USR_009,8,STK_001,0.0,-0.0
40,2020-W41,2,USR_009,9,USR_008,-6e-12,0.6439
40,2020-W41,2,USR_009,10,USR_006,3e-12,-0.4227
40,2020-W41,2,USR_009,11,STK_002,0.0,-0.3136
40,2020-W41,2,USR_009,12,USR_002,1e-12,-0.3136
40,2020-W41,2,USR_009,13,USR_010,4e-12,-0.7987
40,2020-W41,2,USR_009,14,USR_001,0.0,-0.0
40,2020-W41,3,STK_005,0,STK_004,-0.0,0.0
40,2020-W41,3,STK_005,1,USR_003,0.0,-0.0
40,2020-W41,3,STK_005,2,USR_009,0.0,-0.0
40,2020-W41,3,STK_005,3,STK_005,0.0,1.0
40,2020-W41,3,STK_005,4,USR_005,-0.0,0.0
40,2020-W41,3,STK_005,5,STK_003,0.0,-0.0
40,2020-W41,3,STK_005,6,USR_004,0.0,-0.0
40,2020-W41,3,STK_005,7,USR_007,0.0,-0.0
40,2020-W41,3,STK_005,8,STK_001,0.0,-0.0
40,2020-W41,3,STK_005,9,USR_008,-0.0,0.0
40,2020-W41,3,STK_005,10,USR_006,0.0,-0.0
40,2020-W41,3,STK_005,11,STK_002,0.0,-0.0
40,2020-W41,3,STK_005,12,USR_002,0.0,-0.0
40,2020-W41,3,STK_005,13,USR_010,0.0,-0.0
40,2020-W41,3,STK_005,14,USR_001,0.0,-0.0
40,2020-W41,4,USR_005,0,STK_004,0.0,-0.8208
40,2020-W41,4,USR_005,1,USR_003,-3e-12,0.5781
40,2020-W41,4,USR_005,2,USR_009,-1.2e-11,0.7836
40,2020-W41,4,USR_005,3,STK_005,0.0,-0.0
40,2020-W41,4,USR_005,4,USR_005,3.7e-11,1.0
40,2020-W41,4,USR_005,5,STK_003,-0.0,0.8648
40,2020-W41,4,USR_005,6,USR_004,-3e-12,0.6142
40,2020-W41,4,USR_005,7,USR_007,-9e-12,0.4027
40,2020-W41,4,USR_005,8,STK_001,0.0,-0.0
40,2020-W41,4,USR_005,9,USR_008,1.3e-11,-0.5667
40,2020-W41,4,USR_005,10,USR_006,-8e-12,0.549
40,2020-W41,4,USR_005,11,STK_002,-0.0,0.5527
40,2020-W41,4,USR_005,12,USR_002,-3e-12,0.5527
40,2020-W41,4,USR_005,13,USR_010,-1.1e-11,0.7923
40,2020-W41,4,USR_005,14,USR_001,0.0,-0.0
40,2020-W41,5,STK_003,0,STK_004,-0.0,0.3393
40,2020-W41,5,STK_003,1,USR_003,0.0,-0.3364
40,2020-W41,5,STK_003,2,USR_009,0.0,-0.5908
40,2020-W41,5,STK_003,3,STK_005,0.0,-0.0
40,2020-W41,5,STK_003,4,USR_005,-0.0,0.6819
40,2020-W41,5,STK_003,5,STK_003,0.0,1.0
40,2020-W41,5,STK_003,6,USR_004,0.0,-0.3821
40,2020-W41,5,STK_003,7,USR_007,0.0,-0.7944
40,2020-W41,5,STK_003,8,STK_001,0.0,-0.0
40,2020-W41,5,STK_003,9,USR_008,-0.0,0.7521
40,2020-W41,5,STK_003,10,USR_006,0.0,-0.2134
40,2020-W41,5,STK_003,11,STK_002,0.0,-0.287
40,2020-W41,5,STK_003,12,USR_002,0.0,-0.287
40,2020-W41,5,STK_003,13,USR_010,0.0,-0.482
40,2020-W41,5,STK_003,14,USR_001,0.0,-0.0
40,2020-W41,6,USR_004,0,STK_004,-0.0,0.5175
40,2020-W41,6,USR_004,1,USR_003,1e-12,-0.9836
40,2020-W41,6,USR_004,2,USR_009,1e-12,-0.3282
40,2020-W41,6,USR_004,3,STK_005,0.0,-0.0
40,2020-W41,6,USR_004,4,USR_005,-3e-12,0.6142
40,2020-W41,6,USR_004,5,STK_003,0.0,-0.4931
40,2020-W41,6,USR_004,6,USR_004,1e-12,1.0
40,2020-W41,6,USR_004,7,USR_007,0.0,-0.1169
40,2020-W41,6,USR_004,8,STK_001,0.0,-0.0
40,2020-W41,6,USR_004,9,USR_008,-1e-12,0.4534
40,2020-W41,6,USR_004,10,USR_006,1e-12,-0.2629
40,2020-W41,6,USR_004,11,STK_002,0.0,-0.9779
40,2020-W41,6,USR_004,12,USR_002,1e-12,-0.9779
40,2020-W41,6,USR_004,13,USR_010,1e-12,-0.3807
40,2020-W41,6,USR_004,14,USR_001,0.0,-0.0
40,2020-W41,7,USR_007,0,STK_004,-0.0,0.0645
40,2020-W41,7,USR_007,1,USR_003,0.0,-0.0678
40,2020-W41,7,USR_007,2,USR_009,2e-12,-0.2509
40,2020-W41,7,USR_007,3,STK_005,0.0,-0.0
40,2020-W41,7,USR_007,4,USR_005,-9e-12,0.4027
40,2020-W41,7,USR_007,5,STK_003,0.0,-0.9061
40,2020-W41,7,USR_007,6,USR_004,0.0,-0.1169
40,2020-W41,7,USR_007,7,USR_007,1.3e-11,1.0
40,2020-W41,7,USR_007,8,STK_001,0.0,-0.0
40,2020-W41,7,USR_007,9,USR_008,-8e-12,0.581
40,2020-W41,7,USR_007,10,USR_006,-0.0,0.0325
40,2020-W41,7,USR_007,11,STK_002,-0.0,0.0051
40,2020-W41,7,USR_007,12,USR_002,-0.0,0.0051
40,2020-W41,7,USR_007,13,USR_010,1e-12,-0.0955
40,2020-W41,7,USR_007,14,USR_001,0.0,-0.0
40,2020-W41,8,STK_001,0,STK_004,0.0,-0.0
40,2020-W41,8,STK_001,1,USR_003,0.0,-0.0
40,2020-W41,8,STK_001,2,USR_009,0.0,-0.0
40,2020-W41,8,STK_001,3,STK_005,0.0,-0.0
40,2020-W41,8,STK_001,4,USR_005,0.0,-0.0
40,2020-W41,8,STK_001,5,STK_003,0.0,-0.0
40,2020-W41,8,STK_001,6,USR_004,0.0,-0.0
40,2020-W41,8,STK_001,7,USR_007,0.0,-0.0
40,2020-W41,8,STK_001,8,STK_001,0.0,1.0
40,2020-W41,8,STK_001,9,USR_008,0.0,-0.0
40,2020-W41,8,STK_001,10,USR_006,0.0,-0.0
40,2020-W41,8,STK_001,11,STK_002,0.0,-0.0
40,2020-W41,8,STK_001,12,USR_002,0.0,-0.0
40,2020-W41,8,STK_001,13,USR_010,0.0,-0.0
40,2020-W41,8,STK_001,14,USR_001,0.0,-0.0
40,2020-W41,9,USR_008,0,STK_004,0.0,-0.0512
40,2020-W41,9,USR_008,1,USR_003,-1e-12,0.3948
40,2020-W41,9,USR_008,2,USR_009,-6e-12,0.6439
40,2020-W41,9,USR_008,3,STK_005,0.0,-0.0
40,2020-W41,9,USR_008,4,USR_005,1.3e-11,-0.5667
40,2020-W41,9,USR_008,5,STK_003,-0.0,0.9108
40,2020-W41,9,USR_008,6,USR_004,-1e-12,0.4534
40,2020-W41,9,USR_008,7,USR_007,-8e-12,0.581
40,2020-W41,9,USR_008,8,STK_001,0.0,-0.0
40,2020-W41,9,USR_008,9,USR_008,1.3e-11,1.0
40,2020-W41,9,USR_008,10,USR_006,-4e-12,0.4583
40,2020-W41,9,USR_008,11,STK_002,-0.0,0.3869
40,2020-W41,9,USR_008,12,USR_002,-1e-12,0.3869
40,2020-W41,9,USR_008,13,USR_010,-4e-12,0.4955
40,2020-W41,9,USR_008,14,USR_001,0.0,-0.0
40,2020-W41,10,USR_006,0,STK_004,-0.0,0.2019
40,2020-W41,10,USR_006,1,USR_003,0.0,-0.192
40,2020-W41,10,USR_006,2,USR_009,3e-12,-0.4227
40,2020-W41,10,USR_006,3,STK_005,0.0,-0.0
40,2020-W41,10,USR_006,4,USR_005,-8e-12,0.549
40,2020-W41,10,USR_006,5,STK_003,0.0,-0.3236
40,2020-W41,10,USR_006,6,USR_004,1e-12,-0.2629
40,2020-W41,10,USR_006,7,USR_007,-0.0,0.0325
40,2020-W41,10,USR_006,8,STK_001,0.0,-0.0
40,2020-W41,10,USR_006,9,USR_008,-4e-12,0.4583
40,2020-W41,10,USR_006,10,USR_006,6e-12,1.0
40,2020-W41,10,USR_006,11,STK_002,0.0,-0.2278
40,2020-W41,10,USR_006,12,USR_002,1e-12,-0.2278
40,2020-W41,10,USR_006,13,USR_010,2e-12,-0.4136
40,2020-W41,10,USR_006,14,USR_001,0.0,-0.0
40,2020-W41,11,STK_002,0,STK_004,-0.0,0.5041
40,2020-W41,11,STK_002,1,USR_003,0.0,-0.99
40,2020-W41,11,STK_002,2,USR_009,0.0,-0.3136
40,2020-W41,11,STK_002,3,STK_005,0.0,-0.0
40,2020-W41,11,STK_002,4,USR_005,-0.0,0.5527
40,2020-W41,11,STK_002,5,STK_003,0.0,-0.383
40,2020-W41,11,STK_002,6,USR_004,0.0,-0.9779
40,2020-W41,11,STK_002,7,USR_007,-0.0,0.0051
40,2020-W41,11,STK_002,8,STK_001,0.0,-0.0
40,2020-W41,11,STK_002,9,USR_008,-0.0,0.3869
40,2020-W41,11,STK_002,10,USR_006,0.0,-0.2278
40,2020-W41,11,STK_002,11,STK_002,0.0,1.0
40,2020-W41,11,STK_002,12,USR_002,0.0,-1.0
40,2020-W41,11,STK_002,13,USR_010,0.0,-0.3583
40,2020-W41,11,STK_002,14,USR_001,0.0,-0.0
40,2020-W41,12,USR_002,0,STK_004,-0.0,0.5041
40,2020-W41,12,USR_002,1,USR_003,1e-12,-0.99
40,2020-W41,12,USR_002,2,USR_009,1e-12,-0.3136
40,2020-W41,12,USR_002,3,STK_005,0.0,-0.0
40,2020-W41,12,USR_002,4,USR_005,-3e-12,0.5527
40,2020-W41,12,USR_002,5,STK_003,0.0,-0.383
40,2020-W41,12,USR_002,6,USR_004,1e-12,-0.9779
40,2020-W41,12,USR_002,7,USR_007,-0.0,0.0051
40,2020-W41,12,USR_002,8,STK_001,0.0,-0.0
40,2020-W41,12,USR_002,9,USR_008,-1e-12,0.3869
40,2020-W41,12,USR_002,10,USR_006,1e-12,-0.2278
40,2020-W41,12,USR_002,11,STK_002,0.0,-1.0
40,2020-W41,12,USR_002,12,USR_002,1e-12,1.0
40,2020-W41,12,USR_002,13,USR_010,1e-12,-0.3583
40,2020-W41,12,USR_002,14,USR_001,0.0,-0.0
40,2020-W41,13,USR_010,0,STK_004,-0.0,0.7156
40,2020-W41,13,USR_010,1,USR_003,1e-12,-0.3599
40,2020-W41,13,USR_010,2,USR_009,4e-12,-0.7987
40,2020-W41,13,USR_010,3,STK_005,0.0,-0.0
40,2020-W41,13,USR_010,4,USR_005,-1.1e-11,0.7923
40,2020-W41,13,USR_010,5,STK_003,0.0,-0.6292
40,2020-W41,13,USR_010,6,USR_004,1e-12,-0.3807
40,2020-W41,13,USR_010,7,USR_007,1e-12,-0.0955
40,2020-W41,13,USR_010,8,STK_001,0.0,-0.0
40,2020-W41,13,USR_010,9,USR_008,-4e-12,0.4955
40,2020-W41,13,USR_010,10,USR_006,2e-12,-0.4136
40,2020-W41,13,USR_010,11,STK_002,0.0,-0.3583
40,2020-W41,13,USR_010,12,USR_002,1e-12,-0.3583
40,2020-W41,13,USR_010,13,USR_010,5e-12,1.0
40,2020-W41,13,USR_010,14,USR_001,0.0,-0.0
40,2020-W41,14,USR_001,0,STK_004,0.0,-0.0
40,2020-W41,14,USR_001,1,USR_003,0.0,-0.0
40,2020-W41,14,USR_001,2,USR_009,0.0,-0.0
40,2020-W41,14,USR_001,3,STK_005,0.0,-0.0
40,2020-W41,14,USR_001,4,USR_005,0.0,-0.0
40,2020-W41,14,USR_001,5,STK_003,0.0,-0.0
40,2020-W41,14,USR_001,6,USR_004,0.0,-0.0
40,2020-W41,14,USR_001,7,USR_007,0.0,-0.0
40,2020-W41,14,USR_001,8,STK_001,0.0,-0.0
40,2020-W41,14,USR_001,9,USR_008,0.0,-0.0
40,2020-W41,14,USR_001,10,USR_006,0.0,-0.0
40,2020-W41,14,USR_001,11,STK_002,0.0,-0.0
40,2020-W41,14,USR_001,12,USR_002,0.0,-0.0
40,2020-W41,14,USR_001,13,USR_010,0.0,-0.0
40,2020-W41,14,USR_001,14,USR_001,0.0,1.0
41,2020-W42,0,STK_004,0,STK_004,0.0,1.0
41,2020-W42,0,STK_004,1,USR_003,-0.0,0.6052
41,2020-W42,0,STK_004,2,USR_009,-0.0,0.6765
41,2020-W42,0,STK_004,3,STK_005,0.0,-0.0
41,2020-W42,0,STK_004,4,USR_005,0.0,-0.8935
41,2020-W42,0,STK_004,5,STK_003,-0.0,0.6331
41,2020-W42,0,STK_004,6,USR_004,-0.0,0.6002
41,2020-W42,0,STK_004,7,USR_007,-0.0,0.2035
41,2020-W42,0,STK_004,8,STK_001,0.0,-0.0
41,2020-W42,0,STK_004,9,USR_008,0.0,-0.2443
41,2020-W42,0,STK_004,10,USR_006,-0.0,0.2086
41,2020-W42,0,STK_004,11,STK_002,-0.0,0.5713
41,2020-W42,0,STK_004,12,USR_002,-0.0,0.5713
41,2020-W42,0,STK_004,13,USR_010,-0.0,0.7651
41,2020-W42,0,STK_004,14,USR_001,0.0,-0.0
41,2020-W42,1,USR_003,0,STK_004,-0.0,0.6052
41,2020-W42,1,USR_003,1,USR_003,1e-12,1.0
41,2020-W42,1,USR_003,2,USR_009,0.0,-0.2284
41,2020-W42,1,USR_003,3,STK_005,0.0,-0.0
41,2020-W42,1,USR_003,4,USR_005,-3e-12,0.5379
41,2020-W42,1,USR_003,5,STK_003,0.0,-0.3185
41,2020-W42,1,USR_003,6,USR_004,1e-12,-0.9812
41,2020-W42,1,USR_003,7,USR_007,-0.0,0.0261
41,2020-W42,1,USR_003,8,STK_001,0.0,-0.0
41,2020-W42,1,USR_003,9,USR_008,-1e-12,0.248
41,2020-W42,1,USR_003,10,USR_006,0.0,-0.1201
41,2020-W42,1,USR_003,11,STK_002,0.0,-0.9888
41,2020-W42,1,USR_003,12,USR_002,1e-12,-0.9888
41,2020-W42,1,USR_003,13,USR_010,1e-12,-0.3127
41,2020-W42,1,USR_003,14,USR_001,0.0,-0.0
41,2020-W42,2,USR_009,0,STK_004,-0.0,0.6765
41,2020-W42,2,USR_009,1,USR_003,0.0,-0.2284
41,2020-W42,2,USR_009,2,USR_009,5e-12,1.0
41,2020-W42,2,USR_009,3,STK_005,0.0,-0.0
41,2020-W42,2,USR_009,4,USR_005,-1.1e-11,0.7777
41,2020-W42,2,USR_009,5,STK_003,0.0,-0.6738
41,2020-W42,2,USR_009,6,USR_004,0.0,-0.2496
41,2020-W42,2,USR_009,7,USR_007,1e-12,-0.1758
41,2020-W42,2,USR_009,8,STK_001,0.0,-0.0
41,2020-W42,2,USR_009,9,USR_008,-4e-12,0.6158
41,2020-W42,2,USR_009,10,USR_006,3e-12,-0.4145
41,2020-W42,2,USR_009,11,STK_002,0.0,-0.232
41,2020-W42,2,USR_009,12,USR_002,0.0,-0.232
41,2020-W42,2,USR_009,13,USR_010,4e-12,-0.7953
41,2020-W42,2,USR_009,14,USR_001,0.0,-0.0
41,2020-W42,3,STK_005,0,STK_004,0.0,-0.0
41,2020-W42,3,STK_005,1,USR_003,-0.0,0.0
41,2020-W42,3,STK_005,2,USR_009,-0.0,0.0
41,2020-W42,3,STK_005,3,STK_005,0.0,1.0
41,2020-W42,3,STK_005,4,USR_005,0.0,-0.0
41,2020-W42,3,STK_005,5,STK_003,-0.0,0.0
41,2020-W42,3,STK_005,6,USR_004,-0.0,0.0
41,2020-W42,3,STK_005,7,USR_007,-0.0,0.0
41,2020-W42,3,STK_005,8,STK_001,0.0,-0.0
41,2020-W42,3,STK_005,9,USR_008,0.0,-0.0
41,2020-W42,3,STK_005,10,USR_006,-0.0,0.0
41,2020-W42,3,STK_005,11,STK_002,-0.0,0.0
41,2020-W42,3,STK_005,12,USR_002,-0.0,0.0
41,2020-W42,3,STK_005,13,USR_010,-0.0,0.0
41,2020-W42,3,STK_005,14,USR_001,0.0,-0.0
41,2020-W42,4,USR_005,0,STK_004,0.0,-0.8935
41,2020-W42,4,USR_005,1,USR_003,-3e-12,0.5379
41,2020-W42,4,USR_005,2,USR_009,-1.1e-11,0.7777
41,2020-W42,4,USR_005,3,STK_005,0.0,-0.0
41,2020-W42,4,USR_005,4,USR_005,3.6e-11,1.0
41,2020-W42,4,USR_005,5,STK_003,-0.0,0.8219
41,2020-W42,4,USR_005,6,USR_004,-3e-12,0.5817
41,2020-W42,4,USR_005,7,USR_007,-8e-12,0.3596
41,2020-W42,4,USR_005,8,STK_001,0.0,-0.0
41,2020-W42,4,USR_005,9,USR_008,1e-11,-0.5801
41,2020-W42,4,USR_005,10,USR_006,-9e-12,0.5459
41,2020-W42,4,USR_005,11,STK_002,-0.0,0.5137
41,2020-W42,4,USR_005,12,USR_002,-3e-12,0.5137
41,2020-W42,4,USR_005,13,USR_010,-1.1e-11,0.7872
41,2020-W42,4,USR_005,14,USR_001,0.0,-0.0
41,2020-W42,5,STK_003,0,STK_004,-0.0,0.7048
41,2020-W42,5,STK_003,1,USR_003,0.0,-0.3605
41,2020-W42,5,STK_003,2,USR_009,0.0,-0.7491
41,2020-W42,5,STK_003,3,STK_005,0.0,-0.0
41,2020-W42,5,STK_003,4,USR_005,-0.0,0.9095
41,2020-W42,5,STK_003,5,STK_003,0.0,1.0
41,2020-W42,5,STK_003,6,USR_004,0.0,-0.4285
41,2020-W42,5,STK_003,7,USR_007,0.0,-0.7493
41,2020-W42,5,STK_003,8,STK_001,0.0,-0.0
41,2020-W42,5,STK_003,9,USR_008,-0.0,0.8392
41,2020-W42,5,STK_003,10,USR_006,0.0,-0.4019
41,2020-W42,5,STK_003,11,STK_002,0.0,-0.3132
41,2020-W42,5,STK_003,12,USR_002,0.0,-0.3132
41,2020-W42,5,STK_003,13,USR_010,0.0,-0.6738
41,2020-W42,5,STK_003,14,USR_001,0.0,-0.0
41,2020-W42,6,USR_004,0,STK_004,-0.0,0.6002
41,2020-W42,6,USR_004,1,USR_003,1e-12,-0.9812
41,2020-W42,6,USR_004,2,USR_009,0.0,-0.2496
41,2020-W42,6,USR_004,3,STK_005,0.0,-0.0
41,2020-W42,6,USR_004,4,USR_005,-3e-12,0.5817
41,2020-W42,6,USR_004,5,STK_003,0.0,-0.3814
41,2020-W42,6,USR_004,6,USR_004,1e-12,1.0
41,2020-W42,6,USR_004,7,USR_007,0.0,-0.0281
41,2020-W42,6,USR_004,8,STK_001,0.0,-0.0
41,2020-W42,6,USR_004,9,USR_008,-1e-12,0.3324
41,2020-W42,6,USR_004,10,USR_006,0.0,-0.2026
41,2020-W42,6,USR_004,11,STK_002,0.0,-0.9753
41,2020-W42,6,USR_004,12,USR_002,1e-12,-0.9753
41,2020-W42,6,USR_004,13,USR_010,1e-12,-0.339
41,2020-W42,6,USR_004,14,USR_001,0.0,-0.0
41,2020-W42,7,USR_007,0,STK_004,-0.0,0.2035
41,2020-W42,7,USR_007,1,USR_003,-0.0,0.0261
41,2020-W42,7,USR_007,2,USR_009,1e-12,-0.1758
41,2020-W42,7,USR_007,3,STK_005,0.0,-0.0
41,2020-W42,7,USR_007,4,USR_005,-8e-12,0.3596
41,2020-W42,7,USR_007,5,STK_003,0.0,-0.7178
41,2020-W42,7,USR_007,6,USR_004,0.0,-0.0281
41,2020-W42,7,USR_007,7,USR_007,1.2e-11,1.0
41,2020-W42,7,USR_007,8,STK_001,0.0,-0.0
41,2020-W42,7,USR_007,9,USR_008,-5e-12,0.5269
41,2020-W42,7,USR_007,10,USR_006,-1e-12,0.0857
41,2020-W42,7,USR_007,11,STK_002,-0.0,0.1055
41,2020-W42,7,USR_007,12,USR_002,-0.0,0.1055
41,2020-W42,7,USR_007,13,USR_010,0.0,-0.0416
41,2020-W42,7,USR_007,14,USR_001,0.0,-0.0
41,2020-W42,8,STK_001,0,STK_004,0.0,-0.0
41,2020-W42,8,STK_001,1,USR_003,0.0,-0.0
41,2020-W42,8,STK_001,2,USR_009,0.0,-0.0
41,2020-W42,8,STK_001,3,STK_005,0.0,-0.0
41,2020-W42,8,STK_001,4,USR_005,0.0,-0.0
41,2020-W42,8,STK_001,5,STK_003,0.0,-0.0
41,2020-W42,8,STK_001,6,USR_004,0.0,-0.0
41,2020-W42,8,STK_001,7,USR_007,0.0,-0.0
41,2020-W42,8,STK_001,8,STK_001,0.0,1.0
41,2020-W42,8,STK_001,9,USR_008,0.0,-0.0
41,2020-W42,8,STK_001,10,USR_006,0.0,-0.0
41,2020-W42,8,STK_001,11,STK_002,0.0,-0.0
41,2020-W42,8,STK_001,12,USR_002,0.0,-0.0
41,2020-W42,8,STK_001,13,USR_010,0.0,-0.0
41,2020-W42,8,STK_001,14,USR_001,0.0,-0.0
41,2020-W42,9,USR_008,0,STK_004,0.0,-0.2443
41,2020-W42,9,USR_008,1,USR_003,-1e-12,0.248
41,2020-W42,9,USR_008,2,USR_009,-4e-12,0.6158
41,2020-W42,9,USR_008,3,STK_005,0.0,-0.0
41,2020-W42,9,USR_008,4,USR_005,1e-11,-0.5801
41,2020-W42,9,USR_008,5,STK_003,-0.0,0.7749
41,2020-W42,9,USR_008,6,USR_004,-1e-12,0.3324
41,2020-W42,9,USR_008,7,USR_007,-5e-12,0.5269
41,2020-W42,9,USR_008,8,STK_001,0.0,-0.0
41,2020-W42,9,USR_008,9,USR_008,8e-12,1.0
41,2020-W42,9,USR_008,10,USR_006,-4e-12,0.4817
41,2020-W42,9,USR_008,11,STK_002,-0.0,0.2432
41,2020-W42,9,USR_008,12,USR_002,-1e-12,0.2432
41,2020-W42,9,USR_008,13,USR_010,-3e-12,0.498
41,2020-W42,9,USR_008,14,USR_001,0.0,-0.0
41,2020-W42,10,USR_006,0,STK_004,-0.0,0.2086
41,2020-W42,10,USR_006,1,USR_003,0.0,-0.1201
41,2020-W42,10,USR_006,2,USR_009,3e-12,-0.4145
41,2020-W42,10,USR_006,3,STK_005,0.0,-0.0
41,2020-W42,10,USR_006,4,USR_005,-9e-12,0.5459
41,2020-W42,10,USR_006,5,STK_003,0.0,-0.3456
41,2020-W42,10,USR_006,6,USR_004,0.0,-0.2026
41,2020-W42,10,USR_006,7,USR_007,-1e-12,0.0857
41,2020-W42,10,USR_006,8,STK_001,0.0,-0.0
41,2020-W42,10,USR_006,9,USR_008,-4e-12,0.4817
41,2020-W42,10,USR_006,10,USR_006,7e-12,1.0
41,2020-W42,10,USR_006,11,STK_002,0.0,-0.1623
41,2020-W42,10,USR_006,12,USR_002,0.0,-0.1623
41,2020-W42,10,USR_006,13,USR_010,2e-12,-0.4072
41,2020-W42,10,USR_006,14,USR_001,0.0,-0.0
41,2020-W42,11,STK_002,0,STK_004,-0.0,0.5713
41,2020-W42,11,STK_002,1,USR_003,0.0,-0.9888
41,2020-W42,11,STK_002,2,USR_009,0.0,-0.232
41,2020-W42,11,STK_002,3,STK_005,0.0,-0.0
41,2020-W42,11,STK_002,4,USR_005,-0.0,0.5137
41,2020-W42,11,STK_002,5,STK_003,0.0,-0.2724
41,2020-W42,11,STK_002,6,USR_004,0.0,-0.9753
41,2020-W42,11,STK_002,7,USR_007,-0.0,0.1055
41,2020-W42,11,STK_002,8,STK_001,0.0,-0.0
41,2020-W42,11,STK_002,9,USR_008,-0.0,0.2432
41,2020-W42,11,STK_002,10,USR_006,0.0,-0.1623
41,2020-W42,11,STK_002,11,STK_002,0.0,1.0
41,2020-W42,11,STK_002,12,USR_002,0.0,-1.0
41,2020-W42,11,STK_002,13,USR_010,0.0,-0.3135
41,2020-W42,11,STK_002,14,USR_001,0.0,-0.0
41,2020-W42,12,USR_002,0,STK_004,-0.0,0.5713
41,2020-W42,12,USR_002,1,USR_003,1e-12,-0.9888
41,2020-W42,12,USR_002,2,USR_009,0.0,-0.232
41,2020-W42,12,USR_002,3,STK_005,0.0,-0.0
41,2020-W42,12,USR_002,4,USR_005,-3e-12,0.5137
41,2020-W42,12,USR_002,5,STK_003,0.0,-0.2724
41,2020-W42,12,USR_002,6,USR_004,1e-12,-0.9753
41,2020-W42,12,USR_002,7,USR_007,-0.0,0.1055
41,2020-W42,12,USR_002,8,STK_001,0.0,-0.0
41,2020-W42,12,USR_002,9,USR_008,-1e-12,0.2432
41,2020-W42,12,USR_002,10,USR_006,0.0,-0.1623
41,2020-W42,12,USR_002,11,STK_002,0.0,-1.0
41,2020-W42,12,USR_002,12,USR_002,1e-12,1.0
41,2020-W42,12,USR_002,13,USR_010,1e-12,-0.3135
41,2020-W42,12,USR_002,14,USR_001,0.0,-0.0
41,2020-W42,13,USR_010,0,STK_004,-0.0,0.7651
41,2020-W42,13,USR_010,1,USR_003,1e-12,-0.3127
41,2020-W42,13,USR_010,2,USR_009,4e-12,-0.7953
41,2020-W42,13,USR_010,3,STK_005,0.0,-0.0
41,2020-W42,13,USR_010,4,USR_005,-1.1e-11,0.7872
41,2020-W42,13,USR_010,5,STK_003,0.0,-0.6
41,2020-W42,13,USR_010,6,USR_004,1e-12,-0.339
41,2020-W42,13,USR_010,7,USR_007,0.0,-0.0416
41,2020-W42,13,USR_010,8,STK_001,0.0,-0.0
41,2020-W42,13,USR_010,9,USR_008,-3e-12,0.498
41,2020-W42,13,USR_010,10,USR_006,2e-12,-0.4072
41,2020-W42,13,USR_010,11,STK_002,0.0,-0.3135
41,2020-W42,13,USR_010,12,USR_002,1e-12,-0.3135
41,2020-W42,13,USR_010,13,USR_010,5e-12,1.0
41,2020-W42,13,USR_010,14,USR_001,0.0,-0.0
41,2020-W42,14,USR_001,0,STK_004,0.0,-0.0
41,2020-W42,14,USR_001,1,USR_003,0.0,-0.0
41,2020-W42,14,USR_001,2,USR_009,0.0,-0.0
41,2020-W42,14,USR_001,3,STK_005,0.0,-0.0
41,2020-W42,14,USR_001,4,USR_005,0.0,-0.0
41,2020-W42,14,USR_001,5,STK_003,0.0,-0.0
41,2020-W42,14,USR_001,6,USR_004,0.0,-0.0
41,2020-W42,14,USR_001,7,USR_007,0.0,-0.0
41,2020-W42,14,USR_001,8,STK_001,0.0,-0.0
41,2020-W42,14,USR_001,9,USR_008,0.0,-0.0
41,2020-W42,14,USR_001,10,USR_006,0.0,-0.0
41,2020-W42,14,USR_001,11,STK_002,0.0,-0.0
41,2020-W42,14,USR_001,12,USR_002,0.0,-0.0
41,2020-W42,14,USR_001,13,USR_010,0.0,-0.0
41,2020-W42,14,USR_001,14,USR_001,0.0,1.0
42,2020-W43,0,STK_004,0,STK_004,0.0,1.0
42,2020-W43,0,STK_004,1,USR_003,-0.0,0.7184
42,2020-W43,0,STK_004,2,USR_009,-0.0,0.7342
42,2020-W43,0,STK_004,3,STK_005,0.0,-0.0
42,2020-W43,0,STK_004,4,USR_005,0.0,-0.9694
42,2020-W43,0,STK_004,5,STK_003,-0.0,0.2965
42,2020-W43,0,STK_004,6,USR_004,-0.0,0.7353
42,2020-W43,0,STK_004,7,USR_007,0.0,-0.1575
42,2020-W43,0,STK_004,8,STK_001,0.0,-0.0
42,2020-W43,0,STK_004,9,USR_008,0.0,-0.5324
42,2020-W43,0,STK_004,10,USR_006,-0.0,0.6159
42,2020-W43,0,STK_004,11,STK_002,-0.0,0.7136
42,2020-W43,0,STK_004,12,USR_002,-0.0,0.7144
42,2020-W43,0,STK_004,13,USR_010,-0.0,0.882
42,2020-W43,0,STK_004,14,USR_001,-0.0,0.7079
42,2020-W43,1,USR_003,0,STK_004,-0.0,0.7184
42,2020-W43,1,USR_003,1,USR_003,1e-12,1.0
42,2020-W43,1,USR_003,2,USR_009,1e-12,-0.2776
42,2020-W43,1,USR_003,3,STK_005,-0.0,0.0
42,2020-W43,1,USR_003,4,USR_005,-4e-12,0.6585
42,2020-W43,1,USR_003,5,STK_003,0.0,-0.1486
42,2020-W43,1,USR_003,6,USR_004,1e-12,-0.9821
42,2020-W43,1,USR_003,7,USR_007,-1e-12,0.2601
42,2020-W43,1,USR_003,8,STK_001,0.0,-0.0
42,2020-W43,1,USR_003,9,USR_008,-1e-12,0.4045
42,2020-W43,1,USR_003,10,USR_006,1e-12,-0.3544
42,2020-W43,1,USR_003,11,STK_002,0.0,-0.9886
42,2020-W43,1,USR_003,12,USR_002,1e-12,-0.9888
42,2020-W43,1,USR_003,13,USR_010,1e-12,-0.5099
42,2020-W43,1,USR_003,14,USR_001,1e-12,-0.984
42,2020-W43,2,USR_009,0,STK_004,-0.0,0.7342
42,2020-W43,2,USR_009,1,USR_003,1e-12,-0.2776
42,2020-W43,2,USR_009,2,USR_009,6e-12,1.0
42,2020-W43,2,USR_009,3,STK_005,-0.0,0.0
42,2020-W43,2,USR_009,4,USR_005,-1.3e-11,0.759
42,2020-W43,2,USR_009,5,STK_003,0.0,-0.3312
42,2020-W43,2,USR_009,6,USR_004,1e-12,-0.2999
42,2020-W43,2,USR_009,7,USR_007,0.0,-0.0426
42,2020-W43,2,USR_009,8,STK_001,0.0,-0.0
42,2020-W43,2,USR_009,9,USR_008,-5e-12,0.64
42,2020-W43,2,USR_009,10,USR_006,4e-12,-0.4557
42,2020-W43,2,USR_009,11,STK_002,0.0,-0.2823
42,2020-W43,2,USR_009,12,USR_002,1e-12,-0.2848
42,2020-W43,2,USR_009,13,USR_010,5e-12,-0.7245
42,2020-W43,2,USR_009,14,USR_001,1e-12,-0.273
42,2020-W43,3,STK_005,0,STK_004,-0.0,0.0
42,2020-W43,3,STK_005,1,USR_003,0.0,-0.0
42,2020-W43,3,STK_005,2,USR_009,0.0,-0.0
42,2020-W43,3,STK_005,3,STK_005,-0.0,1.0
42,2020-W43,3,STK_005,4,USR_005,-0.0,0.0
42,2020-W43,3,STK_005,5,STK_003,0.0,-0.0
42,2020-W43,3,STK_005,6,USR_004,0.0,-0.0
42,2020-W43,3,STK_005,7,USR_007,-0.0,0.0
42,2020-W43,3,STK_005,8,STK_001,0.0,-0.0
42,2020-W43,3,STK_005,9,USR_008,-0.0,0.0
42,2020-W43,3,STK_005,10,USR_006,0.0,-0.0
42,2020-W43,3,STK_005,11,STK_002,0.0,-0.0
42,2020-W43,3,STK_005,12,USR_002,0.0,-0.0
42,2020-W43,3,STK_005,13,USR_010,0.0,-0.0
42,2020-W43,3,STK_005,14,USR_001,0.0,-0.0
42,2020-W43,4,USR_005,0,STK_004,0.0,-0.9694
42,2020-W43,4,USR_005,1,USR_003,-4e-12,0.6585
42,2020-W43,4,USR_005,2,USR_009,-1.3e-11,0.759
42,2020-W43,4,USR_005,3,STK_005,0.0,-0.0
42,2020-W43,4,USR_005,4,USR_005,4.8e-11,1.0
42,2020-W43,4,USR_005,5,STK_003,-0.0,0.3742
42,2020-W43,4,USR_005,6,USR_004,-4e-12,0.6974
42,2020-W43,4,USR_005,7,USR_007,-1e-12,0.0317
42,2020-W43,4,USR_005,8,STK_001,0.0,-0.0
42,2020-W43,4,USR_005,9,USR_008,1.4e-11,-0.6585
42,2020-W43,4,USR_005,10,USR_006,-1.6e-11,0.6653
42,2020-W43,4,USR_005,11,STK_002,-0.0,0.6453
42,2020-W43,4,USR_005,12,USR_002,-4e-12,0.6463
42,2020-W43,4,USR_005,13,USR_010,-1.8e-11,0.8293
42,2020-W43,4,USR_005,14,USR_001,-4e-12,0.6392
42,2020-W43,5,STK_003,0,STK_004,-0.0,1.0
42,2020-W43,5,STK_003,1,USR_003,0.0,-1.0
42,2020-W43,5,STK_003,2,USR_009,0.0,-1.0
42,2020-W43,5,STK_003,3,STK_005,-0.0,0.0
42,2020-W43,5,STK_003,4,USR_005,-0.0,1.0
42,2020-W43,5,STK_003,5,STK_003,0.0,1.0
42,2020-W43,5,STK_003,6,USR_004,0.0,-1.0
42,2020-W43,5,STK_003,7,USR_007,0.0,-0.2293
42,2020-W43,5,STK_003,8,STK_001,0.0,-0.0
42,2020-W43,5,STK_003,9,USR_008,-0.0,1.0
42,2020-W43,5,STK_003,10,USR_006,0.0,-1.0
42,2020-W43,5,STK_003,11,STK_002,0.0,-1.0
42,2020-W43,5,STK_003,12,USR_002,0.0,-1.0
42,2020-W43,5,STK_003,13,USR_010,0.0,-1.0
42,2020-W43,5,STK_003,14,USR_001,0.0,-1.0
42,2020-W43,6,USR_004,0,STK_004,-0.0,0.7353
42,2020-W43,6,USR_004,1,USR_003,1e-12,-0.9821
42,2020-W43,6,USR_004,2,USR_009,1e-12,-0.2999
42,2020-W43,6,USR_004,3,STK_005,-0.0,0.0
42,2020-W43,6,USR_004,4,USR_005,-4e-12,0.6974
42,2020-W43,6,USR_004,5,STK_003,0.0,-0.18
42,2020-W43,6,USR_004,6,USR_004,1e-12,1.0
42,2020-W43,6,USR_004,7,USR_007,-1e-12,0.2204
42,2020-W43,6,USR_004,8,STK_001,0.0,-0.0
42,2020-W43,6,USR_004,9,USR_008,-1e-12,0.4824
42,2020-W43,6,USR_004,10,USR_006,1e-12,-0.4269
42,2020-W43,6,USR_004,11,STK_002,0.0,-0.9762
42,2020-W43,6,USR_004,12,USR_002,1e-12,-0.9769
42,2020-W43,6,USR_004,13,USR_010,1e-12,-0.5376
42,2020-W43,6,USR_004,14,USR_001,1e-12,-0.9698
42,2020-W43,7,USR_007,0,STK_004,0.0,-0.1575
42,2020-W43,7,USR_007,1,USR_003,-1e-12,0.2601
42,2020-W43,7,USR_007,2,USR_009,0.0,-0.0426
42,2020-W43,7,USR_007,3,STK_005,0.0,-0.0
42,2020-W43,7,USR_007,4,USR_005,-1e-12,0.0317
42,2020-W43,7,USR_007,5,STK_003,0.0,-0.3422
42,2020-W43,7,USR_007,6,USR_004,-1e-12,0.2204
42,2020-W43,7,USR_007,7,USR_007,1.6e-11,1.0
42,2020-W43,7,USR_007,8,STK_001,0.0,-0.0
42,2020-W43,7,USR_007,9,USR_008,-3e-12,0.2485
42,2020-W43,7,USR_007,10,USR_006,-5e-12,0.3449
42,2020-W43,7,USR_007,11,STK_002,-0.0,0.3435
42,2020-W43,7,USR_007,12,USR_002,-1e-12,0.342
42,2020-W43,7,USR_007,13,USR_010,-4e-12,0.291
42,2020-W43,7,USR_007,14,USR_001,-1e-12,0.3469
42,2020-W43,8,STK_001,0,STK_004,0.0,-0.0
42,2020-W43,8,STK_001,1,USR_003,-0.0,0.0
42,2020-W43,8,STK_001,2,USR_009,-0.0,0.0
42,2020-W43,8,STK_001,3,STK_005,0.0,-0.0
42,2020-W43,8,STK_001,4,USR_005,0.0,-0.0
42,2020-W43,8,STK_001,5,STK_003,-0.0,0.0
42,2020-W43,8,STK_001,6,USR_004,-0.0,0.0
42,2020-W43,8,STK_001,7,USR_007,0.0,-0.0
42,2020-W43,8,STK_001,8,STK_001,0.0,1.0
42,2020-W43,8,STK_001,9,USR_008,0.0,-0.0
42,2020-W43,8,STK_001,10,USR_006,-0.0,0.0
42,2020-W43,8,STK_001,11,STK_002,-0.0,0.0
42,2020-W43,8,STK_001,12,USR_002,-0.0,0.0
42,2020-W43,8,STK_001,13,USR_010,-0.0,0.0
42,2020-W43,8,STK_001,14,USR_001,-0.0,0.0
42,2020-W43,9,USR_008,0,STK_004,0.0,-0.5324
42,2020-W43,9,USR_008,1,USR_003,-1e-12,0.4045
42,2020-W43,9,USR_008,2,USR_009,-5e-12,0.64
42,2020-W43,9,USR_008,3,STK_005,0.0,-0.0
42,2020-W43,9,USR_008,4,USR_005,1.4e-11,-0.6585
42,2020-W43,9,USR_008,5,STK_003,-0.0,0.3949
42,2020-W43,9,USR_008,6,USR_004,-1e-12,0.4824
42,2020-W43,9,USR_008,7,USR_007,-3e-12,0.2485
42,2020-W43,9,USR_008,8,STK_001,0.0,-0.0
42,2020-W43,9,USR_008,9,USR_008,1e-11,1.0
42,2020-W43,9,USR_008,10,USR_006,-6e-12,0.5756
42,2020-W43,9,USR_008,11,STK_002,-0.0,0.4038
42,2020-W43,9,USR_008,12,USR_002,-1e-12,0.408
42,2020-W43,9,USR_008,13,USR_010,-6e-12,0.5901
42,2020-W43,9,USR_008,14,USR_001,-1e-12,0.3887
42,2020-W43,10,USR_006,0,STK_004,-0.0,0.6159
42,2020-W43,10,USR_006,1,USR_003,1e-12,-0.3544
42,2020-W43,10,USR_006,2,USR_009,4e-12,-0.4557
42,2020-W43,10,USR_006,3,STK_005,-0.0,0.0
42,2020-W43,10,USR_006,4,USR_005,-1.6e-11,0.6653
42,2020-W43,10,USR_006,5,STK_003,0.0,-0.1409
42,2020-W43,10,USR_006,6,USR_004,1e-12,-0.4269
42,2020-W43,10,USR_006,7,USR_007,-5e-12,0.3449
42,2020-W43,10,USR_006,8,STK_001,0.0,-0.0
42,2020-W43,10,USR_006,9,USR_008,-6e-12,0.5756
42,2020-W43,10,USR_006,10,USR_006,1.1e-11,1.0
42,2020-W43,10,USR_006,11,STK_002,0.0,-0.4054
42,2020-W43,10,USR_006,12,USR_002,1e-12,-0.4053
42,2020-W43,10,USR_006,13,USR_010,7e-12,-0.6435
42,2020-W43,10,USR_006,14,USR_001,1e-12,-0.4038
42,2020-W43,11,STK_002,0,STK_004,-0.0,0.7136
42,2020-W43,11,STK_002,1,USR_003,0.0,-0.9886
42,2020-W43,11,STK_002,2,USR_009,0.0,-0.2823
42,2020-W43,11,STK_002,3,STK_005,-0.0,0.0
42,2020-W43,11,STK_002,4,USR_005,-0.0,0.6453
42,2020-W43,11,STK_002,5,STK_003,0.0,-0.1195
42,2020-W43,11,STK_002,6,USR_004,0.0,-0.9762
42,2020-W43,11,STK_002,7,USR_007,-0.0,0.3435
42,2020-W43,11,STK_002,8,STK_001,0.0,-0.0
42,2020-W43,11,STK_002,9,USR_008,-0.0,0.4038
42,2020-W43,11,STK_002,10,USR_006,0.0,-0.4054
42,2020-W43,11,STK_002,11,STK_002,0.0,1.0
42,2020-W43,11,STK_002,12,USR_002,0.0,-0.9997
42,2020-W43,11,STK_002,13,USR_010,0.0,-0.5257
42,2020-W43,11,STK_002,14,USR_001,0.0,-0.9969
42,2020-W43,12,USR_002,0,STK_004,-0.0,0.7144
42,2020-W43,12,USR_002,1,USR_003,1e-12,-0.9888
42,2020-W43,12,USR_002,2,USR_009,1e-12,-0.2848
42,2020-W43,12,USR_002,3,STK_005,-0.0,0.0
42,2020-W43,12,USR_002,4,USR_005,-4e-12,0.6463
42,2020-W43,12,USR_002,5,STK_003,0.0,-0.121
42,2020-W43,12,USR_002,6,USR_004,1e-12,-0.9769
42,2020-W43,12,USR_002,7,USR_007,-1e-12,0.342
42,2020-W43,12,USR_002,8,STK_001,0.0,-0.0
42,2020-W43,12,USR_002,9,USR_008,-1e-12,0.408
42,2020-W43,12,USR_002,10,USR_006,1e-12,-0.4053
42,2020-W43,12,USR_002,11,STK_002,0.0,-0.9997
42,2020-W43,12,USR_002,12,USR_002,1e-12,1.0
42,2020-W43,12,USR_002,13,USR_010,1e-12,-0.5289
42,2020-W43,12,USR_002,14,USR_001,1e-12,-0.9947
42,2020-W43,13,USR_010,0,STK_004,-0.0,0.882
42,2020-W43,13,USR_010,1,USR_003,1e-12,-0.5099
42,2020-W43,13,USR_010,2,USR_009,5e-12,-0.7245
42,2020-W43,13,USR_010,3,STK_005,-0.0,0.0
42,2020-W43,13,USR_010,4,USR_005,-1.8e-11,0.8293
42,2020-W43,13,USR_010,5,STK_003,0.0,-0.238
42,2020-W43,13,USR_010,6,USR_004,1e-12,-0.5376
42,2020-W43,13,USR_010,7,USR_007,-4e-12,0.291
42,2020-W43,13,USR_010,8,STK_001,0.0,-0.0
42,2020-W43,13,USR_010,9,USR_008,-6e-12,0.5901
42,2020-W43,13,USR_010,10,USR_006,7e-12,-0.6435
42,2020-W43,13,USR_010,11,STK_002,0.0,-0.5257
42,2020-W43,13,USR_010,12,USR_002,1e-12,-0.5289
42,2020-W43,13,USR_010,13,USR_010,9e-12,1.0
42,2020-W43,13,USR_010,14,USR_001,1e-12,-0.5133
42,2020-W43,14,USR_001,0,STK_004,-0.0,0.7079
42,2020-W43,14,USR_001,1,USR_003,1e-12,-0.984
42,2020-W43,14,USR_001,2,USR_009,1e-12,-0.273
42,2020-W43,14,USR_001,3,STK_005,-0.0,0.0
42,2020-W43,14,USR_001,4,USR_005,-4e-12,0.6392
42,2020-W43,14,USR_001,5,STK_003,0.0,-0.1141
42,2020-W43,14,USR_001,6,USR_004,1e-12,-0.9698
42,2020-W43,14,USR_001,7,USR_007,-1e-12,0.3469
42,2020-W43,14,USR_001,8,STK_001,0.0,-0.0
42,2020-W43,14,USR_001,9,USR_008,-1e-12,0.3887
42,2020-W43,14,USR_001,10,USR_006,1e-12,-0.4038
42,2020-W43,14,USR_001,11,STK_002,0.0,-0.9969
42,2020-W43,14,USR_001,12,USR_002,1e-12,-0.9947
42,2020-W43,14,USR_001,13,USR_010,1e-12,-0.5133
42,2020-W43,14,USR_001,14,USR_001,1e-12,1.0
43,2020-W44,0,STK_004,0,STK_004,0.0,1.0
43,2020-W44,0,STK_004,1,USR_003,-0.0,0.811
43,2020-W44,0,STK_004,2,USR_009,-0.0,0.3189
43,2020-W44,0,STK_004,3,STK_005,-0.0,0.0
43,2020-W44,0,STK_004,4,USR_005,0.0,-0.9581
43,2020-W44,0,STK_004,5,STK_003,-0.0,0.537
43,2020-W44,0,STK_004,6,USR_004,-0.0,0.8188
43,2020-W44,0,STK_004,7,USR_007,0.0,-0.5127
43,2020-W44,0,STK_004,8,STK_001,0.0,-0.0
43,2020-W44,0,STK_004,9,USR_008,0.0,-0.6415
43,2020-W44,0,STK_004,10,USR_006,-0.0,0.7812
43,2020-W44,0,STK_004,11,STK_002,0.0,-0.2363
43,2020-W44,0,STK_004,12,USR_002,-0.0,0.8113
43,2020-W44,0,STK_004,13,USR_010,-0.0,0.9278
43,2020-W44,0,STK_004,14,USR_001,-0.0,0.8151
43,2020-W44,1,USR_003,0,STK_004,-0.0,0.811
43,2020-W44,1,USR_003,1,USR_003,2e-12,1.0
43,2020-W44,1,USR_003,2,USR_009,-0.0,0.1396
43,2020-W44,1,USR_003,3,STK_005,0.0,-0.0
43,2020-W44,1,USR_003,4,USR_005,-6e-12,0.6989
43,2020-W44,1,USR_003,5,STK_003,0.0,-0.2893
43,2020-W44,1,USR_003,6,USR_004,2e-12,-0.9912
43,2020-W44,1,USR_003,7,USR_007,-4e-12,0.6403
43,2020-W44,1,USR_003,8,STK_001,0.0,-0.0
43,2020-W44,1,USR_003,9,USR_008,-2e-12,0.5489
43,2020-W44,1,USR_003,10,USR_006,4e-12,-0.6644
43,2020-W44,1,USR_003,11,STK_002,-0.0,0.3891
43,2020-W44,1,USR_003,12,USR_002,2e-12,-0.9945
43,2020-W44,1,USR_003,13,USR_010,3e-12,-0.7253
43,2020-W44,1,USR_003,14,USR_001,2e-12,-0.9944
43,2020-W44,2,USR_009,0,STK_004,-0.0,0.3189
43,2020-W44,2,USR_009,1,USR_003,-0.0,0.1396
43,2020-W44,2,USR_009,2,USR_009,7e-12,1.0
43,2020-W44,2,USR_009,3,STK_005,-0.0,0.0
43,2020-W44,2,USR_009,4,USR_005,-9e-12,0.4628
43,2020-W44,2,USR_009,5,STK_003,0.0,-0.5192
43,2020-W44,2,USR_009,6,USR_004,-0.0,0.1466
43,2020-W44,2,USR_009,7,USR_007,5e-12,-0.3169
43,2020-W44,2,USR_009,8,STK_001,0.0,-0.0
43,2020-W44,2,USR_009,9,USR_008,-3e-12,0.3425
43,2020-W44,2,USR_009,10,USR_006,0.0,-0.0159
43,2020-W44,2,USR_009,11,STK_002,0.0,-0.5253
43,2020-W44,2,USR_009,12,USR_002,-1e-12,0.1482
43,2020-W44,2,USR_009,13,USR_010,2e-12,-0.2445
43,2020-W44,2,USR_009,14,USR_001,-0.0,0.1408
43,2020-W44,3,STK_005,0,STK_004,0.0,-0.0
43,2020-W44,3,STK_005,1,USR_003,-0.0,0.0
43,2020-W44,3,STK_005,2,USR_009,-0.0,0.0
43,2020-W44,3,STK_005,3,STK_005,-0.0,1.0
43,2020-W44,3,STK_005,4,USR_005,0.0,-0.0
43,2020-W44,3,STK_005,5,STK_003,-0.0,0.0
43,2020-W44,3,STK_005,6,USR_004,-0.0,0.0
43,2020-W44,3,STK_005,7,USR_007,0.0,-0.0
43,2020-W44,3,STK_005,8,STK_001,0.0,-0.0
43,2020-W44,3,STK_005,9,USR_008,0.0,-0.0
43,2020-W44,3,STK_005,10,USR_006,-0.0,0.0
43,2020-W44,3,STK_005,11,STK_002,0.0,-0.0
43,2020-W44,3,STK_005,12,USR_002,-0.0,0.0
43,2020-W44,3,STK_005,13,USR_010,-0.0,0.0
43,2020-W44,3,STK_005,14,USR_001,-0.0,0.0
43,2020-W44,4,USR_005,0,STK_004,0.0,-0.9581
43,2020-W44,4,USR_005,1,USR_003,-6e-12,0.6989
43,2020-W44,4,USR_005,2,USR_009,-9e-12,0.4628
43,2020-W44,4,USR_005,3,STK_005,-0.0,0.0
43,2020-W44,4,USR_005,4,USR_005,5.5e-11,1.0
43,2020-W44,4,USR_005,5,STK_003,-0.0,0.6829
43,2020-W44,4,USR_005,6,USR_004,-7e-12,0.7138
43,2020-W44,4,USR_005,7,USR_007,1.1e-11,-0.2581
43,2020-W44,4,USR_005,8,STK_001,0.0,-0.0
43,2020-W44,4,USR_005,9,USR_008,1.8e-11,-0.7013
43,2020-W44,4,USR_005,10,USR_006,-2.4e-11,0.7104
43,2020-W44,4,USR_005,11,STK_002,-0.0,0.0218
43,2020-W44,4,USR_005,12,USR_002,-7e-12,0.6865
43,2020-W44,4,USR_005,13,USR_010,-2.4e-11,0.836
43,2020-W44,4,USR_005,14,USR_001,-7e-12,0.6924
43,2020-W44,5,STK_003,0,STK_004,-0.0,1.0
43,2020-W44,5,STK_003,1,USR_003,0.0,-0.7793
43,2020-W44,5,STK_003,2,USR_009,0.0,-0.6805
43,2020-W44,5,STK_003,3,STK_005,0.0,-0.0
43,2020-W44,5,STK_003,4,USR_005,-0.0,1.0
43,2020-W44,5,STK_003,5,STK_003,0.0,1.0
43,2020-W44,5,STK_003,6,USR_004,0.0,-0.8146
43,2020-W44,5,STK_003,7,USR_007,-0.0,0.1097
43,2020-W44,5,STK_003,8,STK_001,0.0,-0.0
43,2020-W44,5,STK_003,9,USR_008,-0.0,1.0
43,2020-W44,5,STK_003,10,USR_006,0.0,-0.8464
43,2020-W44,5,STK_003,11,STK_002,0.0,-0.239
43,2020-W44,5,STK_003,12,USR_002,0.0,-0.7586
43,2020-W44,5,STK_003,13,USR_010,0.0,-1.0
43,2020-W44,5,STK_003,14,USR_001,0.0,-0.7646
43,2020-W44,6,USR_004,0,STK_004,-0.0,0.8188
43,2020-W44,6,USR_004,1,USR_003,2e-12,-0.9912
43,2020-W44,6,USR_004,2,USR_009,-0.0,0.1466
43,2020-W44,6,USR_004,3,STK_005,0.0,-0.0
43,2020-W44,6,USR_004,4,USR_005,-7e-12,0.7138
43,2020-W44,6,USR_004,5,STK_003,0.0,-0.3129
43,2020-W44,6,USR_004,6,USR_004,2e-12,1.0
43,2020-W44,6,USR_004,7,USR_007,-4e-12,0.6355
43,2020-W44,6,USR_004,8,STK_001,0.0,-0.0
43,2020-W44,6,USR_004,9,USR_008,-3e-12,0.5948
43,2020-W44,6,USR_004,10,USR_006,4e-12,-0.7095
43,2020-W44,6,USR_004,11,STK_002,-0.0,0.3958
43,2020-W44,6,USR_004,12,USR_002,2e-12,-0.9901
43,2020-W44,6,USR_004,13,USR_010,4e-12,-0.7431
43,2020-W44,6,USR_004,14,USR_001,2e-12,-0.9891
43,2020-W44,7,USR_007,0,STK_004,0.0,-0.5127
43,2020-W44,7,USR_007,1,USR_003,-4e-12,0.6403
43,2020-W44,7,USR_007,2,USR_009,5e-12,-0.3169
43,2020-W44,7,USR_007,3,STK_005,-0.0,0.0
43,2020-W44,7,USR_007,4,USR_005,1.1e-11,-0.2581
43,2020-W44,7,USR_007,5,STK_003,0.0,-0.2309
43,2020-W44,7,USR_007,6,USR_004,-4e-12,0.6355
43,2020-W44,7,USR_007,7,USR_007,3.1e-11,1.0
43,2020-W44,7,USR_007,8,STK_001,0.0,-0.0
43,2020-W44,7,USR_007,9,USR_008,2e-12,-0.1294
43,2020-W44,7,USR_007,10,USR_006,-1.6e-11,0.6575
43,2020-W44,7,USR_007,11,STK_002,0.0,-0.9309
43,2020-W44,7,USR_007,12,USR_002,-5e-12,0.689
43,2020-W44,7,USR_007,13,USR_010,-1.3e-11,0.6085
43,2020-W44,7,USR_007,14,USR_001,-5e-12,0.6859
43,2020-W44,8,STK_001,0,STK_004,-0.0,0.0
43,2020-W44,8,STK_001,1,USR_003,0.0,-0.0
43,2020-W44,8,STK_001,2,USR_009,0.0,-0.0
43,2020-W44,8,STK_001,3,STK_005,0.0,-0.0
43,2020-W44,8,STK_001,4,USR_005,-0.0,0.0
43,2020-W44,8,STK_001,5,STK_003,0.0,-0.0
43,2020-W44,8,STK_001,6,USR_004,0.0,-0.0
43,2020-W44,8,STK_001,7,USR_007,-0.0,0.0
43,2020-W44,8,STK_001,8,STK_001,0.0,1.0
43,2020-W44,8,STK_001,9,USR_008,-0.0,0.0
43,2020-W44,8,STK_001,10,USR_006,0.0,-0.0
43,2020-W44,8,STK_001,11,STK_002,-0.0,0.0
43,2020-W44,8,STK_001,12,USR_002,0.0,-0.0
43,2020-W44,8,STK_001,13,USR_010,0.0,-0.0
43,2020-W44,8,STK_001,14,USR_001,0.0,-0.0
43,2020-W44,9,USR_008,0,STK_004,0.0,-0.6415
43,2020-W44,9,USR_008,1,USR_003,-2e-12,0.5489
43,2020-W44,9,USR_008,2,USR_009,-3e-12,0.3425
43,2020-W44,9,USR_008,3,STK_005,-0.0,0.0
43,2020-W44,9,USR_008,4,USR_005,1.8e-11,-0.7013
43,2020-W44,9,USR_008,5,STK_003,-0.0,0.6441
43,2020-W44,9,USR_008,6,USR_004,-3e-12,0.5948
43,2020-W44,9,USR_008,7,USR_007,2e-12,-0.1294
43,2020-W44,9,USR_008,8,STK_001,0.0,-0.0
43,2020-W44,9,USR_008,9,USR_008,1.1e-11,1.0
43,2020-W44,9,USR_008,10,USR_006,-1e-11,0.6562
43,2020-W44,9,USR_008,11,STK_002,-0.0,0.0805
43,2020-W44,9,USR_008,12,USR_002,-3e-12,0.5527
43,2020-W44,9,USR_008,13,USR_010,-9e-12,0.6614
43,2020-W44,9,USR_008,14,USR_001,-3e-12,0.5519
43,2020-W44,10,USR_006,0,STK_004,-0.0,0.7812
43,2020-W44,10,USR_006,1,USR_003,4e-12,-0.6644
43,2020-W44,10,USR_006,2,USR_009,0.0,-0.0159
43,2020-W44,10,USR_006,3,STK_005,0.0,-0.0
43,2020-W44,10,USR_006,4,USR_005,-2.4e-11,0.7104
43,2020-W44,10,USR_006,5,STK_003,0.0,-0.32
43,2020-W44,10,USR_006,6,USR_004,4e-12,-0.7095
43,2020-W44,10,USR_006,7,USR_007,-1.6e-11,0.6575
43,2020-W44,10,USR_006,8,STK_001,0.0,-0.0
43,2020-W44,10,USR_006,9,USR_008,-1e-11,0.6562
43,2020-W44,10,USR_006,10,USR_006,2e-11,1.0
43,2020-W44,10,USR_006,11,STK_002,-0.0,0.5484
43,2020-W44,10,USR_006,12,USR_002,4e-12,-0.6984
43,2020-W44,10,USR_006,13,USR_010,1.3e-11,-0.7846
43,2020-W44,10,USR_006,14,USR_001,4e-12,-0.7007
43,2020-W44,11,STK_002,0,STK_004,0.0,-0.2363
43,2020-W44,11,STK_002,1,USR_003,-0.0,0.3891
43,2020-W44,11,STK_002,2,USR_009,0.0,-0.5253
43,2020-W44,11,STK_002,3,STK_005,-0.0,0.0
43,2020-W44,11,STK_002,4,USR_005,-0.0,0.0218
43,2020-W44,11,STK_002,5,STK_003,0.0,-0.4282
43,2020-W44,11,STK_002,6,USR_004,-0.0,0.3958
43,2020-W44,11,STK_002,7,USR_007,0.0,-0.9309
43,2020-W44,11,STK_002,8,STK_001,0.0,-0.0
43,2020-W44,11,STK_002,9,USR_008,-0.0,0.0805
43,2020-W44,11,STK_002,10,USR_006,-0.0,0.5484
43,2020-W44,11,STK_002,11,STK_002,0.0,1.0
43,2020-W44,11,STK_002,12,USR_002,-0.0,0.4444
43,2020-W44,11,STK_002,13,USR_010,-0.0,0.3839
43,2020-W44,11,STK_002,14,USR_001,-0.0,0.44
43,2020-W44,12,USR_002,0,STK_004,-0.0,0.8113
43,2020-W44,12,USR_002,1,USR_003,2e-12,-0.9945
43,2020-W44,12,USR_002,2,USR_009,-1e-12,0.1482
43,2020-W44,12,USR_002,3,STK_005,0.0,-0.0
43,2020-W44,12,USR_002,4,USR_005,-7e-12,0.6865
43,2020-W44,12,USR_002,5,STK_003,0.0,-0.2628
43,2020-W44,12,USR_002,6,USR_004,2e-12,-0.9901
43,2020-W44,12,USR_002,7,USR_007,-5e-12,0.689
43,2020-W44,12,USR_002,8,STK_001,0.0,-0.0
43,2020-W44,12,USR_002,9,USR_008,-3e-12,0.5527
43,2020-W44,12,USR_002,10,USR_006,4e-12,-0.6984
43,2020-W44,12,USR_002,11,STK_002,-0.0,0.4444
43,2020-W44,12,USR_002,12,USR_002,2e-12,1.0
43,2020-W44,12,USR_002,13,USR_010,4e-12,-0.7402
43,2020-W44,12,USR_002,14,USR_001,2e-12,-0.999
43,2020-W44,13,USR_010,0,STK_004,-0.0,0.9278
43,2020-W44,13,USR_010,1,USR_003,3e-12,-0.7253
43,2020-W44,13,USR_010,2,USR_009,2e-12,-0.2445
43,2020-W44,13,USR_010,3,STK_005,0.0,-0.0
43,2020-W44,13,USR_010,4,USR_005,-2.4e-11,0.836
43,2020-W44,13,USR_010,5,STK_003,0.0,-0.4444
43,2020-W44,13,USR_010,6,USR_004,4e-12,-0.7431
43,2020-W44,13,USR_010,7,USR_007,-1.3e-11,0.6085
43,2020-W44,13,USR_010,8,STK_001,0.0,-0.0
43,2020-W44,13,USR_010,9,USR_008,-9e-12,0.6614
43,2020-W44,13,USR_010,10,USR_006,1.3e-11,-0.7846
43,2020-W44,13,USR_010,11,STK_002,-0.0,0.3839
43,2020-W44,13,USR_010,12,USR_002,4e-12,-0.7402
43,2020-W44,13,USR_010,13,USR_010,1.5e-11,1.0
43,2020-W44,13,USR_010,14,USR_001,4e-12,-0.7393
43,2020-W44,14,USR_001,0,STK_004,-0.0,0.8151
43,2020-W44,14,USR_001,1,USR_003,2e-12,-0.9944
43,2020-W44,14,USR_001,2,USR_009,-0.0,0.1408
43,2020-W44,14,USR_001,3,STK_005,0.0,-0.0
43,2020-W44,14,USR_001,4,USR_005,-7e-12,0.6924
43,2020-W44,14,USR_001,5,STK_003,0.0,-0.2669
43,2020-W44,14,USR_001,6,USR_004,2e-12,-0.9891
43,2020-W44,14,USR_001,7,USR_007,-5e-12,0.6859
43,2020-W44,14,USR_001,8,STK_001,0.0,-0.0
43,2020-W44,14,USR_001,9,USR_008,-3e-12,0.5519
43,2020-W44,14,USR_001,10,USR_006,4e-12,-0.7007
43,2020-W44,14,USR_001,11,STK_002,-0.0,0.44
43,2020-W44,14,USR_001,12,USR_002,2e-12,-0.999
43,2020-W44,14,USR_001,13,USR_010,4e-12,-0.7393
43,2020-W44,14,USR_001,14,USR_001,2e-12,1.0
44,2020-W45,0,STK_004,0,STK_004,0.0,1.0
44,2020-W45,0,STK_004,1,USR_003,0.0,-0.238
44,2020-W45,0,STK_004,2,USR_009,-0.0,0.8874
44,2020-W45,0,STK_004,3,STK_005,0.0,-0.0
44,2020-W45,0,STK_004,4,USR_005,0.0,-0.9873
44,2020-W45,0,STK_004,5,STK_003,0.0,-0.3991
44,2020-W45,0,STK_004,6,USR_004,0.0,-0.2523
44,2020-W45,0,STK_004,7,USR_007,-0.0,0.6455
44,2020-W45,0,STK_004,8,STK_001,0.0,-0.0
44,2020-W45,0,STK_004,9,USR_008,0.0,-0.8746
44,2020-W45,0,STK_004,10,USR_006,-0.0,0.6133
44,2020-W45,0,STK_004,11,STK_002,-0.0,0.9834
44,2020-W45,0,STK_004,12,USR_002,0.0,-0.2706
44,2020-W45,0,STK_004,13,USR_010,-0.0,0.6731
44,2020-W45,0,STK_004,14,USR_001,0.0,-0.248
44,2020-W45,1,USR_003,0,STK_004,0.0,-0.238
44,2020-W45,1,USR_003,1,USR_003,2e-12,1.0
44,2020-W45,1,USR_003,2,USR_009,-5e-12,0.59
44,2020-W45,1,USR_003,3,STK_005,0.0,-0.0
44,2020-W45,1,USR_003,4,USR_005,2e-12,-0.0969
44,2020-W45,1,USR_003,5,STK_003,0.0,-0.1658
44,2020-W45,1,USR_003,6,USR_004,2e-12,-0.9949
44,2020-W45,1,USR_003,7,USR_007,-1.2e-11,0.7859
44,2020-W45,1,USR_003,8,STK_001,0.0,-0.0
44,2020-W45,1,USR_003,9,USR_008,1e-12,-0.1058
44,2020-W45,1,USR_003,10,USR_006,2e-12,-0.2934
44,2020-W45,1,USR_003,11,STK_002,-0.0,0.3926
44,2020-W45,1,USR_003,12,USR_002,3e-12,-0.9963
44,2020-W45,1,USR_003,13,USR_010,2e-12,-0.3707
44,2020-W45,1,USR_003,14,USR_001,3e-12,-0.997
44,2020-W45,2,USR_009,0,STK_004,-0.0,0.8874
44,2020-W45,2,USR_009,1,USR_003,-5e-12,0.59
44,2020-W45,2,USR_009,2,USR_009,3.4e-11,1.0
44,2020-W45,2,USR_009,3,STK_005,-0.0,0.0
44,2020-W45,2,USR_009,4,USR_005,-5.4e-11,0.8156
44,2020-W45,2,USR_009,5,STK_003,-0.0,0.3833
44,2020-W45,2,USR_009,6,USR_004,-6e-12,0.6095
44,2020-W45,2,USR_009,7,USR_007,4.6e-11,-0.8152
44,2020-W45,2,USR_009,8,STK_001,0.0,-0.0
44,2020-W45,2,USR_009,9,USR_008,-2e-11,0.7336
44,2020-W45,2,USR_009,10,USR_006,9e-12,-0.3108
44,2020-W45,2,USR_009,11,STK_002,0.0,-0.9355
44,2020-W45,2,USR_009,12,USR_002,-6e-12,0.6135
44,2020-W45,2,USR_009,13,USR_010,9e-12,-0.3789
44,2020-W45,2,USR_009,14,USR_001,-6e-12,0.5957
44,2020-W45,3,STK_005,0,STK_004,-0.0,0.0
44,2020-W45,3,STK_005,1,USR_003,-0.0,0.0
44,2020-W45,3,STK_005,2,USR_009,0.0,-0.0
44,2020-W45,3,STK_005,3,STK_005,-0.0,1.0
44,2020-W45,3,STK_005,4,USR_005,-0.0,0.0
44,2020-W45,3,STK_005,5,STK_003,-0.0,0.0
44,2020-W45,3,STK_005,6,USR_004,-0.0,0.0
44,2020-W45,3,STK_005,7,USR_007,0.0,-0.0
44,2020-W45,3,STK_005,8,STK_001,0.0,-0.0
44,2020-W45,3,STK_005,9,USR_008,-0.0,0.0
44,2020-W45,3,STK_005,10,USR_006,-0.0,0.0
44,2020-W45,3,STK_005,11,STK_002,0.0,-0.0
44,2020-W45,3,STK_005,12,USR_002,-0.0,0.0
44,2020-W45,3,STK_005,13,USR_010,-0.0,0.0
44,2020-W45,3,STK_005,14,USR_001,-0.0,0.0
44,2020-W45,4,USR_005,0,STK_004,0.0,-0.9873
44,2020-W45,4,USR_005,1,USR_003,2e-12,-0.0969
44,2020-W45,4,USR_005,2,USR_009,-5.4e-11,0.8156
44,2020-W45,4,USR_005,3,STK_005,0.0,-0.0
44,2020-W45,4,USR_005,4,USR_005,1.3e-10,1.0
44,2020-W45,4,USR_005,5,STK_003,0.0,-0.3827
44,2020-W45,4,USR_005,6,USR_004,2e-12,-0.1119
44,2020-W45,4,USR_005,7,USR_007,-5.8e-11,0.528
44,2020-W45,4,USR_005,8,STK_001,0.0,-0.0
44,2020-W45,4,USR_005,9,USR_008,4.5e-11,-0.8547
44,2020-W45,4,USR_005,10,USR_006,-3.7e-11,0.6904
44,2020-W45,4,USR_005,11,STK_002,-0.0,0.9434
44,2020-W45,4,USR_005,12,USR_002,3e-12,-0.1295
44,2020-W45,4,USR_005,13,USR_010,-3.4e-11,0.7513
44,2020-W45,4,USR_005,14,USR_001,2e-12,-0.1059
44,2020-W45,5,STK_003,0,STK_004,0.0,-1.0
44,2020-W45,5,STK_003,1,USR_003,0.0,-0.8292
44,2020-W45,5,STK_003,2,USR_009,-0.0,1.0
44,2020-W45,5,STK_003,3,STK_005,0.0,-0.0
44,2020-W45,5,STK_003,4,USR_005,0.0,-1.0
44,2020-W45,5,STK_003,5,STK_003,0.0,1.0
44,2020-W45,5,STK_003,6,USR_004,0.0,-0.8597
44,2020-W45,5,STK_003,7,USR_007,-0.0,1.0
44,2020-W45,5,STK_003,8,STK_001,0.0,-0.0
44,2020-W45,5,STK_003,9,USR_008,0.0,-1.0
44,2020-W45,5,STK_003,10,USR_006,-0.0,1.0
44,2020-W45,5,STK_003,11,STK_002,-0.0,1.0
44,2020-W45,5,STK_003,12,USR_002,0.0,-0.9094
44,2020-W45,5,STK_003,13,USR_010,-0.0,1.0
44,2020-W45,5,STK_003,14,USR_001,0.0,-0.8555
44,2020-W45,6,USR_004,0,STK_004,0.0,-0.2523
44,2020-W45,6,USR_004,1,USR_003,2e-12,-0.9949
44,2020-W45,6,USR_004,2,USR_009,-6e-12,0.6095
44,2020-W45,6,USR_004,3,STK_005,0.0,-0.0
44,2020-W45,6,USR_004,4,USR_005,2e-12,-0.1119
44,2020-W45,6,USR_004,5,STK_003,0.0,-0.1711
44,2020-W45,6,USR_004,6,USR_004,3e-12,1.0
44,2020-W45,6,USR_004,7,USR_007,-1.2e-11,0.7941
44,2020-W45,6,USR_004,8,STK_001,0.0,-0.0
44,2020-W45,6,USR_004,9,USR_008,1e-12,-0.1017
44,2020-W45,6,USR_004,10,USR_006,2e-12,-0.3101
44,2020-W45,6,USR_004,11,STK_002,-0.0,0.4049
44,2020-W45,6,USR_004,12,USR_002,3e-12,-0.9956
44,2020-W45,6,USR_004,13,USR_010,2e-12,-0.362
44,2020-W45,6,USR_004,14,USR_001,3e-12,-0.9957
44,2020-W45,7,USR_007,0,STK_004,-0.0,0.6455
44,2020-W45,7,USR_007,1,USR_003,-1.2e-11,0.7859
44,2020-W45,7,USR_007,2,USR_009,4.6e-11,-0.8152
44,2020-W45,7,USR_007,3,STK_005,-0.0,0.0
44,2020-W45,7,USR_007,4,USR_005,-5.8e-11,0.528
44,2020-W45,7,USR_007,5,STK_003,-0.0,0.3136
44,2020-W45,7,USR_007,6,USR_004,-1.2e-11,0.7941
44,2020-W45,7,USR_007,7,USR_007,9.4e-11,1.0
44,2020-W45,7,USR_007,8,STK_001,0.0,-0.0
44,2020-W45,7,USR_007,9,USR_008,-2.3e-11,0.5191
44,2020-W45,7,USR_007,10,USR_006,-4e-12,0.0769
44,2020-W45,7,USR_007,11,STK_002,0.0,-0.7694
44,2020-W45,7,USR_007,12,USR_002,-1.4e-11,0.8211
44,2020-W45,7,USR_007,13,USR_010,-3e-12,0.0837
44,2020-W45,7,USR_007,14,USR_001,-1.4e-11,0.8109
44,2020-W45,8,STK_001,0,STK_004,-0.0,0.0
44,2020-W45,8,STK_001,1,USR_003,-0.0,0.0
44,2020-W45,8,STK_001,2,USR_009,0.0,-0.0
44,2020-W45,8,STK_001,3,STK_005,-0.0,0.0
44,2020-W45,8,STK_001,4,USR_005,-0.0,0.0
44,2020-W45,8,STK_001,5,STK_003,-0.0,0.0
44,2020-W45,8,STK_001,6,USR_004,-0.0,0.0
44,2020-W45,8,STK_001,7,USR_007,0.0,-0.0
44,2020-W45,8,STK_001,8,STK_001,0.0,1.0
44,2020-W45,8,STK_001,9,USR_008,-0.0,0.0
44,2020-W45,8,STK_001,10,USR_006,0.0,-0.0
44,2020-W45,8,STK_001,11,STK_002,0.0,-0.0
44,2020-W45,8,STK_001,12,USR_002,-0.0,0.0
44,2020-W45,8,STK_001,13,USR_010,0.0,-0.0
44,2020-W45,8,STK_001,14,USR_001,-0.0,0.0
44,2020-W45,9,USR_008,0,STK_004,0.0,-0.8746
44,2020-W45,9,USR_008,1,USR_003,1e-12,-0.1058
44,2020-W45,9,USR_008,2,USR_009,-2e-11,0.7336
44,2020-W45,9,USR_008,3,STK_005,0.0,-0.0
44,2020-W45,9,USR_008,4,USR_005,4.5e-11,-0.8547
44,2020-W45,9,USR_008,5,STK_003,0.0,-0.3447
44,2020-W45,9,USR_008,6,USR_004,1e-12,-0.1017
44,2020-W45,9,USR_008,7,USR_007,-2.3e-11,0.5191
44,2020-W45,9,USR_008,8,STK_001,0.0,-0.0
44,2020-W45,9,USR_008,9,USR_008,2.1e-11,1.0
44,2020-W45,9,USR_008,10,USR_006,-1.5e-11,0.6775
44,2020-W45,9,USR_008,11,STK_002,-0.0,0.8621
44,2020-W45,9,USR_008,12,USR_002,1e-12,-0.1263
44,2020-W45,9,USR_008,13,USR_010,-1.2e-11,0.6592
44,2020-W45,9,USR_008,14,USR_001,1e-12,-0.1075
44,2020-W45,10,USR_006,0,STK_004,-0.0,0.6133
44,2020-W45,10,USR_006,1,USR_003,2e-12,-0.2934
44,2020-W45,10,USR_006,2,USR_009,9e-12,-0.3108
44,2020-W45,10,USR_006,3,STK_005,-0.0,0.0
44,2020-W45,10,USR_006,4,USR_005,-3.7e-11,0.6904
44,2020-W45,10,USR_006,5,STK_003,-0.0,0.2045
44,2020-W45,10,USR_006,6,USR_004,2e-12,-0.3101
44,2020-W45,10,USR_006,7,USR_007,-4e-12,0.0769
44,2020-W45,10,USR_006,8,STK_001,0.0,-0.0
44,2020-W45,10,USR_006,9,USR_008,-1.5e-11,0.6775
44,2020-W45,10,USR_006,10,USR_006,2.2e-11,1.0
44,2020-W45,10,USR_006,11,STK_002,0.0,-0.5075
44,2020-W45,10,USR_006,12,USR_002,3e-12,-0.2993
44,2020-W45,10,USR_006,13,USR_010,1.5e-11,-0.81
44,2020-W45,10,USR_006,14,USR_001,3e-12,-0.3171
44,2020-W45,11,STK_002,0,STK_004,-0.0,0.9834
44,2020-W45,11,STK_002,1,USR_003,-0.0,0.3926
44,2020-W45,11,STK_002,2,USR_009,0.0,-0.9355
44,2020-W45,11,STK_002,3,STK_005,-0.0,0.0
44,2020-W45,11,STK_002,4,USR_005,-0.0,0.9434
44,2020-W45,11,STK_002,5,STK_003,-0.0,0.4062
44,2020-W45,11,STK_002,6,USR_004,-0.0,0.4049
44,2020-W45,11,STK_002,7,USR_007,0.0,-0.7694
44,2020-W45,11,STK_002,8,STK_001,0.0,-0.0
44,2020-W45,11,STK_002,9,USR_008,-0.0,0.8621
44,2020-W45,11,STK_002,10,USR_006,0.0,-0.5075
44,2020-W45,11,STK_002,11,STK_002,0.0,1.0
44,2020-W45,11,STK_002,12,USR_002,-0.0,0.4258
44,2020-W45,11,STK_002,13,USR_010,0.0,-0.5429
44,2020-W45,11,STK_002,14,USR_001,-0.0,0.4047
44,2020-W45,12,USR_002,0,STK_004,0.0,-0.2706
44,2020-W45,12,USR_002,1,USR_003,3e-12,-0.9963
44,2020-W45,12,USR_002,2,USR_009,-6e-12,0.6135
44,2020-W45,12,USR_002,3,STK_005,0.0,-0.0
44,2020-W45,12,USR_002,4,USR_005,3e-12,-0.1295
44,2020-W45,12,USR_002,5,STK_003,0.0,-0.1791
44,2020-W45,12,USR_002,6,USR_004,3e-12,-0.9956
44,2020-W45,12,USR_002,7,USR_007,-1.4e-11,0.8211
44,2020-W45,12,USR_002,8,STK_001,0.0,-0.0
44,2020-W45,12,USR_002,9,USR_008,1e-12,-0.1263
44,2020-W45,12,USR_002,10,USR_006,3e-12,-0.2993
44,2020-W45,12,USR_002,11,STK_002,-0.0,0.4258
44,2020-W45,12,USR_002,12,USR_002,3e-12,1.0
44,2020-W45,12,USR_002,13,USR_010,3e-12,-0.3651
44,2020-W45,12,USR_002,14,USR_001,3e-12,-0.9992
44,2020-W45,13,USR_010,0,STK_004,-0.0,0.6731
44,2020-W45,13,USR_010,1,USR_003,2e-12,-0.3707
44,2020-W45,13,USR_010,2,USR_009,9e-12,-0.3789
44,2020-W45,13,USR_010,3,STK_005,-0.0,0.0
44,2020-W45,13,USR_010,4,USR_005,-3.4e-11,0.7513
44,2020-W45,13,USR_010,5,STK_003,-0.0,0.2177
44,2020-W45,13,USR_010,6,USR_004,2e-12,-0.362
44,2020-W45,13,USR_010,7,USR_007,-3e-12,0.0837
44,2020-W45,13,USR_010,8,STK_001,0.0,-0.0
44,2020-W45,13,USR_010,9,USR_008,-1.2e-11,0.6592
44,2020-W45,13,USR_010,10,USR_006,1.5e-11,-0.81
44,2020-W45,13,USR_010,11,STK_002,0.0,-0.5429
44,2020-W45,13,USR_010,12,USR_002,3e-12,-0.3651
44,2020-W45,13,USR_010,13,USR_010,1.5e-11,1.0
44,2020-W45,13,USR_010,14,USR_001,3e-12,-0.3825
44,2020-W45,14,USR_001,0,STK_004,0.0,-0.248
44,2020-W45,14,USR_001,1,USR_003,3e-12,-0.997
44,2020-W45,14,USR_001,2,USR_009,-6e-12,0.5957
44,2020-W45,14,USR_001,3,STK_005,0.0,-0.0
44,2020-W45,14,USR_001,4,USR_005,2e-12,-0.1059
44,2020-W45,14,USR_001,5,STK_003,0.0,-0.1705
44,2020-W45,14,USR_001,6,USR_004,3e-12,-0.9957
44,2020-W45,14,USR_001,7,USR_007,-1.4e-11,0.8109
44,2020-W45,14,USR_001,8,STK_001,0.0,-0.0
44,2020-W45,14,USR_001,9,USR_008,1e-12,-0.1075
44,2020-W45,14,USR_001,10,USR_006,3e-12,-0.3171
44,2020-W45,14,USR_001,11,STK_002,-0.0,0.4047
44,2020-W45,14,USR_001,12,USR_002,3e-12,-0.9992
44,2020-W45,14,USR_001,13,USR_010,3e-12,-0.3825
44,2020-W45,14,USR_001,14,USR_001,3e-12,1.0
45,2020-W46,0,STK_004,0,STK_004,0.0,1.0
45,2020-W46,0,STK_004,1,USR_003,-0.0,0.8745
45,2020-W46,0,STK_004,2,USR_009,-0.0,0.2487
45,2020-W46,0,STK_004,3,STK_005,0.0,-0.0043
45,2020-W46,0,STK_004,4,USR_005,0.0,-0.736
45,2020-W46,0,STK_004,5,STK_003,0.0,-0.0
45,2020-W46,0,STK_004,6,USR_004,-0.0,0.8723
45,2020-W46,0,STK_004,7,USR_007,0.0,-0.8098
45,2020-W46,0,STK_004,8,STK_001,0.0,-0.0
45,2020-W46,0,STK_004,9,USR_008,0.0,-0.2352
45,2020-W46,0,STK_004,10,USR_006,-0.0,0.8962
45,2020-W46,0,STK_004,11,STK_002,-0.0,0.9945
45,2020-W46,0,STK_004,12,USR_002,-0.0,0.8756
45,2020-W46,0,STK_004,13,USR_010,-0.0,0.9664
45,2020-W46,0,STK_004,14,USR_001,-0.0,0.8772
45,2020-W46,1,USR_003,0,STK_004,-0.0,0.8745
45,2020-W46,1,USR_003,1,USR_003,5e-12,1.0
45,2020-W46,1,USR_003,2,USR_009,-1e-12,0.1465
45,2020-W46,1,USR_003,3,STK_005,-0.0,0.0048
45,2020-W46,1,USR_003,4,USR_005,-7e-12,0.4572
45,2020-W46,1,USR_003,5,STK_003,-0.0,0.0
45,2020-W46,1,USR_003,6,USR_004,5e-12,-0.9973
45,2020-W46,1,USR_003,7,USR_007,-3.5e-11,0.8859
45,2020-W46,1,USR_003,8,STK_001,0.0,-0.0
45,2020-W46,1,USR_003,9,USR_008,-1e-12,0.0744
45,2020-W46,1,USR_003,10,USR_006,1e-11,-0.803
45,2020-W46,1,USR_003,11,STK_002,0.0,-0.8864
45,2020-W46,1,USR_003,12,USR_002,6e-12,-0.996
45,2020-W46,1,USR_003,13,USR_010,1.3e-11,-0.8795
45,2020-W46,1,USR_003,14,USR_001,6e-12,-0.9965
45,2020-W46,2,USR_009,0,STK_004,-0.0,0.2487
45,2020-W46,2,USR_009,1,USR_003,-1e-12,0.1465
45,2020-W46,2,USR_009,2,USR_009,8e-12,1.0
45,2020-W46,2,USR_009,3,STK_005,0.0,-0.0006
45,2020-W46,2,USR_009,4,USR_005,-9e-12,0.4323
45,2020-W46,2,USR_009,5,STK_003,0.0,-0.0
45,2020-W46,2,USR_009,6,USR_004,-1e-12,0.1634
45,2020-W46,2,USR_009,7,USR_007,3e-12,-0.0525
45,2020-W46,2,USR_009,8,STK_001,0.0,-0.0
45,2020-W46,2,USR_009,9,USR_008,-2e-12,0.2272
45,2020-W46,2,USR_009,10,USR_006,0.0,-0.0171
45,2020-W46,2,USR_009,11,STK_002,0.0,-0.2201
45,2020-W46,2,USR_009,12,USR_002,-1e-12,0.1371
45,2020-W46,2,USR_009,13,USR_010,4e-12,-0.1858
45,2020-W46,2,USR_009,14,USR_001,-1e-12,0.1364
45,2020-W46,3,STK_005,0,STK_004,0.0,-1.0
45,2020-W46,3,STK_005,1,USR_003,-0.0,1.0
45,2020-W46,3,STK_005,2,USR_009,0.0,-1.0
45,2020-W46,3,STK_005,3,STK_005,0.0,1.0
45,2020-W46,3,STK_005,4,USR_005,0.0,-1.0
45,2020-W46,3,STK_005,5,STK_003,0.0,-0.0
45,2020-W46,3,STK_005,6,USR_004,-0.0,1.0
45,2020-W46,3,STK_005,7,USR_007,0.0,-1.0
45,2020-W46,3,STK_005,8,STK_001,0.0,-0.0
45,2020-W46,3,STK_005,9,USR_008,-0.0,1.0
45,2020-W46,3,STK_005,10,USR_006,-0.0,1.0
45,2020-W46,3,STK_005,11,STK_002,-0.0,1.0
45,2020-W46,3,STK_005,12,USR_002,-0.0,1.0
45,2020-W46,3,STK_005,13,USR_010,-0.0,1.0
45,2020-W46,3,STK_005,14,USR_001,-0.0,1.0
45,2020-W46,4,USR_005,0,STK_004,0.0,-0.736
45,2020-W46,4,USR_005,1,USR_003,-7e-12,0.4572
45,2020-W46,4,USR_005,2,USR_009,-9e-12,0.4323
45,2020-W46,4,USR_005,3,STK_005,0.0,-0.0008
45,2020-W46,4,USR_005,4,USR_005,5e-11,1.0
45,2020-W46,4,USR_005,5,STK_003,0.0,-0.0
45,2020-W46,4,USR_005,6,USR_004,-7e-12,0.4506
45,2020-W46,4,USR_005,7,USR_007,2.7e-11,-0.2028
45,2020-W46,4,USR_005,8,STK_001,0.0,-0.0
45,2020-W46,4,USR_005,9,USR_008,1.3e-11,-0.5898
45,2020-W46,4,USR_005,10,USR_006,-2.4e-11,0.5958
45,2020-W46,4,USR_005,11,STK_002,-0.0,0.6706
45,2020-W46,4,USR_005,12,USR_002,-8e-12,0.4157
45,2020-W46,4,USR_005,13,USR_010,-2.7e-11,0.5657
45,2020-W46,4,USR_005,14,USR_001,-8e-12,0.4206
45,2020-W46,5,STK_003,0,STK_004,-0.0,0.0
45,2020-W46,5,STK_003,1,USR_003,0.0,-0.0
45,2020-W46,5,STK_003,2,USR_009,-0.0,0.0
45,2020-W46,5,STK_003,3,STK_005,-0.0,0.0
45,2020-W46,5,STK_003,4,USR_005,-0.0,0.0
45,2020-W46,5,STK_003,5,STK_003,-0.0,1.0
45,2020-W46,5,STK_003,6,USR_004,0.0,-0.0
45,2020-W46,5,STK_003,7,USR_007,-0.0,0.0
45,2020-W46,5,STK_003,8,STK_001,0.0,-0.0
45,2020-W46,5,STK_003,9,USR_008,0.0,-0.0
45,2020-W46,5,STK_003,10,USR_006,0.0,-0.0
45,2020-W46,5,STK_003,11,STK_002,0.0,-0.0
45,2020-W46,5,STK_003,12,USR_002,0.0,-0.0
45,2020-W46,5,STK_003,13,USR_010,0.0,-0.0
45,2020-W46,5,STK_003,14,USR_001,0.0,-0.0
45,2020-W46,6,USR_004,0,STK_004,-0.0,0.8723
45,2020-W46,6,USR_004,1,USR_003,5e-12,-0.9973
45,2020-W46,6,USR_004,2,USR_009,-1e-12,0.1634
45,2020-W46,6,USR_004,3,STK_005,-0.0,0.0049
45,2020-W46,6,USR_004,4,USR_005,-7e-12,0.4506
45,2020-W46,6,USR_004,5,STK_003,-0.0,0.0
45,2020-W46,6,USR_004,6,USR_004,5e-12,1.0
45,2020-W46,6,USR_004,7,USR_007,-3.6e-11,0.8879
45,2020-W46,6,USR_004,8,STK_001,0.0,-0.0
45,2020-W46,6,USR_004,9,USR_008,-1e-12,0.0873
45,2020-W46,6,USR_004,10,USR_006,1e-11,-0.8173
45,2020-W46,6,USR_004,11,STK_002,0.0,-0.8865
45,2020-W46,6,USR_004,12,USR_002,6e-12,-0.9957
45,2020-W46,6,USR_004,13,USR_010,1.3e-11,-0.8793
45,2020-W46,6,USR_004,14,USR_001,6e-12,-0.9961
45,2020-W46,7,USR_007,0,STK_004,0.0,-0.8098
45,2020-W46,7,USR_007,1,USR_003,-3.5e-11,0.8859
45,2020-W46,7,USR_007,2,USR_009,3e-12,-0.0525
45,2020-W46,7,USR_007,3,STK_005,0.0,-0.0055
45,2020-W46,7,USR_007,4,USR_005,2.7e-11,-0.2028
45,2020-W46,7,USR_007,5,STK_003,0.0,-0.0
45,2020-W46,7,USR_007,6,USR_004,-3.6e-11,0.8879
45,2020-W46,7,USR_007,7,USR_007,3.41e-10,1.0
45,2020-W46,7,USR_007,8,STK_001,0.0,-0.0
45,2020-W46,7,USR_007,9,USR_008,-1.2e-11,0.2036
45,2020-W46,7,USR_007,10,USR_006,-8.4e-11,0.785
45,2020-W46,7,USR_007,11,STK_002,-0.0,0.8563
45,2020-W46,7,USR_007,12,USR_002,-4.5e-11,0.9208
45,2020-W46,7,USR_007,13,USR_010,-1.14e-10,0.8983
45,2020-W46,7,USR_007,14,USR_001,-4.4e-11,0.9192
45,2020-W46,8,STK_001,0,STK_004,0.0,-0.0
45,2020-W46,8,STK_001,1,USR_003,0.0,-0.0
45,2020-W46,8,STK_001,2,USR_009,-0.0,0.0
45,2020-W46,8,STK_001,3,STK_005,-0.0,0.0
45,2020-W46,8,STK_001,4,USR_005,0.0,-0.0
45,2020-W46,8,STK_001,5,STK_003,-0.0,0.0
45,2020-W46,8,STK_001,6,USR_004,0.0,-0.0
45,2020-W46,8,STK_001,7,USR_007,-0.0,0.0
45,2020-W46,8,STK_001,8,STK_001,0.0,1.0
45,2020-W46,8,STK_001,9,USR_008,0.0,-0.0
45,2020-W46,8,STK_001,10,USR_006,-0.0,0.0
45,2020-W46,8,STK_001,11,STK_002,-0.0,0.0
45,2020-W46,8,STK_001,12,USR_002,0.0,-0.0
45,2020-W46,8,STK_001,13,USR_010,0.0,-0.0
45,2020-W46,8,STK_001,14,USR_001,0.0,-0.0
45,2020-W46,9,USR_008,0,STK_004,0.0,-0.2352
45,2020-W46,9,USR_008,1,USR_003,-1e-12,0.0744
45,2020-W46,9,USR_008,2,USR_009,-2e-12,0.2272
45,2020-W46,9,USR_008,3,STK_005,-0.0,0.0013
45,2020-W46,9,USR_008,4,USR_005,1.3e-11,-0.5898
45,2020-W46,9,USR_008,5,STK_003,-0.0,0.0
45,2020-W46,9,USR_008,6,USR_004,-1e-12,0.0873
45,2020-W46,9,USR_008,7,USR_007,-1.2e-11,0.2036
45,2020-W46,9,USR_008,8,STK_001,0.0,-0.0
45,2020-W46,9,USR_008,9,USR_008,1e-11,1.0
45,2020-W46,9,USR_008,10,USR_006,-5e-12,0.2844
45,2020-W46,9,USR_008,11,STK_002,-0.0,0.2041
45,2020-W46,9,USR_008,12,USR_002,-0.0,0.0349
45,2020-W46,9,USR_008,13,USR_010,-3e-12,0.1179
45,2020-W46,9,USR_008,14,USR_001,-0.0,0.0368
45,2020-W46,10,USR_006,0,STK_004,-0.0,0.8962
45,2020-W46,10,USR_006,1,USR_003,1e-11,-0.803
45,2020-W46,10,USR_006,2,USR_009,0.0,-0.0171
45,2020-W46,10,USR_006,3,STK_005,-0.0,0.0042
45,2020-W46,10,USR_006,4,USR_005,-2.4e-11,0.5958
45,2020-W46,10,USR_006,5,STK_003,-0.0,0.0
45,2020-W46,10,USR_006,6,USR_004,1e-11,-0.8173
45,2020-W46,10,USR_006,7,USR_007,-8.4e-11,0.785
45,2020-W46,10,USR_006,8,STK_001,0.0,-0.0
45,2020-W46,10,USR_006,9,USR_008,-5e-12,0.2844
45,2020-W46,10,USR_006,10,USR_006,3.4e-11,1.0
45,2020-W46,10,USR_006,11,STK_002,0.0,-0.9177
45,2020-W46,10,USR_006,12,USR_002,1.3e-11,-0.8148
45,2020-W46,10,USR_006,13,USR_010,3.5e-11,-0.8727
45,2020-W46,10,USR_006,14,USR_001,1.2e-11,-0.8161
45,2020-W46,11,STK_002,0,STK_004,-0.0,0.9945
45,2020-W46,11,STK_002,1,USR_003,0.0,-0.8864
45,2020-W46,11,STK_002,2,USR_009,0.0,-0.2201
45,2020-W46,11,STK_002,3,STK_005,-0.0,0.0046
45,2020-W46,11,STK_002,4,USR_005,-0.0,0.6706
45,2020-W46,11,STK_002,5,STK_003,-0.0,0.0
45,2020-W46,11,STK_002,6,USR_004,0.0,-0.8865
45,2020-W46,11,STK_002,7,USR_007,-0.0,0.8563
45,2020-W46,11,STK_002,8,STK_001,0.0,-0.0
45,2020-W46,11,STK_002,9,USR_008,-0.0,0.2041
45,2020-W46,11,STK_002,10,USR_006,0.0,-0.9177
45,2020-W46,11,STK_002,11,STK_002,0.0,1.0
45,2020-W46,11,STK_002,12,USR_002,0.0,-0.8947
45,2020-W46,11,STK_002,13,USR_010,0.0,-0.9804
45,2020-W46,11,STK_002,14,USR_001,0.0,-0.8958
45,2020-W46,12,USR_002,0,STK_004,-0.0,0.8756
45,2020-W46,12,USR_002,1,USR_003,6e-12,-0.996
45,2020-W46,12,USR_002,2,USR_009,-1e-12,0.1371
45,2020-W46,12,USR_002,3,STK_005,-0.0,0.005
45,2020-W46,12,USR_002,4,USR_005,-8e-12,0.4157
45,2020-W46,12,USR_002,5,STK_003,-0.0,0.0
45,2020-W46,12,USR_002,6,USR_004,6e-12,-0.9957
45,2020-W46,12,USR_002,7,USR_007,-4.5e-11,0.9208
45,2020-W46,12,USR_002,8,STK_001,0.0,-0.0
45,2020-W46,12,USR_002,9,USR_008,-0.0,0.0349
45,2020-W46,12,USR_002,10,USR_006,1.3e-11,-0.8148
45,2020-W46,12,USR_002,11,STK_002,0.0,-0.8947
45,2020-W46,12,USR_002,12,USR_002,7e-12,1.0
45,2020-W46,12,USR_002,13,USR_010,1.6e-11,-0.8971
45,2020-W46,12,USR_002,14,USR_001,7e-12,-0.9998
45,2020-W46,13,USR_010,0,STK_004,-0.0,0.9664
45,2020-W46,13,USR_010,1,USR_003,1.3e-11,-0.8795
45,2020-W46,13,USR_010,2,USR_009,4e-12,-0.1858
45,2020-W46,13,USR_010,3,STK_005,-0.0,0.0048
45,2020-W46,13,USR_010,4,USR_005,-2.7e-11,0.5657
45,2020-W46,13,USR_010,5,STK_003,-0.0,0.0
45,2020-W46,13,USR_010,6,USR_004,1.3e-11,-0.8793
45,2020-W46,13,USR_010,7,USR_007,-1.14e-10,0.8983
45,2020-W46,13,USR_010,8,STK_001,0.0,-0.0
45,2020-W46,13,USR_010,9,USR_008,-3e-12,0.1179
45,2020-W46,13,USR_010,10,USR_006,3.5e-11,-0.8727
45,2020-W46,13,USR_010,11,STK_002,0.0,-0.9804
45,2020-W46,13,USR_010,12,USR_002,1.6e-11,-0.8971
45,2020-W46,13,USR_010,13,USR_010,4.7e-11,1.0
45,2020-W46,13,USR_010,14,USR_001,1.6e-11,-0.8971
45,2020-W46,14,USR_001,0,STK_004,-0.0,0.8772
45,2020-W46,14,USR_001,1,USR_003,6e-12,-0.9965
45,2020-W46,14,USR_001,2,USR_009,-1e-12,0.1364
45,2020-W46,14,USR_001,3,STK_005,-0.0,0.005
45,2020-W46,14,USR_001,4,USR_005,-8e-12,0.4206
45,2020-W46,14,USR_001,5,STK_003,-0.0,0.0
45,2020-W46,14,USR_001,6,USR_004,6e-12,-0.9961
45,2020-W46,14,USR_001,7,USR_007,-4.4e-11,0.9192
45,2020-W46,14,USR_001,8,STK_001,0.0,-0.0
45,2020-W46,14,USR_001,9,USR_008,-0.0,0.0368
45,2020-W46,14,USR_001,10,USR_006,1.2e-11,-0.8161
45,2020-W46,14,USR_001,11,STK_002,0.0,-0.8958
45,2020-W46,14,USR_001,12,USR_002,7e-12,-0.9998
45,2020-W46,14,USR_001,13,USR_010,1.6e-11,-0.8971
45,2020-W46,14,USR_001,14,USR_001,7e-12,1.0
46,2020-W47,0,STK_004,0,STK_004,0.0,1.0
46,2020-W47,0,STK_004,1,USR_003,0.0,-0.0291
46,2020-W47,0,STK_004,2,USR_009,0.0,-0.1333
46,2020-W47,0,STK_004,3,STK_005,-0.0,0.0
46,2020-W47,0,STK_004,4,USR_005,0.0,-0.642
46,2020-W47,0,STK_004,5,STK_003,0.0,-0.4056
46,2020-W47,0,STK_004,6,USR_004,0.0,-0.0276
46,2020-W47,0,STK_004,7,USR_007,-0.0,0.4829
46,2020-W47,0,STK_004,8,STK_001,0.0,-0.0
46,2020-W47,0,STK_004,9,USR_008,0.0,-0.6183
46,2020-W47,0,STK_004,10,USR_006,-0.0,0.1163
46,2020-W47,0,STK_004,11,STK_002,-0.0,0.8487
46,2020-W47,0,STK_004,12,USR_002,0.0,-0.1096
46,2020-W47,0,STK_004,13,USR_010,-0.0,0.0049
46,2020-W47,0,STK_004,14,USR_001,0.0,-0.105
46,2020-W47,1,USR_003,0,STK_004,0.0,-0.0291
46,2020-W47,1,USR_003,1,USR_003,3e-12,1.0
46,2020-W47,1,USR_003,2,USR_009,-1e-12,0.1187
46,2020-W47,1,USR_003,3,STK_005,-0.0,0.0
46,2020-W47,1,USR_003,4,USR_005,-9e-12,0.6513
46,2020-W47,1,USR_003,5,STK_003,0.0,-0.2263
46,2020-W47,1,USR_003,6,USR_004,4e-12,-0.9956
46,2020-W47,1,USR_003,7,USR_007,-2.1e-11,0.7922
46,2020-W47,1,USR_003,8,STK_001,0.0,-0.0
46,2020-W47,1,USR_003,9,USR_008,-2e-12,0.3962
46,2020-W47,1,USR_003,10,USR_006,8e-12,-0.788
46,2020-W47,1,USR_003,11,STK_002,-0.0,0.5026
46,2020-W47,1,USR_003,12,USR_002,4e-12,-0.9942
46,2020-W47,1,USR_003,13,USR_010,1e-11,-0.8421
46,2020-W47,1,USR_003,14,USR_001,4e-12,-0.9949
46,2020-W47,2,USR_009,0,STK_004,0.0,-0.1333
46,2020-W47,2,USR_009,1,USR_003,-1e-12,0.1187
46,2020-W47,2,USR_009,2,USR_009,1.7e-11,1.0
46,2020-W47,2,USR_009,3,STK_005,0.0,-0.0
46,2020-W47,2,USR_009,4,USR_005,-3e-12,0.1116
46,2020-W47,2,USR_009,5,STK_003,0.0,-0.2375
46,2020-W47,2,USR_009,6,USR_004,-1e-12,0.1689
46,2020-W47,2,USR_009,7,USR_007,-1.5e-11,0.2525
46,2020-W47,2,USR_009,8,STK_001,0.0,-0.0
46,2020-W47,2,USR_009,9,USR_008,3e-12,-0.2144
46,2020-W47,2,USR_009,10,USR_006,-3e-12,0.1163
46,2020-W47,2,USR_009,11,STK_002,-0.0,0.2128
46,2020-W47,2,USR_009,12,USR_002,-1e-12,0.074
46,2020-W47,2,USR_009,13,USR_010,5e-12,-0.1956
46,2020-W47,2,USR_009,14,USR_001,-1e-12,0.0747
46,2020-W47,3,STK_005,0,STK_004,0.0,-0.0
46,2020-W47,3,STK_005,1,USR_003,0.0,-0.0
46,2020-W47,3,STK_005,2,USR_009,0.0,-0.0
46,2020-W47,3,STK_005,3,STK_005,-0.0,1.0
46,2020-W47,3,STK_005,4,USR_005,-0.0,0.0
46,2020-W47,3,STK_005,5,STK_003,0.0,-0.0
46,2020-W47,3,STK_005,6,USR_004,0.0,-0.0
46,2020-W47,3,STK_005,7,USR_007,-0.0,0.0
46,2020-W47,3,STK_005,8,STK_001,0.0,-0.0
46,2020-W47,3,STK_005,9,USR_008,-0.0,0.0
46,2020-W47,3,STK_005,10,USR_006,0.0,-0.0
46,2020-W47,3,STK_005,11,STK_002,-0.0,0.0
46,2020-W47,3,STK_005,12,USR_002,0.0,-0.0
46,2020-W47,3,STK_005,13,USR_010,0.0,-0.0
46,2020-W47,3,STK_005,14,USR_001,0.0,-0.0
46,2020-W47,4,USR_005,0,STK_004,0.0,-0.642
46,2020-W47,4,USR_005,1,USR_003,-9e-12,0.6513
46,2020-W47,4,USR_005,2,USR_009,-3e-12,0.1116
46,2020-W47,4,USR_005,3,STK_005,0.0,-0.0
46,2020-W47,4,USR_005,4,USR_005,5.1e-11,1.0
46,2020-W47,4,USR_005,5,STK_003,0.0,-0.0443
46,2020-W47,4,USR_005,6,USR_004,-9e-12,0.6411
46,2020-W47,4,USR_005,7,USR_007,3.7e-11,-0.3557
46,2020-W47,4,USR_005,8,STK_001,0.0,-0.0
46,2020-W47,4,USR_005,9,USR_008,1.4e-11,-0.6022
46,2020-W47,4,USR_005,10,USR_006,-2.9e-11,0.7124
46,2020-W47,4,USR_005,11,STK_002,-0.0,0.142
46,2020-W47,4,USR_005,12,USR_002,-1e-11,0.6135
46,2020-W47,4,USR_005,13,USR_010,-3.2e-11,0.7336
46,2020-W47,4,USR_005,14,USR_001,-1e-11,0.6174
46,2020-W47,5,STK_003,0,STK_004,0.0,-0.9747
46,2020-W47,5,STK_003,1,USR_003,0.0,-1.0
46,2020-W47,5,STK_003,2,USR_009,0.0,-0.6403
46,2020-W47,5,STK_003,3,STK_005,-0.0,0.0
46,2020-W47,5,STK_003,4,USR_005,-0.0,1.0
46,2020-W47,5,STK_003,5,STK_003,0.0,1.0
46,2020-W47,5,STK_003,6,USR_004,0.0,-1.0
46,2020-W47,5,STK_003,7,USR_007,-0.0,1.0
46,2020-W47,5,STK_003,8,STK_001,0.0,-0.0
46,2020-W47,5,STK_003,9,USR_008,-0.0,0.1652
46,2020-W47,5,STK_003,10,USR_006,0.0,-1.0
46,2020-W47,5,STK_003,11,STK_002,-0.0,1.0
46,2020-W47,5,STK_003,12,USR_002,0.0,-1.0
46,2020-W47,5,STK_003,13,USR_010,0.0,-1.0
46,2020-W47,5,STK_003,14,USR_001,0.0,-1.0
46,2020-W47,6,USR_004,0,STK_004,0.0,-0.0276
46,2020-W47,6,USR_004,1,USR_003,4e-12,-0.9956
46,2020-W47,6,USR_004,2,USR_009,-1e-12,0.1689
46,2020-W47,6,USR_004,3,STK_005,-0.0,0.0
46,2020-W47,6,USR_004,4,USR_005,-9e-12,0.6411
46,2020-W47,6,USR_004,5,STK_003,0.0,-0.2154
46,2020-W47,6,USR_004,6,USR_004,4e-12,1.0
46,2020-W47,6,USR_004,7,USR_007,-2.2e-11,0.7836
46,2020-W47,6,USR_004,8,STK_001,0.0,-0.0
46,2020-W47,6,USR_004,9,USR_008,-3e-12,0.4181
46,2020-W47,6,USR_004,10,USR_006,9e-12,-0.8086
46,2020-W47,6,USR_004,11,STK_002,-0.0,0.4955
46,2020-W47,6,USR_004,12,USR_002,4e-12,-0.9914
46,2020-W47,6,USR_004,13,USR_010,1e-11,-0.8382
46,2020-W47,6,USR_004,14,USR_001,4e-12,-0.9919
46,2020-W47,7,USR_007,0,STK_004,-0.0,0.4829
46,2020-W47,7,USR_007,1,USR_003,-2.1e-11,0.7922
46,2020-W47,7,USR_007,2,USR_009,-1.5e-11,0.2525
46,2020-W47,7,USR_007,3,STK_005,0.0,-0.0
46,2020-W47,7,USR_007,4,USR_005,3.7e-11,-0.3557
46,2020-W47,7,USR_007,5,STK_003,-0.0,0.4387
46,2020-W47,7,USR_007,6,USR_004,-2.2e-11,0.7837
46,2020-W47,7,USR_007,7,USR_007,2.09e-10,1.0
46,2020-W47,7,USR_007,8,STK_001,0.0,-0.0
46,2020-W47,7,USR_007,9,USR_008,0.0,-0.0103
46,2020-W47,7,USR_007,10,USR_006,-5.8e-11,0.7054
46,2020-W47,7,USR_007,11,STK_002,0.0,-0.8705
46,2020-W47,7,USR_007,12,USR_002,-2.8e-11,0.8485
46,2020-W47,7,USR_007,13,USR_010,-7.5e-11,0.8534
46,2020-W47,7,USR_007,14,USR_001,-2.7e-11,0.8468
46,2020-W47,8,STK_001,0,STK_004,0.0,-0.0
46,2020-W47,8,STK_001,1,USR_003,0.0,-0.0
46,2020-W47,8,STK_001,2,USR_009,0.0,-0.0
46,2020-W47,8,STK_001,3,STK_005,-0.0,0.0
46,2020-W47,8,STK_001,4,USR_005,-0.0,0.0
46,2020-W47,8,STK_001,5,STK_003,0.0,-0.0
46,2020-W47,8,STK_001,6,USR_004,0.0,-0.0
46,2020-W47,8,STK_001,7,USR_007,-0.0,0.0
46,2020-W47,8,STK_001,8,STK_001,0.0,1.0
46,2020-W47,8,STK_001,9,USR_008,-0.0,0.0
46,2020-W47,8,STK_001,10,USR_006,0.0,-0.0
46,2020-W47,8,STK_001,11,STK_002,-0.0,0.0
46,2020-W47,8,STK_001,12,USR_002,0.0,-0.0
46,2020-W47,8,STK_001,13,USR_010,0.0,-0.0
46,2020-W47,8,STK_001,14,USR_001,0.0,-0.0
46,2020-W47,9,USR_008,0,STK_004,0.0,-0.6183
46,2020-W47,9,USR_008,1,USR_003,-2e-12,0.3962
46,2020-W47,9,USR_008,2,USR_009,3e-12,-0.2144
46,2020-W47,9,USR_008,3,STK_005,0.0,-0.0
46,2020-W47,9,USR_008,4,USR_005,1.4e-11,-0.6022
46,2020-W47,9,USR_008,5,STK_003,0.0,-0.1873
46,2020-W47,9,USR_008,6,USR_004,-3e-12,0.4181
46,2020-W47,9,USR_008,7,USR_007,0.0,-0.0103
46,2020-W47,9,USR_008,8,STK_001,0.0,-0.0
46,2020-W47,9,USR_008,9,USR_008,1e-11,1.0
46,2020-W47,9,USR_008,10,USR_006,-1e-11,0.5357
46,2020-W47,9,USR_008,11,STK_002,-0.0,0.3632
46,2020-W47,9,USR_008,12,USR_002,-3e-12,0.3526
46,2020-W47,9,USR_008,13,USR_010,-7e-12,0.3825
46,2020-W47,9,USR_008,14,USR_001,-2e-12,0.3531
46,2020-W47,10,USR_006,0,STK_004,-0.0,0.1163
46,2020-W47,10,USR_006,1,USR_003,8e-12,-0.788
46,2020-W47,10,USR_006,2,USR_009,-3e-12,0.1163
46,2020-W47,10,USR_006,3,STK_005,-0.0,0.0
46,2020-W47,10,USR_006,4,USR_005,-2.9e-11,0.7124
46,2020-W47,10,USR_006,5,STK_003,0.0,-0.1385
46,2020-W47,10,USR_006,6,USR_004,9e-12,-0.8086
46,2020-W47,10,USR_006,7,USR_007,-5.8e-11,0.7054
46,2020-W47,10,USR_006,8,STK_001,0.0,-0.0
46,2020-W47,10,USR_006,9,USR_008,-1e-11,0.5357
46,2020-W47,10,USR_006,10,USR_006,3.2e-11,1.0
46,2020-W47,10,USR_006,11,STK_002,-0.0,0.3456
46,2020-W47,10,USR_006,12,USR_002,1e-11,-0.7994
46,2020-W47,10,USR_006,13,USR_010,2.9e-11,-0.8481
46,2020-W47,10,USR_006,14,USR_001,1e-11,-0.8006
46,2020-W47,11,STK_002,0,STK_004,-0.0,0.8487
46,2020-W47,11,STK_002,1,USR_003,-0.0,0.5026
46,2020-W47,11,STK_002,2,USR_009,-0.0,0.2128
46,2020-W47,11,STK_002,3,STK_005,0.0,-0.0
46,2020-W47,11,STK_002,4,USR_005,-0.0,0.142
46,2020-W47,11,STK_002,5,STK_003,-0.0,0.4903
46,2020-W47,11,STK_002,6,USR_004,-0.0,0.4955
46,2020-W47,11,STK_002,7,USR_007,0.0,-0.8705
46,2020-W47,11,STK_002,8,STK_001,0.0,-0.0
46,2020-W47,11,STK_002,9,USR_008,-0.0,0.3632
46,2020-W47,11,STK_002,10,USR_006,-0.0,0.3456
46,2020-W47,11,STK_002,11,STK_002,0.0,1.0
46,2020-W47,11,STK_002,12,USR_002,-0.0,0.5795
46,2020-W47,11,STK_002,13,USR_010,-0.0,0.5098
46,2020-W47,11,STK_002,14,USR_001,-0.0,0.5761
46,2020-W47,12,USR_002,0,STK_004,0.0,-0.1096
46,2020-W47,12,USR_002,1,USR_003,4e-12,-0.9942
46,2020-W47,12,USR_002,2,USR_009,-1e-12,0.074
46,2020-W47,12,USR_002,3,STK_005,-0.0,0.0
46,2020-W47,12,USR_002,4,USR_005,-1e-11,0.6135
46,2020-W47,12,USR_002,5,STK_003,0.0,-0.267
46,2020-W47,12,USR_002,6,USR_004,4e-12,-0.9914
46,2020-W47,12,USR_002,7,USR_007,-2.8e-11,0.8485
46,2020-W47,12,USR_002,8,STK_001,0.0,-0.0
46,2020-W47,12,USR_002,9,USR_008,-3e-12,0.3526
46,2020-W47,12,USR_002,10,USR_006,1e-11,-0.7994
46,2020-W47,12,USR_002,11,STK_002,-0.0,0.5795
46,2020-W47,12,USR_002,12,USR_002,5e-12,1.0
46,2020-W47,12,USR_002,13,USR_010,1.2e-11,-0.8672
46,2020-W47,12,USR_002,14,USR_001,5e-12,-0.9997
46,2020-W47,13,USR_010,0,STK_004,-0.0,0.0049
46,2020-W47,13,USR_010,1,USR_003,1e-11,-0.8421
46,2020-W47,13,USR_010,2,USR_009,5e-12,-0.1956
46,2020-W47,13,USR_010,3,STK_005,-0.0,0.0
46,2020-W47,13,USR_010,4,USR_005,-3.2e-11,0.7336
46,2020-W47,13,USR_010,5,STK_003,0.0,-0.2695
46,2020-W47,13,USR_010,6,USR_004,1e-11,-0.8382
46,2020-W47,13,USR_010,7,USR_007,-7.5e-11,0.8534
46,2020-W47,13,USR_010,8,STK_001,0.0,-0.0
46,2020-W47,13,USR_010,9,USR_008,-7e-12,0.3825
46,2020-W47,13,USR_010,10,USR_006,2.9e-11,-0.8481
46,2020-W47,13,USR_010,11,STK_002,-0.0,0.5098
46,2020-W47,13,USR_010,12,USR_002,1.2e-11,-0.8672
46,2020-W47,13,USR_010,13,USR_010,3.7e-11,1.0
46,2020-W47,13,USR_010,14,USR_001,1.2e-11,-0.8672
46,2020-W47,14,USR_001,0,STK_004,0.0,-0.105
46,2020-W47,14,USR_001,1,USR_003,4e-12,-0.9949
46,2020-W47,14,USR_001,2,USR_009,-1e-12,0.0747
46,2020-W47,14,USR_001,3,STK_005,-0.0,0.0
46,2020-W47,14,USR_001,4,USR_005,-1e-11,0.6174
46,2020-W47,14,USR_001,5,STK_003,0.0,-0.2652
46,2020-W47,14,USR_001,6,USR_004,4e-12,-0.9919
46,2020-W47,14,USR_001,7,USR_007,-2.7e-11,0.8468
46,2020-W47,14,USR_001,8,STK_001,0.0,-0.0
46,2020-W47,14,USR_001,9,USR_008,-2e-12,0.3531
46,2020-W47,14,USR_001,10,USR_006,1e-11,-0.8006
46,2020-W47,14,USR_001,11,STK_002,-0.0,0.5761
46,2020-W47,14,USR_001,12,USR_002,5e-12,-0.9997
46,2020-W47,14,USR_001,13,USR_010,1.2e-11,-0.8672
46,2020-W47,14,USR_001,14,USR_001,5e-12,1.0
47,2020-W48,0,STK_004,0,STK_004,0.0,1.0
47,2020-W48,0,STK_004,1,USR_003,-0.0,0.8028
47,2020-W48,0,STK_004,2,USR_009,-0.0,0.3045
47,2020-W48,0,STK_004,3,STK_005,0.0,-0.0097
47,2020-W48,0,STK_004,4,USR_005,0.0,-0.943
47,2020-W48,0,STK_004,5,STK_003,0.0,-0.4419
47,2020-W48,0,STK_004,6,USR_004,-0.0,0.7976
47,2020-W48,0,STK_004,7,USR_007,0.0,-0.8085
47,2020-W48,0,STK_004,8,STK_001,0.0,-0.0
47,2020-W48,0,STK_004,9,USR_008,0.0,-0.5343
47,2020-W48,0,STK_004,10,USR_006,-0.0,0.8123
47,2020-W48,0,STK_004,11,STK_002,-0.0,0.9964
47,2020-W48,0,STK_004,12,USR_002,-0.0,0.8214
47,2020-W48,0,STK_004,13,USR_010,-0.0,0.9462
47,2020-W48,0,STK_004,14,USR_001,-0.0,0.822
47,2020-W48,1,USR_003,0,STK_004,-0.0,0.8028
47,2020-W48,1,USR_003,1,USR_003,3e-12,1.0
47,2020-W48,1,USR_003,2,USR_009,-2e-12,0.233
47,2020-W48,1,USR_003,3,STK_005,-0.0,0.0096
47,2020-W48,1,USR_003,4,USR_005,-9e-12,0.7248
47,2020-W48,1,USR_003,5,STK_003,-0.0,0.4061
47,2020-W48,1,USR_003,6,USR_004,3e-12,-0.9956
47,2020-W48,1,USR_003,7,USR_007,-1.9e-11,0.7978
47,2020-W48,1,USR_003,8,STK_001,0.0,-0.0
47,2020-W48,1,USR_003,9,USR_008,-3e-12,0.5665
47,2020-W48,1,USR_003,10,USR_006,9e-12,-0.8279
47,2020-W48,1,USR_003,11,STK_002,0.0,-0.7726
47,2020-W48,1,USR_003,12,USR_002,4e-12,-0.9939
47,2020-W48,1,USR_003,13,USR_010,9e-12,-0.7737
47,2020-W48,1,USR_003,14,USR_001,4e-12,-0.9947
47,2020-W48,2,USR_009,0,STK_004,-0.0,0.3045
47,2020-W48,2,USR_009,1,USR_003,-2e-12,0.233
47,2020-W48,2,USR_009,2,USR_009,1.4e-11,1.0
47,2020-W48,2,USR_009,3,STK_005,-0.0,0.0007
47,2020-W48,2,USR_009,4,USR_005,-8e-12,0.3004
47,2020-W48,2,USR_009,5,STK_003,-0.0,0.0639
47,2020-W48,2,USR_009,6,USR_004,-2e-12,0.2513
47,2020-W48,2,USR_009,7,USR_007,-4e-12,0.0817
47,2020-W48,2,USR_009,8,STK_001,0.0,-0.0
47,2020-W48,2,USR_009,9,USR_008,0.0,-0.0025
47,2020-W48,2,USR_009,10,USR_006,-2e-12,0.0771
47,2020-W48,2,USR_009,11,STK_002,0.0,-0.3599
47,2020-W48,2,USR_009,12,USR_002,-2e-12,0.1965
47,2020-W48,2,USR_009,13,USR_010,6e-12,-0.2418
47,2020-W48,2,USR_009,14,USR_001,-2e-12,0.1974
47,2020-W48,3,STK_005,0,STK_004,0.0,-1.0
47,2020-W48,3,STK_005,1,USR_003,-0.0,1.0
47,2020-W48,3,STK_005,2,USR_009,-0.0,1.0
47,2020-W48,3,STK_005,3,STK_005,0.0,1.0
47,2020-W48,3,STK_005,4,USR_005,0.0,-1.0
47,2020-W48,3,STK_005,5,STK_003,0.0,-1.0
47,2020-W48,3,STK_005,6,USR_004,-0.0,1.0
47,2020-W48,3,STK_005,7,USR_007,0.0,-1.0
47,2020-W48,3,STK_005,8,STK_001,0.0,-0.0
47,2020-W48,3,STK_005,9,USR_008,0.0,-1.0
47,2020-W48,3,STK_005,10,USR_006,-0.0,1.0
47,2020-W48,3,STK_005,11,STK_002,-0.0,1.0
47,2020-W48,3,STK_005,12,USR_002,-0.0,1.0
47,2020-W48,3,STK_005,13,USR_010,-0.0,1.0
47,2020-W48,3,STK_005,14,USR_001,-0.0,1.0
47,2020-W48,4,USR_005,0,STK_004,0.0,-0.943
47,2020-W48,4,USR_005,1,USR_003,-9e-12,0.7248
47,2020-W48,4,USR_005,2,USR_009,-8e-12,0.3004
47,2020-W48,4,USR_005,3,STK_005,0.0,-0.0075
47,2020-W48,4,USR_005,4,USR_005,5.1e-11,1.0
47,2020-W48,4,USR_005,5,STK_003,0.0,-0.3647
47,2020-W48,4,USR_005,6,USR_004,-1e-11,0.7057
47,2020-W48,4,USR_005,7,USR_007,5.4e-11,-0.5835
47,2020-W48,4,USR_005,8,STK_001,0.0,-0.0
47,2020-W48,4,USR_005,9,USR_008,1.1e-11,-0.5556
47,2020-W48,4,USR_005,10,USR_006,-2.8e-11,0.7005
47,2020-W48,4,USR_005,11,STK_002,-0.0,0.9253
47,2020-W48,4,USR_005,12,USR_002,-1.1e-11,0.7133
47,2020-W48,4,USR_005,13,USR_010,-3.8e-11,0.7972
47,2020-W48,4,USR_005,14,USR_001,-1.1e-11,0.7158
47,2020-W48,5,STK_003,0,STK_004,0.0,-1.0
47,2020-W48,5,STK_003,1,USR_003,-0.0,1.0
47,2020-W48,5,STK_003,2,USR_009,-0.0,0.2598
47,2020-W48,5,STK_003,3,STK_005,0.0,-0.0235
47,2020-W48,5,STK_003,4,USR_005,0.0,-1.0
47,2020-W48,5,STK_003,5,STK_003,0.0,1.0
47,2020-W48,5,STK_003,6,USR_004,-0.0,1.0
47,2020-W48,5,STK_003,7,USR_007,0.0,-1.0
47,2020-W48,5,STK_003,8,STK_001,0.0,-0.0
47,2020-W48,5,STK_003,9,USR_008,0.0,-0.9171
47,2020-W48,5,STK_003,10,USR_006,-0.0,1.0
47,2020-W48,5,STK_003,11,STK_002,-0.0,1.0
47,2020-W48,5,STK_003,12,USR_002,-0.0,1.0
47,2020-W48,5,STK_003,13,USR_010,-0.0,1.0
47,2020-W48,5,STK_003,14,USR_001,-0.0,1.0
47,2020-W48,6,USR_004,0,STK_004,-0.0,0.7976
47,2020-W48,6,USR_004,1,USR_003,3e-12,-0.9956
47,2020-W48,6,USR_004,2,USR_009,-2e-12,0.2513
47,2020-W48,6,USR_004,3,STK_005,-0.0,0.0097
47,2020-W48,6,USR_004,4,USR_005,-1e-11,0.7057
47,2020-W48,6,USR_004,5,STK_003,-0.0,0.4107
47,2020-W48,6,USR_004,6,USR_004,4e-12,1.0
47,2020-W48,6,USR_004,7,USR_007,-2e-11,0.8148
47,2020-W48,6,USR_004,8,STK_001,0.0,-0.0
47,2020-W48,6,USR_004,9,USR_008,-3e-12,0.5607
47,2020-W48,6,USR_004,10,USR_006,9e-12,-0.8364
47,2020-W48,6,USR_004,11,STK_002,0.0,-0.7685
47,2020-W48,6,USR_004,12,USR_002,4e-12,-0.9955
47,2020-W48,6,USR_004,13,USR_010,1e-11,-0.7857
47,2020-W48,6,USR_004,14,USR_001,4e-12,-0.9958
47,2020-W48,7,USR_007,0,STK_004,0.0,-0.8085
47,2020-W48,7,USR_007,1,USR_003,-1.9e-11,0.7978
47,2020-W48,7,USR_007,2,USR_009,-4e-12,0.0817
47,2020-W48,7,USR_007,3,STK_005,0.0,-0.0112
47,2020-W48,7,USR_007,4,USR_005,5.4e-11,-0.5835
47,2020-W48,7,USR_007,5,STK_003,0.0,-0.4613
47,2020-W48,7,USR_007,6,USR_004,-2e-11,0.8148
47,2020-W48,7,USR_007,7,USR_007,1.66e-10,1.0
47,2020-W48,7,USR_007,8,STK_001,0.0,-0.0
47,2020-W48,7,USR_007,9,USR_008,1.1e-11,-0.3004
47,2020-W48,7,USR_007,10,USR_006,-6.2e-11,0.8497
47,2020-W48,7,USR_007,11,STK_002,-0.0,0.8195
47,2020-W48,7,USR_007,12,USR_002,-2.4e-11,0.8541
47,2020-W48,7,USR_007,13,USR_010,-7.8e-11,0.9024
47,2020-W48,7,USR_007,14,USR_001,-2.3e-11,0.8523
47,2020-W48,8,STK_001,0,STK_004,0.0,-0.0
47,2020-W48,8,STK_001,1,USR_003,-0.0,0.0
47,2020-W48,8,STK_001,2,USR_009,-0.0,0.0
47,2020-W48,8,STK_001,3,STK_005,0.0,-0.0
47,2020-W48,8,STK_001,4,USR_005,0.0,-0.0
47,2020-W48,8,STK_001,5,STK_003,0.0,-0.0
47,2020-W48,8,STK_001,6,USR_004,-0.0,0.0
47,2020-W48,8,STK_001,7,USR_007,0.0,-0.0
47,2020-W48,8,STK_001,8,STK_001,0.0,1.0
47,2020-W48,8,STK_001,9,USR_008,0.0,-0.0
47,2020-W48,8,STK_001,10,USR_006,-0.0,0.0
47,2020-W48,8,STK_001,11,STK_002,-0.0,0.0
47,2020-W48,8,STK_001,12,USR_002,-0.0,0.0
47,2020-W48,8,STK_001,13,USR_010,-0.0,0.0
47,2020-W48,8,STK_001,14,USR_001,-0.0,0.0
47,2020-W48,9,USR_008,0,STK_004,0.0,-0.5343
47,2020-W48,9,USR_008,1,USR_003,-3e-12,0.5665
47,2020-W48,9,USR_008,2,USR_009,0.0,-0.0025
47,2020-W48,9,USR_008,3,STK_005,0.0,-0.0042
47,2020-W48,9,USR_008,4,USR_005,1.1e-11,-0.5556
47,2020-W48,9,USR_008,5,STK_003,0.0,-0.2017
47,2020-W48,9,USR_008,6,USR_004,-3e-12,0.5607
47,2020-W48,9,USR_008,7,USR_007,1.1e-11,-0.3004
47,2020-W48,9,USR_008,8,STK_001,0.0,-0.0
47,2020-W48,9,USR_008,9,USR_008,8e-12,1.0
47,2020-W48,9,USR_008,10,USR_006,-9e-12,0.5601
47,2020-W48,9,USR_008,11,STK_002,-0.0,0.537
47,2020-W48,9,USR_008,12,USR_002,-3e-12,0.5439
47,2020-W48,9,USR_008,13,USR_010,-9e-12,0.4517
47,2020-W48,9,USR_008,14,USR_001,-3e-12,0.5434
47,2020-W48,10,USR_006,0,STK_004,-0.0,0.8123
47,2020-W48,10,USR_006,1,USR_003,9e-12,-0.8279
47,2020-W48,10,USR_006,2,USR_009,-2e-12,0.0771
47,2020-W48,10,USR_006,3,STK_005,-0.0,0.0099
47,2020-W48,10,USR_006,4,USR_005,-2.8e-11,0.7005
47,2020-W48,10,USR_006,5,STK_003,-0.0,0.4268
47,2020-W48,10,USR_006,6,USR_004,9e-12,-0.8364
47,2020-W48,10,USR_006,7,USR_007,-6.2e-11,0.8497
47,2020-W48,10,USR_006,8,STK_001,0.0,-0.0
47,2020-W48,10,USR_006,9,USR_008,-9e-12,0.5601
47,2020-W48,10,USR_006,10,USR_006,3.2e-11,1.0
47,2020-W48,10,USR_006,11,STK_002,0.0,-0.8128
47,2020-W48,10,USR_006,12,USR_002,1.1e-11,-0.8516
47,2020-W48,10,USR_006,13,USR_010,3e-11,-0.7961
47,2020-W48,10,USR_006,14,USR_001,1e-11,-0.8524
47,2020-W48,11,STK_002,0,STK_004,-0.0,0.9964
47,2020-W48,11,STK_002,1,USR_003,0.0,-0.7726
47,2020-W48,11,STK_002,2,USR_009,0.0,-0.3599
47,2020-W48,11,STK_002,3,STK_005,-0.0,0.0098
47,2020-W48,11,STK_002,4,USR_005,-0.0,0.9253
47,2020-W48,11,STK_002,5,STK_003,-0.0,0.4431
47,2020-W48,11,STK_002,6,USR_004,0.0,-0.7685
47,2020-W48,11,STK_002,7,USR_007,-0.0,0.8195
47,2020-W48,11,STK_002,8,STK_001,0.0,-0.0
47,2020-W48,11,STK_002,9,USR_008,-0.0,0.537
47,2020-W48,11,STK_002,10,USR_006,0.0,-0.8128
47,2020-W48,11,STK_002,11,STK_002,0.0,1.0
47,2020-W48,11,STK_002,12,USR_002,0.0,-0.7973
47,2020-W48,11,STK_002,13,USR_010,0.0,-0.9503
47,2020-W48,11,STK_002,14,USR_001,0.0,-0.7975
47,2020-W48,12,USR_002,0,STK_004,-0.0,0.8214
47,2020-W48,12,USR_002,1,USR_003,4e-12,-0.9939
47,2020-W48,12,USR_002,2,USR_009,-2e-12,0.1965
47,2020-W48,12,USR_002,3,STK_005,-0.0,0.0101
47,2020-W48,12,USR_002,4,USR_005,-1.1e-11,0.7133
47,2020-W48,12,USR_002,5,STK_003,-0.0,0.4259
47,2020-W48,12,USR_002,6,USR_004,4e-12,-0.9955
47,2020-W48,12,USR_002,7,USR_007,-2.4e-11,0.8541
47,2020-W48,12,USR_002,8,STK_001,0.0,-0.0
47,2020-W48,12,USR_002,9,USR_008,-3e-12,0.5439
47,2020-W48,12,USR_002,10,USR_006,1.1e-11,-0.8516
47,2020-W48,12,USR_002,11,STK_002,0.0,-0.7973
47,2020-W48,12,USR_002,12,USR_002,5e-12,1.0
47,2020-W48,12,USR_002,13,USR_010,1.2e-11,-0.8176
47,2020-W48,12,USR_002,14,USR_001,5e-12,-0.9997
47,2020-W48,13,USR_010,0,STK_004,-0.0,0.9462
47,2020-W48,13,USR_010,1,USR_003,9e-12,-0.7737
47,2020-W48,13,USR_010,2,USR_009,6e-12,-0.2418
47,2020-W48,13,USR_010,3,STK_005,-0.0,0.0106
47,2020-W48,13,USR_010,4,USR_005,-3.8e-11,0.7972
47,2020-W48,13,USR_010,5,STK_003,-0.0,0.4593
47,2020-W48,13,USR_010,6,USR_004,1e-11,-0.7857
47,2020-W48,13,USR_010,7,USR_007,-7.8e-11,0.9024
47,2020-W48,13,USR_010,8,STK_001,0.0,-0.0
47,2020-W48,13,USR_010,9,USR_008,-9e-12,0.4517
47,2020-W48,13,USR_010,10,USR_006,3e-11,-0.7961
47,2020-W48,13,USR_010,11,STK_002,0.0,-0.9503
47,2020-W48,13,USR_010,12,USR_002,1.2e-11,-0.8176
47,2020-W48,13,USR_010,13,USR_010,4.5e-11,1.0
47,2020-W48,13,USR_010,14,USR_001,1.2e-11,-0.816
47,2020-W48,14,USR_001,0,STK_004,-0.0,0.822
47,2020-W48,14,USR_001,1,USR_003,4e-12,-0.9947
47,2020-W48,14,USR_001,2,USR_009,-2e-12,0.1974
47,2020-W48,14,USR_001,3,STK_005,-0.0,0.0101
47,2020-W48,14,USR_001,4,USR_005,-1.1e-11,0.7158
47,2020-W48,14,USR_001,5,STK_003,-0.0,0.4255
47,2020-W48,14,USR_001,6,USR_004,4e-12,-0.9958
47,2020-W48,14,USR_001,7,USR_007,-2.3e-11,0.8523
47,2020-W48,14,USR_001,8,STK_001,0.0,-0.0
47,2020-W48,14,USR_001,9,USR_008,-3e-12,0.5434
47,2020-W48,14,USR_001,10,USR_006,1e-11,-0.8524
47,2020-W48,14,USR_001,11,STK_002,0.0,-0.7975
47,2020-W48,14,USR_001,12,USR_002,5e-12,-0.9997
47,2020-W48,14,USR_001,13,USR_010,1.2e-11,-0.816
47,2020-W48,14,USR_001,14,USR_001,5e-12,1.0
48,2020-W49,0,STK_004,0,STK_004,0.0,1.0
48,2020-W49,0,STK_004,1,USR_003,-0.0,0.8305
48,2020-W49,0,STK_004,2,USR_009,-0.0,0.5088
48,2020-W49,0,STK_004,3,STK_005,0.0,-0.0077
48,2020-W49,0,STK_004,4,USR_005,0.0,-0.9833
48,2020-W49,0,STK_004,5,STK_003,0.0,-0.0
48,2020-W49,0,STK_004,6,USR_004,-0.0,0.8002
48,2020-W49,0,STK_004,7,USR_007,0.0,-0.8653
48,2020-W49,0,STK_004,8,STK_001,0.0,-0.0
48,2020-W49,0,STK_004,9,USR_008,0.0,-0.711
48,2020-W49,0,STK_004,10,USR_006,-0.0,0.8865
48,2020-W49,0,STK_004,11,STK_002,-0.0,0.9842
48,2020-W49,0,STK_004,12,USR_002,-0.0,0.8233
48,2020-W49,0,STK_004,13,USR_010,-0.0,0.9322
48,2020-W49,0,STK_004,14,USR_001,-0.0,0.8364
48,2020-W49,1,USR_003,0,STK_004,-0.0,0.8305
48,2020-W49,1,USR_003,1,USR_003,4e-12,1.0
48,2020-W49,1,USR_003,2,USR_009,0.0,-0.0238
48,2020-W49,1,USR_003,3,STK_005,-0.0,0.0072
48,2020-W49,1,USR_003,4,USR_005,-1.8e-11,0.7923
48,2020-W49,1,USR_003,5,STK_003,-0.0,0.0
48,2020-W49,1,USR_003,6,USR_004,4e-12,-0.9955
48,2020-W49,1,USR_003,7,USR_007,-2.9e-11,0.8543
48,2020-W49,1,USR_003,8,STK_001,0.0,-0.0
48,2020-W49,1,USR_003,9,USR_008,-5e-12,0.6864
48,2020-W49,1,USR_003,10,USR_006,2e-11,-0.7844
48,2020-W49,1,USR_003,11,STK_002,0.0,-0.7403
48,2020-W49,1,USR_003,12,USR_002,5e-12,-0.9956
48,2020-W49,1,USR_003,13,USR_010,1.3e-11,-0.8419
48,2020-W49,1,USR_003,14,USR_001,5e-12,-0.9968
48,2020-W49,2,USR_009,0,STK_004,-0.0,0.5088
48,2020-W49,2,USR_009,1,USR_003,0.0,-0.0238
48,2020-W49,2,USR_009,2,USR_009,1.7e-11,1.0
48,2020-W49,2,USR_009,3,STK_005,-0.0,0.003
48,2020-W49,2,USR_009,4,USR_005,-2.2e-11,0.4987
48,2020-W49,2,USR_009,5,STK_003,-0.0,0.0
48,2020-W49,2,USR_009,6,USR_004,-0.0,0.0273
48,2020-W49,2,USR_009,7,USR_007,-2.1e-11,0.318
48,2020-W49,2,USR_009,8,STK_001,0.0,-0.0
48,2020-W49,2,USR_009,9,USR_008,-3e-12,0.2326
48,2020-W49,2,USR_009,10,USR_006,1.7e-11,-0.3432
48,2020-W49,2,USR_009,11,STK_002,0.0,-0.6045
48,2020-W49,2,USR_009,12,USR_002,0.0,-0.0287
48,2020-W49,2,USR_009,13,USR_010,1.2e-11,-0.3937
48,2020-W49,2,USR_009,14,USR_001,0.0,-0.0455
48,2020-W49,3,STK_005,0,STK_004,0.0,-1.0
48,2020-W49,3,STK_005,1,USR_003,-0.0,1.0
48,2020-W49,3,STK_005,2,USR_009,-0.0,1.0
48,2020-W49,3,STK_005,3,STK_005,0.0,1.0
48,2020-W49,3,STK_005,4,USR_005,0.0,-1.0
48,2020-W49,3,STK_005,5,STK_003,0.0,-0.0
48,2020-W49,3,STK_005,6,USR_004,-0.0,1.0
48,2020-W49,3,STK_005,7,USR_007,0.0,-1.0
48,2020-W49,3,STK_005,8,STK_001,0.0,-0.0
48,2020-W49,3,STK_005,9,USR_008,0.0,-1.0
48,2020-W49,3,STK_005,10,USR_006,-0.0,1.0
48,2020-W49,3,STK_005,11,STK_002,-0.0,1.0
48,2020-W49,3,STK_005,12,USR_002,-0.0,1.0
48,2020-W49,3,STK_005,13,USR_010,-0.0,1.0
48,2020-W49,3,STK_005,14,USR_001,-0.0,1.0
48,2020-W49,4,USR_005,0,STK_004,0.0,-0.9833
48,2020-W49,4,USR_005,1,USR_003,-1.8e-11,0.7923
48,2020-W49,4,USR_005,2,USR_009,-2.2e-11,0.4987
48,2020-W49,4,USR_005,3,STK_005,0.0,-0.0073
48,2020-W49,4,USR_005,4,USR_005,1.15e-10,1.0
48,2020-W49,4,USR_005,5,STK_003,0.0,-0.0
48,2020-W49,4,USR_005,6,USR_004,-1.7e-11,0.7549
48,2020-W49,4,USR_005,7,USR_007,1.37e-10,-0.7835
48,2020-W49,4,USR_005,8,STK_001,0.0,-0.0
48,2020-W49,4,USR_005,9,USR_008,2.6e-11,-0.72
48,2020-W49,4,USR_005,10,USR_006,-1.12e-10,0.8787
48,2020-W49,4,USR_005,11,STK_002,-0.0,0.988
48,2020-W49,4,USR_005,12,USR_002,-2e-11,0.7703
48,2020-W49,4,USR_005,13,USR_010,-6.7e-11,0.8562
48,2020-W49,4,USR_005,14,USR_001,-2.1e-11,0.7864
48,2020-W49,5,STK_003,0,STK_004,-0.0,0.0
48,2020-W49,5,STK_003,1,USR_003,0.0,-0.0
48,2020-W49,5,STK_003,2,USR_009,0.0,-0.0
48,2020-W49,5,STK_003,3,STK_005,-0.0,0.0
48,2020-W49,5,STK_003,4,USR_005,-0.0,0.0
48,2020-W49,5,STK_003,5,STK_003,-0.0,1.0
48,2020-W49,5,STK_003,6,USR_004,0.0,-0.0
48,2020-W49,5,STK_003,7,USR_007,-0.0,0.0
48,2020-W49,5,STK_003,8,STK_001,0.0,-0.0
48,2020-W49,5,STK_003,9,USR_008,-0.0,0.0
48,2020-W49,5,STK_003,10,USR_006,0.0,-0.0
48,2020-W49,5,STK_003,11,STK_002,0.0,-0.0
48,2020-W49,5,STK_003,12,USR_002,0.0,-0.0
48,2020-W49,5,STK_003,13,USR_010,0.0,-0.0
48,2020-W49,5,STK_003,14,USR_001,0.0,-0.0
48,2020-W49,6,USR_004,0,STK_004,-0.0,0.8002
48,2020-W49,6,USR_004,1,USR_003,4e-12,-0.9955
48,2020-W49,6,USR_004,2,USR_009,-0.0,0.0273
48,2020-W49,6,USR_004,3,STK_005,-0.0,0.007
48,2020-W49,6,USR_004,4,USR_005,-1.7e-11,0.7549
48,2020-W49,6,USR_004,5,STK_003,-0.0,0.0
48,2020-W49,6,USR_004,6,USR_004,4e-12,1.0
48,2020-W49,6,USR_004,7,USR_007,-2.9e-11,0.8428
48,2020-W49,6,USR_004,8,STK_001,0.0,-0.0
48,2020-W49,6,USR_004,9,USR_008,-5e-12,0.6673
48,2020-W49,6,USR_004,10,USR_006,1.9e-11,-0.7528
48,2020-W49,6,USR_004,11,STK_002,0.0,-0.7012
48,2020-W49,6,USR_004,12,USR_002,5e-12,-0.9961
48,2020-W49,6,USR_004,13,USR_010,1.3e-11,-0.8338
48,2020-W49,6,USR_004,14,USR_001,5e-12,-0.9949
48,2020-W49,7,USR_007,0,STK_004,0.0,-0.8653
48,2020-W49,7,USR_007,1,USR_003,-2.9e-11,0.8543
48,2020-W49,7,USR_007,2,USR_009,-2.1e-11,0.318
48,2020-W49,7,USR_007,3,STK_005,0.0,-0.008
48,2020-W49,7,USR_007,4,USR_005,1.37e-10,-0.7835
48,2020-W49,7,USR_007,5,STK_003,0.0,-0.0
48,2020-W49,7,USR_007,6,USR_004,-2.9e-11,0.8428
48,2020-W49,7,USR_007,7,USR_007,2.64e-10,1.0
48,2020-W49,7,USR_007,8,STK_001,0.0,-0.0
48,2020-W49,7,USR_007,9,USR_008,3e-11,-0.5503
48,2020-W49,7,USR_007,10,USR_006,-1.72e-10,0.8874
48,2020-W49,7,USR_007,11,STK_002,-0.0,0.7851
48,2020-W49,7,USR_007,12,USR_002,-3.5e-11,0.8774
48,2020-W49,7,USR_007,13,USR_010,-1.09e-10,0.9176
48,2020-W49,7,USR_007,14,USR_001,-3.5e-11,0.8858
48,2020-W49,8,STK_001,0,STK_004,0.0,-0.0
48,2020-W49,8,STK_001,1,USR_003,-0.0,0.0
48,2020-W49,8,STK_001,2,USR_009,-0.0,0.0
48,2020-W49,8,STK_001,3,STK_005,0.0,-0.0
48,2020-W49,8,STK_001,4,USR_005,0.0,-0.0
48,2020-W49,8,STK_001,5,STK_003,0.0,-0.0
48,2020-W49,8,STK_001,6,USR_004,-0.0,0.0
48,2020-W49,8,STK_001,7,USR_007,0.0,-0.0
48,2020-W49,8,STK_001,8,STK_001,0.0,1.0
48,2020-W49,8,STK_001,9,USR_008,0.0,-0.0
48,2020-W49,8,STK_001,10,USR_006,-0.0,0.0
48,2020-W49,8,STK_001,11,STK_002,-0.0,0.0
48,2020-W49,8,STK_001,12,USR_002,-0.0,0.0
48,2020-W49,8,STK_001,13,USR_010,-0.0,0.0
48,2020-W49,8,STK_001,14,USR_001,-0.0,0.0
48,2020-W49,9,USR_008,0,STK_004,0.0,-0.711
48,2020-W49,9,USR_008,1,USR_003,-5e-12,0.6864
48,2020-W49,9,USR_008,2,USR_009,-3e-12,0.2326
48,2020-W49,9,USR_008,3,STK_005,0.0,-0.0054
48,2020-W49,9,USR_008,4,USR_005,2.6e-11,-0.72
48,2020-W49,9,USR_008,5,STK_003,0.0,-0.0
48,2020-W49,9,USR_008,6,USR_004,-5e-12,0.6673
48,2020-W49,9,USR_008,7,USR_007,3e-11,-0.5503
48,2020-W49,9,USR_008,8,STK_001,0.0,-0.0
48,2020-W49,9,USR_008,9,USR_008,1.1e-11,1.0
48,2020-W49,9,USR_008,10,USR_006,-2.9e-11,0.7074
48,2020-W49,9,USR_008,11,STK_002,-0.0,0.7312
48,2020-W49,9,USR_008,12,USR_002,-6e-12,0.6616
48,2020-W49,9,USR_008,13,USR_010,-1.5e-11,0.6191
48,2020-W49,9,USR_008,14,USR_001,-6e-12,0.6701
48,2020-W49,10,USR_006,0,STK_004,-0.0,0.8865
48,2020-W49,10,USR_006,1,USR_003,2e-11,-0.7844
48,2020-W49,10,USR_006,2,USR_009,1.7e-11,-0.3432
48,2020-W49,10,USR_006,3,STK_005,-0.0,0.0077
48,2020-W49,10,USR_006,4,USR_005,-1.12e-10,0.8787
48,2020-W49,10,USR_006,5,STK_003,-0.0,0.0
48,2020-W49,10,USR_006,6,USR_004,1.9e-11,-0.7528
48,2020-W49,10,USR_006,7,USR_007,-1.72e-10,0.8874
48,2020-W49,10,USR_006,8,STK_001,0.0,-0.0
48,2020-W49,10,USR_006,9,USR_008,-2.9e-11,0.7074
48,2020-W49,10,USR_006,10,USR_006,1.42e-10,1.0
48,2020-W49,10,USR_006,11,STK_002,0.0,-0.8652
48,2020-W49,10,USR_006,12,USR_002,2.3e-11,-0.7739
48,2020-W49,10,USR_006,13,USR_010,6.9e-11,-0.7935
48,2020-W49,10,USR_006,14,USR_001,2.3e-11,-0.7939
48,2020-W49,11,STK_002,0,STK_004,-0.0,0.9842
48,2020-W49,11,STK_002,1,USR_003,0.0,-0.7403
48,2020-W49,11,STK_002,2,USR_009,0.0,-0.6045
48,2020-W49,11,STK_002,3,STK_005,-0.0,0.0072
48,2020-W49,11,STK_002,4,USR_005,-0.0,0.988
48,2020-W49,11,STK_002,5,STK_003,-0.0,0.0
48,2020-W49,11,STK_002,6,USR_004,0.0,-0.7012
48,2020-W49,11,STK_002,7,USR_007,-0.0,0.7851
48,2020-W49,11,STK_002,8,STK_001,0.0,-0.0
48,2020-W49,11,STK_002,9,USR_008,-0.0,0.7312
48,2020-W49,11,STK_002,10,USR_006,0.0,-0.8652
48,2020-W49,11,STK_002,11,STK_002,0.0,1.0
48,2020-W49,11,STK_002,12,USR_002,0.0,-0.7249
48,2020-W49,11,STK_002,13,USR_010,0.0,-0.8702
48,2020-W49,11,STK_002,14,USR_001,0.0,-0.7413
48,2020-W49,12,USR_002,0,STK_004,-0.0,0.8233
48,2020-W49,12,USR_002,1,USR_003,5e-12,-0.9956
48,2020-W49,12,USR_002,2,USR_009,0.0,-0.0287
48,2020-W49,12,USR_002,3,STK_005,-0.0,0.0072
48,2020-W49,12,USR_002,4,USR_005,-2e-11,0.7703
48,2020-W49,12,USR_002,5,STK_003,-0.0,0.0
48,2020-W49,12,USR_002,6,USR_004,5e-12,-0.9961
48,2020-W49,12,USR_002,7,USR_007,-3.5e-11,0.8774
48,2020-W49,12,USR_002,8,STK_001,0.0,-0.0
48,2020-W49,12,USR_002,9,USR_008,-6e-12,0.6616
48,2020-W49,12,USR_002,10,USR_006,2.3e-11,-0.7739
48,2020-W49,12,USR_002,11,STK_002,0.0,-0.7249
48,2020-W49,12,USR_002,12,USR_002,6e-12,1.0
48,2020-W49,12,USR_002,13,USR_010,1.6e-11,-0.8627
48,2020-W49,12,USR_002,14,USR_001,6e-12,-0.9991
48,2020-W49,13,USR_010,0,STK_004,-0.0,0.9322
48,2020-W49,13,USR_010,1,USR_003,1.3e-11,-0.8419
48,2020-W49,13,USR_010,2,USR_009,1.2e-11,-0.3937
48,2020-W49,13,USR_010,3,STK_005,-0.0,0.0076
48,2020-W49,13,USR_010,4,USR_005,-6.7e-11,0.8562
48,2020-W49,13,USR_010,5,STK_003,-0.0,0.0
48,2020-W49,13,USR_010,6,USR_004,1.3e-11,-0.8338
48,2020-W49,13,USR_010,7,USR_007,-1.09e-10,0.9176
48,2020-W49,13,USR_010,8,STK_001,0.0,-0.0
48,2020-W49,13,USR_010,9,USR_008,-1.5e-11,0.6191
48,2020-W49,13,USR_010,10,USR_006,6.9e-11,-0.7935
48,2020-W49,13,USR_010,11,STK_002,0.0,-0.8702
48,2020-W49,13,USR_010,12,USR_002,1.6e-11,-0.8627
48,2020-W49,13,USR_010,13,USR_010,5.4e-11,1.0
48,2020-W49,13,USR_010,14,USR_001,1.5e-11,-0.8667
48,2020-W49,14,USR_001,0,STK_004,-0.0,0.8364
48,2020-W49,14,USR_001,1,USR_003,5e-12,-0.9968
48,2020-W49,14,USR_001,2,USR_009,0.0,-0.0455
48,2020-W49,14,USR_001,3,STK_005,-0.0,0.0073
48,2020-W49,14,USR_001,4,USR_005,-2.1e-11,0.7864
48,2020-W49,14,USR_001,5,STK_003,-0.0,0.0
48,2020-W49,14,USR_001,6,USR_004,5e-12,-0.9949
48,2020-W49,14,USR_001,7,USR_007,-3.5e-11,0.8858
48,2020-W49,14,USR_001,8,STK_001,0.0,-0.0
48,2020-W49,14,USR_001,9,USR_008,-6e-12,0.6701
48,2020-W49,14,USR_001,10,USR_006,2.3e-11,-0.7939
48,2020-W49,14,USR_001,11,STK_002,0.0,-0.7413
48,2020-W49,14,USR_001,12,USR_002,6e-12,-0.9991
48,2020-W49,14,USR_001,13,USR_010,1.5e-11,-0.8667
48,2020-W49,14,USR_001,14,USR_001,6e-12,1.0
49,2020-W50,0,STK_004,0,STK_004,0.0,1.0
49,2020-W50,0,STK_004,1,USR_003,0.0,-0.0163
49,2020-W50,0,STK_004,2,USR_009,-0.0,0.5702
49,2020-W50,0,STK_004,3,STK_005,-0.0,0.0
49,2020-W50,0,STK_004,4,USR_005,0.0,-0.6865
49,2020-W50,0,STK_004,5,STK_003,0.0,-0.2592
49,2020-W50,0,STK_004,6,USR_004,0.0,-0.0763
49,2020-W50,0,STK_004,7,USR_007,-0.0,0.5064
49,2020-W50,0,STK_004,8,STK_001,0.0,-0.0
49,2020-W50,0,STK_004,9,USR_008,0.0,-0.3582
49,2020-W50,0,STK_004,10,USR_006,0.0,-0.1125
49,2020-W50,0,STK_004,11,STK_002,-0.0,0.494
49,2020-W50,0,STK_004,12,USR_002,0.0,-0.1049
49,2020-W50,0,STK_004,13,USR_010,-0.0,0.3752
49,2020-W50,0,STK_004,14,USR_001,0.0,-0.093
49,2020-W50,1,USR_003,0,STK_004,0.0,-0.0163
49,2020-W50,1,USR_003,1,USR_003,2e-12,1.0
49,2020-W50,1,USR_003,2,USR_009,-2e-12,0.4448
49,2020-W50,1,USR_003,3,STK_005,-0.0,0.0
49,2020-W50,1,USR_003,4,USR_005,-3e-12,0.4161
49,2020-W50,1,USR_003,5,STK_003,0.0,-0.5465
49,2020-W50,1,USR_003,6,USR_004,2e-12,-0.9873
49,2020-W50,1,USR_003,7,USR_007,-4e-12,0.5054
49,2020-W50,1,USR_003,8,STK_001,0.0,-0.0
49,2020-W50,1,USR_003,9,USR_008,-1e-12,0.3799
49,2020-W50,1,USR_003,10,USR_006,3e-12,-0.3546
49,2020-W50,1,USR_003,11,STK_002,-0.0,0.5986
49,2020-W50,1,USR_003,12,USR_002,2e-12,-0.9887
49,2020-W50,1,USR_003,13,USR_010,1e-12,-0.4516
49,2020-W50,1,USR_003,14,USR_001,2e-12,-0.9942
49,2020-W50,2,USR_009,0,STK_004,-0.0,0.5702
49,2020-W50,2,USR_009,1,USR_003,-2e-12,0.4448
49,2020-W50,2,USR_009,2,USR_009,1.7e-11,1.0
49,2020-W50,2,USR_009,3,STK_005,-0.0,0.0
49,2020-W50,2,USR_009,4,USR_005,-1e-11,0.3859
49,2020-W50,2,USR_009,5,STK_003,-0.0,0.1083
49,2020-W50,2,USR_009,6,USR_004,-3e-12,0.5389
49,2020-W50,2,USR_009,7,USR_007,3e-12,-0.1257
49,2020-W50,2,USR_009,8,STK_001,0.0,-0.0
49,2020-W50,2,USR_009,9,USR_008,-1e-12,0.0789
49,2020-W50,2,USR_009,10,USR_006,0.0,-0.0143
49,2020-W50,2,USR_009,11,STK_002,0.0,-0.2724
49,2020-W50,2,USR_009,12,USR_002,-3e-12,0.5034
49,2020-W50,2,USR_009,13,USR_010,1e-12,-0.1015
49,2020-W50,2,USR_009,14,USR_001,-3e-12,0.4766
49,2020-W50,3,STK_005,0,STK_004,-0.0,0.0
49,2020-W50,3,STK_005,1,USR_003,0.0,-0.0
49,2020-W50,3,STK_005,2,USR_009,0.0,-0.0
49,2020-W50,3,STK_005,3,STK_005,-0.0,1.0
49,2020-W50,3,STK_005,4,USR_005,-0.0,0.0
49,2020-W50,3,STK_005,5,STK_003,0.0,-0.0
49,2020-W50,3,STK_005,6,USR_004,0.0,-0.0
49,2020-W50,3,STK_005,7,USR_007,-0.0,0.0
49,2020-W50,3,STK_005,8,STK_001,0.0,-0.0
49,2020-W50,3,STK_005,9,USR_008,-0.0,0.0
49,2020-W50,3,STK_005,10,USR_006,0.0,-0.0
49,2020-W50,3,STK_005,11,STK_002,-0.0,0.0
49,2020-W50,3,STK_005,12,USR_002,0.0,-0.0
49,2020-W50,3,STK_005,13,USR_010,0.0,-0.0
49,2020-W50,3,STK_005,14,USR_001,0.0,-0.0
49,2020-W50,4,USR_005,0,STK_004,0.0,-0.6865
49,2020-W50,4,USR_005,1,USR_003,-3e-12,0.4161
49,2020-W50,4,USR_005,2,USR_009,-1e-11,0.3859
49,2020-W50,4,USR_005,3,STK_005,0.0,-0.0
49,2020-W50,4,USR_005,4,USR_005,4.1e-11,1.0
49,2020-W50,4,USR_005,5,STK_003,-0.0,0.4168
49,2020-W50,4,USR_005,6,USR_004,-3e-12,0.3095
49,2020-W50,4,USR_005,7,USR_007,6e-12,-0.1392
49,2020-W50,4,USR_005,8,STK_001,0.0,-0.0
49,2020-W50,4,USR_005,9,USR_008,8e-12,-0.4706
49,2020-W50,4,USR_005,10,USR_006,-2.5e-11,0.6013
49,2020-W50,4,USR_005,11,STK_002,0.0,-0.2541
49,2020-W50,4,USR_005,12,USR_002,-3e-12,0.3061
49,2020-W50,4,USR_005,13,USR_010,-7e-12,0.4656
49,2020-W50,4,USR_005,14,USR_001,-3e-12,0.3487
49,2020-W50,5,STK_003,0,STK_004,0.0,-0.224
49,2020-W50,5,STK_003,1,USR_003,0.0,-0.6873
49,2020-W50,5,STK_003,2,USR_009,-0.0,0.0672
49,2020-W50,5,STK_003,3,STK_005,-0.0,0.0
49,2020-W50,5,STK_003,4,USR_005,-0.0,0.6448
49,2020-W50,5,STK_003,5,STK_003,0.0,1.0
49,2020-W50,5,STK_003,6,USR_004,0.0,-0.5959
49,2020-W50,5,STK_003,7,USR_007,-0.0,0.9345
49,2020-W50,5,STK_003,8,STK_001,0.0,-0.0
49,2020-W50,5,STK_003,9,USR_008,-0.0,0.3188
49,2020-W50,5,STK_003,10,USR_006,0.0,-1.0
49,2020-W50,5,STK_003,11,STK_002,-0.0,1.0
49,2020-W50,5,STK_003,12,USR_002,0.0,-0.6411
49,2020-W50,5,STK_003,13,USR_010,0.0,-0.3529
49,2020-W50,5,STK_003,14,USR_001,0.0,-0.6897
49,2020-W50,6,USR_004,0,STK_004,0.0,-0.0763
49,2020-W50,6,USR_004,1,USR_003,2e-12,-0.9873
49,2020-W50,6,USR_004,2,USR_009,-3e-12,0.5389
49,2020-W50,6,USR_004,3,STK_005,-0.0,0.0
49,2020-W50,6,USR_004,4,USR_005,-3e-12,0.3095
49,2020-W50,6,USR_004,5,STK_003,0.0,-0.485
49,2020-W50,6,USR_004,6,USR_004,2e-12,1.0
49,2020-W50,6,USR_004,7,USR_007,-4e-12,0.4651
49,2020-W50,6,USR_004,8,STK_001,0.0,-0.0
49,2020-W50,6,USR_004,9,USR_008,-1e-12,0.3336
49,2020-W50,6,USR_004,10,USR_006,2e-12,-0.2659
49,2020-W50,6,USR_004,11,STK_002,-0.0,0.5557
49,2020-W50,6,USR_004,12,USR_002,2e-12,-0.9916
49,2020-W50,6,USR_004,13,USR_010,1e-12,-0.4178
49,2020-W50,6,USR_004,14,USR_001,2e-12,-0.9898
49,2020-W50,7,USR_007,0,STK_004,-0.0,0.5064
49,2020-W50,7,USR_007,1,USR_003,-4e-12,0.5054
49,2020-W50,7,USR_007,2,USR_009,3e-12,-0.1257
49,2020-W50,7,USR_007,3,STK_005,0.0,-0.0
49,2020-W50,7,USR_007,4,USR_005,6e-12,-0.1392
49,2020-W50,7,USR_007,5,STK_003,-0.0,0.7718
49,2020-W50,7,USR_007,6,USR_004,-4e-12,0.4651
49,2020-W50,7,USR_007,7,USR_007,4e-11,1.0
49,2020-W50,7,USR_007,8,STK_001,0.0,-0.0
49,2020-W50,7,USR_007,9,USR_008,-3e-12,0.1531
49,2020-W50,7,USR_007,10,USR_006,-2.3e-11,0.5557
49,2020-W50,7,USR_007,11,STK_002,0.0,-0.9489
49,2020-W50,7,USR_007,12,USR_002,-5e-12,0.5396
49,2020-W50,7,USR_007,13,USR_010,-6e-12,0.3676
49,2020-W50,7,USR_007,14,USR_001,-5e-12,0.56
49,2020-W50,8,STK_001,0,STK_004,-0.0,0.0
49,2020-W50,8,STK_001,1,USR_003,0.0,-0.0
49,2020-W50,8,STK_001,2,USR_009,0.0,-0.0
49,2020-W50,8,STK_001,3,STK_005,-0.0,0.0
49,2020-W50,8,STK_001,4,USR_005,-0.0,0.0
49,2020-W50,8,STK_001,5,STK_003,0.0,-0.0
49,2020-W50,8,STK_001,6,USR_004,0.0,-0.0
49,2020-W50,8,STK_001,7,USR_007,0.0,-0.0
49,2020-W50,8,STK_001,8,STK_001,0.0,1.0
49,2020-W50,8,STK_001,9,USR_008,-0.0,0.0
49,2020-W50,8,STK_001,10,USR_006,0.0,-0.0
49,2020-W50,8,STK_001,11,STK_002,-0.0,0.0
49,2020-W50,8,STK_001,12,USR_002,0.0,-0.0
49,2020-W50,8,STK_001,13,USR_010,0.0,-0.0
49,2020-W50,8,STK_001,14,USR_001,0.0,-0.0
49,2020-W50,9,USR_008,0,STK_004,0.0,-0.3582
49,2020-W50,9,USR_008,1,USR_003,-1e-12,0.3799
49,2020-W50,9,USR_008,2,USR_009,-1e-12,0.0789
49,2020-W50,9,USR_008,3,STK_005,0.0,-0.0
49,2020-W50,9,USR_008,4,USR_005,8e-12,-0.4706
49,2020-W50,9,USR_008,5,STK_003,-0.0,0.1945
49,2020-W50,9,USR_008,6,USR_004,-1e-12,0.3336
49,2020-W50,9,USR_008,7,USR_007,-3e-12,0.1531
49,2020-W50,9,USR_008,8,STK_001,0.0,-0.0
49,2020-W50,9,USR_008,9,USR_008,7e-12,1.0
49,2020-W50,9,USR_008,10,USR_006,-7e-12,0.3772
49,2020-W50,9,USR_008,11,STK_002,0.0,-0.0137
49,2020-W50,9,USR_008,12,USR_002,-1e-12,0.2987
49,2020-W50,9,USR_008,13,USR_010,-0.0,0.0594
49,2020-W50,9,USR_008,14,USR_001,-1e-12,0.3191
49,2020-W50,10,USR_006,0,STK_004,0.0,-0.1125
49,2020-W50,10,USR_006,1,USR_003,3e-12,-0.3546
49,2020-W50,10,USR_006,2,USR_009,0.0,-0.0143
49,2020-W50,10,USR_006,3,STK_005,-0.0,0.0
49,2020-W50,10,USR_006,4,USR_005,-2.5e-11,0.6013
49,2020-W50,10,USR_006,5,STK_003,0.0,-0.7628
49,2020-W50,10,USR_006,6,USR_004,2e-12,-0.2659
49,2020-W50,10,USR_006,7,USR_007,-2.3e-11,0.5557
49,2020-W50,10,USR_006,8,STK_001,0.0,-0.0
49,2020-W50,10,USR_006,9,USR_008,-7e-12,0.3772
49,2020-W50,10,USR_006,10,USR_006,4.3e-11,1.0
49,2020-W50,10,USR_006,11,STK_002,-0.0,0.7397
49,2020-W50,10,USR_006,12,USR_002,3e-12,-0.2794
49,2020-W50,10,USR_006,13,USR_010,1e-12,-0.0325
49,2020-W50,10,USR_006,14,USR_001,3e-12,-0.3312
49,2020-W50,11,STK_002,0,STK_004,-0.0,0.494
49,2020-W50,11,STK_002,1,USR_003,-0.0,0.5986
49,2020-W50,11,STK_002,2,USR_009,0.0,-0.2724
49,2020-W50,11,STK_002,3,STK_005,0.0,-0.0
49,2020-W50,11,STK_002,4,USR_005,0.0,-0.2541
49,2020-W50,11,STK_002,5,STK_003,-0.0,0.8494
49,2020-W50,11,STK_002,6,USR_004,-0.0,0.5557
49,2020-W50,11,STK_002,7,USR_007,0.0,-0.9489
49,2020-W50,11,STK_002,8,STK_001,0.0,-0.0
49,2020-W50,11,STK_002,9,USR_008,0.0,-0.0137
49,2020-W50,11,STK_002,10,USR_006,-0.0,0.7397
49,2020-W50,11,STK_002,11,STK_002,0.0,1.0
49,2020-W50,11,STK_002,12,USR_002,-0.0,0.6086
49,2020-W50,11,STK_002,13,USR_010,-0.0,0.2941
49,2020-W50,11,STK_002,14,USR_001,-0.0,0.6358
49,2020-W50,12,USR_002,0,STK_004,0.0,-0.1049
49,2020-W50,12,USR_002,1,USR_003,2e-12,-0.9887
49,2020-W50,12,USR_002,2,USR_009,-3e-12,0.5034
49,2020-W50,12,USR_002,3,STK_005,-0.0,0.0
49,2020-W50,12,USR_002,4,USR_005,-3e-12,0.3061
49,2020-W50,12,USR_002,5,STK_003,0.0,-0.5246
49,2020-W50,12,USR_002,6,USR_004,2e-12,-0.9916
49,2020-W50,12,USR_002,7,USR_007,-5e-12,0.5396
49,2020-W50,12,USR_002,8,STK_001,0.0,-0.0
49,2020-W50,12,USR_002,9,USR_008,-1e-12,0.2987
49,2020-W50,12,USR_002,10,USR_006,3e-12,-0.2794
49,2020-W50,12,USR_002,11,STK_002,-0.0,0.6086
49,2020-W50,12,USR_002,12,USR_002,2e-12,1.0
49,2020-W50,12,USR_002,13,USR_010,2e-12,-0.4612
49,2020-W50,12,USR_002,14,USR_001,2e-12,-0.9973
49,2020-W50,13,USR_010,0,STK_004,-0.0,0.3752
49,2020-W50,13,USR_010,1,USR_003,1e-12,-0.4516
49,2020-W50,13,USR_010,2,USR_009,1e-12,-0.1015
49,2020-W50,13,USR_010,3,STK_005,-0.0,0.0
49,2020-W50,13,USR_010,4,USR_005,-7e-12,0.4656
49,2020-W50,13,USR_010,5,STK_003,0.0,-0.2747
49,2020-W50,13,USR_010,6,USR_004,1e-12,-0.4178
49,2020-W50,13,USR_010,7,USR_007,-6e-12,0.3676
49,2020-W50,13,USR_010,8,STK_001,0.0,-0.0
49,2020-W50,13,USR_010,9,USR_008,-0.0,0.0594
49,2020-W50,13,USR_010,10,USR_006,1e-12,-0.0325
49,2020-W50,13,USR_010,11,STK_002,-0.0,0.2941
49,2020-W50,13,USR_010,12,USR_002,2e-12,-0.4612
49,2020-W50,13,USR_010,13,USR_010,6e-12,1.0
49,2020-W50,13,USR_010,14,USR_001,2e-12,-0.4606
49,2020-W50,14,USR_001,0,STK_004,0.0,-0.093
49,2020-W50,14,USR_001,1,USR_003,2e-12,-0.9942
49,2020-W50,14,USR_001,2,USR_009,-3e-12,0.4766
49,2020-W50,14,USR_001,3,STK_005,-0.0,0.0
49,2020-W50,14,USR_001,4,USR_005,-3e-12,0.3487
49,2020-W50,14,USR_001,5,STK_003,0.0,-0.5582
49,2020-W50,14,USR_001,6,USR_004,2e-12,-0.9898
49,2020-W50,14,USR_001,7,USR_007,-5e-12,0.56
49,2020-W50,14,USR_001,8,STK_001,0.0,-0.0
49,2020-W50,14,USR_001,9,USR_008,-1e-12,0.3191
49,2020-W50,14,USR_001,10,USR_006,3e-12,-0.3312
49,2020-W50,14,USR_001,11,STK_002,-0.0,0.6358
49,2020-W50,14,USR_001,12,USR_002,2e-12,-0.9973
49,2020-W50,14,USR_001,13,USR_010,2e-12,-0.4606
49,2020-W50,14,USR_001,14,USR_001,2e-12,1.0
50,2020-W51,0,STK_004,0,STK_004,0.0,1.0
50,2020-W51,0,STK_004,1,USR_003,0.0,-0.1449
50,2020-W51,0,STK_004,2,USR_009,-0.0,0.5645
50,2020-W51,0,STK_004,3,STK_005,-0.0,0.0
50,2020-W51,0,STK_004,4,USR_005,0.0,-0.6626
50,2020-W51,0,STK_004,5,STK_003,0.0,-0.2411
50,2020-W51,0,STK_004,6,USR_004,0.0,-0.2336
50,2020-W51,0,STK_004,7,USR_007,-0.0,0.5115
50,2020-W51,0,STK_004,8,STK_001,0.0,-0.0
50,2020-W51,0,STK_004,9,USR_008,-0.0,0.0072
50,2020-W51,0,STK_004,10,USR_006,0.0,-0.334
50,2020-W51,0,STK_004,11,STK_002,-0.0,0.5708
50,2020-W51,0,STK_004,12,USR_002,0.0,-0.2183
50,2020-W51,0,STK_004,13,USR_010,-0.0,0.5591
50,2020-W51,0,STK_004,14,USR_001,0.0,-0.2164
50,2020-W51,1,USR_003,0,STK_004,0.0,-0.1449
50,2020-W51,1,USR_003,1,USR_003,2e-12,1.0
50,2020-W51,1,USR_003,2,USR_009,-3e-12,0.4713
50,2020-W51,1,USR_003,3,STK_005,-0.0,0.0
50,2020-W51,1,USR_003,4,USR_005,-3e-12,0.3366
50,2020-W51,1,USR_003,5,STK_003,0.0,-0.6029
50,2020-W51,1,USR_003,6,USR_004,2e-12,-0.9805
50,2020-W51,1,USR_003,7,USR_007,-3e-12,0.445
50,2020-W51,1,USR_003,8,STK_001,0.0,-0.0
50,2020-W51,1,USR_003,9,USR_008,-2e-12,0.4739
50,2020-W51,1,USR_003,10,USR_006,4e-12,-0.5181
50,2020-W51,1,USR_003,11,STK_002,-0.0,0.546
50,2020-W51,1,USR_003,12,USR_002,2e-12,-0.9939
50,2020-W51,1,USR_003,13,USR_010,0.0,-0.0468
50,2020-W51,1,USR_003,14,USR_001,2e-12,-0.9958
50,2020-W51,2,USR_009,0,STK_004,-0.0,0.5645
50,2020-W51,2,USR_009,1,USR_003,-3e-12,0.4713
50,2020-W51,2,USR_009,2,USR_009,1.8e-11,1.0
50,2020-W51,2,USR_009,3,STK_005,0.0,-0.0
50,2020-W51,2,USR_009,4,USR_005,-1.3e-11,0.4386
50,2020-W51,2,USR_009,5,STK_003,-0.0,0.0134
50,2020-W51,2,USR_009,6,USR_004,-3e-12,0.5751
50,2020-W51,2,USR_009,7,USR_007,2e-12,-0.0852
50,2020-W51,2,USR_009,8,STK_001,0.0,-0.0
50,2020-W51,2,USR_009,9,USR_008,1e-12,-0.0944
50,2020-W51,2,USR_009,10,USR_006,-2e-12,0.0643
50,2020-W51,2,USR_009,11,STK_002,0.0,-0.2899
50,2020-W51,2,USR_009,12,USR_002,-3e-12,0.5353
50,2020-W51,2,USR_009,13,USR_010,5e-12,-0.2878
50,2020-W51,2,USR_009,14,USR_001,-3e-12,0.5061
50,2020-W51,3,STK_005,0,STK_004,-0.0,0.0
50,2020-W51,3,STK_005,1,USR_003,0.0,-0.0
50,2020-W51,3,STK_005,2,USR_009,0.0,-0.0
50,2020-W51,3,STK_005,3,STK_005,-0.0,1.0
50,2020-W51,3,STK_005,4,USR_005,-0.0,0.0
50,2020-W51,3,STK_005,5,STK_003,0.0,-0.0
50,2020-W51,3,STK_005,6,USR_004,0.0,-0.0
50,2020-W51,3,STK_005,7,USR_007,-0.0,0.0
50,2020-W51,3,STK_005,8,STK_001,0.0,-0.0
50,2020-W51,3,STK_005,9,USR_008,-0.0,0.0
50,2020-W51,3,STK_005,10,USR_006,0.0,-0.0
50,2020-W51,3,STK_005,11,STK_002,-0.0,0.0
50,2020-W51,3,STK_005,12,USR_002,0.0,-0.0
50,2020-W51,3,STK_005,13,USR_010,0.0,-0.0
50,2020-W51,3,STK_005,14,USR_001,0.0,-0.0
50,2020-W51,4,USR_005,0,STK_004,0.0,-0.6626
50,2020-W51,4,USR_005,1,USR_003,-3e-12,0.3366
50,2020-W51,4,USR_005,2,USR_009,-1.3e-11,0.4386
50,2020-W51,4,USR_005,3,STK_005,-0.0,0.0
50,2020-W51,4,USR_005,4,USR_005,4.7e-11,1.0
50,2020-W51,4,USR_005,5,STK_003,-0.0,0.5624
50,2020-W51,4,USR_005,6,USR_004,-2e-12,0.1843
50,2020-W51,4,USR_005,7,USR_007,9e-12,-0.2233
50,2020-W51,4,USR_005,8,STK_001,0.0,-0.0
50,2020-W51,4,USR_005,9,USR_008,2e-12,-0.0741
50,2020-W51,4,USR_005,10,USR_006,-1.8e-11,0.4247
50,2020-W51,4,USR_005,11,STK_002,0.0,-0.1788
50,2020-W51,4,USR_005,12,USR_002,-2e-12,0.2617
50,2020-W51,4,USR_005,13,USR_010,-1.8e-11,0.6959
50,2020-W51,4,USR_005,14,USR_001,-3e-12,0.2855
50,2020-W51,5,STK_003,0,STK_004,0.0,-0.296
50,2020-W51,5,STK_003,1,USR_003,0.0,-0.5814
50,2020-W51,5,STK_003,2,USR_009,-0.0,0.0528
50,2020-W51,5,STK_003,3,STK_005,-0.0,0.0
50,2020-W51,5,STK_003,4,USR_005,-0.0,0.4862
50,2020-W51,5,STK_003,5,STK_003,0.0,1.0
50,2020-W51,5,STK_003,6,USR_004,0.0,-0.4841
50,2020-W51,5,STK_003,7,USR_007,-0.0,0.9172
50,2020-W51,5,STK_003,8,STK_001,0.0,-0.0
50,2020-W51,5,STK_003,9,USR_008,-0.0,0.0537
50,2020-W51,5,STK_003,10,USR_006,0.0,-0.8384
50,2020-W51,5,STK_003,11,STK_002,-0.0,0.9138
50,2020-W51,5,STK_003,12,USR_002,0.0,-0.5769
50,2020-W51,5,STK_003,13,USR_010,0.0,-0.3436
50,2020-W51,5,STK_003,14,USR_001,0.0,-0.6042
50,2020-W51,6,USR_004,0,STK_004,0.0,-0.2336
50,2020-W51,6,USR_004,1,USR_003,2e-12,-0.9805
50,2020-W51,6,USR_004,2,USR_009,-3e-12,0.5751
50,2020-W51,6,USR_004,3,STK_005,-0.0,0.0
50,2020-W51,6,USR_004,4,USR_005,-2e-12,0.1843
50,2020-W51,6,USR_004,5,STK_003,0.0,-0.4938
50,2020-W51,6,USR_004,6,USR_004,2e-12,1.0
50,2020-W51,6,USR_004,7,USR_007,-3e-12,0.373
50,2020-W51,6,USR_004,8,STK_001,0.0,-0.0
50,2020-W51,6,USR_004,9,USR_008,-2e-12,0.5031
50,2020-W51,6,USR_004,10,USR_006,4e-12,-0.4492
50,2020-W51,6,USR_004,11,STK_002,-0.0,0.4916
50,2020-W51,6,USR_004,12,USR_002,2e-12,-0.9873
50,2020-W51,6,USR_004,13,USR_010,-0.0,0.0885
50,2020-W51,6,USR_004,14,USR_001,2e-12,-0.9839
50,2020-W51,7,USR_007,0,STK_004,-0.0,0.5115
50,2020-W51,7,USR_007,1,USR_003,-3e-12,0.445
50,2020-W51,7,USR_007,2,USR_009,2e-12,-0.0852
50,2020-W51,7,USR_007,3,STK_005,0.0,-0.0
50,2020-W51,7,USR_007,4,USR_005,9e-12,-0.2233
50,2020-W51,7,USR_007,5,STK_003,-0.0,0.9301
50,2020-W51,7,USR_007,6,USR_004,-3e-12,0.373
50,2020-W51,7,USR_007,7,USR_007,3.8e-11,1.0
50,2020-W51,7,USR_007,8,STK_001,0.0,-0.0
50,2020-W51,7,USR_007,9,USR_008,-3e-12,0.1483
50,2020-W51,7,USR_007,10,USR_006,-2.6e-11,0.7004
50,2020-W51,7,USR_007,11,STK_002,0.0,-0.9753
50,2020-W51,7,USR_007,12,USR_002,-4e-12,0.4681
50,2020-W51,7,USR_007,13,USR_010,-6e-12,0.2489
50,2020-W51,7,USR_007,14,USR_001,-4e-12,0.4922
50,2020-W51,8,STK_001,0,STK_004,0.0,-0.0
50,2020-W51,8,STK_001,1,USR_003,-0.0,0.0
50,2020-W51,8,STK_001,2,USR_009,-0.0,0.0
50,2020-W51,8,STK_001,3,STK_005,0.0,-0.0
50,2020-W51,8,STK_001,4,USR_005,0.0,-0.0
50,2020-W51,8,STK_001,5,STK_003,-0.0,0.0
50,2020-W51,8,STK_001,6,USR_004,-0.0,0.0
50,2020-W51,8,STK_001,7,USR_007,0.0,-0.0
50,2020-W51,8,STK_001,8,STK_001,0.0,1.0
50,2020-W51,8,STK_001,9,USR_008,0.0,-0.0
50,2020-W51,8,STK_001,10,USR_006,-0.0,0.0
50,2020-W51,8,STK_001,11,STK_002,0.0,-0.0
50,2020-W51,8,STK_001,12,USR_002,-0.0,0.0
50,2020-W51,8,STK_001,13,USR_010,-0.0,0.0
50,2020-W51,8,STK_001,14,USR_001,-0.0,0.0
50,2020-W51,9,USR_008,0,STK_004,-0.0,0.0072
50,2020-W51,9,USR_008,1,USR_003,-2e-12,0.4739
50,2020-W51,9,USR_008,2,USR_009,1e-12,-0.0944
50,2020-W51,9,USR_008,3,STK_005,-0.0,0.0
50,2020-W51,9,USR_008,4,USR_005,2e-12,-0.0741
50,2020-W51,9,USR_008,5,STK_003,-0.0,0.0619
50,2020-W51,9,USR_008,6,USR_004,-2e-12,0.5031
50,2020-W51,9,USR_008,7,USR_007,-3e-12,0.1483
50,2020-W51,9,USR_008,8,STK_001,0.0,-0.0
50,2020-W51,9,USR_008,9,USR_008,1.1e-11,1.0
50,2020-W51,9,USR_008,10,USR_006,-8e-12,0.3816
50,2020-W51,9,USR_008,11,STK_002,-0.0,0.1013
50,2020-W51,9,USR_008,12,USR_002,-2e-12,0.435
50,2020-W51,9,USR_008,13,USR_010,5e-12,-0.4082
50,2020-W51,9,USR_008,14,USR_001,-2e-12,0.4429
50,2020-W51,10,USR_006,0,STK_004,0.0,-0.334
50,2020-W51,10,USR_006,1,USR_003,4e-12,-0.5181
50,2020-W51,10,USR_006,2,USR_009,-2e-12,0.0643
50,2020-W51,10,USR_006,3,STK_005,-0.0,0.0
50,2020-W51,10,USR_006,4,USR_005,-1.8e-11,0.4247
50,2020-W51,10,USR_006,5,STK_003,0.0,-0.8668
50,2020-W51,10,USR_006,6,USR_004,4e-12,-0.4492
50,2020-W51,10,USR_006,7,USR_007,-2.6e-11,0.7004
50,2020-W51,10,USR_006,8,STK_001,0.0,-0.0
50,2020-W51,10,USR_006,9,USR_008,-8e-12,0.3816
50,2020-W51,10,USR_006,10,USR_006,3.7e-11,1.0
50,2020-W51,10,USR_006,11,STK_002,-0.0,0.7182
50,2020-W51,10,USR_006,12,USR_002,4e-12,-0.4948
50,2020-W51,10,USR_006,13,USR_010,0.0,-0.0009
50,2020-W51,10,USR_006,14,USR_001,4e-12,-0.5254
50,2020-W51,11,STK_002,0,STK_004,-0.0,0.5708
50,2020-W51,11,STK_002,1,USR_003,-0.0,0.546
50,2020-W51,11,STK_002,2,USR_009,0.0,-0.2899
50,2020-W51,11,STK_002,3,STK_005,0.0,-0.0
50,2020-W51,11,STK_002,4,USR_005,0.0,-0.1788
50,2020-W51,11,STK_002,5,STK_003,-0.0,0.9221
50,2020-W51,11,STK_002,6,USR_004,-0.0,0.4916
50,2020-W51,11,STK_002,7,USR_007,0.0,-0.9753
50,2020-W51,11,STK_002,8,STK_001,0.0,-0.0
50,2020-W51,11,STK_002,9,USR_008,-0.0,0.1013
50,2020-W51,11,STK_002,10,USR_006,-0.0,0.7182
50,2020-W51,11,STK_002,11,STK_002,0.0,1.0
50,2020-W51,11,STK_002,12,USR_002,-0.0,0.5773
50,2020-W51,11,STK_002,13,USR_010,-0.0,0.219
50,2020-W51,11,STK_002,14,USR_001,-0.0,0.595
50,2020-W51,12,USR_002,0,STK_004,0.0,-0.2183
50,2020-W51,12,USR_002,1,USR_003,2e-12,-0.9939
50,2020-W51,12,USR_002,2,USR_009,-3e-12,0.5353
50,2020-W51,12,USR_002,3,STK_005,-0.0,0.0
50,2020-W51,12,USR_002,4,USR_005,-2e-12,0.2617
50,2020-W51,12,USR_002,5,STK_003,0.0,-0.5923
50,2020-W51,12,USR_002,6,USR_004,2e-12,-0.9873
50,2020-W51,12,USR_002,7,USR_007,-4e-12,0.4681
50,2020-W51,12,USR_002,8,STK_001,0.0,-0.0
50,2020-W51,12,USR_002,9,USR_008,-2e-12,0.435
50,2020-W51,12,USR_002,10,USR_006,4e-12,-0.4948
50,2020-W51,12,USR_002,11,STK_002,-0.0,0.5773
50,2020-W51,12,USR_002,12,USR_002,2e-12,1.0
50,2020-W51,12,USR_002,13,USR_010,0.0,-0.0212
50,2020-W51,12,USR_002,14,USR_001,2e-12,-0.9983
50,2020-W51,13,USR_010,0,STK_004,-0.0,0.5591
50,2020-W51,13,USR_010,1,USR_003,0.0,-0.0468
50,2020-W51,13,USR_010,2,USR_009,5e-12,-0.2878
50,2020-W51,13,USR_010,3,STK_005,-0.0,0.0
50,2020-W51,13,USR_010,4,USR_005,-1.8e-11,0.6959
50,2020-W51,13,USR_010,5,STK_003,0.0,-0.3976
50,2020-W51,13,USR_010,6,USR_004,-0.0,0.0885
50,2020-W51,13,USR_010,7,USR_007,-6e-12,0.2489
50,2020-W51,13,USR_010,8,STK_001,0.0,-0.0
50,2020-W51,13,USR_010,9,USR_008,5e-12,-0.4082
50,2020-W51,13,USR_010,10,USR_006,0.0,-0.0009
50,2020-W51,13,USR_010,11,STK_002,-0.0,0.219
50,2020-W51,13,USR_010,12,USR_002,0.0,-0.0212
50,2020-W51,13,USR_010,13,USR_010,1.4e-11,1.0
50,2020-W51,13,USR_010,14,USR_001,0.0,-0.0286
50,2020-W51,14,USR_001,0,STK_004,0.0,-0.2164
50,2020-W51,14,USR_001,1,USR_003,2e-12,-0.9958
50,2020-W51,14,USR_001,2,USR_009,-3e-12,0.5061
50,2020-W51,14,USR_001,3,STK_005,-0.0,0.0
50,2020-W51,14,USR_001,4,USR_005,-3e-12,0.2855
50,2020-W51,14,USR_001,5,STK_003,0.0,-0.6216
50,2020-W51,14,USR_001,6,USR_004,2e-12,-0.9839
50,2020-W51,14,USR_001,7,USR_007,-4e-12,0.4922
50,2020-W51,14,USR_001,8,STK_001,0.0,-0.0
50,2020-W51,14,USR_001,9,USR_008,-2e-12,0.4429
50,2020-W51,14,USR_001,10,USR_006,4e-12,-0.5254
50,2020-W51,14,USR_001,11,STK_002,-0.0,0.595
50,2020-W51,14,USR_001,12,USR_002,2e-12,-0.9983
50,2020-W51,14,USR_001,13,USR_010,0.0,-0.0286
50,2020-W51,14,USR_001,14,USR_001,2e-12,1.0
51,2020-W52,0,STK_004,0,STK_004,0.0,1.0
51,2020-W52,0,STK_004,1,USR_003,-0.0,0.9202
51,2020-W52,0,STK_004,2,USR_009,-0.0,0.4659
51,2020-W52,0,STK_004,3,STK_005,0.0,-0.0153
51,2020-W52,0,STK_004,4,USR_005,0.0,-0.9957
51,2020-W52,0,STK_004,5,STK_003,-0.0,0.0
51,2020-W52,0,STK_004,6,USR_004,-0.0,0.879
51,2020-W52,0,STK_004,7,USR_007,-0.0,0.829
51,2020-W52,0,STK_004,8,STK_001,0.0,-0.0
51,2020-W52,0,STK_004,9,USR_008,-0.0,0.0768
51,2020-W52,0,STK_004,10,USR_006,0.0,-0.8758
51,2020-W52,0,STK_004,11,STK_002,-0.0,0.9982
51,2020-W52,0,STK_004,12,USR_002,-0.0,0.9011
51,2020-W52,0,STK_004,13,USR_010,-0.0,0.9789
51,2020-W52,0,STK_004,14,USR_001,-0.0,0.901
51,2020-W52,1,USR_003,0,STK_004,-0.0,0.9202
51,2020-W52,1,USR_003,1,USR_003,1.1e-11,1.0
51,2020-W52,1,USR_003,2,USR_009,3e-12,-0.1653
51,2020-W52,1,USR_003,3,STK_005,-0.0,0.0141
51,2020-W52,1,USR_003,4,USR_005,-7.4e-11,0.9246
51,2020-W52,1,USR_003,5,STK_003,0.0,-0.0
51,2020-W52,1,USR_003,6,USR_004,1e-11,-0.9944
51,2020-W52,1,USR_003,7,USR_007,1.7e-11,-0.718
51,2020-W52,1,USR_003,8,STK_001,0.0,-0.0
51,2020-W52,1,USR_003,9,USR_008,-1e-12,0.0894
51,2020-W52,1,USR_003,10,USR_006,-2.4e-11,0.7842
51,2020-W52,1,USR_003,11,STK_002,0.0,-0.9136
51,2020-W52,1,USR_003,12,USR_002,1.1e-11,-0.9985
51,2020-W52,1,USR_003,13,USR_010,3.6e-11,-0.8902
51,2020-W52,1,USR_003,14,USR_001,1.1e-11,-0.9986
51,2020-W52,2,USR_009,0,STK_004,-0.0,0.4659
51,2020-W52,2,USR_009,1,USR_003,3e-12,-0.1653
51,2020-W52,2,USR_009,2,USR_009,2.1e-11,1.0
51,2020-W52,2,USR_009,3,STK_005,-0.0,0.0066
51,2020-W52,2,USR_009,4,USR_005,-5.1e-11,0.4613
51,2020-W52,2,USR_009,5,STK_003,0.0,-0.0
51,2020-W52,2,USR_009,6,USR_004,1e-12,-0.0847
51,2020-W52,2,USR_009,7,USR_007,1.3e-11,-0.3932
51,2020-W52,2,USR_009,8,STK_001,0.0,-0.0
51,2020-W52,2,USR_009,9,USR_008,2e-12,-0.1224
51,2020-W52,2,USR_009,10,USR_006,-1.6e-11,0.3889
51,2020-W52,2,USR_009,11,STK_002,0.0,-0.4857
51,2020-W52,2,USR_009,12,USR_002,2e-12,-0.1223
51,2020-W52,2,USR_009,13,USR_010,2.3e-11,-0.4257
51,2020-W52,2,USR_009,14,USR_001,2e-12,-0.1274
51,2020-W52,3,STK_005,0,STK_004,0.0,-1.0
51,2020-W52,3,STK_005,1,USR_003,-0.0,1.0
51,2020-W52,3,STK_005,2,USR_009,-0.0,1.0
51,2020-W52,3,STK_005,3,STK_005,0.0,1.0
51,2020-W52,3,STK_005,4,USR_005,0.0,-1.0
51,2020-W52,3,STK_005,5,STK_003,-0.0,0.0
51,2020-W52,3,STK_005,6,USR_004,-0.0,1.0
51,2020-W52,3,STK_005,7,USR_007,-0.0,1.0
51,2020-W52,3,STK_005,8,STK_001,0.0,-0.0
51,2020-W52,3,STK_005,9,USR_008,-0.0,1.0
51,2020-W52,3,STK_005,10,USR_006,0.0,-1.0
51,2020-W52,3,STK_005,11,STK_002,-0.0,1.0
51,2020-W52,3,STK_005,12,USR_002,-0.0,1.0
51,2020-W52,3,STK_005,13,USR_010,-0.0,1.0
51,2020-W52,3,STK_005,14,USR_001,-0.0,1.0
51,2020-W52,4,USR_005,0,STK_004,0.0,-0.9957
51,2020-W52,4,USR_005,1,USR_003,-7.4e-11,0.9246
51,2020-W52,4,USR_005,2,USR_009,-5.1e-11,0.4613
51,2020-W52,4,USR_005,3,STK_005,0.0,-0.0151
51,2020-W52,4,USR_005,4,USR_005,5.72e-10,1.0
51,2020-W52,4,USR_005,5,STK_003,-0.0,0.0
51,2020-W52,4,USR_005,6,USR_004,-6.3e-11,0.8838
51,2020-W52,4,USR_005,7,USR_007,-1.37e-10,0.7954
51,2020-W52,4,USR_005,8,STK_001,0.0,-0.0
51,2020-W52,4,USR_005,9,USR_008,-5e-12,0.0646
51,2020-W52,4,USR_005,10,USR_006,1.78e-10,-0.8309
51,2020-W52,4,USR_005,11,STK_002,-0.0,0.9969
51,2020-W52,4,USR_005,12,USR_002,-7.2e-11,0.9062
51,2020-W52,4,USR_005,13,USR_010,-2.78e-10,0.9737
51,2020-W52,4,USR_005,14,USR_001,-7e-11,0.9067
51,2020-W52,5,STK_003,0,STK_004,0.0,-0.0
51,2020-W52,5,STK_003,1,USR_003,-0.0,0.0
51,2020-W52,5,STK_003,2,USR_009,-0.0,0.0
51,2020-W52,5,STK_003,3,STK_005,0.0,-0.0
51,2020-W52,5,STK_003,4,USR_005,0.0,-0.0
51,2020-W52,5,STK_003,5,STK_003,-0.0,1.0
51,2020-W52,5,STK_003,6,USR_004,-0.0,0.0
51,2020-W52,5,STK_003,7,USR_007,-0.0,0.0
51,2020-W52,5,STK_003,8,STK_001,0.0,-0.0
51,2020-W52,5,STK_003,9,USR_008,-0.0,0.0
51,2020-W52,5,STK_003,10,USR_006,0.0,-0.0
51,2020-W52,5,STK_003,11,STK_002,-0.0,0.0
51,2020-W52,5,STK_003,12,USR_002,-0.0,0.0
51,2020-W52,5,STK_003,13,USR_010,-0.0,0.0
51,2020-W52,5,STK_003,14,USR_001,-0.0,0.0
51,2020-W52,6,USR_004,0,STK_004,-0.0,0.879
51,2020-W52,6,USR_004,1,USR_003,1e-11,-0.9944
51,2020-W52,6,USR_004,2,USR_009,1e-12,-0.0847
51,2020-W52,6,USR_004,3,STK_005,-0.0,0.0135
51,2020-W52,6,USR_004,4,USR_005,-6.3e-11,0.8837
51,2020-W52,6,USR_004,5,STK_003,0.0,-0.0
51,2020-W52,6,USR_004,6,USR_004,9e-12,1.0
51,2020-W52,6,USR_004,7,USR_007,1.5e-11,-0.6883
51,2020-W52,6,USR_004,8,STK_001,0.0,-0.0
51,2020-W52,6,USR_004,9,USR_008,-1e-12,0.1366
51,2020-W52,6,USR_004,10,USR_006,-2e-11,0.749
51,2020-W52,6,USR_004,11,STK_002,0.0,-0.8715
51,2020-W52,6,USR_004,12,USR_002,1e-11,-0.9972
51,2020-W52,6,USR_004,13,USR_010,3e-11,-0.8446
51,2020-W52,6,USR_004,14,USR_001,1e-11,-0.9973
51,2020-W52,7,USR_007,0,STK_004,-0.0,0.829
51,2020-W52,7,USR_007,1,USR_003,1.7e-11,-0.718
51,2020-W52,7,USR_007,2,USR_009,1.3e-11,-0.3932
51,2020-W52,7,USR_007,3,STK_005,-0.0,0.0127
51,2020-W52,7,USR_007,4,USR_005,-1.37e-10,0.7954
51,2020-W52,7,USR_007,5,STK_003,0.0,-0.0
51,2020-W52,7,USR_007,6,USR_004,1.5e-11,-0.6883
51,2020-W52,7,USR_007,7,USR_007,5.2e-11,1.0
51,2020-W52,7,USR_007,8,STK_001,0.0,-0.0
51,2020-W52,7,USR_007,9,USR_008,-4e-12,0.1607
51,2020-W52,7,USR_007,10,USR_006,-5.2e-11,0.8126
51,2020-W52,7,USR_007,11,STK_002,0.0,-0.8367
51,2020-W52,7,USR_007,12,USR_002,1.6e-11,-0.6889
51,2020-W52,7,USR_007,13,USR_010,6.4e-11,-0.7416
51,2020-W52,7,USR_007,14,USR_001,1.6e-11,-0.6871
51,2020-W52,8,STK_001,0,STK_004,-0.0,0.0
51,2020-W52,8,STK_001,1,USR_003,0.0,-0.0
51,2020-W52,8,STK_001,2,USR_009,0.0,-0.0
51,2020-W52,8,STK_001,3,STK_005,-0.0,0.0
51,2020-W52,8,STK_001,4,USR_005,-0.0,0.0
51,2020-W52,8,STK_001,5,STK_003,0.0,-0.0
51,2020-W52,8,STK_001,6,USR_004,0.0,-0.0
51,2020-W52,8,STK_001,7,USR_007,0.0,-0.0
51,2020-W52,8,STK_001,8,STK_001,0.0,1.0
51,2020-W52,8,STK_001,9,USR_008,0.0,-0.0
51,2020-W52,8,STK_001,10,USR_006,-0.0,0.0
51,2020-W52,8,STK_001,11,STK_002,0.0,-0.0
51,2020-W52,8,STK_001,12,USR_002,0.0,-0.0
51,2020-W52,8,STK_001,13,USR_010,0.0,-0.0
51,2020-W52,8,STK_001,14,USR_001,0.0,-0.0
51,2020-W52,9,USR_008,0,STK_004,-0.0,0.0768
51,2020-W52,9,USR_008,1,USR_003,-1e-12,0.0894
51,2020-W52,9,USR_008,2,USR_009,2e-12,-0.1224
51,2020-W52,9,USR_008,3,STK_005,-0.0,0.0019
51,2020-W52,9,USR_008,4,USR_005,-5e-12,0.0646
51,2020-W52,9,USR_008,5,STK_003,0.0,-0.0
51,2020-W52,9,USR_008,6,USR_004,-1e-12,0.1366
51,2020-W52,9,USR_008,7,USR_007,-4e-12,0.1608
51,2020-W52,9,USR_008,8,STK_001,0.0,-0.0
51,2020-W52,9,USR_008,9,USR_008,1.1e-11,1.0
51,2020-W52,9,USR_008,10,USR_006,-7e-12,0.2536
51,2020-W52,9,USR_008,11,STK_002,0.0,-0.0424
51,2020-W52,9,USR_008,12,USR_002,-1e-12,0.0888
51,2020-W52,9,USR_008,13,USR_010,8e-12,-0.206
51,2020-W52,9,USR_008,14,USR_001,-1e-12,0.094
51,2020-W52,10,USR_006,0,STK_004,0.0,-0.8758
51,2020-W52,10,USR_006,1,USR_003,-2.4e-11,0.7842
51,2020-W52,10,USR_006,2,USR_009,-1.6e-11,0.3889
51,2020-W52,10,USR_006,3,STK_005,0.0,-0.014
51,2020-W52,10,USR_006,4,USR_005,1.78e-10,-0.8309
51,2020-W52,10,USR_006,5,STK_003,-0.0,0.0
51,2020-W52,10,USR_006,6,USR_004,-2e-11,0.749
51,2020-W52,10,USR_006,7,USR_007,-5.2e-11,0.8126
51,2020-W52,10,USR_006,8,STK_001,0.0,-0.0
51,2020-W52,10,USR_006,9,USR_008,-7e-12,0.2536
51,2020-W52,10,USR_006,10,USR_006,8e-11,1.0
51,2020-W52,10,USR_006,11,STK_002,-0.0,0.8524
51,2020-W52,10,USR_006,12,USR_002,-2.3e-11,0.7694
51,2020-W52,10,USR_006,13,USR_010,-9.4e-11,0.8769
51,2020-W52,10,USR_006,14,USR_001,-2.2e-11,0.7658
51,2020-W52,11,STK_002,0,STK_004,-0.0,0.9982
51,2020-W52,11,STK_002,1,USR_003,0.0,-0.9136
51,2020-W52,11,STK_002,2,USR_009,0.0,-0.4857
51,2020-W52,11,STK_002,3,STK_005,-0.0,0.0152
51,2020-W52,11,STK_002,4,USR_005,-0.0,0.9969
51,2020-W52,11,STK_002,5,STK_003,0.0,-0.0
51,2020-W52,11,STK_002,6,USR_004,0.0,-0.8715
51,2020-W52,11,STK_002,7,USR_007,0.0,-0.8367
51,2020-W52,11,STK_002,8,STK_001,0.0,-0.0
51,2020-W52,11,STK_002,9,USR_008,0.0,-0.0424
51,2020-W52,11,STK_002,10,USR_006,-0.0,0.8524
51,2020-W52,11,STK_002,11,STK_002,0.0,1.0
51,2020-W52,11,STK_002,12,USR_002,0.0,-0.8928
51,2020-W52,11,STK_002,13,USR_010,0.0,-0.969
51,2020-W52,11,STK_002,14,USR_001,0.0,-0.8932
51,2020-W52,12,USR_002,0,STK_004,-0.0,0.9011
51,2020-W52,12,USR_002,1,USR_003,1.1e-11,-0.9985
51,2020-W52,12,USR_002,2,USR_009,2e-12,-0.1223
51,2020-W52,12,USR_002,3,STK_005,-0.0,0.0139
51,2020-W52,12,USR_002,4,USR_005,-7.2e-11,0.9062
51,2020-W52,12,USR_002,5,STK_003,0.0,-0.0
51,2020-W52,12,USR_002,6,USR_004,1e-11,-0.9972
51,2020-W52,12,USR_002,7,USR_007,1.6e-11,-0.6889
51,2020-W52,12,USR_002,8,STK_001,0.0,-0.0
51,2020-W52,12,USR_002,9,USR_008,-1e-12,0.0888
51,2020-W52,12,USR_002,10,USR_006,-2.3e-11,0.7694
51,2020-W52,12,USR_002,11,STK_002,0.0,-0.8928
51,2020-W52,12,USR_002,12,USR_002,1.1e-11,1.0
51,2020-W52,12,USR_002,13,USR_010,3.5e-11,-0.8751
51,2020-W52,12,USR_002,14,USR_001,1.1e-11,-0.9998
51,2020-W52,13,USR_010,0,STK_004,-0.0,0.9789
51,2020-W52,13,USR_010,1,USR_003,3.6e-11,-0.8902
51,2020-W52,13,USR_010,2,USR_009,2.3e-11,-0.4257
51,2020-W52,13,USR_010,3,STK_005,-0.0,0.0151
51,2020-W52,13,USR_010,4,USR_005,-2.78e-10,0.9737
51,2020-W52,13,USR_010,5,STK_003,0.0,-0.0
51,2020-W52,13,USR_010,6,USR_004,3e-11,-0.8446
51,2020-W52,13,USR_010,7,USR_007,6.4e-11,-0.7416
51,2020-W52,13,USR_010,8,STK_001,0.0,-0.0
51,2020-W52,13,USR_010,9,USR_008,8e-12,-0.206
51,2020-W52,13,USR_010,10,USR_006,-9.4e-11,0.8769
51,2020-W52,13,USR_010,11,STK_002,0.0,-0.969
51,2020-W52,13,USR_010,12,USR_002,3.5e-11,-0.8751
51,2020-W52,13,USR_010,13,USR_010,1.43e-10,1.0
51,2020-W52,13,USR_010,14,USR_001,3.4e-11,-0.874
51,2020-W52,14,USR_001,0,STK_004,-0.0,0.901
51,2020-W52,14,USR_001,1,USR_003,1.1e-11,-0.9986
51,2020-W52,14,USR_001,2,USR_009,2e-12,-0.1274
51,2020-W52,14,USR_001,3,STK_005,-0.0,0.0139
51,2020-W52,14,USR_001,4,USR_005,-7e-11,0.9067
51,2020-W52,14,USR_001,5,STK_003,0.0,-0.0
51,2020-W52,14,USR_001,6,USR_004,1e-11,-0.9973
51,2020-W52,14,USR_001,7,USR_007,1.6e-11,-0.6871
51,2020-W52,14,USR_001,8,STK_001,0.0,-0.0
51,2020-W52,14,USR_001,9,USR_008,-1e-12,0.094
51,2020-W52,14,USR_001,10,USR_006,-2.2e-11,0.7658
51,2020-W52,14,USR_001,11,STK_002,0.0,-0.8932
51,2020-W52,14,USR_001,12,USR_002,1.1e-11,-0.9998
51,2020-W52,14,USR_001,13,USR_010,3.4e-11,-0.874
51,2020-W52,14,USR_001,14,USR_001,1e-11,1.0
