t_idx,time_label,conservation_residual,kl_divergence_drift,z_score_X,z_score_v,anomaly_flag
0,E_000001,0.0,0.0,0.0,0.0,0
1,E_000002,0.0,0.0,0.0,0.0,0
2,E_000003,0.0,1.0,0.4942,1.094,0
3,E_000004,0.0,1.585,1.1536,1.4555,0
4,E_000005,0.0,1.0,0.8712,4.9223,1
5,E_000006,0.0,1.3219,0.7322,4.6287,1
6,E_000007,0.0,0.0,0.6498,32.9887,1
7,E_000008,0.0,0.0,0.8053,3.3738,1
8,E_000009,0.0,1.415,0.9378,2.1147,0
9,E_000010,0.0,1.585,0.8444,2.0977,0
10,E_000011,0.0,1.3219,0.7769,1.0889,0
11,E_000012,0.0,1.4594,0.7223,1.2304,0
12,E_000013,0.0,1.263,0.6792,1.9274,0
13,E_000014,0.0,1.263,0.5538,2.1956,0
14,E_000015,0.0,1.263,0.4859,1.5943,0
15,E_000016,0.0,1.263,0.4282,1.3184,0
16,E_000017,0.0,1.263,0.4282,1.3532,0
17,E_000018,0.0,1.263,0.4282,1.4948,0
18,E_000019,0.0,1.263,0.4282,1.0373,0
19,E_000020,0.0,1.263,0.7731,1.1611,0
20,E_000021,0.0,0.0,1.06,2.744,0
21,E_000022,0.0,1.263,0.6994,1.6863,0
22,E_000023,0.0,1.263,0.6065,1.7669,0
23,E_000024,0.0,1.263,0.6023,1.0654,0
24,E_000025,0.0,1.263,0.5589,1.083,0
25,E_000026,0.0,3.585,0.265,2.4016,1
26,E_000027,0.0,1.263,0.6468,2.1817,0
27,E_000028,0.0,1.263,0.6295,2.628,0
28,E_000029,0.0,1.263,0.4169,1.0854,0
29,E_000030,0.0,1.263,0.4306,1.2967,0
30,E_000031,0.0,1.263,0.378,1.2383,0
31,E_000032,0.0,1.263,0.3651,1.7403,0
32,E_000033,0.0,1.263,0.437,1.5233,0
33,E_000034,0.0,1.263,0.4235,1.896,0
34,E_000035,0.0,1.263,0.4364,1.5969,0
35,E_000036,0.0,1.263,0.3916,1.1389,0
36,E_000037,0.0,1.263,0.2942,1.3284,0
37,E_000038,0.0,1.263,0.3068,1.6744,0
38,E_000039,0.0,1.0,0.1977,0.8928,0
39,E_000040,0.0,1.0,0.1702,0.9537,0
40,E_000041,0.0,0.0,0.0917,3.3987,1
41,E_000042,0.0,1.263,0.2575,1.0748,0
42,E_000043,0.0,1.263,0.2631,1.0751,0
43,E_000044,0.0,1.263,0.3584,2.4019,0
44,E_000045,0.0,1.263,0.3143,2.1913,0
45,E_000046,0.0,1.263,0.2759,1.0522,0
46,E_000047,0.0,1.263,0.2715,1.1868,0
47,E_000048,0.0,1.263,0.2666,1.0663,0
48,E_000049,0.0,1.263,0.2441,1.1957,0
49,E_000050,0.0,1.263,0.4846,6.8747,1
50,E_000051,0.0,1.263,0.3769,5.1223,1
51,E_000052,0.0,1.263,0.287,0.9663,0
52,E_000053,0.0,1.263,0.3185,1.3169,0
53,E_000054,0.0,0.0,0.1197,29.1158,1
54,E_000055,0.0,1.263,0.2923,1.2765,0
55,E_000056,0.0,1.263,0.3331,1.0445,0
56,E_000057,0.0,1.263,0.3414,1.0642,0
57,E_000058,0.0,1.263,0.3358,0.9672,0
58,E_000059,0.0,1.263,0.2868,1.4607,0
59,E_000060,0.0,1.263,0.3096,1.2493,0
60,E_000061,0.0,1.263,0.2915,1.0798,0
61,E_000062,0.0,1.263,0.3142,0.9119,0
62,E_000063,0.0,1.263,0.3333,2.8678,0
63,E_000064,0.0,1.263,0.304,1.7231,0
64,E_000065,0.0,1.263,0.3082,1.5591,0
65,E_000066,0.0,1.263,0.2963,1.1163,0
66,E_000067,0.0,1.0,0.0832,1.0348,0
67,E_000068,0.0,1.0,0.0826,0.902,0
68,E_000069,0.0,1.0,0.069,0.9091,0
69,E_000070,0.0,1.0,0.0678,0.8939,0
70,E_000071,0.0,1.0,0.048,0.9645,0
71,E_000072,0.0,1.0,0.0692,0.9563,0
72,E_000073,0.0,1.0,0.0544,0.9854,0
73,E_000074,0.0,1.0,0.0684,1.3214,0
74,E_000075,0.0,1.0,0.1265,3.0872,1
75,E_000076,0.0,1.0,0.1201,6.4003,1
76,E_000077,0.0,1.0,0.0216,1.2745,0
77,E_000078,0.0,1.0,0.0431,1.4012,0
78,E_000079,0.0,1.0,0.0787,1.3192,0
79,E_000080,0.0,1.0,0.0628,0.8862,0
80,E_000081,0.0,1.0,0.05,0.7927,0
81,E_000082,0.0,1.0,0.0561,0.8586,0
82,E_000083,0.0,1.0,0.041,0.754,0
83,E_000084,0.0,1.0,0.0549,0.8595,0
84,E_000085,0.0,0.0,0.0325,2.156,0
85,E_000086,0.0,1.263,0.2011,2.1903,0
86,E_000087,0.0,1.263,0.1856,2.2541,0
87,E_000088,0.0,1.263,0.1942,2.0803,0
88,E_000089,0.0,1.263,0.1695,1.6092,0
89,E_000090,0.0,1.263,0.1612,1.208,0
90,E_000091,0.0,1.263,0.1629,1.0595,0
91,E_000092,0.0,1.263,0.167,1.0675,0
92,E_000093,0.0,1.263,0.158,1.3804,0
93,E_000094,0.0,1.263,0.1894,1.8919,0
94,E_000095,0.0,1.263,0.1804,2.7784,0
95,E_000096,0.0,1.263,0.1631,1.1985,0
96,E_000097,0.0,1.263,0.1637,1.0813,0
97,E_000098,0.0,1.0,0.0454,0.9282,0
98,E_000099,0.0,1.0,0.0497,0.894,0
99,E_000100,0.0,1.0,0.0241,1.3547,0
100,E_000101,0.0,1.0,0.0299,1.1976,0
101,E_000102,0.0,1.0,0.0616,2.1154,0
102,E_000103,0.0,1.0,0.0646,2.5678,0
103,E_000104,0.0,1.0,0.083,2.5537,0
104,E_000105,0.0,1.0,0.0825,2.6679,0
105,E_000106,0.0,1.0,0.0465,0.8818,0
106,E_000107,0.0,1.0,0.045,0.8721,0
107,E_000108,0.0,0.0,0.0176,37.0501,1
108,E_000109,0.0,0.0,0.2711,2.9096,0
109,E_000110,0.0,1.263,0.2994,1.2422,0
110,E_000111,0.0,1.263,0.2967,1.523,0
111,E_000112,0.0,1.263,0.3051,1.1296,0
112,E_000113,0.0,1.263,0.2981,1.2649,0
113,E_000114,0.0,1.263,0.3172,2.46,0
114,E_000115,0.0,1.263,0.3019,1.1069,0
115,E_000116,0.0,1.263,0.3016,1.1051,0
116,E_000117,0.0,1.263,0.2978,1.3006,0
117,E_000118,0.0,3.585,0.2755,3.2249,1
118,E_000119,0.0,1.585,0.3021,1.8705,0
119,E_000120,0.0,1.585,0.3014,1.5617,0
120,E_000121,0.0,1.263,0.1434,1.556,0
121,E_000122,0.0,1.263,0.0365,1.8177,0
122,E_000123,0.0,1.263,0.0301,0.9924,0
123,E_000124,0.0,1.263,0.0355,1.2647,0
124,E_000125,0.0,1.263,0.0239,1.0242,0
125,E_000126,0.0,1.263,0.0307,1.0317,0
126,E_000127,0.0,1.263,0.0274,1.2282,0
127,E_000128,0.0,1.263,0.0243,1.3691,0
128,E_000129,0.0,3.585,0.0904,20.1332,1
129,E_000130,0.0,1.263,0.0485,1.0245,0
130,E_000131,0.0,1.263,0.0383,1.0618,0
131,E_000132,0.0,1.263,0.0469,1.3081,0
132,E_000133,0.0,1.263,0.0389,1.3809,0
133,E_000134,0.0,1.263,0.0618,7.7958,1
134,E_000135,0.0,1.263,0.0458,3.0727,1
135,E_000136,0.0,1.263,0.0365,1.82,0
136,E_000137,0.0,1.263,0.0354,1.7063,0
137,E_000138,0.0,1.263,0.0383,1.2744,0
138,E_000139,0.0,1.263,0.0376,1.0443,0
139,E_000140,0.0,1.263,0.0522,1.7006,0
140,E_000141,0.0,1.263,0.0443,2.4408,0
141,E_000142,0.0,1.0,0.0235,0.9085,0
142,E_000143,0.0,1.0,0.0272,1.0772,0
143,E_000144,0.0,0.0,0.014,3.1161,1
144,E_000145,0.0,1.263,0.0681,1.1197,0
145,E_000146,0.0,1.263,0.0636,1.4012,0
146,E_000147,0.0,1.263,0.0642,1.0698,0
147,E_000148,0.0,1.263,0.0626,1.598,0
148,E_000149,0.0,1.263,0.0706,1.9824,0
149,E_000150,0.0,1.263,0.0639,1.6924,0
150,E_000151,0.0,1.263,0.0597,2.6365,0
151,E_000152,0.0,1.263,0.058,2.7581,0
152,E_000153,0.0,3.585,0.3234,2.6429,1
153,E_000154,0.0,1.263,0.0996,1.3689,0
154,E_000155,0.0,1.263,0.0982,1.0629,0
155,E_000156,0.0,1.263,0.0968,2.101,0
156,E_000157,0.0,1.263,0.018,2.0286,0
157,E_000158,0.0,1.263,0.0272,1.4237,0
158,E_000159,0.0,1.263,0.0237,1.3423,0
159,E_000160,0.0,1.263,0.0264,1.3392,0
160,E_000161,0.0,1.263,0.0212,1.0492,0
161,E_000162,0.0,1.263,0.0223,1.1447,0
162,E_000163,0.0,1.263,0.02,1.1875,0
163,E_000164,0.0,1.263,0.0179,1.7787,0
164,E_000165,0.0,1.263,0.0167,2.1873,0
165,E_000166,0.0,1.0,0.0102,0.9088,0
166,E_000167,0.0,1.0,0.0118,1.2597,0
167,E_000168,0.0,1.0,0.0103,0.9469,0
168,E_000169,0.0,1.0,0.0113,0.9803,0
169,E_000170,0.0,0.0,0.004,62.2937,1
170,E_000171,0.0,1.263,0.1782,2.2232,0
171,E_000172,0.0,1.263,0.1765,2.0285,0
172,E_000173,0.0,1.263,0.1826,6.6995,1
173,E_000174,0.0,1.263,0.1781,3.9278,1
174,E_000175,0.0,1.263,0.1777,1.0142,0
175,E_000176,0.0,1.263,0.1753,0.9664,0
176,E_000177,0.0,1.263,0.1779,0.989,0
177,E_000178,0.0,1.263,0.1759,1.0687,0
178,E_000179,0.0,1.263,0.1744,2.0677,0
179,E_000180,0.0,1.263,0.174,1.682,0
180,E_000181,0.0,1.263,0.1772,0.9776,0
181,E_000182,0.0,1.263,0.1759,1.0648,0
182,E_000183,0.0,1.0,0.013,0.8353,0
183,E_000184,0.0,1.0,0.0172,1.1472,0
184,E_000185,0.0,1.0,0.045,3.7123,1
185,E_000186,0.0,1.0,0.0307,3.7331,1
186,E_000187,0.0,0.0,0.0106,1.7122,0
187,E_000188,0.0,1.263,0.0181,0.9234,0
188,E_000189,0.0,1.263,0.0166,0.8947,0
189,E_000190,0.0,1.263,0.0152,0.9051,0
190,E_000191,0.0,1.263,0.0141,0.9557,0
191,E_000192,0.0,1.263,0.0077,1.0984,0
192,E_000193,0.0,1.263,0.0123,1.2783,0
193,E_000194,0.0,1.263,0.0258,1.2753,0
194,E_000195,0.0,1.263,0.0212,1.1504,0
195,E_000196,0.0,3.585,0.1933,12.8735,1
196,E_000197,0.0,0.0,0.0654,16.4779,1
197,E_000198,0.0,3.585,0.2884,2.4974,1
198,E_000199,0.0,2.585,0.2886,1.7009,1
199,E_000200,0.0,0.0,0.2887,8.8763,1
200,E_000201,0.0,2.0,0.4282,1.9131,0
201,E_000202,0.0,2.0,0.4282,2.0212,0
202,E_000203,0.0,2.0,0.4282,4.5189,1
203,E_000204,0.0,2.0,0.4282,6.6353,1
204,E_000205,0.0,2.0,0.4282,1.5626,0
205,E_000206,0.0,2.0,0.4282,1.939,0
206,E_000207,0.0,3.585,0.4282,1.6904,1
207,E_000208,0.0,2.0,0.4282,1.2035,0
208,E_000209,0.0,2.0,0.4282,1.352,0
209,E_000210,0.0,1.585,0.2887,1.0943,0
210,E_000211,0.0,1.585,0.2887,1.2812,0
211,E_000212,0.0,1.263,0.2887,1.1063,0
212,E_000213,0.0,1.263,0.0095,1.0029,0
213,E_000214,0.0,1.263,0.0125,0.9072,0
214,E_000215,0.0,1.263,0.0113,0.8961,0
215,E_000216,0.0,3.585,0.0238,2.1086,1
216,E_000217,0.0,1.263,0.0116,2.5423,0
217,E_000218,0.0,1.263,0.0105,4.6282,1
218,E_000219,0.0,1.263,0.0078,1.1847,0
219,E_000220,0.0,1.263,0.0056,1.2723,0
220,E_000221,0.0,1.263,0.0156,4.5852,1
221,E_000222,0.0,1.263,0.0108,2.3207,0
222,E_000223,0.0,1.263,0.0058,1.1371,0
223,E_000224,0.0,1.263,0.0078,0.9642,0
224,E_000225,0.0,3.585,0.0581,14.6525,1
225,E_000226,0.0,1.263,0.0273,1.4716,0
226,E_000227,0.0,1.263,0.0242,1.4322,0
227,E_000228,0.0,1.263,0.022,1.3591,0
228,E_000229,0.0,1.263,0.0175,1.1987,0
229,E_000230,0.0,1.263,0.0203,1.0962,0
230,E_000231,0.0,1.263,0.0178,0.9859,0
231,E_000232,0.0,1.263,0.0249,2.003,0
232,E_000233,0.0,1.263,0.0204,1.9587,0
233,E_000234,0.0,0.0,0.0151,35.7286,1
234,E_000235,0.0,1.263,0.099,1.0944,0
235,E_000236,0.0,1.263,0.098,1.3101,0
236,E_000237,0.0,1.263,0.0998,1.3648,0
237,E_000238,0.0,1.263,0.0975,1.1819,0
238,E_000239,0.0,1.263,0.0969,1.9582,0
239,E_000240,0.0,1.263,0.0969,1.2654,0
240,E_000241,0.0,1.263,0.097,1.8634,0
241,E_000242,0.0,1.263,0.0965,1.7687,0
242,E_000243,0.0,1.263,0.0986,1.1185,0
243,E_000244,0.0,1.263,0.098,1.6392,0
244,E_000245,0.0,1.263,0.0983,1.321,0
245,E_000246,0.0,1.263,0.0975,1.0697,0
246,E_000247,0.0,1.0,0.0074,1.2036,0
247,E_000248,0.0,1.0,0.0058,0.8849,0
248,E_000249,0.0,1.0,0.0039,1.03,0
249,E_000250,0.0,1.0,0.0043,0.9899,0
250,E_000251,0.0,1.0,0.0061,1.3925,0
251,E_000252,0.0,1.0,0.006,1.4485,0
252,E_000253,0.0,0.0,0.0058,5.6756,1
253,E_000254,0.0,1.263,0.0044,1.4168,0
254,E_000255,0.0,1.263,0.0046,2.1546,0
255,E_000256,0.0,1.263,0.0152,6.1164,1
256,E_000257,0.0,1.263,0.0099,4.9813,1
257,E_000258,0.0,1.263,0.0091,1.0833,0
258,E_000259,0.0,1.263,0.0089,1.5464,0
259,E_000260,0.0,1.263,0.0038,1.3432,0
260,E_000261,0.0,1.263,0.0053,1.2561,0
261,E_000262,0.0,3.585,0.0136,6.9556,1
262,E_000263,0.0,1.263,0.0048,1.1289,0
263,E_000264,0.0,1.263,0.0034,1.1886,0
264,E_000265,0.0,1.263,0.0121,1.3801,0
265,E_000266,0.0,1.263,0.0093,2.1117,0
266,E_000267,0.0,1.263,0.0141,1.5362,0
267,E_000268,0.0,1.263,0.0105,1.5936,0
268,E_000269,0.0,1.263,0.0058,1.1114,0
269,E_000270,0.0,1.263,0.0043,1.3271,0
270,E_000271,0.0,1.263,0.0113,1.9109,0
271,E_000272,0.0,1.263,0.0063,1.1629,0
272,E_000273,0.0,0.0,0.0032,4.4533,1
273,E_000274,0.0,1.263,0.0266,1.3946,0
274,E_000275,0.0,1.263,0.0236,1.0431,0
275,E_000276,0.0,1.263,0.0302,2.7689,0
276,E_000277,0.0,1.263,0.0274,3.4868,1
277,E_000278,0.0,1.263,0.0239,1.2418,0
278,E_000279,0.0,1.263,0.0236,1.1179,0
279,E_000280,0.0,1.263,0.0234,1.242,0
280,E_000281,0.0,1.263,0.0235,1.014,0
281,E_000282,0.0,1.263,0.0234,1.2357,0
282,E_000283,0.0,1.263,0.0229,1.3605,0
283,E_000284,0.0,1.263,0.0244,0.946,0
284,E_000285,0.0,1.263,0.0236,0.964,0
285,E_000286,0.0,1.0,0.0064,0.8754,0
286,E_000287,0.0,1.0,0.0059,0.8343,0
287,E_000288,0.0,1.0,0.0062,0.8857,0
288,E_000289,0.0,1.0,0.0038,1.0281,0
289,E_000290,0.0,1.0,0.0062,3.1236,1
290,E_000291,0.0,1.0,0.0059,3.6317,1
291,E_000292,0.0,1.0,0.0089,3.3908,1
292,E_000293,0.0,1.0,0.0076,2.8409,0
293,E_000294,307.3,0.0,0.0039,3.6741,1
294,E_000295,0.0,1.263,0.2887,1.2816,0
295,E_000296,0.0,1.263,0.2887,1.4659,0
296,E_000297,0.0,1.263,0.2892,5.8761,1
297,E_000298,0.0,1.263,0.289,4.2365,1
298,E_000299,0.0,1.263,0.2888,0.9812,0
299,E_000300,0.0,1.263,0.2888,1.0282,0
300,E_000301,0.0,0.0,0.2887,22.9799,1
301,E_000302,0.0,1.263,0.3032,1.0863,0
302,E_000303,0.0,1.263,0.303,1.0939,0
303,E_000304,0.0,1.263,0.303,1.2383,0
304,E_000305,0.0,1.263,0.303,1.1274,0
305,E_000306,0.0,1.263,0.3034,0.9636,0
306,E_000307,0.0,1.263,0.085,0.9399,0
307,E_000308,0.0,1.263,0.0856,0.9285,0
308,E_000309,0.0,1.263,0.0847,0.9741,0
309,E_000310,0.0,1.263,0.0847,1.1876,0
310,E_000311,0.0,1.263,0.085,1.77,0
311,E_000312,0.0,1.263,0.0849,2.8933,0
312,E_000313,0.0,1.263,0.0849,1.9849,0
313,E_000314,0.0,1.0,0.0026,0.9828,0
314,E_000315,0.0,1.0,0.0032,1.0065,0
315,E_000316,0.0,1.0,0.0052,2.3046,0
316,E_000317,0.0,1.0,0.0041,1.9753,0
317,E_000318,0.0,0.0,0.0049,5.4385,1
318,E_000319,0.0,3.585,0.0048,2.7051,1
319,E_000320,0.0,1.263,0.0023,1.4806,0
320,E_000321,0.0,1.263,0.0016,1.0447,0
321,E_000322,0.0,1.263,0.0046,1.6063,0
322,E_000323,0.0,1.263,0.0023,1.5722,0
323,E_000324,0.0,1.263,0.0052,1.6478,0
324,E_000325,0.0,1.263,0.0032,2.3437,0
325,E_000326,0.0,1.263,0.0028,1.6401,0
326,E_000327,0.0,1.263,0.0018,1.8114,0
327,E_000328,0.0,1.263,0.0047,1.1872,0
328,E_000329,0.0,1.263,0.002,1.1168,0
329,E_000330,0.0,1.263,0.0023,1.5,0
330,E_000331,0.0,1.263,0.0022,1.2908,0
331,E_000332,0.0,1.0,0.0036,1.6779,0
332,E_000333,0.0,1.0,0.0034,1.62,0
333,E_000334,0.0,1.0,0.0042,1.7116,0
334,E_000335,0.0,1.0,0.0038,1.8223,0
335,E_000336,0.0,1.0,0.0055,2.5188,0
336,E_000337,0.0,1.0,0.0046,2.333,0
337,E_000338,0.0,0.0,0.0035,4.2986,1
338,E_000339,0.0,1.263,0.0017,1.7409,0
339,E_000340,0.0,1.263,0.0025,1.8307,0
340,E_000341,0.0,1.263,0.0023,1.2063,0
341,E_000342,0.0,1.263,0.0024,1.2758,0
342,E_000343,0.0,1.263,0.0047,1.3557,0
343,E_000344,0.0,1.263,0.0041,1.6241,0
344,E_000345,0.0,1.263,0.0048,1.3218,0
345,E_000346,0.0,1.263,0.0043,1.6294,0
346,E_000347,0.0,1.263,0.0048,1.3336,0
347,E_000348,0.0,1.263,0.0037,1.1192,0
348,E_000349,0.0,0.0,0.0013,5.5257,1
349,E_000350,0.0,3.585,0.0061,3.3142,1
350,E_000351,0.0,1.263,0.0079,1.6256,0
351,E_000352,0.0,1.263,0.0066,1.1306,0
352,E_000353,0.0,1.263,0.009,2.4486,0
353,E_000354,0.0,1.263,0.0075,2.4134,0
354,E_000355,0.0,1.263,0.0089,1.6603,0
355,E_000356,0.0,1.263,0.0069,1.4383,0
356,E_000357,0.0,1.263,0.0082,1.1226,0
357,E_000358,0.0,1.263,0.0077,2.8054,0
358,E_000359,0.0,1.263,0.0067,2.6262,0
359,E_000360,0.0,1.263,0.0062,2.8789,0
360,E_000361,0.0,1.263,0.0083,1.19,0
361,E_000362,0.0,1.263,0.0046,1.2047,0
362,E_000363,0.0,0.0,0.002,4.3841,1
363,E_000364,0.0,0.0,0.0053,9.2099,1
364,E_000365,0.0,1.263,0.0064,1.584,0
365,E_000366,0.0,1.263,0.0063,1.1261,0
366,E_000367,0.0,1.263,0.0062,1.5524,0
367,E_000368,0.0,1.263,0.006,1.2587,0
368,E_000369,0.0,1.263,0.0067,1.086,0
369,E_000370,0.0,1.263,0.0064,1.3266,0
370,E_000371,0.0,1.263,0.011,8.2649,1
371,E_000372,0.0,1.263,0.0084,5.0118,1
372,E_000373,0.0,0.0,0.0052,22.6347,1
373,E_000374,0.0,1.585,0.0454,1.7047,0
374,E_000375,0.0,1.585,0.0455,1.5747,0
375,E_000376,0.0,1.263,0.046,0.9611,0
376,E_000377,0.0,1.263,0.0461,0.8909,0
377,E_000378,0.0,1.263,0.0468,1.4077,0
378,E_000379,0.0,1.263,0.0465,1.2354,0
379,E_000380,0.0,1.263,0.046,0.9342,0
380,E_000381,0.0,1.263,0.0457,1.0152,0
381,E_000382,0.0,1.263,0.0455,1.1157,0
382,E_000383,0.0,1.263,0.0456,1.0171,0
383,E_000384,0.0,0.0,0.0452,2.0162,0
384,E_000385,0.0,1.263,0.0465,1.8671,0
385,E_000386,0.0,1.263,0.0073,1.696,0
386,E_000387,0.0,1.263,0.0071,1.1454,0
387,E_000388,0.0,1.263,0.007,1.0676,0
388,E_000389,0.0,1.263,0.0077,1.1231,0
389,E_000390,0.0,1.263,0.0074,1.7379,0
390,E_000391,0.0,1.263,0.0076,1.1796,0
391,E_000392,0.0,1.263,0.0071,1.2439,0
392,E_000393,0.0,1.263,0.0103,6.4963,1
393,E_000394,0.0,1.263,0.0092,5.8702,1
394,E_000395,0.0,1.263,0.0084,1.0211,0
395,E_000396,0.0,1.263,0.0072,1.0947,0
396,E_000397,0.0,1.0,0.0012,1.47,0
397,E_000398,0.0,1.0,0.002,1.468,0
398,E_000399,0.0,1.0,0.0031,0.7757,0
399,E_000400,0.0,1.0,0.0034,0.7993,0
400,E_000401,0.0,0.0,0.002,1.8003,0
401,E_000402,0.0,0.0,0.0134,3.2747,1
402,E_000403,0.0,3.585,0.0138,5.1428,1
403,E_000404,0.0,1.585,0.0154,1.3129,0
404,E_000405,0.0,1.585,0.0148,1.4743,0
405,E_000406,0.0,1.585,0.0143,1.0641,0
406,E_000407,0.0,1.585,0.0142,1.2143,0
407,E_000408,0.0,1.585,0.0145,1.3241,0
408,E_000409,0.0,1.585,0.0143,1.4415,0
409,E_000410,0.0,1.585,0.0148,1.6789,0
410,E_000411,0.0,1.585,0.0142,1.486,0
411,E_000412,0.0,2.585,0.0139,1.8994,1
412,E_000413,0.0,1.585,0.0142,2.0054,0
413,E_000414,0.0,1.585,0.0011,1.9302,0
414,E_000415,0.0,1.263,0.0022,1.0329,0
415,E_000416,0.0,1.263,0.0017,1.3794,0
416,E_000417,0.0,1.263,0.0019,1.0336,0
417,E_000418,0.0,1.263,0.0014,1.1739,0
418,E_000419,0.0,1.263,0.0015,1.1581,0
419,E_000420,0.0,1.263,0.0016,1.4061,0
420,E_000421,0.0,1.263,0.0047,6.4259,1
421,E_000422,0.0,1.263,0.0035,7.663,1
422,E_000423,0.0,0.0,0.0012,4.0137,1
423,E_000424,0.0,3.585,0.0048,2.3422,1
424,E_000425,0.0,1.263,0.0049,0.9783,0
425,E_000426,0.0,1.263,0.0048,1.1205,0
426,E_000427,0.0,1.263,0.0065,1.6372,0
427,E_000428,0.0,1.263,0.0052,1.0298,0
428,E_000429,0.0,1.263,0.0091,3.0395,1
429,E_000430,0.0,1.263,0.0064,1.9523,0
430,E_000431,0.0,1.263,0.0071,1.0911,0
431,E_000432,0.0,1.263,0.0066,1.4981,0
432,E_000433,0.0,1.263,0.0045,1.8136,0
433,E_000434,0.0,1.263,0.0046,1.6431,0
434,E_000435,0.0,3.585,0.0968,6.3137,1
435,E_000436,0.0,3.585,0.0144,5.9162,1
436,E_000437,0.0,3.585,0.0146,4.058,1
437,E_000438,0.0,1.585,0.0164,1.4452,0
438,E_000439,0.0,1.585,0.0152,1.7858,0
439,E_000440,0.0,1.585,0.0149,1.5768,0
440,E_000441,0.0,1.585,0.0148,1.2634,0
441,E_000442,0.0,1.585,0.0153,1.3466,0
442,E_000443,0.0,1.585,0.015,1.5021,0
443,E_000444,0.0,1.585,0.0154,1.8052,0
444,E_000445,0.0,1.585,0.0149,1.3585,0
445,E_000446,0.0,0.0,0.0143,38.5466,1
446,E_000447,0.0,1.585,0.0481,3.6907,1
447,E_000448,0.0,1.585,0.0472,2.4163,0
448,E_000449,0.0,1.263,0.0473,1.1204,0
449,E_000450,0.0,1.263,0.0473,1.2063,0
450,E_000451,0.0,1.263,0.0474,1.1042,0
451,E_000452,0.0,1.263,0.0477,0.9872,0
452,E_000453,0.0,1.263,0.0473,1.0089,0
453,E_000454,0.0,1.263,0.0476,0.9651,0
454,E_000455,0.0,0.0,0.0469,2.9932,0
455,E_000456,0.0,3.585,0.047,8.6167,1
456,E_000457,0.0,1.585,0.0474,1.1766,0
457,E_000458,0.0,1.585,0.0477,1.1737,0
458,E_000459,0.0,1.263,0.0016,1.8565,0
459,E_000460,0.0,1.263,0.0007,2.3038,0
460,E_000461,0.0,1.263,0.0021,2.5845,0
461,E_000462,0.0,1.263,0.001,2.8358,0
462,E_000463,0.0,1.263,0.0039,5.1421,1
463,E_000464,0.0,1.263,0.0021,5.7422,1
464,E_000465,0.0,1.263,0.0011,0.992,0
465,E_000466,0.0,1.263,0.0009,1.104,0
466,E_000467,0.0,2.585,0.0023,1.4589,1
467,E_000468,0.0,1.263,0.0024,1.0731,0
468,E_000469,0.0,1.263,0.0018,1.0253,0
469,E_000470,0.0,1.263,0.0013,0.9766,0
470,E_000471,0.0,1.263,0.0016,1.0012,0
471,E_000472,0.0,1.263,0.0027,1.3081,0
472,E_000473,0.0,1.263,0.0023,1.3258,0
473,E_000474,0.0,1.263,0.0024,1.0907,0
474,E_000475,0.0,1.263,0.0018,1.0164,0
475,E_000476,0.0,1.263,0.0016,0.9696,0
476,E_000477,0.0,1.263,0.0011,1.4634,0
477,E_000478,0.0,3.585,0.0021,4.9981,1
478,E_000479,0.0,1.263,0.0016,1.0796,0
479,E_000480,0.0,1.263,0.0012,1.4547,0
480,E_000481,0.0,1.263,0.002,1.3973,0
481,E_000482,0.0,1.263,0.0016,1.8986,0
482,E_000483,0.0,1.263,0.0026,2.1121,0
483,E_000484,0.0,1.263,0.0018,1.5189,0
484,E_000485,0.0,1.263,0.004,4.4239,1
485,E_000486,0.0,1.263,0.0026,3.6237,1
486,E_000487,0.0,0.0,0.001,5.5509,1
487,E_000488,0.0,3.585,0.0068,6.996,1
488,E_000489,0.0,2.585,0.0068,1.8192,1
489,E_000490,0.0,1.585,0.01,3.6941,1
490,E_000491,0.0,1.585,0.0066,3.3113,1
491,E_000492,0.0,1.585,0.0056,2.383,0
492,E_000493,0.0,1.585,0.0057,1.9088,0
493,E_000494,0.0,1.585,0.0064,1.3061,0
494,E_000495,0.0,1.585,0.006,1.128,0
495,E_000496,0.0,1.585,0.0071,1.1827,0
496,E_000497,0.0,1.585,0.0062,1.2377,0
497,E_000498,0.0,3.585,0.1108,6.1156,1
498,E_000499,0.0,1.585,0.029,1.2418,0
499,E_000500,0.0,1.585,0.0162,1.2047,0
500,E_000501,0.0,1.263,0.0165,0.9695,0
501,E_000502,0.0,1.263,0.0163,0.9824,0
502,E_000503,0.0,1.263,0.0164,1.0078,0
503,E_000504,0.0,1.263,0.0163,1.0536,0
504,E_000505,0.0,1.263,0.0164,1.0941,0
505,E_000506,0.0,1.263,0.0162,1.986,0
506,E_000507,0.0,1.263,0.0168,2.9213,0
507,E_000508,0.0,1.263,0.0163,1.4624,0
508,E_000509,0.0,0.0,0.0148,15.9293,1
509,E_000510,0.0,3.585,1.0214,2.5149,1
510,E_000511,0.0,2.585,0.6069,1.9016,1
511,E_000512,0.0,0.0,0.4159,2.3293,0
512,E_000513,0.0,0.0,0.5271,3.7269,1
513,E_000514,0.0,2.0,0.536,2.3038,0
514,E_000515,0.0,2.0,0.5357,3.5966,1
515,E_000516,0.0,2.0,0.5358,1.8463,0
516,E_000517,0.0,2.0,0.5356,1.508,0
517,E_000518,0.0,2.0,0.5358,1.6343,0
518,E_000519,0.0,2.0,0.5356,1.6358,0
519,E_000520,0.0,2.0,0.536,2.8956,0
520,E_000521,0.0,2.0,0.5357,2.4087,0
521,E_000522,0.0,1.585,0.3357,1.8467,0
522,E_000523,0.0,1.585,0.2935,2.0186,0
523,E_000524,0.0,0.0,0.8298,57.7894,1
524,E_000525,0.0,0.0,0.0046,2.2785,0
525,E_000526,0.0,0.0,0.0635,6.8175,1
526,E_000527,0.0,0.0,0.6292,97.3238,1
527,E_000528,0.0,1.585,0.0214,3.3458,1
528,E_000529,0.0,1.585,0.0218,2.0691,0
529,E_000530,0.0,1.585,0.0211,2.2364,0
530,E_000531,0.0,1.585,0.0213,2.541,0
531,E_000532,0.0,1.585,0.0213,1.3058,0
532,E_000533,0.0,1.585,0.0217,1.5566,0
533,E_000534,0.0,1.585,0.0211,1.6019,0
534,E_000535,0.0,1.585,0.0214,1.6227,0
535,E_000536,0.0,3.585,0.0199,10.8844,1
536,E_000537,0.0,1.585,0.0376,2.069,0
537,E_000538,0.0,1.585,0.0371,3.0023,1
538,E_000539,0.0,1.263,0.0375,1.3054,0
539,E_000540,0.0,1.263,0.0025,1.9086,0
540,E_000541,0.0,1.263,0.0028,1.4509,0
541,E_000542,0.0,1.263,0.0025,1.9542,0
542,E_000543,0.0,1.263,0.0037,1.939,0
543,E_000544,0.0,1.263,0.0025,1.112,0
544,E_000545,0.0,3.585,0.003,2.6463,1
545,E_000546,0.0,2.585,0.0021,2.954,1
546,E_000547,0.0,1.585,0.0032,1.2121,0
547,E_000548,0.0,1.585,0.0017,1.9817,0
548,E_000549,0.0,1.263,0.0016,2.0071,0
549,E_000550,0.0,1.263,0.0015,1.7223,0
550,E_000551,0.0,1.263,0.0021,1.0648,0
551,E_000552,0.0,1.263,0.0015,1.2445,0
552,E_000553,0.0,1.263,0.0016,1.2231,0
553,E_000554,0.0,1.263,0.0012,1.3082,0
554,E_000555,0.0,2.585,0.0019,1.8945,1
555,E_000556,0.0,2.0,0.0024,3.8768,1
556,E_000557,0.0,1.585,0.0026,1.8236,0
557,E_000558,0.0,1.585,0.0012,2.4566,0
558,E_000559,0.0,1.263,0.001,1.9468,0
559,E_000560,0.0,1.263,0.0009,1.12,0
560,E_000561,0.0,1.263,0.0043,6.8141,1
561,E_000562,0.0,1.263,0.0021,4.2174,1
562,E_000563,0.0,1.263,0.001,1.3606,0
563,E_000564,0.0,1.263,0.0011,1.0562,0
564,E_000565,0.0,2.585,0.0023,1.65,1
565,E_000566,0.0,1.585,0.0037,1.6111,0
566,E_000567,0.0,1.585,0.0023,2.6156,0
567,E_000568,0.0,1.263,0.0029,1.0928,0
568,E_000569,0.0,1.263,0.0024,1.0983,0
569,E_000570,0.0,1.263,0.0025,1.0325,0
570,E_000571,0.0,1.263,0.0022,0.983,0
571,E_000572,0.0,1.263,0.0025,1.0098,0
572,E_000573,0.0,1.263,0.0022,1.0966,0
573,E_000574,0.0,1.263,0.0012,1.6056,0
574,E_000575,0.0,1.263,0.0014,1.3259,0
575,E_000576,0.0,1.263,0.0017,1.0478,0
576,E_000577,0.0,1.263,0.0015,1.4496,0
577,E_000578,0.0,1.0,0.001,1.4118,0
578,E_000579,0.0,1.0,0.0009,1.873,0
579,E_000580,0.0,1.0,0.002,1.9374,0
580,E_000581,0.0,1.0,0.0016,1.4972,0
581,E_000582,0.0,0.0,0.0012,4.9079,1
582,E_000583,0.0,3.585,0.0014,5.3175,1
583,E_000584,0.0,2.585,0.0019,3.756,1
584,E_000585,0.0,1.585,0.0011,1.4125,0
585,E_000586,0.0,1.585,0.0005,1.6137,0
586,E_000587,0.0,1.585,0.0014,1.2097,0
587,E_000588,0.0,1.585,0.0007,1.24,0
588,E_000589,0.0,1.585,0.0019,1.7343,0
589,E_000590,0.0,1.585,0.0009,2.264,0
590,E_000591,0.0,1.585,0.0012,1.243,0
591,E_000592,0.0,1.585,0.0007,1.2333,0
592,E_000593,0.0,0.0,0.0013,53.7493,1
593,E_000594,0.0,2.0,0.0504,5.0203,1
594,E_000595,0.0,1.585,0.0506,1.9293,0
595,E_000596,0.0,1.585,0.0512,2.4763,0
596,E_000597,0.0,1.263,0.0505,1.1042,0
597,E_000598,0.0,1.263,0.0508,1.4047,0
598,E_000599,0.0,1.263,0.0505,1.202,0
599,E_000600,0.0,1.263,0.0509,1.2805,0
600,E_000601,0.0,1.263,0.0506,1.5669,0
601,E_000602,0.0,1.263,0.0509,1.2754,0
602,E_000603,0.0,0.0,0.0503,7.4723,1
603,E_000604,0.0,1.585,0.0504,2.7867,0
604,E_000605,0.0,1.585,0.0507,1.9428,0
605,E_000606,0.0,1.263,0.001,1.1715,0
606,E_000607,0.0,1.263,0.0008,1.3163,0
607,E_000608,0.0,1.263,0.001,1.3629,0
608,E_000609,0.0,1.263,0.0009,2.1996,0
609,E_000610,0.0,3.585,0.0265,29.616,1
610,E_000611,0.0,1.263,0.0143,4.7016,1
611,E_000612,0.0,1.263,0.0138,4.2079,1
612,E_000613,0.0,1.263,0.0142,1.6637,0
613,E_000614,0.0,1.263,0.0138,2.6983,0
614,E_000615,0.0,1.263,0.0139,0.9133,0
615,E_000616,0.0,1.263,0.0114,0.9935,0
616,E_000617,0.0,1.263,0.0116,0.983,0
617,E_000618,0.0,1.263,0.0114,1.0327,0
618,E_000619,0.0,0.0,0.0091,22.2885,1
619,E_000620,0.0,0.0,0.0466,4.7455,1
620,E_000621,0.0,3.585,0.0477,15.4304,1
621,E_000622,0.0,2.585,0.0478,3.1048,1
622,E_000623,0.0,1.585,0.0458,1.2249,0
623,E_000624,0.0,1.585,0.0457,1.4518,0
624,E_000625,0.0,1.585,0.0458,1.1819,0
625,E_000626,0.0,1.585,0.0457,1.4111,0
626,E_000627,0.0,1.585,0.0458,1.9366,0
627,E_000628,0.0,1.585,0.0458,2.9235,0
628,E_000629,0.0,1.585,0.0457,1.3648,0
629,E_000630,0.0,1.585,0.0457,1.2255,0
630,E_000631,0.0,2.0,0.0468,1.5585,0
631,E_000632,0.0,1.585,0.0008,1.8623,0
632,E_000633,0.0,1.585,0.0016,1.6428,0
633,E_000634,0.0,1.585,0.003,4.9385,1
634,E_000635,0.0,1.585,0.0012,2.7866,0
635,E_000636,0.0,1.585,0.0015,1.2222,0
636,E_000637,0.0,1.585,0.0008,1.1843,0
637,E_000638,0.0,1.585,0.0019,1.2954,0
638,E_000639,0.0,1.585,0.0011,1.3196,0
639,E_000640,0.0,1.585,0.0021,1.4681,0
640,E_000641,0.0,1.585,0.0014,2.734,0
641,E_000642,0.0,0.0,0.0004,7.9696,1
642,E_000643,0.0,2.0,0.0069,1.93,0
643,E_000644,0.0,2.0,0.0071,2.4336,0
644,E_000645,0.0,2.0,0.0073,3.2504,1
645,E_000646,0.0,1.585,0.0073,1.22,0
646,E_000647,0.0,1.585,0.007,1.6566,0
647,E_000648,0.0,1.585,0.0072,1.1978,0
648,E_000649,0.0,1.585,0.0071,1.4531,0
649,E_000650,0.0,1.585,0.0072,1.2213,0
650,E_000651,0.0,1.585,0.0071,1.2543,0
651,E_000652,0.0,1.585,0.0071,1.4911,0
652,E_000653,0.0,1.585,0.007,2.0371,0
653,E_000654,0.0,2.0,0.0073,2.5321,0
654,E_000655,0.0,1.585,0.0016,1.3742,0
655,E_000656,0.0,1.585,0.0022,2.1957,0
656,E_000657,0.0,1.585,0.0007,1.6891,0
657,E_000658,0.0,1.263,0.0027,4.3817,1
658,E_000659,0.0,1.263,0.0013,3.5387,1
659,E_000660,0.0,1.263,0.0023,1.6274,0
660,E_000661,0.0,1.263,0.0011,1.0585,0
661,E_000662,0.0,1.263,0.0041,3.6754,1
662,E_000663,0.0,1.263,0.0024,4.6002,1
663,E_000664,0.0,0.0,0.0022,24.584,1
664,E_000665,0.0,0.0,0.0519,5.4404,1
665,E_000666,0.0,2.585,0.0517,3.4796,1
666,E_000667,0.0,2.585,0.0517,4.4157,1
667,E_000668,0.0,2.585,0.0518,1.7976,1
668,E_000669,0.0,2.0,0.0521,1.771,0
669,E_000670,0.0,2.0,0.0528,1.725,0
670,E_000671,0.0,2.0,0.0525,2.7291,0
671,E_000672,0.0,2.0,0.0539,3.0231,1
672,E_000673,0.0,2.0,0.0519,2.1148,0
673,E_000674,0.0,2.0,0.0524,2.1099,0
674,E_000675,0.0,2.0,0.0519,1.5259,0
675,E_000676,0.0,2.0,0.0526,1.4601,0
676,E_000677,0.0,3.585,0.0484,2.8837,1
677,E_000678,0.0,2.0,0.0044,1.1204,0
678,E_000679,0.0,2.0,0.0054,1.7937,0
679,E_000680,0.0,2.0,0.0043,1.1654,0
680,E_000681,0.0,2.0,0.0041,1.1186,0
681,E_000682,0.0,2.0,0.0039,1.4344,0
682,E_000683,0.0,2.0,0.0038,1.2619,0
683,E_000684,0.0,2.0,0.0039,2.3089,0
684,E_000685,0.0,2.0,0.0039,2.3475,0
685,E_000686,0.0,2.0,0.0039,1.8962,0
686,E_000687,0.0,2.0,0.0039,2.2338,0
687,E_000688,0.0,2.0,0.0041,3.4982,1
688,E_000689,0.0,2.0,0.0039,3.6786,1
689,E_000690,0.0,0.0,0.0002,3.4901,1
690,E_000691,0.0,2.0,0.0015,1.5208,0
691,E_000692,0.0,2.0,0.0012,1.7056,0
692,E_000693,0.0,2.0,0.001,1.4808,0
693,E_000694,0.0,2.0,0.0012,1.7177,0
694,E_000695,0.0,1.585,0.003,8.7712,1
695,E_000696,0.0,2.0,0.0042,6.2765,1
696,E_000697,0.0,2.0,0.001,4.7617,1
697,E_000698,0.0,2.0,0.0036,1.7129,0
698,E_000699,0.0,2.0,0.001,1.7966,0
699,E_000700,0.0,2.0,0.0021,1.5492,0
700,E_000701,0.0,2.0,0.0005,1.5774,0
701,E_000702,0.0,2.0,0.0018,1.4254,0
702,E_000703,0.0,2.0,0.0006,1.2232,0
703,E_000704,0.0,1.585,0.0013,1.2505,0
704,E_000705,0.0,1.585,0.0005,1.1321,0
705,E_000706,0.0,1.263,0.0042,2.4462,0
706,E_000707,0.0,1.263,0.0018,2.0908,0
707,E_000708,0.0,1.0,0.0022,1.1657,0
708,E_000709,0.0,1.0,0.002,1.887,0
709,E_000710,0.0,1.0,0.0008,0.9009,0
710,E_000711,0.0,1.0,0.0011,0.8091,0
711,E_000712,0.0,0.0,0.0019,3.2066,1
712,E_000713,0.0,3.585,0.0019,2.3825,1
713,E_000714,0.0,2.585,0.0017,1.4423,1
714,E_000715,0.0,2.0,0.0017,1.2817,0
715,E_000716,0.0,1.585,0.0032,1.8049,0
716,E_000717,0.0,1.585,0.0017,2.614,0
717,E_000718,0.0,1.585,0.0017,1.5986,0
718,E_000719,0.0,1.585,0.0006,1.7585,0
719,E_000720,0.0,1.585,0.0029,1.8854,0
720,E_000721,0.0,1.585,0.001,1.2678,0
721,E_000722,0.0,0.0,0.0003,4.8287,1
722,E_000723,0.0,1.585,0.002,1.2096,0
723,E_000724,0.0,1.263,0.002,1.0537,0
724,E_000725,0.0,1.263,0.0017,1.336,0
725,E_000726,0.0,2.0,0.0019,2.1997,0
726,E_000727,0.0,2.0,0.0014,2.1535,0
727,E_000728,0.0,1.585,0.002,1.2197,0
728,E_000729,0.0,1.585,0.0015,1.4732,0
729,E_000730,0.0,1.585,0.0019,1.2703,0
730,E_000731,0.0,1.585,0.0015,1.2692,0
731,E_000732,0.0,1.585,0.0022,1.5931,0
732,E_000733,0.0,1.585,0.0016,3.4319,1
733,E_000734,0.0,1.585,0.0015,1.7115,0
734,E_000735,0.0,1.585,0.0004,1.7207,0
735,E_000736,0.0,1.263,0.001,1.0922,0
736,E_000737,0.0,1.263,0.0008,1.2677,0
737,E_000738,0.0,0.0,0.0012,53.8142,1
738,E_000739,0.0,0.0,0.0503,3.6503,1
739,E_000740,0.0,0.0,0.0502,9.2755,1
740,E_000741,0.0,3.585,0.0502,7.8547,1
741,E_000742,0.0,1.585,0.0507,2.2636,0
742,E_000743,0.0,1.585,0.0516,2.2688,0
743,E_000744,0.0,1.585,0.0505,1.5943,0
744,E_000745,0.0,1.585,0.051,1.5144,0
745,E_000746,0.0,1.585,0.0505,1.506,0
746,E_000747,0.0,1.585,0.0509,1.5174,0
747,E_000748,0.0,1.585,0.0507,3.6312,1
748,E_000749,0.0,1.585,0.0517,2.696,0
749,E_000750,0.0,3.585,0.0575,12.9732,1
750,E_000751,0.0,2.585,0.0088,1.5978,1
751,E_000752,0.0,2.0,0.0067,1.3056,0
752,E_000753,0.0,2.0,0.007,2.9385,0
753,E_000754,0.0,2.0,0.0069,1.8078,0
754,E_000755,0.0,1.585,0.0069,1.4069,0
755,E_000756,0.0,1.263,0.0072,2.2327,0
756,E_000757,0.0,2.585,0.0066,1.6467,1
757,E_000758,0.0,2.585,0.0066,1.6227,1
758,E_000759,0.0,2.585,0.0072,3.3895,1
759,E_000760,0.0,2.585,0.0066,2.6777,1
760,E_000761,0.0,2.585,0.0068,1.7613,1
761,E_000762,0.0,2.585,0.0066,1.8469,1
762,E_000763,0.0,2.0,0.0032,2.1942,0
763,E_000764,0.0,2.0,0.0009,3.7749,1
764,E_000765,0.0,1.585,0.0014,1.4999,0
765,E_000766,0.0,1.585,0.0032,3.0431,1
766,E_000767,0.0,1.585,0.0021,1.1565,0
767,E_000768,0.0,1.585,0.0046,3.034,1
768,E_000769,0.0,1.585,0.0021,4.3696,1
769,E_000770,0.0,1.585,0.004,1.6745,0
770,E_000771,0.0,1.585,0.002,1.302,0
771,E_000772,0.0,1.585,0.0016,1.4947,0
772,E_000773,0.0,1.585,0.001,1.7609,0
773,E_000774,0.0,1.585,0.0028,1.1249,0
774,E_000775,0.0,1.585,0.0018,1.2356,0
775,E_000776,0.0,0.0,0.0006,5.257,1
776,E_000777,0.0,2.0,0.0053,1.6159,0
777,E_000778,0.0,1.585,0.0063,1.3375,0
778,E_000779,0.0,1.585,0.0055,1.2743,0
779,E_000780,0.0,1.263,0.0051,1.9207,0
780,E_000781,0.0,1.263,0.005,2.0809,0
781,E_000782,0.0,1.263,0.0056,1.0311,0
782,E_000783,0.0,1.263,0.0053,1.0512,0
783,E_000784,0.0,1.263,0.0057,1.5462,0
784,E_000785,0.0,1.263,0.0054,1.5852,0
785,E_000786,0.0,3.585,0.0432,2.5834,1
786,E_000787,0.0,3.585,0.0108,5.9899,1
787,E_000788,0.0,2.585,0.011,3.5635,1
788,E_000789,0.0,2.0,0.0035,2.066,0
789,E_000790,0.0,1.585,0.0031,1.9266,0
790,E_000791,0.0,1.585,0.0031,1.7958,0
791,E_000792,0.0,1.585,0.0031,1.76,0
792,E_000793,0.0,1.585,0.003,1.5835,0
793,E_000794,0.0,1.585,0.0033,1.2012,0
794,E_000795,0.0,1.585,0.0031,1.2548,0
795,E_000796,0.0,2.0,0.0035,1.9904,0
796,E_000797,0.0,2.0,0.0036,7.2414,1
797,E_000798,0.0,2.0,0.0031,5.4972,1
798,E_000799,0.0,1.585,0.0016,1.3208,0
799,E_000800,0.0,1.585,0.0004,1.1399,0
800,E_000801,0.0,1.263,0.0024,2.867,0
801,E_000802,0.0,1.263,0.0013,3.273,1
802,E_000803,0.0,1.263,0.0004,1.207,0
803,E_000804,0.0,1.263,0.0008,1.1329,0
804,E_000805,0.0,3.585,0.0012,1.6933,1
805,E_000806,0.0,2.585,0.0014,1.6523,1
806,E_000807,0.0,2.0,0.0024,3.9021,1
807,E_000808,0.0,1.585,0.0022,1.6695,0
808,E_000809,0.0,1.585,0.001,1.3466,0
809,E_000810,0.0,2.0,0.0016,1.2891,0
810,E_000811,0.0,2.0,0.0005,1.4941,0
811,E_000812,0.0,2.0,0.0018,1.503,0
812,E_000813,0.0,2.0,0.0006,1.5342,0
813,E_000814,0.0,0.0,0.0017,32.1482,1
814,E_000815,0.0,0.0,0.0375,23.7011,1
815,E_000816,0.0,3.585,0.5639,3.1524,1
816,E_000817,0.0,2.585,0.2055,1.7725,1
817,E_000818,0.0,0.0,0.1564,19.8887,1
818,E_000819,0.0,2.0,0.2975,2.457,0
819,E_000820,0.0,2.0,0.2982,3.367,1
820,E_000821,0.0,2.0,0.2976,1.6407,0
821,E_000822,0.0,2.0,0.2981,2.6715,0
822,E_000823,0.0,3.585,0.2971,2.2553,1
823,E_000824,0.0,3.585,0.2972,2.2017,1
824,E_000825,0.0,3.585,0.297,3.8657,1
825,E_000826,0.0,3.585,0.2972,2.6546,1
826,E_000827,0.0,2.585,0.2998,1.8612,1
827,E_000828,0.0,2.585,0.2626,2.0119,1
828,E_000829,0.0,0.0,0.2558,6.4551,1
829,E_000830,0.0,1.585,0.2565,1.3624,0
830,E_000831,0.0,1.263,0.0032,1.1308,0
831,E_000832,0.0,1.263,0.0035,2.5233,0
832,E_000833,0.0,1.263,0.0037,3.9935,1
833,E_000834,0.0,2.0,0.0035,6.483,1
834,E_000835,0.0,2.0,0.003,6.2514,1
835,E_000836,0.0,2.0,0.0031,1.3781,0
836,E_000837,0.0,2.0,0.0029,1.4204,0
837,E_000838,0.0,2.0,0.0034,2.1543,0
838,E_000839,0.0,2.0,0.003,2.9419,0
839,E_000840,0.0,1.585,0.0041,2.4265,0
840,E_000841,0.0,1.263,0.0034,1.0514,0
841,E_000842,0.0,1.0,0.0008,1.2988,0
842,E_000843,0.0,1.0,0.0015,0.8756,0
843,E_000844,0.0,1.0,0.0033,2.9085,0
844,E_000845,0.0,2.0,0.0022,1.4303,0
845,E_000846,0.0,2.0,0.0006,1.4,0
846,E_000847,0.0,2.0,0.0022,1.7759,0
847,E_000848,0.0,2.0,0.0006,1.4066,0
848,E_000849,0.0,2.0,0.0017,1.3321,0
849,E_000850,0.0,2.0,0.0006,1.6345,0
850,E_000851,0.0,1.263,0.0018,1.1067,0
851,E_000852,0.0,1.0,0.0014,0.9432,0
852,E_000853,0.0,1.0,0.001,1.0912,0
853,E_000854,0.0,2.0,0.0018,1.4417,0
854,E_000855,0.0,2.0,0.0007,1.5428,0
855,E_000856,0.0,1.585,0.0039,10.0086,1
856,E_000857,0.0,1.585,0.0008,10.3673,1
857,E_000858,0.0,1.585,0.0017,1.0924,0
858,E_000859,0.0,1.585,0.0007,1.2056,0
859,E_000860,359.73,0.0,0.0008,1.8192,1
860,E_000861,0.0,0.0,0.2876,2.1271,0
861,E_000862,0.0,2.0,0.2875,1.1563,0
862,E_000863,0.0,0.0,0.2875,51.1582,1
863,E_000864,0.0,2.0,0.2889,5.6214,1
864,E_000865,0.0,2.0,0.2887,1.3244,0
865,E_000866,0.0,2.0,0.2886,1.3356,0
866,E_000867,0.0,2.0,0.2886,1.3931,0
867,E_000868,0.0,2.0,0.2886,1.3255,0
868,E_000869,0.0,2.0,0.2886,1.494,0
869,E_000870,0.0,2.0,0.2886,1.4893,0
870,E_000871,0.0,2.0,0.2886,1.5989,0
871,E_000872,0.0,3.585,0.2886,7.1082,1
872,E_000873,0.0,2.0,0.0258,2.0073,0
873,E_000874,0.0,1.585,0.0275,2.0615,0
874,E_000875,0.0,1.585,0.0252,2.8332,0
875,E_000876,0.0,1.263,0.0018,1.2177,0
876,E_000877,0.0,1.263,0.0012,1.4494,0
877,E_000878,0.0,2.0,0.0025,2.7831,0
878,E_000879,0.0,2.0,0.0007,1.7129,0
879,E_000880,0.0,2.0,0.0017,1.4222,0
880,E_000881,0.0,2.0,0.0006,1.4032,0
881,E_000882,0.0,2.0,0.0016,1.4112,0
882,E_000883,0.0,2.0,0.0006,1.3683,0
883,E_000884,0.0,1.263,0.002,1.3666,0
884,E_000885,0.0,1.0,0.0006,1.4549,0
885,E_000886,0.0,1.0,0.0008,1.1931,0
886,E_000887,0.0,2.0,0.0009,2.3329,0
887,E_000888,0.0,2.0,0.0003,1.6354,0
888,E_000889,0.0,1.585,0.0008,1.4104,0
889,E_000890,0.0,1.585,0.0002,1.1339,0
890,E_000891,0.0,1.585,0.0019,6.9062,1
891,E_000892,0.0,1.585,0.0005,5.085,1
892,E_000893,0.0,0.0,0.0016,43.4527,1
893,E_000894,0.0,2.0,0.0536,1.1547,0
894,E_000895,0.0,1.585,0.0537,1.3652,0
895,E_000896,0.0,1.263,0.0538,1.2635,0
896,E_000897,0.0,1.263,0.0537,1.0474,0
897,E_000898,0.0,2.0,0.0537,2.0388,0
898,E_000899,0.0,2.0,0.0545,1.5359,0
899,E_000900,0.0,2.0,0.0537,1.4874,0
900,E_000901,0.0,2.0,0.0544,1.4062,0
901,E_000902,0.0,2.0,0.0542,6.7251,1
902,E_000903,0.0,2.0,0.0559,5.2952,1
903,E_000904,0.0,0.0,0.4112,44.2489,1
904,E_000905,0.0,1.585,0.0261,8.6653,1
905,E_000906,0.0,1.263,0.0188,0.9786,0
906,E_000907,0.0,1.263,0.0195,0.9493,0
907,E_000908,0.0,2.0,0.0182,1.071,0
908,E_000909,0.0,2.0,0.0181,1.0595,0
909,E_000910,0.0,1.585,0.0182,1.1508,0
910,E_000911,0.0,1.585,0.0181,0.9721,0
911,E_000912,0.0,1.585,0.0181,1.1395,0
912,E_000913,0.0,1.585,0.0181,0.9576,0
913,E_000914,0.0,0.0,0.017,2.0764,0
914,E_000915,0.0,2.0,0.0191,1.2914,0
915,E_000916,0.0,1.585,0.0195,1.332,0
916,E_000917,0.0,2.0,0.0028,1.6555,0
917,E_000918,0.0,2.0,0.0024,2.0881,0
918,E_000919,0.0,1.585,0.0025,1.5573,0
919,E_000920,0.0,1.585,0.0024,2.128,0
920,E_000921,0.0,1.585,0.0025,2.0631,0
921,E_000922,0.0,1.585,0.0024,1.5456,0
922,E_000923,0.0,2.585,0.0027,2.9551,1
923,E_000924,0.0,2.0,0.0027,1.5488,0
924,E_000925,0.0,1.585,0.0028,1.7247,0
925,E_000926,0.0,1.263,0.0029,2.1488,0
926,E_000927,0.0,1.0,0.0008,0.9977,0
927,E_000928,0.0,1.0,0.0011,1.3561,0
928,E_000929,0.0,1.0,0.0012,1.4135,0
929,E_000930,0.0,0.7776,0.0022,6.4536,1
930,E_000931,0.0,2.585,0.0038,9.4646,1
931,E_000932,0.0,2.585,0.0012,7.1951,1
932,E_000933,0.0,2.585,0.0038,2.0546,1
933,E_000934,0.0,2.585,0.0012,2.2118,1
934,E_000935,0.0,0.585,0.0001,2.0777,0
935,E_000936,0.0,0.585,0.0002,1.6593,0
936,E_000937,0.0,0.585,0.0002,1.4708,0
937,E_000938,0.0,0.585,0.0014,0.6786,0
938,E_000939,0.0,2.585,0.0044,2.2816,1
939,E_000940,0.0,2.585,0.0007,2.169,1
940,E_000941,0.0,2.0,0.0024,1.2384,0
941,E_000942,0.0,2.0,0.0005,1.2001,0
942,E_000943,0.0,1.585,0.0008,1.9671,0
943,E_000944,0.0,1.585,0.0004,1.7471,0
944,E_000945,0.0,1.585,0.0021,3.1683,1
945,E_000946,0.0,1.263,0.0016,1.8507,0
946,E_000947,0.0,1.0,0.0014,1.2311,0
947,E_000948,0.0,1.0,0.0012,0.8572,0
948,E_000949,0.0,1.0,0.0007,1.2738,0
949,E_000950,0.0,1.0,0.0024,2.714,0
950,E_000951,0.0,2.0,0.0027,1.6296,0
951,E_000952,0.0,2.0,0.0006,1.9656,0
952,E_000953,0.0,2.0,0.0015,1.5468,0
953,E_000954,0.0,2.0,0.0006,1.5301,0
954,E_000955,0.0,2.0,0.0019,1.7039,0
955,E_000956,0.0,2.0,0.0006,2.4471,0
956,E_000957,0.0,0.0,0.0005,5.5135,1
957,E_000958,0.0,1.263,0.0012,1.1694,0
958,E_000959,0.0,1.263,0.0023,2.6298,0
959,E_000960,0.0,1.263,0.001,1.5605,0
960,E_000961,0.0,2.0,0.0013,1.5464,0
961,E_000962,0.0,2.0,0.0006,1.9841,0
962,E_000963,0.0,1.585,0.0021,3.0921,1
963,E_000964,0.0,1.585,0.0008,3.2997,1
964,E_000965,0.0,0.0,0.0016,50.1807,1
965,E_000966,0.0,3.585,0.0549,8.5826,1
966,E_000967,0.0,2.0,0.0513,1.4772,0
967,E_000968,0.0,1.585,0.0514,1.463,0
968,E_000969,0.0,1.263,0.0516,1.4149,0
969,E_000970,0.0,2.585,0.0513,2.4914,1
970,E_000971,0.0,2.585,0.0525,2.4634,1
971,E_000972,0.0,2.0,0.0514,1.5106,0
972,E_000973,0.0,2.0,0.0521,1.5866,0
973,E_000974,0.0,2.0,0.0514,1.4448,0
974,E_000975,0.0,1.585,0.0514,1.8351,0
975,E_000976,0.0,1.263,0.0515,1.1078,0
976,E_000977,0.0,1.0,0.0518,2.23,0
977,E_000978,0.0,2.585,0.0032,1.9292,1
978,E_000979,0.0,2.585,0.0007,1.8876,1
979,E_000980,0.0,2.0,0.0016,1.5977,0
980,E_000981,0.0,2.0,0.0003,1.5193,0
981,E_000982,0.0,0.0,0.0002,8.2509,1
982,E_000983,0.0,1.585,0.0026,1.3412,0
983,E_000984,0.0,1.263,0.0039,8.5171,1
984,E_000985,0.0,1.0,0.0025,1.4934,0
985,E_000986,0.0,2.585,0.0027,2.0338,1
986,E_000987,0.0,2.585,0.0023,1.7216,1
987,E_000988,0.0,2.0,0.0031,3.2551,1
988,E_000989,0.0,2.0,0.0023,2.2345,0
989,E_000990,0.0,2.0,0.0027,1.9205,0
990,E_000991,0.0,1.585,0.0027,1.4006,0
991,E_000992,0.0,1.263,0.0024,1.6771,0
992,E_000993,0.0,1.0,0.0026,1.0154,0
993,E_000994,0.0,0.7776,0.0026,0.7977,0
994,E_000995,0.0,2.585,0.0022,2.0672,1
995,E_000996,0.0,2.585,0.0006,1.9503,1
996,E_000997,0.0,2.0,0.0011,1.8645,0
997,E_000998,0.0,2.0,0.0001,1.9205,0
998,E_000999,0.0,1.263,0.0009,1.2004,0
999,E_001000,0.0,1.0,0.0016,4.6719,1
1000,E_001001,0.0,0.7776,0.001,1.4267,0
1001,E_001002,0.0,0.585,0.0007,0.8764,0
1002,E_001003,0.0,0.585,0.0003,1.0661,0
1003,E_001004,0.0,0.585,0.0007,0.8152,0
1004,E_001005,0.0,2.585,0.0025,5.0832,1
1005,E_001006,0.0,2.585,0.0006,5.9718,1
1006,E_001007,0.0,2.0,0.0025,2.15,0
1007,E_001008,0.0,2.0,0.0005,2.2865,0
1008,E_001009,0.0,0.0,0.0004,4.1852,1
1009,E_001010,0.0,1.0,0.0015,1.3712,0
1010,E_001011,0.0,0.7776,0.0012,0.8211,0
1011,E_001012,0.0,0.7776,0.0018,2.2932,0
1012,E_001013,0.0,2.585,0.0026,2.1262,1
1013,E_001014,0.0,2.585,0.0005,2.3156,1
1014,E_001015,0.0,2.0,0.0028,2.0154,0
1015,E_001016,0.0,2.0,0.0004,1.6242,0
1016,E_001017,0.0,2.0,0.0018,2.8332,0
1017,E_001018,0.0,1.585,0.0026,3.0021,1
1018,E_001019,0.0,1.263,0.0026,2.1078,0
1019,E_001020,0.0,1.0,0.0015,0.963,0
1020,E_001021,0.0,0.7776,0.0007,1.8633,0
1021,E_001022,0.0,2.585,0.0035,2.2231,1
1022,E_001023,0.0,2.585,0.0009,3.1468,1
1023,E_001024,0.0,0.0,0.001,72.6248,1
1024,E_001025,0.0,1.263,0.0222,1.5335,0
1025,E_001026,0.0,1.0,0.0223,0.9861,0
1026,E_001027,0.0,0.7776,0.0222,1.7911,0
1027,E_001028,0.0,0.585,0.0227,3.1434,1
1028,E_001029,0.0,0.415,0.0224,0.5528,0
1029,E_001030,0.0,3.585,0.0215,2.4564,1
1030,E_001031,0.0,3.585,0.0223,2.3919,1
1031,E_001032,0.0,2.585,0.0219,2.0894,1
1032,E_001033,0.0,2.585,0.0223,1.8016,1
1033,E_001034,0.0,0.0,0.022,5.4029,1
1034,E_001035,0.0,1.263,0.0221,1.7244,0
1035,E_001036,0.0,1.0,0.0221,1.9553,0
1036,E_001037,0.0,0.7776,0.0018,0.9487,0
1037,E_001038,0.0,0.7776,0.0023,1.3214,0
1038,E_001039,0.0,2.585,0.0025,4.1367,1
1039,E_001040,0.0,2.585,0.0016,2.9987,1
1040,E_001041,0.0,1.263,0.0018,1.4331,0
1041,E_001042,0.0,1.263,0.0023,2.2127,0
1042,E_001043,0.0,1.0,0.0024,2.3424,0
1043,E_001044,0.0,0.7776,0.0023,1.4621,0
1044,E_001045,0.0,0.0,0.0025,28.6001,1
1045,E_001046,0.0,0.585,0.0177,0.903,0
1046,E_001047,0.0,0.415,0.0175,0.9438,0
1047,E_001048,0.0,3.585,0.0163,2.3432,1
1048,E_001049,0.0,3.585,0.0166,3.4234,1
1049,E_001050,0.0,2.585,0.0166,3.8492,1
1050,E_001051,0.0,2.585,0.0169,2.8537,1
1051,E_001052,0.0,0.0,0.016,6.1186,1
1052,E_001053,0.0,1.0,0.0189,2.3666,0
1053,E_001054,0.0,1.0,0.0191,2.1915,0
1054,E_001055,0.0,1.0,0.0188,1.2665,0
1055,E_001056,0.0,1.0,0.0202,3.8636,1
1056,E_001057,0.0,2.585,0.0165,2.0123,1
1057,E_001058,0.0,2.585,0.0015,2.0212,1
1058,E_001059,0.0,1.263,0.0014,2.481,0
1059,E_001060,0.0,1.263,0.0019,1.6994,0
1060,E_001061,0.0,1.0,0.0014,1.8904,0
1061,E_001062,0.0,0.7776,0.0012,1.8448,0
1062,E_001063,0.0,3.585,0.0028,2.5059,1
1063,E_001064,0.0,3.585,0.0017,2.288,1
1064,E_001065,0.0,0.585,0.001,0.6975,0
1065,E_001066,0.0,0.585,0.0002,1.3813,0
1066,E_001067,0.0,0.585,0.0005,1.6202,0
1067,E_001068,0.0,2.585,0.0022,1.6823,1
1068,E_001069,0.0,2.585,0.0003,2.05,1
1069,E_001070,0.0,2.585,0.0015,2.5987,1
1070,E_001071,0.0,2.585,0.0003,3.3814,1
1071,E_001072,0.0,1.0,0.0015,2.553,0
1072,E_001073,0.0,1.0,0.0013,1.566,0
1073,E_001074,0.0,2.0,0.0016,1.6945,0
1074,E_001075,0.0,2.0,0.0002,1.5709,0
1075,E_001076,0.0,2.0,0.0025,4.226,1
1076,E_001077,0.0,2.0,0.0003,3.5928,1
1077,E_001078,0.0,0.0,0.0009,44.1249,1
1078,E_001079,0.0,2.0,0.0192,2.1905,0
1079,E_001080,0.0,2.0,0.0195,4.9338,1
1080,E_001081,0.0,1.585,0.0193,1.7108,0
1081,E_001082,0.0,1.263,0.0196,1.1699,0
1082,E_001083,0.0,2.585,0.0192,4.002,1
1083,E_001084,0.0,2.585,0.0199,3.1869,1
1084,E_001085,0.0,2.0,0.0192,2.3846,0
1085,E_001086,0.0,2.0,0.0194,1.7989,0
1086,E_001087,0.0,0.0,0.0191,3.2877,1
1087,E_001088,0.0,1.585,0.0193,1.4181,0
1088,E_001089,0.0,0.0,0.1992,30.5968,1
1089,E_001090,0.0,1.263,0.0052,1.137,0
1090,E_001091,0.0,1.0,0.0137,0.8021,0
1091,E_001092,0.0,1.0,0.0135,0.8835,0
1092,E_001093,0.0,1.0,0.0136,0.7965,0
1093,E_001094,0.0,2.585,0.0128,2.1447,1
1094,E_001095,0.0,2.585,0.0129,2.4962,1
1095,E_001096,0.0,3.585,0.016,7.0415,1
1096,E_001097,0.0,1.263,0.0135,1.0361,0
1097,E_001098,0.0,1.0,0.0141,1.6721,0
1098,E_001099,0.0,0.7776,0.0141,1.5476,0
1099,E_001100,0.0,3.585,0.1853,3.8255,1
1100,E_001101,0.0,0.7776,0.0455,1.35,0
1101,E_001102,0.0,0.585,0.0212,0.7744,0
1102,E_001103,0.0,0.585,0.0218,3.3009,1
1103,E_001104,0.0,0.585,0.0214,1.1172,0
1104,E_001105,0.0,0.585,0.0212,0.6922,0
1105,E_001106,0.0,3.585,0.0193,2.9326,1
1106,E_001107,0.0,3.585,0.0196,3.269,1
1107,E_001108,0.0,3.585,0.0194,2.6926,1
1108,E_001109,0.0,3.585,0.0197,2.6424,1
1109,E_001110,0.0,0.0,0.0096,44.6396,1
1110,E_001111,0.0,3.585,0.3747,2.6894,1
1111,E_001112,0.0,2.585,0.2703,2.0926,1
1112,E_001113,0.0,0.0,0.1324,26.7522,1
1113,E_001114,0.0,1.585,0.2115,5.2803,1
1114,E_001115,0.0,1.585,0.2098,2.1743,0
1115,E_001116,0.0,1.585,0.2119,3.4562,1
1116,E_001117,0.0,1.585,0.2098,1.9002,0
1117,E_001118,0.0,1.585,0.2099,1.7171,0
1118,E_001119,0.0,1.263,0.2092,1.9475,0
1119,E_001120,0.0,1.0,0.2114,1.3636,0
1120,E_001121,0.0,0.0,0.207,3.4361,1
1121,E_001122,0.0,0.0,0.2081,2.256,0
1122,E_001123,0.0,3.585,0.1724,3.0729,1
1123,E_001124,0.0,3.585,0.1704,3.1846,1
1124,E_001125,0.0,0.7776,0.1722,1.3101,0
1125,E_001126,0.0,0.585,0.0001,1.269,0
1126,E_001127,0.0,0.585,0.0001,1.102,0
1127,E_001128,0.0,0.585,0.0037,1.6567,0
1128,E_001129,0.0,2.585,0.0044,3.3001,1
1129,E_001130,0.0,2.585,0.0013,3.0345,1
1130,E_001131,0.0,2.0,0.0035,1.4343,0
1131,E_001132,0.0,2.0,0.0009,1.9098,0
1132,E_001133,0.0,1.585,0.0013,2.1132,0
1133,E_001134,0.0,1.263,0.0021,1.1363,0
1134,E_001135,0.0,1.0,0.0016,1.0482,0
1135,E_001136,0.0,0.7776,0.0008,1.0973,0
1136,E_001137,0.0,0.585,0.0017,0.7165,0
1137,E_001138,0.0,0.585,0.0003,1.2289,0
1138,E_001139,0.0,2.585,0.0067,6.1811,1
1139,E_001140,0.0,2.585,0.0009,8.2863,1
1140,E_001141,0.0,2.0,0.0043,1.5144,0
1141,E_001142,0.0,2.0,0.0006,1.5973,0
1142,E_001143,0.0,1.0,0.0041,2.8237,0
1143,E_001144,0.0,0.7776,0.0014,0.9238,0
1144,E_001145,0.0,0.585,0.0016,0.7085,0
1145,E_001146,0.0,0.585,0.0049,3.9082,1
1146,E_001147,0.0,2.585,0.0067,1.8122,1
1147,E_001148,0.0,2.585,0.0008,1.6204,1
1148,E_001149,0.0,2.0,0.0034,1.5733,0
1149,E_001150,0.0,2.0,0.0005,1.4931,0
1150,E_001151,0.0,0.0,0.0016,20.4451,1
1151,E_001152,0.0,1.585,0.0171,1.2189,0
1152,E_001153,0.0,1.263,0.0182,2.8806,0
1153,E_001154,0.0,2.585,0.0168,1.8992,1
1154,E_001155,0.0,2.585,0.0171,1.6573,1
1155,E_001156,0.0,0.0,0.0169,2.9839,0
1156,E_001157,0.0,1.585,0.0172,1.322,0
1157,E_001158,0.0,1.585,0.0176,1.2302,0
1158,E_001159,0.0,1.585,0.0174,1.1524,0
1159,E_001160,0.0,1.263,0.0171,1.3364,0
1160,E_001161,0.0,1.0,0.0173,1.0808,0
1161,E_001162,0.0,0.7776,0.0172,1.0595,0
1162,E_001163,0.0,0.585,0.0172,1.068,0
1163,E_001164,0.0,0.415,0.0007,0.6172,0
1164,E_001165,0.0,0.415,0.0006,0.6329,0
1165,E_001166,0.0,3.585,0.0025,9.1191,1
1166,E_001167,0.0,3.585,0.0012,11.6948,1
1167,E_001168,0.0,0.415,0.0017,2.5288,0
1168,E_001169,0.0,0.263,0.0,1.3002,0
1169,E_001170,0.0,0.263,0.0011,1.2743,0
1170,E_001171,0.0,0.263,0.0013,1.8981,0
1171,E_001172,0.0,0.263,0.0,1.2936,0
1172,E_001173,0.0,0.263,0.0021,3.2222,1
1173,E_001174,0.0,3.585,0.0044,3.6578,1
1174,E_001175,0.0,3.585,0.0018,3.1156,1
1175,E_001176,0.0,2.585,0.0044,1.8549,1
1176,E_001177,0.0,2.585,0.0014,2.1046,1
1177,E_001178,0.0,1.0,0.0058,3.5216,1
1178,E_001179,0.0,0.7776,0.0031,0.9487,0
1179,E_001180,0.0,0.585,0.001,1.093,0
1180,E_001181,0.0,0.585,0.0009,2.3285,0
1181,E_001182,0.0,2.585,0.0036,1.8179,1
1182,E_001183,0.0,2.585,0.0018,1.6059,1
1183,E_001184,0.0,2.0,0.0051,2.2408,0
1184,E_001185,0.0,2.0,0.001,2.1167,0
1185,E_001186,0.0,1.585,0.0016,1.5205,0
1186,E_001187,0.0,1.263,0.0038,1.3781,0
1187,E_001188,0.0,1.0,0.0045,1.5253,0
1188,E_001189,0.0,0.7776,0.0006,0.9804,0
1189,E_001190,0.0,2.585,0.0039,1.5309,1
1190,E_001191,0.0,2.585,0.0014,1.7108,1
1191,E_001192,0.0,2.0,0.0054,4.5215,1
1192,E_001193,0.0,2.0,0.0005,4.9788,1
1193,E_001194,0.0,0.0,0.0004,4.1488,1
1194,E_001195,0.0,1.585,0.0033,1.0897,0
1195,E_001196,0.0,1.263,0.0046,1.4983,0
1196,E_001197,0.0,1.0,0.0047,1.6551,0
1197,E_001198,0.0,2.585,0.0048,1.694,1
1198,E_001199,0.0,2.585,0.0022,1.8209,1
1199,E_001200,0.0,2.0,0.0057,2.0828,0
1200,E_001201,0.0,2.0,0.0018,1.4527,0
1201,E_001202,0.0,3.585,0.0217,3.5022,1
1202,E_001203,0.0,2.0,0.0064,1.4595,0
1203,E_001204,0.0,0.0,0.0038,28.6804,1
1204,E_001205,0.0,1.585,0.0231,1.6269,0
1205,E_001206,0.0,2.585,0.0207,2.1172,1
1206,E_001207,0.0,2.585,0.0207,2.5293,1
1207,E_001208,0.0,2.0,0.021,1.6975,0
1208,E_001209,0.0,2.0,0.021,1.9482,0
1209,E_001210,0.0,1.585,0.0213,2.3477,0
1210,E_001211,0.0,1.585,0.0211,2.2524,0
1211,E_001212,0.0,0.0,0.2867,133.7954,1
1212,E_001213,0.0,2.585,0.0044,2.9201,1
1213,E_001214,0.0,2.0,0.0043,2.6601,0
1214,E_001215,0.0,1.585,0.0042,1.3472,0
1215,E_001216,0.0,1.585,0.0045,1.6019,0
1216,E_001217,0.0,2.0,0.0252,1.9611,0
1217,E_001218,0.0,2.0,0.0256,2.2193,0
1218,E_001219,0.0,2.0,0.0253,2.105,0
1219,E_001220,0.0,2.0,0.0258,2.0369,0
1220,E_001221,0.0,0.0,0.0252,13.0073,1
1221,E_001222,0.0,1.585,0.0254,1.9221,0
1222,E_001223,0.0,1.263,0.0254,1.3757,0
1223,E_001224,0.0,1.0,0.0257,2.7591,0
1224,E_001225,0.0,0.7776,0.0056,7.5189,1
1225,E_001226,0.0,0.7776,0.0016,1.4566,0
1226,E_001227,0.0,2.585,0.0058,3.2491,1
1227,E_001228,0.0,2.585,0.0019,3.4325,1
1228,E_001229,0.0,1.263,0.0021,1.6562,0
1229,E_001230,0.0,1.0,0.0024,1.1105,0
1230,E_001231,0.0,0.7776,0.0048,1.5327,0
1231,E_001232,0.0,0.0,0.0047,24.0377,1
1232,E_001233,0.0,0.585,0.0269,1.5539,0
1233,E_001234,0.0,0.415,0.0271,0.9554,0
1234,E_001235,0.0,3.585,0.0256,4.0785,1
1235,E_001236,0.0,3.585,0.0263,3.2781,1
1236,E_001237,0.0,2.585,0.0264,1.4294,1
1237,E_001238,0.0,2.585,0.0267,1.6345,1
1238,E_001239,0.0,1.263,0.0287,1.9441,0
1239,E_001240,0.0,1.0,0.0279,0.9109,0
1240,E_001241,0.0,0.7776,0.0273,1.2239,0
1241,E_001242,0.0,0.7776,0.0303,3.7192,1
1242,E_001243,0.0,0.7776,0.0274,1.1277,0
1243,E_001244,0.0,0.7776,0.0283,0.8503,0
1244,E_001245,0.0,0.585,0.0115,5.4884,1
1245,E_001246,0.0,2.585,0.0072,1.2732,1
1246,E_001247,0.0,2.585,0.0032,1.4915,1
1247,E_001248,0.0,0.0,0.0037,3.8815,1
1248,E_001249,0.0,0.7776,0.0025,0.952,0
1249,E_001250,0.0,0.585,0.0051,0.8757,0
1250,E_001251,0.0,0.415,0.0014,0.9992,0
1251,E_001252,0.0,3.585,0.0094,5.8156,1
1252,E_001253,0.0,3.585,0.0042,5.1062,1
1253,E_001254,0.0,3.585,0.0065,1.6661,1
1254,E_001255,0.0,1.0,0.0042,0.8853,0
1255,E_001256,0.0,1.0,0.0045,0.8847,0
1256,E_001257,0.0,1.0,0.0074,1.0214,0
1257,E_001258,0.0,2.585,0.0051,1.7041,1
1258,E_001259,0.0,2.585,0.0026,1.8673,1
1259,E_001260,0.0,2.585,0.0081,3.6301,1
1260,E_001261,0.0,2.585,0.002,4.9328,1
1261,E_001262,0.0,1.263,0.0049,1.0465,0
1262,E_001263,0.0,1.263,0.0073,2.0998,0
1263,E_001264,0.0,1.263,0.0066,1.2735,0
1264,E_001265,0.0,2.585,0.0086,2.2912,1
1265,E_001266,0.0,2.585,0.0025,2.0241,1
1266,E_001267,0.0,2.0,0.0141,4.6267,1
1267,E_001268,0.0,2.0,0.0014,4.35,1
1268,E_001269,0.0,0.0,0.0017,27.2106,1
1269,E_001270,0.0,2.0,0.0269,1.3482,0
1270,E_001271,0.0,0.0,0.3319,58.1833,1
1271,E_001272,0.0,1.585,0.0092,1.5693,0
1272,E_001273,0.0,1.263,0.0048,1.3507,0
1273,E_001274,0.0,1.0,0.0048,1.027,0
1274,E_001275,0.0,1.0,0.0028,1.7428,0
1275,E_001276,0.0,1.0,0.0041,1.0257,0
1276,E_001277,0.0,1.0,0.0068,1.7578,0
1277,E_001278,0.0,0.7776,0.0049,0.9794,0
1278,E_001279,0.0,3.585,0.005,3.9492,1
1279,E_001280,0.0,3.585,0.0021,4.0225,1
1280,E_001281,0.0,0.585,0.0078,5.7401,1
1281,E_001282,0.0,0.415,0.0264,1.4199,0
1282,E_001283,0.0,0.415,0.0265,1.2333,0
1283,E_001284,0.0,3.585,0.0085,9.8142,1
1284,E_001285,0.0,3.585,0.0035,10.6034,1
1285,E_001286,0.0,2.585,0.008,2.1407,1
1286,E_001287,0.0,2.585,0.0025,2.1118,1
1287,E_001288,0.0,1.0,0.005,0.9153,0
1288,E_001289,0.0,2.0,0.006,1.2743,0
1289,E_001290,0.0,2.0,0.0014,1.3267,0
1290,E_001291,0.0,1.585,0.0151,6.2814,1
1291,E_001292,0.0,1.585,0.0009,6.1833,1
1292,E_001293,0.0,1.585,0.0045,1.0382,0
1293,E_001294,0.0,1.585,0.0052,1.0732,0
1294,E_001295,0.0,1.585,0.0044,0.9606,0
1295,E_001296,0.0,1.585,0.0049,1.041,0
1296,E_001297,0.0,1.585,0.0011,1.0748,0
1297,E_001298,0.0,1.585,0.0065,1.1844,0
1298,E_001299,0.0,1.585,0.0015,1.3425,0
1299,E_001300,0.0,1.585,0.0058,1.3138,0
1300,E_001301,0.0,1.585,0.0057,1.7388,0
1301,E_001302,0.0,1.263,0.006,1.9173,0
1302,E_001303,0.0,2.0,0.0062,1.5157,0
1303,E_001304,0.0,2.0,0.0006,1.7295,0
1304,E_001305,0.0,2.0,0.0035,2.2471,0
1305,E_001306,0.0,2.0,0.0003,2.1077,0
1306,E_001307,0.0,1.585,0.0061,4.0262,1
1307,E_001308,0.0,1.585,0.0069,2.7452,0
1308,E_001309,0.0,1.263,0.008,3.1418,1
1309,E_001310,0.0,1.0,0.0103,3.173,1
1310,E_001311,0.0,2.585,0.0152,6.6016,1
1311,E_001312,0.0,2.585,0.0032,5.8951,1
1312,E_001313,0.0,2.0,0.0147,2.0759,0
1313,E_001314,0.0,2.0,0.0015,2.1145,0
1314,E_001315,0.0,1.585,0.0052,1.6372,0
1315,E_001316,0.0,0.0,0.0044,30.3909,1
1316,E_001317,0.0,1.263,0.0343,1.0769,0
1317,E_001318,0.0,2.585,0.0324,1.9819,1
1318,E_001319,0.0,2.585,0.032,2.1919,1
1319,E_001320,0.0,2.0,0.0325,1.7416,0
1320,E_001321,0.0,2.0,0.0323,1.6346,0
1321,E_001322,0.0,0.0,0.4554,40.1584,1
1322,E_001323,0.0,2.585,0.0076,1.7644,1
1323,E_001324,0.0,2.0,0.0067,1.5963,0
1324,E_001325,0.0,1.585,0.0097,4.337,1
1325,E_001326,0.0,1.263,0.0067,1.0493,0
1326,E_001327,0.0,1.0,0.0061,1.7208,0
1327,E_001328,0.0,2.585,0.0101,6.4004,1
1328,E_001329,0.0,2.585,0.0412,5.7747,1
1329,E_001330,0.0,2.0,0.0403,1.5487,0
1330,E_001331,0.0,2.0,0.0407,1.3224,0
1331,E_001332,0.0,1.263,0.0408,0.9433,0
1332,E_001333,0.0,1.0,0.041,1.0018,0
1333,E_001334,0.0,0.7776,0.0407,0.9561,0
1334,E_001335,0.0,0.585,0.0028,0.6599,0
1335,E_001336,0.0,0.585,0.005,1.4964,0
1336,E_001337,0.0,2.585,0.0081,1.8121,1
1337,E_001338,0.0,2.585,0.0018,2.0973,1
1338,E_001339,0.0,2.0,0.0057,1.4333,0
1339,E_001340,0.0,2.0,0.0006,1.4074,0
1340,E_001341,0.0,0.0,0.0011,4.8862,1
1341,E_001342,0.0,1.263,0.0036,1.0758,0
1342,E_001343,0.0,1.0,0.007,4.1849,1
1343,E_001344,0.0,0.7776,0.0024,1.0104,0
1344,E_001345,0.0,2.585,0.0055,1.9751,1
1345,E_001346,0.0,2.585,0.0021,2.0936,1
1346,E_001347,0.0,2.0,0.0075,2.517,0
1347,E_001348,0.0,2.0,0.001,2.6747,0
1348,E_001349,0.0,1.585,0.0033,1.3071,0
1349,E_001350,0.0,1.585,0.0004,1.2474,0
1350,E_001351,0.0,3.585,0.0059,11.6551,1
1351,E_001352,0.0,2.0,0.0034,1.5072,0
1352,E_001353,0.0,1.585,0.0077,2.2204,0
1353,E_001354,0.0,1.263,0.0026,1.4113,0
1354,E_001355,0.0,1.263,0.0028,1.2624,0
1355,E_001356,0.0,2.0,0.0052,2.0455,0
1356,E_001357,0.0,2.0,0.0015,1.6638,0
1357,E_001358,0.0,3.585,0.0042,2.0967,1
1358,E_001359,0.0,0.0,0.0019,23.6098,1
1359,E_001360,0.0,3.585,0.2361,2.0818,1
1360,E_001361,0.0,2.585,0.0661,1.8538,1
1361,E_001362,0.0,0.0,0.0792,10.272,1
1362,E_001363,0.0,1.585,0.1199,1.2804,0
1363,E_001364,0.0,1.263,0.1206,1.2884,0
1364,E_001365,0.0,1.263,0.1198,1.2049,0
1365,E_001366,0.0,1.263,0.1211,3.0917,1
1366,E_001367,0.0,3.585,0.1179,2.3897,1
1367,E_001368,0.0,3.585,0.1185,2.2476,1
1368,E_001369,0.0,1.585,0.1217,2.614,0
1369,E_001370,0.0,1.263,0.1205,1.0407,0
1370,E_001371,0.0,1.0,0.1202,0.9721,0
1371,E_001372,0.0,3.585,0.0917,11.4075,1
1372,E_001373,0.0,3.585,0.0932,10.6292,1
1373,E_001374,0.0,2.585,0.0924,5.0096,1
1374,E_001375,0.0,2.585,0.0026,4.9555,1
1375,E_001376,0.0,0.0,0.002,72.7734,1
1376,E_001377,0.0,0.0,0.0496,5.9336,1
1377,E_001378,0.0,1.585,0.05,1.2347,0
1378,E_001379,0.0,1.585,0.0499,1.2436,0
1379,E_001380,0.0,2.585,0.0495,1.7388,1
1380,E_001381,0.0,2.585,0.0502,2.1397,1
1381,E_001382,0.0,2.0,0.0497,2.6404,0
1382,E_001383,0.0,2.0,0.05,1.8526,0
1383,E_001384,0.0,3.585,0.0495,4.9875,1
1384,E_001385,0.0,2.0,0.05,1.7249,0
1385,E_001386,0.0,2.0,0.0502,1.8168,0
1386,E_001387,0.0,2.0,0.0499,2.0414,0
1387,E_001388,0.0,2.0,0.0503,2.48,0
1388,E_001389,0.0,1.585,0.004,1.5591,0
1389,E_001390,0.0,1.585,0.0012,1.3667,0
1390,E_001391,0.0,0.0,0.001,550.1404,1
1391,E_001392,0.0,0.0,0.0212,59.7511,1
1392,E_001393,0.0,3.585,0.3602,5.0971,1
1393,E_001394,0.0,1.585,0.09,1.3861,0
1394,E_001395,0.0,1.585,0.0892,1.4366,0
1395,E_001396,0.0,1.585,0.0898,2.6193,0
1396,E_001397,0.0,1.585,0.0891,2.2546,0
1397,E_001398,0.0,0.0,0.0874,17.9984,1
1398,E_001399,0.0,3.585,0.0902,4.8886,1
1399,E_001400,0.0,2.585,0.0901,3.0576,1
1400,E_001401,0.0,2.585,0.6355,2.5254,1
1401,E_001402,0.0,2.585,0.1868,2.6381,1
1402,E_001403,0.0,2.585,0.187,2.282,1
1403,E_001404,0.0,2.0,0.1404,6.6614,1
1404,E_001405,0.0,2.0,0.1393,1.7812,0
1405,E_001406,0.0,1.585,0.0597,2.5759,0
1406,E_001407,0.0,1.263,0.0629,4.7344,1
1407,E_001408,0.0,1.0,0.0598,1.3878,0
1408,E_001409,0.0,0.7776,0.0611,0.9703,0
1409,E_001410,0.0,0.585,0.0598,0.8854,0
1410,E_001411,0.0,3.585,0.0565,2.4389,1
1411,E_001412,0.0,3.585,0.0577,2.7916,1
1412,E_001413,0.0,0.7776,0.0595,1.4248,0
1413,E_001414,0.0,2.585,0.0088,2.2166,1
1414,E_001415,0.0,2.585,0.0033,1.7883,1
1415,E_001416,0.0,2.585,0.0143,6.1529,1
1416,E_001417,0.0,2.585,0.0021,7.9785,1
1417,E_001418,0.0,2.0,0.0127,2.1852,0
1418,E_001419,0.0,2.0,0.0006,2.5979,0
1419,E_001420,0.0,0.0,0.002,33.4018,1
1420,E_001421,0.0,2.0,0.074,1.9689,0
1421,E_001422,0.0,2.0,0.0739,1.3819,0
1422,E_001423,0.0,2.0,0.0738,1.3229,0
1423,E_001424,0.0,1.585,0.074,1.314,0
1424,E_001425,0.0,2.0,0.0744,1.5756,0
1425,E_001426,0.0,2.0,0.0747,1.4997,0
1426,E_001427,0.0,0.0,0.074,4.1754,1
1427,E_001428,0.0,1.585,0.0743,4.4983,1
1428,E_001429,0.0,1.263,0.074,2.7059,0
1429,E_001430,0.0,1.0,0.0749,2.08,0
1430,E_001431,0.0,0.7776,0.0748,0.9544,0
1431,E_001432,0.0,0.585,0.0745,0.8104,0
1432,E_001433,0.0,3.585,0.0054,2.1337,1
1433,E_001434,0.0,3.585,0.0022,1.7469,1
1434,E_001435,0.0,2.585,0.0058,2.1286,1
1435,E_001436,0.0,2.585,0.0014,1.8128,1
1436,E_001437,0.0,3.585,0.005,13.2072,1
1437,E_001438,0.0,1.263,0.0062,1.6334,0
1438,E_001439,0.0,1.0,0.0069,1.6044,0
1439,E_001440,0.0,0.7776,0.0025,1.0176,0
1440,E_001441,0.0,0.7776,0.0047,0.977,0
1441,E_001442,0.0,2.585,0.0151,11.7746,1
1442,E_001443,0.0,2.585,0.0023,8.71,1
1443,E_001444,0.0,3.585,0.0129,2.7556,1
1444,E_001445,0.0,1.585,0.0071,1.043,0
1445,E_001446,0.0,1.263,0.0094,1.4204,0
1446,E_001447,0.0,2.585,0.0163,2.3871,1
1447,E_001448,0.0,2.585,0.0037,2.4973,1
1448,E_001449,0.0,2.585,0.0145,2.2437,1
1449,E_001450,0.0,2.585,0.0018,2.2245,1
1450,E_001451,0.0,1.263,0.0095,1.1396,0
1451,E_001452,0.0,1.263,0.009,1.1284,0
1452,E_001453,0.0,1.263,0.0067,2.6688,0
1453,E_001454,0.0,1.263,0.0098,1.2502,0
1454,E_001455,0.0,2.585,0.0083,3.4872,1
1455,E_001456,0.0,2.585,0.0017,2.8195,1
1456,E_001457,0.0,1.0,0.008,1.2846,0
1457,E_001458,0.0,1.0,0.0031,1.886,0
1458,E_001459,0.0,1.0,0.0077,1.3175,0
1459,E_001460,0.0,2.585,0.0067,2.0802,1
1460,E_001461,0.0,2.585,0.0023,1.8925,1
1461,E_001462,0.0,2.585,0.0103,5.3117,1
1462,E_001463,0.0,2.585,0.0023,3.4758,1
1463,E_001464,0.0,2.0,0.0076,1.5454,0
1464,E_001465,0.0,2.0,0.0006,2.1834,0
1465,E_001466,0.0,1.585,0.0093,2.6066,0
1466,E_001467,0.0,1.585,0.0013,1.7788,0
1467,E_001468,0.0,0.0,0.0012,70.9617,1
1468,E_001469,0.0,2.0,0.0465,2.8012,0
1469,E_001470,0.0,2.0,0.0464,1.7384,0
1470,E_001471,0.0,2.0,0.0466,1.6134,0
1471,E_001472,0.0,1.585,0.0476,3.1008,1
1472,E_001473,0.0,1.585,0.0466,3.0226,1
1473,E_001474,0.0,1.585,0.0462,3.4896,1
1474,E_001475,0.0,1.585,0.0461,2.6247,0
1475,E_001476,0.0,2.0,0.0473,2.4253,0
1476,E_001477,0.0,1.585,0.0462,2.1918,0
1477,E_001478,0.0,2.0,0.0469,1.6883,0
1478,E_001479,0.0,2.0,0.0466,2.185,0
1479,E_001480,0.0,2.0,0.0463,1.4298,0
1480,E_001481,0.0,2.0,0.0009,1.7253,0
1481,E_001482,0.0,1.585,0.0053,1.4194,0
1482,E_001483,0.0,1.585,0.0044,1.3949,0
1483,E_001484,0.0,1.585,0.0014,1.2091,0
1484,E_001485,0.0,1.585,0.0086,2.9365,0
1485,E_001486,0.0,1.585,0.0014,3.8859,1
1486,E_001487,0.0,2.0,0.0096,2.2668,0
1487,E_001488,0.0,1.585,0.0055,1.2339,0
1488,E_001489,0.0,1.585,0.0092,2.5689,0
1489,E_001490,0.0,1.585,0.0033,1.7607,0
1490,E_001491,0.0,2.0,0.0063,1.3532,0
1491,E_001492,0.0,2.0,0.0003,1.3399,0
1492,E_001493,0.0,2.0,0.011,2.8758,0
1493,E_001494,0.0,2.0,0.0004,2.7731,0
1494,E_001495,0.0,1.585,0.0058,1.1121,0
1495,E_001496,0.0,1.263,0.0075,1.3189,0
1496,E_001497,0.0,1.0,0.0087,1.5568,0
1497,E_001498,0.0,2.585,0.0067,1.7883,1
1498,E_001499,0.0,2.585,0.0023,1.8869,1
1499,E_001500,0.0,2.0,0.0053,1.317,0
1500,E_001501,0.0,2.0,0.0007,1.298,0
1501,E_001502,0.0,0.0,0.0001,2.6903,0
1502,E_001503,0.0,2.0,0.0085,2.2712,0
1503,E_001504,0.0,0.0,0.0026,50.3909,1
1504,E_001505,0.0,1.585,0.0286,1.0509,0
1505,E_001506,0.0,1.263,0.0285,0.9997,0
1506,E_001507,0.0,1.0,0.0288,0.9511,0
1507,E_001508,0.0,2.585,0.0265,2.4108,1
1508,E_001509,0.0,2.585,0.0269,2.1325,1
1509,E_001510,0.0,2.0,0.0288,18.2877,1
1510,E_001511,0.0,2.0,0.0272,8.7444,1
1511,E_001512,0.0,2.0,0.0273,1.6584,0
1512,E_001513,0.0,2.0,0.0272,1.6118,0
1513,E_001514,0.0,1.585,0.0299,1.9084,0
1514,E_001515,0.0,1.263,0.0276,1.2352,0
1515,E_001516,0.0,1.263,0.0288,1.0762,0
1516,E_001517,0.0,2.0,0.01,1.5023,0
1517,E_001518,0.0,2.0,0.0002,1.502,0
1518,E_001519,0.0,1.585,0.0072,1.1245,0
1519,E_001520,0.0,1.585,0.0018,1.0959,0
1520,E_001521,0.0,1.585,0.0048,1.0262,0
1521,E_001522,0.0,1.585,0.002,1.2373,0
1522,E_001523,0.0,0.0,0.0012,39.318,1
1523,E_001524,0.0,1.585,0.0451,3.6387,1
1524,E_001525,0.0,1.585,0.0449,5.3713,1
1525,E_001526,0.0,1.585,0.0446,1.2333,0
1526,E_001527,0.0,1.585,0.0443,1.3548,0
1527,E_001528,0.0,3.585,0.0432,2.345,1
1528,E_001529,0.0,1.263,0.0443,1.1449,0
1529,E_001530,0.0,1.263,0.044,1.1621,0
1530,E_001531,0.0,1.263,0.0445,1.0479,0
1531,E_001532,0.0,1.263,0.0441,1.1029,0
1532,E_001533,0.0,1.263,0.0447,1.2191,0
1533,E_001534,0.0,1.263,0.0441,1.113,0
1534,E_001535,0.0,0.0,0.4134,158.4125,1
1535,E_001536,0.0,3.585,0.0245,14.8917,1
1536,E_001537,0.0,1.585,0.0236,1.6422,0
1537,E_001538,0.0,1.585,0.0232,1.9607,0
1538,E_001539,0.0,1.585,0.0246,2.7325,0
1539,E_001540,0.0,1.585,0.0232,2.7727,0
1540,E_001541,0.0,0.0,0.0223,5.8495,1
1541,E_001542,0.0,3.585,0.0244,2.3872,1
1542,E_001543,0.0,2.585,0.0269,3.6063,1
1543,E_001544,0.0,2.0,0.024,1.5033,0
1544,E_001545,0.0,2.0,0.0232,1.5534,0
1545,E_001546,0.0,2.0,0.0241,1.6764,0
1546,E_001547,0.0,2.0,0.0232,1.5197,0
1547,E_001548,0.0,1.585,0.0086,1.6749,0
1548,E_001549,0.0,1.585,0.0016,1.385,0
1549,E_001550,0.0,2.585,0.008,1.8236,1
1550,E_001551,0.0,2.0,0.0073,1.6303,0
1551,E_001552,0.0,1.585,0.0065,1.28,0
1552,E_001553,0.0,1.263,0.0023,3.07,1
1553,E_001554,0.0,2.0,0.0072,1.4941,0
1554,E_001555,0.0,2.0,0.0009,1.528,0
1555,E_001556,0.0,1.585,0.0066,1.6873,0
1556,E_001557,0.0,1.585,0.0003,1.3041,0
1557,E_001558,0.0,1.585,0.0065,1.549,0
1558,E_001559,0.0,1.263,0.0037,1.46,0
1559,E_001560,0.0,1.0,0.0052,1.1967,0
1560,E_001561,0.0,2.585,0.0089,3.1198,1
1561,E_001562,0.0,2.585,0.0018,4.3538,1
1562,E_001563,0.0,2.0,0.0044,2.3375,0
1563,E_001564,0.0,2.0,0.0004,1.7225,0
1564,E_001565,0.0,0.0,0.0001,9.5547,1
1565,E_001566,0.0,2.0,0.0048,1.4683,0
1566,E_001567,0.0,1.585,0.0052,1.4178,0
1567,E_001568,0.0,2.0,0.0083,2.3202,0
1568,E_001569,0.0,2.0,0.002,2.2038,0
1569,E_001570,0.0,2.0,0.0077,1.8584,0
1570,E_001571,0.0,2.0,0.002,2.2841,0
1571,E_001572,0.0,1.585,0.0086,2.6532,0
1572,E_001573,0.0,1.585,0.0027,1.5065,0
1573,E_001574,0.0,0.0,0.0021,63.57,1
1574,E_001575,0.0,2.585,0.0546,2.0975,1
1575,E_001576,0.0,2.0,0.0549,1.7665,0
1576,E_001577,0.0,2.0,0.0551,7.1899,1
1577,E_001578,0.0,2.0,0.0554,2.5607,0
1578,E_001579,0.0,1.585,0.0553,1.9461,0
1579,E_001580,0.0,1.585,0.0552,1.8493,0
1580,E_001581,0.0,1.585,0.0554,1.2238,0
1581,E_001582,0.0,1.585,0.0555,1.2106,0
1582,E_001583,0.0,0.0,0.0549,42.2858,1
1583,E_001584,0.0,3.585,0.177,2.6192,1
1584,E_001585,0.0,2.585,0.0897,2.3991,1
1585,E_001586,0.0,0.0,0.0656,35.4828,1
1586,E_001587,0.0,2.585,0.0911,2.3727,1
1587,E_001588,0.0,2.585,0.0919,6.1251,1
1588,E_001589,0.0,2.585,0.0911,2.1244,1
1589,E_001590,0.0,2.585,0.0898,2.4988,1
1590,E_001591,0.0,2.585,0.0903,2.0004,1
1591,E_001592,0.0,2.585,0.09,1.738,1
1592,E_001593,0.0,2.585,0.0903,1.8151,1
1593,E_001594,0.0,2.0,0.0915,1.5662,0
1594,E_001595,0.0,1.585,0.091,1.9513,0
1595,E_001596,0.0,1.263,0.0834,1.8793,0
1596,E_001597,0.0,2.585,0.0805,1.8316,1
1597,E_001598,0.0,2.585,0.0809,2.8196,1
1598,E_001599,0.0,2.0,0.006,1.7428,0
1599,E_001600,0.0,2.0,0.0012,2.6056,0
1600,E_001601,0.0,1.585,0.0036,1.3088,0
1601,E_001602,0.0,1.585,0.0068,2.9806,0
1602,E_001603,0.0,1.263,0.0017,1.8643,0
1603,E_001604,0.0,2.0,0.0055,1.9545,0
1604,E_001605,0.0,2.0,0.0015,1.7955,0
1605,E_001606,0.0,2.0,0.0181,14.7849,1
1606,E_001607,0.0,2.0,0.0006,10.0515,1
1607,E_001608,0.0,1.585,0.0103,1.1264,0
1608,E_001609,0.0,1.585,0.0026,1.0617,0
1609,E_001610,0.0,1.585,0.0072,0.9868,0
1610,E_001611,0.0,1.585,0.003,1.0173,0
1611,E_001612,0.0,2.0,0.0131,2.4458,0
1612,E_001613,0.0,1.585,0.0094,1.0758,0
1613,E_001614,0.0,1.585,0.011,1.118,0
1614,E_001615,0.0,1.585,0.0037,1.1608,0
1615,E_001616,0.0,1.263,0.0031,1.1,0
1616,E_001617,0.0,1.263,0.004,1.0871,0
1617,E_001618,0.0,1.263,0.0053,0.985,0
1618,E_001619,0.0,1.263,0.0019,1.3557,0
1619,E_001620,0.0,0.0,0.0017,12.4454,1
1620,E_001621,0.0,2.585,0.0066,1.9925,1
1621,E_001622,0.0,1.585,0.0057,1.3182,0
1622,E_001623,0.0,1.585,0.0016,1.6502,0
1623,E_001624,0.0,1.585,0.0095,3.3899,1
1624,E_001625,0.0,1.585,0.0025,2.6398,0
1625,E_001626,0.0,1.263,0.0026,1.6738,0
1626,E_001627,0.0,1.263,0.0022,1.4746,0
1627,E_001628,0.0,1.263,0.0037,1.0779,0
1628,E_001629,0.0,1.263,0.0023,1.2854,0
1629,E_001630,0.0,3.585,0.0054,2.7285,1
1630,E_001631,0.0,3.585,0.0063,3.5022,1
1631,E_001632,0.0,1.585,0.004,1.2631,0
1632,E_001633,0.0,1.585,0.0015,1.4082,0
1633,E_001634,0.0,1.263,0.0087,4.1885,1
1634,E_001635,0.0,1.263,0.0028,6.0737,1
1635,E_001636,0.0,1.263,0.0054,1.1378,0
1636,E_001637,0.0,1.263,0.0024,1.0145,0
1637,E_001638,0.0,1.263,0.0022,0.9647,0
1638,E_001639,0.0,1.263,0.0024,1.2421,0
1639,E_001640,0.0,0.0,0.0023,28.0656,1
1640,E_001641,0.0,3.585,0.0339,4.912,1
1641,E_001642,0.0,1.585,0.035,1.292,0
1642,E_001643,0.0,1.585,0.0343,1.2372,0
1643,E_001644,0.0,1.263,0.0338,1.3873,0
1644,E_001645,0.0,1.263,0.0338,1.4206,0
1645,E_001646,0.0,1.263,0.0341,1.008,0
1646,E_001647,0.0,1.263,0.034,1.3235,0
1647,E_001648,0.0,1.263,0.0343,1.0536,0
1648,E_001649,0.0,1.263,0.0342,1.1951,0
1649,E_001650,0.0,3.585,0.0337,2.2391,1
1650,E_001651,0.0,0.0,0.3274,78.3359,1
1651,E_001652,0.0,2.585,0.0117,1.8315,1
1652,E_001653,0.0,1.585,0.0205,2.4344,0
1653,E_001654,0.0,1.585,0.0194,2.55,0
1654,E_001655,0.0,1.585,0.0201,1.7669,0
1655,E_001656,0.0,1.585,0.0194,1.2905,0
1656,E_001657,0.0,1.585,0.0197,1.8875,0
1657,E_001658,0.0,1.585,0.0194,1.5979,0
1658,E_001659,0.0,0.0,0.0185,7.1589,1
1659,E_001660,0.0,2.585,0.0214,3.6589,1
1660,E_001661,0.0,2.0,0.0201,2.306,0
1661,E_001662,0.0,1.585,0.0211,1.4318,0
1662,E_001663,0.0,2.0,0.0203,2.3089,0
1663,E_001664,0.0,2.0,0.0007,2.1699,0
1664,E_001665,0.0,1.585,0.0061,1.6861,0
1665,E_001666,0.0,1.585,0.0009,1.8754,0
1666,E_001667,0.0,1.585,0.0076,2.5661,0
1667,E_001668,0.0,1.585,0.0011,3.8106,1
1668,E_001669,0.0,3.585,0.0117,6.0156,1
1669,E_001670,0.0,0.0,0.0015,25.3606,1
1670,E_001671,0.0,2.0,0.0192,3.6814,1
1671,E_001672,0.0,2.0,0.0174,1.4848,0
1672,E_001673,0.0,2.0,0.0157,1.5125,0
1673,E_001674,0.0,1.585,0.0167,1.7948,0
1674,E_001675,0.0,1.585,0.0157,1.9819,0
1675,E_001676,0.0,1.585,0.016,3.3528,1
1676,E_001677,0.0,1.585,0.0157,2.6923,0
1677,E_001678,0.0,1.585,0.017,1.4725,0
1678,E_001679,0.0,1.585,0.0157,1.2765,0
1679,E_001680,0.0,3.585,0.0179,2.0992,1
1680,E_001681,0.0,3.585,0.0165,2.324,1
1681,E_001682,0.0,2.585,0.0183,2.587,1
1682,E_001683,0.0,2.0,0.0049,1.5234,0
1683,E_001684,0.0,2.0,0.0048,1.4724,0
1684,E_001685,0.0,2.0,0.0057,2.1265,0
1685,E_001686,0.0,2.0,0.0004,2.5686,0
1686,E_001687,0.0,2.0,0.0033,1.5898,0
1687,E_001688,0.0,2.0,0.0004,1.5639,0
1688,E_001689,0.0,2.0,0.0035,1.4514,0
1689,E_001690,0.0,2.0,0.0004,1.5832,0
1690,E_001691,0.0,3.585,0.0032,2.3913,1
1691,E_001692,0.0,1.585,0.0034,1.2031,0
1692,E_001693,0.0,2.0,0.0054,2.144,0
1693,E_001694,0.0,2.0,0.0004,3.1893,1
1694,E_001695,0.0,1.585,0.0053,2.9325,0
1695,E_001696,0.0,1.585,0.0011,2.8762,0
1696,E_001697,0.0,1.263,0.0027,1.2118,0
1697,E_001698,0.0,1.263,0.0012,1.0974,0
1698,E_001699,0.0,1.263,0.0026,1.2629,0
1699,E_001700,0.0,1.263,0.0014,1.1684,0
1700,E_001701,0.0,3.585,0.0055,4.6142,1
1701,E_001702,0.0,1.585,0.0028,1.4849,0
1702,E_001703,0.0,1.585,0.0013,1.6477,0
1703,E_001704,0.0,1.263,0.0036,1.1349,0
1704,E_001705,0.0,1.263,0.0019,1.3853,0
1705,E_001706,0.0,1.263,0.0021,1.5479,0
1706,E_001707,0.0,1.263,0.0018,1.1135,0
1707,E_001708,0.0,1.263,0.0021,1.2477,0
1708,E_001709,0.0,1.263,0.0015,4.0384,1
1709,E_001710,0.0,0.0,0.001,132.9448,1
1710,E_001711,0.0,1.263,0.0307,1.2689,0
1711,E_001712,0.0,1.263,0.0306,1.4539,0
1712,E_001713,0.0,1.263,0.0314,8.1679,1
1713,E_001714,0.0,1.263,0.0306,2.7379,0
1714,E_001715,0.0,1.263,0.0305,1.5609,0
1715,E_001716,0.0,1.263,0.0303,1.4116,0
1716,E_001717,0.0,1.263,0.0307,1.0672,0
1717,E_001718,0.0,1.263,0.0304,1.0267,0
1718,E_001719,0.0,0.0,0.0297,4.614,1
1719,E_001720,0.0,1.263,0.0317,3.1648,1
1720,E_001721,0.0,1.263,0.0311,5.113,1
1721,E_001722,0.0,1.263,0.0309,0.9967,0
1722,E_001723,0.0,1.263,0.0023,1.2562,0
1723,E_001724,0.0,1.263,0.0044,1.4638,0
1724,E_001725,0.0,1.263,0.0027,1.6513,0
1725,E_001726,0.0,3.585,0.0068,5.871,1
1726,E_001727,0.0,1.263,0.0037,1.0064,0
1727,E_001728,0.0,1.263,0.0018,1.059,0
1728,E_001729,0.0,1.263,0.0051,1.2967,0
1729,E_001730,0.0,1.263,0.0021,1.1862,0
1730,E_001731,0.0,1.263,0.0031,1.4538,0
1731,E_001732,0.0,1.263,0.0027,1.8576,0
1732,E_001733,0.0,3.585,0.0067,2.94,1
1733,E_001734,0.0,2.585,0.0081,2.4738,1
1734,E_001735,0.0,2.0,0.0041,3.265,1
1735,E_001736,0.0,1.585,0.0037,2.3532,0
1736,E_001737,0.0,2.0,0.0046,1.6526,0
1737,E_001738,0.0,2.0,0.0004,1.4706,0
1738,E_001739,0.0,1.585,0.008,3.279,1
1739,E_001740,0.0,1.585,0.0006,2.2102,0
1740,E_001741,0.0,1.585,0.0122,4.2681,1
1741,E_001742,0.0,1.585,0.0012,3.788,1
1742,E_001743,0.0,1.585,0.0039,1.3426,0
1743,E_001744,0.0,1.585,0.001,1.2798,0
1744,E_001745,0.0,1.585,0.0046,1.1115,0
1745,E_001746,0.0,1.585,0.011,3.8911,1
1746,E_001747,0.0,1.585,0.0093,1.5316,0
1747,E_001748,0.0,1.585,0.0025,1.7874,0
1748,E_001749,0.0,1.263,0.0083,1.3698,0
1749,E_001750,0.0,1.263,0.0035,2.3523,0
1750,E_001751,0.0,1.263,0.0017,1.5413,0
1751,E_001752,0.0,1.263,0.0027,1.4499,0
1752,E_001753,0.0,1.263,0.0022,1.136,0
1753,E_001754,0.0,1.263,0.0016,1.2305,0
1754,E_001755,0.0,2.585,0.0052,1.4495,1
1755,E_001756,0.0,2.0,0.005,1.2644,0
1756,E_001757,0.0,1.585,0.0052,1.1329,0
1757,E_001758,0.0,1.585,0.0026,1.3685,0
1758,E_001759,0.0,1.585,0.0013,1.4416,0
1759,E_001760,0.0,1.585,0.0021,1.1412,0
1760,E_001761,0.0,1.585,0.0008,1.1418,0
1761,E_001762,0.0,1.585,0.0019,1.191,0
1762,E_001763,0.0,1.585,0.0003,1.7571,0
1763,E_001764,0.0,1.585,0.002,1.4772,0
1764,E_001765,0.0,1.585,0.0003,1.8658,0
1765,E_001766,0.0,2.0,0.0059,15.0858,1
1766,E_001767,0.0,1.585,0.005,3.3992,1
1767,E_001768,0.0,1.585,0.0002,3.6682,1
1768,E_001769,0.0,1.263,0.0072,5.7958,1
1769,E_001770,0.0,1.263,0.0014,5.3431,1
1770,E_001771,0.0,1.263,0.0018,0.9727,0
1771,E_001772,0.0,1.263,0.0013,1.0207,0
1772,E_001773,0.0,1.263,0.0053,1.8194,0
1773,E_001774,0.0,1.263,0.0018,1.2432,0
1774,E_001775,0.0,0.0,0.0016,31.0632,1
1775,E_001776,0.0,3.585,0.0262,2.6535,1
1776,E_001777,0.0,2.585,0.026,1.5874,1
1777,E_001778,0.0,2.0,0.0258,1.6067,0
1778,E_001779,0.0,1.585,0.0262,1.316,0
1779,E_001780,0.0,1.585,0.0259,1.229,0
1780,E_001781,0.0,1.585,0.0256,1.6314,0
1781,E_001782,0.0,1.585,0.0256,1.7747,0
1782,E_001783,0.0,1.585,0.026,1.488,0
1783,E_001784,0.0,1.585,0.0261,2.7337,0
1784,E_001785,0.0,1.585,0.0259,1.232,0
1785,E_001786,0.0,1.585,0.026,1.5498,0
1786,E_001787,0.0,2.0,0.0257,1.507,0
1787,E_001788,0.0,1.585,0.0051,1.4438,0
1788,E_001789,0.0,1.585,0.0008,2.0083,0
1789,E_001790,0.0,1.263,0.0082,6.953,1
1790,E_001791,0.0,1.263,0.0027,3.6602,1
1791,E_001792,0.0,1.263,0.0012,1.1717,0
1792,E_001793,0.0,1.263,0.0023,0.9245,0
1793,E_001794,0.0,1.263,0.0013,1.152,0
1794,E_001795,0.0,1.263,0.0023,1.1799,0
1795,E_001796,0.0,1.263,0.0014,1.171,0
1796,E_001797,0.0,1.263,0.0022,0.895,0
1797,E_001798,0.0,1.263,0.0013,1.1161,0
1798,E_001799,0.0,1.263,0.002,1.0589,0
1799,E_001800,0.0,1.0,0.0035,1.3048,0
1800,E_001801,0.0,1.0,0.0025,2.0122,0
1801,E_001802,0.0,1.0,0.0041,1.383,0
1802,E_001803,0.0,1.0,0.0016,1.1523,0
1803,E_001804,0.0,0.0,0.0032,3.2257,1
1804,E_001805,0.0,3.585,0.0036,3.5755,1
1805,E_001806,0.0,1.263,0.0012,1.2118,0
1806,E_001807,0.0,1.263,0.0012,1.3786,0
1807,E_001808,0.0,1.263,0.0028,1.1321,0
1808,E_001809,0.0,1.263,0.0014,1.0881,0
1809,E_001810,0.0,1.263,0.0014,1.1493,0
1810,E_001811,0.0,1.263,0.0013,1.227,0
1811,E_001812,0.0,1.263,0.003,1.1424,0
1812,E_001813,0.0,1.263,0.0012,1.0782,0
1813,E_001814,0.0,1.263,0.0006,1.8499,0
1814,E_001815,0.0,1.263,0.0007,1.5619,0
1815,E_001816,0.0,1.263,0.0042,4.1823,1
1816,E_001817,0.0,1.263,0.0015,5.3823,1
1817,E_001818,0.0,1.0,0.0038,2.6593,0
1818,E_001819,0.0,1.0,0.0021,1.8119,0
1819,E_001820,0.0,1.0,0.0005,1.0434,0
1820,E_001821,0.0,1.0,0.0018,0.8266,0
1821,E_001822,0.0,0.0,0.0017,2.0978,0
1822,E_001823,0.0,0.0,0.0017,42.8525,1
1823,E_001824,0.0,1.263,0.0187,0.9907,0
1824,E_001825,0.0,1.263,0.018,1.0685,0
1825,E_001826,0.0,1.263,0.0187,0.9857,0
1826,E_001827,0.0,1.263,0.018,1.1915,0
1827,E_001828,0.0,1.263,0.0188,1.0435,0
1828,E_001829,0.0,1.263,0.018,1.1239,0
1829,E_001830,0.0,1.263,0.0198,3.1183,1
1830,E_001831,0.0,1.263,0.0181,2.9613,0
1831,E_001832,0.0,3.585,0.0182,5.5258,1
1832,E_001833,0.0,0.0,0.0185,5.05,1
1833,E_001834,0.0,3.585,0.0194,8.1693,1
1834,E_001835,0.0,2.585,0.0189,1.768,1
1835,E_001836,0.0,1.585,0.0019,1.6803,0
1836,E_001837,0.0,1.585,0.001,1.3541,0
1837,E_001838,0.0,1.585,0.0015,1.7113,0
1838,E_001839,0.0,1.585,0.0009,1.4622,0
1839,E_001840,0.0,1.585,0.0021,1.181,0
1840,E_001841,0.0,1.585,0.0008,1.0614,0
1841,E_001842,0.0,1.585,0.0028,1.1333,0
1842,E_001843,0.0,1.585,0.0007,1.3432,0
1843,E_001844,0.0,0.0,0.001,87.0624,1
1844,E_001845,0.0,0.0,0.0395,5.3758,1
1845,E_001846,0.0,2.585,0.0398,6.0187,1
1846,E_001847,0.0,2.585,0.0396,2.5723,1
1847,E_001848,0.0,2.585,0.04,2.6595,1
1848,E_001849,0.0,2.0,0.0395,2.7769,0
1849,E_001850,0.0,2.0,0.0404,3.4667,1
1850,E_001851,0.0,2.0,0.0395,1.7533,0
1851,E_001852,0.0,2.0,0.0402,1.6907,0
1852,E_001853,0.0,2.0,0.0397,3.647,1
1853,E_001854,0.0,2.0,0.0406,3.2113,1
1854,E_001855,0.0,2.0,0.0407,5.8291,1
1855,E_001856,0.0,2.0,0.0412,4.453,1
1856,E_001857,0.0,2.0,0.0054,1.3698,0
1857,E_001858,0.0,1.585,0.0046,1.1976,0
1858,E_001859,0.0,1.585,0.0032,1.3203,0
1859,E_001860,0.0,1.585,0.0029,1.2745,0
1860,E_001861,0.0,1.585,0.0016,1.3635,0
1861,E_001862,0.0,1.585,0.0044,1.2297,0
1862,E_001863,0.0,1.585,0.0018,1.172,0
1863,E_001864,0.0,1.585,0.0036,1.1419,0
1864,E_001865,0.0,1.585,0.0019,1.2001,0
1865,E_001866,0.0,1.585,0.0064,1.7538,0
1866,E_001867,0.0,1.585,0.0021,1.2951,0
1867,E_001868,0.0,0.0,0.0008,5.2954,1
1868,E_001869,0.0,0.0,0.0015,39.7568,1
1869,E_001870,0.0,1.585,0.0239,1.904,0
1870,E_001871,0.0,1.585,0.0235,1.7345,0
1871,E_001872,0.0,1.263,0.0242,1.072,0
1872,E_001873,0.0,1.263,0.0235,1.072,0
1873,E_001874,0.0,1.263,0.0245,1.2535,0
1874,E_001875,0.0,1.263,0.0235,2.0431,0
1875,E_001876,0.0,1.263,0.0243,1.0805,0
1876,E_001877,0.0,1.263,0.0235,1.9113,0
1877,E_001878,0.0,0.0,0.0103,19.7258,1
1878,E_001879,0.0,3.585,0.1373,2.7505,1
1879,E_001880,0.0,2.585,0.087,2.0587,1
1880,E_001881,0.0,0.0,0.0379,2.0877,0
1881,E_001882,0.0,0.0,0.0986,6.3201,1
1882,E_001883,0.0,3.585,0.0987,2.7482,1
1883,E_001884,0.0,2.0,0.0987,1.802,0
1884,E_001885,0.0,2.0,0.0984,1.6793,0
1885,E_001886,0.0,2.0,0.0987,1.5066,0
1886,E_001887,0.0,2.0,0.0984,1.5141,0
1887,E_001888,0.0,2.0,0.0988,3.0769,1
1888,E_001889,0.0,2.0,0.0984,1.8376,0
1889,E_001890,0.0,2.0,0.0986,1.9554,0
1890,E_001891,0.0,2.0,0.0931,1.6831,0
1891,E_001892,0.0,1.585,0.0929,1.4009,0
1892,E_001893,0.0,1.585,0.0926,1.7097,0
1893,E_001894,0.0,2.585,0.0021,1.89,1
1894,E_001895,0.0,1.263,0.0014,1.1062,0
1895,E_001896,0.0,1.263,0.001,1.5313,0
1896,E_001897,0.0,1.263,0.0025,2.5395,0
1897,E_001898,0.0,1.263,0.0014,1.9954,0
1898,E_001899,0.0,1.263,0.0014,1.0927,0
1899,E_001900,0.0,1.263,0.0013,1.2246,0
1900,E_001901,0.0,1.263,0.0012,1.0747,0
1901,E_001902,0.0,1.263,0.0011,1.0819,0
1902,E_001903,0.0,3.585,0.0026,5.7176,1
1903,E_001904,0.0,2.585,0.0053,9.4176,1
1904,E_001905,0.0,1.585,0.0035,1.5695,0
1905,E_001906,0.0,1.585,0.0007,2.5333,0
1906,E_001907,0.0,1.263,0.003,1.201,0
1907,E_001908,0.0,1.263,0.0009,1.9055,0
1908,E_001909,0.0,1.263,0.0062,4.3324,1
1909,E_001910,0.0,1.263,0.0013,3.7,1
1910,E_001911,0.0,1.263,0.0017,1.2367,0
1911,E_001912,0.0,1.263,0.0011,1.0753,0
1912,E_001913,0.0,0.0,0.0024,33.9081,1
1913,E_001914,0.0,1.585,0.0292,1.1995,0
1914,E_001915,0.0,1.585,0.0288,1.4904,0
1915,E_001916,0.0,1.263,0.0298,1.6986,0
1916,E_001917,0.0,1.263,0.0289,2.11,0
1917,E_001918,0.0,1.263,0.0294,1.2545,0
1918,E_001919,0.0,1.263,0.0289,1.3048,0
1919,E_001920,0.0,1.263,0.0295,1.0006,0
1920,E_001921,0.0,1.263,0.0289,1.1935,0
1921,E_001922,0.0,0.0,0.4032,28.6979,1
1922,E_001923,0.0,0.0,0.0055,6.1172,1
1923,E_001924,0.0,1.585,0.0061,1.3116,0
1924,E_001925,0.0,1.585,0.0065,1.3495,0
1925,E_001926,0.0,1.263,0.0368,0.9981,0
1926,E_001927,0.0,1.263,0.0371,1.078,0
1927,E_001928,0.0,1.263,0.037,1.6831,0
1928,E_001929,0.0,1.263,0.0375,1.9257,0
1929,E_001930,0.0,1.263,0.0367,1.7193,0
1930,E_001931,0.0,1.263,0.0368,2.0759,0
1931,E_001932,0.0,3.585,0.0364,2.8072,1
1932,E_001933,0.0,2.585,0.0366,1.6474,1
1933,E_001934,0.0,2.0,0.0367,1.4235,0
1934,E_001935,0.0,1.585,0.0019,1.2338,0
1935,E_001936,0.0,1.585,0.0004,1.2455,0
1936,E_001937,0.0,1.585,0.0032,2.6694,0
1937,E_001938,0.0,1.585,0.0006,1.9742,0
1938,E_001939,0.0,1.585,0.001,1.6243,0
1939,E_001940,0.0,1.585,0.0004,1.4313,0
1940,E_001941,0.0,1.585,0.0015,1.1607,0
1941,E_001942,0.0,1.585,0.0002,1.1817,0
1942,E_001943,0.0,2.0,0.0015,1.2742,0
1943,E_001944,0.0,1.585,0.0039,3.5637,1
1944,E_001945,0.0,1.585,0.0007,3.739,1
1945,E_001946,0.0,1.263,0.0014,0.9833,0
1946,E_001947,0.0,1.263,0.001,0.9829,0
1947,E_001948,0.0,1.263,0.0008,1.079,0
1948,E_001949,0.0,1.263,0.001,0.9693,0
1949,E_001950,0.0,1.263,0.003,3.3315,1
1950,E_001951,0.0,1.263,0.0013,2.7442,0
1951,E_001952,0.0,1.263,0.0002,1.4048,0
1952,E_001953,0.0,1.263,0.0011,1.1985,0
1953,E_001954,0.0,0.0,0.0009,6.3024,1
1954,E_001955,0.0,3.585,0.0039,8.2191,1
1955,E_001956,0.0,3.585,0.0034,2.2597,1
1956,E_001957,0.0,1.585,0.0025,1.3103,0
1957,E_001958,0.0,1.585,0.0009,1.2983,0
1958,E_001959,0.0,1.585,0.0017,1.2661,0
1959,E_001960,0.0,1.585,0.0009,1.1253,0
1960,E_001961,0.0,1.585,0.0013,1.41,0
1961,E_001962,0.0,1.585,0.0008,1.2698,0
1962,E_001963,0.0,3.585,0.0041,2.0926,1
1963,E_001964,0.0,2.585,0.0024,1.7816,1
1964,E_001965,0.0,2.0,0.0025,2.1928,0
1965,E_001966,0.0,2.0,0.0012,2.4076,0
1966,E_001967,0.0,1.585,0.0016,1.3473,0
1967,E_001968,0.0,1.585,0.0004,2.0019,0
1968,E_001969,0.0,1.263,0.0005,1.6757,0
1969,E_001970,0.0,1.263,0.0004,1.511,0
1970,E_001971,0.0,1.263,0.0016,3.8999,1
1971,E_001972,0.0,1.263,0.0005,2.6081,0
1972,E_001973,0.0,1.263,0.0016,1.9742,0
1973,E_001974,0.0,1.263,0.0006,1.2462,0
1974,E_001975,0.0,3.585,0.0008,2.8075,1
1975,E_001976,0.0,3.585,0.0026,4.2255,1
1976,E_001977,0.0,3.585,0.0052,7.8321,1
1977,E_001978,0.0,2.585,0.0036,1.7668,1
1978,E_001979,0.0,2.0,0.0018,1.9402,0
1979,E_001980,0.0,2.0,0.0062,3.9018,1
1980,E_001981,0.0,2.0,0.0004,4.2603,1
1981,E_001982,0.0,2.0,0.0023,1.6385,0
1982,E_001983,0.0,2.0,0.0003,1.4754,0
1983,E_001984,0.0,2.0,0.0021,1.5624,0
1984,E_001985,0.0,2.0,0.0004,1.3771,0
1985,E_001986,0.0,2.0,0.0027,1.2141,0
1986,E_001987,0.0,2.0,0.0006,1.2591,0
1987,E_001988,0.0,1.585,0.0034,1.0648,0
1988,E_001989,0.0,1.585,0.0012,1.1137,0
1989,E_001990,0.0,1.585,0.0025,1.2812,0
1990,E_001991,0.0,1.585,0.0005,1.3869,0
1991,E_001992,0.0,1.263,0.0013,0.9369,0
1992,E_001993,0.0,1.263,0.0003,1.0706,0
1993,E_001994,0.0,1.263,0.0016,2.2596,0
1994,E_001995,0.0,1.263,0.0004,2.6118,0
1995,E_001996,0.0,1.263,0.0007,1.2417,0
1996,E_001997,0.0,1.263,0.0004,1.1992,0
1997,E_001998,0.0,0.0,0.0012,64.3277,1
1998,E_001999,0.0,0.0,0.0353,7.7171,1
1999,E_002000,0.0,2.585,0.0353,2.1852,1
2000,E_002001,0.0,0.0,0.339,85.7557,1
2001,E_002002,0.0,3.585,0.0107,5.3528,1
2002,E_002003,0.0,2.585,0.011,2.1035,1
2003,E_002004,0.0,2.0,0.0112,1.5476,0
2004,E_002005,0.0,2.585,0.012,5.0172,1
2005,E_002006,0.0,2.585,0.0124,2.591,1
2006,E_002007,0.0,2.585,0.0119,2.1174,1
2007,E_002008,0.0,2.585,0.0123,2.0756,1
2008,E_002009,0.0,2.585,0.012,2.0189,1
2009,E_002010,0.0,2.585,0.0124,2.2413,1
2010,E_002011,0.0,2.0,0.0203,1.6217,0
2011,E_002012,0.0,2.0,0.0201,1.6168,0
2012,E_002013,0.0,0.0,0.0181,17.036,1
2013,E_002014,0.0,2.0,0.002,5.6471,1
2014,E_002015,0.0,0.0,0.0031,54.6971,1
2015,E_002016,0.0,1.585,0.0369,1.343,0
2016,E_002017,0.0,1.585,0.0367,1.6738,0
2017,E_002018,0.0,1.585,0.0372,6.7206,1
2018,E_002019,0.0,1.585,0.0367,2.6063,0
2019,E_002020,0.0,1.585,0.037,2.1768,0
2020,E_002021,0.0,1.585,0.0367,1.5299,0
2021,E_002022,0.0,1.585,0.0371,1.3454,0
2022,E_002023,0.0,1.585,0.0366,2.0875,0
2023,E_002024,0.0,1.585,0.037,2.4439,0
2024,E_002025,0.0,1.585,0.0367,1.5076,0
2025,E_002026,0.0,0.0,0.0359,8.6976,1
2026,E_002027,0.0,0.0,0.0398,23.7577,1
2027,E_002028,0.0,3.585,0.0026,3.9178,1
2028,E_002029,0.0,2.585,0.0041,2.1583,1
2029,E_002030,0.0,2.0,0.0022,2.2172,0
2030,E_002031,0.0,1.585,0.0016,1.8142,0
2031,E_002032,0.0,2.0,0.0023,1.4555,0
2032,E_002033,0.0,2.0,0.0006,1.3609,0
2033,E_002034,0.0,2.0,0.0052,4.738,1
2034,E_002035,0.0,2.0,0.0006,5.9651,1
2035,E_002036,0.0,2.0,0.003,1.2895,0
2036,E_002037,0.0,2.0,0.0006,1.3316,0
2037,E_002038,0.0,2.0,0.0019,1.4429,0
2038,E_002039,0.0,2.0,0.0004,1.2983,0
2039,E_002040,0.0,1.585,0.0022,1.1791,0
2040,E_002041,0.0,1.585,0.0004,1.2147,0
2041,E_002042,0.0,1.263,0.002,1.4468,0
2042,E_002043,0.0,1.263,0.001,1.2483,0
2043,E_002044,0.0,1.0,0.0004,0.9401,0
2044,E_002045,0.0,1.0,0.0009,0.8368,0
2045,E_002046,0.0,1.0,0.0005,0.9081,0
2046,E_002047,0.0,1.0,0.0006,0.9781,0
2047,E_002048,0.0,1.0,0.0001,1.9489,0
2048,E_002049,0.0,1.0,0.0005,1.6212,0
2049,E_002050,58.23,0.0,0.0005,2.895,1
2050,E_002051,0.0,0.0,0.0179,14.2856,1
2051,E_002052,0.0,1.263,0.0182,2.0424,0
2052,E_002053,0.0,1.263,0.0182,1.9801,0
2053,E_002054,91.72,3.585,0.299,5.3305,1
2054,E_002055,0.0,1.585,0.0743,1.1544,0
2055,E_002056,0.0,1.585,0.0741,1.3477,0
2056,E_002057,0.0,1.585,0.0744,5.2593,1
2057,E_002058,0.0,1.585,0.0741,5.6202,1
2058,E_002059,0.0,1.585,0.0745,2.8945,0
2059,E_002060,0.0,1.585,0.0741,2.2841,0
2060,E_002061,0.0,3.585,0.0739,2.4139,1
2061,E_002062,0.0,2.585,0.0739,3.6298,1
2062,E_002063,0.0,2.0,0.0379,2.2027,0
2063,E_002064,0.0,1.585,0.0381,1.0902,0
2064,E_002065,0.0,1.585,0.038,1.4218,0
2065,E_002066,0.0,1.585,0.0382,1.2602,0
2066,E_002067,0.0,1.585,0.0004,1.5344,0
2067,E_002068,0.0,1.585,0.0015,1.1869,0
2068,E_002069,0.0,1.585,0.0004,1.2545,0
2069,E_002070,0.0,1.585,0.0009,1.4933,0
2070,E_002071,0.0,1.585,0.0003,1.3405,0
2071,E_002072,0.0,1.585,0.0026,5.4936,1
2072,E_002073,0.0,1.585,0.0004,3.9874,1
2073,E_002074,0.0,2.585,0.0031,3.4947,1
2074,E_002075,0.0,2.585,0.0024,1.7413,1
2075,E_002076,0.0,1.263,0.0013,0.9927,0
2076,E_002077,0.0,1.263,0.0005,1.0478,0
2077,E_002078,0.0,1.263,0.0015,1.0517,0
2078,E_002079,0.0,1.263,0.0004,1.277,0
2079,E_002080,0.0,1.263,0.0016,1.0819,0
2080,E_002081,0.0,1.263,0.0005,1.0264,0
2081,E_002082,0.0,1.263,0.0004,1.7468,0
2082,E_002083,0.0,1.263,0.0004,1.5196,0
2083,E_002084,0.0,1.263,0.0013,0.9756,0
2084,E_002085,0.0,1.263,0.0003,1.196,0
2085,E_002086,0.0,0.0,0.0008,59.5058,1
2086,E_002087,0.0,0.0,0.0262,7.1929,1
2087,E_002088,0.0,0.0,0.0259,8.6665,1
2088,E_002089,0.0,3.585,0.026,6.3686,1
2089,E_002090,0.0,1.585,0.0263,1.3565,0
2090,E_002091,0.0,1.585,0.0267,1.5736,0
2091,E_002092,0.0,1.585,0.0265,6.3035,1
2092,E_002093,0.0,1.585,0.0272,4.8846,1
2093,E_002094,0.0,1.585,0.0264,1.4725,0
2094,E_002095,0.0,1.585,0.0267,1.2729,0
2095,E_002096,0.0,1.585,0.0263,1.5343,0
2096,E_002097,0.0,1.585,0.0266,1.2796,0
2097,E_002098,0.0,3.585,0.0274,6.333,1
2098,E_002099,0.0,2.585,0.003,2.076,1
2099,E_002100,0.0,1.585,0.0034,2.0267,0
2100,E_002101,0.0,1.585,0.0012,2.8404,0
2101,E_002102,0.0,1.263,0.0021,1.1542,0
2102,E_002103,0.0,1.263,0.0014,1.4471,0
2103,E_002104,0.0,1.263,0.0015,1.3719,0
2104,E_002105,0.0,1.263,0.0011,1.2606,0
2105,E_002106,0.0,1.263,0.0012,1.6317,0
2106,E_002107,0.0,1.263,0.001,1.9745,0
2107,E_002108,0.0,1.263,0.0019,1.2951,0
2108,E_002109,0.0,1.263,0.0012,1.4035,0
2109,E_002110,0.0,0.0,0.0024,42.5908,1
2110,E_002111,0.0,3.585,0.0426,4.425,1
2111,E_002112,0.0,1.263,0.0404,1.3255,0
2112,E_002113,0.0,1.263,0.0401,1.2639,0
2113,E_002114,0.0,1.263,0.0403,1.2335,0
2114,E_002115,0.0,1.263,0.0401,1.3956,0
2115,E_002116,0.0,1.263,0.0404,1.9355,0
2116,E_002117,0.0,1.263,0.0401,2.2292,0
2117,E_002118,0.0,1.263,0.0402,1.5313,0
2118,E_002119,0.0,1.263,0.04,2.007,0
2119,E_002120,0.0,1.263,0.0404,2.0678,0
2120,E_002121,0.0,1.263,0.0401,2.144,0
2121,E_002122,0.0,3.585,0.0418,2.4094,1
2122,E_002123,0.0,2.585,0.0016,2.2676,1
2123,E_002124,0.0,1.263,0.0031,3.1189,1
2124,E_002125,0.0,1.263,0.0012,3.6216,1
2125,E_002126,0.0,1.263,0.0005,1.3327,0
2126,E_002127,0.0,1.263,0.0008,1.5053,0
2127,E_002128,0.0,1.263,0.0028,1.7653,0
2128,E_002129,0.0,1.263,0.0011,1.6432,0
2129,E_002130,0.0,1.263,0.0011,0.9394,0
2130,E_002131,0.0,1.263,0.001,1.0405,0
2131,E_002132,0.0,1.263,0.0005,1.3323,0
2132,E_002133,0.0,1.263,0.0008,1.2372,0
2133,E_002134,0.0,0.0,0.0007,5.7462,1
2134,E_002135,0.0,3.585,0.0021,5.0466,1
2135,E_002136,0.0,3.585,0.0029,5.581,1
2136,E_002137,0.0,1.585,0.0015,1.0882,0
2137,E_002138,0.0,1.585,0.0011,1.221,0
2138,E_002139,0.0,1.585,0.0019,1.2555,0
2139,E_002140,0.0,1.585,0.0011,1.1924,0
2140,E_002141,0.0,1.585,0.0018,1.9755,0
2141,E_002142,0.0,1.585,0.0011,2.9253,0
2142,E_002143,0.0,1.585,0.0014,1.4842,0
2143,E_002144,0.0,1.585,0.0011,1.8539,0
2144,E_002145,0.0,2.585,0.0013,2.7248,1
2145,E_002146,0.0,2.0,0.002,2.0089,0
2146,E_002147,0.0,1.585,0.0011,1.3536,0
2147,E_002148,0.0,1.585,0.0033,5.5571,1
2148,E_002149,0.0,1.585,0.0007,5.6901,1
2149,E_002150,0.0,1.585,0.0028,2.0401,0
2150,E_002151,0.0,1.585,0.0009,1.2943,0
2151,E_002152,0.0,1.585,0.0015,1.1059,0
2152,E_002153,0.0,1.585,0.0009,1.1772,0
2153,E_002154,0.0,1.585,0.0012,1.1605,0
2154,E_002155,0.0,1.585,0.0008,1.3034,0
2155,E_002156,0.0,2.0,0.0019,1.5962,0
2156,E_002157,0.0,1.585,0.0019,1.3198,0
2157,E_002158,0.0,1.585,0.0015,1.1707,0
2158,E_002159,0.0,1.585,0.0017,1.1919,0
2159,E_002160,0.0,1.585,0.0009,1.2476,0
2160,E_002161,0.0,1.585,0.0006,1.5956,0
2161,E_002162,0.0,1.585,0.0005,1.6049,0
2162,E_002163,0.0,1.585,0.0009,1.2529,0
2163,E_002164,0.0,1.585,0.0003,1.3315,0
2164,E_002165,0.0,1.585,0.0004,2.3101,0
2165,E_002166,0.0,1.585,0.0002,1.8464,0
2166,E_002167,0.0,1.585,0.0011,2.1578,0
2167,E_002168,0.0,1.585,0.0003,3.3767,1
2168,E_002169,0.0,0.0,0.001,51.6523,1
2169,E_002170,0.0,0.0,0.0391,6.539,1
2170,E_002171,0.0,0.0,0.0388,10.4219,1
2171,E_002172,0.0,3.585,0.0391,2.4952,1
2172,E_002173,0.0,1.585,0.0393,5.1568,1
2173,E_002174,0.0,1.585,0.04,2.9358,0
2174,E_002175,0.0,1.585,0.0392,1.537,0
2175,E_002176,0.0,1.585,0.0394,1.5291,0
2176,E_002177,0.0,1.585,0.0392,1.3785,0
2177,E_002178,0.0,1.585,0.0394,1.3675,0
2178,E_002179,0.0,1.585,0.0392,1.2835,0
2179,E_002180,0.0,1.585,0.0397,1.2678,0
2180,E_002181,0.0,2.585,0.0392,2.036,1
2181,E_002182,0.0,2.0,0.0021,1.6112,0
2182,E_002183,0.0,1.585,0.0018,1.1291,0
2183,E_002184,0.0,1.585,0.0033,2.9495,0
2184,E_002185,0.0,1.585,0.0004,4.0879,1
2185,E_002186,0.0,1.585,0.0012,1.1108,0
2186,E_002187,0.0,1.585,0.0002,1.1705,0
2187,E_002188,0.0,1.585,0.0023,1.8672,0
2188,E_002189,0.0,1.585,0.0004,1.6338,0
2189,E_002190,0.0,1.585,0.0014,1.1644,0
2190,E_002191,0.0,1.585,0.0004,1.243,0
2191,E_002192,0.0,1.585,0.0013,1.3341,0
2192,E_002193,0.0,1.585,0.0004,1.2396,0
2193,E_002194,0.0,2.585,0.0022,1.9368,1
2194,E_002195,0.0,1.263,0.0015,1.1201,0
2195,E_002196,0.0,1.263,0.0008,1.0341,0
2196,E_002197,0.0,1.263,0.0002,1.8439,0
2197,E_002198,0.0,1.263,0.0005,2.1814,0
2198,E_002199,0.0,1.263,0.0017,2.819,0
2199,E_002200,0.0,1.263,0.0008,2.5783,0
2200,E_002201,0.0,1.263,0.0017,2.2318,0
2201,E_002202,0.0,1.263,0.0008,2.6819,0
2202,E_002203,0.0,1.263,0.0005,1.2248,0
2203,E_002204,0.0,1.263,0.0007,1.0578,0
2204,E_002205,0.0,0.0,0.0016,54.2038,1
2205,E_002206,0.0,3.585,0.0386,3.9577,1
2206,E_002207,0.0,3.585,0.0378,2.1432,1
2207,E_002208,0.0,1.585,0.0365,1.2539,0
2208,E_002209,0.0,1.585,0.0364,1.1932,0
2209,E_002210,0.0,1.585,0.0365,1.1552,0
2210,E_002211,0.0,1.585,0.0363,1.5331,0
2211,E_002212,0.0,1.585,0.0364,1.4694,0
2212,E_002213,0.0,1.585,0.0364,1.3145,0
2213,E_002214,0.0,1.585,0.0364,1.2683,0
2214,E_002215,0.0,1.585,0.0364,1.6126,0
2215,E_002216,0.0,1.585,0.0364,1.3536,0
2216,E_002217,0.0,1.585,0.0364,2.1216,0
2217,E_002218,0.0,2.585,0.0007,3.8355,1
2218,E_002219,0.0,2.585,0.001,2.4116,1
2219,E_002220,0.0,1.263,0.0009,1.9272,0
2220,E_002221,0.0,1.263,0.0004,2.805,0
2221,E_002222,0.0,1.263,0.0005,1.053,0
2222,E_002223,0.0,1.263,0.0003,1.5104,0
2223,E_002224,0.0,1.263,0.001,2.464,0
2224,E_002225,0.0,1.263,0.0004,2.3723,0
2225,E_002226,0.0,1.263,0.0,2.3631,0
2226,E_002227,0.0,1.263,0.0003,2.0199,0
2227,E_002228,0.0,1.263,0.0012,2.3779,0
2228,E_002229,0.0,1.263,0.0005,1.9889,0
2229,E_002230,0.0,2.585,0.0014,4.1243,1
2230,E_002231,0.0,2.585,0.001,1.537,1
2231,E_002232,0.0,2.585,0.0015,2.8828,1
2232,E_002233,0.0,2.0,0.0021,3.9728,1
2233,E_002234,0.0,1.585,0.0012,1.0931,0
2234,E_002235,0.0,1.585,0.0001,1.2525,0
2235,E_002236,0.0,1.585,0.0009,1.175,0
2236,E_002237,0.0,1.585,0.0001,1.0785,0
2237,E_002238,0.0,1.585,0.0009,1.0922,0
2238,E_002239,0.0,1.585,0.0001,1.1206,0
2239,E_002240,0.0,0.0,0.0003,5.5442,1
2240,E_002241,0.0,0.0,0.0027,28.7961,1
2241,E_002242,0.0,3.585,0.0773,2.4187,1
2242,E_002243,0.0,2.585,0.0527,1.9983,1
2243,E_002244,0.0,0.0,0.021,15.7247,1
2244,E_002245,0.0,3.585,0.0462,2.8707,1
2245,E_002246,0.0,3.585,0.0466,5.5021,1
2246,E_002247,0.0,2.585,0.0476,5.8608,1
2247,E_002248,0.0,2.585,0.0449,4.7085,1
2248,E_002249,0.0,2.585,0.0451,4.1085,1
2249,E_002250,0.0,2.585,0.045,1.7638,1
2250,E_002251,0.0,2.585,0.0451,1.7547,1
2251,E_002252,0.0,2.585,0.0449,4.7286,1
2252,E_002253,0.0,2.585,0.0452,4.7048,1
2253,E_002254,0.0,2.0,0.0377,1.4339,0
2254,E_002255,0.0,2.0,0.0372,1.5036,0
2255,E_002256,0.0,1.585,0.0371,1.4621,0
2256,E_002257,0.0,1.585,0.0001,1.6569,0
2257,E_002258,0.0,0.0,0.001,37.5042,1
2258,E_002259,0.0,3.585,0.0305,2.9926,1
2259,E_002260,0.0,3.585,0.0306,1.8656,1
2260,E_002261,0.0,2.585,0.0306,1.7573,1
2261,E_002262,0.0,2.0,0.0307,1.4039,0
2262,E_002263,0.0,1.585,0.0307,1.0679,0
2263,E_002264,0.0,1.263,0.0308,0.9514,0
2264,E_002265,0.0,2.585,0.0305,5.3324,1
2265,E_002266,0.0,2.585,0.0314,6.8622,1
2266,E_002267,0.0,2.585,0.0306,1.7812,1
2267,E_002268,0.0,2.585,0.0311,1.7921,1
2268,E_002269,0.0,2.585,0.0306,1.6462,1
2269,E_002270,0.0,2.585,0.0311,1.7052,1
2270,E_002271,0.0,2.0,0.0015,1.3931,0
2271,E_002272,0.0,2.0,0.0001,1.5296,0
2272,E_002273,0.0,1.585,0.0027,6.4943,1
2273,E_002274,0.0,1.585,0.0006,6.8809,1
2274,E_002275,0.0,2.585,0.0022,4.1236,1
2275,E_002276,0.0,2.585,0.0021,2.3309,1
2276,E_002277,0.0,2.585,0.0021,1.9312,1
2277,E_002278,0.0,1.585,0.0016,1.1914,0
2278,E_002279,0.0,1.585,0.0004,1.1615,0
2279,E_002280,0.0,1.585,0.0021,1.4653,0
2280,E_002281,0.0,1.585,0.0005,1.2001,0
2281,E_002282,0.0,1.585,0.0015,1.1076,0
2282,E_002283,0.0,1.585,0.0005,1.4728,0
2283,E_002284,0.0,1.585,0.0011,1.2291,0
2284,E_002285,0.0,1.585,0.0005,1.5229,0
2285,E_002286,0.0,2.0,0.001,1.4203,0
2286,E_002287,0.0,1.585,0.0009,2.1209,0
2287,E_002288,0.0,1.585,0.0013,1.324,0
2288,E_002289,0.0,1.585,0.001,1.3613,0
2289,E_002290,0.0,1.585,0.0024,10.1025,1
2290,E_002291,0.0,2.0,0.0015,1.3606,0
2291,E_002292,0.0,2.0,0.0001,1.2985,0
2292,E_002293,0.0,2.0,0.0014,1.6379,0
2293,E_002294,0.0,2.0,0.0002,2.6464,0
2294,E_002295,0.0,2.0,0.0018,2.7977,0
2295,E_002296,0.0,2.0,0.0002,3.7335,1
2296,E_002297,0.0,2.0,0.0015,1.4973,0
2297,E_002298,0.0,2.0,0.0001,1.3214,0
2298,E_002299,0.0,1.585,0.0016,1.3847,0
2299,E_002300,0.0,1.585,0.0014,1.1924,0
2300,E_002301,0.0,1.585,0.0002,1.4386,0
2301,E_002302,0.0,1.263,0.0012,1.0857,0
2302,E_002303,0.0,1.263,0.0005,1.1733,0
2303,E_002304,0.0,1.263,0.0001,2.9874,0
2304,E_002305,0.0,1.263,0.0004,2.3453,0
2305,E_002306,0.0,1.263,0.0011,2.3178,0
2306,E_002307,0.0,1.263,0.0005,2.1867,0
2307,E_002308,214.58,0.0,0.0005,3.127,1
2308,E_002309,0.0,1.263,0.1438,1.3592,0
2309,E_002310,0.0,1.263,0.1435,1.0784,0
2310,E_002311,0.0,0.0,0.1435,3.4245,1
2311,E_002312,0.0,0.0,0.1434,9.052,1
2312,E_002313,0.0,3.585,0.1434,3.1278,1
2313,E_002314,0.0,2.585,0.1434,3.6029,1
2314,E_002315,0.0,2.0,0.1435,1.6196,0
2315,E_002316,0.0,2.0,0.1436,2.3663,0
2316,E_002317,0.0,2.0,0.1436,2.0235,0
2317,E_002318,0.0,2.0,0.1439,4.8122,1
2318,E_002319,0.0,2.0,0.1436,3.6811,1
2319,E_002320,0.0,2.0,0.1437,1.3965,0
2320,E_002321,0.0,2.0,0.0003,1.5109,0
2321,E_002322,0.0,2.0,0.0018,1.8436,0
2322,E_002323,0.0,2.0,0.0003,1.8182,0
2323,E_002324,0.0,1.585,0.0006,1.391,0
2324,E_002325,0.0,1.585,0.0004,1.1266,0
2325,E_002326,0.0,2.585,0.0018,3.5427,1
2326,E_002327,0.0,2.585,0.0012,1.3947,1
2327,E_002328,0.0,0.0,0.0018,43.8816,1
2328,E_002329,0.0,1.585,0.0333,1.3316,0
2329,E_002330,0.0,1.585,0.0332,1.449,0
2330,E_002331,0.0,1.585,0.0333,1.1349,0
2331,E_002332,0.0,1.585,0.0333,1.2172,0
2332,E_002333,0.0,1.585,0.0335,4.5332,1
2333,E_002334,0.0,1.585,0.0333,5.5447,1
2334,E_002335,0.0,1.585,0.0333,1.0846,0
2335,E_002336,0.0,1.585,0.0333,1.0704,0
2336,E_002337,0.0,0.0,0.0322,2.8828,0
2337,E_002338,0.0,2.585,0.0343,1.4315,1
2338,E_002339,0.0,2.585,0.0347,3.1294,1
2339,E_002340,0.0,2.585,0.0351,3.7586,1
2340,E_002341,0.0,1.585,0.0015,1.5714,0
2341,E_002342,0.0,1.585,0.0004,1.6126,0
2342,E_002343,0.0,1.585,0.0013,1.1873,0
2343,E_002344,0.0,1.585,0.0004,1.2748,0
2344,E_002345,0.0,1.585,0.001,1.2181,0
2345,E_002346,0.0,1.585,0.0003,1.2872,0
2346,E_002347,0.0,1.585,0.0011,1.3359,0
2347,E_002348,0.0,1.585,0.0003,1.3667,0
2348,E_002349,0.0,0.0,0.0015,92.7789,1
2349,E_002350,0.0,2.0,0.0587,2.2116,0
2350,E_002351,0.0,1.585,0.0588,1.3223,0
2351,E_002352,0.0,1.585,0.0593,2.2034,0
2352,E_002353,0.0,1.263,0.0589,2.4135,0
2353,E_002354,0.0,1.263,0.0597,2.2406,0
2354,E_002355,0.0,1.263,0.0589,2.297,0
2355,E_002356,0.0,1.263,0.06,4.0983,1
2356,E_002357,0.0,1.263,0.0589,1.8974,0
2357,E_002358,0.0,1.263,0.0596,1.3185,0
2358,E_002359,0.0,3.585,0.0584,3.7174,1
2359,E_002360,0.0,2.585,0.0585,6.1913,1
2360,E_002361,0.0,2.0,0.0586,1.6174,0
2361,E_002362,0.0,1.585,0.0018,2.7289,0
2362,E_002363,0.0,1.585,0.0007,2.3729,0
2363,E_002364,0.0,1.585,0.0002,2.0497,0
2364,E_002365,0.0,1.585,0.0024,2.3495,0
2365,E_002366,0.0,1.585,0.0004,2.6796,0
2366,E_002367,0.0,1.585,0.0007,1.7541,0
2367,E_002368,0.0,1.585,0.0001,1.7187,0
2368,E_002369,0.0,1.585,0.0013,1.1745,0
2369,E_002370,0.0,1.585,0.0002,1.2758,0
2370,E_002371,0.0,1.585,0.0036,6.4788,1
2371,E_002372,0.0,1.585,0.002,1.0771,0
2372,E_002373,0.0,1.585,0.0006,1.279,0
2373,E_002374,0.0,1.585,0.002,1.0758,0
2374,E_002375,0.0,1.585,0.0009,1.1083,0
2375,E_002376,0.0,2.0,0.002,1.2068,0
2376,E_002377,0.0,2.0,0.0004,1.1841,0
2377,E_002378,0.0,2.0,0.0022,2.1703,0
2378,E_002379,0.0,2.0,0.0005,1.6534,0
2379,E_002380,0.0,2.0,0.0022,1.7701,0
2380,E_002381,0.0,2.0,0.0005,1.5572,0
2381,E_002382,0.0,2.0,0.0023,1.8683,0
2382,E_002383,0.0,2.0,0.0005,2.5298,0
2383,E_002384,0.0,1.585,0.0016,1.7745,0
2384,E_002385,0.0,1.585,0.0011,1.3745,0
2385,E_002386,0.0,1.585,0.0011,1.5736,0
2386,E_002387,0.0,1.585,0.0016,3.036,1
2387,E_002388,0.0,1.585,0.0021,4.4458,1
2388,E_002389,0.0,2.0,0.0018,1.7556,0
2389,E_002390,0.0,2.0,0.0002,1.6004,0
2390,E_002391,0.0,2.0,0.0015,1.6308,0
2391,E_002392,0.0,2.0,0.0003,1.824,0
2392,E_002393,0.0,2.0,0.0021,2.7819,0
2393,E_002394,0.0,2.0,0.0003,2.7948,0
2394,E_002395,0.0,2.0,0.0024,2.6559,0
2395,E_002396,0.0,2.0,0.0002,2.0275,0
2396,E_002397,0.0,1.585,0.0008,2.107,0
2397,E_002398,0.0,1.585,0.0002,1.4633,0
2398,E_002399,0.0,2.585,0.0012,2.0398,1
2399,E_002400,0.0,1.263,0.0013,1.3069,0
2400,E_002401,0.0,1.263,0.0006,2.1954,0
2401,E_002402,0.0,1.263,0.0005,1.2183,0
2402,E_002403,0.0,1.263,0.0005,1.0532,0
2403,E_002404,0.0,1.263,0.0013,2.1928,0
2404,E_002405,0.0,1.263,0.0007,3.2352,1
2405,E_002406,0.0,1.263,0.0005,1.1218,0
2406,E_002407,0.0,1.263,0.0005,1.4311,0
2407,E_002408,0.0,3.585,0.001,3.6709,1
2408,E_002409,0.0,2.585,0.002,6.9609,1
2409,E_002410,0.0,1.585,0.001,1.0769,0
2410,E_002411,0.0,1.585,0.0003,1.3219,0
2411,E_002412,0.0,1.263,0.0009,0.9618,0
2412,E_002413,0.0,1.263,0.0003,1.0143,0
2413,E_002414,0.0,1.263,0.0005,1.1853,0
2414,E_002415,0.0,1.263,0.0003,1.0372,0
2415,E_002416,0.0,1.263,0.0004,1.2149,0
2416,E_002417,0.0,1.263,0.0001,1.698,0
2417,E_002418,0.0,2.585,0.0012,1.8562,1
2418,E_002419,0.0,2.0,0.0015,1.8507,0
2419,E_002420,0.0,1.585,0.001,1.2171,0
2420,E_002421,0.0,1.585,0.0001,1.6588,0
2421,E_002422,0.0,1.263,0.0005,1.1062,0
2422,E_002423,0.0,1.263,0.0001,1.0843,0
2423,E_002424,0.0,1.263,0.0003,1.8928,0
2424,E_002425,0.0,1.263,0.0,2.0466,0
2425,E_002426,0.0,1.263,0.0006,1.9675,0
2426,E_002427,0.0,1.263,0.0001,2.042,0
2427,E_002428,0.0,1.263,0.0004,1.0537,0
2428,E_002429,0.0,1.263,0.0001,1.1349,0
2429,E_002430,0.0,0.0,0.0009,110.5349,1
2430,E_002431,0.0,3.585,0.0386,2.6276,1
2431,E_002432,0.0,3.585,0.0386,2.8401,1
2432,E_002433,0.0,1.585,0.0387,1.9879,0
2433,E_002434,0.0,1.585,0.0393,2.3402,0
2434,E_002435,0.0,1.585,0.0388,14.4182,1
2435,E_002436,0.0,1.585,0.0405,8.5155,1
2436,E_002437,0.0,1.585,0.0387,1.518,0
2437,E_002438,0.0,1.585,0.0395,1.2303,0
2438,E_002439,0.0,1.585,0.0386,1.0993,0
2439,E_002440,0.0,1.585,0.0391,1.1339,0
2440,E_002441,0.0,2.585,0.0384,2.1095,1
2441,E_002442,0.0,2.0,0.0385,3.1958,1
2442,E_002443,0.0,1.585,0.0027,2.7228,0
2443,E_002444,0.0,1.585,0.0013,1.0639,0
2444,E_002445,0.0,1.585,0.001,1.2105,0
2445,E_002446,0.0,1.263,0.0011,0.968,0
2446,E_002447,0.0,1.0,0.0013,0.8215,0
2447,E_002448,0.0,2.585,0.0034,5.4106,1
2448,E_002449,0.0,2.585,0.0005,6.7602,1
2449,E_002450,0.0,2.585,0.0013,1.6751,1
2450,E_002451,0.0,2.585,0.0005,1.5176,1
2451,E_002452,0.0,2.585,0.0013,1.4887,1
2452,E_002453,0.0,2.585,0.0005,1.4411,1
2453,E_002454,0.0,1.0,0.0007,0.6494,0
2454,E_002455,0.0,1.0,0.0013,1.1195,0
2455,E_002456,0.0,1.0,0.0009,0.9169,0
2456,E_002457,0.0,1.0,0.0009,0.9181,0
2457,E_002458,0.0,2.0,0.0036,3.3308,1
2458,E_002459,0.0,2.0,0.0005,2.8728,0
2459,E_002460,0.0,1.585,0.0023,1.3001,0
2460,E_002461,0.0,1.585,0.0003,1.154,0
2461,E_002462,0.0,1.585,0.0015,1.1294,0
2462,E_002463,0.0,1.585,0.0004,1.3137,0
2463,E_002464,0.0,1.585,0.0015,1.1623,0
2464,E_002465,0.0,1.585,0.0005,1.2376,0
2465,E_002466,0.0,1.585,0.0013,1.2803,0
2466,E_002467,0.0,1.585,0.0026,3.7052,1
2467,E_002468,0.0,1.585,0.0026,2.3799,0
2468,E_002469,0.0,1.585,0.0028,2.1168,0
2469,E_002470,0.0,1.585,0.003,1.8464,0
2470,E_002471,0.0,2.0,0.0023,1.5535,0
2471,E_002472,0.0,2.0,0.0003,1.8573,0
2472,E_002473,0.0,2.0,0.0019,1.5563,0
2473,E_002474,0.0,2.0,0.0004,1.5415,0
2474,E_002475,0.0,2.0,0.0018,1.5822,0
2475,E_002476,0.0,2.0,0.0004,1.5395,0
2476,E_002477,0.0,2.0,0.0017,1.5801,0
2477,E_002478,0.0,2.0,0.0004,1.6814,0
2478,E_002479,0.0,0.0,0.0006,16.8888,1
2479,E_002480,0.0,2.0,0.0019,2.3285,0
2480,E_002481,0.0,0.0,0.0039,54.7337,1
2481,E_002482,0.0,2.585,0.0265,3.6536,1
2482,E_002483,0.0,1.585,0.0255,1.7513,0
2483,E_002484,0.0,1.585,0.0254,1.8279,0
2484,E_002485,0.0,1.585,0.0254,4.1401,1
2485,E_002486,0.0,1.585,0.0254,3.4921,1
2486,E_002487,0.0,1.585,0.0255,1.5583,0
2487,E_002488,0.0,1.585,0.0254,1.3807,0
2488,E_002489,0.0,3.585,0.0254,2.6267,1
2489,E_002490,0.0,2.585,0.027,2.2069,1
2490,E_002491,0.0,2.0,0.0264,1.7059,0
2491,E_002492,0.0,1.585,0.0264,1.2488,0
2492,E_002493,0.0,2.0,0.0252,1.539,0
2493,E_002494,0.0,2.0,0.0005,1.8655,0
2494,E_002495,0.0,1.585,0.0009,2.4619,0
2495,E_002496,0.0,1.585,0.0005,1.3901,0
2496,E_002497,0.0,1.585,0.0014,5.0623,1
2497,E_002498,0.0,1.585,0.0005,3.881,1
2498,E_002499,0.0,2.0,0.0019,4.7171,1
2499,E_002500,0.0,0.0,0.0031,26.0945,1
2500,E_002501,0.0,1.585,0.0255,1.2835,0
2501,E_002502,0.0,1.263,0.0253,1.1333,0
2502,E_002503,0.0,3.585,0.2889,3.0099,1
2503,E_002504,0.0,1.585,0.0714,1.5375,0
2504,E_002505,0.0,2.0,0.0691,1.6728,0
2505,E_002506,0.0,2.0,0.0691,1.6738,0
2506,E_002507,0.0,2.0,0.0691,1.3902,0
2507,E_002508,0.0,2.0,0.0691,1.4799,0
2508,E_002509,0.0,2.0,0.0691,2.3178,0
2509,E_002510,0.0,2.0,0.0691,2.8222,0
2510,E_002511,0.0,2.0,0.0691,1.3341,0
2511,E_002512,0.0,2.0,0.0693,1.4121,0
2512,E_002513,0.0,0.0,0.3928,79.7225,1
2513,E_002514,0.0,0.0,0.0085,3.4699,1
2514,E_002515,0.0,3.585,0.0072,1.9767,1
2515,E_002516,0.0,2.585,0.0369,2.7824,1
2516,E_002517,0.0,2.585,0.0369,2.1537,1
2517,E_002518,0.0,2.0,0.037,1.6379,0
2518,E_002519,0.0,1.585,0.0371,6.9053,1
2519,E_002520,0.0,1.263,0.0371,1.3031,0
2520,E_002521,0.0,1.0,0.0372,0.9128,0
2521,E_002522,0.0,0.7776,0.0372,0.812,0
2522,E_002523,0.0,3.585,0.0367,3.1951,1
2523,E_002524,0.0,3.585,0.0372,3.2333,1
2524,E_002525,0.0,3.585,0.0366,5.2698,1
2525,E_002526,0.0,3.585,0.0008,5.0225,1
2526,E_002527,0.0,2.585,0.0014,1.5917,1
2527,E_002528,0.0,2.585,0.0007,1.9062,1
2528,E_002529,0.0,2.0,0.0015,1.6402,0
2529,E_002530,0.0,2.0,0.0005,1.4814,0
2530,E_002531,0.0,0.0,0.0005,5.3573,1
2531,E_002532,0.0,2.0,0.0011,1.4701,0
2532,E_002533,0.0,2.0,0.0025,6.5067,1
2533,E_002534,0.0,2.0,0.0002,2.8777,0
2534,E_002535,0.0,2.0,0.003,2.8327,0
2535,E_002536,0.0,2.0,0.0012,1.225,0
2536,E_002537,0.0,2.0,0.0005,1.273,0
2537,E_002538,0.0,2.0,0.002,4.0052,1
2538,E_002539,0.0,2.0,0.0005,5.8425,1
2539,E_002540,0.0,2.0,0.0018,1.9433,0
2540,E_002541,0.0,2.0,0.0004,1.7625,0
2541,E_002542,0.0,2.0,0.0022,2.4196,0
2542,E_002543,0.0,2.0,0.0004,1.8926,0
2543,E_002544,0.0,0.0,0.0004,2.5717,0
2544,E_002545,0.0,2.0,0.002,1.4559,0
2545,E_002546,0.0,2.0,0.0011,1.5457,0
2546,E_002547,0.0,2.0,0.0018,1.4646,0
2547,E_002548,0.0,1.585,0.0019,3.4846,1
2548,E_002549,0.0,1.585,0.0003,3.3025,1
2549,E_002550,0.0,1.585,0.0011,1.3963,0
2550,E_002551,0.0,1.585,0.0002,1.713,0
2551,E_002552,0.0,1.585,0.0009,1.6237,0
2552,E_002553,0.0,1.585,0.0002,1.314,0
2553,E_002554,0.0,3.585,0.0008,26.9163,1
2554,E_002555,0.0,2.0,0.0016,1.7833,0
2555,E_002556,0.0,1.585,0.0016,1.5191,0
2556,E_002557,0.0,1.263,0.002,1.9745,0
2557,E_002558,0.0,1.263,0.0017,1.3486,0
2558,E_002559,0.0,1.263,0.0012,1.2908,0
2559,E_002560,0.0,1.263,0.0014,1.0542,0
2560,E_002561,0.0,1.0,0.0007,1.7227,0
2561,E_002562,0.0,2.585,0.002,3.504,1
2562,E_002563,0.0,2.585,0.0007,2.3511,1
2563,E_002564,0.0,2.585,0.0018,2.0682,1
2564,E_002565,0.0,2.585,0.0007,2.2034,1
2565,E_002566,0.0,2.585,0.0019,1.9869,1
2566,E_002567,0.0,2.585,0.0007,2.0552,1
2567,E_002568,0.0,1.0,0.0008,1.5002,0
2568,E_002569,0.0,1.0,0.0011,0.9469,0
2569,E_002570,0.0,1.0,0.0008,1.379,0
2570,E_002571,0.0,2.0,0.0012,2.9575,0
2571,E_002572,0.0,2.0,0.0001,1.6304,0
2572,E_002573,0.0,1.585,0.0006,3.3103,1
2573,E_002574,0.0,1.585,0.0001,2.7961,0
2574,E_002575,0.0,1.585,0.0019,6.9178,1
2575,E_002576,0.0,1.585,0.0003,4.9252,1
2576,E_002577,0.0,2.0,0.0018,2.782,0
2577,E_002578,0.0,1.585,0.001,1.036,0
2578,E_002579,0.0,2.0,0.0012,1.3893,0
2579,E_002580,0.0,2.0,0.0002,1.3381,0
2580,E_002581,0.0,1.585,0.001,1.1555,0
2581,E_002582,0.0,1.585,0.0002,1.2708,0
2582,E_002583,0.0,1.263,0.0014,1.6948,0
2583,E_002584,0.0,1.263,0.0004,2.2405,0
2584,E_002585,0.0,0.0,0.0003,2.486,0
2585,E_002586,0.0,2.585,0.0014,1.8334,1
2586,E_002587,0.0,2.0,0.0014,1.4241,0
2587,E_002588,0.0,1.585,0.0013,1.7496,0
2588,E_002589,0.0,1.263,0.0012,1.2884,0
2589,E_002590,0.0,1.263,0.0007,1.1229,0
2590,E_002591,0.0,2.0,0.0021,3.6349,1
2591,E_002592,0.0,2.0,0.0003,4.1949,1
2592,E_002593,0.0,2.0,0.0011,2.0579,0
2593,E_002594,0.0,2.0,0.0002,2.0752,0
2594,E_002595,0.0,2.0,0.0016,1.5358,0
2595,E_002596,0.0,2.0,0.0002,1.5339,0
2596,E_002597,0.0,0.0,0.0011,41.4079,1
2597,E_002598,0.0,0.0,0.0251,5.8576,1
2598,E_002599,0.0,1.585,0.0252,1.3095,0
2599,E_002600,0.0,1.585,0.0253,4.0007,1
2600,E_002601,0.0,1.585,0.0254,2.8602,0
2601,E_002602,0.0,2.0,0.0251,1.6548,0
2602,E_002603,0.0,2.0,0.0255,1.7755,0
2603,E_002604,0.0,2.0,0.0251,2.493,0
2604,E_002605,0.0,2.0,0.0256,1.6224,0
2605,E_002606,0.0,2.0,0.0252,2.5468,0
2606,E_002607,0.0,2.0,0.0259,2.9921,0
2607,E_002608,0.0,2.0,0.0252,1.9414,0
2608,E_002609,0.0,2.0,0.0258,2.2799,0
2609,E_002610,0.0,2.0,0.0019,1.4873,0
2610,E_002611,0.0,1.585,0.0008,2.0097,0
2611,E_002612,0.0,1.585,0.0012,1.4568,0
2612,E_002613,0.0,1.585,0.0025,2.4837,0
2613,E_002614,0.0,1.585,0.0013,1.194,0
2614,E_002615,0.0,1.585,0.0001,1.4226,0
2615,E_002616,0.0,1.585,0.0014,1.22,0
2616,E_002617,0.0,1.585,0.0002,1.4743,0
2617,E_002618,0.0,1.585,0.0013,1.2381,0
2618,E_002619,0.0,1.585,0.0002,1.2919,0
2619,E_002620,0.0,0.0,0.0024,45.9794,1
2620,E_002621,0.0,3.585,0.1004,3.0589,1
2621,E_002622,0.0,2.585,0.0316,2.688,1
2622,E_002623,0.0,0.0,0.0227,13.0969,1
2623,E_002624,0.0,2.585,0.034,3.5903,1
2624,E_002625,0.0,2.585,0.0345,2.6358,1
2625,E_002626,0.0,2.585,0.0339,1.9421,1
2626,E_002627,0.0,2.0,0.0326,2.5292,0
2627,E_002628,0.0,1.585,0.0346,1.6329,0
2628,E_002629,0.0,1.263,0.0337,1.0736,0
2629,E_002630,0.0,3.585,0.0277,13.1712,1
2630,E_002631,0.0,3.585,0.0297,9.5836,1
2631,E_002632,0.0,3.585,0.0293,3.2641,1
2632,E_002633,0.0,3.585,0.0168,2.2146,1
2633,E_002634,0.0,2.585,0.0137,2.0729,1
2634,E_002635,0.0,2.585,0.0132,2.2081,1
2635,E_002636,0.0,1.0,0.0039,1.139,0
2636,E_002637,0.0,1.0,0.004,1.1954,0
2637,E_002638,0.0,1.0,0.0018,1.0682,0
2638,E_002639,0.0,2.0,0.0028,1.8025,0
2639,E_002640,0.0,2.0,0.0007,1.6484,0
2640,E_002641,0.0,1.585,0.0029,1.1441,0
2641,E_002642,0.0,1.585,0.0004,1.3424,0
2642,E_002643,0.0,1.585,0.0034,2.5515,0
2643,E_002644,0.0,1.585,0.0003,3.2159,1
2644,E_002645,0.0,1.585,0.0016,1.3605,0
2645,E_002646,0.0,1.585,0.0002,1.5149,0
2646,E_002647,0.0,2.0,0.0018,1.3712,0
2647,E_002648,0.0,0.0,0.0045,29.4426,1
2648,E_002649,0.0,2.0,0.0261,1.4626,0
2649,E_002650,0.0,2.0,0.0268,2.0282,0
2650,E_002651,0.0,2.0,0.0272,2.8375,0
2651,E_002652,0.0,1.585,0.0264,1.1413,0
2652,E_002653,0.0,2.0,0.0249,1.7122,0
2653,E_002654,0.0,2.0,0.0249,1.6762,0
2654,E_002655,0.0,2.0,0.0248,1.5406,0
2655,E_002656,0.0,2.0,0.0248,2.035,0
2656,E_002657,0.0,2.0,0.0248,1.6442,0
2657,E_002658,0.0,2.0,0.0248,1.7267,0
2658,E_002659,0.0,1.263,0.0262,1.6874,0
2659,E_002660,0.0,1.263,0.0265,1.1256,0
2660,E_002661,0.0,1.0,0.0007,1.0127,0
2661,E_002662,0.0,1.0,0.0009,0.9582,0
2662,E_002663,0.0,1.0,0.0012,2.0213,0
2663,E_002664,0.0,1.0,0.0003,3.2422,1
2664,E_002665,0.0,1.0,0.0011,1.926,0
2665,E_002666,0.0,2.585,0.0016,3.8915,1
2666,E_002667,0.0,2.585,0.0005,5.0987,1
2667,E_002668,0.0,2.585,0.0013,1.8665,1
2668,E_002669,0.0,2.585,0.0005,2.2582,1
2669,E_002670,260.74,0.0,0.0002,4.2972,1
2670,E_002671,0.0,0.0,0.1354,4.4815,1
2671,E_002672,0.0,1.0,0.1355,1.1615,0
2672,E_002673,0.0,2.585,0.1354,2.0776,1
2673,E_002674,0.0,2.585,0.1355,2.2021,1
2674,E_002675,0.0,2.0,0.1355,2.9653,0
2675,E_002676,0.0,2.0,0.1355,3.5576,1
2676,E_002677,0.0,1.585,0.1357,2.9961,0
2677,E_002678,0.0,1.585,0.1354,2.9242,0
2678,E_002679,0.0,0.0,0.1352,30.9401,1
2679,E_002680,0.0,3.585,0.1352,57.4089,1
2680,E_002681,0.0,3.585,0.1347,8.1408,1
2681,E_002682,0.0,2.585,0.135,1.5346,1
2682,E_002683,0.0,2.0,0.0181,2.889,0
2683,E_002684,0.0,2.0,0.0186,2.0042,0
2684,E_002685,0.0,1.585,0.018,1.6397,0
2685,E_002686,0.0,1.585,0.0181,1.8643,0
2686,E_002687,0.0,1.585,0.0182,2.9164,0
2687,E_002688,0.0,1.585,0.0185,1.5722,0
2688,E_002689,0.0,2.585,0.0183,4.6894,1
2689,E_002690,0.0,2.0,0.0181,1.5299,0
2690,E_002691,0.0,1.585,0.0181,1.3875,0
2691,E_002692,0.0,1.263,0.0037,1.4863,0
2692,E_002693,0.0,2.0,0.0026,1.411,0
2693,E_002694,0.0,2.0,0.0006,1.2911,0
2694,E_002695,0.0,1.585,0.0023,1.1334,0
2695,E_002696,0.0,1.585,0.0005,1.3512,0
2696,E_002697,0.0,1.585,0.0028,1.4538,0
2697,E_002698,0.0,1.585,0.0004,1.429,0
2698,E_002699,0.0,0.0,0.0005,3.8131,1
2699,E_002700,0.0,1.585,0.0005,2.4445,0
2700,E_002701,0.0,1.263,0.0008,1.6358,0
2701,E_002702,0.0,1.263,0.0038,5.0994,1
2702,E_002703,0.0,0.0,0.0057,30.8767,1
2703,E_002704,0.0,1.585,0.0361,1.9832,0
2704,E_002705,0.0,2.0,0.0318,2.2219,0
2705,E_002706,0.0,2.0,0.0319,2.5415,0
2706,E_002707,0.0,2.0,0.0318,1.4429,0
2707,E_002708,0.0,2.0,0.0319,1.4449,0
2708,E_002709,0.0,2.0,0.0318,1.6186,0
2709,E_002710,0.0,2.0,0.0319,2.1582,0
2710,E_002711,0.0,1.585,0.0332,1.7072,0
2711,E_002712,0.0,1.263,0.0335,1.179,0
2712,E_002713,0.0,1.263,0.0338,1.111,0
2713,E_002714,0.0,2.0,0.0315,1.5275,0
2714,E_002715,0.0,2.0,0.032,1.5048,0
2715,E_002716,0.0,1.585,0.0013,1.2,0
2716,E_002717,0.0,1.585,0.0002,1.4506,0
2717,E_002718,0.0,0.0,0.0002,10.2218,1
2718,E_002719,0.0,1.585,0.0019,4.9954,1
2719,E_002720,0.0,1.585,0.0007,4.5326,1
2720,E_002721,0.0,1.585,0.0019,2.2865,0
2721,E_002722,0.0,1.585,0.0007,2.0329,0
2722,E_002723,0.0,2.0,0.0029,4.6362,1
2723,E_002724,0.0,2.0,0.0019,1.4262,0
2724,E_002725,0.0,1.585,0.0011,1.6792,0
2725,E_002726,0.0,1.585,0.0006,1.9186,0
2726,E_002727,0.0,1.585,0.0012,1.1367,0
2727,E_002728,0.0,1.585,0.0007,1.2459,0
2728,E_002729,0.0,1.585,0.0022,2.0124,0
2729,E_002730,0.0,1.585,0.0007,1.2859,0
2730,E_002731,0.0,2.585,0.0032,2.3979,1
2731,E_002732,0.0,2.0,0.0023,1.3876,0
2732,E_002733,0.0,1.585,0.0016,1.1663,0
2733,E_002734,0.0,1.263,0.0036,2.8952,0
2734,E_002735,0.0,1.0,0.0036,1.996,0
2735,E_002736,0.0,2.0,0.006,5.1442,1
2736,E_002737,0.0,2.0,0.0008,8.129,1
2737,E_002738,0.0,2.0,0.0035,1.1975,0
2738,E_002739,0.0,2.0,0.0007,1.3647,0
2739,E_002740,0.0,2.0,0.0032,1.321,0
2740,E_002741,0.0,2.0,0.0006,1.7134,0
2741,E_002742,0.0,0.0,0.0018,21.7764,1
2742,E_002743,0.0,0.0,0.0315,3.813,1
2743,E_002744,0.0,1.585,0.0317,1.438,0
2744,E_002745,0.0,1.585,0.0318,1.2,0
2745,E_002746,0.0,1.585,0.0317,1.5745,0
2746,E_002747,0.0,1.585,0.0319,2.155,0
2747,E_002748,0.0,1.585,0.0317,1.1724,0
2748,E_002749,0.0,2.585,0.0315,1.7698,1
2749,E_002750,0.0,2.585,0.0322,1.7732,1
2750,E_002751,0.0,2.585,0.0316,3.103,1
2751,E_002752,0.0,2.585,0.0323,3.1774,1
2752,E_002753,0.0,3.585,0.0324,4.9519,1
2753,E_002754,0.0,1.263,0.0321,3.4059,1
2754,E_002755,0.0,1.0,0.0013,1.5794,0
2755,E_002756,0.0,2.585,0.0019,1.542,1
2756,E_002757,0.0,2.585,0.0008,1.5523,1
2757,E_002758,0.0,2.0,0.0015,1.3781,0
2758,E_002759,0.0,2.0,0.0006,1.6378,0
2759,E_002760,0.0,1.585,0.0009,1.399,0
2760,E_002761,0.0,1.585,0.0006,1.1644,0
2761,E_002762,0.0,3.585,0.0034,1.9957,1
2762,E_002763,0.0,2.585,0.0038,3.9323,1
2763,E_002764,0.0,2.0,0.0015,1.769,0
2764,E_002765,0.0,1.585,0.0018,1.4229,0
2765,E_002766,0.0,1.263,0.0007,1.547,0
2766,E_002767,0.0,2.0,0.0014,1.7899,0
2767,E_002768,0.0,2.0,0.0004,1.867,0
2768,E_002769,0.0,2.0,0.001,1.35,0
2769,E_002770,0.0,2.0,0.0004,1.4666,0
2770,E_002771,0.0,2.0,0.002,5.6331,1
2771,E_002772,0.0,2.0,0.0004,4.0576,1
2772,E_002773,0.0,1.585,0.0014,1.1715,0
2773,E_002774,0.0,1.263,0.0004,1.4348,0
2774,E_002775,0.0,1.0,0.0016,1.0307,0
2775,E_002776,0.0,1.0,0.0003,1.3185,0
2776,E_002777,0.0,1.0,0.002,3.4129,1
2777,E_002778,0.0,1.0,0.0007,0.8983,0
2778,E_002779,0.0,1.0,0.0003,1.218,0
2779,E_002780,0.0,0.7776,0.0002,1.4911,0
2780,E_002781,0.0,2.585,0.0019,2.486,1
2781,E_002782,0.0,2.585,0.0006,2.4417,1
2782,E_002783,0.0,2.585,0.0026,2.9457,1
2783,E_002784,0.0,2.585,0.0006,2.3935,1
2784,E_002785,0.0,2.585,0.0021,1.7925,1
2785,E_002786,0.0,2.585,0.0004,1.8047,1
2786,E_002787,0.0,2.0,0.0018,1.3519,0
2787,E_002788,0.0,2.0,0.0001,1.5596,0
2788,E_002789,0.0,0.0,0.0002,5.8938,1
2789,E_002790,0.0,2.0,0.0022,9.6244,1
2790,E_002791,0.0,2.0,0.0015,1.6125,0
2791,E_002792,0.0,2.0,0.0016,1.6154,0
2792,E_002793,0.0,2.0,0.0016,1.8386,0
2793,E_002794,0.0,1.585,0.0015,1.3828,0
2794,E_002795,0.0,1.263,0.0015,1.116,0
2795,E_002796,0.0,2.585,0.0017,1.9387,1
2796,E_002797,0.0,2.585,0.0006,1.9117,1
2797,E_002798,0.0,2.585,0.0019,2.8386,1
2798,E_002799,0.0,2.585,0.0006,3.3936,1
2799,E_002800,0.0,2.585,0.002,2.5321,1
2800,E_002801,0.0,2.585,0.0006,2.0511,1
2801,E_002802,0.0,0.0,0.0004,4.776,1
2802,E_002803,0.0,1.263,0.0009,1.5187,0
2803,E_002804,0.0,1.263,0.001,1.2281,0
2804,E_002805,0.0,1.263,0.0023,9.1929,1
2805,E_002806,0.0,1.263,0.0009,1.4795,0
2806,E_002807,0.0,0.0,0.0037,417.1426,1
2807,E_002808,0.0,2.0,0.0472,3.0125,1
2808,E_002809,0.0,2.0,0.0472,5.0479,1
2809,E_002810,0.0,2.0,0.0472,1.4115,0
2810,E_002811,0.0,2.0,0.0472,1.4622,0
2811,E_002812,0.0,1.585,0.049,1.2896,0
2812,E_002813,0.0,1.263,0.0487,1.1006,0
2813,E_002814,0.0,1.0,0.0495,1.6303,0
2814,E_002815,0.0,2.585,0.0465,2.1393,1
2815,E_002816,0.0,2.585,0.0469,1.8323,1
2816,E_002817,0.0,2.0,0.0469,1.7851,0
2817,E_002818,0.0,2.0,0.0472,1.7696,0
2818,E_002819,0.0,0.0,0.531,89.6252,1
2819,E_002820,0.0,2.0,0.0373,1.7041,0
2820,E_002821,0.0,1.585,0.0374,2.9036,0
2821,E_002822,0.0,1.263,0.0374,1.5742,0
2822,E_002823,0.0,1.0,0.0376,1.3711,0
2823,E_002824,0.0,2.585,0.037,3.977,1
2824,E_002825,0.0,2.585,0.038,3.418,1
2825,E_002826,0.0,2.0,0.0373,1.6617,0
2826,E_002827,0.0,2.0,0.0381,2.8594,0
2827,E_002828,0.0,1.585,0.0374,1.2666,0
2828,E_002829,0.0,2.0,0.0373,2.0274,0
2829,E_002830,0.0,2.0,0.0379,1.5941,0
2830,E_002831,0.0,2.0,0.0374,2.5001,0
2831,E_002832,0.0,2.0,0.0002,3.7035,1
2832,E_002833,0.0,1.585,0.0026,1.4501,0
2833,E_002834,0.0,1.585,0.0017,1.7152,0
2834,E_002835,0.0,1.585,0.0019,1.3884,0
2835,E_002836,0.0,1.585,0.0023,1.7637,0
2836,E_002837,0.0,1.263,0.0011,1.8677,0
2837,E_002838,0.0,1.0,0.0017,1.2391,0
2838,E_002839,0.0,0.7776,0.0011,0.7894,0
2839,E_002840,0.0,0.585,0.0006,1.4218,0
2840,E_002841,0.0,0.585,0.0011,0.797,0
2841,E_002842,0.0,3.585,0.0022,2.618,1
2842,E_002843,0.0,3.585,0.0008,2.9419,1
2843,E_002844,0.0,3.585,0.0013,2.416,1
2844,E_002845,0.0,3.585,0.0007,2.5754,1
2845,E_002846,0.0,0.0,0.0007,10.1115,1
2846,E_002847,0.0,0.0,0.0037,63.3234,1
2847,E_002848,0.0,1.0,0.0455,1.9628,0
2848,E_002849,0.0,1.0,0.0455,1.6201,0
2849,E_002850,0.0,1.0,0.0463,1.6137,0
2850,E_002851,0.0,1.0,0.0474,4.9064,1
2851,E_002852,0.0,1.0,0.046,0.9253,0
2852,E_002853,0.0,1.0,0.0466,1.4093,0
2853,E_002854,0.0,1.0,0.048,3.4612,1
2854,E_002855,0.0,3.585,0.0437,5.0869,1
2855,E_002856,0.0,3.585,0.044,4.9793,1
2856,E_002857,0.0,0.7776,0.0472,1.5693,0
2857,E_002858,0.0,0.585,0.0458,0.7471,0
2858,E_002859,0.0,0.415,0.0446,1.5185,0
2859,E_002860,0.0,0.263,0.0007,0.562,0
2860,E_002861,0.0,0.263,0.0002,0.6109,0
2861,E_002862,0.0,0.263,0.0,0.9241,0
2862,E_002863,0.0,3.585,0.0027,3.3468,1
2863,E_002864,0.0,3.585,0.0013,3.9365,1
2864,E_002865,0.0,2.585,0.003,2.509,1
2865,E_002866,0.0,2.585,0.001,2.074,1
2866,E_002867,0.0,1.0,0.0019,1.4567,0
2867,E_002868,0.0,0.7776,0.0019,2.0335,0
2868,E_002869,0.0,0.585,0.0027,3.2687,1
2869,E_002870,0.0,0.585,0.0014,0.7528,0
2870,E_002871,0.0,0.585,0.0004,1.2276,0
2871,E_002872,0.0,0.585,0.0017,0.9516,0
2872,E_002873,0.0,2.585,0.0034,2.1295,1
2873,E_002874,0.0,2.585,0.0013,2.056,1
2874,E_002875,0.0,2.0,0.0038,2.5722,0
2875,E_002876,0.0,2.0,0.0011,1.7652,0
2876,E_002877,0.0,0.0,0.0013,8.7216,1
2877,E_002878,0.0,1.0,0.0018,1.0703,0
2878,E_002879,0.0,0.7776,0.0007,4.0573,1
2879,E_002880,0.0,0.7776,0.0037,2.2933,0
2880,E_002881,0.0,0.7776,0.0002,1.7465,0
2881,E_002882,0.0,0.7776,0.0012,0.8894,0
2882,E_002883,0.0,0.7776,0.0013,0.8143,0
2883,E_002884,0.0,2.585,0.002,1.6642,1
2884,E_002885,0.0,2.585,0.0007,1.4342,1
2885,E_002886,0.0,2.585,0.002,1.659,1
2886,E_002887,0.0,2.585,0.0007,1.8565,1
2887,E_002888,0.0,0.0,0.0008,63.6521,1
2888,E_002889,0.0,3.585,0.0382,4.9356,1
2889,E_002890,0.0,1.0,0.0379,0.9387,0
2890,E_002891,0.0,0.0,0.508,99.5955,1
2891,E_002892,0.0,1.263,0.0062,1.2625,0
2892,E_002893,0.0,1.263,0.0079,6.008,1
2893,E_002894,0.0,1.263,0.0057,2.1805,0
2894,E_002895,0.0,1.263,0.0058,1.7736,0
2895,E_002896,0.0,1.263,0.0073,1.9431,0
2896,E_002897,0.0,3.585,0.0048,6.8716,1
2897,E_002898,0.0,3.585,0.0043,6.5637,1
2898,E_002899,0.0,1.0,0.0086,3.1712,1
2899,E_002900,0.0,0.7776,0.0058,1.1129,0
2900,E_002901,0.0,3.585,0.0422,4.2325,1
2901,E_002902,0.0,3.585,0.0427,5.8246,1
2902,E_002903,0.0,2.585,0.0427,1.6021,1
2903,E_002904,0.0,2.585,0.0011,1.6745,1
2904,E_002905,0.0,2.0,0.0055,2.6729,0
2905,E_002906,0.0,2.0,0.0002,2.6348,0
2906,E_002907,0.0,0.0,0.0003,6.0761,1
2907,E_002908,0.0,2.0,0.0031,1.5054,0
2908,E_002909,0.0,2.0,0.0041,1.6821,0
2909,E_002910,0.0,1.585,0.0041,1.5911,0
2910,E_002911,0.0,1.263,0.0012,2.1013,0
2911,E_002912,0.0,2.0,0.0025,1.5137,0
2912,E_002913,0.0,2.0,0.0007,1.6743,0
2913,E_002914,0.0,2.0,0.002,1.3535,0
2914,E_002915,0.0,2.0,0.0007,1.3875,0
2915,E_002916,0.0,1.585,0.0024,1.2262,0
2916,E_002917,0.0,1.263,0.0024,1.0361,0
2917,E_002918,0.0,1.0,0.001,1.3212,0
2918,E_002919,0.0,2.585,0.0024,2.227,1
2919,E_002920,0.0,2.585,0.0009,2.0349,1
2920,E_002921,0.0,2.0,0.0028,2.5169,0
2921,E_002922,0.0,2.0,0.0003,4.0778,1
2922,E_002923,0.0,0.0,0.0001,9.2481,1
2923,E_002924,0.0,0.0,0.0015,36.8877,1
2924,E_002925,0.0,3.585,0.0484,2.6362,1
2925,E_002926,0.0,2.585,0.0325,2.3257,1
2926,E_002927,0.0,0.0,0.0077,21.3402,1
2927,E_002928,0.0,2.0,0.0456,2.2081,0
2928,E_002929,0.0,2.0,0.0459,1.6503,0
2929,E_002930,0.0,2.0,0.0454,2.7929,0
2930,E_002931,0.0,2.0,0.0457,2.001,0
2931,E_002932,0.0,1.585,0.046,2.7435,0
2932,E_002933,0.0,1.263,0.0468,5.341,1
2933,E_002934,0.0,1.0,0.0457,0.9934,0
2934,E_002935,0.0,0.7776,0.0464,1.5278,0
2935,E_002936,0.0,0.585,0.0462,1.0449,0
2936,E_002937,0.0,0.415,0.0436,0.9962,0
2937,E_002938,0.0,0.263,0.044,1.379,0
2938,E_002939,0.0,0.1255,0.046,6.2916,1
2939,E_002940,0.0,0.0,0.0027,1.9859,0
2940,E_002941,0.0,0.0,0.0019,1.6868,0
2941,E_002942,0.0,3.585,0.0026,2.0615,1
2942,E_002943,0.0,3.585,0.0019,2.0904,1
2943,E_002944,0.0,0.585,0.002,0.8693,0
2944,E_002945,0.0,0.585,0.0019,0.7782,0
2945,E_002946,0.0,2.585,0.0034,2.8025,1
2946,E_002947,0.0,2.585,0.002,2.1264,1
2947,E_002948,0.0,2.0,0.0041,4.004,1
2948,E_002949,0.0,2.0,0.0014,2.1004,0
2949,E_002950,0.0,0.0,0.0015,5.7093,1
2950,E_002951,0.0,2.0,0.0043,1.493,0
2951,E_002952,0.0,2.0,0.0032,1.5406,0
2952,E_002953,0.0,1.585,0.0019,1.6136,0
2953,E_002954,0.0,1.263,0.0018,1.2618,0
2954,E_002955,0.0,1.0,0.0011,1.9256,0
2955,E_002956,0.0,0.7776,0.0034,2.577,0
2956,E_002957,0.0,2.585,0.003,2.1434,1
2957,E_002958,0.0,2.585,0.0014,2.0941,1
2958,E_002959,0.0,0.0,0.0014,114.4505,1
2959,E_002960,0.0,1.0,0.0471,0.9025,0
2960,E_002961,0.0,0.7776,0.0468,1.6236,0
2961,E_002962,0.0,0.585,0.0473,1.0605,0
2962,E_002963,0.0,0.415,0.047,0.5606,0
2963,E_002964,0.0,0.415,0.0467,1.3448,0
2964,E_002965,0.0,0.415,0.0475,1.9062,0
2965,E_002966,0.0,3.585,0.0453,5.9704,1
2966,E_002967,0.0,3.585,0.0467,11.528,1
2967,E_002968,0.0,2.585,0.0461,1.8441,1
2968,E_002969,0.0,2.585,0.0466,2.1877,1
2969,E_002970,0.0,1.0,0.0467,1.412,0
2970,E_002971,0.0,0.7776,0.0472,1.1673,0
2971,E_002972,0.0,0.585,0.0002,0.964,0
2972,E_002973,0.0,2.585,0.0045,4.8277,1
2973,E_002974,0.0,2.585,0.0015,4.6048,1
2974,E_002975,0.0,0.0,0.0011,2.6591,0
2975,E_002976,0.0,1.263,0.0027,1.2458,0
2976,E_002977,0.0,1.263,0.0027,1.1301,0
2977,E_002978,0.0,1.263,0.0009,1.1944,0
2978,E_002979,0.0,1.0,0.0024,1.5397,0
2979,E_002980,0.0,0.7776,0.0005,0.8879,0
2980,E_002981,0.0,3.585,0.0039,2.9055,1
2981,E_002982,0.0,3.585,0.0014,2.819,1
2982,E_002983,0.0,3.585,0.0014,14.7255,1
2983,E_002984,0.0,1.0,0.0014,0.9522,0
2984,E_002985,0.0,1.0,0.0008,1.3951,0
2985,E_002986,0.0,0.7776,0.0052,5.8476,1
2986,E_002987,0.0,0.585,0.0012,0.6303,0
2987,E_002988,0.0,0.415,0.0002,0.8279,0
2988,E_002989,0.0,3.585,0.0058,3.7856,1
2989,E_002990,0.0,3.585,0.0018,2.6568,1
2990,E_002991,0.0,2.585,0.0052,1.8864,1
2991,E_002992,0.0,2.585,0.001,1.9319,1
2992,E_002993,0.0,1.263,0.005,1.3692,0
2993,E_002994,0.0,1.0,0.0022,1.0328,0
2994,E_002995,0.0,0.7776,0.0017,0.946,0
2995,E_002996,0.0,0.585,0.0021,0.6755,0
2996,E_002997,0.0,0.585,0.0022,0.6777,0
2997,E_002998,0.0,0.0,0.0065,44.2688,1
2998,E_002999,0.0,0.7776,0.0473,1.9911,0
2999,E_003000,0.0,2.585,0.0455,3.7186,1
3000,E_003001,0.0,2.585,0.0461,3.3671,1
3001,E_003002,0.0,1.0,0.0492,2.5651,0
3002,E_003003,0.0,0.7776,0.0473,1.6607,0
3003,E_003004,0.0,3.585,0.045,2.4688,1
3004,E_003005,0.0,3.585,0.0455,2.7535,1
3005,E_003006,0.0,0.7776,0.0467,2.6172,0
3006,E_003007,0.0,0.7776,0.0483,1.0873,0
3007,E_003008,0.0,0.7776,0.0491,2.0103,0
3008,E_003009,0.0,0.7776,0.0474,1.0883,0
3009,E_003010,0.0,0.7776,0.0472,1.1894,0
3010,E_003011,0.0,2.585,0.0045,1.6072,1
3011,E_003012,0.0,2.585,0.0012,1.5722,1
3012,E_003013,0.0,0.0,0.0013,41.8239,1
3013,E_003014,0.0,0.0,0.0334,6.3429,1
3014,E_003015,0.0,1.0,0.0342,2.0358,0
3015,E_003016,0.0,1.0,0.0342,1.3441,0
3016,E_003017,0.0,0.7776,0.0338,1.2896,0
3017,E_003018,0.0,0.585,0.0338,1.0584,0
3018,E_003019,0.0,3.585,0.0325,9.5171,1
3019,E_003020,0.0,3.585,0.0344,10.2895,1
3020,E_003021,0.0,1.0,0.0342,1.8698,0
3021,E_003022,0.0,1.0,0.0339,1.0024,0
3022,E_003023,0.0,1.0,0.0337,1.6005,0
3023,E_003024,0.0,0.7776,0.0339,0.9234,0
3024,E_003025,0.0,0.585,0.0337,1.7359,0
3025,E_003026,0.0,0.415,0.0004,1.3294,0
3026,E_003027,0.0,0.263,0.0003,0.8651,0
3027,E_003028,0.0,3.585,0.0034,2.2054,1
3028,E_003029,0.0,3.585,0.0012,2.1337,1
3029,E_003030,0.0,0.585,0.0037,2.3842,0
3030,E_003031,0.0,0.585,0.004,1.9783,0
3031,E_003032,0.0,0.415,0.0001,0.6652,0
3032,E_003033,0.0,3.585,0.0036,6.0861,1
3033,E_003034,0.0,3.585,0.0013,9.1771,1
3034,E_003035,0.0,2.585,0.0033,2.1979,1
3035,E_003036,0.0,2.585,0.001,2.8698,1
3036,E_003037,0.0,0.0,0.0008,4.2494,1
3037,E_003038,0.0,1.263,0.0021,1.0524,0
3038,E_003039,0.0,1.263,0.0024,1.0731,0
3039,E_003040,0.0,1.263,0.003,1.2195,0
3040,E_003041,0.0,0.0,0.0038,32.5718,1
3041,E_003042,0.0,1.0,0.0337,1.2936,0
3042,E_003043,0.0,2.585,0.032,1.9979,1
3043,E_003044,0.0,2.585,0.0325,2.4991,1
3044,E_003045,0.0,2.0,0.0329,14.8322,1
3045,E_003046,0.0,2.0,0.0326,4.5897,1
3046,E_003047,0.0,1.585,0.0337,1.1454,0
3047,E_003048,0.0,1.263,0.0337,1.0288,0
3048,E_003049,0.0,1.0,0.0343,1.6305,0
3049,E_003050,0.0,0.7776,0.0374,6.9395,1
3050,E_003051,0.0,0.7776,0.0339,0.7314,0
3051,E_003052,0.0,2.585,0.0319,1.4824,1
3052,E_003053,0.0,2.585,0.0321,1.451,1
3053,E_003054,0.0,2.0,0.0137,3.4138,1
3054,E_003055,0.0,2.0,0.0002,3.7761,1
3055,E_003056,0.0,1.263,0.0062,0.9624,0
3056,E_003057,0.0,2.0,0.0093,1.2703,0
3057,E_003058,0.0,2.0,0.0014,1.5937,0
3058,E_003059,0.0,0.0,0.0044,26.0412,1
3059,E_003060,0.0,1.263,0.0409,1.0012,0
3060,E_003061,0.0,1.263,0.0404,1.0689,0
3061,E_003062,0.0,2.0,0.0397,1.7181,0
3062,E_003063,0.0,2.0,0.0389,2.6865,0
3063,E_003064,0.0,1.585,0.0404,1.6243,0
3064,E_003065,0.0,1.585,0.039,2.2816,0
3065,E_003066,0.0,0.0,0.5919,113.6764,1
3066,E_003067,0.0,2.0,0.0137,3.279,1
3067,E_003068,0.0,1.585,0.0134,1.3603,0
3068,E_003069,0.0,1.585,0.0129,3.2294,1
3069,E_003070,0.0,1.263,0.0132,1.2641,0
3070,E_003071,0.0,1.0,0.0131,0.9618,0
3071,E_003072,0.0,2.585,0.0561,2.4376,1
3072,E_003073,0.0,2.585,0.0569,2.5836,1
3073,E_003074,0.0,0.0,0.0563,5.2051,1
3074,E_003075,0.0,1.263,0.0567,1.1827,0
3075,E_003076,0.0,1.0,0.0565,1.9803,0
3076,E_003077,0.0,0.7776,0.0568,0.7884,0
3077,E_003078,0.0,0.585,0.0564,2.3458,0
3078,E_003079,0.0,0.415,0.0018,0.8176,0
3079,E_003080,0.0,0.415,0.0012,0.5541,0
3080,E_003081,0.0,3.585,0.0093,7.3393,1
3081,E_003082,0.0,3.585,0.0018,8.5937,1
3082,E_003083,0.0,3.585,0.0013,4.4116,1
3083,E_003084,0.0,1.0,0.0049,1.6158,0
3084,E_003085,0.0,0.7776,0.0026,0.7775,0
3085,E_003086,0.0,0.585,0.0026,0.7181,0
3086,E_003087,0.0,0.415,0.0014,0.9103,0
3087,E_003088,0.0,0.415,0.0035,1.9847,0
3088,E_003089,0.0,0.415,0.0068,5.6625,1
3089,E_003090,0.0,0.415,0.0007,1.9311,0
3090,E_003091,0.0,0.415,0.0005,1.2352,0
3091,E_003092,0.0,3.585,0.0075,2.0782,1
3092,E_003093,0.0,3.585,0.0024,1.9584,1
3093,E_003094,0.0,3.585,0.0064,4.073,1
3094,E_003095,0.0,3.585,0.0024,5.276,1
3095,E_003096,0.0,0.585,0.0019,0.6989,0
3096,E_003097,0.0,2.585,0.0053,1.6035,1
3097,E_003098,0.0,2.585,0.0018,1.5854,1
3098,E_003099,0.0,1.0,0.008,2.7742,0
3099,E_003100,0.0,1.0,0.0042,0.9068,0
3100,E_003101,0.0,2.0,0.0062,1.4139,0
3101,E_003102,0.0,2.0,0.0008,1.3803,0
3102,E_003103,0.0,1.585,0.0038,1.1808,0
3103,E_003104,0.0,1.585,0.0001,1.2614,0
3104,E_003105,0.0,0.0,0.0006,8.6761,1
3105,E_003106,0.0,2.0,0.008,2.1782,0
3106,E_003107,0.0,1.585,0.0044,1.4517,0
3107,E_003108,0.0,2.0,0.0102,7.7701,1
3108,E_003109,0.0,2.0,0.0013,5.5545,1
3109,E_003110,0.0,2.0,0.0089,2.1544,0
3110,E_003111,0.0,2.0,0.001,2.6748,0
3111,E_003112,0.0,3.585,0.0003,2.8351,1
3112,E_003113,0.0,2.585,0.0061,1.6157,1
3113,E_003114,0.0,2.0,0.0049,1.257,0
3114,E_003115,0.0,2.0,0.0046,1.3451,0
3115,E_003116,0.0,2.0,0.0008,1.4003,0
3116,E_003117,0.0,2.0,0.0036,1.4983,0
3117,E_003118,0.0,2.0,0.0003,2.0446,0
3118,E_003119,61.18,0.0,0.0008,2.4276,1
3119,E_003120,0.0,0.0,0.0052,47.2669,1
3120,E_003121,0.0,2.0,0.0594,1.608,0
3121,E_003122,0.0,2.0,0.0597,1.5312,0
3122,E_003123,0.0,2.585,0.0593,1.779,1
3123,E_003124,0.0,2.0,0.0594,1.6368,0
3124,E_003125,0.0,1.585,0.0594,1.9758,0
3125,E_003126,0.0,2.0,0.0593,4.6613,1
3126,E_003127,0.0,2.0,0.0601,8.0557,1
3127,E_003128,0.0,2.0,0.0595,2.3256,0
3128,E_003129,0.0,2.0,0.0598,1.7477,0
3129,E_003130,0.0,2.0,0.0592,4.5289,1
3130,E_003131,0.0,2.0,0.0594,1.6102,0
3131,E_003132,0.0,2.0,0.0599,1.8463,0
3132,E_003133,0.0,1.585,0.0058,2.4154,0
3133,E_003134,0.0,1.585,0.0006,1.5858,0
3134,E_003135,0.0,1.585,0.0041,1.2077,0
3135,E_003136,0.0,1.585,0.0012,1.3765,0
3136,E_003137,0.0,2.585,0.0053,2.1113,1
3137,E_003138,0.0,2.585,0.0086,3.9893,1
3138,E_003139,0.0,1.585,0.0089,3.3845,1
3139,E_003140,0.0,1.585,0.0012,3.382,1
3140,E_003141,0.0,1.585,0.006,1.2622,0
3141,E_003142,0.0,1.585,0.0012,1.2379,0
3142,E_003143,0.0,0.0,0.0016,4.7798,1
3143,E_003144,0.0,2.585,0.0138,5.2729,1
3144,E_003145,0.0,2.0,0.0054,2.2191,0
3145,E_003146,0.0,1.585,0.005,1.4979,0
3146,E_003147,0.0,2.0,0.0112,1.8641,0
3147,E_003148,0.0,2.0,0.0012,2.5208,0
3148,E_003149,0.0,2.0,0.0069,1.5016,0
3149,E_003150,0.0,2.0,0.0002,1.4173,0
3150,E_003151,0.0,2.0,0.0034,2.1314,0
3151,E_003152,0.0,1.585,0.0087,1.7189,0
3152,E_003153,0.0,2.0,0.0053,1.3146,0
3153,E_003154,0.0,2.0,0.0015,1.2289,0
3154,E_003155,0.0,1.263,0.0017,1.4169,0
3155,E_003156,0.0,1.0,0.0019,1.0903,0
3156,E_003157,0.0,0.0,0.0022,32.0767,1
3157,E_003158,0.0,3.585,0.3058,4.4151,1
3158,E_003159,0.0,2.0,0.076,4.6221,1
3159,E_003160,0.0,2.0,0.0755,5.406,1
3160,E_003161,0.0,0.0,0.585,36.2956,1
3161,E_003162,0.0,0.0,0.0324,9.1121,1
3162,E_003163,0.0,3.585,0.0501,2.3099,1
3163,E_003164,0.0,2.585,0.0456,1.4869,1
3164,E_003165,0.0,0.0,0.0365,14.4414,1
3165,E_003166,0.0,2.585,0.0547,5.5902,1
3166,E_003167,0.0,2.0,0.0561,6.1023,1
3167,E_003168,0.0,2.585,0.6027,2.168,1
3168,E_003169,0.0,2.585,0.1115,2.1861,1
3169,E_003170,0.0,3.585,0.0666,4.2991,1
3170,E_003171,0.0,3.585,0.0315,2.9694,1
3171,E_003172,0.0,3.585,0.0306,3.8635,1
3172,E_003173,0.0,3.585,0.0314,4.2087,1
3173,E_003174,0.0,2.0,0.0447,3.7135,1
3174,E_003175,0.0,1.585,0.0457,1.3992,0
3175,E_003176,0.0,2.585,0.0416,2.2639,1
3176,E_003177,0.0,2.585,0.0419,2.1223,1
3177,E_003178,0.0,2.0,0.0327,6.9104,1
3178,E_003179,0.0,2.0,0.032,7.6774,1
3179,E_003180,0.0,0.0,0.0319,2.5823,0
3180,E_003181,0.0,2.0,0.0068,1.6629,0
3181,E_003182,0.0,2.0,0.0094,3.1982,1
3182,E_003183,0.0,1.585,0.0106,2.5566,0
3183,E_003184,0.0,1.263,0.0086,1.2859,0
3184,E_003185,0.0,2.585,0.0117,1.9325,1
3185,E_003186,0.0,2.585,0.0025,1.8486,1
3186,E_003187,0.0,2.0,0.0114,1.5259,0
3187,E_003188,0.0,2.0,0.0006,1.5348,0
3188,E_003189,0.0,3.585,0.0015,35.1104,1
3189,E_003190,0.0,1.585,0.0051,1.4488,0
3190,E_003191,0.0,1.263,0.004,1.0844,0
3191,E_003192,0.0,1.0,0.003,1.108,0
3192,E_003193,0.0,2.585,0.01,1.8394,1
3193,E_003194,0.0,2.585,0.0024,1.8953,1
3194,E_003195,0.0,2.0,0.005,2.3457,0
3195,E_003196,0.0,2.0,0.0003,2.6271,0
3196,E_003197,0.0,2.0,0.0056,2.0581,0
3197,E_003198,0.0,1.585,0.0039,1.2607,0
3198,E_003199,0.0,1.263,0.0072,3.7682,1
3199,E_003200,0.0,1.0,0.0023,1.0181,0
3200,E_003201,0.0,0.7776,0.0017,3.3097,1
3201,E_003202,0.0,0.585,0.0027,0.7539,0
3202,E_003203,0.0,2.585,0.0059,1.8864,1
3203,E_003204,0.0,2.585,0.0017,2.0842,1
3204,E_003205,0.0,2.0,0.0053,1.5919,0
3205,E_003206,0.0,2.0,0.0014,1.4776,0
3206,E_003207,0.0,0.0,0.0014,3.5287,1
3207,E_003208,0.0,1.0,0.0047,1.5373,0
3208,E_003209,0.0,0.7776,0.0,1.7758,0
3209,E_003210,0.0,0.7776,0.0042,1.2558,0
3210,E_003211,0.0,2.585,0.0102,5.5782,1
3211,E_003212,0.0,2.585,0.0008,4.834,1
3212,E_003213,0.0,2.0,0.0059,1.4479,0
3213,E_003214,0.0,2.0,0.0001,1.6992,0
3214,E_003215,0.0,2.0,0.0039,1.5791,0
3215,E_003216,0.0,2.0,0.0106,3.4522,1
3216,E_003217,0.0,2.0,0.001,3.7523,1
3217,E_003218,0.0,2.0,0.0063,1.3412,0
3218,E_003219,0.0,2.0,0.0011,1.5294,0
3219,E_003220,0.0,0.0,0.002,38.633,1
3220,E_003221,0.0,2.0,0.0846,1.4888,0
3221,E_003222,0.0,1.585,0.085,2.2067,0
3222,E_003223,0.0,1.585,0.0848,2.3205,0
3223,E_003224,0.0,1.585,0.0856,1.4968,0
3224,E_003225,0.0,1.585,0.0855,1.4258,0
3225,E_003226,0.0,0.0,0.0847,7.552,1
3226,E_003227,0.0,2.585,0.0845,3.0557,1
3227,E_003228,0.0,2.585,0.0846,1.5778,1
3228,E_003229,0.0,2.0,0.0853,3.2456,1
3229,E_003230,0.0,2.0,0.0858,2.8379,0
3230,E_003231,0.0,2.0,0.0854,1.7253,0
3231,E_003232,0.0,2.0,0.0857,1.7789,0
3232,E_003233,0.0,3.585,0.0049,2.9119,1
3233,E_003234,0.0,2.585,0.0065,3.9687,1
3234,E_003235,0.0,2.0,0.0056,1.7195,0
3235,E_003236,0.0,1.585,0.0053,1.3415,0
3236,E_003237,0.0,2.585,0.0038,3.8314,1
3237,E_003238,0.0,2.585,0.0011,2.6264,1
3238,E_003239,0.0,2.0,0.0052,1.4881,0
3239,E_003240,0.0,2.0,0.0006,1.5465,0
3240,E_003241,0.0,2.0,0.0071,2.3398,0
3241,E_003242,0.0,1.585,0.003,1.4142,0
3242,E_003243,0.0,1.263,0.0073,3.1635,1
3243,E_003244,0.0,2.585,0.0056,2.1779,1
3244,E_003245,0.0,2.585,0.0018,1.8838,1
3245,E_003246,0.0,2.0,0.0082,3.7007,1
3246,E_003247,0.0,2.0,0.0009,4.3551,1
3247,E_003248,0.0,1.585,0.005,1.1874,0
3248,E_003249,0.0,1.585,0.0064,1.4333,0
3249,E_003250,0.0,1.263,0.0011,2.0681,0
3250,E_003251,0.0,1.0,0.0024,1.2333,0
3251,E_003252,0.0,0.7776,0.0003,1.8232,0
3252,E_003253,0.0,2.585,0.0083,2.4267,1
3253,E_003254,0.0,2.585,0.0014,1.7288,1
3254,E_003255,0.0,2.0,0.0044,1.2477,0
3255,E_003256,0.0,2.0,0.0001,1.3168,0
3256,E_003257,0.0,2.0,0.0059,1.9533,0
3257,E_003258,0.0,2.0,0.0002,1.8902,0
3258,E_003259,0.0,1.263,0.0027,1.0541,0
3259,E_003260,0.0,2.0,0.0043,1.3483,0
3260,E_003261,0.0,2.0,0.0002,1.325,0
3261,E_003262,0.0,1.585,0.0032,1.3178,0
3262,E_003263,0.0,1.585,0.001,1.361,0
3263,E_003264,0.0,1.263,0.0025,1.2066,0
3264,E_003265,0.0,1.263,0.0016,2.325,0
3265,E_003266,0.0,3.585,0.006,9.566,1
3266,E_003267,0.0,2.585,0.0041,1.9357,1
3267,E_003268,0.0,2.0,0.0125,6.6957,1
3268,E_003269,0.0,1.585,0.0048,1.5208,0
3269,E_003270,0.0,2.0,0.01,2.7576,0
3270,E_003271,0.0,2.0,0.0013,1.9958,0
3271,E_003272,0.0,1.585,0.0073,1.2356,0
3272,E_003273,0.0,1.585,0.0008,1.2665,0
3273,E_003274,0.0,0.0,0.0011,53.8571,1
3274,E_003275,0.0,1.585,0.0398,1.8464,0
3275,E_003276,0.0,0.0,0.4212,63.0375,1
3276,E_003277,0.0,2.585,0.0113,1.6485,1
3277,E_003278,0.0,2.585,0.0095,1.7735,1
3278,E_003279,0.0,2.0,0.0125,2.3613,0
3279,E_003280,0.0,2.0,0.0096,3.285,1
3280,E_003281,0.0,2.585,0.0092,2.0716,1
3281,E_003282,0.0,2.585,0.0096,3.572,1
3282,E_003283,0.0,2.0,0.01,3.6931,1
3283,E_003284,0.0,2.0,0.0134,5.2689,1
3284,E_003285,0.0,2.0,0.0096,3.1687,1
3285,E_003286,0.0,2.0,0.0101,1.8859,0
3286,E_003287,0.0,2.0,0.0276,1.5488,0
3287,E_003288,0.0,2.0,0.0284,1.7284,0
3288,E_003289,0.0,1.585,0.0082,2.2023,0
3289,E_003290,0.0,1.263,0.0057,1.0807,0
3290,E_003291,0.0,0.0,0.0029,45.9741,1
3291,E_003292,0.0,2.585,0.0288,2.0495,1
3292,E_003293,0.0,2.585,0.0279,2.8634,1
3293,E_003294,0.0,2.0,0.0282,2.281,0
3294,E_003295,0.0,2.0,0.028,2.0258,0
3295,E_003296,0.0,2.0,0.029,1.2654,0
3296,E_003297,0.0,1.585,0.0301,2.1877,0
3297,E_003298,0.0,1.263,0.0335,5.0584,1
3298,E_003299,0.0,1.0,0.0308,1.0284,0
3299,E_003300,0.0,2.585,0.0274,1.4069,1
3300,E_003301,0.0,2.585,0.0275,1.5203,1
3301,E_003302,0.0,2.0,0.0294,3.4271,1
3302,E_003303,0.0,2.0,0.0279,2.3866,0
3303,E_003304,0.0,1.585,0.0095,1.2333,0
3304,E_003305,0.0,1.263,0.0018,1.2079,0
3305,E_003306,0.0,2.0,0.0222,5.66,1
3306,E_003307,0.0,2.0,0.0019,4.5901,1
3307,E_003308,0.0,2.0,0.009,1.3134,0
3308,E_003309,0.0,2.0,0.0009,1.1726,0
3309,E_003310,0.0,1.585,0.0179,1.9549,0
3310,E_003311,0.0,1.585,0.0053,1.2158,0
3311,E_003312,0.0,1.585,0.0144,1.5517,0
3312,E_003313,0.0,1.585,0.0019,2.3015,0
3313,E_003314,0.0,1.585,0.0175,1.7005,0
3314,E_003315,0.0,1.585,0.0024,2.3872,0
3315,E_003316,0.0,1.585,0.018,1.5821,0
3316,E_003317,0.0,1.585,0.0052,2.568,0
3317,E_003318,0.0,2.585,0.0142,1.7012,1
3318,E_003319,0.0,2.0,0.0126,1.6124,0
3319,E_003320,0.0,0.0,0.0019,30.2354,1
3320,E_003321,0.0,1.585,0.0452,2.0551,0
3321,E_003322,0.0,1.263,0.0429,1.2856,0
3322,E_003323,0.0,1.263,0.0419,1.6972,0
3323,E_003324,0.0,2.0,0.0424,1.7406,0
3324,E_003325,0.0,2.0,0.0404,1.6145,0
3325,E_003326,0.0,2.0,0.0417,1.8684,0
3326,E_003327,0.0,2.0,0.0404,2.0252,0
3327,E_003328,0.0,2.0,0.0416,1.4415,0
3328,E_003329,0.0,2.0,0.0404,1.6411,0
3329,E_003330,0.0,0.0,0.5677,91.7919,1
3330,E_003331,0.0,1.585,0.0087,1.5821,0
3331,E_003332,0.0,3.585,0.7617,3.336,1
3332,E_003333,0.0,2.0,0.0073,1.7021,0
3333,E_003334,0.0,2.0,0.0043,2.0299,0
3334,E_003335,0.0,1.585,0.0049,2.1366,0
3335,E_003336,0.0,1.585,0.0043,2.1653,0
3336,E_003337,0.0,3.585,0.0062,3.4141,1
3337,E_003338,0.0,1.585,0.0065,1.9366,0
3338,E_003339,0.0,1.585,0.0042,1.3313,0
3339,E_003340,0.0,1.585,0.007,2.5966,0
3340,E_003341,0.0,1.585,0.0044,3.7641,1
3341,E_003342,0.0,2.585,0.0076,2.961,1
3342,E_003343,0.0,1.585,0.0459,3.5333,1
3343,E_003344,0.0,1.585,0.0446,3.1361,1
3344,E_003345,0.0,1.263,0.0015,2.1973,0
3345,E_003346,0.0,1.263,0.0018,1.7936,0
3346,E_003347,0.0,1.263,0.0033,1.1378,0
3347,E_003348,0.0,1.263,0.0018,1.0636,0
3348,E_003349,0.0,2.585,0.0071,1.8206,1
3349,E_003350,0.0,2.585,0.0085,2.4426,1
3350,E_003351,0.0,2.0,0.0058,1.361,0
3351,E_003352,0.0,1.585,0.0026,2.0179,0
3352,E_003353,0.0,1.585,0.0003,1.6937,0
3353,E_003354,0.0,1.585,0.0055,1.2421,0
3354,E_003355,0.0,1.585,0.0007,1.1589,0
3355,E_003356,0.0,2.0,0.0044,1.6996,0
3356,E_003357,0.0,1.585,0.0059,2.349,0
3357,E_003358,0.0,2.0,0.0101,6.4007,1
3358,E_003359,0.0,2.0,0.0007,4.4385,1
3359,E_003360,0.0,2.0,0.0083,1.7765,0
3360,E_003361,0.0,2.0,0.0006,2.5912,0
3361,E_003362,0.0,1.585,0.0039,1.4384,0
3362,E_003363,0.0,1.585,0.0009,1.2534,0
3363,E_003364,0.0,2.585,0.0098,3.0457,1
3364,E_003365,0.0,1.585,0.0095,2.0068,0
3365,E_003366,0.0,1.585,0.0013,1.8202,0
3366,E_003367,0.0,1.585,0.0073,1.2467,0
3367,E_003368,0.0,1.585,0.0014,1.2379,0
3368,E_003369,0.0,1.263,0.0037,1.4501,0
3369,E_003370,0.0,1.263,0.0028,1.2529,0
3370,E_003371,0.0,1.263,0.0016,1.6224,0
3371,E_003372,0.0,1.263,0.002,1.9386,0
3372,E_003373,0.0,3.585,0.0066,2.2875,1
3373,E_003374,0.0,2.585,0.0064,1.6458,1
3374,E_003375,0.0,1.585,0.0081,2.1092,0
3375,E_003376,0.0,1.585,0.0011,2.2618,0
3376,E_003377,0.0,1.263,0.0089,3.1322,1
3377,E_003378,0.0,1.263,0.002,3.4399,1
3378,E_003379,0.0,1.263,0.0078,1.8298,0
3379,E_003380,0.0,1.263,0.0024,1.2627,0
3380,E_003381,0.0,0.0,0.0023,26.9234,1
3381,E_003382,0.0,1.585,0.0517,1.2629,0
3382,E_003383,0.0,1.585,0.0513,1.3856,0
3383,E_003384,0.0,1.585,0.0512,2.202,0
3384,E_003385,0.0,1.585,0.0512,2.019,0
3385,E_003386,0.0,3.585,0.0505,3.0898,1
3386,E_003387,0.0,3.585,0.0504,3.3006,1
3387,E_003388,0.0,1.585,0.0516,1.2586,0
3388,E_003389,0.0,1.585,0.0514,1.1812,0
3389,E_003390,0.0,1.585,0.0514,1.1592,0
3390,E_003391,0.0,1.585,0.0516,1.2531,0
3391,E_003392,0.0,1.585,0.0513,1.6668,0
3392,E_003393,0.0,1.585,0.0515,1.741,0
3393,E_003394,0.0,0.0,0.0004,9.7703,1
3394,E_003395,0.0,0.0,0.0015,37.5155,1
3395,E_003396,0.0,3.585,0.0319,2.5007,1
3396,E_003397,0.0,2.585,0.0143,2.7356,1
3397,E_003398,0.0,0.0,0.0088,7.7744,1
