Timestamp,Src,Tgt,Transaction_Amount,Asset_Type,Price,Memo,Transaction_ID
2020-01-01T14:48:41,USR_004,USR_005,737803.08,STK_005,3903.72,Normal,M_000001
2020-01-02T12:10:17,USR_004,USR_010,1218236.50,STK_001,3604.25,Normal,M_000005
2020-01-03T14:39:51,USR_004,USR_008,279453.24,STK_003,2117.07,Normal,M_000009
2020-01-03T15:30:00,USR_003,USR_004,5080228.88,STK_003,2160.88,MM_Balance,M_000010
2020-01-04T12:30:27,USR_007,USR_003,168223.00,STK_001,3823.25,Normal,M_000012
2020-01-04T14:32:30,USR_003,USR_008,196961.07,STK_002,1076.29,Normal,M_000011
2020-01-04T15:34:00,USR_004,USR_003,3110494.66,STK_003,2163.07,MM_Balance,M_000013
2020-01-06T13:38:29,USR_009,USR_004,561382.00,STK_001,3871.60,Normal,M_000020
2020-01-10T13:24:43,USR_004,USR_009,1167329.24,STK_001,3790.03,Normal,M_000037
2020-01-12T10:07:54,USR_004,USR_009,201939.22,STK_002,1134.49,Normal,M_000041
2020-01-13T12:11:28,USR_005,USR_004,456996.06,STK_003,2086.74,Normal,M_000048
2020-01-13T12:30:19,USR_009,USR_003,718694.76,STK_005,3666.81,Normal,M_000047
2020-01-15T14:12:52,USR_004,USR_010,187136.74,STK_001,4068.19,Normal,M_000057
2020-01-15T14:55:11,USR_008,USR_004,216635.40,STK_002,1183.80,Normal,M_000058
2020-01-19T11:52:04,USR_003,USR_005,438728.70,STK_004,1783.45,Normal,M_000059
2020-01-20T10:29:02,USR_005,USR_003,321761.40,STK_005,3459.80,Normal,M_000067
2020-01-21T14:14:56,USR_004,USR_006,169828.56,STK_003,1929.87,Normal,M_000068
2020-01-23T14:47:36,USR_004,USR_007,155032.64,STK_002,1156.96,Normal,M_000069
2020-01-25T10:38:57,USR_003,USR_006,1273697.37,STK_001,4347.09,Normal,M_000070
2020-01-25T11:10:41,USR_004,USR_001,3843519.12,STK_003,1983.24,Normal,M_000071
2020-01-25T15:55:00,USR_003,USR_004,4936675.00,STK_003,2735.00,MM_Balance,M_000072
2020-01-26T15:36:00,USR_004,USR_003,4475965.00,STK_003,2754.44,MM_Balance,M_000073
2020-01-26T15:47:00,USR_003,USR_004,4475965.00,STK_003,2754.44,MM_Balance,M_000074
2020-01-27T09:47:49,USR_006,USR_004,581449.50,STK_004,1851.75,Normal,M_000075
2020-01-27T15:07:00,USR_004,USR_003,4910556.65,STK_003,2720.53,MM_Balance,M_000076
2020-01-27T15:09:00,USR_003,USR_004,4910556.65,STK_003,2720.53,MM_Balance,M_000077
2020-01-28T14:49:40,USR_004,USR_008,474726.90,STK_005,3440.05,Normal,M_000082
2020-01-28T15:05:00,USR_004,USR_003,4845035.15,STK_003,2684.23,MM_Balance,M_000083
2020-01-28T15:26:00,USR_003,USR_004,4595401.76,STK_003,2684.23,MM_Balance,M_000084
2020-01-29T15:03:00,USR_003,USR_004,4950663.75,STK_003,2742.75,MM_Balance,M_000086
2020-01-29T15:55:00,USR_004,USR_003,4695588.00,STK_003,2742.75,MM_Balance,M_000085
2020-01-30T09:37:28,USR_003,USR_005,335777.26,STK_005,3689.86,Normal,M_000087
2020-01-30T15:07:00,USR_004,USR_003,4871153.50,STK_003,2698.70,MM_Balance,M_000088
2020-01-30T15:59:00,USR_003,USR_004,4871153.50,STK_003,2698.70,MM_Balance,M_000089
2020-01-31T15:12:00,USR_003,USR_004,4760452.85,STK_003,2637.37,MM_Balance,M_000097
2020-01-31T15:59:00,USR_004,USR_003,4760452.85,STK_003,2637.37,MM_Balance,M_000096
2020-02-01T10:13:51,USR_005,USR_004,596452.50,STK_003,2650.90,Normal,M_000099
2020-02-01T13:30:27,USR_010,USR_004,227693.48,STK_005,3732.68,Normal,M_000098
2020-02-01T15:20:00,USR_004,USR_003,5126237.20,STK_003,2525.24,MM_Balance,M_000100
2020-02-01T15:34:00,USR_003,USR_004,5126237.20,STK_003,2525.24,MM_Balance,M_000101
2020-02-02T10:49:30,USR_004,USR_006,909402.49,STK_001,4711.93,Normal,M_000102
2020-02-02T15:39:00,USR_004,USR_003,2979427.86,STK_003,2566.26,MM_Balance,M_000103
2020-02-02T15:43:00,USR_003,USR_004,2979427.86,STK_003,2566.26,MM_Balance,M_000104
2020-02-03T09:56:47,USR_007,USR_004,24614.10,STK_004,1758.15,Normal,M_000111
2020-02-03T15:51:00,USR_003,USR_004,5510577.10,STK_003,2714.57,MM_Balance,M_000113
2020-02-03T15:57:00,USR_004,USR_003,5510577.10,STK_003,2714.57,MM_Balance,M_000112
2020-02-04T11:58:50,USR_004,USR_009,344177.23,STK_002,1224.83,Normal,M_000118
2020-02-04T15:07:00,USR_003,USR_004,5446693.00,STK_003,2683.10,MM_Balance,M_000120
2020-02-04T15:55:00,USR_004,USR_003,5446693.00,STK_003,2683.10,MM_Balance,M_000119
2020-02-05T11:53:10,USR_003,USR_007,882605.46,STK_005,3647.13,Normal,M_000121
2020-02-05T14:36:36,USR_010,USR_004,27701.08,STK_002,1259.14,Normal,M_000122
2020-02-05T15:26:00,USR_003,USR_004,5502761.60,STK_003,2710.72,MM_Balance,M_000124
2020-02-05T15:44:00,USR_004,USR_003,5502761.60,STK_003,2710.72,MM_Balance,M_000123
2020-02-06T15:43:00,USR_004,USR_003,3225267.06,STK_003,2681.02,MM_Balance,M_000131
2020-02-06T15:57:00,USR_003,USR_004,3225267.06,STK_003,2681.02,MM_Balance,M_000132
2020-02-07T11:05:17,USR_003,USR_010,374937.42,STK_002,1310.97,Normal,M_000135
2020-02-07T11:22:04,USR_008,USR_003,202882.84,STK_003,2741.66,Normal,M_000133
2020-02-07T11:37:14,USR_003,USR_007,295595.30,STK_005,3838.90,Normal,M_000134
2020-02-07T15:22:00,USR_004,USR_003,2746453.80,STK_003,2666.46,MM_Balance,M_000136
2020-02-08T09:47:00,USR_005,USR_004,936750.16,STK_005,3839.14,Normal,M_000137
2020-02-09T14:19:45,USR_010,USR_004,566238.70,STK_003,2762.14,Normal,M_000138
2020-02-10T12:53:30,USR_003,USR_010,691260.57,STK_001,4833.99,Normal,M_000139
2020-02-11T14:43:32,USR_008,USR_004,251561.92,STK_005,3699.44,Normal,M_000140
2020-02-12T09:46:44,USR_004,USR_010,1380.76,STK_002,1380.76,Normal,M_000141
2020-02-12T09:58:43,USR_008,USR_004,146879.78,STK_003,2532.41,Normal,M_000143
2020-02-12T12:36:10,USR_003,USR_005,764481.12,STK_005,3784.56,Normal,M_000142
2020-02-12T13:21:34,USR_007,USR_003,199723.65,STK_005,3916.15,Normal,M_000144
2020-02-14T13:41:16,USR_010,USR_004,494242.16,STK_001,5095.28,Normal,M_000151
2020-02-16T13:35:09,USR_010,USR_004,472669.72,STK_004,1586.14,Normal,M_000152
2020-02-17T12:06:46,USR_004,USR_009,42867.51,STK_004,1478.19,Normal,M_000153
2020-02-18T13:29:58,USR_009,USR_003,200493.92,STK_002,1474.22,Normal,M_000154
2020-02-19T12:29:23,USR_004,USR_005,929731.37,STK_001,5194.03,Normal,M_000157
2020-02-19T13:04:03,USR_007,USR_004,361328.10,STK_003,2474.85,Normal,M_000156
2020-02-19T14:59:09,USR_004,USR_010,781037.25,STK_001,5038.95,Normal,M_000155
2020-02-21T13:35:10,USR_010,USR_003,580510.17,STK_003,2449.41,Normal,M_000158
2020-02-22T12:40:55,USR_007,USR_003,187747.20,STK_004,1526.40,Normal,M_000160
2020-02-22T14:10:21,USR_003,USR_009,792131.68,STK_001,5316.32,Normal,M_000159
2020-02-23T13:48:01,USR_003,USR_010,183728.80,STK_003,2296.61,Normal,M_000161
2020-02-24T12:53:52,USR_003,USR_002,2649500.28,STK_004,1489.32,Normal,M_000167
2020-02-24T15:01:00,USR_004,USR_003,5080062.90,STK_004,2007.93,MM_Balance,M_000168
2020-02-25T13:28:38,USR_010,USR_004,167913.87,STK_003,2300.19,Normal,M_000177
2020-02-26T10:26:01,USR_003,USR_008,715538.25,STK_005,3953.25,Normal,M_000178
2020-02-27T12:59:05,USR_003,USR_010,817113.85,STK_001,5411.35,Normal,M_000179
2020-02-28T13:33:05,USR_007,USR_004,561892.80,STK_001,5733.60,Normal,M_000180
2020-02-29T12:51:28,USR_008,USR_003,413342.22,STK_004,2130.63,Normal,M_000181
2020-03-02T14:53:12,USR_010,USR_003,621834.99,STK_003,2328.97,Normal,M_000185
2020-03-05T13:18:21,USR_010,USR_004,1153321.90,STK_001,5598.65,Normal,M_000186
2020-03-07T09:51:15,USR_004,USR_008,357111.80,STK_005,3881.65,Normal,M_000189
2020-03-07T10:34:53,USR_004,USR_010,1062950.25,STK_005,3652.75,Normal,M_000187
2020-03-07T12:35:11,USR_005,USR_004,1123069.41,STK_001,5587.41,Normal,M_000188
2020-03-07T14:11:32,USR_004,USR_007,616145.75,STK_003,2240.53,Normal,M_000190
2020-03-08T09:44:33,USR_002,USR_003,28558980.16,STK_003,2415.34,Normal,M_000191
2020-03-08T15:30:00,USR_003,USR_004,2195.00,STK_003,1.00,MM_Balance,M_000192
2020-03-09T15:08:00,USR_003,USR_004,2445.00,STK_003,1.00,MM_Balance,M_000193
2020-03-13T09:50:22,USR_008,USR_003,1034744.22,STK_005,3656.34,Normal,M_000195
2020-03-13T12:06:52,USR_004,USR_009,334681.92,STK_004,2118.24,Normal,M_000194
2020-03-14T10:31:31,USR_004,USR_005,521756.28,STK_005,3501.72,Normal,M_000199
2020-03-15T11:45:28,USR_003,USR_005,456573.51,STK_001,5636.71,Normal,M_000200
2020-03-15T12:30:01,USR_009,USR_003,527779.28,STK_004,2217.56,Normal,M_000201
2020-03-15T13:44:10,USR_010,USR_003,41.00,STK_003,1.00,Normal,M_000202
2020-03-16T14:29:57,USR_004,USR_009,460092.80,STK_002,1437.79,Normal,M_000203
2020-03-17T14:35:10,USR_007,USR_004,371022.12,STK_002,1526.84,Normal,M_000205
2020-03-17T14:48:28,USR_006,USR_004,69.69,STK_003,1.01,Normal,M_000204
2020-03-18T11:08:17,USR_009,USR_004,149417.32,STK_001,5746.82,Normal,M_000206
2020-03-19T11:31:37,USR_004,USR_010,710758.00,STK_005,3553.79,Normal,M_000207
2020-03-20T10:00:49,USR_003,USR_010,30421.95,STK_004,2028.13,Normal,M_000212
2020-03-21T11:33:04,USR_009,USR_003,588302.70,STK_004,2064.22,Normal,M_000217
2020-03-23T13:51:33,USR_002,USR_003,25294002.36,STK_002,1467.51,Normal,M_000218
2020-03-23T15:20:00,USR_003,USR_004,2130.00,STK_002,1.00,MM_Balance,M_000219
2020-03-24T14:48:57,USR_003,USR_005,18.00,STK_002,1.00,Normal,M_000220
2020-03-24T15:09:00,USR_003,USR_004,1604.00,STK_002,1.00,MM_Balance,M_000221
2020-03-25T14:26:04,USR_008,USR_004,205269.00,STK_005,3421.15,Normal,M_000222
2020-03-25T15:00:00,USR_004,USR_003,2616.30,STK_002,1.02,MM_Balance,M_000224
2020-03-25T15:52:00,USR_003,USR_004,2993.70,STK_002,1.02,MM_Balance,M_000223
2020-03-26T11:33:20,USR_004,USR_007,567322.60,STK_004,1897.40,Normal,M_000234
2020-03-26T14:17:30,USR_003,USR_010,64842.36,STK_001,5403.53,Normal,M_000233
2020-03-26T15:25:00,USR_004,USR_003,1202.91,STK_002,1.01,MM_Balance,M_000236
2020-03-26T15:54:00,USR_003,USR_004,2361.38,STK_002,1.01,MM_Balance,M_000235
2020-03-27T15:13:00,USR_004,USR_003,1042.32,STK_002,1.01,MM_Balance,M_000241
2020-03-27T15:59:00,USR_003,USR_004,1380.67,STK_002,1.01,MM_Balance,M_000240
2020-03-28T15:06:00,USR_003,USR_004,1120.09,STK_002,1.01,MM_Balance,M_000242
2020-03-28T15:53:00,USR_004,USR_003,1489.75,STK_002,1.01,MM_Balance,M_000243
2020-03-29T15:04:00,USR_003,USR_004,2484.60,STK_002,1.01,MM_Balance,M_000244
2020-03-29T15:09:00,USR_004,USR_003,1563.48,STK_002,1.01,MM_Balance,M_000245
2020-03-30T11:56:35,USR_010,USR_003,214660.53,STK_004,2650.13,Normal,M_000254
2020-03-30T12:27:10,USR_009,USR_003,238006.20,STK_005,3352.20,Normal,M_000252
2020-03-30T14:35:34,USR_004,USR_001,3408804.06,STK_004,1984.17,Normal,M_000253
2020-03-30T15:04:00,USR_003,USR_004,6776128.40,STK_004,2604.20,MM_Balance,M_000257
2020-03-30T15:19:00,USR_004,USR_003,1917.86,STK_002,1.03,MM_Balance,M_000256
2020-03-30T15:27:00,USR_003,USR_004,1382.26,STK_002,1.03,MM_Balance,M_000255
2020-03-31T15:20:00,USR_003,USR_004,1695.75,STK_002,1.05,MM_Balance,M_000258
2020-03-31T15:20:00,USR_004,USR_003,5126788.38,STK_004,2587.98,MM_Balance,M_000259
2020-03-31T15:25:00,USR_004,USR_003,3123.75,STK_002,1.05,MM_Balance,M_000260
2020-03-31T15:47:00,USR_003,USR_004,4130416.08,STK_004,2587.98,MM_Balance,M_000261
2020-04-01T11:42:10,USR_006,USR_004,208459.98,STK_004,2573.58,Normal,M_000262
2020-04-01T15:09:00,USR_003,USR_004,2465.40,STK_002,1.05,MM_Balance,M_000263
2020-04-01T15:24:00,USR_004,USR_003,2746.80,STK_002,1.05,MM_Balance,M_000264
2020-04-02T09:54:11,USR_005,USR_004,18.36,STK_002,1.02,Normal,M_000265
2020-04-02T14:13:19,USR_009,USR_004,682948.89,STK_001,5552.43,Normal,M_000266
2020-04-02T15:23:00,USR_003,USR_004,1988.48,STK_002,1.04,MM_Balance,M_000267
2020-04-02T15:49:00,USR_004,USR_003,2025.92,STK_002,1.04,MM_Balance,M_000268
2020-04-03T14:35:45,USR_003,USR_005,292.00,STK_002,1.00,Normal,M_000272
2020-04-03T15:25:00,USR_004,USR_003,2922.63,STK_002,1.11,MM_Balance,M_000274
2020-04-03T15:29:00,USR_003,USR_004,3287.82,STK_002,1.11,MM_Balance,M_000273
2020-04-04T13:39:53,USR_003,USR_008,1096961.01,STK_001,5568.33,Normal,M_000275
2020-04-04T15:24:00,USR_004,USR_003,2421.98,STK_002,1.09,MM_Balance,M_000277
2020-04-04T15:40:00,USR_003,USR_004,2267.20,STK_002,1.09,MM_Balance,M_000276
2020-04-05T14:55:43,USR_003,USR_009,271.00,STK_003,1.00,Normal,M_000278
2020-04-05T15:08:00,USR_004,USR_003,1750.10,STK_002,1.10,MM_Balance,M_000280
2020-04-05T15:10:00,USR_003,USR_004,2349.60,STK_002,1.10,MM_Balance,M_000279
2020-04-06T15:14:00,USR_003,USR_004,1733.82,STK_002,1.11,MM_Balance,M_000281
2020-04-06T15:49:00,USR_004,USR_003,1491.84,STK_002,1.11,MM_Balance,M_000282
2020-04-07T15:16:00,USR_003,USR_004,2170.73,STK_002,1.13,MM_Balance,M_000283
2020-04-07T15:52:00,USR_004,USR_003,3124.45,STK_002,1.13,MM_Balance,M_000284
2020-04-08T14:10:56,USR_004,USR_008,315.12,STK_003,1.04,Normal,M_000289
2020-04-08T15:03:00,USR_003,USR_004,3313.15,STK_002,1.15,MM_Balance,M_000290
2020-04-08T15:41:00,USR_004,USR_003,3191.25,STK_002,1.15,MM_Balance,M_000291
2020-04-09T15:27:00,USR_003,USR_004,1677.36,STK_002,1.16,MM_Balance,M_000300
2020-04-10T13:23:38,USR_004,USR_005,279.45,STK_002,1.15,Normal,M_000301
2020-04-10T15:41:00,USR_003,USR_004,3507.50,STK_002,1.25,MM_Balance,M_000302
2020-04-10T15:55:00,USR_004,USR_003,1656.25,STK_002,1.25,MM_Balance,M_000303
2020-04-11T10:42:28,USR_003,USR_009,668106.46,STK_001,5614.34,Normal,M_000304
2020-04-11T13:50:53,USR_007,USR_003,244.08,STK_003,1.08,Normal,M_000305
2020-04-11T15:24:00,USR_003,USR_004,1835.00,STK_002,1.25,MM_Balance,M_000306
2020-04-11T15:51:00,USR_004,USR_003,3120.00,STK_002,1.25,MM_Balance,M_000307
2020-04-12T12:21:45,USR_006,USR_004,1058413.23,STK_001,5600.07,Normal,M_000309
2020-04-12T13:14:50,USR_009,USR_003,279.13,STK_003,1.03,Normal,M_000308
2020-04-12T15:35:00,USR_004,USR_003,1960.40,STK_002,1.30,MM_Balance,M_000311
2020-04-12T15:41:00,USR_003,USR_004,2037.10,STK_002,1.30,MM_Balance,M_000310
2020-04-13T10:03:01,USR_003,USR_010,194528.88,STK_001,5403.58,Normal,M_000321
2020-04-13T11:04:21,USR_005,USR_004,680975.81,STK_005,3456.73,Normal,M_000320
2020-04-13T15:18:00,USR_003,USR_004,2627.73,STK_002,1.29,MM_Balance,M_000322
2020-04-13T15:44:00,USR_004,USR_003,2408.43,STK_002,1.29,MM_Balance,M_000323
2020-04-14T10:06:06,USR_006,USR_004,246.00,STK_003,1.00,Normal,M_000324
2020-04-14T15:39:00,USR_003,USR_004,2544.96,STK_002,1.32,MM_Balance,M_000325
2020-04-14T15:42:00,USR_004,USR_003,2155.56,STK_002,1.32,MM_Balance,M_000326
2020-04-15T10:32:59,USR_009,USR_004,77.50,STK_002,1.25,Normal,M_000335
2020-04-15T15:02:00,USR_003,USR_004,1920.00,STK_002,1.28,MM_Balance,M_000336
2020-04-15T15:24:00,USR_004,USR_003,2233.60,STK_002,1.28,MM_Balance,M_000337
2020-04-16T15:25:00,USR_003,USR_004,3750.31,STK_002,1.27,MM_Balance,M_000338
2020-04-16T15:29:00,USR_004,USR_003,3550.92,STK_002,1.27,MM_Balance,M_000339
2020-04-17T15:00:00,USR_003,USR_004,1648.08,STK_002,1.26,MM_Balance,M_000340
2020-04-17T15:14:00,USR_004,USR_003,1320.48,STK_002,1.26,MM_Balance,M_000341
2020-04-18T11:36:24,USR_004,USR_009,67.83,STK_002,1.19,Normal,M_000342
2020-04-18T15:06:00,USR_003,USR_004,2736.25,STK_002,1.25,MM_Balance,M_000343
2020-04-18T15:52:00,USR_004,USR_003,2881.25,STK_002,1.25,MM_Balance,M_000344
2020-04-19T15:05:00,USR_003,USR_004,1628.75,STK_002,1.25,MM_Balance,M_000352
2020-04-19T15:22:00,USR_004,USR_003,3728.75,STK_002,1.25,MM_Balance,M_000353
2020-04-20T10:15:53,USR_008,USR_004,656431.20,STK_004,2352.80,Normal,M_000358
2020-04-20T10:40:20,USR_003,USR_009,854419.92,STK_001,5241.84,Normal,M_000359
2020-04-20T15:29:00,USR_003,USR_004,1337.01,STK_002,1.23,MM_Balance,M_000360
2020-04-21T13:15:00,USR_010,USR_003,1174284.65,STK_005,3443.65,Normal,M_000361
2020-04-21T15:50:00,USR_004,USR_003,2193.09,STK_002,1.23,MM_Balance,M_000363
2020-04-21T15:51:00,USR_003,USR_004,2817.93,STK_002,1.23,MM_Balance,M_000362
2020-04-22T12:03:25,USR_010,USR_003,80981.00,STK_005,3239.24,Normal,M_000364
2020-04-22T15:14:00,USR_003,USR_004,3179.36,STK_002,1.24,MM_Balance,M_000365
2020-04-22T15:59:00,USR_004,USR_003,2140.24,STK_002,1.24,MM_Balance,M_000366
2020-04-23T11:06:55,USR_003,USR_008,239970.76,STK_005,3157.51,Normal,M_000374
2020-04-23T12:49:16,USR_005,USR_003,213387.24,STK_005,3233.14,Normal,M_000375
2020-04-23T15:06:00,USR_003,USR_004,2706.00,STK_002,1.23,MM_Balance,M_000376
2020-04-23T15:20:00,USR_004,USR_003,1990.14,STK_002,1.23,MM_Balance,M_000377
2020-04-24T14:58:59,USR_004,USR_009,16087.98,STK_001,5362.66,Normal,M_000378
2020-04-24T15:31:00,USR_003,USR_004,3589.14,STK_002,1.23,MM_Balance,M_000379
2020-04-24T15:47:00,USR_004,USR_003,2063.94,STK_002,1.23,MM_Balance,M_000380
2020-04-25T15:53:00,USR_003,USR_004,1472.54,STK_002,1.22,MM_Balance,M_000381
2020-04-25T15:55:00,USR_004,USR_003,3190.30,STK_002,1.22,MM_Balance,M_000382
2020-04-26T15:18:00,USR_004,USR_003,2822.40,STK_002,1.20,MM_Balance,M_000390
2020-04-26T15:35:00,USR_003,USR_004,2912.40,STK_002,1.20,MM_Balance,M_000389
2020-04-27T10:33:04,USR_004,USR_005,57.63,STK_002,1.13,Normal,M_000391
2020-04-27T15:23:00,USR_004,USR_003,1639.82,STK_002,1.19,MM_Balance,M_000393
2020-04-27T15:41:00,USR_003,USR_004,1411.34,STK_002,1.19,MM_Balance,M_000392
2020-04-28T13:16:05,USR_010,USR_003,1012706.76,STK_001,5444.66,Normal,M_000394
2020-04-28T15:19:00,USR_004,USR_003,2330.50,STK_002,1.18,MM_Balance,M_000396
2020-04-28T15:56:00,USR_003,USR_004,2562.96,STK_002,1.18,MM_Balance,M_000395
2020-04-29T10:50:45,USR_003,USR_008,506424.96,STK_004,2344.56,Normal,M_000397
2020-04-29T12:00:50,USR_004,USR_006,706251.64,STK_004,2418.67,Normal,M_000398
2020-04-29T15:26:00,USR_004,USR_003,3147360.90,STK_004,2558.83,MM_Balance,M_000400
2020-04-29T15:36:00,USR_004,USR_003,1537.54,STK_002,1.18,MM_Balance,M_000401
2020-04-29T15:44:00,USR_003,USR_004,3079.80,STK_002,1.18,MM_Balance,M_000399
2020-04-30T15:17:00,USR_004,USR_003,3462.00,STK_002,1.20,MM_Balance,M_000403
2020-04-30T15:47:00,USR_003,USR_004,1320.00,STK_002,1.20,MM_Balance,M_000402
2020-05-01T14:12:04,USR_005,USR_003,537134.56,STK_004,2463.92,Normal,M_000404
2020-05-01T15:19:00,USR_004,USR_003,1372.14,STK_002,1.21,MM_Balance,M_000406
2020-05-01T15:50:00,USR_003,USR_004,2486.55,STK_002,1.21,MM_Balance,M_000405
2020-05-02T15:23:00,USR_003,USR_004,1838.85,STK_002,1.23,MM_Balance,M_000407
2020-05-02T15:28:00,USR_004,USR_003,2725.68,STK_002,1.23,MM_Balance,M_000408
2020-05-03T11:04:35,USR_004,USR_002,21307925.34,STK_001,5100.03,Normal,M_000409
2020-05-03T12:00:00.050000,USR_003,USR_004,5350.00,STK_003,1.07,Wash_Trade,M_000414
2020-05-03T12:00:00.100000,USR_004,USR_003,5350.00,STK_003,1.07,Wash_Trade,M_000415
2020-05-03T12:00:00.150000,USR_003,USR_004,5350.00,STK_003,1.07,Wash_Trade,M_000416
2020-05-03T12:00:00.200000,USR_004,USR_003,5350.00,STK_003,1.07,Wash_Trade,M_000417
2020-05-03T12:00:00.250000,USR_003,USR_004,5350.00,STK_003,1.07,Wash_Trade,M_000418
2020-05-03T12:00:00.300000,USR_004,USR_003,5350.00,STK_003,1.07,Wash_Trade,M_000419
2020-05-03T12:00:00.350000,USR_003,USR_004,5350.00,STK_003,1.07,Wash_Trade,M_000420
2020-05-03T12:00:00.400000,USR_004,USR_003,5350.00,STK_003,1.07,Wash_Trade,M_000421
2020-05-03T12:00:00.450000,USR_003,USR_004,5350.00,STK_003,1.07,Wash_Trade,M_000422
2020-05-03T12:00:00.500000,USR_004,USR_003,5350.00,STK_003,1.07,Wash_Trade,M_000423
2020-05-03T12:00:00.550000,USR_003,USR_004,5350.00,STK_003,1.07,Wash_Trade,M_000424
2020-05-03T12:00:00.600000,USR_004,USR_003,5350.00,STK_003,1.07,Wash_Trade,M_000425
2020-05-03T12:00:00.650000,USR_003,USR_004,5350.00,STK_003,1.07,Wash_Trade,M_000426
2020-05-03T12:00:00.700000,USR_004,USR_003,5350.00,STK_003,1.07,Wash_Trade,M_000427
2020-05-03T12:00:00.750000,USR_003,USR_004,5350.00,STK_003,1.07,Wash_Trade,M_000428
2020-05-03T12:00:00.800000,USR_004,USR_003,5350.00,STK_003,1.07,Wash_Trade,M_000429
2020-05-03T12:00:00.850000,USR_003,USR_004,5350.00,STK_003,1.07,Wash_Trade,M_000430
2020-05-03T12:00:00.900000,USR_004,USR_003,5350.00,STK_003,1.07,Wash_Trade,M_000431
2020-05-03T12:00:00.950000,USR_003,USR_004,5350.00,STK_003,1.07,Wash_Trade,M_000432
2020-05-03T12:00:01,USR_004,USR_003,5350.00,STK_003,1.07,Wash_Trade,M_000433
2020-05-03T12:55:36,USR_008,USR_004,339.36,STK_003,1.12,Normal,M_000410
2020-05-03T15:06:00,USR_004,USR_003,2724.28,STK_002,1.24,MM_Balance,M_000413
2020-05-03T15:16:00,USR_003,USR_004,2405.60,STK_002,1.24,MM_Balance,M_000411
2020-05-03T15:19:00,USR_003,USR_004,18352406.10,STK_001,9387.42,MM_Balance,M_000412
2020-05-04T10:46:25,USR_004,USR_007,452147.70,STK_005,3118.26,Normal,M_000434
2020-05-04T15:24:00,USR_004,USR_003,17335636.92,STK_001,9483.39,MM_Balance,M_000435
2020-05-04T15:34:00,USR_004,USR_003,2982.20,STK_002,1.24,MM_Balance,M_000438
2020-05-04T15:45:00,USR_003,USR_004,2720.56,STK_002,1.24,MM_Balance,M_000436
2020-05-04T15:46:00,USR_003,USR_004,16140729.78,STK_001,9483.39,MM_Balance,M_000437
2020-05-05T15:14:00,USR_004,USR_003,16264247.01,STK_001,9417.63,MM_Balance,M_000439
2020-05-05T15:16:00,USR_003,USR_004,16584446.43,STK_001,9417.63,MM_Balance,M_000441
2020-05-05T15:50:00,USR_003,USR_004,2289.03,STK_002,1.23,MM_Balance,M_000440
2020-05-05T15:54:00,USR_004,USR_003,2397.27,STK_002,1.23,MM_Balance,M_000442
2020-05-06T15:05:00,USR_003,USR_004,3139.95,STK_002,1.21,MM_Balance,M_000444
2020-05-06T15:20:00,USR_004,USR_003,12406360.86,STK_001,9595.02,MM_Balance,M_000443
2020-05-06T15:40:00,USR_003,USR_004,16129228.62,STK_001,9595.02,MM_Balance,M_000445
2020-05-06T15:40:00,USR_004,USR_003,1985.61,STK_002,1.21,MM_Balance,M_000446
2020-05-07T12:38:03,USR_010,USR_003,1237063.75,STK_001,9896.51,Normal,M_000451
2020-05-07T15:18:00,USR_004,USR_003,15294903.40,STK_001,9499.94,MM_Balance,M_000452
2020-05-07T15:33:00,USR_003,USR_004,2963.10,STK_002,1.19,MM_Balance,M_000453
2020-05-07T15:56:00,USR_003,USR_004,17935886.72,STK_001,9499.94,MM_Balance,M_000454
2020-05-07T15:57:00,USR_004,USR_003,2024.19,STK_002,1.19,MM_Balance,M_000455
2020-05-08T10:44:54,USR_001,USR_003,39364213.68,STK_004,2482.92,Normal,M_000463
2020-05-08T14:28:53,USR_007,USR_004,2330947.14,STK_001,9835.22,Normal,M_000462
2020-05-08T15:07:00,USR_003,USR_004,1578.00,STK_004,1.00,MM_Balance,M_000466
2020-05-08T15:12:00,USR_003,USR_004,18901292.49,STK_001,9361.71,MM_Balance,M_000467
2020-05-08T15:16:00,USR_004,USR_003,3059.74,STK_002,1.18,MM_Balance,M_000468
2020-05-08T15:46:00,USR_003,USR_004,2415.46,STK_002,1.18,MM_Balance,M_000465
2020-05-08T15:57:00,USR_004,USR_003,22205976.12,STK_001,9361.71,MM_Balance,M_000464
2020-05-09T10:51:27,USR_008,USR_003,1857321.91,STK_001,9428.03,Normal,M_000469
2020-05-09T15:02:00,USR_003,USR_004,2790.00,STK_004,1.00,MM_Balance,M_000472
2020-05-09T15:06:00,USR_003,USR_004,1278.32,STK_002,1.16,MM_Balance,M_000471
2020-05-09T15:16:00,USR_004,USR_003,14381473.04,STK_001,8954.84,MM_Balance,M_000470
2020-05-09T15:47:00,USR_004,USR_003,2171.52,STK_002,1.16,MM_Balance,M_000474
2020-05-09T15:51:00,USR_003,USR_004,15554557.08,STK_001,8954.84,MM_Balance,M_000473
2020-05-10T15:08:00,USR_003,USR_004,1243.31,STK_004,1.01,MM_Balance,M_000477
2020-05-10T15:26:00,USR_003,USR_004,3112.84,STK_002,1.18,MM_Balance,M_000476
2020-05-10T15:26:00,USR_004,USR_003,1430.16,STK_002,1.18,MM_Balance,M_000479
2020-05-10T15:54:00,USR_004,USR_003,18215230.10,STK_001,8986.30,MM_Balance,M_000475
2020-05-10T15:54:00,USR_003,USR_004,25161640.00,STK_001,8986.30,MM_Balance,M_000478
2020-05-11T15:33:00,USR_004,USR_003,2454.97,STK_002,1.19,MM_Balance,M_000483
2020-05-11T15:41:00,USR_004,USR_003,13783747.40,STK_001,8979.64,MM_Balance,M_000480
2020-05-11T15:42:00,USR_003,USR_004,3016.14,STK_004,1.02,MM_Balance,M_000482
2020-05-11T15:45:00,USR_003,USR_004,1219.75,STK_002,1.19,MM_Balance,M_000481
2020-05-12T10:10:53,USR_007,USR_004,215.05,STK_002,1.15,Normal,M_000484
2020-05-12T15:29:00,USR_003,USR_004,1335.15,STK_002,1.15,MM_Balance,M_000485
2020-05-12T15:36:00,USR_004,USR_003,3036.00,STK_002,1.15,MM_Balance,M_000486
2020-05-13T15:14:00,USR_003,USR_004,3046.08,STK_002,1.14,MM_Balance,M_000487
2020-05-13T15:35:00,USR_004,USR_003,1914.06,STK_002,1.14,MM_Balance,M_000488
2020-05-14T10:28:03,USR_004,USR_002,6531.72,STK_003,1.06,Normal,M_000489
2020-05-14T13:04:34,USR_003,USR_005,336324.22,STK_005,3172.87,Normal,M_000491
2020-05-14T13:13:29,USR_009,USR_004,88.29,STK_002,1.09,Normal,M_000490
2020-05-14T15:40:00,USR_003,USR_004,3244.64,STK_002,1.12,MM_Balance,M_000492
2020-05-14T15:42:00,USR_003,USR_004,4646.40,STK_003,2.40,MM_Balance,M_000494
2020-05-14T15:57:00,USR_004,USR_003,2890.72,STK_002,1.12,MM_Balance,M_000493
2020-05-15T12:25:46,USR_003,USR_010,222.56,STK_002,1.07,Normal,M_000495
2020-05-15T15:18:00,USR_004,USR_003,3494.79,STK_002,1.17,MM_Balance,M_000497
2020-05-15T15:25:00,USR_003,USR_004,1825.20,STK_002,1.17,MM_Balance,M_000496
2020-05-16T15:07:00,USR_003,USR_004,2797.56,STK_002,1.14,MM_Balance,M_000498
2020-05-16T15:30:00,USR_004,USR_003,2452.14,STK_002,1.14,MM_Balance,M_000499
2020-05-17T09:47:38,USR_004,USR_010,978960.18,STK_001,8587.37,Normal,M_000501
2020-05-17T10:57:53,USR_005,USR_003,1292889.86,STK_001,8855.41,Normal,M_000500
2020-05-17T15:32:00,USR_004,USR_003,1708.90,STK_002,1.15,MM_Balance,M_000503
2020-05-17T15:41:00,USR_003,USR_004,2898.00,STK_002,1.15,MM_Balance,M_000502
2020-05-18T12:02:25,USR_003,USR_005,732750.83,STK_005,3609.61,Normal,M_000512
2020-05-18T15:03:00,USR_004,USR_003,2621.96,STK_002,1.18,MM_Balance,M_000514
2020-05-18T15:09:00,USR_003,USR_004,1275.58,STK_002,1.18,MM_Balance,M_000513
2020-05-19T11:26:31,USR_004,USR_008,214567.38,STK_005,3764.34,Normal,M_000515
2020-05-19T15:42:00,USR_004,USR_003,1480.80,STK_002,1.20,MM_Balance,M_000517
2020-05-19T15:52:00,USR_003,USR_004,2578.80,STK_002,1.20,MM_Balance,M_000516
2020-05-20T10:22:24,USR_004,USR_005,319.41,STK_002,1.17,Normal,M_000518
2020-05-20T11:26:25,USR_003,USR_008,1256214.30,STK_005,3806.71,Normal,M_000519
2020-05-20T15:34:00,USR_003,USR_004,1833.09,STK_002,1.29,MM_Balance,M_000520
2020-05-20T15:52:00,USR_004,USR_003,2997.96,STK_002,1.29,MM_Balance,M_000521
2020-05-21T10:04:32,USR_002,USR_003,12417533.72,STK_001,8800.52,Normal,M_000528
2020-05-21T12:14:34,USR_010,USR_003,4046.58,STK_005,4046.58,Normal,M_000529
2020-05-21T15:10:00,USR_004,USR_003,2561.00,STK_002,1.30,MM_Balance,M_000531
2020-05-21T15:25:00,USR_003,USR_004,2315.30,STK_002,1.30,MM_Balance,M_000530
2020-05-22T10:16:29,USR_009,USR_004,1839390.00,STK_001,6454.00,Normal,M_000532
2020-05-22T15:07:00,USR_004,USR_003,1816.10,STK_002,1.30,MM_Balance,M_000534
2020-05-22T15:14:00,USR_003,USR_004,1788.80,STK_002,1.30,MM_Balance,M_000533
2020-05-23T15:12:00,USR_003,USR_004,3752.76,STK_002,1.32,MM_Balance,M_000535
2020-05-23T15:28:00,USR_004,USR_003,2633.40,STK_002,1.32,MM_Balance,M_000536
2020-05-24T15:17:00,USR_004,USR_003,3512.67,STK_002,1.29,MM_Balance,M_000538
2020-05-24T15:41:00,USR_003,USR_004,1753.11,STK_002,1.29,MM_Balance,M_000537
2020-05-25T15:25:00,USR_003,USR_004,2326.17,STK_002,1.33,MM_Balance,M_000539
2020-05-25T15:49:00,USR_004,USR_003,3757.25,STK_002,1.33,MM_Balance,M_000540
2020-05-26T11:37:48,USR_003,USR_009,44.52,STK_004,1.06,Normal,M_000548
2020-05-26T13:38:17,USR_004,USR_010,272.48,STK_002,1.31,Normal,M_000549
2020-05-26T15:37:00,USR_004,USR_003,2447.20,STK_002,1.40,MM_Balance,M_000551
2020-05-26T15:41:00,USR_003,USR_004,2479.40,STK_002,1.40,MM_Balance,M_000550
2020-05-27T14:11:00,USR_004,USR_010,125.96,STK_002,1.34,Normal,M_000552
2020-05-27T15:14:00,USR_003,USR_004,3294.20,STK_002,1.40,MM_Balance,M_000553
2020-05-27T15:21:00,USR_004,USR_003,3637.20,STK_002,1.40,MM_Balance,M_000554
2020-05-28T11:08:19,USR_003,USR_005,153892.40,STK_005,4049.80,Normal,M_000555
2020-05-28T15:05:00,USR_003,USR_004,4143.99,STK_002,1.41,MM_Balance,M_000556
2020-05-28T15:38:00,USR_004,USR_003,2705.79,STK_002,1.41,MM_Balance,M_000557
2020-05-29T13:00:00,USR_002,USR_004,135255.40,STK_004,0.85,Panic_Dump_Whale,M_000566
2020-05-29T13:00:09,USR_005,USR_004,19.88,STK_004,0.71,Panic_Dump_Retail,M_000567
2020-05-29T13:00:16,USR_006,USR_004,291.84,STK_004,0.76,Panic_Dump_Retail,M_000568
2020-05-29T13:00:26,USR_007,USR_003,768.69,STK_004,0.73,Panic_Dump_Retail,M_000569
2020-05-29T13:00:30,USR_008,USR_003,155.52,STK_004,0.72,Panic_Dump_Retail,M_000570
2020-05-29T13:00:37,USR_009,USR_004,246.40,STK_004,0.70,Panic_Dump_Retail,M_000571
2020-05-29T13:00:38,USR_010,USR_003,391.50,STK_004,0.75,Panic_Dump_Retail,M_000572
2020-05-29T15:30:00,USR_003,USR_004,1689.80,STK_002,1.42,MM_Balance,M_000564
2020-05-29T15:38:00,USR_004,USR_003,4042.74,STK_002,1.42,MM_Balance,M_000565
2020-05-30T15:19:00,USR_004,USR_003,1519.00,STK_004,1.00,MM_Balance,M_000575
2020-05-30T15:23:00,USR_003,USR_004,1366.00,STK_004,1.00,MM_Balance,M_000574
2020-05-30T15:35:00,USR_003,USR_004,2676.70,STK_002,1.45,MM_Balance,M_000573
2020-05-31T09:58:25,USR_010,USR_004,734951.79,STK_005,4016.13,Normal,M_000576
2020-05-31T14:57:48,USR_003,USR_007,508479.72,STK_001,6053.33,Normal,M_000577
2020-05-31T15:02:00,USR_004,USR_003,1411.98,STK_004,1.01,MM_Balance,M_000581
2020-05-31T15:12:00,USR_004,USR_003,1480.45,STK_002,1.45,MM_Balance,M_000580
2020-05-31T15:31:00,USR_003,USR_004,2334.11,STK_004,1.01,MM_Balance,M_000579
2020-05-31T15:49:00,USR_003,USR_004,4257.20,STK_002,1.45,MM_Balance,M_000578
2020-06-01T14:35:21,USR_003,USR_010,1736309.70,STK_001,5966.70,Normal,M_000582
2020-06-01T15:00:00,USR_004,USR_003,3069.57,STK_002,1.41,MM_Balance,M_000585
2020-06-01T15:26:00,USR_004,USR_003,1385.16,STK_004,1.02,MM_Balance,M_000586
2020-06-01T15:38:00,USR_003,USR_004,2062.83,STK_002,1.41,MM_Balance,M_000583
2020-06-01T15:59:00,USR_003,USR_004,1969.62,STK_004,1.02,MM_Balance,M_000584
2020-06-02T15:07:00,USR_003,USR_004,2761.93,STK_002,1.39,MM_Balance,M_000587
2020-06-02T15:20:00,USR_004,USR_003,2743.52,STK_004,1.04,MM_Balance,M_000590
2020-06-02T15:24:00,USR_003,USR_004,1183.52,STK_004,1.04,MM_Balance,M_000588
2020-06-02T15:44:00,USR_004,USR_003,3316.54,STK_002,1.39,MM_Balance,M_000589
2020-06-03T14:43:19,USR_004,USR_010,227.80,STK_002,1.34,Normal,M_000591
2020-06-03T15:14:00,USR_003,USR_004,2049.12,STK_002,1.44,MM_Balance,M_000592
2020-06-03T15:15:00,USR_003,USR_004,2790.27,STK_004,1.03,MM_Balance,M_000593
2020-06-03T15:49:00,USR_004,USR_003,1899.36,STK_002,1.44,MM_Balance,M_000594
2020-06-03T15:58:00,USR_004,USR_003,1282.35,STK_004,1.03,MM_Balance,M_000595
2020-06-04T15:22:00,USR_004,USR_003,2089.87,STK_004,1.03,MM_Balance,M_000599
2020-06-04T15:33:00,USR_003,USR_004,1143.30,STK_004,1.03,MM_Balance,M_000597
2020-06-04T15:34:00,USR_004,USR_003,2928.92,STK_002,1.48,MM_Balance,M_000598
2020-06-04T15:36:00,USR_003,USR_004,3753.28,STK_002,1.48,MM_Balance,M_000596
2020-06-05T15:06:00,USR_004,USR_003,2773.68,STK_004,1.04,MM_Balance,M_000606
2020-06-05T15:08:00,USR_004,USR_003,3211.60,STK_002,1.48,MM_Balance,M_000605
2020-06-05T15:28:00,USR_003,USR_004,1634.88,STK_004,1.04,MM_Balance,M_000604
2020-06-05T15:54:00,USR_003,USR_004,2585.56,STK_002,1.48,MM_Balance,M_000603
2020-06-06T11:48:52,USR_003,USR_006,260521.20,STK_001,6513.03,Normal,M_000608
2020-06-06T14:37:00,USR_004,USR_005,1030333.08,STK_005,3978.12,Normal,M_000607
2020-06-06T15:01:00,USR_003,USR_004,1755.12,STK_004,1.03,MM_Balance,M_000610
2020-06-06T15:22:00,USR_004,USR_003,1872.00,STK_002,1.50,MM_Balance,M_000611
2020-06-06T15:35:00,USR_003,USR_004,2605.50,STK_002,1.50,MM_Balance,M_000609
2020-06-06T15:36:00,USR_004,USR_003,2246.43,STK_004,1.03,MM_Balance,M_000612
2020-06-07T12:09:07,USR_003,USR_007,380.80,STK_003,2.24,Normal,M_000614
2020-06-07T14:42:11,USR_010,USR_004,333.00,STK_002,1.48,Normal,M_000613
2020-06-07T15:37:00,USR_004,USR_003,2581.62,STK_004,1.02,MM_Balance,M_000618
2020-06-07T15:41:00,USR_003,USR_004,3291.33,STK_002,1.47,MM_Balance,M_000615
2020-06-07T15:55:00,USR_004,USR_003,3820.53,STK_002,1.47,MM_Balance,M_000617
2020-06-07T15:56:00,USR_003,USR_004,1586.10,STK_004,1.02,MM_Balance,M_000616
2020-06-08T10:54:48,USR_003,USR_007,63.00,STK_004,1.00,Normal,M_000622
2020-06-08T15:02:00,USR_004,USR_003,1555.26,STK_002,1.47,MM_Balance,M_000625
2020-06-08T15:08:00,USR_003,USR_004,3356.01,STK_002,1.47,MM_Balance,M_000623
2020-06-08T15:53:00,USR_003,USR_004,2202.68,STK_004,1.06,MM_Balance,M_000624
2020-06-08T15:58:00,USR_004,USR_003,2927.72,STK_004,1.06,MM_Balance,M_000626
2020-06-09T15:00:00,USR_004,USR_003,2399.08,STK_002,1.48,MM_Balance,M_000629
2020-06-09T15:16:00,USR_003,USR_004,1936.20,STK_004,1.05,MM_Balance,M_000628
2020-06-09T15:19:00,USR_003,USR_004,2817.92,STK_002,1.48,MM_Balance,M_000627
2020-06-09T15:52:00,USR_004,USR_003,2174.55,STK_004,1.05,MM_Balance,M_000630
2020-06-10T13:20:35,USR_004,USR_005,122.00,STK_004,1.00,Normal,M_000638
2020-06-10T15:08:00,USR_003,USR_004,1455.38,STK_004,1.06,MM_Balance,M_000640
2020-06-10T15:12:00,USR_003,USR_004,2712.15,STK_002,1.47,MM_Balance,M_000639
2020-06-10T15:28:00,USR_004,USR_003,2400.90,STK_004,1.06,MM_Balance,M_000642
2020-06-10T15:40:00,USR_004,USR_003,1802.22,STK_002,1.47,MM_Balance,M_000641
2020-06-11T11:14:57,USR_003,USR_007,296.64,STK_004,1.03,Normal,M_000647
2020-06-11T14:02:11,USR_003,USR_008,185.00,STK_004,1.00,Normal,M_000646
2020-06-11T15:24:00,USR_003,USR_004,3902.58,STK_002,1.46,MM_Balance,M_000648
2020-06-11T15:47:00,USR_004,USR_003,1746.96,STK_004,1.16,MM_Balance,M_000651
2020-06-11T15:49:00,USR_003,USR_004,1448.84,STK_004,1.16,MM_Balance,M_000649
2020-06-11T15:49:00,USR_004,USR_003,2610.48,STK_002,1.46,MM_Balance,M_000650
2020-06-12T12:00:47,USR_004,USR_007,17.00,STK_004,1.00,Normal,M_000653
2020-06-12T12:13:11,USR_003,USR_005,857044.32,STK_001,6492.76,Normal,M_000652
2020-06-12T15:02:00,USR_004,USR_003,4446.16,STK_002,1.49,MM_Balance,M_000655
2020-06-12T15:15:00,USR_003,USR_004,3008.40,STK_004,1.15,MM_Balance,M_000654
2020-06-12T15:38:00,USR_004,USR_003,2770.35,STK_004,1.15,MM_Balance,M_000656
2020-06-13T14:26:24,USR_006,USR_004,1550572.92,STK_001,6626.38,Normal,M_000663
2020-06-13T15:22:00,USR_003,USR_004,3148.37,STK_002,1.49,MM_Balance,M_000664
2020-06-13T15:29:00,USR_003,USR_004,2898.84,STK_004,1.16,MM_Balance,M_000665
2020-06-13T15:33:00,USR_004,USR_003,1323.56,STK_004,1.16,MM_Balance,M_000667
2020-06-13T15:53:00,USR_004,USR_003,4136.24,STK_002,1.49,MM_Balance,M_000666
2020-06-14T15:06:00,USR_003,USR_004,1777.70,STK_002,1.45,MM_Balance,M_000672
2020-06-14T15:06:00,USR_004,USR_003,1610.82,STK_004,1.14,MM_Balance,M_000675
2020-06-14T15:53:00,USR_003,USR_004,1241.46,STK_004,1.14,MM_Balance,M_000673
2020-06-14T15:55:00,USR_004,USR_003,1979.25,STK_002,1.45,MM_Balance,M_000674
2020-06-15T10:01:50,USR_007,USR_004,775401.66,STK_005,3916.17,Normal,M_000677
2020-06-15T13:45:37,USR_001,USR_004,27212.03,STK_002,1.39,Normal,M_000676
2020-06-15T14:13:42,USR_009,USR_004,320154.24,STK_001,6533.76,Normal,M_000678
2020-06-15T15:24:00,USR_003,USR_004,2380.32,STK_004,1.14,MM_Balance,M_000680
2020-06-15T15:33:00,USR_004,USR_003,1395.00,STK_002,1.00,MM_Balance,M_000681
2020-06-15T15:40:00,USR_004,USR_003,2470.38,STK_004,1.14,MM_Balance,M_000682
2020-06-15T15:46:00,USR_003,USR_004,1207.00,STK_002,1.00,MM_Balance,M_000679
2020-06-16T10:56:23,USR_004,USR_006,268.00,STK_002,1.00,Normal,M_000683
2020-06-16T15:15:00,USR_004,USR_003,2627.82,STK_004,1.17,MM_Balance,M_000687
2020-06-16T15:23:00,USR_003,USR_004,2866.50,STK_002,1.05,MM_Balance,M_000684
2020-06-16T15:40:00,USR_003,USR_004,3001.05,STK_004,1.17,MM_Balance,M_000685
2020-06-16T15:46:00,USR_004,USR_003,2825.55,STK_002,1.05,MM_Balance,M_000686
2020-06-17T15:02:00,USR_004,USR_003,1252.65,STK_002,1.05,MM_Balance,M_000690
2020-06-17T15:09:00,USR_004,USR_003,2039.04,STK_004,1.18,MM_Balance,M_000691
2020-06-17T15:35:00,USR_003,USR_004,3400.76,STK_004,1.18,MM_Balance,M_000689
2020-06-17T15:52:00,USR_003,USR_004,2709.00,STK_002,1.05,MM_Balance,M_000688
2020-06-18T09:50:24,USR_010,USR_003,827428.86,STK_005,3866.49,Normal,M_000692
2020-06-18T13:27:11,USR_005,USR_004,1218258.80,STK_001,6480.10,Normal,M_000693
2020-06-18T15:19:00,USR_004,USR_003,1298.70,STK_004,1.17,MM_Balance,M_000697
2020-06-18T15:41:00,USR_003,USR_004,2961.27,STK_004,1.17,MM_Balance,M_000695
2020-06-18T15:49:00,USR_003,USR_004,2920.05,STK_002,1.05,MM_Balance,M_000694
2020-06-18T15:49:00,USR_004,USR_003,2412.90,STK_002,1.05,MM_Balance,M_000696
2020-06-19T12:33:35,USR_004,USR_009,211.00,STK_004,1.00,Normal,M_000698
2020-06-19T13:27:17,USR_004,USR_007,53.00,STK_004,1.00,Normal,M_000699
2020-06-19T15:08:00,USR_003,USR_004,2713.60,STK_002,1.06,MM_Balance,M_000700
2020-06-19T15:12:00,USR_003,USR_004,2659.80,STK_004,1.24,MM_Balance,M_000701
2020-06-19T15:39:00,USR_004,USR_003,2664.76,STK_004,1.24,MM_Balance,M_000703
2020-06-19T15:41:00,USR_004,USR_003,1917.54,STK_002,1.06,MM_Balance,M_000702
2020-06-20T10:55:11,USR_003,USR_010,667399.04,STK_001,5958.92,Normal,M_000709
2020-06-20T15:21:00,USR_003,USR_004,1130.80,STK_002,1.10,MM_Balance,M_000710
2020-06-20T15:21:00,USR_004,USR_003,1150.60,STK_002,1.10,MM_Balance,M_000712
2020-06-20T15:28:00,USR_003,USR_004,2046.24,STK_004,1.26,MM_Balance,M_000711
2020-06-20T15:34:00,USR_004,USR_003,3168.90,STK_004,1.26,MM_Balance,M_000713
2020-06-21T09:34:33,USR_004,USR_006,37.00,STK_002,1.00,Normal,M_000714
2020-06-21T11:11:48,USR_004,USR_007,841.05,STK_003,2.67,Normal,M_000716
2020-06-21T13:01:05,USR_004,USR_009,171.60,STK_003,2.64,Normal,M_000715
2020-06-21T15:10:00,USR_004,USR_003,3180.24,STK_004,1.26,MM_Balance,M_000720
2020-06-21T15:15:00,USR_003,USR_004,1362.06,STK_004,1.26,MM_Balance,M_000718
2020-06-21T15:31:00,USR_004,USR_003,1918.62,STK_002,1.14,MM_Balance,M_000719
2020-06-21T15:59:00,USR_003,USR_004,2448.72,STK_002,1.14,MM_Balance,M_000717
2020-06-22T10:53:25,USR_003,USR_010,272.06,STK_004,1.22,Normal,M_000722
2020-06-22T13:04:32,USR_004,USR_001,13753634.27,STK_005,3627.97,Normal,M_000721
2020-06-22T15:08:00,USR_004,USR_003,3706.44,STK_004,1.34,MM_Balance,M_000726
2020-06-22T15:34:00,USR_003,USR_004,2187.66,STK_002,1.14,MM_Balance,M_000723
2020-06-22T15:34:00,USR_004,USR_003,2495.46,STK_002,1.14,MM_Balance,M_000725
2020-06-22T15:41:00,USR_003,USR_004,1906.82,STK_004,1.34,MM_Balance,M_000724
2020-06-22T15:45:00,USR_003,USR_004,15378908.90,STK_005,6381.29,MM_Balance,M_000727
2020-06-23T11:59:31,USR_004,USR_010,616.00,STK_003,2.80,Normal,M_000728
2020-06-23T15:05:00,USR_003,USR_004,2324.90,STK_004,1.34,MM_Balance,M_000730
2020-06-23T15:32:00,USR_004,USR_003,8037793.40,STK_005,6309.10,MM_Balance,M_000731
2020-06-23T15:41:00,USR_004,USR_003,2851.28,STK_002,1.16,MM_Balance,M_000732
2020-06-23T15:43:00,USR_003,USR_004,1707.52,STK_002,1.16,MM_Balance,M_000729
2020-06-23T15:54:00,USR_004,USR_003,1843.84,STK_004,1.34,MM_Balance,M_000733
2020-06-24T15:06:00,USR_003,USR_004,2768.44,STK_004,1.34,MM_Balance,M_000739
2020-06-24T15:15:00,USR_004,USR_003,3747.98,STK_004,1.34,MM_Balance,M_000741
2020-06-24T15:47:00,USR_003,USR_004,2679.88,STK_002,1.19,MM_Balance,M_000738
2020-06-24T15:52:00,USR_004,USR_003,2302.65,STK_002,1.19,MM_Balance,M_000740
2020-06-25T13:36:41,USR_003,USR_007,1592189.17,STK_005,6446.11,Normal,M_000742
2020-06-25T15:01:00,USR_003,USR_004,2596.05,STK_004,1.35,MM_Balance,M_000744
2020-06-25T15:26:00,USR_003,USR_004,2111.85,STK_002,1.17,MM_Balance,M_000743
2020-06-25T15:29:00,USR_004,USR_003,3789.45,STK_004,1.35,MM_Balance,M_000746
2020-06-25T15:37:00,USR_004,USR_003,2256.93,STK_002,1.17,MM_Balance,M_000745
2020-06-26T12:33:03,USR_008,USR_004,212309.12,STK_005,6634.66,Normal,M_000747
2020-06-26T15:19:00,USR_004,USR_003,2175.03,STK_002,1.17,MM_Balance,M_000750
2020-06-26T15:49:00,USR_003,USR_004,1816.78,STK_004,1.33,MM_Balance,M_000749
2020-06-26T15:49:00,USR_004,USR_003,3318.35,STK_004,1.33,MM_Balance,M_000751
2020-06-26T15:55:00,USR_003,USR_004,1558.44,STK_002,1.17,MM_Balance,M_000748
2020-06-27T15:03:00,USR_003,USR_004,1472.39,STK_002,1.13,MM_Balance,M_000756
2020-06-27T15:09:00,USR_003,USR_004,1397.50,STK_004,1.30,MM_Balance,M_000757
2020-06-27T15:36:00,USR_004,USR_003,2673.58,STK_002,1.13,MM_Balance,M_000758
2020-06-27T15:58:00,USR_004,USR_003,2181.40,STK_004,1.30,MM_Balance,M_000759
2020-06-28T10:06:57,USR_009,USR_004,195.65,STK_003,3.01,Normal,M_000760
2020-06-28T11:59:52,USR_007,USR_003,86.40,STK_004,1.20,Normal,M_000761
2020-06-28T15:03:00,USR_003,USR_004,2636.01,STK_002,1.17,MM_Balance,M_000762
2020-06-28T15:38:00,USR_004,USR_003,2398.72,STK_004,1.28,MM_Balance,M_000765
2020-06-28T15:46:00,USR_003,USR_004,2777.60,STK_004,1.28,MM_Balance,M_000763
2020-06-28T15:46:00,USR_004,USR_003,2328.30,STK_002,1.17,MM_Balance,M_000764
2020-06-29T11:23:13,USR_005,USR_004,1447236.33,STK_001,6005.13,Normal,M_000766
2020-06-29T15:04:00,USR_004,USR_003,3115.42,STK_002,1.19,MM_Balance,M_000769
2020-06-29T15:18:00,USR_003,USR_004,3161.03,STK_004,1.31,MM_Balance,M_000768
2020-06-29T15:32:00,USR_004,USR_003,2114.34,STK_004,1.31,MM_Balance,M_000770
2020-06-29T15:40:00,USR_003,USR_004,1217.37,STK_002,1.19,MM_Balance,M_000767
2020-06-30T15:34:00,USR_003,USR_004,2756.73,STK_004,1.29,MM_Balance,M_000777
2020-06-30T15:36:00,USR_004,USR_003,1696.94,STK_002,1.19,MM_Balance,M_000778
2020-06-30T15:46:00,USR_003,USR_004,2566.83,STK_002,1.19,MM_Balance,M_000776
2020-06-30T15:58:00,USR_004,USR_003,3401.73,STK_004,1.29,MM_Balance,M_000779
2020-07-01T12:52:56,USR_007,USR_003,314.16,STK_004,1.19,Normal,M_000780
2020-07-01T15:12:00,USR_004,USR_003,3110.40,STK_004,1.20,MM_Balance,M_000784
2020-07-01T15:19:00,USR_003,USR_004,3210.62,STK_002,1.19,MM_Balance,M_000781
2020-07-01T15:19:00,USR_003,USR_004,2490.00,STK_004,1.20,MM_Balance,M_000782
2020-07-01T15:23:00,USR_004,USR_003,1462.51,STK_002,1.19,MM_Balance,M_000783
2020-07-02T09:55:11,USR_003,USR_010,982269.00,STK_001,5457.05,Normal,M_000791
2020-07-02T11:24:36,USR_007,USR_003,902.80,STK_003,2.96,Normal,M_000792
2020-07-02T14:35:37,USR_003,USR_005,166.50,STK_002,1.11,Normal,M_000793
2020-07-02T15:15:00,USR_004,USR_003,2566.50,STK_004,1.18,MM_Balance,M_000797
2020-07-02T15:20:00,USR_003,USR_004,2507.50,STK_004,1.18,MM_Balance,M_000795
2020-07-02T15:34:00,USR_003,USR_004,1707.60,STK_002,1.20,MM_Balance,M_000794
2020-07-02T15:45:00,USR_004,USR_003,1546.80,STK_002,1.20,MM_Balance,M_000796
2020-07-03T14:55:33,USR_003,USR_008,708593.92,STK_001,5535.89,Normal,M_000798
2020-07-03T15:08:00,USR_003,USR_004,2507.92,STK_004,1.16,MM_Balance,M_000800
2020-07-03T15:29:00,USR_004,USR_003,1390.84,STK_004,1.16,MM_Balance,M_000802
2020-07-03T15:51:00,USR_004,USR_003,3170.16,STK_002,1.19,MM_Balance,M_000801
2020-07-03T15:59:00,USR_003,USR_004,3562.86,STK_002,1.19,MM_Balance,M_000799
2020-07-04T12:40:23,USR_004,USR_010,97.00,STK_004,1.00,Normal,M_000803
2020-07-04T15:06:00,USR_003,USR_004,2448.00,STK_002,1.20,MM_Balance,M_000804
2020-07-04T15:19:00,USR_004,USR_003,3093.96,STK_004,1.18,MM_Balance,M_000807
2020-07-04T15:35:00,USR_004,USR_003,2000.40,STK_002,1.20,MM_Balance,M_000806
2020-07-04T15:45:00,USR_003,USR_004,3155.32,STK_004,1.18,MM_Balance,M_000805
2020-07-05T13:42:48,USR_006,USR_004,390018.76,STK_001,5735.57,Normal,M_000808
2020-07-05T15:06:00,USR_003,USR_004,2563.20,STK_002,1.20,MM_Balance,M_000809
2020-07-05T15:19:00,USR_003,USR_004,1591.20,STK_004,1.17,MM_Balance,M_000810
2020-07-05T15:38:00,USR_004,USR_003,1370.40,STK_002,1.20,MM_Balance,M_000811
2020-07-05T15:52:00,USR_004,USR_003,2811.51,STK_004,1.17,MM_Balance,M_000812
2020-07-06T15:32:00,USR_004,USR_003,2612.32,STK_004,1.16,MM_Balance,M_000816
2020-07-06T15:37:00,USR_004,USR_003,1382.94,STK_002,1.17,MM_Balance,M_000815
2020-07-06T15:58:00,USR_003,USR_004,2865.20,STK_004,1.16,MM_Balance,M_000814
2020-07-06T15:59:00,USR_003,USR_004,3370.77,STK_002,1.17,MM_Balance,M_000813
2020-07-07T09:38:34,USR_003,USR_010,18.00,STK_002,1.20,Normal,M_000823
2020-07-07T12:46:45,USR_003,USR_007,332.22,STK_002,1.13,Normal,M_000822
2020-07-07T13:17:06,USR_004,USR_006,79.00,STK_004,1.00,Normal,M_000824
2020-07-07T15:11:00,USR_004,USR_003,2799.48,STK_002,1.23,MM_Balance,M_000826
2020-07-07T15:27:00,USR_004,USR_003,2369.88,STK_004,1.16,MM_Balance,M_000827
2020-07-07T15:50:00,USR_003,USR_004,3282.80,STK_004,1.16,MM_Balance,M_000825
2020-07-08T10:13:43,USR_004,USR_007,67.00,STK_004,1.00,Normal,M_000828
2020-07-08T14:15:49,USR_004,USR_006,1674994.48,STK_005,6754.01,Normal,M_000829
2020-07-08T15:03:00,USR_004,USR_003,2773.65,STK_002,1.23,MM_Balance,M_000832
2020-07-08T15:29:00,USR_003,USR_004,8729965.89,STK_005,6978.39,MM_Balance,M_000834
2020-07-08T15:30:00,USR_003,USR_004,1847.46,STK_002,1.23,MM_Balance,M_000830
2020-07-08T15:40:00,USR_003,USR_004,2832.00,STK_004,1.18,MM_Balance,M_000831
2020-07-08T15:49:00,USR_004,USR_003,2472.10,STK_004,1.18,MM_Balance,M_000833
2020-07-09T12:03:26,USR_004,USR_005,827661.60,STK_001,5954.40,Normal,M_000835
2020-07-09T15:11:00,USR_003,USR_004,2727.92,STK_004,1.22,MM_Balance,M_000837
2020-07-09T15:11:00,USR_004,USR_003,3211.34,STK_002,1.21,MM_Balance,M_000839
2020-07-09T15:11:00,USR_003,USR_004,13740260.18,STK_005,6894.26,MM_Balance,M_000841
2020-07-09T15:28:00,USR_004,USR_003,14967438.46,STK_005,6894.26,MM_Balance,M_000838
2020-07-09T15:44:00,USR_004,USR_003,3174.44,STK_004,1.22,MM_Balance,M_000840
2020-07-09T15:47:00,USR_003,USR_004,1245.09,STK_002,1.21,MM_Balance,M_000836
2020-07-10T15:10:00,USR_003,USR_004,1350.54,STK_002,1.22,MM_Balance,M_000842
2020-07-10T15:16:00,USR_004,USR_003,2384.91,STK_004,1.21,MM_Balance,M_000846
2020-07-10T15:30:00,USR_003,USR_004,2197.36,STK_004,1.21,MM_Balance,M_000843
2020-07-10T15:43:00,USR_004,USR_003,2167.94,STK_002,1.22,MM_Balance,M_000845
2020-07-10T15:47:00,USR_004,USR_003,13574589.75,STK_005,6873.21,MM_Balance,M_000844
2020-07-10T15:55:00,USR_003,USR_004,14337516.06,STK_005,6873.21,MM_Balance,M_000847
2020-07-11T11:42:03,USR_008,USR_004,1695326.22,STK_005,6891.57,Normal,M_000848
2020-07-11T15:00:00,USR_004,USR_003,15365216.50,STK_005,6538.39,MM_Balance,M_000851
2020-07-11T15:06:00,USR_004,USR_003,2469.25,STK_004,1.19,MM_Balance,M_000853
2020-07-11T15:14:00,USR_003,USR_004,11239492.41,STK_005,6538.39,MM_Balance,M_000854
2020-07-11T15:21:00,USR_003,USR_004,2476.80,STK_002,1.20,MM_Balance,M_000849
2020-07-11T15:26:00,USR_004,USR_003,1228.80,STK_002,1.20,MM_Balance,M_000852
2020-07-11T15:35:00,USR_003,USR_004,1952.79,STK_004,1.19,MM_Balance,M_000850
2020-07-12T10:29:13,USR_004,USR_005,106.05,STK_002,1.05,Normal,M_000864
2020-07-12T11:54:32,USR_004,USR_008,40.00,STK_004,1.00,Normal,M_000863
2020-07-12T12:26:37,USR_006,USR_004,79.00,STK_004,1.00,Normal,M_000862
2020-07-12T15:02:00,USR_004,USR_003,1489.53,STK_002,1.23,MM_Balance,M_000868
2020-07-12T15:28:00,USR_004,USR_003,11302545.33,STK_005,6575.07,MM_Balance,M_000867
2020-07-12T15:28:00,USR_003,USR_004,15891944.19,STK_005,6575.07,MM_Balance,M_000870
2020-07-12T15:36:00,USR_004,USR_003,1315.60,STK_004,1.15,MM_Balance,M_000869
2020-07-12T15:39:00,USR_003,USR_004,1664.05,STK_004,1.15,MM_Balance,M_000866
2020-07-12T15:49:00,USR_003,USR_004,2591.61,STK_002,1.23,MM_Balance,M_000865
2020-07-13T15:03:00,USR_004,USR_003,2111.20,STK_004,1.16,MM_Balance,M_000875
2020-07-13T15:14:00,USR_003,USR_004,2569.32,STK_002,1.22,MM_Balance,M_000871
2020-07-13T15:36:00,USR_004,USR_003,8215047.36,STK_005,6582.57,MM_Balance,M_000873
2020-07-13T15:43:00,USR_004,USR_003,2052.04,STK_002,1.22,MM_Balance,M_000874
2020-07-13T15:44:00,USR_003,USR_004,2072.92,STK_004,1.16,MM_Balance,M_000872
2020-07-14T13:35:22,USR_004,USR_009,1732649.50,STK_005,6538.30,Normal,M_000883
2020-07-14T13:40:19,USR_003,USR_008,1757385.49,STK_001,5838.49,Normal,M_000884
2020-07-14T15:01:00,USR_004,USR_003,2689.85,STK_004,1.15,MM_Balance,M_000888
2020-07-14T15:04:00,USR_003,USR_004,3328.10,STK_004,1.15,MM_Balance,M_000886
2020-07-14T15:09:00,USR_004,USR_003,3057.32,STK_002,1.22,MM_Balance,M_000887
2020-07-14T15:37:00,USR_003,USR_004,3070.74,STK_002,1.22,MM_Balance,M_000885
2020-07-14T15:58:00,USR_003,USR_004,8533150.08,STK_005,6837.46,MM_Balance,M_000889
2020-07-15T11:30:27,USR_003,USR_007,1657619.04,STK_001,6278.86,Normal,M_000890
2020-07-15T13:09:33,USR_005,USR_004,187.46,STK_002,1.03,Normal,M_000891
2020-07-15T15:02:00,USR_003,USR_004,2949.75,STK_002,1.15,MM_Balance,M_000892
2020-07-15T15:04:00,USR_003,USR_004,1990.66,STK_004,1.18,MM_Balance,M_000893
2020-07-15T15:09:00,USR_004,USR_003,10689120.00,STK_005,6852.00,MM_Balance,M_000894
2020-07-15T15:10:00,USR_004,USR_003,2516.94,STK_004,1.18,MM_Balance,M_000896
2020-07-15T15:44:00,USR_004,USR_003,1545.60,STK_002,1.15,MM_Balance,M_000895
2020-07-15T15:59:00,USR_003,USR_004,10264296.00,STK_005,6852.00,MM_Balance,M_000897
2020-07-16T13:49:57,USR_008,USR_004,1466724.52,STK_001,6577.24,Normal,M_000898
2020-07-16T15:05:00,USR_003,USR_004,2636.01,STK_004,1.17,MM_Balance,M_000900
2020-07-16T15:11:00,USR_003,USR_004,2554.15,STK_002,1.15,MM_Balance,M_000899
2020-07-16T15:15:00,USR_004,USR_003,2463.30,STK_002,1.15,MM_Balance,M_000902
2020-07-16T15:23:00,USR_003,USR_004,12284559.72,STK_005,6924.78,MM_Balance,M_000904
2020-07-16T15:26:00,USR_004,USR_003,11855223.36,STK_005,6924.78,MM_Balance,M_000901
2020-07-16T15:33:00,USR_004,USR_003,1450.80,STK_004,1.17,MM_Balance,M_000903
2020-07-17T09:53:32,USR_004,USR_007,264.00,STK_002,1.00,Normal,M_000905
2020-07-17T12:32:34,USR_004,USR_006,332.28,STK_003,2.84,Normal,M_000906
2020-07-17T13:18:51,USR_010,USR_004,319.26,STK_002,1.02,Normal,M_000908
2020-07-17T13:54:54,USR_008,USR_003,564347.70,STK_001,6270.53,Normal,M_000907
2020-07-17T15:12:00,USR_004,USR_003,3281.58,STK_004,1.18,MM_Balance,M_000913
2020-07-17T15:14:00,USR_004,USR_003,11352553.39,STK_005,6810.17,MM_Balance,M_000911
2020-07-17T15:14:00,USR_003,USR_004,11352553.39,STK_005,6810.17,MM_Balance,M_000914
2020-07-17T15:43:00,USR_003,USR_004,2808.30,STK_002,1.11,MM_Balance,M_000909
2020-07-17T15:47:00,USR_004,USR_003,1648.35,STK_002,1.11,MM_Balance,M_000912
2020-07-17T15:49:00,USR_003,USR_004,1735.78,STK_004,1.18,MM_Balance,M_000910
2020-07-18T11:35:26,USR_009,USR_003,1835427.10,STK_005,6926.14,Normal,M_000922
2020-07-18T12:37:38,USR_004,USR_007,224.00,STK_004,1.00,Normal,M_000921
2020-07-18T15:00:00,USR_004,USR_003,10172382.10,STK_005,6475.10,MM_Balance,M_000924
2020-07-18T15:14:00,USR_003,USR_004,11888283.60,STK_005,6475.10,MM_Balance,M_000927
2020-07-18T15:20:00,USR_004,USR_003,1853.61,STK_004,1.23,MM_Balance,M_000926
2020-07-18T15:30:00,USR_003,USR_004,2719.53,STK_004,1.23,MM_Balance,M_000923
2020-07-18T15:55:00,USR_004,USR_003,2782.77,STK_002,1.11,MM_Balance,M_000925
2020-07-19T13:11:22,USR_004,USR_002,17645.00,STK_004,1.00,Normal,M_000936
2020-07-19T14:48:45,USR_006,USR_003,338.13,STK_003,2.89,Normal,M_000935
2020-07-19T15:02:00,USR_004,USR_003,11457.63,STK_004,5.49,MM_Balance,M_000941
2020-07-19T15:29:00,USR_003,USR_004,12533.67,STK_004,5.49,MM_Balance,M_000938
2020-07-19T15:40:00,USR_004,USR_003,15656915.11,STK_005,6477.83,MM_Balance,M_000939
2020-07-19T15:48:00,USR_003,USR_004,12126497.76,STK_005,6477.83,MM_Balance,M_000942
2020-07-19T15:55:00,USR_003,USR_004,2878.70,STK_002,1.10,MM_Balance,M_000937
2020-07-19T15:57:00,USR_004,USR_003,1966.80,STK_002,1.10,MM_Balance,M_000940
2020-07-20T12:49:39,USR_004,USR_005,399.28,STK_004,1.61,Normal,M_000943
2020-07-20T15:07:00,USR_003,USR_004,12398.45,STK_004,5.89,MM_Balance,M_000945
2020-07-20T15:21:00,USR_003,USR_004,1411.30,STK_002,1.10,MM_Balance,M_000944
2020-07-20T15:22:00,USR_004,USR_003,9753.84,STK_004,5.89,MM_Balance,M_000948
2020-07-20T15:43:00,USR_003,USR_004,13266573.24,STK_005,6532.04,MM_Balance,M_000949
2020-07-20T15:47:00,USR_004,USR_003,2796.20,STK_002,1.10,MM_Balance,M_000947
2020-07-20T15:48:00,USR_004,USR_003,12227978.88,STK_005,6532.04,MM_Balance,M_000946
2020-07-21T15:04:00,USR_003,USR_004,9269.70,STK_004,5.83,MM_Balance,M_000951
2020-07-21T15:09:00,USR_004,USR_003,2621.16,STK_002,1.08,MM_Balance,M_000953
2020-07-21T15:17:00,USR_004,USR_003,8708843.64,STK_005,6513.72,MM_Balance,M_000952
2020-07-21T15:25:00,USR_003,USR_004,1257.12,STK_002,1.08,MM_Balance,M_000950
2020-07-21T15:40:00,USR_003,USR_004,11223139.56,STK_005,6513.72,MM_Balance,M_000955
2020-07-21T15:55:00,USR_004,USR_003,7625.64,STK_004,5.83,MM_Balance,M_000954
2020-07-22T15:18:00,USR_003,USR_004,15758888.34,STK_005,6520.02,MM_Balance,M_000961
2020-07-22T15:19:00,USR_003,USR_004,11389.56,STK_004,5.88,MM_Balance,M_000957
2020-07-22T15:30:00,USR_004,USR_003,8608.32,STK_004,5.88,MM_Balance,M_000960
2020-07-22T15:37:00,USR_003,USR_004,2174.55,STK_002,1.09,MM_Balance,M_000956
2020-07-22T15:50:00,USR_004,USR_003,15758888.34,STK_005,6520.02,MM_Balance,M_000958
2020-07-22T15:50:00,USR_004,USR_003,1472.59,STK_002,1.09,MM_Balance,M_000959
2020-07-23T09:43:36,USR_003,USR_010,1531.03,STK_004,5.41,Normal,M_000964
2020-07-23T09:48:56,USR_004,USR_009,304.72,STK_003,2.93,Normal,M_000963
2020-07-23T14:43:46,USR_005,USR_003,31.93,STK_002,1.03,Normal,M_000962
2020-07-23T15:00:00,USR_004,USR_003,8677292.11,STK_005,6578.69,MM_Balance,M_000967
2020-07-23T15:29:00,USR_003,USR_004,17940.10,STK_004,6.10,MM_Balance,M_000966
2020-07-23T15:31:00,USR_003,USR_004,3109.42,STK_002,1.07,MM_Balance,M_000965
2020-07-23T15:45:00,USR_004,USR_003,2487.75,STK_002,1.07,MM_Balance,M_000968
2020-07-23T15:57:00,USR_004,USR_003,12017.00,STK_004,6.10,MM_Balance,M_000969
2020-07-24T11:30:20,USR_003,USR_008,1101563.73,STK_005,6596.19,Normal,M_000970
2020-07-24T12:01:47,USR_006,USR_003,1842936.48,STK_001,5983.56,Normal,M_000971
2020-07-24T13:57:51,USR_003,USR_009,1553.12,STK_004,5.71,Normal,M_000972
2020-07-24T15:09:00,USR_003,USR_004,11555.18,STK_004,6.37,MM_Balance,M_000974
2020-07-24T15:18:00,USR_004,USR_003,6522.88,STK_004,6.37,MM_Balance,M_000976
2020-07-24T15:24:00,USR_004,USR_003,1879.99,STK_002,1.07,MM_Balance,M_000975
2020-07-24T15:42:00,USR_003,USR_004,3060.20,STK_002,1.07,MM_Balance,M_000973
2020-07-25T15:00:00,USR_004,USR_003,1275.48,STK_002,1.08,MM_Balance,M_000979
2020-07-25T15:55:00,USR_003,USR_004,2129.76,STK_002,1.08,MM_Balance,M_000977
2020-07-25T15:58:00,USR_004,USR_003,14909.68,STK_004,6.46,MM_Balance,M_000980
2020-07-25T15:59:00,USR_003,USR_004,7332.10,STK_004,6.46,MM_Balance,M_000978
2020-07-26T11:43:39,USR_004,USR_005,298.96,STK_003,2.96,Normal,M_000982
2020-07-26T13:48:04,USR_003,USR_002,10494801.68,STK_001,5359.96,Normal,M_000981
2020-07-26T15:04:00,USR_003,USR_004,2189.81,STK_002,1.09,MM_Balance,M_000984
2020-07-26T15:16:00,USR_004,USR_003,3028.02,STK_002,1.09,MM_Balance,M_000986
2020-07-26T15:30:00,USR_003,USR_004,14103.60,STK_004,6.44,MM_Balance,M_000985
2020-07-26T15:44:00,USR_004,USR_003,19287.80,STK_004,6.44,MM_Balance,M_000987
2020-07-26T15:48:00,USR_004,USR_003,9280986.40,STK_001,7460.60,MM_Balance,M_000983
2020-07-27T12:44:24,USR_010,USR_004,800.64,STK_003,2.88,Normal,M_000988
2020-07-27T15:06:00,USR_003,USR_004,16371.08,STK_004,6.38,MM_Balance,M_000990
2020-07-27T15:20:00,USR_004,USR_003,2282.04,STK_002,1.08,MM_Balance,M_000991
2020-07-27T15:40:00,USR_003,USR_004,2774.52,STK_002,1.08,MM_Balance,M_000989
2020-07-27T15:54:00,USR_004,USR_003,17181.34,STK_004,6.38,MM_Balance,M_000992
2020-07-28T11:12:54,USR_003,USR_007,277.68,STK_002,1.04,Normal,M_000993
2020-07-28T15:01:00,USR_004,USR_003,3295.74,STK_002,1.14,MM_Balance,M_000996
2020-07-28T15:19:00,USR_004,USR_003,10963.20,STK_004,6.40,MM_Balance,M_000997
2020-07-28T15:29:00,USR_003,USR_004,2113.56,STK_002,1.14,MM_Balance,M_000994
2020-07-28T15:52:00,USR_003,USR_004,7923.20,STK_004,6.40,MM_Balance,M_000995
2020-07-29T10:12:55,USR_004,USR_007,74.00,STK_002,1.00,Normal,M_000998
2020-07-29T10:28:52,USR_004,USR_010,1337211.75,STK_001,7641.21,Normal,M_000999
2020-07-29T15:00:00,USR_004,USR_003,2722.05,STK_002,1.15,MM_Balance,M_001002
2020-07-29T15:04:00,USR_003,USR_004,6908.80,STK_004,6.35,MM_Balance,M_001001
2020-07-29T15:07:00,USR_003,USR_004,2254.00,STK_002,1.15,MM_Balance,M_001000
2020-07-29T15:07:00,USR_004,USR_003,16522.70,STK_004,6.35,MM_Balance,M_001003
2020-07-30T10:24:07,USR_003,USR_006,1707725.48,STK_005,6372.11,Normal,M_001004
2020-07-30T15:13:00,USR_004,USR_003,7281387.00,STK_005,6631.50,MM_Balance,M_001007
2020-07-30T15:43:00,USR_004,USR_003,12027.00,STK_004,6.33,MM_Balance,M_001009
2020-07-30T15:44:00,USR_004,USR_003,1977.50,STK_002,1.13,MM_Balance,M_001008
2020-07-30T15:46:00,USR_003,USR_004,18945.69,STK_004,6.33,MM_Balance,M_001006
2020-07-30T15:48:00,USR_003,USR_004,3215.98,STK_002,1.13,MM_Balance,M_001005
2020-07-30T15:53:00,USR_003,USR_004,9085155.00,STK_005,6631.50,MM_Balance,M_001010
2020-07-31T15:00:00,USR_004,USR_003,1558.38,STK_002,1.14,MM_Balance,M_001018
2020-07-31T15:06:00,USR_004,USR_003,15539.04,STK_004,6.54,MM_Balance,M_001019
2020-07-31T15:33:00,USR_003,USR_004,12465661.25,STK_005,6571.25,MM_Balance,M_001020
2020-07-31T15:43:00,USR_004,USR_003,9002612.50,STK_005,6571.25,MM_Balance,M_001017
2020-07-31T15:53:00,USR_003,USR_004,18521.28,STK_004,6.54,MM_Balance,M_001016
2020-07-31T15:54:00,USR_003,USR_004,1580.04,STK_002,1.14,MM_Balance,M_001015
2020-08-01T15:01:00,USR_003,USR_004,12877014.36,STK_005,6496.98,MM_Balance,M_001032
2020-08-01T15:04:00,USR_004,USR_003,17658.00,STK_004,6.54,MM_Balance,M_001031
2020-08-01T15:06:00,USR_004,USR_003,1229.60,STK_002,1.16,MM_Balance,M_001030
2020-08-01T15:14:00,USR_004,USR_003,12324771.06,STK_005,6496.98,MM_Balance,M_001029
2020-08-01T15:16:00,USR_003,USR_004,8175.00,STK_004,6.54,MM_Balance,M_001028
2020-08-01T15:29:00,USR_003,USR_004,2983.52,STK_002,1.16,MM_Balance,M_001027
2020-08-02T15:02:00,USR_004,USR_003,12713.55,STK_004,6.55,MM_Balance,M_001036
2020-08-02T15:24:00,USR_004,USR_003,3157.90,STK_002,1.15,MM_Balance,M_001035
2020-08-02T15:28:00,USR_004,USR_003,11533563.30,STK_005,6461.38,MM_Balance,M_001034
2020-08-02T15:35:00,USR_003,USR_004,8800399.56,STK_005,6461.38,MM_Balance,M_001037
2020-08-02T15:56:00,USR_003,USR_004,12320.55,STK_004,6.55,MM_Balance,M_001033
2020-08-03T10:55:21,USR_007,USR_004,495.88,STK_004,1.96,Normal,M_001038
2020-08-03T15:02:00,USR_003,USR_004,13982.97,STK_004,6.33,MM_Balance,M_001040
2020-08-03T15:03:00,USR_003,USR_004,1871.28,STK_002,1.13,MM_Balance,M_001039
2020-08-03T15:06:00,USR_003,USR_004,11381543.88,STK_005,6397.72,MM_Balance,M_001044
2020-08-03T15:23:00,USR_004,USR_003,9974045.48,STK_005,6397.72,MM_Balance,M_001041
2020-08-03T15:47:00,USR_004,USR_003,3002.41,STK_002,1.13,MM_Balance,M_001042
2020-08-03T15:57:00,USR_004,USR_003,16249.11,STK_004,6.33,MM_Balance,M_001043
2020-08-04T14:24:02,USR_003,USR_005,509.60,STK_003,2.80,Normal,M_001045
2020-08-04T15:01:00,USR_003,USR_004,14171.72,STK_004,6.43,MM_Balance,M_001047
2020-08-04T15:31:00,USR_004,USR_003,17071.65,STK_004,6.43,MM_Balance,M_001050
2020-08-04T15:36:00,USR_004,USR_003,11214384.57,STK_005,6325.09,MM_Balance,M_001048
2020-08-04T15:36:00,USR_004,USR_003,1909.00,STK_002,1.15,MM_Balance,M_001049
2020-08-04T15:43:00,USR_003,USR_004,12498377.84,STK_005,6325.09,MM_Balance,M_001051
2020-08-04T15:44:00,USR_003,USR_004,1197.15,STK_002,1.15,MM_Balance,M_001046
2020-08-05T15:04:00,USR_003,USR_004,12640918.52,STK_005,6377.86,MM_Balance,M_001057
2020-08-05T15:13:00,USR_004,USR_003,12293.44,STK_004,6.56,MM_Balance,M_001056
2020-08-05T15:14:00,USR_003,USR_004,3017.58,STK_002,1.14,MM_Balance,M_001052
2020-08-05T15:21:00,USR_004,USR_003,12640918.52,STK_005,6377.86,MM_Balance,M_001054
2020-08-05T15:36:00,USR_004,USR_003,1296.18,STK_002,1.14,MM_Balance,M_001055
2020-08-05T15:54:00,USR_003,USR_004,16196.64,STK_004,6.56,MM_Balance,M_001053
2020-08-06T15:09:00,USR_004,USR_003,12947.55,STK_004,6.65,MM_Balance,M_001062
2020-08-06T15:12:00,USR_004,USR_003,2441.42,STK_002,1.18,MM_Balance,M_001061
2020-08-06T15:36:00,USR_004,USR_003,12651740.24,STK_005,6383.32,MM_Balance,M_001060
2020-08-06T15:42:00,USR_003,USR_004,1694.48,STK_002,1.18,MM_Balance,M_001058
2020-08-06T15:47:00,USR_003,USR_004,8349382.56,STK_005,6383.32,MM_Balance,M_001063
2020-08-06T15:59:00,USR_003,USR_004,10294.20,STK_004,6.65,MM_Balance,M_001059
2020-08-07T15:01:00,USR_004,USR_003,1534.80,STK_002,1.20,MM_Balance,M_001067
2020-08-07T15:10:00,USR_004,USR_003,8483701.08,STK_005,6486.01,MM_Balance,M_001066
2020-08-07T15:35:00,USR_003,USR_004,2392.80,STK_002,1.20,MM_Balance,M_001064
2020-08-07T15:35:00,USR_003,USR_004,12855271.82,STK_005,6486.01,MM_Balance,M_001069
2020-08-07T15:41:00,USR_003,USR_004,12488.80,STK_004,6.70,MM_Balance,M_001065
2020-08-07T15:51:00,USR_004,USR_003,17533.90,STK_004,6.70,MM_Balance,M_001068
2020-08-08T15:07:00,USR_003,USR_004,1764.77,STK_002,1.19,MM_Balance,M_001070
2020-08-08T15:38:00,USR_004,USR_003,1769.53,STK_002,1.19,MM_Balance,M_001073
2020-08-08T15:42:00,USR_003,USR_004,13442.00,STK_004,6.50,MM_Balance,M_001071
2020-08-08T15:51:00,USR_004,USR_003,16789.50,STK_004,6.50,MM_Balance,M_001074
2020-08-08T15:53:00,USR_003,USR_004,11192464.44,STK_005,6686.06,MM_Balance,M_001075
2020-08-08T15:56:00,USR_004,USR_003,13251770.92,STK_005,6686.06,MM_Balance,M_001072
2020-08-09T15:17:00,USR_003,USR_004,19407.16,STK_004,6.53,MM_Balance,M_001077
2020-08-09T15:19:00,USR_004,USR_003,3191.58,STK_002,1.19,MM_Balance,M_001079
2020-08-09T15:30:00,USR_004,USR_003,11329414.38,STK_005,6767.87,MM_Balance,M_001078
2020-08-09T15:43:00,USR_003,USR_004,2346.68,STK_002,1.19,MM_Balance,M_001076
2020-08-09T15:47:00,USR_003,USR_004,13413918.34,STK_005,6767.87,MM_Balance,M_001081
2020-08-09T15:57:00,USR_004,USR_003,15156.13,STK_004,6.53,MM_Balance,M_001080
2020-08-10T11:38:35,USR_004,USR_007,323.08,STK_004,1.97,Normal,M_001082
2020-08-10T15:02:00,USR_004,USR_003,13363872.84,STK_005,6742.62,MM_Balance,M_001085
2020-08-10T15:05:00,USR_004,USR_003,3245.58,STK_002,1.17,MM_Balance,M_001086
2020-08-10T15:28:00,USR_003,USR_004,3363.75,STK_002,1.17,MM_Balance,M_001083
2020-08-10T15:47:00,USR_004,USR_003,13315.92,STK_004,6.78,MM_Balance,M_001087
2020-08-10T15:51:00,USR_003,USR_004,18990.78,STK_004,6.78,MM_Balance,M_001084
2020-08-10T15:53:00,USR_003,USR_004,13363872.84,STK_005,6742.62,MM_Balance,M_001088
2020-08-11T10:30:31,USR_010,USR_004,175.10,STK_002,1.03,Normal,M_001090
2020-08-11T10:44:19,USR_003,USR_005,2141164.66,STK_001,8331.38,Normal,M_001089
2020-08-11T15:01:00,USR_004,USR_003,7189.80,STK_004,6.90,MM_Balance,M_001097
2020-08-11T15:05:00,USR_003,USR_004,7923809.96,STK_005,6760.93,MM_Balance,M_001098
2020-08-11T15:11:00,USR_003,USR_004,1762.95,STK_002,1.15,MM_Balance,M_001092
2020-08-11T15:18:00,USR_003,USR_004,18195.30,STK_004,6.90,MM_Balance,M_001093
2020-08-11T15:25:00,USR_003,USR_004,11960121.88,STK_001,8717.29,MM_Balance,M_001095
2020-08-11T15:26:00,USR_004,USR_003,7923809.96,STK_005,6760.93,MM_Balance,M_001094
2020-08-11T15:30:00,USR_004,USR_003,12186771.42,STK_001,8717.29,MM_Balance,M_001091
2020-08-11T15:53:00,USR_004,USR_003,3374.10,STK_002,1.15,MM_Balance,M_001096
2020-08-12T13:59:52,USR_003,USR_006,160.60,STK_002,1.10,Normal,M_001100
2020-08-12T14:17:10,USR_003,USR_009,879.00,STK_003,2.93,Normal,M_001099
2020-08-12T15:09:00,USR_004,USR_003,3120.18,STK_002,1.19,MM_Balance,M_001104
2020-08-12T15:11:00,USR_004,USR_003,12606416.00,STK_005,6792.25,MM_Balance,M_001103
2020-08-12T15:13:00,USR_003,USR_004,2651.32,STK_002,1.19,MM_Balance,M_001101
2020-08-12T15:16:00,USR_004,USR_003,10998.60,STK_004,6.90,MM_Balance,M_001105
2020-08-12T15:28:00,USR_003,USR_004,12606416.00,STK_005,6792.25,MM_Balance,M_001106
2020-08-12T15:43:00,USR_003,USR_004,17167.20,STK_004,6.90,MM_Balance,M_001102
2020-08-13T13:47:11,USR_009,USR_003,1639809.00,STK_001,9110.05,Normal,M_001107
2020-08-13T15:11:00,USR_004,USR_003,2625.60,STK_002,1.20,MM_Balance,M_001111
2020-08-13T15:16:00,USR_003,USR_004,1212.00,STK_002,1.20,MM_Balance,M_001108
2020-08-13T15:21:00,USR_003,USR_004,8675471.60,STK_005,6831.08,MM_Balance,M_001113
2020-08-13T15:25:00,USR_003,USR_004,11300.62,STK_004,6.98,MM_Balance,M_001109
2020-08-13T15:32:00,USR_004,USR_003,9402.06,STK_004,6.98,MM_Balance,M_001112
2020-08-13T15:57:00,USR_004,USR_003,8675471.60,STK_005,6831.08,MM_Balance,M_001110
2020-08-14T15:10:00,USR_003,USR_004,19682.88,STK_004,6.96,MM_Balance,M_001115
2020-08-14T15:12:00,USR_004,USR_003,7711.68,STK_004,6.96,MM_Balance,M_001118
2020-08-14T15:14:00,USR_003,USR_004,7492506.23,STK_005,6743.93,MM_Balance,M_001119
2020-08-14T15:20:00,USR_003,USR_004,2469.60,STK_002,1.20,MM_Balance,M_001114
2020-08-14T15:31:00,USR_004,USR_003,13366469.26,STK_005,6743.93,MM_Balance,M_001116
2020-08-14T15:54:00,USR_004,USR_003,2565.60,STK_002,1.20,MM_Balance,M_001117
2020-08-15T11:44:26,USR_005,USR_003,1535535.63,STK_005,6885.81,Normal,M_001126
2020-08-15T15:06:00,USR_003,USR_004,2934.78,STK_002,1.23,MM_Balance,M_001127
2020-08-15T15:18:00,USR_003,USR_004,7191.99,STK_004,6.83,MM_Balance,M_001128
2020-08-15T15:20:00,USR_004,USR_003,18536.62,STK_004,6.83,MM_Balance,M_001130
2020-08-15T15:23:00,USR_004,USR_003,2222.61,STK_002,1.23,MM_Balance,M_001129
2020-08-16T15:04:00,USR_004,USR_003,3103.29,STK_002,1.23,MM_Balance,M_001133
2020-08-16T15:25:00,USR_004,USR_003,8025.75,STK_004,6.75,MM_Balance,M_001134
2020-08-16T15:41:00,USR_003,USR_004,3248.43,STK_002,1.23,MM_Balance,M_001131
2020-08-16T15:51:00,USR_003,USR_004,11211.75,STK_004,6.75,MM_Balance,M_001132
2020-08-17T14:59:35,USR_007,USR_004,314.16,STK_004,1.87,Normal,M_001135
2020-08-17T15:17:00,USR_003,USR_004,12798.00,STK_004,6.48,MM_Balance,M_001137
2020-08-17T15:23:00,USR_004,USR_003,17236.80,STK_004,6.48,MM_Balance,M_001139
2020-08-17T15:48:00,USR_004,USR_003,1456.32,STK_002,1.23,MM_Balance,M_001138
2020-08-17T15:56:00,USR_003,USR_004,2351.76,STK_002,1.23,MM_Balance,M_001136
2020-08-18T12:14:03,USR_005,USR_004,158.24,STK_004,1.84,Normal,M_001140
2020-08-18T15:02:00,USR_003,USR_004,18591.88,STK_004,6.46,MM_Balance,M_001142
2020-08-18T15:03:00,USR_003,USR_004,2661.72,STK_002,1.23,MM_Balance,M_001141
2020-08-18T15:27:00,USR_004,USR_003,2515.35,STK_002,1.23,MM_Balance,M_001143
2020-08-18T15:29:00,USR_004,USR_003,7706.78,STK_004,6.46,MM_Balance,M_001144
2020-08-19T15:05:00,USR_003,USR_004,1682.38,STK_002,1.22,MM_Balance,M_001150
2020-08-19T15:25:00,USR_004,USR_003,6470.40,STK_004,6.40,MM_Balance,M_001153
2020-08-19T15:34:00,USR_004,USR_003,2303.36,STK_002,1.22,MM_Balance,M_001152
2020-08-19T15:43:00,USR_003,USR_004,17824.00,STK_004,6.40,MM_Balance,M_001151
2020-08-20T09:38:40,USR_003,USR_007,126.26,STK_002,1.18,Normal,M_001154
2020-08-20T14:24:08,USR_003,USR_009,2140.92,STK_004,6.26,Normal,M_001155
2020-08-20T15:07:00,USR_004,USR_003,1336.32,STK_002,1.28,MM_Balance,M_001158
2020-08-20T15:09:00,USR_004,USR_003,19850.56,STK_004,6.97,MM_Balance,M_001159
2020-08-20T15:19:00,USR_003,USR_004,1505.28,STK_002,1.28,MM_Balance,M_001156
2020-08-20T15:30:00,USR_003,USR_004,9081.91,STK_004,6.97,MM_Balance,M_001157
2020-08-21T13:25:48,USR_010,USR_003,3108569.12,STK_001,9363.16,Normal,M_001160
2020-08-21T15:01:00,USR_004,USR_003,14462.95,STK_004,6.95,MM_Balance,M_001164
2020-08-21T15:31:00,USR_003,USR_004,1354.50,STK_002,1.26,MM_Balance,M_001161
2020-08-21T15:32:00,USR_003,USR_004,13865.25,STK_004,6.95,MM_Balance,M_001162
2020-08-21T15:45:00,USR_004,USR_003,1857.24,STK_002,1.26,MM_Balance,M_001163
2020-08-22T15:12:00,USR_004,USR_003,9383.22,STK_004,6.93,MM_Balance,M_001176
2020-08-22T15:13:00,USR_003,USR_004,2932.17,STK_002,1.29,MM_Balance,M_001173
2020-08-22T15:30:00,USR_004,USR_003,3052.14,STK_002,1.29,MM_Balance,M_001175
2020-08-22T15:47:00,USR_003,USR_004,16729.02,STK_004,6.93,MM_Balance,M_001174
2020-08-23T10:32:14,USR_003,USR_006,276576.30,STK_005,6585.15,Normal,M_001177
2020-08-23T15:03:00,USR_003,USR_004,17317.68,STK_004,7.08,MM_Balance,M_001179
2020-08-23T15:06:00,USR_004,USR_003,21211.68,STK_004,7.08,MM_Balance,M_001181
2020-08-23T15:09:00,USR_003,USR_004,3657.15,STK_002,1.29,MM_Balance,M_001178
2020-08-23T15:29:00,USR_004,USR_003,3400.44,STK_002,1.29,MM_Balance,M_001180
2020-08-24T15:17:00,USR_004,USR_003,8194.52,STK_004,6.98,MM_Balance,M_001185
2020-08-24T15:18:00,USR_004,USR_003,2208.70,STK_002,1.30,MM_Balance,M_001184
2020-08-24T15:26:00,USR_003,USR_004,2468.70,STK_002,1.30,MM_Balance,M_001182
2020-08-24T15:53:00,USR_003,USR_004,10483.96,STK_004,6.98,MM_Balance,M_001183
2020-08-25T10:08:00,USR_002,USR_003,20946.25,STK_002,1.25,Normal,M_001186
2020-08-25T15:02:00,USR_003,USR_004,2554.00,STK_002,1.00,MM_Balance,M_001187
2020-08-25T15:25:00,USR_004,USR_003,12764.46,STK_004,6.87,MM_Balance,M_001190
2020-08-25T15:36:00,USR_003,USR_004,19565.76,STK_004,6.87,MM_Balance,M_001188
2020-08-25T15:45:00,USR_004,USR_003,2293.00,STK_002,1.00,MM_Balance,M_001189
2020-08-26T15:02:00,USR_003,USR_004,8110.24,STK_004,6.92,MM_Balance,M_001192
2020-08-26T15:12:00,USR_003,USR_004,2588.00,STK_002,1.00,MM_Balance,M_001191
2020-08-26T15:34:00,USR_004,USR_003,14289.80,STK_004,6.92,MM_Balance,M_001194
2020-08-26T15:46:00,USR_004,USR_003,1798.00,STK_002,1.00,MM_Balance,M_001193
2020-08-27T09:32:50,USR_004,USR_009,1407995.46,STK_001,8691.33,Normal,M_001196
2020-08-27T10:37:37,USR_004,USR_010,1016.17,STK_003,3.07,Normal,M_001195
2020-08-27T15:19:00,USR_003,USR_004,12190.70,STK_004,7.10,MM_Balance,M_001198
2020-08-27T15:24:00,USR_004,USR_003,17480.20,STK_004,7.10,MM_Balance,M_001200
2020-08-27T15:47:00,USR_003,USR_004,2649.00,STK_002,1.00,MM_Balance,M_001197
2020-08-27T15:50:00,USR_004,USR_003,2365.00,STK_002,1.00,MM_Balance,M_001199
2020-08-28T12:51:41,USR_007,USR_004,119.00,STK_002,1.00,Normal,M_001201
2020-08-28T15:26:00,USR_004,USR_003,2498.00,STK_002,1.00,MM_Balance,M_001204
2020-08-28T15:27:00,USR_003,USR_004,2303.00,STK_002,1.00,MM_Balance,M_001202
2020-08-28T15:32:00,USR_004,USR_003,9298.10,STK_004,7.18,MM_Balance,M_001205
2020-08-28T15:59:00,USR_003,USR_004,17310.98,STK_004,7.18,MM_Balance,M_001203
2020-08-29T15:07:00,USR_003,USR_004,7248.88,STK_004,7.22,MM_Balance,M_001215
2020-08-29T15:11:00,USR_003,USR_004,1441.00,STK_002,1.00,MM_Balance,M_001214
2020-08-29T15:30:00,USR_004,USR_003,13393.10,STK_004,7.22,MM_Balance,M_001217
2020-08-29T15:55:00,USR_004,USR_003,1138.00,STK_002,1.00,MM_Balance,M_001216
2020-08-30T11:00:26,USR_004,USR_006,663.00,STK_004,1.95,Normal,M_001219
2020-08-30T13:05:56,USR_004,USR_007,396627.20,STK_005,6838.40,Normal,M_001218
2020-08-30T15:35:00,USR_003,USR_004,17871.78,STK_004,7.71,MM_Balance,M_001221
2020-08-30T15:36:00,USR_004,USR_003,22821.60,STK_004,7.71,MM_Balance,M_001223
2020-08-30T15:39:00,USR_004,USR_003,1421.88,STK_002,1.02,MM_Balance,M_001222
2020-08-30T15:41:00,USR_003,USR_004,2191.98,STK_002,1.02,MM_Balance,M_001220
2020-08-31T15:01:00,USR_004,USR_003,1885.98,STK_002,1.02,MM_Balance,M_001226
2020-08-31T15:16:00,USR_004,USR_003,13846.14,STK_004,7.77,MM_Balance,M_001227
2020-08-31T15:27:00,USR_003,USR_004,13177.92,STK_004,7.77,MM_Balance,M_001225
2020-08-31T15:55:00,USR_003,USR_004,2046.12,STK_002,1.02,MM_Balance,M_001224
2020-09-01T10:05:44,USR_007,USR_004,2195913.98,STK_001,8890.34,Normal,M_001230
2020-09-01T10:36:03,USR_004,USR_005,175.00,STK_002,1.00,Normal,M_001228
2020-09-01T14:05:28,USR_003,USR_009,262.00,STK_002,1.00,Normal,M_001229
2020-09-01T15:26:00,USR_003,USR_004,1186.08,STK_002,1.12,MM_Balance,M_001231
2020-09-01T15:35:00,USR_004,USR_003,1737.12,STK_002,1.12,MM_Balance,M_001233
2020-09-01T15:48:00,USR_004,USR_003,11746.24,STK_004,7.81,MM_Balance,M_001234
2020-09-01T15:56:00,USR_003,USR_004,22422.51,STK_004,7.81,MM_Balance,M_001232
2020-09-02T09:30:32,USR_004,USR_010,294.00,STK_002,1.00,Normal,M_001235
2020-09-02T12:57:36,USR_006,USR_004,1241086.56,STK_001,8329.44,Normal,M_001236
2020-09-02T15:05:00,USR_004,USR_003,1889.55,STK_002,1.17,MM_Balance,M_001239
2020-09-02T15:07:00,USR_004,USR_003,19294.20,STK_004,7.94,MM_Balance,M_001240
2020-09-02T15:10:00,USR_003,USR_004,8678.42,STK_004,7.94,MM_Balance,M_001238
2020-09-02T15:53:00,USR_003,USR_004,2571.66,STK_002,1.17,MM_Balance,M_001237
2020-09-03T15:00:00,USR_004,USR_003,22312.64,STK_004,7.84,MM_Balance,M_001244
2020-09-03T15:30:00,USR_004,USR_003,2650.28,STK_002,1.18,MM_Balance,M_001243
2020-09-03T15:58:00,USR_003,USR_004,1217.76,STK_002,1.18,MM_Balance,M_001241
2020-09-03T15:59:00,USR_003,USR_004,18212.32,STK_004,7.84,MM_Balance,M_001242
2020-09-04T09:34:36,USR_004,USR_007,457.60,STK_004,2.20,Normal,M_001245
2020-09-04T09:40:48,USR_003,USR_006,744.18,STK_003,3.14,Normal,M_001246
2020-09-04T15:05:00,USR_003,USR_004,1572.96,STK_002,1.13,MM_Balance,M_001247
2020-09-04T15:17:00,USR_004,USR_003,8901.00,STK_004,8.28,MM_Balance,M_001250
2020-09-04T15:31:00,USR_004,USR_003,1671.27,STK_002,1.13,MM_Balance,M_001249
2020-09-04T15:45:00,USR_003,USR_004,21983.40,STK_004,8.28,MM_Balance,M_001248
2020-09-05T10:05:31,USR_003,USR_007,43.00,STK_002,1.00,Normal,M_001251
2020-09-05T11:59:49,USR_005,USR_003,1788769.05,STK_005,6457.65,Normal,M_001252
2020-09-05T15:20:00,USR_003,USR_004,22698.48,STK_004,8.26,MM_Balance,M_001254
2020-09-05T15:26:00,USR_004,USR_003,3111.06,STK_002,1.14,MM_Balance,M_001255
2020-09-05T15:27:00,USR_003,USR_004,1144.56,STK_002,1.14,MM_Balance,M_001253
2020-09-05T15:43:00,USR_004,USR_003,10316.74,STK_004,8.26,MM_Balance,M_001256
2020-09-06T15:15:00,USR_003,USR_004,3223.36,STK_002,1.12,MM_Balance,M_001257
2020-09-06T15:21:00,USR_003,USR_004,11302.56,STK_004,8.46,MM_Balance,M_001258
2020-09-06T15:30:00,USR_004,USR_003,8942.22,STK_004,8.46,MM_Balance,M_001260
2020-09-06T15:40:00,USR_004,USR_003,1263.36,STK_002,1.12,MM_Balance,M_001259
2020-09-07T10:05:30,USR_003,USR_009,1675933.49,STK_001,8255.83,Normal,M_001262
2020-09-07T14:46:10,USR_004,USR_005,355752.28,STK_005,6133.66,Normal,M_001261
2020-09-07T15:03:00,USR_004,USR_003,18382.65,STK_004,8.57,MM_Balance,M_001266
2020-09-07T15:06:00,USR_004,USR_003,1258.74,STK_002,1.11,MM_Balance,M_001265
2020-09-07T15:19:00,USR_003,USR_004,9529.84,STK_004,8.57,MM_Balance,M_001264
2020-09-07T15:24:00,USR_003,USR_004,8171117.28,STK_005,6148.32,MM_Balance,M_001267
2020-09-07T15:51:00,USR_003,USR_004,3199.02,STK_002,1.11,MM_Balance,M_001263
2020-09-08T11:15:44,USR_006,USR_003,1948165.21,STK_005,6224.17,Normal,M_001268
2020-09-08T15:02:00,USR_004,USR_003,22951.04,STK_004,8.72,MM_Balance,M_001273
2020-09-08T15:15:00,USR_004,USR_003,1518.00,STK_002,1.10,MM_Balance,M_001272
2020-09-08T15:19:00,USR_003,USR_004,7280043.03,STK_005,5773.23,MM_Balance,M_001274
2020-09-08T15:26:00,USR_003,USR_004,15059.44,STK_004,8.72,MM_Balance,M_001270
2020-09-08T15:32:00,USR_003,USR_004,2535.50,STK_002,1.10,MM_Balance,M_001269
2020-09-08T15:39:00,USR_004,USR_003,13416986.52,STK_005,5773.23,MM_Balance,M_001271
2020-09-09T14:35:32,USR_003,USR_002,7985299.52,STK_005,5803.27,Normal,M_001275
2020-09-09T15:04:00,USR_003,USR_004,2842.72,STK_002,1.09,MM_Balance,M_001276
2020-09-09T15:19:00,USR_003,USR_004,9221213.82,STK_005,7312.62,MM_Balance,M_001281
2020-09-09T15:37:00,USR_004,USR_003,24311.84,STK_004,8.86,MM_Balance,M_001280
2020-09-09T15:42:00,USR_003,USR_004,12288.82,STK_004,8.86,MM_Balance,M_001277
2020-09-09T15:44:00,USR_004,USR_003,9221213.82,STK_005,7312.62,MM_Balance,M_001278
2020-09-09T15:44:00,USR_004,USR_003,2428.52,STK_002,1.09,MM_Balance,M_001279
2020-09-10T15:00:00,USR_003,USR_004,1917.30,STK_002,1.10,MM_Balance,M_001282
2020-09-10T15:01:00,USR_003,USR_004,15155.00,STK_004,8.75,MM_Balance,M_001283
2020-09-10T15:01:00,USR_004,USR_003,9528.75,STK_004,8.75,MM_Balance,M_001286
2020-09-10T15:18:00,USR_004,USR_003,9132199.83,STK_005,7242.03,MM_Balance,M_001284
2020-09-10T15:18:00,USR_003,USR_004,9132199.83,STK_005,7242.03,MM_Balance,M_001287
2020-09-10T15:40:00,USR_004,USR_003,1537.80,STK_002,1.10,MM_Balance,M_001285
2020-09-11T10:44:57,USR_006,USR_003,65.40,STK_003,3.27,Normal,M_001288
2020-09-11T12:53:21,USR_004,USR_010,243.00,STK_002,1.00,Normal,M_001289
2020-09-11T15:09:00,USR_003,USR_004,10706.04,STK_004,8.62,MM_Balance,M_001291
2020-09-11T15:12:00,USR_004,USR_003,9190231.05,STK_005,7288.05,MM_Balance,M_001292
2020-09-11T15:24:00,USR_004,USR_003,2403.50,STK_002,1.15,MM_Balance,M_001293
2020-09-11T15:38:00,USR_004,USR_003,14231.62,STK_004,8.62,MM_Balance,M_001294
2020-09-11T15:40:00,USR_003,USR_004,9190231.05,STK_005,7288.05,MM_Balance,M_001295
2020-09-11T15:45:00,USR_003,USR_004,3217.70,STK_002,1.15,MM_Balance,M_001290
2020-09-12T15:14:00,USR_003,USR_004,9043778.51,STK_005,7171.91,MM_Balance,M_001301
2020-09-12T15:20:00,USR_003,USR_004,1611.88,STK_002,1.18,MM_Balance,M_001296
2020-09-12T15:31:00,USR_004,USR_003,9043778.51,STK_005,7171.91,MM_Balance,M_001298
2020-09-12T15:37:00,USR_004,USR_003,1827.82,STK_002,1.18,MM_Balance,M_001299
2020-09-12T15:44:00,USR_003,USR_004,18019.68,STK_004,8.68,MM_Balance,M_001297
2020-09-12T15:58:00,USR_004,USR_003,20016.08,STK_004,8.68,MM_Balance,M_001300
2020-09-13T10:15:00,USR_004,USR_010,357.00,STK_002,1.05,Normal,M_001307
2020-09-13T13:26:12,USR_004,USR_009,1398800.31,STK_005,7247.67,Normal,M_001306
2020-09-13T15:02:00,USR_004,USR_003,7978451.28,STK_005,7470.46,MM_Balance,M_001310
2020-09-13T15:07:00,USR_003,USR_004,10472.72,STK_004,8.72,MM_Balance,M_001309
2020-09-13T15:12:00,USR_004,USR_003,2204.73,STK_002,1.31,MM_Balance,M_001311
2020-09-13T15:17:00,USR_003,USR_004,3417.79,STK_002,1.31,MM_Balance,M_001308
2020-09-13T15:19:00,USR_004,USR_003,13184.64,STK_004,8.72,MM_Balance,M_001312
2020-09-13T15:45:00,USR_003,USR_004,7978451.28,STK_005,7470.46,MM_Balance,M_001313
2020-09-14T15:28:00,USR_004,USR_003,12275.11,STK_004,8.59,MM_Balance,M_001318
2020-09-14T15:35:00,USR_003,USR_004,8114866.92,STK_005,7598.19,MM_Balance,M_001319
2020-09-14T15:49:00,USR_004,USR_003,2460.18,STK_002,1.31,MM_Balance,M_001317
2020-09-14T15:50:00,USR_003,USR_004,14577.23,STK_004,8.59,MM_Balance,M_001315
2020-09-14T15:52:00,USR_003,USR_004,3247.49,STK_002,1.31,MM_Balance,M_001314
2020-09-14T15:54:00,USR_004,USR_003,8114866.92,STK_005,7598.19,MM_Balance,M_001316
2020-09-15T12:30:21,USR_008,USR_003,782773.20,STK_001,8895.15,Normal,M_001320
2020-09-15T15:10:00,USR_003,USR_004,8112079.44,STK_005,7595.58,MM_Balance,M_001326
2020-09-15T15:13:00,USR_003,USR_004,2260.60,STK_002,1.27,MM_Balance,M_001321
2020-09-15T15:30:00,USR_004,USR_003,8112079.44,STK_005,7595.58,MM_Balance,M_001323
2020-09-15T15:34:00,USR_003,USR_004,9898.80,STK_004,8.76,MM_Balance,M_001322
2020-09-15T15:36:00,USR_004,USR_003,2124.71,STK_002,1.27,MM_Balance,M_001324
2020-09-15T15:57:00,USR_004,USR_003,20218.08,STK_004,8.76,MM_Balance,M_001325
2020-09-16T11:22:45,USR_009,USR_004,111.15,STK_004,2.47,Normal,M_001335
2020-09-16T11:44:48,USR_006,USR_004,47.88,STK_002,1.14,Normal,M_001338
2020-09-16T13:40:39,USR_004,USR_010,2361121.20,STK_005,7616.52,Normal,M_001337
2020-09-16T13:49:17,USR_004,USR_008,251.79,STK_002,1.09,Normal,M_001336
2020-09-16T15:05:00,USR_003,USR_004,21652.67,STK_004,8.63,MM_Balance,M_001340
2020-09-16T15:15:00,USR_003,USR_004,6078485.38,STK_005,8019.11,MM_Balance,M_001344
2020-09-16T15:36:00,USR_003,USR_004,2589.51,STK_002,1.33,MM_Balance,M_001339
2020-09-16T15:39:00,USR_004,USR_003,15534.00,STK_004,8.63,MM_Balance,M_001343
2020-09-16T15:44:00,USR_004,USR_003,2274.30,STK_002,1.33,MM_Balance,M_001342
2020-09-16T15:56:00,USR_004,USR_003,6078485.38,STK_005,8019.11,MM_Balance,M_001341
2020-09-17T15:04:00,USR_004,USR_003,6076279.60,STK_005,8016.20,MM_Balance,M_001347
2020-09-17T15:13:00,USR_003,USR_004,6076279.60,STK_005,8016.20,MM_Balance,M_001350
2020-09-17T15:28:00,USR_004,USR_003,15962.52,STK_004,8.68,MM_Balance,M_001349
2020-09-17T15:31:00,USR_003,USR_004,3862.35,STK_002,1.35,MM_Balance,M_001345
2020-09-17T15:35:00,USR_003,USR_004,22220.80,STK_004,8.68,MM_Balance,M_001346
2020-09-17T15:49:00,USR_004,USR_003,2744.55,STK_002,1.35,MM_Balance,M_001348
2020-09-18T10:24:53,USR_007,USR_003,322.04,STK_003,3.32,Normal,M_001359
2020-09-18T14:20:42,USR_003,USR_008,391.20,STK_003,3.26,Normal,M_001360
2020-09-18T15:03:00,USR_003,USR_004,16455.58,STK_004,8.62,MM_Balance,M_001362
2020-09-18T15:05:00,USR_003,USR_004,6094615.62,STK_005,8040.39,MM_Balance,M_001366
2020-09-18T15:12:00,USR_004,USR_003,3393.72,STK_002,1.32,MM_Balance,M_001364
2020-09-18T15:44:00,USR_003,USR_004,2374.68,STK_002,1.32,MM_Balance,M_001361
2020-09-18T15:49:00,USR_004,USR_003,6094615.62,STK_005,8040.39,MM_Balance,M_001363
2020-09-18T15:58:00,USR_004,USR_003,15231.54,STK_004,8.62,MM_Balance,M_001365
2020-09-19T12:02:04,USR_004,USR_005,134.20,STK_002,1.10,Normal,M_001372
2020-09-19T12:22:42,USR_003,USR_008,56.61,STK_003,3.33,Normal,M_001371
2020-09-19T15:06:00,USR_004,USR_003,2014.95,STK_002,1.33,MM_Balance,M_001376
2020-09-19T15:13:00,USR_003,USR_004,3741.29,STK_002,1.33,MM_Balance,M_001373
2020-09-19T15:44:00,USR_004,USR_003,20330.04,STK_004,8.87,MM_Balance,M_001377
2020-09-19T15:45:00,USR_004,USR_003,6003162.92,STK_005,7919.74,MM_Balance,M_001375
2020-09-19T15:49:00,USR_003,USR_004,14342.79,STK_004,8.87,MM_Balance,M_001374
2020-09-19T15:59:00,USR_003,USR_004,6003162.92,STK_005,7919.74,MM_Balance,M_001378
2020-09-20T15:02:00,USR_003,USR_004,6103090.06,STK_005,8051.57,MM_Balance,M_001384
2020-09-20T15:08:00,USR_004,USR_003,6103090.06,STK_005,8051.57,MM_Balance,M_001381
2020-09-20T15:15:00,USR_003,USR_004,2170.56,STK_002,1.33,MM_Balance,M_001379
2020-09-20T15:15:00,USR_003,USR_004,22848.00,STK_004,8.96,MM_Balance,M_001380
2020-09-20T15:18:00,USR_004,USR_003,2687.93,STK_002,1.33,MM_Balance,M_001382
2020-09-20T15:24:00,USR_004,USR_003,11737.60,STK_004,8.96,MM_Balance,M_001383
2020-09-21T09:59:31,USR_004,USR_002,3591.00,STK_003,3.50,Normal,M_001385
2020-09-21T15:05:00,USR_003,USR_004,6090946.90,STK_005,8035.55,MM_Balance,M_001392
2020-09-21T15:09:00,USR_004,USR_003,21173.79,STK_004,9.21,MM_Balance,M_001391
2020-09-21T15:12:00,USR_003,USR_004,4777.74,STK_003,4.18,MM_Balance,M_001390
2020-09-21T15:20:00,USR_003,USR_004,19037.07,STK_004,9.21,MM_Balance,M_001387
2020-09-21T15:40:00,USR_004,USR_003,6090946.90,STK_005,8035.55,MM_Balance,M_001388
2020-09-21T15:55:00,USR_003,USR_004,2985.85,STK_002,1.33,MM_Balance,M_001386
2020-09-21T15:55:00,USR_004,USR_003,1505.56,STK_002,1.33,MM_Balance,M_001389
2020-09-22T11:19:59,USR_010,USR_004,173.16,STK_002,1.11,Normal,M_001393
2020-09-22T15:09:00,USR_004,USR_003,6042040.74,STK_005,7971.03,MM_Balance,M_001396
2020-09-22T15:10:00,USR_003,USR_004,2269.44,STK_002,1.28,MM_Balance,M_001394
2020-09-22T15:27:00,USR_003,USR_004,17754.99,STK_004,9.33,MM_Balance,M_001395
2020-09-22T15:48:00,USR_004,USR_003,1331.20,STK_002,1.28,MM_Balance,M_001397
2020-09-22T15:54:00,USR_004,USR_003,17493.75,STK_004,9.33,MM_Balance,M_001398
2020-09-22T15:58:00,USR_003,USR_004,6042040.74,STK_005,7971.03,MM_Balance,M_001399
2020-09-23T15:02:00,USR_003,USR_004,3655.60,STK_002,1.30,MM_Balance,M_001408
2020-09-23T15:16:00,USR_004,USR_003,3848.00,STK_002,1.30,MM_Balance,M_001411
2020-09-23T15:44:00,USR_003,USR_004,6018512.42,STK_005,7939.99,MM_Balance,M_001413
2020-09-23T15:45:00,USR_004,USR_003,19204.20,STK_004,9.40,MM_Balance,M_001412
2020-09-23T15:48:00,USR_004,USR_003,6018512.42,STK_005,7939.99,MM_Balance,M_001410
2020-09-23T15:59:00,USR_003,USR_004,16807.20,STK_004,9.40,MM_Balance,M_001409
2020-09-24T15:07:00,USR_003,USR_004,1342.75,STK_002,1.31,MM_Balance,M_001414
2020-09-24T15:27:00,USR_004,USR_003,26710.64,STK_004,9.56,MM_Balance,M_001418
2020-09-24T15:27:00,USR_003,USR_004,5970129.28,STK_005,7876.16,MM_Balance,M_001419
2020-09-24T15:45:00,USR_003,USR_004,22169.64,STK_004,9.56,MM_Balance,M_001415
2020-09-24T15:45:00,USR_004,USR_003,5970129.28,STK_005,7876.16,MM_Balance,M_001416
2020-09-24T15:58:00,USR_004,USR_003,2699.91,STK_002,1.31,MM_Balance,M_001417
2020-09-25T13:18:11,USR_004,USR_005,11.10,STK_002,1.11,Normal,M_001420
2020-09-25T15:07:00,USR_004,USR_003,2678.28,STK_002,1.32,MM_Balance,M_001424
2020-09-25T15:11:00,USR_003,USR_004,1780.68,STK_002,1.32,MM_Balance,M_001421
2020-09-25T15:12:00,USR_003,USR_004,5938846.62,STK_005,7834.89,MM_Balance,M_001426
2020-09-25T15:31:00,USR_004,USR_003,5938846.62,STK_005,7834.89,MM_Balance,M_001423
2020-09-25T15:45:00,USR_003,USR_004,13147.12,STK_004,9.52,MM_Balance,M_001422
2020-09-25T15:52:00,USR_004,USR_003,20572.72,STK_004,9.52,MM_Balance,M_001425
2020-09-26T09:52:51,USR_003,USR_006,1382.50,STK_003,3.95,Normal,M_001428
2020-09-26T11:55:10,USR_009,USR_003,1509759.87,STK_005,7822.59,Normal,M_001429
2020-09-26T14:49:50,USR_004,USR_010,407256.78,STK_001,9696.59,Normal,M_001427
2020-09-26T15:21:00,USR_003,USR_004,3417.00,STK_002,1.34,MM_Balance,M_001430
2020-09-26T15:22:00,USR_003,USR_004,7048640.82,STK_005,7411.82,MM_Balance,M_001435
2020-09-26T15:23:00,USR_003,USR_004,15825.93,STK_004,9.37,MM_Balance,M_001431
2020-09-26T15:23:00,USR_004,USR_003,3922.18,STK_002,1.34,MM_Balance,M_001433
2020-09-26T15:39:00,USR_004,USR_003,16631.75,STK_004,9.37,MM_Balance,M_001434
2020-09-26T15:52:00,USR_004,USR_003,5618159.56,STK_005,7411.82,MM_Balance,M_001432
2020-09-27T15:12:00,USR_004,USR_003,3050.48,STK_002,1.36,MM_Balance,M_001447
2020-09-27T15:24:00,USR_004,USR_003,7151748.24,STK_005,7520.24,MM_Balance,M_001446
2020-09-27T15:31:00,USR_003,USR_004,7151748.24,STK_005,7520.24,MM_Balance,M_001449
2020-09-27T15:33:00,USR_004,USR_003,26169.21,STK_004,9.41,MM_Balance,M_001448
2020-09-27T15:54:00,USR_003,USR_004,22094.68,STK_004,9.41,MM_Balance,M_001445
2020-09-27T15:59:00,USR_003,USR_004,2551.36,STK_002,1.36,MM_Balance,M_001444
2020-09-28T09:45:57,USR_007,USR_003,2279193.52,STK_001,9824.11,Normal,M_001450
2020-09-28T11:50:41,USR_004,USR_005,653.31,STK_003,4.27,Normal,M_001451
2020-09-28T15:07:00,USR_003,USR_004,7224461.70,STK_005,7596.70,MM_Balance,M_001458
2020-09-28T15:14:00,USR_003,USR_004,25120.70,STK_004,9.02,MM_Balance,M_001453
2020-09-28T15:14:00,USR_004,USR_003,23948.10,STK_004,9.02,MM_Balance,M_001457
2020-09-28T15:21:00,USR_004,USR_003,7224461.70,STK_005,7596.70,MM_Balance,M_001454
2020-09-28T15:41:00,USR_003,USR_004,10268.21,STK_003,4.39,MM_Balance,M_001456
2020-09-28T15:45:00,USR_004,USR_003,3895.04,STK_002,1.36,MM_Balance,M_001455
2020-09-28T15:50:00,USR_003,USR_004,1611.60,STK_002,1.36,MM_Balance,M_001452
2020-09-29T12:24:34,USR_009,USR_003,1972890.40,STK_001,9485.05,Normal,M_001459
2020-09-29T15:09:00,USR_003,USR_004,2289.33,STK_002,1.39,MM_Balance,M_001460
2020-09-29T15:14:00,USR_003,USR_004,24833.10,STK_004,9.15,MM_Balance,M_001461
2020-09-29T15:18:00,USR_004,USR_003,3101.09,STK_002,1.39,MM_Balance,M_001463
2020-09-29T15:20:00,USR_003,USR_004,7399179.42,STK_005,7780.42,MM_Balance,M_001465
2020-09-29T15:29:00,USR_004,USR_003,7399179.42,STK_005,7780.42,MM_Balance,M_001462
2020-09-29T15:42:00,USR_004,USR_003,23140.35,STK_004,9.15,MM_Balance,M_001464
2020-09-30T12:40:13,USR_001,USR_004,30517.76,STK_004,2.56,Normal,M_001474
2020-09-30T15:08:00,USR_004,USR_003,7640124.78,STK_005,8033.78,MM_Balance,M_001477
2020-09-30T15:41:00,USR_003,USR_004,7640124.78,STK_005,8033.78,MM_Balance,M_001480
2020-09-30T15:44:00,USR_003,USR_004,2146.08,STK_002,1.36,MM_Balance,M_001475
2020-09-30T15:50:00,USR_004,USR_003,3454.40,STK_002,1.36,MM_Balance,M_001478
2020-09-30T15:54:00,USR_003,USR_004,2435.00,STK_004,1.00,MM_Balance,M_001476
2020-09-30T15:59:00,USR_004,USR_003,2740.00,STK_004,1.00,MM_Balance,M_001479
2020-10-01T11:01:52,USR_004,USR_005,269.04,STK_002,1.18,Normal,M_001481
2020-10-01T14:11:29,USR_003,USR_008,36.00,STK_004,1.00,Normal,M_001482
2020-10-01T15:02:00,USR_003,USR_004,2146.43,STK_002,1.43,MM_Balance,M_001483
2020-10-01T15:25:00,USR_003,USR_004,1537.79,STK_004,1.03,MM_Balance,M_001484
2020-10-01T15:29:00,USR_003,USR_004,7568771.25,STK_005,7958.75,MM_Balance,M_001488
2020-10-01T15:44:00,USR_004,USR_003,7568771.25,STK_005,7958.75,MM_Balance,M_001485
2020-10-01T15:44:00,USR_004,USR_003,2665.64,STK_004,1.03,MM_Balance,M_001487
2020-10-01T15:47:00,USR_004,USR_003,3340.48,STK_002,1.43,MM_Balance,M_001486
2020-10-02T15:33:00,USR_004,USR_003,7409107.86,STK_005,7790.86,MM_Balance,M_001499
2020-10-02T15:35:00,USR_003,USR_004,1842.12,STK_004,1.02,MM_Balance,M_001498
2020-10-02T15:42:00,USR_004,USR_003,3036.54,STK_004,1.02,MM_Balance,M_001501
2020-10-02T15:44:00,USR_003,USR_004,3809.52,STK_002,1.43,MM_Balance,M_001497
2020-10-02T15:48:00,USR_004,USR_003,3636.49,STK_002,1.43,MM_Balance,M_001500
2020-10-02T15:55:00,USR_003,USR_004,7409107.86,STK_005,7790.86,MM_Balance,M_001502
2020-10-03T12:42:18,USR_008,USR_004,261.00,STK_004,1.00,Normal,M_001505
2020-10-03T14:06:25,USR_006,USR_003,232.67,STK_003,4.39,Normal,M_001503
2020-10-03T14:13:41,USR_003,USR_007,1460096.95,STK_001,8957.65,Normal,M_001504
2020-10-03T15:02:00,USR_003,USR_004,1485.00,STK_004,1.00,MM_Balance,M_001507
2020-10-03T15:06:00,USR_003,USR_004,3371.20,STK_002,1.40,MM_Balance,M_001506
2020-10-03T15:08:00,USR_004,USR_003,4144.00,STK_002,1.40,MM_Balance,M_001509
2020-10-03T15:19:00,USR_004,USR_003,7247124.03,STK_005,7620.53,MM_Balance,M_001508
2020-10-03T15:22:00,USR_004,USR_003,2211.00,STK_004,1.00,MM_Balance,M_001510
2020-10-03T15:46:00,USR_003,USR_004,7247124.03,STK_005,7620.53,MM_Balance,M_001511
2020-10-04T15:00:00,USR_004,USR_003,2184.00,STK_002,1.40,MM_Balance,M_001521
2020-10-04T15:05:00,USR_003,USR_004,3235.40,STK_002,1.40,MM_Balance,M_001518
2020-10-04T15:06:00,USR_003,USR_004,7270299.90,STK_005,7644.90,MM_Balance,M_001523
2020-10-04T15:14:00,USR_004,USR_003,1789.72,STK_004,1.01,MM_Balance,M_001522
2020-10-04T15:21:00,USR_003,USR_004,2890.62,STK_004,1.01,MM_Balance,M_001519
2020-10-04T15:55:00,USR_004,USR_003,7270299.90,STK_005,7644.90,MM_Balance,M_001520
2020-10-05T14:20:22,USR_003,USR_005,186.00,STK_004,1.00,Normal,M_001524
2020-10-05T15:08:00,USR_003,USR_004,2463.30,STK_004,1.05,MM_Balance,M_001526
2020-10-05T15:36:00,USR_004,USR_003,7477636.92,STK_005,7862.92,MM_Balance,M_001527
2020-10-05T15:38:00,USR_003,USR_004,7477636.92,STK_005,7862.92,MM_Balance,M_001530
2020-10-05T15:43:00,USR_003,USR_004,1406.22,STK_002,1.38,MM_Balance,M_001525
2020-10-05T15:49:00,USR_004,USR_003,2570.40,STK_004,1.05,MM_Balance,M_001529
2020-10-05T15:58:00,USR_004,USR_003,1529.04,STK_002,1.38,MM_Balance,M_001528
2020-10-06T10:13:24,USR_006,USR_004,727.60,STK_003,4.28,Normal,M_001531
2020-10-06T10:16:11,USR_003,USR_009,110.92,STK_002,1.18,Normal,M_001532
2020-10-06T15:00:00,USR_004,USR_003,2525.40,STK_002,1.38,MM_Balance,M_001536
2020-10-06T15:27:00,USR_003,USR_004,3029.40,STK_004,1.02,MM_Balance,M_001534
2020-10-06T15:27:00,USR_003,USR_004,7507593.42,STK_005,7894.42,MM_Balance,M_001538
2020-10-06T15:31:00,USR_004,USR_003,7507593.42,STK_005,7894.42,MM_Balance,M_001535
2020-10-06T15:53:00,USR_004,USR_003,2922.30,STK_004,1.02,MM_Balance,M_001537
2020-10-06T15:55:00,USR_003,USR_004,3663.90,STK_002,1.38,MM_Balance,M_001533
2020-10-07T12:00:00.050000,USR_003,USR_004,5200.00,STK_004,1.04,Wash_Trade,M_001553
2020-10-07T12:00:00.100000,USR_004,USR_003,5200.00,STK_004,1.04,Wash_Trade,M_001554
2020-10-07T12:00:00.150000,USR_003,USR_004,5200.00,STK_004,1.04,Wash_Trade,M_001555
2020-10-07T12:00:00.200000,USR_004,USR_003,5200.00,STK_004,1.04,Wash_Trade,M_001556
2020-10-07T12:00:00.250000,USR_003,USR_004,5200.00,STK_004,1.04,Wash_Trade,M_001557
2020-10-07T12:00:00.300000,USR_004,USR_003,5200.00,STK_004,1.04,Wash_Trade,M_001558
2020-10-07T12:00:00.350000,USR_003,USR_004,5200.00,STK_004,1.04,Wash_Trade,M_001559
2020-10-07T12:00:00.400000,USR_004,USR_003,5200.00,STK_004,1.04,Wash_Trade,M_001560
2020-10-07T12:00:00.450000,USR_003,USR_004,5200.00,STK_004,1.04,Wash_Trade,M_001561
2020-10-07T12:00:00.500000,USR_004,USR_003,5200.00,STK_004,1.04,Wash_Trade,M_001562
2020-10-07T12:00:00.550000,USR_003,USR_004,5200.00,STK_004,1.04,Wash_Trade,M_001563
2020-10-07T12:00:00.600000,USR_004,USR_003,5200.00,STK_004,1.04,Wash_Trade,M_001564
2020-10-07T12:00:00.650000,USR_003,USR_004,5200.00,STK_004,1.04,Wash_Trade,M_001565
2020-10-07T12:00:00.700000,USR_004,USR_003,5200.00,STK_004,1.04,Wash_Trade,M_001566
2020-10-07T12:00:00.750000,USR_003,USR_004,5200.00,STK_004,1.04,Wash_Trade,M_001567
2020-10-07T12:00:00.800000,USR_004,USR_003,5200.00,STK_004,1.04,Wash_Trade,M_001568
2020-10-07T12:00:00.850000,USR_003,USR_004,5200.00,STK_004,1.04,Wash_Trade,M_001569
2020-10-07T12:00:00.900000,USR_004,USR_003,5200.00,STK_004,1.04,Wash_Trade,M_001570
2020-10-07T12:00:00.950000,USR_003,USR_004,5200.00,STK_004,1.04,Wash_Trade,M_001571
2020-10-07T12:00:01,USR_004,USR_003,5200.00,STK_004,1.04,Wash_Trade,M_001572
2020-10-07T14:11:32,USR_002,USR_004,67827650.28,STK_005,7921.94,Normal,M_001547
2020-10-07T15:22:00,USR_003,USR_004,1541.46,STK_002,1.38,MM_Balance,M_001548
2020-10-07T15:22:00,USR_004,USR_003,1611.00,STK_005,1.00,MM_Balance,M_001550
2020-10-07T15:22:00,USR_004,USR_003,1393.80,STK_002,1.38,MM_Balance,M_001551
2020-10-07T15:22:00,USR_004,USR_003,1895.92,STK_004,1.04,MM_Balance,M_001552
2020-10-07T15:29:00,USR_003,USR_004,2350.40,STK_004,1.04,MM_Balance,M_001549
2020-10-08T10:43:00,USR_003,USR_005,129.47,STK_002,1.21,Normal,M_001574
2020-10-08T13:27:00,USR_004,USR_006,92.00,STK_004,1.00,Normal,M_001573
2020-10-08T15:02:00,USR_003,USR_004,2958.80,STK_004,1.04,MM_Balance,M_001576
2020-10-08T15:12:00,USR_004,USR_003,3309.60,STK_002,1.40,MM_Balance,M_001577
2020-10-08T15:42:00,USR_004,USR_003,3083.60,STK_004,1.04,MM_Balance,M_001578
2020-10-08T15:47:00,USR_003,USR_004,2606.80,STK_002,1.40,MM_Balance,M_001575
2020-10-09T12:36:51,USR_003,USR_005,556.75,STK_003,4.25,Normal,M_001579
2020-10-09T13:24:15,USR_004,USR_009,154.00,STK_004,1.00,Normal,M_001580
2020-10-09T15:16:00,USR_004,USR_003,3876.60,STK_002,1.40,MM_Balance,M_001583
2020-10-09T15:17:00,USR_003,USR_004,1585.50,STK_004,1.05,MM_Balance,M_001582
2020-10-09T15:32:00,USR_003,USR_004,3490.20,STK_002,1.40,MM_Balance,M_001581
2020-10-09T15:52:00,USR_004,USR_003,2482.20,STK_004,1.05,MM_Balance,M_001584
2020-10-10T13:12:26,USR_003,USR_001,23568.03,STK_002,1.23,Normal,M_001586
2020-10-10T13:22:49,USR_005,USR_004,923489.64,STK_001,8550.83,Normal,M_001585
2020-10-10T15:07:00,USR_004,USR_003,11003.94,STK_002,6.78,MM_Balance,M_001588
2020-10-10T15:17:00,USR_004,USR_003,1848.64,STK_004,1.06,MM_Balance,M_001589
2020-10-10T15:27:00,USR_003,USR_004,2166.64,STK_004,1.06,MM_Balance,M_001587
2020-10-11T12:47:21,USR_003,USR_006,1494673.27,STK_001,8350.13,Normal,M_001593
2020-10-11T15:06:00,USR_004,USR_003,2900.48,STK_004,1.03,MM_Balance,M_001596
2020-10-11T15:17:00,USR_003,USR_004,2400.93,STK_004,1.03,MM_Balance,M_001594
2020-10-11T15:24:00,USR_004,USR_003,14844.96,STK_002,6.76,MM_Balance,M_001595
2020-10-12T14:05:10,USR_003,USR_005,257.00,STK_004,1.00,Normal,M_001604
2020-10-12T15:08:00,USR_003,USR_004,2668.60,STK_004,1.10,MM_Balance,M_001606
2020-10-12T15:36:00,USR_004,USR_003,7530.77,STK_002,6.89,MM_Balance,M_001607
2020-10-12T15:38:00,USR_003,USR_004,9239.49,STK_002,6.89,MM_Balance,M_001605
2020-10-12T15:44:00,USR_004,USR_003,2888.60,STK_004,1.10,MM_Balance,M_001608
2020-10-13T14:16:45,USR_003,USR_008,1770.72,STK_002,6.51,Normal,M_001609
2020-10-13T15:14:00,USR_003,USR_004,9639.00,STK_002,7.14,MM_Balance,M_001610
2020-10-13T15:15:00,USR_003,USR_004,2322.12,STK_004,1.11,MM_Balance,M_001611
2020-10-13T15:40:00,USR_004,USR_003,7711.20,STK_002,7.14,MM_Balance,M_001612
2020-10-13T15:56:00,USR_004,USR_003,3251.19,STK_004,1.11,MM_Balance,M_001613
2020-10-14T09:35:41,USR_008,USR_004,176.00,STK_005,1.00,Normal,M_001614
2020-10-14T15:01:00,USR_003,USR_004,1691.64,STK_004,1.11,MM_Balance,M_001616
2020-10-14T15:17:00,USR_003,USR_004,17896.32,STK_002,7.17,MM_Balance,M_001615
2020-10-14T15:41:00,USR_004,USR_003,3258.96,STK_004,1.11,MM_Balance,M_001618
2020-10-14T15:47:00,USR_004,USR_003,17774.43,STK_002,7.17,MM_Balance,M_001617
2020-10-15T13:51:36,USR_004,USR_005,1273.14,STK_002,6.43,Normal,M_001619
2020-10-15T15:10:00,USR_004,USR_003,12426.00,STK_002,7.60,MM_Balance,M_001622
2020-10-15T15:18:00,USR_003,USR_004,2628.38,STK_004,1.13,MM_Balance,M_001621
2020-10-15T15:25:00,USR_004,USR_003,3021.62,STK_004,1.13,MM_Balance,M_001623
2020-10-15T15:31:00,USR_003,USR_004,16461.60,STK_002,7.60,MM_Balance,M_001620
2020-10-16T10:59:05,USR_007,USR_004,1987.66,STK_002,6.67,Normal,M_001632
2020-10-16T12:34:48,USR_003,USR_005,2351482.84,STK_001,8193.32,Normal,M_001631
2020-10-16T14:57:28,USR_010,USR_004,695027.06,STK_001,8373.82,Normal,M_001630
2020-10-16T15:32:00,USR_004,USR_003,1379.40,STK_004,1.14,MM_Balance,M_001636
2020-10-16T15:34:00,USR_003,USR_004,16269.20,STK_002,7.12,MM_Balance,M_001633
2020-10-16T15:34:00,USR_004,USR_003,8615.20,STK_002,7.12,MM_Balance,M_001635
2020-10-16T15:52:00,USR_003,USR_004,1189.02,STK_004,1.14,MM_Balance,M_001634
2020-10-17T10:16:18,USR_009,USR_003,857.48,STK_003,4.42,Normal,M_001641
2020-10-17T11:58:03,USR_006,USR_004,793.36,STK_003,4.22,Normal,M_001643
2020-10-17T13:22:14,USR_004,USR_008,317.00,STK_005,1.00,Normal,M_001642
2020-10-17T15:00:00,USR_004,USR_003,2928.80,STK_004,1.12,MM_Balance,M_001646
2020-10-17T15:23:00,USR_003,USR_004,2637.60,STK_004,1.12,MM_Balance,M_001644
2020-10-17T15:58:00,USR_004,USR_003,19205.20,STK_002,7.22,MM_Balance,M_001645
2020-10-18T10:39:39,USR_004,USR_008,84.00,STK_004,1.00,Normal,M_001647
2020-10-18T15:26:00,USR_003,USR_004,2051.60,STK_004,1.15,MM_Balance,M_001649
2020-10-18T15:34:00,USR_004,USR_003,15078.51,STK_002,7.17,MM_Balance,M_001650
2020-10-18T15:34:00,USR_004,USR_003,2403.50,STK_004,1.15,MM_Balance,M_001651
2020-10-18T15:51:00,USR_003,USR_004,9199.11,STK_002,7.17,MM_Balance,M_001648
2020-10-19T10:42:57,USR_004,USR_005,1602877.32,STK_001,8617.62,Normal,M_001652
2020-10-19T10:48:43,USR_004,USR_006,327.24,STK_003,4.04,Normal,M_001653
2020-10-19T15:27:00,USR_004,USR_003,2788.75,STK_004,1.15,MM_Balance,M_001657
2020-10-19T15:44:00,USR_003,USR_004,1426.00,STK_004,1.15,MM_Balance,M_001655
2020-10-19T15:46:00,USR_004,USR_003,12694.68,STK_002,7.16,MM_Balance,M_001656
2020-10-19T15:47:00,USR_003,USR_004,7976.24,STK_002,7.16,MM_Balance,M_001654
2020-10-20T09:47:32,USR_006,USR_003,360393.20,STK_001,9009.83,Normal,M_001660
2020-10-20T12:13:34,USR_004,USR_008,512.73,STK_002,6.33,Normal,M_001659
2020-10-20T13:17:27,USR_005,USR_003,108.32,STK_002,6.77,Normal,M_001658
2020-10-20T15:10:00,USR_003,USR_004,14656.60,STK_002,7.22,MM_Balance,M_001661
2020-10-20T15:45:00,USR_004,USR_003,2454.10,STK_004,1.15,MM_Balance,M_001664
2020-10-20T15:53:00,USR_003,USR_004,2082.65,STK_004,1.15,MM_Balance,M_001662
2020-10-20T15:56:00,USR_004,USR_003,17270.24,STK_002,7.22,MM_Balance,M_001663
2020-10-21T13:04:14,USR_004,USR_008,2119.00,STK_002,6.50,Normal,M_001665
2020-10-21T15:24:00,USR_003,USR_004,3205.86,STK_004,1.19,MM_Balance,M_001667
2020-10-21T15:27:00,USR_004,USR_003,2765.56,STK_004,1.19,MM_Balance,M_001669
2020-10-21T15:41:00,USR_003,USR_004,18010.56,STK_002,7.71,MM_Balance,M_001666
2020-10-21T15:51:00,USR_004,USR_003,8565.81,STK_002,7.71,MM_Balance,M_001668
2020-10-22T12:44:46,USR_003,USR_009,712.32,STK_003,4.24,Normal,M_001677
2020-10-22T15:08:00,USR_003,USR_004,22814.28,STK_002,7.62,MM_Balance,M_001678
2020-10-22T15:26:00,USR_003,USR_004,1996.82,STK_004,1.19,MM_Balance,M_001679
2020-10-22T15:37:00,USR_004,USR_003,1247.12,STK_004,1.19,MM_Balance,M_001681
2020-10-22T15:51:00,USR_004,USR_003,15453.36,STK_002,7.62,MM_Balance,M_001680
2020-10-23T12:35:09,USR_004,USR_008,1577.40,STK_002,6.60,Normal,M_001682
2020-10-23T15:09:00,USR_004,USR_003,23251.70,STK_002,7.85,MM_Balance,M_001685
2020-10-23T15:13:00,USR_003,USR_004,1816.58,STK_004,1.22,MM_Balance,M_001684
2020-10-23T15:45:00,USR_003,USR_004,22168.40,STK_002,7.85,MM_Balance,M_001683
2020-10-23T15:51:00,USR_004,USR_003,1462.78,STK_004,1.22,MM_Balance,M_001686
2020-10-24T11:07:51,USR_004,USR_007,860.70,STK_003,4.53,Normal,M_001687
2020-10-24T15:23:00,USR_003,USR_004,1297.20,STK_004,1.20,MM_Balance,M_001689
2020-10-24T15:23:00,USR_004,USR_003,2282.40,STK_004,1.20,MM_Balance,M_001691
2020-10-24T15:26:00,USR_004,USR_003,14531.58,STK_002,7.98,MM_Balance,M_001690
2020-10-24T15:36:00,USR_003,USR_004,23860.20,STK_002,7.98,MM_Balance,M_001688
2020-10-25T13:08:03,USR_004,USR_006,1776650.60,STK_001,8795.30,Normal,M_001692
2020-10-25T15:05:00,USR_003,USR_004,19671.00,STK_002,8.30,MM_Balance,M_001693
2020-10-25T15:05:00,USR_004,USR_003,10150.90,STK_002,8.30,MM_Balance,M_001695
2020-10-25T15:06:00,USR_004,USR_003,3022.58,STK_004,1.21,MM_Balance,M_001696
2020-10-25T15:29:00,USR_003,USR_004,2364.34,STK_004,1.21,MM_Balance,M_001694
2020-10-26T14:58:16,USR_004,USR_010,2199.00,STK_002,7.33,Normal,M_001697
2020-10-26T15:03:00,USR_004,USR_003,1738.77,STK_004,1.21,MM_Balance,M_001700
2020-10-26T15:27:00,USR_004,USR_003,23134.28,STK_002,8.84,MM_Balance,M_001699
2020-10-26T15:51:00,USR_003,USR_004,3529.57,STK_004,1.21,MM_Balance,M_001698
2020-10-27T11:51:41,USR_004,USR_008,278.00,STK_004,1.00,Normal,M_001701
2020-10-27T15:26:00,USR_003,USR_004,15246.35,STK_002,8.89,MM_Balance,M_001702
2020-10-27T15:34:00,USR_003,USR_004,2564.90,STK_004,1.30,MM_Balance,M_001703
2020-10-27T15:44:00,USR_004,USR_003,26465.53,STK_002,8.89,MM_Balance,M_001704
2020-10-27T15:58:00,USR_004,USR_003,2243.80,STK_004,1.30,MM_Balance,M_001705
2020-10-28T14:58:11,USR_004,USR_009,2306.22,STK_002,7.98,Normal,M_001713
2020-10-28T15:12:00,USR_003,USR_004,13303.99,STK_002,9.31,MM_Balance,M_001714
2020-10-28T15:19:00,USR_004,USR_003,9617.23,STK_002,9.31,MM_Balance,M_001716
2020-10-28T15:52:00,USR_003,USR_004,2338.14,STK_004,1.33,MM_Balance,M_001715
2020-10-28T15:52:00,USR_004,USR_003,2697.24,STK_004,1.33,MM_Balance,M_001717
2020-10-29T14:31:52,USR_004,USR_008,1923.60,STK_002,8.40,Normal,M_001718
2020-10-29T15:18:00,USR_003,USR_004,22451.46,STK_002,9.77,MM_Balance,M_001719
2020-10-29T15:41:00,USR_004,USR_003,11557.91,STK_002,9.77,MM_Balance,M_001721
2020-10-29T15:51:00,USR_003,USR_004,1568.07,STK_004,1.33,MM_Balance,M_001720
2020-10-29T15:59:00,USR_004,USR_003,3008.46,STK_004,1.33,MM_Balance,M_001722
2020-10-30T13:43:22,USR_007,USR_003,228.69,STK_004,1.21,Normal,M_001723
2020-10-30T15:18:00,USR_003,USR_004,2609.92,STK_004,1.28,MM_Balance,M_001725
2020-10-30T15:23:00,USR_003,USR_004,9926.70,STK_002,9.78,MM_Balance,M_001724
2020-10-30T15:42:00,USR_004,USR_003,27393.78,STK_002,9.78,MM_Balance,M_001726
2020-10-30T15:53:00,USR_004,USR_003,2085.12,STK_004,1.28,MM_Balance,M_001727
2020-10-31T13:03:44,USR_004,USR_008,140.98,STK_005,1.06,Normal,M_001728
2020-10-31T15:11:00,USR_003,USR_004,3188.48,STK_004,1.28,MM_Balance,M_001730
2020-10-31T15:14:00,USR_004,USR_003,2425.60,STK_004,1.28,MM_Balance,M_001732
2020-10-31T15:20:00,USR_004,USR_003,26656.85,STK_002,9.35,MM_Balance,M_001731
2020-10-31T15:40:00,USR_003,USR_004,11809.05,STK_002,9.35,MM_Balance,M_001729
2020-11-01T12:45:34,USR_010,USR_004,2879.08,STK_002,8.62,Normal,M_001734
2020-11-01T14:54:00,USR_004,USR_007,140795.25,STK_001,9386.35,Normal,M_001733
2020-11-01T15:05:00,USR_004,USR_003,2016.27,STK_004,1.29,MM_Balance,M_001738
2020-11-01T15:12:00,USR_003,USR_004,14230.80,STK_002,8.85,MM_Balance,M_001735
2020-11-01T15:16:00,USR_004,USR_003,22806.45,STK_002,8.85,MM_Balance,M_001737
2020-11-01T15:49:00,USR_003,USR_004,3208.23,STK_004,1.29,MM_Balance,M_001736
2020-11-02T13:58:10,USR_004,USR_008,116.00,STK_004,1.00,Normal,M_001739
2020-11-02T15:00:00,USR_004,USR_003,2158.74,STK_004,1.34,MM_Balance,M_001743
2020-11-02T15:10:00,USR_004,USR_003,23815.35,STK_002,8.97,MM_Balance,M_001742
2020-11-02T15:56:00,USR_003,USR_004,15858.96,STK_002,8.97,MM_Balance,M_001740
2020-11-02T15:58:00,USR_003,USR_004,3077.98,STK_004,1.34,MM_Balance,M_001741
2020-11-03T10:32:41,USR_008,USR_003,270289.88,STK_001,9653.21,Normal,M_001744
2020-11-03T10:39:07,USR_010,USR_003,440.96,STK_002,8.48,Normal,M_001745
2020-11-03T15:05:00,USR_003,USR_004,12657.92,STK_002,8.99,MM_Balance,M_001746
2020-11-03T15:32:00,USR_004,USR_003,2574.48,STK_004,1.36,MM_Balance,M_001749
2020-11-03T15:35:00,USR_003,USR_004,3332.00,STK_004,1.36,MM_Balance,M_001747
2020-11-03T15:47:00,USR_004,USR_003,17584.44,STK_002,8.99,MM_Balance,M_001748
2020-11-04T12:54:13,USR_004,USR_007,112.00,STK_004,1.00,Normal,M_001754
2020-11-04T15:01:00,USR_004,USR_003,16280.55,STK_002,8.97,MM_Balance,M_001757
2020-11-04T15:26:00,USR_003,USR_004,19742.97,STK_002,8.97,MM_Balance,M_001755
2020-11-04T15:51:00,USR_004,USR_003,1887.84,STK_004,1.38,MM_Balance,M_001758
2020-11-04T15:52:00,USR_003,USR_004,3085.68,STK_004,1.38,MM_Balance,M_001756
2020-11-05T14:39:54,USR_003,USR_006,817.02,STK_003,4.59,Normal,M_001759
2020-11-05T15:38:00,USR_003,USR_004,21478.86,STK_002,8.71,MM_Balance,M_001760
2020-11-05T15:48:00,USR_004,USR_003,20877.87,STK_002,8.71,MM_Balance,M_001762
2020-11-05T15:52:00,USR_004,USR_003,2277.00,STK_004,1.38,MM_Balance,M_001763
2020-11-05T15:57:00,USR_003,USR_004,3001.50,STK_004,1.38,MM_Balance,M_001761
2020-11-06T10:41:34,USR_003,USR_002,1755.99,STK_005,1.09,Normal,M_001765
2020-11-06T12:05:40,USR_004,USR_008,613.08,STK_003,4.68,Normal,M_001764
2020-11-06T15:05:00,USR_004,USR_003,15461.50,STK_002,8.50,MM_Balance,M_001769
2020-11-06T15:06:00,USR_003,USR_004,16677.00,STK_002,8.50,MM_Balance,M_001766
2020-11-06T15:19:00,USR_003,USR_004,3374.16,STK_004,1.36,MM_Balance,M_001767
2020-11-06T15:39:00,USR_004,USR_003,2734.96,STK_004,1.36,MM_Balance,M_001770
2020-11-06T15:48:00,USR_004,USR_003,2358.07,STK_005,1.43,MM_Balance,M_001768
2020-11-07T12:26:19,USR_003,USR_002,12270815.96,STK_001,9519.64,Normal,M_001771
2020-11-07T15:03:00,USR_003,USR_004,1630.58,STK_004,1.33,MM_Balance,M_001774
2020-11-07T15:16:00,USR_003,USR_004,13677312.61,STK_001,11862.37,MM_Balance,M_001775
2020-11-07T15:39:00,USR_004,USR_003,19866.00,STK_002,8.25,MM_Balance,M_001776
2020-11-07T15:44:00,USR_004,USR_003,16037924.24,STK_001,11862.37,MM_Balance,M_001772
2020-11-07T15:44:00,USR_004,USR_003,2064.16,STK_004,1.33,MM_Balance,M_001777
2020-11-07T15:56:00,USR_003,USR_004,12630.75,STK_002,8.25,MM_Balance,M_001773
2020-11-08T15:04:00,USR_004,USR_003,19577.84,STK_002,8.08,MM_Balance,M_001782
2020-11-08T15:05:00,USR_003,USR_004,19844.48,STK_002,8.08,MM_Balance,M_001779
2020-11-08T15:31:00,USR_004,USR_003,4006.60,STK_004,1.34,MM_Balance,M_001783
2020-11-08T15:41:00,USR_003,USR_004,16365256.96,STK_001,12104.48,MM_Balance,M_001781
2020-11-08T15:49:00,USR_004,USR_003,13956465.44,STK_001,12104.48,MM_Balance,M_001778
2020-11-08T15:53:00,USR_003,USR_004,2871.62,STK_004,1.34,MM_Balance,M_001780
2020-11-09T14:45:15,USR_008,USR_003,203.74,STK_004,1.22,Normal,M_001790
2020-11-09T15:07:00,USR_003,USR_004,20250.50,STK_002,8.02,MM_Balance,M_001792
2020-11-09T15:16:00,USR_004,USR_003,2184.40,STK_004,1.27,MM_Balance,M_001796
2020-11-09T15:17:00,USR_003,USR_004,16416714.08,STK_001,12142.54,MM_Balance,M_001794
2020-11-09T15:42:00,USR_004,USR_003,15839.50,STK_002,8.02,MM_Balance,M_001795
2020-11-09T15:56:00,USR_004,USR_003,16416714.08,STK_001,12142.54,MM_Balance,M_001791
2020-11-09T15:57:00,USR_003,USR_004,1311.91,STK_004,1.27,MM_Balance,M_001793
2020-11-10T09:57:14,USR_004,USR_008,1292.50,STK_003,4.70,Normal,M_001798
2020-11-10T10:25:10,USR_004,USR_006,1614862.60,STK_001,12422.02,Normal,M_001799
2020-11-10T13:09:55,USR_004,USR_005,109.00,STK_004,1.00,Normal,M_001797
2020-11-10T15:13:00,USR_003,USR_004,15466084.14,STK_001,12656.37,MM_Balance,M_001803
2020-11-10T15:13:00,USR_004,USR_003,21811.24,STK_002,8.36,MM_Balance,M_001804
2020-11-10T15:18:00,USR_004,USR_003,2972.16,STK_004,1.29,MM_Balance,M_001805
2020-11-10T15:25:00,USR_003,USR_004,15064.72,STK_002,8.36,MM_Balance,M_001801
2020-11-10T15:46:00,USR_003,USR_004,1870.50,STK_004,1.29,MM_Balance,M_001802
2020-11-10T15:56:00,USR_004,USR_003,15466084.14,STK_001,12656.37,MM_Balance,M_001800
2020-11-11T09:35:18,USR_003,USR_007,490.82,STK_003,5.06,Normal,M_001810
2020-11-11T11:01:22,USR_005,USR_004,1613307.78,STK_001,12804.03,Normal,M_001811
2020-11-11T15:06:00,USR_004,USR_003,16668869.24,STK_001,12365.63,MM_Balance,M_001812
2020-11-11T15:16:00,USR_003,USR_004,16668869.24,STK_001,12365.63,MM_Balance,M_001815
2020-11-11T15:23:00,USR_004,USR_003,12531.75,STK_002,8.25,MM_Balance,M_001816
2020-11-11T15:31:00,USR_003,USR_004,2484.54,STK_004,1.29,MM_Balance,M_001814
2020-11-11T15:51:00,USR_003,USR_004,13389.75,STK_002,8.25,MM_Balance,M_001813
2020-11-11T15:52:00,USR_004,USR_003,1324.83,STK_004,1.29,MM_Balance,M_001817
2020-11-12T13:25:13,USR_006,USR_003,159.30,STK_004,1.18,Normal,M_001818
2020-11-12T15:12:00,USR_004,USR_003,2041.25,STK_004,1.25,MM_Balance,M_001824
2020-11-12T15:21:00,USR_003,USR_004,16875167.16,STK_001,12518.67,MM_Balance,M_001822
2020-11-12T15:26:00,USR_004,USR_003,17978.90,STK_002,8.15,MM_Balance,M_001823
2020-11-12T15:40:00,USR_004,USR_003,16875167.16,STK_001,12518.67,MM_Balance,M_001819
2020-11-12T15:56:00,USR_003,USR_004,24140.30,STK_002,8.15,MM_Balance,M_001820
2020-11-12T15:58:00,USR_003,USR_004,1928.75,STK_004,1.25,MM_Balance,M_001821
2020-11-13T10:05:17,USR_003,USR_007,848.10,STK_003,5.14,Normal,M_001825
2020-11-13T10:37:24,USR_006,USR_003,1945090.84,STK_001,12630.46,Normal,M_001826
2020-11-13T15:05:00,USR_004,USR_003,3720.78,STK_004,1.26,MM_Balance,M_001832
2020-11-13T15:16:00,USR_003,USR_004,1388.52,STK_004,1.26,MM_Balance,M_001829
2020-11-13T15:27:00,USR_004,USR_003,12166894.30,STK_001,12046.43,MM_Balance,M_001827
2020-11-13T15:53:00,USR_003,USR_004,19404.00,STK_002,8.25,MM_Balance,M_001828
2020-11-13T15:54:00,USR_004,USR_003,21516.00,STK_002,8.25,MM_Balance,M_001831
2020-11-13T15:56:00,USR_003,USR_004,14022044.52,STK_001,12046.43,MM_Balance,M_001830
2020-11-14T15:08:00,USR_004,USR_003,12534.48,STK_002,8.29,MM_Balance,M_001837
2020-11-14T15:12:00,USR_004,USR_003,2583.35,STK_004,1.21,MM_Balance,M_001838
2020-11-14T15:36:00,USR_004,USR_003,16285600.58,STK_001,12027.77,MM_Balance,M_001833
2020-11-14T15:37:00,USR_003,USR_004,3202.87,STK_004,1.21,MM_Balance,M_001835
2020-11-14T15:49:00,USR_003,USR_004,16285600.58,STK_001,12027.77,MM_Balance,M_001836
2020-11-14T15:56:00,USR_003,USR_004,19813.10,STK_002,8.29,MM_Balance,M_001834
2020-11-15T15:15:00,USR_004,USR_003,21932.40,STK_002,8.40,MM_Balance,M_001843
2020-11-15T15:39:00,USR_004,USR_003,1549.80,STK_004,1.23,MM_Balance,M_001844
2020-11-15T15:48:00,USR_003,USR_004,1452.63,STK_004,1.23,MM_Balance,M_001841
2020-11-15T15:49:00,USR_003,USR_004,24864.00,STK_002,8.40,MM_Balance,M_001840
2020-11-15T15:58:00,USR_004,USR_003,12972389.76,STK_001,12284.46,MM_Balance,M_001839
2020-11-15T15:58:00,USR_003,USR_004,12972389.76,STK_001,12284.46,MM_Balance,M_001842
2020-11-16T14:36:57,USR_006,USR_003,168.72,STK_005,1.48,Normal,M_001851
2020-11-16T15:04:00,USR_003,USR_004,1542.50,STK_004,1.25,MM_Balance,M_001854
2020-11-16T15:06:00,USR_004,USR_003,17255.04,STK_002,8.36,MM_Balance,M_001856
2020-11-16T15:06:00,USR_004,USR_003,1772.50,STK_004,1.25,MM_Balance,M_001857
2020-11-16T15:19:00,USR_004,USR_003,18280316.30,STK_001,12170.65,MM_Balance,M_001852
2020-11-16T15:31:00,USR_003,USR_004,22145.64,STK_002,8.36,MM_Balance,M_001853
2020-11-16T15:38:00,USR_003,USR_004,15980063.45,STK_001,12170.65,MM_Balance,M_001855
2020-11-17T15:30:00,USR_003,USR_004,2389.75,STK_004,1.21,MM_Balance,M_001860
2020-11-17T15:32:00,USR_003,USR_004,11385.56,STK_002,8.44,MM_Balance,M_001859
2020-11-17T15:37:00,USR_004,USR_003,25016.16,STK_002,8.44,MM_Balance,M_001862
2020-11-17T15:42:00,USR_003,USR_004,18000524.46,STK_001,12170.74,MM_Balance,M_001861
2020-11-17T15:42:00,USR_004,USR_003,2119.92,STK_004,1.21,MM_Balance,M_001863
2020-11-17T15:52:00,USR_004,USR_003,15700254.60,STK_001,12170.74,MM_Balance,M_001858
2020-11-18T13:32:44,USR_003,USR_008,337.70,STK_004,1.10,Normal,M_001864
2020-11-18T13:40:19,USR_005,USR_003,1312.23,STK_003,5.27,Normal,M_001865
2020-11-18T15:04:00,USR_004,USR_003,17945730.78,STK_001,11947.89,MM_Balance,M_001866
2020-11-18T15:09:00,USR_003,USR_004,19610.91,STK_002,8.37,MM_Balance,M_001867
2020-11-18T15:25:00,USR_004,USR_003,3700.48,STK_004,1.28,MM_Balance,M_001871
2020-11-18T15:45:00,USR_003,USR_004,17945730.78,STK_001,11947.89,MM_Balance,M_001869
2020-11-18T15:46:00,USR_003,USR_004,2999.04,STK_004,1.28,MM_Balance,M_001868
2020-11-18T15:50:00,USR_004,USR_003,13140.90,STK_002,8.37,MM_Balance,M_001870
2020-11-19T14:02:45,USR_003,USR_008,451.35,STK_002,7.65,Normal,M_001872
2020-11-19T15:02:00,USR_004,USR_003,1567.18,STK_004,1.27,MM_Balance,M_001878
2020-11-19T15:26:00,USR_003,USR_004,18113218.80,STK_001,12059.40,MM_Balance,M_001876
2020-11-19T15:39:00,USR_004,USR_003,9379.58,STK_002,8.33,MM_Balance,M_001877
2020-11-19T15:51:00,USR_004,USR_003,18113218.80,STK_001,12059.40,MM_Balance,M_001873
2020-11-19T15:57:00,USR_003,USR_004,10120.95,STK_002,8.33,MM_Balance,M_001874
2020-11-19T15:57:00,USR_003,USR_004,3163.57,STK_004,1.27,MM_Balance,M_001875
2020-11-20T15:00:00,USR_003,USR_004,13851327.84,STK_001,11778.34,MM_Balance,M_001882
2020-11-20T15:02:00,USR_003,USR_004,1784.16,STK_004,1.26,MM_Balance,M_001881
2020-11-20T15:11:00,USR_004,USR_003,2138.22,STK_004,1.26,MM_Balance,M_001884
2020-11-20T15:26:00,USR_004,USR_003,21791.55,STK_002,8.43,MM_Balance,M_001883
2020-11-20T15:37:00,USR_004,USR_003,13851327.84,STK_001,11778.34,MM_Balance,M_001879
2020-11-20T15:42:00,USR_003,USR_004,19287.84,STK_002,8.43,MM_Balance,M_001880
2020-11-21T15:03:00,USR_003,USR_004,1825.28,STK_004,1.24,MM_Balance,M_001887
2020-11-21T15:07:00,USR_003,USR_004,9985.68,STK_002,8.28,MM_Balance,M_001886
2020-11-21T15:14:00,USR_003,USR_004,12528130.28,STK_001,11977.18,MM_Balance,M_001888
2020-11-21T15:33:00,USR_004,USR_003,17989724.36,STK_001,11977.18,MM_Balance,M_001885
2020-11-21T15:45:00,USR_004,USR_003,2230.76,STK_004,1.24,MM_Balance,M_001890
2020-11-21T15:53:00,USR_004,USR_003,23912.64,STK_002,8.28,MM_Balance,M_001889
2020-11-22T15:04:00,USR_003,USR_004,2117.92,STK_004,1.24,MM_Balance,M_001898
2020-11-22T15:08:00,USR_004,USR_003,3643.12,STK_004,1.24,MM_Balance,M_001901
2020-11-22T15:31:00,USR_004,USR_003,12641474.84,STK_001,12085.54,MM_Balance,M_001896
2020-11-22T15:35:00,USR_004,USR_003,23127.57,STK_002,8.21,MM_Balance,M_001900
2020-11-22T15:36:00,USR_003,USR_004,21748.29,STK_002,8.21,MM_Balance,M_001897
2020-11-22T15:47:00,USR_003,USR_004,18152481.08,STK_001,12085.54,MM_Balance,M_001899
2020-11-23T15:00:00,USR_003,USR_004,18012750.02,STK_001,11992.51,MM_Balance,M_001912
2020-11-23T15:00:00,USR_004,USR_003,3143.98,STK_004,1.19,MM_Balance,M_001914
2020-11-23T15:12:00,USR_004,USR_003,18012750.02,STK_001,11992.51,MM_Balance,M_001909
2020-11-23T15:14:00,USR_003,USR_004,1769.53,STK_004,1.19,MM_Balance,M_001911
2020-11-23T15:47:00,USR_004,USR_003,15092.10,STK_002,8.18,MM_Balance,M_001913
2020-11-23T15:58:00,USR_003,USR_004,15492.92,STK_002,8.18,MM_Balance,M_001910
2020-11-24T11:22:25,USR_009,USR_003,1693538.76,STK_001,12272.02,Normal,M_001918
2020-11-24T15:22:00,USR_004,USR_003,9079.80,STK_002,8.18,MM_Balance,M_001923
2020-11-24T15:35:00,USR_004,USR_003,17721737.52,STK_001,11798.76,MM_Balance,M_001919
2020-11-24T15:39:00,USR_004,USR_003,2908.36,STK_004,1.19,MM_Balance,M_001924
2020-11-24T15:41:00,USR_003,USR_004,22732.22,STK_002,8.18,MM_Balance,M_001920
2020-11-24T15:44:00,USR_003,USR_004,19349966.40,STK_001,11798.76,MM_Balance,M_001922
2020-11-24T15:57:00,USR_003,USR_004,2472.82,STK_004,1.19,MM_Balance,M_001921
2020-11-25T12:14:03,USR_006,USR_004,1839491.84,STK_001,12101.92,Normal,M_001925
2020-11-25T15:01:00,USR_003,USR_004,16655.78,STK_002,8.27,MM_Balance,M_001927
2020-11-25T15:03:00,USR_004,USR_003,2508.00,STK_004,1.20,MM_Balance,M_001931
2020-11-25T15:13:00,USR_003,USR_004,13050318.60,STK_001,11631.30,MM_Balance,M_001929
2020-11-25T15:17:00,USR_004,USR_003,13050318.60,STK_001,11631.30,MM_Balance,M_001926
2020-11-25T15:28:00,USR_003,USR_004,2144.40,STK_004,1.20,MM_Balance,M_001928
2020-11-25T15:42:00,USR_004,USR_003,11387.79,STK_002,8.27,MM_Balance,M_001930
2020-11-26T15:24:00,USR_003,USR_004,1598.40,STK_004,1.20,MM_Balance,M_001934
2020-11-26T15:34:00,USR_004,USR_003,21028313.60,STK_001,11734.55,MM_Balance,M_001932
2020-11-26T15:36:00,USR_003,USR_004,15354.96,STK_002,8.22,MM_Balance,M_001933
2020-11-26T15:51:00,USR_004,USR_003,1888.80,STK_004,1.20,MM_Balance,M_001937
2020-11-26T15:58:00,USR_004,USR_003,10439.40,STK_002,8.22,MM_Balance,M_001936
2020-11-26T15:59:00,USR_003,USR_004,21028313.60,STK_001,11734.55,MM_Balance,M_001935
2020-11-27T13:32:22,USR_010,USR_004,213.15,STK_005,1.47,Normal,M_001938
2020-11-27T15:03:00,USR_003,USR_004,2203.20,STK_004,1.20,MM_Balance,M_001941
2020-11-27T15:04:00,USR_004,USR_003,23734.08,STK_002,8.04,MM_Balance,M_001943
2020-11-27T15:16:00,USR_004,USR_003,1641.60,STK_004,1.20,MM_Balance,M_001944
2020-11-27T15:22:00,USR_004,USR_003,12380173.00,STK_001,11516.44,MM_Balance,M_001939
2020-11-27T15:54:00,USR_003,USR_004,18540.24,STK_002,8.04,MM_Balance,M_001940
2020-11-27T15:57:00,USR_003,USR_004,12380173.00,STK_001,11516.44,MM_Balance,M_001942
2020-11-28T15:04:00,USR_004,USR_003,10053.06,STK_002,8.22,MM_Balance,M_001949
2020-11-28T15:15:00,USR_003,USR_004,20568378.88,STK_001,11477.89,MM_Balance,M_001948
2020-11-28T15:16:00,USR_004,USR_003,20568378.88,STK_001,11477.89,MM_Balance,M_001945
2020-11-28T15:32:00,USR_004,USR_003,1464.89,STK_004,1.19,MM_Balance,M_001950
2020-11-28T15:45:00,USR_003,USR_004,2506.14,STK_004,1.19,MM_Balance,M_001947
2020-11-28T15:54:00,USR_003,USR_004,19637.58,STK_002,8.22,MM_Balance,M_001946
2020-11-29T15:02:00,USR_004,USR_003,19635994.92,STK_001,11194.98,MM_Balance,M_001951
2020-11-29T15:09:00,USR_003,USR_004,23821.00,STK_002,8.20,MM_Balance,M_001952
2020-11-29T15:13:00,USR_004,USR_003,23976.80,STK_002,8.20,MM_Balance,M_001955
2020-11-29T15:20:00,USR_003,USR_004,19635994.92,STK_001,11194.98,MM_Balance,M_001954
2020-11-29T15:37:00,USR_004,USR_003,3214.19,STK_004,1.19,MM_Balance,M_001956
2020-11-29T15:38:00,USR_003,USR_004,1448.23,STK_004,1.19,MM_Balance,M_001953
2020-11-30T14:44:09,USR_004,USR_005,172.00,STK_004,1.00,Normal,M_001957
2020-11-30T15:05:00,USR_003,USR_004,18056660.28,STK_001,10983.37,MM_Balance,M_001961
2020-11-30T15:15:00,USR_003,USR_004,19642.28,STK_002,8.12,MM_Balance,M_001959
2020-11-30T15:23:00,USR_004,USR_003,3533.79,STK_004,1.23,MM_Balance,M_001963
2020-11-30T15:32:00,USR_004,USR_003,17433.64,STK_002,8.12,MM_Balance,M_001962
2020-11-30T15:47:00,USR_004,USR_003,18056660.28,STK_001,10983.37,MM_Balance,M_001958
2020-11-30T15:56:00,USR_003,USR_004,3075.00,STK_004,1.23,MM_Balance,M_001960
2020-12-01T11:53:50,USR_003,USR_009,99.75,STK_004,1.05,Normal,M_001965
2020-12-01T14:44:34,USR_008,USR_004,268.00,STK_004,1.00,Normal,M_001964
2020-12-01T15:02:00,USR_003,USR_004,22657.00,STK_002,8.15,MM_Balance,M_001967
2020-12-01T15:06:00,USR_004,USR_003,19354048.00,STK_001,10800.25,MM_Balance,M_001966
2020-12-01T15:08:00,USR_003,USR_004,12409487.25,STK_001,10800.25,MM_Balance,M_001969
2020-12-01T15:25:00,USR_004,USR_003,1513.20,STK_004,1.20,MM_Balance,M_001971
2020-12-01T15:27:00,USR_004,USR_003,23235.65,STK_002,8.15,MM_Balance,M_001970
2020-12-01T15:44:00,USR_003,USR_004,1258.80,STK_004,1.20,MM_Balance,M_001968
2020-12-02T12:25:00,USR_004,USR_006,3716476.38,STK_001,10866.89,Normal,M_001977
2020-12-02T15:03:00,USR_003,USR_004,2037.60,STK_004,1.20,MM_Balance,M_001980
2020-12-02T15:09:00,USR_004,USR_003,3542.40,STK_004,1.20,MM_Balance,M_001983
2020-12-02T15:19:00,USR_003,USR_004,12109.75,STK_002,8.21,MM_Balance,M_001979
2020-12-02T15:20:00,USR_003,USR_004,16672810.50,STK_001,11498.49,MM_Balance,M_001981
2020-12-02T15:48:00,USR_004,USR_003,13562.92,STK_002,8.21,MM_Balance,M_001982
2020-12-02T15:49:00,USR_004,USR_003,9279281.43,STK_001,11498.49,MM_Balance,M_001978
2020-12-03T15:06:00,USR_003,USR_004,10909.36,STK_002,8.47,MM_Balance,M_001985
2020-12-03T15:14:00,USR_004,USR_003,16463938.00,STK_001,11354.44,MM_Balance,M_001984
2020-12-03T15:31:00,USR_004,USR_003,1215.60,STK_004,1.20,MM_Balance,M_001989
2020-12-03T15:38:00,USR_003,USR_004,11990288.64,STK_001,11354.44,MM_Balance,M_001987
2020-12-03T15:53:00,USR_003,USR_004,2556.00,STK_004,1.20,MM_Balance,M_001986
2020-12-03T15:57:00,USR_004,USR_003,25113.55,STK_002,8.47,MM_Balance,M_001988
2020-12-04T15:06:00,USR_003,USR_004,2321.01,STK_004,1.23,MM_Balance,M_001999
2020-12-04T15:08:00,USR_004,USR_003,1848.69,STK_004,1.23,MM_Balance,M_002002
2020-12-04T15:40:00,USR_004,USR_003,24780.06,STK_002,8.42,MM_Balance,M_002001
2020-12-04T15:44:00,USR_004,USR_003,11956116.48,STK_001,11322.08,MM_Balance,M_001997
2020-12-04T15:53:00,USR_003,USR_004,15726369.12,STK_001,11322.08,MM_Balance,M_002000
2020-12-04T15:59:00,USR_003,USR_004,23803.34,STK_002,8.42,MM_Balance,M_001998
2020-12-05T11:53:40,USR_003,USR_005,148.47,STK_005,1.47,Normal,M_002007
2020-12-05T15:06:00,USR_003,USR_004,16066348.00,STK_001,11080.24,MM_Balance,M_002011
2020-12-05T15:18:00,USR_004,USR_003,15390453.36,STK_001,11080.24,MM_Balance,M_002008
2020-12-05T15:22:00,USR_003,USR_004,2757.76,STK_004,1.24,MM_Balance,M_002010
2020-12-05T15:28:00,USR_004,USR_003,2305.16,STK_004,1.24,MM_Balance,M_002013
2020-12-05T15:50:00,USR_003,USR_004,16805.17,STK_002,8.39,MM_Balance,M_002009
2020-12-05T15:56:00,USR_004,USR_003,10319.70,STK_002,8.39,MM_Balance,M_002012
2020-12-06T15:03:00,USR_003,USR_004,24119.88,STK_002,8.41,MM_Balance,M_002021
2020-12-06T15:25:00,USR_004,USR_003,15737836.00,STK_001,10853.68,MM_Balance,M_002020
2020-12-06T15:28:00,USR_004,USR_003,13716.71,STK_002,8.41,MM_Balance,M_002024
2020-12-06T15:36:00,USR_004,USR_003,1816.25,STK_004,1.25,MM_Balance,M_002025
2020-12-06T15:40:00,USR_003,USR_004,15737836.00,STK_001,10853.68,MM_Balance,M_002023
2020-12-06T15:46:00,USR_003,USR_004,2492.50,STK_004,1.25,MM_Balance,M_002022
2020-12-07T12:42:37,USR_001,USR_003,19920.32,STK_004,1.12,Normal,M_002026
2020-12-07T15:00:00,USR_004,USR_003,2925.00,STK_004,1.00,MM_Balance,M_002032
2020-12-07T15:13:00,USR_004,USR_003,15654.08,STK_002,8.48,MM_Balance,M_002031
2020-12-07T15:23:00,USR_003,USR_004,15586398.00,STK_001,10749.24,MM_Balance,M_002030
2020-12-07T15:34:00,USR_004,USR_003,15586398.00,STK_001,10749.24,MM_Balance,M_002027
2020-12-07T15:45:00,USR_003,USR_004,23404.80,STK_002,8.48,MM_Balance,M_002028
2020-12-07T15:51:00,USR_003,USR_004,1594.00,STK_004,1.00,MM_Balance,M_002029
2020-12-08T11:57:27,USR_006,USR_004,77.00,STK_004,1.00,Normal,M_002033
2020-12-08T15:00:00,USR_004,USR_003,11029426.23,STK_001,10595.03,MM_Balance,M_002034
2020-12-08T15:17:00,USR_004,USR_003,1618.00,STK_004,1.00,MM_Balance,M_002039
2020-12-08T15:20:00,USR_003,USR_004,11029426.23,STK_001,10595.03,MM_Balance,M_002037
2020-12-08T15:47:00,USR_003,USR_004,10205.30,STK_002,8.54,MM_Balance,M_002035
2020-12-08T15:47:00,USR_004,USR_003,17498.46,STK_002,8.54,MM_Balance,M_002038
2020-12-08T15:53:00,USR_003,USR_004,1397.00,STK_004,1.00,MM_Balance,M_002036
2020-12-09T10:29:08,USR_005,USR_004,200.00,STK_004,1.00,Normal,M_002040
2020-12-09T15:06:00,USR_003,USR_004,2153.00,STK_004,1.00,MM_Balance,M_002043
2020-12-09T15:09:00,USR_003,USR_004,15074649.50,STK_001,10396.31,MM_Balance,M_002044
2020-12-09T15:23:00,USR_003,USR_004,16488.15,STK_002,8.61,MM_Balance,M_002042
2020-12-09T15:35:00,USR_004,USR_003,10288.95,STK_002,8.61,MM_Balance,M_002045
2020-12-09T15:49:00,USR_004,USR_003,15074649.50,STK_001,10396.31,MM_Balance,M_002041
2020-12-09T15:55:00,USR_004,USR_003,1425.00,STK_004,1.00,MM_Balance,M_002046
2020-12-10T15:04:00,USR_003,USR_004,2432.00,STK_004,1.00,MM_Balance,M_002055
2020-12-10T15:06:00,USR_003,USR_004,25627.68,STK_002,8.88,MM_Balance,M_002054
2020-12-10T15:12:00,USR_004,USR_003,1340.00,STK_004,1.00,MM_Balance,M_002058
2020-12-10T15:30:00,USR_004,USR_003,15059685.50,STK_001,10385.99,MM_Balance,M_002053
2020-12-10T15:33:00,USR_004,USR_003,11819.28,STK_002,8.88,MM_Balance,M_002057
2020-12-10T15:48:00,USR_003,USR_004,13086347.40,STK_001,10385.99,MM_Balance,M_002056
2020-12-11T12:52:45,USR_010,USR_003,240.90,STK_005,1.46,Normal,M_002065
2020-12-11T15:00:00,USR_003,USR_004,11776773.12,STK_001,10357.76,MM_Balance,M_002069
2020-12-11T15:06:00,USR_004,USR_003,2469.42,STK_004,1.02,MM_Balance,M_002071
2020-12-11T15:09:00,USR_003,USR_004,1394.34,STK_004,1.02,MM_Balance,M_002068
2020-12-11T15:12:00,USR_004,USR_003,21436.80,STK_002,8.80,MM_Balance,M_002070
2020-12-11T15:20:00,USR_003,USR_004,8976.00,STK_002,8.80,MM_Balance,M_002067
2020-12-11T15:33:00,USR_004,USR_003,13050777.60,STK_001,10357.76,MM_Balance,M_002066
2020-12-12T10:25:52,USR_004,USR_008,814.06,STK_002,8.06,Normal,M_002078
2020-12-12T14:53:24,USR_004,USR_007,245.23,STK_005,1.37,Normal,M_002079
2020-12-12T15:00:00,USR_004,USR_003,25342.28,STK_002,9.08,MM_Balance,M_002084
2020-12-12T15:10:00,USR_004,USR_003,11655830.43,STK_001,10251.39,MM_Balance,M_002080
2020-12-12T15:10:00,USR_003,USR_004,13255047.27,STK_001,10251.39,MM_Balance,M_002083
2020-12-12T15:14:00,USR_003,USR_004,23644.32,STK_002,9.08,MM_Balance,M_002081
2020-12-12T15:57:00,USR_004,USR_003,1193.77,STK_004,1.03,MM_Balance,M_002085
2020-12-12T15:59:00,USR_003,USR_004,1222.61,STK_004,1.03,MM_Balance,M_002082
2020-12-13T15:07:00,USR_003,USR_004,14651815.00,STK_001,10104.70,MM_Balance,M_002089
2020-12-13T15:09:00,USR_004,USR_003,13065377.10,STK_001,10104.70,MM_Balance,M_002086
2020-12-13T15:22:00,USR_004,USR_003,21085.05,STK_002,9.03,MM_Balance,M_002090
2020-12-13T15:28:00,USR_003,USR_004,19387.41,STK_002,9.03,MM_Balance,M_002087
2020-12-13T15:50:00,USR_003,USR_004,2519.92,STK_004,1.04,MM_Balance,M_002088
2020-12-13T15:55:00,USR_004,USR_003,1093.04,STK_004,1.04,MM_Balance,M_002091
2020-12-14T11:48:11,USR_004,USR_007,1065.00,STK_003,5.00,Normal,M_002094
2020-12-14T11:59:06,USR_008,USR_004,1417.77,STK_003,5.31,Normal,M_002093
2020-12-14T14:50:08,USR_004,USR_006,279.00,STK_004,1.00,Normal,M_002092
2020-12-14T15:11:00,USR_004,USR_003,14308034.50,STK_001,9867.61,MM_Balance,M_002095
2020-12-14T15:23:00,USR_003,USR_004,1164.24,STK_004,1.08,MM_Balance,M_002097
2020-12-14T15:47:00,USR_004,USR_003,22616.25,STK_002,9.25,MM_Balance,M_002099
2020-12-14T15:54:00,USR_004,USR_003,3005.64,STK_004,1.08,MM_Balance,M_002100
2020-12-14T15:55:00,USR_003,USR_004,23448.75,STK_002,9.25,MM_Balance,M_002096
2020-12-14T15:57:00,USR_003,USR_004,14308034.50,STK_001,9867.61,MM_Balance,M_002098
2020-12-15T12:50:01,USR_003,USR_005,1593.40,STK_003,5.14,Normal,M_002101
2020-12-15T15:12:00,USR_004,USR_003,10936645.06,STK_001,9652.82,MM_Balance,M_002102
2020-12-15T15:17:00,USR_003,USR_004,23026.08,STK_002,9.24,MM_Balance,M_002103
2020-12-15T15:28:00,USR_003,USR_004,1474.77,STK_004,1.09,MM_Balance,M_002104
2020-12-15T15:32:00,USR_004,USR_003,22268.40,STK_002,9.24,MM_Balance,M_002106
2020-12-15T15:38:00,USR_003,USR_004,10936645.06,STK_001,9652.82,MM_Balance,M_002105
2020-12-15T15:40:00,USR_004,USR_003,1475.86,STK_004,1.09,MM_Balance,M_002107
2020-12-16T15:03:00,USR_003,USR_004,15205.50,STK_002,9.30,MM_Balance,M_002114
2020-12-16T15:08:00,USR_003,USR_004,14038349.00,STK_001,9681.62,MM_Balance,M_002116
2020-12-16T15:14:00,USR_004,USR_003,17177.10,STK_002,9.30,MM_Balance,M_002117
2020-12-16T15:18:00,USR_003,USR_004,2713.95,STK_004,1.11,MM_Balance,M_002115
2020-12-16T15:48:00,USR_004,USR_003,14038349.00,STK_001,9681.62,MM_Balance,M_002113
2020-12-16T15:56:00,USR_004,USR_003,1729.38,STK_004,1.11,MM_Balance,M_002118
2020-12-17T15:02:00,USR_003,USR_004,1687.40,STK_004,1.10,MM_Balance,M_002127
2020-12-17T15:08:00,USR_004,USR_003,17875.38,STK_002,9.06,MM_Balance,M_002129
2020-12-17T15:13:00,USR_003,USR_004,13843.68,STK_002,9.06,MM_Balance,M_002126
2020-12-17T15:20:00,USR_004,USR_003,2421.10,STK_004,1.10,MM_Balance,M_002130
2020-12-17T15:32:00,USR_004,USR_003,11677938.00,STK_001,9854.80,MM_Balance,M_002125
2020-12-17T15:42:00,USR_003,USR_004,11677938.00,STK_001,9854.80,MM_Balance,M_002128
2020-12-18T11:11:40,USR_004,USR_009,504.99,STK_003,5.43,Normal,M_002131
2020-12-18T15:02:00,USR_004,USR_003,14509.86,STK_002,8.99,MM_Balance,M_002136
2020-12-18T15:15:00,USR_003,USR_004,24344.92,STK_002,8.99,MM_Balance,M_002133
2020-12-18T15:23:00,USR_003,USR_004,2729.10,STK_004,1.10,MM_Balance,M_002134
2020-12-18T15:25:00,USR_004,USR_003,14363990.00,STK_001,9906.20,MM_Balance,M_002132
2020-12-18T15:43:00,USR_003,USR_004,14363990.00,STK_001,9906.20,MM_Balance,M_002135
2020-12-18T15:59:00,USR_004,USR_003,2818.20,STK_004,1.10,MM_Balance,M_002137
2020-12-19T10:47:15,USR_003,USR_007,314.72,STK_003,5.62,Normal,M_002138
2020-12-19T15:00:00,USR_003,USR_004,17156.69,STK_002,8.83,MM_Balance,M_002140
2020-12-19T15:05:00,USR_004,USR_003,2102.34,STK_004,1.11,MM_Balance,M_002144
2020-12-19T15:15:00,USR_004,USR_003,12167.74,STK_002,8.83,MM_Balance,M_002143
2020-12-19T15:19:00,USR_003,USR_004,14510367.50,STK_001,10007.15,MM_Balance,M_002142
2020-12-19T15:25:00,USR_004,USR_003,14510367.50,STK_001,10007.15,MM_Balance,M_002139
2020-12-19T15:56:00,USR_003,USR_004,1565.10,STK_004,1.11,MM_Balance,M_002141
2020-12-20T15:18:00,USR_003,USR_004,3151.29,STK_004,1.11,MM_Balance,M_002147
2020-12-20T15:20:00,USR_004,USR_003,12865410.57,STK_001,10186.39,MM_Balance,M_002145
2020-12-20T15:25:00,USR_003,USR_004,12865410.57,STK_001,10186.39,MM_Balance,M_002148
2020-12-20T15:31:00,USR_004,USR_003,14877.00,STK_002,8.70,MM_Balance,M_002149
2020-12-20T15:49:00,USR_003,USR_004,15816.60,STK_002,8.70,MM_Balance,M_002146
2020-12-20T15:56:00,USR_004,USR_003,1613.94,STK_004,1.11,MM_Balance,M_002150
2020-12-21T15:10:00,USR_003,USR_004,1558.38,STK_004,1.14,MM_Balance,M_002153
2020-12-21T15:16:00,USR_003,USR_004,9242.73,STK_002,8.63,MM_Balance,M_002152
2020-12-21T15:33:00,USR_003,USR_004,14714542.00,STK_001,10147.96,MM_Balance,M_002154
2020-12-21T15:43:00,USR_004,USR_003,1948.26,STK_004,1.14,MM_Balance,M_002156
2020-12-21T15:51:00,USR_004,USR_003,16845.76,STK_002,8.63,MM_Balance,M_002155
2020-12-21T15:52:00,USR_004,USR_003,14714542.00,STK_001,10147.96,MM_Balance,M_002151
2020-12-22T10:13:41,USR_004,USR_009,2160.12,STK_002,7.66,Normal,M_002159
2020-12-22T11:51:15,USR_004,USR_010,37.00,STK_004,1.00,Normal,M_002157
2020-12-22T13:38:29,USR_004,USR_005,632.70,STK_003,5.70,Normal,M_002160
2020-12-22T14:22:11,USR_004,USR_008,252.00,STK_004,1.00,Normal,M_002158
2020-12-22T15:17:00,USR_004,USR_003,2575.42,STK_004,1.22,MM_Balance,M_002166
2020-12-22T15:18:00,USR_004,USR_003,21438.00,STK_002,9.00,MM_Balance,M_002165
2020-12-22T15:23:00,USR_003,USR_004,17478.00,STK_002,9.00,MM_Balance,M_002162
2020-12-22T15:27:00,USR_003,USR_004,12680865.60,STK_001,10160.95,MM_Balance,M_002164
2020-12-22T15:38:00,USR_003,USR_004,3441.62,STK_004,1.22,MM_Balance,M_002163
2020-12-22T15:55:00,USR_004,USR_003,12680865.60,STK_001,10160.95,MM_Balance,M_002161
2020-12-23T15:02:00,USR_003,USR_004,15937.52,STK_002,9.04,MM_Balance,M_002173
2020-12-23T15:04:00,USR_004,USR_003,10940920.86,STK_001,10102.42,MM_Balance,M_002172
2020-12-23T15:25:00,USR_004,USR_003,2368.55,STK_004,1.27,MM_Balance,M_002177
2020-12-23T15:32:00,USR_003,USR_004,10940920.86,STK_001,10102.42,MM_Balance,M_002175
2020-12-23T15:46:00,USR_003,USR_004,2853.69,STK_004,1.27,MM_Balance,M_002174
2020-12-23T15:59:00,USR_004,USR_003,15286.64,STK_002,9.04,MM_Balance,M_002176
2020-12-24T15:01:00,USR_004,USR_003,14501190.08,STK_001,10183.42,MM_Balance,M_002186
2020-12-24T15:04:00,USR_004,USR_003,1902.12,STK_004,1.31,MM_Balance,M_002191
2020-12-24T15:08:00,USR_003,USR_004,21480.20,STK_002,9.16,MM_Balance,M_002187
2020-12-24T15:14:00,USR_003,USR_004,12199737.16,STK_001,10183.42,MM_Balance,M_002189
2020-12-24T15:29:00,USR_003,USR_004,2025.26,STK_004,1.31,MM_Balance,M_002188
2020-12-24T15:45:00,USR_004,USR_003,9498.92,STK_002,9.16,MM_Balance,M_002190
2020-12-25T12:38:34,USR_003,USR_010,469.53,STK_005,1.41,Normal,M_002193
2020-12-25T13:03:01,USR_006,USR_003,304.56,STK_004,1.08,Normal,M_002192
2020-12-25T15:09:00,USR_003,USR_004,10875017.00,STK_001,10259.45,MM_Balance,M_002197
2020-12-25T15:18:00,USR_003,USR_004,15003.50,STK_002,9.25,MM_Balance,M_002195
2020-12-25T15:22:00,USR_004,USR_003,21071.50,STK_002,9.25,MM_Balance,M_002198
2020-12-25T15:43:00,USR_003,USR_004,2405.00,STK_004,1.25,MM_Balance,M_002196
2020-12-25T15:47:00,USR_004,USR_003,12557566.80,STK_001,10259.45,MM_Balance,M_002194
2020-12-25T15:48:00,USR_004,USR_003,2312.50,STK_004,1.25,MM_Balance,M_002199
2020-12-26T11:07:33,USR_003,USR_005,586.08,STK_002,8.88,Normal,M_002200
2020-12-26T15:06:00,USR_003,USR_004,21709.20,STK_002,9.48,MM_Balance,M_002202
2020-12-26T15:34:00,USR_003,USR_004,2595.84,STK_004,1.28,MM_Balance,M_002203
2020-12-26T15:48:00,USR_004,USR_003,19083.24,STK_002,9.48,MM_Balance,M_002205
2020-12-26T15:49:00,USR_004,USR_003,10946715.40,STK_001,10327.09,MM_Balance,M_002201
2020-12-26T15:52:00,USR_004,USR_003,2030.08,STK_004,1.28,MM_Balance,M_002206
2020-12-26T15:54:00,USR_003,USR_004,14974280.50,STK_001,10327.09,MM_Balance,M_002204
2020-12-27T09:45:51,USR_004,USR_008,329.28,STK_005,1.47,Normal,M_002207
2020-12-27T13:13:14,USR_010,USR_003,492.96,STK_005,1.56,Normal,M_002208
2020-12-27T15:05:00,USR_004,USR_003,14729071.00,STK_001,10157.98,MM_Balance,M_002209
2020-12-27T15:23:00,USR_004,USR_003,18246.54,STK_002,9.42,MM_Balance,M_002213
2020-12-27T15:30:00,USR_004,USR_003,1765.40,STK_004,1.30,MM_Balance,M_002214
2020-12-27T15:32:00,USR_003,USR_004,2769.00,STK_004,1.30,MM_Balance,M_002211
2020-12-27T15:47:00,USR_003,USR_004,9853.32,STK_002,9.42,MM_Balance,M_002210
2020-12-27T15:58:00,USR_003,USR_004,14729071.00,STK_001,10157.98,MM_Balance,M_002212
2020-12-28T10:56:58,USR_006,USR_003,234.36,STK_004,1.08,Normal,M_002215
2020-12-28T15:24:00,USR_003,USR_004,26405.75,STK_002,9.55,MM_Balance,M_002217
2020-12-28T15:26:00,USR_003,USR_004,3253.75,STK_004,1.25,MM_Balance,M_002218
2020-12-28T15:30:00,USR_004,USR_003,2372.50,STK_004,1.25,MM_Balance,M_002221
2020-12-28T15:33:00,USR_004,USR_003,14650176.50,STK_001,10103.57,MM_Balance,M_002216
2020-12-28T15:45:00,USR_003,USR_004,14650176.50,STK_001,10103.57,MM_Balance,M_002219
2020-12-28T15:49:00,USR_004,USR_003,23540.75,STK_002,9.55,MM_Balance,M_002220
2020-12-29T12:30:14,USR_004,USR_010,1024.92,STK_002,8.76,Normal,M_002223
2020-12-29T12:35:35,USR_003,USR_009,592.32,STK_003,6.17,Normal,M_002222
2020-12-29T13:32:51,USR_003,USR_008,148.72,STK_004,1.04,Normal,M_002224
2020-12-29T15:08:00,USR_004,USR_003,14505075.00,STK_001,10003.50,MM_Balance,M_002225
2020-12-29T15:18:00,USR_003,USR_004,20431.84,STK_002,9.88,MM_Balance,M_002226
2020-12-29T15:23:00,USR_003,USR_004,14505075.00,STK_001,10003.50,MM_Balance,M_002228
2020-12-29T15:40:00,USR_004,USR_003,2810.60,STK_004,1.30,MM_Balance,M_002230
2020-12-29T15:45:00,USR_004,USR_003,16084.64,STK_002,9.88,MM_Balance,M_002229
2020-12-29T15:56:00,USR_003,USR_004,1887.60,STK_004,1.30,MM_Balance,M_002227
2020-12-30T14:12:15,USR_004,USR_009,1954310.12,STK_001,9970.97,Normal,M_002231
2020-12-30T15:10:00,USR_004,USR_003,23223.46,STK_002,9.98,MM_Balance,M_002236
2020-12-30T15:22:00,USR_004,USR_003,12867419.40,STK_001,10261.10,MM_Balance,M_002232
2020-12-30T15:23:00,USR_003,USR_004,2733.72,STK_004,1.32,MM_Balance,M_002234
2020-12-30T15:30:00,USR_004,USR_003,1793.88,STK_004,1.32,MM_Balance,M_002237
2020-12-30T15:54:00,USR_003,USR_004,21975.96,STK_002,9.98,MM_Balance,M_002233
2020-12-30T15:59:00,USR_003,USR_004,12867419.40,STK_001,10261.10,MM_Balance,M_002235
2020-12-31T09:47:56,USR_003,USR_008,166.11,STK_005,1.47,Normal,M_002238
2020-12-31T15:04:00,USR_003,USR_004,20716.24,STK_002,10.16,MM_Balance,M_002240
2020-12-31T15:06:00,USR_004,USR_003,12603778.44,STK_001,10050.86,MM_Balance,M_002239
2020-12-31T15:16:00,USR_004,USR_003,1966.31,STK_004,1.31,MM_Balance,M_002244
2020-12-31T15:34:00,USR_003,USR_004,2794.23,STK_004,1.31,MM_Balance,M_002241
2020-12-31T15:36:00,USR_004,USR_003,19446.24,STK_002,10.16,MM_Balance,M_002243
2020-12-31T15:51:00,USR_003,USR_004,12603778.44,STK_001,10050.86,MM_Balance,M_002242
2021-01-01T10:03:14,USR_003,USR_007,729.19,STK_002,9.47,Normal,M_002245
2021-01-01T15:00:00,USR_004,USR_003,2771.20,STK_004,1.28,MM_Balance,M_002251
2021-01-01T15:05:00,USR_003,USR_004,2438.40,STK_004,1.28,MM_Balance,M_002248
2021-01-01T15:06:00,USR_003,USR_004,12681037.38,STK_001,10112.47,MM_Balance,M_002249
2021-01-01T15:30:00,USR_003,USR_004,14244.32,STK_002,10.16,MM_Balance,M_002247
2021-01-01T15:31:00,USR_004,USR_003,22606.00,STK_002,10.16,MM_Balance,M_002250
2021-01-01T15:50:00,USR_004,USR_003,12681037.38,STK_001,10112.47,MM_Balance,M_002246
2021-01-02T14:08:16,USR_004,USR_010,116.61,STK_002,8.97,Normal,M_002258
2021-01-02T15:04:00,USR_004,USR_003,12579112.26,STK_001,10031.19,MM_Balance,M_002259
2021-01-02T15:14:00,USR_004,USR_003,3330.60,STK_004,1.30,MM_Balance,M_002264
2021-01-02T15:19:00,USR_003,USR_004,23589.76,STK_002,9.92,MM_Balance,M_002260
2021-01-02T15:40:00,USR_003,USR_004,12579112.26,STK_001,10031.19,MM_Balance,M_002262
2021-01-02T15:49:00,USR_004,USR_003,13848.32,STK_002,9.92,MM_Balance,M_002263
2021-01-02T15:55:00,USR_003,USR_004,3763.50,STK_004,1.30,MM_Balance,M_002261
2021-01-03T13:00:00,USR_001,USR_004,9619.70,STK_004,0.83,Panic_Dump_Whale,M_002272
2021-01-03T13:00:03,USR_005,USR_004,614.08,STK_004,0.76,Panic_Dump_Retail,M_002273
2021-01-03T13:00:07,USR_007,USR_004,175.00,STK_004,0.70,Panic_Dump_Retail,M_002274
2021-01-03T13:00:13,USR_008,USR_004,566.20,STK_004,0.76,Panic_Dump_Retail,M_002275
2021-01-03T13:00:22,USR_009,USR_003,782.04,STK_004,0.76,Panic_Dump_Retail,M_002276
2021-01-03T13:00:30,USR_010,USR_004,435.20,STK_004,0.68,Panic_Dump_Retail,M_002277
2021-01-03T14:55:04,USR_005,USR_004,2463.26,STK_002,8.99,Normal,M_002265
2021-01-03T15:09:00,USR_003,USR_004,16622.55,STK_002,9.45,MM_Balance,M_002267
2021-01-03T15:19:00,USR_004,USR_003,18153.45,STK_002,9.45,MM_Balance,M_002270
2021-01-03T15:25:00,USR_004,USR_003,2863.49,STK_004,1.33,MM_Balance,M_002271
2021-01-03T15:46:00,USR_003,USR_004,2238.39,STK_004,1.33,MM_Balance,M_002268
2021-01-03T15:47:00,USR_003,USR_004,12609308.58,STK_001,10055.27,MM_Balance,M_002269
2021-01-03T15:59:00,USR_004,USR_003,12609308.58,STK_001,10055.27,MM_Balance,M_002266
2021-01-04T12:05:13,USR_004,USR_009,1732.80,STK_003,6.08,Normal,M_002283
2021-01-04T13:15:58,USR_008,USR_003,1552.32,STK_002,8.82,Normal,M_002284
2021-01-04T15:01:00,USR_003,USR_004,2580.84,STK_004,1.07,MM_Balance,M_002287
2021-01-04T15:33:00,USR_003,USR_004,19238.60,STK_002,8.99,MM_Balance,M_002286
2021-01-04T15:34:00,USR_004,USR_003,12658540.62,STK_001,10094.53,MM_Balance,M_002285
2021-01-04T15:49:00,USR_003,USR_004,12658540.62,STK_001,10094.53,MM_Balance,M_002288
2021-01-04T15:50:00,USR_004,USR_003,25019.17,STK_002,8.99,MM_Balance,M_002289
2021-01-04T15:54:00,USR_004,USR_003,3167.20,STK_004,1.07,MM_Balance,M_002290
2021-01-05T13:55:36,USR_004,USR_005,2003595.66,STK_001,10119.17,Normal,M_002291
2021-01-05T15:04:00,USR_004,USR_003,2505.91,STK_004,1.09,MM_Balance,M_002297
2021-01-05T15:32:00,USR_004,USR_003,11043648.00,STK_001,10458.00,MM_Balance,M_002292
2021-01-05T15:32:00,USR_003,USR_004,1160.85,STK_004,1.09,MM_Balance,M_002294
2021-01-05T15:34:00,USR_003,USR_004,11043648.00,STK_001,10458.00,MM_Balance,M_002295
2021-01-05T15:36:00,USR_003,USR_004,9152.38,STK_002,8.86,MM_Balance,M_002293
2021-01-05T15:36:00,USR_004,USR_003,13981.08,STK_002,8.86,MM_Balance,M_002296
2021-01-06T13:00:00,USR_002,USR_003,203420.16,STK_003,4.86,Panic_Dump_Whale,M_002304
2021-01-06T13:00:04,USR_005,USR_004,3162.92,STK_003,4.28,Panic_Dump_Retail,M_002305
2021-01-06T13:00:08,USR_006,USR_004,1884.10,STK_003,4.54,Panic_Dump_Retail,M_002306
2021-01-06T13:00:18,USR_007,USR_003,3437.59,STK_003,4.03,Panic_Dump_Retail,M_002307
2021-01-06T13:00:20,USR_009,USR_003,3646.56,STK_003,4.28,Panic_Dump_Retail,M_002308
2021-01-06T13:00:21,USR_010,USR_003,1416.68,STK_003,4.28,Panic_Dump_Retail,M_002309
2021-01-06T15:01:00,USR_003,USR_004,10795741.44,STK_001,10223.24,MM_Balance,M_002301
2021-01-06T15:18:00,USR_004,USR_003,19092.29,STK_002,8.77,MM_Balance,M_002302
2021-01-06T15:21:00,USR_004,USR_003,10795741.44,STK_001,10223.24,MM_Balance,M_002298
2021-01-06T15:33:00,USR_003,USR_004,2044.74,STK_004,1.06,MM_Balance,M_002300
2021-01-06T15:41:00,USR_003,USR_004,12032.44,STK_002,8.77,MM_Balance,M_002299
2021-01-06T15:53:00,USR_004,USR_003,2413.62,STK_004,1.06,MM_Balance,M_002303
2021-01-07T11:23:54,USR_003,USR_006,202.00,STK_004,1.00,Normal,M_002310
2021-01-07T15:11:00,USR_004,USR_003,10633170.24,STK_001,10069.29,MM_Balance,M_002311
2021-01-07T15:13:00,USR_003,USR_004,10633170.24,STK_001,10069.29,MM_Balance,M_002315
2021-01-07T15:16:00,USR_004,USR_003,2175.80,STK_004,1.10,MM_Balance,M_002317
2021-01-07T15:20:00,USR_003,USR_004,2788.50,STK_004,1.10,MM_Balance,M_002314
2021-01-07T15:31:00,USR_003,USR_004,6479.20,STK_003,5.20,MM_Balance,M_002313
2021-01-07T15:32:00,USR_004,USR_003,23205.60,STK_002,8.80,MM_Balance,M_002316
2021-01-07T15:48:00,USR_003,USR_004,11730.40,STK_002,8.80,MM_Balance,M_002312
2021-01-08T11:24:35,USR_003,USR_007,41.00,STK_004,1.00,Normal,M_002325
2021-01-08T14:13:14,USR_003,USR_009,2409.94,STK_002,8.06,Normal,M_002324
2021-01-08T15:10:00,USR_003,USR_004,10846968.00,STK_001,10271.75,MM_Balance,M_002330
2021-01-08T15:11:00,USR_004,USR_003,10846968.00,STK_001,10271.75,MM_Balance,M_002326
2021-01-08T15:13:00,USR_004,USR_003,18464.70,STK_002,9.15,MM_Balance,M_002331
2021-01-08T15:33:00,USR_003,USR_004,26690.55,STK_002,9.15,MM_Balance,M_002327
2021-01-08T15:40:00,USR_004,USR_003,2045.12,STK_004,1.12,MM_Balance,M_002332
2021-01-08T15:51:00,USR_003,USR_004,13275.13,STK_003,5.27,MM_Balance,M_002328
2021-01-08T15:56:00,USR_003,USR_004,1956.64,STK_004,1.12,MM_Balance,M_002329
2021-01-09T13:16:41,USR_005,USR_003,2582998.44,STK_001,10209.48,Normal,M_002334
2021-01-09T14:56:51,USR_006,USR_003,202.00,STK_004,1.00,Normal,M_002333
2021-01-09T15:09:00,USR_004,USR_003,2860.92,STK_004,1.08,MM_Balance,M_002341
2021-01-09T15:14:00,USR_004,USR_003,11338.14,STK_002,9.02,MM_Balance,M_002340
2021-01-09T15:20:00,USR_003,USR_004,6751.70,STK_003,5.35,MM_Balance,M_002337
2021-01-09T15:30:00,USR_004,USR_003,10124706.24,STK_001,9587.79,MM_Balance,M_002335
2021-01-09T15:31:00,USR_003,USR_004,12550417.11,STK_001,9587.79,MM_Balance,M_002339
2021-01-09T15:39:00,USR_003,USR_004,3195.72,STK_004,1.08,MM_Balance,M_002338
2021-01-09T15:57:00,USR_003,USR_004,25634.84,STK_002,9.02,MM_Balance,M_002336
2021-01-10T14:45:13,USR_004,USR_008,186.00,STK_004,1.00,Normal,M_002348
2021-01-10T15:06:00,USR_004,USR_003,12591.72,STK_003,5.34,MM_Balance,M_002355
2021-01-10T15:17:00,USR_003,USR_004,13483.50,STK_003,5.34,MM_Balance,M_002351
2021-01-10T15:21:00,USR_003,USR_004,12770604.00,STK_001,9756.00,MM_Balance,M_002353
2021-01-10T15:28:00,USR_003,USR_004,19031.83,STK_002,8.99,MM_Balance,M_002350
2021-01-10T15:33:00,USR_004,USR_003,2793.67,STK_004,1.09,MM_Balance,M_002356
2021-01-10T15:35:00,USR_004,USR_003,23203.19,STK_002,8.99,MM_Balance,M_002354
2021-01-10T15:39:00,USR_004,USR_003,12770604.00,STK_001,9756.00,MM_Balance,M_002349
2021-01-10T15:57:00,USR_003,USR_004,1842.10,STK_004,1.09,MM_Balance,M_002352
2021-01-11T13:28:12,USR_003,USR_005,798.49,STK_003,4.27,Normal,M_002357
2021-01-11T15:01:00,USR_003,USR_004,23482.23,STK_002,9.07,MM_Balance,M_002359
2021-01-11T15:10:00,USR_004,USR_003,1924.94,STK_004,1.09,MM_Balance,M_002365
2021-01-11T15:14:00,USR_004,USR_003,11487.84,STK_003,5.46,MM_Balance,M_002364
2021-01-11T15:34:00,USR_004,USR_003,23926.66,STK_002,9.07,MM_Balance,M_002363
2021-01-11T15:38:00,USR_003,USR_004,2262.84,STK_004,1.09,MM_Balance,M_002361
2021-01-11T15:47:00,USR_003,USR_004,13660.92,STK_003,5.46,MM_Balance,M_002360
2021-01-11T15:53:00,USR_004,USR_003,12522171.90,STK_001,9707.11,MM_Balance,M_002358
2021-01-11T15:55:00,USR_003,USR_004,12522171.90,STK_001,9707.11,MM_Balance,M_002362
2021-01-12T15:09:00,USR_003,USR_004,11647.35,STK_002,9.05,MM_Balance,M_002367
2021-01-12T15:10:00,USR_003,USR_004,14842.52,STK_003,5.53,MM_Balance,M_002368
2021-01-12T15:12:00,USR_004,USR_003,20009.55,STK_002,9.05,MM_Balance,M_002371
2021-01-12T15:17:00,USR_004,USR_003,1580.04,STK_004,1.08,MM_Balance,M_002373
2021-01-12T15:22:00,USR_004,USR_003,14975.24,STK_003,5.53,MM_Balance,M_002372
2021-01-12T15:26:00,USR_003,USR_004,10821360.51,STK_001,9653.31,MM_Balance,M_002370
2021-01-12T15:48:00,USR_004,USR_003,10821360.51,STK_001,9653.31,MM_Balance,M_002366
2021-01-12T15:50:00,USR_003,USR_004,1945.08,STK_004,1.08,MM_Balance,M_002369
2021-01-13T15:04:00,USR_004,USR_003,12391242.71,STK_001,9466.19,MM_Balance,M_002374
2021-01-13T15:06:00,USR_004,USR_003,2256.30,STK_004,1.09,MM_Balance,M_002381
2021-01-13T15:17:00,USR_003,USR_004,25518.88,STK_002,9.14,MM_Balance,M_002375
2021-01-13T15:18:00,USR_004,USR_003,13990.44,STK_003,5.48,MM_Balance,M_002380
2021-01-13T15:37:00,USR_003,USR_004,12391242.71,STK_001,9466.19,MM_Balance,M_002378
2021-01-13T15:40:00,USR_003,USR_004,1341.79,STK_004,1.09,MM_Balance,M_002377
2021-01-13T15:45:00,USR_004,USR_003,25537.16,STK_002,9.14,MM_Balance,M_002379
2021-01-13T15:53:00,USR_003,USR_004,9759.88,STK_003,5.48,MM_Balance,M_002376
2021-01-14T15:05:00,USR_004,USR_003,12347666.10,STK_001,9432.90,MM_Balance,M_002382
2021-01-14T15:17:00,USR_003,USR_004,12347666.10,STK_001,9432.90,MM_Balance,M_002386
2021-01-14T15:33:00,USR_004,USR_003,2398.94,STK_004,1.07,MM_Balance,M_002389
2021-01-14T15:37:00,USR_003,USR_004,8128.71,STK_003,5.43,MM_Balance,M_002384
2021-01-14T15:37:00,USR_003,USR_004,1554.71,STK_004,1.07,MM_Balance,M_002385
2021-01-14T15:38:00,USR_004,USR_003,11663.64,STK_003,5.43,MM_Balance,M_002388
2021-01-14T15:45:00,USR_003,USR_004,10899.21,STK_002,9.03,MM_Balance,M_002383
2021-01-14T15:52:00,USR_004,USR_003,23468.97,STK_002,9.03,MM_Balance,M_002387
2021-01-15T15:01:00,USR_003,USR_004,12215103.67,STK_001,9331.63,MM_Balance,M_002397
2021-01-15T15:18:00,USR_003,USR_004,1274.12,STK_004,1.06,MM_Balance,M_002396
2021-01-15T15:36:00,USR_003,USR_004,13165.46,STK_002,9.13,MM_Balance,M_002394
2021-01-15T15:40:00,USR_003,USR_004,5821.95,STK_003,5.55,MM_Balance,M_002395
2021-01-15T15:52:00,USR_004,USR_003,1838.04,STK_004,1.06,MM_Balance,M_002399
2021-01-15T15:57:00,USR_004,USR_003,25007.07,STK_002,9.13,MM_Balance,M_002398
2021-01-15T15:58:00,USR_004,USR_003,12215103.67,STK_001,9331.63,MM_Balance,M_002393
2021-01-16T15:22:00,USR_003,USR_004,15466.77,STK_002,9.19,MM_Balance,M_002401
2021-01-16T15:24:00,USR_004,USR_003,14146.95,STK_003,5.55,MM_Balance,M_002406
2021-01-16T15:25:00,USR_003,USR_004,12306655.13,STK_001,9401.57,MM_Balance,M_002404
2021-01-16T15:31:00,USR_004,USR_003,12306655.13,STK_001,9401.57,MM_Balance,M_002400
2021-01-16T15:31:00,USR_004,USR_003,20888.87,STK_002,9.19,MM_Balance,M_002405
2021-01-16T15:53:00,USR_003,USR_004,9146.40,STK_003,5.55,MM_Balance,M_002402
2021-01-16T15:54:00,USR_004,USR_003,1665.36,STK_004,1.08,MM_Balance,M_002407
2021-01-16T15:58:00,USR_003,USR_004,1303.56,STK_004,1.08,MM_Balance,M_002403
2021-01-17T14:56:34,USR_003,USR_009,158.73,STK_005,1.43,Normal,M_002408
2021-01-17T15:02:00,USR_004,USR_003,2852.46,STK_004,1.06,MM_Balance,M_002415
2021-01-17T15:08:00,USR_003,USR_004,10201.56,STK_003,5.63,MM_Balance,M_002411
2021-01-17T15:14:00,USR_004,USR_003,15482.53,STK_002,9.31,MM_Balance,M_002414
2021-01-17T15:16:00,USR_004,USR_003,12078182.27,STK_001,9227.03,MM_Balance,M_002409
2021-01-17T15:21:00,USR_003,USR_004,22958.46,STK_002,9.31,MM_Balance,M_002410
2021-01-17T15:36:00,USR_003,USR_004,12078182.27,STK_001,9227.03,MM_Balance,M_002413
2021-01-17T15:54:00,USR_003,USR_004,1284.72,STK_004,1.06,MM_Balance,M_002412
2021-01-18T13:29:43,USR_003,USR_010,2832.71,STK_002,8.77,Normal,M_002416
2021-01-18T15:16:00,USR_003,USR_004,25467.03,STK_002,10.07,MM_Balance,M_002418
2021-01-18T15:23:00,USR_003,USR_004,1977.15,STK_004,1.05,MM_Balance,M_002420
2021-01-18T15:34:00,USR_004,USR_003,16665.85,STK_002,10.07,MM_Balance,M_002422
2021-01-18T15:36:00,USR_004,USR_003,12040260.54,STK_001,9198.06,MM_Balance,M_002417
2021-01-18T15:44:00,USR_004,USR_003,6745.31,STK_003,5.83,MM_Balance,M_002423
2021-01-18T15:51:00,USR_003,USR_004,15420.35,STK_003,5.83,MM_Balance,M_002419
2021-01-18T15:55:00,USR_004,USR_003,1740.90,STK_004,1.05,MM_Balance,M_002424
2021-01-18T15:59:00,USR_003,USR_004,12040260.54,STK_001,9198.06,MM_Balance,M_002421
2021-01-19T10:05:18,USR_004,USR_005,372.24,STK_005,1.41,Normal,M_002425
2021-01-19T15:16:00,USR_004,USR_003,12909.36,STK_003,5.96,MM_Balance,M_002432
2021-01-19T15:22:00,USR_003,USR_004,16890.64,STK_003,5.96,MM_Balance,M_002428
2021-01-19T15:35:00,USR_004,USR_003,9716012.90,STK_001,9297.62,MM_Balance,M_002426
2021-01-19T15:38:00,USR_004,USR_003,2534.83,STK_004,1.03,MM_Balance,M_002433
2021-01-19T15:41:00,USR_003,USR_004,21525.76,STK_002,10.04,MM_Balance,M_002427
2021-01-19T15:43:00,USR_003,USR_004,9716012.90,STK_001,9297.62,MM_Balance,M_002430
2021-01-19T15:45:00,USR_003,USR_004,2859.28,STK_004,1.03,MM_Balance,M_002429
2021-01-19T15:46:00,USR_004,USR_003,11375.32,STK_002,10.04,MM_Balance,M_002431
2021-01-20T09:58:55,USR_006,USR_004,19.63,STK_005,1.51,Normal,M_002434
2021-01-20T15:06:00,USR_004,USR_003,12221.88,STK_002,10.34,MM_Balance,M_002440
2021-01-20T15:07:00,USR_003,USR_004,12484469.69,STK_001,9537.41,MM_Balance,M_002439
2021-01-20T15:11:00,USR_003,USR_004,15967.79,STK_003,5.89,MM_Balance,M_002437
2021-01-20T15:12:00,USR_004,USR_003,12484469.69,STK_001,9537.41,MM_Balance,M_002435
2021-01-20T15:26:00,USR_004,USR_003,2700.96,STK_004,1.02,MM_Balance,M_002442
2021-01-20T15:44:00,USR_004,USR_003,12810.75,STK_003,5.89,MM_Balance,M_002441
2021-01-20T15:49:00,USR_003,USR_004,23068.54,STK_002,10.34,MM_Balance,M_002436
2021-01-20T15:59:00,USR_003,USR_004,2375.58,STK_004,1.02,MM_Balance,M_002438
2021-01-21T15:01:00,USR_004,USR_003,9583.03,STK_003,5.89,MM_Balance,M_002449
2021-01-21T15:03:00,USR_003,USR_004,12604.60,STK_003,5.89,MM_Balance,M_002445
2021-01-21T15:04:00,USR_004,USR_003,2786.59,STK_004,1.01,MM_Balance,M_002450
2021-01-21T15:10:00,USR_003,USR_004,1206.95,STK_004,1.01,MM_Balance,M_002446
2021-01-21T15:16:00,USR_004,USR_003,12489221.36,STK_001,9541.04,MM_Balance,M_002443
2021-01-21T15:20:00,USR_004,USR_003,10130.36,STK_002,10.04,MM_Balance,M_002448
2021-01-21T15:33:00,USR_003,USR_004,12489221.36,STK_001,9541.04,MM_Balance,M_002447
2021-01-21T15:38:00,USR_003,USR_004,28112.00,STK_002,10.04,MM_Balance,M_002444
2021-01-22T14:23:35,USR_003,USR_007,328.00,STK_004,1.00,Normal,M_002451
2021-01-22T15:06:00,USR_003,USR_004,12759673.85,STK_001,9747.65,MM_Balance,M_002456
2021-01-22T15:18:00,USR_003,USR_004,28702.90,STK_002,9.85,MM_Balance,M_002453
2021-01-22T15:29:00,USR_004,USR_003,3124.40,STK_004,1.07,MM_Balance,M_002459
2021-01-22T15:33:00,USR_003,USR_004,2362.56,STK_004,1.07,MM_Balance,M_002455
2021-01-22T15:38:00,USR_004,USR_003,13740.75,STK_002,9.85,MM_Balance,M_002457
2021-01-22T15:43:00,USR_003,USR_004,10215.44,STK_003,5.96,MM_Balance,M_002454
2021-01-22T15:58:00,USR_004,USR_003,13439.80,STK_003,5.96,MM_Balance,M_002458
2021-01-22T15:59:00,USR_004,USR_003,12759673.85,STK_001,9747.65,MM_Balance,M_002452
2021-01-23T15:20:00,USR_003,USR_004,12824757.33,STK_001,9797.37,MM_Balance,M_002464
2021-01-23T15:27:00,USR_004,USR_003,1954.89,STK_004,1.07,MM_Balance,M_002467
2021-01-23T15:33:00,USR_004,USR_003,12824757.33,STK_001,9797.37,MM_Balance,M_002460
2021-01-23T15:33:00,USR_003,USR_004,17316.68,STK_003,6.04,MM_Balance,M_002462
2021-01-23T15:34:00,USR_003,USR_004,2728.50,STK_004,1.07,MM_Balance,M_002463
2021-01-23T15:40:00,USR_004,USR_003,9657.96,STK_003,6.04,MM_Balance,M_002466
2021-01-23T15:41:00,USR_003,USR_004,23414.94,STK_002,9.93,MM_Balance,M_002461
2021-01-23T15:48:00,USR_004,USR_003,19035.81,STK_002,9.93,MM_Balance,M_002465
2021-01-24T14:41:59,USR_006,USR_004,3001054.20,STK_001,9680.82,Normal,M_002468
2021-01-24T15:01:00,USR_004,USR_003,14636310.46,STK_001,9040.34,MM_Balance,M_002469
2021-01-24T15:11:00,USR_004,USR_003,2110.24,STK_004,1.09,MM_Balance,M_002476
2021-01-24T15:13:00,USR_004,USR_003,18078.15,STK_003,6.31,MM_Balance,M_002475
2021-01-24T15:19:00,USR_003,USR_004,29223.99,STK_002,9.81,MM_Balance,M_002470
2021-01-24T15:22:00,USR_003,USR_004,8739.35,STK_003,6.31,MM_Balance,M_002471
2021-01-24T15:23:00,USR_004,USR_003,20022.21,STK_002,9.81,MM_Balance,M_002474
2021-01-24T15:32:00,USR_003,USR_004,14636310.46,STK_001,9040.34,MM_Balance,M_002473
2021-01-24T15:52:00,USR_003,USR_004,2928.83,STK_004,1.09,MM_Balance,M_002472
2021-01-25T13:20:55,USR_003,USR_009,3132.40,STK_002,9.55,Normal,M_002481
2021-01-25T15:17:00,USR_003,USR_004,1931.48,STK_004,1.09,MM_Balance,M_002484
2021-01-25T15:38:00,USR_004,USR_003,16010.26,STK_002,10.54,MM_Balance,M_002486
2021-01-25T15:44:00,USR_004,USR_003,14756456.45,STK_001,9114.55,MM_Balance,M_002482
2021-01-25T15:44:00,USR_004,USR_003,14360.07,STK_003,6.29,MM_Balance,M_002487
2021-01-25T15:44:00,USR_004,USR_003,1182.65,STK_004,1.09,MM_Balance,M_002488
2021-01-25T15:49:00,USR_003,USR_004,14756456.45,STK_001,9114.55,MM_Balance,M_002485
2021-01-25T15:52:00,USR_003,USR_004,11642.79,STK_003,6.29,MM_Balance,M_002483
2021-01-26T15:05:00,USR_003,USR_004,3211.14,STK_004,1.09,MM_Balance,M_002492
2021-01-26T15:08:00,USR_003,USR_004,12432518.54,STK_001,8811.14,MM_Balance,M_002493
2021-01-26T15:14:00,USR_004,USR_003,7625.88,STK_003,6.21,MM_Balance,M_002495
2021-01-26T15:24:00,USR_004,USR_003,2949.54,STK_004,1.09,MM_Balance,M_002496
2021-01-26T15:30:00,USR_004,USR_003,20580.00,STK_002,10.50,MM_Balance,M_002494
2021-01-26T15:36:00,USR_004,USR_003,14265235.66,STK_001,8811.14,MM_Balance,M_002489
2021-01-26T15:48:00,USR_003,USR_004,12831.00,STK_002,10.50,MM_Balance,M_002490
2021-01-26T15:52:00,USR_003,USR_004,11227.68,STK_003,6.21,MM_Balance,M_002491
2021-01-27T11:46:58,USR_006,USR_003,1655952.16,STK_001,8999.74,Normal,M_002497
2021-01-27T15:11:00,USR_003,USR_004,12467691.87,STK_001,8533.67,MM_Balance,M_002502
2021-01-27T15:18:00,USR_003,USR_004,3232.90,STK_004,1.10,MM_Balance,M_002501
2021-01-27T15:24:00,USR_003,USR_004,11328.29,STK_003,6.29,MM_Balance,M_002500
2021-01-27T15:29:00,USR_004,USR_003,12041008.37,STK_001,8533.67,MM_Balance,M_002498
2021-01-27T15:41:00,USR_003,USR_004,29769.16,STK_002,10.46,MM_Balance,M_002499
2021-01-27T15:42:00,USR_004,USR_003,17646.02,STK_002,10.46,MM_Balance,M_002503
2021-01-27T15:53:00,USR_004,USR_003,1256.20,STK_004,1.10,MM_Balance,M_002505
2021-01-27T15:55:00,USR_004,USR_003,6610.79,STK_003,6.29,MM_Balance,M_002504
2021-01-28T10:26:41,USR_004,USR_009,174.00,STK_003,6.00,Normal,M_002506
2021-01-28T10:35:20,USR_010,USR_003,1851755.36,STK_001,8902.67,Normal,M_002507
2021-01-28T15:31:00,USR_004,USR_003,24651.44,STK_002,10.28,MM_Balance,M_002513
2021-01-28T15:34:00,USR_004,USR_003,12317632.56,STK_001,8430.96,MM_Balance,M_002508
2021-01-28T15:36:00,USR_003,USR_004,18594.03,STK_003,6.37,MM_Balance,M_002510
2021-01-28T15:40:00,USR_004,USR_003,10867.22,STK_003,6.37,MM_Balance,M_002514
2021-01-28T15:41:00,USR_003,USR_004,10691.20,STK_002,10.28,MM_Balance,M_002509
2021-01-28T15:43:00,USR_003,USR_004,1704.24,STK_004,1.08,MM_Balance,M_002511
2021-01-28T15:58:00,USR_003,USR_004,16187443.20,STK_001,8430.96,MM_Balance,M_002512
2021-01-28T15:58:00,USR_004,USR_003,2139.48,STK_004,1.08,MM_Balance,M_002515
2021-01-29T13:18:08,USR_003,USR_009,2595.32,STK_003,11.96,Normal,M_002517
2021-01-29T14:25:43,USR_003,USR_001,30820.77,STK_003,5.41,Normal,M_002516
2021-01-29T15:12:00,USR_003,USR_004,15402347.75,STK_001,8393.65,MM_Balance,M_002522
2021-01-29T15:13:00,USR_003,USR_004,1593.18,STK_004,1.06,MM_Balance,M_002521
2021-01-29T15:21:00,USR_004,USR_003,14638525.60,STK_001,8393.65,MM_Balance,M_002518
2021-01-29T15:25:00,USR_003,USR_004,24635.66,STK_002,10.43,MM_Balance,M_002519
2021-01-29T15:25:00,USR_004,USR_003,1523.22,STK_004,1.06,MM_Balance,M_002525
2021-01-29T15:29:00,USR_004,USR_003,29652.49,STK_002,10.43,MM_Balance,M_002523
2021-01-29T15:33:00,USR_003,USR_004,35776.02,STK_003,14.42,MM_Balance,M_002520
2021-01-29T15:41:00,USR_004,USR_003,25480.14,STK_003,14.42,MM_Balance,M_002524
2021-01-30T11:59:16,USR_004,USR_009,2805.00,STK_002,9.35,Normal,M_002526
2021-01-30T15:01:00,USR_004,USR_003,17566.25,STK_003,14.95,MM_Balance,M_002533
2021-01-30T15:06:00,USR_004,USR_003,26224.00,STK_002,11.00,MM_Balance,M_002532
2021-01-30T15:15:00,USR_003,USR_004,29287.05,STK_003,14.95,MM_Balance,M_002529
2021-01-30T15:25:00,USR_004,USR_003,16824669.52,STK_001,8366.32,MM_Balance,M_002527
2021-01-30T15:26:00,USR_003,USR_004,14388.00,STK_002,11.00,MM_Balance,M_002528
2021-01-30T15:39:00,USR_003,USR_004,13779329.04,STK_001,8366.32,MM_Balance,M_002531
2021-01-30T15:55:00,USR_004,USR_003,3085.88,STK_004,1.07,MM_Balance,M_002534
2021-01-30T15:59:00,USR_003,USR_004,2740.27,STK_004,1.07,MM_Balance,M_002530
2021-01-31T13:46:26,USR_004,USR_008,788437.65,STK_001,8664.15,Normal,M_002540
2021-01-31T15:09:00,USR_004,USR_003,13670160.20,STK_001,8785.45,MM_Balance,M_002541
2021-01-31T15:24:00,USR_003,USR_004,2164.80,STK_004,1.10,MM_Balance,M_002544
2021-01-31T15:28:00,USR_004,USR_003,42224.18,STK_003,14.53,MM_Balance,M_002547
2021-01-31T15:44:00,USR_004,USR_003,23628.00,STK_002,10.74,MM_Balance,M_002546
2021-01-31T15:48:00,USR_003,USR_004,12866.52,STK_002,10.74,MM_Balance,M_002542
2021-01-31T15:49:00,USR_003,USR_004,11851572.05,STK_001,8785.45,MM_Balance,M_002545
2021-01-31T15:56:00,USR_003,USR_004,18554.81,STK_003,14.53,MM_Balance,M_002543
2021-01-31T15:57:00,USR_004,USR_003,2107.60,STK_004,1.10,MM_Balance,M_002548
2021-02-01T10:15:22,USR_004,USR_010,1494.60,STK_002,9.40,Normal,M_002549
2021-02-01T15:17:00,USR_004,USR_003,1190.20,STK_004,1.10,MM_Balance,M_002557
2021-02-01T15:19:00,USR_004,USR_003,25897.76,STK_002,10.64,MM_Balance,M_002555
2021-02-01T15:20:00,USR_003,USR_004,2202.20,STK_004,1.10,MM_Balance,M_002553
2021-02-01T15:23:00,USR_004,USR_003,11920041.40,STK_001,8855.90,MM_Balance,M_002550
2021-02-01T15:27:00,USR_004,USR_003,27883.07,STK_003,14.53,MM_Balance,M_002556
2021-02-01T15:32:00,USR_003,USR_004,14821.52,STK_002,10.64,MM_Balance,M_002551
2021-02-01T15:41:00,USR_003,USR_004,9794625.40,STK_001,8855.90,MM_Balance,M_002554
2021-02-01T15:57:00,USR_003,USR_004,30004.45,STK_003,14.53,MM_Balance,M_002552
2021-02-02T09:49:39,USR_003,USR_008,250.00,STK_004,1.00,Normal,M_002558
2021-02-02T15:12:00,USR_003,USR_004,31069.98,STK_003,14.58,MM_Balance,M_002561
2021-02-02T15:17:00,USR_003,USR_004,1796.64,STK_004,1.14,MM_Balance,M_002562
2021-02-02T15:22:00,USR_003,USR_004,13345.50,STK_002,10.50,MM_Balance,M_002560
2021-02-02T15:28:00,USR_003,USR_004,17025177.60,STK_001,8867.28,MM_Balance,M_002563
2021-02-02T15:32:00,USR_004,USR_003,40299.12,STK_003,14.58,MM_Balance,M_002565
2021-02-02T15:42:00,USR_004,USR_003,27814.50,STK_002,10.50,MM_Balance,M_002564
2021-02-02T15:45:00,USR_004,USR_003,9833813.52,STK_001,8867.28,MM_Balance,M_002559
2021-02-02T15:51:00,USR_004,USR_003,1193.58,STK_004,1.14,MM_Balance,M_002566
2021-02-03T10:20:01,USR_003,USR_007,500.31,STK_002,9.81,Normal,M_002572
2021-02-03T10:36:36,USR_004,USR_010,350.00,STK_004,1.00,Normal,M_002571
2021-02-03T13:01:17,USR_003,USR_006,343.00,STK_002,9.80,Normal,M_002573
2021-02-03T15:07:00,USR_003,USR_004,17244422.40,STK_001,8981.47,MM_Balance,M_002578
2021-02-03T15:09:00,USR_003,USR_004,1846.80,STK_004,1.20,MM_Balance,M_002577
2021-02-03T15:11:00,USR_003,USR_004,20279.84,STK_002,10.64,MM_Balance,M_002575
2021-02-03T15:11:00,USR_003,USR_004,16953.58,STK_003,14.59,MM_Balance,M_002576
2021-02-03T15:11:00,USR_004,USR_003,14736.40,STK_002,10.64,MM_Balance,M_002579
2021-02-03T15:14:00,USR_004,USR_003,37175.32,STK_003,14.59,MM_Balance,M_002580
2021-02-03T15:18:00,USR_004,USR_003,17244422.40,STK_001,8981.47,MM_Balance,M_002574
2021-02-03T15:40:00,USR_004,USR_003,2169.60,STK_004,1.20,MM_Balance,M_002581
2021-02-04T10:02:59,USR_006,USR_004,1718465.16,STK_001,9239.06,Normal,M_002582
2021-02-04T15:16:00,USR_003,USR_004,18611290.62,STK_001,8837.27,MM_Balance,M_002587
2021-02-04T15:22:00,USR_004,USR_003,20768.40,STK_002,10.80,MM_Balance,M_002588
2021-02-04T15:31:00,USR_004,USR_003,25754.70,STK_003,14.65,MM_Balance,M_002589
2021-02-04T15:31:00,USR_004,USR_003,3152.49,STK_004,1.23,MM_Balance,M_002590
2021-02-04T15:37:00,USR_003,USR_004,24201.80,STK_003,14.65,MM_Balance,M_002585
2021-02-04T15:43:00,USR_003,USR_004,2987.67,STK_004,1.23,MM_Balance,M_002586
2021-02-04T15:47:00,USR_003,USR_004,11059.20,STK_002,10.80,MM_Balance,M_002584
2021-02-04T15:48:00,USR_004,USR_003,18611290.62,STK_001,8837.27,MM_Balance,M_002583
2021-02-05T10:56:27,USR_003,USR_009,275.31,STK_003,13.11,Normal,M_002600
2021-02-05T11:04:21,USR_003,USR_007,2886.08,STK_003,12.44,Normal,M_002598
2021-02-05T13:47:55,USR_003,USR_006,591.02,STK_002,10.19,Normal,M_002599
2021-02-05T15:06:00,USR_003,USR_004,13193223.02,STK_001,8999.47,MM_Balance,M_002605
2021-02-05T15:12:00,USR_004,USR_003,13193223.02,STK_001,8999.47,MM_Balance,M_002601
2021-02-05T15:18:00,USR_004,USR_003,34221.00,STK_003,15.25,MM_Balance,M_002607
2021-02-05T15:20:00,USR_004,USR_003,32756.10,STK_002,11.10,MM_Balance,M_002606
2021-02-05T15:27:00,USR_003,USR_004,28761.50,STK_003,15.25,MM_Balance,M_002603
2021-02-05T15:33:00,USR_004,USR_003,1777.20,STK_004,1.20,MM_Balance,M_002608
2021-02-05T15:42:00,USR_003,USR_004,2397.60,STK_004,1.20,MM_Balance,M_002604
2021-02-05T15:46:00,USR_003,USR_004,24886.20,STK_002,11.10,MM_Balance,M_002602
2021-02-06T10:39:58,USR_004,USR_006,1900.72,STK_002,10.33,Normal,M_002609
2021-02-06T12:28:08,USR_004,USR_008,223.00,STK_004,1.00,Normal,M_002610
2021-02-06T15:12:00,USR_003,USR_004,3086.10,STK_004,1.27,MM_Balance,M_002614
2021-02-06T15:17:00,USR_003,USR_004,30052.61,STK_002,11.51,MM_Balance,M_002612
2021-02-06T15:20:00,USR_003,USR_004,18822880.44,STK_001,8937.74,MM_Balance,M_002615
2021-02-06T15:36:00,USR_004,USR_003,2540.00,STK_004,1.27,MM_Balance,M_002618
2021-02-06T15:37:00,USR_004,USR_003,28199.50,STK_002,11.51,MM_Balance,M_002616
2021-02-06T15:50:00,USR_003,USR_004,33319.14,STK_003,15.27,MM_Balance,M_002613
2021-02-06T15:52:00,USR_004,USR_003,40694.55,STK_003,15.27,MM_Balance,M_002617
2021-02-06T15:58:00,USR_004,USR_003,18822880.44,STK_001,8937.74,MM_Balance,M_002611
2021-02-07T12:44:30,USR_003,USR_006,3527.04,STK_002,10.56,Normal,M_002620
2021-02-07T12:48:40,USR_003,USR_007,157.04,STK_004,1.04,Normal,M_002619
2021-02-07T15:09:00,USR_004,USR_003,19161714.78,STK_001,9098.63,MM_Balance,M_002621
2021-02-07T15:20:00,USR_003,USR_004,36040.62,STK_002,12.18,MM_Balance,M_002622
2021-02-07T15:38:00,USR_003,USR_004,24382.12,STK_003,14.84,MM_Balance,M_002623
2021-02-07T15:46:00,USR_004,USR_003,19548.90,STK_002,12.18,MM_Balance,M_002626
2021-02-07T15:51:00,USR_003,USR_004,3546.84,STK_004,1.32,MM_Balance,M_002624
2021-02-07T15:51:00,USR_004,USR_003,2735.04,STK_004,1.32,MM_Balance,M_002628
2021-02-07T15:56:00,USR_004,USR_003,37189.04,STK_003,14.84,MM_Balance,M_002627
2021-02-07T15:59:00,USR_003,USR_004,19161714.78,STK_001,9098.63,MM_Balance,M_002625
2021-02-08T10:50:37,USR_003,USR_008,217.80,STK_004,1.10,Normal,M_002629
2021-02-08T13:39:00,USR_007,USR_004,65.00,STK_004,1.00,Normal,M_002630
2021-02-08T15:01:00,USR_004,USR_003,15070983.84,STK_001,9073.44,MM_Balance,M_002631
2021-02-08T15:01:00,USR_003,USR_004,15070983.84,STK_001,9073.44,MM_Balance,M_002635
2021-02-08T15:18:00,USR_004,USR_003,3198.84,STK_004,1.38,MM_Balance,M_002638
2021-02-08T15:20:00,USR_003,USR_004,1780.20,STK_004,1.38,MM_Balance,M_002634
2021-02-08T15:20:00,USR_004,USR_003,28038.61,STK_002,12.07,MM_Balance,M_002636
2021-02-08T15:20:00,USR_004,USR_003,19573.40,STK_003,14.35,MM_Balance,M_002637
2021-02-08T15:30:00,USR_003,USR_004,30579.85,STK_003,14.35,MM_Balance,M_002633
2021-02-08T15:55:00,USR_003,USR_004,13361.49,STK_002,12.07,MM_Balance,M_002632
2021-02-09T11:33:09,USR_003,USR_009,54.72,STK_005,1.52,Normal,M_002648
2021-02-09T11:52:24,USR_004,USR_008,1037.40,STK_002,11.40,Normal,M_002647
2021-02-09T13:06:15,USR_003,USR_010,308.58,STK_004,1.11,Normal,M_002646
2021-02-09T15:01:00,USR_004,USR_003,24899.20,STK_002,12.40,MM_Balance,M_002654
2021-02-09T15:04:00,USR_004,USR_003,30805.74,STK_003,14.49,MM_Balance,M_002655
2021-02-09T15:09:00,USR_003,USR_004,36518.00,STK_002,12.40,MM_Balance,M_002650
2021-02-09T15:20:00,USR_003,USR_004,29342.25,STK_003,14.49,MM_Balance,M_002651
2021-02-09T15:32:00,USR_003,USR_004,9426389.84,STK_001,9072.56,MM_Balance,M_002653
2021-02-09T15:37:00,USR_004,USR_003,2028.96,STK_004,1.44,MM_Balance,M_002656
2021-02-09T15:48:00,USR_004,USR_003,13137066.88,STK_001,9072.56,MM_Balance,M_002649
2021-02-09T15:48:00,USR_003,USR_004,2581.92,STK_004,1.44,MM_Balance,M_002652
2021-02-10T14:09:00,USR_004,USR_009,1354682.90,STK_001,9278.65,Normal,M_002657
2021-02-10T15:01:00,USR_003,USR_004,23896.08,STK_002,12.42,MM_Balance,M_002659
2021-02-10T15:11:00,USR_003,USR_004,2057.55,STK_004,1.45,MM_Balance,M_002661
2021-02-10T15:24:00,USR_003,USR_004,10251069.15,STK_001,9447.99,MM_Balance,M_002662
2021-02-10T15:41:00,USR_004,USR_003,11753299.56,STK_001,9447.99,MM_Balance,M_002658
2021-02-10T15:41:00,USR_003,USR_004,33078.00,STK_003,14.80,MM_Balance,M_002660
2021-02-10T15:44:00,USR_004,USR_003,3922.25,STK_004,1.45,MM_Balance,M_002665
2021-02-10T15:48:00,USR_004,USR_003,20853.20,STK_003,14.80,MM_Balance,M_002664
2021-02-10T15:59:00,USR_004,USR_003,31310.82,STK_002,12.42,MM_Balance,M_002663
2021-02-11T15:00:00,USR_004,USR_003,34687.74,STK_002,12.34,MM_Balance,M_002671
2021-02-11T15:03:00,USR_004,USR_003,33316.92,STK_003,14.69,MM_Balance,M_002672
2021-02-11T15:17:00,USR_004,USR_003,4261.55,STK_004,1.45,MM_Balance,M_002673
2021-02-11T15:31:00,USR_003,USR_004,35600.90,STK_002,12.34,MM_Balance,M_002667
2021-02-11T15:38:00,USR_003,USR_004,31554.12,STK_003,14.69,MM_Balance,M_002668
2021-02-11T15:39:00,USR_003,USR_004,11064857.10,STK_001,9546.90,MM_Balance,M_002670
2021-02-11T15:42:00,USR_003,USR_004,3810.60,STK_004,1.45,MM_Balance,M_002669
2021-02-11T15:48:00,USR_004,USR_003,13289284.80,STK_001,9546.90,MM_Balance,M_002666
2021-02-12T11:21:46,USR_005,USR_004,2809.08,STK_002,11.56,Normal,M_002674
2021-02-12T15:00:00,USR_003,USR_004,20449.99,STK_003,15.07,MM_Balance,M_002677
2021-02-12T15:01:00,USR_004,USR_003,18309.87,STK_002,11.79,MM_Balance,M_002680
2021-02-12T15:04:00,USR_004,USR_003,2132.68,STK_004,1.48,MM_Balance,M_002682
2021-02-12T15:40:00,USR_004,USR_003,11097598.85,STK_001,9575.15,MM_Balance,M_002675
2021-02-12T15:46:00,USR_003,USR_004,1740.48,STK_004,1.48,MM_Balance,M_002678
2021-02-12T15:46:00,USR_004,USR_003,17014.03,STK_003,15.07,MM_Balance,M_002681
2021-02-12T15:55:00,USR_003,USR_004,18499189.80,STK_001,9575.15,MM_Balance,M_002679
2021-02-12T15:59:00,USR_003,USR_004,33035.58,STK_002,11.79,MM_Balance,M_002676
2021-02-13T13:56:48,USR_008,USR_004,438.08,STK_005,1.48,Normal,M_002689
2021-02-13T15:11:00,USR_004,USR_003,22197.63,STK_002,12.11,MM_Balance,M_002695
2021-02-13T15:18:00,USR_004,USR_003,3753.66,STK_004,1.46,MM_Balance,M_002697
2021-02-13T15:23:00,USR_004,USR_003,18609603.60,STK_001,9632.30,MM_Balance,M_002690
2021-02-13T15:29:00,USR_004,USR_003,26465.24,STK_003,15.02,MM_Balance,M_002696
2021-02-13T15:30:00,USR_003,USR_004,32454.80,STK_002,12.11,MM_Balance,M_002691
2021-02-13T15:35:00,USR_003,USR_004,3631.02,STK_004,1.46,MM_Balance,M_002693
2021-02-13T15:42:00,USR_003,USR_004,26495.28,STK_003,15.02,MM_Balance,M_002692
2021-02-13T15:47:00,USR_003,USR_004,15951088.80,STK_001,9632.30,MM_Balance,M_002694
2021-02-14T15:06:00,USR_004,USR_003,30340.80,STK_003,14.70,MM_Balance,M_002704
2021-02-14T15:07:00,USR_004,USR_003,33748.12,STK_002,12.04,MM_Balance,M_002703
2021-02-14T15:21:00,USR_004,USR_003,15763331.52,STK_001,9518.92,MM_Balance,M_002698
2021-02-14T15:44:00,USR_003,USR_004,3924.48,STK_004,1.46,MM_Balance,M_002701
2021-02-14T15:50:00,USR_003,USR_004,39263.70,STK_003,14.70,MM_Balance,M_002700
2021-02-14T15:51:00,USR_003,USR_004,33025.72,STK_002,12.04,MM_Balance,M_002699
2021-02-14T15:52:00,USR_003,USR_004,11108579.64,STK_001,9518.92,MM_Balance,M_002702
2021-02-14T15:59:00,USR_004,USR_003,2220.66,STK_004,1.46,MM_Balance,M_002705
2021-02-15T14:05:31,USR_003,USR_006,128.26,STK_004,1.21,Normal,M_002706
2021-02-15T15:01:00,USR_004,USR_003,12911.36,STK_002,12.32,MM_Balance,M_002712
2021-02-15T15:07:00,USR_004,USR_003,23770.05,STK_003,14.81,MM_Balance,M_002713
2021-02-15T15:13:00,USR_003,USR_004,4061.90,STK_004,1.51,MM_Balance,M_002710
2021-02-15T15:19:00,USR_003,USR_004,29851.36,STK_002,12.32,MM_Balance,M_002708
2021-02-15T15:25:00,USR_003,USR_004,37721.07,STK_003,14.81,MM_Balance,M_002709
2021-02-15T15:52:00,USR_003,USR_004,18403047.60,STK_001,9389.31,MM_Balance,M_002711
2021-02-15T15:52:00,USR_004,USR_003,2083.80,STK_004,1.51,MM_Balance,M_002714
2021-02-15T15:58:00,USR_004,USR_003,10957324.77,STK_001,9389.31,MM_Balance,M_002707
2021-02-16T15:15:00,USR_004,USR_003,1730.12,STK_004,1.48,MM_Balance,M_002725
2021-02-16T15:16:00,USR_004,USR_003,29461.68,STK_003,14.94,MM_Balance,M_002724
2021-02-16T15:24:00,USR_003,USR_004,10037997.95,STK_001,9514.69,MM_Balance,M_002722
2021-02-16T15:30:00,USR_004,USR_003,18648792.40,STK_001,9514.69,MM_Balance,M_002718
2021-02-16T15:31:00,USR_004,USR_003,36691.85,STK_002,12.35,MM_Balance,M_002723
2021-02-16T15:34:00,USR_003,USR_004,31381.35,STK_002,12.35,MM_Balance,M_002719
2021-02-16T15:43:00,USR_003,USR_004,4355.64,STK_004,1.48,MM_Balance,M_002721
2021-02-16T15:44:00,USR_003,USR_004,27863.10,STK_003,14.94,MM_Balance,M_002720
2021-02-17T14:04:11,USR_003,USR_006,3085.43,STK_002,11.47,Normal,M_002726
2021-02-17T15:07:00,USR_004,USR_003,2715.85,STK_004,1.45,MM_Balance,M_002734
2021-02-17T15:18:00,USR_004,USR_003,16258.24,STK_003,15.04,MM_Balance,M_002733
2021-02-17T15:33:00,USR_003,USR_004,3522.05,STK_004,1.45,MM_Balance,M_002730
2021-02-17T15:36:00,USR_004,USR_003,10127915.60,STK_001,9599.92,MM_Balance,M_002727
2021-02-17T15:37:00,USR_003,USR_004,22830.72,STK_003,15.04,MM_Balance,M_002729
2021-02-17T15:54:00,USR_004,USR_003,20528.00,STK_002,12.83,MM_Balance,M_002732
2021-02-17T15:57:00,USR_003,USR_004,13017491.52,STK_001,9599.92,MM_Balance,M_002731
2021-02-17T15:59:00,USR_003,USR_004,33884.03,STK_002,12.83,MM_Balance,M_002728
2021-02-18T13:18:37,USR_004,USR_005,482.40,STK_005,1.44,Normal,M_002742
2021-02-18T13:24:49,USR_003,USR_009,329.94,STK_005,1.41,Normal,M_002741
2021-02-18T15:01:00,USR_003,USR_004,18916.99,STK_003,15.17,MM_Balance,M_002745
2021-02-18T15:12:00,USR_003,USR_004,18992419.60,STK_001,9690.01,MM_Balance,M_002747
2021-02-18T15:16:00,USR_004,USR_003,32478.97,STK_003,15.17,MM_Balance,M_002749
2021-02-18T15:25:00,USR_004,USR_003,13139653.56,STK_001,9690.01,MM_Balance,M_002743
2021-02-18T15:34:00,USR_004,USR_003,29857.70,STK_002,12.70,MM_Balance,M_002748
2021-02-18T15:36:00,USR_003,USR_004,1716.96,STK_004,1.46,MM_Balance,M_002746
2021-02-18T15:50:00,USR_004,USR_003,1658.56,STK_004,1.46,MM_Balance,M_002750
2021-02-18T15:59:00,USR_003,USR_004,36271.20,STK_002,12.70,MM_Balance,M_002744
2021-02-19T11:26:37,USR_002,USR_004,103497.92,STK_002,11.51,Normal,M_002754
2021-02-19T14:08:27,USR_003,USR_005,103.32,STK_004,1.23,Normal,M_002755
2021-02-19T15:03:00,USR_003,USR_004,17335428.24,STK_001,9462.57,MM_Balance,M_002760
2021-02-19T15:04:00,USR_004,USR_003,18546637.20,STK_001,9462.57,MM_Balance,M_002756
2021-02-19T15:14:00,USR_003,USR_004,4380.00,STK_004,1.50,MM_Balance,M_002759
2021-02-19T15:25:00,USR_004,USR_003,39255.78,STK_003,15.11,MM_Balance,M_002762
2021-02-19T15:40:00,USR_003,USR_004,1505.00,STK_002,1.00,MM_Balance,M_002757
2021-02-19T15:40:00,USR_003,USR_004,41084.09,STK_003,15.11,MM_Balance,M_002758
2021-02-19T15:42:00,USR_004,USR_003,2091.00,STK_004,1.50,MM_Balance,M_002763
2021-02-19T15:55:00,USR_004,USR_003,1087.00,STK_002,1.00,MM_Balance,M_002761
2021-02-20T10:16:20,USR_003,USR_007,354.57,STK_005,1.59,Normal,M_002764
2021-02-20T12:36:29,USR_004,USR_006,2201.67,STK_003,14.39,Normal,M_002765
2021-02-20T15:19:00,USR_003,USR_004,2882.00,STK_002,1.00,MM_Balance,M_002767
2021-02-20T15:21:00,USR_003,USR_004,18639854.80,STK_001,9510.13,MM_Balance,M_002770
2021-02-20T15:31:00,USR_003,USR_004,32096.96,STK_003,15.68,MM_Balance,M_002768
2021-02-20T15:31:00,USR_004,USR_003,2416.00,STK_002,1.00,MM_Balance,M_002771
2021-02-20T15:33:00,USR_004,USR_003,32786.88,STK_003,15.68,MM_Balance,M_002772
2021-02-20T15:34:00,USR_004,USR_003,17422558.16,STK_001,9510.13,MM_Balance,M_002766
2021-02-20T15:40:00,USR_004,USR_003,2211.90,STK_004,1.46,MM_Balance,M_002773
2021-02-20T15:55:00,USR_003,USR_004,3724.46,STK_004,1.46,MM_Balance,M_002769
2021-02-21T12:34:15,USR_003,USR_007,1561.70,STK_003,13.58,Normal,M_002781
2021-02-21T13:00:00,USR_002,USR_004,1027762.32,STK_002,9.21,Panic_Dump_Whale,M_002790
2021-02-21T13:00:09,USR_005,USR_004,10248.90,STK_002,8.07,Panic_Dump_Retail,M_002791
2021-02-21T13:00:14,USR_006,USR_003,11240.08,STK_002,8.72,Panic_Dump_Retail,M_002792
2021-02-21T13:00:22,USR_007,USR_003,6102.80,STK_002,8.03,Panic_Dump_Retail,M_002793
2021-02-21T13:00:24,USR_008,USR_003,11071.86,STK_002,7.62,Panic_Dump_Retail,M_002794
2021-02-21T13:00:25,USR_009,USR_003,27105.96,STK_002,8.54,Panic_Dump_Retail,M_002795
2021-02-21T13:00:34,USR_010,USR_004,17364.62,STK_002,7.54,Panic_Dump_Retail,M_002796
2021-02-21T15:07:00,USR_004,USR_003,24454.04,STK_003,16.12,MM_Balance,M_002788
2021-02-21T15:15:00,USR_003,USR_004,1767.00,STK_002,1.00,MM_Balance,M_002783
2021-02-21T15:21:00,USR_003,USR_004,18628859.20,STK_001,9504.52,MM_Balance,M_002786
2021-02-21T15:35:00,USR_004,USR_003,3997.50,STK_004,1.50,MM_Balance,M_002789
2021-02-21T15:36:00,USR_003,USR_004,4363.50,STK_004,1.50,MM_Balance,M_002785
2021-02-21T15:38:00,USR_004,USR_003,1521.00,STK_002,1.00,MM_Balance,M_002787
2021-02-21T15:41:00,USR_004,USR_003,18628859.20,STK_001,9504.52,MM_Balance,M_002782
2021-02-21T15:45:00,USR_003,USR_004,32094.92,STK_003,16.12,MM_Balance,M_002784
2021-02-22T10:57:35,USR_003,USR_006,375.97,STK_004,1.31,Normal,M_002805
2021-02-22T11:00:27,USR_003,USR_007,184.87,STK_004,1.39,Normal,M_002806
2021-02-22T15:00:00,USR_003,USR_004,1219.00,STK_002,1.00,MM_Balance,M_002808
2021-02-22T15:09:00,USR_004,USR_003,3183.02,STK_004,1.67,MM_Balance,M_002814
2021-02-22T15:13:00,USR_003,USR_004,18544583.74,STK_001,9693.98,MM_Balance,M_002811
2021-02-22T15:14:00,USR_004,USR_003,19000200.80,STK_001,9693.98,MM_Balance,M_002807
2021-02-22T15:19:00,USR_003,USR_004,38909.86,STK_003,16.39,MM_Balance,M_002809
2021-02-22T15:45:00,USR_004,USR_003,30092.04,STK_003,16.39,MM_Balance,M_002813
2021-02-22T15:54:00,USR_004,USR_003,1205.00,STK_002,1.00,MM_Balance,M_002812
2021-02-22T15:55:00,USR_003,USR_004,3652.29,STK_004,1.67,MM_Balance,M_002810
2021-02-23T11:22:12,USR_004,USR_002,9069.77,STK_005,1.67,Normal,M_002815
2021-02-23T15:01:00,USR_004,USR_003,48362.10,STK_003,16.30,MM_Balance,M_002822
2021-02-23T15:13:00,USR_003,USR_004,1424.00,STK_002,1.00,MM_Balance,M_002817
2021-02-23T15:14:00,USR_003,USR_004,13513634.55,STK_001,9715.05,MM_Balance,M_002820
2021-02-23T15:25:00,USR_003,USR_004,28084.90,STK_003,16.30,MM_Balance,M_002818
2021-02-23T15:44:00,USR_004,USR_003,3968.91,STK_004,1.71,MM_Balance,M_002823
2021-02-23T15:45:00,USR_003,USR_004,2580.39,STK_004,1.71,MM_Balance,M_002819
2021-02-23T15:45:00,USR_003,USR_004,3825.50,STK_005,3.50,MM_Balance,M_002824
2021-02-23T15:50:00,USR_004,USR_003,13057027.20,STK_001,9715.05,MM_Balance,M_002816
2021-02-23T15:56:00,USR_004,USR_003,2229.00,STK_002,1.00,MM_Balance,M_002821
2021-02-24T15:03:00,USR_003,USR_004,3869.22,STK_005,3.54,MM_Balance,M_002834
2021-02-24T15:05:00,USR_003,USR_004,24781.68,STK_003,16.39,MM_Balance,M_002827
2021-02-24T15:09:00,USR_003,USR_004,3198.82,STK_004,1.66,MM_Balance,M_002828
2021-02-24T15:26:00,USR_004,USR_003,1469.00,STK_002,1.00,MM_Balance,M_002831
2021-02-24T15:33:00,USR_004,USR_003,21978.99,STK_003,16.39,MM_Balance,M_002832
2021-02-24T15:39:00,USR_003,USR_004,1189.00,STK_002,1.00,MM_Balance,M_002826
2021-02-24T15:54:00,USR_004,USR_003,3869.22,STK_005,3.54,MM_Balance,M_002829
2021-02-24T15:55:00,USR_003,USR_004,15366987.30,STK_001,9787.89,MM_Balance,M_002830
2021-02-24T15:55:00,USR_004,USR_003,2446.84,STK_004,1.66,MM_Balance,M_002833
2021-02-24T15:58:00,USR_004,USR_003,19184264.40,STK_001,9787.89,MM_Balance,M_002825
2021-02-25T10:42:14,USR_003,USR_005,34.00,STK_002,1.00,Normal,M_002838
2021-02-25T11:12:01,USR_004,USR_008,101.00,STK_004,1.00,Normal,M_002836
2021-02-25T11:56:56,USR_002,USR_003,6103.00,STK_002,1.00,Normal,M_002835
2021-02-25T14:03:33,USR_004,USR_007,272.00,STK_002,1.00,Normal,M_002837
2021-02-25T15:15:00,USR_003,USR_004,32845.89,STK_003,16.87,MM_Balance,M_002841
2021-02-25T15:15:00,USR_004,USR_003,3803.64,STK_005,3.48,MM_Balance,M_002843
2021-02-25T15:18:00,USR_004,USR_003,16886.87,STK_003,16.87,MM_Balance,M_002846
2021-02-25T15:24:00,USR_004,USR_003,1205.22,STK_002,1.06,MM_Balance,M_002845
2021-02-25T15:38:00,USR_004,USR_003,15230460.10,STK_001,9700.93,MM_Balance,M_002839
2021-02-25T15:38:00,USR_003,USR_004,19013822.80,STK_001,9700.93,MM_Balance,M_002844
2021-02-25T15:45:00,USR_003,USR_004,2281.44,STK_004,1.68,MM_Balance,M_002842
2021-02-25T15:48:00,USR_003,USR_004,3803.64,STK_005,3.48,MM_Balance,M_002848
2021-02-25T15:50:00,USR_003,USR_004,2305.50,STK_002,1.06,MM_Balance,M_002840
2021-02-25T15:51:00,USR_004,USR_003,3499.44,STK_004,1.68,MM_Balance,M_002847
2021-02-26T10:50:22,USR_003,USR_008,25.92,STK_004,1.44,Normal,M_002850
2021-02-26T13:15:13,USR_004,USR_006,1614231.18,STK_001,9964.39,Normal,M_002849
2021-02-26T15:09:00,USR_004,USR_003,2583.44,STK_004,1.72,MM_Balance,M_002859
2021-02-26T15:13:00,USR_004,USR_003,2947.35,STK_002,1.05,MM_Balance,M_002857
2021-02-26T15:15:00,USR_003,USR_004,1901.55,STK_002,1.05,MM_Balance,M_002852
2021-02-26T15:23:00,USR_003,USR_004,3902.01,STK_005,3.57,MM_Balance,M_002860
2021-02-26T15:25:00,USR_004,USR_003,3902.01,STK_005,3.57,MM_Balance,M_002855
2021-02-26T15:26:00,USR_004,USR_003,21222.25,STK_003,16.75,MM_Balance,M_002858
2021-02-26T15:28:00,USR_003,USR_004,4902.00,STK_004,1.72,MM_Balance,M_002854
2021-02-26T15:29:00,USR_003,USR_004,18369734.48,STK_001,10216.76,MM_Balance,M_002856
2021-02-26T15:50:00,USR_004,USR_003,18369734.48,STK_001,10216.76,MM_Balance,M_002851
2021-02-26T15:57:00,USR_003,USR_004,17302.75,STK_003,16.75,MM_Balance,M_002853
2021-02-27T12:19:29,USR_003,USR_010,279.30,STK_004,1.47,Normal,M_002861
2021-02-27T12:32:25,USR_004,USR_008,22.00,STK_002,1.00,Normal,M_002862
2021-02-27T15:09:00,USR_004,USR_003,3989.45,STK_005,3.65,MM_Balance,M_002867
2021-02-27T15:09:00,USR_004,USR_003,21558.04,STK_003,16.66,MM_Balance,M_002870
2021-02-27T15:25:00,USR_003,USR_004,3989.45,STK_005,3.65,MM_Balance,M_002872
2021-02-27T15:28:00,USR_003,USR_004,2949.45,STK_002,1.05,MM_Balance,M_002864
2021-02-27T15:33:00,USR_004,USR_003,18917261.44,STK_001,10521.28,MM_Balance,M_002863
2021-02-27T15:39:00,USR_004,USR_003,2130.10,STK_004,1.79,MM_Balance,M_002871
2021-02-27T15:42:00,USR_003,USR_004,17633665.28,STK_001,10521.28,MM_Balance,M_002868
2021-02-27T15:46:00,USR_004,USR_003,2622.90,STK_002,1.05,MM_Balance,M_002869
2021-02-27T15:48:00,USR_003,USR_004,31437.42,STK_003,16.66,MM_Balance,M_002865
2021-02-27T15:49:00,USR_003,USR_004,4231.56,STK_004,1.79,MM_Balance,M_002866
2021-02-28T11:29:39,USR_004,USR_006,2747838.86,STK_001,10691.98,Normal,M_002877
2021-02-28T12:53:13,USR_004,USR_010,325.00,STK_004,1.00,Normal,M_002878
2021-02-28T15:09:00,USR_003,USR_004,34474.02,STK_003,16.59,MM_Balance,M_002881
2021-02-28T15:30:00,USR_003,USR_004,17189377.29,STK_001,11154.69,MM_Balance,M_002884
2021-02-28T15:32:00,USR_004,USR_003,1688.72,STK_002,1.01,MM_Balance,M_002885
2021-02-28T15:35:00,USR_004,USR_003,15828505.11,STK_001,11154.69,MM_Balance,M_002879
2021-02-28T15:37:00,USR_004,USR_003,2110.55,STK_004,1.91,MM_Balance,M_002887
2021-02-28T15:38:00,USR_003,USR_004,5063.41,STK_004,1.91,MM_Balance,M_002882
2021-02-28T15:42:00,USR_003,USR_004,2315.93,STK_002,1.01,MM_Balance,M_002880
2021-02-28T15:46:00,USR_004,USR_003,33528.39,STK_003,16.59,MM_Balance,M_002886
2021-02-28T15:52:00,USR_004,USR_003,3923.87,STK_005,3.59,MM_Balance,M_002883
2021-02-28T15:55:00,USR_003,USR_004,3923.87,STK_005,3.59,MM_Balance,M_002888
2021-03-01T15:10:00,USR_003,USR_004,3923.87,STK_005,3.59,MM_Balance,M_002898
2021-03-01T15:15:00,USR_004,USR_003,3029.26,STK_004,1.91,MM_Balance,M_002897
2021-03-01T15:19:00,USR_004,USR_003,3923.87,STK_005,3.59,MM_Balance,M_002893
2021-03-01T15:21:00,USR_003,USR_004,2028.42,STK_004,1.91,MM_Balance,M_002892
2021-03-01T15:25:00,USR_003,USR_004,1948.76,STK_002,1.03,MM_Balance,M_002890
2021-03-01T15:25:00,USR_004,USR_003,2987.00,STK_002,1.03,MM_Balance,M_002895
2021-03-01T15:26:00,USR_003,USR_004,21658.05,STK_003,16.47,MM_Balance,M_002891
2021-03-01T15:27:00,USR_004,USR_003,30140.10,STK_003,16.47,MM_Balance,M_002896
2021-03-01T15:56:00,USR_004,USR_003,17642015.22,STK_001,11448.42,MM_Balance,M_002889
2021-03-01T15:56:00,USR_003,USR_004,17642015.22,STK_001,11448.42,MM_Balance,M_002894
2021-03-02T09:47:51,USR_003,USR_006,11.00,STK_002,1.00,Normal,M_002899
2021-03-02T11:00:13,USR_004,USR_005,4641.74,STK_003,15.37,Normal,M_002900
2021-03-02T15:04:00,USR_004,USR_003,3956.66,STK_005,3.62,MM_Balance,M_002905
2021-03-02T15:17:00,USR_003,USR_004,1268.80,STK_002,1.04,MM_Balance,M_002902
2021-03-02T15:18:00,USR_004,USR_003,4532.68,STK_004,1.88,MM_Balance,M_002909
2021-03-02T15:25:00,USR_004,USR_003,17522495.26,STK_001,11370.86,MM_Balance,M_002901
2021-03-02T15:38:00,USR_004,USR_003,34816.32,STK_003,17.27,MM_Balance,M_002908
2021-03-02T15:39:00,USR_003,USR_004,5081.64,STK_004,1.88,MM_Balance,M_002904
2021-03-02T15:41:00,USR_004,USR_003,1374.88,STK_002,1.04,MM_Balance,M_002907
2021-03-02T15:53:00,USR_003,USR_004,39030.20,STK_003,17.27,MM_Balance,M_002903
2021-03-02T15:54:00,USR_003,USR_004,17522495.26,STK_001,11370.86,MM_Balance,M_002906
2021-03-02T15:54:00,USR_003,USR_004,3956.66,STK_005,3.62,MM_Balance,M_002910
2021-03-03T15:03:00,USR_004,USR_003,13087757.06,STK_001,11263.13,MM_Balance,M_002911
2021-03-03T15:06:00,USR_003,USR_004,1354.08,STK_002,1.04,MM_Balance,M_002912
2021-03-03T15:07:00,USR_004,USR_003,1912.56,STK_002,1.04,MM_Balance,M_002917
2021-03-03T15:09:00,USR_003,USR_004,21989.84,STK_003,17.48,MM_Balance,M_002913
2021-03-03T15:10:00,USR_003,USR_004,3978.52,STK_005,3.64,MM_Balance,M_002920
2021-03-03T15:20:00,USR_004,USR_003,3978.52,STK_005,3.64,MM_Balance,M_002915
2021-03-03T15:30:00,USR_003,USR_004,13087757.06,STK_001,11263.13,MM_Balance,M_002916
2021-03-03T15:30:00,USR_004,USR_003,5327.92,STK_004,1.88,MM_Balance,M_002919
2021-03-03T15:45:00,USR_004,USR_003,51024.12,STK_003,17.48,MM_Balance,M_002918
2021-03-03T15:49:00,USR_003,USR_004,2966.64,STK_004,1.88,MM_Balance,M_002914
2021-03-04T12:32:42,USR_004,USR_002,11812.00,STK_002,1.00,Normal,M_002926
2021-03-04T15:00:00,USR_003,USR_004,3160.30,STK_004,1.87,MM_Balance,M_002930
2021-03-04T15:09:00,USR_003,USR_004,12105875.32,STK_001,11229.94,MM_Balance,M_002932
2021-03-04T15:23:00,USR_003,USR_004,7979.64,STK_002,3.48,MM_Balance,M_002928
2021-03-04T15:25:00,USR_004,USR_003,36084.23,STK_003,17.29,MM_Balance,M_002934
2021-03-04T15:39:00,USR_003,USR_004,45611.02,STK_003,17.29,MM_Balance,M_002929
2021-03-04T15:42:00,USR_004,USR_003,8327.64,STK_002,3.48,MM_Balance,M_002933
2021-03-04T15:46:00,USR_003,USR_004,3891.08,STK_005,3.56,MM_Balance,M_002936
2021-03-04T15:49:00,USR_004,USR_003,12105875.32,STK_001,11229.94,MM_Balance,M_002927
2021-03-04T15:49:00,USR_004,USR_003,3891.08,STK_005,3.56,MM_Balance,M_002931
2021-03-04T15:49:00,USR_004,USR_003,3534.30,STK_004,1.87,MM_Balance,M_002935
2021-03-05T15:03:00,USR_004,USR_003,6523.60,STK_002,3.47,MM_Balance,M_002943
2021-03-05T15:14:00,USR_003,USR_004,9271.84,STK_002,3.47,MM_Balance,M_002938
2021-03-05T15:14:00,USR_003,USR_004,3900.82,STK_004,1.87,MM_Balance,M_002940
2021-03-05T15:16:00,USR_003,USR_004,31133.76,STK_003,17.22,MM_Balance,M_002939
2021-03-05T15:19:00,USR_004,USR_003,17231384.95,STK_001,11181.95,MM_Balance,M_002937
2021-03-05T15:25:00,USR_003,USR_004,16649923.55,STK_001,11181.95,MM_Balance,M_002942
2021-03-05T15:32:00,USR_003,USR_004,3698.14,STK_005,3.58,MM_Balance,M_002946
2021-03-05T15:51:00,USR_004,USR_003,45512.46,STK_003,17.22,MM_Balance,M_002944
2021-03-05T15:52:00,USR_004,USR_003,3912.94,STK_005,3.58,MM_Balance,M_002941
2021-03-05T15:52:00,USR_004,USR_003,3919.52,STK_004,1.87,MM_Balance,M_002945
2021-03-06T11:44:07,USR_003,USR_007,700.74,STK_002,3.06,Normal,M_002947
2021-03-06T12:00:00.050000,USR_004,USR_003,17950.00,STK_002,3.59,Wash_Trade,M_002958
2021-03-06T12:00:00.100000,USR_003,USR_004,17950.00,STK_002,3.59,Wash_Trade,M_002959
2021-03-06T12:00:00.150000,USR_004,USR_003,17950.00,STK_002,3.59,Wash_Trade,M_002960
2021-03-06T12:00:00.200000,USR_003,USR_004,17950.00,STK_002,3.59,Wash_Trade,M_002961
2021-03-06T12:00:00.250000,USR_004,USR_003,17950.00,STK_002,3.59,Wash_Trade,M_002962
2021-03-06T12:00:00.300000,USR_003,USR_004,17950.00,STK_002,3.59,Wash_Trade,M_002963
2021-03-06T12:00:00.350000,USR_004,USR_003,17950.00,STK_002,3.59,Wash_Trade,M_002964
2021-03-06T12:00:00.400000,USR_003,USR_004,17950.00,STK_002,3.59,Wash_Trade,M_002965
2021-03-06T12:00:00.450000,USR_004,USR_003,17950.00,STK_002,3.59,Wash_Trade,M_002966
2021-03-06T12:00:00.500000,USR_003,USR_004,17950.00,STK_002,3.59,Wash_Trade,M_002967
2021-03-06T12:00:00.550000,USR_004,USR_003,17950.00,STK_002,3.59,Wash_Trade,M_002968
2021-03-06T12:00:00.600000,USR_003,USR_004,17950.00,STK_002,3.59,Wash_Trade,M_002969
2021-03-06T12:00:00.650000,USR_004,USR_003,17950.00,STK_002,3.59,Wash_Trade,M_002970
2021-03-06T12:00:00.700000,USR_003,USR_004,17950.00,STK_002,3.59,Wash_Trade,M_002971
2021-03-06T12:00:00.750000,USR_004,USR_003,17950.00,STK_002,3.59,Wash_Trade,M_002972
2021-03-06T12:00:00.800000,USR_003,USR_004,17950.00,STK_002,3.59,Wash_Trade,M_002973
2021-03-06T12:00:00.850000,USR_004,USR_003,17950.00,STK_002,3.59,Wash_Trade,M_002974
2021-03-06T12:00:00.900000,USR_003,USR_004,17950.00,STK_002,3.59,Wash_Trade,M_002975
2021-03-06T12:00:00.950000,USR_004,USR_003,17950.00,STK_002,3.59,Wash_Trade,M_002976
2021-03-06T12:00:01,USR_003,USR_004,17950.00,STK_002,3.59,Wash_Trade,M_002977
2021-03-06T15:06:00,USR_004,USR_003,11804432.46,STK_001,11328.63,MM_Balance,M_002948
2021-03-06T15:06:00,USR_004,USR_003,6246.60,STK_002,3.59,MM_Balance,M_002954
2021-03-06T15:09:00,USR_004,USR_003,2127.04,STK_004,1.84,MM_Balance,M_002956
2021-03-06T15:16:00,USR_003,USR_004,4370.00,STK_004,1.84,MM_Balance,M_002951
2021-03-06T15:34:00,USR_004,USR_003,27614.03,STK_003,16.91,MM_Balance,M_002955
2021-03-06T15:42:00,USR_003,USR_004,22760.86,STK_003,16.91,MM_Balance,M_002950
2021-03-06T15:46:00,USR_003,USR_004,12393521.22,STK_001,11328.63,MM_Balance,M_002953
2021-03-06T15:47:00,USR_003,USR_004,10432.54,STK_002,3.59,MM_Balance,M_002949
2021-03-06T15:57:00,USR_004,USR_003,3677.48,STK_005,3.56,MM_Balance,M_002952
2021-03-06T15:59:00,USR_003,USR_004,3891.08,STK_005,3.56,MM_Balance,M_002957
2021-03-07T15:10:00,USR_003,USR_004,2667.24,STK_004,1.86,MM_Balance,M_002987
2021-03-07T15:20:00,USR_003,USR_004,3858.29,STK_005,3.53,MM_Balance,M_002993
2021-03-07T15:21:00,USR_004,USR_003,11786001.79,STK_001,11108.39,MM_Balance,M_002984
2021-03-07T15:37:00,USR_003,USR_004,11786001.79,STK_001,11108.39,MM_Balance,M_002989
2021-03-07T15:40:00,USR_004,USR_003,3858.29,STK_005,3.53,MM_Balance,M_002988
2021-03-07T15:42:00,USR_004,USR_003,45944.64,STK_003,16.96,MM_Balance,M_002991
2021-03-07T15:47:00,USR_004,USR_003,10706.43,STK_002,3.57,MM_Balance,M_002990
2021-03-07T15:48:00,USR_003,USR_004,9364.11,STK_002,3.57,MM_Balance,M_002985
2021-03-07T15:49:00,USR_004,USR_003,3982.26,STK_004,1.86,MM_Balance,M_002992
2021-03-07T15:51:00,USR_003,USR_004,20555.52,STK_003,16.96,MM_Balance,M_002986
2021-03-08T13:22:27,USR_004,USR_006,1511223.75,STK_001,11194.25,Normal,M_003000
2021-03-08T15:01:00,USR_004,USR_003,17897.06,STK_003,17.11,MM_Balance,M_003008
2021-03-08T15:08:00,USR_003,USR_004,3836.43,STK_005,3.51,MM_Balance,M_003010
2021-03-08T15:11:00,USR_004,USR_003,3024.51,STK_004,1.81,MM_Balance,M_003009
2021-03-08T15:16:00,USR_003,USR_004,8536.00,STK_002,3.52,MM_Balance,M_003002
2021-03-08T15:17:00,USR_003,USR_004,22465.43,STK_003,17.11,MM_Balance,M_003003
2021-03-08T15:19:00,USR_004,USR_003,16032519.58,STK_001,11402.93,MM_Balance,M_003001
2021-03-08T15:19:00,USR_004,USR_003,8842.24,STK_002,3.52,MM_Balance,M_003007
2021-03-08T15:26:00,USR_003,USR_004,4959.40,STK_004,1.81,MM_Balance,M_003004
2021-03-08T15:31:00,USR_003,USR_004,13147578.29,STK_001,11402.93,MM_Balance,M_003006
2021-03-08T15:33:00,USR_004,USR_003,3836.43,STK_005,3.51,MM_Balance,M_003005
2021-03-09T15:04:00,USR_004,USR_003,22016.00,STK_003,17.20,MM_Balance,M_003018
2021-03-09T15:35:00,USR_003,USR_004,10481.52,STK_002,3.67,MM_Balance,M_003012
2021-03-09T15:37:00,USR_004,USR_003,5238.54,STK_004,1.78,MM_Balance,M_003019
2021-03-09T15:42:00,USR_003,USR_004,13606912.20,STK_001,11434.38,MM_Balance,M_003016
2021-03-09T15:45:00,USR_004,USR_003,13183840.14,STK_001,11434.38,MM_Balance,M_003011
2021-03-09T15:47:00,USR_004,USR_003,5692.17,STK_002,3.67,MM_Balance,M_003017
2021-03-09T15:57:00,USR_003,USR_004,20726.00,STK_003,17.20,MM_Balance,M_003013
2021-03-09T15:57:00,USR_003,USR_004,3825.50,STK_005,3.50,MM_Balance,M_003020
2021-03-09T15:58:00,USR_004,USR_003,3825.50,STK_005,3.50,MM_Balance,M_003015
2021-03-09T15:59:00,USR_003,USR_004,4521.20,STK_004,1.78,MM_Balance,M_003014
2021-03-10T13:46:51,USR_009,USR_003,1171.96,STK_005,3.53,Normal,M_003021
2021-03-10T14:15:36,USR_003,USR_008,715.04,STK_005,3.28,Normal,M_003022
2021-03-10T15:07:00,USR_003,USR_004,3396.78,STK_005,3.39,MM_Balance,M_003032
2021-03-10T15:08:00,USR_003,USR_004,3069.00,STK_004,1.80,MM_Balance,M_003026
2021-03-10T15:13:00,USR_003,USR_004,6880.80,STK_002,3.66,MM_Balance,M_003024
2021-03-10T15:15:00,USR_004,USR_003,13244366.80,STK_001,11129.72,MM_Balance,M_003023
2021-03-10T15:15:00,USR_004,USR_003,5676.66,STK_002,3.66,MM_Balance,M_003029
2021-03-10T15:26:00,USR_004,USR_003,41550.06,STK_003,16.98,MM_Balance,M_003030
2021-03-10T15:37:00,USR_004,USR_003,3705.27,STK_005,3.39,MM_Balance,M_003027
2021-03-10T15:37:00,USR_003,USR_004,15648386.32,STK_001,11129.72,MM_Balance,M_003028
2021-03-10T15:38:00,USR_004,USR_003,4188.60,STK_004,1.80,MM_Balance,M_003031
2021-03-10T15:52:00,USR_003,USR_004,23670.12,STK_003,16.98,MM_Balance,M_003025
2021-03-11T10:50:16,USR_004,USR_007,1276478.15,STK_001,11099.81,Normal,M_003038
2021-03-11T11:24:47,USR_006,USR_004,13.86,STK_002,1.26,Normal,M_003037
2021-03-11T15:03:00,USR_004,USR_003,7106.25,STK_002,3.75,MM_Balance,M_003045
2021-03-11T15:03:00,USR_004,USR_003,2409.68,STK_004,1.82,MM_Balance,M_003047
2021-03-11T15:24:00,USR_003,USR_004,2589.86,STK_004,1.82,MM_Balance,M_003042
2021-03-11T15:27:00,USR_004,USR_003,17293.14,STK_003,17.19,MM_Balance,M_003046
2021-03-11T15:29:00,USR_003,USR_004,4103.80,STK_005,3.40,MM_Balance,M_003048
2021-03-11T15:31:00,USR_003,USR_004,14628114.44,STK_001,11330.84,MM_Balance,M_003044
2021-03-11T15:40:00,USR_003,USR_004,47375.64,STK_003,17.19,MM_Balance,M_003041
2021-03-11T15:42:00,USR_004,USR_003,14628114.44,STK_001,11330.84,MM_Balance,M_003039
2021-03-11T15:42:00,USR_003,USR_004,7155.00,STK_002,3.75,MM_Balance,M_003040
2021-03-11T15:55:00,USR_004,USR_003,3406.80,STK_005,3.40,MM_Balance,M_003043
2021-03-12T11:38:01,USR_004,USR_006,98.28,STK_002,1.26,Normal,M_003054
2021-03-12T15:01:00,USR_003,USR_004,3936.72,STK_005,3.49,MM_Balance,M_003064
2021-03-12T15:16:00,USR_003,USR_004,7882.89,STK_002,3.81,MM_Balance,M_003056
2021-03-12T15:17:00,USR_004,USR_003,14044775.76,STK_001,11474.49,MM_Balance,M_003055
2021-03-12T15:25:00,USR_003,USR_004,4600.96,STK_004,1.82,MM_Balance,M_003058
2021-03-12T15:31:00,USR_004,USR_003,4158.70,STK_004,1.82,MM_Balance,M_003063
2021-03-12T15:36:00,USR_004,USR_003,3936.72,STK_005,3.49,MM_Balance,M_003059
2021-03-12T15:42:00,USR_004,USR_003,42933.33,STK_003,16.83,MM_Balance,M_003062
2021-03-12T15:51:00,USR_004,USR_003,5775.96,STK_002,3.81,MM_Balance,M_003061
2021-03-12T15:55:00,USR_003,USR_004,26187.48,STK_003,16.83,MM_Balance,M_003057
2021-03-12T15:57:00,USR_003,USR_004,14044775.76,STK_001,11474.49,MM_Balance,M_003060
2021-03-13T15:02:00,USR_003,USR_004,27855.45,STK_003,16.73,MM_Balance,M_003067
2021-03-13T15:04:00,USR_004,USR_003,9310.32,STK_002,3.86,MM_Balance,M_003071
2021-03-13T15:12:00,USR_003,USR_004,8796.94,STK_002,3.86,MM_Balance,M_003066
2021-03-13T15:21:00,USR_004,USR_003,4152.08,STK_005,3.44,MM_Balance,M_003069
2021-03-13T15:24:00,USR_004,USR_003,13710728.72,STK_001,11463.82,MM_Balance,M_003065
2021-03-13T15:26:00,USR_004,USR_003,2607.21,STK_004,1.77,MM_Balance,M_003073
2021-03-13T15:27:00,USR_003,USR_004,13710728.72,STK_001,11463.82,MM_Balance,M_003070
2021-03-13T15:29:00,USR_003,USR_004,4152.08,STK_005,3.44,MM_Balance,M_003074
2021-03-13T15:30:00,USR_003,USR_004,3062.10,STK_004,1.77,MM_Balance,M_003068
2021-03-13T15:57:00,USR_004,USR_003,36086.61,STK_003,16.73,MM_Balance,M_003072
2021-03-14T10:24:39,USR_005,USR_003,131.88,STK_004,1.57,Normal,M_003084
2021-03-14T12:01:19,USR_003,USR_006,455.36,STK_003,14.23,Normal,M_003083
2021-03-14T15:11:00,USR_004,USR_003,4475.00,STK_004,1.79,MM_Balance,M_003093
2021-03-14T15:13:00,USR_003,USR_004,4260.71,STK_005,3.53,MM_Balance,M_003094
2021-03-14T15:17:00,USR_003,USR_004,11416700.00,STK_001,11416.70,MM_Balance,M_003090
2021-03-14T15:22:00,USR_003,USR_004,11218.90,STK_002,3.85,MM_Balance,M_003086
2021-03-14T15:27:00,USR_004,USR_003,11416700.00,STK_001,11416.70,MM_Balance,M_003085
2021-03-14T15:36:00,USR_004,USR_003,4260.71,STK_005,3.53,MM_Balance,M_003089
2021-03-14T15:44:00,USR_003,USR_004,35849.64,STK_003,16.76,MM_Balance,M_003087
2021-03-14T15:47:00,USR_003,USR_004,1888.45,STK_004,1.79,MM_Balance,M_003088
2021-03-14T15:47:00,USR_004,USR_003,24788.04,STK_003,16.76,MM_Balance,M_003092
2021-03-14T15:52:00,USR_004,USR_003,5205.20,STK_002,3.85,MM_Balance,M_003091
2021-03-15T10:56:02,USR_004,USR_006,82.55,STK_002,1.27,Normal,M_003101
2021-03-15T11:00:45,USR_004,USR_009,1425454.35,STK_001,11224.05,Normal,M_003102
2021-03-15T15:05:00,USR_004,USR_003,5189.21,STK_004,1.79,MM_Balance,M_003111
2021-03-15T15:13:00,USR_003,USR_004,13316579.04,STK_001,11440.36,MM_Balance,M_003108
2021-03-15T15:20:00,USR_004,USR_003,4188.29,STK_005,3.47,MM_Balance,M_003107
2021-03-15T15:25:00,USR_004,USR_003,5589.99,STK_002,3.99,MM_Balance,M_003109
2021-03-15T15:28:00,USR_004,USR_003,13316579.04,STK_001,11440.36,MM_Balance,M_003103
2021-03-15T15:28:00,USR_003,USR_004,48635.91,STK_003,16.47,MM_Balance,M_003105
2021-03-15T15:38:00,USR_003,USR_004,10761.03,STK_002,3.99,MM_Balance,M_003104
2021-03-15T15:39:00,USR_003,USR_004,2420.08,STK_004,1.79,MM_Balance,M_003106
2021-03-15T15:44:00,USR_003,USR_004,4188.29,STK_005,3.47,MM_Balance,M_003112
2021-03-15T15:49:00,USR_004,USR_003,29135.43,STK_003,16.47,MM_Balance,M_003110
2021-03-16T15:08:00,USR_003,USR_004,34706.16,STK_003,16.34,MM_Balance,M_003115
2021-03-16T15:09:00,USR_004,USR_003,33660.40,STK_003,16.34,MM_Balance,M_003120
2021-03-16T15:16:00,USR_003,USR_004,6047.45,STK_002,3.95,MM_Balance,M_003114
2021-03-16T15:27:00,USR_003,USR_004,1983.80,STK_004,1.82,MM_Balance,M_003116
2021-03-16T15:27:00,USR_004,USR_003,2085.72,STK_004,1.82,MM_Balance,M_003121
2021-03-16T15:33:00,USR_004,USR_003,13195162.20,STK_001,11336.05,MM_Balance,M_003113
2021-03-16T15:40:00,USR_004,USR_003,9602.45,STK_002,3.95,MM_Balance,M_003119
2021-03-16T15:48:00,USR_003,USR_004,4115.87,STK_005,3.41,MM_Balance,M_003122
2021-03-16T15:51:00,USR_003,USR_004,13195162.20,STK_001,11336.05,MM_Balance,M_003118
2021-03-16T15:53:00,USR_004,USR_003,4115.87,STK_005,3.41,MM_Balance,M_003117
2021-03-17T10:16:26,USR_004,USR_008,554.91,STK_005,3.49,Normal,M_003129
2021-03-17T12:20:51,USR_010,USR_003,60.01,STK_005,3.53,Normal,M_003128
2021-03-17T15:01:00,USR_004,USR_003,7671.44,STK_002,3.92,MM_Balance,M_003136
2021-03-17T15:03:00,USR_004,USR_003,35988.32,STK_003,16.16,MM_Balance,M_003137
2021-03-17T15:11:00,USR_003,USR_004,21137.28,STK_003,16.16,MM_Balance,M_003132
2021-03-17T15:16:00,USR_004,USR_003,4262.55,STK_004,1.81,MM_Balance,M_003138
2021-03-17T15:22:00,USR_003,USR_004,3802.05,STK_005,3.57,MM_Balance,M_003139
2021-03-17T15:24:00,USR_004,USR_003,3741.36,STK_005,3.57,MM_Balance,M_003134
2021-03-17T15:31:00,USR_003,USR_004,6224.96,STK_002,3.92,MM_Balance,M_003131
2021-03-17T15:32:00,USR_003,USR_004,12489688.30,STK_001,11543.15,MM_Balance,M_003135
2021-03-17T15:39:00,USR_003,USR_004,3667.06,STK_004,1.81,MM_Balance,M_003133
2021-03-17T15:42:00,USR_004,USR_003,13436226.60,STK_001,11543.15,MM_Balance,M_003130
2021-03-18T15:02:00,USR_004,USR_003,12580338.26,STK_001,11626.93,MM_Balance,M_003140
2021-03-18T15:04:00,USR_004,USR_003,4852.02,STK_002,3.86,MM_Balance,M_003146
2021-03-18T15:07:00,USR_004,USR_003,5278.00,STK_004,1.82,MM_Balance,M_003148
2021-03-18T15:13:00,USR_003,USR_004,29898.24,STK_003,16.32,MM_Balance,M_003142
2021-03-18T15:22:00,USR_004,USR_003,3780.75,STK_005,3.55,MM_Balance,M_003144
2021-03-18T15:30:00,USR_003,USR_004,8800.80,STK_002,3.86,MM_Balance,M_003141
2021-03-18T15:38:00,USR_003,USR_004,3348.80,STK_004,1.82,MM_Balance,M_003143
2021-03-18T15:39:00,USR_003,USR_004,13533746.52,STK_001,11626.93,MM_Balance,M_003145
2021-03-18T15:51:00,USR_004,USR_003,25263.36,STK_003,16.32,MM_Balance,M_003147
2021-03-18T15:53:00,USR_003,USR_004,3780.75,STK_005,3.55,MM_Balance,M_003149
2021-03-19T10:47:16,USR_003,USR_005,1254.90,STK_003,14.10,Normal,M_003150
2021-03-19T15:06:00,USR_003,USR_004,13363511.52,STK_001,11480.68,MM_Balance,M_003156
2021-03-19T15:10:00,USR_004,USR_003,13363511.52,STK_001,11480.68,MM_Balance,M_003151
2021-03-19T15:15:00,USR_003,USR_004,17453.50,STK_003,16.75,MM_Balance,M_003153
2021-03-19T15:19:00,USR_003,USR_004,6987.54,STK_002,3.81,MM_Balance,M_003152
2021-03-19T15:24:00,USR_004,USR_003,4990.38,STK_004,1.86,MM_Balance,M_003159
2021-03-19T15:29:00,USR_004,USR_003,19564.00,STK_003,16.75,MM_Balance,M_003158
2021-03-19T15:40:00,USR_003,USR_004,3748.80,STK_005,3.52,MM_Balance,M_003160
2021-03-19T15:45:00,USR_003,USR_004,4741.14,STK_004,1.86,MM_Balance,M_003154
2021-03-19T15:46:00,USR_004,USR_003,3748.80,STK_005,3.52,MM_Balance,M_003155
2021-03-19T15:49:00,USR_004,USR_003,11304.27,STK_002,3.81,MM_Balance,M_003157
2021-03-20T12:02:48,USR_004,USR_001,13037824.32,STK_001,11200.88,Normal,M_003161
2021-03-20T15:06:00,USR_003,USR_004,9409.92,STK_002,3.77,MM_Balance,M_003162
2021-03-20T15:08:00,USR_004,USR_003,3695.55,STK_005,3.47,MM_Balance,M_003165
2021-03-20T15:17:00,USR_003,USR_004,4941.00,STK_004,1.83,MM_Balance,M_003164
2021-03-20T15:18:00,USR_004,USR_003,18012.24,STK_003,16.74,MM_Balance,M_003167
2021-03-20T15:18:00,USR_004,USR_003,5025.18,STK_004,1.83,MM_Balance,M_003168
2021-03-20T15:35:00,USR_003,USR_004,25009.56,STK_003,16.74,MM_Balance,M_003163
2021-03-20T15:44:00,USR_004,USR_003,8968.83,STK_002,3.77,MM_Balance,M_003166
2021-03-20T15:58:00,USR_003,USR_004,3695.55,STK_005,3.47,MM_Balance,M_003169
2021-03-21T15:02:00,USR_003,USR_004,23655.16,STK_003,16.18,MM_Balance,M_003171
2021-03-21T15:02:00,USR_003,USR_004,4867.50,STK_004,1.77,MM_Balance,M_003172
2021-03-21T15:05:00,USR_004,USR_003,3663.60,STK_005,3.44,MM_Balance,M_003173
2021-03-21T15:06:00,USR_004,USR_003,6756.72,STK_002,3.76,MM_Balance,M_003174
2021-03-21T15:25:00,USR_003,USR_004,4794.00,STK_002,3.76,MM_Balance,M_003170
2021-03-21T15:32:00,USR_004,USR_003,48006.06,STK_003,16.18,MM_Balance,M_003175
2021-03-21T15:35:00,USR_004,USR_003,4593.15,STK_004,1.77,MM_Balance,M_003176
2021-03-21T15:58:00,USR_003,USR_004,3512.24,STK_005,3.44,MM_Balance,M_003177
2021-03-22T13:03:57,USR_003,USR_007,506.85,STK_004,1.55,Normal,M_003179
2021-03-22T14:01:37,USR_004,USR_008,251.00,STK_004,1.00,Normal,M_003178
2021-03-22T15:07:00,USR_003,USR_004,43860.60,STK_003,16.52,MM_Balance,M_003181
2021-03-22T15:08:00,USR_004,USR_003,36360.52,STK_003,16.52,MM_Balance,M_003185
2021-03-22T15:10:00,USR_004,USR_003,2754.06,STK_004,1.97,MM_Balance,M_003186
2021-03-22T15:13:00,USR_003,USR_004,3684.90,STK_005,3.46,MM_Balance,M_003187
2021-03-22T15:14:00,USR_004,USR_003,3532.66,STK_005,3.46,MM_Balance,M_003183
2021-03-22T15:19:00,USR_003,USR_004,4311.88,STK_002,3.73,MM_Balance,M_003180
2021-03-22T15:34:00,USR_003,USR_004,2407.34,STK_004,1.97,MM_Balance,M_003182
2021-03-22T15:53:00,USR_004,USR_003,6348.46,STK_002,3.73,MM_Balance,M_003184
2021-03-23T15:02:00,USR_003,USR_004,5581.02,STK_004,1.91,MM_Balance,M_003196
2021-03-23T15:03:00,USR_004,USR_003,3780.75,STK_005,3.55,MM_Balance,M_003197
2021-03-23T15:09:00,USR_004,USR_003,3420.81,STK_004,1.91,MM_Balance,M_003200
2021-03-23T15:20:00,USR_003,USR_004,3780.75,STK_005,3.55,MM_Balance,M_003201
2021-03-23T15:47:00,USR_003,USR_004,4654.88,STK_002,3.76,MM_Balance,M_003194
2021-03-23T15:49:00,USR_003,USR_004,32758.77,STK_003,17.49,MM_Balance,M_003195
2021-03-23T15:55:00,USR_004,USR_003,46785.75,STK_003,17.49,MM_Balance,M_003199
2021-03-23T15:56:00,USR_004,USR_003,6820.64,STK_002,3.76,MM_Balance,M_003198
2021-03-24T10:47:52,USR_004,USR_010,297.00,STK_004,1.00,Normal,M_003202
2021-03-24T11:15:59,USR_006,USR_003,2728.75,STK_003,14.75,Normal,M_003203
2021-03-24T15:02:00,USR_003,USR_004,30866.22,STK_003,16.83,MM_Balance,M_003205
2021-03-24T15:23:00,USR_004,USR_003,8943.48,STK_002,3.78,MM_Balance,M_003208
2021-03-24T15:23:00,USR_003,USR_004,3748.80,STK_005,3.52,MM_Balance,M_003211
2021-03-24T15:41:00,USR_003,USR_004,2970.78,STK_004,2.01,MM_Balance,M_003206
2021-03-24T15:44:00,USR_004,USR_003,40644.45,STK_003,16.83,MM_Balance,M_003209
2021-03-24T15:46:00,USR_004,USR_003,3748.80,STK_005,3.52,MM_Balance,M_003207
2021-03-24T15:52:00,USR_004,USR_003,4502.40,STK_004,2.01,MM_Balance,M_003210
2021-03-24T15:55:00,USR_003,USR_004,7469.28,STK_002,3.78,MM_Balance,M_003204
2021-03-25T12:49:59,USR_004,USR_009,296.52,STK_005,3.53,Normal,M_003217
2021-03-25T15:01:00,USR_003,USR_004,26785.44,STK_003,16.72,MM_Balance,M_003219
2021-03-25T15:11:00,USR_004,USR_003,3482.55,STK_005,3.55,MM_Balance,M_003221
2021-03-25T15:21:00,USR_003,USR_004,4823.00,STK_002,3.71,MM_Balance,M_003218
2021-03-25T15:27:00,USR_004,USR_003,5307.45,STK_004,2.05,MM_Balance,M_003224
2021-03-25T15:35:00,USR_003,USR_004,3482.55,STK_005,3.55,MM_Balance,M_003225
2021-03-25T15:39:00,USR_003,USR_004,4440.30,STK_004,2.05,MM_Balance,M_003220
2021-03-25T15:49:00,USR_004,USR_003,10083.78,STK_002,3.71,MM_Balance,M_003222
2021-03-25T15:49:00,USR_004,USR_003,26785.44,STK_003,16.72,MM_Balance,M_003223
2021-03-26T15:01:00,USR_003,USR_004,3472.74,STK_005,3.54,MM_Balance,M_003233
2021-03-26T15:15:00,USR_003,USR_004,39370.59,STK_003,16.89,MM_Balance,M_003227
2021-03-26T15:22:00,USR_004,USR_003,10667.12,STK_002,3.76,MM_Balance,M_003230
2021-03-26T15:42:00,USR_003,USR_004,6267.92,STK_002,3.76,MM_Balance,M_003226
2021-03-26T15:42:00,USR_004,USR_003,47579.13,STK_003,16.89,MM_Balance,M_003231
2021-03-26T15:52:00,USR_004,USR_003,3472.74,STK_005,3.54,MM_Balance,M_003229
2021-03-26T15:57:00,USR_003,USR_004,4926.60,STK_004,2.10,MM_Balance,M_003228
2021-03-26T15:57:00,USR_004,USR_003,2711.10,STK_004,2.10,MM_Balance,M_003232
2021-03-27T12:33:57,USR_003,USR_007,954.80,STK_002,3.41,Normal,M_003241
2021-03-27T15:01:00,USR_003,USR_004,5857.50,STK_004,2.13,MM_Balance,M_003244
2021-03-27T15:03:00,USR_004,USR_003,2402.64,STK_004,2.13,MM_Balance,M_003248
2021-03-27T15:25:00,USR_004,USR_003,37246.59,STK_003,16.71,MM_Balance,M_003247
2021-03-27T15:32:00,USR_003,USR_004,11069.60,STK_002,4.04,MM_Balance,M_003242
2021-03-27T15:48:00,USR_004,USR_003,3462.93,STK_005,3.53,MM_Balance,M_003245
2021-03-27T15:48:00,USR_003,USR_004,3462.93,STK_005,3.53,MM_Balance,M_003249
2021-03-27T15:54:00,USR_004,USR_003,9562.68,STK_002,4.04,MM_Balance,M_003246
2021-03-27T15:57:00,USR_003,USR_004,38132.22,STK_003,16.71,MM_Balance,M_003243
2021-03-28T09:39:11,USR_003,USR_010,4734.24,STK_003,14.09,Normal,M_003255
2021-03-28T14:48:06,USR_006,USR_003,620.84,STK_004,1.87,Normal,M_003254
2021-03-28T15:01:00,USR_004,USR_003,3511.98,STK_005,3.58,MM_Balance,M_003259
2021-03-28T15:08:00,USR_003,USR_004,4821.25,STK_004,2.03,MM_Balance,M_003258
2021-03-28T15:24:00,USR_004,USR_003,51684.21,STK_003,17.89,MM_Balance,M_003261
2021-03-28T15:25:00,USR_003,USR_004,44474.54,STK_003,17.89,MM_Balance,M_003257
2021-03-28T15:28:00,USR_003,USR_004,9946.48,STK_002,4.04,MM_Balance,M_003256
2021-03-28T15:36:00,USR_004,USR_003,2697.87,STK_004,2.03,MM_Balance,M_003262
2021-03-28T15:40:00,USR_004,USR_003,10035.36,STK_002,4.04,MM_Balance,M_003260
2021-03-28T15:49:00,USR_003,USR_004,3511.98,STK_005,3.58,MM_Balance,M_003263
2021-03-29T11:03:31,USR_004,USR_005,274.06,STK_002,1.42,Normal,M_003264
2021-03-29T15:07:00,USR_004,USR_003,3681.60,STK_004,2.08,MM_Balance,M_003270
2021-03-29T15:24:00,USR_003,USR_004,18120.00,STK_003,18.12,MM_Balance,M_003266
2021-03-29T15:28:00,USR_003,USR_004,3482.55,STK_005,3.55,MM_Balance,M_003271
2021-03-29T15:34:00,USR_004,USR_003,8563.75,STK_002,4.25,MM_Balance,M_003269
2021-03-29T15:38:00,USR_003,USR_004,4930.00,STK_002,4.25,MM_Balance,M_003265
2021-03-29T15:48:00,USR_003,USR_004,3011.84,STK_004,2.08,MM_Balance,M_003267
2021-03-29T15:52:00,USR_004,USR_003,3482.55,STK_005,3.55,MM_Balance,M_003268
2021-03-30T15:05:00,USR_003,USR_004,9970.56,STK_002,4.32,MM_Balance,M_003277
2021-03-30T15:33:00,USR_004,USR_003,3472.74,STK_005,3.54,MM_Balance,M_003280
2021-03-30T15:40:00,USR_003,USR_004,2538.90,STK_004,2.10,MM_Balance,M_003279
2021-03-30T15:46:00,USR_004,USR_003,46881.94,STK_003,17.99,MM_Balance,M_003282
2021-03-30T15:48:00,USR_004,USR_003,3103.80,STK_004,2.10,MM_Balance,M_003283
2021-03-30T15:52:00,USR_003,USR_004,50929.69,STK_003,17.99,MM_Balance,M_003278
2021-03-30T15:52:00,USR_003,USR_004,3472.74,STK_005,3.54,MM_Balance,M_003284
2021-03-30T15:53:00,USR_004,USR_003,10817.28,STK_002,4.32,MM_Balance,M_003281
2021-03-31T15:14:00,USR_003,USR_004,2806.45,STK_004,2.05,MM_Balance,M_003290
2021-03-31T15:16:00,USR_003,USR_004,3531.60,STK_005,3.60,MM_Balance,M_003295
2021-03-31T15:28:00,USR_004,USR_003,4313.20,STK_004,2.05,MM_Balance,M_003294
2021-03-31T15:34:00,USR_003,USR_004,7292.40,STK_002,4.12,MM_Balance,M_003288
2021-03-31T15:42:00,USR_003,USR_004,21025.68,STK_003,17.94,MM_Balance,M_003289
2021-03-31T15:43:00,USR_004,USR_003,3531.60,STK_005,3.60,MM_Balance,M_003291
2021-03-31T15:49:00,USR_004,USR_003,18478.20,STK_003,17.94,MM_Balance,M_003293
2021-03-31T15:55:00,USR_004,USR_003,9846.80,STK_002,4.12,MM_Balance,M_003292
2021-04-01T15:05:00,USR_004,USR_003,3521.79,STK_005,3.59,MM_Balance,M_003307
2021-04-01T15:18:00,USR_003,USR_004,8278.34,STK_002,4.06,MM_Balance,M_003304
2021-04-01T15:22:00,USR_003,USR_004,3521.79,STK_005,3.59,MM_Balance,M_003311
2021-04-01T15:34:00,USR_004,USR_003,9264.92,STK_002,4.06,MM_Balance,M_003308
2021-04-01T15:41:00,USR_004,USR_003,5039.84,STK_004,2.08,MM_Balance,M_003310
2021-04-01T15:47:00,USR_003,USR_004,5682.56,STK_004,2.08,MM_Balance,M_003306
2021-04-01T15:51:00,USR_004,USR_003,54696.11,STK_003,18.41,MM_Balance,M_003309
2021-04-01T15:56:00,USR_003,USR_004,29640.10,STK_003,18.41,MM_Balance,M_003305
2021-04-02T12:59:58,USR_004,USR_007,322.00,STK_004,1.00,Normal,M_003312
2021-04-02T15:03:00,USR_003,USR_004,3492.36,STK_005,3.56,MM_Balance,M_003319
2021-04-02T15:33:00,USR_003,USR_004,30104.45,STK_003,18.19,MM_Balance,M_003314
2021-04-02T15:40:00,USR_004,USR_003,5249.43,STK_004,2.19,MM_Balance,M_003318
2021-04-02T15:41:00,USR_004,USR_003,3492.36,STK_005,3.56,MM_Balance,M_003316
2021-04-02T15:41:00,USR_004,USR_003,7264.00,STK_002,4.00,MM_Balance,M_003317
2021-04-02T15:47:00,USR_003,USR_004,4404.09,STK_004,2.19,MM_Balance,M_003315
2021-04-02T15:53:00,USR_003,USR_004,10856.00,STK_002,4.00,MM_Balance,M_003313
2021-04-03T11:56:32,USR_007,USR_003,2876.75,STK_003,15.55,Normal,M_003320
2021-04-03T15:08:00,USR_003,USR_004,40467.78,STK_003,17.61,MM_Balance,M_003322
2021-04-03T15:12:00,USR_004,USR_003,3394.26,STK_005,3.46,MM_Balance,M_003324
2021-04-03T15:16:00,USR_004,USR_003,5317.28,STK_002,3.98,MM_Balance,M_003325
2021-04-03T15:25:00,USR_003,USR_004,5676.72,STK_004,2.17,MM_Balance,M_003323
2021-04-03T15:34:00,USR_004,USR_003,2998.94,STK_004,2.17,MM_Balance,M_003327
2021-04-03T15:40:00,USR_003,USR_004,5492.40,STK_002,3.98,MM_Balance,M_003321
2021-04-03T15:43:00,USR_004,USR_003,42281.61,STK_003,17.61,MM_Balance,M_003326
2021-04-03T15:59:00,USR_003,USR_004,3394.26,STK_005,3.46,MM_Balance,M_003328
2021-04-04T14:35:06,USR_002,USR_004,11328.00,STK_004,1.00,Normal,M_003329
2021-04-04T15:03:00,USR_004,USR_003,23049.88,STK_003,17.24,MM_Balance,M_003335
2021-04-04T15:12:00,USR_003,USR_004,17498.60,STK_003,17.24,MM_Balance,M_003331
2021-04-04T15:15:00,USR_003,USR_004,3443.31,STK_005,3.51,MM_Balance,M_003337
2021-04-04T15:16:00,USR_003,USR_004,10702.22,STK_002,3.98,MM_Balance,M_003330
2021-04-04T15:30:00,USR_004,USR_003,11426.58,STK_002,3.98,MM_Balance,M_003334
2021-04-04T15:39:00,USR_003,USR_004,2286.00,STK_004,1.00,MM_Balance,M_003332
2021-04-04T15:43:00,USR_004,USR_003,3443.31,STK_005,3.51,MM_Balance,M_003333
2021-04-04T15:53:00,USR_004,USR_003,2068.00,STK_004,1.00,MM_Balance,M_003336
2021-04-05T11:04:45,USR_003,USR_007,939.52,STK_003,14.68,Normal,M_003338
2021-04-05T15:01:00,USR_003,USR_004,4382.93,STK_002,4.01,MM_Balance,M_003339
2021-04-05T15:03:00,USR_003,USR_004,3511.98,STK_005,3.58,MM_Balance,M_003346
2021-04-05T15:29:00,USR_004,USR_003,5465.63,STK_002,4.01,MM_Balance,M_003343
2021-04-05T15:33:00,USR_004,USR_003,39595.20,STK_003,17.52,MM_Balance,M_003344
2021-04-05T15:37:00,USR_004,USR_003,2425.00,STK_004,1.00,MM_Balance,M_003345
2021-04-05T15:49:00,USR_004,USR_003,3511.98,STK_005,3.58,MM_Balance,M_003342
2021-04-05T15:54:00,USR_003,USR_004,51701.52,STK_003,17.52,MM_Balance,M_003340
2021-04-05T15:55:00,USR_003,USR_004,2427.00,STK_004,1.00,MM_Balance,M_003341
2021-04-06T15:21:00,USR_004,USR_003,3511.98,STK_005,3.58,MM_Balance,M_003350
2021-04-06T15:23:00,USR_004,USR_003,51378.25,STK_003,17.27,MM_Balance,M_003352
2021-04-06T15:28:00,USR_003,USR_004,8222.73,STK_002,3.91,MM_Balance,M_003347
2021-04-06T15:31:00,USR_003,USR_004,1283.00,STK_004,1.00,MM_Balance,M_003349
2021-04-06T15:32:00,USR_003,USR_004,3511.98,STK_005,3.58,MM_Balance,M_003354
2021-04-06T15:37:00,USR_004,USR_003,9775.00,STK_002,3.91,MM_Balance,M_003351
2021-04-06T15:45:00,USR_004,USR_003,2613.00,STK_004,1.00,MM_Balance,M_003353
2021-04-06T15:55:00,USR_003,USR_004,27821.97,STK_003,17.27,MM_Balance,M_003348
2021-04-07T10:33:12,USR_008,USR_003,78.76,STK_002,3.58,Normal,M_003356
2021-04-07T12:53:26,USR_007,USR_003,1199508.18,STK_001,13477.62,Normal,M_003355
2021-04-07T15:06:00,USR_003,USR_004,1161484.71,STK_001,13050.39,MM_Balance,M_003361
2021-04-07T15:18:00,USR_004,USR_003,6532.63,STK_002,4.03,MM_Balance,M_003362
2021-04-07T15:21:00,USR_003,USR_004,6701.89,STK_002,4.03,MM_Balance,M_003357
2021-04-07T15:31:00,USR_003,USR_004,3521.79,STK_005,3.59,MM_Balance,M_003364
2021-04-07T15:33:00,USR_003,USR_004,18878.54,STK_003,17.66,MM_Balance,M_003358
2021-04-07T15:37:00,USR_004,USR_003,1807.90,STK_004,1.01,MM_Balance,M_003363
2021-04-07T15:40:00,USR_003,USR_004,2319.97,STK_004,1.01,MM_Balance,M_003359
2021-04-07T15:47:00,USR_004,USR_003,3521.79,STK_005,3.59,MM_Balance,M_003360
2021-04-08T10:08:00,USR_003,USR_002,161544.46,STK_003,14.63,Normal,M_003365
2021-04-08T12:16:29,USR_003,USR_008,1217.20,STK_002,3.58,Normal,M_003366
2021-04-08T15:01:00,USR_003,USR_004,94853.60,STK_003,55.60,MM_Balance,M_003369
2021-04-08T15:10:00,USR_004,USR_003,1162834.84,STK_001,13065.56,MM_Balance,M_003367
2021-04-08T15:11:00,USR_004,USR_003,11279.52,STK_002,4.32,MM_Balance,M_003373
2021-04-08T15:29:00,USR_003,USR_004,1162834.84,STK_001,13065.56,MM_Balance,M_003372
2021-04-08T15:29:00,USR_004,USR_003,110254.80,STK_003,55.60,MM_Balance,M_003374
2021-04-08T15:30:00,USR_003,USR_004,2621.40,STK_004,1.02,MM_Balance,M_003370
2021-04-08T15:35:00,USR_003,USR_004,10666.08,STK_002,4.32,MM_Balance,M_003368
2021-04-08T15:40:00,USR_003,USR_004,3511.98,STK_005,3.58,MM_Balance,M_003376
2021-04-08T15:45:00,USR_004,USR_003,3511.98,STK_005,3.58,MM_Balance,M_003371
2021-04-08T15:47:00,USR_004,USR_003,1563.66,STK_004,1.02,MM_Balance,M_003375
2021-04-09T11:28:39,USR_003,USR_009,111.00,STK_004,1.00,Normal,M_003384
2021-04-09T15:06:00,USR_003,USR_004,12888.16,STK_002,4.36,MM_Balance,M_003386
2021-04-09T15:15:00,USR_004,USR_003,132407.78,STK_003,54.31,MM_Balance,M_003392
2021-04-09T15:19:00,USR_003,USR_004,2449.66,STK_004,1.06,MM_Balance,M_003388
2021-04-09T15:20:00,USR_003,USR_004,143215.47,STK_003,54.31,MM_Balance,M_003387
2021-04-09T15:26:00,USR_004,USR_003,1139540.87,STK_001,12803.83,MM_Balance,M_003385
2021-04-09T15:26:00,USR_003,USR_004,3482.55,STK_005,3.55,MM_Balance,M_003394
2021-04-09T15:35:00,USR_004,USR_003,3482.55,STK_005,3.55,MM_Balance,M_003389
2021-04-09T15:35:00,USR_004,USR_003,1754.30,STK_004,1.06,MM_Balance,M_003393
2021-04-09T15:41:00,USR_004,USR_003,7259.40,STK_002,4.36,MM_Balance,M_003391
2021-04-09T15:57:00,USR_003,USR_004,1139540.87,STK_001,12803.83,MM_Balance,M_003390
2021-04-10T15:04:00,USR_003,USR_004,101076.17,STK_003,53.17,MM_Balance,M_003397
2021-04-10T15:07:00,USR_004,USR_003,10555.44,STK_002,4.27,MM_Balance,M_003401
2021-04-10T15:09:00,USR_003,USR_004,3541.41,STK_005,3.61,MM_Balance,M_003404
2021-04-10T15:11:00,USR_003,USR_004,4291.35,STK_002,4.27,MM_Balance,M_003396
2021-04-10T15:21:00,USR_003,USR_004,1168.65,STK_004,1.05,MM_Balance,M_003398
2021-04-10T15:33:00,USR_003,USR_004,1162202.94,STK_001,13058.46,MM_Balance,M_003400
2021-04-10T15:37:00,USR_004,USR_003,1347.15,STK_004,1.05,MM_Balance,M_003403
2021-04-10T15:45:00,USR_004,USR_003,106552.68,STK_003,53.17,MM_Balance,M_003402
2021-04-10T15:52:00,USR_004,USR_003,1162202.94,STK_001,13058.46,MM_Balance,M_003395
2021-04-10T15:57:00,USR_004,USR_003,3541.41,STK_005,3.61,MM_Balance,M_003399
2021-04-11T15:01:00,USR_003,USR_004,1135715.65,STK_001,12760.85,MM_Balance,M_003410
2021-04-11T15:03:00,USR_004,USR_003,3600.27,STK_005,3.67,MM_Balance,M_003409
2021-04-11T15:05:00,USR_004,USR_003,122572.01,STK_003,52.81,MM_Balance,M_003412
2021-04-11T15:15:00,USR_003,USR_004,1460.68,STK_004,1.06,MM_Balance,M_003408
2021-04-11T15:15:00,USR_004,USR_003,6617.62,STK_002,4.09,MM_Balance,M_003411
2021-04-11T15:29:00,USR_004,USR_003,1297.44,STK_004,1.06,MM_Balance,M_003413
2021-04-11T15:32:00,USR_003,USR_004,124948.46,STK_003,52.81,MM_Balance,M_003407
2021-04-11T15:43:00,USR_004,USR_003,1135715.65,STK_001,12760.85,MM_Balance,M_003405
2021-04-11T15:47:00,USR_003,USR_004,9893.71,STK_002,4.09,MM_Balance,M_003406
2021-04-11T15:53:00,USR_003,USR_004,3600.27,STK_005,3.67,MM_Balance,M_003414
2021-04-12T14:09:16,USR_006,USR_004,205.92,STK_002,1.44,Normal,M_003415
2021-04-12T14:54:07,USR_004,USR_010,52.00,STK_004,1.00,Normal,M_003416
2021-04-12T15:06:00,USR_004,USR_003,97985.28,STK_003,53.72,MM_Balance,M_003424
2021-04-12T15:07:00,USR_003,USR_004,1127825.80,STK_001,12672.20,MM_Balance,M_003422
2021-04-12T15:07:00,USR_004,USR_003,4886.15,STK_002,3.95,MM_Balance,M_003423
2021-04-12T15:09:00,USR_003,USR_004,9069.20,STK_002,3.95,MM_Balance,M_003418
2021-04-12T15:11:00,USR_004,USR_003,2984.80,STK_004,1.04,MM_Balance,M_003425
2021-04-12T15:13:00,USR_003,USR_004,66397.92,STK_003,53.72,MM_Balance,M_003419
2021-04-12T15:25:00,USR_004,USR_003,1127825.80,STK_001,12672.20,MM_Balance,M_003417
2021-04-12T15:29:00,USR_004,USR_003,3580.65,STK_005,3.65,MM_Balance,M_003421
2021-04-12T15:39:00,USR_003,USR_004,3580.65,STK_005,3.65,MM_Balance,M_003426
2021-04-12T15:55:00,USR_003,USR_004,1290.64,STK_004,1.04,MM_Balance,M_003420
2021-04-13T15:01:00,USR_003,USR_004,81821.04,STK_003,51.72,MM_Balance,M_003429
2021-04-13T15:06:00,USR_003,USR_004,5372.00,STK_002,3.95,MM_Balance,M_003428
2021-04-13T15:08:00,USR_004,USR_003,91492.68,STK_003,51.72,MM_Balance,M_003434
2021-04-13T15:09:00,USR_004,USR_003,5036.25,STK_002,3.95,MM_Balance,M_003433
2021-04-13T15:21:00,USR_004,USR_003,3610.08,STK_005,3.68,MM_Balance,M_003431
2021-04-13T15:33:00,USR_003,USR_004,2348.40,STK_004,1.03,MM_Balance,M_003430
2021-04-13T15:42:00,USR_003,USR_004,1119200.81,STK_001,12575.29,MM_Balance,M_003432
2021-04-13T15:48:00,USR_004,USR_003,1119200.81,STK_001,12575.29,MM_Balance,M_003427
2021-04-13T15:52:00,USR_004,USR_003,2801.60,STK_004,1.03,MM_Balance,M_003435
2021-04-13T15:54:00,USR_003,USR_004,3610.08,STK_005,3.68,MM_Balance,M_003436
2021-04-14T11:34:59,USR_004,USR_007,66.78,STK_005,3.71,Normal,M_003437
2021-04-14T14:30:12,USR_005,USR_003,10630.41,STK_003,46.83,Normal,M_003438
2021-04-14T15:03:00,USR_003,USR_004,144378.50,STK_003,49.70,MM_Balance,M_003441
2021-04-14T15:03:00,USR_003,USR_004,1102710.00,STK_001,12390.00,MM_Balance,M_003444
2021-04-14T15:04:00,USR_004,USR_003,1102710.00,STK_001,12390.00,MM_Balance,M_003439
2021-04-14T15:09:00,USR_003,USR_004,4155.40,STK_002,3.95,MM_Balance,M_003440
2021-04-14T15:14:00,USR_004,USR_003,3563.10,STK_005,3.70,MM_Balance,M_003443
2021-04-14T15:14:00,USR_003,USR_004,3563.10,STK_005,3.70,MM_Balance,M_003448
2021-04-14T15:23:00,USR_003,USR_004,1277.04,STK_004,1.02,MM_Balance,M_003442
2021-04-14T15:27:00,USR_004,USR_003,1920.66,STK_004,1.02,MM_Balance,M_003447
2021-04-14T15:39:00,USR_004,USR_003,8792.70,STK_002,3.95,MM_Balance,M_003445
2021-04-14T15:46:00,USR_004,USR_003,94777.90,STK_003,49.70,MM_Balance,M_003446
2021-04-15T14:38:15,USR_008,USR_004,813.75,STK_005,3.75,Normal,M_003449
2021-04-15T15:02:00,USR_004,USR_003,60392.76,STK_003,49.26,MM_Balance,M_003457
2021-04-15T15:04:00,USR_004,USR_003,1112803.49,STK_001,12503.41,MM_Balance,M_003450
2021-04-15T15:07:00,USR_004,USR_003,2626.50,STK_004,1.02,MM_Balance,M_003458
2021-04-15T15:11:00,USR_003,USR_004,2781.54,STK_004,1.02,MM_Balance,M_003453
2021-04-15T15:13:00,USR_003,USR_004,3862.82,STK_005,3.58,MM_Balance,M_003459
2021-04-15T15:18:00,USR_003,USR_004,86746.86,STK_003,49.26,MM_Balance,M_003452
2021-04-15T15:27:00,USR_004,USR_003,7702.20,STK_002,3.96,MM_Balance,M_003456
2021-04-15T15:30:00,USR_004,USR_003,4224.40,STK_005,3.58,MM_Balance,M_003454
2021-04-15T15:37:00,USR_003,USR_004,7547.76,STK_002,3.96,MM_Balance,M_003451
2021-04-15T15:53:00,USR_003,USR_004,1112803.49,STK_001,12503.41,MM_Balance,M_003455
2021-04-16T10:23:12,USR_003,USR_007,358.55,STK_005,3.55,Normal,M_003460
2021-04-16T11:35:10,USR_003,USR_006,136.00,STK_004,1.00,Normal,M_003461
2021-04-16T13:00:00,USR_001,USR_004,66583.85,STK_002,1.15,Panic_Dump_Whale,M_003472
2021-04-16T13:00:05,USR_007,USR_004,835.67,STK_002,1.07,Panic_Dump_Retail,M_003473
2021-04-16T13:00:08,USR_008,USR_003,333.20,STK_002,0.98,Panic_Dump_Retail,M_003474
2021-04-16T15:01:00,USR_003,USR_004,1132150.31,STK_001,12720.79,MM_Balance,M_003467
2021-04-16T15:03:00,USR_004,USR_003,1132150.31,STK_001,12720.79,MM_Balance,M_003462
2021-04-16T15:13:00,USR_003,USR_004,3784.20,STK_005,3.57,MM_Balance,M_003471
2021-04-16T15:16:00,USR_004,USR_003,2375.40,STK_004,1.07,MM_Balance,M_003470
2021-04-16T15:19:00,USR_003,USR_004,99507.06,STK_003,49.58,MM_Balance,M_003464
2021-04-16T15:22:00,USR_004,USR_003,5405.68,STK_002,3.94,MM_Balance,M_003468
2021-04-16T15:25:00,USR_003,USR_004,2824.80,STK_004,1.07,MM_Balance,M_003465
2021-04-16T15:27:00,USR_004,USR_003,94945.70,STK_003,49.58,MM_Balance,M_003469
2021-04-16T15:33:00,USR_003,USR_004,6851.66,STK_002,3.94,MM_Balance,M_003463
2021-04-16T15:45:00,USR_004,USR_003,3852.03,STK_005,3.57,MM_Balance,M_003466
2021-04-17T11:46:08,USR_004,USR_010,1084.74,STK_005,3.58,Normal,M_003482
2021-04-17T11:53:27,USR_003,USR_005,903.00,STK_003,45.15,Normal,M_003481
2021-04-17T15:07:00,USR_004,USR_003,2523.15,STK_004,1.05,MM_Balance,M_003491
2021-04-17T15:11:00,USR_004,USR_003,1117600.59,STK_001,12557.31,MM_Balance,M_003483
2021-04-17T15:14:00,USR_004,USR_003,7224.04,STK_002,3.13,MM_Balance,M_003489
2021-04-17T15:29:00,USR_004,USR_003,70201.58,STK_003,49.93,MM_Balance,M_003490
2021-04-17T15:37:00,USR_003,USR_004,132514.22,STK_003,49.93,MM_Balance,M_003485
2021-04-17T15:38:00,USR_003,USR_004,1117600.59,STK_001,12557.31,MM_Balance,M_003488
2021-04-17T15:38:00,USR_003,USR_004,2925.52,STK_005,3.77,MM_Balance,M_003492
2021-04-17T15:39:00,USR_003,USR_004,4766.99,STK_002,3.13,MM_Balance,M_003484
2021-04-17T15:53:00,USR_003,USR_004,2440.20,STK_004,1.05,MM_Balance,M_003486
2021-04-17T15:58:00,USR_004,USR_003,2853.89,STK_005,3.77,MM_Balance,M_003487
2021-04-18T15:05:00,USR_004,USR_003,1288.96,STK_004,1.06,MM_Balance,M_003501
2021-04-18T15:13:00,USR_003,USR_004,1116035.08,STK_001,12539.72,MM_Balance,M_003498
2021-04-18T15:28:00,USR_003,USR_004,6975.00,STK_002,3.10,MM_Balance,M_003494
2021-04-18T15:32:00,USR_004,USR_003,3422.40,STK_002,3.10,MM_Balance,M_003499
2021-04-18T15:36:00,USR_004,USR_003,1116035.08,STK_001,12539.72,MM_Balance,M_003493
2021-04-18T15:42:00,USR_004,USR_003,3003.12,STK_005,3.87,MM_Balance,M_003497
2021-04-18T15:45:00,USR_003,USR_004,55485.60,STK_003,48.80,MM_Balance,M_003495
2021-04-18T15:53:00,USR_003,USR_004,3003.12,STK_005,3.87,MM_Balance,M_003502
2021-04-18T15:56:00,USR_003,USR_004,1418.28,STK_004,1.06,MM_Balance,M_003496
2021-04-18T15:57:00,USR_004,USR_003,130686.40,STK_003,48.80,MM_Balance,M_003500
2021-04-19T09:55:34,USR_003,USR_007,64.17,STK_002,2.79,Normal,M_003512
2021-04-19T11:37:19,USR_004,USR_005,1141667.08,STK_001,12827.72,Normal,M_003511
2021-04-19T15:05:00,USR_004,USR_003,3010.88,STK_005,3.88,MM_Balance,M_003516
2021-04-19T15:10:00,USR_004,USR_003,139445.31,STK_003,47.87,MM_Balance,M_003518
2021-04-19T15:10:00,USR_003,USR_004,3010.88,STK_005,3.88,MM_Balance,M_003520
2021-04-19T15:12:00,USR_003,USR_004,2941.92,STK_004,1.08,MM_Balance,M_003515
2021-04-19T15:42:00,USR_003,USR_004,6202.35,STK_002,3.15,MM_Balance,M_003513
2021-04-19T15:48:00,USR_004,USR_003,3739.05,STK_002,3.15,MM_Balance,M_003517
2021-04-19T15:52:00,USR_004,USR_003,2571.48,STK_004,1.08,MM_Balance,M_003519
2021-04-19T15:53:00,USR_003,USR_004,129105.39,STK_003,47.87,MM_Balance,M_003514
2021-04-20T15:06:00,USR_003,USR_004,5502.75,STK_002,3.19,MM_Balance,M_003521
2021-04-20T15:16:00,USR_004,USR_003,2697.75,STK_004,1.09,MM_Balance,M_003527
2021-04-20T15:17:00,USR_003,USR_004,2995.36,STK_005,3.86,MM_Balance,M_003528
2021-04-20T15:18:00,USR_003,USR_004,1495.48,STK_004,1.09,MM_Balance,M_003523
2021-04-20T15:34:00,USR_004,USR_003,86144.10,STK_003,48.26,MM_Balance,M_003526
2021-04-20T15:38:00,USR_004,USR_003,2995.36,STK_005,3.86,MM_Balance,M_003524
2021-04-20T15:39:00,USR_004,USR_003,8644.90,STK_002,3.19,MM_Balance,M_003525
2021-04-20T15:51:00,USR_003,USR_004,105641.14,STK_003,48.26,MM_Balance,M_003522
2021-04-21T14:17:55,USR_004,USR_007,11936.55,STK_003,46.81,Normal,M_003532
2021-04-21T15:11:00,USR_003,USR_004,3057.44,STK_005,3.94,MM_Balance,M_003540
2021-04-21T15:13:00,USR_004,USR_003,75216.96,STK_003,50.96,MM_Balance,M_003538
2021-04-21T15:19:00,USR_003,USR_004,3758.76,STK_002,3.18,MM_Balance,M_003533
2021-04-21T15:26:00,USR_004,USR_003,7832.34,STK_002,3.18,MM_Balance,M_003537
2021-04-21T15:26:00,USR_004,USR_003,2695.57,STK_004,1.09,MM_Balance,M_003539
2021-04-21T15:42:00,USR_004,USR_003,3057.44,STK_005,3.94,MM_Balance,M_003536
2021-04-21T15:53:00,USR_003,USR_004,73331.44,STK_003,50.96,MM_Balance,M_003534
2021-04-21T15:57:00,USR_003,USR_004,2399.09,STK_004,1.09,MM_Balance,M_003535
2021-04-22T15:11:00,USR_003,USR_004,3111.76,STK_005,4.01,MM_Balance,M_003555
2021-04-22T15:14:00,USR_004,USR_003,2794.84,STK_004,1.07,MM_Balance,M_003554
2021-04-22T15:16:00,USR_003,USR_004,7712.61,STK_002,3.17,MM_Balance,M_003548
2021-04-22T15:25:00,USR_003,USR_004,2968.18,STK_004,1.07,MM_Balance,M_003550
2021-04-22T15:28:00,USR_004,USR_003,3686.71,STK_002,3.17,MM_Balance,M_003552
2021-04-22T15:33:00,USR_004,USR_003,94714.16,STK_003,51.28,MM_Balance,M_003553
2021-04-22T15:34:00,USR_003,USR_004,108662.32,STK_003,51.28,MM_Balance,M_003549
2021-04-22T15:35:00,USR_004,USR_003,3111.76,STK_005,4.01,MM_Balance,M_003551
2021-04-23T15:05:00,USR_004,USR_003,100875.78,STK_003,51.18,MM_Balance,M_003561
2021-04-23T15:07:00,USR_003,USR_004,3923.20,STK_002,3.20,MM_Balance,M_003556
2021-04-23T15:07:00,USR_004,USR_003,5500.80,STK_002,3.20,MM_Balance,M_003560
2021-04-23T15:15:00,USR_004,USR_003,3080.72,STK_005,3.97,MM_Balance,M_003559
2021-04-23T15:38:00,USR_003,USR_004,126875.22,STK_003,51.18,MM_Balance,M_003557
2021-04-23T15:46:00,USR_004,USR_003,2589.84,STK_004,1.08,MM_Balance,M_003562
2021-04-23T15:53:00,USR_003,USR_004,3080.72,STK_005,3.97,MM_Balance,M_003563
2021-04-23T15:54:00,USR_003,USR_004,1208.52,STK_004,1.08,MM_Balance,M_003558
2021-04-24T10:00:28,USR_004,USR_007,711.54,STK_005,4.02,Normal,M_003564
2021-04-24T14:34:03,USR_006,USR_004,150.00,STK_004,1.00,Normal,M_003565
2021-04-24T15:00:00,USR_003,USR_004,69212.00,STK_003,52.00,MM_Balance,M_003567
2021-04-24T15:08:00,USR_003,USR_004,2473.87,STK_005,4.13,MM_Balance,M_003573
2021-04-24T15:20:00,USR_004,USR_003,133744.00,STK_003,52.00,MM_Balance,M_003571
2021-04-24T15:27:00,USR_003,USR_004,8580.48,STK_002,3.28,MM_Balance,M_003566
2021-04-24T15:27:00,USR_003,USR_004,1709.76,STK_004,1.04,MM_Balance,M_003568
2021-04-24T15:28:00,USR_004,USR_003,7114.32,STK_002,3.28,MM_Balance,M_003570
2021-04-24T15:48:00,USR_004,USR_003,2473.87,STK_005,4.13,MM_Balance,M_003569
2021-04-24T15:50:00,USR_004,USR_003,1448.72,STK_004,1.04,MM_Balance,M_003572
2021-04-25T13:51:15,USR_003,USR_005,11288.44,STK_003,46.84,Normal,M_003580
2021-04-25T15:00:00,USR_004,USR_003,3668.94,STK_002,3.27,MM_Balance,M_003585
2021-04-25T15:01:00,USR_003,USR_004,5882.73,STK_002,3.27,MM_Balance,M_003581
2021-04-25T15:06:00,USR_003,USR_004,2501.04,STK_004,1.02,MM_Balance,M_003583
2021-04-25T15:08:00,USR_003,USR_004,2491.84,STK_005,4.16,MM_Balance,M_003588
2021-04-25T15:11:00,USR_003,USR_004,62995.86,STK_003,54.26,MM_Balance,M_003582
2021-04-25T15:30:00,USR_004,USR_003,66251.46,STK_003,54.26,MM_Balance,M_003586
2021-04-25T15:45:00,USR_004,USR_003,2024.70,STK_004,1.02,MM_Balance,M_003587
2021-04-25T15:58:00,USR_004,USR_003,2491.84,STK_005,4.16,MM_Balance,M_003584
2021-04-26T15:08:00,USR_004,USR_003,90066.08,STK_003,55.12,MM_Balance,M_003594
2021-04-26T15:20:00,USR_003,USR_004,2473.87,STK_005,4.13,MM_Balance,M_003596
2021-04-26T15:32:00,USR_004,USR_003,9499.43,STK_002,3.23,MM_Balance,M_003593
2021-04-26T15:35:00,USR_003,USR_004,2021.76,STK_004,1.04,MM_Balance,M_003591
2021-04-26T15:35:00,USR_004,USR_003,2470.00,STK_004,1.04,MM_Balance,M_003595
2021-04-26T15:44:00,USR_003,USR_004,5516.84,STK_002,3.23,MM_Balance,M_003589
2021-04-26T15:48:00,USR_003,USR_004,152902.88,STK_003,55.12,MM_Balance,M_003590
2021-04-26T15:52:00,USR_004,USR_003,2473.87,STK_005,4.13,MM_Balance,M_003592
2021-04-27T15:00:00,USR_004,USR_003,2609.72,STK_004,1.06,MM_Balance,M_003603
2021-04-27T15:10:00,USR_004,USR_003,2401.99,STK_005,4.01,MM_Balance,M_003600
2021-04-27T15:10:00,USR_004,USR_003,7713.63,STK_002,3.21,MM_Balance,M_003601
2021-04-27T15:13:00,USR_003,USR_004,141020.00,STK_003,55.00,MM_Balance,M_003598
2021-04-27T15:18:00,USR_003,USR_004,2501.60,STK_004,1.06,MM_Balance,M_003599
2021-04-27T15:28:00,USR_003,USR_004,6172.83,STK_002,3.21,MM_Balance,M_003597
2021-04-27T15:30:00,USR_004,USR_003,156090.00,STK_003,55.00,MM_Balance,M_003602
2021-04-27T15:54:00,USR_003,USR_004,2401.99,STK_005,4.01,MM_Balance,M_003604
2021-04-28T15:04:00,USR_003,USR_004,6552.26,STK_002,3.19,MM_Balance,M_003605
2021-04-28T15:16:00,USR_004,USR_003,4848.80,STK_002,3.19,MM_Balance,M_003609
2021-04-28T15:16:00,USR_004,USR_003,84317.55,STK_003,54.93,MM_Balance,M_003610
2021-04-28T15:27:00,USR_004,USR_003,2336.10,STK_005,3.90,MM_Balance,M_003608
2021-04-28T15:30:00,USR_003,USR_004,104476.86,STK_003,54.93,MM_Balance,M_003606
2021-04-28T15:34:00,USR_003,USR_004,2336.10,STK_005,3.90,MM_Balance,M_003612
2021-04-28T15:52:00,USR_004,USR_003,1175.54,STK_004,1.06,MM_Balance,M_003611
2021-04-28T15:57:00,USR_003,USR_004,2176.18,STK_004,1.06,MM_Balance,M_003607
2021-04-29T14:40:08,USR_009,USR_004,111.00,STK_004,1.00,Normal,M_003613
2021-04-29T15:08:00,USR_004,USR_003,2300.16,STK_005,3.84,MM_Balance,M_003617
2021-04-29T15:08:00,USR_003,USR_004,2300.16,STK_005,3.84,MM_Balance,M_003621
2021-04-29T15:16:00,USR_004,USR_003,2577.75,STK_004,1.05,MM_Balance,M_003620
2021-04-29T15:30:00,USR_003,USR_004,150112.35,STK_003,55.29,MM_Balance,M_003615
2021-04-29T15:37:00,USR_003,USR_004,6332.15,STK_002,3.19,MM_Balance,M_003614
2021-04-29T15:46:00,USR_004,USR_003,152876.85,STK_003,55.29,MM_Balance,M_003619
2021-04-29T15:51:00,USR_004,USR_003,3426.06,STK_002,3.19,MM_Balance,M_003618
2021-04-29T15:53:00,USR_003,USR_004,1639.05,STK_004,1.05,MM_Balance,M_003616
2021-04-30T15:01:00,USR_004,USR_003,9276.12,STK_002,3.24,MM_Balance,M_003626
2021-04-30T15:04:00,USR_003,USR_004,1074.32,STK_004,1.04,MM_Balance,M_003624
2021-04-30T15:11:00,USR_003,USR_004,3337.20,STK_002,3.24,MM_Balance,M_003622
2021-04-30T15:18:00,USR_003,USR_004,2282.19,STK_005,3.81,MM_Balance,M_003629
2021-04-30T15:24:00,USR_004,USR_003,131897.92,STK_003,53.53,MM_Balance,M_003627
2021-04-30T15:27:00,USR_004,USR_003,2282.19,STK_005,3.81,MM_Balance,M_003625
2021-04-30T15:35:00,USR_004,USR_003,1062.88,STK_004,1.04,MM_Balance,M_003628
2021-04-30T15:56:00,USR_003,USR_004,72747.27,STK_003,53.53,MM_Balance,M_003623
2021-05-01T15:00:00,USR_003,USR_004,2270.21,STK_005,3.79,MM_Balance,M_003640
2021-05-01T15:01:00,USR_004,USR_003,5419.94,STK_002,3.23,MM_Balance,M_003637
2021-05-01T15:11:00,USR_003,USR_004,151828.75,STK_003,52.81,MM_Balance,M_003634
2021-05-01T15:17:00,USR_004,USR_003,1975.84,STK_004,1.06,MM_Balance,M_003639
2021-05-01T15:21:00,USR_004,USR_003,2270.21,STK_005,3.79,MM_Balance,M_003636
2021-05-01T15:27:00,USR_004,USR_003,99916.52,STK_003,52.81,MM_Balance,M_003638
2021-05-01T15:52:00,USR_003,USR_004,1862.42,STK_004,1.06,MM_Balance,M_003635
2021-05-01T15:53:00,USR_003,USR_004,6253.28,STK_002,3.23,MM_Balance,M_003633
2021-05-02T14:15:30,USR_004,USR_007,1255.10,STK_005,3.85,Normal,M_003641
2021-05-02T15:00:00,USR_003,USR_004,134312.64,STK_003,51.52,MM_Balance,M_003643
2021-05-02T15:01:00,USR_004,USR_003,5549.10,STK_002,3.18,MM_Balance,M_003646
2021-05-02T15:04:00,USR_003,USR_004,1102.92,STK_005,4.04,MM_Balance,M_003649
2021-05-02T15:23:00,USR_004,USR_003,1423.76,STK_004,1.04,MM_Balance,M_003648
2021-05-02T15:24:00,USR_003,USR_004,4216.68,STK_002,3.18,MM_Balance,M_003642
2021-05-02T15:27:00,USR_003,USR_004,2189.20,STK_004,1.04,MM_Balance,M_003644
2021-05-02T15:33:00,USR_004,USR_003,1102.92,STK_005,4.04,MM_Balance,M_003645
2021-05-02T15:37:00,USR_004,USR_003,136218.88,STK_003,51.52,MM_Balance,M_003647
2021-05-03T15:05:00,USR_004,USR_003,5036.80,STK_002,3.20,MM_Balance,M_003661
2021-05-03T15:08:00,USR_004,USR_003,149643.00,STK_003,51.16,MM_Balance,M_003662
2021-05-03T15:11:00,USR_004,USR_003,1083.81,STK_005,3.97,MM_Balance,M_003660
2021-05-03T15:11:00,USR_004,USR_003,1591.35,STK_004,1.03,MM_Balance,M_003663
2021-05-03T15:18:00,USR_003,USR_004,6192.00,STK_002,3.20,MM_Balance,M_003657
2021-05-03T15:18:00,USR_003,USR_004,2058.97,STK_004,1.03,MM_Balance,M_003659
2021-05-03T15:38:00,USR_003,USR_004,1083.81,STK_005,3.97,MM_Balance,M_003664
2021-05-03T15:47:00,USR_003,USR_004,121453.84,STK_003,51.16,MM_Balance,M_003658
2021-05-04T09:54:46,USR_004,USR_006,638.40,STK_005,3.99,Normal,M_003665
2021-05-04T15:03:00,USR_003,USR_004,9368.28,STK_002,3.18,MM_Balance,M_003666
2021-05-04T15:03:00,USR_004,USR_003,51792.80,STK_003,51.28,MM_Balance,M_003671
2021-05-04T15:13:00,USR_003,USR_004,69279.28,STK_003,51.28,MM_Balance,M_003667
2021-05-04T15:32:00,USR_004,USR_003,459.91,STK_005,4.07,MM_Balance,M_003669
2021-05-04T15:33:00,USR_004,USR_003,2053.82,STK_004,1.03,MM_Balance,M_003672
2021-05-04T15:44:00,USR_003,USR_004,459.91,STK_005,4.07,MM_Balance,M_003673
2021-05-04T15:46:00,USR_004,USR_003,8958.06,STK_002,3.18,MM_Balance,M_003670
2021-05-04T15:54:00,USR_003,USR_004,1617.10,STK_004,1.03,MM_Balance,M_003668
2021-05-05T14:41:01,USR_003,USR_007,10746.55,STK_003,45.73,Normal,M_003680
2021-05-05T15:08:00,USR_003,USR_004,466.69,STK_005,4.13,MM_Balance,M_003688
2021-05-05T15:18:00,USR_004,USR_003,466.69,STK_005,4.13,MM_Balance,M_003684
2021-05-05T15:32:00,USR_003,USR_004,146817.96,STK_003,52.51,MM_Balance,M_003682
2021-05-05T15:36:00,USR_004,USR_003,8293.95,STK_002,3.15,MM_Balance,M_003685
2021-05-05T15:37:00,USR_004,USR_003,96933.46,STK_003,52.51,MM_Balance,M_003686
2021-05-05T15:45:00,USR_003,USR_004,2193.00,STK_004,1.02,MM_Balance,M_003683
2021-05-05T15:54:00,USR_004,USR_003,2826.42,STK_004,1.02,MM_Balance,M_003687
2021-05-05T15:57:00,USR_003,USR_004,4803.75,STK_002,3.15,MM_Balance,M_003681
2021-05-06T10:07:31,USR_004,USR_010,466.69,STK_005,4.13,Normal,M_003689
2021-05-06T15:12:00,USR_004,USR_003,99492.30,STK_003,51.90,MM_Balance,M_003694
2021-05-06T15:16:00,USR_004,USR_003,2567.76,STK_004,1.04,MM_Balance,M_003695
2021-05-06T15:33:00,USR_003,USR_004,1935.44,STK_004,1.04,MM_Balance,M_003692
2021-05-06T15:47:00,USR_004,USR_003,3377.27,STK_002,3.13,MM_Balance,M_003693
2021-05-06T15:48:00,USR_003,USR_004,6488.49,STK_002,3.13,MM_Balance,M_003690
2021-05-06T15:55:00,USR_003,USR_004,87711.00,STK_003,51.90,MM_Balance,M_003691
2021-05-07T13:35:12,USR_004,USR_008,35.00,STK_004,1.00,Normal,M_003696
2021-05-07T15:02:00,USR_003,USR_004,6891.76,STK_002,3.11,MM_Balance,M_003697
2021-05-07T15:02:00,USR_003,USR_004,1316.52,STK_004,1.08,MM_Balance,M_003699
2021-05-07T15:05:00,USR_004,USR_003,3182.76,STK_004,1.08,MM_Balance,M_003702
2021-05-07T15:14:00,USR_004,USR_003,147961.45,STK_003,52.45,MM_Balance,M_003701
2021-05-07T15:38:00,USR_004,USR_003,7352.04,STK_002,3.11,MM_Balance,M_003700
2021-05-07T15:49:00,USR_003,USR_004,149325.15,STK_003,52.45,MM_Balance,M_003698
2021-05-08T15:13:00,USR_003,USR_004,1842.10,STK_004,1.09,MM_Balance,M_003713
2021-05-08T15:20:00,USR_003,USR_004,60557.76,STK_003,52.16,MM_Balance,M_003712
2021-05-08T15:26:00,USR_003,USR_004,8338.22,STK_002,3.02,MM_Balance,M_003711
2021-05-08T15:28:00,USR_004,USR_003,55550.40,STK_003,52.16,MM_Balance,M_003715
2021-05-08T15:40:00,USR_004,USR_003,5741.02,STK_002,3.02,MM_Balance,M_003714
2021-05-08T15:53:00,USR_004,USR_003,1187.01,STK_004,1.09,MM_Balance,M_003716
2021-05-09T15:02:00,USR_004,USR_003,5687.31,STK_002,3.03,MM_Balance,M_003720
2021-05-09T15:04:00,USR_004,USR_003,60123.96,STK_003,53.16,MM_Balance,M_003721
2021-05-09T15:17:00,USR_003,USR_004,1076.42,STK_004,1.07,MM_Balance,M_003719
2021-05-09T15:39:00,USR_004,USR_003,2442.81,STK_004,1.07,MM_Balance,M_003722
2021-05-09T15:44:00,USR_003,USR_004,75274.56,STK_003,53.16,MM_Balance,M_003718
2021-05-09T15:46:00,USR_003,USR_004,7823.46,STK_002,3.03,MM_Balance,M_003717
2021-05-10T10:38:26,USR_004,USR_010,266.00,STK_002,1.00,Normal,M_003725
2021-05-10T14:29:00,USR_004,USR_002,3217184.04,STK_001,12421.56,Normal,M_003724
2021-05-10T14:45:27,USR_006,USR_004,3368419.32,STK_001,13005.48,Normal,M_003723
2021-05-10T15:00:00,USR_004,USR_003,2911.68,STK_004,1.08,MM_Balance,M_003731
2021-05-10T15:10:00,USR_004,USR_003,77910.48,STK_003,53.88,MM_Balance,M_003730
2021-05-10T15:14:00,USR_003,USR_004,148978.20,STK_003,53.88,MM_Balance,M_003727
2021-05-10T15:20:00,USR_004,USR_003,5456.16,STK_002,3.24,MM_Balance,M_003729
2021-05-10T15:25:00,USR_003,USR_004,1085.40,STK_004,1.08,MM_Balance,M_003728
2021-05-10T15:37:00,USR_003,USR_004,5274.72,STK_002,3.24,MM_Balance,M_003726
2021-05-11T13:20:20,USR_008,USR_003,1157700.18,STK_001,12721.98,Normal,M_003738
2021-05-11T15:14:00,USR_003,USR_004,2080.81,STK_004,1.09,MM_Balance,M_003741
2021-05-11T15:24:00,USR_003,USR_004,62923.68,STK_003,53.28,MM_Balance,M_003740
2021-05-11T15:48:00,USR_004,USR_003,89723.52,STK_003,53.28,MM_Balance,M_003744
2021-05-11T15:54:00,USR_004,USR_003,1811.58,STK_004,1.09,MM_Balance,M_003745
2021-05-11T15:56:00,USR_003,USR_004,4205.10,STK_002,3.21,MM_Balance,M_003739
2021-05-11T15:57:00,USR_003,USR_004,1117293.45,STK_001,12277.95,MM_Balance,M_003742
2021-05-11T15:59:00,USR_004,USR_003,9504.81,STK_002,3.21,MM_Balance,M_003743
2021-05-12T10:38:51,USR_004,USR_007,22.00,STK_004,1.00,Normal,M_003746
2021-05-12T12:00:00.050000,USR_004,USR_003,267550.00,STK_003,53.51,Wash_Trade,M_003755
2021-05-12T12:00:00.100000,USR_003,USR_004,267550.00,STK_003,53.51,Wash_Trade,M_003756
2021-05-12T12:00:00.150000,USR_004,USR_003,267550.00,STK_003,53.51,Wash_Trade,M_003757
2021-05-12T12:00:00.200000,USR_003,USR_004,267550.00,STK_003,53.51,Wash_Trade,M_003758
2021-05-12T12:00:00.250000,USR_004,USR_003,267550.00,STK_003,53.51,Wash_Trade,M_003759
2021-05-12T12:00:00.300000,USR_003,USR_004,267550.00,STK_003,53.51,Wash_Trade,M_003760
2021-05-12T12:00:00.350000,USR_004,USR_003,267550.00,STK_003,53.51,Wash_Trade,M_003761
2021-05-12T12:00:00.400000,USR_003,USR_004,267550.00,STK_003,53.51,Wash_Trade,M_003762
2021-05-12T12:00:00.450000,USR_004,USR_003,267550.00,STK_003,53.51,Wash_Trade,M_003763
2021-05-12T12:00:00.500000,USR_003,USR_004,267550.00,STK_003,53.51,Wash_Trade,M_003764
2021-05-12T12:00:00.550000,USR_004,USR_003,267550.00,STK_003,53.51,Wash_Trade,M_003765
2021-05-12T12:00:00.600000,USR_003,USR_004,267550.00,STK_003,53.51,Wash_Trade,M_003766
2021-05-12T12:00:00.650000,USR_004,USR_003,267550.00,STK_003,53.51,Wash_Trade,M_003767
2021-05-12T12:00:00.700000,USR_003,USR_004,267550.00,STK_003,53.51,Wash_Trade,M_003768
2021-05-12T12:00:00.750000,USR_004,USR_003,267550.00,STK_003,53.51,Wash_Trade,M_003769
2021-05-12T12:00:00.800000,USR_003,USR_004,267550.00,STK_003,53.51,Wash_Trade,M_003770
2021-05-12T12:00:00.850000,USR_004,USR_003,267550.00,STK_003,53.51,Wash_Trade,M_003771
2021-05-12T12:00:00.900000,USR_003,USR_004,267550.00,STK_003,53.51,Wash_Trade,M_003772
2021-05-12T12:00:00.950000,USR_004,USR_003,267550.00,STK_003,53.51,Wash_Trade,M_003773
2021-05-12T12:00:01,USR_003,USR_004,267550.00,STK_003,53.51,Wash_Trade,M_003774
2021-05-12T15:10:00,USR_003,USR_004,145761.24,STK_003,53.51,MM_Balance,M_003749
2021-05-12T15:22:00,USR_004,USR_003,60894.38,STK_003,53.51,MM_Balance,M_003753
2021-05-12T15:28:00,USR_004,USR_003,1140262.76,STK_001,12530.36,MM_Balance,M_003747
2021-05-12T15:36:00,USR_004,USR_003,2234.52,STK_004,1.08,MM_Balance,M_003754
2021-05-12T15:41:00,USR_004,USR_003,3894.48,STK_002,3.24,MM_Balance,M_003752
2021-05-12T15:44:00,USR_003,USR_004,1140262.76,STK_001,12530.36,MM_Balance,M_003751
2021-05-12T15:48:00,USR_003,USR_004,2657.88,STK_004,1.08,MM_Balance,M_003750
2021-05-12T15:51:00,USR_003,USR_004,3842.64,STK_002,3.24,MM_Balance,M_003748
2021-05-13T15:00:00,USR_004,USR_003,69117.48,STK_003,51.89,MM_Balance,M_003787
2021-05-13T15:06:00,USR_003,USR_004,1139594.82,STK_001,12523.02,MM_Balance,M_003785
2021-05-13T15:11:00,USR_003,USR_004,147419.49,STK_003,51.89,MM_Balance,M_003783
2021-05-13T15:24:00,USR_004,USR_003,1139594.82,STK_001,12523.02,MM_Balance,M_003781
2021-05-13T15:35:00,USR_004,USR_003,1444.78,STK_004,1.06,MM_Balance,M_003788
2021-05-13T15:46:00,USR_004,USR_003,4327.68,STK_002,3.22,MM_Balance,M_003786
2021-05-13T15:56:00,USR_003,USR_004,1779.74,STK_004,1.06,MM_Balance,M_003784
2021-05-13T15:58:00,USR_003,USR_004,6572.02,STK_002,3.22,MM_Balance,M_003782
2021-05-14T15:00:00,USR_004,USR_003,1117707.50,STK_001,12282.50,MM_Balance,M_003789
2021-05-14T15:02:00,USR_003,USR_004,66416.87,STK_003,52.67,MM_Balance,M_003791
2021-05-14T15:17:00,USR_003,USR_004,1147.12,STK_004,1.04,MM_Balance,M_003792
2021-05-14T15:22:00,USR_004,USR_003,6521.37,STK_002,3.23,MM_Balance,M_003794
2021-05-14T15:23:00,USR_004,USR_003,1558.96,STK_004,1.04,MM_Balance,M_003796
2021-05-14T15:40:00,USR_003,USR_004,8094.38,STK_002,3.23,MM_Balance,M_003790
2021-05-14T15:45:00,USR_003,USR_004,1117707.50,STK_001,12282.50,MM_Balance,M_003793
2021-05-14T15:56:00,USR_004,USR_003,127672.08,STK_003,52.67,MM_Balance,M_003795
2021-05-15T13:30:16,USR_004,USR_007,1136802.94,STK_001,12492.34,Normal,M_003797
2021-05-15T15:10:00,USR_003,USR_004,2927.72,STK_004,1.06,MM_Balance,M_003800
2021-05-15T15:10:00,USR_004,USR_003,1910.12,STK_004,1.06,MM_Balance,M_003803
2021-05-15T15:19:00,USR_003,USR_004,6608.57,STK_002,3.37,MM_Balance,M_003798
2021-05-15T15:38:00,USR_003,USR_004,142290.85,STK_003,51.35,MM_Balance,M_003799
2021-05-15T15:39:00,USR_004,USR_003,58333.60,STK_003,51.35,MM_Balance,M_003802
2021-05-15T15:47:00,USR_004,USR_003,9179.88,STK_002,3.37,MM_Balance,M_003801
2021-05-16T15:09:00,USR_003,USR_004,9815.52,STK_002,3.38,MM_Balance,M_003804
2021-05-16T15:23:00,USR_003,USR_004,1862.87,STK_004,1.07,MM_Balance,M_003806
2021-05-16T15:27:00,USR_004,USR_003,94997.76,STK_003,49.92,MM_Balance,M_003808
2021-05-16T15:32:00,USR_003,USR_004,108226.56,STK_003,49.92,MM_Balance,M_003805
2021-05-16T15:41:00,USR_004,USR_003,5458.70,STK_002,3.38,MM_Balance,M_003807
2021-05-16T15:43:00,USR_004,USR_003,1500.14,STK_004,1.07,MM_Balance,M_003809
2021-05-17T10:45:03,USR_004,USR_005,120.00,STK_002,1.00,Normal,M_003810
2021-05-17T15:14:00,USR_004,USR_003,1646.73,STK_004,1.07,MM_Balance,M_003816
2021-05-17T15:19:00,USR_004,USR_003,8740.16,STK_002,3.52,MM_Balance,M_003814
2021-05-17T15:38:00,USR_003,USR_004,3149.01,STK_004,1.07,MM_Balance,M_003813
2021-05-17T15:38:00,USR_004,USR_003,117819.40,STK_003,50.20,MM_Balance,M_003815
2021-05-17T15:43:00,USR_003,USR_004,4248.64,STK_002,3.52,MM_Balance,M_003811
2021-05-17T15:47:00,USR_003,USR_004,105068.60,STK_003,50.20,MM_Balance,M_003812
2021-05-18T15:17:00,USR_004,USR_003,138383.65,STK_003,50.23,MM_Balance,M_003826
2021-05-18T15:23:00,USR_004,USR_003,6647.94,STK_002,3.51,MM_Balance,M_003825
2021-05-18T15:29:00,USR_003,USR_004,9231.30,STK_002,3.51,MM_Balance,M_003822
2021-05-18T15:45:00,USR_003,USR_004,110556.23,STK_003,50.23,MM_Balance,M_003823
2021-05-18T15:49:00,USR_003,USR_004,2626.68,STK_004,1.06,MM_Balance,M_003824
2021-05-18T15:59:00,USR_004,USR_003,1898.46,STK_004,1.06,MM_Balance,M_003827
2021-05-19T12:26:27,USR_003,USR_005,9938.16,STK_003,46.44,Normal,M_003828
2021-05-19T15:07:00,USR_003,USR_004,70918.68,STK_003,51.69,MM_Balance,M_003830
2021-05-19T15:11:00,USR_004,USR_003,5573.84,STK_002,3.61,MM_Balance,M_003832
2021-05-19T15:19:00,USR_003,USR_004,6544.93,STK_002,3.61,MM_Balance,M_003829
2021-05-19T15:29:00,USR_003,USR_004,1078.35,STK_004,1.05,MM_Balance,M_003831
2021-05-19T15:42:00,USR_004,USR_003,1162.35,STK_004,1.05,MM_Balance,M_003834
2021-05-19T15:59:00,USR_004,USR_003,64612.50,STK_003,51.69,MM_Balance,M_003833
2021-05-20T15:07:00,USR_004,USR_003,1164.94,STK_004,1.06,MM_Balance,M_003840
2021-05-20T15:10:00,USR_003,USR_004,1750.06,STK_004,1.06,MM_Balance,M_003837
2021-05-20T15:17:00,USR_004,USR_003,80178.47,STK_003,52.37,MM_Balance,M_003839
2021-05-20T15:23:00,USR_003,USR_004,4136.72,STK_002,3.56,MM_Balance,M_003835
2021-05-20T15:56:00,USR_004,USR_003,6714.16,STK_002,3.56,MM_Balance,M_003838
2021-05-20T15:58:00,USR_003,USR_004,62267.93,STK_003,52.37,MM_Balance,M_003836
2021-05-21T15:01:00,USR_004,USR_003,56717.94,STK_003,52.81,MM_Balance,M_003845
2021-05-21T15:09:00,USR_003,USR_004,2802.45,STK_004,1.05,MM_Balance,M_003843
2021-05-21T15:41:00,USR_004,USR_003,5947.62,STK_002,3.57,MM_Balance,M_003844
2021-05-21T15:48:00,USR_003,USR_004,152832.14,STK_003,52.81,MM_Balance,M_003842
2021-05-21T15:52:00,USR_003,USR_004,8289.54,STK_002,3.57,MM_Balance,M_003841
2021-05-21T15:54:00,USR_004,USR_003,2089.50,STK_004,1.05,MM_Balance,M_003846
2021-05-22T15:08:00,USR_004,USR_003,6151.44,STK_002,3.61,MM_Balance,M_003850
2021-05-22T15:39:00,USR_004,USR_003,153627.03,STK_003,51.57,MM_Balance,M_003851
2021-05-22T15:41:00,USR_003,USR_004,2386.10,STK_004,1.07,MM_Balance,M_003849
2021-05-22T15:49:00,USR_003,USR_004,7440.21,STK_002,3.61,MM_Balance,M_003847
2021-05-22T15:57:00,USR_004,USR_003,2882.58,STK_004,1.07,MM_Balance,M_003852
2021-05-22T15:58:00,USR_003,USR_004,70135.20,STK_003,51.57,MM_Balance,M_003848
2021-05-23T09:56:44,USR_003,USR_009,12582.50,STK_003,50.33,Normal,M_003854
2021-05-23T11:33:09,USR_004,USR_006,6097.11,STK_003,49.57,Normal,M_003853
2021-05-23T15:02:00,USR_003,USR_004,1833.40,STK_004,1.03,MM_Balance,M_003857
2021-05-23T15:06:00,USR_004,USR_003,6519.60,STK_002,3.60,MM_Balance,M_003858
2021-05-23T15:32:00,USR_003,USR_004,9234.00,STK_002,3.60,MM_Balance,M_003855
2021-05-23T15:35:00,USR_004,USR_003,2912.84,STK_004,1.03,MM_Balance,M_003860
2021-05-23T15:54:00,USR_003,USR_004,152925.34,STK_003,56.66,MM_Balance,M_003856
2021-05-23T15:54:00,USR_004,USR_003,131451.20,STK_003,56.66,MM_Balance,M_003859
2021-05-24T12:39:01,USR_007,USR_004,1707695.62,STK_001,12285.58,Normal,M_003862
2021-05-24T14:07:37,USR_010,USR_003,270.60,STK_002,3.30,Normal,M_003861
2021-05-24T15:03:00,USR_003,USR_004,102167.94,STK_003,55.86,MM_Balance,M_003865
2021-05-24T15:03:00,USR_003,USR_004,1640301.47,STK_001,11800.73,MM_Balance,M_003867
2021-05-24T15:46:00,USR_003,USR_004,4954.95,STK_002,3.63,MM_Balance,M_003864
2021-05-24T15:51:00,USR_004,USR_003,154732.20,STK_003,55.86,MM_Balance,M_003869
2021-05-24T15:52:00,USR_004,USR_003,1640301.47,STK_001,11800.73,MM_Balance,M_003863
2021-05-24T15:52:00,USR_003,USR_004,1387.74,STK_004,1.01,MM_Balance,M_003866
2021-05-24T15:53:00,USR_004,USR_003,5430.48,STK_002,3.63,MM_Balance,M_003868
2021-05-24T15:54:00,USR_004,USR_003,1147.36,STK_004,1.01,MM_Balance,M_003870
2021-05-25T15:11:00,USR_004,USR_003,2715.08,STK_004,1.03,MM_Balance,M_003878
2021-05-25T15:17:00,USR_003,USR_004,1645630.73,STK_001,11839.07,MM_Balance,M_003875
2021-05-25T15:23:00,USR_003,USR_004,2415.35,STK_004,1.03,MM_Balance,M_003874
2021-05-25T15:23:00,USR_004,USR_003,3898.44,STK_002,3.57,MM_Balance,M_003876
2021-05-25T15:25:00,USR_003,USR_004,8421.63,STK_002,3.57,MM_Balance,M_003872
2021-05-25T15:36:00,USR_004,USR_003,85964.92,STK_003,56.78,MM_Balance,M_003877
2021-05-25T15:50:00,USR_004,USR_003,1645630.73,STK_001,11839.07,MM_Balance,M_003871
2021-05-25T15:53:00,USR_003,USR_004,123155.82,STK_003,56.78,MM_Balance,M_003873
2021-05-26T15:02:00,USR_003,USR_004,1645623.78,STK_001,11839.02,MM_Balance,M_003886
2021-05-26T15:04:00,USR_004,USR_003,5057.91,STK_002,3.51,MM_Balance,M_003887
2021-05-26T15:05:00,USR_004,USR_003,1561.38,STK_004,1.06,MM_Balance,M_003889
2021-05-26T15:12:00,USR_003,USR_004,10270.26,STK_002,3.51,MM_Balance,M_003883
2021-05-26T15:19:00,USR_004,USR_003,1645623.78,STK_001,11839.02,MM_Balance,M_003882
2021-05-26T15:31:00,USR_004,USR_003,107060.68,STK_003,57.16,MM_Balance,M_003888
2021-05-26T15:39:00,USR_003,USR_004,3026.30,STK_004,1.06,MM_Balance,M_003885
2021-05-26T15:45:00,USR_003,USR_004,145129.24,STK_003,57.16,MM_Balance,M_003884
2021-05-27T15:05:00,USR_004,USR_003,1644292.16,STK_001,11829.44,MM_Balance,M_003890
2021-05-27T15:07:00,USR_003,USR_004,1644292.16,STK_001,11829.44,MM_Balance,M_003894
2021-05-27T15:14:00,USR_003,USR_004,1509.20,STK_004,1.10,MM_Balance,M_003893
2021-05-27T15:19:00,USR_003,USR_004,5788.58,STK_002,3.46,MM_Balance,M_003891
2021-05-27T15:22:00,USR_004,USR_003,150324.18,STK_003,58.13,MM_Balance,M_003896
2021-05-27T15:24:00,USR_004,USR_003,2918.30,STK_004,1.10,MM_Balance,M_003897
2021-05-27T15:32:00,USR_003,USR_004,61792.19,STK_003,58.13,MM_Balance,M_003892
2021-05-27T15:53:00,USR_004,USR_003,5951.20,STK_002,3.46,MM_Balance,M_003895
2021-05-28T15:01:00,USR_003,USR_004,1621993.78,STK_001,11669.02,MM_Balance,M_003902
2021-05-28T15:02:00,USR_004,USR_003,1575.84,STK_004,1.12,MM_Balance,M_003905
2021-05-28T15:14:00,USR_004,USR_003,141848.85,STK_003,58.35,MM_Balance,M_003904
2021-05-28T15:19:00,USR_004,USR_003,1621993.78,STK_001,11669.02,MM_Balance,M_003898
2021-05-28T15:22:00,USR_004,USR_003,5070.00,STK_002,3.38,MM_Balance,M_003903
2021-05-28T15:44:00,USR_003,USR_004,2097.76,STK_004,1.12,MM_Balance,M_003901
2021-05-28T15:52:00,USR_003,USR_004,6283.42,STK_002,3.38,MM_Balance,M_003899
2021-05-28T15:56:00,USR_003,USR_004,104388.15,STK_003,58.35,MM_Balance,M_003900
2021-05-29T14:35:36,USR_004,USR_005,15595.80,STK_003,56.10,Normal,M_003912
2021-05-29T15:04:00,USR_004,USR_003,8658.56,STK_002,3.32,MM_Balance,M_003918
2021-05-29T15:07:00,USR_004,USR_003,140519.61,STK_003,62.37,MM_Balance,M_003919
2021-05-29T15:16:00,USR_003,USR_004,2873.59,STK_004,1.13,MM_Balance,M_003916
2021-05-29T15:19:00,USR_003,USR_004,93991.59,STK_003,62.37,MM_Balance,M_003915
2021-05-29T15:42:00,USR_003,USR_004,6132.04,STK_002,3.32,MM_Balance,M_003914
2021-05-29T15:45:00,USR_003,USR_004,1607657.32,STK_001,11565.88,MM_Balance,M_003917
2021-05-29T15:59:00,USR_004,USR_003,1607657.32,STK_001,11565.88,MM_Balance,M_003913
2021-05-29T15:59:00,USR_004,USR_003,2447.58,STK_004,1.13,MM_Balance,M_003920
2021-05-30T13:50:31,USR_004,USR_005,1673861.63,STK_001,12042.17,Normal,M_003921
2021-05-30T15:00:00,USR_003,USR_004,74041.08,STK_003,61.09,MM_Balance,M_003923
2021-05-30T15:03:00,USR_003,USR_004,1428.32,STK_004,1.13,MM_Balance,M_003924
2021-05-30T15:15:00,USR_003,USR_004,3913.00,STK_002,3.25,MM_Balance,M_003922
2021-05-30T15:18:00,USR_004,USR_003,1575.22,STK_004,1.13,MM_Balance,M_003927
2021-05-30T15:20:00,USR_004,USR_003,6435.00,STK_002,3.25,MM_Balance,M_003925
2021-05-30T15:54:00,USR_004,USR_003,173556.69,STK_003,61.09,MM_Balance,M_003926
2021-05-31T11:21:25,USR_003,USR_008,4510.11,STK_003,57.09,Normal,M_003932
2021-05-31T15:00:00,USR_003,USR_004,187893.60,STK_003,63.20,MM_Balance,M_003934
2021-05-31T15:19:00,USR_004,USR_003,134679.20,STK_003,63.20,MM_Balance,M_003937
2021-05-31T15:43:00,USR_003,USR_004,7315.20,STK_002,3.20,MM_Balance,M_003933
2021-05-31T15:44:00,USR_004,USR_003,1714.72,STK_004,1.12,MM_Balance,M_003938
2021-05-31T15:45:00,USR_004,USR_003,4908.80,STK_002,3.20,MM_Balance,M_003936
2021-05-31T15:51:00,USR_003,USR_004,3346.56,STK_004,1.12,MM_Balance,M_003935
2021-06-01T14:46:27,USR_003,USR_007,20203.61,STK_003,57.89,Normal,M_003946
2021-06-01T15:02:00,USR_004,USR_003,1537.35,STK_004,1.11,MM_Balance,M_003952
2021-06-01T15:29:00,USR_004,USR_003,75867.48,STK_003,67.08,MM_Balance,M_003951
2021-06-01T15:45:00,USR_003,USR_004,7856.00,STK_002,3.20,MM_Balance,M_003947
2021-06-01T15:48:00,USR_003,USR_004,1976.91,STK_004,1.11,MM_Balance,M_003949
2021-06-01T15:55:00,USR_003,USR_004,145228.20,STK_003,67.08,MM_Balance,M_003948
2021-06-01T15:56:00,USR_004,USR_003,6070.40,STK_002,3.20,MM_Balance,M_003950
2021-06-02T09:35:26,USR_003,USR_007,120.00,STK_004,1.00,Normal,M_003958
2021-06-02T15:29:00,USR_003,USR_004,169103.76,STK_003,64.94,MM_Balance,M_003960
2021-06-02T15:39:00,USR_004,USR_003,7193.60,STK_002,3.20,MM_Balance,M_003962
2021-06-02T15:52:00,USR_003,USR_004,3317.40,STK_004,1.14,MM_Balance,M_003961
2021-06-02T15:52:00,USR_004,USR_003,164752.78,STK_003,64.94,MM_Balance,M_003963
2021-06-02T15:57:00,USR_003,USR_004,7590.40,STK_002,3.20,MM_Balance,M_003959
2021-06-02T15:57:00,USR_004,USR_003,1721.40,STK_004,1.14,MM_Balance,M_003964
2021-06-03T15:03:00,USR_003,USR_004,5020.86,STK_002,3.14,MM_Balance,M_003969
2021-06-03T15:28:00,USR_003,USR_004,71895.75,STK_003,64.25,MM_Balance,M_003970
2021-06-03T15:40:00,USR_004,USR_003,148738.75,STK_003,64.25,MM_Balance,M_003973
2021-06-03T15:52:00,USR_004,USR_003,1955.26,STK_004,1.18,MM_Balance,M_003974
2021-06-03T15:53:00,USR_003,USR_004,3393.68,STK_004,1.18,MM_Balance,M_003971
2021-06-03T15:58:00,USR_004,USR_003,8487.42,STK_002,3.14,MM_Balance,M_003972
2021-06-04T10:05:00,USR_003,USR_007,184.83,STK_004,1.01,Normal,M_003975
2021-06-04T12:37:27,USR_009,USR_003,18234.09,STK_003,59.01,Normal,M_003976
2021-06-04T15:11:00,USR_003,USR_004,3151.20,STK_004,1.20,MM_Balance,M_003979
2021-06-04T15:15:00,USR_003,USR_004,6261.16,STK_002,3.14,MM_Balance,M_003977
2021-06-04T15:32:00,USR_004,USR_003,179305.38,STK_003,60.21,MM_Balance,M_003981
2021-06-04T15:33:00,USR_004,USR_003,3906.16,STK_002,3.14,MM_Balance,M_003980
2021-06-04T15:36:00,USR_003,USR_004,115844.04,STK_003,60.21,MM_Balance,M_003978
2021-06-04T15:44:00,USR_004,USR_003,1778.40,STK_004,1.20,MM_Balance,M_003982
2021-06-05T15:06:00,USR_003,USR_004,119332.74,STK_003,59.34,MM_Balance,M_003984
2021-06-05T15:09:00,USR_003,USR_004,1644.39,STK_004,1.21,MM_Balance,M_003985
2021-06-05T15:10:00,USR_004,USR_003,81414.48,STK_003,59.34,MM_Balance,M_003987
2021-06-05T15:14:00,USR_004,USR_003,4729.43,STK_002,3.13,MM_Balance,M_003986
2021-06-05T15:54:00,USR_004,USR_003,2102.98,STK_004,1.21,MM_Balance,M_003988
2021-06-05T15:56:00,USR_003,USR_004,7840.65,STK_002,3.13,MM_Balance,M_003983
2021-06-06T12:10:47,USR_009,USR_003,500.59,STK_005,4.43,Normal,M_003989
2021-06-06T15:01:00,USR_003,USR_004,6204.18,STK_002,3.18,MM_Balance,M_003990
2021-06-06T15:16:00,USR_004,USR_003,120072.01,STK_003,59.53,MM_Balance,M_003994
2021-06-06T15:27:00,USR_004,USR_003,2229.99,STK_004,1.23,MM_Balance,M_003995
2021-06-06T15:43:00,USR_003,USR_004,2776.11,STK_004,1.23,MM_Balance,M_003992
2021-06-06T15:50:00,USR_004,USR_003,4413.84,STK_002,3.18,MM_Balance,M_003993
2021-06-06T15:55:00,USR_003,USR_004,60780.13,STK_003,59.53,MM_Balance,M_003991
2021-06-06T15:56:00,USR_003,USR_004,482.51,STK_005,4.27,MM_Balance,M_003996
2021-06-07T13:09:40,USR_004,USR_006,20443.50,STK_003,58.41,Normal,M_004002
2021-06-07T13:14:11,USR_003,USR_008,2512.06,STK_003,54.61,Normal,M_004001
2021-06-07T15:06:00,USR_004,USR_003,2978.40,STK_004,1.20,MM_Balance,M_004009
2021-06-07T15:12:00,USR_004,USR_003,77175.16,STK_003,64.42,MM_Balance,M_004008
2021-06-07T15:21:00,USR_004,USR_003,476.86,STK_005,4.22,MM_Balance,M_004006
2021-06-07T15:27:00,USR_003,USR_004,1304.40,STK_004,1.20,MM_Balance,M_004005
2021-06-07T15:34:00,USR_003,USR_004,476.86,STK_005,4.22,MM_Balance,M_004010
2021-06-07T15:42:00,USR_004,USR_003,7503.29,STK_002,3.23,MM_Balance,M_004007
2021-06-07T15:48:00,USR_003,USR_004,152031.20,STK_003,64.42,MM_Balance,M_004004
2021-06-07T15:52:00,USR_003,USR_004,4366.96,STK_002,3.23,MM_Balance,M_004003
2021-06-08T09:30:31,USR_004,USR_007,4992.78,STK_003,64.01,Normal,M_004018
2021-06-08T15:18:00,USR_003,USR_004,480.25,STK_005,4.25,MM_Balance,M_004026
2021-06-08T15:19:00,USR_004,USR_003,171357.45,STK_003,67.65,MM_Balance,M_004024
2021-06-08T15:20:00,USR_004,USR_003,480.25,STK_005,4.25,MM_Balance,M_004022
2021-06-08T15:27:00,USR_004,USR_003,2641.80,STK_004,1.19,MM_Balance,M_004025
2021-06-08T15:36:00,USR_003,USR_004,4497.90,STK_002,3.30,MM_Balance,M_004019
2021-06-08T15:40:00,USR_003,USR_004,128873.25,STK_003,67.65,MM_Balance,M_004020
2021-06-08T15:53:00,USR_003,USR_004,1785.00,STK_004,1.19,MM_Balance,M_004021
2021-06-08T15:55:00,USR_004,USR_003,5204.10,STK_002,3.30,MM_Balance,M_004023
2021-06-09T15:00:00,USR_004,USR_003,167159.64,STK_003,68.34,MM_Balance,M_004038
2021-06-09T15:10:00,USR_003,USR_004,159505.56,STK_003,68.34,MM_Balance,M_004034
2021-06-09T15:10:00,USR_003,USR_004,479.12,STK_005,4.24,MM_Balance,M_004040
2021-06-09T15:14:00,USR_004,USR_003,479.12,STK_005,4.24,MM_Balance,M_004036
2021-06-09T15:22:00,USR_004,USR_003,1203.09,STK_004,1.19,MM_Balance,M_004039
2021-06-09T15:44:00,USR_003,USR_004,6904.26,STK_002,3.17,MM_Balance,M_004033
2021-06-09T15:47:00,USR_003,USR_004,1460.13,STK_004,1.19,MM_Balance,M_004035
2021-06-09T15:47:00,USR_004,USR_003,3303.14,STK_002,3.17,MM_Balance,M_004037
2021-06-10T15:27:00,USR_004,USR_003,472.34,STK_005,4.18,MM_Balance,M_004044
2021-06-10T15:28:00,USR_003,USR_004,3523.08,STK_002,3.14,MM_Balance,M_004041
2021-06-10T15:44:00,USR_003,USR_004,142177.49,STK_003,67.93,MM_Balance,M_004042
2021-06-10T15:50:00,USR_004,USR_003,2924.94,STK_004,1.23,MM_Balance,M_004047
2021-06-10T15:52:00,USR_003,USR_004,1642.05,STK_004,1.23,MM_Balance,M_004043
2021-06-10T15:52:00,USR_003,USR_004,472.34,STK_005,4.18,MM_Balance,M_004048
2021-06-10T15:54:00,USR_004,USR_003,4279.82,STK_002,3.14,MM_Balance,M_004045
2021-06-10T15:55:00,USR_004,USR_003,190611.58,STK_003,67.93,MM_Balance,M_004046
2021-06-11T15:30:00,USR_003,USR_004,141867.48,STK_003,68.14,MM_Balance,M_004055
2021-06-11T15:37:00,USR_004,USR_003,3228.00,STK_004,1.20,MM_Balance,M_004060
2021-06-11T15:40:00,USR_003,USR_004,468.95,STK_005,4.15,MM_Balance,M_004061
2021-06-11T15:41:00,USR_004,USR_003,3796.92,STK_002,3.18,MM_Balance,M_004058
2021-06-11T15:47:00,USR_003,USR_004,6181.92,STK_002,3.18,MM_Balance,M_004054
2021-06-11T15:48:00,USR_003,USR_004,2940.00,STK_004,1.20,MM_Balance,M_004056
2021-06-11T15:48:00,USR_004,USR_003,127081.10,STK_003,68.14,MM_Balance,M_004059
2021-06-11T15:57:00,USR_004,USR_003,468.95,STK_005,4.15,MM_Balance,M_004057
2021-06-12T15:08:00,USR_004,USR_003,193024.55,STK_003,68.57,MM_Balance,M_004075
2021-06-12T15:17:00,USR_004,USR_003,476.86,STK_005,4.22,MM_Balance,M_004073
2021-06-12T15:17:00,USR_004,USR_003,2235.87,STK_004,1.17,MM_Balance,M_004076
2021-06-12T15:19:00,USR_003,USR_004,97232.26,STK_003,68.57,MM_Balance,M_004071
2021-06-12T15:20:00,USR_003,USR_004,4105.60,STK_002,3.20,MM_Balance,M_004070
2021-06-12T15:20:00,USR_003,USR_004,1992.51,STK_004,1.17,MM_Balance,M_004072
2021-06-12T15:28:00,USR_004,USR_003,8204.80,STK_002,3.20,MM_Balance,M_004074
2021-06-12T15:48:00,USR_003,USR_004,476.86,STK_005,4.22,MM_Balance,M_004077
2021-06-13T15:18:00,USR_004,USR_003,485.90,STK_005,4.30,MM_Balance,M_004081
2021-06-13T15:18:00,USR_004,USR_003,123996.30,STK_003,69.70,MM_Balance,M_004083
2021-06-13T15:18:00,USR_004,USR_003,1820.74,STK_004,1.18,MM_Balance,M_004084
2021-06-13T15:25:00,USR_004,USR_003,4578.84,STK_002,3.22,MM_Balance,M_004082
2021-06-13T15:26:00,USR_003,USR_004,1451.40,STK_004,1.18,MM_Balance,M_004080
2021-06-13T15:32:00,USR_003,USR_004,3715.88,STK_002,3.22,MM_Balance,M_004078
2021-06-13T15:38:00,USR_003,USR_004,184217.10,STK_003,69.70,MM_Balance,M_004079
2021-06-13T15:50:00,USR_003,USR_004,485.90,STK_005,4.30,MM_Balance,M_004085
2021-06-14T10:03:25,USR_004,USR_006,293.00,STK_004,1.00,Normal,M_004086
2021-06-14T12:30:09,USR_009,USR_003,88.20,STK_005,4.41,Normal,M_004087
2021-06-14T15:00:00,USR_004,USR_003,78999.68,STK_003,72.08,MM_Balance,M_004093
2021-06-14T15:15:00,USR_004,USR_003,488.16,STK_005,4.32,MM_Balance,M_004091
2021-06-14T15:22:00,USR_003,USR_004,2708.91,STK_004,1.27,MM_Balance,M_004090
2021-06-14T15:23:00,USR_004,USR_003,8417.08,STK_002,3.22,MM_Balance,M_004092
2021-06-14T15:24:00,USR_003,USR_004,574.56,STK_005,4.32,MM_Balance,M_004095
2021-06-14T15:38:00,USR_003,USR_004,7299.74,STK_002,3.22,MM_Balance,M_004088
2021-06-14T15:43:00,USR_004,USR_003,1389.38,STK_004,1.27,MM_Balance,M_004094
2021-06-14T15:53:00,USR_003,USR_004,110714.88,STK_003,72.08,MM_Balance,M_004089
2021-06-15T12:10:40,USR_007,USR_003,15411.24,STK_003,65.86,Normal,M_004096
2021-06-15T15:14:00,USR_003,USR_004,1426.10,STK_004,1.30,MM_Balance,M_004099
2021-06-15T15:18:00,USR_004,USR_003,581.21,STK_005,4.37,MM_Balance,M_004100
2021-06-15T15:21:00,USR_004,USR_003,3070.60,STK_004,1.30,MM_Balance,M_004103
2021-06-15T15:23:00,USR_003,USR_004,129093.75,STK_003,68.85,MM_Balance,M_004098
2021-06-15T15:30:00,USR_004,USR_003,124274.25,STK_003,68.85,MM_Balance,M_004102
2021-06-15T15:38:00,USR_004,USR_003,4048.11,STK_002,3.19,MM_Balance,M_004101
2021-06-15T15:48:00,USR_003,USR_004,7311.48,STK_002,3.19,MM_Balance,M_004097
2021-06-15T15:57:00,USR_003,USR_004,581.21,STK_005,4.37,MM_Balance,M_004104
2021-06-16T15:15:00,USR_003,USR_004,5322.43,STK_002,3.17,MM_Balance,M_004105
2021-06-16T15:27:00,USR_003,USR_004,569.24,STK_005,4.28,MM_Balance,M_004112
2021-06-16T15:31:00,USR_004,USR_003,569.24,STK_005,4.28,MM_Balance,M_004108
2021-06-16T15:34:00,USR_004,USR_003,5138.57,STK_002,3.17,MM_Balance,M_004109
2021-06-16T15:38:00,USR_004,USR_003,2272.98,STK_004,1.29,MM_Balance,M_004111
2021-06-16T15:40:00,USR_003,USR_004,198965.36,STK_003,68.42,MM_Balance,M_004106
2021-06-16T15:50:00,USR_003,USR_004,2451.00,STK_004,1.29,MM_Balance,M_004107
2021-06-16T15:50:00,USR_004,USR_003,164344.84,STK_003,68.42,MM_Balance,M_004110
2021-06-17T10:48:11,USR_006,USR_004,1709887.98,STK_001,13052.58,Normal,M_004114
2021-06-17T13:05:23,USR_005,USR_003,48.51,STK_005,4.41,Normal,M_004113
2021-06-17T15:10:00,USR_004,USR_003,1640388.55,STK_001,12522.05,MM_Balance,M_004115
2021-06-17T15:17:00,USR_003,USR_004,8104.34,STK_002,3.14,MM_Balance,M_004116
2021-06-17T15:20:00,USR_004,USR_003,577.22,STK_005,4.34,MM_Balance,M_004119
2021-06-17T15:20:00,USR_003,USR_004,624.96,STK_005,4.34,MM_Balance,M_004124
2021-06-17T15:22:00,USR_003,USR_004,148088.24,STK_003,65.41,MM_Balance,M_004117
2021-06-17T15:25:00,USR_004,USR_003,1605.31,STK_004,1.33,MM_Balance,M_004123
2021-06-17T15:37:00,USR_003,USR_004,1640388.55,STK_001,12522.05,MM_Balance,M_004120
2021-06-17T15:43:00,USR_003,USR_004,3269.14,STK_004,1.33,MM_Balance,M_004118
2021-06-17T15:43:00,USR_004,USR_003,4232.72,STK_002,3.14,MM_Balance,M_004121
2021-06-17T15:45:00,USR_004,USR_003,84117.26,STK_003,65.41,MM_Balance,M_004122
2021-06-18T15:12:00,USR_004,USR_003,1935.15,STK_004,1.33,MM_Balance,M_004133
2021-06-18T15:13:00,USR_003,USR_004,635.04,STK_005,4.41,MM_Balance,M_004134
2021-06-18T15:16:00,USR_004,USR_003,635.04,STK_005,4.41,MM_Balance,M_004129
2021-06-18T15:21:00,USR_004,USR_003,3461.50,STK_002,3.22,MM_Balance,M_004131
2021-06-18T15:22:00,USR_003,USR_004,83629.04,STK_003,67.28,MM_Balance,M_004127
2021-06-18T15:32:00,USR_004,USR_003,134560.00,STK_003,67.28,MM_Balance,M_004132
2021-06-18T15:51:00,USR_003,USR_004,3242.54,STK_004,1.33,MM_Balance,M_004128
2021-06-18T15:53:00,USR_003,USR_004,3957.38,STK_002,3.22,MM_Balance,M_004126
2021-06-18T15:55:00,USR_004,USR_003,1611559.38,STK_001,12301.98,MM_Balance,M_004125
2021-06-18T15:57:00,USR_003,USR_004,1611559.38,STK_001,12301.98,MM_Balance,M_004130
2021-06-19T10:04:11,USR_004,USR_008,463.84,STK_005,4.46,Normal,M_004139
2021-06-19T15:10:00,USR_004,USR_003,3842.52,STK_004,1.32,MM_Balance,M_004148
2021-06-19T15:18:00,USR_004,USR_003,179.60,STK_005,4.49,MM_Balance,M_004144
2021-06-19T15:20:00,USR_004,USR_003,1579245.61,STK_001,12055.31,MM_Balance,M_004140
2021-06-19T15:24:00,USR_003,USR_004,1579245.61,STK_001,12055.31,MM_Balance,M_004145
2021-06-19T15:27:00,USR_003,USR_004,2282.28,STK_004,1.32,MM_Balance,M_004143
2021-06-19T15:32:00,USR_003,USR_004,81363.87,STK_003,67.41,MM_Balance,M_004142
2021-06-19T15:47:00,USR_004,USR_003,3772.80,STK_002,3.20,MM_Balance,M_004146
2021-06-19T15:47:00,USR_004,USR_003,128483.46,STK_003,67.41,MM_Balance,M_004147
2021-06-19T15:51:00,USR_003,USR_004,6361.60,STK_002,3.20,MM_Balance,M_004141
2021-06-19T15:59:00,USR_003,USR_004,179.60,STK_005,4.49,MM_Balance,M_004149
2021-06-20T12:07:00,USR_004,USR_008,1593029.43,STK_001,12160.53,Normal,M_004156
2021-06-20T15:23:00,USR_003,USR_004,2850.90,STK_004,1.30,MM_Balance,M_004159
2021-06-20T15:32:00,USR_003,USR_004,7897.05,STK_002,3.15,MM_Balance,M_004157
2021-06-20T15:33:00,USR_004,USR_003,169633.92,STK_003,66.68,MM_Balance,M_004162
2021-06-20T15:33:00,USR_004,USR_003,3816.80,STK_004,1.30,MM_Balance,M_004163
2021-06-20T15:35:00,USR_004,USR_003,182.00,STK_005,4.55,MM_Balance,M_004160
2021-06-20T15:37:00,USR_003,USR_004,182.00,STK_005,4.55,MM_Balance,M_004164
2021-06-20T15:40:00,USR_004,USR_003,5266.80,STK_002,3.15,MM_Balance,M_004161
2021-06-20T15:48:00,USR_003,USR_004,151230.24,STK_003,66.68,MM_Balance,M_004158
2021-06-21T15:05:00,USR_003,USR_004,181.20,STK_005,4.53,MM_Balance,M_004172
2021-06-21T15:13:00,USR_004,USR_003,8008.14,STK_002,3.22,MM_Balance,M_004169
2021-06-21T15:17:00,USR_003,USR_004,173716.46,STK_003,66.38,MM_Balance,M_004166
2021-06-21T15:21:00,USR_003,USR_004,9321.90,STK_002,3.22,MM_Balance,M_004165
2021-06-21T15:25:00,USR_004,USR_003,181.20,STK_005,4.53,MM_Balance,M_004168
2021-06-21T15:27:00,USR_004,USR_003,3149.60,STK_004,1.24,MM_Balance,M_004171
2021-06-21T15:31:00,USR_003,USR_004,2320.04,STK_004,1.24,MM_Balance,M_004167
2021-06-21T15:33:00,USR_004,USR_003,94857.02,STK_003,66.38,MM_Balance,M_004170
2021-06-22T09:36:29,USR_009,USR_003,12529.92,STK_003,60.24,Normal,M_004174
2021-06-22T12:54:04,USR_004,USR_007,309.00,STK_004,1.00,Normal,M_004173
2021-06-22T15:03:00,USR_003,USR_004,182.80,STK_005,4.57,MM_Balance,M_004182
2021-06-22T15:07:00,USR_004,USR_003,108267.95,STK_003,63.13,MM_Balance,M_004180
2021-06-22T15:08:00,USR_004,USR_003,5163.93,STK_002,3.17,MM_Balance,M_004179
2021-06-22T15:15:00,USR_004,USR_003,182.80,STK_005,4.57,MM_Balance,M_004178
2021-06-22T15:27:00,USR_004,USR_003,3349.35,STK_004,1.35,MM_Balance,M_004181
2021-06-22T15:36:00,USR_003,USR_004,78849.37,STK_003,63.13,MM_Balance,M_004176
2021-06-22T15:37:00,USR_003,USR_004,3526.20,STK_004,1.35,MM_Balance,M_004177
2021-06-22T15:47:00,USR_003,USR_004,3296.80,STK_002,3.17,MM_Balance,M_004175
2021-06-23T11:22:49,USR_004,USR_006,118.00,STK_002,1.00,Normal,M_004183
2021-06-23T15:13:00,USR_003,USR_004,3750.03,STK_002,3.23,MM_Balance,M_004184
2021-06-23T15:15:00,USR_003,USR_004,2898.42,STK_004,1.34,MM_Balance,M_004186
2021-06-23T15:15:00,USR_004,USR_003,184.40,STK_005,4.61,MM_Balance,M_004187
2021-06-23T15:21:00,USR_004,USR_003,7374.09,STK_002,3.23,MM_Balance,M_004188
2021-06-23T15:23:00,USR_004,USR_003,1587.90,STK_004,1.34,MM_Balance,M_004190
2021-06-23T15:42:00,USR_003,USR_004,184.40,STK_005,4.61,MM_Balance,M_004191
2021-06-23T15:46:00,USR_003,USR_004,129934.80,STK_003,63.60,MM_Balance,M_004185
2021-06-23T15:55:00,USR_004,USR_003,190609.20,STK_003,63.60,MM_Balance,M_004189
2021-06-24T09:32:33,USR_004,USR_009,342.00,STK_002,1.00,Normal,M_004193
2021-06-24T09:53:15,USR_004,USR_005,136.00,STK_004,1.00,Normal,M_004192
2021-06-24T15:02:00,USR_004,USR_003,187.60,STK_005,4.69,MM_Balance,M_004197
2021-06-24T15:04:00,USR_003,USR_004,2089.25,STK_004,1.37,MM_Balance,M_004196
2021-06-24T15:11:00,USR_003,USR_004,5533.80,STK_002,3.45,MM_Balance,M_004194
2021-06-24T15:20:00,USR_004,USR_003,10222.35,STK_002,3.45,MM_Balance,M_004198
2021-06-24T15:23:00,USR_003,USR_004,187.60,STK_005,4.69,MM_Balance,M_004201
2021-06-24T15:34:00,USR_004,USR_003,106862.70,STK_003,63.42,MM_Balance,M_004199
2021-06-24T15:51:00,USR_003,USR_004,112443.66,STK_003,63.42,MM_Balance,M_004195
2021-06-24T15:53:00,USR_004,USR_003,2518.06,STK_004,1.37,MM_Balance,M_004200
2021-06-25T15:11:00,USR_004,USR_003,187.60,STK_005,4.69,MM_Balance,M_004205
2021-06-25T15:17:00,USR_004,USR_003,159462.04,STK_003,62.12,MM_Balance,M_004207
2021-06-25T15:22:00,USR_004,USR_003,3512.10,STK_004,1.38,MM_Balance,M_004208
2021-06-25T15:26:00,USR_003,USR_004,7448.76,STK_002,3.42,MM_Balance,M_004202
2021-06-25T15:31:00,USR_003,USR_004,115294.72,STK_003,62.12,MM_Balance,M_004203
2021-06-25T15:39:00,USR_004,USR_003,9993.24,STK_002,3.42,MM_Balance,M_004206
2021-06-25T15:44:00,USR_003,USR_004,2114.16,STK_004,1.38,MM_Balance,M_004204
2021-06-25T15:45:00,USR_003,USR_004,187.60,STK_005,4.69,MM_Balance,M_004209
2021-06-26T11:57:59,USR_005,USR_003,76.80,STK_004,1.20,Normal,M_004210
2021-06-26T14:15:28,USR_003,USR_008,17384.64,STK_003,55.72,Normal,M_004211
2021-06-26T15:00:00,USR_003,USR_004,2668.80,STK_004,1.39,MM_Balance,M_004214
2021-06-26T15:01:00,USR_003,USR_004,182.40,STK_005,4.56,MM_Balance,M_004219
2021-06-26T15:14:00,USR_003,USR_004,8721.51,STK_002,3.49,MM_Balance,M_004212
2021-06-26T15:14:00,USR_004,USR_003,182.40,STK_005,4.56,MM_Balance,M_004215
2021-06-26T15:18:00,USR_003,USR_004,119057.64,STK_003,65.13,MM_Balance,M_004213
2021-06-26T15:22:00,USR_004,USR_003,190765.77,STK_003,65.13,MM_Balance,M_004217
2021-06-26T15:52:00,USR_004,USR_003,2848.11,STK_004,1.39,MM_Balance,M_004218
2021-06-26T15:58:00,USR_004,USR_003,7939.75,STK_002,3.49,MM_Balance,M_004216
2021-06-27T10:48:53,USR_008,USR_004,60.00,STK_004,1.00,Normal,M_004226
2021-06-27T14:00:11,USR_003,USR_007,1134.60,STK_003,56.73,Normal,M_004225
2021-06-27T15:00:00,USR_003,USR_004,175.60,STK_005,4.39,MM_Balance,M_004233
2021-06-27T15:09:00,USR_004,USR_003,3647.36,STK_004,1.39,MM_Balance,M_004232
2021-06-27T15:11:00,USR_004,USR_003,175.60,STK_005,4.39,MM_Balance,M_004230
2021-06-27T15:37:00,USR_003,USR_004,3752.35,STK_002,3.55,MM_Balance,M_004227
2021-06-27T15:47:00,USR_003,USR_004,82741.89,STK_003,63.21,MM_Balance,M_004228
2021-06-27T15:53:00,USR_004,USR_003,7153.25,STK_002,3.55,MM_Balance,M_004231
2021-06-27T15:55:00,USR_003,USR_004,2116.97,STK_004,1.39,MM_Balance,M_004229
2021-06-28T10:52:42,USR_004,USR_007,344.00,STK_004,1.00,Normal,M_004235
2021-06-28T12:58:20,USR_004,USR_009,17744.40,STK_003,63.60,Normal,M_004234
2021-06-28T13:16:09,USR_010,USR_003,13150.20,STK_003,62.62,Normal,M_004236
2021-06-28T14:48:36,USR_006,USR_003,13078.68,STK_003,59.72,Normal,M_004237
2021-06-28T15:03:00,USR_003,USR_004,66874.83,STK_003,63.03,MM_Balance,M_004239
2021-06-28T15:12:00,USR_004,USR_003,1703.52,STK_004,1.44,MM_Balance,M_004243
2021-06-28T15:15:00,USR_003,USR_004,2898.72,STK_004,1.44,MM_Balance,M_004240
2021-06-28T15:28:00,USR_003,USR_004,172.80,STK_005,4.32,MM_Balance,M_004244
2021-06-28T15:30:00,USR_003,USR_004,6910.08,STK_002,3.54,MM_Balance,M_004238
2021-06-28T15:39:00,USR_004,USR_003,5104.68,STK_002,3.54,MM_Balance,M_004242
2021-06-28T15:51:00,USR_004,USR_003,172.80,STK_005,4.32,MM_Balance,M_004241
2021-06-29T10:41:57,USR_003,USR_006,564.16,STK_002,3.44,Normal,M_004252
2021-06-29T11:27:14,USR_003,USR_008,102.09,STK_004,1.23,Normal,M_004253
2021-06-29T13:38:22,USR_003,USR_010,821.52,STK_002,3.26,Normal,M_004251
2021-06-29T15:06:00,USR_004,USR_003,2419.62,STK_004,1.47,MM_Balance,M_004260
2021-06-29T15:08:00,USR_003,USR_004,172.40,STK_005,4.31,MM_Balance,M_004261
2021-06-29T15:11:00,USR_004,USR_003,172.40,STK_005,4.31,MM_Balance,M_004257
2021-06-29T15:17:00,USR_003,USR_004,8512.72,STK_002,3.88,MM_Balance,M_004254
2021-06-29T15:41:00,USR_004,USR_003,115884.47,STK_003,62.27,MM_Balance,M_004259
2021-06-29T15:43:00,USR_004,USR_003,5532.88,STK_002,3.88,MM_Balance,M_004258
2021-06-29T15:52:00,USR_003,USR_004,156858.13,STK_003,62.27,MM_Balance,M_004255
2021-06-29T15:53:00,USR_003,USR_004,3870.51,STK_004,1.47,MM_Balance,M_004256
2021-06-30T14:23:17,USR_010,USR_003,771.58,STK_005,4.46,Normal,M_004262
2021-06-30T15:03:00,USR_004,USR_003,111106.56,STK_003,62.56,MM_Balance,M_004268
2021-06-30T15:13:00,USR_004,USR_003,4985.64,STK_002,3.96,MM_Balance,M_004267
2021-06-30T15:29:00,USR_003,USR_004,907.38,STK_005,4.26,MM_Balance,M_004270
2021-06-30T15:30:00,USR_004,USR_003,170.40,STK_005,4.26,MM_Balance,M_004266
2021-06-30T15:33:00,USR_004,USR_003,2995.52,STK_004,1.48,MM_Balance,M_004269
2021-06-30T15:38:00,USR_003,USR_004,3700.00,STK_004,1.48,MM_Balance,M_004265
2021-06-30T15:44:00,USR_003,USR_004,159590.56,STK_003,62.56,MM_Balance,M_004264
2021-06-30T15:56:00,USR_003,USR_004,8339.76,STK_002,3.96,MM_Balance,M_004263
2021-07-01T11:12:23,USR_004,USR_010,726.60,STK_005,4.20,Normal,M_004279
2021-07-01T11:18:50,USR_006,USR_003,543616.75,STK_001,12642.25,Normal,M_004280
2021-07-01T12:00:00.050000,USR_004,USR_003,171.20,STK_005,4.28,Wash_Trade,M_004290
2021-07-01T12:00:00.100000,USR_003,USR_004,171.20,STK_005,4.28,Wash_Trade,M_004291
2021-07-01T12:00:00.150000,USR_004,USR_003,171.20,STK_005,4.28,Wash_Trade,M_004292
2021-07-01T12:00:00.200000,USR_003,USR_004,171.20,STK_005,4.28,Wash_Trade,M_004293
2021-07-01T12:00:00.250000,USR_004,USR_003,171.20,STK_005,4.28,Wash_Trade,M_004294
2021-07-01T12:00:00.300000,USR_003,USR_004,171.20,STK_005,4.28,Wash_Trade,M_004295
2021-07-01T12:00:00.350000,USR_004,USR_003,171.20,STK_005,4.28,Wash_Trade,M_004296
2021-07-01T12:00:00.400000,USR_003,USR_004,171.20,STK_005,4.28,Wash_Trade,M_004297
2021-07-01T12:00:00.450000,USR_004,USR_003,171.20,STK_005,4.28,Wash_Trade,M_004298
2021-07-01T12:00:00.500000,USR_003,USR_004,171.20,STK_005,4.28,Wash_Trade,M_004299
2021-07-01T12:00:00.550000,USR_004,USR_003,171.20,STK_005,4.28,Wash_Trade,M_004300
2021-07-01T12:00:00.600000,USR_003,USR_004,171.20,STK_005,4.28,Wash_Trade,M_004301
2021-07-01T12:00:00.650000,USR_004,USR_003,171.20,STK_005,4.28,Wash_Trade,M_004302
2021-07-01T12:00:00.700000,USR_003,USR_004,171.20,STK_005,4.28,Wash_Trade,M_004303
2021-07-01T12:00:00.750000,USR_004,USR_003,171.20,STK_005,4.28,Wash_Trade,M_004304
2021-07-01T12:00:00.800000,USR_003,USR_004,171.20,STK_005,4.28,Wash_Trade,M_004305
2021-07-01T12:00:00.850000,USR_004,USR_003,171.20,STK_005,4.28,Wash_Trade,M_004306
2021-07-01T12:00:00.900000,USR_003,USR_004,171.20,STK_005,4.28,Wash_Trade,M_004307
2021-07-01T12:00:00.950000,USR_004,USR_003,171.20,STK_005,4.28,Wash_Trade,M_004308
2021-07-01T12:00:01,USR_003,USR_004,171.20,STK_005,4.28,Wash_Trade,M_004309
2021-07-01T15:00:00,USR_003,USR_004,10735.38,STK_002,3.87,MM_Balance,M_004281
2021-07-01T15:00:00,USR_003,USR_004,171.20,STK_005,4.28,MM_Balance,M_004289
2021-07-01T15:03:00,USR_004,USR_003,171.20,STK_005,4.28,MM_Balance,M_004284
2021-07-01T15:13:00,USR_003,USR_004,4310.46,STK_004,1.54,MM_Balance,M_004283
2021-07-01T15:15:00,USR_004,USR_003,2969.12,STK_004,1.54,MM_Balance,M_004288
2021-07-01T15:21:00,USR_003,USR_004,179082.24,STK_003,62.88,MM_Balance,M_004282
2021-07-01T15:35:00,USR_003,USR_004,529958.66,STK_001,12324.62,MM_Balance,M_004285
2021-07-01T15:45:00,USR_004,USR_003,158646.24,STK_003,62.88,MM_Balance,M_004287
2021-07-01T15:50:00,USR_004,USR_003,5839.83,STK_002,3.87,MM_Balance,M_004286
2021-07-02T14:47:50,USR_003,USR_008,320.76,STK_004,1.32,Normal,M_004310
2021-07-02T15:02:00,USR_004,USR_003,169.20,STK_005,4.23,MM_Balance,M_004315
2021-07-02T15:07:00,USR_004,USR_003,116475.74,STK_003,61.66,MM_Balance,M_004318
2021-07-02T15:14:00,USR_004,USR_003,9267.86,STK_002,3.86,MM_Balance,M_004317
2021-07-02T15:16:00,USR_003,USR_004,3212.46,STK_004,1.62,MM_Balance,M_004314
2021-07-02T15:28:00,USR_003,USR_004,169.20,STK_005,4.23,MM_Balance,M_004320
2021-07-02T15:34:00,USR_003,USR_004,6230.04,STK_002,3.86,MM_Balance,M_004312
2021-07-02T15:50:00,USR_004,USR_003,530936.91,STK_001,12347.37,MM_Balance,M_004311
2021-07-02T15:53:00,USR_004,USR_003,4017.60,STK_004,1.62,MM_Balance,M_004319
2021-07-02T15:54:00,USR_003,USR_004,180663.80,STK_003,61.66,MM_Balance,M_004313
2021-07-02T15:58:00,USR_003,USR_004,530936.91,STK_001,12347.37,MM_Balance,M_004316
2021-07-03T12:01:40,USR_001,USR_003,591518.73,STK_003,57.39,Normal,M_004321
2021-07-03T15:03:00,USR_003,USR_004,540451.09,STK_001,12568.63,MM_Balance,M_004327
2021-07-03T15:08:00,USR_004,USR_003,2659.00,STK_003,1.00,MM_Balance,M_004329
2021-07-03T15:08:00,USR_003,USR_004,172.00,STK_005,4.30,MM_Balance,M_004331
2021-07-03T15:09:00,USR_004,USR_003,172.00,STK_005,4.30,MM_Balance,M_004326
2021-07-03T15:20:00,USR_004,USR_003,540451.09,STK_001,12568.63,MM_Balance,M_004322
2021-07-03T15:25:00,USR_003,USR_004,4482.54,STK_004,1.62,MM_Balance,M_004325
2021-07-03T15:32:00,USR_004,USR_003,3904.20,STK_004,1.62,MM_Balance,M_004330
2021-07-03T15:36:00,USR_003,USR_004,11493.44,STK_002,3.92,MM_Balance,M_004323
2021-07-03T15:37:00,USR_003,USR_004,1580.00,STK_003,1.00,MM_Balance,M_004324
2021-07-03T15:56:00,USR_004,USR_003,6060.32,STK_002,3.92,MM_Balance,M_004328
2021-07-04T12:45:47,USR_004,USR_010,79.00,STK_003,1.00,Normal,M_004332
2021-07-04T15:11:00,USR_004,USR_003,9144.00,STK_002,4.00,MM_Balance,M_004339
2021-07-04T15:18:00,USR_004,USR_003,538039.22,STK_001,12512.54,MM_Balance,M_004333
2021-07-04T15:26:00,USR_003,USR_004,538039.22,STK_001,12512.54,MM_Balance,M_004338
2021-07-04T15:35:00,USR_003,USR_004,2631.60,STK_003,1.02,MM_Balance,M_004335
2021-07-04T15:35:00,USR_004,USR_003,168.80,STK_005,4.22,MM_Balance,M_004337
2021-07-04T15:36:00,USR_004,USR_003,1742.16,STK_003,1.02,MM_Balance,M_004340
2021-07-04T15:39:00,USR_003,USR_004,5304.00,STK_002,4.00,MM_Balance,M_004334
2021-07-04T15:42:00,USR_004,USR_003,2586.81,STK_004,1.63,MM_Balance,M_004341
2021-07-04T15:44:00,USR_003,USR_004,3470.27,STK_004,1.63,MM_Balance,M_004336
2021-07-04T15:56:00,USR_003,USR_004,168.80,STK_005,4.22,MM_Balance,M_004342
2021-07-05T09:36:17,USR_004,USR_006,538782.69,STK_001,12529.83,Normal,M_004347
2021-07-05T13:23:19,USR_003,USR_010,275.25,STK_002,3.67,Normal,M_004346
2021-07-05T15:02:00,USR_003,USR_004,9964.85,STK_002,4.01,MM_Balance,M_004348
2021-07-05T15:11:00,USR_003,USR_004,2341.00,STK_003,1.00,MM_Balance,M_004349
2021-07-05T15:15:00,USR_004,USR_003,1681.00,STK_003,1.00,MM_Balance,M_004353
2021-07-05T15:26:00,USR_003,USR_004,3192.00,STK_004,1.68,MM_Balance,M_004350
2021-07-05T15:31:00,USR_004,USR_003,2938.32,STK_004,1.68,MM_Balance,M_004354
2021-07-05T15:39:00,USR_004,USR_003,4888.19,STK_002,4.01,MM_Balance,M_004352
2021-07-05T15:40:00,USR_004,USR_003,172.00,STK_005,4.30,MM_Balance,M_004351
2021-07-05T15:46:00,USR_003,USR_004,172.00,STK_005,4.30,MM_Balance,M_004355
2021-07-06T13:31:21,USR_005,USR_004,49.00,STK_002,1.00,Normal,M_004361
2021-07-06T15:00:00,USR_004,USR_003,6838.20,STK_002,3.93,MM_Balance,M_004366
2021-07-06T15:10:00,USR_004,USR_003,171.20,STK_005,4.28,MM_Balance,M_004365
2021-07-06T15:29:00,USR_003,USR_004,3366.99,STK_004,1.71,MM_Balance,M_004364
2021-07-06T15:32:00,USR_004,USR_003,4533.21,STK_004,1.71,MM_Balance,M_004368
2021-07-06T15:36:00,USR_003,USR_004,171.20,STK_005,4.28,MM_Balance,M_004369
2021-07-06T15:39:00,USR_003,USR_004,2618.00,STK_003,1.00,MM_Balance,M_004363
2021-07-06T15:54:00,USR_003,USR_004,8036.85,STK_002,3.93,MM_Balance,M_004362
2021-07-06T15:59:00,USR_004,USR_003,1845.00,STK_003,1.00,MM_Balance,M_004367
2021-07-07T12:00:57,USR_005,USR_003,18.00,STK_003,1.00,Normal,M_004375
2021-07-07T12:44:34,USR_004,USR_010,319.00,STK_004,1.00,Normal,M_004374
2021-07-07T15:01:00,USR_004,USR_003,3883.15,STK_004,1.85,MM_Balance,M_004382
2021-07-07T15:16:00,USR_003,USR_004,168.80,STK_005,4.22,MM_Balance,M_004383
2021-07-07T15:19:00,USR_003,USR_004,1507.56,STK_003,1.02,MM_Balance,M_004377
2021-07-07T15:33:00,USR_004,USR_003,7991.04,STK_002,3.84,MM_Balance,M_004380
2021-07-07T15:42:00,USR_003,USR_004,10579.20,STK_002,3.84,MM_Balance,M_004376
2021-07-07T15:43:00,USR_003,USR_004,3126.50,STK_004,1.85,MM_Balance,M_004378
2021-07-07T15:51:00,USR_004,USR_003,2245.02,STK_003,1.02,MM_Balance,M_004381
2021-07-07T15:55:00,USR_004,USR_003,168.80,STK_005,4.22,MM_Balance,M_004379
2021-07-08T11:20:39,USR_010,USR_004,160.95,STK_005,4.35,Normal,M_004386
2021-07-08T11:40:55,USR_004,USR_008,51.84,STK_005,4.32,Normal,M_004385
2021-07-08T13:09:14,USR_003,USR_006,88.75,STK_002,3.55,Normal,M_004384
2021-07-08T15:00:00,USR_003,USR_004,1972.10,STK_004,1.85,MM_Balance,M_004389
2021-07-08T15:05:00,USR_003,USR_004,1222.20,STK_003,1.05,MM_Balance,M_004388
2021-07-08T15:06:00,USR_004,USR_003,5699.44,STK_002,3.82,MM_Balance,M_004391
2021-07-08T15:06:00,USR_004,USR_003,2656.50,STK_003,1.05,MM_Balance,M_004392
2021-07-08T15:41:00,USR_004,USR_003,4736.00,STK_004,1.85,MM_Balance,M_004393
2021-07-08T15:49:00,USR_003,USR_004,275.60,STK_005,4.24,MM_Balance,M_004394
2021-07-08T15:52:00,USR_003,USR_004,8125.14,STK_002,3.82,MM_Balance,M_004387
2021-07-08T15:58:00,USR_004,USR_003,275.60,STK_005,4.24,MM_Balance,M_004390
2021-07-09T12:49:09,USR_004,USR_006,278.00,STK_003,1.00,Normal,M_004395
2021-07-09T14:34:48,USR_005,USR_003,3132487.53,STK_001,12480.03,Normal,M_004396
2021-07-09T15:01:00,USR_003,USR_004,2925186.63,STK_001,11654.13,MM_Balance,M_004401
2021-07-09T15:08:00,USR_003,USR_004,7447.35,STK_002,3.79,MM_Balance,M_004397
2021-07-09T15:14:00,USR_003,USR_004,4558.40,STK_004,1.85,MM_Balance,M_004399
2021-07-09T15:26:00,USR_004,USR_003,274.95,STK_005,4.23,MM_Balance,M_004400
2021-07-09T15:38:00,USR_003,USR_004,274.95,STK_005,4.23,MM_Balance,M_004405
2021-07-09T15:39:00,USR_004,USR_003,9835.05,STK_002,3.79,MM_Balance,M_004402
2021-07-09T15:48:00,USR_003,USR_004,2470.86,STK_003,1.11,MM_Balance,M_004398
2021-07-09T15:53:00,USR_004,USR_003,3327.78,STK_003,1.11,MM_Balance,M_004403
2021-07-09T15:57:00,USR_004,USR_003,2340.25,STK_004,1.85,MM_Balance,M_004404
2021-07-10T12:06:37,USR_003,USR_005,20.93,STK_004,1.61,Normal,M_004406
2021-07-10T15:10:00,USR_004,USR_003,2957420.05,STK_001,11782.55,MM_Balance,M_004407
2021-07-10T15:11:00,USR_004,USR_003,278.85,STK_005,4.29,MM_Balance,M_004411
2021-07-10T15:22:00,USR_004,USR_003,4023.81,STK_004,1.89,MM_Balance,M_004415
2021-07-10T15:24:00,USR_004,USR_003,2877.60,STK_003,1.10,MM_Balance,M_004414
2021-07-10T15:25:00,USR_003,USR_004,278.85,STK_005,4.29,MM_Balance,M_004416
2021-07-10T15:37:00,USR_004,USR_003,6732.00,STK_002,3.74,MM_Balance,M_004413
2021-07-10T15:51:00,USR_003,USR_004,1536.70,STK_003,1.10,MM_Balance,M_004409
2021-07-10T15:52:00,USR_003,USR_004,2957420.05,STK_001,11782.55,MM_Balance,M_004412
2021-07-10T15:55:00,USR_003,USR_004,8863.80,STK_002,3.74,MM_Balance,M_004408
2021-07-10T15:56:00,USR_003,USR_004,2714.04,STK_004,1.89,MM_Balance,M_004410
2021-07-11T10:49:17,USR_009,USR_003,2614310.50,STK_001,11992.25,Normal,M_004417
2021-07-11T14:15:27,USR_003,USR_006,1277848.65,STK_001,11512.15,Normal,M_004418
2021-07-11T15:00:00,USR_004,USR_003,3804.24,STK_002,3.63,MM_Balance,M_004425
2021-07-11T15:00:00,USR_003,USR_004,274.95,STK_005,4.23,MM_Balance,M_004428
2021-07-11T15:04:00,USR_003,USR_004,4145543.34,STK_001,11579.73,MM_Balance,M_004424
2021-07-11T15:06:00,USR_004,USR_003,3155.90,STK_003,1.10,MM_Balance,M_004426
2021-07-11T15:08:00,USR_003,USR_004,4235.02,STK_004,1.94,MM_Balance,M_004422
2021-07-11T15:34:00,USR_003,USR_004,2495.90,STK_003,1.10,MM_Balance,M_004421
2021-07-11T15:47:00,USR_003,USR_004,8853.57,STK_002,3.63,MM_Balance,M_004420
2021-07-11T15:51:00,USR_004,USR_003,4326.20,STK_004,1.94,MM_Balance,M_004427
2021-07-11T15:54:00,USR_004,USR_003,2906512.23,STK_001,11579.73,MM_Balance,M_004419
2021-07-11T15:54:00,USR_004,USR_003,274.95,STK_005,4.23,MM_Balance,M_004423
2021-07-12T11:44:46,USR_004,USR_008,282.10,STK_005,4.34,Normal,M_004435
2021-07-12T12:00:48,USR_009,USR_003,70.00,STK_003,1.00,Normal,M_004434
2021-07-12T15:06:00,USR_003,USR_004,4106199.14,STK_001,11469.83,MM_Balance,M_004440
2021-07-12T15:14:00,USR_003,USR_004,2471.56,STK_004,1.94,MM_Balance,M_004439
2021-07-12T15:16:00,USR_004,USR_003,6372.06,STK_002,3.66,MM_Balance,M_004441
2021-07-12T15:28:00,USR_003,USR_004,10449.30,STK_002,3.66,MM_Balance,M_004437
2021-07-12T15:34:00,USR_004,USR_003,4106199.14,STK_001,11469.83,MM_Balance,M_004436
2021-07-12T15:42:00,USR_004,USR_003,4968.34,STK_004,1.94,MM_Balance,M_004443
2021-07-12T15:51:00,USR_003,USR_004,1807.92,STK_003,1.08,MM_Balance,M_004438
2021-07-12T15:54:00,USR_004,USR_003,1911.60,STK_003,1.08,MM_Balance,M_004442
2021-07-13T15:01:00,USR_003,USR_004,4003.20,STK_004,1.92,MM_Balance,M_004452
2021-07-13T15:03:00,USR_004,USR_003,3427.20,STK_004,1.92,MM_Balance,M_004456
2021-07-13T15:06:00,USR_003,USR_004,5266.95,STK_002,3.65,MM_Balance,M_004450
2021-07-13T15:19:00,USR_003,USR_004,1783.08,STK_003,1.08,MM_Balance,M_004451
2021-07-13T15:19:00,USR_004,USR_003,9931.65,STK_002,3.65,MM_Balance,M_004454
2021-07-13T15:29:00,USR_004,USR_003,2640.60,STK_003,1.08,MM_Balance,M_004455
2021-07-13T15:42:00,USR_004,USR_003,4128989.42,STK_001,11533.49,MM_Balance,M_004449
2021-07-13T15:52:00,USR_003,USR_004,4128989.42,STK_001,11533.49,MM_Balance,M_004453
2021-07-14T10:06:55,USR_003,USR_001,11843.16,STK_004,1.61,Normal,M_004457
2021-07-14T15:16:00,USR_004,USR_003,9606.80,STK_002,3.65,MM_Balance,M_004463
2021-07-14T15:26:00,USR_004,USR_003,4067678.34,STK_001,11362.23,MM_Balance,M_004458
2021-07-14T15:32:00,USR_003,USR_004,11572.26,STK_004,4.67,MM_Balance,M_004461
2021-07-14T15:38:00,USR_003,USR_004,6325.45,STK_002,3.65,MM_Balance,M_004459
2021-07-14T15:43:00,USR_004,USR_003,10325.37,STK_004,4.67,MM_Balance,M_004464
2021-07-14T15:57:00,USR_003,USR_004,1547.22,STK_003,1.07,MM_Balance,M_004460
2021-07-14T15:57:00,USR_003,USR_004,4067678.34,STK_001,11362.23,MM_Balance,M_004462
2021-07-15T15:12:00,USR_004,USR_003,4115446.28,STK_001,11495.66,MM_Balance,M_004465
2021-07-15T15:27:00,USR_003,USR_004,4115446.28,STK_001,11495.66,MM_Balance,M_004469
2021-07-15T15:28:00,USR_003,USR_004,6686.46,STK_002,3.63,MM_Balance,M_004466
2021-07-15T15:30:00,USR_003,USR_004,2708.64,STK_003,1.08,MM_Balance,M_004467
2021-07-15T15:45:00,USR_003,USR_004,9528.33,STK_004,4.71,MM_Balance,M_004468
2021-07-15T15:45:00,USR_004,USR_003,7989.63,STK_002,3.63,MM_Balance,M_004470
2021-07-15T15:53:00,USR_004,USR_003,1613.52,STK_003,1.08,MM_Balance,M_004471
2021-07-15T15:54:00,USR_004,USR_003,6127.71,STK_004,4.71,MM_Balance,M_004472
2021-07-16T10:10:57,USR_004,USR_007,62.00,STK_002,1.00,Normal,M_004473
2021-07-16T14:26:39,USR_003,USR_010,556.80,STK_002,3.48,Normal,M_004474
2021-07-16T15:01:00,USR_004,USR_003,1493.64,STK_003,1.08,MM_Balance,M_004481
2021-07-16T15:18:00,USR_004,USR_003,4064477.82,STK_001,11353.29,MM_Balance,M_004475
2021-07-16T15:23:00,USR_003,USR_004,5020.86,STK_004,4.71,MM_Balance,M_004478
2021-07-16T15:26:00,USR_004,USR_003,11911.59,STK_004,4.71,MM_Balance,M_004482
2021-07-16T15:27:00,USR_003,USR_004,4064477.82,STK_001,11353.29,MM_Balance,M_004479
2021-07-16T15:35:00,USR_003,USR_004,10313.20,STK_002,3.80,MM_Balance,M_004476
2021-07-16T15:35:00,USR_003,USR_004,2355.48,STK_003,1.08,MM_Balance,M_004477
2021-07-16T15:37:00,USR_004,USR_003,5411.20,STK_002,3.80,MM_Balance,M_004480
2021-07-17T15:03:00,USR_004,USR_003,1669.88,STK_003,1.09,MM_Balance,M_004495
2021-07-17T15:07:00,USR_003,USR_004,10489.72,STK_002,3.82,MM_Balance,M_004490
2021-07-17T15:14:00,USR_003,USR_004,4020085.82,STK_001,11229.29,MM_Balance,M_004493
2021-07-17T15:22:00,USR_004,USR_003,13459.20,STK_004,4.80,MM_Balance,M_004496
2021-07-17T15:25:00,USR_004,USR_003,9618.76,STK_002,3.82,MM_Balance,M_004494
2021-07-17T15:28:00,USR_003,USR_004,12489.60,STK_004,4.80,MM_Balance,M_004492
2021-07-17T15:36:00,USR_004,USR_003,4020085.82,STK_001,11229.29,MM_Balance,M_004489
2021-07-17T15:36:00,USR_003,USR_004,1446.43,STK_003,1.09,MM_Balance,M_004491
2021-07-18T12:30:50,USR_004,USR_008,241.00,STK_004,1.00,Normal,M_004497
2021-07-18T15:13:00,USR_003,USR_004,6652.80,STK_002,3.85,MM_Balance,M_004499
2021-07-18T15:28:00,USR_003,USR_004,5287.35,STK_004,5.05,MM_Balance,M_004501
2021-07-18T15:39:00,USR_003,USR_004,1665.36,STK_003,1.08,MM_Balance,M_004500
2021-07-18T15:41:00,USR_004,USR_003,4064191.42,STK_001,11352.49,MM_Balance,M_004498
2021-07-18T15:47:00,USR_004,USR_003,7149.45,STK_002,3.85,MM_Balance,M_004503
2021-07-18T15:48:00,USR_004,USR_003,1883.52,STK_003,1.08,MM_Balance,M_004504
2021-07-18T15:52:00,USR_003,USR_004,4064191.42,STK_001,11352.49,MM_Balance,M_004502
2021-07-18T15:55:00,USR_004,USR_003,13801.65,STK_004,5.05,MM_Balance,M_004505
2021-07-19T10:55:40,USR_003,USR_007,309.00,STK_003,1.00,Normal,M_004506
2021-07-19T15:04:00,USR_003,USR_004,1991.80,STK_003,1.15,MM_Balance,M_004509
2021-07-19T15:10:00,USR_003,USR_004,3900.05,STK_002,3.85,MM_Balance,M_004508
2021-07-19T15:13:00,USR_004,USR_003,4114189.70,STK_001,11492.15,MM_Balance,M_004507
2021-07-19T15:18:00,USR_004,USR_003,1944.65,STK_003,1.15,MM_Balance,M_004513
2021-07-19T15:39:00,USR_004,USR_003,4743.20,STK_002,3.85,MM_Balance,M_004512
2021-07-19T15:45:00,USR_004,USR_003,13307.80,STK_004,5.06,MM_Balance,M_004514
2021-07-19T15:51:00,USR_003,USR_004,6653.90,STK_004,5.06,MM_Balance,M_004510
2021-07-19T15:54:00,USR_003,USR_004,4114189.70,STK_001,11492.15,MM_Balance,M_004511
2021-07-20T15:03:00,USR_003,USR_004,4109023.76,STK_001,11477.72,MM_Balance,M_004519
2021-07-20T15:12:00,USR_004,USR_003,2095.30,STK_003,1.15,MM_Balance,M_004521
2021-07-20T15:15:00,USR_004,USR_003,4883.76,STK_002,3.78,MM_Balance,M_004520
2021-07-20T15:17:00,USR_004,USR_003,4109023.76,STK_001,11477.72,MM_Balance,M_004515
2021-07-20T15:29:00,USR_004,USR_003,10063.95,STK_004,5.07,MM_Balance,M_004522
2021-07-20T15:38:00,USR_003,USR_004,12867.66,STK_004,5.07,MM_Balance,M_004518
2021-07-20T15:49:00,USR_003,USR_004,2195.35,STK_003,1.15,MM_Balance,M_004517
2021-07-20T15:56:00,USR_003,USR_004,5031.18,STK_002,3.78,MM_Balance,M_004516
2021-07-21T10:24:32,USR_004,USR_005,48.00,STK_004,1.00,Normal,M_004523
2021-07-21T15:00:00,USR_004,USR_003,1212.10,STK_003,1.15,MM_Balance,M_004530
2021-07-21T15:09:00,USR_003,USR_004,6492.36,STK_002,3.93,MM_Balance,M_004525
2021-07-21T15:17:00,USR_004,USR_003,4056601.82,STK_001,11331.29,MM_Balance,M_004524
2021-07-21T15:24:00,USR_003,USR_004,1742.25,STK_003,1.15,MM_Balance,M_004526
2021-07-21T15:28:00,USR_004,USR_003,4896.78,STK_002,3.93,MM_Balance,M_004529
2021-07-21T15:39:00,USR_003,USR_004,4056601.82,STK_001,11331.29,MM_Balance,M_004528
2021-07-21T15:47:00,USR_004,USR_003,12272.22,STK_004,5.22,MM_Balance,M_004531
2021-07-21T15:57:00,USR_003,USR_004,14809.14,STK_004,5.22,MM_Balance,M_004527
2021-07-22T14:04:00,USR_006,USR_003,89.76,STK_003,1.02,Normal,M_004540
2021-07-22T15:02:00,USR_003,USR_004,10441.60,STK_004,5.20,MM_Balance,M_004544
2021-07-22T15:06:00,USR_004,USR_003,8970.00,STK_004,5.20,MM_Balance,M_004548
2021-07-22T15:10:00,USR_004,USR_003,2933.65,STK_003,1.15,MM_Balance,M_004547
2021-07-22T15:11:00,USR_003,USR_004,8813.91,STK_002,3.99,MM_Balance,M_004542
2021-07-22T15:13:00,USR_004,USR_003,11846.31,STK_002,3.99,MM_Balance,M_004546
2021-07-22T15:36:00,USR_003,USR_004,4130725.72,STK_001,11538.34,MM_Balance,M_004545
2021-07-22T15:49:00,USR_003,USR_004,1861.85,STK_003,1.15,MM_Balance,M_004543
2021-07-22T15:59:00,USR_004,USR_003,4130725.72,STK_001,11538.34,MM_Balance,M_004541
2021-07-23T15:13:00,USR_003,USR_004,4188542.72,STK_001,11699.84,MM_Balance,M_004553
2021-07-23T15:23:00,USR_004,USR_003,9960.73,STK_002,3.97,MM_Balance,M_004554
2021-07-23T15:30:00,USR_003,USR_004,2104.24,STK_003,1.16,MM_Balance,M_004551
2021-07-23T15:35:00,USR_004,USR_003,7141.95,STK_004,5.31,MM_Balance,M_004556
2021-07-23T15:37:00,USR_003,USR_004,12467.88,STK_004,5.31,MM_Balance,M_004552
2021-07-23T15:37:00,USR_004,USR_003,3026.44,STK_003,1.16,MM_Balance,M_004555
2021-07-23T15:47:00,USR_003,USR_004,4112.92,STK_002,3.97,MM_Balance,M_004550
2021-07-23T15:50:00,USR_004,USR_003,4188542.72,STK_001,11699.84,MM_Balance,M_004549
2021-07-24T13:32:08,USR_004,USR_005,97.00,STK_004,1.00,Normal,M_004557
2021-07-24T15:04:00,USR_003,USR_004,4135963.26,STK_001,11552.97,MM_Balance,M_004562
2021-07-24T15:04:00,USR_004,USR_003,12125.46,STK_004,5.37,MM_Balance,M_004565
2021-07-24T15:16:00,USR_003,USR_004,3970.00,STK_002,3.97,MM_Balance,M_004559
2021-07-24T15:18:00,USR_004,USR_003,10766.64,STK_002,3.97,MM_Balance,M_004563
2021-07-24T15:26:00,USR_004,USR_003,4135963.26,STK_001,11552.97,MM_Balance,M_004558
2021-07-24T15:37:00,USR_003,USR_004,15954.27,STK_004,5.37,MM_Balance,M_004561
2021-07-24T15:45:00,USR_004,USR_003,1214.46,STK_003,1.17,MM_Balance,M_004564
2021-07-24T15:53:00,USR_003,USR_004,3153.15,STK_003,1.17,MM_Balance,M_004560
2021-07-25T10:40:53,USR_008,USR_003,1199.52,STK_004,4.76,Normal,M_004570
2021-07-25T15:00:00,USR_004,USR_003,4153394.28,STK_001,11601.66,MM_Balance,M_004571
2021-07-25T15:14:00,USR_003,USR_004,4153394.28,STK_001,11601.66,MM_Balance,M_004575
2021-07-25T15:17:00,USR_003,USR_004,1676.71,STK_003,1.19,MM_Balance,M_004573
2021-07-25T15:26:00,USR_004,USR_003,3105.90,STK_003,1.19,MM_Balance,M_004577
2021-07-25T15:28:00,USR_003,USR_004,6026.56,STK_004,5.09,MM_Balance,M_004574
2021-07-25T15:29:00,USR_003,USR_004,5633.28,STK_002,3.84,MM_Balance,M_004572
2021-07-25T15:41:00,USR_004,USR_003,5217.25,STK_004,5.09,MM_Balance,M_004578
2021-07-25T15:55:00,USR_004,USR_003,5456.64,STK_002,3.84,MM_Balance,M_004576
2021-07-26T09:54:34,USR_004,USR_009,319.00,STK_002,1.00,Normal,M_004583
2021-07-26T15:05:00,USR_003,USR_004,1268.80,STK_003,1.22,MM_Balance,M_004586
2021-07-26T15:10:00,USR_004,USR_003,11616.84,STK_002,4.14,MM_Balance,M_004589
2021-07-26T15:11:00,USR_003,USR_004,4146771.28,STK_001,11583.16,MM_Balance,M_004588
2021-07-26T15:14:00,USR_004,USR_003,2619.34,STK_003,1.22,MM_Balance,M_004590
2021-07-26T15:17:00,USR_004,USR_003,8084.80,STK_004,4.96,MM_Balance,M_004591
2021-07-26T15:32:00,USR_003,USR_004,4984.56,STK_002,4.14,MM_Balance,M_004585
2021-07-26T15:39:00,USR_003,USR_004,11254.24,STK_004,4.96,MM_Balance,M_004587
2021-07-26T15:54:00,USR_004,USR_003,4146771.28,STK_001,11583.16,MM_Balance,M_004584
2021-07-27T15:00:00,USR_003,USR_004,12461.60,STK_002,4.21,MM_Balance,M_004599
2021-07-27T15:05:00,USR_003,USR_004,4177677.42,STK_001,11669.49,MM_Balance,M_004602
2021-07-27T15:17:00,USR_004,USR_003,10470.27,STK_002,4.21,MM_Balance,M_004603
2021-07-27T15:32:00,USR_003,USR_004,1758.00,STK_003,1.20,MM_Balance,M_004600
2021-07-27T15:41:00,USR_004,USR_003,4177677.42,STK_001,11669.49,MM_Balance,M_004598
2021-07-27T15:49:00,USR_004,USR_003,1988.40,STK_003,1.20,MM_Balance,M_004604
2021-07-27T15:51:00,USR_004,USR_003,12980.90,STK_004,4.79,MM_Balance,M_004605
2021-07-27T15:56:00,USR_003,USR_004,10925.99,STK_004,4.79,MM_Balance,M_004601
2021-07-28T10:06:40,USR_003,USR_006,911.52,STK_004,4.22,Normal,M_004614
2021-07-28T15:02:00,USR_004,USR_003,7110.70,STK_002,4.22,MM_Balance,M_004620
2021-07-28T15:03:00,USR_003,USR_004,3534.41,STK_003,1.21,MM_Balance,M_004617
2021-07-28T15:18:00,USR_004,USR_003,5194.59,STK_004,4.99,MM_Balance,M_004622
2021-07-28T15:23:00,USR_003,USR_004,8705.86,STK_002,4.22,MM_Balance,M_004616
2021-07-28T15:30:00,USR_003,USR_004,9615.73,STK_004,4.99,MM_Balance,M_004618
2021-07-28T15:44:00,USR_004,USR_003,4051188.86,STK_001,11316.17,MM_Balance,M_004615
2021-07-28T15:49:00,USR_003,USR_004,4051188.86,STK_001,11316.17,MM_Balance,M_004619
2021-07-28T15:53:00,USR_004,USR_003,2819.30,STK_003,1.21,MM_Balance,M_004621
2021-07-29T10:44:04,USR_004,USR_009,71.00,STK_004,1.00,Normal,M_004626
2021-07-29T15:01:00,USR_004,USR_003,3969271.30,STK_001,11087.35,MM_Balance,M_004627
2021-07-29T15:01:00,USR_004,USR_003,9235.44,STK_004,5.08,MM_Balance,M_004634
2021-07-29T15:13:00,USR_003,USR_004,2041.06,STK_003,1.22,MM_Balance,M_004629
2021-07-29T15:13:00,USR_003,USR_004,3969271.30,STK_001,11087.35,MM_Balance,M_004631
2021-07-29T15:19:00,USR_004,USR_003,5927.24,STK_002,4.18,MM_Balance,M_004632
2021-07-29T15:32:00,USR_004,USR_003,2959.72,STK_003,1.22,MM_Balance,M_004633
2021-07-29T15:38:00,USR_003,USR_004,12110.72,STK_004,5.08,MM_Balance,M_004630
2021-07-29T15:41:00,USR_003,USR_004,8527.20,STK_002,4.18,MM_Balance,M_004628
2021-07-30T14:46:52,USR_008,USR_004,1174790.52,STK_001,10877.69,Normal,M_004643
2021-07-30T15:05:00,USR_003,USR_004,4890022.26,STK_001,10493.61,MM_Balance,M_004648
2021-07-30T15:07:00,USR_003,USR_004,8396.76,STK_002,4.19,MM_Balance,M_004645
2021-07-30T15:16:00,USR_004,USR_003,11182.50,STK_004,4.97,MM_Balance,M_004651
2021-07-30T15:27:00,USR_004,USR_003,2616.25,STK_003,1.25,MM_Balance,M_004650
2021-07-30T15:36:00,USR_004,USR_003,4890022.26,STK_001,10493.61,MM_Balance,M_004644
2021-07-30T15:44:00,USR_003,USR_004,2321.25,STK_003,1.25,MM_Balance,M_004646
2021-07-30T15:56:00,USR_003,USR_004,14795.69,STK_004,4.97,MM_Balance,M_004647
2021-07-30T15:58:00,USR_004,USR_003,10516.90,STK_002,4.19,MM_Balance,M_004649
2021-07-31T15:03:00,USR_003,USR_004,11020.68,STK_002,4.14,MM_Balance,M_004661
2021-07-31T15:14:00,USR_004,USR_003,11742.84,STK_004,4.98,MM_Balance,M_004667
2021-07-31T15:40:00,USR_004,USR_003,7414.74,STK_002,4.14,MM_Balance,M_004665
2021-07-31T15:41:00,USR_004,USR_003,3573.13,STK_003,1.21,MM_Balance,M_004666
2021-07-31T15:46:00,USR_003,USR_004,9730.92,STK_004,4.98,MM_Balance,M_004663
2021-07-31T15:50:00,USR_004,USR_003,4857145.96,STK_001,10423.06,MM_Balance,M_004660
2021-07-31T15:55:00,USR_003,USR_004,3149.63,STK_003,1.21,MM_Balance,M_004662
2021-07-31T15:55:00,USR_003,USR_004,4857145.96,STK_001,10423.06,MM_Balance,M_004664
2021-08-01T15:01:00,USR_003,USR_004,5862.24,STK_002,4.14,MM_Balance,M_004669
2021-08-01T15:10:00,USR_003,USR_004,9611.40,STK_004,4.98,MM_Balance,M_004671
2021-08-01T15:19:00,USR_004,USR_003,13470.90,STK_004,4.98,MM_Balance,M_004674
2021-08-01T15:26:00,USR_003,USR_004,4877351.72,STK_001,10466.42,MM_Balance,M_004672
2021-08-01T15:28:00,USR_004,USR_003,4877351.72,STK_001,10466.42,MM_Balance,M_004668
2021-08-01T15:40:00,USR_003,USR_004,2492.60,STK_003,1.21,MM_Balance,M_004670
2021-08-01T15:55:00,USR_004,USR_003,9658.62,STK_002,4.14,MM_Balance,M_004673
2021-08-02T11:54:29,USR_004,USR_007,109.00,STK_002,1.00,Normal,M_004679
2021-08-02T15:10:00,USR_004,USR_003,8162.70,STK_004,5.07,MM_Balance,M_004687
2021-08-02T15:11:00,USR_003,USR_004,4893871.42,STK_001,10501.87,MM_Balance,M_004684
2021-08-02T15:16:00,USR_003,USR_004,2776.80,STK_003,1.20,MM_Balance,M_004682
2021-08-02T15:41:00,USR_003,USR_004,9686.70,STK_002,4.23,MM_Balance,M_004681
2021-08-02T15:42:00,USR_004,USR_003,3190.80,STK_003,1.20,MM_Balance,M_004686
2021-08-02T15:43:00,USR_003,USR_004,10484.76,STK_004,5.07,MM_Balance,M_004683
2021-08-02T15:47:00,USR_004,USR_003,10600.38,STK_002,4.23,MM_Balance,M_004685
2021-08-02T15:51:00,USR_004,USR_003,4893871.42,STK_001,10501.87,MM_Balance,M_004680
2021-08-03T12:18:23,USR_003,USR_005,202.00,STK_003,1.00,Normal,M_004692
2021-08-03T15:01:00,USR_003,USR_004,2893.11,STK_003,1.21,MM_Balance,M_004695
2021-08-03T15:09:00,USR_004,USR_003,9407.51,STK_004,5.11,MM_Balance,M_004700
2021-08-03T15:15:00,USR_004,USR_003,8443.60,STK_002,4.18,MM_Balance,M_004698
2021-08-03T15:22:00,USR_003,USR_004,4836464.88,STK_001,10378.68,MM_Balance,M_004697
2021-08-03T15:23:00,USR_003,USR_004,10939.06,STK_002,4.18,MM_Balance,M_004694
2021-08-03T15:25:00,USR_003,USR_004,14251.79,STK_004,5.11,MM_Balance,M_004696
2021-08-03T15:34:00,USR_004,USR_003,4836464.88,STK_001,10378.68,MM_Balance,M_004693
2021-08-03T15:45:00,USR_004,USR_003,1894.86,STK_003,1.21,MM_Balance,M_004699
2021-08-04T13:01:19,USR_004,USR_008,1070699.70,STK_001,10197.14,Normal,M_004701
2021-08-04T15:04:00,USR_003,USR_004,7586.70,STK_002,4.18,MM_Balance,M_004703
2021-08-04T15:12:00,USR_003,USR_004,6918.96,STK_004,5.08,MM_Balance,M_004705
2021-08-04T15:20:00,USR_004,USR_003,6023.38,STK_002,4.18,MM_Balance,M_004707
2021-08-04T15:24:00,USR_004,USR_003,3706285.92,STK_001,10266.72,MM_Balance,M_004702
2021-08-04T15:25:00,USR_004,USR_003,3352.91,STK_003,1.21,MM_Balance,M_004708
2021-08-04T15:31:00,USR_004,USR_003,12466.32,STK_004,5.08,MM_Balance,M_004709
2021-08-04T15:58:00,USR_003,USR_004,3706285.92,STK_001,10266.72,MM_Balance,M_004706
2021-08-04T15:59:00,USR_003,USR_004,3559.82,STK_003,1.21,MM_Balance,M_004704
2021-08-05T10:38:50,USR_003,USR_009,1235.56,STK_002,3.91,Normal,M_004710
2021-08-05T13:44:43,USR_004,USR_005,1669170.24,STK_001,10303.52,Normal,M_004711
2021-08-05T15:01:00,USR_003,USR_004,2091854.17,STK_001,10511.83,MM_Balance,M_004716
2021-08-05T15:02:00,USR_003,USR_004,3267.74,STK_003,1.19,MM_Balance,M_004714
2021-08-05T15:02:00,USR_004,USR_003,6482.10,STK_004,5.10,MM_Balance,M_004719
2021-08-05T15:09:00,USR_004,USR_003,1973.02,STK_003,1.19,MM_Balance,M_004718
2021-08-05T15:41:00,USR_003,USR_004,11225.82,STK_002,4.46,MM_Balance,M_004713
2021-08-05T15:50:00,USR_004,USR_003,2091854.17,STK_001,10511.83,MM_Balance,M_004712
2021-08-05T15:51:00,USR_004,USR_003,9174.22,STK_002,4.46,MM_Balance,M_004717
2021-08-05T15:59:00,USR_003,USR_004,12734.70,STK_004,5.10,MM_Balance,M_004715
2021-08-06T15:07:00,USR_004,USR_003,6810.42,STK_002,4.46,MM_Balance,M_004733
2021-08-06T15:12:00,USR_004,USR_003,11930.96,STK_004,5.09,MM_Balance,M_004735
2021-08-06T15:14:00,USR_004,USR_003,1964.69,STK_003,1.19,MM_Balance,M_004734
2021-08-06T15:19:00,USR_003,USR_004,2084302.12,STK_001,10473.88,MM_Balance,M_004732
2021-08-06T15:21:00,USR_003,USR_004,9682.66,STK_002,4.46,MM_Balance,M_004729
2021-08-06T15:33:00,USR_004,USR_003,2084302.12,STK_001,10473.88,MM_Balance,M_004728
2021-08-06T15:48:00,USR_003,USR_004,1562.47,STK_003,1.19,MM_Balance,M_004730
2021-08-06T15:54:00,USR_003,USR_004,13941.51,STK_004,5.09,MM_Balance,M_004731
2021-08-07T15:01:00,USR_004,USR_003,8209.88,STK_002,4.36,MM_Balance,M_004744
2021-08-07T15:08:00,USR_004,USR_003,14142.30,STK_004,5.10,MM_Balance,M_004746
2021-08-07T15:17:00,USR_003,USR_004,2040890.27,STK_001,10255.73,MM_Balance,M_004743
2021-08-07T15:18:00,USR_003,USR_004,3111.03,STK_003,1.17,MM_Balance,M_004741
2021-08-07T15:19:00,USR_003,USR_004,6051.68,STK_002,4.36,MM_Balance,M_004740
2021-08-07T15:29:00,USR_004,USR_003,2040890.27,STK_001,10255.73,MM_Balance,M_004739
2021-08-07T15:34:00,USR_004,USR_003,2965.95,STK_003,1.17,MM_Balance,M_004745
2021-08-07T15:54:00,USR_003,USR_004,7971.30,STK_004,5.10,MM_Balance,M_004742
2021-08-08T15:00:00,USR_003,USR_004,10536.72,STK_004,5.16,MM_Balance,M_004750
2021-08-08T15:16:00,USR_004,USR_003,2041952.93,STK_001,10261.07,MM_Balance,M_004747
2021-08-08T15:17:00,USR_004,USR_003,1808.94,STK_003,1.18,MM_Balance,M_004753
2021-08-08T15:23:00,USR_004,USR_003,12229.20,STK_004,5.16,MM_Balance,M_004754
2021-08-08T15:47:00,USR_003,USR_004,2041952.93,STK_001,10261.07,MM_Balance,M_004751
2021-08-08T15:50:00,USR_003,USR_004,2528.74,STK_003,1.18,MM_Balance,M_004749
2021-08-08T15:52:00,USR_003,USR_004,9470.97,STK_002,4.23,MM_Balance,M_004748
2021-08-08T15:57:00,USR_004,USR_003,7009.11,STK_002,4.23,MM_Balance,M_004752
2021-08-09T15:13:00,USR_004,USR_003,14235.75,STK_004,5.13,MM_Balance,M_004768
2021-08-09T15:17:00,USR_003,USR_004,9964.15,STK_002,4.15,MM_Balance,M_004762
2021-08-09T15:23:00,USR_004,USR_003,2044943.90,STK_001,10276.10,MM_Balance,M_004761
2021-08-09T15:25:00,USR_003,USR_004,6720.30,STK_004,5.13,MM_Balance,M_004764
2021-08-09T15:28:00,USR_003,USR_004,2703.65,STK_003,1.15,MM_Balance,M_004763
2021-08-09T15:38:00,USR_004,USR_003,2819.80,STK_003,1.15,MM_Balance,M_004767
2021-08-09T15:44:00,USR_004,USR_003,6548.70,STK_002,4.15,MM_Balance,M_004766
2021-08-09T15:57:00,USR_003,USR_004,2044943.90,STK_001,10276.10,MM_Balance,M_004765
2021-08-10T10:22:33,USR_003,USR_009,815.10,STK_002,3.90,Normal,M_004773
2021-08-10T12:00:00.050000,USR_003,USR_004,25700.00,STK_004,5.14,Wash_Trade,M_004782
2021-08-10T12:00:00.100000,USR_004,USR_003,25700.00,STK_004,5.14,Wash_Trade,M_004783
2021-08-10T12:00:00.150000,USR_003,USR_004,25700.00,STK_004,5.14,Wash_Trade,M_004784
2021-08-10T12:00:00.200000,USR_004,USR_003,25700.00,STK_004,5.14,Wash_Trade,M_004785
2021-08-10T12:00:00.250000,USR_003,USR_004,25700.00,STK_004,5.14,Wash_Trade,M_004786
2021-08-10T12:00:00.300000,USR_004,USR_003,25700.00,STK_004,5.14,Wash_Trade,M_004787
2021-08-10T12:00:00.350000,USR_003,USR_004,25700.00,STK_004,5.14,Wash_Trade,M_004788
2021-08-10T12:00:00.400000,USR_004,USR_003,25700.00,STK_004,5.14,Wash_Trade,M_004789
2021-08-10T12:00:00.450000,USR_003,USR_004,25700.00,STK_004,5.14,Wash_Trade,M_004790
2021-08-10T12:00:00.500000,USR_004,USR_003,25700.00,STK_004,5.14,Wash_Trade,M_004791
2021-08-10T12:00:00.550000,USR_003,USR_004,25700.00,STK_004,5.14,Wash_Trade,M_004792
2021-08-10T12:00:00.600000,USR_004,USR_003,25700.00,STK_004,5.14,Wash_Trade,M_004793
2021-08-10T12:00:00.650000,USR_003,USR_004,25700.00,STK_004,5.14,Wash_Trade,M_004794
2021-08-10T12:00:00.700000,USR_004,USR_003,25700.00,STK_004,5.14,Wash_Trade,M_004795
2021-08-10T12:00:00.750000,USR_003,USR_004,25700.00,STK_004,5.14,Wash_Trade,M_004796
2021-08-10T12:00:00.800000,USR_004,USR_003,25700.00,STK_004,5.14,Wash_Trade,M_004797
2021-08-10T12:00:00.850000,USR_003,USR_004,25700.00,STK_004,5.14,Wash_Trade,M_004798
2021-08-10T12:00:00.900000,USR_004,USR_003,25700.00,STK_004,5.14,Wash_Trade,M_004799
2021-08-10T12:00:00.950000,USR_003,USR_004,25700.00,STK_004,5.14,Wash_Trade,M_004800
2021-08-10T12:00:01,USR_004,USR_003,25700.00,STK_004,5.14,Wash_Trade,M_004801
2021-08-10T15:01:00,USR_004,USR_003,1482.00,STK_003,1.14,MM_Balance,M_004780
2021-08-10T15:03:00,USR_003,USR_004,9322.32,STK_002,4.34,MM_Balance,M_004775
2021-08-10T15:11:00,USR_003,USR_004,7674.02,STK_004,5.14,MM_Balance,M_004777
2021-08-10T15:17:00,USR_004,USR_003,2032677.54,STK_001,10214.46,MM_Balance,M_004774
2021-08-10T15:18:00,USR_003,USR_004,2032677.54,STK_001,10214.46,MM_Balance,M_004778
2021-08-10T15:38:00,USR_004,USR_003,7514.68,STK_004,5.14,MM_Balance,M_004781
2021-08-10T15:43:00,USR_004,USR_003,11435.90,STK_002,4.34,MM_Balance,M_004779
2021-08-10T15:51:00,USR_003,USR_004,1519.62,STK_003,1.14,MM_Balance,M_004776
2021-08-11T15:08:00,USR_003,USR_004,1177.62,STK_003,1.14,MM_Balance,M_004812
2021-08-11T15:15:00,USR_004,USR_003,2057.70,STK_003,1.14,MM_Balance,M_004816
2021-08-11T15:21:00,USR_004,USR_003,4802.63,STK_002,4.37,MM_Balance,M_004815
2021-08-11T15:24:00,USR_004,USR_003,2068714.45,STK_001,10395.55,MM_Balance,M_004810
2021-08-11T15:24:00,USR_003,USR_004,2068714.45,STK_001,10395.55,MM_Balance,M_004814
2021-08-11T15:25:00,USR_004,USR_003,9236.10,STK_004,5.10,MM_Balance,M_004817
2021-08-11T15:34:00,USR_003,USR_004,10990.55,STK_002,4.37,MM_Balance,M_004811
2021-08-11T15:52:00,USR_003,USR_004,10174.50,STK_004,5.10,MM_Balance,M_004813
2021-08-12T15:08:00,USR_003,USR_004,1262.08,STK_003,1.16,MM_Balance,M_004827
2021-08-12T15:17:00,USR_004,USR_003,11548.74,STK_002,4.34,MM_Balance,M_004830
2021-08-12T15:20:00,USR_003,USR_004,2038609.73,STK_001,10244.27,MM_Balance,M_004829
2021-08-12T15:20:00,USR_004,USR_003,1263.24,STK_003,1.16,MM_Balance,M_004831
2021-08-12T15:25:00,USR_004,USR_003,2038609.73,STK_001,10244.27,MM_Balance,M_004825
2021-08-12T15:35:00,USR_004,USR_003,12978.90,STK_004,5.13,MM_Balance,M_004832
2021-08-12T15:39:00,USR_003,USR_004,4778.34,STK_002,4.34,MM_Balance,M_004826
2021-08-12T15:58:00,USR_003,USR_004,8792.82,STK_004,5.13,MM_Balance,M_004828
2021-08-13T15:07:00,USR_003,USR_004,5611.50,STK_002,4.30,MM_Balance,M_004834
2021-08-13T15:08:00,USR_004,USR_003,3210.78,STK_003,1.18,MM_Balance,M_004839
2021-08-13T15:27:00,USR_004,USR_003,10608.27,STK_004,5.03,MM_Balance,M_004840
2021-08-13T15:31:00,USR_003,USR_004,2669.16,STK_003,1.18,MM_Balance,M_004835
2021-08-13T15:44:00,USR_003,USR_004,8269.32,STK_004,5.03,MM_Balance,M_004836
2021-08-13T15:50:00,USR_004,USR_003,2019824.13,STK_001,10149.87,MM_Balance,M_004833
2021-08-13T15:51:00,USR_003,USR_004,2019824.13,STK_001,10149.87,MM_Balance,M_004837
2021-08-13T15:51:00,USR_004,USR_003,5203.00,STK_002,4.30,MM_Balance,M_004838
2021-08-14T10:19:14,USR_003,USR_010,179.96,STK_002,4.09,Normal,M_004841
2021-08-14T14:52:37,USR_004,USR_009,54.24,STK_003,1.13,Normal,M_004842
2021-08-14T15:03:00,USR_003,USR_004,2044918.03,STK_001,10275.97,MM_Balance,M_004847
2021-08-14T15:06:00,USR_003,USR_004,7213.74,STK_004,5.02,MM_Balance,M_004846
2021-08-14T15:16:00,USR_003,USR_004,3519.94,STK_003,1.18,MM_Balance,M_004845
2021-08-14T15:28:00,USR_004,USR_003,2044918.03,STK_001,10275.97,MM_Balance,M_004843
2021-08-14T15:29:00,USR_004,USR_003,10936.80,STK_002,4.41,MM_Balance,M_004848
2021-08-14T15:41:00,USR_004,USR_003,12816.06,STK_004,5.02,MM_Balance,M_004850
2021-08-14T15:45:00,USR_003,USR_004,4917.15,STK_002,4.41,MM_Balance,M_004844
2021-08-14T15:59:00,USR_004,USR_003,2562.96,STK_003,1.18,MM_Balance,M_004849
2021-08-15T15:11:00,USR_004,USR_003,2541.72,STK_003,1.18,MM_Balance,M_004857
2021-08-15T15:15:00,USR_003,USR_004,3524.66,STK_003,1.18,MM_Balance,M_004853
2021-08-15T15:30:00,USR_003,USR_004,13428.85,STK_004,4.91,MM_Balance,M_004854
2021-08-15T15:38:00,USR_004,USR_003,5165.32,STK_004,4.91,MM_Balance,M_004858
2021-08-15T15:41:00,USR_004,USR_003,11607.00,STK_002,4.38,MM_Balance,M_004856
2021-08-15T15:43:00,USR_004,USR_003,2010956.69,STK_001,10105.31,MM_Balance,M_004851
2021-08-15T15:49:00,USR_003,USR_004,4818.00,STK_002,4.38,MM_Balance,M_004852
2021-08-15T15:54:00,USR_003,USR_004,2010956.69,STK_001,10105.31,MM_Balance,M_004855
2021-08-16T15:09:00,USR_003,USR_004,1989118.43,STK_001,9995.57,MM_Balance,M_004863
2021-08-16T15:10:00,USR_003,USR_004,6677.36,STK_002,4.37,MM_Balance,M_004860
2021-08-16T15:15:00,USR_004,USR_003,5589.23,STK_002,4.37,MM_Balance,M_004864
2021-08-16T15:36:00,USR_004,USR_003,1221.48,STK_003,1.17,MM_Balance,M_004865
2021-08-16T15:39:00,USR_004,USR_003,1989118.43,STK_001,9995.57,MM_Balance,M_004859
2021-08-16T15:44:00,USR_004,USR_003,7342.90,STK_004,4.85,MM_Balance,M_004866
2021-08-16T15:58:00,USR_003,USR_004,2303.73,STK_003,1.17,MM_Balance,M_004861
2021-08-16T15:59:00,USR_003,USR_004,11024.05,STK_004,4.85,MM_Balance,M_004862
2021-08-17T10:01:26,USR_010,USR_004,82.14,STK_003,1.11,Normal,M_004867
2021-08-17T15:01:00,USR_003,USR_004,1454.64,STK_003,1.16,MM_Balance,M_004870
2021-08-17T15:08:00,USR_004,USR_003,14268.87,STK_004,4.97,MM_Balance,M_004875
2021-08-17T15:13:00,USR_003,USR_004,1978024.18,STK_001,9939.82,MM_Balance,M_004872
2021-08-17T15:35:00,USR_003,USR_004,6104.16,STK_002,4.32,MM_Balance,M_004869
2021-08-17T15:44:00,USR_004,USR_003,1978024.18,STK_001,9939.82,MM_Balance,M_004868
2021-08-17T15:46:00,USR_004,USR_003,2644.80,STK_003,1.16,MM_Balance,M_004874
2021-08-17T15:49:00,USR_004,USR_003,5948.64,STK_002,4.32,MM_Balance,M_004873
2021-08-17T15:53:00,USR_003,USR_004,12260.99,STK_004,4.97,MM_Balance,M_004871
2021-08-18T09:58:35,USR_003,USR_005,504.60,STK_004,4.35,Normal,M_004876
2021-08-18T13:00:00,USR_001,USR_003,28546.44,STK_004,3.48,Panic_Dump_Whale,M_004885
2021-08-18T13:00:04,USR_005,USR_004,996.48,STK_004,2.88,Panic_Dump_Retail,M_004886
2021-08-18T13:00:10,USR_006,USR_004,1801.44,STK_004,3.24,Panic_Dump_Retail,M_004887
2021-08-18T13:00:17,USR_007,USR_003,6489.95,STK_004,2.93,Panic_Dump_Retail,M_004888
2021-08-18T13:00:23,USR_008,USR_004,4733.04,STK_004,3.12,Panic_Dump_Retail,M_004889
2021-08-18T13:00:32,USR_009,USR_003,234.30,STK_004,3.30,Panic_Dump_Retail,M_004890
2021-08-18T13:00:42,USR_010,USR_004,5740.87,STK_004,3.17,Panic_Dump_Retail,M_004891
2021-08-18T15:01:00,USR_003,USR_004,1982704.66,STK_001,9963.34,MM_Balance,M_004881
2021-08-18T15:03:00,USR_003,USR_004,12524.70,STK_004,5.03,MM_Balance,M_004880
2021-08-18T15:10:00,USR_004,USR_003,2300.68,STK_003,1.13,MM_Balance,M_004883
2021-08-18T15:18:00,USR_004,USR_003,1982704.66,STK_001,9963.34,MM_Balance,M_004877
2021-08-18T15:26:00,USR_004,USR_003,9697.84,STK_004,5.03,MM_Balance,M_004884
2021-08-18T15:30:00,USR_003,USR_004,2611.43,STK_003,1.13,MM_Balance,M_004879
2021-08-18T15:50:00,USR_004,USR_003,8368.25,STK_002,4.25,MM_Balance,M_004882
2021-08-18T15:52:00,USR_003,USR_004,10582.50,STK_002,4.25,MM_Balance,M_004878
2021-08-19T15:06:00,USR_003,USR_004,5118.68,STK_004,4.04,MM_Balance,M_004895
2021-08-19T15:16:00,USR_004,USR_003,5922.64,STK_004,4.04,MM_Balance,M_004899
2021-08-19T15:24:00,USR_003,USR_004,3196.77,STK_003,1.13,MM_Balance,M_004894
2021-08-19T15:37:00,USR_003,USR_004,12437.55,STK_002,4.15,MM_Balance,M_004893
2021-08-19T15:39:00,USR_004,USR_003,6947.10,STK_002,4.15,MM_Balance,M_004897
2021-08-19T15:47:00,USR_004,USR_003,1989932.34,STK_001,9999.66,MM_Balance,M_004892
2021-08-19T15:55:00,USR_003,USR_004,1989932.34,STK_001,9999.66,MM_Balance,M_004896
2021-08-19T15:59:00,USR_004,USR_003,2430.63,STK_003,1.13,MM_Balance,M_004898
2021-08-20T15:01:00,USR_004,USR_003,2053.14,STK_003,1.14,MM_Balance,M_004906
2021-08-20T15:12:00,USR_003,USR_004,9763.27,STK_004,3.91,MM_Balance,M_004903
2021-08-20T15:19:00,USR_003,USR_004,1963355.89,STK_001,9866.11,MM_Balance,M_004904
2021-08-20T15:21:00,USR_004,USR_003,1963355.89,STK_001,9866.11,MM_Balance,M_004900
2021-08-20T15:24:00,USR_003,USR_004,4722.70,STK_002,4.15,MM_Balance,M_004901
2021-08-20T15:27:00,USR_004,USR_003,8035.05,STK_004,3.91,MM_Balance,M_004907
2021-08-20T15:36:00,USR_004,USR_003,10503.65,STK_002,4.15,MM_Balance,M_004905
2021-08-20T15:44:00,USR_003,USR_004,2037.18,STK_003,1.14,MM_Balance,M_004902
2021-08-21T12:26:12,USR_003,USR_009,42.12,STK_004,3.24,Normal,M_004909
2021-08-21T13:17:50,USR_008,USR_003,1293.81,STK_005,4.27,Normal,M_004908
2021-08-21T15:00:00,USR_003,USR_004,1988378.15,STK_001,9991.85,MM_Balance,M_004914
2021-08-21T15:11:00,USR_003,USR_004,4659.48,STK_004,3.87,MM_Balance,M_004913
2021-08-21T15:20:00,USR_003,USR_004,6955.40,STK_002,4.19,MM_Balance,M_004911
2021-08-21T15:24:00,USR_004,USR_003,4638.33,STK_002,4.19,MM_Balance,M_004915
2021-08-21T15:31:00,USR_003,USR_004,3241.85,STK_003,1.15,MM_Balance,M_004912
2021-08-21T15:33:00,USR_004,USR_003,1944.65,STK_003,1.15,MM_Balance,M_004916
2021-08-21T15:33:00,USR_004,USR_003,10274.85,STK_004,3.87,MM_Balance,M_004917
2021-08-21T15:42:00,USR_004,USR_003,1988378.15,STK_001,9991.85,MM_Balance,M_004910
2021-08-21T15:43:00,USR_003,USR_004,1199.88,STK_005,3.96,MM_Balance,M_004918
2021-08-22T15:01:00,USR_004,USR_003,1190.79,STK_005,3.93,MM_Balance,M_004923
2021-08-22T15:02:00,USR_003,USR_004,10826.40,STK_004,3.90,MM_Balance,M_004922
2021-08-22T15:12:00,USR_003,USR_004,2029939.30,STK_001,10200.70,MM_Balance,M_004924
2021-08-22T15:20:00,USR_003,USR_004,3147.08,STK_003,1.16,MM_Balance,M_004921
2021-08-22T15:32:00,USR_003,USR_004,4384.16,STK_002,4.24,MM_Balance,M_004920
2021-08-22T15:34:00,USR_004,USR_003,2029939.30,STK_001,10200.70,MM_Balance,M_004919
2021-08-22T15:39:00,USR_004,USR_003,11897.44,STK_002,4.24,MM_Balance,M_004925
2021-08-22T15:41:00,USR_003,USR_004,1190.79,STK_005,3.93,MM_Balance,M_004928
2021-08-22T15:58:00,USR_004,USR_003,5128.50,STK_004,3.90,MM_Balance,M_004927
2021-08-22T15:59:00,USR_004,USR_003,3083.28,STK_003,1.16,MM_Balance,M_004926
2021-08-23T14:55:42,USR_002,USR_003,61958.25,STK_004,3.35,Normal,M_004929
2021-08-23T15:00:00,USR_004,USR_003,1184.73,STK_005,3.91,MM_Balance,M_004934
2021-08-23T15:09:00,USR_003,USR_004,7330.26,STK_002,4.34,MM_Balance,M_004931
2021-08-23T15:13:00,USR_003,USR_004,1395.36,STK_003,1.14,MM_Balance,M_004932
2021-08-23T15:13:00,USR_004,USR_003,8463.00,STK_002,4.34,MM_Balance,M_004936
2021-08-23T15:32:00,USR_003,USR_004,1184.73,STK_005,3.91,MM_Balance,M_004939
2021-08-23T15:39:00,USR_003,USR_004,1797.00,STK_004,1.00,MM_Balance,M_004933
2021-08-23T15:44:00,USR_004,USR_003,2539.00,STK_004,1.00,MM_Balance,M_004938
2021-08-23T15:49:00,USR_004,USR_003,2899.02,STK_003,1.14,MM_Balance,M_004937
2021-08-23T15:53:00,USR_004,USR_003,2025977.21,STK_001,10180.79,MM_Balance,M_004930
2021-08-23T15:58:00,USR_003,USR_004,2025977.21,STK_001,10180.79,MM_Balance,M_004935
2021-08-24T09:54:11,USR_004,USR_010,589.04,STK_005,3.98,Normal,M_004940
2021-08-24T15:02:00,USR_003,USR_004,1314.00,STK_004,1.00,MM_Balance,M_004944
2021-08-24T15:07:00,USR_004,USR_003,2957.00,STK_004,1.00,MM_Balance,M_004949
2021-08-24T15:12:00,USR_003,USR_004,2213.67,STK_003,1.13,MM_Balance,M_004943
2021-08-24T15:23:00,USR_004,USR_003,2194.46,STK_003,1.13,MM_Balance,M_004948
2021-08-24T15:29:00,USR_003,USR_004,1983226.04,STK_001,9965.96,MM_Balance,M_004946
2021-08-24T15:32:00,USR_003,USR_004,624.65,STK_005,4.03,MM_Balance,M_004950
2021-08-24T15:33:00,USR_004,USR_003,1983226.04,STK_001,9965.96,MM_Balance,M_004941
2021-08-24T15:34:00,USR_004,USR_003,6942.30,STK_002,4.38,MM_Balance,M_004947
2021-08-24T15:36:00,USR_004,USR_003,624.65,STK_005,4.03,MM_Balance,M_004945
2021-08-24T15:53:00,USR_003,USR_004,9855.00,STK_002,4.38,MM_Balance,M_004942
2021-08-25T15:25:00,USR_003,USR_004,630.85,STK_005,4.07,MM_Balance,M_004960
2021-08-25T15:29:00,USR_004,USR_003,630.85,STK_005,4.07,MM_Balance,M_004955
2021-08-25T15:30:00,USR_003,USR_004,1958090.35,STK_001,9839.65,MM_Balance,M_004956
2021-08-25T15:33:00,USR_004,USR_003,12412.00,STK_002,4.28,MM_Balance,M_004957
2021-08-25T15:35:00,USR_003,USR_004,2801.27,STK_003,1.13,MM_Balance,M_004953
2021-08-25T15:39:00,USR_003,USR_004,2467.00,STK_004,1.00,MM_Balance,M_004954
2021-08-25T15:44:00,USR_004,USR_003,1394.00,STK_004,1.00,MM_Balance,M_004959
2021-08-25T15:47:00,USR_003,USR_004,4549.64,STK_002,4.28,MM_Balance,M_004952
2021-08-25T15:54:00,USR_004,USR_003,1358.26,STK_003,1.13,MM_Balance,M_004958
2021-08-25T15:57:00,USR_004,USR_003,1958090.35,STK_001,9839.65,MM_Balance,M_004951
2021-08-26T10:48:52,USR_003,USR_007,130.00,STK_004,1.00,Normal,M_004962
2021-08-26T13:16:16,USR_004,USR_006,184.00,STK_004,1.00,Normal,M_004961
2021-08-26T15:20:00,USR_004,USR_003,2539.24,STK_003,1.16,MM_Balance,M_004970
2021-08-26T15:29:00,USR_004,USR_003,11376.24,STK_002,4.28,MM_Balance,M_004969
2021-08-26T15:30:00,USR_003,USR_004,6274.48,STK_002,4.28,MM_Balance,M_004964
2021-08-26T15:31:00,USR_003,USR_004,627.75,STK_005,4.05,MM_Balance,M_004972
2021-08-26T15:40:00,USR_004,USR_003,1224.08,STK_004,1.07,MM_Balance,M_004971
2021-08-26T15:42:00,USR_003,USR_004,1985980.20,STK_001,9979.80,MM_Balance,M_004968
2021-08-26T15:45:00,USR_003,USR_004,1244.68,STK_003,1.16,MM_Balance,M_004965
2021-08-26T15:51:00,USR_004,USR_003,627.75,STK_005,4.05,MM_Balance,M_004967
2021-08-26T15:52:00,USR_003,USR_004,1762.29,STK_004,1.07,MM_Balance,M_004966
2021-08-26T15:56:00,USR_004,USR_003,1985980.20,STK_001,9979.80,MM_Balance,M_004963
2021-08-27T12:51:50,USR_003,USR_010,295.00,STK_004,1.00,Normal,M_004973
2021-08-27T15:05:00,USR_004,USR_003,2787.21,STK_004,1.11,MM_Balance,M_004982
2021-08-27T15:07:00,USR_004,USR_003,5941.46,STK_002,4.34,MM_Balance,M_004980
2021-08-27T15:09:00,USR_003,USR_004,3232.71,STK_003,1.17,MM_Balance,M_004976
2021-08-27T15:09:00,USR_004,USR_003,629.30,STK_005,4.06,MM_Balance,M_004978
2021-08-27T15:13:00,USR_003,USR_004,7989.94,STK_002,4.34,MM_Balance,M_004975
2021-08-27T15:25:00,USR_003,USR_004,1975960.55,STK_001,9929.45,MM_Balance,M_004979
2021-08-27T15:30:00,USR_003,USR_004,2667.33,STK_004,1.11,MM_Balance,M_004977
2021-08-27T15:32:00,USR_004,USR_003,1975960.55,STK_001,9929.45,MM_Balance,M_004974
2021-08-27T15:54:00,USR_004,USR_003,2683.98,STK_003,1.17,MM_Balance,M_004981
2021-08-27T15:59:00,USR_003,USR_004,629.30,STK_005,4.06,MM_Balance,M_004983
2021-08-28T10:34:40,USR_004,USR_005,315.00,STK_004,1.00,Normal,M_004984
2021-08-28T15:02:00,USR_003,USR_004,12698.40,STK_002,4.40,MM_Balance,M_004986
2021-08-28T15:12:00,USR_004,USR_003,13178.00,STK_002,4.40,MM_Balance,M_004991
2021-08-28T15:15:00,USR_003,USR_004,632.40,STK_005,4.08,MM_Balance,M_004994
2021-08-28T15:19:00,USR_004,USR_003,2021248.97,STK_001,10157.03,MM_Balance,M_004985
2021-08-28T15:20:00,USR_003,USR_004,2903.98,STK_003,1.18,MM_Balance,M_004987
2021-08-28T15:31:00,USR_003,USR_004,2195.98,STK_004,1.18,MM_Balance,M_004988
2021-08-28T15:32:00,USR_004,USR_003,632.40,STK_005,4.08,MM_Balance,M_004989
2021-08-28T15:33:00,USR_003,USR_004,2021248.97,STK_001,10157.03,MM_Balance,M_004990
2021-08-28T15:44:00,USR_004,USR_003,2035.50,STK_003,1.18,MM_Balance,M_004992
2021-08-28T15:51:00,USR_004,USR_003,1211.86,STK_004,1.18,MM_Balance,M_004993
2021-08-29T15:02:00,USR_003,USR_004,6802.38,STK_002,4.42,MM_Balance,M_004996
2021-08-29T15:03:00,USR_003,USR_004,1997826.67,STK_001,10039.33,MM_Balance,M_005000
2021-08-29T15:03:00,USR_004,USR_003,3208.14,STK_004,1.17,MM_Balance,M_005003
2021-08-29T15:04:00,USR_003,USR_004,1420.38,STK_004,1.17,MM_Balance,M_004998
2021-08-29T15:09:00,USR_004,USR_003,11231.22,STK_002,4.42,MM_Balance,M_005001
2021-08-29T15:17:00,USR_004,USR_003,1997826.67,STK_001,10039.33,MM_Balance,M_004995
2021-08-29T15:19:00,USR_004,USR_003,609.15,STK_005,3.93,MM_Balance,M_004999
2021-08-29T15:32:00,USR_003,USR_004,2102.40,STK_003,1.20,MM_Balance,M_004997
2021-08-29T15:34:00,USR_003,USR_004,609.15,STK_005,3.93,MM_Balance,M_005004
2021-08-29T15:50:00,USR_004,USR_003,2792.40,STK_003,1.20,MM_Balance,M_005002
2021-08-30T12:09:25,USR_004,USR_010,218.88,STK_003,1.14,Normal,M_005005
2021-08-30T15:07:00,USR_003,USR_004,607.60,STK_005,3.92,MM_Balance,M_005015
2021-08-30T15:08:00,USR_004,USR_003,13081.60,STK_002,4.48,MM_Balance,M_005012
2021-08-30T15:13:00,USR_004,USR_003,2497.32,STK_003,1.26,MM_Balance,M_005013
2021-08-30T15:19:00,USR_004,USR_003,607.60,STK_005,3.92,MM_Balance,M_005010
2021-08-30T15:27:00,USR_003,USR_004,1985472.75,STK_001,9977.25,MM_Balance,M_005011
2021-08-30T15:42:00,USR_004,USR_003,2402.48,STK_004,1.18,MM_Balance,M_005014
2021-08-30T15:49:00,USR_003,USR_004,3374.28,STK_003,1.26,MM_Balance,M_005008
2021-08-30T15:51:00,USR_004,USR_003,1985472.75,STK_001,9977.25,MM_Balance,M_005006
2021-08-30T15:54:00,USR_003,USR_004,2933.48,STK_004,1.18,MM_Balance,M_005009
2021-08-30T15:58:00,USR_003,USR_004,4704.00,STK_002,4.48,MM_Balance,M_005007
2021-08-31T10:59:23,USR_004,USR_007,609.15,STK_005,3.93,Normal,M_005016
2021-08-31T15:11:00,USR_004,USR_003,2000819.63,STK_001,10054.37,MM_Balance,M_005017
2021-08-31T15:18:00,USR_004,USR_003,2098.20,STK_003,1.30,MM_Balance,M_005023
2021-08-31T15:24:00,USR_003,USR_004,5249.55,STK_002,4.43,MM_Balance,M_005018
2021-08-31T15:27:00,USR_003,USR_004,2000819.63,STK_001,10054.37,MM_Balance,M_005021
2021-08-31T15:29:00,USR_004,USR_003,4647.07,STK_002,4.43,MM_Balance,M_005022
2021-08-31T15:30:00,USR_004,USR_003,3252.27,STK_004,1.19,MM_Balance,M_005024
2021-08-31T15:35:00,USR_003,USR_004,1483.30,STK_003,1.30,MM_Balance,M_005019
2021-08-31T15:47:00,USR_003,USR_004,2716.77,STK_004,1.19,MM_Balance,M_005020
2021-09-01T10:01:59,USR_004,USR_008,318.75,STK_003,1.25,Normal,M_005026
2021-09-01T12:06:33,USR_004,USR_005,2037503.29,STK_001,10238.71,Normal,M_005025
2021-09-01T15:01:00,USR_003,USR_004,2208.71,STK_003,1.39,MM_Balance,M_005028
2021-09-01T15:09:00,USR_004,USR_003,3700.18,STK_003,1.39,MM_Balance,M_005031
2021-09-01T15:12:00,USR_004,USR_003,13177.08,STK_002,4.41,MM_Balance,M_005030
2021-09-01T15:31:00,USR_003,USR_004,10676.61,STK_002,4.41,MM_Balance,M_005027
2021-09-01T15:51:00,USR_003,USR_004,2631.09,STK_004,1.19,MM_Balance,M_005029
2021-09-01T15:54:00,USR_004,USR_003,3533.11,STK_004,1.19,MM_Balance,M_005032
2021-09-02T09:47:30,USR_004,USR_006,176.89,STK_003,1.33,Normal,M_005034
2021-09-02T10:12:34,USR_005,USR_004,221.00,STK_004,1.00,Normal,M_005033
2021-09-02T14:51:20,USR_003,USR_010,475.80,STK_002,3.90,Normal,M_005035
2021-09-02T15:18:00,USR_004,USR_003,1779.54,STK_004,1.14,MM_Balance,M_005041
2021-09-02T15:19:00,USR_004,USR_003,10308.48,STK_002,4.48,MM_Balance,M_005039
2021-09-02T15:25:00,USR_004,USR_003,3813.81,STK_003,1.43,MM_Balance,M_005040
2021-09-02T15:26:00,USR_003,USR_004,12651.52,STK_002,4.48,MM_Balance,M_005036
2021-09-02T15:30:00,USR_003,USR_004,1358.88,STK_004,1.14,MM_Balance,M_005038
2021-09-02T15:39:00,USR_003,USR_004,2478.19,STK_003,1.43,MM_Balance,M_005037
2021-09-03T12:57:19,USR_003,USR_008,260.00,STK_004,1.00,Normal,M_005042
2021-09-03T15:11:00,USR_003,USR_004,3301.87,STK_003,1.43,MM_Balance,M_005044
2021-09-03T15:11:00,USR_004,USR_003,1216.05,STK_004,1.21,MM_Balance,M_005048
2021-09-03T15:13:00,USR_004,USR_003,1505.79,STK_003,1.43,MM_Balance,M_005047
2021-09-03T15:28:00,USR_003,USR_004,2907.63,STK_004,1.21,MM_Balance,M_005045
2021-09-03T15:37:00,USR_003,USR_004,7780.50,STK_002,4.50,MM_Balance,M_005043
2021-09-03T15:38:00,USR_004,USR_003,7249.50,STK_002,4.50,MM_Balance,M_005046
2021-09-04T15:00:00,USR_004,USR_003,2324.32,STK_003,1.46,MM_Balance,M_005058
2021-09-04T15:07:00,USR_003,USR_004,5271.70,STK_002,4.43,MM_Balance,M_005054
2021-09-04T15:15:00,USR_004,USR_003,1964.16,STK_004,1.24,MM_Balance,M_005059
2021-09-04T15:33:00,USR_003,USR_004,2575.48,STK_004,1.24,MM_Balance,M_005056
2021-09-04T15:50:00,USR_003,USR_004,3541.96,STK_003,1.46,MM_Balance,M_005055
2021-09-04T15:55:00,USR_004,USR_003,5643.82,STK_002,4.43,MM_Balance,M_005057
2021-09-05T10:05:27,USR_003,USR_010,705.76,STK_002,4.01,Normal,M_005060
2021-09-05T15:03:00,USR_004,USR_003,3859.56,STK_003,1.42,MM_Balance,M_005065
2021-09-05T15:21:00,USR_004,USR_003,5809.80,STK_002,4.60,MM_Balance,M_005064
2021-09-05T15:29:00,USR_003,USR_004,3014.66,STK_003,1.42,MM_Balance,M_005062
2021-09-05T15:35:00,USR_004,USR_003,2893.75,STK_004,1.25,MM_Balance,M_005066
2021-09-05T15:39:00,USR_003,USR_004,1365.00,STK_004,1.25,MM_Balance,M_005063
2021-09-05T15:51:00,USR_003,USR_004,9177.00,STK_002,4.60,MM_Balance,M_005061
2021-09-06T13:25:47,USR_005,USR_003,418.08,STK_002,4.02,Normal,M_005067
2021-09-06T15:06:00,USR_004,USR_003,4719.25,STK_002,4.39,MM_Balance,M_005071
2021-09-06T15:16:00,USR_004,USR_003,1627.14,STK_003,1.41,MM_Balance,M_005072
2021-09-06T15:18:00,USR_003,USR_004,1895.04,STK_003,1.41,MM_Balance,M_005069
2021-09-06T15:18:00,USR_003,USR_004,1447.16,STK_004,1.21,MM_Balance,M_005070
2021-09-06T15:37:00,USR_004,USR_003,3039.52,STK_004,1.21,MM_Balance,M_005073
2021-09-06T15:53:00,USR_003,USR_004,12616.86,STK_002,4.39,MM_Balance,M_005068
2021-09-07T10:22:12,USR_004,USR_006,107.73,STK_003,1.33,Normal,M_005074
2021-09-07T15:07:00,USR_004,USR_003,4197.52,STK_003,1.42,MM_Balance,M_005079
2021-09-07T15:11:00,USR_004,USR_003,7429.44,STK_002,4.26,MM_Balance,M_005078
2021-09-07T15:14:00,USR_003,USR_004,1770.72,STK_004,1.24,MM_Balance,M_005077
2021-09-07T15:15:00,USR_004,USR_003,1641.76,STK_004,1.24,MM_Balance,M_005080
2021-09-07T15:34:00,USR_003,USR_004,2164.08,STK_003,1.42,MM_Balance,M_005076
2021-09-07T15:48:00,USR_003,USR_004,5252.58,STK_002,4.26,MM_Balance,M_005075
2021-09-08T15:14:00,USR_003,USR_004,3753.00,STK_003,1.39,MM_Balance,M_005086
2021-09-08T15:31:00,USR_004,USR_003,1933.75,STK_004,1.25,MM_Balance,M_005090
2021-09-08T15:39:00,USR_003,USR_004,5847.27,STK_002,4.29,MM_Balance,M_005085
2021-09-08T15:52:00,USR_004,USR_003,7546.11,STK_002,4.29,MM_Balance,M_005088
2021-09-08T15:53:00,USR_003,USR_004,2285.00,STK_004,1.25,MM_Balance,M_005087
2021-09-08T15:54:00,USR_004,USR_003,2991.28,STK_003,1.39,MM_Balance,M_005089
2021-09-09T15:14:00,USR_003,USR_004,3287.35,STK_003,1.39,MM_Balance,M_005092
2021-09-09T15:18:00,USR_004,USR_003,5693.95,STK_002,4.33,MM_Balance,M_005094
2021-09-09T15:35:00,USR_003,USR_004,1753.98,STK_004,1.23,MM_Balance,M_005093
2021-09-09T15:46:00,USR_003,USR_004,8179.37,STK_002,4.33,MM_Balance,M_005091
2021-09-09T15:58:00,USR_004,USR_003,3886.44,STK_003,1.39,MM_Balance,M_005095
2021-09-09T15:59:00,USR_004,USR_003,2473.53,STK_004,1.23,MM_Balance,M_005096
2021-09-10T15:01:00,USR_004,USR_003,6439.29,STK_002,4.29,MM_Balance,M_005106
2021-09-10T15:13:00,USR_004,USR_003,3658.38,STK_003,1.38,MM_Balance,M_005107
2021-09-10T15:24:00,USR_004,USR_003,1571.08,STK_004,1.24,MM_Balance,M_005108
2021-09-10T15:25:00,USR_003,USR_004,1496.68,STK_004,1.24,MM_Balance,M_005105
2021-09-10T15:32:00,USR_003,USR_004,3283.02,STK_003,1.38,MM_Balance,M_005104
2021-09-10T15:55:00,USR_003,USR_004,7400.25,STK_002,4.29,MM_Balance,M_005103
2021-09-11T15:06:00,USR_004,USR_003,9852.32,STK_002,4.43,MM_Balance,M_005112
2021-09-11T15:13:00,USR_004,USR_003,1237.83,STK_004,1.21,MM_Balance,M_005114
2021-09-11T15:17:00,USR_003,USR_004,10255.45,STK_002,4.43,MM_Balance,M_005109
2021-09-11T15:37:00,USR_003,USR_004,3444.88,STK_003,1.36,MM_Balance,M_005110
2021-09-11T15:47:00,USR_004,USR_003,1746.24,STK_003,1.36,MM_Balance,M_005113
2021-09-11T15:53:00,USR_003,USR_004,2171.95,STK_004,1.21,MM_Balance,M_005111
2021-09-12T14:30:45,USR_004,USR_009,23.00,STK_004,1.00,Normal,M_005115
2021-09-12T14:41:57,USR_003,USR_008,96.00,STK_004,1.00,Normal,M_005116
2021-09-12T14:49:32,USR_003,USR_010,300.00,STK_004,1.00,Normal,M_005117
2021-09-12T15:02:00,USR_004,USR_003,6902.88,STK_002,4.38,MM_Balance,M_005121
2021-09-12T15:04:00,USR_004,USR_003,3959.70,STK_004,1.34,MM_Balance,M_005123
2021-09-12T15:17:00,USR_003,USR_004,6456.12,STK_002,4.38,MM_Balance,M_005118
2021-09-12T15:30:00,USR_003,USR_004,1945.35,STK_003,1.35,MM_Balance,M_005119
2021-09-12T15:30:00,USR_003,USR_004,3626.04,STK_004,1.34,MM_Balance,M_005120
2021-09-12T15:46:00,USR_004,USR_003,1594.35,STK_003,1.35,MM_Balance,M_005122
2021-09-13T14:36:49,USR_003,USR_007,35.09,STK_003,1.21,Normal,M_005124
2021-09-13T14:58:53,USR_006,USR_003,185.65,STK_005,3.95,Normal,M_005125
2021-09-13T15:03:00,USR_004,USR_003,8101.43,STK_002,4.33,MM_Balance,M_005129
2021-09-13T15:09:00,USR_003,USR_004,3804.30,STK_004,1.35,MM_Balance,M_005128
2021-09-13T15:32:00,USR_003,USR_004,6616.24,STK_002,4.33,MM_Balance,M_005126
2021-09-13T15:35:00,USR_003,USR_004,2234.22,STK_003,1.38,MM_Balance,M_005127
2021-09-13T15:42:00,USR_004,USR_003,2978.04,STK_003,1.38,MM_Balance,M_005130
2021-09-13T15:53:00,USR_004,USR_003,2691.90,STK_004,1.35,MM_Balance,M_005131
2021-09-13T15:58:00,USR_003,USR_004,181.42,STK_005,3.86,MM_Balance,M_005132
2021-09-14T10:44:39,USR_004,USR_008,188.47,STK_005,4.01,Normal,M_005134
2021-09-14T13:43:22,USR_003,USR_007,94.01,STK_003,1.19,Normal,M_005133
2021-09-14T15:24:00,USR_003,USR_004,2726.80,STK_004,1.36,MM_Balance,M_005137
2021-09-14T15:27:00,USR_003,USR_004,13048.82,STK_002,4.37,MM_Balance,M_005135
2021-09-14T15:32:00,USR_003,USR_004,3752.43,STK_003,1.37,MM_Balance,M_005136
2021-09-14T15:35:00,USR_004,USR_003,6506.93,STK_002,4.37,MM_Balance,M_005138
2021-09-14T15:39:00,USR_004,USR_003,2199.12,STK_004,1.36,MM_Balance,M_005140
2021-09-14T15:58:00,USR_004,USR_003,1474.12,STK_003,1.37,MM_Balance,M_005139
2021-09-15T09:58:04,USR_003,USR_005,729.43,STK_002,4.03,Normal,M_005141
2021-09-15T15:08:00,USR_003,USR_004,1365.44,STK_004,1.36,MM_Balance,M_005144
2021-09-15T15:11:00,USR_003,USR_004,7574.16,STK_002,4.56,MM_Balance,M_005142
2021-09-15T15:19:00,USR_003,USR_004,3393.90,STK_003,1.35,MM_Balance,M_005143
2021-09-15T15:33:00,USR_004,USR_003,2809.76,STK_004,1.36,MM_Balance,M_005147
2021-09-15T15:34:00,USR_004,USR_003,2963.25,STK_003,1.35,MM_Balance,M_005146
2021-09-15T15:45:00,USR_004,USR_003,13283.28,STK_002,4.56,MM_Balance,M_005145
2021-09-16T13:38:51,USR_004,USR_006,336.00,STK_002,1.00,Normal,M_005148
2021-09-16T15:18:00,USR_004,USR_003,5704.72,STK_002,4.88,MM_Balance,M_005152
2021-09-16T15:23:00,USR_003,USR_004,2524.02,STK_003,1.38,MM_Balance,M_005150
2021-09-16T15:24:00,USR_003,USR_004,2096.10,STK_004,1.37,MM_Balance,M_005151
2021-09-16T15:48:00,USR_003,USR_004,6207.36,STK_002,4.88,MM_Balance,M_005149
2021-09-16T15:52:00,USR_004,USR_003,1383.70,STK_004,1.37,MM_Balance,M_005154
2021-09-16T15:53:00,USR_004,USR_003,1693.26,STK_003,1.38,MM_Balance,M_005153
2021-09-17T11:02:01,USR_003,USR_006,58.11,STK_002,4.47,Normal,M_005156
2021-09-17T11:58:31,USR_002,USR_004,13871.00,STK_004,1.00,Normal,M_005155
2021-09-17T15:00:00,USR_003,USR_004,1581.00,STK_004,1.00,MM_Balance,M_005159
2021-09-17T15:00:00,USR_004,USR_003,1065.00,STK_004,1.00,MM_Balance,M_005162
2021-09-17T15:11:00,USR_003,USR_004,1863.20,STK_003,1.36,MM_Balance,M_005158
2021-09-17T15:12:00,USR_004,USR_003,10198.07,STK_002,4.91,MM_Balance,M_005160
2021-09-17T15:35:00,USR_003,USR_004,6343.72,STK_002,4.91,MM_Balance,M_005157
2021-09-17T15:37:00,USR_004,USR_003,3047.76,STK_003,1.36,MM_Balance,M_005161
2021-09-18T12:46:16,USR_001,USR_004,2051.00,STK_004,1.00,Normal,M_005170
2021-09-18T15:19:00,USR_003,USR_004,2049.52,STK_003,1.37,MM_Balance,M_005172
2021-09-18T15:21:00,USR_003,USR_004,2255.00,STK_004,1.00,MM_Balance,M_005173
2021-09-18T15:29:00,USR_004,USR_003,3614.06,STK_003,1.37,MM_Balance,M_005175
2021-09-18T15:30:00,USR_004,USR_003,7929.11,STK_002,4.99,MM_Balance,M_005174
2021-09-18T15:55:00,USR_003,USR_004,14286.37,STK_002,4.99,MM_Balance,M_005171
2021-09-18T15:56:00,USR_004,USR_003,2500.00,STK_004,1.00,MM_Balance,M_005176
2021-09-19T11:40:49,USR_010,USR_004,543.72,STK_005,3.94,Normal,M_005177
2021-09-19T15:19:00,USR_003,USR_004,518.88,STK_005,3.76,MM_Balance,M_005185
2021-09-19T15:20:00,USR_003,USR_004,10591.07,STK_002,4.97,MM_Balance,M_005178
2021-09-19T15:26:00,USR_004,USR_003,3601.64,STK_003,1.33,MM_Balance,M_005183
2021-09-19T15:31:00,USR_003,USR_004,3821.09,STK_003,1.33,MM_Balance,M_005179
2021-09-19T15:36:00,USR_003,USR_004,2213.00,STK_004,1.00,MM_Balance,M_005180
2021-09-19T15:36:00,USR_004,USR_003,6868.54,STK_002,4.97,MM_Balance,M_005182
2021-09-19T15:40:00,USR_004,USR_003,2160.00,STK_004,1.00,MM_Balance,M_005184
2021-09-19T15:49:00,USR_004,USR_003,518.88,STK_005,3.76,MM_Balance,M_005181
2021-09-20T10:20:55,USR_004,USR_006,83.00,STK_004,1.00,Normal,M_005186
2021-09-20T13:00:00,USR_001,USR_003,120027.75,STK_003,0.95,Panic_Dump_Whale,M_005195
2021-09-20T13:00:05,USR_005,USR_003,1017.52,STK_003,0.79,Panic_Dump_Retail,M_005196
2021-09-20T13:00:06,USR_006,USR_004,506.66,STK_003,0.77,Panic_Dump_Retail,M_005197
2021-09-20T13:00:11,USR_007,USR_003,1157.56,STK_003,0.86,Panic_Dump_Retail,M_005198
2021-09-20T13:00:18,USR_008,USR_003,784.08,STK_003,0.81,Panic_Dump_Retail,M_005199
2021-09-20T13:00:26,USR_009,USR_004,226.16,STK_003,0.88,Panic_Dump_Retail,M_005200
2021-09-20T13:00:27,USR_010,USR_004,251.94,STK_003,0.78,Panic_Dump_Retail,M_005201
2021-09-20T15:01:00,USR_003,USR_004,2967.00,STK_003,1.29,MM_Balance,M_005188
2021-09-20T15:17:00,USR_004,USR_003,8169.45,STK_002,5.09,MM_Balance,M_005191
2021-09-20T15:22:00,USR_003,USR_004,6545.74,STK_002,5.09,MM_Balance,M_005187
2021-09-20T15:30:00,USR_003,USR_004,1453.92,STK_004,1.04,MM_Balance,M_005189
2021-09-20T15:39:00,USR_004,USR_003,517.50,STK_005,3.75,MM_Balance,M_005190
2021-09-20T15:49:00,USR_004,USR_003,2503.89,STK_003,1.29,MM_Balance,M_005192
2021-09-20T15:51:00,USR_003,USR_004,517.50,STK_005,3.75,MM_Balance,M_005194
2021-09-20T15:58:00,USR_004,USR_003,2870.40,STK_004,1.04,MM_Balance,M_005193
2021-09-21T12:34:33,USR_003,USR_010,1640.04,STK_002,4.74,Normal,M_005202
2021-09-21T15:02:00,USR_003,USR_004,8105.02,STK_002,5.54,MM_Balance,M_005203
2021-09-21T15:05:00,USR_003,USR_004,528.54,STK_005,3.83,MM_Balance,M_005210
2021-09-21T15:08:00,USR_004,USR_003,2751.96,STK_004,1.02,MM_Balance,M_005209
2021-09-21T15:10:00,USR_004,USR_003,3036.44,STK_003,1.03,MM_Balance,M_005208
2021-09-21T15:27:00,USR_003,USR_004,2283.78,STK_004,1.02,MM_Balance,M_005205
2021-09-21T15:31:00,USR_004,USR_003,6664.62,STK_002,5.54,MM_Balance,M_005207
2021-09-21T15:57:00,USR_004,USR_003,528.54,STK_005,3.83,MM_Balance,M_005206
2021-09-21T15:58:00,USR_003,USR_004,1072.23,STK_003,1.03,MM_Balance,M_005204
2021-09-22T11:27:39,USR_003,USR_007,989.38,STK_002,5.18,Normal,M_005211
2021-09-22T14:20:20,USR_003,USR_010,1431.08,STK_002,5.38,Normal,M_005212
2021-09-22T14:49:30,USR_003,USR_002,66941.20,STK_002,5.65,Normal,M_005213
2021-09-22T15:03:00,USR_004,USR_003,20853.08,STK_002,20.77,MM_Balance,M_005217
2021-09-22T15:06:00,USR_004,USR_003,1937.43,STK_004,1.03,MM_Balance,M_005219
2021-09-22T15:11:00,USR_003,USR_004,524.40,STK_005,3.80,MM_Balance,M_005220
2021-09-22T15:15:00,USR_003,USR_004,2339.16,STK_003,1.01,MM_Balance,M_005214
2021-09-22T15:38:00,USR_004,USR_003,524.40,STK_005,3.80,MM_Balance,M_005216
2021-09-22T15:39:00,USR_003,USR_004,1817.95,STK_004,1.03,MM_Balance,M_005215
2021-09-22T15:45:00,USR_004,USR_003,1389.76,STK_003,1.01,MM_Balance,M_005218
2021-09-23T12:37:56,USR_003,USR_010,126.00,STK_004,1.00,Normal,M_005221
2021-09-23T13:45:59,USR_005,USR_003,4295.25,STK_002,20.75,Normal,M_005222
2021-09-23T15:00:00,USR_003,USR_004,2004.45,STK_004,1.05,MM_Balance,M_005224
2021-09-23T15:03:00,USR_003,USR_004,525.78,STK_005,3.81,MM_Balance,M_005229
2021-09-23T15:05:00,USR_004,USR_003,58602.88,STK_002,20.32,MM_Balance,M_005226
2021-09-23T15:18:00,USR_003,USR_004,2578.09,STK_003,1.03,MM_Balance,M_005223
2021-09-23T15:18:00,USR_004,USR_003,525.78,STK_005,3.81,MM_Balance,M_005225
2021-09-23T15:26:00,USR_004,USR_003,3133.20,STK_004,1.05,MM_Balance,M_005228
2021-09-23T15:31:00,USR_004,USR_003,3083.82,STK_003,1.03,MM_Balance,M_005227
2021-09-24T15:05:00,USR_003,USR_004,538.20,STK_005,3.90,MM_Balance,M_005237
2021-09-24T15:09:00,USR_003,USR_004,1328.08,STK_003,1.04,MM_Balance,M_005231
2021-09-24T15:14:00,USR_004,USR_003,1921.92,STK_004,1.04,MM_Balance,M_005236
2021-09-24T15:21:00,USR_003,USR_004,28913.02,STK_002,20.39,MM_Balance,M_005230
2021-09-24T15:22:00,USR_004,USR_003,538.20,STK_005,3.90,MM_Balance,M_005233
2021-09-24T15:31:00,USR_003,USR_004,2496.00,STK_004,1.04,MM_Balance,M_005232
2021-09-24T15:32:00,USR_004,USR_003,2418.00,STK_003,1.04,MM_Balance,M_005235
2021-09-24T15:52:00,USR_004,USR_003,36192.25,STK_002,20.39,MM_Balance,M_005234
2021-09-25T13:28:51,USR_003,USR_006,2252.72,STK_002,19.42,Normal,M_005238
2021-09-25T15:06:00,USR_004,USR_003,1094.84,STK_003,1.01,MM_Balance,M_005244
2021-09-25T15:13:00,USR_004,USR_003,58890.52,STK_002,20.78,MM_Balance,M_005243
2021-09-25T15:17:00,USR_004,USR_003,2672.85,STK_004,1.03,MM_Balance,M_005245
2021-09-25T15:21:00,USR_004,USR_003,529.92,STK_005,3.84,MM_Balance,M_005242
2021-09-25T15:24:00,USR_003,USR_004,529.92,STK_005,3.84,MM_Balance,M_005246
2021-09-25T15:31:00,USR_003,USR_004,1223.11,STK_003,1.01,MM_Balance,M_005240
2021-09-25T15:34:00,USR_003,USR_004,52905.88,STK_002,20.78,MM_Balance,M_005239
2021-09-25T15:43:00,USR_003,USR_004,2720.23,STK_004,1.03,MM_Balance,M_005241
2021-09-26T15:08:00,USR_003,USR_004,521.64,STK_005,3.78,MM_Balance,M_005254
2021-09-26T15:18:00,USR_004,USR_003,521.64,STK_005,3.78,MM_Balance,M_005250
2021-09-26T15:19:00,USR_004,USR_003,1085.76,STK_004,1.04,MM_Balance,M_005253
2021-09-26T15:23:00,USR_004,USR_003,2499.00,STK_003,1.02,MM_Balance,M_005252
2021-09-26T15:30:00,USR_003,USR_004,2301.12,STK_003,1.02,MM_Balance,M_005248
2021-09-26T15:33:00,USR_003,USR_004,1593.28,STK_004,1.04,MM_Balance,M_005249
2021-09-26T15:52:00,USR_004,USR_003,33095.60,STK_002,21.08,MM_Balance,M_005251
2021-09-26T15:59:00,USR_003,USR_004,34634.44,STK_002,21.08,MM_Balance,M_005247
2021-09-27T13:58:48,USR_008,USR_003,239.00,STK_004,1.00,Normal,M_005255
2021-09-27T15:00:00,USR_004,USR_003,518.88,STK_005,3.76,MM_Balance,M_005259
2021-09-27T15:08:00,USR_003,USR_004,60057.10,STK_002,21.65,MM_Balance,M_005256
2021-09-27T15:27:00,USR_003,USR_004,1632.16,STK_004,1.01,MM_Balance,M_005258
2021-09-27T15:31:00,USR_003,USR_004,518.88,STK_005,3.76,MM_Balance,M_005263
2021-09-27T15:35:00,USR_004,USR_003,1964.45,STK_003,1.01,MM_Balance,M_005261
2021-09-27T15:36:00,USR_003,USR_004,1280.68,STK_003,1.01,MM_Balance,M_005257
2021-09-27T15:57:00,USR_004,USR_003,34618.35,STK_002,21.65,MM_Balance,M_005260
2021-09-27T15:58:00,USR_004,USR_003,1602.87,STK_004,1.01,MM_Balance,M_005262
2021-09-28T10:55:13,USR_003,USR_009,134.00,STK_004,1.00,Normal,M_005264
2021-09-28T15:04:00,USR_004,USR_003,27155.86,STK_002,22.06,MM_Balance,M_005269
2021-09-28T15:08:00,USR_004,USR_003,518.88,STK_005,3.76,MM_Balance,M_005268
2021-09-28T15:25:00,USR_003,USR_004,44097.94,STK_002,22.06,MM_Balance,M_005265
2021-09-28T15:25:00,USR_003,USR_004,1024.00,STK_003,1.00,MM_Balance,M_005266
2021-09-28T15:40:00,USR_003,USR_004,1887.99,STK_004,1.03,MM_Balance,M_005267
2021-09-28T15:50:00,USR_004,USR_003,2808.00,STK_003,1.00,MM_Balance,M_005270
2021-09-28T15:52:00,USR_004,USR_003,1086.65,STK_004,1.03,MM_Balance,M_005271
2021-09-28T15:56:00,USR_003,USR_004,518.88,STK_005,3.76,MM_Balance,M_005272
2021-09-29T15:16:00,USR_003,USR_004,521.64,STK_005,3.78,MM_Balance,M_005279
2021-09-29T15:26:00,USR_004,USR_003,63517.46,STK_002,22.07,MM_Balance,M_005276
2021-09-29T15:27:00,USR_004,USR_003,521.64,STK_005,3.78,MM_Balance,M_005275
2021-09-29T15:43:00,USR_003,USR_004,2333.10,STK_003,1.01,MM_Balance,M_005273
2021-09-29T15:45:00,USR_004,USR_003,2184.63,STK_003,1.01,MM_Balance,M_005277
2021-09-29T15:55:00,USR_004,USR_003,1305.92,STK_004,1.06,MM_Balance,M_005278
2021-09-29T15:58:00,USR_003,USR_004,2376.52,STK_004,1.06,MM_Balance,M_005274
2021-09-30T15:02:00,USR_003,USR_004,1473.15,STK_004,1.05,MM_Balance,M_005289
2021-09-30T15:16:00,USR_004,USR_003,2230.20,STK_004,1.05,MM_Balance,M_005293
2021-09-30T15:18:00,USR_004,USR_003,39520.39,STK_002,22.19,MM_Balance,M_005291
2021-09-30T15:19:00,USR_003,USR_004,43869.63,STK_002,22.19,MM_Balance,M_005287
2021-09-30T15:22:00,USR_003,USR_004,1670.54,STK_003,1.01,MM_Balance,M_005288
2021-09-30T15:31:00,USR_004,USR_003,1237.25,STK_003,1.01,MM_Balance,M_005292
2021-09-30T15:59:00,USR_004,USR_003,523.02,STK_005,3.79,MM_Balance,M_005290
2021-09-30T15:59:00,USR_003,USR_004,523.02,STK_005,3.79,MM_Balance,M_005294
2021-10-01T15:02:00,USR_004,USR_003,521.64,STK_005,3.78,MM_Balance,M_005298
2021-10-01T15:04:00,USR_003,USR_004,1976.29,STK_004,1.07,MM_Balance,M_005297
2021-10-01T15:12:00,USR_003,USR_004,2359.00,STK_003,1.00,MM_Balance,M_005296
2021-10-01T15:12:00,USR_004,USR_003,1767.00,STK_003,1.00,MM_Balance,M_005300
2021-10-01T15:22:00,USR_003,USR_004,42173.56,STK_002,22.22,MM_Balance,M_005295
2021-10-01T15:22:00,USR_003,USR_004,521.64,STK_005,3.78,MM_Balance,M_005302
2021-10-01T15:34:00,USR_004,USR_003,37351.82,STK_002,22.22,MM_Balance,M_005299
2021-10-01T15:41:00,USR_004,USR_003,1851.10,STK_004,1.07,MM_Balance,M_005301
2021-10-02T12:36:12,USR_005,USR_003,1826.13,STK_002,20.99,Normal,M_005308
2021-10-02T15:15:00,USR_004,USR_003,1303.26,STK_004,1.07,MM_Balance,M_005315
2021-10-02T15:19:00,USR_004,USR_003,2932.00,STK_003,1.00,MM_Balance,M_005314
2021-10-02T15:20:00,USR_003,USR_004,1628.54,STK_004,1.07,MM_Balance,M_005311
2021-10-02T15:23:00,USR_004,USR_003,525.78,STK_005,3.81,MM_Balance,M_005312
2021-10-02T15:30:00,USR_003,USR_004,29532.92,STK_002,21.62,MM_Balance,M_005309
2021-10-02T15:34:00,USR_003,USR_004,525.78,STK_005,3.81,MM_Balance,M_005316
2021-10-02T15:37:00,USR_003,USR_004,1880.00,STK_003,1.00,MM_Balance,M_005310
2021-10-02T15:55:00,USR_004,USR_003,27176.34,STK_002,21.62,MM_Balance,M_005313
2021-10-03T13:52:32,USR_004,USR_008,312.66,STK_005,3.86,Normal,M_005317
2021-10-03T15:04:00,USR_003,USR_004,1311.99,STK_003,1.01,MM_Balance,M_005319
2021-10-03T15:06:00,USR_003,USR_004,220.02,STK_005,3.86,MM_Balance,M_005325
2021-10-03T15:09:00,USR_003,USR_004,2855.64,STK_004,1.06,MM_Balance,M_005320
2021-10-03T15:12:00,USR_004,USR_003,220.02,STK_005,3.86,MM_Balance,M_005321
2021-10-03T15:13:00,USR_004,USR_003,42981.48,STK_002,21.48,MM_Balance,M_005322
2021-10-03T15:28:00,USR_003,USR_004,21845.16,STK_002,21.48,MM_Balance,M_005318
2021-10-03T15:47:00,USR_004,USR_003,1731.14,STK_003,1.01,MM_Balance,M_005323
2021-10-03T15:52:00,USR_004,USR_003,2902.28,STK_004,1.06,MM_Balance,M_005324
2021-10-04T15:01:00,USR_003,USR_004,1042.32,STK_003,1.01,MM_Balance,M_005327
2021-10-04T15:04:00,USR_003,USR_004,216.60,STK_005,3.80,MM_Balance,M_005333
2021-10-04T15:08:00,USR_004,USR_003,216.60,STK_005,3.80,MM_Balance,M_005329
2021-10-04T15:10:00,USR_003,USR_004,1389.66,STK_004,1.06,MM_Balance,M_005328
2021-10-04T15:12:00,USR_004,USR_003,2300.78,STK_003,1.01,MM_Balance,M_005331
2021-10-04T15:18:00,USR_003,USR_004,29344.02,STK_002,20.99,MM_Balance,M_005326
2021-10-04T15:49:00,USR_004,USR_003,29406.99,STK_002,20.99,MM_Balance,M_005330
2021-10-04T15:53:00,USR_004,USR_003,1335.60,STK_004,1.06,MM_Balance,M_005332
2021-10-05T13:06:47,USR_003,USR_010,59.00,STK_003,1.00,Normal,M_005334
2021-10-05T15:02:00,USR_003,USR_004,42956.48,STK_002,21.14,MM_Balance,M_005335
2021-10-05T15:16:00,USR_003,USR_004,2512.20,STK_004,1.06,MM_Balance,M_005337
2021-10-05T15:20:00,USR_004,USR_003,30674.14,STK_002,21.14,MM_Balance,M_005339
2021-10-05T15:21:00,USR_004,USR_003,222.30,STK_005,3.90,MM_Balance,M_005338
2021-10-05T15:22:00,USR_003,USR_004,1857.42,STK_003,1.02,MM_Balance,M_005336
2021-10-05T15:31:00,USR_003,USR_004,222.30,STK_005,3.90,MM_Balance,M_005341
2021-10-05T15:32:00,USR_004,USR_003,2161.34,STK_004,1.06,MM_Balance,M_005340
2021-10-06T15:01:00,USR_004,USR_003,2643.17,STK_003,1.01,MM_Balance,M_005354
2021-10-06T15:02:00,USR_003,USR_004,1015.05,STK_003,1.01,MM_Balance,M_005350
2021-10-06T15:08:00,USR_003,USR_004,49482.77,STK_002,20.87,MM_Balance,M_005349
2021-10-06T15:19:00,USR_004,USR_003,24543.12,STK_002,20.87,MM_Balance,M_005353
2021-10-06T15:34:00,USR_004,USR_003,224.01,STK_005,3.93,MM_Balance,M_005352
2021-10-06T15:37:00,USR_004,USR_003,1234.80,STK_004,1.05,MM_Balance,M_005355
2021-10-06T15:49:00,USR_003,USR_004,224.01,STK_005,3.93,MM_Balance,M_005356
2021-10-06T15:56:00,USR_003,USR_004,2531.55,STK_004,1.05,MM_Balance,M_005351
2021-10-07T12:19:08,USR_003,USR_010,11.00,STK_004,1.00,Normal,M_005360
2021-10-07T15:05:00,USR_004,USR_003,1887.69,STK_003,1.01,MM_Balance,M_005366
2021-10-07T15:26:00,USR_004,USR_003,2731.62,STK_004,1.06,MM_Balance,M_005367
2021-10-07T15:28:00,USR_004,USR_003,47639.78,STK_002,20.74,MM_Balance,M_005365
2021-10-07T15:34:00,USR_003,USR_004,224.58,STK_005,3.94,MM_Balance,M_005368
2021-10-07T15:43:00,USR_003,USR_004,2301.79,STK_003,1.01,MM_Balance,M_005362
2021-10-07T15:47:00,USR_003,USR_004,2409.38,STK_004,1.06,MM_Balance,M_005363
2021-10-07T15:56:00,USR_003,USR_004,43823.62,STK_002,20.74,MM_Balance,M_005361
2021-10-07T15:59:00,USR_004,USR_003,224.58,STK_005,3.94,MM_Balance,M_005364
2021-10-08T15:06:00,USR_004,USR_003,1285.00,STK_003,1.00,MM_Balance,M_005374
2021-10-08T15:19:00,USR_004,USR_003,2554.29,STK_004,1.01,MM_Balance,M_005375
2021-10-08T15:27:00,USR_003,USR_004,226.29,STK_005,3.97,MM_Balance,M_005376
2021-10-08T15:32:00,USR_004,USR_003,47788.36,STK_002,21.08,MM_Balance,M_005373
2021-10-08T15:35:00,USR_003,USR_004,50465.52,STK_002,21.08,MM_Balance,M_005369
2021-10-08T15:49:00,USR_003,USR_004,2381.00,STK_003,1.00,MM_Balance,M_005370
2021-10-08T15:55:00,USR_003,USR_004,1027.17,STK_004,1.01,MM_Balance,M_005371
2021-10-08T15:59:00,USR_004,USR_003,226.29,STK_005,3.97,MM_Balance,M_005372
2021-10-09T15:05:00,USR_003,USR_004,1050.00,STK_003,1.00,MM_Balance,M_005378
2021-10-09T15:27:00,USR_004,USR_003,28538.24,STK_002,20.74,MM_Balance,M_005381
2021-10-09T15:28:00,USR_004,USR_003,1890.00,STK_003,1.00,MM_Balance,M_005382
2021-10-09T15:34:00,USR_003,USR_004,39094.90,STK_002,20.74,MM_Balance,M_005377
2021-10-09T15:41:00,USR_003,USR_004,226.86,STK_005,3.98,MM_Balance,M_005384
2021-10-09T15:44:00,USR_004,USR_003,2167.00,STK_004,1.00,MM_Balance,M_005383
2021-10-09T15:49:00,USR_003,USR_004,2800.00,STK_004,1.00,MM_Balance,M_005379
2021-10-09T15:59:00,USR_004,USR_003,226.86,STK_005,3.98,MM_Balance,M_005380
2021-10-10T13:26:55,USR_004,USR_007,255.00,STK_003,1.00,Normal,M_005385
2021-10-10T15:01:00,USR_003,USR_004,1649.00,STK_004,1.00,MM_Balance,M_005388
2021-10-10T15:04:00,USR_004,USR_003,2170.00,STK_004,1.00,MM_Balance,M_005392
2021-10-10T15:30:00,USR_004,USR_003,1758.75,STK_003,1.05,MM_Balance,M_005391
2021-10-10T15:35:00,USR_003,USR_004,59912.52,STK_002,20.89,MM_Balance,M_005386
2021-10-10T15:45:00,USR_004,USR_003,222.87,STK_005,3.91,MM_Balance,M_005389
2021-10-10T15:47:00,USR_003,USR_004,3113.25,STK_003,1.05,MM_Balance,M_005387
2021-10-10T15:55:00,USR_003,USR_004,222.87,STK_005,3.91,MM_Balance,M_005393
2021-10-10T15:57:00,USR_004,USR_003,25548.47,STK_002,20.89,MM_Balance,M_005390
2021-10-11T11:10:17,USR_003,USR_007,12.00,STK_003,1.00,Normal,M_005394
2021-10-11T15:01:00,USR_003,USR_004,2361.30,STK_003,1.02,MM_Balance,M_005395
2021-10-11T15:06:00,USR_004,USR_003,225.15,STK_005,3.95,MM_Balance,M_005397
2021-10-11T15:12:00,USR_003,USR_004,2207.00,STK_004,1.00,MM_Balance,M_005396
2021-10-11T15:17:00,USR_004,USR_003,2010.00,STK_004,1.00,MM_Balance,M_005400
2021-10-11T15:40:00,USR_004,USR_003,2765.22,STK_003,1.02,MM_Balance,M_005399
2021-10-11T15:41:00,USR_004,USR_003,23888.20,STK_002,21.14,MM_Balance,M_005398
2021-10-11T15:48:00,USR_003,USR_004,225.15,STK_005,3.95,MM_Balance,M_005401
2021-10-12T13:21:16,USR_009,USR_004,129.36,STK_002,1.32,Normal,M_005403
2021-10-12T14:02:14,USR_003,USR_007,327.52,STK_002,20.47,Normal,M_005402
2021-10-12T15:03:00,USR_004,USR_003,1523.00,STK_004,1.00,MM_Balance,M_005410
2021-10-12T15:26:00,USR_004,USR_003,2845.00,STK_003,1.00,MM_Balance,M_005409
2021-10-12T15:41:00,USR_004,USR_003,228.00,STK_005,4.00,MM_Balance,M_005407
2021-10-12T15:42:00,USR_004,USR_003,61383.30,STK_002,20.90,MM_Balance,M_005408
2021-10-12T15:44:00,USR_003,USR_004,1050.00,STK_003,1.00,MM_Balance,M_005405
2021-10-12T15:50:00,USR_003,USR_004,40984.90,STK_002,20.90,MM_Balance,M_005404
2021-10-12T15:56:00,USR_003,USR_004,2013.00,STK_004,1.00,MM_Balance,M_005406
2021-10-12T15:57:00,USR_003,USR_004,228.00,STK_005,4.00,MM_Balance,M_005411
2021-10-13T15:09:00,USR_004,USR_003,1506.92,STK_004,1.01,MM_Balance,M_005418
2021-10-13T15:10:00,USR_004,USR_003,228.57,STK_005,4.01,MM_Balance,M_005415
2021-10-13T15:18:00,USR_003,USR_004,54966.60,STK_002,21.06,MM_Balance,M_005412
2021-10-13T15:19:00,USR_004,USR_003,2779.97,STK_003,1.03,MM_Balance,M_005417
2021-10-13T15:27:00,USR_004,USR_003,30368.52,STK_002,21.06,MM_Balance,M_005416
2021-10-13T15:35:00,USR_003,USR_004,2364.41,STK_004,1.01,MM_Balance,M_005414
2021-10-13T15:42:00,USR_003,USR_004,228.57,STK_005,4.01,MM_Balance,M_005419
2021-10-13T15:59:00,USR_003,USR_004,2424.62,STK_003,1.03,MM_Balance,M_005413
2021-10-14T15:01:00,USR_003,USR_004,35548.24,STK_002,20.56,MM_Balance,M_005420
2021-10-14T15:11:00,USR_004,USR_003,230.28,STK_005,4.04,MM_Balance,M_005423
2021-10-14T15:11:00,USR_003,USR_004,230.28,STK_005,4.04,MM_Balance,M_005426
2021-10-14T15:29:00,USR_004,USR_003,1104.00,STK_004,1.00,MM_Balance,M_005425
2021-10-14T15:46:00,USR_003,USR_004,1739.00,STK_004,1.00,MM_Balance,M_005422
2021-10-14T15:46:00,USR_004,USR_003,27509.28,STK_002,20.56,MM_Balance,M_005424
2021-10-14T15:51:00,USR_003,USR_004,1735.65,STK_003,1.05,MM_Balance,M_005421
2021-10-15T15:11:00,USR_004,USR_003,2347.00,STK_004,1.00,MM_Balance,M_005432
2021-10-15T15:13:00,USR_003,USR_004,235.41,STK_005,4.13,MM_Balance,M_005433
2021-10-15T15:21:00,USR_004,USR_003,1726.98,STK_003,1.07,MM_Balance,M_005431
2021-10-15T15:22:00,USR_004,USR_003,235.41,STK_005,4.13,MM_Balance,M_005429
2021-10-15T15:26:00,USR_003,USR_004,1208.03,STK_003,1.07,MM_Balance,M_005427
2021-10-15T15:35:00,USR_003,USR_004,1686.00,STK_004,1.00,MM_Balance,M_005428
2021-10-15T15:44:00,USR_004,USR_003,48702.20,STK_002,20.20,MM_Balance,M_005430
2021-10-16T15:05:00,USR_004,USR_003,2983.54,STK_004,1.01,MM_Balance,M_005445
2021-10-16T15:11:00,USR_003,USR_004,58441.85,STK_002,20.47,MM_Balance,M_005440
2021-10-16T15:18:00,USR_004,USR_003,35065.11,STK_002,20.47,MM_Balance,M_005444
2021-10-16T15:23:00,USR_003,USR_004,2092.72,STK_004,1.01,MM_Balance,M_005442
2021-10-16T15:33:00,USR_004,USR_003,235.41,STK_005,4.13,MM_Balance,M_005443
2021-10-16T15:44:00,USR_003,USR_004,1300.62,STK_003,1.06,MM_Balance,M_005441
2021-10-16T15:48:00,USR_003,USR_004,235.41,STK_005,4.13,MM_Balance,M_005446
2021-10-17T15:06:00,USR_004,USR_003,235.41,STK_005,4.13,MM_Balance,M_005450
2021-10-17T15:06:00,USR_003,USR_004,235.41,STK_005,4.13,MM_Balance,M_005454
2021-10-17T15:20:00,USR_004,USR_003,48570.84,STK_002,20.52,MM_Balance,M_005451
2021-10-17T15:27:00,USR_004,USR_003,1943.70,STK_003,1.10,MM_Balance,M_005452
2021-10-17T15:27:00,USR_004,USR_003,2609.16,STK_004,1.02,MM_Balance,M_005453
2021-10-17T15:28:00,USR_003,USR_004,1536.12,STK_004,1.02,MM_Balance,M_005449
2021-10-17T15:29:00,USR_003,USR_004,2036.10,STK_003,1.10,MM_Balance,M_005448
2021-10-17T15:34:00,USR_003,USR_004,28338.12,STK_002,20.52,MM_Balance,M_005447
2021-10-18T13:59:49,USR_004,USR_007,67.68,STK_002,1.44,Normal,M_005455
2021-10-18T15:14:00,USR_004,USR_003,235.98,STK_005,4.14,MM_Balance,M_005459
2021-10-18T15:21:00,USR_003,USR_004,51077.24,STK_002,20.78,MM_Balance,M_005456
2021-10-18T15:32:00,USR_003,USR_004,235.98,STK_005,4.14,MM_Balance,M_005463
2021-10-18T15:43:00,USR_003,USR_004,2872.00,STK_004,1.00,MM_Balance,M_005458
2021-10-18T15:48:00,USR_004,USR_003,61301.00,STK_002,20.78,MM_Balance,M_005460
2021-10-18T15:49:00,USR_004,USR_003,2695.00,STK_004,1.00,MM_Balance,M_005462
2021-10-18T15:50:00,USR_004,USR_003,1731.40,STK_003,1.10,MM_Balance,M_005461
2021-10-18T15:52:00,USR_003,USR_004,3166.90,STK_003,1.10,MM_Balance,M_005457
2021-10-19T10:42:22,USR_003,USR_006,1292.80,STK_002,20.20,Normal,M_005464
2021-10-19T15:02:00,USR_004,USR_003,2815.00,STK_004,1.00,MM_Balance,M_005471
2021-10-19T15:18:00,USR_003,USR_004,2785.20,STK_003,1.10,MM_Balance,M_005466
2021-10-19T15:27:00,USR_004,USR_003,32428.41,STK_002,21.49,MM_Balance,M_005469
2021-10-19T15:37:00,USR_003,USR_004,34362.51,STK_002,21.49,MM_Balance,M_005465
2021-10-19T15:37:00,USR_003,USR_004,239.97,STK_005,4.21,MM_Balance,M_005472
2021-10-19T15:54:00,USR_004,USR_003,239.97,STK_005,4.21,MM_Balance,M_005468
2021-10-19T15:57:00,USR_003,USR_004,1397.00,STK_004,1.00,MM_Balance,M_005467
2021-10-19T15:58:00,USR_004,USR_003,1606.00,STK_003,1.10,MM_Balance,M_005470
2021-10-20T15:03:00,USR_003,USR_004,53970.80,STK_002,21.40,MM_Balance,M_005473
2021-10-20T15:06:00,USR_003,USR_004,1333.20,STK_004,1.01,MM_Balance,M_005475
2021-10-20T15:08:00,USR_003,USR_004,240.54,STK_005,4.22,MM_Balance,M_005480
2021-10-20T15:13:00,USR_004,USR_003,40788.40,STK_002,21.40,MM_Balance,M_005477
2021-10-20T15:36:00,USR_004,USR_003,240.54,STK_005,4.22,MM_Balance,M_005476
2021-10-20T15:49:00,USR_004,USR_003,2080.10,STK_003,1.10,MM_Balance,M_005478
2021-10-20T15:49:00,USR_004,USR_003,1245.33,STK_004,1.01,MM_Balance,M_005479
2021-10-20T15:52:00,USR_003,USR_004,1614.80,STK_003,1.10,MM_Balance,M_005474
2021-10-21T09:48:41,USR_003,USR_006,296.00,STK_004,1.00,Normal,M_005482
2021-10-21T11:06:58,USR_004,USR_007,38.16,STK_003,1.06,Normal,M_005481
2021-10-21T13:06:35,USR_004,USR_008,241.11,STK_005,4.23,Normal,M_005483
2021-10-21T15:04:00,USR_003,USR_004,2416.80,STK_004,1.06,MM_Balance,M_005486
2021-10-21T15:04:00,USR_004,USR_003,22954.64,STK_002,21.04,MM_Balance,M_005487
2021-10-21T15:11:00,USR_004,USR_003,2028.84,STK_004,1.06,MM_Balance,M_005489
2021-10-21T15:22:00,USR_003,USR_004,2677.92,STK_003,1.12,MM_Balance,M_005485
2021-10-21T15:35:00,USR_004,USR_003,3024.00,STK_003,1.12,MM_Balance,M_005488
2021-10-21T15:44:00,USR_003,USR_004,50538.08,STK_002,21.04,MM_Balance,M_005484
2021-10-22T13:16:49,USR_003,USR_006,336.00,STK_004,1.00,Normal,M_005495
2021-10-22T13:44:25,USR_003,USR_010,204.00,STK_004,1.00,Normal,M_005496
2021-10-22T15:02:00,USR_003,USR_004,1236.22,STK_003,1.13,MM_Balance,M_005498
2021-10-22T15:07:00,USR_004,USR_003,2186.55,STK_003,1.13,MM_Balance,M_005501
2021-10-22T15:08:00,USR_003,USR_004,2103.28,STK_004,1.22,MM_Balance,M_005499
2021-10-22T15:17:00,USR_004,USR_003,1822.68,STK_004,1.22,MM_Balance,M_005502
2021-10-22T15:30:00,USR_003,USR_004,39454.54,STK_002,21.02,MM_Balance,M_005497
2021-10-22T15:30:00,USR_004,USR_003,62618.58,STK_002,21.02,MM_Balance,M_005500
2021-10-23T15:06:00,USR_004,USR_003,2220.40,STK_004,1.22,MM_Balance,M_005508
2021-10-23T15:09:00,USR_004,USR_003,53458.88,STK_002,21.08,MM_Balance,M_005506
2021-10-23T15:11:00,USR_003,USR_004,46966.24,STK_002,21.08,MM_Balance,M_005503
2021-10-23T15:28:00,USR_003,USR_004,1809.26,STK_004,1.22,MM_Balance,M_005505
2021-10-23T15:31:00,USR_003,USR_004,2101.12,STK_003,1.12,MM_Balance,M_005504
2021-10-23T15:37:00,USR_004,USR_003,1671.04,STK_003,1.12,MM_Balance,M_005507
2021-10-24T13:21:42,USR_004,USR_007,215.25,STK_003,1.05,Normal,M_005509
2021-10-24T15:11:00,USR_004,USR_003,37018.65,STK_002,20.95,MM_Balance,M_005513
2021-10-24T15:14:00,USR_004,USR_003,2333.58,STK_003,1.14,MM_Balance,M_005514
2021-10-24T15:25:00,USR_004,USR_003,2720.60,STK_004,1.22,MM_Balance,M_005515
2021-10-24T15:43:00,USR_003,USR_004,61760.60,STK_002,20.95,MM_Balance,M_005510
2021-10-24T15:49:00,USR_003,USR_004,2259.44,STK_004,1.22,MM_Balance,M_005512
2021-10-24T15:51:00,USR_003,USR_004,1306.44,STK_003,1.14,MM_Balance,M_005511
2021-10-25T11:34:25,USR_005,USR_003,1118.88,STK_005,4.32,Normal,M_005516
2021-10-25T15:02:00,USR_004,USR_003,1278.03,STK_003,1.13,MM_Balance,M_005521
2021-10-25T15:06:00,USR_003,USR_004,1043.77,STK_005,4.03,MM_Balance,M_005523
2021-10-25T15:11:00,USR_003,USR_004,45126.00,STK_002,20.70,MM_Balance,M_005517
2021-10-25T15:14:00,USR_004,USR_003,46057.50,STK_002,20.70,MM_Balance,M_005520
2021-10-25T15:24:00,USR_004,USR_003,1311.38,STK_004,1.19,MM_Balance,M_005522
2021-10-25T15:41:00,USR_003,USR_004,2801.26,STK_004,1.19,MM_Balance,M_005519
2021-10-25T15:45:00,USR_003,USR_004,2933.48,STK_003,1.13,MM_Balance,M_005518
2021-10-26T15:10:00,USR_003,USR_004,1958.74,STK_004,1.19,MM_Balance,M_005530
2021-10-26T15:21:00,USR_004,USR_003,2985.66,STK_003,1.14,MM_Balance,M_005533
2021-10-26T15:31:00,USR_004,USR_003,1036.00,STK_005,4.00,MM_Balance,M_005531
2021-10-26T15:33:00,USR_004,USR_003,2056.32,STK_004,1.19,MM_Balance,M_005534
2021-10-26T15:38:00,USR_003,USR_004,2596.92,STK_003,1.14,MM_Balance,M_005529
2021-10-26T15:39:00,USR_003,USR_004,44915.50,STK_002,20.50,MM_Balance,M_005528
2021-10-26T15:39:00,USR_003,USR_004,1036.00,STK_005,4.00,MM_Balance,M_005535
2021-10-26T15:54:00,USR_004,USR_003,43419.00,STK_002,20.50,MM_Balance,M_005532
2021-10-27T13:35:00,USR_004,USR_009,795.88,STK_005,4.04,Normal,M_005536
2021-10-27T15:03:00,USR_004,USR_003,48462.88,STK_002,19.96,MM_Balance,M_005541
2021-10-27T15:04:00,USR_004,USR_003,2427.60,STK_004,1.20,MM_Balance,M_005543
2021-10-27T15:13:00,USR_004,USR_003,2947.45,STK_003,1.15,MM_Balance,M_005542
2021-10-27T15:22:00,USR_003,USR_004,256.06,STK_005,4.13,MM_Balance,M_005544
2021-10-27T15:26:00,USR_003,USR_004,44830.16,STK_002,19.96,MM_Balance,M_005537
2021-10-27T15:36:00,USR_003,USR_004,1417.20,STK_004,1.20,MM_Balance,M_005539
2021-10-27T15:54:00,USR_004,USR_003,256.06,STK_005,4.13,MM_Balance,M_005540
2021-10-27T15:58:00,USR_003,USR_004,2298.85,STK_003,1.15,MM_Balance,M_005538
2021-10-28T15:13:00,USR_003,USR_004,3000.00,STK_004,1.20,MM_Balance,M_005553
2021-10-28T15:28:00,USR_004,USR_003,24332.16,STK_002,20.01,MM_Balance,M_005555
2021-10-28T15:30:00,USR_003,USR_004,1509.95,STK_003,1.15,MM_Balance,M_005552
2021-10-28T15:35:00,USR_004,USR_003,1992.00,STK_004,1.20,MM_Balance,M_005557
2021-10-28T15:38:00,USR_003,USR_004,47863.92,STK_002,20.01,MM_Balance,M_005551
2021-10-28T15:47:00,USR_003,USR_004,256.06,STK_005,4.13,MM_Balance,M_005558
2021-10-28T15:53:00,USR_004,USR_003,1313.30,STK_003,1.15,MM_Balance,M_005556
2021-10-28T15:58:00,USR_004,USR_003,256.06,STK_005,4.13,MM_Balance,M_005554
2021-10-29T11:52:36,USR_005,USR_004,536.64,STK_005,4.16,Normal,M_005559
2021-10-29T15:13:00,USR_003,USR_004,2030.61,STK_003,1.13,MM_Balance,M_005560
2021-10-29T15:15:00,USR_003,USR_004,2726.70,STK_004,1.22,MM_Balance,M_005561
2021-10-29T15:37:00,USR_004,USR_003,2845.04,STK_004,1.22,MM_Balance,M_005565
2021-10-29T15:39:00,USR_004,USR_003,2923.31,STK_003,1.13,MM_Balance,M_005564
2021-10-29T15:42:00,USR_004,USR_003,40699.23,STK_002,19.69,MM_Balance,M_005563
2021-10-29T15:42:00,USR_003,USR_004,762.09,STK_005,3.99,MM_Balance,M_005566
2021-10-29T15:49:00,USR_004,USR_003,762.09,STK_005,3.99,MM_Balance,M_005562
2021-10-30T15:01:00,USR_003,USR_004,2312.40,STK_004,1.20,MM_Balance,M_005569
2021-10-30T15:08:00,USR_004,USR_003,769.73,STK_005,4.03,MM_Balance,M_005570
2021-10-30T15:08:00,USR_004,USR_003,1950.00,STK_004,1.20,MM_Balance,M_005573
2021-10-30T15:10:00,USR_003,USR_004,769.73,STK_005,4.03,MM_Balance,M_005574
2021-10-30T15:18:00,USR_004,USR_003,47887.79,STK_002,19.57,MM_Balance,M_005571
2021-10-30T15:39:00,USR_003,USR_004,28200.37,STK_002,19.57,MM_Balance,M_005567
2021-10-30T15:58:00,USR_004,USR_003,2812.90,STK_003,1.15,MM_Balance,M_005572
2021-10-30T15:59:00,USR_003,USR_004,1601.95,STK_003,1.15,MM_Balance,M_005568
2021-10-31T12:33:41,USR_004,USR_007,758.27,STK_005,3.97,Normal,M_005583
2021-10-31T14:58:11,USR_003,USR_006,198.00,STK_003,1.00,Normal,M_005582
2021-10-31T15:12:00,USR_003,USR_004,2062.80,STK_004,1.20,MM_Balance,M_005586
2021-10-31T15:19:00,USR_003,USR_004,1404.76,STK_003,1.16,MM_Balance,M_005585
2021-10-31T15:19:00,USR_004,USR_003,32073.90,STK_002,19.38,MM_Balance,M_005587
2021-10-31T15:43:00,USR_004,USR_003,1429.20,STK_004,1.20,MM_Balance,M_005589
2021-10-31T15:51:00,USR_003,USR_004,43682.52,STK_002,19.38,MM_Balance,M_005584
2021-10-31T15:53:00,USR_004,USR_003,1872.24,STK_003,1.16,MM_Balance,M_005588
2021-11-01T12:58:24,USR_003,USR_010,4855.20,STK_002,19.04,Normal,M_005590
2021-11-01T15:22:00,USR_003,USR_004,45420.32,STK_002,20.96,MM_Balance,M_005591
2021-11-01T15:34:00,USR_003,USR_004,1739.32,STK_003,1.18,MM_Balance,M_005592
2021-11-01T15:36:00,USR_003,USR_004,1417.29,STK_004,1.19,MM_Balance,M_005593
2021-11-01T15:39:00,USR_004,USR_003,3226.09,STK_004,1.19,MM_Balance,M_005595
2021-11-01T15:43:00,USR_004,USR_003,47076.16,STK_002,20.96,MM_Balance,M_005594
2021-11-02T15:02:00,USR_003,USR_004,2897.68,STK_004,1.16,MM_Balance,M_005598
2021-11-02T15:06:00,USR_003,USR_004,36358.53,STK_002,20.67,MM_Balance,M_005596
2021-11-02T15:18:00,USR_004,USR_003,28090.53,STK_002,20.67,MM_Balance,M_005599
2021-11-02T15:35:00,USR_004,USR_003,2912.13,STK_003,1.17,MM_Balance,M_005600
2021-11-02T15:39:00,USR_004,USR_003,2070.60,STK_004,1.16,MM_Balance,M_005601
2021-11-02T15:57:00,USR_003,USR_004,2214.81,STK_003,1.17,MM_Balance,M_005597
2021-11-03T15:01:00,USR_004,USR_003,2244.60,STK_004,1.16,MM_Balance,M_005612
2021-11-03T15:08:00,USR_003,USR_004,1841.98,STK_003,1.18,MM_Balance,M_005608
2021-11-03T15:27:00,USR_004,USR_003,42765.03,STK_002,20.79,MM_Balance,M_005610
2021-11-03T15:37:00,USR_003,USR_004,53222.40,STK_002,20.79,MM_Balance,M_005607
2021-11-03T15:37:00,USR_004,USR_003,2266.78,STK_003,1.18,MM_Balance,M_005611
2021-11-03T15:59:00,USR_003,USR_004,1663.44,STK_004,1.16,MM_Balance,M_005609
2021-11-04T13:04:11,USR_004,USR_008,334.60,STK_002,1.40,Normal,M_005613
2021-11-04T15:01:00,USR_003,USR_004,64533.32,STK_002,22.01,MM_Balance,M_005614
2021-11-04T15:23:00,USR_004,USR_003,65699.85,STK_002,22.01,MM_Balance,M_005617
2021-11-04T15:31:00,USR_003,USR_004,2126.53,STK_003,1.19,MM_Balance,M_005615
2021-11-04T15:33:00,USR_004,USR_003,2591.82,STK_003,1.19,MM_Balance,M_005618
2021-11-04T15:36:00,USR_003,USR_004,1764.10,STK_004,1.15,MM_Balance,M_005616
2021-11-04T15:56:00,USR_004,USR_003,1193.70,STK_004,1.15,MM_Balance,M_005619
2021-11-05T15:15:00,USR_004,USR_003,2498.95,STK_004,1.15,MM_Balance,M_005625
2021-11-05T15:24:00,USR_003,USR_004,2929.05,STK_004,1.15,MM_Balance,M_005622
2021-11-05T15:41:00,USR_004,USR_003,2429.62,STK_003,1.18,MM_Balance,M_005624
2021-11-05T15:45:00,USR_003,USR_004,63196.80,STK_002,22.70,MM_Balance,M_005620
2021-11-05T15:47:00,USR_003,USR_004,2213.68,STK_003,1.18,MM_Balance,M_005621
2021-11-05T15:48:00,USR_004,USR_003,58043.90,STK_002,22.70,MM_Balance,M_005623
2021-11-06T15:12:00,USR_004,USR_003,65560.88,STK_002,22.33,MM_Balance,M_005629
2021-11-06T15:13:00,USR_003,USR_004,3277.00,STK_004,1.16,MM_Balance,M_005628
2021-11-06T15:16:00,USR_004,USR_003,1700.38,STK_003,1.18,MM_Balance,M_005630
2021-11-06T15:18:00,USR_004,USR_003,2774.72,STK_004,1.16,MM_Balance,M_005631
2021-11-06T15:22:00,USR_003,USR_004,43342.53,STK_002,22.33,MM_Balance,M_005626
2021-11-06T15:30:00,USR_003,USR_004,3013.72,STK_003,1.18,MM_Balance,M_005627
2021-11-07T10:18:29,USR_005,USR_004,130.41,STK_002,1.61,Normal,M_005632
2021-11-07T13:41:45,USR_009,USR_004,153.00,STK_004,1.00,Normal,M_005633
2021-11-07T15:08:00,USR_003,USR_004,3302.91,STK_003,1.17,MM_Balance,M_005635
2021-11-07T15:25:00,USR_003,USR_004,1696.13,STK_004,1.13,MM_Balance,M_005636
2021-11-07T15:31:00,USR_004,USR_003,3119.22,STK_003,1.17,MM_Balance,M_005638
2021-11-07T15:31:00,USR_004,USR_003,2942.52,STK_004,1.13,MM_Balance,M_005639
2021-11-07T15:39:00,USR_004,USR_003,45068.58,STK_002,22.06,MM_Balance,M_005637
2021-11-07T15:43:00,USR_003,USR_004,29869.24,STK_002,22.06,MM_Balance,M_005634
2021-11-08T12:18:16,USR_004,USR_007,249.00,STK_004,1.00,Normal,M_005645
2021-11-08T15:02:00,USR_003,USR_004,3111.85,STK_004,1.19,MM_Balance,M_005648
2021-11-08T15:22:00,USR_004,USR_003,2069.10,STK_003,1.14,MM_Balance,M_005650
2021-11-08T15:26:00,USR_004,USR_003,57439.20,STK_002,21.84,MM_Balance,M_005649
2021-11-08T15:39:00,USR_003,USR_004,1277.94,STK_003,1.14,MM_Balance,M_005647
2021-11-08T15:47:00,USR_004,USR_003,1779.05,STK_004,1.19,MM_Balance,M_005651
2021-11-08T15:49:00,USR_003,USR_004,50974.56,STK_002,21.84,MM_Balance,M_005646
2021-11-09T09:37:21,USR_005,USR_004,26.00,STK_004,1.00,Normal,M_005652
2021-11-09T10:08:18,USR_003,USR_009,302.00,STK_004,1.00,Normal,M_005653
2021-11-09T12:47:31,USR_010,USR_004,519.12,STK_002,1.68,Normal,M_005654
2021-11-09T15:20:00,USR_003,USR_004,55737.13,STK_002,20.59,MM_Balance,M_005655
2021-11-09T15:27:00,USR_004,USR_003,2058.86,STK_003,1.13,MM_Balance,M_005659
2021-11-09T15:35:00,USR_003,USR_004,1330.01,STK_003,1.13,MM_Balance,M_005656
2021-11-09T15:46:00,USR_004,USR_003,2080.26,STK_004,1.27,MM_Balance,M_005660
2021-11-09T15:56:00,USR_003,USR_004,3045.46,STK_004,1.27,MM_Balance,M_005657
2021-11-09T15:59:00,USR_004,USR_003,53781.08,STK_002,20.59,MM_Balance,M_005658
2021-11-10T15:01:00,USR_004,USR_003,3438.75,STK_004,1.25,MM_Balance,M_005665
2021-11-10T15:14:00,USR_003,USR_004,3045.00,STK_004,1.25,MM_Balance,M_005663
2021-11-10T15:27:00,USR_004,USR_003,41811.84,STK_002,20.74,MM_Balance,M_005664
2021-11-10T15:33:00,USR_003,USR_004,21445.16,STK_002,20.74,MM_Balance,M_005661
2021-11-10T15:45:00,USR_003,USR_004,1799.75,STK_003,1.15,MM_Balance,M_005662
2021-11-11T15:08:00,USR_003,USR_004,3071.16,STK_003,1.14,MM_Balance,M_005667
2021-11-11T15:14:00,USR_004,USR_003,2924.46,STK_004,1.26,MM_Balance,M_005671
2021-11-11T15:19:00,USR_003,USR_004,39992.40,STK_002,20.70,MM_Balance,M_005666
2021-11-11T15:20:00,USR_003,USR_004,1743.84,STK_004,1.26,MM_Balance,M_005668
2021-11-11T15:32:00,USR_004,USR_003,2967.42,STK_003,1.14,MM_Balance,M_005670
2021-11-11T15:46:00,USR_004,USR_003,59533.20,STK_002,20.70,MM_Balance,M_005669
2021-11-12T12:54:11,USR_003,USR_007,1574.40,STK_002,19.20,Normal,M_005672
2021-11-12T15:10:00,USR_003,USR_004,2536.60,STK_003,1.10,MM_Balance,M_005674
2021-11-12T15:10:00,USR_004,USR_003,3164.70,STK_003,1.10,MM_Balance,M_005677
2021-11-12T15:23:00,USR_004,USR_003,2128.52,STK_004,1.27,MM_Balance,M_005678
2021-11-12T15:35:00,USR_003,USR_004,2541.27,STK_004,1.27,MM_Balance,M_005675
2021-11-12T15:39:00,USR_003,USR_004,61032.37,STK_002,20.71,MM_Balance,M_005673
2021-11-12T15:56:00,USR_004,USR_003,50635.95,STK_002,20.71,MM_Balance,M_005676
2021-11-13T14:43:36,USR_007,USR_003,6089.37,STK_002,18.97,Normal,M_005686
2021-11-13T15:05:00,USR_003,USR_004,2005.00,STK_004,1.25,MM_Balance,M_005689
2021-11-13T15:05:00,USR_004,USR_003,28282.30,STK_002,18.73,MM_Balance,M_005690
2021-11-13T15:12:00,USR_004,USR_003,2177.50,STK_004,1.25,MM_Balance,M_005692
2021-11-13T15:20:00,USR_003,USR_004,38471.42,STK_002,18.73,MM_Balance,M_005687
2021-11-13T15:41:00,USR_004,USR_003,3143.84,STK_003,1.12,MM_Balance,M_005691
2021-11-13T15:57:00,USR_003,USR_004,2203.04,STK_003,1.12,MM_Balance,M_005688
2021-11-14T15:03:00,USR_004,USR_003,1293.75,STK_004,1.25,MM_Balance,M_005703
2021-11-14T15:06:00,USR_004,USR_003,56301.70,STK_002,18.83,MM_Balance,M_005701
2021-11-14T15:09:00,USR_003,USR_004,1884.78,STK_003,1.11,MM_Balance,M_005699
2021-11-14T15:19:00,USR_003,USR_004,2316.25,STK_004,1.25,MM_Balance,M_005700
2021-11-14T15:24:00,USR_004,USR_003,2566.32,STK_003,1.11,MM_Balance,M_005702
2021-11-14T15:26:00,USR_003,USR_004,24271.87,STK_002,18.83,MM_Balance,M_005698
2021-11-15T15:00:00,USR_003,USR_004,3133.48,STK_004,1.24,MM_Balance,M_005706
2021-11-15T15:08:00,USR_004,USR_003,36545.60,STK_002,18.20,MM_Balance,M_005707
2021-11-15T15:17:00,USR_003,USR_004,41732.60,STK_002,18.20,MM_Balance,M_005704
2021-11-15T15:40:00,USR_004,USR_003,2362.08,STK_003,1.11,MM_Balance,M_005708
2021-11-15T15:45:00,USR_004,USR_003,1364.00,STK_004,1.24,MM_Balance,M_005709
2021-11-15T15:51:00,USR_003,USR_004,2412.03,STK_003,1.11,MM_Balance,M_005705
2021-11-16T14:11:48,USR_010,USR_003,360.40,STK_005,4.24,Normal,M_005710
2021-11-16T15:00:00,USR_003,USR_004,1889.28,STK_004,1.23,MM_Balance,M_005713
2021-11-16T15:18:00,USR_003,USR_004,20168.28,STK_002,18.52,MM_Balance,M_005711
2021-11-16T15:30:00,USR_004,USR_003,52133.80,STK_002,18.52,MM_Balance,M_005714
2021-11-16T15:38:00,USR_003,USR_004,348.50,STK_005,4.10,MM_Balance,M_005716
2021-11-16T15:50:00,USR_003,USR_004,1504.05,STK_003,1.11,MM_Balance,M_005712
2021-11-16T15:51:00,USR_004,USR_003,2365.29,STK_004,1.23,MM_Balance,M_005715
2021-11-17T14:08:46,USR_004,USR_007,349.35,STK_005,4.11,Normal,M_005717
2021-11-17T15:03:00,USR_003,USR_004,2865.78,STK_004,1.22,MM_Balance,M_005720
2021-11-17T15:05:00,USR_004,USR_003,3035.88,STK_003,1.08,MM_Balance,M_005722
2021-11-17T15:13:00,USR_003,USR_004,1243.08,STK_003,1.08,MM_Balance,M_005719
2021-11-17T15:27:00,USR_003,USR_004,32012.81,STK_002,18.71,MM_Balance,M_005718
2021-11-17T15:37:00,USR_004,USR_003,51022.17,STK_002,18.71,MM_Balance,M_005721
2021-11-17T15:46:00,USR_004,USR_003,3217.14,STK_004,1.22,MM_Balance,M_005723
2021-11-18T15:03:00,USR_004,USR_003,44171.17,STK_002,19.13,MM_Balance,M_005727
2021-11-18T15:14:00,USR_004,USR_003,3015.32,STK_004,1.21,MM_Balance,M_005728
2021-11-18T15:19:00,USR_003,USR_004,28255.01,STK_002,19.13,MM_Balance,M_005724
2021-11-18T15:22:00,USR_003,USR_004,2668.05,STK_004,1.21,MM_Balance,M_005726
2021-11-18T15:35:00,USR_003,USR_004,1350.34,STK_003,1.07,MM_Balance,M_005725
2021-11-19T10:54:14,USR_003,USR_009,1090.32,STK_002,16.52,Normal,M_005730
2021-11-19T14:22:04,USR_006,USR_004,698.00,STK_002,2.00,Normal,M_005729
2021-11-19T15:01:00,USR_004,USR_003,36727.08,STK_002,18.11,MM_Balance,M_005734
2021-11-19T15:17:00,USR_004,USR_003,2338.76,STK_004,1.18,MM_Balance,M_005736
2021-11-19T15:20:00,USR_004,USR_003,1648.50,STK_003,1.05,MM_Balance,M_005735
2021-11-19T15:32:00,USR_003,USR_004,51414.29,STK_002,18.11,MM_Balance,M_005731
2021-11-19T15:34:00,USR_003,USR_004,1967.70,STK_003,1.05,MM_Balance,M_005732
2021-11-19T15:53:00,USR_003,USR_004,2826.10,STK_004,1.18,MM_Balance,M_005733
2021-11-20T15:16:00,USR_004,USR_003,1999.83,STK_003,1.07,MM_Balance,M_005741
2021-11-20T15:17:00,USR_004,USR_003,1705.86,STK_004,1.17,MM_Balance,M_005742
2021-11-20T15:28:00,USR_003,USR_004,2196.09,STK_004,1.17,MM_Balance,M_005739
2021-11-20T15:33:00,USR_003,USR_004,54799.92,STK_002,18.34,MM_Balance,M_005737
2021-11-20T15:39:00,USR_004,USR_003,47995.78,STK_002,18.34,MM_Balance,M_005740
2021-11-20T15:56:00,USR_003,USR_004,2568.00,STK_003,1.07,MM_Balance,M_005738
2021-11-21T10:03:19,USR_004,USR_006,474.36,STK_002,1.77,Normal,M_005743
2021-11-21T11:04:14,USR_004,USR_009,356.72,STK_003,1.04,Normal,M_005744
2021-11-21T15:00:00,USR_004,USR_003,1843.16,STK_004,1.18,MM_Balance,M_005750
2021-11-21T15:05:00,USR_004,USR_003,3398.25,STK_003,1.15,MM_Balance,M_005749
2021-11-21T15:17:00,USR_003,USR_004,40112.55,STK_002,19.35,MM_Balance,M_005745
2021-11-21T15:24:00,USR_003,USR_004,2338.76,STK_004,1.18,MM_Balance,M_005747
2021-11-21T15:41:00,USR_004,USR_003,36610.20,STK_002,19.35,MM_Balance,M_005748
2021-11-21T15:49:00,USR_003,USR_004,1868.75,STK_003,1.15,MM_Balance,M_005746
2021-11-22T12:13:14,USR_010,USR_003,59.00,STK_003,1.00,Normal,M_005757
2021-11-22T13:10:02,USR_008,USR_004,117.00,STK_004,1.00,Normal,M_005756
2021-11-22T15:15:00,USR_004,USR_003,2418.20,STK_004,1.13,MM_Balance,M_005763
2021-11-22T15:20:00,USR_004,USR_003,3433.90,STK_003,1.15,MM_Balance,M_005762
2021-11-22T15:28:00,USR_003,USR_004,2112.55,STK_003,1.15,MM_Balance,M_005759
2021-11-22T15:32:00,USR_003,USR_004,2987.72,STK_004,1.13,MM_Balance,M_005760
2021-11-22T15:33:00,USR_003,USR_004,47185.10,STK_002,19.22,MM_Balance,M_005758
2021-11-22T15:56:00,USR_004,USR_003,53835.22,STK_002,19.22,MM_Balance,M_005761
2021-11-23T15:04:00,USR_003,USR_004,2021.70,STK_003,1.15,MM_Balance,M_005765
2021-11-23T15:13:00,USR_004,USR_003,1863.40,STK_004,1.10,MM_Balance,M_005768
2021-11-23T15:30:00,USR_003,USR_004,37480.92,STK_002,19.38,MM_Balance,M_005764
2021-11-23T15:43:00,USR_003,USR_004,2389.20,STK_004,1.10,MM_Balance,M_005766
2021-11-23T15:49:00,USR_004,USR_003,43353.06,STK_002,19.38,MM_Balance,M_005767
2021-11-24T15:00:00,USR_003,USR_004,48452.14,STK_002,19.49,MM_Balance,M_005777
2021-11-24T15:03:00,USR_004,USR_003,2571.31,STK_004,1.09,MM_Balance,M_005782
2021-11-24T15:07:00,USR_004,USR_003,2209.15,STK_003,1.13,MM_Balance,M_005781
2021-11-24T15:25:00,USR_003,USR_004,2176.73,STK_004,1.09,MM_Balance,M_005779
2021-11-24T15:37:00,USR_004,USR_003,33854.13,STK_002,19.49,MM_Balance,M_005780
2021-11-24T15:39:00,USR_003,USR_004,2906.36,STK_003,1.13,MM_Balance,M_005778
2021-11-25T11:49:01,USR_004,USR_007,287.28,STK_003,1.08,Normal,M_005783
2021-11-25T15:13:00,USR_003,USR_004,2309.26,STK_003,1.18,MM_Balance,M_005785
2021-11-25T15:15:00,USR_003,USR_004,1454.10,STK_004,1.11,MM_Balance,M_005786
2021-11-25T15:35:00,USR_004,USR_003,34265.70,STK_002,19.98,MM_Balance,M_005787
2021-11-25T15:41:00,USR_003,USR_004,55804.14,STK_002,19.98,MM_Balance,M_005784
2021-11-25T15:47:00,USR_004,USR_003,2214.45,STK_004,1.11,MM_Balance,M_005789
2021-11-25T15:49:00,USR_004,USR_003,3195.44,STK_003,1.18,MM_Balance,M_005788
2021-11-26T15:01:00,USR_004,USR_003,1350.72,STK_004,1.12,MM_Balance,M_005801
2021-11-26T15:07:00,USR_004,USR_003,21618.25,STK_002,20.11,MM_Balance,M_005799
2021-11-26T15:12:00,USR_004,USR_003,1230.84,STK_003,1.17,MM_Balance,M_005800
2021-11-26T15:20:00,USR_003,USR_004,2879.37,STK_003,1.17,MM_Balance,M_005797
2021-11-26T15:33:00,USR_003,USR_004,1215.20,STK_004,1.12,MM_Balance,M_005798
2021-11-26T15:35:00,USR_003,USR_004,25217.94,STK_002,20.11,MM_Balance,M_005796
2021-11-27T15:12:00,USR_004,USR_003,34594.98,STK_002,20.09,MM_Balance,M_005805
2021-11-27T15:15:00,USR_004,USR_003,2295.40,STK_003,1.15,MM_Balance,M_005806
2021-11-27T15:35:00,USR_003,USR_004,2667.93,STK_004,1.13,MM_Balance,M_005804
2021-11-27T15:43:00,USR_004,USR_003,3164.00,STK_004,1.13,MM_Balance,M_005807
2021-11-27T15:47:00,USR_003,USR_004,24590.16,STK_002,20.09,MM_Balance,M_005802
2021-11-27T15:51:00,USR_003,USR_004,2511.60,STK_003,1.15,MM_Balance,M_005803
2021-11-28T09:55:44,USR_003,USR_008,897.60,STK_002,18.70,Normal,M_005808
2021-11-28T15:03:00,USR_004,USR_003,2690.40,STK_003,1.14,MM_Balance,M_005813
2021-11-28T15:25:00,USR_003,USR_004,38114.70,STK_002,20.22,MM_Balance,M_005809
2021-11-28T15:30:00,USR_003,USR_004,1871.88,STK_003,1.14,MM_Balance,M_005810
2021-11-28T15:45:00,USR_004,USR_003,28328.22,STK_002,20.22,MM_Balance,M_005812
2021-11-28T15:46:00,USR_004,USR_003,2688.27,STK_004,1.13,MM_Balance,M_005814
2021-11-28T15:49:00,USR_003,USR_004,2151.52,STK_004,1.13,MM_Balance,M_005811
2021-11-29T15:08:00,USR_003,USR_004,2684.88,STK_004,1.13,MM_Balance,M_005817
2021-11-29T15:24:00,USR_004,USR_003,2992.24,STK_004,1.13,MM_Balance,M_005820
2021-11-29T15:37:00,USR_003,USR_004,37710.24,STK_002,20.08,MM_Balance,M_005815
2021-11-29T15:42:00,USR_004,USR_003,45842.64,STK_002,20.08,MM_Balance,M_005818
2021-11-29T15:51:00,USR_003,USR_004,1358.15,STK_003,1.15,MM_Balance,M_005816
2021-11-29T15:55:00,USR_004,USR_003,1909.00,STK_003,1.15,MM_Balance,M_005819
2021-11-30T15:13:00,USR_003,USR_004,1350.10,STK_004,1.15,MM_Balance,M_005823
2021-11-30T15:13:00,USR_004,USR_003,1263.34,STK_003,1.13,MM_Balance,M_005825
2021-11-30T15:21:00,USR_004,USR_003,49150.94,STK_002,20.42,MM_Balance,M_005824
2021-11-30T15:33:00,USR_003,USR_004,24994.08,STK_002,20.42,MM_Balance,M_005821
2021-11-30T15:37:00,USR_004,USR_003,2774.95,STK_004,1.15,MM_Balance,M_005826
2021-11-30T15:49:00,USR_003,USR_004,2974.16,STK_003,1.13,MM_Balance,M_005822
2021-12-01T12:08:58,USR_002,USR_004,45653247.64,STK_001,7667.66,Normal,M_005828
2021-12-01T13:02:32,USR_003,USR_007,287.00,STK_004,1.00,Normal,M_005827
2021-12-01T15:29:00,USR_004,USR_003,52976.36,STK_002,20.47,MM_Balance,M_005832
2021-12-01T15:30:00,USR_004,USR_003,2859.00,STK_001,1.00,MM_Balance,M_005829
2021-12-01T15:30:00,USR_004,USR_003,1226.10,STK_004,1.22,MM_Balance,M_005834
2021-12-01T15:36:00,USR_003,USR_004,6509.46,STK_002,20.47,MM_Balance,M_005830
2021-12-01T15:42:00,USR_003,USR_004,14.95,STK_003,1.15,MM_Balance,M_005831
2021-12-01T15:47:00,USR_004,USR_003,1489.25,STK_003,1.15,MM_Balance,M_005833
2021-12-02T10:58:23,USR_003,USR_007,32.00,STK_004,1.00,Normal,M_005835
2021-12-02T15:02:00,USR_003,USR_004,2112.36,STK_003,1.16,MM_Balance,M_005837
2021-12-02T15:06:00,USR_003,USR_004,32880.51,STK_002,20.41,MM_Balance,M_005836
2021-12-02T15:36:00,USR_004,USR_003,3600.96,STK_004,1.21,MM_Balance,M_005841
2021-12-02T15:50:00,USR_004,USR_003,36574.72,STK_002,20.41,MM_Balance,M_005839
2021-12-02T15:51:00,USR_004,USR_003,3050.80,STK_003,1.16,MM_Balance,M_005840
2021-12-02T15:57:00,USR_003,USR_004,2988.70,STK_004,1.21,MM_Balance,M_005838
2021-12-03T11:05:39,USR_004,USR_007,15.00,STK_004,1.00,Normal,M_005842
2021-12-03T13:07:20,USR_003,USR_008,44.00,STK_003,1.00,Normal,M_005843
2021-12-03T15:00:00,USR_003,USR_004,417.72,STK_003,1.18,MM_Balance,M_005845
2021-12-03T15:10:00,USR_003,USR_004,60534.00,STK_002,20.52,MM_Balance,M_005844
2021-12-03T15:45:00,USR_004,USR_003,43646.04,STK_002,20.52,MM_Balance,M_005846
2021-12-03T15:50:00,USR_004,USR_003,2118.71,STK_004,1.21,MM_Balance,M_005847
2021-12-04T12:28:11,USR_009,USR_004,153.12,STK_003,1.16,Normal,M_005848
2021-12-04T15:01:00,USR_003,USR_004,19.72,STK_003,1.16,MM_Balance,M_005850
2021-12-04T15:44:00,USR_003,USR_004,45591.32,STK_002,20.78,MM_Balance,M_005849
2021-12-04T15:51:00,USR_004,USR_003,59389.24,STK_002,20.78,MM_Balance,M_005851
2021-12-04T15:58:00,USR_004,USR_003,1569.60,STK_004,1.20,MM_Balance,M_005852
2021-12-05T11:14:59,USR_003,USR_008,258.00,STK_004,1.00,Normal,M_005853
2021-12-05T12:15:43,USR_005,USR_004,39.00,STK_004,1.00,Normal,M_005854
2021-12-05T13:04:10,USR_004,USR_006,13.44,STK_003,1.12,Normal,M_005855
2021-12-05T15:03:00,USR_004,USR_003,3196.96,STK_003,1.16,MM_Balance,M_005860
2021-12-05T15:16:00,USR_003,USR_004,2487.04,STK_003,1.16,MM_Balance,M_005857
2021-12-05T15:17:00,USR_004,USR_003,2260.44,STK_004,1.26,MM_Balance,M_005861
2021-12-05T15:28:00,USR_003,USR_004,31105.21,STK_002,20.89,MM_Balance,M_005856
2021-12-05T15:29:00,USR_004,USR_003,40443.04,STK_002,20.89,MM_Balance,M_005859
2021-12-05T15:35:00,USR_003,USR_004,3210.48,STK_004,1.26,MM_Balance,M_005858
2021-12-06T13:19:29,USR_003,USR_007,2743.40,STK_002,18.92,Normal,M_005862
2021-12-06T15:00:00,USR_003,USR_004,3037.32,STK_003,1.17,MM_Balance,M_005864
2021-12-06T15:07:00,USR_004,USR_003,3381.48,STK_004,1.24,MM_Balance,M_005868
2021-12-06T15:17:00,USR_003,USR_004,2617.64,STK_004,1.24,MM_Balance,M_005865
2021-12-06T15:21:00,USR_003,USR_004,59199.18,STK_002,21.31,MM_Balance,M_005863
2021-12-06T15:51:00,USR_004,USR_003,2907.45,STK_003,1.17,MM_Balance,M_005867
2021-12-06T15:55:00,USR_004,USR_003,51889.85,STK_002,21.31,MM_Balance,M_005866
2021-12-07T14:44:38,USR_007,USR_003,259.57,STK_001,1.01,Normal,M_005869
2021-12-07T15:10:00,USR_003,USR_004,1611.30,STK_004,1.23,MM_Balance,M_005872
2021-12-07T15:13:00,USR_004,USR_003,3138.96,STK_004,1.23,MM_Balance,M_005875
2021-12-07T15:29:00,USR_003,USR_004,36052.78,STK_002,21.22,MM_Balance,M_005870
2021-12-07T15:32:00,USR_004,USR_003,34079.32,STK_002,21.22,MM_Balance,M_005873
2021-12-07T15:36:00,USR_003,USR_004,2437.12,STK_003,1.19,MM_Balance,M_005871
2021-12-07T15:43:00,USR_004,USR_003,1843.31,STK_003,1.19,MM_Balance,M_005874
2021-12-08T13:31:51,USR_004,USR_006,27.00,STK_004,1.00,Normal,M_005876
2021-12-08T15:11:00,USR_004,USR_003,2757.50,STK_004,1.25,MM_Balance,M_005881
2021-12-08T15:23:00,USR_003,USR_004,48373.80,STK_002,21.79,MM_Balance,M_005877
2021-12-08T15:31:00,USR_004,USR_003,31726.24,STK_002,21.79,MM_Balance,M_005880
2021-12-08T15:36:00,USR_003,USR_004,2707.50,STK_004,1.25,MM_Balance,M_005879
2021-12-08T15:48:00,USR_003,USR_004,1277.94,STK_003,1.18,MM_Balance,M_005878
2021-12-09T11:51:13,USR_003,USR_006,203.00,STK_004,1.00,Normal,M_005882
2021-12-09T15:34:00,USR_004,USR_003,41806.80,STK_002,22.05,MM_Balance,M_005885
2021-12-09T15:39:00,USR_003,USR_004,15.21,STK_003,1.17,MM_Balance,M_005884
2021-12-09T15:49:00,USR_004,USR_003,2192.52,STK_004,1.32,MM_Balance,M_005886
2021-12-09T15:58:00,USR_003,USR_004,44452.80,STK_002,22.05,MM_Balance,M_005883
2021-12-10T15:09:00,USR_003,USR_004,43996.68,STK_002,22.12,MM_Balance,M_005887
2021-12-10T15:15:00,USR_003,USR_004,2.36,STK_003,1.18,MM_Balance,M_005888
2021-12-10T15:21:00,USR_004,USR_003,38643.64,STK_002,22.12,MM_Balance,M_005889
2021-12-10T15:35:00,USR_004,USR_003,2536.96,STK_004,1.28,MM_Balance,M_005890
2021-12-11T10:20:48,USR_003,USR_006,5335.04,STK_002,20.84,Normal,M_005891
2021-12-11T15:19:00,USR_004,USR_003,3443.70,STK_004,1.30,MM_Balance,M_005895
2021-12-11T15:33:00,USR_003,USR_004,14.28,STK_003,1.19,MM_Balance,M_005893
2021-12-11T15:51:00,USR_003,USR_004,41166.90,STK_002,23.70,MM_Balance,M_005892
2021-12-11T15:51:00,USR_004,USR_003,35905.50,STK_002,23.70,MM_Balance,M_005894
2021-12-12T09:31:58,USR_003,USR_009,92.82,STK_001,1.02,Normal,M_005904
2021-12-12T15:06:00,USR_004,USR_003,3376.10,STK_004,1.30,MM_Balance,M_005910
2021-12-12T15:08:00,USR_003,USR_004,2698.92,STK_003,1.19,MM_Balance,M_005906
2021-12-12T15:33:00,USR_003,USR_004,36456.84,STK_002,23.31,MM_Balance,M_005905
2021-12-12T15:41:00,USR_004,USR_003,1968.26,STK_003,1.19,MM_Balance,M_005909
2021-12-12T15:55:00,USR_003,USR_004,192.40,STK_004,1.30,MM_Balance,M_005907
2021-12-12T15:55:00,USR_004,USR_003,29580.39,STK_002,23.31,MM_Balance,M_005908
2021-12-13T13:00:00,USR_001,USR_003,22489.41,STK_003,0.89,Panic_Dump_Whale,M_005917
2021-12-13T13:00:08,USR_006,USR_003,151.20,STK_003,0.72,Panic_Dump_Retail,M_005918
2021-12-13T14:33:19,USR_002,USR_004,8127.42,STK_003,1.11,Normal,M_005911
2021-12-13T15:03:00,USR_003,USR_004,26782.84,STK_002,23.33,MM_Balance,M_005912
2021-12-13T15:16:00,USR_003,USR_004,15.00,STK_003,1.00,MM_Balance,M_005913
2021-12-13T15:31:00,USR_004,USR_003,42483.93,STK_002,23.33,MM_Balance,M_005914
2021-12-13T15:45:00,USR_004,USR_003,2671.68,STK_004,1.32,MM_Balance,M_005916
2021-12-13T15:47:00,USR_004,USR_003,1548.00,STK_003,1.00,MM_Balance,M_005915
2021-12-14T15:01:00,USR_004,USR_003,2993.00,STK_003,1.00,MM_Balance,M_005923
2021-12-14T15:18:00,USR_004,USR_003,27775.80,STK_002,23.74,MM_Balance,M_005922
2021-12-14T15:20:00,USR_003,USR_004,2872.00,STK_003,1.00,MM_Balance,M_005920
2021-12-14T15:27:00,USR_003,USR_004,1528.56,STK_004,1.32,MM_Balance,M_005921
2021-12-14T15:34:00,USR_003,USR_004,40429.22,STK_002,23.74,MM_Balance,M_005919
2021-12-14T15:53:00,USR_004,USR_003,2222.88,STK_004,1.32,MM_Balance,M_005924
2021-12-15T14:27:52,USR_004,USR_008,789.33,STK_002,2.49,Normal,M_005925
2021-12-15T15:12:00,USR_004,USR_003,41631.12,STK_002,25.89,MM_Balance,M_005928
2021-12-15T15:19:00,USR_004,USR_003,3699.74,STK_004,1.34,MM_Balance,M_005930
2021-12-15T15:40:00,USR_004,USR_003,1404.00,STK_003,1.00,MM_Balance,M_005929
2021-12-15T15:48:00,USR_003,USR_004,35650.53,STK_002,25.89,MM_Balance,M_005926
2021-12-15T15:50:00,USR_003,USR_004,4.00,STK_003,1.00,MM_Balance,M_005927
2021-12-16T09:57:13,USR_004,USR_006,35.00,STK_004,1.00,Normal,M_005932
2021-12-16T14:21:36,USR_003,USR_009,2952.50,STK_002,23.62,Normal,M_005931
2021-12-16T15:04:00,USR_003,USR_004,46751.25,STK_002,26.25,MM_Balance,M_005933
2021-12-16T15:22:00,USR_003,USR_004,19.38,STK_003,1.02,MM_Balance,M_005934
2021-12-16T15:23:00,USR_004,USR_003,1709.52,STK_004,1.36,MM_Balance,M_005937
2021-12-16T15:24:00,USR_004,USR_003,1866.60,STK_003,1.02,MM_Balance,M_005936
2021-12-16T15:56:00,USR_004,USR_003,41711.25,STK_002,26.25,MM_Balance,M_005935
2021-12-17T11:10:40,USR_003,USR_010,1625.20,STK_002,23.90,Normal,M_005938
2021-12-17T15:00:00,USR_003,USR_004,9.00,STK_003,1.00,MM_Balance,M_005940
2021-12-17T15:10:00,USR_004,USR_003,1828.95,STK_004,1.37,MM_Balance,M_005943
2021-12-17T15:21:00,USR_004,USR_003,38061.30,STK_002,26.34,MM_Balance,M_005941
2021-12-17T15:36:00,USR_003,USR_004,45278.46,STK_002,26.34,MM_Balance,M_005939
2021-12-17T15:51:00,USR_004,USR_003,1918.00,STK_003,1.00,MM_Balance,M_005942
2021-12-18T11:39:02,USR_004,USR_007,677.04,STK_002,2.73,Normal,M_005944
2021-12-18T13:12:02,USR_004,USR_008,163.00,STK_001,1.00,Normal,M_005946
2021-12-18T13:56:59,USR_004,USR_009,84.00,STK_003,1.00,Normal,M_005947
2021-12-18T14:43:50,USR_003,USR_006,8316.33,STK_002,26.07,Normal,M_005945
2021-12-18T15:09:00,USR_004,USR_003,2270.52,STK_003,1.02,MM_Balance,M_005951
2021-12-18T15:16:00,USR_003,USR_004,26.52,STK_003,1.02,MM_Balance,M_005949
2021-12-18T15:25:00,USR_004,USR_003,37348.80,STK_002,29.76,MM_Balance,M_005950
2021-12-18T15:27:00,USR_004,USR_003,3405.44,STK_004,1.36,MM_Balance,M_005952
2021-12-18T15:47:00,USR_003,USR_004,42705.60,STK_002,29.76,MM_Balance,M_005948
2021-12-19T15:01:00,USR_004,USR_003,44608.64,STK_002,29.66,MM_Balance,M_005955
2021-12-19T15:17:00,USR_004,USR_003,2036.88,STK_004,1.38,MM_Balance,M_005956
2021-12-19T15:29:00,USR_003,USR_004,17.17,STK_003,1.01,MM_Balance,M_005954
2021-12-19T15:30:00,USR_003,USR_004,43007.00,STK_002,29.66,MM_Balance,M_005953
2021-12-20T10:09:39,USR_003,USR_006,5308.93,STK_002,28.39,Normal,M_005961
2021-12-20T13:56:13,USR_004,USR_008,193.52,STK_002,3.28,Normal,M_005962
2021-12-20T15:09:00,USR_003,USR_004,11.11,STK_003,1.01,MM_Balance,M_005964
2021-12-20T15:19:00,USR_004,USR_003,58012.70,STK_002,32.14,MM_Balance,M_005965
2021-12-20T15:37:00,USR_004,USR_003,1578.96,STK_004,1.36,MM_Balance,M_005966
2021-12-20T15:44:00,USR_003,USR_004,46827.98,STK_002,32.14,MM_Balance,M_005963
