t_idx,time_label,node_idx,node_label,state_X,velocity_v,acceleration_a,inertia_M,viscosity_C,external_force_F
0,2000-10,0,00_Copper,-0.0305,-0.0305,0.0,0.0305,0.003,-0.0001
0,2000-10,1,01_Oil,2.24,2.24,0.0,2.24,0.224,0.5018
0,2000-10,2,02_SP500,74.0601,74.0601,0.0,74.0601,7.406,548.4892
0,2000-10,3,03_US10Y,-0.03,-0.03,0.0,0.03,0.003,-0.0001
0,2000-10,4,04_US_Economy,-77.2912,-75.0512,0.0,77.2912,7.7291,-580.0791
0,2000-10,5,05_US_Inflation,-0.6,-0.6,0.0,0.6,0.06,-0.036
0,2000-10,6,06_US_Production,-0.7884,-0.7884,0.0,0.7884,0.0788,-0.0622
0,2000-10,7,07_US_Unemployment,0.2,0.2,0.0,0.2,0.02,0.004
1,2000-11,0,00_Copper,-0.105,-0.0745,-0.044,0.0677,0.0068,-0.0035
1,2000-11,1,01_Oil,5.18,2.94,0.7,3.71,0.371,3.6877
1,2000-11,2,02_SP500,-33.28,-107.3401,-181.4001,53.67,5.367,-10311.8486
1,2000-11,3,03_US10Y,0.01,0.04,0.07,0.02,0.002,0.0015
1,2000-11,4,04_US_Economy,26.7562,104.0474,179.0985,52.0237,5.2024,9858.661
1,2000-11,5,05_US_Inflation,-0.6,-0.0,0.6,0.6,0.06,0.36
1,2000-11,6,06_US_Production,-0.4012,0.3872,1.1756,0.5948,0.0595,0.7223
1,2000-11,7,07_US_Unemployment,0.2,0.0,-0.2,0.2,0.02,-0.04
2,2000-12,0,00_Copper,-0.025,0.08,0.1545,0.0535,0.0053,0.0087
2,2000-12,1,01_Oil,-4.76,-9.94,-12.88,4.06,0.406,-56.3284
2,2000-12,2,02_SP500,86.5001,119.7802,227.1202,64.6134,6.4613,15448.9519
2,2000-12,3,03_US10Y,-0.45,-0.46,-0.5,0.1633,0.0163,-0.0892
2,2000-12,4,04_US_Economy,-82.4757,-109.232,-213.2793,62.1744,6.2174,-13939.6513
2,2000-12,5,05_US_Inflation,-0.5,0.1,0.1,0.5667,0.0567,0.0623
2,2000-12,6,06_US_Production,-0.7294,-0.3282,-0.7154,0.6397,0.064,-0.4786
2,2000-12,7,07_US_Unemployment,0.2,0.0,0.0,0.2,0.02,0.0
3,2001-01,0,00_Copper,-0.0285,-0.0035,-0.0835,0.0472,0.0047,-0.004
3,2001-01,1,01_Oil,4.14,8.9,18.84,4.08,0.408,80.4984
3,2001-01,2,02_SP500,126.9,40.3999,-79.3802,80.1851,8.0185,-6041.1631
3,2001-01,3,03_US10Y,-0.05,0.4,0.86,0.135,0.0135,0.1215
3,2001-01,4,04_US_Economy,-132.9349,-50.4592,58.7727,79.8645,7.9865,4290.8667
3,2001-01,5,05_US_Inflation,0.1,0.6,0.5,0.45,0.045,0.252
3,2001-01,6,06_US_Production,-0.8666,-0.1372,0.191,0.6964,0.0696,0.1235
3,2001-01,7,07_US_Unemployment,0.5,0.3,0.3,0.275,0.0275,0.0907
4,2001-02,0,00_Copper,-0.069,-0.0405,-0.037,0.0516,0.0052,-0.0021
4,2001-02,1,01_Oil,0.96,-3.18,-12.08,3.456,0.3456,-42.8475
4,2001-02,2,02_SP500,-44.9,-171.8,-212.2,73.1281,7.3128,-16774.1093
4,2001-02,3,03_US10Y,-0.03,0.02,-0.38,0.114,0.0114,-0.0431
4,2001-02,4,04_US_Economy,43.1247,176.0597,226.5189,72.5166,7.2517,17703.0901
4,2001-02,5,05_US_Inflation,-0.5,-0.6,-1.2,0.46,0.046,-0.5796
4,2001-02,6,06_US_Production,-1.0257,-0.1591,-0.0219,0.7623,0.0762,-0.0288
4,2001-02,7,07_US_Unemployment,0.2,-0.3,-0.6,0.26,0.026,-0.1638
5,2001-03,0,00_Copper,-0.082,-0.013,0.0275,0.0567,0.0057,0.0015
5,2001-03,1,01_Oil,1.22,0.26,3.44,3.0833,0.3083,10.6868
5,2001-03,2,02_SP500,1.5601,46.4601,218.2601,61.2001,6.12,13641.8676
5,2001-03,3,03_US10Y,-0.18,-0.15,-0.17,0.125,0.0125,-0.0231
5,2001-03,4,04_US_Economy,-3.6438,-46.7685,-222.8281,61.0378,6.1038,-13886.3927
5,2001-03,5,05_US_Inflation,-0.8,-0.3,0.3,0.5167,0.0517,0.1395
5,2001-03,6,06_US_Production,-0.6143,0.4114,0.5705,0.7376,0.0738,0.4511
5,2001-03,7,07_US_Unemployment,0.3,0.1,0.4,0.2667,0.0267,0.1093
6,2001-04,0,00_Copper,-0.0305,0.0515,0.0645,0.0529,0.0053,0.0037
6,2001-04,1,01_Oil,2.24,1.02,0.76,2.9629,0.2963,2.554
6,2001-04,2,02_SP500,170.3,168.74,122.2799,76.7858,7.6786,10685.0394
6,2001-04,3,03_US10Y,0.28,0.46,0.61,0.1471,0.0147,0.0965
6,2001-04,4,04_US_Economy,-173.9753,-170.3316,-123.5631,77.1717,7.7172,-10850.052
6,2001-04,5,05_US_Inflation,-0.6,0.2,0.5,0.5286,0.0529,0.2749
6,2001-04,6,06_US_Production,-0.7542,-0.1399,-0.5513,0.74,0.074,-0.4183
6,2001-04,7,07_US_Unemployment,0.3,0.0,-0.1,0.2714,0.0271,-0.0271
7,2001-05,0,00_Copper,-0.037,-0.0065,-0.058,0.0509,0.0051,-0.003
7,2001-05,1,01_Oil,4.21,1.97,0.95,3.1187,0.3119,3.5772
7,2001-05,2,02_SP500,87.53,-82.77,-251.51,78.1288,7.8129,-20296.8473
7,2001-05,3,03_US10Y,0.28,0.0,-0.46,0.1637,0.0164,-0.0753
7,2001-05,4,04_US_Economy,-93.4623,80.513,250.8446,79.208,7.9208,20506.6332
7,2001-05,5,05_US_Inflation,0.0,0.6,0.4,0.4625,0.0463,0.2127
7,2001-05,6,06_US_Production,-0.8607,-0.1065,0.0334,0.7551,0.0755,0.0172
7,2001-05,7,07_US_Unemployment,0.1,-0.2,-0.2,0.25,0.025,-0.055
8,2001-06,0,00_Copper,-0.078,-0.041,-0.0345,0.0539,0.0054,-0.0021
8,2001-06,1,01_Oil,0.12,-4.09,-6.06,2.7856,0.2786,-18.0198
8,2001-06,2,02_SP500,49.7301,-37.7999,44.9701,74.9734,7.4973,3088.1614
8,2001-06,3,03_US10Y,-0.08,-0.36,-0.36,0.1544,0.0154,-0.0612
8,2001-06,4,04_US_Economy,-50.9279,42.5344,-37.9786,76.0658,7.6066,-2565.3298
8,2001-06,5,05_US_Inflation,-0.5,-0.5,-1.1,0.4667,0.0467,-0.5367
8,2001-06,6,06_US_Production,-0.9042,-0.0435,0.063,0.7716,0.0772,0.0453
8,2001-06,7,07_US_Unemployment,0.4,0.3,0.5,0.2667,0.0267,0.1413
9,2001-07,0,00_Copper,-0.0305,0.0475,0.0885,0.0516,0.0052,0.0048
9,2001-07,1,01_Oil,2.24,2.12,6.21,2.731,0.2731,17.5385
9,2001-07,2,02_SP500,68.02,18.2899,56.0898,74.2781,7.4278,4302.0983
9,2001-07,3,03_US10Y,-0.01,0.07,0.43,0.14,0.014,0.0612
9,2001-07,4,04_US_Economy,-70.5568,-19.6289,-62.1633,75.5149,7.5515,-4842.4858
9,2001-07,5,05_US_Inflation,-1.2,-0.7,-0.2,0.54,0.054,-0.1458
9,2001-07,6,06_US_Production,-1.0027,-0.0985,-0.055,0.7947,0.0795,-0.0515
9,2001-07,7,07_US_Unemployment,0.3,-0.1,-0.4,0.27,0.027,-0.1107
10,2001-08,0,00_Copper,-0.0565,-0.026,-0.0735,0.052,0.0052,-0.004
10,2001-08,1,01_Oil,3.19,0.95,-1.17,2.7727,0.2773,-2.9807
10,2001-08,2,02_SP500,3.52,-64.5,-82.7899,67.8455,6.7846,-6054.5271
10,2001-08,3,03_US10Y,-0.24,-0.23,-0.3,0.1491,0.0149,-0.0482
10,2001-08,4,04_US_Economy,-7.7239,62.8329,82.4618,69.3521,6.9352,6154.6572
10,2001-08,5,05_US_Inflation,-0.9,0.3,1.0,0.5727,0.0573,0.5899
10,2001-08,6,06_US_Production,-0.5296,0.4731,0.5716,0.7706,0.0771,0.477
10,2001-08,7,07_US_Unemployment,0.5,0.2,0.3,0.2909,0.0291,0.0931
11,2001-09,0,00_Copper,-0.063,-0.0065,0.0195,0.053,0.0053,0.001
11,2001-09,1,01_Oil,-1.53,-4.72,-5.67,2.6692,0.2669,-16.394
11,2001-09,2,02_SP500,-11.47,-14.99,49.51,63.1475,6.3148,3031.7773
11,2001-09,3,03_US10Y,-0.21,0.03,0.26,0.1542,0.0154,0.0405
11,2001-09,4,04_US_Economy,11.8119,19.5358,-43.2971,64.5571,6.4557,-2669.0165
11,2001-09,5,05_US_Inflation,-0.2,0.7,0.4,0.5417,0.0542,0.2546
11,2001-09,6,06_US_Production,-0.8789,-0.3493,-0.8224,0.7797,0.078,-0.6684
11,2001-09,7,07_US_Unemployment,0.3,-0.2,-0.4,0.2917,0.0292,-0.1225
12,2001-10,0,00_Copper,-0.0545,0.0085,0.015,0.0531,0.0053,0.0008
12,2001-10,1,01_Oil,-0.01,1.52,6.24,2.4646,0.2465,15.7538
12,2001-10,2,02_SP500,100.0101,111.4801,126.4701,65.9831,6.5983,9080.4726
12,2001-10,3,03_US10Y,-0.13,0.08,0.05,0.1523,0.0152,0.0088
12,2001-10,4,04_US_Economy,-100.4852,-112.2971,-131.8329,67.3208,6.7321,-9631.0836
12,2001-10,5,05_US_Inflation,-1.4,-1.2,-1.9,0.6077,0.0608,-1.2275
12,2001-10,6,06_US_Production,-0.6704,0.2085,0.5578,0.7713,0.0771,0.4463
12,2001-10,7,07_US_Unemployment,0.5,0.2,0.4,0.3077,0.0308,0.1292
13,2001-11,0,00_Copper,0.0695,0.124,0.1155,0.0561,0.0056,0.0072
13,2001-11,1,01_Oil,0.5,0.51,-1.01,2.3308,0.2331,-2.2352
13,2001-11,2,02_SP500,160.84,60.8298,-50.6503,72.6585,7.2659,-3238.1922
13,2001-11,3,03_US10Y,0.11,0.24,0.16,0.1585,0.0158,0.0292
13,2001-11,4,04_US_Economy,-162.1972,-61.7119,50.5852,73.852,7.3852,3280.0606
13,2001-11,5,05_US_Inflation,-1.0,0.4,1.6,0.6385,0.0638,1.0471
13,2001-11,6,06_US_Production,-0.9623,-0.2919,-0.5004,0.7846,0.0785,-0.4155
13,2001-11,7,07_US_Unemployment,0.4,-0.1,-0.3,0.3231,0.0323,-0.1002
14,2001-12,0,00_Copper,-0.0995,-0.169,-0.293,0.0557,0.0056,-0.0172
14,2001-12,1,01_Oil,2.64,2.14,1.63,2.1354,0.2135,3.9376
14,2001-12,2,02_SP500,89.8,-71.0399,-131.8698,77.0062,7.7006,-10701.8395
14,2001-12,3,03_US10Y,0.47,0.36,0.12,0.1938,0.0194,0.0302
14,2001-12,4,04_US_Economy,-93.9858,68.2113,129.9233,79.0235,7.9024,10806.0201
14,2001-12,5,05_US_Inflation,-1.0,0.0,-0.4,0.6692,0.0669,-0.2677
14,2001-12,6,06_US_Production,-0.4647,0.4976,0.7895,0.7895,0.079,0.6626
14,2001-12,7,07_US_Unemployment,0.4,0.0,0.1,0.3385,0.0338,0.0338
15,2002-01,0,00_Copper,0.047,0.1465,0.3155,0.0573,0.0057,0.0189
15,2002-01,1,01_Oil,1.88,-0.76,-2.9,1.9138,0.1914,-5.6956
15,2002-01,2,02_SP500,63.29,-26.51,44.5299,75.2208,7.5221,3150.1651
15,2002-01,3,03_US10Y,-0.02,-0.49,-0.85,0.1608,0.0161,-0.1445
15,2002-01,4,04_US_Economy,-67.1951,26.7907,-41.4206,77.8481,7.7848,-3015.954
15,2002-01,5,05_US_Inflation,-0.6,0.4,0.4,0.6769,0.0677,0.2978
15,2002-01,6,06_US_Production,0.1581,0.6228,0.1252,0.7456,0.0746,0.1398
15,2002-01,7,07_US_Unemployment,0.2,-0.2,-0.2,0.3385,0.0338,-0.0745
16,2002-02,0,00_Copper,-0.047,-0.094,-0.2405,0.0588,0.0059,-0.0147
16,2002-02,1,01_Oil,4.61,2.73,3.49,1.95,0.195,7.3378
16,2002-02,2,02_SP500,57.7001,-5.59,20.92,69.8977,6.9898,1423.1911
16,2002-02,3,03_US10Y,-0.1,-0.08,0.41,0.1646,0.0165,0.0662
16,2002-02,4,04_US_Economy,-63.5862,3.609,-23.1817,72.5136,7.2514,-1654.8209
16,2002-02,5,05_US_Inflation,-0.6,0.0,-0.4,0.7154,0.0715,-0.2862
16,2002-02,6,06_US_Production,-0.4169,-0.575,-1.1978,0.711,0.0711,-0.8925
16,2002-02,7,07_US_Unemployment,0.2,0.0,0.2,0.3154,0.0315,0.0631
17,2002-03,0,00_Copper,0.016,0.063,0.157,0.0547,0.0055,0.0089
17,2002-03,1,01_Oil,6.62,2.01,-0.72,2.3854,0.2385,-1.238
17,2002-03,2,02_SP500,121.8301,64.13,69.72,75.8154,7.5815,5772.0539
17,2002-03,3,03_US10Y,0.4,0.5,0.58,0.1931,0.0193,0.1216
17,2002-03,4,04_US_Economy,-131.1198,-67.5336,-71.1426,79.2824,7.9282,-6175.7764
17,2002-03,5,05_US_Inflation,-0.4,0.2,0.2,0.7077,0.0708,0.1557
17,2002-03,6,06_US_Production,0.2137,0.6306,1.2056,0.6485,0.0649,0.8227
17,2002-03,7,07_US_Unemployment,0.2,0.0,0.0,0.3154,0.0315,0.0
18,2002-04,0,00_Copper,-0.0585,-0.0745,-0.1375,0.0529,0.0053,-0.0077
18,2002-04,1,01_Oil,3.3,-3.32,-5.33,2.5454,0.2545,-14.4119
18,2002-04,2,02_SP500,10.7001,-111.13,-175.26,76.5185,7.6519,-14260.9846
18,2002-04,3,03_US10Y,-0.04,-0.44,-0.94,0.1823,0.0182,-0.1794
18,2002-04,4,04_US_Economy,-16.4499,114.6699,182.2035,80.2675,8.0267,15545.4444
18,2002-04,5,05_US_Inflation,-0.1,0.3,0.1,0.6538,0.0654,0.085
18,2002-04,6,06_US_Production,0.0083,-0.2054,-0.836,0.6019,0.0602,-0.5156
18,2002-04,7,07_US_Unemployment,0.4,0.2,0.2,0.3231,0.0323,0.0711
19,2002-05,0,00_Copper,-0.0015,0.057,0.1315,0.0507,0.0051,0.0069
19,2002-05,1,01_Oil,0.3,-3.0,0.32,2.3962,0.2396,0.0479
19,2002-05,2,02_SP500,71.39,60.6899,171.8199,68.91,6.891,12258.3346
19,2002-05,3,03_US10Y,-0.02,0.02,0.46,0.1623,0.0162,0.075
19,2002-05,4,04_US_Economy,-73.2414,-56.7915,-171.4614,72.5187,7.2519,-12846.0101
19,2002-05,5,05_US_Inflation,-0.7,-0.6,-0.9,0.6615,0.0662,-0.6351
19,2002-05,6,06_US_Production,-0.0671,-0.0754,0.13,0.549,0.0549,0.0672
19,2002-05,7,07_US_Unemployment,0.1,-0.3,-0.5,0.3077,0.0308,-0.1631
20,2002-06,0,00_Copper,-0.0245,-0.023,-0.08,0.0497,0.005,-0.0041
20,2002-06,1,01_Oil,3.75,3.45,6.45,2.3608,0.2361,16.0414
20,2002-06,2,02_SP500,3.85,-67.54,-128.2299,62.4731,6.2473,-8432.8666
20,2002-06,3,03_US10Y,-0.2,-0.18,-0.2,0.1562,0.0156,-0.034
20,2002-06,4,04_US_Economy,-9.3305,63.9109,120.7024,66.047,6.6047,8394.1508
20,2002-06,5,05_US_Inflation,-0.8,-0.1,0.5,0.7231,0.0723,0.3543
20,2002-06,6,06_US_Production,0.315,0.3821,0.4575,0.5071,0.0507,0.2514
20,2002-06,7,07_US_Unemployment,0.2,0.1,0.4,0.3154,0.0315,0.1293
21,2002-07,0,00_Copper,-0.1205,-0.096,-0.073,0.053,0.0053,-0.0044
21,2002-07,1,01_Oil,2.4,-1.35,-4.8,2.5362,0.2536,-12.5159
21,2002-07,2,02_SP500,2.97,-0.88,66.66,58.8762,5.8876,3919.5043
21,2002-07,3,03_US10Y,-0.25,-0.05,0.13,0.1692,0.0169,0.0212
21,2002-07,4,04_US_Economy,-6.4832,2.8473,-61.0636,62.6282,6.2628,-3806.4711
21,2002-07,5,05_US_Inflation,-0.5,0.3,0.4,0.7231,0.0723,0.3109
21,2002-07,6,06_US_Production,-0.4563,-0.7713,-1.1534,0.4726,0.0473,-0.5816
21,2002-07,7,07_US_Unemployment,0.2,0.0,-0.1,0.3,0.03,-0.03
22,2002-08,0,00_Copper,-0.021,0.0995,0.1955,0.0522,0.0052,0.0107
22,2002-08,1,01_Oil,4.2,1.8,3.15,2.6869,0.2687,8.9474
22,2002-08,2,02_SP500,85.6201,82.65,83.53,60.23,6.023,5528.8186
22,2002-08,3,03_US10Y,-0.36,-0.11,-0.06,0.1962,0.0196,-0.0139
22,2002-08,4,04_US_Economy,-90.8513,-84.368,-87.2153,64.1893,6.4189,-6139.847
22,2002-08,5,05_US_Inflation,-0.4,0.1,-0.2,0.6615,0.0662,-0.1257
22,2002-08,6,06_US_Production,-0.5278,-0.0715,0.6998,0.4361,0.0436,0.3021
22,2002-08,7,07_US_Unemployment,0.1,-0.1,-0.1,0.2846,0.0285,-0.0313
23,2002-09,0,00_Copper,-0.0305,-0.0095,-0.109,0.0502,0.005,-0.0055
23,2002-09,1,01_Oil,2.24,-1.96,-3.76,2.6138,0.2614,-10.3404
23,2002-09,2,02_SP500,-19.6199,-105.24,-187.89,61.4685,6.1468,-12196.2111
23,2002-09,3,03_US10Y,-0.36,0.0,0.11,0.2054,0.0205,0.0226
23,2002-09,4,04_US_Economy,16.2806,107.1319,191.4999,64.8475,6.4848,13113.0237
23,2002-09,5,05_US_Inflation,-0.6,-0.2,-0.3,0.6385,0.0638,-0.2043
23,2002-09,6,06_US_Production,-0.3502,0.1776,0.2491,0.4223,0.0422,0.1127
23,2002-09,7,07_US_Unemployment,0.2,0.1,0.2,0.2615,0.0262,0.0549
24,2002-10,0,00_Copper,-0.0035,0.027,0.0365,0.0457,0.0046,0.0018
24,2002-10,1,01_Oil,0.48,-1.76,0.2,2.5331,0.2533,0.0608
24,2002-10,2,02_SP500,151.65,171.27,276.5099,72.2516,7.2252,21215.7325
24,2002-10,3,03_US10Y,0.1,0.46,0.46,0.1969,0.0197,0.0996
24,2002-10,4,04_US_Economy,-153.5506,-169.8313,-276.9631,75.7505,7.5751,-22266.5853
24,2002-10,5,05_US_Inflation,-0.5,0.1,0.3,0.6615,0.0662,0.2051
24,2002-10,6,06_US_Production,-0.6159,-0.2657,-0.4433,0.4021,0.0402,-0.1889
24,2002-10,7,07_US_Unemployment,0.2,0.0,-0.1,0.2538,0.0254,-0.0254
25,2002-11,0,00_Copper,0.005,0.0085,-0.0185,0.0418,0.0042,-0.0007
25,2002-11,1,01_Oil,1.91,1.43,3.19,2.6792,0.2679,8.9299
25,2002-11,2,02_SP500,131.72,-19.93,-191.2,74.6908,7.4691,-14429.7361
25,2002-11,3,03_US10Y,0.14,0.04,-0.42,0.1977,0.0198,-0.0822
25,2002-11,4,04_US_Economy,-135.8947,17.6559,187.4872,78.4743,7.8474,14851.483
25,2002-11,5,05_US_Inflation,-0.6,-0.1,-0.2,0.6,0.06,-0.126
25,2002-11,6,06_US_Production,0.0797,0.6956,0.9613,0.3566,0.0357,0.3676
25,2002-11,7,07_US_Unemployment,0.4,0.2,0.2,0.2462,0.0246,0.0542
26,2002-12,0,00_Copper,-0.0305,-0.0355,-0.044,0.0388,0.0039,-0.0018
26,2002-12,1,01_Oil,2.24,0.33,-1.1,2.8131,0.2813,-3.0016
26,2002-12,2,02_SP500,24.6801,-107.04,-87.11,64.217,6.4217,-6281.3168
26,2002-12,3,03_US10Y,0.01,-0.13,-0.17,0.19,0.019,-0.0348
26,2002-12,4,04_US_Economy,-27.9065,107.9882,90.3323,68.1443,6.8144,6891.5071
26,2002-12,5,05_US_Inflation,-0.6,0.0,0.1,0.5692,0.0569,0.0569
26,2002-12,6,06_US_Production,-0.933,-1.0127,-1.7083,0.3544,0.0354,-0.6412
26,2002-12,7,07_US_Unemployment,0.3,-0.1,-0.3,0.2385,0.0238,-0.0739
27,2003-01,0,00_Copper,0.0115,0.042,0.0775,0.0321,0.0032,0.0026
27,2003-01,1,01_Oil,8.86,6.62,6.29,3.2915,0.3292,22.8828
27,2003-01,2,02_SP500,57.05,32.37,139.41,61.6977,6.1698,8800.9945
27,2003-01,3,03_US10Y,0.05,0.04,0.17,0.1577,0.0158,0.0274
27,2003-01,4,04_US_Economy,-68.4553,-40.5488,-148.537,66.1804,6.618,-10098.5903
27,2003-01,5,05_US_Inflation,-0.1,0.5,0.5,0.5,0.05,0.275
27,2003-01,6,06_US_Production,0.3438,1.2768,2.2895,0.3451,0.0345,0.8341
27,2003-01,7,07_US_Unemployment,-0.0,-0.3,-0.2,0.2077,0.0208,-0.0478
28,2003-02,0,00_Copper,-0.047,-0.0585,-0.1005,0.0321,0.0032,-0.0034
28,2003-02,1,01_Oil,5.33,-3.53,-10.15,3.5569,0.3557,-37.3583
28,2003-02,2,02_SP500,66.6201,9.57,-22.8,61.9539,6.1954,-1353.2579
28,2003-02,3,03_US10Y,-0.12,-0.17,-0.21,0.1654,0.0165,-0.0375
28,2003-02,4,04_US_Economy,-74.1044,-5.649,34.8998,66.7119,6.6712,2290.5448
28,2003-02,5,05_US_Inflation,0.1,0.2,-0.3,0.4615,0.0462,-0.1292
28,2003-02,6,06_US_Production,-0.3187,-0.6625,-1.9393,0.3574,0.0357,-0.7168
28,2003-02,7,07_US_Unemployment,0.3,0.3,0.6,0.2154,0.0215,0.1357
29,2003-03,0,00_Copper,-0.093,-0.046,0.0125,0.0356,0.0036,0.0003
29,2003-03,1,01_Oil,-3.32,-8.65,-5.12,3.4577,0.3458,-20.6943
29,2003-03,2,02_SP500,88.2,21.58,12.0099,64.3,6.43,910.9993
29,2003-03,3,03_US10Y,-0.06,0.06,0.23,0.1623,0.0162,0.0383
29,2003-03,4,04_US_Economy,-85.8998,-11.7955,-6.1464,68.4283,6.8428,-501.3055
29,2003-03,5,05_US_Inflation,-0.6,-0.7,-0.9,0.4615,0.0462,-0.4477
29,2003-03,6,06_US_Production,-0.6672,-0.3485,0.314,0.3767,0.0377,0.1051
29,2003-03,7,07_US_Unemployment,0.2,-0.1,-0.4,0.2154,0.0215,-0.0883
30,2003-04,0,00_Copper,-0.018,0.075,0.121,0.0358,0.0036,0.0046
30,2003-04,1,01_Oil,-3.0,0.32,8.97,3.1792,0.3179,28.6194
30,2003-04,2,02_SP500,149.91,61.71,40.1301,66.46,6.646,3077.1704
30,2003-04,3,03_US10Y,0.18,0.24,0.18,0.1454,0.0145,0.0297
30,2003-04,4,04_US_Economy,-147.0422,-61.1424,-49.347,69.6531,6.9653,-3863.0457
30,2003-04,5,05_US_Inflation,-1.6,-1.0,-0.3,0.5538,0.0554,-0.2215
30,2003-04,6,06_US_Production,-0.9698,-0.3026,0.0459,0.4348,0.0435,0.0068
30,2003-04,7,07_US_Unemployment,0.3,0.1,0.2,0.2231,0.0223,0.0468
31,2003-05,0,00_Copper,0.0245,0.0425,-0.0325,0.0332,0.0033,-0.0009
31,2003-05,1,01_Oil,6.0,9.0,8.68,3.3869,0.3387,32.4467
31,2003-05,2,02_SP500,127.8401,-22.0699,-83.78,75.4708,7.5471,-6489.505
31,2003-05,3,03_US10Y,-0.36,-0.54,-0.78,0.17,0.017,-0.1418
31,2003-05,4,04_US_Economy,-134.3928,12.6494,73.7919,78.7257,7.8726,5908.896
31,2003-05,5,05_US_Inflation,-1.2,0.4,1.4,0.6385,0.0638,0.9194
31,2003-05,6,06_US_Production,-0.4518,0.518,0.8206,0.4689,0.0469,0.4091
31,2003-05,7,07_US_Unemployment,0.3,0.0,-0.1,0.2154,0.0215,-0.0215
32,2003-06,0,00_Copper,-0.0305,-0.055,-0.0975,0.0354,0.0035,-0.0036
32,2003-06,1,01_Oil,2.24,-3.76,-12.76,3.5362,0.3536,-46.4509
32,2003-06,2,02_SP500,92.08,-35.7601,-13.6901,77.0623,7.7062,-1330.5685
32,2003-06,3,03_US10Y,-0.21,0.15,0.69,0.1846,0.0185,0.1302
32,2003-06,4,04_US_Economy,-95.7081,38.6847,26.0352,80.4539,8.0454,2405.8676
32,2003-06,5,05_US_Inflation,-0.7,0.5,0.1,0.6385,0.0638,0.0958
32,2003-06,6,06_US_Production,-0.3114,0.1404,-0.3776,0.4877,0.0488,-0.1773
32,2003-06,7,07_US_Unemployment,0.4,0.1,0.1,0.2385,0.0238,0.0262
33,2003-07,0,00_Copper,0.0075,0.038,0.093,0.0341,0.0034,0.0033
33,2003-07,1,01_Oil,3.22,0.98,4.74,3.4954,0.3495,16.9107
33,2003-07,2,02_SP500,96.98,4.9,40.6601,84.2262,8.4226,3465.9158
33,2003-07,3,03_US10Y,0.68,0.89,0.74,0.2215,0.0222,0.1837
33,2003-07,4,04_US_Economy,-102.9662,-7.2581,-45.9428,87.6566,8.7657,-4090.8119
33,2003-07,5,05_US_Inflation,-0.3,0.4,-0.1,0.6,0.06,-0.036
33,2003-07,6,06_US_Production,0.0387,0.3501,0.2097,0.4665,0.0466,0.1142
33,2003-07,7,07_US_Unemployment,0.1,-0.3,-0.4,0.2308,0.0231,-0.0992
34,2003-08,0,00_Copper,-0.0455,-0.053,-0.091,0.0283,0.0028,-0.0027
34,2003-08,1,01_Oil,3.27,0.05,-0.93,3.5623,0.3562,-3.2951
34,2003-08,2,02_SP500,98.8701,1.89,-3.01,91.6031,9.1603,-258.4131
34,2003-08,3,03_US10Y,0.5,-0.18,-1.07,0.2408,0.0241,-0.262
34,2003-08,4,04_US_Economy,-104.2087,-1.2424,6.0157,95.1739,9.5174,560.7147
34,2003-08,5,05_US_Inflation,-0.1,0.2,-0.2,0.5692,0.0569,-0.1025
34,2003-08,6,06_US_Production,-0.6259,-0.6646,-1.0147,0.4795,0.048,-0.5184
34,2003-08,7,07_US_Unemployment,0.1,-0.0,0.3,0.2231,0.0223,0.0669
35,2003-09,0,00_Copper,-0.0205,0.025,0.078,0.0283,0.0028,0.0023
35,2003-09,1,01_Oil,-0.13,-3.4,-3.45,3.2492,0.3249,-12.3146
35,2003-09,2,02_SP500,69.13,-29.7401,-31.6301,90.3346,9.0335,-3125.9465
35,2003-09,3,03_US10Y,-0.15,-0.65,-0.47,0.2246,0.0225,-0.1202
35,2003-09,4,04_US_Economy,-71.1286,33.08,34.3225,93.6568,9.3657,3524.3497
35,2003-09,5,05_US_Inflation,-0.3,-0.2,-0.4,0.5615,0.0562,-0.2358
35,2003-09,6,06_US_Production,0.1591,0.785,1.4496,0.4512,0.0451,0.6894
35,2003-09,7,07_US_Unemployment,0.2,0.1,0.1,0.2308,0.0231,0.0254
36,2003-10,0,00_Copper,0.0935,0.114,0.089,0.0331,0.0033,0.0033
36,2003-10,1,01_Oil,2.15,2.28,5.68,3.2423,0.3242,19.1555
36,2003-10,2,02_SP500,135.91,66.78,96.5201,99.28,9.928,10245.5097
36,2003-10,3,03_US10Y,0.05,0.2,0.85,0.2008,0.0201,0.1747
36,2003-10,4,04_US_Economy,-139.1291,-68.0005,-101.0806,103.1067,10.3107,-11123.2161
36,2003-10,5,05_US_Inflation,-1.1,-0.8,-0.6,0.6,0.06,-0.408
36,2003-10,6,06_US_Production,-0.3144,-0.4735,-1.2585,0.4484,0.0448,-0.5856
36,2003-10,7,07_US_Unemployment,0.1,-0.1,-0.2,0.2231,0.0223,-0.0468
37,2003-11,0,00_Copper,-0.0605,-0.154,-0.268,0.0375,0.0037,-0.0106
37,2003-11,1,01_Oil,3.54,1.39,-0.89,3.4777,0.3478,-2.6117
37,2003-11,2,02_SP500,88.66,-47.25,-114.03,94.4347,9.4435,-11214.5902
37,2003-11,3,03_US10Y,0.04,-0.01,-0.21,0.1962,0.0196,-0.0414
37,2003-11,4,04_US_Economy,-93.8067,45.3224,113.3229,98.511,9.8511,11610.0328
37,2003-11,5,05_US_Inflation,-0.8,0.3,1.1,0.6231,0.0623,0.7041
37,2003-11,6,06_US_Production,0.1872,0.5016,0.9751,0.4154,0.0415,0.4259
37,2003-11,7,07_US_Unemployment,-0.0,-0.1,-0.0,0.2077,0.0208,-0.0021
38,2003-12,0,00_Copper,0.1055,0.166,0.32,0.0452,0.0045,0.0152
38,2003-12,1,01_Oil,4.35,0.81,-0.58,3.6654,0.3665,-1.829
38,2003-12,2,02_SP500,134.8901,46.2301,93.4801,94.6785,9.4679,9288.2565
38,2003-12,3,03_US10Y,0.0,-0.04,-0.03,0.1854,0.0185,-0.0063
38,2003-12,4,04_US_Economy,-140.8858,-47.0791,-92.4015,98.895,9.8895,-9603.6308
38,2003-12,5,05_US_Inflation,-0.4,0.4,0.1,0.6077,0.0608,0.0851
38,2003-12,6,06_US_Production,-0.3998,-0.587,-1.0886,0.4401,0.044,-0.5049
38,2003-12,7,07_US_Unemployment,0.1,0.1,0.2,0.1846,0.0185,0.0388
39,2004-01,0,00_Copper,0.0695,-0.036,-0.202,0.0482,0.0048,-0.0099
39,2004-01,1,01_Oil,2.77,-1.58,-2.39,3.7062,0.3706,-9.4433
39,2004-01,2,02_SP500,100.38,-34.5101,-80.7402,100.5016,10.0502,-8461.3536
39,2004-01,3,03_US10Y,-0.09,-0.09,-0.05,0.1915,0.0192,-0.0113
39,2004-01,4,04_US_Economy,-105.1828,35.703,82.7821,104.8393,10.4839,9053.1275
39,2004-01,5,05_US_Inflation,-0.1,0.3,-0.1,0.5692,0.0569,-0.0398
39,2004-01,6,06_US_Production,-0.2867,0.1131,0.7001,0.3903,0.039,0.2777
39,2004-01,7,07_US_Unemployment,0.2,0.1,-0.0,0.1769,0.0177,0.0018
40,2004-02,0,00_Copper,-0.0305,-0.1,-0.064,0.0497,0.005,-0.0037
40,2004-02,1,01_Oil,2.24,-0.53,1.05,3.1969,0.3197,3.1873
40,2004-02,2,02_SP500,94.98,-5.4,29.1101,103.4193,10.3419,2954.6994
40,2004-02,3,03_US10Y,-0.04,0.05,0.14,0.1908,0.0191,0.0277
40,2004-02,4,04_US_Economy,-99.1198,6.063,-29.64,107.1981,10.7198,-3112.3578
40,2004-02,5,05_US_Inflation,-0.5,-0.4,-0.7,0.6,0.06,-0.444
40,2004-02,6,06_US_Production,0.1303,0.417,0.3039,0.3739,0.0374,0.1292
40,2004-02,7,07_US_Unemployment,0.1,-0.1,-0.2,0.1846,0.0185,-0.0388
41,2004-03,0,00_Copper,0.185,0.2155,0.3155,0.0603,0.006,0.0203
41,2004-03,1,01_Oil,4.95,2.71,3.24,3.1677,0.3168,11.1218
41,2004-03,2,02_SP500,62.4401,-32.5399,-27.1399,103.0977,10.3098,-3133.5405
41,2004-03,3,03_US10Y,-0.22,-0.18,-0.23,0.1985,0.0198,-0.0492
41,2004-03,4,04_US_Economy,-68.6961,30.4237,24.3607,106.7821,10.6782,2926.1558
41,2004-03,5,05_US_Inflation,-0.5,0.0,0.4,0.6308,0.0631,0.2523
41,2004-03,6,06_US_Production,-0.799,-0.9293,-1.3463,0.4109,0.0411,-0.5913
41,2004-03,7,07_US_Unemployment,0.4,0.3,0.4,0.1923,0.0192,0.0827
42,2004-04,0,00_Copper,-0.1795,-0.3645,-0.58,0.067,0.0067,-0.0413
42,2004-04,1,01_Oil,3.86,-1.09,-3.8,3.2092,0.3209,-12.5449
42,2004-04,2,02_SP500,62.2601,-0.1799,32.36,101.1024,10.1102,3269.8516
42,2004-04,3,03_US10Y,0.55,0.77,0.95,0.2362,0.0236,0.2425
42,2004-04,4,04_US_Economy,-68.0474,0.6486,-29.7751,105.4088,10.5409,-3131.7193
42,2004-04,5,05_US_Inflation,-0.6,-0.1,-0.1,0.6308,0.0631,-0.0694
42,2004-04,6,06_US_Production,-0.0832,0.7158,1.6451,0.3659,0.0366,0.6282
42,2004-04,7,07_US_Unemployment,-0.0,-0.4,-0.7,0.1769,0.0177,-0.1309
43,2004-05,0,00_Copper,0.038,0.2175,0.582,0.0685,0.0069,0.0414
43,2004-05,1,01_Oil,4.74,0.88,1.97,3.3431,0.3343,6.88
43,2004-05,2,02_SP500,94.55,32.2899,32.4698,96.8439,9.6844,3457.2148
43,2004-05,3,03_US10Y,0.4,-0.15,-0.92,0.2531,0.0253,-0.2366
43,2004-05,4,04_US_Economy,-102.3122,-34.2648,-34.9134,101.968,10.1968,-3909.4465
43,2004-05,5,05_US_Inflation,-0.1,0.5,0.6,0.5154,0.0515,0.335
43,2004-05,6,06_US_Production,0.2442,0.3274,-0.3884,0.3101,0.031,-0.1103
43,2004-05,7,07_US_Unemployment,0.2,0.2,0.6,0.1692,0.0169,0.1049
44,2004-06,0,00_Copper,-0.1035,-0.1415,-0.359,0.0746,0.0075,-0.0278
44,2004-06,1,01_Oil,-0.59,-5.33,-6.21,2.9269,0.2927,-19.7362
44,2004-06,2,02_SP500,101.33,6.7799,-25.51,94.8047,9.4805,-2354.191
44,2004-06,3,03_US10Y,0.04,-0.36,-0.21,0.2285,0.0228,-0.0562
44,2004-06,4,04_US_Economy,-101.7591,0.5532,34.818,99.4577,9.9458,3468.4225
44,2004-06,5,05_US_Inflation,-0.2,-0.1,-0.6,0.4385,0.0438,-0.2675
44,2004-06,6,06_US_Production,-1.1574,-1.4016,-1.729,0.3644,0.0364,-0.6811
44,2004-06,7,07_US_Unemployment,0.2,0.0,-0.2,0.1615,0.0162,-0.0323
45,2004-07,0,00_Copper,0.0725,0.176,0.3175,0.0778,0.0078,0.0261
45,2004-07,1,01_Oil,8.99,9.58,14.91,3.4462,0.3446,54.6836
45,2004-07,2,02_SP500,42.05,-59.2799,-66.0598,90.9562,9.0956,-6547.7369
45,2004-07,3,03_US10Y,-0.2,-0.24,0.12,0.2277,0.0228,0.0219
45,2004-07,4,04_US_Economy,-52.8193,48.9397,48.3865,96.1586,9.6159,5123.3769
45,2004-07,5,05_US_Inflation,-0.7,-0.5,-0.4,0.4385,0.0438,-0.1973
45,2004-07,6,06_US_Production,0.2668,1.4242,2.8258,0.361,0.0361,1.0715
45,2004-07,7,07_US_Unemployment,0.1,-0.1,-0.1,0.1385,0.0138,-0.0152
46,2004-08,0,00_Copper,-0.0305,-0.103,-0.279,0.0796,0.008,-0.023
46,2004-08,1,01_Oil,2.24,-6.75,-16.33,3.3708,0.3371,-57.3199
46,2004-08,2,02_SP500,83.6901,41.64,100.9199,89.9339,8.9934,9450.606
46,2004-08,3,03_US10Y,-0.19,0.01,0.25,0.19,0.019,0.0477
46,2004-08,4,04_US_Economy,-86.8853,-34.0659,-83.0056,94.9216,9.4922,-8202.3861
46,2004-08,5,05_US_Inflation,-0.8,-0.1,0.4,0.4769,0.0477,0.186
46,2004-08,6,06_US_Production,-0.3643,-0.6311,-2.0553,0.386,0.0386,-0.8178
46,2004-08,7,07_US_Unemployment,0.1,0.0,0.1,0.1385,0.0138,0.0138
47,2004-09,0,00_Copper,0.0615,0.092,0.195,0.0808,0.0081,0.0165
47,2004-09,1,01_Oil,8.08,5.84,12.59,3.7408,0.3741,49.2809
47,2004-09,2,02_SP500,91.51,7.8199,-33.8201,89.3677,8.9368,-2952.5377
47,2004-09,3,03_US10Y,-0.12,0.07,0.06,0.1608,0.0161,0.0108
47,2004-09,4,04_US_Economy,-101.3634,-14.4781,19.5878,94.7027,9.4703,1717.9034
47,2004-09,5,05_US_Inflation,-0.3,0.5,0.6,0.4923,0.0492,0.32
47,2004-09,6,06_US_Production,-0.3081,0.0562,0.6873,0.3616,0.0362,0.2505
47,2004-09,7,07_US_Unemployment,0.2,0.1,0.1,0.1462,0.0146,0.0161
48,2004-10,0,00_Copper,-0.083,-0.1445,-0.2365,0.0856,0.0086,-0.0215
48,2004-10,1,01_Oil,4.36,-3.72,-9.56,4.0662,0.4066,-40.385
48,2004-10,2,02_SP500,96.79,5.28,-2.5399,91.4954,9.1495,-184.0809
48,2004-10,3,03_US10Y,0.0,0.12,0.05,0.1492,0.0149,0.0093
48,2004-10,4,04_US_Economy,-104.0797,-2.7163,11.7618,97.2374,9.7237,1117.2763
48,2004-10,5,05_US_Inflation,0.1,0.4,-0.1,0.4769,0.0477,-0.0286
48,2004-10,6,06_US_Production,0.3727,0.6808,0.6246,0.378,0.0378,0.2618
48,2004-10,7,07_US_Unemployment,0.3,0.1,0.0,0.1538,0.0154,0.0015
49,2004-11,0,00_Copper,0.065,0.148,0.2925,0.0834,0.0083,0.0256
49,2004-11,1,01_Oil,-0.39,-4.75,-1.03,3.9308,0.3931,-5.9158
49,2004-11,2,02_SP500,124.79,28.0,22.72,90.64,9.064,2313.1312
49,2004-11,3,03_US10Y,0.12,0.12,0.0,0.1546,0.0155,0.0019
49,2004-11,4,04_US_Economy,-126.7327,-22.653,-19.9367,96.2839,9.6284,-2137.6923
49,2004-11,5,05_US_Inflation,-0.0,-0.1,-0.5,0.3923,0.0392,-0.2001
49,2004-11,6,06_US_Production,-0.1923,-0.565,-1.2458,0.3686,0.0369,-0.48
49,2004-11,7,07_US_Unemployment,0.1,-0.2,-0.3,0.1538,0.0154,-0.0492
50,2004-12,0,00_Copper,0.0135,-0.0515,-0.1995,0.0798,0.008,-0.0163
50,2004-12,1,01_Oil,-3.44,-3.05,1.7,3.9231,0.3923,5.4727
50,2004-12,2,02_SP500,119.2701,-5.5199,-33.5199,92.9947,9.2995,-3168.5038
50,2004-12,3,03_US10Y,0.07,-0.05,-0.17,0.1569,0.0157,-0.0275
50,2004-12,4,04_US_Economy,-117.7817,8.951,31.604,98.1281,9.8128,3189.0756
50,2004-12,5,05_US_Inflation,-0.9,-0.9,-0.8,0.4,0.04,-0.356
50,2004-12,6,06_US_Production,0.3281,0.5204,1.0854,0.3795,0.0379,0.4316
50,2004-12,7,07_US_Unemployment,0.2,0.1,0.3,0.1692,0.0169,0.0525
51,2005-01,0,00_Copper,-0.0545,-0.068,-0.0165,0.0759,0.0076,-0.0018
51,2005-01,1,01_Oil,6.99,10.43,13.48,4.1262,0.4126,59.9241
51,2005-01,2,02_SP500,50.52,-68.7501,-63.2302,86.5047,8.6505,-6064.4295
51,2005-01,3,03_US10Y,0.02,-0.05,0.0,0.1585,0.0158,-0.0008
51,2005-01,4,04_US_Economy,-58.732,59.0497,50.0987,91.8086,9.1809,5141.6198
51,2005-01,5,05_US_Inflation,-1.0,-0.1,0.8,0.4462,0.0446,0.3525
51,2005-01,6,06_US_Production,-0.0835,-0.4116,-0.932,0.3551,0.0355,-0.3456
51,2005-01,7,07_US_Unemployment,0.1,-0.1,-0.2,0.1692,0.0169,-0.0355
52,2005-02,0,00_Copper,0.0065,0.061,0.129,0.071,0.0071,0.0096
52,2005-02,1,01_Oil,5.79,-1.2,-11.63,4.3585,0.4358,-51.2119
52,2005-02,2,02_SP500,103.5,52.98,121.7301,86.7447,8.6745,11019.009
52,2005-02,3,03_US10Y,-0.02,-0.04,0.01,0.1531,0.0153,0.0009
52,2005-02,4,04_US_Economy,-111.9854,-53.2534,-112.3031,92.3319,9.2332,-10860.8527
52,2005-02,5,05_US_Inflation,-0.1,0.9,1.0,0.4462,0.0446,0.4863
52,2005-02,6,06_US_Production,0.2689,0.3524,0.764,0.3538,0.0354,0.2827
52,2005-02,7,07_US_Unemployment,0.3,0.2,0.3,0.1769,0.0177,0.0566
53,2005-03,0,00_Copper,-0.0215,-0.028,-0.089,0.0703,0.007,-0.0065
53,2005-03,1,01_Oil,5.89,0.1,1.3,4.6392,0.4639,6.0774
53,2005-03,2,02_SP500,58.16,-45.34,-98.3199,83.9124,8.3912,-8630.7164
53,2005-03,3,03_US10Y,0.36,0.38,0.42,0.1777,0.0178,0.0814
53,2005-03,4,04_US_Economy,-65.8709,46.1145,99.3678,89.7743,8.9774,9334.6635
53,2005-03,5,05_US_Inflation,-0.2,-0.1,-1.0,0.4231,0.0423,-0.4273
53,2005-03,6,06_US_Production,-0.5576,-0.8265,-1.1789,0.3866,0.0387,-0.4877
53,2005-03,7,07_US_Unemployment,-0.0,-0.3,-0.5,0.1692,0.0169,-0.0897
54,2005-04,0,00_Copper,-0.0415,-0.02,0.008,0.0593,0.0059,0.0004
54,2005-04,1,01_Oil,-3.44,-9.33,-9.43,4.5231,0.4523,-46.8727
54,2005-04,2,02_SP500,57.4301,-0.73,44.61,83.527,8.3527,3720.0395
54,2005-04,3,03_US10Y,-0.13,-0.49,-0.87,0.1708,0.0171,-0.1569
54,2005-04,4,04_US_Economy,-55.739,10.1319,-35.9826,88.7776,8.8778,-3104.4975
54,2005-04,5,05_US_Inflation,-0.3,-0.1,0.0,0.4077,0.0408,-0.0041
54,2005-04,6,06_US_Production,-0.2195,0.3381,1.1646,0.342,0.0342,0.4099
54,2005-04,7,07_US_Unemployment,0.2,0.2,0.5,0.1538,0.0154,0.08
55,2005-05,0,00_Copper,-0.0305,0.011,0.031,0.0478,0.0048,0.0015
55,2005-05,1,01_Oil,2.24,5.68,15.01,4.3985,0.4398,68.5192
55,2005-05,2,02_SP500,115.8201,58.39,59.12,87.647,8.7647,5693.4588
55,2005-05,3,03_US10Y,-0.17,-0.04,0.45,0.1415,0.0142,0.0631
55,2005-05,4,04_US_Economy,-118.8595,-63.1204,-73.2523,92.6862,9.2686,-7374.5148
55,2005-05,5,05_US_Inflation,-1.0,-0.7,-0.6,0.4385,0.0438,-0.2938
55,2005-05,6,06_US_Production,-0.3401,-0.1206,-0.4587,0.3618,0.0362,-0.1703
55,2005-05,7,07_US_Unemployment,0.1,-0.1,-0.3,0.1615,0.0162,-0.0501
56,2005-06,0,00_Copper,0.025,0.0555,0.0445,0.0468,0.0047,0.0023
56,2005-06,1,01_Oil,9.02,6.78,1.1,4.7277,0.4728,8.4058
56,2005-06,2,02_SP500,81.0,-34.8201,-93.2101,86.6047,8.6605,-8373.9848
56,2005-06,3,03_US10Y,-0.11,0.06,0.1,0.1192,0.0119,0.0126
56,2005-06,4,04_US_Economy,-91.483,27.3765,90.4969,91.8532,9.1853,8563.8866
56,2005-06,5,05_US_Inflation,-0.8,0.2,0.9,0.4923,0.0492,0.4529
56,2005-06,6,06_US_Production,0.008,0.3481,0.4687,0.3436,0.0344,0.173
56,2005-06,7,07_US_Unemployment,0.1,0.0,0.1,0.1538,0.0154,0.0154
57,2005-07,0,00_Copper,0.1035,0.0785,0.023,0.0468,0.0047,0.0014
57,2005-07,1,01_Oil,6.31,-2.71,-9.49,5.1677,0.5168,-50.4418
57,2005-07,2,02_SP500,124.0201,43.0201,77.8402,88.3501,8.835,7257.2697
57,2005-07,3,03_US10Y,0.21,0.32,0.26,0.1323,0.0132,0.0386
57,2005-07,4,04_US_Economy,-132.6488,-41.1658,-68.5423,94.2293,9.4229,-6846.597
57,2005-07,5,05_US_Inflation,0.3,1.1,0.9,0.5,0.05,0.505
57,2005-07,6,06_US_Production,-0.7348,-0.7428,-1.0909,0.3111,0.0311,-0.3625
57,2005-07,7,07_US_Unemployment,0.2,0.1,0.1,0.1538,0.0154,0.0169
58,2005-08,0,00_Copper,-0.023,-0.1265,-0.205,0.043,0.0043,-0.0094
58,2005-08,1,01_Oil,10.61,4.3,7.01,5.2923,0.5292,39.3748
58,2005-08,2,02_SP500,67.3199,-56.7002,-99.7203,90.2939,9.0294,-9516.1051
58,2005-08,3,03_US10Y,0.11,-0.1,-0.42,0.1254,0.0125,-0.0539
58,2005-08,4,04_US_Economy,-80.5455,52.1033,93.2691,96.3621,9.6362,9489.6865
58,2005-08,5,05_US_Inflation,0.3,-0.0,-1.1,0.4692,0.0469,-0.5162
58,2005-08,6,06_US_Production,-0.1114,0.6234,1.3662,0.2992,0.0299,0.4274
58,2005-08,7,07_US_Unemployment,0.1,-0.1,-0.2,0.1538,0.0154,-0.0323
59,2005-09,0,00_Copper,0.076,0.099,0.2255,0.0465,0.0047,0.011
59,2005-09,1,01_Oil,-0.46,-11.07,-15.37,5.1554,0.5155,-84.9453
59,2005-09,2,02_SP500,89.6501,22.3302,79.0304,90.7524,9.0752,7374.8465
59,2005-09,3,03_US10Y,-0.03,-0.14,-0.04,0.1131,0.0113,-0.0061
59,2005-09,4,04_US_Economy,-91.2662,-10.7207,-62.824,96.6991,9.6699,-6178.6899
59,2005-09,5,05_US_Inflation,1.8,1.5,1.5,0.5462,0.0546,0.9012
59,2005-09,6,06_US_Production,-2.3099,-2.1985,-2.8219,0.4488,0.0449,-1.3653
59,2005-09,7,07_US_Unemployment,0.3,0.2,0.3,0.1692,0.0169,0.0542
60,2005-10,0,00_Copper,0.064,-0.012,-0.111,0.0467,0.0047,-0.0052
60,2005-10,1,01_Oil,-4.24,-3.78,7.29,4.86,0.486,33.5924
60,2005-10,2,02_SP500,59.37,-30.2802,-52.6104,88.28,8.828,-4911.7577
60,2005-10,3,03_US10Y,0.29,0.32,0.46,0.1262,0.0126,0.0621
60,2005-10,4,04_US_Economy,-58.0536,33.2126,43.9333,93.3676,9.3368,4412.047
60,2005-10,5,05_US_Inflation,-0.6,-2.4,-3.9,0.5692,0.0569,-2.3566
60,2005-10,6,06_US_Production,0.7296,3.0395,5.238,0.4813,0.0481,2.6671
60,2005-10,7,07_US_Unemployment,0.2,-0.1,-0.3,0.1692,0.0169,-0.0525
61,2005-11,0,00_Copper,0.1485,0.0845,0.0965,0.0518,0.0052,0.0054
61,2005-11,1,01_Oil,-0.2,4.04,7.82,4.54,0.454,37.3369
61,2005-11,2,02_SP500,123.64,64.27,94.5502,90.3454,9.0345,9122.8262
61,2005-11,3,03_US10Y,0.11,-0.18,-0.5,0.1346,0.0135,-0.0697
61,2005-11,4,04_US_Economy,-124.8956,-66.842,-100.0547,94.9688,9.4969,-10136.8602
61,2005-11,5,05_US_Inflation,-1.9,-1.3,1.1,0.7077,0.0708,0.6865
61,2005-11,6,06_US_Production,0.6571,-0.0725,-3.112,0.5031,0.0503,-1.5694
61,2005-11,7,07_US_Unemployment,0.2,0.0,0.1,0.1615,0.0162,0.0162
62,2005-12,0,00_Copper,0.056,-0.0925,-0.177,0.0511,0.0051,-0.0095
62,2005-12,1,01_Oil,5.96,6.16,2.12,4.9685,0.4968,13.5937
62,2005-12,2,02_SP500,79.9801,-43.6599,-107.9299,86.8985,8.6899,-9758.3487
62,2005-12,3,03_US10Y,-0.04,-0.15,0.03,0.1285,0.0128,0.0019
62,2005-12,4,04_US_Economy,-87.4728,37.4228,104.2648,91.9488,9.1949,9931.1229
62,2005-12,5,05_US_Inflation,-0.9,1.0,2.3,0.7769,0.0777,1.8646
62,2005-12,6,06_US_Production,0.0767,-0.5804,-0.5079,0.4942,0.0494,-0.2797
62,2005-12,7,07_US_Unemployment,0.1,-0.1,-0.1,0.1615,0.0162,-0.0178
63,2006-01,0,00_Copper,-0.0305,-0.0865,0.006,0.0524,0.0052,-0.0001
63,2006-01,1,01_Oil,2.24,-3.72,-9.88,4.8762,0.4876,-49.9903
63,2006-01,2,02_SP500,112.96,32.9799,76.6398,86.4131,8.6413,6907.6705
63,2006-01,3,03_US10Y,-0.02,0.02,0.17,0.1246,0.0125,0.0214
63,2006-01,4,04_US_Economy,-117.4171,-29.9443,-67.3671,91.9207,9.1921,-6467.6802
63,2006-01,5,05_US_Inflation,0.3,1.2,0.2,0.7308,0.0731,0.2338
63,2006-01,6,06_US_Production,-0.2724,-0.3491,0.2313,0.49,0.049,0.0962
63,2006-01,7,07_US_Unemployment,-0.0,-0.1,-0.0,0.1462,0.0146,-0.0015
64,2006-02,0,00_Copper,-0.0065,0.024,0.1105,0.0487,0.0049,0.0055
64,2006-02,1,01_Oil,2.61,0.37,4.09,4.5392,0.4539,18.7334
64,2006-02,2,02_SP500,81.7501,-31.2098,-64.1897,88.8154,8.8815,-5978.2271
64,2006-02,3,03_US10Y,0.18,0.2,0.18,0.1369,0.0137,0.0274
64,2006-02,4,04_US_Economy,-85.8879,31.5291,61.4734,94.0096,9.401,6075.4968
64,2006-02,5,05_US_Inflation,-0.8,-1.1,-2.3,0.7154,0.0715,-1.7241
64,2006-02,6,06_US_Production,-0.3857,-0.1133,0.2358,0.5132,0.0513,0.1152
64,2006-02,7,07_US_Unemployment,0.3,0.3,0.4,0.1615,0.0162,0.0695
65,2006-03,0,00_Copper,0.272,0.2785,0.2545,0.0691,0.0069,0.0195
65,2006-03,1,01_Oil,7.46,4.85,4.48,4.6677,0.4668,23.1751
65,2006-03,2,02_SP500,95.38,13.6299,44.8397,88.1908,8.8191,4074.6546
65,2006-03,3,03_US10Y,0.18,-0.0,-0.2,0.1492,0.0149,-0.0298
65,2006-03,4,04_US_Economy,-104.8264,-18.9385,-50.4676,93.459,9.3459,-4893.6483
65,2006-03,5,05_US_Inflation,-0.6,0.2,1.3,0.7538,0.0754,0.9951
65,2006-03,6,06_US_Production,-0.2056,0.1801,0.2934,0.5083,0.0508,0.1583
65,2006-03,7,07_US_Unemployment,0.1,-0.2,-0.5,0.1462,0.0146,-0.076
66,2006-04,0,00_Copper,0.817,0.545,0.2665,0.1303,0.013,0.0418
66,2006-04,1,01_Oil,7.49,0.03,-4.82,4.7908,0.4791,-23.0771
66,2006-04,2,02_SP500,96.91,1.53,-12.0999,91.1716,9.1172,-1089.2133
66,2006-04,3,03_US10Y,0.3,0.12,0.12,0.1446,0.0145,0.0191
66,2006-04,4,04_US_Economy,-107.9289,-3.1025,15.8359,96.6942,9.6694,1501.2446
66,2006-04,5,05_US_Inflation,0.1,0.7,0.5,0.7462,0.0746,0.4253
66,2006-04,6,06_US_Production,-0.1281,0.0775,-0.1026,0.4753,0.0475,-0.0451
66,2006-04,7,07_US_Unemployment,0.2,0.1,0.3,0.1615,0.0162,0.0501
67,2006-05,0,00_Copper,0.3505,-0.4665,-1.0115,0.1541,0.0154,-0.163
67,2006-05,1,01_Oil,1.65,-5.84,-5.87,4.6531,0.4653,-30.0309
67,2006-05,2,02_SP500,40.65,-56.26,-57.79,89.8808,8.9881,-5699.8852
67,2006-05,3,03_US10Y,0.15,-0.15,-0.27,0.1462,0.0146,-0.0417
67,2006-05,4,04_US_Economy,-44.4385,63.4904,66.5929,95.8249,9.5825,6989.659
67,2006-05,5,05_US_Inflation,-0.3,-0.4,-1.1,0.7462,0.0746,-0.8506
67,2006-05,6,06_US_Production,-0.402,-0.2739,-0.3514,0.4893,0.0489,-0.1854
67,2006-05,7,07_US_Unemployment,0.1,-0.1,-0.2,0.1538,0.0154,-0.0323
68,2006-06,0,00_Copper,-0.2845,-0.635,-0.1685,0.1736,0.0174,-0.0403
68,2006-06,1,01_Oil,4.93,3.28,9.12,4.86,0.486,45.9173
68,2006-06,2,02_SP500,81.28,40.63,96.89,87.2239,8.7224,8805.5143
68,2006-06,3,03_US10Y,0.03,-0.12,0.03,0.1354,0.0135,0.0024
68,2006-06,4,04_US_Economy,-87.8812,-43.4427,-106.9331,93.442,9.3442,-10397.9781
68,2006-06,5,05_US_Inflation,-0.4,-0.1,0.3,0.7,0.07,0.203
68,2006-06,6,06_US_Production,-0.1143,0.2877,0.5616,0.472,0.0472,0.2786
68,2006-06,7,07_US_Unemployment,0.2,0.1,0.2,0.1615,0.0162,0.0339
69,2006-07,0,00_Copper,0.117,0.4015,1.0365,0.1807,0.0181,0.1945
69,2006-07,1,01_Oil,2.66,-2.27,-5.55,4.3708,0.4371,-25.2499
69,2006-07,2,02_SP500,87.6301,6.3501,-34.2799,87.7339,8.7734,-2951.7979
69,2006-07,3,03_US10Y,0.01,-0.02,0.1,0.1277,0.0128,0.0125
69,2006-07,4,04_US_Economy,-92.6792,-4.798,38.6447,93.534,9.3534,3569.7165
69,2006-07,5,05_US_Inflation,0.2,0.6,0.7,0.6538,0.0654,0.4969
69,2006-07,6,06_US_Production,-0.4779,-0.3636,-0.6513,0.5081,0.0508,-0.3494
69,2006-07,7,07_US_Unemployment,0.3,0.1,0.0,0.1769,0.0177,0.0018
70,2006-08,0,00_Copper,-0.1715,-0.2885,-0.69,0.1859,0.0186,-0.1337
70,2006-08,1,01_Oil,-1.9,-4.56,-2.29,4.0315,0.4032,-11.0706
70,2006-08,2,02_SP500,108.33,20.6998,14.3497,86.527,8.6527,1420.7479
70,2006-08,3,03_US10Y,-0.18,-0.19,-0.17,0.1254,0.0125,-0.0237
70,2006-08,4,04_US_Economy,-108.5261,-15.8468,-11.0488,91.6784,9.1678,-1158.221
70,2006-08,5,05_US_Inflation,-0.0,-0.2,-0.8,0.6308,0.0631,-0.5172
70,2006-08,6,06_US_Production,0.0076,0.4855,0.8491,0.4522,0.0452,0.4059
70,2006-08,7,07_US_Unemployment,0.2,-0.1,-0.2,0.1769,0.0177,-0.0372
71,2006-09,0,00_Copper,-0.0405,0.131,0.4195,0.1873,0.0187,0.081
71,2006-09,1,01_Oil,-5.11,-3.21,1.35,3.6085,0.3608,3.7131
71,2006-09,2,02_SP500,113.2001,4.8701,-15.8297,90.0562,9.0056,-1381.7053
71,2006-09,3,03_US10Y,-0.13,0.05,0.24,0.1269,0.0127,0.0311
71,2006-09,4,04_US_Economy,-107.6672,0.8589,16.7057,93.7647,9.3765,1574.4595
71,2006-09,5,05_US_Inflation,-1.9,-1.9,-1.7,0.7538,0.0754,-1.4248
71,2006-09,6,06_US_Production,-0.5924,-0.6,-1.0855,0.4892,0.0489,-0.5604
71,2006-09,7,07_US_Unemployment,-0.0,-0.2,-0.1,0.1692,0.0169,-0.0203
72,2006-10,0,00_Copper,-0.0305,0.01,-0.121,0.1838,0.0184,-0.0221
72,2006-10,1,01_Oil,2.24,7.35,10.56,3.7454,0.3745,42.3041
72,2006-10,2,02_SP500,123.26,10.0599,5.1898,92.6416,9.2642,573.9899
72,2006-10,3,03_US10Y,0.04,0.17,0.12,0.1277,0.0128,0.0175
72,2006-10,4,04_US_Economy,-125.5085,-17.8413,-18.7002,96.3987,9.6399,-1974.6654
72,2006-10,5,05_US_Inflation,-1.8,0.1,2.0,0.7538,0.0754,1.5152
72,2006-10,6,06_US_Production,-0.541,0.0514,0.6514,0.3531,0.0353,0.2318
72,2006-10,7,07_US_Unemployment,0.1,0.1,0.3,0.1538,0.0154,0.0477
73,2006-11,0,00_Copper,-0.318,-0.2875,-0.2975,0.2033,0.0203,-0.0663
73,2006-11,1,01_Oil,2.46,0.22,-7.13,3.6085,0.3608,-25.6489
73,2006-11,2,02_SP500,103.8601,-19.3999,-29.4598,96.0639,9.6064,-3016.3897
73,2006-11,3,03_US10Y,-0.1,-0.14,-0.31,0.1131,0.0113,-0.0366
73,2006-11,4,04_US_Economy,-107.1733,18.3352,36.1765,100.1771,10.0177,3807.7388
73,2006-11,5,05_US_Inflation,-0.8,1.0,0.9,0.7692,0.0769,0.7692
73,2006-11,6,06_US_Production,-0.4688,0.0722,0.0208,0.333,0.0333,0.0093
73,2006-11,7,07_US_Unemployment,0.3,0.2,0.1,0.1615,0.0162,0.0194
74,2006-12,0,00_Copper,-0.348,-0.03,0.2575,0.2187,0.0219,0.0556
74,2006-12,1,01_Oil,0.16,-2.3,-2.52,3.6054,0.3605,-9.9148
74,2006-12,2,02_SP500,98.8401,-5.02,14.3799,94.1562,9.4156,1306.6886
74,2006-12,3,03_US10Y,-0.01,0.09,0.23,0.1054,0.0105,0.0252
74,2006-12,4,04_US_Economy,-101.7658,5.4075,-12.9277,98.3979,9.8398,-1218.8478
74,2006-12,5,05_US_Inflation,0.2,1.0,0.0,0.6385,0.0638,0.0638
74,2006-12,6,06_US_Production,0.5837,1.0525,0.9803,0.3274,0.0327,0.3554
74,2006-12,7,07_US_Unemployment,0.1,-0.2,-0.4,0.1538,0.0154,-0.0646
75,2007-01,0,00_Copper,-0.301,0.047,0.077,0.2375,0.0237,0.0194
75,2007-01,1,01_Oil,-0.67,-0.83,1.47,3.1985,0.3198,4.4363
75,2007-01,2,02_SP500,101.11,2.2699,7.2899,95.7816,9.5782,719.9812
75,2007-01,3,03_US10Y,0.23,0.24,0.15,0.12,0.012,0.0209
75,2007-01,4,04_US_Economy,-101.68,0.0858,-5.3217,99.4908,9.9491,-528.6085
75,2007-01,5,05_US_Inflation,-0.563,-0.763,-1.763,0.6125,0.0613,-1.1266
75,2007-01,6,06_US_Production,-0.766,-1.3497,-2.4022,0.3804,0.038,-0.9652
75,2007-01,7,07_US_Unemployment,0.4,0.3,0.5,0.1769,0.0177,0.0938
76,2007-02,0,00_Copper,0.119,0.42,0.373,0.2443,0.0244,0.1014
76,2007-02,1,01_Oil,5.89,6.56,7.39,3.4792,0.3479,27.9939
76,2007-02,2,02_SP500,49.75,-51.36,-53.6299,90.9193,9.0919,-5342.9513
76,2007-02,3,03_US10Y,-0.01,-0.24,-0.48,0.1192,0.0119,-0.0601
76,2007-02,4,04_US_Economy,-58.4916,43.1884,43.1026,94.958,9.4958,4503.0455
76,2007-02,5,05_US_Inflation,-0.111,0.452,1.215,0.598,0.0598,0.7536
76,2007-02,6,06_US_Production,0.5136,1.2796,2.6293,0.399,0.0399,1.1001
76,2007-02,7,07_US_Unemployment,0.1,-0.3,-0.6,0.1846,0.0185,-0.1163
77,2007-03,0,00_Copper,0.38,0.261,-0.159,0.273,0.0273,-0.0363
77,2007-03,1,01_Oil,6.32,0.43,-6.13,3.7646,0.3765,-22.9152
77,2007-03,2,02_SP500,95.2101,45.4601,96.8201,91.9547,9.1955,9321.0827
77,2007-03,3,03_US10Y,-0.13,-0.12,0.12,0.1154,0.0115,0.0125
77,2007-03,4,04_US_Economy,-104.0344,-45.5428,-88.7312,96.3539,9.6354,-8988.4191
77,2007-03,5,05_US_Inflation,0.162,0.273,-0.179,0.5489,0.0549,-0.0833
77,2007-03,6,06_US_Production,-0.2477,-0.7613,-2.0409,0.3884,0.0388,-0.8222
77,2007-03,7,07_US_Unemployment,0.1,0.0,0.3,0.1692,0.0169,0.0508
78,2007-04,0,00_Copper,-0.0305,-0.4105,-0.6715,0.2545,0.0254,-0.1813
78,2007-04,1,01_Oil,2.24,-4.08,-4.51,3.3631,0.3363,-16.5396
78,2007-04,2,02_SP500,142.6801,47.47,2.0099,95.5931,9.5593,645.9117
78,2007-04,3,03_US10Y,0.16,0.29,0.41,0.1138,0.0114,0.05
78,2007-04,4,04_US_Economy,-147.5571,-43.5228,2.02,99.6409,9.9641,-232.3888
78,2007-04,5,05_US_Inflation,-0.284,-0.446,-0.719,0.5246,0.0525,-0.4006
78,2007-04,6,06_US_Production,0.2516,0.4993,1.2606,0.3919,0.0392,0.5136
78,2007-04,7,07_US_Unemployment,0.3,0.2,0.2,0.1846,0.0185,0.0406
79,2007-05,0,00_Copper,0.2195,0.25,0.6605,0.2085,0.0208,0.1429
79,2007-05,1,01_Oil,0.38,-1.86,2.22,2.8162,0.2816,5.7281
79,2007-05,2,02_SP500,129.42,-13.26,-60.73,98.0939,9.8094,-6087.3127
79,2007-05,3,03_US10Y,0.09,-0.07,-0.36,0.0977,0.0098,-0.0359
79,2007-05,4,04_US_Economy,-132.0706,15.4865,59.0093,101.498,10.1498,6146.5066
79,2007-05,5,05_US_Inflation,-0.049,0.235,0.681,0.5207,0.0521,0.3668
79,2007-05,6,06_US_Production,-0.3299,-0.5815,-1.0808,0.4074,0.0407,-0.464
79,2007-05,7,07_US_Unemployment,0.1,-0.2,-0.4,0.1769,0.0177,-0.0743
80,2007-06,0,00_Copper,0.0295,-0.19,-0.44,0.1838,0.0184,-0.0844
80,2007-06,1,01_Oil,8.91,8.53,10.39,3.3746,0.3375,37.9408
80,2007-06,2,02_SP500,53.9,-75.52,-62.26,99.1131,9.9113,-6919.2864
80,2007-06,3,03_US10Y,0.38,0.29,0.36,0.1154,0.0115,0.0449
80,2007-06,4,04_US_Economy,-65.0701,67.0005,51.514,103.085,10.3085,6000.9972
80,2007-06,5,05_US_Inflation,-0.421,-0.372,-0.607,0.53,0.053,-0.3414
80,2007-06,6,06_US_Production,-0.3684,-0.0385,0.543,0.4048,0.0405,0.2183
80,2007-06,7,07_US_Unemployment,0.4,0.3,0.5,0.2,0.02,0.106
81,2007-07,0,00_Copper,-0.0305,-0.06,0.13,0.1643,0.0164,0.0204
81,2007-07,1,01_Oil,2.24,-6.67,-15.2,3.1677,0.3168,-50.2617
81,2007-07,2,02_SP500,33.0901,-20.8099,54.7101,95.4062,9.5406,5021.1416
81,2007-07,3,03_US10Y,-0.07,-0.45,-0.74,0.1185,0.0118,-0.093
81,2007-07,4,04_US_Economy,-36.6894,28.3807,-38.6198,99.1472,9.9147,-3547.6557
81,2007-07,5,05_US_Inflation,-0.531,-0.11,0.262,0.5401,0.054,0.1356
81,2007-07,6,06_US_Production,-0.5492,-0.1808,-0.1423,0.4383,0.0438,-0.0703
81,2007-07,7,07_US_Unemployment,0.3,-0.1,-0.4,0.2077,0.0208,-0.0852
82,2007-08,0,00_Copper,-0.073,-0.0425,0.0175,0.1609,0.0161,0.0021
82,2007-08,1,01_Oil,5.6,3.36,10.03,3.3938,0.3394,35.1806
82,2007-08,2,02_SP500,99.89,66.7999,87.6099,96.3493,9.6349,9084.7589
82,2007-08,3,03_US10Y,-0.3,-0.23,0.22,0.1408,0.0141,0.0277
82,2007-08,4,04_US_Economy,-106.3897,-69.7003,-98.0811,100.2018,10.0202,-10526.3118
82,2007-08,5,05_US_Inflation,-0.836,-0.305,-0.195,0.589,0.0589,-0.1328
82,2007-08,6,06_US_Production,-0.2313,0.3179,0.4987,0.4193,0.0419,0.2224
82,2007-08,7,07_US_Unemployment,0.1,-0.2,-0.1,0.1923,0.0192,-0.0231
83,2007-09,0,00_Copper,0.189,0.262,0.3045,0.1622,0.0162,0.0536
83,2007-09,1,01_Oil,9.86,4.26,0.9,4.0062,0.4006,5.3122
83,2007-09,2,02_SP500,133.9301,34.04,-32.7599,98.3185,9.8319,-2886.2267
83,2007-09,3,03_US10Y,-0.12,0.18,0.41,0.1362,0.0136,0.0583
83,2007-09,4,04_US_Economy,-146.1784,-39.7886,29.9117,103.0982,10.3098,2673.6262
83,2007-09,5,05_US_Inflation,-0.02,0.816,1.121,0.5905,0.0591,0.7102
83,2007-09,6,06_US_Production,-0.2007,0.0306,-0.2873,0.4342,0.0434,-0.1234
83,2007-09,7,07_US_Unemployment,0.3,0.2,0.4,0.2,0.02,0.084
84,2007-10,0,00_Copper,-0.193,-0.382,-0.644,0.174,0.0174,-0.1187
84,2007-10,1,01_Oil,15.11,5.25,0.99,4.7754,0.4775,7.2347
84,2007-10,2,02_SP500,103.8,-30.13,-64.17,97.5954,9.7595,-6556.7582
84,2007-10,3,03_US10Y,0.04,0.16,-0.02,0.1292,0.0129,-0.0005
84,2007-10,4,04_US_Economy,-120.225,25.9533,65.742,104.0641,10.4064,7111.4615
84,2007-10,5,05_US_Inflation,-0.257,-0.237,-1.053,0.4642,0.0464,-0.4998
84,2007-10,6,06_US_Production,-0.715,-0.5143,-0.5449,0.4436,0.0444,-0.2645
84,2007-10,7,07_US_Unemployment,0.2,-0.1,-0.3,0.2154,0.0215,-0.0668
85,2007-11,0,00_Copper,-0.3415,-0.1485,0.2335,0.1979,0.0198,0.0433
85,2007-11,1,01_Oil,-3.58,-18.69,-23.94,4.8785,0.4878,-125.9081
85,2007-11,2,02_SP500,12.9301,-90.87,-60.74,89.1085,8.9109,-6222.1791
85,2007-11,3,03_US10Y,-0.35,-0.39,-0.55,0.1531,0.0153,-0.0902
85,2007-11,4,04_US_Economy,-11.9585,108.2665,82.3132,95.3295,9.533,8878.9765
85,2007-11,5,05_US_Inflation,0.744,1.001,1.238,0.3829,0.0383,0.5124
85,2007-11,6,06_US_Production,0.116,0.831,1.3453,0.4109,0.0411,0.587
85,2007-11,7,07_US_Unemployment,0.2,0.0,0.1,0.2231,0.0223,0.0223
86,2007-12,0,00_Copper,-0.157,0.1845,0.333,0.1855,0.0186,0.0652
86,2007-12,1,01_Oil,9.51,13.09,31.78,5.4208,0.5421,179.3678
86,2007-12,2,02_SP500,68.39,55.46,146.33,86.38,8.638,13119.0512
86,2007-12,3,03_US10Y,-0.02,0.33,0.72,0.1469,0.0147,0.1106
86,2007-12,4,04_US_Economy,-79.7826,-67.8241,-176.0906,93.2226,9.3223,-17047.8858
86,2007-12,5,05_US_Inflation,-0.289,-1.033,-2.034,0.3436,0.0344,-0.7344
86,2007-12,6,06_US_Production,-0.3914,-0.5074,-1.3384,0.405,0.0405,-0.5625
86,2007-12,7,07_US_Unemployment,0.5,0.3,0.3,0.2385,0.0238,0.0787
87,2008-01,0,00_Copper,0.2285,0.3855,0.201,0.1763,0.0176,0.0422
87,2008-01,1,01_Oil,-1.99,-11.5,-24.59,5.5615,0.5562,-143.1541
87,2008-01,2,02_SP500,-8.6399,-77.0299,-132.4899,79.4416,7.9442,-11137.1402
87,2008-01,3,03_US10Y,-0.33,-0.31,-0.64,0.1715,0.0172,-0.1151
87,2008-01,4,04_US_Economy,9.025,88.8076,156.6317,86.0887,8.6089,14248.7434
87,2008-01,5,05_US_Inflation,-0.171,0.118,1.151,0.3414,0.0341,0.397
87,2008-01,6,06_US_Production,-0.5626,-0.1712,0.3362,0.4033,0.0403,0.1287
87,2008-01,7,07_US_Unemployment,0.2,-0.3,-0.6,0.2462,0.0246,-0.1551
88,2008-02,0,00_Copper,0.532,0.3035,-0.082,0.1941,0.0194,-0.01
88,2008-02,1,01_Oil,12.33,14.32,25.82,6.4585,0.6458,176.006
88,2008-02,2,02_SP500,33.25,41.8899,118.9198,74.2216,7.4222,9137.3272
88,2008-02,3,03_US10Y,0.03,0.36,0.67,0.1562,0.0156,0.1102
88,2008-02,4,04_US_Economy,-47.2669,-56.2919,-145.0995,81.903,8.1903,-12345.1374
88,2008-02,5,05_US_Inflation,-0.387,-0.216,-0.334,0.3278,0.0328,-0.1166
88,2008-02,6,06_US_Production,-0.8281,-0.2655,-0.0943,0.4081,0.0408,-0.0493
88,2008-02,7,07_US_Unemployment,0.1,-0.1,0.2,0.2231,0.0223,0.0424
89,2008-03,0,00_Copper,-0.019,-0.551,-0.8545,0.1864,0.0186,-0.1695
89,2008-03,1,01_Oil,1.98,-10.35,-24.67,6.1577,0.6158,-158.2834
89,2008-03,2,02_SP500,73.24,39.99,-1.8999,76.0285,7.6028,159.5911
89,2008-03,3,03_US10Y,-0.2,-0.23,-0.59,0.1708,0.0171,-0.1047
89,2008-03,4,04_US_Economy,-76.7647,-29.4978,26.7941,83.3087,8.3309,1986.4376
89,2008-03,5,05_US_Inflation,-0.139,0.248,0.464,0.33,0.033,0.1613
89,2008-03,6,06_US_Production,-0.7373,0.0908,0.3563,0.4253,0.0425,0.1554
89,2008-03,7,07_US_Unemployment,0.4,0.3,0.4,0.2462,0.0246,0.1058
90,2008-04,0,00_Copper,0.04,0.059,0.61,0.1602,0.016,0.0987
90,2008-04,1,01_Oil,14.12,12.14,22.49,6.7577,0.6758,160.1842
90,2008-04,2,02_SP500,144.0601,70.8201,30.8301,79.7862,7.9786,3024.8604
90,2008-04,3,03_US10Y,0.2,0.4,0.63,0.1762,0.0176,0.118
90,2008-04,4,04_US_Economy,-159.2719,-82.5072,-53.0094,87.5577,8.7558,-5363.7909
90,2008-04,5,05_US_Inflation,-0.406,-0.267,-0.515,0.3488,0.0349,-0.1889
90,2008-04,6,06_US_Production,-1.0822,-0.3449,-0.4357,0.4895,0.049,-0.2302
90,2008-04,7,07_US_Unemployment,0.1,-0.3,-0.6,0.2462,0.0246,-0.1551
91,2008-05,0,00_Copper,-0.3365,-0.3765,-0.4355,0.1838,0.0184,-0.087
91,2008-05,1,01_Oil,16.13,2.01,-10.13,7.8262,0.7826,-77.7058
91,2008-05,2,02_SP500,95.9601,-48.1,-118.92,76.1923,7.6192,-9427.2809
91,2008-05,3,03_US10Y,0.23,0.03,-0.37,0.1815,0.0182,-0.0666
91,2008-05,4,04_US_Economy,-114.1514,45.1205,127.6276,84.988,8.4988,11230.2894
91,2008-05,5,05_US_Inflation,0.366,0.772,1.039,0.3551,0.0355,0.3963
91,2008-05,6,06_US_Production,-1.0382,0.044,0.3889,0.55,0.055,0.2163
91,2008-05,7,07_US_Unemployment,0.6,0.5,0.8,0.2692,0.0269,0.2288
92,2008-06,0,00_Copper,-0.0305,0.306,0.6825,0.1692,0.0169,0.1207
92,2008-06,1,01_Oil,2.24,-13.89,-15.9,7.9692,0.7969,-137.78
92,2008-06,2,02_SP500,-39.21,-135.17,-87.0701,69.2531,6.9253,-6965.9665
92,2008-06,3,03_US10Y,0.25,0.02,-0.01,0.1938,0.0194,-0.0016
92,2008-06,4,04_US_Economy,33.4165,147.5678,102.4474,77.3992,7.7399,9071.5118
92,2008-06,5,05_US_Inflation,1.355,0.989,0.217,0.4555,0.0456,0.1439
92,2008-06,6,06_US_Production,-0.661,0.3772,0.3332,0.5755,0.0575,0.2135
92,2008-06,7,07_US_Unemployment,0.4,-0.2,-0.7,0.2923,0.0292,-0.2105
93,2008-07,0,00_Copper,0.058,0.0885,-0.2175,0.1714,0.0171,-0.0358
93,2008-07,1,01_Oil,-1.03,-3.27,10.62,7.3631,0.7363,75.7882
93,2008-07,2,02_SP500,68.55,107.76,242.9301,70.38,7.038,17855.8381
93,2008-07,3,03_US10Y,-0.06,-0.31,-0.33,0.1692,0.0169,-0.0611
93,2008-07,4,04_US_Economy,-70.0264,-103.4429,-251.0108,77.7805,7.778,-20328.3238
93,2008-07,5,05_US_Inflation,0.653,-0.702,-1.691,0.4734,0.0473,-0.8337
93,2008-07,6,06_US_Production,-0.7846,-0.1236,-0.5008,0.6075,0.0608,-0.3117
93,2008-07,7,07_US_Unemployment,0.4,0.0,0.2,0.2923,0.0292,0.0585
94,2008-08,0,00_Copper,-0.3175,-0.3755,-0.464,0.1935,0.0194,-0.097
94,2008-08,1,01_Oil,-6.38,-5.35,-2.08,7.6815,0.7682,-20.0873
94,2008-08,2,02_SP500,96.62,28.0699,-79.6901,75.2669,7.5267,-5786.7533
94,2008-08,3,03_US10Y,-0.09,-0.03,0.28,0.1708,0.0171,0.0473
94,2008-08,4,04_US_Economy,-89.3545,-19.328,84.1149,81.8317,8.1832,6725.0945
94,2008-08,5,05_US_Inflation,-1.226,-1.879,-1.177,0.5268,0.0527,-0.7191
94,2008-08,6,06_US_Production,-1.992,-1.2074,-1.0838,0.7185,0.0718,-0.8655
94,2008-08,7,07_US_Unemployment,0.5,0.1,0.1,0.3077,0.0308,0.0338
95,2008-09,0,00_Copper,-0.572,-0.2545,0.121,0.2319,0.0232,0.0222
95,2008-09,1,01_Oil,-12.58,-6.2,-0.85,8.2185,0.8218,-12.0811
95,2008-09,2,02_SP500,-35.2999,-131.9199,-159.9899,70.2985,7.0298,-12174.42
95,2008-09,3,03_US10Y,-0.17,-0.08,-0.05,0.1608,0.0161,-0.0093
95,2008-09,4,04_US_Economy,51.6436,140.9981,160.3262,77.6204,7.762,13539.0164
95,2008-09,5,05_US_Inflation,-0.713,0.513,2.392,0.5174,0.0517,1.2641
95,2008-09,6,06_US_Production,-4.7487,-2.7567,-1.5493,1.066,0.1066,-1.9454
95,2008-09,7,07_US_Unemployment,0.2,-0.3,-0.4,0.3154,0.0315,-0.1356
96,2008-10,0,00_Copper,-1.0745,-0.5025,-0.248,0.3,0.03,-0.0895
96,2008-10,1,01_Oil,-30.59,-18.01,-11.81,9.8131,0.9813,-133.5658
96,2008-10,2,02_SP500,-116.4399,-81.14,50.7799,68.9531,6.8953,2941.9455
96,2008-10,3,03_US10Y,0.15,0.32,0.4,0.1631,0.0163,0.0704
96,2008-10,4,04_US_Economy,147.3911,95.7475,-45.2506,77.7137,7.7714,-2772.5026
96,2008-10,5,05_US_Inflation,-2.782,-2.069,-2.582,0.7298,0.073,-2.0355
96,2008-10,6,06_US_Production,0.5053,5.254,8.0107,1.0894,0.1089,9.2994
96,2008-10,7,07_US_Unemployment,0.6,0.4,0.7,0.3385,0.0338,0.2505
97,2008-11,0,00_Copper,-0.251,0.8235,1.326,0.3045,0.0304,0.4288
97,2008-11,1,01_Oil,-11.14,19.45,37.46,9.5077,0.9508,374.6507
97,2008-11,2,02_SP500,8.66,125.1,206.24,61.6346,6.1635,13482.5714
97,2008-11,3,03_US10Y,-0.25,-0.4,-0.72,0.1792,0.0179,-0.1362
97,2008-11,4,04_US_Economy,6.6605,-140.7307,-236.4782,68.978,6.8978,-17282.5179
97,2008-11,5,05_US_Inflation,-4.742,-1.96,0.109,1.0748,0.1075,-0.0935
97,2008-11,6,06_US_Production,-1.6775,-2.1828,-7.4368,1.1635,0.1163,-8.9063
97,2008-11,7,07_US_Unemployment,0.5,-0.1,-0.5,0.3615,0.0362,-0.1844
98,2008-12,0,00_Copper,-0.259,-0.008,-0.8315,0.2981,0.0298,-0.2481
98,2008-12,1,01_Oil,-7.59,3.55,-15.9,9.8162,0.9816,-152.5922
98,2008-12,2,02_SP500,88.1801,79.52,-45.58,67.4231,6.7423,-2536.9924
98,2008-12,3,03_US10Y,-1.08,-0.83,-0.43,0.2354,0.0235,-0.1208
98,2008-12,4,04_US_Economy,-76.4731,-83.1336,57.5971,73.9406,7.3941,3644.0682
98,2008-12,5,05_US_Inflation,-2.655,2.087,4.047,1.2218,0.1222,5.1998
98,2008-12,6,06_US_Production,-3.0629,-1.3854,0.7974,1.3901,0.139,0.9159
98,2008-12,7,07_US_Unemployment,0.7,0.2,0.3,0.4,0.04,0.128
99,2009-01,0,00_Copper,0.0365,0.2955,0.3035,0.2888,0.0289,0.0962
99,2009-01,1,01_Oil,-0.68,6.91,3.36,9.1369,0.9137,37.0138
99,2009-01,2,02_SP500,3.8,-84.38,-163.9,62.4546,6.2455,-10763.3055
99,2009-01,3,03_US10Y,0.13,1.21,2.04,0.2438,0.0244,0.527
99,2009-01,4,04_US_Economy,-3.1687,73.3044,156.438,68.0473,6.8047,11143.9944
99,2009-01,5,05_US_Inflation,-0.365,2.29,0.203,1.2277,0.1228,0.5304
99,2009-01,6,06_US_Production,-2.6928,0.3701,1.7555,1.5672,0.1567,2.8092
99,2009-01,7,07_US_Unemployment,0.7,0.0,-0.2,0.4154,0.0415,-0.0831
100,2009-02,0,00_Copper,-0.0305,-0.067,-0.3625,0.2736,0.0274,-0.101
100,2009-02,1,01_Oil,2.24,2.92,-3.99,9.1562,0.9156,-33.8595
100,2009-02,2,02_SP500,-9.6199,-13.42,70.96,62.53,6.253,4353.2154
100,2009-02,3,03_US10Y,0.38,0.25,-0.96,0.2477,0.0248,-0.2316
100,2009-02,4,04_US_Economy,5.1845,8.3533,-64.9511,67.7518,6.7752,-4343.9625
100,2009-02,5,05_US_Inflation,-0.128,0.237,-2.053,1.2244,0.1224,-2.4846
100,2009-02,6,06_US_Production,-0.9661,1.7267,1.3566,1.5982,0.1598,2.4441
100,2009-02,7,07_US_Unemployment,0.7,0.0,0.0,0.4538,0.0454,0.0
101,2009-03,0,00_Copper,-0.0305,0.0,0.067,0.235,0.0235,0.0157
101,2009-03,1,01_Oil,2.24,0.0,-2.92,8.38,0.838,-24.4696
101,2009-03,2,02_SP500,143.95,153.5699,166.9899,71.0454,7.1045,12954.9086
101,2009-03,3,03_US10Y,-0.02,-0.4,-0.65,0.2469,0.0247,-0.1704
101,2009-03,4,04_US_Economy,-146.0642,-151.2487,-159.602,75.3516,7.5352,-13165.9574
101,2009-03,5,05_US_Inflation,-1.11,-0.982,-1.219,1.28,0.128,-1.686
101,2009-03,6,06_US_Production,-1.8053,-0.8392,-2.5659,1.6734,0.1673,-4.4341
101,2009-03,7,07_US_Unemployment,0.6,-0.1,-0.1,0.4923,0.0492,-0.0542
102,2009-04,0,00_Copper,0.5605,0.591,0.591,0.2767,0.0277,0.1799
102,2009-04,1,01_Oil,11.68,9.44,9.44,9.1262,0.9126,94.766
102,2009-04,2,02_SP500,156.11,12.16,-141.4099,77.42,7.742,-10853.814
102,2009-04,3,03_US10Y,0.14,0.16,0.56,0.2423,0.0242,0.1396
102,2009-04,4,04_US_Economy,-169.399,-23.3348,127.9139,82.4774,8.2477,10357.5412
102,2009-04,5,05_US_Inflation,-0.686,0.424,1.406,1.3221,0.1322,1.9149
102,2009-04,6,06_US_Production,-1.1455,0.6598,1.499,1.7048,0.1705,2.6679
102,2009-04,7,07_US_Unemployment,0.5,-0.1,0.0,0.5,0.05,-0.005
103,2009-05,0,00_Copper,0.114,-0.4465,-1.0375,0.2824,0.0282,-0.3056
103,2009-05,1,01_Oil,17.43,5.75,-3.69,9.3808,0.9381,-29.2211
103,2009-05,2,02_SP500,127.5001,-28.61,-40.77,76.1462,7.6146,-3322.3347
103,2009-05,3,03_US10Y,0.39,0.25,0.09,0.2569,0.0257,0.0295
103,2009-05,4,04_US_Economy,-146.3921,23.007,46.3418,81.4866,8.1487,3963.7131
103,2009-05,5,05_US_Inflation,-0.587,0.099,-0.325,1.336,0.1336,-0.421
103,2009-05,6,06_US_Production,-1.295,-0.1495,-0.8093,1.7211,0.1721,-1.4187
103,2009-05,7,07_US_Unemployment,0.6,0.1,0.2,0.5385,0.0538,0.1131
104,2009-06,0,00_Copper,0.03,-0.084,0.3625,0.2588,0.0259,0.0916
104,2009-06,1,01_Oil,5.82,-11.61,-17.36,8.5877,0.8588,-159.0526
104,2009-06,2,02_SP500,81.35,-46.15,-17.54,75.0223,7.5022,-1662.1225
104,2009-06,3,03_US10Y,0.46,0.07,-0.18,0.2746,0.0275,-0.0475
104,2009-06,4,04_US_Economy,-90.3203,56.0717,33.0647,79.6534,7.9653,3080.3505
104,2009-06,5,05_US_Inflation,0.868,1.455,1.356,1.3746,0.1375,2.064
104,2009-06,6,06_US_Production,-0.7477,0.5473,0.6968,1.6988,0.1699,1.2767
104,2009-06,7,07_US_Unemployment,0.3,-0.3,-0.4,0.5154,0.0515,-0.2216
105,2009-07,0,00_Copper,0.328,0.298,0.382,0.2817,0.0282,0.116
105,2009-07,1,01_Oil,1.8,-4.02,7.59,8.5538,0.8554,61.485
105,2009-07,2,02_SP500,149.33,67.98,114.13,83.4931,8.3493,10096.6525
105,2009-07,3,03_US10Y,-0.13,-0.59,-0.66,0.2654,0.0265,-0.1908
105,2009-07,4,04_US_Economy,-153.3337,-63.0134,-119.0851,88.8778,8.8878,-11144.0759
105,2009-07,5,05_US_Inflation,-0.964,-1.832,-3.287,1.3445,0.1345,-4.6658
105,2009-07,6,06_US_Production,0.5297,1.2774,0.7301,1.6887,0.1689,1.4486
105,2009-07,7,07_US_Unemployment,0.2,-0.1,0.2,0.5,0.05,0.095
106,2009-08,0,00_Copper,0.161,-0.167,-0.465,0.2896,0.029,-0.1395
106,2009-08,1,01_Oil,2.75,0.95,4.97,8.6862,0.8686,43.9954
106,2009-08,2,02_SP500,114.3101,-35.02,-102.9999,87.0131,8.7013,-9267.0624
106,2009-08,3,03_US10Y,0.06,0.19,0.78,0.2654,0.0265,0.212
106,2009-08,4,04_US_Economy,-120.1529,33.1809,96.1942,92.7337,9.2734,9228.1473
106,2009-08,5,05_US_Inflation,-0.181,0.783,2.615,1.3082,0.1308,3.5235
106,2009-08,6,06_US_Production,0.5128,-0.0169,-1.2943,1.6678,0.1668,-2.1614
106,2009-08,7,07_US_Unemployment,0.3,0.1,0.2,0.4923,0.0492,0.1034
107,2009-09,0,00_Copper,-0.0295,-0.1905,-0.0235,0.2675,0.0267,-0.0114
107,2009-09,1,01_Oil,2.89,0.14,-0.81,8.4177,0.8418,-6.7005
107,2009-09,2,02_SP500,117.63,3.3199,38.3399,88.6292,8.8629,3427.4612
107,2009-09,3,03_US10Y,-0.16,-0.22,-0.41,0.2708,0.0271,-0.117
107,2009-09,4,04_US_Economy,-122.8231,-2.6702,-35.8511,95.3082,9.5308,-3442.3544
107,2009-09,5,05_US_Inflation,-0.484,-0.303,-1.086,1.2512,0.1251,-1.3967
107,2009-09,6,06_US_Production,0.3366,-0.1762,-0.1593,1.5405,0.154,-0.2725
107,2009-09,7,07_US_Unemployment,0.4,0.1,0.0,0.4846,0.0485,0.0048
108,2009-10,0,00_Copper,0.108,0.1375,0.328,0.2318,0.0232,0.0792
108,2009-10,1,01_Oil,8.63,5.74,5.6,8.1138,0.8114,50.0949
108,2009-10,2,02_SP500,60.28,-57.35,-60.6699,90.5508,9.0551,-6013.018
108,2009-10,3,03_US10Y,0.02,0.18,0.4,0.2592,0.0259,0.1084
108,2009-10,4,04_US_Economy,-71.2345,51.5886,54.2588,96.8152,9.6815,5752.5359
108,2009-10,5,05_US_Inflation,-0.252,0.232,0.535,1.2157,0.1216,0.6786
108,2009-10,6,06_US_Production,-0.1915,-0.5281,-0.3519,1.1899,0.119,-0.4816
108,2009-10,7,07_US_Unemployment,0.4,-0.0,-0.1,0.5,0.05,-0.05
109,2009-11,0,00_Copper,-0.0305,-0.1385,-0.276,0.1515,0.0151,-0.0439
109,2009-11,1,01_Oil,2.24,-6.39,-12.13,5.9331,0.5933,-75.7594
109,2009-11,2,02_SP500,140.6101,80.3301,137.6801,92.41,9.241,13465.349
109,2009-11,3,03_US10Y,0.04,0.02,-0.16,0.2508,0.0251,-0.0396
109,2009-11,4,04_US_Economy,-144.9777,-73.7432,-125.3318,96.6296,9.663,-12823.3311
109,2009-11,5,05_US_Inflation,-0.175,0.077,-0.155,1.0152,0.1015,-0.1495
109,2009-11,6,06_US_Production,-0.0469,0.1446,0.6727,1.1546,0.1155,0.7934
109,2009-11,7,07_US_Unemployment,0.1,-0.3,-0.3,0.4615,0.0462,-0.1523
110,2009-12,0,00_Copper,0.3495,0.38,0.5185,0.159,0.0159,0.0885
110,2009-12,1,01_Oil,4.6,2.36,8.75,5.43,0.543,48.794
110,2009-12,2,02_SP500,100.64,-39.9701,-120.3002,99.4854,9.9485,-12365.7568
110,2009-12,3,03_US10Y,0.22,0.18,0.16,0.2485,0.0248,0.0442
110,2009-12,4,04_US_Economy,-107.3926,37.5851,111.3283,104.3782,10.4378,12012.5507
110,2009-12,5,05_US_Inflation,-0.787,-0.612,-0.689,0.7109,0.0711,-0.5333
110,2009-12,6,06_US_Production,-0.0699,-0.023,-0.1676,1.031,0.1031,-0.1752
110,2009-12,7,07_US_Unemployment,0.2,0.1,0.4,0.4385,0.0438,0.1798
111,2010-01,0,00_Copper,-0.312,-0.6615,-1.0415,0.1631,0.0163,-0.1807
111,2010-01,1,01_Oil,-4.23,-8.83,-11.19,5.1715,0.5172,-62.436
111,2010-01,2,02_SP500,39.9401,-60.7,-20.7299,95.7746,9.5775,-2566.7466
111,2010-01,3,03_US10Y,0.17,-0.05,-0.23,0.1785,0.0178,-0.0419
111,2010-01,4,04_US_Economy,-37.6853,69.7074,32.1223,101.3945,10.1395,3963.8154
111,2010-01,5,05_US_Inflation,-0.759,0.028,0.64,0.5651,0.0565,0.3632
111,2010-01,6,06_US_Production,0.5362,0.6061,0.6291,0.8366,0.0837,0.577
111,2010-01,7,07_US_Unemployment,0.1,-0.1,-0.2,0.3923,0.0392,-0.0824
112,2010-02,0,00_Copper,0.192,0.504,1.1655,0.1751,0.0175,0.2129
112,2010-02,1,01_Oil,9.01,13.24,22.07,5.8123,0.5812,135.9731
112,2010-02,2,02_SP500,111.79,71.85,132.5499,104.0816,10.4082,14543.8305
112,2010-02,3,03_US10Y,-0.01,-0.18,-0.13,0.1692,0.0169,-0.025
112,2010-02,4,04_US_Economy,-122.2232,-84.538,-154.2453,110.5526,11.0553,-17986.8044
112,2010-02,5,05_US_Inflation,-1.107,-0.348,-0.376,0.6222,0.0622,-0.2556
112,2010-02,6,06_US_Production,-0.0918,-0.628,-1.2341,0.6365,0.0637,-0.8255
112,2010-02,7,07_US_Unemployment,0.2,0.1,0.2,0.3538,0.0354,0.0743
113,2010-03,0,00_Copper,0.247,0.055,-0.449,0.1917,0.0192,-0.085
113,2010-03,1,01_Oil,6.34,-2.67,-15.91,6.1277,0.6128,-99.1277
113,2010-03,2,02_SP500,146.1101,34.3201,-37.5299,114.5808,11.4581,-3906.9652
113,2010-03,3,03_US10Y,0.07,0.08,0.26,0.1454,0.0145,0.039
113,2010-03,4,04_US_Economy,-154.6669,-32.4437,52.0943,122.0512,12.2051,5962.1951
113,2010-03,5,05_US_Inflation,-0.828,0.279,0.627,0.676,0.0676,0.4427
113,2010-03,6,06_US_Production,0.1878,0.2796,0.9076,0.5767,0.0577,0.5395
113,2010-03,7,07_US_Unemployment,0.3,0.1,0.0,0.3231,0.0323,0.0032
114,2010-04,0,00_Copper,-0.239,-0.486,-0.541,0.2078,0.0208,-0.1225
114,2010-04,1,01_Oil,4.63,-1.71,0.96,6.3115,0.6312,4.9798
114,2010-04,2,02_SP500,98.4299,-47.6802,-82.0002,111.0793,11.1079,-9638.1552
114,2010-04,3,03_US10Y,0.15,0.08,0.0,0.1554,0.0155,0.0012
114,2010-04,4,04_US_Economy,-104.4401,50.2268,82.6704,118.8493,11.8849,10422.2691
114,2010-04,5,05_US_Inflation,-0.85,-0.022,-0.301,0.656,0.0656,-0.1989
114,2010-04,6,06_US_Production,-0.1208,-0.3086,-0.5882,0.4471,0.0447,-0.2768
114,2010-04,7,07_US_Unemployment,0.2,-0.1,-0.2,0.2923,0.0292,-0.0614
115,2010-05,0,00_Copper,-0.271,-0.032,0.454,0.1855,0.0186,0.0836
115,2010-05,1,01_Oil,-9.94,-14.57,-12.86,6.1777,0.6178,-88.446
115,2010-05,2,02_SP500,-16.1099,-114.5398,-66.8596,100.31,10.031,-7855.6391
115,2010-05,3,03_US10Y,-0.4,-0.55,-0.63,0.1754,0.0175,-0.1201
115,2010-05,4,04_US_Economy,24.7971,129.2372,79.0104,107.7261,10.7726,9903.7077
115,2010-05,5,05_US_Inflation,-1.013,-0.163,-0.141,0.6812,0.0681,-0.1071
115,2010-05,6,06_US_Production,0.7968,0.9176,1.2262,0.4203,0.042,0.5539
115,2010-05,7,07_US_Unemployment,-0.1,-0.3,-0.2,0.2615,0.0262,-0.0602
116,2010-06,0,00_Copper,-0.1915,0.0795,0.1115,0.1915,0.0191,0.0229
116,2010-06,1,01_Oil,3.9,13.84,28.41,5.1369,0.5137,153.0494
116,2010-06,2,02_SP500,22.47,38.5798,153.1196,92.2308,9.2231,14478.1689
116,2010-06,3,03_US10Y,-0.19,0.21,0.76,0.16,0.016,0.125
116,2010-06,4,04_US_Economy,-26.9802,-51.7772,-181.0144,98.5406,9.8541,-18347.4832
116,2010-06,5,05_US_Inflation,-0.991,0.022,0.185,0.7122,0.0712,0.1333
116,2010-06,6,06_US_Production,-0.2573,-1.0541,-1.9717,0.3404,0.034,-0.7071
116,2010-06,7,07_US_Unemployment,0.0,0.1,0.4,0.2154,0.0215,0.0883
117,2010-07,0,00_Copper,0.3405,0.532,0.4525,0.2153,0.0215,0.1089
117,2010-07,1,01_Oil,5.56,1.66,-12.18,5.1169,0.5117,-61.4747
117,2010-07,2,02_SP500,152.0601,129.5901,91.0103,97.67,9.767,10154.68
117,2010-07,3,03_US10Y,-0.16,0.03,-0.18,0.1369,0.0137,-0.0242
117,2010-07,4,04_US_Economy,-159.6688,-132.6886,-80.9114,103.8751,10.3875,-9782.9777
117,2010-07,5,05_US_Inflation,-0.494,0.497,0.475,0.6835,0.0683,0.3586
117,2010-07,6,06_US_Production,-0.0778,0.1795,1.2336,0.2889,0.0289,0.3616
117,2010-07,7,07_US_Unemployment,0.2,0.2,0.1,0.2077,0.0208,0.0249
118,2010-08,0,00_Copper,-0.0305,-0.371,-0.903,0.1925,0.0192,-0.1809
118,2010-08,1,01_Oil,2.24,-3.32,-4.98,5.1508,0.5151,-27.3609
118,2010-08,2,02_SP500,28.9,-123.16,-252.7501,88.4062,8.8406,-23433.4822
118,2010-08,3,03_US10Y,-0.28,-0.12,-0.15,0.1485,0.0148,-0.0241
118,2010-08,4,04_US_Economy,-32.6988,126.9699,259.6585,94.5955,9.4595,25763.5986
118,2010-08,5,05_US_Inflation,-0.582,-0.088,-0.585,0.6541,0.0654,-0.3884
118,2010-08,6,06_US_Production,-0.0887,-0.0109,-0.1904,0.255,0.0255,-0.0488
118,2010-08,7,07_US_Unemployment,0.3,0.1,-0.1,0.2154,0.0215,-0.0194
119,2010-09,0,00_Copper,0.3085,0.339,0.71,0.2038,0.0204,0.1516
119,2010-09,1,01_Oil,3.26,1.02,4.34,5.19,0.519,23.054
119,2010-09,2,02_SP500,173.04,144.14,267.3,92.9239,9.2924,26177.9586
119,2010-09,3,03_US10Y,-0.02,0.26,0.38,0.1454,0.0145,0.059
119,2010-09,4,04_US_Economy,-178.3266,-145.6278,-272.5978,99.0704,9.907,-28449.1026
119,2010-09,5,05_US_Inflation,-0.548,0.034,0.122,0.6823,0.0682,0.0856
119,2010-09,6,06_US_Production,-0.1539,-0.0652,-0.0543,0.2274,0.0227,-0.0138
119,2010-09,7,07_US_Unemployment,0.2,-0.1,-0.2,0.2077,0.0208,-0.0436
120,2010-10,0,00_Copper,0.0555,-0.253,-0.592,0.2058,0.0206,-0.127
120,2010-10,1,01_Oil,3.7,0.44,-0.58,5.2523,0.5252,-2.8153
120,2010-10,2,02_SP500,123.2301,-49.8099,-193.95,93.3546,9.3355,-18571.1272
120,2010-10,3,03_US10Y,-0.08,-0.06,-0.32,0.1392,0.0139,-0.0454
120,2010-10,4,04_US_Economy,-128.4151,49.9115,195.5394,99.5005,9.9501,19952.8927
120,2010-10,5,05_US_Inflation,-0.14,0.408,0.374,0.6558,0.0656,0.272
120,2010-10,6,06_US_Production,-0.6905,-0.5366,-0.4714,0.2546,0.0255,-0.1337
120,2010-10,7,07_US_Unemployment,0.1,-0.1,0.0,0.1846,0.0185,-0.0018
121,2010-11,0,00_Copper,0.0605,0.005,0.258,0.2022,0.0202,0.0523
121,2010-11,1,01_Oil,4.92,1.22,0.78,4.9669,0.4967,4.4802
121,2010-11,2,02_SP500,78.4601,-44.77,5.0399,94.7531,9.4753,53.3379
121,2010-11,3,03_US10Y,0.25,0.33,0.39,0.1569,0.0157,0.0664
121,2010-11,4,04_US_Economy,-85.8391,42.576,-7.3355,100.624,10.0624,-309.7126
121,2010-11,5,05_US_Inflation,-0.345,-0.205,-0.613,0.663,0.0663,-0.42
121,2010-11,6,06_US_Production,-0.3465,0.344,0.8806,0.2665,0.0267,0.2439
121,2010-11,7,07_US_Unemployment,0.6,0.5,0.6,0.2,0.02,0.13
122,2010-12,0,00_Copper,0.586,0.5255,0.5205,0.2449,0.0245,0.1403
122,2010-12,1,01_Oil,9.51,4.59,3.37,5.5262,0.5526,21.1596
122,2010-12,2,02_SP500,158.26,79.7999,124.5699,96.1108,9.6111,12739.4797
122,2010-12,3,03_US10Y,0.56,0.31,-0.02,0.1969,0.0197,0.0022
122,2010-12,4,04_US_Economy,-171.3187,-85.4796,-128.0556,102.6502,10.265,-14022.3858
122,2010-12,5,05_US_Inflation,-0.018,0.327,0.532,0.6509,0.0651,0.3676
122,2010-12,6,06_US_Production,0.4807,0.8272,0.4832,0.2999,0.03,0.1697
122,2010-12,7,07_US_Unemployment,-0.3,-0.9,-1.4,0.2154,0.0215,-0.3209
123,2011-01,0,00_Copper,-0.019,-0.605,-1.1305,0.2195,0.0219,-0.2614
123,2011-01,1,01_Oil,3.05,-6.46,-11.05,5.4069,0.5407,-63.2393
123,2011-01,2,02_SP500,109.65,-48.61,-128.4099,96.8039,9.6804,-12901.14
123,2011-01,3,03_US10Y,0.13,-0.43,-0.74,0.19,0.019,-0.1488
123,2011-01,4,04_US_Economy,-114.2416,57.0771,142.5567,103.177,10.3177,15297.4821
123,2011-01,5,05_US_Inflation,-0.185,-0.167,-0.494,0.6046,0.0605,-0.3088
123,2011-01,6,06_US_Production,-0.6244,-1.1051,-1.9323,0.3426,0.0343,-0.6998
123,2011-01,7,07_US_Unemployment,-0.0,0.3,1.2,0.2,0.02,0.246
124,2011-02,0,00_Copper,-0.0035,0.0155,0.6205,0.1957,0.0196,0.1218
124,2011-02,1,01_Oil,7.02,3.97,10.43,5.6215,0.5622,60.8643
124,2011-02,2,02_SP500,122.27,12.62,61.23,103.1369,10.3137,6445.2318
124,2011-02,3,03_US10Y,0.22,0.09,0.52,0.1938,0.0194,0.1025
124,2011-02,4,04_US_Economy,-130.8592,-16.6176,-73.6947,110.3443,11.0344,-8315.1491
124,2011-02,5,05_US_Inflation,-0.189,-0.004,0.163,0.5608,0.0561,0.0912
124,2011-02,6,06_US_Production,-0.7983,-0.1739,0.9312,0.3627,0.0363,0.3315
124,2011-02,7,07_US_Unemployment,0.1,0.1,-0.2,0.2,0.02,-0.038
125,2011-03,0,00_Copper,-0.2085,-0.205,-0.2205,0.197,0.0197,-0.0475
125,2011-03,1,01_Oil,11.99,4.97,1.0,5.8508,0.5851,8.7586
125,2011-03,2,02_SP500,79.78,-42.49,-55.11,100.6746,10.0675,-5975.9441
125,2011-03,3,03_US10Y,-0.14,-0.36,-0.45,0.2038,0.0204,-0.0991
125,2011-03,4,04_US_Economy,-94.651,36.2082,52.8258,108.2233,10.8223,6108.8383
125,2011-03,5,05_US_Inflation,0.248,0.437,0.441,0.4947,0.0495,0.2398
125,2011-03,6,06_US_Production,0.5415,1.3398,1.5137,0.3973,0.0397,0.6546
125,2011-03,7,07_US_Unemployment,0.2,0.1,-0.0,0.2,0.02,0.002
126,2011-04,0,00_Copper,-0.165,0.0435,0.2485,0.1907,0.0191,0.0482
126,2011-04,1,01_Oil,9.45,-2.54,-7.51,6.09,0.609,-47.2828
126,2011-04,2,02_SP500,118.9501,39.17,81.66,98.5854,9.8585,8436.6468
126,2011-04,3,03_US10Y,0.08,0.22,0.58,0.2046,0.0205,0.1232
126,2011-04,4,04_US_Economy,-130.2711,-35.62,-71.8282,106.3467,10.6347,-8017.5045
126,2011-04,5,05_US_Inflation,0.147,-0.101,-0.538,0.4423,0.0442,-0.2424
126,2011-04,6,06_US_Production,-0.731,-1.2725,-2.6123,0.4391,0.0439,-1.2029
126,2011-04,7,07_US_Unemployment,0.3,0.1,0.0,0.2,0.02,0.002
127,2011-05,0,00_Copper,-0.0305,0.1345,0.091,0.1747,0.0175,0.0182
127,2011-05,1,01_Oil,2.24,-7.21,-4.67,5.9062,0.5906,-31.8401
127,2011-05,2,02_SP500,62.76,-56.1901,-95.3601,95.8416,9.5842,-9677.996
127,2011-05,3,03_US10Y,-0.26,-0.34,-0.56,0.2131,0.0213,-0.1266
127,2011-05,4,04_US_Economy,-66.5485,63.7226,99.3426,103.432,10.3432,10934.2976
127,2011-05,5,05_US_Inflation,-0.187,-0.334,-0.233,0.3913,0.0391,-0.1042
127,2011-05,6,06_US_Production,-0.314,0.417,1.6895,0.454,0.0454,0.7859
127,2011-05,7,07_US_Unemployment,0.1,-0.2,-0.3,0.1923,0.0192,-0.0615
128,2011-06,0,00_Copper,0.076,0.1065,-0.028,0.1597,0.016,-0.0028
128,2011-06,1,01_Oil,-16.27,-18.51,-11.3,6.3931,0.6393,-84.0754
128,2011-06,2,02_SP500,56.6101,-6.1499,50.0402,98.957,9.8957,4890.9649
128,2011-06,3,03_US10Y,-0.14,0.12,0.46,0.1931,0.0193,0.0911
128,2011-06,4,04_US_Economy,-41.773,24.7755,-38.9471,104.7378,10.4738,-3819.7368
128,2011-06,5,05_US_Inflation,-0.9,-0.713,-0.379,0.3826,0.0383,-0.1723
128,2011-06,6,06_US_Production,-0.1431,0.1709,-0.2461,0.4037,0.0404,-0.0924
128,2011-06,7,07_US_Unemployment,0.3,0.2,0.4,0.2077,0.0208,0.0872
129,2011-07,0,00_Copper,0.1715,0.0955,-0.011,0.1581,0.0158,-0.0002
129,2011-07,1,01_Oil,2.52,18.79,37.3,6.2869,0.6287,246.3153
129,2011-07,2,02_SP500,52.8101,-3.8,2.3499,101.2908,10.1291,199.5276
129,2011-07,3,03_US10Y,0.03,0.17,0.05,0.1808,0.0181,0.0121
129,2011-07,4,04_US_Economy,-57.5975,-15.8245,-40.6,107.093,10.7093,-4517.44
129,2011-07,5,05_US_Inflation,-0.311,0.589,1.302,0.3303,0.033,0.4495
129,2011-07,6,06_US_Production,0.0369,0.18,0.0091,0.3867,0.0387,0.0105
129,2011-07,7,07_US_Unemployment,0.1,-0.2,-0.4,0.2154,0.0215,-0.0905
130,2011-08,0,00_Copper,-0.3175,-0.489,-0.5845,0.1563,0.0156,-0.099
130,2011-08,1,01_Oil,-4.65,-7.17,-25.96,6.2169,0.6217,-165.8488
130,2011-08,2,02_SP500,7.78,-45.03,-41.23,90.1924,9.0192,-4124.7655
130,2011-08,3,03_US10Y,-0.67,-0.7,-0.87,0.22,0.022,-0.2068
130,2011-08,4,04_US_Economy,-4.6053,52.9921,68.8166,95.165,9.5165,7053.2326
130,2011-08,5,05_US_Inflation,-0.189,0.122,-0.467,0.3068,0.0307,-0.1396
130,2011-08,6,06_US_Production,0.2118,0.1749,-0.0051,0.397,0.0397,0.0049
130,2011-08,7,07_US_Unemployment,0.2,0.1,0.3,0.2154,0.0215,0.0668
131,2011-09,0,00_Copper,-1.0725,-0.755,-0.266,0.2365,0.0236,-0.0808
131,2011-09,1,01_Oil,-7.37,-2.72,4.45,6.6115,0.6612,27.623
131,2011-09,2,02_SP500,-6.2999,-14.08,30.9501,88.4539,8.8454,2613.1116
131,2011-09,3,03_US10Y,-0.29,0.38,1.08,0.2208,0.0221,0.2468
131,2011-09,4,04_US_Economy,13.5073,18.1127,-34.8795,93.6888,9.3689,-3098.1196
131,2011-09,5,05_US_Inflation,-0.409,-0.22,-0.342,0.2935,0.0294,-0.1068
131,2011-09,6,06_US_Production,-0.5059,-0.7177,-0.8926,0.4291,0.0429,-0.4138
131,2011-09,7,07_US_Unemployment,0.2,0.0,-0.1,0.2077,0.0208,-0.0208
132,2011-10,0,00_Copper,0.4535,1.526,2.281,0.2477,0.0248,0.6027
132,2011-10,1,01_Oil,16.23,23.6,26.32,7.6092,0.7609,218.2328
132,2011-10,2,02_SP500,203.05,209.35,223.4299,90.7623,9.0762,22179.1347
132,2011-10,3,03_US10Y,0.2,0.49,0.11,0.2346,0.0235,0.0373
132,2011-10,4,04_US_Economy,-221.6602,-235.1675,-253.2801,97.0221,9.7022,-26855.4211
132,2011-10,5,05_US_Inflation,-0.747,-0.338,-0.118,0.3088,0.0309,-0.0469
132,2011-10,6,06_US_Production,0.2336,0.7395,1.4572,0.4352,0.0435,0.6664
132,2011-10,7,07_US_Unemployment,0.0,-0.2,-0.2,0.1923,0.0192,-0.0423
133,2011-11,0,00_Copper,-0.0965,-0.55,-2.076,0.2508,0.0251,-0.5345
133,2011-11,1,01_Oil,9.41,-6.82,-30.42,8.0485,0.8048,-250.3233
133,2011-11,2,02_SP500,74.83,-128.2201,-337.5701,87.0393,8.7039,-30497.867
133,2011-11,3,03_US10Y,-0.11,-0.31,-0.8,0.2369,0.0237,-0.1969
133,2011-11,4,04_US_Economy,-85.357,136.3031,371.4706,93.71,9.371,36087.7906
133,2011-11,5,05_US_Inflation,-0.481,0.266,0.604,0.3351,0.0335,0.2113
133,2011-11,6,06_US_Production,-0.4354,-0.669,-1.4085,0.4156,0.0416,-0.6132
133,2011-11,7,07_US_Unemployment,-0.0,-0.0,0.2,0.1846,0.0185,0.0369
134,2011-12,0,00_Copper,-0.162,-0.0655,0.4845,0.2586,0.0259,0.1236
134,2011-12,1,01_Oil,0.71,-8.7,-1.88,7.7246,0.7725,-21.2426
134,2011-12,2,02_SP500,91.8101,16.9801,145.2002,88.0662,8.8066,12936.7639
134,2011-12,3,03_US10Y,0.0,0.11,0.42,0.2177,0.0218,0.0938
134,2011-12,4,04_US_Economy,-93.9336,-8.5765,-144.8796,94.3326,9.4333,-13747.7766
134,2011-12,5,05_US_Inflation,-0.846,-0.365,-0.631,0.3736,0.0374,-0.2494
134,2011-12,6,06_US_Production,0.0815,0.5169,1.1859,0.3952,0.0395,0.4891
134,2011-12,7,07_US_Unemployment,0.1,0.1,0.1,0.1462,0.0146,0.0161
135,2012-01,0,00_Copper,-0.0305,0.1315,0.197,0.2159,0.0216,0.0454
135,2012-01,1,01_Oil,2.24,1.53,10.23,7.1654,0.7165,74.3982
135,2012-01,2,02_SP500,135.9801,44.17,27.1899,86.3523,8.6352,2729.3338
135,2012-01,3,03_US10Y,0.02,0.02,-0.09,0.1762,0.0176,-0.0155
135,2012-01,4,04_US_Economy,-140.3162,-46.3826,-37.8061,91.9478,9.1948,-3902.6697
135,2012-01,5,05_US_Inflation,-0.281,0.565,0.93,0.3938,0.0394,0.3885
135,2012-01,6,06_US_Production,0.1476,0.0661,-0.4508,0.3696,0.037,-0.1642
135,2012-01,7,07_US_Unemployment,0.0,-0.1,-0.2,0.1231,0.0123,-0.0258
136,2012-02,0,00_Copper,0.4085,0.439,0.3075,0.2458,0.0246,0.0864
136,2012-02,1,01_Oil,10.48,8.24,6.71,7.7369,0.7737,58.29
136,2012-02,2,02_SP500,134.4401,-1.54,-45.7101,88.2593,8.8259,-4047.9307
136,2012-02,3,03_US10Y,0.03,0.01,-0.01,0.1685,0.0168,-0.0015
136,2012-02,4,04_US_Economy,-147.2702,-6.954,39.4287,94.4885,9.4488,3659.8489
136,2012-02,5,05_US_Inflation,-0.413,-0.132,-0.697,0.4114,0.0411,-0.2922
136,2012-02,6,06_US_Production,-0.1154,-0.263,-0.3291,0.3305,0.033,-0.1174
136,2012-02,7,07_US_Unemployment,0.2,0.2,0.3,0.1385,0.0138,0.0443
137,2012-03,0,00_Copper,-0.077,-0.4855,-0.9245,0.2515,0.0252,-0.2447
137,2012-03,1,01_Oil,-1.81,-12.29,-20.53,7.3362,0.7336,-159.6274
137,2012-03,2,02_SP500,123.96,-10.4801,-8.9401,88.3893,8.8389,-882.8385
137,2012-03,3,03_US10Y,0.23,0.2,0.19,0.1692,0.0169,0.0355
137,2012-03,4,04_US_Economy,-123.2904,23.9798,30.9338,93.9062,9.3906,3130.0588
137,2012-03,5,05_US_Inflation,-0.422,-0.009,0.123,0.4293,0.0429,0.0524
137,2012-03,6,06_US_Production,-0.9306,-0.8152,-0.5522,0.3406,0.0341,-0.2159
137,2012-03,7,07_US_Unemployment,0.1,-0.1,-0.3,0.1385,0.0138,-0.0429
138,2012-04,0,00_Copper,-0.0305,0.0465,0.532,0.2378,0.0238,0.1276
138,2012-04,1,01_Oil,2.24,4.05,16.34,6.5862,0.6586,110.2852
138,2012-04,2,02_SP500,70.6101,-53.3499,-42.8698,87.6839,8.7684,-4226.7785
138,2012-04,3,03_US10Y,-0.09,-0.32,-0.52,0.1654,0.0165,-0.0913
138,2012-04,4,04_US_Economy,-74.9184,48.372,24.3921,92.3884,9.2388,2700.4506
138,2012-04,5,05_US_Inflation,-0.52,-0.098,-0.089,0.4502,0.045,-0.0445
138,2012-04,6,06_US_Production,0.2688,1.1994,2.0146,0.3197,0.032,0.6823
138,2012-04,7,07_US_Unemployment,0.2,0.1,0.2,0.1385,0.0138,0.0291
139,2012-05,0,00_Copper,-0.492,-0.4615,-0.508,0.263,0.0263,-0.1457
139,2012-05,1,01_Oil,-14.25,-16.49,-20.54,6.9554,0.6955,-154.333
139,2012-05,2,02_SP500,-6.41,-77.0201,-23.6703,79.027,7.9027,-2479.2576
139,2012-05,3,03_US10Y,-0.22,-0.13,0.19,0.1762,0.0176,0.0312
139,2012-05,4,04_US_Economy,20.5081,95.4265,47.0546,83.945,8.3945,4751.0583
139,2012-05,5,05_US_Inflation,-1.374,-0.854,-0.756,0.5446,0.0545,-0.4582
139,2012-05,6,06_US_Production,-0.2021,-0.4709,-1.6703,0.279,0.0279,-0.4791
139,2012-05,7,07_US_Unemployment,0.2,0.0,-0.1,0.1308,0.0131,-0.0131
140,2012-06,0,00_Copper,0.097,0.589,1.0505,0.2681,0.0268,0.2974
140,2012-06,1,01_Oil,0.67,14.92,31.41,6.8346,0.6835,224.8725
140,2012-06,2,02_SP500,133.0001,139.4102,216.4303,84.43,8.443,19450.2602
140,2012-06,3,03_US10Y,-0.15,0.07,0.2,0.1677,0.0168,0.0347
140,2012-06,4,04_US_Economy,-134.5464,-155.0546,-250.4811,89.1757,8.9176,-23719.5251
140,2012-06,5,05_US_Inflation,-1.089,0.285,1.139,0.614,0.0614,0.7168
140,2012-06,6,06_US_Production,-0.4217,-0.2196,0.2513,0.2873,0.0287,0.0659
140,2012-06,7,07_US_Unemployment,0.2,0.0,0.0,0.1385,0.0138,0.0
141,2012-07,0,00_Copper,-0.0305,-0.1275,-0.7165,0.2646,0.0265,-0.1929
141,2012-07,1,01_Oil,2.24,1.57,-13.35,5.7554,0.5755,-75.9308
141,2012-07,2,02_SP500,98.33,-34.6702,-174.0803,87.6393,8.7639,-15560.118
141,2012-07,3,03_US10Y,-0.06,0.09,0.02,0.1615,0.0162,0.0047
141,2012-07,4,04_US_Economy,-101.8634,32.6831,187.7376,93.798,9.3798,17915.9723
141,2012-07,5,05_US_Inflation,-0.834,0.255,-0.03,0.6089,0.0609,-0.0027
141,2012-07,6,06_US_Production,-0.2221,0.1996,0.4192,0.2933,0.0293,0.1288
141,2012-07,7,07_US_Unemployment,0.2,0.0,0.0,0.1308,0.0131,0.0
142,2012-08,0,00_Copper,-0.0665,-0.036,0.0915,0.2565,0.0257,0.0225
142,2012-08,1,01_Oil,13.75,11.51,9.94,6.6192,0.6619,73.4139
142,2012-08,2,02_SP500,108.4301,10.1001,44.7703,91.9177,9.1918,4208.0186
142,2012-08,3,03_US10Y,0.18,0.24,0.15,0.1731,0.0173,0.0301
142,2012-08,4,04_US_Economy,-124.2157,-22.3523,-55.0354,98.9225,9.8922,-5665.3487
142,2012-08,5,05_US_Inflation,0.428,1.262,1.007,0.6179,0.0618,0.7002
142,2012-08,6,06_US_Production,-0.8459,-0.6238,-0.8234,0.3556,0.0356,-0.315
142,2012-08,7,07_US_Unemployment,0.1,-0.1,-0.1,0.1308,0.0131,-0.0144
143,2012-09,0,00_Copper,0.2885,0.355,0.391,0.2543,0.0254,0.1084
143,2012-09,1,01_Oil,-2.04,-15.79,-27.3,6.4185,0.6418,-185.3588
143,2012-09,2,02_SP500,115.2601,6.8301,-3.27,100.1854,10.0185,-259.1809
143,2012-09,3,03_US10Y,0.07,-0.11,-0.35,0.1269,0.0127,-0.0458
143,2012-09,4,04_US_Economy,-115.417,8.7986,31.1509,107.4464,10.7446,3441.594
143,2012-09,5,05_US_Inflation,0.197,-0.231,-1.493,0.6185,0.0619,-0.9378
143,2012-09,6,06_US_Production,-0.4986,0.3473,0.9711,0.3776,0.0378,0.3798
143,2012-09,7,07_US_Unemployment,-0.1,-0.2,-0.1,0.1231,0.0123,-0.0148
144,2012-10,0,00_Copper,-0.2765,-0.565,-0.92,0.193,0.0193,-0.1885
144,2012-10,1,01_Oil,-3.71,-1.67,14.12,6.1369,0.6137,85.6285
144,2012-10,2,02_SP500,52.66,-62.6001,-69.4302,103.7516,10.3752,-7852.9769
144,2012-10,3,03_US10Y,0.06,-0.01,0.1,0.1092,0.0109,0.0108
144,2012-10,4,04_US_Economy,-50.8077,64.6093,55.8107,110.3157,11.0316,6869.5367
144,2012-10,5,05_US_Inflation,-0.277,-0.474,-0.243,0.6084,0.0608,-0.1767
144,2012-10,6,06_US_Production,-0.0888,0.4098,0.0625,0.3455,0.0346,0.0358
144,2012-10,7,07_US_Unemployment,0.2,0.3,0.5,0.1231,0.0123,0.0652
145,2012-11,0,00_Copper,0.072,0.3485,0.9135,0.1637,0.0164,0.1552
145,2012-11,1,01_Oil,4.91,8.62,10.29,5.2662,0.5266,58.7282
145,2012-11,2,02_SP500,85.1901,32.53,95.1301,94.6854,9.4685,9315.4494
145,2012-11,3,03_US10Y,-0.07,-0.13,-0.12,0.0992,0.0099,-0.0132
145,2012-11,4,04_US_Economy,-91.0844,-40.2766,-104.8859,100.2714,10.0271,-10920.9215
145,2012-11,5,05_US_Inflation,-1.289,-1.012,-0.538,0.6501,0.065,-0.4155
145,2012-11,6,06_US_Production,-0.0687,0.0201,-0.3897,0.3329,0.0333,-0.129
145,2012-11,7,07_US_Unemployment,0.1,-0.1,-0.4,0.1308,0.0131,-0.0536
146,2012-12,0,00_Copper,-0.019,-0.091,-0.4395,0.1577,0.0158,-0.0708
146,2012-12,1,01_Oil,5.15,0.24,-8.38,4.9385,0.4938,-41.2659
146,2012-12,2,02_SP500,91.1799,5.9899,-26.5402,95.9431,9.5943,-2488.8773
146,2012-12,3,03_US10Y,0.1,0.17,0.3,0.0985,0.0098,0.0312
146,2012-12,4,04_US_Economy,-97.9282,-6.8439,33.4328,101.2384,10.1238,3315.3961
146,2012-12,5,05_US_Inflation,-0.928,0.361,1.373,0.6845,0.0684,0.9645
146,2012-12,6,06_US_Production,-0.1947,-0.126,-0.1461,0.3143,0.0314,-0.0499
146,2012-12,7,07_US_Unemployment,0.4,0.3,0.4,0.1615,0.0162,0.0695
147,2013-01,0,00_Copper,0.052,0.071,0.162,0.1493,0.0149,0.0252
147,2013-01,1,01_Oil,7.91,2.76,2.52,5.4923,0.5492,15.3566
147,2013-01,2,02_SP500,153.0901,61.9102,55.9203,100.657,10.0657,6251.9358
147,2013-01,3,03_US10Y,0.22,0.12,-0.05,0.1154,0.0115,-0.0044
147,2013-01,4,04_US_Economy,-162.9671,-65.0389,-58.195,106.5487,10.6549,-6893.5821
147,2013-01,5,05_US_Inflation,-0.442,0.486,0.125,0.6534,0.0653,0.1134
147,2013-01,6,06_US_Production,-0.403,-0.2083,-0.0823,0.3391,0.0339,-0.035
147,2013-01,7,07_US_Unemployment,0.3,-0.1,-0.4,0.1769,0.0177,-0.0725
148,2013-02,0,00_Copper,-0.2265,-0.2785,-0.3495,0.1643,0.0164,-0.062
148,2013-02,1,01_Oil,-3.2,-11.11,-13.87,5.5662,0.5566,-83.3865
148,2013-02,2,02_SP500,97.7401,-55.35,-117.2601,97.7154,9.7715,-11998.9795
148,2013-02,3,03_US10Y,0.1,-0.12,-0.24,0.1215,0.0122,-0.0306
148,2013-02,4,04_US_Economy,-96.9444,66.0227,131.0615,103.2124,10.3212,14208.6117
148,2013-02,5,05_US_Inflation,0.358,0.8,0.314,0.6593,0.0659,0.2598
148,2013-02,6,06_US_Production,0.0328,0.4358,0.6441,0.3302,0.033,0.2271
148,2013-02,7,07_US_Unemployment,-0.1,-0.4,-0.3,0.1846,0.0185,-0.0628
149,2013-03,0,00_Copper,-0.163,0.0635,0.342,0.1455,0.0145,0.0507
149,2013-03,1,01_Oil,7.42,10.62,21.73,5.3308,0.5331,121.4988
149,2013-03,2,02_SP500,135.6799,37.9398,93.2898,97.8108,9.7811,9495.8428
149,2013-03,3,03_US10Y,0.01,-0.09,0.03,0.12,0.012,0.0025
149,2013-03,4,04_US_Economy,-143.6028,-46.6584,-112.6811,102.9303,10.293,-12078.5549
149,2013-03,5,05_US_Inflation,-1.555,-1.913,-2.713,0.7472,0.0747,-2.17
149,2013-03,6,06_US_Production,-0.0291,-0.0619,-0.4977,0.3236,0.0324,-0.1631
149,2013-03,7,07_US_Unemployment,0.0,0.1,0.5,0.1692,0.0169,0.0863
150,2013-04,0,00_Copper,-0.238,-0.075,-0.1385,0.1578,0.0158,-0.023
150,2013-04,1,01_Oil,-1.53,-8.95,-19.57,5.3092,0.5309,-108.6534
150,2013-04,2,02_SP500,109.55,-26.1299,-64.0697,96.7024,9.6702,-6448.3732
150,2013-04,3,03_US10Y,-0.17,-0.18,-0.09,0.1154,0.0115,-0.0125
150,2013-04,4,04_US_Economy,-108.2543,35.3485,82.0069,101.7737,10.1774,8705.8996
150,2013-04,5,05_US_Inflation,-1.385,0.17,2.083,0.8212,0.0821,1.7246
150,2013-04,6,06_US_Production,-0.5127,-0.4836,-0.4217,0.2915,0.0291,-0.137
150,2013-04,7,07_US_Unemployment,0.3,0.3,0.2,0.1846,0.0185,0.0425
151,2013-05,0,00_Copper,0.071,0.309,0.384,0.161,0.0161,0.0668
151,2013-05,1,01_Oil,0.75,2.28,11.23,5.1946,0.5195,59.52
151,2013-05,2,02_SP500,114.3401,4.79,30.9199,100.0662,10.0066,3141.9712
151,2013-05,3,03_US10Y,0.2,0.37,0.55,0.1238,0.0124,0.0727
151,2013-05,4,04_US_Economy,-116.5474,-8.293,-43.6415,104.9759,10.4976,-4668.367
151,2013-05,5,05_US_Inflation,-0.804,0.581,0.411,0.8431,0.0843,0.3955
151,2013-05,6,06_US_Production,-0.3497,0.163,0.6466,0.2977,0.0298,0.1973
151,2013-05,7,07_US_Unemployment,0.1,-0.2,-0.5,0.1769,0.0177,-0.092
152,2013-06,0,00_Copper,-0.269,-0.34,-0.649,0.1438,0.0144,-0.0982
152,2013-06,1,01_Oil,6.83,6.08,3.8,4.6238,0.4624,20.3819
152,2013-06,2,02_SP500,56.7101,-57.63,-62.42,103.9354,10.3935,-7086.6343
152,2013-06,3,03_US10Y,0.4,0.2,-0.17,0.1377,0.0138,-0.0207
152,2013-06,4,04_US_Economy,-65.5418,51.0056,59.2987,108.44,10.844,6983.454
152,2013-06,5,05_US_Inflation,-0.348,0.456,-0.125,0.7642,0.0764,-0.0607
152,2013-06,6,06_US_Production,-0.2213,0.1284,-0.0346,0.2992,0.0299,-0.0065
152,2013-06,7,07_US_Unemployment,0.2,0.1,0.3,0.1769,0.0177,0.0548
153,2013-07,0,00_Copper,0.0375,0.3065,0.6465,0.1392,0.0139,0.0943
153,2013-07,1,01_Oil,10.71,3.88,-2.2,5.3962,0.5396,-9.7778
153,2013-07,2,02_SP500,160.62,103.9099,161.5399,106.06,10.606,18234.999
153,2013-07,3,03_US10Y,0.31,-0.09,-0.29,0.15,0.015,-0.0448
153,2013-07,4,04_US_Economy,-172.7371,-107.1953,-158.2009,111.3778,11.1378,-18813.9874
153,2013-07,5,05_US_Inflation,-0.445,-0.097,-0.553,0.7146,0.0715,-0.4021
153,2013-07,6,06_US_Production,-0.7354,-0.5141,-0.6425,0.3233,0.0323,-0.2243
153,2013-07,7,07_US_Unemployment,0.0,-0.2,-0.3,0.1615,0.0162,-0.0517
154,2013-08,0,00_Copper,0.076,0.0385,-0.268,0.1427,0.0143,-0.0377
154,2013-08,1,01_Oil,4.86,-5.85,-9.73,5.5977,0.5598,-57.7402
154,2013-08,2,02_SP500,28.41,-132.21,-236.1199,100.6816,10.0682,-25104.0337
154,2013-08,3,03_US10Y,0.19,-0.12,-0.03,0.16,0.016,-0.0067
154,2013-08,4,04_US_Economy,-35.6778,137.0593,244.2546,106.2866,10.6287,27417.7436
154,2013-08,5,05_US_Inflation,-0.344,0.101,0.198,0.6769,0.0677,0.1409
154,2013-08,6,06_US_Production,0.1458,0.8812,1.3953,0.3174,0.0317,0.4709
154,2013-08,7,07_US_Unemployment,0.1,0.1,0.3,0.1538,0.0154,0.0477
155,2013-09,0,00_Copper,-0.0305,-0.1065,-0.145,0.14,0.014,-0.0218
155,2013-09,1,01_Oil,2.24,-2.62,3.23,4.7123,0.4712,13.9861
155,2013-09,2,02_SP500,129.7501,101.3401,233.55,102.3216,10.2322,24934.1401
155,2013-09,3,03_US10Y,0.1,-0.09,0.03,0.1538,0.0154,0.0032
155,2013-09,4,04_US_Economy,-133.7672,-98.0894,-235.1486,107.0213,10.7021,-26215.6867
155,2013-09,5,05_US_Inflation,-0.812,-0.468,-0.569,0.7065,0.0706,-0.435
155,2013-09,6,06_US_Production,0.0796,-0.0662,-0.9474,0.2585,0.0258,-0.2466
155,2013-09,7,07_US_Unemployment,0.2,0.1,-0.0,0.1615,0.0162,0.0016
156,2013-10,0,00_Copper,0.039,0.0695,0.176,0.1208,0.0121,0.0221
156,2013-10,1,01_Oil,-9.03,-11.27,-8.65,5.25,0.525,-51.3293
156,2013-10,2,02_SP500,156.16,26.4099,-74.9302,105.4677,10.5468,-7624.1766
156,2013-10,3,03_US10Y,-0.16,-0.26,-0.17,0.1608,0.0161,-0.0315
156,2013-10,4,04_US_Economy,-148.1679,-14.4007,83.6887,109.5406,10.9541,9009.5643
156,2013-10,5,05_US_Inflation,-0.775,0.037,0.505,0.7509,0.0751,0.382
156,2013-10,6,06_US_Production,-0.5061,-0.5857,-0.5195,0.2591,0.0259,-0.1498
156,2013-10,7,07_US_Unemployment,0.2,0.0,-0.1,0.1692,0.0169,-0.0169
157,2013-11,0,00_Copper,-0.0945,-0.1335,-0.203,0.1068,0.0107,-0.0231
157,2013-11,1,01_Oil,-1.42,7.61,18.88,5.0738,0.5074,99.6555
157,2013-11,2,02_SP500,130.4401,-25.72,-52.1299,111.4508,11.1451,-6096.5691
157,2013-11,3,03_US10Y,0.13,0.29,0.55,0.1662,0.0166,0.0962
157,2013-11,4,04_US_Economy,-130.5333,17.6347,32.0354,115.6734,11.5673,3909.6252
157,2013-11,5,05_US_Inflation,-0.469,0.306,0.269,0.7657,0.0766,0.2294
157,2013-11,6,06_US_Production,-0.1933,0.3128,0.8985,0.2671,0.0267,0.2483
157,2013-11,7,07_US_Unemployment,-0.1,-0.3,-0.3,0.1615,0.0162,-0.0533
158,2013-12,0,00_Copper,-0.0305,0.064,0.1975,0.1036,0.0104,0.0211
158,2013-12,1,01_Oil,2.24,3.66,-3.95,4.8685,0.4868,-17.4486
158,2013-12,2,02_SP500,123.72,-6.7201,18.9999,114.4147,11.4415,2096.9768
158,2013-12,3,03_US10Y,0.21,0.08,-0.21,0.1769,0.0177,-0.0357
158,2013-12,4,04_US_Economy,-127.8731,2.6602,-14.9745,118.5033,11.8503,-1742.9989
158,2013-12,5,05_US_Inflation,-0.281,0.188,-0.118,0.6882,0.0688,-0.0683
158,2013-12,6,06_US_Production,-0.2254,-0.0321,-0.3449,0.2791,0.0279,-0.0972
158,2013-12,7,07_US_Unemployment,-0.0,0.1,0.4,0.1538,0.0154,0.0631
159,2014-01,0,00_Copper,-0.0405,-0.01,-0.074,0.1052,0.0105,-0.0079
159,2014-01,1,01_Oil,7.01,4.77,1.11,5.0115,0.5012,7.9533
159,2014-01,2,02_SP500,15.4,-108.3199,-101.5999,108.5854,10.8585,-12208.4606
159,2014-01,3,03_US10Y,-0.01,-0.22,-0.3,0.17,0.017,-0.0547
159,2014-01,4,04_US_Economy,-23.5838,104.2892,101.6291,112.7845,11.2784,12638.399
159,2014-01,5,05_US_Inflation,-0.331,-0.05,-0.238,0.6422,0.0642,-0.1561
159,2014-01,6,06_US_Production,-0.7847,-0.5593,-0.5272,0.3245,0.0325,-0.1892
159,2014-01,7,07_US_Unemployment,0.1,0.1,-0.0,0.1308,0.0131,0.0013
160,2014-02,0,00_Copper,-0.0125,0.028,0.038,0.1022,0.0102,0.0042
160,2014-02,1,01_Oil,7.34,0.33,-4.44,4.9677,0.4968,-21.8926
160,2014-02,2,02_SP500,158.03,142.63,250.95,108.9654,10.8965,28899.0422
160,2014-02,3,03_US10Y,-0.12,-0.11,0.11,0.1623,0.0162,0.0161
160,2014-02,4,04_US_Economy,-167.4663,-143.8825,-248.1718,113.1306,11.3131,-29703.5606
160,2014-02,5,05_US_Inflation,-0.641,-0.31,-0.26,0.6575,0.0658,-0.1913
160,2014-02,6,06_US_Production,0.3298,1.1145,1.6738,0.3189,0.0319,0.5693
160,2014-02,7,07_US_Unemployment,0.3,0.2,0.1,0.1308,0.0131,0.0157
161,2014-03,0,00_Copper,-0.2225,-0.21,-0.238,0.1019,0.0102,-0.0264
161,2014-03,1,01_Oil,1.23,-6.11,-6.44,4.8162,0.4816,-33.9587
161,2014-03,2,02_SP500,94.0601,-63.97,-206.6,108.6823,10.8682,-23149.0104
161,2014-03,3,03_US10Y,0.04,0.16,0.27,0.1577,0.0158,0.0451
161,2014-03,4,04_US_Economy,-97.6789,69.7875,213.67,113.1871,11.3187,24974.5787
161,2014-03,5,05_US_Inflation,-0.419,0.222,0.532,0.6622,0.0662,0.367
161,2014-03,6,06_US_Production,0.5503,0.2205,-0.894,0.3587,0.0359,-0.3128
161,2014-03,7,07_US_Unemployment,0.2,-0.1,-0.3,0.1385,0.0138,-0.0429
162,2014-04,0,00_Copper,-0.0475,0.175,0.385,0.093,0.0093,0.0374
162,2014-04,1,01_Oil,0.4,-0.83,5.28,4.2762,0.4276,22.2231
162,2014-04,2,02_SP500,92.78,-1.28,62.6899,105.3824,10.5382,6592.9242
162,2014-04,3,03_US10Y,0.02,-0.02,-0.18,0.1585,0.0158,-0.0288
162,2014-04,4,04_US_Economy,-94.304,3.3748,-66.4126,109.3948,10.9395,-7228.2795
162,2014-04,5,05_US_Inflation,-0.46,-0.041,-0.263,0.578,0.0578,-0.1544
162,2014-04,6,06_US_Production,-0.3285,-0.8788,-1.0993,0.3817,0.0382,-0.4532
162,2014-04,7,07_US_Unemployment,-0.3,-0.5,-0.4,0.1615,0.0162,-0.0727
163,2014-05,0,00_Copper,0.076,0.1235,-0.0515,0.0805,0.0081,-0.0032
163,2014-05,1,01_Oil,5.21,4.81,5.64,4.5592,0.4559,27.9071
163,2014-05,2,02_SP500,120.79,28.01,29.29,106.247,10.6247,3409.5757
163,2014-05,3,03_US10Y,-0.12,-0.14,-0.12,0.1546,0.0155,-0.0207
163,2014-05,4,04_US_Economy,-128.0097,-33.7057,-37.0806,110.9145,11.0914,-4486.6157
163,2014-05,5,05_US_Inflation,-0.45,0.01,0.051,0.5061,0.0506,0.0263
163,2014-05,6,06_US_Production,-0.0363,0.2922,1.171,0.3451,0.0345,0.4142
163,2014-05,7,07_US_Unemployment,0.3,0.6,1.1,0.1615,0.0162,0.1874
164,2014-06,0,00_Copper,-0.0305,-0.1065,-0.23,0.0774,0.0077,-0.0186
164,2014-06,1,01_Oil,2.24,-2.97,-7.78,4.6738,0.4674,-37.7507
164,2014-06,2,02_SP500,117.8301,-2.96,-30.97,106.5154,10.6515,-3330.3078
164,2014-06,3,03_US10Y,0.07,0.19,0.33,0.1446,0.0145,0.0505
164,2014-06,4,04_US_Economy,-121.6869,6.3229,40.0286,111.3098,11.131,4525.9538
164,2014-06,5,05_US_Inflation,-0.587,-0.137,-0.147,0.4894,0.0489,-0.0786
164,2014-06,6,06_US_Production,-0.0757,-0.0394,-0.3316,0.324,0.0324,-0.1087
164,2014-06,7,07_US_Unemployment,-0.0,-0.3,-0.9,0.1538,0.0154,-0.1431
165,2014-07,0,00_Copper,0.0565,0.087,0.1935,0.0611,0.0061,0.0123
165,2014-07,1,01_Oil,-2.3,-4.54,-1.57,4.3254,0.4325,-8.7546
165,2014-07,2,02_SP500,51.6101,-66.22,-63.26,106.1231,10.6123,-7416.0967
165,2014-07,3,03_US10Y,-0.03,-0.1,-0.29,0.1162,0.0116,-0.0348
165,2014-07,4,04_US_Economy,-51.0447,70.6422,64.3193,110.1947,11.0195,7866.0843
165,2014-07,5,05_US_Inflation,-0.633,-0.046,0.091,0.5113,0.0511,0.0442
165,2014-07,6,06_US_Production,-0.1989,-0.1232,-0.0838,0.3223,0.0322,-0.031
165,2014-07,7,07_US_Unemployment,0.3,0.3,0.6,0.1615,0.0162,0.1018
166,2014-08,0,00_Copper,-0.1185,-0.175,-0.262,0.0673,0.0067,-0.0188
166,2014-08,1,01_Oil,0.03,2.33,6.87,3.5038,0.3504,24.8878
166,2014-08,2,02_SP500,153.87,102.2599,168.4799,105.6039,10.5604,18872.0328
166,2014-08,3,03_US10Y,-0.09,-0.06,0.04,0.0992,0.0099,0.0034
166,2014-08,4,04_US_Economy,-154.472,-103.4273,-174.0695,108.7897,10.879,-20062.1401
166,2014-08,5,05_US_Inflation,-0.938,-0.305,-0.259,0.5492,0.0549,-0.159
166,2014-08,6,06_US_Production,-0.6215,-0.4226,-0.2994,0.3135,0.0314,-0.1071
166,2014-08,7,07_US_Unemployment,0.1,-0.2,-0.5,0.1692,0.0169,-0.088
167,2014-09,0,00_Copper,-0.16,-0.0415,0.1335,0.0738,0.0074,0.0095
167,2014-09,1,01_Oil,-2.56,-2.59,-4.92,3.3269,0.3327,-17.2301
167,2014-09,2,02_SP500,50.0901,-103.7799,-206.0398,107.2716,10.7272,-23215.4795
167,2014-09,3,03_US10Y,0.14,0.23,0.29,0.0954,0.0095,0.0299
167,2014-09,4,04_US_Economy,-48.7353,105.7367,209.164,109.7941,10.9794,24125.8953
167,2014-09,5,05_US_Inflation,-0.883,0.055,0.36,0.5907,0.0591,0.2159
167,2014-09,6,06_US_Production,-0.1318,0.4897,0.9123,0.3125,0.0312,0.3004
167,2014-09,7,07_US_Unemployment,0.0,-0.1,0.1,0.1615,0.0162,0.0145
168,2014-10,0,00_Copper,0.025,0.185,0.2265,0.0733,0.0073,0.018
168,2014-10,1,01_Oil,-8.38,-5.82,-3.23,3.7992,0.3799,-14.4827
168,2014-10,2,02_SP500,126.9301,76.84,180.6199,107.0547,10.7055,20158.8066
168,2014-10,3,03_US10Y,-0.2,-0.34,-0.57,0.1031,0.0103,-0.0623
168,2014-10,4,04_US_Economy,-119.2532,-70.518,-176.2547,108.6776,10.8678,-19921.3103
168,2014-10,5,05_US_Inflation,-0.947,-0.064,-0.119,0.6011,0.0601,-0.0754
168,2014-10,6,06_US_Production,-0.4148,-0.283,-0.7727,0.3382,0.0338,-0.2709
168,2014-10,7,07_US_Unemployment,-0.0,-0.0,0.1,0.1462,0.0146,0.0146
169,2014-11,0,00_Copper,-0.2315,-0.2565,-0.4415,0.0882,0.0088,-0.0412
169,2014-11,1,01_Oil,-12.15,-3.77,2.05,4.0392,0.4039,6.7577
169,2014-11,2,02_SP500,130.6801,3.75,-73.09,105.0947,10.5095,-7641.9547
169,2014-11,3,03_US10Y,0.06,0.26,0.6,0.0954,0.0095,0.0597
169,2014-11,4,04_US_Economy,-119.7606,-0.5074,70.0106,106.4924,10.6492,7450.192
169,2014-11,5,05_US_Inflation,-1.347,-0.4,-0.336,0.6451,0.0645,-0.2425
169,2014-11,6,06_US_Production,0.2091,0.6239,0.9069,0.3154,0.0315,0.3057
169,2014-11,7,07_US_Unemployment,0.3,0.3,0.3,0.1538,0.0154,0.0508
170,2014-12,0,00_Copper,-0.052,0.1795,0.436,0.0849,0.0085,0.0385
170,2014-12,1,01_Oil,-10.64,1.51,5.28,4.7485,0.4748,25.7889
170,2014-12,2,02_SP500,72.5099,-58.1702,-61.9202,100.6385,10.0638,-6816.968
170,2014-12,3,03_US10Y,-0.09,-0.15,-0.41,0.0923,0.0092,-0.0392
170,2014-12,4,04_US_Economy,-61.9016,57.8591,58.3665,101.2131,10.1213,6493.0603
170,2014-12,5,05_US_Inflation,-1.631,-0.284,0.116,0.7345,0.0734,0.0643
170,2014-12,6,06_US_Production,-0.4353,-0.6444,-1.2683,0.334,0.0334,-0.4451
170,2014-12,7,07_US_Unemployment,-0.0,-0.3,-0.6,0.1462,0.0146,-0.0921
171,2015-01,0,00_Copper,-0.341,-0.289,-0.4685,0.1088,0.0109,-0.0541
171,2015-01,1,01_Oil,-2.79,7.85,6.34,4.7908,0.4791,34.1342
171,2015-01,2,02_SP500,17.2601,-55.2498,2.9204,92.4493,9.2449,-240.7902
171,2015-01,3,03_US10Y,-0.3,-0.21,-0.06,0.0992,0.0099,-0.008
171,2015-01,4,04_US_Economy,-12.7231,49.1785,-8.6806,92.3554,9.2355,-347.512
171,2015-01,5,05_US_Inflation,-2.405,-0.774,-0.49,0.8978,0.0898,-0.5094
171,2015-01,6,06_US_Production,-1.241,-0.8057,-0.1613,0.4121,0.0412,-0.0997
171,2015-01,7,07_US_Unemployment,0.3,0.3,0.6,0.1692,0.0169,0.1066
172,2015-02,0,00_Copper,-0.0305,0.3105,0.5995,0.108,0.0108,0.0681
172,2015-02,1,01_Oil,2.24,5.03,-2.82,4.4238,0.4424,-10.2501
172,2015-02,2,02_SP500,190.6801,173.4199,228.6697,105.9324,10.5932,26060.5954
172,2015-02,3,03_US10Y,0.13,0.43,0.64,0.1085,0.0108,0.0741
172,2015-02,4,04_US_Economy,-193.8704,-181.1473,-230.3258,105.4544,10.5454,-26199.1379
172,2015-02,5,05_US_Inflation,-0.305,2.1,2.874,0.8958,0.0896,2.7628
172,2015-02,6,06_US_Production,-1.0841,0.1569,0.9626,0.4352,0.0435,0.4257
172,2015-02,7,07_US_Unemployment,-0.0,-0.3,-0.6,0.1615,0.0162,-0.1018
173,2015-03,0,00_Copper,-0.0305,0.0,-0.3105,0.1094,0.0109,-0.034
173,2015-03,1,01_Oil,2.24,0.0,-5.03,4.0315,0.4032,-20.2786
173,2015-03,2,02_SP500,44.5599,-146.1201,-319.54,97.2039,9.7204,-32480.8777
173,2015-03,3,03_US10Y,0.09,-0.04,-0.47,0.1062,0.0106,-0.0503
173,2015-03,4,04_US_Economy,-48.1642,145.7062,326.8535,96.2773,9.6277,32871.3926
173,2015-03,5,05_US_Inflation,-0.266,0.039,-2.061,0.867,0.0867,-1.7835
173,2015-03,6,06_US_Production,-0.7692,0.3149,0.158,0.469,0.0469,0.0889
173,2015-03,7,07_US_Unemployment,0.1,0.1,0.4,0.1462,0.0146,0.0599
174,2015-04,0,00_Copper,0.328,0.3585,0.3585,0.1175,0.0117,0.0463
174,2015-04,1,01_Oil,13.63,11.39,11.39,4.9854,0.4985,62.4619
174,2015-04,2,02_SP500,98.7902,54.2302,200.3503,97.5677,9.7568,20076.842
174,2015-04,3,03_US10Y,-0.07,-0.16,-0.12,0.1085,0.0108,-0.0148
174,2015-04,4,04_US_Economy,-113.4812,-65.3169,-211.0231,97.4929,9.7493,-21210.0409
174,2015-04,5,05_US_Inflation,-0.654,-0.388,-0.427,0.8851,0.0885,-0.4123
174,2015-04,6,06_US_Production,-0.983,-0.2138,-0.5287,0.5022,0.0502,-0.2763
174,2015-04,7,07_US_Unemployment,0.2,0.1,-0.0,0.1462,0.0146,0.0015
175,2015-05,0,00_Copper,-0.1575,-0.4855,-0.844,0.126,0.0126,-0.1124
175,2015-05,1,01_Oil,2.91,-10.72,-22.11,5.1785,0.5178,-120.0471
175,2015-05,2,02_SP500,103.0499,4.2598,-49.9705,98.3577,9.8358,-4873.0829
175,2015-05,3,03_US10Y,0.29,0.36,0.52,0.1292,0.0129,0.0719
175,2015-05,4,04_US_Economy,-107.7371,5.744,71.061,98.5262,9.8526,7057.9576
175,2015-05,5,05_US_Inflation,-0.121,0.533,0.921,0.859,0.0859,0.8369
175,2015-05,6,06_US_Production,-0.8743,0.1087,0.3225,0.5442,0.0544,0.1814
175,2015-05,7,07_US_Unemployment,0.4,0.2,0.1,0.1538,0.0154,0.0185
176,2015-06,0,00_Copper,-0.1665,-0.009,0.4765,0.1329,0.0133,0.0632
176,2015-06,1,01_Oil,1.41,-1.5,9.22,4.8862,0.4886,44.3174
176,2015-06,2,02_SP500,36.8903,-66.1597,-70.4194,91.9039,9.1904,-7079.8539
176,2015-06,3,03_US10Y,0.19,-0.1,-0.46,0.1346,0.0135,-0.0633
176,2015-06,4,04_US_Economy,-39.4754,68.2618,62.5177,91.7158,9.1716,6359.9338
176,2015-06,5,05_US_Inflation,-0.244,-0.123,-0.656,0.8432,0.0843,-0.5635
176,2015-06,6,06_US_Production,-0.7444,0.1299,0.0212,0.5987,0.0599,0.0205
176,2015-06,7,07_US_Unemployment,-0.1,-0.5,-0.7,0.1385,0.0138,-0.1038
177,2015-07,0,00_Copper,-0.2865,-0.12,-0.111,0.1526,0.0153,-0.0188
177,2015-07,1,01_Oil,-10.11,-11.52,-10.02,5.4915,0.5492,-61.3515
177,2015-07,2,02_SP500,121.9,85.0098,151.1694,92.217,9.2217,14724.3223
177,2015-07,3,03_US10Y,-0.01,-0.2,-0.1,0.13,0.013,-0.0156
177,2015-07,4,04_US_Economy,-113.5352,-74.0599,-142.3216,91.0888,9.1089,-13638.5053
177,2015-07,5,05_US_Inflation,-0.523,-0.279,-0.156,0.8382,0.0838,-0.1542
177,2015-07,6,06_US_Production,0.2247,0.9691,0.8392,0.6102,0.061,0.5712
177,2015-07,7,07_US_Unemployment,0.1,0.2,0.7,0.1462,0.0146,0.1052
178,2015-08,0,00_Copper,-0.06,0.2265,0.3465,0.1529,0.0153,0.0564
178,2015-08,1,01_Oil,4.32,14.43,25.95,5.6469,0.5647,154.6862
178,2015-08,2,02_SP500,-50.49,-172.39,-257.3998,92.1308,9.2131,-25302.6941
178,2015-08,3,03_US10Y,-0.12,-0.11,0.09,0.1369,0.0137,0.0108
178,2015-08,4,04_US_Economy,45.5242,159.0594,233.1193,90.6641,9.0664,22577.6528
178,2015-08,5,05_US_Inflation,-0.901,-0.378,-0.099,0.8588,0.0859,-0.1175
178,2015-08,6,06_US_Production,-0.6132,-0.8379,-1.807,0.642,0.0642,-1.2139
178,2015-08,7,07_US_Unemployment,0.1,-0.0,-0.2,0.1308,0.0131,-0.0262
179,2015-09,0,00_Copper,-0.023,0.037,-0.1895,0.1455,0.0146,-0.027
179,2015-09,1,01_Oil,-1.87,-6.19,-20.62,5.7885,0.5788,-122.9412
179,2015-09,2,02_SP500,29.02,79.51,251.9,82.527,8.2527,21444.7173
179,2015-09,3,03_US10Y,0.03,0.15,0.26,0.1323,0.0132,0.0364
179,2015-09,4,04_US_Economy,-27.3529,-72.8771,-231.9365,80.8857,8.0886,-19349.8272
179,2015-09,5,05_US_Inflation,-1.435,-0.534,-0.156,0.8971,0.0897,-0.1878
179,2015-09,6,06_US_Production,-0.7091,-0.0959,0.742,0.6488,0.0649,0.4752
179,2015-09,7,07_US_Unemployment,0.1,0.0,0.0,0.1308,0.0131,0.0
180,2015-10,0,00_Copper,-0.0625,-0.0395,-0.0765,0.138,0.0138,-0.0111
180,2015-10,1,01_Oil,3.74,5.61,11.8,5.8792,0.5879,72.6732
180,2015-10,2,02_SP500,240.5001,211.4801,131.9701,97.1739,9.7174,14879.0823
180,2015-10,3,03_US10Y,-0.07,-0.1,-0.25,0.1269,0.0127,-0.033
180,2015-10,4,04_US_Economy,-244.9683,-217.6154,-144.7383,95.9806,9.5981,-15980.7512
180,2015-10,5,05_US_Inflation,-0.665,0.77,1.304,0.8803,0.088,1.2157
180,2015-10,6,06_US_Production,-0.9143,-0.2052,-0.1093,0.709,0.0709,-0.092
180,2015-10,7,07_US_Unemployment,0.2,0.1,0.1,0.1462,0.0146,0.0161
181,2015-11,0,00_Copper,-0.0305,0.032,0.0715,0.1385,0.0138,0.0103
181,2015-11,1,01_Oil,2.24,-1.5,-7.11,5.4069,0.5407,-39.2543
181,2015-11,2,02_SP500,82.2198,-158.2803,-369.7604,93.7346,9.3735,-36142.993
181,2015-11,3,03_US10Y,0.22,0.29,0.39,0.1285,0.0128,0.0538
181,2015-11,4,04_US_Economy,-85.4085,159.5598,377.1752,93.3771,9.3377,36709.4641
181,2015-11,5,05_US_Inflation,-0.616,0.049,-0.721,0.8548,0.0855,-0.6122
181,2015-11,6,06_US_Production,-1.1648,-0.2505,-0.0453,0.7667,0.0767,-0.0539
181,2015-11,7,07_US_Unemployment,0.3,0.1,0.0,0.1692,0.0169,0.0017
182,2015-12,0,00_Copper,-0.2185,-0.188,-0.22,0.1375,0.0137,-0.0328
182,2015-12,1,01_Oil,-7.31,-9.55,-8.05,5.0346,0.5035,-45.3367
182,2015-12,2,02_SP500,44.7001,-37.5198,120.7605,87.1208,8.7121,10193.8762
182,2015-12,3,03_US10Y,0.01,-0.21,-0.5,0.1246,0.0125,-0.0649
182,2015-12,4,04_US_Economy,-37.4504,47.9582,-111.6016,87.0456,8.7046,-9296.9715
182,2015-12,5,05_US_Inflation,-1.156,-0.54,-0.589,0.8402,0.084,-0.5402
182,2015-12,6,06_US_Production,-0.9152,0.2496,0.5001,0.821,0.0821,0.4311
182,2015-12,7,07_US_Unemployment,0.1,-0.2,-0.3,0.1538,0.0154,-0.0492
183,2016-01,0,00_Copper,-0.092,0.1265,0.3145,0.1405,0.0141,0.046
183,2016-01,1,01_Oil,-1.18,6.13,15.68,4.3069,0.4307,70.1727
183,2016-01,2,02_SP500,-22.5299,-67.23,-29.7102,83.2762,8.3276,-3034.0183
183,2016-01,3,03_US10Y,-0.12,-0.13,0.08,0.1269,0.0127,0.0085
183,2016-01,4,04_US_Economy,22.599,60.0494,12.0912,84.0223,8.4022,1520.4801
183,2016-01,5,05_US_Inflation,-1.009,0.147,0.687,0.7923,0.0792,0.556
183,2016-01,6,06_US_Production,0.0919,1.0071,0.7575,0.7946,0.0795,0.6819
183,2016-01,7,07_US_Unemployment,-0.0,-0.1,0.1,0.1538,0.0154,0.0138
184,2016-02,0,00_Copper,0.034,0.126,-0.0005,0.1169,0.0117,0.0014
184,2016-02,1,01_Oil,2.37,3.55,-2.58,4.2746,0.4275,-9.511
184,2016-02,2,02_SP500,73.16,95.6899,162.9199,87.5762,8.7576,15105.9206
184,2016-02,3,03_US10Y,-0.28,-0.16,-0.03,0.1254,0.0125,-0.0058
184,2016-02,4,04_US_Economy,-75.6647,-98.2637,-158.3131,88.864,8.8864,-14941.5438
184,2016-02,5,05_US_Inflation,-1.216,-0.207,-0.354,0.7008,0.0701,-0.2626
184,2016-02,6,06_US_Production,-0.9433,-1.0352,-2.0423,0.7717,0.0772,-1.6558
184,2016-02,7,07_US_Unemployment,0.3,0.3,0.4,0.1538,0.0154,0.0662
185,2016-03,0,00_Copper,0.0225,-0.0115,-0.1375,0.1163,0.0116,-0.0161
185,2016-03,1,01_Oil,6.83,4.46,0.91,4.6277,0.4628,6.2751
185,2016-03,2,02_SP500,208.6801,135.52,39.8301,88.9608,8.8961,4748.9124
185,2016-03,3,03_US10Y,0.14,0.42,0.58,0.1262,0.0126,0.0785
185,2016-03,4,04_US_Economy,-216.8945,-141.2298,-42.9661,90.6351,9.0635,-5174.2697
185,2016-03,5,05_US_Inflation,-0.156,1.06,1.267,0.6894,0.0689,0.9465
185,2016-03,6,06_US_Production,-1.162,-0.2187,0.8165,0.7776,0.0778,0.6179
185,2016-03,7,07_US_Unemployment,0.3,-0.0,-0.3,0.1769,0.0177,-0.0531
186,2016-04,0,00_Copper,0.067,0.0445,0.056,0.1191,0.0119,0.0072
186,2016-04,1,01_Oil,9.82,2.99,-1.47,5.2108,0.5211,-6.1018
186,2016-04,2,02_SP500,86.7301,-121.95,-257.47,92.2047,9.2205,-24864.3653
186,2016-04,3,03_US10Y,-0.05,-0.19,-0.61,0.1231,0.0123,-0.0774
186,2016-04,4,04_US_Economy,-99.0245,117.8701,259.0999,94.5474,9.4547,25611.6454
186,2016-04,5,05_US_Inflation,0.012,0.168,-0.892,0.6698,0.067,-0.5862
186,2016-04,6,06_US_Production,-0.0946,1.0674,1.2861,0.7258,0.0726,1.0109
186,2016-04,7,07_US_Unemployment,0.3,0.0,0.0,0.1923,0.0192,0.0
187,2016-05,0,00_Copper,-0.0305,-0.0975,-0.142,0.0962,0.0096,-0.0146
187,2016-05,1,01_Oil,2.24,-7.58,-10.57,4.3346,0.4335,-49.1025
187,2016-05,2,02_SP500,112.8199,26.0898,148.0398,93.2839,9.3284,14053.1011
187,2016-05,3,03_US10Y,0.03,0.08,0.27,0.12,0.012,0.0334
187,2016-05,4,04_US_Economy,-116.2136,-17.1891,-135.0592,94.7576,9.4758,-12960.7623
187,2016-05,5,05_US_Inflation,-0.335,-0.347,-0.515,0.6453,0.0645,-0.3547
187,2016-05,6,06_US_Production,-0.6508,-0.5562,-1.6236,0.7002,0.07,-1.1758
187,2016-05,7,07_US_Unemployment,-0.1,-0.4,-0.4,0.1846,0.0185,-0.0812
188,2016-06,0,00_Copper,-0.115,-0.0845,0.013,0.093,0.0093,0.0004
188,2016-06,1,01_Oil,4.65,2.41,9.99,4.4685,0.4468,45.7168
188,2016-06,2,02_SP500,83.0802,-29.7397,-55.8296,91.7477,9.1748,-5395.094
188,2016-06,3,03_US10Y,-0.14,-0.17,-0.25,0.1085,0.0108,-0.029
188,2016-06,4,04_US_Economy,-89.818,26.3956,43.5848,93.3792,9.3379,4316.3921
188,2016-06,5,05_US_Inflation,-0.235,0.1,0.447,0.6541,0.0654,0.2989
188,2016-06,6,06_US_Production,0.0378,0.6886,1.2448,0.6359,0.0636,0.8353
188,2016-06,7,07_US_Unemployment,0.3,0.4,0.8,0.1769,0.0177,0.1486
189,2016-07,0,00_Copper,-0.0045,0.1105,0.195,0.0805,0.0081,0.0166
189,2016-07,1,01_Oil,-4.49,-9.14,-11.55,4.7054,0.4705,-58.648
189,2016-07,2,02_SP500,155.91,72.8298,102.5696,100.9031,10.0903,11084.4647
189,2016-07,3,03_US10Y,-0.11,0.03,0.2,0.1023,0.0102,0.0208
189,2016-07,4,04_US_Economy,-152.3133,-62.4953,-88.891,102.059,10.2059,-9709.9468
189,2016-07,5,05_US_Inflation,-1.021,-0.786,-0.886,0.7138,0.0714,-0.6886
189,2016-07,6,06_US_Production,-0.3112,-0.349,-1.0376,0.6025,0.0603,-0.6462
189,2016-07,7,07_US_Unemployment,0.1,-0.2,-0.6,0.1769,0.0177,-0.1097
190,2016-08,0,00_Copper,-0.1815,-0.177,-0.2875,0.0724,0.0072,-0.0221
190,2016-08,1,01_Oil,5.34,9.83,18.97,4.3385,0.4338,86.5654
190,2016-08,2,02_SP500,78.5199,-77.3901,-150.22,97.5662,9.7566,-15411.4534
190,2016-08,3,03_US10Y,0.09,0.2,0.17,0.1085,0.0108,0.0206
190,2016-08,4,04_US_Economy,-85.2761,67.0372,129.5326,99.8852,9.9885,13607.9944
190,2016-08,5,05_US_Inflation,-0.456,0.565,1.351,0.7087,0.0709,0.9975
190,2016-08,6,06_US_Production,-0.5763,-0.2651,0.0839,0.6296,0.063,0.0361
190,2016-08,7,07_US_Unemployment,0.3,0.2,0.4,0.1923,0.0192,0.0808
191,2016-09,0,00_Copper,0.102,0.2835,0.4605,0.0757,0.0076,0.037
191,2016-09,1,01_Oil,5.78,0.44,-9.39,4.4508,0.4451,-41.5969
191,2016-09,2,02_SP500,78.4901,-0.0298,77.3604,99.72,9.972,7714.0793
191,2016-09,3,03_US10Y,0.1,0.01,-0.19,0.1069,0.0107,-0.0202
191,2016-09,4,04_US_Economy,-86.2117,-0.9356,-67.9728,103.0151,10.3015,-7011.8645
191,2016-09,5,05_US_Inflation,-0.269,0.187,-0.378,0.6601,0.066,-0.2372
191,2016-09,6,06_US_Production,-0.5314,0.0449,0.31,0.6233,0.0623,0.196
191,2016-09,7,07_US_Unemployment,0.3,-0.0,-0.2,0.2077,0.0208,-0.0415
192,2016-10,0,00_Copper,-0.032,-0.134,-0.4175,0.0763,0.0076,-0.0329
192,2016-10,1,01_Oil,0.86,-4.92,-5.36,4.3731,0.4373,-25.5912
192,2016-10,2,02_SP500,39.0499,-39.4402,-39.4104,100.4916,10.0492,-4356.7531
192,2016-10,3,03_US10Y,0.16,0.06,0.05,0.1169,0.0117,0.0065
192,2016-10,4,04_US_Economy,-41.6312,44.5805,45.5161,104.1134,10.4113,5202.9779
192,2016-10,5,05_US_Inflation,-0.335,-0.066,-0.253,0.5755,0.0575,-0.1494
192,2016-10,6,06_US_Production,-0.4117,0.1197,0.0748,0.6004,0.06,0.0521
192,2016-10,7,07_US_Unemployment,0.1,-0.2,-0.2,0.2077,0.0208,-0.0457
193,2016-11,0,00_Copper,0.3905,0.4225,0.5565,0.1016,0.0102,0.0608
193,2016-11,1,01_Oil,4.82,3.96,8.88,4.4562,0.4456,41.3353
193,2016-11,2,02_SP500,153.8302,114.7803,154.2205,93.8246,9.3825,15546.601
193,2016-11,3,03_US10Y,0.41,0.25,0.19,0.1431,0.0143,0.0308
193,2016-11,4,04_US_Economy,-160.2366,-118.6054,-163.1859,97.5956,9.7596,-17083.7513
193,2016-11,5,05_US_Inflation,-0.615,-0.28,-0.214,0.5716,0.0572,-0.1383
193,2016-11,6,06_US_Production,-0.8391,-0.4274,-0.5471,0.5946,0.0595,-0.3507
193,2016-11,7,07_US_Unemployment,0.0,-0.1,0.1,0.1923,0.0192,0.0173
194,2016-12,0,00_Copper,-0.1545,-0.545,-0.9675,0.1111,0.0111,-0.1136
194,2016-12,1,01_Oil,6.52,1.7,-2.26,4.7854,0.4785,-10.0014
194,2016-12,2,02_SP500,121.1901,-32.6401,-147.4204,96.8224,9.6822,-14589.62
194,2016-12,3,03_US10Y,0.38,-0.03,-0.28,0.1554,0.0155,-0.044
194,2016-12,4,04_US_Economy,-130.3318,29.9048,148.5102,101.0512,10.1051,15309.3253
194,2016-12,5,05_US_Inflation,-0.289,0.326,0.606,0.5465,0.0546,0.349
194,2016-12,6,06_US_Production,0.2452,1.0843,1.5117,0.5239,0.0524,0.8488
194,2016-12,7,07_US_Unemployment,0.2,0.2,0.3,0.1846,0.0185,0.0591
195,2017-01,0,00_Copper,-0.0305,0.124,0.669,0.0967,0.0097,0.0659
195,2017-01,1,01_Oil,2.24,-4.28,-5.98,4.3954,0.4395,-28.1657
195,2017-01,2,02_SP500,121.2101,0.02,32.6602,102.7077,10.2708,3354.6563
195,2017-01,3,03_US10Y,-0.03,-0.41,-0.38,0.1569,0.0157,-0.0661
195,2017-01,4,04_US_Economy,-125.2232,5.1086,-24.7962,107.8029,10.7803,-2618.0367
195,2017-01,5,05_US_Inflation,0.081,0.37,0.044,0.4638,0.0464,0.0376
195,2017-01,6,06_US_Production,-0.6874,-0.9326,-2.0169,0.5064,0.0506,-1.0685
195,2017-01,7,07_US_Unemployment,0.2,0.0,-0.2,0.1923,0.0192,-0.0385
196,2017-02,0,00_Copper,0.176,0.2065,0.0825,0.1031,0.0103,0.0106
196,2017-02,1,01_Oil,2.53,0.29,4.57,4.4992,0.4499,20.692
196,2017-02,2,02_SP500,165.9398,44.7297,44.7097,113.7393,11.3739,5594.0032
196,2017-02,3,03_US10Y,0.02,0.05,0.46,0.1492,0.0149,0.0694
196,2017-02,4,04_US_Economy,-169.6702,-44.447,-49.5556,119.1161,11.9116,-6432.3084
196,2017-02,5,05_US_Inflation,-0.512,-0.593,-0.963,0.4255,0.0426,-0.435
196,2017-02,6,06_US_Production,-0.8236,-0.1362,0.7964,0.5626,0.0563,0.4404
196,2017-02,7,07_US_Unemployment,0.1,-0.1,-0.1,0.2,0.02,-0.022
197,2017-03,0,00_Copper,-0.088,-0.264,-0.4705,0.1073,0.0107,-0.0533
197,2017-03,1,01_Oil,-1.17,-3.7,-3.99,4.4069,0.4407,-19.2142
197,2017-03,2,02_SP500,80.2501,-85.6897,-130.4194,114.2847,11.4285,-15884.2422
197,2017-03,3,03_US10Y,0.09,0.07,0.02,0.1346,0.0135,0.0036
197,2017-03,4,04_US_Economy,-80.5301,89.1401,133.5871,119.4904,11.949,17027.5146
197,2017-03,5,05_US_Inflation,-1.014,-0.502,0.091,0.41,0.041,0.0167
197,2017-03,6,06_US_Production,0.222,1.0456,1.1818,0.5072,0.0507,0.6524
197,2017-03,7,07_US_Unemployment,0.0,-0.1,0.0,0.1769,0.0177,-0.0018
198,2017-04,0,00_Copper,-0.0805,0.0075,0.2715,0.1117,0.0112,0.0304
198,2017-04,1,01_Oil,0.97,2.14,5.84,3.9562,0.3956,23.9506
198,2017-04,2,02_SP500,102.65,22.3999,108.0896,106.1285,10.6129,11709.1141
198,2017-04,3,03_US10Y,-0.15,-0.24,-0.31,0.1354,0.0135,-0.0452
198,2017-04,4,04_US_Economy,-105.8121,-25.282,-114.4221,110.9456,11.0946,-12975.1183
198,2017-04,5,05_US_Inflation,-0.599,0.415,0.917,0.4441,0.0444,0.4256
198,2017-04,6,06_US_Production,0.5816,0.3596,-0.686,0.4625,0.0463,-0.3007
198,2017-04,7,07_US_Unemployment,0.2,0.2,0.3,0.1692,0.0169,0.0542
199,2017-05,0,00_Copper,-0.05,0.0305,0.023,0.1104,0.011,0.0029
199,2017-05,1,01_Oil,1.23,0.26,-1.88,3.2954,0.3295,-6.1097
199,2017-05,2,02_SP500,108.7701,6.1201,-16.2798,107.8239,10.7824,-1689.3603
199,2017-05,3,03_US10Y,0.03,0.18,0.42,0.1338,0.0134,0.0586
199,2017-05,4,04_US_Economy,-111.0224,-5.2103,20.0717,111.8685,11.1868,2187.1031
199,2017-05,5,05_US_Inflation,-1.089,-0.49,-0.905,0.5269,0.0527,-0.5027
199,2017-05,6,06_US_Production,-0.3087,-0.8903,-1.2499,0.479,0.0479,-0.6413
199,2017-05,7,07_US_Unemployment,0.2,0.0,-0.2,0.1615,0.0162,-0.0323
200,2017-06,0,00_Copper,0.0915,0.1415,0.111,0.1151,0.0115,0.0144
200,2017-06,1,01_Oil,-0.04,-1.27,-1.53,3.1262,0.3126,-5.18
200,2017-06,2,02_SP500,92.7799,-15.9902,-22.1104,106.2823,10.6282,-2519.8881
200,2017-06,3,03_US10Y,-0.08,-0.11,-0.29,0.1377,0.0138,-0.0414
200,2017-06,4,04_US_Economy,-94.1296,16.8928,22.1031,110.1697,11.017,2621.2049
200,2017-06,5,05_US_Inflation,-0.741,0.348,0.838,0.5582,0.0558,0.4872
200,2017-06,6,06_US_Production,-0.2208,0.0879,0.9782,0.4459,0.0446,0.4401
200,2017-06,7,07_US_Unemployment,0.1,-0.1,-0.1,0.1615,0.0162,-0.0178
201,2017-07,0,00_Copper,0.1585,0.067,-0.0745,0.1185,0.0118,-0.008
201,2017-07,1,01_Oil,6.37,6.41,7.68,3.2585,0.3258,27.1136
201,2017-07,2,02_SP500,128.0602,35.2803,51.2705,109.7423,10.9742,6013.7199
201,2017-07,3,03_US10Y,0.16,0.24,0.35,0.1392,0.0139,0.0521
201,2017-07,4,04_US_Economy,-135.7013,-41.5717,-58.4645,113.6992,11.3699,-7120.0338
201,2017-07,5,05_US_Inflation,-0.82,-0.079,-0.427,0.6032,0.0603,-0.2623
201,2017-07,6,06_US_Production,-0.6674,-0.4466,-0.5345,0.4943,0.0494,-0.2863
201,2017-07,7,07_US_Unemployment,0.2,0.1,0.2,0.1538,0.0154,0.0323
202,2017-08,0,00_Copper,0.1605,0.002,-0.065,0.1305,0.013,-0.0085
202,2017-08,1,01_Oil,-0.7,-7.07,-13.48,2.9669,0.2967,-42.0917
202,2017-08,2,02_SP500,82.5199,-45.5403,-80.8206,104.097,10.4097,-8887.2341
202,2017-08,3,03_US10Y,-0.08,-0.24,-0.48,0.1369,0.0137,-0.069
202,2017-08,4,04_US_Economy,-83.639,52.0623,93.6339,108.4166,10.8417,10715.9123
202,2017-08,5,05_US_Inflation,0.04,0.86,0.939,0.5277,0.0528,0.5409
202,2017-08,6,06_US_Production,-0.8414,-0.174,0.2726,0.5351,0.0535,0.1366
202,2017-08,7,07_US_Unemployment,0.3,0.1,0.0,0.1692,0.0169,0.0017
203,2017-09,0,00_Copper,-0.172,-0.3325,-0.3345,0.1297,0.013,-0.0477
203,2017-09,1,01_Oil,6.68,7.38,14.45,3.07,0.307,46.6271
203,2017-09,2,02_SP500,128.8802,46.3604,91.9006,107.9708,10.7971,10423.1439
203,2017-09,3,03_US10Y,0.02,0.1,0.34,0.1315,0.0132,0.046
203,2017-09,4,04_US_Economy,-137.776,-54.137,-106.1993,112.455,11.2455,-12551.4459
203,2017-09,5,05_US_Inflation,0.352,0.312,-0.548,0.5197,0.052,-0.2686
203,2017-09,6,06_US_Production,-0.3242,0.5172,0.6912,0.5157,0.0516,0.3831
203,2017-09,7,07_US_Unemployment,0.1,-0.2,-0.3,0.1538,0.0154,-0.0492
204,2017-10,0,00_Copper,-0.0305,0.1415,0.474,0.1242,0.0124,0.0606
204,2017-10,1,01_Oil,2.24,-4.44,-11.82,2.7977,0.2798,-34.3109
204,2017-10,2,02_SP500,137.0699,8.1897,-38.1707,112.477,11.2477,-4201.2042
204,2017-10,3,03_US10Y,0.19,0.17,0.07,0.1385,0.0138,0.012
204,2017-10,4,04_US_Economy,-141.9026,-4.1266,50.0105,116.7389,11.6739,5789.9934
204,2017-10,5,05_US_Inflation,-0.709,-1.061,-1.373,0.5535,0.0554,-0.8187
204,2017-10,6,06_US_Production,0.8022,1.1264,0.6092,0.5366,0.0537,0.3873
204,2017-10,7,07_US_Unemployment,0.1,0.0,0.2,0.1385,0.0138,0.0277
205,2017-11,0,00_Copper,0.069,0.0995,-0.042,0.1271,0.0127,-0.0041
205,2017-11,1,01_Oil,7.97,5.73,10.17,3.3446,0.3345,35.9312
205,2017-11,2,02_SP500,153.4901,16.4202,8.2305,121.2801,12.128,1197.3356
205,2017-11,3,03_US10Y,0.02,-0.17,-0.34,0.1277,0.0128,-0.0456
205,2017-11,4,04_US_Economy,-163.5617,-21.6591,-17.5325,126.1182,12.6118,-2484.3241
205,2017-11,5,05_US_Inflation,-0.242,0.467,1.528,0.5464,0.0546,0.8604
205,2017-11,6,06_US_Production,-0.1854,-0.9876,-2.114,0.5192,0.0519,-1.1488
205,2017-11,7,07_US_Unemployment,0.2,0.1,0.1,0.1462,0.0146,0.0161
206,2017-12,0,00_Copper,0.212,0.143,0.0435,0.1133,0.0113,0.0066
206,2017-12,1,01_Oil,5.26,-2.71,-8.44,3.3785,0.3378,-29.4298
206,2017-12,2,02_SP500,107.2001,-46.29,-62.7102,117.6931,11.7693,-7925.3619
206,2017-12,3,03_US10Y,0.08,0.06,0.23,0.1023,0.0102,0.0241
206,2017-12,4,04_US_Economy,-114.484,49.0777,70.7368,122.5988,12.2599,9273.9339
206,2017-12,5,05_US_Inflation,-0.379,-0.137,-0.604,0.5282,0.0528,-0.3263
206,2017-12,6,06_US_Production,-0.2291,-0.0437,0.9439,0.4722,0.0472,0.4437
206,2017-12,7,07_US_Unemployment,0.1,-0.1,-0.2,0.1538,0.0154,-0.0323
207,2018-01,0,00_Copper,-0.126,-0.338,-0.481,0.1112,0.0111,-0.0572
207,2018-01,1,01_Oil,6.55,1.29,4.0,3.3808,0.3381,13.9592
207,2018-01,2,02_SP500,231.37,124.1699,170.46,126.1685,12.6169,23073.3116
207,2018-01,3,03_US10Y,0.21,0.13,0.07,0.0892,0.0089,0.0074
207,2018-01,4,04_US_Economy,-240.069,-125.585,-174.6628,131.0401,13.104,-24533.4951
207,2018-01,5,05_US_Inflation,0.154,0.533,0.67,0.5178,0.0518,0.3746
207,2018-01,6,06_US_Production,-0.429,-0.1999,-0.1562,0.4864,0.0486,-0.0857
207,2018-01,7,07_US_Unemployment,0.1,0.0,0.1,0.1462,0.0146,0.0146
208,2018-02,0,00_Copper,-0.107,0.019,0.357,0.117,0.0117,0.042
208,2018-02,1,01_Oil,-0.85,-7.4,-8.69,3.2738,0.3274,-30.8724
208,2018-02,2,02_SP500,-28.8099,-260.1799,-384.3499,119.0608,11.9061,-48858.7243
208,2018-02,3,03_US10Y,0.31,0.1,-0.03,0.1108,0.0111,-0.0022
208,2018-02,4,04_US_Economy,27.328,267.397,392.9821,123.5097,12.351,51839.7126
208,2018-02,5,05_US_Inflation,-0.23,-0.384,-0.917,0.5293,0.0529,-0.5057
208,2018-02,6,06_US_Production,-0.1811,0.2479,0.4478,0.4474,0.0447,0.2114
208,2018-02,7,07_US_Unemployment,0.3,0.2,0.2,0.1538,0.0154,0.0338
209,2018-03,0,00_Copper,-0.119,-0.012,-0.031,0.1127,0.0113,-0.0036
209,2018-03,1,01_Oil,5.54,6.39,13.79,3.5054,0.3505,50.5792
209,2018-03,2,02_SP500,8.2101,37.02,297.2,106.9277,10.6928,32174.7669
209,2018-03,3,03_US10Y,0.01,-0.3,-0.4,0.11,0.011,-0.0473
209,2018-03,4,04_US_Economy,-15.2002,-42.5282,-309.9253,111.6274,11.1627,-35070.8817
209,2018-03,5,05_US_Inflation,-0.852,-0.622,-0.238,0.5555,0.0555,-0.1667
209,2018-03,6,06_US_Production,0.0711,0.2522,0.0043,0.3895,0.039,0.0115
209,2018-03,7,07_US_Unemployment,0.1,-0.2,-0.4,0.1538,0.0154,-0.0646
210,2018-04,0,00_Copper,-0.0305,0.0885,0.1005,0.1082,0.0108,0.0118
210,2018-04,1,01_Oil,2.24,-3.3,-9.69,3.5877,0.3588,-35.9487
210,2018-04,2,02_SP500,88.35,80.1399,43.1199,107.5508,10.7551,5499.4883
210,2018-04,3,03_US10Y,0.06,0.05,0.35,0.1077,0.0108,0.0382
210,2018-04,4,04_US_Economy,-93.5086,-78.3084,-35.7802,112.6257,11.2626,-4911.7213
210,2018-04,5,05_US_Inflation,-0.25,0.602,1.224,0.4967,0.0497,0.6379
210,2018-04,6,06_US_Production,0.6991,0.628,0.3758,0.4262,0.0426,0.1869
210,2018-04,7,07_US_Unemployment,0.2,0.1,0.3,0.1692,0.0169,0.0525
211,2018-05,0,00_Copper,0.0085,0.039,-0.0495,0.1027,0.0103,-0.0047
211,2018-05,1,01_Oil,4.34,2.1,5.4,3.8469,0.3847,21.5812
211,2018-05,2,02_SP500,138.39,50.04,-30.0999,110.3,11.03,-2768.0732
211,2018-05,3,03_US10Y,0.14,0.08,0.03,0.1069,0.0107,0.0041
211,2018-05,4,04_US_Economy,-143.4259,-49.9173,28.3911,115.5191,11.5519,2703.0683
211,2018-05,5,05_US_Inflation,-0.335,-0.085,-0.687,0.4764,0.0476,-0.3313
211,2018-05,6,06_US_Production,-1.3576,-2.0567,-2.6847,0.4859,0.0486,-1.4045
211,2018-05,7,07_US_Unemployment,0.0,-0.2,-0.3,0.1538,0.0154,-0.0492
212,2018-06,0,00_Copper,-0.1375,-0.146,-0.185,0.1094,0.0109,-0.0218
212,2018-06,1,01_Oil,9.35,5.01,2.91,4.4715,0.4472,15.2524
212,2018-06,2,02_SP500,94.2701,-44.1199,-94.1599,109.1847,10.9185,-10762.5388
212,2018-06,3,03_US10Y,-0.04,-0.18,-0.26,0.1077,0.0108,-0.0299
212,2018-06,4,04_US_Economy,-105.7771,37.6488,87.5661,115.1156,11.5116,10513.6232
212,2018-06,5,05_US_Inflation,-0.674,-0.339,-0.254,0.4445,0.0444,-0.128
212,2018-06,6,06_US_Production,0.3685,1.7261,3.7828,0.4905,0.0491,1.9403
212,2018-06,7,07_US_Unemployment,0.4,0.4,0.6,0.1692,0.0169,0.1083
213,2018-07,0,00_Copper,-0.0305,0.107,0.253,0.1047,0.0105,0.0276
213,2018-07,1,01_Oil,2.24,-7.11,-12.12,4.6408,0.4641,-59.5457
213,2018-07,2,02_SP500,179.09,84.8198,128.9397,115.8239,11.5824,15916.7135
213,2018-07,3,03_US10Y,0.01,0.05,0.23,0.1023,0.0102,0.024
213,2018-07,4,04_US_Economy,-182.585,-76.8078,-114.4566,121.9199,12.192,-14890.9743
213,2018-07,5,05_US_Inflation,-0.704,-0.03,0.309,0.4416,0.0442,0.1351
213,2018-07,6,06_US_Production,-0.2605,-0.629,-2.3551,0.4936,0.0494,-1.1935
213,2018-07,7,07_US_Unemployment,0.0,-0.4,-0.8,0.1615,0.0162,-0.1357
214,2018-08,0,00_Copper,-0.3325,-0.302,-0.409,0.1181,0.0118,-0.0519
214,2018-08,1,01_Oil,-2.11,-4.35,2.76,4.3131,0.4313,10.0279
214,2018-08,2,02_SP500,166.4,-12.6899,-97.5098,118.7731,11.8773,-11732.2604
214,2018-08,3,03_US10Y,0.03,0.02,-0.03,0.0923,0.0092,-0.0026
214,2018-08,4,04_US_Economy,-166.2175,16.3674,93.1753,124.2673,12.4267,11782.0306
214,2018-08,5,05_US_Inflation,-0.451,0.253,0.283,0.4132,0.0413,0.1274
214,2018-08,6,06_US_Production,0.241,0.5015,1.1305,0.4608,0.0461,0.544
214,2018-08,7,07_US_Unemployment,0.2,0.2,0.6,0.1615,0.0162,0.1002
215,2018-09,0,00_Copper,0.1075,0.44,0.742,0.114,0.0114,0.0896
215,2018-09,1,01_Oil,5.69,7.8,12.15,4.6969,0.4697,60.7312
215,2018-09,2,02_SP500,93.63,-72.77,-60.0801,119.6277,11.9628,-8057.7748
215,2018-09,3,03_US10Y,0.14,0.11,0.09,0.0969,0.0097,0.0098
215,2018-09,4,04_US_Economy,-101.1671,65.0504,48.683,125.6156,12.5616,6932.477
215,2018-09,5,05_US_Inflation,-0.381,0.07,-0.183,0.4395,0.0439,-0.0773
215,2018-09,6,06_US_Production,-0.3594,-0.6004,-1.1019,0.4237,0.0424,-0.4923
215,2018-09,7,07_US_Unemployment,0.1,-0.1,-0.3,0.1462,0.0146,-0.0453
216,2018-10,0,00_Copper,-0.154,-0.2615,-0.7015,0.1127,0.0113,-0.082
216,2018-10,1,01_Oil,-5.7,-11.39,-19.19,4.6215,0.4622,-93.9512
216,2018-10,2,02_SP500,-121.0699,-214.7,-141.9299,119.0269,11.9027,-19448.9933
216,2018-10,3,03_US10Y,0.18,0.04,-0.07,0.1092,0.0109,-0.0072
216,2018-10,4,04_US_Economy,125.0559,226.223,161.1725,124.6371,12.4637,22907.6577
216,2018-10,5,05_US_Inflation,-0.31,0.071,0.001,0.4362,0.0436,0.0035
216,2018-10,6,06_US_Production,-0.5419,-0.1825,0.4179,0.4405,0.044,0.176
216,2018-10,7,07_US_Unemployment,0.3,0.2,0.3,0.1615,0.0162,0.0517
217,2018-11,0,00_Copper,0.0835,0.2375,0.499,0.1167,0.0117,0.061
217,2018-11,1,01_Oil,-12.14,-6.44,4.95,5.3831,0.5383,23.1796
217,2018-11,2,02_SP500,129.6,250.6699,465.3699,118.4523,11.8452,58093.3879
217,2018-11,3,03_US10Y,-0.0,-0.18,-0.22,0.0946,0.0095,-0.0225
217,2018-11,4,04_US_Economy,-118.5609,-243.6167,-469.8397,122.8416,12.2842,-60708.4855
217,2018-11,5,05_US_Inflation,-1.078,-0.768,-0.839,0.4646,0.0465,-0.4255
217,2018-11,6,06_US_Production,-0.3446,0.1973,0.3798,0.4053,0.0405,0.1619
217,2018-11,7,07_US_Unemployment,0.2,-0.1,-0.3,0.1692,0.0169,-0.0525
218,2018-12,0,00_Copper,-0.18,-0.2635,-0.501,0.1253,0.0125,-0.0661
218,2018-12,1,01_Oil,-3.28,8.86,15.3,5.0223,0.5022,81.291
218,2018-12,2,02_SP500,-172.1498,-301.7498,-552.4197,119.8877,11.9888,-69845.9248
218,2018-12,3,03_US10Y,-0.26,-0.26,-0.08,0.1131,0.0113,-0.012
218,2018-12,4,04_US_Economy,174.4584,293.0193,536.636,123.6798,12.368,69995.092
218,2018-12,5,05_US_Inflation,-0.727,0.351,1.119,0.5019,0.0502,0.5793
218,2018-12,6,06_US_Production,-0.4016,-0.057,-0.2543,0.4219,0.0422,-0.1097
218,2018-12,7,07_US_Unemployment,0.3,0.1,0.2,0.1769,0.0177,0.0372
219,2019-01,0,00_Copper,0.1305,0.3105,0.574,0.119,0.0119,0.072
219,2019-01,1,01_Oil,10.62,13.9,5.04,5.4346,0.5435,34.9446
219,2019-01,2,02_SP500,278.42,450.5698,752.3196,133.0585,13.3058,106097.6918
219,2019-01,3,03_US10Y,-0.09,0.17,0.43,0.1138,0.0114,0.0509
219,2019-01,4,04_US_Economy,-289.3959,-463.8543,-756.8736,137.1346,13.7135,-110154.5838
219,2019-01,5,05_US_Inflation,-1.106,-0.379,-0.73,0.5578,0.0558,-0.4284
219,2019-01,6,06_US_Production,-1.1186,-0.717,-0.66,0.4903,0.049,-0.3588
219,2019-01,7,07_US_Unemployment,0.3,0.0,-0.1,0.1923,0.0192,-0.0192
220,2019-02,0,00_Copper,0.1305,0.0,-0.3105,0.1193,0.0119,-0.0371
220,2019-02,1,01_Oil,5.67,-4.95,-18.85,5.3669,0.5367,-103.8231
220,2019-02,2,02_SP500,161.5599,-116.8601,-567.4299,127.6884,12.7688,-73946.4161
220,2019-02,3,03_US10Y,-0.0,0.09,-0.08,0.0977,0.0098,-0.0069
220,2019-02,4,04_US_Economy,-168.4663,120.9296,584.7839,131.6267,13.1627,78564.9226
220,2019-02,5,05_US_Inflation,-0.142,0.964,1.343,0.5569,0.0557,0.8016
220,2019-02,6,06_US_Production,-0.9921,0.1265,0.8435,0.5336,0.0534,0.4569
220,2019-02,7,07_US_Unemployment,0.0,-0.3,-0.3,0.1846,0.0185,-0.0609
221,2019-03,0,00_Copper,-0.0445,-0.175,-0.175,0.1145,0.0115,-0.022
221,2019-03,1,01_Oil,5.16,-0.51,4.44,5.6985,0.5698,25.0105
221,2019-03,2,02_SP500,131.08,-30.48,86.3801,135.5554,13.5555,11296.1178
221,2019-03,3,03_US10Y,-0.08,-0.08,-0.17,0.08,0.008,-0.0142
221,2019-03,4,04_US_Economy,-138.225,30.2414,-90.6882,140.1572,14.0157,-12286.7538
221,2019-03,5,05_US_Inflation,0.058,0.2,-0.764,0.5437,0.0544,-0.4045
221,2019-03,6,06_US_Production,-0.3885,0.6036,0.4771,0.5496,0.055,0.2954
221,2019-03,7,07_US_Unemployment,0.2,0.2,0.5,0.1769,0.0177,0.092
222,2019-04,0,00_Copper,-0.065,-0.0205,0.1545,0.1104,0.011,0.0168
222,2019-04,1,01_Oil,6.01,0.85,1.36,5.7346,0.5735,8.2865
222,2019-04,2,02_SP500,192.6002,61.5203,92.0002,149.7392,14.9739,14697.2454
222,2019-04,3,03_US10Y,-0.01,0.07,0.15,0.08,0.008,0.0126
222,2019-04,4,04_US_Economy,-199.9024,-61.6775,-91.9188,154.3651,15.4365,-15141.1444
222,2019-04,5,05_US_Inflation,0.056,-0.002,-0.202,0.4825,0.0482,-0.0976
222,2019-04,6,06_US_Production,-1.0288,-0.6403,-1.2439,0.6232,0.0623,-0.8152
222,2019-04,7,07_US_Unemployment,0.1,-0.1,-0.3,0.1769,0.0177,-0.0548
223,2019-05,0,00_Copper,-0.286,-0.221,-0.2005,0.13,0.013,-0.0289
223,2019-05,1,01_Oil,-8.17,-14.18,-15.03,6.1908,0.6191,-101.8258
223,2019-05,2,02_SP500,-112.6,-305.2002,-366.7205,151.6046,15.1605,-60223.4895
223,2019-05,3,03_US10Y,-0.1,-0.09,-0.16,0.0831,0.0083,-0.014
223,2019-05,4,04_US_Economy,119.9621,319.8645,381.542,156.4,15.64,64675.8262
223,2019-05,5,05_US_Inflation,-0.837,-0.893,-0.891,0.5276,0.0528,-0.5172
223,2019-05,6,06_US_Production,-0.3091,0.7197,1.36,0.5932,0.0593,0.8495
223,2019-05,7,07_US_Unemployment,0.1,-0.0,0.1,0.1692,0.0169,0.0169
224,2019-06,0,00_Copper,0.029,0.315,0.536,0.1316,0.0132,0.0747
224,2019-06,1,01_Oil,7.21,15.38,29.56,6.4115,0.6412,199.386
224,2019-06,2,02_SP500,270.87,383.47,688.6702,161.7954,16.1795,117628.0196
224,2019-06,3,03_US10Y,-0.3,-0.2,-0.11,0.0954,0.0095,-0.0124
224,2019-06,4,04_US_Economy,-278.8844,-398.8465,-718.711,166.8198,16.682,-126548.8003
224,2019-06,5,05_US_Inflation,-0.983,-0.146,0.747,0.5775,0.0577,0.4229
224,2019-06,6,06_US_Production,-0.3816,-0.0725,-0.7922,0.5182,0.0518,-0.4143
224,2019-06,7,07_US_Unemployment,0.2,0.1,0.1,0.1846,0.0185,0.0203
225,2019-07,0,00_Copper,-0.078,-0.107,-0.422,0.127,0.0127,-0.055
225,2019-07,1,01_Oil,2.35,-4.86,-20.24,5.8731,0.5873,-121.7254
225,2019-07,2,02_SP500,119.7899,-151.0801,-534.55,163.7584,16.3758,-90011.1468
225,2019-07,3,03_US10Y,0.02,0.32,0.52,0.0938,0.0094,0.0518
225,2019-07,4,04_US_Economy,-123.3871,155.4973,554.3438,168.1745,16.8174,95841.5252
225,2019-07,5,05_US_Inflation,-0.311,0.672,0.818,0.5495,0.055,0.4865
225,2019-07,6,06_US_Production,-0.9238,-0.5422,-0.4697,0.5609,0.0561,-0.2939
225,2019-07,7,07_US_Unemployment,0.3,0.1,0.0,0.1769,0.0177,0.0018
226,2019-08,0,00_Copper,-0.1555,-0.0775,0.0295,0.1367,0.0137,0.003
226,2019-08,1,01_Oil,-1.24,-3.59,1.27,5.7962,0.5796,5.2803
226,2019-08,2,02_SP500,27.2501,-92.5398,58.5403,152.0785,15.2078,7495.3849
226,2019-08,3,03_US10Y,-0.4,-0.42,-0.74,0.1238,0.0124,-0.0968
226,2019-08,4,04_US_Economy,-27.3997,95.9874,-59.5099,156.2371,15.6237,-7797.9731
226,2019-08,5,05_US_Inflation,-0.666,-0.355,-1.027,0.5466,0.0547,-0.5808
226,2019-08,6,06_US_Production,0.2711,1.1949,1.7371,0.5617,0.0562,1.0428
226,2019-08,7,07_US_Unemployment,0.1,-0.2,-0.3,0.1846,0.0185,-0.0591
227,2019-09,0,00_Copper,-0.0305,0.125,0.2025,0.1134,0.0113,0.0244
227,2019-09,1,01_Oil,2.24,3.48,7.07,5.8062,0.5806,43.0701
227,2019-09,2,02_SP500,131.4501,104.2,196.7397,149.39,14.939,30947.5929
227,2019-09,3,03_US10Y,0.1,0.5,0.92,0.1292,0.0129,0.1254
227,2019-09,4,04_US_Economy,-134.8192,-107.4195,-203.4069,153.8219,15.3822,-32940.7688
227,2019-09,5,05_US_Inflation,-0.506,0.16,0.515,0.5508,0.0551,0.2925
227,2019-09,6,06_US_Production,-0.7744,-1.0455,-2.2404,0.6027,0.0603,-1.4134
227,2019-09,7,07_US_Unemployment,0.1,0.0,0.2,0.1769,0.0177,0.0354
228,2019-10,0,00_Copper,0.0695,0.1,-0.025,0.1105,0.011,-0.0017
228,2019-10,1,01_Oil,1.32,-0.92,-4.4,5.47,0.547,-24.5712
228,2019-10,2,02_SP500,141.9901,10.54,-93.6599,153.11,15.311,-14178.891
228,2019-10,3,03_US10Y,0.04,-0.06,-0.56,0.1215,0.0122,-0.0688
228,2019-10,4,04_US_Economy,-144.4939,-9.6747,97.7447,157.1547,15.7155,15208.9983
228,2019-10,5,05_US_Inflation,-0.175,0.331,0.171,0.535,0.0535,0.1092
228,2019-10,6,06_US_Production,-1.2907,-0.5163,0.5292,0.6744,0.0674,0.3221
228,2019-10,7,07_US_Unemployment,0.3,0.2,0.2,0.1923,0.0192,0.0423
229,2019-11,0,00_Copper,-0.0215,-0.091,-0.191,0.1003,0.01,-0.0201
229,2019-11,1,01_Oil,3.23,1.91,2.83,5.28,0.528,15.9508
229,2019-11,2,02_SP500,184.59,42.5999,32.0598,157.9962,15.7996,5738.3889
229,2019-11,3,03_US10Y,0.13,0.09,0.15,0.1177,0.0118,0.0187
229,2019-11,4,04_US_Economy,-190.2745,-45.7805,-36.1058,162.1715,16.2172,-6597.764
229,2019-11,5,05_US_Inflation,-0.176,-0.001,-0.332,0.5247,0.0525,-0.1743
229,2019-11,6,06_US_Production,0.082,1.3727,1.889,0.639,0.0639,1.2948
229,2019-11,7,07_US_Unemployment,0.2,-0.1,-0.3,0.1846,0.0185,-0.0572
230,2019-12,0,00_Copper,-0.0305,-0.009,0.082,0.0962,0.0096,0.0078
230,2019-12,1,01_Oil,2.24,-0.99,-2.9,4.5185,0.4518,-13.5508
230,2019-12,2,02_SP500,170.9701,-13.6199,-56.2197,161.1785,16.1178,-9280.9329
230,2019-12,3,03_US10Y,0.08,-0.05,-0.14,0.1238,0.0124,-0.018
230,2019-12,4,04_US_Economy,-174.8866,15.3879,61.1684,166.5043,16.6504,10441.0176
230,2019-12,5,05_US_Inflation,-0.149,0.027,0.028,0.4532,0.0453,0.0139
230,2019-12,6,06_US_Production,-0.664,-0.746,-2.1187,0.6636,0.0664,-1.4554
230,2019-12,7,07_US_Unemployment,0.2,0.0,0.1,0.1846,0.0185,0.0185
231,2020-01,0,00_Copper,-0.1525,-0.122,-0.113,0.0941,0.0094,-0.0118
231,2020-01,1,01_Oil,-1.37,-3.61,-2.62,4.3715,0.4372,-13.0315
231,2020-01,2,02_SP500,75.91,-95.0601,-81.4402,153.7754,15.3775,-13985.2887
231,2020-01,3,03_US10Y,-0.07,-0.15,-0.1,0.1092,0.0109,-0.0126
231,2020-01,4,04_US_Economy,-75.2609,99.6257,84.2378,158.8737,15.8874,14965.9574
231,2020-01,5,05_US_Inflation,-0.403,-0.254,-0.281,0.4283,0.0428,-0.1312
231,2020-01,6,06_US_Production,-1.0936,-0.4296,0.3164,0.7168,0.0717,0.196
231,2020-01,7,07_US_Unemployment,0.2,0.0,0.0,0.1769,0.0177,0.0
232,2020-02,0,00_Copper,-0.0045,0.148,0.27,0.0844,0.0084,0.024
232,2020-02,1,01_Oil,-4.56,-3.19,0.42,3.9054,0.3905,0.3944
232,2020-02,2,02_SP500,-190.13,-266.04,-170.98,146.9839,14.6984,-29041.6601
232,2020-02,3,03_US10Y,-0.23,-0.16,-0.01,0.12,0.012,-0.0031
232,2020-02,4,04_US_Economy,193.4489,268.7098,169.0842,151.4932,15.1493,29685.8669
232,2020-02,5,05_US_Inflation,-0.777,-0.374,-0.12,0.403,0.0403,-0.0634
232,2020-02,6,06_US_Production,-0.0874,1.0062,1.4358,0.6375,0.0637,0.9794
232,2020-02,7,07_US_Unemployment,0.1,-0.1,-0.1,0.1615,0.0162,-0.0178
233,2020-03,0,00_Copper,-0.0305,-0.026,-0.174,0.0767,0.0077,-0.0136
233,2020-03,1,01_Oil,2.24,6.8,9.99,3.6415,0.3642,38.8552
233,2020-03,2,02_SP500,-288.4598,-98.3298,167.7102,156.7454,15.6745,24746.5296
233,2020-03,3,03_US10Y,-0.6,-0.37,-0.21,0.1662,0.0166,-0.041
233,2020-03,4,04_US_Economy,289.9771,96.5282,-172.1816,160.8401,16.084,-26141.1531
233,2020-03,5,05_US_Inflation,-2.074,-1.297,-0.923,0.5516,0.0552,-0.5807
233,2020-03,6,06_US_Production,-4.3928,-4.3054,-5.3116,0.8991,0.0899,-5.1625
233,2020-03,7,07_US_Unemployment,1.1,1.0,1.1,0.2462,0.0246,0.2954
234,2020-04,0,00_Copper,-0.2225,-0.192,-0.166,0.0904,0.009,-0.0167
234,2020-04,1,01_Oil,-23.68,-25.92,-32.72,5.0662,0.5066,-178.896
234,2020-04,2,02_SP500,409.0099,697.4697,795.7996,178.1246,17.8125,154175.1593
234,2020-04,3,03_US10Y,-0.18,0.42,0.79,0.1738,0.0174,0.1446
234,2020-04,4,04_US_Economy,-381.5504,-671.5275,-768.0558,179.5575,17.9557,-149967.9342
234,2020-04,5,05_US_Inflation,-2.944,-0.87,0.427,0.7736,0.0774,0.263
234,2020-04,6,06_US_Production,-13.273,-8.8802,-4.5748,1.8902,0.189,-10.3257
234,2020-04,7,07_US_Unemployment,10.6,9.5,8.5,1.0462,0.1046,9.8862
235,2020-05,0,00_Copper,0.042,0.2645,0.4565,0.0887,0.0089,0.0428
235,2020-05,1,01_Oil,18.89,42.57,68.49,6.0569,0.6057,440.623
235,2020-05,2,02_SP500,213.0502,-195.9597,-893.4294,179.6977,17.9698,-164068.5735
235,2020-05,3,03_US10Y,0.04,0.22,-0.2,0.1762,0.0176,-0.0314
235,2020-05,4,04_US_Economy,-232.7036,148.8468,820.3743,182.0806,18.2081,152084.5014
235,2020-05,5,05_US_Inflation,-1.13,1.814,2.684,0.8562,0.0856,2.4534
235,2020-05,6,06_US_Production,0.9714,14.2444,23.1246,1.8858,0.1886,46.2936
235,2020-05,7,07_US_Unemployment,-1.4,-12.0,-21.5,1.1462,0.1146,-26.0177
236,2020-06,0,00_Copper,0.2565,0.2145,-0.05,0.0864,0.0086,-0.0025
236,2020-06,1,01_Oil,6.02,-12.87,-55.44,5.8915,0.5892,-334.2093
236,2020-06,2,02_SP500,137.15,-75.9001,120.0596,181.5862,18.1586,20422.9161
236,2020-06,3,03_US10Y,0.09,0.05,-0.17,0.1754,0.0175,-0.0289
236,2020-06,4,04_US_Economy,-149.3024,83.4011,-65.4457,184.3376,18.4338,-10526.7002
236,2020-06,5,05_US_Inflation,0.34,1.47,-0.344,0.818,0.0818,-0.1611
236,2020-06,6,06_US_Production,5.2059,4.2345,-10.0099,2.2624,0.2262,-21.6888
236,2020-06,7,07_US_Unemployment,-2.0,-0.6,11.4,1.2923,0.1292,14.6548
237,2020-07,0,00_Copper,0.115,-0.1415,-0.356,0.093,0.0093,-0.0344
237,2020-07,1,01_Oil,3.24,-2.78,10.09,5.5862,0.5586,54.8114
237,2020-07,2,02_SP500,252.0001,114.8501,190.7502,180.1346,18.0135,36429.5754
237,2020-07,3,03_US10Y,-0.08,-0.17,-0.22,0.1585,0.0158,-0.0376
237,2020-07,4,04_US_Economy,-260.3302,-111.0278,-194.4289,182.9103,18.291,-37593.88
237,2020-07,5,05_US_Inflation,0.41,0.07,-1.4,0.7739,0.0774,-1.0781
237,2020-07,6,06_US_Production,3.0051,-2.2008,-6.4353,2.4642,0.2464,-16.4005
237,2020-07,7,07_US_Unemployment,-0.6,1.4,2.0,1.3231,0.1323,2.8314
238,2020-08,0,00_Copper,0.1515,0.0365,0.178,0.0987,0.0099,0.0179
238,2020-08,1,01_Oil,4.58,1.34,4.12,5.7577,0.5758,24.4932
238,2020-08,2,02_SP500,310.36,58.3599,-56.4902,194.7939,19.4794,-9867.1375
238,2020-08,3,03_US10Y,0.06,0.14,0.31,0.1615,0.0162,0.0523
238,2020-08,4,04_US_Economy,-316.3577,-56.0275,55.0003,197.7542,19.7754,9768.5826
238,2020-08,5,05_US_Inflation,0.064,-0.346,-0.416,0.7549,0.0755,-0.3402
238,2020-08,6,06_US_Production,0.5022,-2.5029,-0.3021,2.4318,0.2432,-1.3433
238,2020-08,7,07_US_Unemployment,-1.6,-1.0,-2.4,1.4231,0.1423,-3.5577
239,2020-09,0,00_Copper,-0.043,-0.1945,-0.231,0.09,0.009,-0.0225
239,2020-09,1,01_Oil,-0.15,-4.73,-6.07,5.6738,0.5674,-37.124
239,2020-09,2,02_SP500,-56.14,-366.5,-424.8599,197.0162,19.7016,-90924.9098
239,2020-09,3,03_US10Y,0.06,0.0,-0.14,0.1354,0.0135,-0.019
239,2020-09,4,04_US_Economy,55.0671,371.4248,427.4523,199.8825,19.9883,92864.3588
239,2020-09,5,05_US_Inflation,-0.219,-0.283,0.063,0.7205,0.0721,0.025
239,2020-09,6,06_US_Production,-0.4151,-0.9173,1.5856,2.4429,0.2443,3.6494
239,2020-09,7,07_US_Unemployment,-0.4,1.2,2.2,1.4462,0.1446,3.3551
240,2020-10,0,00_Copper,-0.0155,0.0275,0.222,0.0888,0.0089,0.02
240,2020-10,1,01_Oil,-2.19,-2.04,2.69,5.67,0.567,14.0956
240,2020-10,2,02_SP500,-11.87,44.27,410.77,187.8177,18.7818,77981.3544
240,2020-10,3,03_US10Y,0.14,0.08,0.08,0.1385,0.0138,0.0122
240,2020-10,4,04_US_Economy,12.6281,-42.439,-413.8638,190.4832,19.0483,-79642.491
240,2020-10,5,05_US_Inflation,-0.578,-0.359,-0.076,0.7261,0.0726,-0.0812
240,2020-10,6,06_US_Production,0.3454,0.7605,1.6778,2.4099,0.241,4.2266
240,2020-10,7,07_US_Unemployment,-0.7,-0.3,-1.5,1.4923,0.1492,-2.2832
241,2020-11,0,00_Copper,-0.0305,-0.015,-0.0425,0.0858,0.0086,-0.0038
241,2020-11,1,01_Oil,2.24,4.43,6.47,5.7408,0.5741,39.6859
241,2020-11,2,02_SP500,432.84,444.71,400.4399,210.1908,21.0191,93516.1757
241,2020-11,3,03_US10Y,0.11,-0.03,-0.11,0.1438,0.0144,-0.0163
241,2020-11,4,04_US_Economy,-437.0066,-449.6347,-407.1956,212.9842,21.2984,-96302.7283
241,2020-11,5,05_US_Inflation,-0.308,0.27,0.629,0.7363,0.0736,0.483
241,2020-11,6,06_US_Production,-0.0849,-0.4303,-1.1908,2.3171,0.2317,-2.859
241,2020-11,7,07_US_Unemployment,0.0,0.7,1.0,1.4692,0.1469,1.5721
242,2020-12,0,00_Copper,0.44,0.4705,0.4855,0.118,0.0118,0.0629
242,2020-12,1,01_Oil,14.97,12.73,8.3,6.6438,0.6644,63.6015
242,2020-12,2,02_SP500,215.6102,-217.2297,-661.9397,212.577,21.2577,-145330.9263
242,2020-12,3,03_US10Y,0.09,-0.02,0.01,0.1408,0.0141,0.0011
242,2020-12,4,04_US_Economy,-234.6385,202.368,652.0027,216.3968,21.6397,145470.4642
242,2020-12,5,05_US_Inflation,0.234,0.542,0.272,0.7408,0.0741,0.2416
242,2020-12,6,06_US_Production,0.8543,0.9392,1.3695,2.3765,0.2377,3.4779
242,2020-12,7,07_US_Unemployment,0.2,0.2,-0.5,1.4692,0.1469,-0.7052
243,2021-01,0,00_Copper,0.029,-0.411,-0.8815,0.1179,0.0118,-0.1088
243,2021-01,1,01_Oil,5.92,-9.05,-21.78,6.9269,0.6927,-157.1372
243,2021-01,2,02_SP500,39.34,-176.2703,40.9595,202.4516,20.2452,4723.6901
243,2021-01,3,03_US10Y,0.18,0.09,0.11,0.1485,0.0148,0.0177
243,2021-01,4,04_US_Economy,-47.4431,187.1955,-15.1726,206.5934,20.6593,732.7812
243,2021-01,5,05_US_Inflation,-0.258,-0.492,-1.034,0.7492,0.0749,-0.8115
243,2021-01,6,06_US_Production,0.0921,-0.7622,-1.7014,2.3326,0.2333,-4.1464
243,2021-01,7,07_US_Unemployment,-0.1,-0.3,-0.5,1.4615,0.1462,-0.7746
244,2021-02,0,00_Copper,0.4905,0.4615,0.8725,0.1439,0.0144,0.1322
244,2021-02,1,01_Oil,11.54,5.62,14.67,7.7092,0.7709,117.427
244,2021-02,2,02_SP500,178.08,138.74,315.0103,210.3108,21.0311,69167.9043
244,2021-02,3,03_US10Y,0.21,0.03,-0.06,0.1592,0.0159,-0.0091
244,2021-02,4,04_US_Economy,-188.8581,-141.415,-328.6105,215.3317,21.5332,-73805.3509
244,2021-02,5,05_US_Inflation,-0.008,0.25,0.742,0.7188,0.0719,0.5513
244,2021-02,6,06_US_Production,-3.6944,-3.7865,-3.0243,2.5326,0.2533,-8.6184
244,2021-02,7,07_US_Unemployment,0.0,0.1,0.4,1.4462,0.1446,0.5929
245,2021-03,0,00_Copper,-0.122,-0.6125,-1.074,0.153,0.0153,-0.1736
245,2021-03,1,01_Oil,-0.1,-11.64,-17.26,7.3662,0.7366,-135.714
245,2021-03,2,02_SP500,242.91,64.8301,-73.9099,214.3708,21.4371,-14454.3583
245,2021-03,3,03_US10Y,0.38,0.17,0.14,0.1708,0.0171,0.0268
245,2021-03,4,04_US_Economy,-248.2336,-59.3756,82.0394,219.5459,21.9546,16707.8485
245,2021-03,5,05_US_Inflation,0.482,0.49,0.24,0.6961,0.0696,0.2012
245,2021-03,6,06_US_Production,2.3436,6.038,9.8245,2.7062,0.2706,28.2207
245,2021-03,7,07_US_Unemployment,0.1,0.1,-0.0,1.4462,0.1446,0.0145
246,2021-04,0,00_Copper,0.4455,0.5675,1.18,0.1849,0.0185,0.2287
246,2021-04,1,01_Oil,6.66,6.76,18.4,7.7062,0.7706,147.0026
246,2021-04,2,02_SP500,289.4501,46.54,-18.29,214.447,21.4447,-2924.2062
246,2021-04,3,03_US10Y,0.06,-0.32,-0.49,0.1292,0.0129,-0.0675
246,2021-04,4,04_US_Economy,-299.5546,-51.3209,8.0546,220.2826,22.0283,643.7852
246,2021-04,5,05_US_Inflation,0.753,0.271,-0.219,0.5945,0.0594,-0.1141
246,2021-04,6,06_US_Production,-0.254,-2.5976,-8.6356,2.3878,0.2388,-21.2403
246,2021-04,7,07_US_Unemployment,0.2,0.1,0.0,1.3769,0.1377,0.0138
247,2021-05,0,00_Copper,0.173,-0.2725,-0.84,0.1811,0.0181,-0.157
247,2021-05,1,01_Oil,4.98,-1.68,-8.44,6.2677,0.6268,-53.9523
247,2021-05,2,02_SP500,104.11,-185.3401,-231.8801,190.9931,19.0993,-47827.3764
247,2021-05,3,03_US10Y,0.01,-0.05,0.27,0.1162,0.0116,0.0308
247,2021-05,4,04_US_Economy,-112.7295,186.8251,238.146,199.6041,19.9604,51264.024
247,2021-05,5,05_US_Inflation,0.869,0.116,-0.155,0.4348,0.0435,-0.0624
247,2021-05,6,06_US_Production,0.4475,0.7015,3.2991,1.4012,0.1401,4.7211
247,2021-05,7,07_US_Unemployment,-0.1,-0.3,-0.4,0.5692,0.0569,-0.2448
248,2021-06,0,00_Copper,-0.4165,-0.5895,-0.317,0.2099,0.021,-0.0789
248,2021-06,1,01_Oil,9.39,4.41,6.09,5.5369,0.5537,36.1617
248,2021-06,2,02_SP500,174.5602,70.4502,255.7903,188.0323,18.8032,49421.5393
248,2021-06,3,03_US10Y,-0.07,-0.08,-0.03,0.1185,0.0118,-0.0045
248,2021-06,4,04_US_Economy,-187.313,-74.5835,-261.4086,196.1125,19.6112,-52728.1659
248,2021-06,5,05_US_Inflation,1.371,0.502,0.386,0.4534,0.0453,0.1978
248,2021-06,6,06_US_Production,-0.0617,-0.5092,-1.2107,1.3312,0.1331,-1.6795
248,2021-06,7,07_US_Unemployment,0.3,0.4,0.7,0.4846,0.0485,0.3586
249,2021-07,0,00_Copper,0.1535,0.57,1.1595,0.202,0.0202,0.2457
249,2021-07,1,01_Oil,2.72,-6.67,-11.08,5.2831,0.5283,-62.0603
249,2021-07,2,02_SP500,178.9298,4.3696,-66.0806,191.2462,19.1246,-12554.0883
249,2021-07,3,03_US10Y,-0.17,-0.1,-0.02,0.1246,0.0125,-0.0037
249,2021-07,4,04_US_Economy,-183.9484,3.3646,77.9481,198.7776,19.8778,15561.2093
249,2021-07,5,05_US_Inflation,0.349,-1.022,-1.524,0.4541,0.0454,-0.7384
249,2021-07,6,06_US_Production,0.0261,0.0878,0.597,0.9328,0.0933,0.5651
249,2021-07,7,07_US_Unemployment,-0.3,-0.6,-1.0,0.3538,0.0354,-0.3751
250,2021-08,0,00_Copper,-0.0305,-0.184,-0.754,0.1955,0.0195,-0.151
250,2021-08,1,01_Oil,2.24,-0.48,6.19,5.2062,0.5206,31.9762
250,2021-08,2,02_SP500,208.5905,29.6606,25.291,187.907,18.7907,5309.7024
250,2021-08,3,03_US10Y,-0.01,0.16,0.26,0.1192,0.0119,0.0329
250,2021-08,4,04_US_Economy,-212.1676,-28.2192,-31.5838,195.0728,19.5073,-6711.6246
250,2021-08,5,05_US_Inflation,-0.127,-0.476,0.546,0.4323,0.0432,0.2155
250,2021-08,6,06_US_Production,-0.6353,-0.6614,-0.7492,0.7505,0.0751,-0.6119
250,2021-08,7,07_US_Unemployment,-0.1,0.2,0.8,0.3154,0.0315,0.2586
251,2021-09,0,00_Copper,-0.421,-0.3905,-0.2065,0.2162,0.0216,-0.0531
251,2021-09,1,01_Oil,3.32,1.08,1.56,5.1092,0.5109,8.5222
251,2021-09,2,02_SP500,-133.9701,-342.5605,-372.2212,174.3385,17.4339,-70864.6414
251,2021-09,3,03_US10Y,0.12,0.13,-0.03,0.1238,0.0124,-0.0021
251,2021-09,4,04_US_Economy,130.19,342.3576,370.5769,180.7522,18.0752,73170.7637
251,2021-09,5,05_US_Inflation,0.334,0.461,0.937,0.4531,0.0453,0.4454
251,2021-09,6,06_US_Production,-1.6129,-0.9776,-0.3162,0.8359,0.0836,-0.346
251,2021-09,7,07_US_Unemployment,-0.2,-0.1,-0.3,0.2077,0.0208,-0.0644
252,2021-10,0,00_Copper,0.255,0.676,1.0665,0.2325,0.0233,0.2637
252,2021-10,1,01_Oil,10.78,7.46,6.38,5.9269,0.5927,42.2352
252,2021-10,2,02_SP500,379.0099,512.98,855.5405,199.1747,19.9175,180619.2584
252,2021-10,3,03_US10Y,0.24,0.12,-0.01,0.1377,0.0138,0.0003
252,2021-10,4,04_US_Economy,-395.166,-525.356,-867.7136,206.9136,20.6914,-190412.0928
252,2021-10,5,05_US_Inflation,1.74,1.406,0.945,0.5701,0.057,0.6189
252,2021-10,6,06_US_Production,0.9011,2.514,3.4916,0.8733,0.0873,3.2689
252,2021-10,7,07_US_Unemployment,0.0,0.2,0.3,0.1769,0.0177,0.0566
253,2021-11,0,00_Copper,-0.128,-0.383,-1.059,0.2412,0.0241,-0.2646
253,2021-11,1,01_Oil,-15.15,-25.93,-33.39,6.9238,0.6924,-249.1407
253,2021-11,2,02_SP500,42.7902,-336.2197,-849.1997,201.5531,20.1553,-177935.48
253,2021-11,3,03_US10Y,0.01,-0.23,-0.35,0.1277,0.0128,-0.0476
253,2021-11,4,04_US_Economy,-31.2834,363.8826,889.2386,208.3486,20.8349,192853.0941
253,2021-11,5,05_US_Inflation,1.469,-0.271,-1.677,0.6386,0.0639,-1.0883
253,2021-11,6,06_US_Production,0.2522,-0.6489,-3.1629,0.8662,0.0866,-2.7958
253,2021-11,7,07_US_Unemployment,-0.2,-0.2,-0.4,0.1385,0.0138,-0.0582
254,2021-12,0,00_Copper,0.1465,0.2745,0.6575,0.2501,0.025,0.1713
254,2021-12,1,01_Oil,11.27,26.42,52.35,7.6185,0.7618,418.9543
254,2021-12,2,02_SP500,280.3502,237.5601,573.7798,189.8232,18.9823,113426.1307
254,2021-12,3,03_US10Y,-0.06,-0.07,0.16,0.1238,0.0124,0.0189
254,2021-12,4,04_US_Economy,-294.2528,-262.9695,-626.8521,197.3676,19.7368,-128910.4413
254,2021-12,5,05_US_Inflation,1.026,-0.443,-0.172,0.6938,0.0694,-0.1501
254,2021-12,6,06_US_Production,-0.7199,-0.9721,-0.3232,0.915,0.0915,-0.3847
254,2021-12,7,07_US_Unemployment,0.0,0.2,0.4,0.1385,0.0138,0.0582
255,2022-01,0,00_Copper,-0.1675,-0.314,-0.5885,0.2291,0.0229,-0.142
255,2022-01,1,01_Oil,15.18,3.91,-22.51,7.6346,0.7635,-168.87
255,2022-01,2,02_SP500,-169.4603,-449.8105,-687.3706,186.2732,18.6273,-136417.4618
255,2022-01,3,03_US10Y,0.32,0.38,0.45,0.1415,0.0142,0.0691
255,2022-01,4,04_US_Economy,151.6039,445.8567,708.8262,190.9803,19.098,143886.826
255,2022-01,5,05_US_Inflation,0.798,-0.228,0.215,0.7372,0.0737,0.1417
255,2022-01,6,06_US_Production,-0.8141,-0.0942,0.8779,0.9119,0.0912,0.792
255,2022-01,7,07_US_Unemployment,0.3,0.3,0.1,0.1462,0.0146,0.019
256,2022-02,0,00_Copper,0.096,0.2635,0.5775,0.2343,0.0234,0.1415
256,2022-02,1,01_Oil,9.81,-5.37,-9.28,7.9338,0.7934,-77.8866
256,2022-02,2,02_SP500,-60.4398,109.0205,558.8311,187.8962,18.7896,107050.7031
256,2022-02,3,03_US10Y,0.2,-0.12,-0.5,0.1431,0.0143,-0.0733
256,2022-02,4,04_US_Economy,46.7431,-104.8608,-550.7175,190.9265,19.0926,-107148.6216
256,2022-02,5,05_US_Inflation,1.057,0.259,0.487,0.7987,0.0799,0.4096
256,2022-02,6,06_US_Production,0.1937,1.0078,1.102,0.9197,0.092,1.1062
256,2022-02,7,07_US_Unemployment,0.1,-0.2,-0.5,0.1462,0.0146,-0.076
257,2022-03,0,00_Copper,0.268,0.172,-0.0915,0.2172,0.0217,-0.0161
257,2022-03,1,01_Oil,6.8,-3.01,2.36,7.5692,0.7569,15.585
257,2022-03,2,02_SP500,237.6403,298.0801,189.0596,192.4778,19.2478,42127.1483
257,2022-03,3,03_US10Y,0.23,0.03,0.15,0.1446,0.0145,0.0221
257,2022-03,4,04_US_Economy,-249.6095,-296.3526,-191.4918,195.5996,19.56,-43252.3679
257,2022-03,5,05_US_Inflation,2.274,1.217,0.958,0.973,0.0973,1.0505
257,2022-03,6,06_US_Production,0.1572,-0.0365,-1.0443,0.6476,0.0648,-0.6787
257,2022-03,7,07_US_Unemployment,0.0,-0.1,0.1,0.1462,0.0146,0.0132
258,2022-04,0,00_Copper,-0.3785,-0.6465,-0.8185,0.2369,0.0237,-0.2092
258,2022-04,1,01_Oil,6.65,-0.15,2.86,8.0731,0.8073,22.968
258,2022-04,2,02_SP500,-317.3099,-554.9502,-853.0303,198.2009,19.8201,-180070.4962
258,2022-04,3,03_US10Y,0.65,0.42,0.39,0.1654,0.0165,0.0714
258,2022-04,4,04_US_Economy,308.3392,557.9487,854.3013,200.2232,20.0223,182222.3164
258,2022-04,5,05_US_Inflation,-0.013,-2.287,-3.504,0.9369,0.0937,-3.4973
258,2022-04,6,06_US_Production,-0.3778,-0.535,-0.4985,0.4964,0.0496,-0.274
258,2022-04,7,07_US_Unemployment,0.2,0.2,0.3,0.1538,0.0154,0.0492
259,2022-05,0,00_Copper,-0.0305,0.348,0.9945,0.205,0.0205,0.211
259,2022-05,1,01_Oil,2.24,-4.41,-4.26,7.7331,0.7733,-36.3533
259,2022-05,2,02_SP500,81.3898,398.6997,953.6499,182.1962,18.2196,181015.5687
259,2022-05,3,03_US10Y,0.18,-0.47,-0.89,0.1746,0.0175,-0.1636
259,2022-05,4,04_US_Economy,-87.4227,-395.7619,-953.7106,183.9053,18.3905,-182670.7166
259,2022-05,5,05_US_Inflation,1.837,1.85,4.137,1.0203,0.102,4.4098
259,2022-05,6,06_US_Production,-0.5336,-0.1558,0.3792,0.5179,0.0518,0.1883
259,2022-05,7,07_US_Unemployment,0.1,-0.1,-0.3,0.1462,0.0146,-0.0453
260,2022-06,0,00_Copper,-0.711,-0.6805,-1.0285,0.2463,0.0246,-0.2701
260,2022-06,1,01_Oil,3.31,1.07,5.48,7.6046,0.7605,42.487
260,2022-06,2,02_SP500,-265.6,-346.9897,-745.6895,194.6185,19.4619,-151878.0488
260,2022-06,3,03_US10Y,0.27,0.09,0.56,0.1946,0.0195,0.1107
260,2022-06,4,04_US_Economy,258.2746,345.6972,741.4591,195.1011,19.5101,151404.0792
260,2022-06,5,05_US_Inflation,2.759,0.922,-0.928,1.1657,0.1166,-0.9743
260,2022-06,6,06_US_Production,-0.7426,-0.209,-0.0532,0.5406,0.0541,-0.0401
260,2022-06,7,07_US_Unemployment,0.2,0.1,0.2,0.1538,0.0154,0.0323
261,2022-07,0,00_Copper,-0.161,0.55,1.2305,0.2267,0.0227,0.2914
261,2022-07,1,01_Oil,-4.9,-8.21,-9.28,7.2592,0.7259,-73.3255
261,2022-07,2,02_SP500,426.0802,691.6802,1038.6699,213.9662,21.3966,237039.9008
261,2022-07,3,03_US10Y,-0.21,-0.48,-0.57,0.2054,0.0205,-0.1269
261,2022-07,4,04_US_Economy,-421.9831,-680.2577,-1025.9549,213.1526,21.3153,-233184.8696
261,2022-07,5,05_US_Inflation,-0.944,-3.703,-4.625,1.1328,0.1133,-5.6589
261,2022-07,6,06_US_Production,-0.2221,0.5205,0.7295,0.553,0.0553,0.4322
261,2022-07,7,07_US_Unemployment,0.1,-0.1,-0.2,0.1385,0.0138,-0.0291
262,2022-08,0,00_Copper,-0.096,0.065,-0.485,0.2223,0.0222,-0.1064
262,2022-08,1,01_Oil,-6.83,-1.93,6.28,7.5754,0.7575,46.1114
262,2022-08,2,02_SP500,-94.12,-520.2002,-1211.8804,207.4424,20.7442,-262186.5205
262,2022-08,3,03_US10Y,0.03,0.24,0.72,0.1946,0.0195,0.1448
262,2022-08,4,04_US_Economy,99.7458,521.7289,1201.9866,206.6755,20.6676,259204.0518
262,2022-08,5,05_US_Inflation,-0.716,0.228,3.931,1.1611,0.1161,4.5907
262,2022-08,6,06_US_Production,-0.5538,-0.3317,-0.8522,0.5936,0.0594,-0.5255
262,2022-08,7,07_US_Unemployment,0.3,0.2,0.3,0.1385,0.0138,0.0443
263,2022-09,0,00_Copper,-0.107,-0.011,-0.076,0.2282,0.0228,-0.0176
263,2022-09,1,01_Oil,-7.82,-0.99,0.94,8.0046,0.8005,6.7318
263,2022-09,2,02_SP500,-288.2098,-194.0898,326.1104,213.567,21.3567,65501.2787
263,2022-09,3,03_US10Y,0.65,0.62,0.38,0.2438,0.0244,0.1078
263,2022-09,4,04_US_Economy,293.0264,193.2806,-328.4482,212.8954,21.2895,-65810.2714
263,2022-09,5,05_US_Inflation,0.352,1.068,0.84,1.1784,0.1178,1.1157
263,2022-09,6,06_US_Production,-0.2316,0.3222,0.6539,0.5625,0.0563,0.3859
263,2022-09,7,07_US_Unemployment,0.1,-0.2,-0.4,0.1385,0.0138,-0.0582
264,2022-10,0,00_Copper,-0.059,0.048,0.059,0.2003,0.02,0.0128
264,2022-10,1,01_Oil,9.28,17.1,18.09,8.4631,0.8463,167.569
264,2022-10,2,02_SP500,367.5299,655.7397,849.8296,231.5331,23.1533,211946.2249
264,2022-10,3,03_US10Y,0.49,-0.16,-0.78,0.2723,0.0272,-0.2168
264,2022-10,4,04_US_Economy,-380.0729,-673.0994,-866.38,232.1172,23.2117,-216725.479
264,2022-10,5,05_US_Inflation,0.758,0.406,-0.662,1.211,0.1211,-0.7525
264,2022-10,6,06_US_Production,-0.466,-0.2344,-0.5566,0.4743,0.0474,-0.2751
264,2022-10,7,07_US_Unemployment,0.3,0.2,0.4,0.1462,0.0146,0.0614
265,2022-11,0,00_Copper,0.2855,0.3445,0.2965,0.2027,0.0203,0.0671
265,2022-11,1,01_Oil,-3.74,-13.02,-30.12,7.9215,0.7922,-248.9106
265,2022-11,2,02_SP500,289.3002,-78.2297,-733.9695,224.6324,22.4632,-166630.5844
265,2022-11,3,03_US10Y,-0.06,-0.55,-0.39,0.2585,0.0258,-0.115
265,2022-11,4,04_US_Economy,-287.3799,92.693,765.7924,223.8259,22.3826,173478.9146
265,2022-11,5,05_US_Inflation,-0.121,-0.879,-1.285,1.0865,0.1086,-1.4916
265,2022-11,6,06_US_Production,-0.7248,-0.2588,-0.0244,0.4607,0.0461,-0.0232
265,2022-11,7,07_US_Unemployment,0.2,-0.1,-0.3,0.1615,0.0162,-0.0501
266,2022-12,0,00_Copper,0.0455,-0.24,-0.5845,0.1963,0.0196,-0.1195
266,2022-12,1,01_Oil,1.95,5.69,18.71,6.9062,0.6906,133.1437
266,2022-12,2,02_SP500,-159.4401,-448.7402,-370.5105,233.6054,23.3605,-97036.0764
266,2022-12,3,03_US10Y,-0.24,-0.18,0.37,0.2762,0.0276,0.0972
266,2022-12,4,04_US_Economy,157.8145,445.1943,352.5013,233.5591,23.3559,92727.8096
266,2022-12,5,05_US_Inflation,-0.854,-0.733,0.146,1.0392,0.1039,0.0755
266,2022-12,6,06_US_Production,-1.6159,-0.8911,-0.6323,0.5656,0.0566,-0.408
266,2022-12,7,07_US_Unemployment,0.1,-0.1,0.0,0.1538,0.0154,-0.0015
267,2023-01,0,00_Copper,-0.0305,-0.076,0.164,0.1874,0.0187,0.0293
267,2023-01,1,01_Oil,2.24,0.29,-5.4,6.2115,0.6212,-33.3621
267,2023-01,2,02_SP500,318.2701,477.7102,926.4504,236.5223,23.6522,230425.1383
267,2023-01,3,03_US10Y,-0.06,0.18,0.36,0.2762,0.0276,0.1044
267,2023-01,4,04_US_Economy,-323.8591,-481.6736,-926.8679,235.8365,23.5837,-229948.93
267,2023-01,5,05_US_Inflation,0.688,1.542,2.275,1.0132,0.1013,2.4612
267,2023-01,6,06_US_Production,0.3115,1.9274,2.8185,0.5342,0.0534,1.6086
267,2023-01,7,07_US_Unemployment,0.2,0.1,0.2,0.1692,0.0169,0.0355
268,2023-02,0,00_Copper,0.2615,0.292,0.368,0.1946,0.0195,0.0773
268,2023-02,1,01_Oil,-0.97,-3.21,-3.5,5.1185,0.5118,-19.5576
268,2023-02,2,02_SP500,-25.2802,-343.5503,-821.2605,225.4316,22.5432,-192882.7398
268,2023-02,3,03_US10Y,0.25,0.31,0.13,0.2708,0.0271,0.0436
268,2023-02,4,04_US_Economy,23.3592,347.2183,828.8919,225.9715,22.5972,195152.1186
268,2023-02,5,05_US_Inflation,0.13,-0.558,-2.1,0.9618,0.0962,-2.0734
268,2023-02,6,06_US_Production,-0.2905,-0.602,-2.5294,0.4939,0.0494,-1.2791
268,2023-02,7,07_US_Unemployment,0.3,0.1,0.0,0.1692,0.0169,0.0017
269,2023-03,0,00_Copper,-0.0235,-0.285,-0.577,0.189,0.0189,-0.1145
269,2023-03,1,01_Oil,0.86,1.83,5.04,4.43,0.443,23.1379
269,2023-03,2,02_SP500,220.3302,245.6104,589.1606,237.7308,23.7731,145900.5558
269,2023-03,3,03_US10Y,-0.06,-0.31,-0.62,0.26,0.026,-0.1693
269,2023-03,4,04_US_Economy,-222.8695,-246.2286,-593.4469,239.5197,23.952,-148039.9036
269,2023-03,5,05_US_Inflation,-0.529,-0.659,-0.101,0.9212,0.0921,-0.1537
269,2023-03,6,06_US_Production,-0.0482,0.2423,0.8443,0.4827,0.0483,0.4193
269,2023-03,7,07_US_Unemployment,0.1,-0.2,-0.3,0.1692,0.0169,-0.0542
270,2023-04,0,00_Copper,-0.265,-0.2415,0.0435,0.1888,0.0189,0.0037
270,2023-04,1,01_Oil,3.35,2.49,0.66,4.1646,0.4165,3.7857
270,2023-04,2,02_SP500,141.34,-78.9902,-324.6006,230.3231,23.0323,-76582.3412
270,2023-04,3,03_US10Y,-0.17,-0.11,0.2,0.2554,0.0255,0.0483
270,2023-04,4,04_US_Economy,-146.5244,76.3451,322.5738,231.5901,23.159,76472.9682
270,2023-04,5,05_US_Inflation,0.124,0.653,1.312,0.7558,0.0756,1.0409
270,2023-04,6,06_US_Production,-0.1946,-0.1464,-0.3887,0.4856,0.0486,-0.1959
270,2023-04,7,07_US_Unemployment,0.1,0.0,0.2,0.1769,0.0177,0.0354
271,2023-05,0,00_Copper,-0.2695,-0.0045,0.237,0.1804,0.018,0.0427
271,2023-05,1,01_Oil,-6.45,-9.8,-12.29,4.1492,0.4149,-55.0603
271,2023-05,2,02_SP500,91.5201,-49.8198,29.1704,212.9547,21.2955,5151.0383
271,2023-05,3,03_US10Y,0.14,0.31,0.42,0.2162,0.0216,0.0975
271,2023-05,4,04_US_Economy,-86.4181,60.1062,-16.2389,214.5192,21.4519,-2194.1626
271,2023-05,5,05_US_Inflation,-0.411,-0.535,-1.188,0.7864,0.0786,-0.9763
271,2023-05,6,06_US_Production,-0.7515,-0.5569,-0.4105,0.5144,0.0514,-0.2398
271,2023-05,7,07_US_Unemployment,0.4,0.3,0.3,0.1923,0.0192,0.0635
272,2023-06,0,00_Copper,0.0795,0.349,0.3535,0.1842,0.0184,0.0715
272,2023-06,1,01_Oil,4.79,11.24,21.04,4.3454,0.4345,96.3111
272,2023-06,2,02_SP500,351.7198,260.1997,310.0195,233.7493,23.3749,78548.9906
272,2023-06,3,03_US10Y,0.21,0.07,-0.24,0.2185,0.0218,-0.0509
272,2023-06,4,04_US_Economy,-357.7832,-271.3651,-331.4713,235.3162,23.5316,-84386.2394
272,2023-06,5,05_US_Inflation,-0.22,0.191,0.726,0.662,0.0662,0.4933
272,2023-06,6,06_US_Production,-1.2361,-0.4846,0.0723,0.5684,0.0568,0.0136
272,2023-06,7,07_US_Unemployment,0.2,-0.2,-0.5,0.2,0.02,-0.104
273,2023-07,0,00_Copper,0.223,0.1435,-0.2055,0.1467,0.0147,-0.028
273,2023-07,1,01_Oil,13.4,8.61,-2.63,5.1215,0.5122,-9.06
273,2023-07,2,02_SP500,219.7501,-131.9697,-392.1694,230.2224,23.0222,-93324.4128
273,2023-07,3,03_US10Y,0.18,-0.03,-0.1,0.2115,0.0212,-0.0218
273,2023-07,4,04_US_Economy,-235.9481,121.8351,393.2002,233.5988,23.3599,94697.1526
273,2023-07,5,05_US_Inflation,-0.305,-0.085,-0.276,0.4732,0.0473,-0.1346
273,2023-07,6,06_US_Production,0.36,1.5961,2.0807,0.539,0.0539,1.2075
273,2023-07,7,07_US_Unemployment,0.1,-0.1,0.1,0.1923,0.0192,0.0173
274,2023-08,0,00_Copper,-0.2525,-0.4755,-0.619,0.1537,0.0154,-0.1024
274,2023-08,1,01_Oil,4.07,-9.33,-17.94,5.0577,0.5058,-95.4539
274,2023-08,2,02_SP500,-0.1298,-219.8799,-87.9102,197.4569,19.7457,-21700.1521
274,2023-08,3,03_US10Y,0.3,0.12,0.15,0.2185,0.0218,0.0354
274,2023-08,4,04_US_Economy,-6.7062,229.2419,107.4068,201.6544,20.1654,26281.8123
274,2023-08,5,05_US_Inflation,0.573,0.878,0.963,0.4447,0.0445,0.4673
274,2023-08,6,06_US_Production,-0.4945,-0.8545,-2.4506,0.5599,0.056,-1.42
274,2023-08,7,07_US_Unemployment,0.4,0.3,0.4,0.2154,0.0215,0.0926
275,2023-09,0,00_Copper,-0.077,0.1755,0.651,0.1522,0.0152,0.1018
275,2023-09,1,01_Oil,9.4,5.33,14.66,5.2554,0.5255,79.8452
275,2023-09,2,02_SP500,-138.4403,-138.3105,81.5693,200.8662,20.0866,13606.3313
275,2023-09,3,03_US10Y,0.24,-0.06,-0.18,0.2346,0.0235,-0.0436
275,2023-09,4,04_US_Economy,126.3886,133.0948,-96.1471,203.7039,20.3704,-16874.3329
275,2023-09,5,05_US_Inflation,0.294,-0.279,-1.157,0.4122,0.0412,-0.4885
275,2023-09,6,06_US_Production,-0.2453,0.2492,1.1037,0.5362,0.0536,0.6052
275,2023-09,7,07_US_Unemployment,0.2,-0.2,-0.5,0.2077,0.0208,-0.108
276,2023-10,0,00_Copper,-0.0305,0.0465,-0.129,0.1463,0.0146,-0.0182
276,2023-10,1,01_Oil,2.24,-7.16,-12.49,4.8262,0.4826,-63.7342
276,2023-10,2,02_SP500,-13.08,125.3604,263.6709,179.7024,17.9702,49635.039
276,2023-10,3,03_US10Y,0.45,0.21,0.27,0.2192,0.0219,0.0638
276,2023-10,4,04_US_Economy,9.2398,-117.1488,-250.2437,181.8741,18.1874,-47643.483
276,2023-10,5,05_US_Inflation,-0.48,-0.774,-0.495,0.4221,0.0422,-0.2416
276,2023-10,6,06_US_Production,-0.9793,-0.734,-0.9832,0.5937,0.0594,-0.6273
276,2023-10,7,07_US_Unemployment,0.4,0.2,0.4,0.2308,0.0231,0.0969
277,2023-11,0,00_Copper,0.0725,0.103,0.0565,0.1474,0.0147,0.0098
277,2023-11,1,01_Oil,-12.59,-14.83,-7.67,5.0808,0.5081,-46.5043
277,2023-11,2,02_SP500,455.17,468.25,342.8896,186.4439,18.6444,72659.9242
277,2023-11,3,03_US10Y,-0.27,-0.72,-0.93,0.2023,0.0202,-0.2027
277,2023-11,4,04_US_Economy,-444.1424,-453.3822,-336.2334,186.8025,18.6803,-71278.5386
277,2023-11,5,05_US_Inflation,-0.448,0.032,0.806,0.3982,0.0398,0.3222
277,2023-11,6,06_US_Production,-0.0321,0.9472,1.6812,0.5603,0.056,0.9951
277,2023-11,7,07_US_Unemployment,0.0,-0.4,-0.6,0.2077,0.0208,-0.1329
278,2023-12,0,00_Copper,0.021,-0.0515,-0.1545,0.127,0.0127,-0.0203
278,2023-12,1,01_Oil,-2.07,10.52,25.35,4.9523,0.4952,130.7508
278,2023-12,2,02_SP500,283.2003,-171.9697,-640.2197,185.9747,18.5975,-122262.8694
278,2023-12,3,03_US10Y,-0.45,-0.18,0.54,0.2323,0.0232,0.1213
278,2023-12,4,04_US_Economy,-282.2464,161.896,615.2782,186.4077,18.6408,117710.4386
278,2023-12,5,05_US_Inflation,-0.307,0.141,0.109,0.4125,0.0413,0.0508
278,2023-12,6,06_US_Production,-0.6879,-0.6558,-1.603,0.5575,0.0557,-0.9302
278,2023-12,7,07_US_Unemployment,0.3,0.3,0.7,0.2154,0.0215,0.1572
279,2024-01,0,00_Copper,-0.0085,-0.0295,0.022,0.1242,0.0124,0.0024
279,2024-01,1,01_Oil,6.44,8.51,-2.01,5.2977,0.5298,-6.1401
279,2024-01,2,02_SP500,156.9899,-126.2104,45.7593,185.7862,18.5786,6156.6269
279,2024-01,3,03_US10Y,0.07,0.52,0.7,0.2192,0.0219,0.1649
279,2024-01,4,04_US_Economy,-164.0805,118.166,-43.7301,186.8897,18.689,-5964.2978
279,2024-01,5,05_US_Inflation,0.057,0.364,0.223,0.3512,0.0351,0.0911
279,2024-01,6,06_US_Production,-1.8079,-1.12,-0.4642,0.5723,0.0572,-0.3297
279,2024-01,7,07_US_Unemployment,0.1,-0.2,-0.5,0.2154,0.0215,-0.112
