t_idx,time_label,src_idx,src_label,tgt_idx,tgt_label,coherence,phase_shift
12,2001-10,0,00_Copper,0,00_Copper,1.0,-0.0
13,2001-11,0,00_Copper,0,00_Copper,1.0,0.0
14,2001-12,0,00_Copper,0,00_Copper,1.0,0.0
15,2002-01,0,00_Copper,0,00_Copper,1.0,-0.0
16,2002-02,0,00_Copper,0,00_Copper,1.0,-0.0
17,2002-03,0,00_Copper,0,00_Copper,1.0,0.0
18,2002-04,0,00_Copper,0,00_Copper,1.0,-0.0
19,2002-05,0,00_Copper,0,00_Copper,1.0,0.0
20,2002-06,0,00_Copper,0,00_Copper,1.0,0.0
21,2002-07,0,00_Copper,0,00_Copper,1.0,-0.0
22,2002-08,0,00_Copper,0,00_Copper,1.0,0.0
23,2002-09,0,00_Copper,0,00_Copper,1.0,0.0
24,2002-10,0,00_Copper,0,00_Copper,1.0,-0.0
25,2002-11,0,00_Copper,0,00_Copper,1.0,0.0
26,2002-12,0,00_Copper,0,00_Copper,1.0,-0.0
27,2003-01,0,00_Copper,0,00_Copper,1.0,0.0
28,2003-02,0,00_Copper,0,00_Copper,1.0,0.0
29,2003-03,0,00_Copper,0,00_Copper,1.0,0.0
30,2003-04,0,00_Copper,0,00_Copper,1.0,0.0
31,2003-05,0,00_Copper,0,00_Copper,1.0,-0.0
32,2003-06,0,00_Copper,0,00_Copper,1.0,0.0
33,2003-07,0,00_Copper,0,00_Copper,1.0,-0.0
34,2003-08,0,00_Copper,0,00_Copper,1.0,-0.0
35,2003-09,0,00_Copper,0,00_Copper,1.0,0.0
36,2003-10,0,00_Copper,0,00_Copper,1.0,-0.0
37,2003-11,0,00_Copper,0,00_Copper,1.0,-0.0
38,2003-12,0,00_Copper,0,00_Copper,1.0,0.0
39,2004-01,0,00_Copper,0,00_Copper,1.0,-0.0
40,2004-02,0,00_Copper,0,00_Copper,1.0,-0.0
41,2004-03,0,00_Copper,0,00_Copper,1.0,-0.0
42,2004-04,0,00_Copper,0,00_Copper,1.0,0.0
43,2004-05,0,00_Copper,0,00_Copper,1.0,0.0
44,2004-06,0,00_Copper,0,00_Copper,1.0,-0.0
45,2004-07,0,00_Copper,0,00_Copper,1.0,0.0
46,2004-08,0,00_Copper,0,00_Copper,1.0,0.0
47,2004-09,0,00_Copper,0,00_Copper,1.0,-0.0
48,2004-10,0,00_Copper,0,00_Copper,1.0,0.0
49,2004-11,0,00_Copper,0,00_Copper,1.0,0.0
50,2004-12,0,00_Copper,0,00_Copper,1.0,-0.0
51,2005-01,0,00_Copper,0,00_Copper,1.0,0.0
52,2005-02,0,00_Copper,0,00_Copper,1.0,0.0
53,2005-03,0,00_Copper,0,00_Copper,1.0,-0.0
54,2005-04,0,00_Copper,0,00_Copper,1.0,0.0
55,2005-05,0,00_Copper,0,00_Copper,1.0,-0.0
56,2005-06,0,00_Copper,0,00_Copper,1.0,-0.0
57,2005-07,0,00_Copper,0,00_Copper,1.0,-0.0
58,2005-08,0,00_Copper,0,00_Copper,1.0,0.0
59,2005-09,0,00_Copper,0,00_Copper,1.0,-0.0
60,2005-10,0,00_Copper,0,00_Copper,1.0,-0.0
61,2005-11,0,00_Copper,0,00_Copper,1.0,-0.0
62,2005-12,0,00_Copper,0,00_Copper,1.0,-0.0
63,2006-01,0,00_Copper,0,00_Copper,1.0,0.0
64,2006-02,0,00_Copper,0,00_Copper,1.0,-0.0
65,2006-03,0,00_Copper,0,00_Copper,1.0,0.0
66,2006-04,0,00_Copper,0,00_Copper,1.0,-0.0
67,2006-05,0,00_Copper,0,00_Copper,1.0,0.0
68,2006-06,0,00_Copper,0,00_Copper,1.0,-0.0
69,2006-07,0,00_Copper,0,00_Copper,1.0,0.0
70,2006-08,0,00_Copper,0,00_Copper,1.0,0.0
71,2006-09,0,00_Copper,0,00_Copper,1.0,0.0
72,2006-10,0,00_Copper,0,00_Copper,1.0,-0.0
73,2006-11,0,00_Copper,0,00_Copper,1.0,0.0
74,2006-12,0,00_Copper,0,00_Copper,1.0,0.0
75,2007-01,0,00_Copper,0,00_Copper,1.0,-0.0
76,2007-02,0,00_Copper,0,00_Copper,1.0,-0.0
77,2007-03,0,00_Copper,0,00_Copper,1.0,-0.0
78,2007-04,0,00_Copper,0,00_Copper,1.0,0.0
79,2007-05,0,00_Copper,0,00_Copper,1.0,-0.0
80,2007-06,0,00_Copper,0,00_Copper,1.0,-0.0
81,2007-07,0,00_Copper,0,00_Copper,1.0,0.0
82,2007-08,0,00_Copper,0,00_Copper,1.0,-0.0
83,2007-09,0,00_Copper,0,00_Copper,1.0,-0.0
84,2007-10,0,00_Copper,0,00_Copper,1.0,-0.0
85,2007-11,0,00_Copper,0,00_Copper,1.0,-0.0
86,2007-12,0,00_Copper,0,00_Copper,1.0,-0.0
87,2008-01,0,00_Copper,0,00_Copper,1.0,0.0
88,2008-02,0,00_Copper,0,00_Copper,1.0,-0.0
89,2008-03,0,00_Copper,0,00_Copper,1.0,-0.0
90,2008-04,0,00_Copper,0,00_Copper,1.0,0.0
91,2008-05,0,00_Copper,0,00_Copper,1.0,0.0
92,2008-06,0,00_Copper,0,00_Copper,1.0,-0.0
93,2008-07,0,00_Copper,0,00_Copper,1.0,-0.0
94,2008-08,0,00_Copper,0,00_Copper,1.0,-0.0
95,2008-09,0,00_Copper,0,00_Copper,1.0,0.0
96,2008-10,0,00_Copper,0,00_Copper,1.0,-0.0
97,2008-11,0,00_Copper,0,00_Copper,1.0,-0.0
98,2008-12,0,00_Copper,0,00_Copper,1.0,-0.0
99,2009-01,0,00_Copper,0,00_Copper,1.0,0.0
100,2009-02,0,00_Copper,0,00_Copper,1.0,0.0
101,2009-03,0,00_Copper,0,00_Copper,1.0,0.0
102,2009-04,0,00_Copper,0,00_Copper,1.0,-0.0
103,2009-05,0,00_Copper,0,00_Copper,1.0,-0.0
104,2009-06,0,00_Copper,0,00_Copper,1.0,-0.0
105,2009-07,0,00_Copper,0,00_Copper,1.0,0.0
106,2009-08,0,00_Copper,0,00_Copper,1.0,0.0
107,2009-09,0,00_Copper,0,00_Copper,1.0,-0.0
108,2009-10,0,00_Copper,0,00_Copper,1.0,0.0
109,2009-11,0,00_Copper,0,00_Copper,1.0,-0.0
110,2009-12,0,00_Copper,0,00_Copper,1.0,-0.0
111,2010-01,0,00_Copper,0,00_Copper,1.0,-0.0
112,2010-02,0,00_Copper,0,00_Copper,1.0,-0.0
113,2010-03,0,00_Copper,0,00_Copper,1.0,0.0
114,2010-04,0,00_Copper,0,00_Copper,1.0,0.0
115,2010-05,0,00_Copper,0,00_Copper,1.0,-0.0
116,2010-06,0,00_Copper,0,00_Copper,1.0,-0.0
117,2010-07,0,00_Copper,0,00_Copper,1.0,-0.0
118,2010-08,0,00_Copper,0,00_Copper,1.0,0.0
119,2010-09,0,00_Copper,0,00_Copper,1.0,-0.0
120,2010-10,0,00_Copper,0,00_Copper,1.0,-0.0
121,2010-11,0,00_Copper,0,00_Copper,1.0,-0.0
122,2010-12,0,00_Copper,0,00_Copper,1.0,-0.0
123,2011-01,0,00_Copper,0,00_Copper,1.0,-0.0
124,2011-02,0,00_Copper,0,00_Copper,1.0,0.0
125,2011-03,0,00_Copper,0,00_Copper,1.0,0.0
126,2011-04,0,00_Copper,0,00_Copper,1.0,0.0
127,2011-05,0,00_Copper,0,00_Copper,1.0,-0.0
128,2011-06,0,00_Copper,0,00_Copper,1.0,0.0
129,2011-07,0,00_Copper,0,00_Copper,1.0,0.0
130,2011-08,0,00_Copper,0,00_Copper,1.0,0.0
131,2011-09,0,00_Copper,0,00_Copper,1.0,-0.0
132,2011-10,0,00_Copper,0,00_Copper,1.0,-0.0
133,2011-11,0,00_Copper,0,00_Copper,1.0,0.0
134,2011-12,0,00_Copper,0,00_Copper,1.0,-0.0
135,2012-01,0,00_Copper,0,00_Copper,1.0,0.0
136,2012-02,0,00_Copper,0,00_Copper,1.0,0.0
137,2012-03,0,00_Copper,0,00_Copper,1.0,0.0
138,2012-04,0,00_Copper,0,00_Copper,1.0,-0.0
139,2012-05,0,00_Copper,0,00_Copper,1.0,0.0
140,2012-06,0,00_Copper,0,00_Copper,1.0,-0.0
141,2012-07,0,00_Copper,0,00_Copper,1.0,-0.0
142,2012-08,0,00_Copper,0,00_Copper,1.0,0.0
143,2012-09,0,00_Copper,0,00_Copper,1.0,-0.0
144,2012-10,0,00_Copper,0,00_Copper,1.0,-0.0
145,2012-11,0,00_Copper,0,00_Copper,1.0,0.0
146,2012-12,0,00_Copper,0,00_Copper,1.0,0.0
147,2013-01,0,00_Copper,0,00_Copper,1.0,0.0
148,2013-02,0,00_Copper,0,00_Copper,1.0,-0.0
149,2013-03,0,00_Copper,0,00_Copper,1.0,-0.0
150,2013-04,0,00_Copper,0,00_Copper,1.0,0.0
151,2013-05,0,00_Copper,0,00_Copper,1.0,0.0
152,2013-06,0,00_Copper,0,00_Copper,1.0,0.0
153,2013-07,0,00_Copper,0,00_Copper,1.0,0.0
154,2013-08,0,00_Copper,0,00_Copper,1.0,-0.0
155,2013-09,0,00_Copper,0,00_Copper,1.0,0.0
156,2013-10,0,00_Copper,0,00_Copper,1.0,0.0
157,2013-11,0,00_Copper,0,00_Copper,1.0,0.0
158,2013-12,0,00_Copper,0,00_Copper,1.0,0.0
159,2014-01,0,00_Copper,0,00_Copper,1.0,0.0
160,2014-02,0,00_Copper,0,00_Copper,1.0,0.0
161,2014-03,0,00_Copper,0,00_Copper,1.0,0.0
162,2014-04,0,00_Copper,0,00_Copper,1.0,-0.0
163,2014-05,0,00_Copper,0,00_Copper,1.0,0.0
164,2014-06,0,00_Copper,0,00_Copper,1.0,0.0
165,2014-07,0,00_Copper,0,00_Copper,1.0,0.0
166,2014-08,0,00_Copper,0,00_Copper,1.0,-0.0
167,2014-09,0,00_Copper,0,00_Copper,1.0,-0.0
168,2014-10,0,00_Copper,0,00_Copper,1.0,0.0
169,2014-11,0,00_Copper,0,00_Copper,1.0,0.0
170,2014-12,0,00_Copper,0,00_Copper,1.0,-0.0
171,2015-01,0,00_Copper,0,00_Copper,1.0,0.0
172,2015-02,0,00_Copper,0,00_Copper,1.0,0.0
173,2015-03,0,00_Copper,0,00_Copper,1.0,0.0
174,2015-04,0,00_Copper,0,00_Copper,1.0,0.0
175,2015-05,0,00_Copper,0,00_Copper,1.0,-0.0
176,2015-06,0,00_Copper,0,00_Copper,1.0,-0.0
177,2015-07,0,00_Copper,0,00_Copper,1.0,0.0
178,2015-08,0,00_Copper,0,00_Copper,1.0,0.0
179,2015-09,0,00_Copper,0,00_Copper,1.0,0.0
180,2015-10,0,00_Copper,0,00_Copper,1.0,-0.0
181,2015-11,0,00_Copper,0,00_Copper,1.0,-0.0
182,2015-12,0,00_Copper,0,00_Copper,1.0,-0.0
183,2016-01,0,00_Copper,0,00_Copper,1.0,-0.0
184,2016-02,0,00_Copper,0,00_Copper,1.0,0.0
185,2016-03,0,00_Copper,0,00_Copper,1.0,0.0
186,2016-04,0,00_Copper,0,00_Copper,1.0,-0.0
187,2016-05,0,00_Copper,0,00_Copper,1.0,0.0
188,2016-06,0,00_Copper,0,00_Copper,1.0,-0.0
189,2016-07,0,00_Copper,0,00_Copper,1.0,0.0
190,2016-08,0,00_Copper,0,00_Copper,1.0,-0.0
191,2016-09,0,00_Copper,0,00_Copper,1.0,-0.0
192,2016-10,0,00_Copper,0,00_Copper,1.0,-0.0
193,2016-11,0,00_Copper,0,00_Copper,1.0,0.0
194,2016-12,0,00_Copper,0,00_Copper,1.0,-0.0
195,2017-01,0,00_Copper,0,00_Copper,1.0,-0.0
196,2017-02,0,00_Copper,0,00_Copper,1.0,0.0
197,2017-03,0,00_Copper,0,00_Copper,1.0,0.0
198,2017-04,0,00_Copper,0,00_Copper,1.0,0.0
199,2017-05,0,00_Copper,0,00_Copper,1.0,-0.0
200,2017-06,0,00_Copper,0,00_Copper,1.0,-0.0
201,2017-07,0,00_Copper,0,00_Copper,1.0,0.0
202,2017-08,0,00_Copper,0,00_Copper,1.0,0.0
203,2017-09,0,00_Copper,0,00_Copper,1.0,-0.0
204,2017-10,0,00_Copper,0,00_Copper,1.0,0.0
205,2017-11,0,00_Copper,0,00_Copper,1.0,-0.0
206,2017-12,0,00_Copper,0,00_Copper,1.0,-0.0
207,2018-01,0,00_Copper,0,00_Copper,1.0,0.0
208,2018-02,0,00_Copper,0,00_Copper,1.0,0.0
209,2018-03,0,00_Copper,0,00_Copper,1.0,0.0
210,2018-04,0,00_Copper,0,00_Copper,1.0,-0.0
211,2018-05,0,00_Copper,0,00_Copper,1.0,0.0
212,2018-06,0,00_Copper,0,00_Copper,1.0,0.0
213,2018-07,0,00_Copper,0,00_Copper,1.0,0.0
214,2018-08,0,00_Copper,0,00_Copper,1.0,-0.0
215,2018-09,0,00_Copper,0,00_Copper,1.0,-0.0
216,2018-10,0,00_Copper,0,00_Copper,1.0,-0.0
217,2018-11,0,00_Copper,0,00_Copper,1.0,-0.0
218,2018-12,0,00_Copper,0,00_Copper,1.0,-0.0
219,2019-01,0,00_Copper,0,00_Copper,1.0,0.0
220,2019-02,0,00_Copper,0,00_Copper,1.0,0.0
221,2019-03,0,00_Copper,0,00_Copper,1.0,-0.0
222,2019-04,0,00_Copper,0,00_Copper,1.0,-0.0
223,2019-05,0,00_Copper,0,00_Copper,1.0,-0.0
224,2019-06,0,00_Copper,0,00_Copper,1.0,0.0
225,2019-07,0,00_Copper,0,00_Copper,1.0,0.0
226,2019-08,0,00_Copper,0,00_Copper,1.0,-0.0
227,2019-09,0,00_Copper,0,00_Copper,1.0,0.0
228,2019-10,0,00_Copper,0,00_Copper,1.0,-0.0
229,2019-11,0,00_Copper,0,00_Copper,1.0,0.0
230,2019-12,0,00_Copper,0,00_Copper,1.0,0.0
231,2020-01,0,00_Copper,0,00_Copper,1.0,0.0
232,2020-02,0,00_Copper,0,00_Copper,1.0,0.0
233,2020-03,0,00_Copper,0,00_Copper,1.0,-0.0
234,2020-04,0,00_Copper,0,00_Copper,1.0,-0.0
235,2020-05,0,00_Copper,0,00_Copper,1.0,0.0
236,2020-06,0,00_Copper,0,00_Copper,1.0,-0.0
237,2020-07,0,00_Copper,0,00_Copper,1.0,0.0
238,2020-08,0,00_Copper,0,00_Copper,1.0,-0.0
239,2020-09,0,00_Copper,0,00_Copper,1.0,0.0
240,2020-10,0,00_Copper,0,00_Copper,1.0,-0.0
241,2020-11,0,00_Copper,0,00_Copper,1.0,0.0
242,2020-12,0,00_Copper,0,00_Copper,1.0,0.0
243,2021-01,0,00_Copper,0,00_Copper,1.0,-0.0
244,2021-02,0,00_Copper,0,00_Copper,1.0,0.0
245,2021-03,0,00_Copper,0,00_Copper,1.0,0.0
246,2021-04,0,00_Copper,0,00_Copper,1.0,-0.0
247,2021-05,0,00_Copper,0,00_Copper,1.0,0.0
248,2021-06,0,00_Copper,0,00_Copper,1.0,0.0
249,2021-07,0,00_Copper,0,00_Copper,1.0,0.0
250,2021-08,0,00_Copper,0,00_Copper,1.0,0.0
251,2021-09,0,00_Copper,0,00_Copper,1.0,0.0
252,2021-10,0,00_Copper,0,00_Copper,1.0,0.0
253,2021-11,0,00_Copper,0,00_Copper,1.0,-0.0
254,2021-12,0,00_Copper,0,00_Copper,1.0,-0.0
255,2022-01,0,00_Copper,0,00_Copper,1.0,0.0
256,2022-02,0,00_Copper,0,00_Copper,1.0,-0.0
257,2022-03,0,00_Copper,0,00_Copper,1.0,0.0
258,2022-04,0,00_Copper,0,00_Copper,1.0,-0.0
259,2022-05,0,00_Copper,0,00_Copper,1.0,0.0
260,2022-06,0,00_Copper,0,00_Copper,1.0,-0.0
261,2022-07,0,00_Copper,0,00_Copper,1.0,0.0
262,2022-08,0,00_Copper,0,00_Copper,1.0,0.0
263,2022-09,0,00_Copper,0,00_Copper,1.0,0.0
264,2022-10,0,00_Copper,0,00_Copper,1.0,0.0
265,2022-11,0,00_Copper,0,00_Copper,1.0,0.0
266,2022-12,0,00_Copper,0,00_Copper,1.0,0.0
267,2023-01,0,00_Copper,0,00_Copper,1.0,-0.0
268,2023-02,0,00_Copper,0,00_Copper,1.0,-0.0
12,2001-10,0,00_Copper,1,01_Oil,1.0,-1.1543
13,2001-11,0,00_Copper,1,01_Oil,1.0,-1.1412
14,2001-12,0,00_Copper,1,01_Oil,1.0,-1.1364
15,2002-01,0,00_Copper,1,01_Oil,1.0,-1.2064
16,2002-02,0,00_Copper,1,01_Oil,1.0,-1.403
17,2002-03,0,00_Copper,1,01_Oil,1.0,-1.7183
18,2002-04,0,00_Copper,1,01_Oil,1.0,-2.0565
19,2002-05,0,00_Copper,1,01_Oil,1.0,-2.3362
20,2002-06,0,00_Copper,1,01_Oil,1.0,-2.5499
21,2002-07,0,00_Copper,1,01_Oil,1.0,-2.7145
22,2002-08,0,00_Copper,1,01_Oil,1.0,-2.8135
23,2002-09,0,00_Copper,1,01_Oil,1.0,-0.0592
24,2002-10,0,00_Copper,1,01_Oil,1.0,-0.0583
25,2002-11,0,00_Copper,1,01_Oil,1.0,-0.1595
26,2002-12,0,00_Copper,1,01_Oil,1.0,-0.2671
27,2003-01,0,00_Copper,1,01_Oil,1.0,-0.3628
28,2003-02,0,00_Copper,1,01_Oil,1.0,-0.4278
29,2003-03,0,00_Copper,1,01_Oil,1.0,-0.4493
30,2003-04,0,00_Copper,1,01_Oil,1.0,-0.4212
31,2003-05,0,00_Copper,1,01_Oil,1.0,-0.3438
32,2003-06,0,00_Copper,1,01_Oil,1.0,-0.2283
33,2003-07,0,00_Copper,1,01_Oil,1.0,-0.0822
34,2003-08,0,00_Copper,1,01_Oil,1.0,0.1281
35,2003-09,0,00_Copper,1,01_Oil,1.0,0.7022
36,2003-10,0,00_Copper,1,01_Oil,1.0,2.4417
37,2003-11,0,00_Copper,1,01_Oil,1.0,3.0212
38,2003-12,0,00_Copper,1,01_Oil,1.0,-2.6753
39,2004-01,0,00_Copper,1,01_Oil,1.0,-1.8142
40,2004-02,0,00_Copper,1,01_Oil,1.0,-1.3874
41,2004-03,0,00_Copper,1,01_Oil,1.0,-1.236
42,2004-04,0,00_Copper,1,01_Oil,1.0,-1.155
43,2004-05,0,00_Copper,1,01_Oil,1.0,-1.069
44,2004-06,0,00_Copper,1,01_Oil,1.0,-0.9321
45,2004-07,0,00_Copper,1,01_Oil,1.0,-0.5769
46,2004-08,0,00_Copper,1,01_Oil,1.0,2.2021
47,2004-09,0,00_Copper,1,01_Oil,1.0,2.4975
48,2004-10,0,00_Copper,1,01_Oil,1.0,2.6108
49,2004-11,0,00_Copper,1,01_Oil,1.0,2.6016
50,2004-12,0,00_Copper,1,01_Oil,1.0,2.4767
51,2005-01,0,00_Copper,1,01_Oil,1.0,2.2514
52,2005-02,0,00_Copper,1,01_Oil,1.0,1.9547
53,2005-03,0,00_Copper,1,01_Oil,1.0,1.6318
54,2005-04,0,00_Copper,1,01_Oil,1.0,1.3254
55,2005-05,0,00_Copper,1,01_Oil,1.0,1.0422
56,2005-06,0,00_Copper,1,01_Oil,1.0,0.7193
57,2005-07,0,00_Copper,1,01_Oil,1.0,0.0266
58,2005-08,0,00_Copper,1,01_Oil,1.0,-1.0092
59,2005-09,0,00_Copper,1,01_Oil,1.0,-1.1304
60,2005-10,0,00_Copper,1,01_Oil,1.0,-0.7805
61,2005-11,0,00_Copper,1,01_Oil,1.0,-0.3499
62,2005-12,0,00_Copper,1,01_Oil,1.0,-0.0514
63,2006-01,0,00_Copper,1,01_Oil,1.0,0.1572
64,2006-02,0,00_Copper,1,01_Oil,1.0,0.3458
65,2006-03,0,00_Copper,1,01_Oil,1.0,0.5594
66,2006-04,0,00_Copper,1,01_Oil,1.0,0.8215
67,2006-05,0,00_Copper,1,01_Oil,1.0,1.1225
68,2006-06,0,00_Copper,1,01_Oil,1.0,1.4131
69,2006-07,0,00_Copper,1,01_Oil,1.0,1.6402
70,2006-08,0,00_Copper,1,01_Oil,1.0,1.7709
71,2006-09,0,00_Copper,1,01_Oil,1.0,1.73
72,2006-10,0,00_Copper,1,01_Oil,1.0,0.9659
73,2006-11,0,00_Copper,1,01_Oil,1.0,-0.1655
74,2006-12,0,00_Copper,1,01_Oil,1.0,-0.3549
75,2007-01,0,00_Copper,1,01_Oil,1.0,-0.3705
76,2007-02,0,00_Copper,1,01_Oil,1.0,-0.3377
77,2007-03,0,00_Copper,1,01_Oil,1.0,-0.2839
78,2007-04,0,00_Copper,1,01_Oil,1.0,-0.2348
79,2007-05,0,00_Copper,1,01_Oil,1.0,-0.2434
80,2007-06,0,00_Copper,1,01_Oil,1.0,-0.3753
81,2007-07,0,00_Copper,1,01_Oil,1.0,-0.5553
82,2007-08,0,00_Copper,1,01_Oil,1.0,-0.6179
83,2007-09,0,00_Copper,1,01_Oil,1.0,-0.561
84,2007-10,0,00_Copper,1,01_Oil,1.0,-0.4314
85,2007-11,0,00_Copper,1,01_Oil,1.0,-0.2478
86,2007-12,0,00_Copper,1,01_Oil,1.0,-0.01
87,2008-01,0,00_Copper,1,01_Oil,1.0,0.2917
88,2008-02,0,00_Copper,1,01_Oil,1.0,0.6734
89,2008-03,0,00_Copper,1,01_Oil,1.0,1.1655
90,2008-04,0,00_Copper,1,01_Oil,1.0,1.836
91,2008-05,0,00_Copper,1,01_Oil,1.0,2.7589
92,2008-06,0,00_Copper,1,01_Oil,1.0,-2.6129
93,2008-07,0,00_Copper,1,01_Oil,1.0,-1.987
94,2008-08,0,00_Copper,1,01_Oil,1.0,-1.5536
95,2008-09,0,00_Copper,1,01_Oil,1.0,-1.223
96,2008-10,0,00_Copper,1,01_Oil,1.0,-0.9592
97,2008-11,0,00_Copper,1,01_Oil,1.0,-0.7564
98,2008-12,0,00_Copper,1,01_Oil,1.0,-0.6293
99,2009-01,0,00_Copper,1,01_Oil,1.0,-0.6019
100,2009-02,0,00_Copper,1,01_Oil,1.0,-0.685
101,2009-03,0,00_Copper,1,01_Oil,1.0,-0.8574
102,2009-04,0,00_Copper,1,01_Oil,1.0,-1.0766
103,2009-05,0,00_Copper,1,01_Oil,1.0,-1.3108
104,2009-06,0,00_Copper,1,01_Oil,1.0,-1.5531
105,2009-07,0,00_Copper,1,01_Oil,1.0,-1.8142
106,2009-08,0,00_Copper,1,01_Oil,1.0,-2.1194
107,2009-09,0,00_Copper,1,01_Oil,1.0,-2.5522
108,2009-10,0,00_Copper,1,01_Oil,1.0,2.7933
109,2009-11,0,00_Copper,1,01_Oil,1.0,1.464
110,2009-12,0,00_Copper,1,01_Oil,1.0,0.897
111,2010-01,0,00_Copper,1,01_Oil,1.0,0.5985
112,2010-02,0,00_Copper,1,01_Oil,1.0,0.4028
113,2010-03,0,00_Copper,1,01_Oil,1.0,0.2667
114,2010-04,0,00_Copper,1,01_Oil,1.0,0.1736
115,2010-05,0,00_Copper,1,01_Oil,1.0,0.1179
116,2010-06,0,00_Copper,1,01_Oil,1.0,0.1029
117,2010-07,0,00_Copper,1,01_Oil,1.0,0.1452
118,2010-08,0,00_Copper,1,01_Oil,1.0,0.2869
119,2010-09,0,00_Copper,1,01_Oil,1.0,0.5928
120,2010-10,0,00_Copper,1,01_Oil,1.0,0.9656
121,2010-11,0,00_Copper,1,01_Oil,1.0,1.1054
122,2010-12,0,00_Copper,1,01_Oil,1.0,1.0219
123,2011-01,0,00_Copper,1,01_Oil,1.0,0.859
124,2011-02,0,00_Copper,1,01_Oil,1.0,0.6219
125,2011-03,0,00_Copper,1,01_Oil,1.0,0.0962
126,2011-04,0,00_Copper,1,01_Oil,1.0,-0.7224
127,2011-05,0,00_Copper,1,01_Oil,1.0,-1.0765
128,2011-06,0,00_Copper,1,01_Oil,1.0,-1.1078
129,2011-07,0,00_Copper,1,01_Oil,1.0,-0.9877
130,2011-08,0,00_Copper,1,01_Oil,1.0,-0.7777
131,2011-09,0,00_Copper,1,01_Oil,1.0,-0.5373
132,2011-10,0,00_Copper,1,01_Oil,1.0,-0.3323
133,2011-11,0,00_Copper,1,01_Oil,1.0,-0.1974
134,2011-12,0,00_Copper,1,01_Oil,1.0,-0.1355
135,2012-01,0,00_Copper,1,01_Oil,1.0,-0.1408
136,2012-02,0,00_Copper,1,01_Oil,1.0,-0.2155
137,2012-03,0,00_Copper,1,01_Oil,1.0,-0.3798
138,2012-04,0,00_Copper,1,01_Oil,1.0,-0.6748
139,2012-05,0,00_Copper,1,01_Oil,1.0,-1.105
140,2012-06,0,00_Copper,1,01_Oil,1.0,-1.5354
141,2012-07,0,00_Copper,1,01_Oil,1.0,-1.864
142,2012-08,0,00_Copper,1,01_Oil,1.0,-2.2125
143,2012-09,0,00_Copper,1,01_Oil,1.0,2.6177
144,2012-10,0,00_Copper,1,01_Oil,1.0,1.5602
145,2012-11,0,00_Copper,1,01_Oil,1.0,1.3776
146,2012-12,0,00_Copper,1,01_Oil,1.0,1.3262
147,2013-01,0,00_Copper,1,01_Oil,1.0,1.3422
148,2013-02,0,00_Copper,1,01_Oil,1.0,1.4196
149,2013-03,0,00_Copper,1,01_Oil,1.0,1.552
150,2013-04,0,00_Copper,1,01_Oil,1.0,1.7007
151,2013-05,0,00_Copper,1,01_Oil,1.0,1.8006
152,2013-06,0,00_Copper,1,01_Oil,1.0,1.8081
153,2013-07,0,00_Copper,1,01_Oil,1.0,1.7187
154,2013-08,0,00_Copper,1,01_Oil,1.0,1.5494
155,2013-09,0,00_Copper,1,01_Oil,1.0,1.3218
156,2013-10,0,00_Copper,1,01_Oil,1.0,1.0672
157,2013-11,0,00_Copper,1,01_Oil,1.0,0.8363
158,2013-12,0,00_Copper,1,01_Oil,1.0,0.6385
159,2014-01,0,00_Copper,1,01_Oil,1.0,0.4435
160,2014-02,0,00_Copper,1,01_Oil,1.0,0.2749
161,2014-03,0,00_Copper,1,01_Oil,1.0,0.1635
162,2014-04,0,00_Copper,1,01_Oil,1.0,0.1255
163,2014-05,0,00_Copper,1,01_Oil,1.0,0.1769
164,2014-06,0,00_Copper,1,01_Oil,1.0,0.348
165,2014-07,0,00_Copper,1,01_Oil,1.0,0.6877
166,2014-08,0,00_Copper,1,01_Oil,1.0,1.2213
167,2014-09,0,00_Copper,1,01_Oil,1.0,1.8471
168,2014-10,0,00_Copper,1,01_Oil,1.0,2.4384
169,2014-11,0,00_Copper,1,01_Oil,1.0,2.9947
170,2014-12,0,00_Copper,1,01_Oil,1.0,-2.761
171,2015-01,0,00_Copper,1,01_Oil,1.0,-2.2872
172,2015-02,0,00_Copper,1,01_Oil,1.0,-1.8808
173,2015-03,0,00_Copper,1,01_Oil,1.0,-1.5466
174,2015-04,0,00_Copper,1,01_Oil,1.0,-1.2856
175,2015-05,0,00_Copper,1,01_Oil,1.0,-1.0898
176,2015-06,0,00_Copper,1,01_Oil,1.0,-0.9458
177,2015-07,0,00_Copper,1,01_Oil,1.0,-0.8419
178,2015-08,0,00_Copper,1,01_Oil,1.0,-0.7727
179,2015-09,0,00_Copper,1,01_Oil,1.0,-0.7566
180,2015-10,0,00_Copper,1,01_Oil,1.0,-1.0796
181,2015-11,0,00_Copper,1,01_Oil,1.0,-1.6548
182,2015-12,0,00_Copper,1,01_Oil,1.0,-0.5751
183,2016-01,0,00_Copper,1,01_Oil,1.0,-0.4356
184,2016-02,0,00_Copper,1,01_Oil,1.0,-0.3551
185,2016-03,0,00_Copper,1,01_Oil,1.0,-0.2786
186,2016-04,0,00_Copper,1,01_Oil,1.0,-0.3441
187,2016-05,0,00_Copper,1,01_Oil,1.0,-2.3804
188,2016-06,0,00_Copper,1,01_Oil,1.0,-2.6091
189,2016-07,0,00_Copper,1,01_Oil,1.0,-2.6592
190,2016-08,0,00_Copper,1,01_Oil,1.0,-2.7367
191,2016-09,0,00_Copper,1,01_Oil,1.0,-2.8237
192,2016-10,0,00_Copper,1,01_Oil,1.0,-2.8973
193,2016-11,0,00_Copper,1,01_Oil,1.0,-2.9441
194,2016-12,0,00_Copper,1,01_Oil,1.0,-2.9569
195,2017-01,0,00_Copper,1,01_Oil,1.0,-2.9313
196,2017-02,0,00_Copper,1,01_Oil,1.0,-2.8598
197,2017-03,0,00_Copper,1,01_Oil,1.0,-2.7232
198,2017-04,0,00_Copper,1,01_Oil,1.0,-2.4705
199,2017-05,0,00_Copper,1,01_Oil,1.0,-2.0018
200,2017-06,0,00_Copper,1,01_Oil,1.0,-1.2656
201,2017-07,0,00_Copper,1,01_Oil,1.0,-0.5567
202,2017-08,0,00_Copper,1,01_Oil,1.0,-0.1794
203,2017-09,0,00_Copper,1,01_Oil,1.0,-0.1106
204,2017-10,0,00_Copper,1,01_Oil,1.0,-0.1656
205,2017-11,0,00_Copper,1,01_Oil,1.0,-0.2025
206,2017-12,0,00_Copper,1,01_Oil,1.0,-0.1754
207,2018-01,0,00_Copper,1,01_Oil,1.0,-0.0742
208,2018-02,0,00_Copper,1,01_Oil,1.0,0.1598
209,2018-03,0,00_Copper,1,01_Oil,1.0,2.0022
210,2018-04,0,00_Copper,1,01_Oil,1.0,-3.0076
211,2018-05,0,00_Copper,1,01_Oil,1.0,-2.4826
212,2018-06,0,00_Copper,1,01_Oil,1.0,-1.1496
213,2018-07,0,00_Copper,1,01_Oil,1.0,-0.0085
214,2018-08,0,00_Copper,1,01_Oil,1.0,0.3806
215,2018-09,0,00_Copper,1,01_Oil,1.0,0.6163
216,2018-10,0,00_Copper,1,01_Oil,1.0,0.7995
217,2018-11,0,00_Copper,1,01_Oil,1.0,0.9602
218,2018-12,0,00_Copper,1,01_Oil,1.0,1.1103
219,2019-01,0,00_Copper,1,01_Oil,1.0,1.248
220,2019-02,0,00_Copper,1,01_Oil,1.0,1.349
221,2019-03,0,00_Copper,1,01_Oil,1.0,1.3259
222,2019-04,0,00_Copper,1,01_Oil,1.0,0.8129
223,2019-05,0,00_Copper,1,01_Oil,1.0,-0.18
224,2019-06,0,00_Copper,1,01_Oil,1.0,-0.4777
225,2019-07,0,00_Copper,1,01_Oil,1.0,-0.5517
226,2019-08,0,00_Copper,1,01_Oil,1.0,-0.5622
227,2019-09,0,00_Copper,1,01_Oil,1.0,-0.5217
228,2019-10,0,00_Copper,1,01_Oil,1.0,-0.4063
229,2019-11,0,00_Copper,1,01_Oil,1.0,-0.193
230,2019-12,0,00_Copper,1,01_Oil,1.0,0.0853
231,2020-01,0,00_Copper,1,01_Oil,1.0,0.3362
232,2020-02,0,00_Copper,1,01_Oil,1.0,0.5137
233,2020-03,0,00_Copper,1,01_Oil,1.0,0.6342
234,2020-04,0,00_Copper,1,01_Oil,1.0,0.7268
235,2020-05,0,00_Copper,1,01_Oil,1.0,0.8178
236,2020-06,0,00_Copper,1,01_Oil,1.0,0.9313
237,2020-07,0,00_Copper,1,01_Oil,1.0,1.0956
238,2020-08,0,00_Copper,1,01_Oil,1.0,1.3592
239,2020-09,0,00_Copper,1,01_Oil,1.0,1.9738
240,2020-10,0,00_Copper,1,01_Oil,1.0,-1.0379
241,2020-11,0,00_Copper,1,01_Oil,1.0,-0.5622
242,2020-12,0,00_Copper,1,01_Oil,1.0,-0.298
243,2021-01,0,00_Copper,1,01_Oil,1.0,-0.2304
244,2021-02,0,00_Copper,1,01_Oil,1.0,-0.379
245,2021-03,0,00_Copper,1,01_Oil,1.0,-0.8497
246,2021-04,0,00_Copper,1,01_Oil,1.0,-1.5486
247,2021-05,0,00_Copper,1,01_Oil,1.0,-2.0395
248,2021-06,0,00_Copper,1,01_Oil,1.0,-2.3407
249,2021-07,0,00_Copper,1,01_Oil,1.0,-2.5734
250,2021-08,0,00_Copper,1,01_Oil,1.0,-2.7908
251,2021-09,0,00_Copper,1,01_Oil,1.0,-3.0029
252,2021-10,0,00_Copper,1,01_Oil,1.0,3.0896
253,2021-11,0,00_Copper,1,01_Oil,1.0,2.9419
254,2021-12,0,00_Copper,1,01_Oil,1.0,2.8475
255,2022-01,0,00_Copper,1,01_Oil,1.0,2.8075
256,2022-02,0,00_Copper,1,01_Oil,1.0,2.8243
257,2022-03,0,00_Copper,1,01_Oil,1.0,2.9057
258,2022-04,0,00_Copper,1,01_Oil,1.0,3.0446
259,2022-05,0,00_Copper,1,01_Oil,1.0,3.1365
260,2022-06,0,00_Copper,1,01_Oil,1.0,3.0025
261,2022-07,0,00_Copper,1,01_Oil,1.0,2.7454
262,2022-08,0,00_Copper,1,01_Oil,1.0,2.5418
263,2022-09,0,00_Copper,1,01_Oil,1.0,2.3615
264,2022-10,0,00_Copper,1,01_Oil,1.0,2.1355
265,2022-11,0,00_Copper,1,01_Oil,1.0,1.8247
266,2022-12,0,00_Copper,1,01_Oil,1.0,1.4376
267,2023-01,0,00_Copper,1,01_Oil,1.0,0.9508
268,2023-02,0,00_Copper,1,01_Oil,1.0,0.2305
12,2001-10,0,00_Copper,2,02_SP500,1.0,-0.1085
13,2001-11,0,00_Copper,2,02_SP500,1.0,-0.2175
14,2001-12,0,00_Copper,2,02_SP500,1.0,-0.3922
15,2002-01,0,00_Copper,2,02_SP500,1.0,-0.6492
16,2002-02,0,00_Copper,2,02_SP500,1.0,-1.0124
17,2002-03,0,00_Copper,2,02_SP500,1.0,-1.4638
18,2002-04,0,00_Copper,2,02_SP500,1.0,-1.9037
19,2002-05,0,00_Copper,2,02_SP500,1.0,-2.2349
20,2002-06,0,00_Copper,2,02_SP500,1.0,-2.4252
21,2002-07,0,00_Copper,2,02_SP500,1.0,-2.4921
22,2002-08,0,00_Copper,2,02_SP500,1.0,-2.4907
23,2002-09,0,00_Copper,2,02_SP500,1.0,-2.474
24,2002-10,0,00_Copper,2,02_SP500,1.0,-2.4694
25,2002-11,0,00_Copper,2,02_SP500,1.0,-2.4871
26,2002-12,0,00_Copper,2,02_SP500,1.0,-2.5294
27,2003-01,0,00_Copper,2,02_SP500,1.0,-2.5917
28,2003-02,0,00_Copper,2,02_SP500,1.0,-2.673
29,2003-03,0,00_Copper,2,02_SP500,1.0,-2.8101
30,2003-04,0,00_Copper,2,02_SP500,1.0,3.1214
31,2003-05,0,00_Copper,2,02_SP500,1.0,2.3882
32,2003-06,0,00_Copper,2,02_SP500,1.0,1.9737
33,2003-07,0,00_Copper,2,02_SP500,1.0,1.9169
34,2003-08,0,00_Copper,2,02_SP500,1.0,1.9802
35,2003-09,0,00_Copper,2,02_SP500,1.0,2.0625
36,2003-10,0,00_Copper,2,02_SP500,1.0,1.9898
37,2003-11,0,00_Copper,2,02_SP500,1.0,0.8173
38,2003-12,0,00_Copper,2,02_SP500,1.0,0.7791
39,2004-01,0,00_Copper,2,02_SP500,1.0,1.6059
40,2004-02,0,00_Copper,2,02_SP500,1.0,2.0812
41,2004-03,0,00_Copper,2,02_SP500,1.0,2.2865
42,2004-04,0,00_Copper,2,02_SP500,1.0,2.4067
43,2004-05,0,00_Copper,2,02_SP500,1.0,2.5115
44,2004-06,0,00_Copper,2,02_SP500,1.0,2.6351
45,2004-07,0,00_Copper,2,02_SP500,1.0,2.7939
46,2004-08,0,00_Copper,2,02_SP500,1.0,2.9718
47,2004-09,0,00_Copper,2,02_SP500,1.0,3.0874
48,2004-10,0,00_Copper,2,02_SP500,1.0,2.8552
49,2004-11,0,00_Copper,2,02_SP500,1.0,1.4199
50,2004-12,0,00_Copper,2,02_SP500,1.0,0.9599
51,2005-01,0,00_Copper,2,02_SP500,1.0,0.8382
52,2005-02,0,00_Copper,2,02_SP500,1.0,0.769
53,2005-03,0,00_Copper,2,02_SP500,1.0,0.7278
54,2005-04,0,00_Copper,2,02_SP500,1.0,0.7087
55,2005-05,0,00_Copper,2,02_SP500,1.0,0.6886
56,2005-06,0,00_Copper,2,02_SP500,1.0,0.6365
57,2005-07,0,00_Copper,2,02_SP500,1.0,0.5176
58,2005-08,0,00_Copper,2,02_SP500,1.0,0.3152
59,2005-09,0,00_Copper,2,02_SP500,1.0,0.1699
60,2005-10,0,00_Copper,2,02_SP500,1.0,0.3158
61,2005-11,0,00_Copper,2,02_SP500,1.0,0.5896
62,2005-12,0,00_Copper,2,02_SP500,1.0,0.7639
63,2006-01,0,00_Copper,2,02_SP500,1.0,0.8487
64,2006-02,0,00_Copper,2,02_SP500,1.0,0.8915
65,2006-03,0,00_Copper,2,02_SP500,1.0,0.9213
66,2006-04,0,00_Copper,2,02_SP500,1.0,0.9541
67,2006-05,0,00_Copper,2,02_SP500,1.0,0.9928
68,2006-06,0,00_Copper,2,02_SP500,1.0,1.027
69,2006-07,0,00_Copper,2,02_SP500,1.0,1.0238
70,2006-08,0,00_Copper,2,02_SP500,1.0,0.8966
71,2006-09,0,00_Copper,2,02_SP500,1.0,0.3969
72,2006-10,0,00_Copper,2,02_SP500,1.0,-1.0923
73,2006-11,0,00_Copper,2,02_SP500,1.0,-2.6866
74,2006-12,0,00_Copper,2,02_SP500,1.0,-3.068
75,2007-01,0,00_Copper,2,02_SP500,1.0,3.0939
76,2007-02,0,00_Copper,2,02_SP500,1.0,3.0198
77,2007-03,0,00_Copper,2,02_SP500,1.0,2.9219
78,2007-04,0,00_Copper,2,02_SP500,1.0,2.7538
79,2007-05,0,00_Copper,2,02_SP500,1.0,2.4617
80,2007-06,0,00_Copper,2,02_SP500,1.0,2.0035
81,2007-07,0,00_Copper,2,02_SP500,1.0,1.4984
82,2007-08,0,00_Copper,2,02_SP500,1.0,1.1534
83,2007-09,0,00_Copper,2,02_SP500,1.0,0.9926
84,2007-10,0,00_Copper,2,02_SP500,1.0,0.981
85,2007-11,0,00_Copper,2,02_SP500,1.0,1.1124
86,2007-12,0,00_Copper,2,02_SP500,1.0,1.392
87,2008-01,0,00_Copper,2,02_SP500,1.0,1.7808
88,2008-02,0,00_Copper,2,02_SP500,1.0,2.197
89,2008-03,0,00_Copper,2,02_SP500,1.0,2.6205
90,2008-04,0,00_Copper,2,02_SP500,1.0,3.1398
91,2008-05,0,00_Copper,2,02_SP500,1.0,-2.4082
92,2008-06,0,00_Copper,2,02_SP500,1.0,-1.6805
93,2008-07,0,00_Copper,2,02_SP500,1.0,-1.2112
94,2008-08,0,00_Copper,2,02_SP500,1.0,-0.8968
95,2008-09,0,00_Copper,2,02_SP500,1.0,-0.6434
96,2008-10,0,00_Copper,2,02_SP500,1.0,-0.4115
97,2008-11,0,00_Copper,2,02_SP500,1.0,-0.19
98,2008-12,0,00_Copper,2,02_SP500,1.0,0.0143
99,2009-01,0,00_Copper,2,02_SP500,1.0,0.1843
100,2009-02,0,00_Copper,2,02_SP500,1.0,0.3047
101,2009-03,0,00_Copper,2,02_SP500,1.0,0.3701
102,2009-04,0,00_Copper,2,02_SP500,1.0,0.3826
103,2009-05,0,00_Copper,2,02_SP500,1.0,0.3496
104,2009-06,0,00_Copper,2,02_SP500,1.0,0.2824
105,2009-07,0,00_Copper,2,02_SP500,1.0,0.1968
106,2009-08,0,00_Copper,2,02_SP500,1.0,0.1105
107,2009-09,0,00_Copper,2,02_SP500,1.0,0.0377
108,2009-10,0,00_Copper,2,02_SP500,1.0,-0.0193
109,2009-11,0,00_Copper,2,02_SP500,1.0,-0.0674
110,2009-12,0,00_Copper,2,02_SP500,1.0,-0.1117
111,2010-01,0,00_Copper,2,02_SP500,1.0,-0.1505
112,2010-02,0,00_Copper,2,02_SP500,1.0,-0.1789
113,2010-03,0,00_Copper,2,02_SP500,1.0,-0.1933
114,2010-04,0,00_Copper,2,02_SP500,1.0,-0.1888
115,2010-05,0,00_Copper,2,02_SP500,1.0,-0.1571
116,2010-06,0,00_Copper,2,02_SP500,1.0,-0.0817
117,2010-07,0,00_Copper,2,02_SP500,1.0,0.0705
118,2010-08,0,00_Copper,2,02_SP500,1.0,0.3698
119,2010-09,0,00_Copper,2,02_SP500,1.0,0.9517
120,2010-10,0,00_Copper,2,02_SP500,1.0,2.0734
121,2010-11,0,00_Copper,2,02_SP500,1.0,-2.155
122,2010-12,0,00_Copper,2,02_SP500,1.0,-1.4939
123,2011-01,0,00_Copper,2,02_SP500,1.0,-1.2452
124,2011-02,0,00_Copper,2,02_SP500,1.0,-1.2116
125,2011-03,0,00_Copper,2,02_SP500,1.0,-1.5524
126,2011-04,0,00_Copper,2,02_SP500,1.0,-2.1931
127,2011-05,0,00_Copper,2,02_SP500,1.0,0.411
128,2011-06,0,00_Copper,2,02_SP500,1.0,0.4111
129,2011-07,0,00_Copper,2,02_SP500,1.0,0.4297
130,2011-08,0,00_Copper,2,02_SP500,1.0,0.4547
131,2011-09,0,00_Copper,2,02_SP500,1.0,0.4699
132,2011-10,0,00_Copper,2,02_SP500,1.0,0.4668
133,2011-11,0,00_Copper,2,02_SP500,1.0,0.4401
134,2011-12,0,00_Copper,2,02_SP500,1.0,0.3855
135,2012-01,0,00_Copper,2,02_SP500,1.0,0.3005
136,2012-02,0,00_Copper,2,02_SP500,1.0,0.185
137,2012-03,0,00_Copper,2,02_SP500,1.0,0.0442
138,2012-04,0,00_Copper,2,02_SP500,1.0,-0.1087
139,2012-05,0,00_Copper,2,02_SP500,1.0,-0.2548
140,2012-06,0,00_Copper,2,02_SP500,1.0,-0.3822
141,2012-07,0,00_Copper,2,02_SP500,1.0,-0.5032
142,2012-08,0,00_Copper,2,02_SP500,1.0,-0.7193
143,2012-09,0,00_Copper,2,02_SP500,1.0,-2.0692
144,2012-10,0,00_Copper,2,02_SP500,1.0,0.033
145,2012-11,0,00_Copper,2,02_SP500,1.0,-0.0093
146,2012-12,0,00_Copper,2,02_SP500,1.0,0.0134
147,2013-01,0,00_Copper,2,02_SP500,1.0,0.085
148,2013-02,0,00_Copper,2,02_SP500,1.0,0.2068
149,2013-03,0,00_Copper,2,02_SP500,1.0,0.4283
150,2013-04,0,00_Copper,2,02_SP500,1.0,0.9542
151,2013-05,0,00_Copper,2,02_SP500,1.0,1.9213
152,2013-06,0,00_Copper,2,02_SP500,1.0,2.4471
153,2013-07,0,00_Copper,2,02_SP500,1.0,2.6411
154,2013-08,0,00_Copper,2,02_SP500,1.0,2.743
155,2013-09,0,00_Copper,2,02_SP500,1.0,2.8541
156,2013-10,0,00_Copper,2,02_SP500,1.0,3.0581
157,2013-11,0,00_Copper,2,02_SP500,1.0,-2.8727
158,2013-12,0,00_Copper,2,02_SP500,1.0,-2.4755
159,2014-01,0,00_Copper,2,02_SP500,1.0,-2.1865
160,2014-02,0,00_Copper,2,02_SP500,1.0,-1.9943
161,2014-03,0,00_Copper,2,02_SP500,1.0,-1.8398
162,2014-04,0,00_Copper,2,02_SP500,1.0,-1.6864
163,2014-05,0,00_Copper,2,02_SP500,1.0,-1.5224
164,2014-06,0,00_Copper,2,02_SP500,1.0,-1.3708
165,2014-07,0,00_Copper,2,02_SP500,1.0,-1.2737
166,2014-08,0,00_Copper,2,02_SP500,1.0,-1.0744
167,2014-09,0,00_Copper,2,02_SP500,1.0,-0.6197
168,2014-10,0,00_Copper,2,02_SP500,1.0,-0.0696
169,2014-11,0,00_Copper,2,02_SP500,1.0,0.4924
170,2014-12,0,00_Copper,2,02_SP500,1.0,1.026
171,2015-01,0,00_Copper,2,02_SP500,1.0,1.483
172,2015-02,0,00_Copper,2,02_SP500,1.0,1.85
173,2015-03,0,00_Copper,2,02_SP500,1.0,2.1379
174,2015-04,0,00_Copper,2,02_SP500,1.0,2.3594
175,2015-05,0,00_Copper,2,02_SP500,1.0,2.5235
176,2015-06,0,00_Copper,2,02_SP500,1.0,2.6397
177,2015-07,0,00_Copper,2,02_SP500,1.0,2.7235
178,2015-08,0,00_Copper,2,02_SP500,1.0,2.795
179,2015-09,0,00_Copper,2,02_SP500,1.0,2.8827
180,2015-10,0,00_Copper,2,02_SP500,1.0,3.0655
181,2015-11,0,00_Copper,2,02_SP500,1.0,-2.022
182,2015-12,0,00_Copper,2,02_SP500,1.0,-0.6904
183,2016-01,0,00_Copper,2,02_SP500,1.0,-0.5268
184,2016-02,0,00_Copper,2,02_SP500,1.0,-0.4769
185,2016-03,0,00_Copper,2,02_SP500,1.0,-0.4382
186,2016-04,0,00_Copper,2,02_SP500,1.0,-0.3793
187,2016-05,0,00_Copper,2,02_SP500,1.0,-0.3237
188,2016-06,0,00_Copper,2,02_SP500,1.0,-0.336
189,2016-07,0,00_Copper,2,02_SP500,1.0,-0.4359
190,2016-08,0,00_Copper,2,02_SP500,1.0,-0.5847
191,2016-09,0,00_Copper,2,02_SP500,1.0,-0.7365
192,2016-10,0,00_Copper,2,02_SP500,1.0,-0.8616
193,2016-11,0,00_Copper,2,02_SP500,1.0,-0.9408
194,2016-12,0,00_Copper,2,02_SP500,1.0,-0.9485
195,2017-01,0,00_Copper,2,02_SP500,1.0,-0.8358
196,2017-02,0,00_Copper,2,02_SP500,1.0,-0.5148
197,2017-03,0,00_Copper,2,02_SP500,1.0,0.0195
198,2017-04,0,00_Copper,2,02_SP500,1.0,0.4974
199,2017-05,0,00_Copper,2,02_SP500,1.0,0.8649
200,2017-06,0,00_Copper,2,02_SP500,1.0,1.2854
201,2017-07,0,00_Copper,2,02_SP500,1.0,1.8497
202,2017-08,0,00_Copper,2,02_SP500,1.0,2.4983
203,2017-09,0,00_Copper,2,02_SP500,1.0,3.1341
204,2017-10,0,00_Copper,2,02_SP500,1.0,-2.6433
205,2017-11,0,00_Copper,2,02_SP500,1.0,-2.2964
206,2017-12,0,00_Copper,2,02_SP500,1.0,-2.0474
207,2018-01,0,00_Copper,2,02_SP500,1.0,-1.8385
208,2018-02,0,00_Copper,2,02_SP500,1.0,-1.6302
209,2018-03,0,00_Copper,2,02_SP500,1.0,-1.3931
210,2018-04,0,00_Copper,2,02_SP500,1.0,-1.0934
211,2018-05,0,00_Copper,2,02_SP500,1.0,-0.6136
212,2018-06,0,00_Copper,2,02_SP500,1.0,0.7301
213,2018-07,0,00_Copper,2,02_SP500,1.0,1.8866
214,2018-08,0,00_Copper,2,02_SP500,1.0,2.2793
215,2018-09,0,00_Copper,2,02_SP500,1.0,2.5031
216,2018-10,0,00_Copper,2,02_SP500,1.0,2.6687
217,2018-11,0,00_Copper,2,02_SP500,1.0,2.9989
218,2018-12,0,00_Copper,2,02_SP500,1.0,-0.5139
219,2019-01,0,00_Copper,2,02_SP500,1.0,-0.3987
220,2019-02,0,00_Copper,2,02_SP500,1.0,-0.3424
221,2019-03,0,00_Copper,2,02_SP500,1.0,-0.3007
222,2019-04,0,00_Copper,2,02_SP500,1.0,-0.2722
223,2019-05,0,00_Copper,2,02_SP500,1.0,-0.2584
224,2019-06,0,00_Copper,2,02_SP500,1.0,-0.256
225,2019-07,0,00_Copper,2,02_SP500,1.0,-0.2569
226,2019-08,0,00_Copper,2,02_SP500,1.0,-0.2538
227,2019-09,0,00_Copper,2,02_SP500,1.0,-0.2364
228,2019-10,0,00_Copper,2,02_SP500,1.0,-0.0331
229,2019-11,0,00_Copper,2,02_SP500,1.0,2.8284
230,2019-12,0,00_Copper,2,02_SP500,1.0,2.8637
231,2020-01,0,00_Copper,2,02_SP500,1.0,2.8885
232,2020-02,0,00_Copper,2,02_SP500,1.0,2.9228
233,2020-03,0,00_Copper,2,02_SP500,1.0,2.9728
234,2020-04,0,00_Copper,2,02_SP500,1.0,3.047
235,2020-05,0,00_Copper,2,02_SP500,1.0,-3.1239
236,2020-06,0,00_Copper,2,02_SP500,1.0,-2.9593
237,2020-07,0,00_Copper,2,02_SP500,1.0,-2.7359
238,2020-08,0,00_Copper,2,02_SP500,1.0,-2.4582
239,2020-09,0,00_Copper,2,02_SP500,1.0,-1.9554
240,2020-10,0,00_Copper,2,02_SP500,1.0,1.0608
241,2020-11,0,00_Copper,2,02_SP500,1.0,1.2872
242,2020-12,0,00_Copper,2,02_SP500,1.0,1.4292
243,2021-01,0,00_Copper,2,02_SP500,1.0,1.506
244,2021-02,0,00_Copper,2,02_SP500,1.0,1.5269
245,2021-03,0,00_Copper,2,02_SP500,1.0,1.5021
246,2021-04,0,00_Copper,2,02_SP500,1.0,1.4405
247,2021-05,0,00_Copper,2,02_SP500,1.0,1.3455
248,2021-06,0,00_Copper,2,02_SP500,1.0,1.2133
249,2021-07,0,00_Copper,2,02_SP500,1.0,1.0358
250,2021-08,0,00_Copper,2,02_SP500,1.0,0.812
251,2021-09,0,00_Copper,2,02_SP500,1.0,0.5586
252,2021-10,0,00_Copper,2,02_SP500,1.0,0.307
253,2021-11,0,00_Copper,2,02_SP500,1.0,0.0889
254,2021-12,0,00_Copper,2,02_SP500,1.0,-0.0783
255,2022-01,0,00_Copper,2,02_SP500,1.0,-0.1828
256,2022-02,0,00_Copper,2,02_SP500,1.0,-0.204
257,2022-03,0,00_Copper,2,02_SP500,1.0,-0.1061
258,2022-04,0,00_Copper,2,02_SP500,1.0,0.1485
259,2022-05,0,00_Copper,2,02_SP500,1.0,0.5215
260,2022-06,0,00_Copper,2,02_SP500,1.0,0.8597
261,2022-07,0,00_Copper,2,02_SP500,1.0,1.0725
262,2022-08,0,00_Copper,2,02_SP500,1.0,1.1679
263,2022-09,0,00_Copper,2,02_SP500,1.0,1.1601
264,2022-10,0,00_Copper,2,02_SP500,1.0,1.0494
265,2022-11,0,00_Copper,2,02_SP500,1.0,0.849
266,2022-12,0,00_Copper,2,02_SP500,1.0,0.6221
267,2023-01,0,00_Copper,2,02_SP500,1.0,0.444
268,2023-02,0,00_Copper,2,02_SP500,1.0,0.3261
12,2001-10,0,00_Copper,3,03_US10Y,1.0,-1.3114
13,2001-11,0,00_Copper,3,03_US10Y,1.0,-1.4033
14,2001-12,0,00_Copper,3,03_US10Y,1.0,-1.5458
15,2002-01,0,00_Copper,3,03_US10Y,1.0,-1.755
16,2002-02,0,00_Copper,3,03_US10Y,1.0,-2.0442
17,2002-03,0,00_Copper,3,03_US10Y,1.0,-2.3812
18,2002-04,0,00_Copper,3,03_US10Y,1.0,-2.6539
19,2002-05,0,00_Copper,3,03_US10Y,1.0,-2.7683
20,2002-06,0,00_Copper,3,03_US10Y,1.0,-2.7206
21,2002-07,0,00_Copper,3,03_US10Y,1.0,-2.5755
22,2002-08,0,00_Copper,3,03_US10Y,1.0,-2.4297
23,2002-09,0,00_Copper,3,03_US10Y,1.0,-2.353
24,2002-10,0,00_Copper,3,03_US10Y,1.0,-2.3866
25,2002-11,0,00_Copper,3,03_US10Y,1.0,-2.579
26,2002-12,0,00_Copper,3,03_US10Y,1.0,-2.9745
27,2003-01,0,00_Copper,3,03_US10Y,1.0,2.8443
28,2003-02,0,00_Copper,3,03_US10Y,1.0,2.5436
29,2003-03,0,00_Copper,3,03_US10Y,1.0,2.4229
30,2003-04,0,00_Copper,3,03_US10Y,1.0,2.4234
31,2003-05,0,00_Copper,3,03_US10Y,1.0,2.5044
32,2003-06,0,00_Copper,3,03_US10Y,1.0,2.6308
33,2003-07,0,00_Copper,3,03_US10Y,1.0,2.7704
34,2003-08,0,00_Copper,3,03_US10Y,1.0,2.9045
35,2003-09,0,00_Copper,3,03_US10Y,1.0,3.0249
36,2003-10,0,00_Copper,3,03_US10Y,1.0,3.1348
37,2003-11,0,00_Copper,3,03_US10Y,1.0,-3.007
38,2003-12,0,00_Copper,3,03_US10Y,1.0,-2.6695
39,2004-01,0,00_Copper,3,03_US10Y,1.0,-2.2077
40,2004-02,0,00_Copper,3,03_US10Y,1.0,-2.3185
41,2004-03,0,00_Copper,3,03_US10Y,1.0,-2.5381
42,2004-04,0,00_Copper,3,03_US10Y,1.0,-2.6385
43,2004-05,0,00_Copper,3,03_US10Y,1.0,-2.6486
44,2004-06,0,00_Copper,3,03_US10Y,1.0,-2.5869
45,2004-07,0,00_Copper,3,03_US10Y,1.0,-2.454
46,2004-08,0,00_Copper,3,03_US10Y,1.0,-2.2527
47,2004-09,0,00_Copper,3,03_US10Y,1.0,-1.9819
48,2004-10,0,00_Copper,3,03_US10Y,1.0,-1.4141
49,2004-11,0,00_Copper,3,03_US10Y,1.0,0.0058
50,2004-12,0,00_Copper,3,03_US10Y,1.0,0.3475
51,2005-01,0,00_Copper,3,03_US10Y,1.0,0.2712
52,2005-02,0,00_Copper,3,03_US10Y,1.0,0.071
53,2005-03,0,00_Copper,3,03_US10Y,1.0,-0.1542
54,2005-04,0,00_Copper,3,03_US10Y,1.0,-0.3379
55,2005-05,0,00_Copper,3,03_US10Y,1.0,-0.4452
56,2005-06,0,00_Copper,3,03_US10Y,1.0,-0.4628
57,2005-07,0,00_Copper,3,03_US10Y,1.0,-0.3793
58,2005-08,0,00_Copper,3,03_US10Y,1.0,-0.1673
59,2005-09,0,00_Copper,3,03_US10Y,1.0,0.2269
60,2005-10,0,00_Copper,3,03_US10Y,1.0,0.8207
61,2005-11,0,00_Copper,3,03_US10Y,1.0,1.3969
62,2005-12,0,00_Copper,3,03_US10Y,1.0,1.772
63,2006-01,0,00_Copper,3,03_US10Y,1.0,1.9858
64,2006-02,0,00_Copper,3,03_US10Y,1.0,2.0976
65,2006-03,0,00_Copper,3,03_US10Y,1.0,2.1414
66,2006-04,0,00_Copper,3,03_US10Y,1.0,2.151
67,2006-05,0,00_Copper,3,03_US10Y,1.0,2.189
68,2006-06,0,00_Copper,3,03_US10Y,1.0,2.3603
69,2006-07,0,00_Copper,3,03_US10Y,1.0,2.7387
70,2006-08,0,00_Copper,3,03_US10Y,1.0,-3.1106
71,2006-09,0,00_Copper,3,03_US10Y,1.0,-2.9027
72,2006-10,0,00_Copper,3,03_US10Y,1.0,2.7899
73,2006-11,0,00_Copper,3,03_US10Y,1.0,1.7804
74,2006-12,0,00_Copper,3,03_US10Y,1.0,1.6643
75,2007-01,0,00_Copper,3,03_US10Y,1.0,1.6615
76,2007-02,0,00_Copper,3,03_US10Y,1.0,1.6269
77,2007-03,0,00_Copper,3,03_US10Y,1.0,1.5141
78,2007-04,0,00_Copper,3,03_US10Y,1.0,1.2926
79,2007-05,0,00_Copper,3,03_US10Y,1.0,0.9298
80,2007-06,0,00_Copper,3,03_US10Y,1.0,0.4087
81,2007-07,0,00_Copper,3,03_US10Y,1.0,-0.1344
82,2007-08,0,00_Copper,3,03_US10Y,1.0,-0.4923
83,2007-09,0,00_Copper,3,03_US10Y,1.0,-0.6543
84,2007-10,0,00_Copper,3,03_US10Y,1.0,-0.6773
85,2007-11,0,00_Copper,3,03_US10Y,1.0,-0.5912
86,2007-12,0,00_Copper,3,03_US10Y,1.0,-0.4034
87,2008-01,0,00_Copper,3,03_US10Y,1.0,-0.1212
88,2008-02,0,00_Copper,3,03_US10Y,1.0,0.2225
89,2008-03,0,00_Copper,3,03_US10Y,1.0,0.5777
90,2008-04,0,00_Copper,3,03_US10Y,1.0,0.9529
91,2008-05,0,00_Copper,3,03_US10Y,1.0,1.4402
92,2008-06,0,00_Copper,3,03_US10Y,1.0,1.8905
93,2008-07,0,00_Copper,3,03_US10Y,1.0,2.144
94,2008-08,0,00_Copper,3,03_US10Y,1.0,2.3195
95,2008-09,0,00_Copper,3,03_US10Y,1.0,2.4881
96,2008-10,0,00_Copper,3,03_US10Y,1.0,2.6698
97,2008-11,0,00_Copper,3,03_US10Y,1.0,2.8649
98,2008-12,0,00_Copper,3,03_US10Y,1.0,3.062
99,2009-01,0,00_Copper,3,03_US10Y,1.0,-3.0412
100,2009-02,0,00_Copper,3,03_US10Y,1.0,-2.8955
101,2009-03,0,00_Copper,3,03_US10Y,1.0,-2.7925
102,2009-04,0,00_Copper,3,03_US10Y,1.0,-2.7335
103,2009-05,0,00_Copper,3,03_US10Y,1.0,-2.7154
104,2009-06,0,00_Copper,3,03_US10Y,1.0,-2.731
105,2009-07,0,00_Copper,3,03_US10Y,1.0,-2.7681
106,2009-08,0,00_Copper,3,03_US10Y,1.0,-2.8042
107,2009-09,0,00_Copper,3,03_US10Y,1.0,-2.7941
108,2009-10,0,00_Copper,3,03_US10Y,1.0,-2.6158
109,2009-11,0,00_Copper,3,03_US10Y,1.0,-2.0344
110,2009-12,0,00_Copper,3,03_US10Y,1.0,-1.4515
111,2010-01,0,00_Copper,3,03_US10Y,1.0,-1.2284
112,2010-02,0,00_Copper,3,03_US10Y,1.0,-1.1378
113,2010-03,0,00_Copper,3,03_US10Y,1.0,-1.0772
114,2010-04,0,00_Copper,3,03_US10Y,1.0,-1.0158
115,2010-05,0,00_Copper,3,03_US10Y,1.0,-0.9458
116,2010-06,0,00_Copper,3,03_US10Y,1.0,-0.865
117,2010-07,0,00_Copper,3,03_US10Y,1.0,-0.7626
118,2010-08,0,00_Copper,3,03_US10Y,1.0,-0.5979
119,2010-09,0,00_Copper,3,03_US10Y,1.0,-0.2915
120,2010-10,0,00_Copper,3,03_US10Y,1.0,0.1036
121,2010-11,0,00_Copper,3,03_US10Y,1.0,0.346
122,2010-12,0,00_Copper,3,03_US10Y,1.0,0.4416
123,2011-01,0,00_Copper,3,03_US10Y,1.0,0.4776
124,2011-02,0,00_Copper,3,03_US10Y,1.0,0.4599
125,2011-03,0,00_Copper,3,03_US10Y,1.0,0.2521
126,2011-04,0,00_Copper,3,03_US10Y,1.0,-0.0761
127,2011-05,0,00_Copper,3,03_US10Y,1.0,0.0268
128,2011-06,0,00_Copper,3,03_US10Y,1.0,0.1871
129,2011-07,0,00_Copper,3,03_US10Y,1.0,0.2806
130,2011-08,0,00_Copper,3,03_US10Y,1.0,0.3265
131,2011-09,0,00_Copper,3,03_US10Y,1.0,0.3398
132,2011-10,0,00_Copper,3,03_US10Y,1.0,0.3253
133,2011-11,0,00_Copper,3,03_US10Y,1.0,0.2815
134,2011-12,0,00_Copper,3,03_US10Y,1.0,0.2006
135,2012-01,0,00_Copper,3,03_US10Y,1.0,0.0675
136,2012-02,0,00_Copper,3,03_US10Y,1.0,-0.1414
137,2012-03,0,00_Copper,3,03_US10Y,1.0,-0.4505
138,2012-04,0,00_Copper,3,03_US10Y,1.0,-0.8407
139,2012-05,0,00_Copper,3,03_US10Y,1.0,-1.2313
140,2012-06,0,00_Copper,3,03_US10Y,1.0,-1.586
141,2012-07,0,00_Copper,3,03_US10Y,1.0,-1.975
142,2012-08,0,00_Copper,3,03_US10Y,1.0,-2.5986
143,2012-09,0,00_Copper,3,03_US10Y,1.0,1.7438
144,2012-10,0,00_Copper,3,03_US10Y,1.0,0.1721
145,2012-11,0,00_Copper,3,03_US10Y,1.0,-0.4206
146,2012-12,0,00_Copper,3,03_US10Y,1.0,-0.8246
147,2013-01,0,00_Copper,3,03_US10Y,1.0,-1.1536
148,2013-02,0,00_Copper,3,03_US10Y,1.0,-1.4307
149,2013-03,0,00_Copper,3,03_US10Y,1.0,-1.6613
150,2013-04,0,00_Copper,3,03_US10Y,1.0,-1.8534
151,2013-05,0,00_Copper,3,03_US10Y,1.0,-2.0195
152,2013-06,0,00_Copper,3,03_US10Y,1.0,-2.1746
153,2013-07,0,00_Copper,3,03_US10Y,1.0,-2.3475
154,2013-08,0,00_Copper,3,03_US10Y,1.0,-2.7938
155,2013-09,0,00_Copper,3,03_US10Y,1.0,1.3087
156,2013-10,0,00_Copper,3,03_US10Y,1.0,1.2162
157,2013-11,0,00_Copper,3,03_US10Y,1.0,1.4738
158,2013-12,0,00_Copper,3,03_US10Y,1.0,1.8255
159,2014-01,0,00_Copper,3,03_US10Y,1.0,2.0911
160,2014-02,0,00_Copper,3,03_US10Y,1.0,2.2702
161,2014-03,0,00_Copper,3,03_US10Y,1.0,2.4157
162,2014-04,0,00_Copper,3,03_US10Y,1.0,2.5669
163,2014-05,0,00_Copper,3,03_US10Y,1.0,2.7654
164,2014-06,0,00_Copper,3,03_US10Y,1.0,3.0755
165,2014-07,0,00_Copper,3,03_US10Y,1.0,-2.6949
166,2014-08,0,00_Copper,3,03_US10Y,1.0,-1.945
167,2014-09,0,00_Copper,3,03_US10Y,1.0,-1.1326
168,2014-10,0,00_Copper,3,03_US10Y,1.0,-0.4207
169,2014-11,0,00_Copper,3,03_US10Y,1.0,0.2224
170,2014-12,0,00_Copper,3,03_US10Y,1.0,0.8242
171,2015-01,0,00_Copper,3,03_US10Y,1.0,1.363
172,2015-02,0,00_Copper,3,03_US10Y,1.0,1.8298
173,2015-03,0,00_Copper,3,03_US10Y,1.0,2.2316
174,2015-04,0,00_Copper,3,03_US10Y,1.0,2.5746
175,2015-05,0,00_Copper,3,03_US10Y,1.0,2.8626
176,2015-06,0,00_Copper,3,03_US10Y,1.0,3.0981
177,2015-07,0,00_Copper,3,03_US10Y,1.0,-3.0037
178,2015-08,0,00_Copper,3,03_US10Y,1.0,-2.896
179,2015-09,0,00_Copper,3,03_US10Y,1.0,-2.9738
180,2015-10,0,00_Copper,3,03_US10Y,1.0,2.5351
181,2015-11,0,00_Copper,3,03_US10Y,1.0,2.9733
182,2015-12,0,00_Copper,3,03_US10Y,1.0,-2.111
183,2016-01,0,00_Copper,3,03_US10Y,1.0,-1.9435
184,2016-02,0,00_Copper,3,03_US10Y,1.0,-1.8491
185,2016-03,0,00_Copper,3,03_US10Y,1.0,-1.754
186,2016-04,0,00_Copper,3,03_US10Y,1.0,-1.6442
187,2016-05,0,00_Copper,3,03_US10Y,1.0,-1.5517
188,2016-06,0,00_Copper,3,03_US10Y,1.0,-1.5315
189,2016-07,0,00_Copper,3,03_US10Y,1.0,-1.5744
190,2016-08,0,00_Copper,3,03_US10Y,1.0,-1.6192
191,2016-09,0,00_Copper,3,03_US10Y,1.0,-1.6258
192,2016-10,0,00_Copper,3,03_US10Y,1.0,-1.5965
193,2016-11,0,00_Copper,3,03_US10Y,1.0,-1.5498
194,2016-12,0,00_Copper,3,03_US10Y,1.0,-1.4959
195,2017-01,0,00_Copper,3,03_US10Y,1.0,-1.4305
196,2017-02,0,00_Copper,3,03_US10Y,1.0,-1.339
197,2017-03,0,00_Copper,3,03_US10Y,1.0,-1.1993
198,2017-04,0,00_Copper,3,03_US10Y,1.0,-0.9783
199,2017-05,0,00_Copper,3,03_US10Y,1.0,-0.6282
200,2017-06,0,00_Copper,3,03_US10Y,1.0,-0.1002
201,2017-07,0,00_Copper,3,03_US10Y,1.0,0.5735
202,2017-08,0,00_Copper,3,03_US10Y,1.0,1.2222
203,2017-09,0,00_Copper,3,03_US10Y,1.0,1.7352
204,2017-10,0,00_Copper,3,03_US10Y,1.0,2.1319
205,2017-11,0,00_Copper,3,03_US10Y,1.0,2.4558
206,2017-12,0,00_Copper,3,03_US10Y,1.0,2.7372
207,2018-01,0,00_Copper,3,03_US10Y,1.0,2.9943
208,2018-02,0,00_Copper,3,03_US10Y,1.0,-3.0422
209,2018-03,0,00_Copper,3,03_US10Y,1.0,-2.7949
210,2018-04,0,00_Copper,3,03_US10Y,1.0,-2.5259
211,2018-05,0,00_Copper,3,03_US10Y,1.0,-2.1302
212,2018-06,0,00_Copper,3,03_US10Y,1.0,-0.9342
213,2018-07,0,00_Copper,3,03_US10Y,1.0,0.0093
214,2018-08,0,00_Copper,3,03_US10Y,1.0,0.1392
215,2018-09,0,00_Copper,3,03_US10Y,1.0,0.0923
216,2018-10,0,00_Copper,3,03_US10Y,1.0,0.0224
217,2018-11,0,00_Copper,3,03_US10Y,1.0,-0.0157
218,2018-12,0,00_Copper,3,03_US10Y,1.0,-0.0131
219,2019-01,0,00_Copper,3,03_US10Y,1.0,0.0212
220,2019-02,0,00_Copper,3,03_US10Y,1.0,0.0682
221,2019-03,0,00_Copper,3,03_US10Y,1.0,0.0979
222,2019-04,0,00_Copper,3,03_US10Y,1.0,0.0774
223,2019-05,0,00_Copper,3,03_US10Y,1.0,0.0018
224,2019-06,0,00_Copper,3,03_US10Y,1.0,-0.0709
225,2019-07,0,00_Copper,3,03_US10Y,1.0,-0.0572
226,2019-08,0,00_Copper,3,03_US10Y,1.0,0.0906
227,2019-09,0,00_Copper,3,03_US10Y,1.0,0.4054
228,2019-10,0,00_Copper,3,03_US10Y,1.0,0.8737
229,2019-11,0,00_Copper,3,03_US10Y,1.0,1.3151
230,2019-12,0,00_Copper,3,03_US10Y,1.0,1.5918
231,2020-01,0,00_Copper,3,03_US10Y,1.0,1.7366
232,2020-02,0,00_Copper,3,03_US10Y,1.0,1.8038
233,2020-03,0,00_Copper,3,03_US10Y,1.0,1.8228
234,2020-04,0,00_Copper,3,03_US10Y,1.0,1.8093
235,2020-05,0,00_Copper,3,03_US10Y,1.0,1.7754
236,2020-06,0,00_Copper,3,03_US10Y,1.0,1.7312
237,2020-07,0,00_Copper,3,03_US10Y,1.0,1.6836
238,2020-08,0,00_Copper,3,03_US10Y,1.0,1.6404
239,2020-09,0,00_Copper,3,03_US10Y,1.0,1.7842
240,2020-10,0,00_Copper,3,03_US10Y,1.0,-1.913
241,2020-11,0,00_Copper,3,03_US10Y,1.0,-2.3032
242,2020-12,0,00_Copper,3,03_US10Y,1.0,-2.9201
243,2021-01,0,00_Copper,3,03_US10Y,1.0,2.9358
244,2021-02,0,00_Copper,3,03_US10Y,1.0,2.7182
245,2021-03,0,00_Copper,3,03_US10Y,1.0,2.6072
246,2021-04,0,00_Copper,3,03_US10Y,1.0,2.5879
247,2021-05,0,00_Copper,3,03_US10Y,1.0,2.707
248,2021-06,0,00_Copper,3,03_US10Y,1.0,2.9591
249,2021-07,0,00_Copper,3,03_US10Y,1.0,3.1275
250,2021-08,0,00_Copper,3,03_US10Y,1.0,3.0975
251,2021-09,0,00_Copper,3,03_US10Y,1.0,2.9504
252,2021-10,0,00_Copper,3,03_US10Y,1.0,2.7813
253,2021-11,0,00_Copper,3,03_US10Y,1.0,2.6576
254,2021-12,0,00_Copper,3,03_US10Y,1.0,2.6161
255,2022-01,0,00_Copper,3,03_US10Y,1.0,2.6682
256,2022-02,0,00_Copper,3,03_US10Y,1.0,2.8029
257,2022-03,0,00_Copper,3,03_US10Y,1.0,2.9974
258,2022-04,0,00_Copper,3,03_US10Y,1.0,-3.0391
259,2022-05,0,00_Copper,3,03_US10Y,1.0,-2.7818
260,2022-06,0,00_Copper,3,03_US10Y,1.0,-2.6377
261,2022-07,0,00_Copper,3,03_US10Y,1.0,-2.658
262,2022-08,0,00_Copper,3,03_US10Y,1.0,-2.8028
263,2022-09,0,00_Copper,3,03_US10Y,1.0,-3.0417
264,2022-10,0,00_Copper,3,03_US10Y,1.0,2.9141
265,2022-11,0,00_Copper,3,03_US10Y,1.0,2.51
266,2022-12,0,00_Copper,3,03_US10Y,1.0,2.0908
267,2023-01,0,00_Copper,3,03_US10Y,1.0,1.7345
268,2023-02,0,00_Copper,3,03_US10Y,1.0,1.4683
12,2001-10,0,00_Copper,4,04_US_Economy,1.0,-0.1439
13,2001-11,0,00_Copper,4,04_US_Economy,1.0,-0.2475
14,2001-12,0,00_Copper,4,04_US_Economy,1.0,-0.4191
15,2002-01,0,00_Copper,4,04_US_Economy,1.0,-0.6743
16,2002-02,0,00_Copper,4,04_US_Economy,1.0,-1.0362
17,2002-03,0,00_Copper,4,04_US_Economy,1.0,-1.4861
18,2002-04,0,00_Copper,4,04_US_Economy,1.0,-1.9232
19,2002-05,0,00_Copper,4,04_US_Economy,1.0,-2.2512
20,2002-06,0,00_Copper,4,04_US_Economy,1.0,-2.4394
21,2002-07,0,00_Copper,4,04_US_Economy,1.0,-2.504
22,2002-08,0,00_Copper,4,04_US_Economy,1.0,-2.4953
23,2002-09,0,00_Copper,4,04_US_Economy,1.0,-2.4653
24,2002-10,0,00_Copper,4,04_US_Economy,1.0,-2.4433
25,2002-11,0,00_Copper,4,04_US_Economy,1.0,-2.4403
26,2002-12,0,00_Copper,4,04_US_Economy,1.0,-2.4566
27,2003-01,0,00_Copper,4,04_US_Economy,1.0,-2.4834
28,2003-02,0,00_Copper,4,04_US_Economy,1.0,-2.5107
29,2003-03,0,00_Copper,4,04_US_Economy,1.0,-2.5557
30,2003-04,0,00_Copper,4,04_US_Economy,1.0,-2.7953
31,2003-05,0,00_Copper,4,04_US_Economy,1.0,2.0839
32,2003-06,0,00_Copper,4,04_US_Economy,1.0,1.6494
33,2003-07,0,00_Copper,4,04_US_Economy,1.0,1.7067
34,2003-08,0,00_Copper,4,04_US_Economy,1.0,1.8511
35,2003-09,0,00_Copper,4,04_US_Economy,1.0,2.008
36,2003-10,0,00_Copper,4,04_US_Economy,1.0,2.0768
37,2003-11,0,00_Copper,4,04_US_Economy,1.0,1.3955
38,2003-12,0,00_Copper,4,04_US_Economy,1.0,0.9434
39,2004-01,0,00_Copper,4,04_US_Economy,1.0,1.7026
40,2004-02,0,00_Copper,4,04_US_Economy,1.0,2.158
41,2004-03,0,00_Copper,4,04_US_Economy,1.0,2.3507
42,2004-04,0,00_Copper,4,04_US_Economy,1.0,2.4599
43,2004-05,0,00_Copper,4,04_US_Economy,1.0,2.553
44,2004-06,0,00_Copper,4,04_US_Economy,1.0,2.6623
45,2004-07,0,00_Copper,4,04_US_Economy,1.0,2.7997
46,2004-08,0,00_Copper,4,04_US_Economy,1.0,2.9407
47,2004-09,0,00_Copper,4,04_US_Economy,1.0,2.9871
48,2004-10,0,00_Copper,4,04_US_Economy,1.0,2.7163
49,2004-11,0,00_Copper,4,04_US_Economy,1.0,1.9968
50,2004-12,0,00_Copper,4,04_US_Economy,1.0,1.5146
51,2005-01,0,00_Copper,4,04_US_Economy,1.0,1.2851
52,2005-02,0,00_Copper,4,04_US_Economy,1.0,1.1196
53,2005-03,0,00_Copper,4,04_US_Economy,1.0,0.9738
54,2005-04,0,00_Copper,4,04_US_Economy,1.0,0.8498
55,2005-05,0,00_Copper,4,04_US_Economy,1.0,0.7407
56,2005-06,0,00_Copper,4,04_US_Economy,1.0,0.6185
57,2005-07,0,00_Copper,4,04_US_Economy,1.0,0.4282
58,2005-08,0,00_Copper,4,04_US_Economy,1.0,0.1168
59,2005-09,0,00_Copper,4,04_US_Economy,1.0,-0.118
60,2005-10,0,00_Copper,4,04_US_Economy,1.0,0.0293
61,2005-11,0,00_Copper,4,04_US_Economy,1.0,0.3347
62,2005-12,0,00_Copper,4,04_US_Economy,1.0,0.5438
63,2006-01,0,00_Copper,4,04_US_Economy,1.0,0.6658
64,2006-02,0,00_Copper,4,04_US_Economy,1.0,0.7492
65,2006-03,0,00_Copper,4,04_US_Economy,1.0,0.8222
66,2006-04,0,00_Copper,4,04_US_Economy,1.0,0.8985
67,2006-05,0,00_Copper,4,04_US_Economy,1.0,0.9806
68,2006-06,0,00_Copper,4,04_US_Economy,1.0,1.0614
69,2006-07,0,00_Copper,4,04_US_Economy,1.0,1.1187
70,2006-08,0,00_Copper,4,04_US_Economy,1.0,1.0987
71,2006-09,0,00_Copper,4,04_US_Economy,1.0,0.8407
72,2006-10,0,00_Copper,4,04_US_Economy,1.0,-0.3855
73,2006-11,0,00_Copper,4,04_US_Economy,1.0,-2.211
74,2006-12,0,00_Copper,4,04_US_Economy,1.0,-2.8339
75,2007-01,0,00_Copper,4,04_US_Economy,1.0,-3.0662
76,2007-02,0,00_Copper,4,04_US_Economy,1.0,3.0834
77,2007-03,0,00_Copper,4,04_US_Economy,1.0,2.9438
78,2007-04,0,00_Copper,4,04_US_Economy,1.0,2.7417
79,2007-05,0,00_Copper,4,04_US_Economy,1.0,2.4209
80,2007-06,0,00_Copper,4,04_US_Economy,1.0,1.9395
81,2007-07,0,00_Copper,4,04_US_Economy,1.0,1.4171
82,2007-08,0,00_Copper,4,04_US_Economy,1.0,1.0599
83,2007-09,0,00_Copper,4,04_US_Economy,1.0,0.8905
84,2007-10,0,00_Copper,4,04_US_Economy,1.0,0.8714
85,2007-11,0,00_Copper,4,04_US_Economy,1.0,0.9952
86,2007-12,0,00_Copper,4,04_US_Economy,1.0,1.2703
87,2008-01,0,00_Copper,4,04_US_Economy,1.0,1.6678
88,2008-02,0,00_Copper,4,04_US_Economy,1.0,2.1052
89,2008-03,0,00_Copper,4,04_US_Economy,1.0,2.55
90,2008-04,0,00_Copper,4,04_US_Economy,1.0,3.0852
91,2008-05,0,00_Copper,4,04_US_Economy,1.0,-2.4515
92,2008-06,0,00_Copper,4,04_US_Economy,1.0,-1.7156
93,2008-07,0,00_Copper,4,04_US_Economy,1.0,-1.24
94,2008-08,0,00_Copper,4,04_US_Economy,1.0,-0.9213
95,2008-09,0,00_Copper,4,04_US_Economy,1.0,-0.6653
96,2008-10,0,00_Copper,4,04_US_Economy,1.0,-0.4329
97,2008-11,0,00_Copper,4,04_US_Economy,1.0,-0.2131
98,2008-12,0,00_Copper,4,04_US_Economy,1.0,-0.0127
99,2009-01,0,00_Copper,4,04_US_Economy,1.0,0.1511
100,2009-02,0,00_Copper,4,04_US_Economy,1.0,0.2636
101,2009-03,0,00_Copper,4,04_US_Economy,1.0,0.3197
102,2009-04,0,00_Copper,4,04_US_Economy,1.0,0.3232
103,2009-05,0,00_Copper,4,04_US_Economy,1.0,0.2829
104,2009-06,0,00_Copper,4,04_US_Economy,1.0,0.213
105,2009-07,0,00_Copper,4,04_US_Economy,1.0,0.1321
106,2009-08,0,00_Copper,4,04_US_Economy,1.0,0.0612
107,2009-09,0,00_Copper,4,04_US_Economy,1.0,0.0144
108,2009-10,0,00_Copper,4,04_US_Economy,1.0,-0.0126
109,2009-11,0,00_Copper,4,04_US_Economy,1.0,-0.0376
110,2009-12,0,00_Copper,4,04_US_Economy,1.0,-0.0714
111,2010-01,0,00_Copper,4,04_US_Economy,1.0,-0.1091
112,2010-02,0,00_Copper,4,04_US_Economy,1.0,-0.141
113,2010-03,0,00_Copper,4,04_US_Economy,1.0,-0.1605
114,2010-04,0,00_Copper,4,04_US_Economy,1.0,-0.1618
115,2010-05,0,00_Copper,4,04_US_Economy,1.0,-0.1366
116,2010-06,0,00_Copper,4,04_US_Economy,1.0,-0.0695
117,2010-07,0,00_Copper,4,04_US_Economy,1.0,0.0696
118,2010-08,0,00_Copper,4,04_US_Economy,1.0,0.3429
119,2010-09,0,00_Copper,4,04_US_Economy,1.0,0.8537
120,2010-10,0,00_Copper,4,04_US_Economy,1.0,1.6259
121,2010-11,0,00_Copper,4,04_US_Economy,1.0,-2.1451
122,2010-12,0,00_Copper,4,04_US_Economy,1.0,-1.2149
123,2011-01,0,00_Copper,4,04_US_Economy,1.0,-0.9385
124,2011-02,0,00_Copper,4,04_US_Economy,1.0,-0.8355
125,2011-03,0,00_Copper,4,04_US_Economy,1.0,-1.0152
126,2011-04,0,00_Copper,4,04_US_Economy,1.0,-1.2194
127,2011-05,0,00_Copper,4,04_US_Economy,1.0,-0.4331
128,2011-06,0,00_Copper,4,04_US_Economy,1.0,0.0234
129,2011-07,0,00_Copper,4,04_US_Economy,1.0,0.2053
130,2011-08,0,00_Copper,4,04_US_Economy,1.0,0.3042
131,2011-09,0,00_Copper,4,04_US_Economy,1.0,0.3591
132,2011-10,0,00_Copper,4,04_US_Economy,1.0,0.3799
133,2011-11,0,00_Copper,4,04_US_Economy,1.0,0.369
134,2011-12,0,00_Copper,4,04_US_Economy,1.0,0.3261
135,2012-01,0,00_Copper,4,04_US_Economy,1.0,0.2502
136,2012-02,0,00_Copper,4,04_US_Economy,1.0,0.1409
137,2012-03,0,00_Copper,4,04_US_Economy,1.0,0.0006
138,2012-04,0,00_Copper,4,04_US_Economy,1.0,-0.1629
139,2012-05,0,00_Copper,4,04_US_Economy,1.0,-0.3358
140,2012-06,0,00_Copper,4,04_US_Economy,1.0,-0.51
141,2012-07,0,00_Copper,4,04_US_Economy,1.0,-0.7067
142,2012-08,0,00_Copper,4,04_US_Economy,1.0,-1.0627
143,2012-09,0,00_Copper,4,04_US_Economy,1.0,-2.7808
144,2012-10,0,00_Copper,4,04_US_Economy,1.0,1.3801
145,2012-11,0,00_Copper,4,04_US_Economy,1.0,0.5325
146,2012-12,0,00_Copper,4,04_US_Economy,1.0,0.3388
147,2013-01,0,00_Copper,4,04_US_Economy,1.0,0.3242
148,2013-02,0,00_Copper,4,04_US_Economy,1.0,0.4117
149,2013-03,0,00_Copper,4,04_US_Economy,1.0,0.6358
150,2013-04,0,00_Copper,4,04_US_Economy,1.0,1.151
151,2013-05,0,00_Copper,4,04_US_Economy,1.0,1.9113
152,2013-06,0,00_Copper,4,04_US_Economy,1.0,2.3606
153,2013-07,0,00_Copper,4,04_US_Economy,1.0,2.557
154,2013-08,0,00_Copper,4,04_US_Economy,1.0,2.6709
155,2013-09,0,00_Copper,4,04_US_Economy,1.0,2.7961
156,2013-10,0,00_Copper,4,04_US_Economy,1.0,3.0159
157,2013-11,0,00_Copper,4,04_US_Economy,1.0,-2.897
158,2013-12,0,00_Copper,4,04_US_Economy,1.0,-2.4796
159,2014-01,0,00_Copper,4,04_US_Economy,1.0,-2.1676
160,2014-02,0,00_Copper,4,04_US_Economy,1.0,-1.9482
161,2014-03,0,00_Copper,4,04_US_Economy,1.0,-1.7604
162,2014-04,0,00_Copper,4,04_US_Economy,1.0,-1.5646
163,2014-05,0,00_Copper,4,04_US_Economy,1.0,-1.3445
164,2014-06,0,00_Copper,4,04_US_Economy,1.0,-1.1182
165,2014-07,0,00_Copper,4,04_US_Economy,1.0,-0.9588
166,2014-08,0,00_Copper,4,04_US_Economy,1.0,-0.8312
167,2014-09,0,00_Copper,4,04_US_Economy,1.0,-0.4821
168,2014-10,0,00_Copper,4,04_US_Economy,1.0,0.0143
169,2014-11,0,00_Copper,4,04_US_Economy,1.0,0.5501
170,2014-12,0,00_Copper,4,04_US_Economy,1.0,1.0688
171,2015-01,0,00_Copper,4,04_US_Economy,1.0,1.5167
172,2015-02,0,00_Copper,4,04_US_Economy,1.0,1.8781
173,2015-03,0,00_Copper,4,04_US_Economy,1.0,2.163
174,2015-04,0,00_Copper,4,04_US_Economy,1.0,2.3829
175,2015-05,0,00_Copper,4,04_US_Economy,1.0,2.5449
176,2015-06,0,00_Copper,4,04_US_Economy,1.0,2.6576
177,2015-07,0,00_Copper,4,04_US_Economy,1.0,2.7368
178,2015-08,0,00_Copper,4,04_US_Economy,1.0,2.8039
179,2015-09,0,00_Copper,4,04_US_Economy,1.0,2.8878
180,2015-10,0,00_Copper,4,04_US_Economy,1.0,3.068
181,2015-11,0,00_Copper,4,04_US_Economy,1.0,-2.0214
182,2015-12,0,00_Copper,4,04_US_Economy,1.0,-0.6908
183,2016-01,0,00_Copper,4,04_US_Economy,1.0,-0.5273
184,2016-02,0,00_Copper,4,04_US_Economy,1.0,-0.477
185,2016-03,0,00_Copper,4,04_US_Economy,1.0,-0.4385
186,2016-04,0,00_Copper,4,04_US_Economy,1.0,-0.3824
187,2016-05,0,00_Copper,4,04_US_Economy,1.0,-0.3334
188,2016-06,0,00_Copper,4,04_US_Economy,1.0,-0.357
189,2016-07,0,00_Copper,4,04_US_Economy,1.0,-0.4715
190,2016-08,0,00_Copper,4,04_US_Economy,1.0,-0.6368
191,2016-09,0,00_Copper,4,04_US_Economy,1.0,-0.8057
192,2016-10,0,00_Copper,4,04_US_Economy,1.0,-0.9486
193,2016-11,0,00_Copper,4,04_US_Economy,1.0,-1.0473
194,2016-12,0,00_Copper,4,04_US_Economy,1.0,-1.078
195,2017-01,0,00_Copper,4,04_US_Economy,1.0,-0.9927
196,2017-02,0,00_Copper,4,04_US_Economy,1.0,-0.6815
197,2017-03,0,00_Copper,4,04_US_Economy,1.0,-0.0707
198,2017-04,0,00_Copper,4,04_US_Economy,1.0,0.4767
199,2017-05,0,00_Copper,4,04_US_Economy,1.0,0.8547
200,2017-06,0,00_Copper,4,04_US_Economy,1.0,1.2725
201,2017-07,0,00_Copper,4,04_US_Economy,1.0,1.8355
202,2017-08,0,00_Copper,4,04_US_Economy,1.0,2.4902
203,2017-09,0,00_Copper,4,04_US_Economy,1.0,3.1405
204,2017-10,0,00_Copper,4,04_US_Economy,1.0,-2.6264
205,2017-11,0,00_Copper,4,04_US_Economy,1.0,-2.2777
206,2017-12,0,00_Copper,4,04_US_Economy,1.0,-2.031
207,2018-01,0,00_Copper,4,04_US_Economy,1.0,-1.8263
208,2018-02,0,00_Copper,4,04_US_Economy,1.0,-1.6236
209,2018-03,0,00_Copper,4,04_US_Economy,1.0,-1.3935
210,2018-04,0,00_Copper,4,04_US_Economy,1.0,-1.1028
211,2018-05,0,00_Copper,4,04_US_Economy,1.0,-0.635
212,2018-06,0,00_Copper,4,04_US_Economy,1.0,0.6924
213,2018-07,0,00_Copper,4,04_US_Economy,1.0,1.826
214,2018-08,0,00_Copper,4,04_US_Economy,1.0,2.184
215,2018-09,0,00_Copper,4,04_US_Economy,1.0,2.3465
216,2018-10,0,00_Copper,4,04_US_Economy,1.0,2.3654
217,2018-11,0,00_Copper,4,04_US_Economy,1.0,1.7508
218,2018-12,0,00_Copper,4,04_US_Economy,1.0,-0.0506
219,2019-01,0,00_Copper,4,04_US_Economy,1.0,-0.2235
220,2019-02,0,00_Copper,4,04_US_Economy,1.0,-0.2606
221,2019-03,0,00_Copper,4,04_US_Economy,1.0,-0.2659
222,2019-04,0,00_Copper,4,04_US_Economy,1.0,-0.2632
223,2019-05,0,00_Copper,4,04_US_Economy,1.0,-0.2631
224,2019-06,0,00_Copper,4,04_US_Economy,1.0,-0.2679
225,2019-07,0,00_Copper,4,04_US_Economy,1.0,-0.273
226,2019-08,0,00_Copper,4,04_US_Economy,1.0,-0.2738
227,2019-09,0,00_Copper,4,04_US_Economy,1.0,-0.2633
228,2019-10,0,00_Copper,4,04_US_Economy,1.0,-0.1598
229,2019-11,0,00_Copper,4,04_US_Economy,1.0,2.8141
230,2019-12,0,00_Copper,4,04_US_Economy,1.0,2.8443
231,2020-01,0,00_Copper,4,04_US_Economy,1.0,2.8657
232,2020-02,0,00_Copper,4,04_US_Economy,1.0,2.8974
233,2020-03,0,00_Copper,4,04_US_Economy,1.0,2.9456
234,2020-04,0,00_Copper,4,04_US_Economy,1.0,3.0193
235,2020-05,0,00_Copper,4,04_US_Economy,1.0,3.1331
236,2020-06,0,00_Copper,4,04_US_Economy,1.0,-2.9812
237,2020-07,0,00_Copper,4,04_US_Economy,1.0,-2.7514
238,2020-08,0,00_Copper,4,04_US_Economy,1.0,-2.4677
239,2020-09,0,00_Copper,4,04_US_Economy,1.0,-1.9626
240,2020-10,0,00_Copper,4,04_US_Economy,1.0,1.0523
241,2020-11,0,00_Copper,4,04_US_Economy,1.0,1.2757
242,2020-12,0,00_Copper,4,04_US_Economy,1.0,1.4149
243,2021-01,0,00_Copper,4,04_US_Economy,1.0,1.4904
244,2021-02,0,00_Copper,4,04_US_Economy,1.0,1.5119
245,2021-03,0,00_Copper,4,04_US_Economy,1.0,1.4902
246,2021-04,0,00_Copper,4,04_US_Economy,1.0,1.4343
247,2021-05,0,00_Copper,4,04_US_Economy,1.0,1.3475
248,2021-06,0,00_Copper,4,04_US_Economy,1.0,1.2249
249,2021-07,0,00_Copper,4,04_US_Economy,1.0,1.0567
250,2021-08,0,00_Copper,4,04_US_Economy,1.0,0.8394
251,2021-09,0,00_Copper,4,04_US_Economy,1.0,0.5889
252,2021-10,0,00_Copper,4,04_US_Economy,1.0,0.3367
253,2021-11,0,00_Copper,4,04_US_Economy,1.0,0.1154
254,2021-12,0,00_Copper,4,04_US_Economy,1.0,-0.0566
255,2022-01,0,00_Copper,4,04_US_Economy,1.0,-0.1659
256,2022-02,0,00_Copper,4,04_US_Economy,1.0,-0.1907
257,2022-03,0,00_Copper,4,04_US_Economy,1.0,-0.0943
258,2022-04,0,00_Copper,4,04_US_Economy,1.0,0.161
259,2022-05,0,00_Copper,4,04_US_Economy,1.0,0.5357
260,2022-06,0,00_Copper,4,04_US_Economy,1.0,0.8758
261,2022-07,0,00_Copper,4,04_US_Economy,1.0,1.0903
262,2022-08,0,00_Copper,4,04_US_Economy,1.0,1.1869
263,2022-09,0,00_Copper,4,04_US_Economy,1.0,1.1797
264,2022-10,0,00_Copper,4,04_US_Economy,1.0,1.0691
265,2022-11,0,00_Copper,4,04_US_Economy,1.0,0.8677
266,2022-12,0,00_Copper,4,04_US_Economy,1.0,0.6386
267,2023-01,0,00_Copper,4,04_US_Economy,1.0,0.4565
268,2023-02,0,00_Copper,4,04_US_Economy,1.0,0.3324
12,2001-10,0,00_Copper,5,05_US_Inflation,1.0,-3.0705
13,2001-11,0,00_Copper,5,05_US_Inflation,1.0,3.0772
14,2001-12,0,00_Copper,5,05_US_Inflation,1.0,2.9877
15,2002-01,0,00_Copper,5,05_US_Inflation,1.0,2.923
16,2002-02,0,00_Copper,5,05_US_Inflation,1.0,2.8568
17,2002-03,0,00_Copper,5,05_US_Inflation,1.0,2.7591
18,2002-04,0,00_Copper,5,05_US_Inflation,1.0,2.6403
19,2002-05,0,00_Copper,5,05_US_Inflation,1.0,2.5362
20,2002-06,0,00_Copper,5,05_US_Inflation,1.0,2.4569
21,2002-07,0,00_Copper,5,05_US_Inflation,1.0,2.4031
22,2002-08,0,00_Copper,5,05_US_Inflation,1.0,2.3906
23,2002-09,0,00_Copper,5,05_US_Inflation,1.0,2.5366
24,2002-10,0,00_Copper,5,05_US_Inflation,1.0,-2.1115
25,2002-11,0,00_Copper,5,05_US_Inflation,1.0,-1.4854
26,2002-12,0,00_Copper,5,05_US_Inflation,1.0,-1.4731
27,2003-01,0,00_Copper,5,05_US_Inflation,1.0,-1.5353
28,2003-02,0,00_Copper,5,05_US_Inflation,1.0,-1.602
29,2003-03,0,00_Copper,5,05_US_Inflation,1.0,-1.6468
30,2003-04,0,00_Copper,5,05_US_Inflation,1.0,-1.6584
31,2003-05,0,00_Copper,5,05_US_Inflation,1.0,-1.6348
32,2003-06,0,00_Copper,5,05_US_Inflation,1.0,-1.588
33,2003-07,0,00_Copper,5,05_US_Inflation,1.0,-1.5279
34,2003-08,0,00_Copper,5,05_US_Inflation,1.0,1.2269
35,2003-09,0,00_Copper,5,05_US_Inflation,1.0,1.6081
36,2003-10,0,00_Copper,5,05_US_Inflation,1.0,1.6529
37,2003-11,0,00_Copper,5,05_US_Inflation,1.0,1.7571
38,2003-12,0,00_Copper,5,05_US_Inflation,1.0,2.1396
39,2004-01,0,00_Copper,5,05_US_Inflation,1.0,2.8151
40,2004-02,0,00_Copper,5,05_US_Inflation,1.0,3.0174
41,2004-03,0,00_Copper,5,05_US_Inflation,1.0,2.8871
42,2004-04,0,00_Copper,5,05_US_Inflation,1.0,2.6486
43,2004-05,0,00_Copper,5,05_US_Inflation,1.0,2.413
44,2004-06,0,00_Copper,5,05_US_Inflation,1.0,2.2334
45,2004-07,0,00_Copper,5,05_US_Inflation,1.0,2.1241
46,2004-08,0,00_Copper,5,05_US_Inflation,1.0,2.0711
47,2004-09,0,00_Copper,5,05_US_Inflation,1.0,2.0269
48,2004-10,0,00_Copper,5,05_US_Inflation,1.0,1.9345
49,2004-11,0,00_Copper,5,05_US_Inflation,1.0,1.7596
50,2004-12,0,00_Copper,5,05_US_Inflation,1.0,1.496
51,2005-01,0,00_Copper,5,05_US_Inflation,1.0,1.1561
52,2005-02,0,00_Copper,5,05_US_Inflation,1.0,0.7693
53,2005-03,0,00_Copper,5,05_US_Inflation,1.0,0.3782
54,2005-04,0,00_Copper,5,05_US_Inflation,1.0,0.0129
55,2005-05,0,00_Copper,5,05_US_Inflation,1.0,-0.4134
56,2005-06,0,00_Copper,5,05_US_Inflation,1.0,-2.6076
57,2005-07,0,00_Copper,5,05_US_Inflation,1.0,3.087
58,2005-08,0,00_Copper,5,05_US_Inflation,1.0,3.0822
59,2005-09,0,00_Copper,5,05_US_Inflation,1.0,-2.9708
60,2005-10,0,00_Copper,5,05_US_Inflation,1.0,-2.5155
61,2005-11,0,00_Copper,5,05_US_Inflation,1.0,-2.0491
62,2005-12,0,00_Copper,5,05_US_Inflation,1.0,-1.7435
63,2006-01,0,00_Copper,5,05_US_Inflation,1.0,-1.5436
64,2006-02,0,00_Copper,5,05_US_Inflation,1.0,-1.3704
65,2006-03,0,00_Copper,5,05_US_Inflation,1.0,-1.1602
66,2006-04,0,00_Copper,5,05_US_Inflation,1.0,-0.8468
67,2006-05,0,00_Copper,5,05_US_Inflation,1.0,-0.4057
68,2006-06,0,00_Copper,5,05_US_Inflation,1.0,0.0249
69,2006-07,0,00_Copper,5,05_US_Inflation,1.0,0.299
70,2006-08,0,00_Copper,5,05_US_Inflation,1.0,0.4136
71,2006-09,0,00_Copper,5,05_US_Inflation,1.0,0.3366
72,2006-10,0,00_Copper,5,05_US_Inflation,1.0,-0.465
73,2006-11,0,00_Copper,5,05_US_Inflation,1.0,-1.63
74,2006-12,0,00_Copper,5,05_US_Inflation,1.0,-1.8506
75,2007-01,0,00_Copper,5,05_US_Inflation,1.0,-1.8998
76,2007-02,0,00_Copper,5,05_US_Inflation,1.0,-1.9103
77,2007-03,0,00_Copper,5,05_US_Inflation,1.0,-1.9113
78,2007-04,0,00_Copper,5,05_US_Inflation,1.0,-1.902
79,2007-05,0,00_Copper,5,05_US_Inflation,1.0,-1.8106
80,2007-06,0,00_Copper,5,05_US_Inflation,1.0,-1.4629
81,2007-07,0,00_Copper,5,05_US_Inflation,1.0,-1.327
82,2007-08,0,00_Copper,5,05_US_Inflation,1.0,-1.4882
83,2007-09,0,00_Copper,5,05_US_Inflation,1.0,-1.6821
84,2007-10,0,00_Copper,5,05_US_Inflation,1.0,-1.8296
85,2007-11,0,00_Copper,5,05_US_Inflation,1.0,-1.8776
86,2007-12,0,00_Copper,5,05_US_Inflation,1.0,-1.7983
87,2008-01,0,00_Copper,5,05_US_Inflation,1.0,-1.5989
88,2008-02,0,00_Copper,5,05_US_Inflation,1.0,-1.2935
89,2008-03,0,00_Copper,5,05_US_Inflation,1.0,-0.8713
90,2008-04,0,00_Copper,5,05_US_Inflation,1.0,-0.2586
91,2008-05,0,00_Copper,5,05_US_Inflation,1.0,0.6423
92,2008-06,0,00_Copper,5,05_US_Inflation,1.0,1.5851
93,2008-07,0,00_Copper,5,05_US_Inflation,1.0,2.2845
94,2008-08,0,00_Copper,5,05_US_Inflation,1.0,2.8031
95,2008-09,0,00_Copper,5,05_US_Inflation,1.0,-3.0759
96,2008-10,0,00_Copper,5,05_US_Inflation,1.0,-2.7522
97,2008-11,0,00_Copper,5,05_US_Inflation,1.0,-2.4911
98,2008-12,0,00_Copper,5,05_US_Inflation,1.0,-2.2895
99,2009-01,0,00_Copper,5,05_US_Inflation,1.0,-2.1563
100,2009-02,0,00_Copper,5,05_US_Inflation,1.0,-2.1014
101,2009-03,0,00_Copper,5,05_US_Inflation,1.0,-2.1273
102,2009-04,0,00_Copper,5,05_US_Inflation,1.0,-2.2299
103,2009-05,0,00_Copper,5,05_US_Inflation,1.0,-2.3995
104,2009-06,0,00_Copper,5,05_US_Inflation,1.0,-2.6213
105,2009-07,0,00_Copper,5,05_US_Inflation,1.0,-2.8773
106,2009-08,0,00_Copper,5,05_US_Inflation,1.0,3.1312
107,2009-09,0,00_Copper,5,05_US_Inflation,1.0,2.8433
108,2009-10,0,00_Copper,5,05_US_Inflation,1.0,2.5314
109,2009-11,0,00_Copper,5,05_US_Inflation,1.0,2.1578
110,2009-12,0,00_Copper,5,05_US_Inflation,1.0,1.5862
111,2010-01,0,00_Copper,5,05_US_Inflation,1.0,0.6117
112,2010-02,0,00_Copper,5,05_US_Inflation,1.0,-0.1184
113,2010-03,0,00_Copper,5,05_US_Inflation,1.0,-0.4316
114,2010-04,0,00_Copper,5,05_US_Inflation,1.0,-0.5699
115,2010-05,0,00_Copper,5,05_US_Inflation,1.0,-0.617
116,2010-06,0,00_Copper,5,05_US_Inflation,1.0,-0.5928
117,2010-07,0,00_Copper,5,05_US_Inflation,1.0,-0.4843
118,2010-08,0,00_Copper,5,05_US_Inflation,1.0,-0.2485
119,2010-09,0,00_Copper,5,05_US_Inflation,1.0,0.1716
120,2010-10,0,00_Copper,5,05_US_Inflation,1.0,0.661
121,2010-11,0,00_Copper,5,05_US_Inflation,1.0,0.8939
122,2010-12,0,00_Copper,5,05_US_Inflation,1.0,0.851
123,2011-01,0,00_Copper,5,05_US_Inflation,1.0,0.6747
124,2011-02,0,00_Copper,5,05_US_Inflation,1.0,0.3919
125,2011-03,0,00_Copper,5,05_US_Inflation,1.0,-0.2028
126,2011-04,0,00_Copper,5,05_US_Inflation,1.0,-1.1169
127,2011-05,0,00_Copper,5,05_US_Inflation,1.0,-1.6028
128,2011-06,0,00_Copper,5,05_US_Inflation,1.0,-1.8164
129,2011-07,0,00_Copper,5,05_US_Inflation,1.0,-1.9428
130,2011-08,0,00_Copper,5,05_US_Inflation,1.0,-2.0377
131,2011-09,0,00_Copper,5,05_US_Inflation,1.0,-2.1163
132,2011-10,0,00_Copper,5,05_US_Inflation,1.0,-2.1744
133,2011-11,0,00_Copper,5,05_US_Inflation,1.0,-2.1924
134,2011-12,0,00_Copper,5,05_US_Inflation,1.0,-2.143
135,2012-01,0,00_Copper,5,05_US_Inflation,1.0,-2.0582
136,2012-02,0,00_Copper,5,05_US_Inflation,1.0,-2.0705
137,2012-03,0,00_Copper,5,05_US_Inflation,1.0,-2.2272
138,2012-04,0,00_Copper,5,05_US_Inflation,1.0,-2.4578
139,2012-05,0,00_Copper,5,05_US_Inflation,1.0,-2.7028
140,2012-06,0,00_Copper,5,05_US_Inflation,1.0,-2.9587
141,2012-07,0,00_Copper,5,05_US_Inflation,1.0,3.0155
142,2012-08,0,00_Copper,5,05_US_Inflation,1.0,2.5263
143,2012-09,0,00_Copper,5,05_US_Inflation,1.0,0.8209
144,2012-10,0,00_Copper,5,05_US_Inflation,1.0,-0.5234
145,2012-11,0,00_Copper,5,05_US_Inflation,1.0,-0.9617
146,2012-12,0,00_Copper,5,05_US_Inflation,1.0,-1.2282
147,2013-01,0,00_Copper,5,05_US_Inflation,1.0,-1.4138
148,2013-02,0,00_Copper,5,05_US_Inflation,1.0,-1.5562
149,2013-03,0,00_Copper,5,05_US_Inflation,1.0,-1.676
150,2013-04,0,00_Copper,5,05_US_Inflation,1.0,-1.7838
151,2013-05,0,00_Copper,5,05_US_Inflation,1.0,-1.8852
152,2013-06,0,00_Copper,5,05_US_Inflation,1.0,-1.9826
153,2013-07,0,00_Copper,5,05_US_Inflation,1.0,-2.074
154,2013-08,0,00_Copper,5,05_US_Inflation,1.0,-2.149
155,2013-09,0,00_Copper,5,05_US_Inflation,1.0,-2.2198
156,2013-10,0,00_Copper,5,05_US_Inflation,1.0,1.1776
157,2013-11,0,00_Copper,5,05_US_Inflation,1.0,1.3961
158,2013-12,0,00_Copper,5,05_US_Inflation,1.0,1.6875
159,2014-01,0,00_Copper,5,05_US_Inflation,1.0,1.8678
160,2014-02,0,00_Copper,5,05_US_Inflation,1.0,1.9412
161,2014-03,0,00_Copper,5,05_US_Inflation,1.0,1.9663
162,2014-04,0,00_Copper,5,05_US_Inflation,1.0,1.9947
163,2014-05,0,00_Copper,5,05_US_Inflation,1.0,2.1368
164,2014-06,0,00_Copper,5,05_US_Inflation,1.0,-3.0323
165,2014-07,0,00_Copper,5,05_US_Inflation,1.0,-1.523
166,2014-08,0,00_Copper,5,05_US_Inflation,1.0,-0.9521
167,2014-09,0,00_Copper,5,05_US_Inflation,1.0,-0.3972
168,2014-10,0,00_Copper,5,05_US_Inflation,1.0,0.1137
169,2014-11,0,00_Copper,5,05_US_Inflation,1.0,0.5912
170,2014-12,0,00_Copper,5,05_US_Inflation,1.0,1.0302
171,2015-01,0,00_Copper,5,05_US_Inflation,1.0,1.3946
172,2015-02,0,00_Copper,5,05_US_Inflation,1.0,1.6761
173,2015-03,0,00_Copper,5,05_US_Inflation,1.0,1.8916
174,2015-04,0,00_Copper,5,05_US_Inflation,1.0,2.0613
175,2015-05,0,00_Copper,5,05_US_Inflation,1.0,2.1992
176,2015-06,0,00_Copper,5,05_US_Inflation,1.0,2.3102
177,2015-07,0,00_Copper,5,05_US_Inflation,1.0,2.3931
178,2015-08,0,00_Copper,5,05_US_Inflation,1.0,2.4458
179,2015-09,0,00_Copper,5,05_US_Inflation,1.0,2.4796
180,2015-10,0,00_Copper,5,05_US_Inflation,1.0,2.5743
181,2015-11,0,00_Copper,5,05_US_Inflation,1.0,-2.6179
182,2015-12,0,00_Copper,5,05_US_Inflation,1.0,-1.387
183,2016-01,0,00_Copper,5,05_US_Inflation,1.0,-1.311
184,2016-02,0,00_Copper,5,05_US_Inflation,1.0,-1.3435
185,2016-03,0,00_Copper,5,05_US_Inflation,1.0,-1.4105
186,2016-04,0,00_Copper,5,05_US_Inflation,1.0,-1.5512
187,2016-05,0,00_Copper,5,05_US_Inflation,1.0,-1.9374
188,2016-06,0,00_Copper,5,05_US_Inflation,1.0,-2.589
189,2016-07,0,00_Copper,5,05_US_Inflation,1.0,-3.086
190,2016-08,0,00_Copper,5,05_US_Inflation,1.0,2.8842
191,2016-09,0,00_Copper,5,05_US_Inflation,1.0,2.6692
192,2016-10,0,00_Copper,5,05_US_Inflation,1.0,2.5198
193,2016-11,0,00_Copper,5,05_US_Inflation,1.0,2.4221
194,2016-12,0,00_Copper,5,05_US_Inflation,1.0,2.3696
195,2017-01,0,00_Copper,5,05_US_Inflation,1.0,2.3616
196,2017-02,0,00_Copper,5,05_US_Inflation,1.0,2.4019
197,2017-03,0,00_Copper,5,05_US_Inflation,1.0,2.4972
198,2017-04,0,00_Copper,5,05_US_Inflation,1.0,2.6583
199,2017-05,0,00_Copper,5,05_US_Inflation,1.0,2.904
200,2017-06,0,00_Copper,5,05_US_Inflation,1.0,-3.0244
201,2017-07,0,00_Copper,5,05_US_Inflation,1.0,-2.5931
202,2017-08,0,00_Copper,5,05_US_Inflation,1.0,-2.2302
203,2017-09,0,00_Copper,5,05_US_Inflation,1.0,-2.0165
204,2017-10,0,00_Copper,5,05_US_Inflation,1.0,-1.9152
205,2017-11,0,00_Copper,5,05_US_Inflation,1.0,-1.8733
206,2017-12,0,00_Copper,5,05_US_Inflation,1.0,-1.854
207,2018-01,0,00_Copper,5,05_US_Inflation,1.0,-1.833
208,2018-02,0,00_Copper,5,05_US_Inflation,1.0,-1.7943
209,2018-03,0,00_Copper,5,05_US_Inflation,1.0,-1.7244
210,2018-04,0,00_Copper,5,05_US_Inflation,1.0,-1.5971
211,2018-05,0,00_Copper,5,05_US_Inflation,1.0,-1.2981
212,2018-06,0,00_Copper,5,05_US_Inflation,1.0,-0.1413
213,2018-07,0,00_Copper,5,05_US_Inflation,1.0,0.8273
214,2018-08,0,00_Copper,5,05_US_Inflation,1.0,1.034
215,2018-09,0,00_Copper,5,05_US_Inflation,1.0,1.0655
216,2018-10,0,00_Copper,5,05_US_Inflation,1.0,0.993
217,2018-11,0,00_Copper,5,05_US_Inflation,1.0,0.6448
218,2018-12,0,00_Copper,5,05_US_Inflation,1.0,-1.2196
219,2019-01,0,00_Copper,5,05_US_Inflation,1.0,-1.6488
220,2019-02,0,00_Copper,5,05_US_Inflation,1.0,-1.6997
221,2019-03,0,00_Copper,5,05_US_Inflation,1.0,-1.6742
222,2019-04,0,00_Copper,5,05_US_Inflation,1.0,-1.6259
223,2019-05,0,00_Copper,5,05_US_Inflation,1.0,-1.5783
224,2019-06,0,00_Copper,5,05_US_Inflation,1.0,-1.538
225,2019-07,0,00_Copper,5,05_US_Inflation,1.0,-1.4975
226,2019-08,0,00_Copper,5,05_US_Inflation,1.0,-1.4323
227,2019-09,0,00_Copper,5,05_US_Inflation,1.0,-1.2745
228,2019-10,0,00_Copper,5,05_US_Inflation,1.0,-0.8172
229,2019-11,0,00_Copper,5,05_US_Inflation,1.0,0.0099
230,2019-12,0,00_Copper,5,05_US_Inflation,1.0,0.4241
231,2020-01,0,00_Copper,5,05_US_Inflation,1.0,0.5338
232,2020-02,0,00_Copper,5,05_US_Inflation,1.0,0.5409
233,2020-03,0,00_Copper,5,05_US_Inflation,1.0,0.5063
234,2020-04,0,00_Copper,5,05_US_Inflation,1.0,0.452
235,2020-05,0,00_Copper,5,05_US_Inflation,1.0,0.39
236,2020-06,0,00_Copper,5,05_US_Inflation,1.0,0.3265
237,2020-07,0,00_Copper,5,05_US_Inflation,1.0,0.2611
238,2020-08,0,00_Copper,5,05_US_Inflation,1.0,0.186
239,2020-09,0,00_Copper,5,05_US_Inflation,1.0,0.2362
240,2020-10,0,00_Copper,5,05_US_Inflation,1.0,2.4821
241,2020-11,0,00_Copper,5,05_US_Inflation,1.0,1.5891
242,2020-12,0,00_Copper,5,05_US_Inflation,1.0,1.1746
243,2021-01,0,00_Copper,5,05_US_Inflation,1.0,1.0479
244,2021-02,0,00_Copper,5,05_US_Inflation,1.0,1.0645
245,2021-03,0,00_Copper,5,05_US_Inflation,1.0,1.4255
246,2021-04,0,00_Copper,5,05_US_Inflation,1.0,2.4889
247,2021-05,0,00_Copper,5,05_US_Inflation,1.0,2.8041
248,2021-06,0,00_Copper,5,05_US_Inflation,1.0,2.7189
249,2021-07,0,00_Copper,5,05_US_Inflation,1.0,2.4894
250,2021-08,0,00_Copper,5,05_US_Inflation,1.0,2.1721
251,2021-09,0,00_Copper,5,05_US_Inflation,1.0,1.8058
252,2021-10,0,00_Copper,5,05_US_Inflation,1.0,1.4456
253,2021-11,0,00_Copper,5,05_US_Inflation,1.0,1.1504
254,2021-12,0,00_Copper,5,05_US_Inflation,1.0,0.9633
255,2022-01,0,00_Copper,5,05_US_Inflation,1.0,0.907
256,2022-02,0,00_Copper,5,05_US_Inflation,1.0,0.9926
257,2022-03,0,00_Copper,5,05_US_Inflation,1.0,1.227
258,2022-04,0,00_Copper,5,05_US_Inflation,1.0,1.6099
259,2022-05,0,00_Copper,5,05_US_Inflation,1.0,2.076
260,2022-06,0,00_Copper,5,05_US_Inflation,1.0,2.4652
261,2022-07,0,00_Copper,5,05_US_Inflation,1.0,2.6933
262,2022-08,0,00_Copper,5,05_US_Inflation,1.0,2.7793
263,2022-09,0,00_Copper,5,05_US_Inflation,1.0,2.7466
264,2022-10,0,00_Copper,5,05_US_Inflation,1.0,2.603
265,2022-11,0,00_Copper,5,05_US_Inflation,1.0,2.3672
266,2022-12,0,00_Copper,5,05_US_Inflation,1.0,2.1098
267,2023-01,0,00_Copper,5,05_US_Inflation,1.0,1.9209
268,2023-02,0,00_Copper,5,05_US_Inflation,1.0,1.8441
12,2001-10,0,00_Copper,6,06_US_Production,1.0,-2.6032
13,2001-11,0,00_Copper,6,06_US_Production,1.0,-2.937
14,2001-12,0,00_Copper,6,06_US_Production,1.0,3.0384
15,2002-01,0,00_Copper,6,06_US_Production,1.0,2.6842
16,2002-02,0,00_Copper,6,06_US_Production,1.0,2.2182
17,2002-03,0,00_Copper,6,06_US_Production,1.0,1.6052
18,2002-04,0,00_Copper,6,06_US_Production,1.0,0.8471
19,2002-05,0,00_Copper,6,06_US_Production,1.0,0.0093
20,2002-06,0,00_Copper,6,06_US_Production,1.0,-0.6143
21,2002-07,0,00_Copper,6,06_US_Production,1.0,-0.9384
22,2002-08,0,00_Copper,6,06_US_Production,1.0,-1.079
23,2002-09,0,00_Copper,6,06_US_Production,1.0,-1.1204
24,2002-10,0,00_Copper,6,06_US_Production,1.0,-1.1164
25,2002-11,0,00_Copper,6,06_US_Production,1.0,-1.1065
26,2002-12,0,00_Copper,6,06_US_Production,1.0,-1.1125
27,2003-01,0,00_Copper,6,06_US_Production,1.0,-1.134
28,2003-02,0,00_Copper,6,06_US_Production,1.0,-1.1562
29,2003-03,0,00_Copper,6,06_US_Production,1.0,-1.1657
30,2003-04,0,00_Copper,6,06_US_Production,1.0,-1.1565
31,2003-05,0,00_Copper,6,06_US_Production,1.0,-1.1333
32,2003-06,0,00_Copper,6,06_US_Production,1.0,-1.1144
33,2003-07,0,00_Copper,6,06_US_Production,1.0,-1.1152
34,2003-08,0,00_Copper,6,06_US_Production,1.0,-1.1232
35,2003-09,0,00_Copper,6,06_US_Production,1.0,-1.0939
36,2003-10,0,00_Copper,6,06_US_Production,1.0,-0.9681
37,2003-11,0,00_Copper,6,06_US_Production,1.0,-0.6482
38,2003-12,0,00_Copper,6,06_US_Production,1.0,0.1129
39,2004-01,0,00_Copper,6,06_US_Production,1.0,1.3544
40,2004-02,0,00_Copper,6,06_US_Production,1.0,2.2657
41,2004-03,0,00_Copper,6,06_US_Production,1.0,2.8667
42,2004-04,0,00_Copper,6,06_US_Production,1.0,-2.9813
43,2004-05,0,00_Copper,6,06_US_Production,1.0,-2.6199
44,2004-06,0,00_Copper,6,06_US_Production,1.0,-2.269
45,2004-07,0,00_Copper,6,06_US_Production,1.0,-1.8898
46,2004-08,0,00_Copper,6,06_US_Production,1.0,-1.47
47,2004-09,0,00_Copper,6,06_US_Production,1.0,-1.0211
48,2004-10,0,00_Copper,6,06_US_Production,1.0,-0.4593
49,2004-11,0,00_Copper,6,06_US_Production,1.0,1.3576
50,2004-12,0,00_Copper,6,06_US_Production,1.0,2.1608
51,2005-01,0,00_Copper,6,06_US_Production,1.0,2.2334
52,2005-02,0,00_Copper,6,06_US_Production,1.0,2.0806
53,2005-03,0,00_Copper,6,06_US_Production,1.0,1.7319
54,2005-04,0,00_Copper,6,06_US_Production,1.0,1.1104
55,2005-05,0,00_Copper,6,06_US_Production,1.0,0.3859
56,2005-06,0,00_Copper,6,06_US_Production,1.0,-0.0143
57,2005-07,0,00_Copper,6,06_US_Production,1.0,-0.1414
58,2005-08,0,00_Copper,6,06_US_Production,1.0,-0.0816
59,2005-09,0,00_Copper,6,06_US_Production,1.0,0.1776
60,2005-10,0,00_Copper,6,06_US_Production,1.0,0.6453
61,2005-11,0,00_Copper,6,06_US_Production,1.0,1.1079
62,2005-12,0,00_Copper,6,06_US_Production,1.0,1.388
63,2006-01,0,00_Copper,6,06_US_Production,1.0,1.5292
64,2006-02,0,00_Copper,6,06_US_Production,1.0,1.5861
65,2006-03,0,00_Copper,6,06_US_Production,1.0,1.5723
66,2006-04,0,00_Copper,6,06_US_Production,1.0,1.4561
67,2006-05,0,00_Copper,6,06_US_Production,1.0,1.1555
68,2006-06,0,00_Copper,6,06_US_Production,1.0,0.6962
69,2006-07,0,00_Copper,6,06_US_Production,1.0,0.3694
70,2006-08,0,00_Copper,6,06_US_Production,1.0,0.2165
71,2006-09,0,00_Copper,6,06_US_Production,1.0,0.0515
72,2006-10,0,00_Copper,6,06_US_Production,1.0,-0.7549
73,2006-11,0,00_Copper,6,06_US_Production,1.0,-1.8875
74,2006-12,0,00_Copper,6,06_US_Production,1.0,-2.0637
75,2007-01,0,00_Copper,6,06_US_Production,1.0,-2.077
76,2007-02,0,00_Copper,6,06_US_Production,1.0,-2.0825
77,2007-03,0,00_Copper,6,06_US_Production,1.0,-2.1427
78,2007-04,0,00_Copper,6,06_US_Production,1.0,-2.3157
79,2007-05,0,00_Copper,6,06_US_Production,1.0,-2.66
80,2007-06,0,00_Copper,6,06_US_Production,1.0,3.1031
81,2007-07,0,00_Copper,6,06_US_Production,1.0,2.5867
82,2007-08,0,00_Copper,6,06_US_Production,1.0,2.2968
83,2007-09,0,00_Copper,6,06_US_Production,1.0,2.2298
84,2007-10,0,00_Copper,6,06_US_Production,1.0,2.3119
85,2007-11,0,00_Copper,6,06_US_Production,1.0,2.5076
86,2007-12,0,00_Copper,6,06_US_Production,1.0,2.8229
87,2008-01,0,00_Copper,6,06_US_Production,1.0,-3.0028
88,2008-02,0,00_Copper,6,06_US_Production,1.0,-2.448
89,2008-03,0,00_Copper,6,06_US_Production,1.0,-1.8835
90,2008-04,0,00_Copper,6,06_US_Production,1.0,-1.2645
91,2008-05,0,00_Copper,6,06_US_Production,1.0,-0.4617
92,2008-06,0,00_Copper,6,06_US_Production,1.0,0.3146
93,2008-07,0,00_Copper,6,06_US_Production,1.0,0.8208
94,2008-08,0,00_Copper,6,06_US_Production,1.0,1.1639
95,2008-09,0,00_Copper,6,06_US_Production,1.0,1.4403
96,2008-10,0,00_Copper,6,06_US_Production,1.0,1.6912
97,2008-11,0,00_Copper,6,06_US_Production,1.0,1.9286
98,2008-12,0,00_Copper,6,06_US_Production,1.0,2.1456
99,2009-01,0,00_Copper,6,06_US_Production,1.0,2.3236
100,2009-02,0,00_Copper,6,06_US_Production,1.0,2.4427
101,2009-03,0,00_Copper,6,06_US_Production,1.0,2.4864
102,2009-04,0,00_Copper,6,06_US_Production,1.0,2.4348
103,2009-05,0,00_Copper,6,06_US_Production,1.0,2.2482
104,2009-06,0,00_Copper,6,06_US_Production,1.0,1.8399
105,2009-07,0,00_Copper,6,06_US_Production,1.0,1.1377
106,2009-08,0,00_Copper,6,06_US_Production,1.0,0.4074
107,2009-09,0,00_Copper,6,06_US_Production,1.0,-0.1605
108,2009-10,0,00_Copper,6,06_US_Production,1.0,-0.6903
109,2009-11,0,00_Copper,6,06_US_Production,1.0,-1.2776
110,2009-12,0,00_Copper,6,06_US_Production,1.0,-1.8897
111,2010-01,0,00_Copper,6,06_US_Production,1.0,-2.3821
112,2010-02,0,00_Copper,6,06_US_Production,1.0,-2.6951
113,2010-03,0,00_Copper,6,06_US_Production,1.0,-2.8634
114,2010-04,0,00_Copper,6,06_US_Production,1.0,-2.9205
115,2010-05,0,00_Copper,6,06_US_Production,1.0,-2.8766
116,2010-06,0,00_Copper,6,06_US_Production,1.0,-2.7239
117,2010-07,0,00_Copper,6,06_US_Production,1.0,-2.4451
118,2010-08,0,00_Copper,6,06_US_Production,1.0,-2.0056
119,2010-09,0,00_Copper,6,06_US_Production,1.0,-1.3502
120,2010-10,0,00_Copper,6,06_US_Production,1.0,-0.5732
121,2010-11,0,00_Copper,6,06_US_Production,1.0,0.0266
122,2010-12,0,00_Copper,6,06_US_Production,1.0,0.407
123,2011-01,0,00_Copper,6,06_US_Production,1.0,0.6302
124,2011-02,0,00_Copper,6,06_US_Production,1.0,0.6771
125,2011-03,0,00_Copper,6,06_US_Production,1.0,0.3508
126,2011-04,0,00_Copper,6,06_US_Production,1.0,-0.3367
127,2011-05,0,00_Copper,6,06_US_Production,1.0,-0.6246
128,2011-06,0,00_Copper,6,06_US_Production,1.0,-0.6604
129,2011-07,0,00_Copper,6,06_US_Production,1.0,-0.6225
130,2011-08,0,00_Copper,6,06_US_Production,1.0,-0.5574
131,2011-09,0,00_Copper,6,06_US_Production,1.0,-0.4493
132,2011-10,0,00_Copper,6,06_US_Production,1.0,0.0698
133,2011-11,0,00_Copper,6,06_US_Production,1.0,2.1911
134,2011-12,0,00_Copper,6,06_US_Production,1.0,2.3754
135,2012-01,0,00_Copper,6,06_US_Production,1.0,2.4112
136,2012-02,0,00_Copper,6,06_US_Production,1.0,2.4157
137,2012-03,0,00_Copper,6,06_US_Production,1.0,2.4124
138,2012-04,0,00_Copper,6,06_US_Production,1.0,2.4107
139,2012-05,0,00_Copper,6,06_US_Production,1.0,2.4102
140,2012-06,0,00_Copper,6,06_US_Production,1.0,2.3925
141,2012-07,0,00_Copper,6,06_US_Production,1.0,2.2599
142,2012-08,0,00_Copper,6,06_US_Production,1.0,-0.1084
143,2012-09,0,00_Copper,6,06_US_Production,1.0,-1.9214
144,2012-10,0,00_Copper,6,06_US_Production,1.0,-2.9261
145,2012-11,0,00_Copper,6,06_US_Production,1.0,-3.0463
146,2012-12,0,00_Copper,6,06_US_Production,1.0,-3.0537
147,2013-01,0,00_Copper,6,06_US_Production,1.0,-3.023
148,2013-02,0,00_Copper,6,06_US_Production,1.0,-2.9648
149,2013-03,0,00_Copper,6,06_US_Production,1.0,-2.8656
150,2013-04,0,00_Copper,6,06_US_Production,1.0,-2.6767
151,2013-05,0,00_Copper,6,06_US_Production,1.0,-2.2653
152,2013-06,0,00_Copper,6,06_US_Production,1.0,-1.5107
153,2013-07,0,00_Copper,6,06_US_Production,1.0,-0.8744
154,2013-08,0,00_Copper,6,06_US_Production,1.0,-0.4787
155,2013-09,0,00_Copper,6,06_US_Production,1.0,-0.0624
156,2013-10,0,00_Copper,6,06_US_Production,1.0,0.6433
157,2013-11,0,00_Copper,6,06_US_Production,1.0,1.7644
158,2013-12,0,00_Copper,6,06_US_Production,1.0,2.735
159,2014-01,0,00_Copper,6,06_US_Production,1.0,-2.9711
160,2014-02,0,00_Copper,6,06_US_Production,1.0,-2.6265
161,2014-03,0,00_Copper,6,06_US_Production,1.0,-2.3879
162,2014-04,0,00_Copper,6,06_US_Production,1.0,-2.1912
163,2014-05,0,00_Copper,6,06_US_Production,1.0,-1.996
164,2014-06,0,00_Copper,6,06_US_Production,1.0,-1.7622
165,2014-07,0,00_Copper,6,06_US_Production,1.0,-1.446
166,2014-08,0,00_Copper,6,06_US_Production,1.0,-1.0386
167,2014-09,0,00_Copper,6,06_US_Production,1.0,-0.6518
168,2014-10,0,00_Copper,6,06_US_Production,1.0,-0.3692
169,2014-11,0,00_Copper,6,06_US_Production,1.0,-0.0995
170,2014-12,0,00_Copper,6,06_US_Production,1.0,0.2016
171,2015-01,0,00_Copper,6,06_US_Production,1.0,0.4872
172,2015-02,0,00_Copper,6,06_US_Production,1.0,0.7257
173,2015-03,0,00_Copper,6,06_US_Production,1.0,0.9191
174,2015-04,0,00_Copper,6,06_US_Production,1.0,1.0814
175,2015-05,0,00_Copper,6,06_US_Production,1.0,1.2256
176,2015-06,0,00_Copper,6,06_US_Production,1.0,1.3612
177,2015-07,0,00_Copper,6,06_US_Production,1.0,1.4933
178,2015-08,0,00_Copper,6,06_US_Production,1.0,1.6204
179,2015-09,0,00_Copper,6,06_US_Production,1.0,1.6921
180,2015-10,0,00_Copper,6,06_US_Production,1.0,-0.6797
181,2015-11,0,00_Copper,6,06_US_Production,1.0,0.4021
182,2015-12,0,00_Copper,6,06_US_Production,1.0,1.8172
183,2016-01,0,00_Copper,6,06_US_Production,1.0,2.0985
184,2016-02,0,00_Copper,6,06_US_Production,1.0,2.2868
185,2016-03,0,00_Copper,6,06_US_Production,1.0,2.4785
186,2016-04,0,00_Copper,6,06_US_Production,1.0,2.6952
187,2016-05,0,00_Copper,6,06_US_Production,1.0,2.902
188,2016-06,0,00_Copper,6,06_US_Production,1.0,3.0354
189,2016-07,0,00_Copper,6,06_US_Production,1.0,3.122
190,2016-08,0,00_Copper,6,06_US_Production,1.0,-2.9477
191,2016-09,0,00_Copper,6,06_US_Production,1.0,-2.5513
192,2016-10,0,00_Copper,6,06_US_Production,1.0,-2.3157
193,2016-11,0,00_Copper,6,06_US_Production,1.0,-2.2593
194,2016-12,0,00_Copper,6,06_US_Production,1.0,-2.262
195,2017-01,0,00_Copper,6,06_US_Production,1.0,-2.2673
196,2017-02,0,00_Copper,6,06_US_Production,1.0,-2.2499
197,2017-03,0,00_Copper,6,06_US_Production,1.0,-2.1888
198,2017-04,0,00_Copper,6,06_US_Production,1.0,-2.0493
199,2017-05,0,00_Copper,6,06_US_Production,1.0,-1.7591
200,2017-06,0,00_Copper,6,06_US_Production,1.0,-1.1426
201,2017-07,0,00_Copper,6,06_US_Production,1.0,0.1423
202,2017-08,0,00_Copper,6,06_US_Production,1.0,1.2664
203,2017-09,0,00_Copper,6,06_US_Production,1.0,1.751
204,2017-10,0,00_Copper,6,06_US_Production,1.0,1.9549
205,2017-11,0,00_Copper,6,06_US_Production,1.0,1.9973
206,2017-12,0,00_Copper,6,06_US_Production,1.0,1.8901
207,2018-01,0,00_Copper,6,06_US_Production,1.0,1.6238
208,2018-02,0,00_Copper,6,06_US_Production,1.0,1.2998
209,2018-03,0,00_Copper,6,06_US_Production,1.0,1.0963
210,2018-04,0,00_Copper,6,06_US_Production,1.0,1.0666
211,2018-05,0,00_Copper,6,06_US_Production,1.0,1.282
212,2018-06,0,00_Copper,6,06_US_Production,1.0,2.3972
213,2018-07,0,00_Copper,6,06_US_Production,1.0,-2.9288
214,2018-08,0,00_Copper,6,06_US_Production,1.0,-2.7032
215,2018-09,0,00_Copper,6,06_US_Production,1.0,-2.6111
216,2018-10,0,00_Copper,6,06_US_Production,1.0,-2.5457
217,2018-11,0,00_Copper,6,06_US_Production,1.0,-2.4693
218,2018-12,0,00_Copper,6,06_US_Production,1.0,-2.3658
219,2019-01,0,00_Copper,6,06_US_Production,1.0,-2.239
220,2019-02,0,00_Copper,6,06_US_Production,1.0,-2.1177
221,2019-03,0,00_Copper,6,06_US_Production,1.0,-2.0634
222,2019-04,0,00_Copper,6,06_US_Production,1.0,-2.1629
223,2019-05,0,00_Copper,6,06_US_Production,1.0,-2.3955
224,2019-06,0,00_Copper,6,06_US_Production,1.0,-2.5521
225,2019-07,0,00_Copper,6,06_US_Production,1.0,-2.5418
226,2019-08,0,00_Copper,6,06_US_Production,1.0,-2.3497
227,2019-09,0,00_Copper,6,06_US_Production,1.0,-1.0055
228,2019-10,0,00_Copper,6,06_US_Production,1.0,0.1484
229,2019-11,0,00_Copper,6,06_US_Production,1.0,0.3213
230,2019-12,0,00_Copper,6,06_US_Production,1.0,0.3784
231,2020-01,0,00_Copper,6,06_US_Production,1.0,0.4
232,2020-02,0,00_Copper,6,06_US_Production,1.0,0.4059
233,2020-03,0,00_Copper,6,06_US_Production,1.0,0.4017
234,2020-04,0,00_Copper,6,06_US_Production,1.0,0.3911
235,2020-05,0,00_Copper,6,06_US_Production,1.0,0.38
236,2020-06,0,00_Copper,6,06_US_Production,1.0,0.3748
237,2020-07,0,00_Copper,6,06_US_Production,1.0,0.3804
238,2020-08,0,00_Copper,6,06_US_Production,1.0,0.4068
239,2020-09,0,00_Copper,6,06_US_Production,1.0,0.6482
240,2020-10,0,00_Copper,6,06_US_Production,1.0,-2.8942
241,2020-11,0,00_Copper,6,06_US_Production,1.0,-3.1182
242,2020-12,0,00_Copper,6,06_US_Production,1.0,1.7425
243,2021-01,0,00_Copper,6,06_US_Production,1.0,1.1068
244,2021-02,0,00_Copper,6,06_US_Production,1.0,0.9756
245,2021-03,0,00_Copper,6,06_US_Production,1.0,0.9218
246,2021-04,0,00_Copper,6,06_US_Production,1.0,0.8945
247,2021-05,0,00_Copper,6,06_US_Production,1.0,0.8932
248,2021-06,0,00_Copper,6,06_US_Production,1.0,0.9266
249,2021-07,0,00_Copper,6,06_US_Production,1.0,0.9847
250,2021-08,0,00_Copper,6,06_US_Production,1.0,1.0168
251,2021-09,0,00_Copper,6,06_US_Production,1.0,0.9737
252,2021-10,0,00_Copper,6,06_US_Production,1.0,0.8648
253,2021-11,0,00_Copper,6,06_US_Production,1.0,0.7337
254,2021-12,0,00_Copper,6,06_US_Production,1.0,0.6164
255,2022-01,0,00_Copper,6,06_US_Production,1.0,0.5353
256,2022-02,0,00_Copper,6,06_US_Production,1.0,0.5134
257,2022-03,0,00_Copper,6,06_US_Production,1.0,0.5841
258,2022-04,0,00_Copper,6,06_US_Production,1.0,0.7849
259,2022-05,0,00_Copper,6,06_US_Production,1.0,1.0931
260,2022-06,0,00_Copper,6,06_US_Production,1.0,1.4021
261,2022-07,0,00_Copper,6,06_US_Production,1.0,1.7022
262,2022-08,0,00_Copper,6,06_US_Production,1.0,2.0576
263,2022-09,0,00_Copper,6,06_US_Production,1.0,2.343
264,2022-10,0,00_Copper,6,06_US_Production,1.0,2.3912
265,2022-11,0,00_Copper,6,06_US_Production,1.0,2.2336
266,2022-12,0,00_Copper,6,06_US_Production,1.0,1.9877
267,2023-01,0,00_Copper,6,06_US_Production,1.0,1.7644
268,2023-02,0,00_Copper,6,06_US_Production,1.0,1.6047
12,2001-10,0,00_Copper,7,07_US_Unemployment,1.0,-0.443
13,2001-11,0,00_Copper,7,07_US_Unemployment,1.0,-0.8148
14,2001-12,0,00_Copper,7,07_US_Unemployment,1.0,-1.208
15,2002-01,0,00_Copper,7,07_US_Unemployment,1.0,-1.6224
16,2002-02,0,00_Copper,7,07_US_Unemployment,1.0,-2.067
17,2002-03,0,00_Copper,7,07_US_Unemployment,1.0,-2.5257
18,2002-04,0,00_Copper,7,07_US_Unemployment,1.0,-2.911
19,2002-05,0,00_Copper,7,07_US_Unemployment,1.0,3.1349
20,2002-06,0,00_Copper,7,07_US_Unemployment,1.0,3.044
21,2002-07,0,00_Copper,7,07_US_Unemployment,1.0,3.0598
22,2002-08,0,00_Copper,7,07_US_Unemployment,1.0,3.1286
23,2002-09,0,00_Copper,7,07_US_Unemployment,1.0,-3.0831
24,2002-10,0,00_Copper,7,07_US_Unemployment,1.0,-3.0359
25,2002-11,0,00_Copper,7,07_US_Unemployment,1.0,-3.0143
26,2002-12,0,00_Copper,7,07_US_Unemployment,1.0,-3.0019
27,2003-01,0,00_Copper,7,07_US_Unemployment,1.0,-2.9666
28,2003-02,0,00_Copper,7,07_US_Unemployment,1.0,-2.861
29,2003-03,0,00_Copper,7,07_US_Unemployment,1.0,-2.6233
30,2003-04,0,00_Copper,7,07_US_Unemployment,1.0,-2.1801
31,2003-05,0,00_Copper,7,07_US_Unemployment,1.0,-1.5679
32,2003-06,0,00_Copper,7,07_US_Unemployment,1.0,-1.0206
33,2003-07,0,00_Copper,7,07_US_Unemployment,1.0,-0.6308
34,2003-08,0,00_Copper,7,07_US_Unemployment,1.0,-0.3495
35,2003-09,0,00_Copper,7,07_US_Unemployment,1.0,-0.1305
36,2003-10,0,00_Copper,7,07_US_Unemployment,1.0,0.0599
37,2003-11,0,00_Copper,7,07_US_Unemployment,1.0,0.2839
38,2003-12,0,00_Copper,7,07_US_Unemployment,1.0,0.7266
39,2004-01,0,00_Copper,7,07_US_Unemployment,1.0,1.3267
40,2004-02,0,00_Copper,7,07_US_Unemployment,1.0,1.3059
41,2004-03,0,00_Copper,7,07_US_Unemployment,1.0,1.1225
42,2004-04,0,00_Copper,7,07_US_Unemployment,1.0,1.1045
43,2004-05,0,00_Copper,7,07_US_Unemployment,1.0,1.2151
44,2004-06,0,00_Copper,7,07_US_Unemployment,1.0,1.4154
45,2004-07,0,00_Copper,7,07_US_Unemployment,1.0,1.6874
46,2004-08,0,00_Copper,7,07_US_Unemployment,1.0,2.0042
47,2004-09,0,00_Copper,7,07_US_Unemployment,1.0,2.3095
48,2004-10,0,00_Copper,7,07_US_Unemployment,1.0,2.54
49,2004-11,0,00_Copper,7,07_US_Unemployment,1.0,2.661
50,2004-12,0,00_Copper,7,07_US_Unemployment,1.0,2.6684
51,2005-01,0,00_Copper,7,07_US_Unemployment,1.0,2.5776
52,2005-02,0,00_Copper,7,07_US_Unemployment,1.0,2.4238
53,2005-03,0,00_Copper,7,07_US_Unemployment,1.0,2.2594
54,2005-04,0,00_Copper,7,07_US_Unemployment,1.0,2.1314
55,2005-05,0,00_Copper,7,07_US_Unemployment,1.0,2.0419
56,2005-06,0,00_Copper,7,07_US_Unemployment,1.0,1.9455
57,2005-07,0,00_Copper,7,07_US_Unemployment,1.0,1.7777
58,2005-08,0,00_Copper,7,07_US_Unemployment,1.0,1.5546
59,2005-09,0,00_Copper,7,07_US_Unemployment,1.0,1.4978
60,2005-10,0,00_Copper,7,07_US_Unemployment,1.0,1.7547
61,2005-11,0,00_Copper,7,07_US_Unemployment,1.0,2.0879
62,2005-12,0,00_Copper,7,07_US_Unemployment,1.0,2.2736
63,2006-01,0,00_Copper,7,07_US_Unemployment,1.0,2.3264
64,2006-02,0,00_Copper,7,07_US_Unemployment,1.0,2.2852
65,2006-03,0,00_Copper,7,07_US_Unemployment,1.0,2.1695
66,2006-04,0,00_Copper,7,07_US_Unemployment,1.0,2.0087
67,2006-05,0,00_Copper,7,07_US_Unemployment,1.0,1.8448
68,2006-06,0,00_Copper,7,07_US_Unemployment,1.0,1.7072
69,2006-07,0,00_Copper,7,07_US_Unemployment,1.0,1.5957
70,2006-08,0,00_Copper,7,07_US_Unemployment,1.0,1.4782
71,2006-09,0,00_Copper,7,07_US_Unemployment,1.0,1.2549
72,2006-10,0,00_Copper,7,07_US_Unemployment,1.0,0.3449
73,2006-11,0,00_Copper,7,07_US_Unemployment,1.0,-0.9258
74,2006-12,0,00_Copper,7,07_US_Unemployment,1.0,-1.2839
75,2007-01,0,00_Copper,7,07_US_Unemployment,1.0,-1.5572
76,2007-02,0,00_Copper,7,07_US_Unemployment,1.0,-2.0546
77,2007-03,0,00_Copper,7,07_US_Unemployment,1.0,2.0841
78,2007-04,0,00_Copper,7,07_US_Unemployment,1.0,1.0891
79,2007-05,0,00_Copper,7,07_US_Unemployment,1.0,0.5418
80,2007-06,0,00_Copper,7,07_US_Unemployment,1.0,-0.015
81,2007-07,0,00_Copper,7,07_US_Unemployment,1.0,-0.5449
82,2007-08,0,00_Copper,7,07_US_Unemployment,1.0,-0.8841
83,2007-09,0,00_Copper,7,07_US_Unemployment,1.0,1.49
84,2007-10,0,00_Copper,7,07_US_Unemployment,1.0,1.9862
85,2007-11,0,00_Copper,7,07_US_Unemployment,1.0,1.9988
86,2007-12,0,00_Copper,7,07_US_Unemployment,1.0,2.0603
87,2008-01,0,00_Copper,7,07_US_Unemployment,1.0,2.1747
88,2008-02,0,00_Copper,7,07_US_Unemployment,1.0,2.3505
89,2008-03,0,00_Copper,7,07_US_Unemployment,1.0,2.6173
90,2008-04,0,00_Copper,7,07_US_Unemployment,1.0,3.063
91,2008-05,0,00_Copper,7,07_US_Unemployment,1.0,-2.4417
92,2008-06,0,00_Copper,7,07_US_Unemployment,1.0,-0.9335
93,2008-07,0,00_Copper,7,07_US_Unemployment,1.0,0.9309
94,2008-08,0,00_Copper,7,07_US_Unemployment,1.0,1.334
95,2008-09,0,00_Copper,7,07_US_Unemployment,1.0,1.5358
96,2008-10,0,00_Copper,7,07_US_Unemployment,1.0,1.7364
97,2008-11,0,00_Copper,7,07_US_Unemployment,1.0,2.0713
98,2008-12,0,00_Copper,7,07_US_Unemployment,1.0,2.7982
99,2009-01,0,00_Copper,7,07_US_Unemployment,1.0,-2.5301
100,2009-02,0,00_Copper,7,07_US_Unemployment,1.0,-2.0667
101,2009-03,0,00_Copper,7,07_US_Unemployment,1.0,-1.8814
102,2009-04,0,00_Copper,7,07_US_Unemployment,1.0,-1.8236
103,2009-05,0,00_Copper,7,07_US_Unemployment,1.0,-1.8478
104,2009-06,0,00_Copper,7,07_US_Unemployment,1.0,-1.936
105,2009-07,0,00_Copper,7,07_US_Unemployment,1.0,-2.0757
106,2009-08,0,00_Copper,7,07_US_Unemployment,1.0,-2.2539
107,2009-09,0,00_Copper,7,07_US_Unemployment,1.0,-2.459
108,2009-10,0,00_Copper,7,07_US_Unemployment,1.0,-2.6789
109,2009-11,0,00_Copper,7,07_US_Unemployment,1.0,-2.8978
110,2009-12,0,00_Copper,7,07_US_Unemployment,1.0,-3.0936
111,2010-01,0,00_Copper,7,07_US_Unemployment,1.0,-0.4679
112,2010-02,0,00_Copper,7,07_US_Unemployment,1.0,-0.3496
113,2010-03,0,00_Copper,7,07_US_Unemployment,1.0,-0.4643
114,2010-04,0,00_Copper,7,07_US_Unemployment,1.0,-0.5444
115,2010-05,0,00_Copper,7,07_US_Unemployment,1.0,-0.5725
116,2010-06,0,00_Copper,7,07_US_Unemployment,1.0,-0.5303
117,2010-07,0,00_Copper,7,07_US_Unemployment,1.0,-0.39
118,2010-08,0,00_Copper,7,07_US_Unemployment,1.0,-0.0993
119,2010-09,0,00_Copper,7,07_US_Unemployment,1.0,0.4184
120,2010-10,0,00_Copper,7,07_US_Unemployment,1.0,1.0802
121,2010-11,0,00_Copper,7,07_US_Unemployment,1.0,1.5825
122,2010-12,0,00_Copper,7,07_US_Unemployment,1.0,1.8707
123,2011-01,0,00_Copper,7,07_US_Unemployment,1.0,1.9958
124,2011-02,0,00_Copper,7,07_US_Unemployment,1.0,1.9338
125,2011-03,0,00_Copper,7,07_US_Unemployment,1.0,1.4885
126,2011-04,0,00_Copper,7,07_US_Unemployment,1.0,0.6764
127,2011-05,0,00_Copper,7,07_US_Unemployment,1.0,0.2637
128,2011-06,0,00_Copper,7,07_US_Unemployment,1.0,0.1061
129,2011-07,0,00_Copper,7,07_US_Unemployment,1.0,0.0214
130,2011-08,0,00_Copper,7,07_US_Unemployment,1.0,3.1193
131,2011-09,0,00_Copper,7,07_US_Unemployment,1.0,3.066
132,2011-10,0,00_Copper,7,07_US_Unemployment,1.0,3.0105
133,2011-11,0,00_Copper,7,07_US_Unemployment,1.0,2.9486
134,2011-12,0,00_Copper,7,07_US_Unemployment,1.0,2.8878
135,2012-01,0,00_Copper,7,07_US_Unemployment,1.0,2.8453
136,2012-02,0,00_Copper,7,07_US_Unemployment,1.0,2.8684
137,2012-03,0,00_Copper,7,07_US_Unemployment,1.0,-2.4085
138,2012-04,0,00_Copper,7,07_US_Unemployment,1.0,-0.8334
139,2012-05,0,00_Copper,7,07_US_Unemployment,1.0,-0.8036
140,2012-06,0,00_Copper,7,07_US_Unemployment,1.0,-0.8885
141,2012-07,0,00_Copper,7,07_US_Unemployment,1.0,-1.091
142,2012-08,0,00_Copper,7,07_US_Unemployment,1.0,-1.5924
143,2012-09,0,00_Copper,7,07_US_Unemployment,1.0,2.7703
144,2012-10,0,00_Copper,7,07_US_Unemployment,1.0,1.2303
145,2012-11,0,00_Copper,7,07_US_Unemployment,1.0,0.7799
146,2012-12,0,00_Copper,7,07_US_Unemployment,1.0,0.5719
147,2013-01,0,00_Copper,7,07_US_Unemployment,1.0,0.4495
148,2013-02,0,00_Copper,7,07_US_Unemployment,1.0,0.3549
149,2013-03,0,00_Copper,7,07_US_Unemployment,1.0,0.2589
150,2013-04,0,00_Copper,7,07_US_Unemployment,1.0,0.1397
151,2013-05,0,00_Copper,7,07_US_Unemployment,1.0,-0.0269
152,2013-06,0,00_Copper,7,07_US_Unemployment,1.0,-0.2734
153,2013-07,0,00_Copper,7,07_US_Unemployment,1.0,-0.6304
154,2013-08,0,00_Copper,7,07_US_Unemployment,1.0,-1.067
155,2013-09,0,00_Copper,7,07_US_Unemployment,1.0,-1.4296
156,2013-10,0,00_Copper,7,07_US_Unemployment,1.0,-1.5688
157,2013-11,0,00_Copper,7,07_US_Unemployment,1.0,-1.4571
158,2013-12,0,00_Copper,7,07_US_Unemployment,1.0,-1.2437
159,2014-01,0,00_Copper,7,07_US_Unemployment,1.0,-1.1115
160,2014-02,0,00_Copper,7,07_US_Unemployment,1.0,-1.0691
161,2014-03,0,00_Copper,7,07_US_Unemployment,1.0,-1.074
162,2014-04,0,00_Copper,7,07_US_Unemployment,1.0,-1.0998
163,2014-05,0,00_Copper,7,07_US_Unemployment,1.0,-1.1262
164,2014-06,0,00_Copper,7,07_US_Unemployment,1.0,-1.1263
165,2014-07,0,00_Copper,7,07_US_Unemployment,1.0,-1.0625
166,2014-08,0,00_Copper,7,07_US_Unemployment,1.0,-0.9027
167,2014-09,0,00_Copper,7,07_US_Unemployment,1.0,-0.6885
168,2014-10,0,00_Copper,7,07_US_Unemployment,1.0,-0.4938
169,2014-11,0,00_Copper,7,07_US_Unemployment,1.0,-0.3937
170,2014-12,0,00_Copper,7,07_US_Unemployment,1.0,-0.6798
171,2015-01,0,00_Copper,7,07_US_Unemployment,1.0,-1.2236
172,2015-02,0,00_Copper,7,07_US_Unemployment,1.0,-1.3378
173,2015-03,0,00_Copper,7,07_US_Unemployment,1.0,-1.2679
174,2015-04,0,00_Copper,7,07_US_Unemployment,1.0,-1.1462
175,2015-05,0,00_Copper,7,07_US_Unemployment,1.0,-0.9997
176,2015-06,0,00_Copper,7,07_US_Unemployment,1.0,-0.8253
177,2015-07,0,00_Copper,7,07_US_Unemployment,1.0,-0.5968
178,2015-08,0,00_Copper,7,07_US_Unemployment,1.0,-0.2297
179,2015-09,0,00_Copper,7,07_US_Unemployment,1.0,0.5123
180,2015-10,0,00_Copper,7,07_US_Unemployment,1.0,1.5897
181,2015-11,0,00_Copper,7,07_US_Unemployment,1.0,-3.0072
182,2015-12,0,00_Copper,7,07_US_Unemployment,1.0,-1.4198
183,2016-01,0,00_Copper,7,07_US_Unemployment,1.0,-1.0779
184,2016-02,0,00_Copper,7,07_US_Unemployment,1.0,-0.8724
185,2016-03,0,00_Copper,7,07_US_Unemployment,1.0,-0.6826
186,2016-04,0,00_Copper,7,07_US_Unemployment,1.0,-0.478
187,2016-05,0,00_Copper,7,07_US_Unemployment,1.0,-0.295
188,2016-06,0,00_Copper,7,07_US_Unemployment,1.0,-0.223
189,2016-07,0,00_Copper,7,07_US_Unemployment,1.0,-0.3654
190,2016-08,0,00_Copper,7,07_US_Unemployment,1.0,-1.9629
191,2016-09,0,00_Copper,7,07_US_Unemployment,1.0,-3.0856
192,2016-10,0,00_Copper,7,07_US_Unemployment,1.0,2.9888
193,2016-11,0,00_Copper,7,07_US_Unemployment,1.0,2.8725
194,2016-12,0,00_Copper,7,07_US_Unemployment,1.0,2.8001
195,2017-01,0,00_Copper,7,07_US_Unemployment,1.0,2.7677
196,2017-02,0,00_Copper,7,07_US_Unemployment,1.0,2.7825
197,2017-03,0,00_Copper,7,07_US_Unemployment,1.0,2.8595
198,2017-04,0,00_Copper,7,07_US_Unemployment,1.0,3.0246
199,2017-05,0,00_Copper,7,07_US_Unemployment,1.0,-2.9661
200,2017-06,0,00_Copper,7,07_US_Unemployment,1.0,-2.5028
201,2017-07,0,00_Copper,7,07_US_Unemployment,1.0,-1.894
202,2017-08,0,00_Copper,7,07_US_Unemployment,1.0,-1.2868
203,2017-09,0,00_Copper,7,07_US_Unemployment,1.0,-0.7609
204,2017-10,0,00_Copper,7,07_US_Unemployment,1.0,-0.2674
205,2017-11,0,00_Copper,7,07_US_Unemployment,1.0,0.2617
206,2017-12,0,00_Copper,7,07_US_Unemployment,1.0,0.8343
207,2018-01,0,00_Copper,7,07_US_Unemployment,1.0,1.369
208,2018-02,0,00_Copper,7,07_US_Unemployment,1.0,1.8018
209,2018-03,0,00_Copper,7,07_US_Unemployment,1.0,2.151
210,2018-04,0,00_Copper,7,07_US_Unemployment,1.0,2.4776
211,2018-05,0,00_Copper,7,07_US_Unemployment,1.0,2.9298
212,2018-06,0,00_Copper,7,07_US_Unemployment,1.0,-2.0611
213,2018-07,0,00_Copper,7,07_US_Unemployment,1.0,-0.9473
214,2018-08,0,00_Copper,7,07_US_Unemployment,1.0,-0.5554
215,2018-09,0,00_Copper,7,07_US_Unemployment,1.0,-0.2519
216,2018-10,0,00_Copper,7,07_US_Unemployment,1.0,0.144
217,2018-11,0,00_Copper,7,07_US_Unemployment,1.0,0.868
218,2018-12,0,00_Copper,7,07_US_Unemployment,1.0,1.9086
219,2019-01,0,00_Copper,7,07_US_Unemployment,1.0,2.6392
220,2019-02,0,00_Copper,7,07_US_Unemployment,1.0,-3.0941
221,2019-03,0,00_Copper,7,07_US_Unemployment,1.0,-2.5438
222,2019-04,0,00_Copper,7,07_US_Unemployment,1.0,-1.9681
223,2019-05,0,00_Copper,7,07_US_Unemployment,1.0,-1.4569
224,2019-06,0,00_Copper,7,07_US_Unemployment,1.0,-1.1221
225,2019-07,0,00_Copper,7,07_US_Unemployment,1.0,-1.0961
226,2019-08,0,00_Copper,7,07_US_Unemployment,1.0,-1.8465
227,2019-09,0,00_Copper,7,07_US_Unemployment,1.0,-2.555
228,2019-10,0,00_Copper,7,07_US_Unemployment,1.0,-2.7017
229,2019-11,0,00_Copper,7,07_US_Unemployment,1.0,-2.7283
230,2019-12,0,00_Copper,7,07_US_Unemployment,1.0,-2.7299
231,2020-01,0,00_Copper,7,07_US_Unemployment,1.0,-2.7243
232,2020-02,0,00_Copper,7,07_US_Unemployment,1.0,-2.7153
233,2020-03,0,00_Copper,7,07_US_Unemployment,1.0,-2.7054
234,2020-04,0,00_Copper,7,07_US_Unemployment,1.0,-2.6942
235,2020-05,0,00_Copper,7,07_US_Unemployment,1.0,-2.6771
236,2020-06,0,00_Copper,7,07_US_Unemployment,1.0,-2.6477
237,2020-07,0,00_Copper,7,07_US_Unemployment,1.0,-2.5989
238,2020-08,0,00_Copper,7,07_US_Unemployment,1.0,-2.5159
239,2020-09,0,00_Copper,7,07_US_Unemployment,1.0,-2.1928
240,2020-10,0,00_Copper,7,07_US_Unemployment,1.0,0.6898
241,2020-11,0,00_Copper,7,07_US_Unemployment,1.0,0.8422
242,2020-12,0,00_Copper,7,07_US_Unemployment,1.0,0.9703
243,2021-01,0,00_Copper,7,07_US_Unemployment,1.0,1.0843
244,2021-02,0,00_Copper,7,07_US_Unemployment,1.0,1.1713
245,2021-03,0,00_Copper,7,07_US_Unemployment,1.0,1.2227
246,2021-04,0,00_Copper,7,07_US_Unemployment,1.0,1.2922
247,2021-05,0,00_Copper,7,07_US_Unemployment,1.0,1.5556
248,2021-06,0,00_Copper,7,07_US_Unemployment,1.0,2.3368
249,2021-07,0,00_Copper,7,07_US_Unemployment,1.0,2.8712
250,2021-08,0,00_Copper,7,07_US_Unemployment,1.0,2.9448
251,2021-09,0,00_Copper,7,07_US_Unemployment,1.0,2.8727
252,2021-10,0,00_Copper,7,07_US_Unemployment,1.0,2.7738
253,2021-11,0,00_Copper,7,07_US_Unemployment,1.0,2.7028
254,2021-12,0,00_Copper,7,07_US_Unemployment,1.0,2.6822
255,2022-01,0,00_Copper,7,07_US_Unemployment,1.0,2.7206
256,2022-02,0,00_Copper,7,07_US_Unemployment,1.0,2.83
257,2022-03,0,00_Copper,7,07_US_Unemployment,1.0,3.0363
258,2022-04,0,00_Copper,7,07_US_Unemployment,1.0,-2.914
259,2022-05,0,00_Copper,7,07_US_Unemployment,1.0,-2.4936
260,2022-06,0,00_Copper,7,07_US_Unemployment,1.0,-2.1392
261,2022-07,0,00_Copper,7,07_US_Unemployment,1.0,-1.9688
262,2022-08,0,00_Copper,7,07_US_Unemployment,1.0,-2.2523
263,2022-09,0,00_Copper,7,07_US_Unemployment,1.0,2.394
264,2022-10,0,00_Copper,7,07_US_Unemployment,1.0,1.9932
265,2022-11,0,00_Copper,7,07_US_Unemployment,1.0,1.8027
266,2022-12,0,00_Copper,7,07_US_Unemployment,1.0,1.6433
267,2023-01,0,00_Copper,7,07_US_Unemployment,1.0,1.5545
268,2023-02,0,00_Copper,7,07_US_Unemployment,1.0,1.5512
12,2001-10,1,01_Oil,0,00_Copper,1.0,1.1543
13,2001-11,1,01_Oil,0,00_Copper,1.0,1.1412
14,2001-12,1,01_Oil,0,00_Copper,1.0,1.1364
15,2002-01,1,01_Oil,0,00_Copper,1.0,1.2064
16,2002-02,1,01_Oil,0,00_Copper,1.0,1.403
17,2002-03,1,01_Oil,0,00_Copper,1.0,1.7183
18,2002-04,1,01_Oil,0,00_Copper,1.0,2.0565
19,2002-05,1,01_Oil,0,00_Copper,1.0,2.3362
20,2002-06,1,01_Oil,0,00_Copper,1.0,2.5499
21,2002-07,1,01_Oil,0,00_Copper,1.0,2.7145
22,2002-08,1,01_Oil,0,00_Copper,1.0,2.8135
23,2002-09,1,01_Oil,0,00_Copper,1.0,0.0592
24,2002-10,1,01_Oil,0,00_Copper,1.0,0.0583
25,2002-11,1,01_Oil,0,00_Copper,1.0,0.1595
26,2002-12,1,01_Oil,0,00_Copper,1.0,0.2671
27,2003-01,1,01_Oil,0,00_Copper,1.0,0.3628
28,2003-02,1,01_Oil,0,00_Copper,1.0,0.4278
29,2003-03,1,01_Oil,0,00_Copper,1.0,0.4493
30,2003-04,1,01_Oil,0,00_Copper,1.0,0.4212
31,2003-05,1,01_Oil,0,00_Copper,1.0,0.3438
32,2003-06,1,01_Oil,0,00_Copper,1.0,0.2283
33,2003-07,1,01_Oil,0,00_Copper,1.0,0.0822
34,2003-08,1,01_Oil,0,00_Copper,1.0,-0.1281
35,2003-09,1,01_Oil,0,00_Copper,1.0,-0.7022
36,2003-10,1,01_Oil,0,00_Copper,1.0,-2.4417
37,2003-11,1,01_Oil,0,00_Copper,1.0,-3.0212
38,2003-12,1,01_Oil,0,00_Copper,1.0,2.6753
39,2004-01,1,01_Oil,0,00_Copper,1.0,1.8142
40,2004-02,1,01_Oil,0,00_Copper,1.0,1.3874
41,2004-03,1,01_Oil,0,00_Copper,1.0,1.236
42,2004-04,1,01_Oil,0,00_Copper,1.0,1.155
43,2004-05,1,01_Oil,0,00_Copper,1.0,1.069
44,2004-06,1,01_Oil,0,00_Copper,1.0,0.9321
45,2004-07,1,01_Oil,0,00_Copper,1.0,0.5769
46,2004-08,1,01_Oil,0,00_Copper,1.0,-2.2021
47,2004-09,1,01_Oil,0,00_Copper,1.0,-2.4975
48,2004-10,1,01_Oil,0,00_Copper,1.0,-2.6108
49,2004-11,1,01_Oil,0,00_Copper,1.0,-2.6016
50,2004-12,1,01_Oil,0,00_Copper,1.0,-2.4767
51,2005-01,1,01_Oil,0,00_Copper,1.0,-2.2514
52,2005-02,1,01_Oil,0,00_Copper,1.0,-1.9547
53,2005-03,1,01_Oil,0,00_Copper,1.0,-1.6318
54,2005-04,1,01_Oil,0,00_Copper,1.0,-1.3254
55,2005-05,1,01_Oil,0,00_Copper,1.0,-1.0422
56,2005-06,1,01_Oil,0,00_Copper,1.0,-0.7193
57,2005-07,1,01_Oil,0,00_Copper,1.0,-0.0266
58,2005-08,1,01_Oil,0,00_Copper,1.0,1.0092
59,2005-09,1,01_Oil,0,00_Copper,1.0,1.1304
60,2005-10,1,01_Oil,0,00_Copper,1.0,0.7805
61,2005-11,1,01_Oil,0,00_Copper,1.0,0.3499
62,2005-12,1,01_Oil,0,00_Copper,1.0,0.0514
63,2006-01,1,01_Oil,0,00_Copper,1.0,-0.1572
64,2006-02,1,01_Oil,0,00_Copper,1.0,-0.3458
65,2006-03,1,01_Oil,0,00_Copper,1.0,-0.5594
66,2006-04,1,01_Oil,0,00_Copper,1.0,-0.8215
67,2006-05,1,01_Oil,0,00_Copper,1.0,-1.1225
68,2006-06,1,01_Oil,0,00_Copper,1.0,-1.4131
69,2006-07,1,01_Oil,0,00_Copper,1.0,-1.6402
70,2006-08,1,01_Oil,0,00_Copper,1.0,-1.7709
71,2006-09,1,01_Oil,0,00_Copper,1.0,-1.73
72,2006-10,1,01_Oil,0,00_Copper,1.0,-0.9659
73,2006-11,1,01_Oil,0,00_Copper,1.0,0.1655
74,2006-12,1,01_Oil,0,00_Copper,1.0,0.3549
75,2007-01,1,01_Oil,0,00_Copper,1.0,0.3705
76,2007-02,1,01_Oil,0,00_Copper,1.0,0.3377
77,2007-03,1,01_Oil,0,00_Copper,1.0,0.2839
78,2007-04,1,01_Oil,0,00_Copper,1.0,0.2348
79,2007-05,1,01_Oil,0,00_Copper,1.0,0.2434
80,2007-06,1,01_Oil,0,00_Copper,1.0,0.3753
81,2007-07,1,01_Oil,0,00_Copper,1.0,0.5553
82,2007-08,1,01_Oil,0,00_Copper,1.0,0.6179
83,2007-09,1,01_Oil,0,00_Copper,1.0,0.561
84,2007-10,1,01_Oil,0,00_Copper,1.0,0.4314
85,2007-11,1,01_Oil,0,00_Copper,1.0,0.2478
86,2007-12,1,01_Oil,0,00_Copper,1.0,0.01
87,2008-01,1,01_Oil,0,00_Copper,1.0,-0.2917
88,2008-02,1,01_Oil,0,00_Copper,1.0,-0.6734
89,2008-03,1,01_Oil,0,00_Copper,1.0,-1.1655
90,2008-04,1,01_Oil,0,00_Copper,1.0,-1.836
91,2008-05,1,01_Oil,0,00_Copper,1.0,-2.7589
92,2008-06,1,01_Oil,0,00_Copper,1.0,2.6129
93,2008-07,1,01_Oil,0,00_Copper,1.0,1.987
94,2008-08,1,01_Oil,0,00_Copper,1.0,1.5536
95,2008-09,1,01_Oil,0,00_Copper,1.0,1.223
96,2008-10,1,01_Oil,0,00_Copper,1.0,0.9592
97,2008-11,1,01_Oil,0,00_Copper,1.0,0.7564
98,2008-12,1,01_Oil,0,00_Copper,1.0,0.6293
99,2009-01,1,01_Oil,0,00_Copper,1.0,0.6019
100,2009-02,1,01_Oil,0,00_Copper,1.0,0.685
101,2009-03,1,01_Oil,0,00_Copper,1.0,0.8574
102,2009-04,1,01_Oil,0,00_Copper,1.0,1.0766
103,2009-05,1,01_Oil,0,00_Copper,1.0,1.3108
104,2009-06,1,01_Oil,0,00_Copper,1.0,1.5531
105,2009-07,1,01_Oil,0,00_Copper,1.0,1.8142
106,2009-08,1,01_Oil,0,00_Copper,1.0,2.1194
107,2009-09,1,01_Oil,0,00_Copper,1.0,2.5522
108,2009-10,1,01_Oil,0,00_Copper,1.0,-2.7933
109,2009-11,1,01_Oil,0,00_Copper,1.0,-1.464
110,2009-12,1,01_Oil,0,00_Copper,1.0,-0.897
111,2010-01,1,01_Oil,0,00_Copper,1.0,-0.5985
112,2010-02,1,01_Oil,0,00_Copper,1.0,-0.4028
113,2010-03,1,01_Oil,0,00_Copper,1.0,-0.2667
114,2010-04,1,01_Oil,0,00_Copper,1.0,-0.1736
115,2010-05,1,01_Oil,0,00_Copper,1.0,-0.1179
116,2010-06,1,01_Oil,0,00_Copper,1.0,-0.1029
117,2010-07,1,01_Oil,0,00_Copper,1.0,-0.1452
118,2010-08,1,01_Oil,0,00_Copper,1.0,-0.2869
119,2010-09,1,01_Oil,0,00_Copper,1.0,-0.5928
120,2010-10,1,01_Oil,0,00_Copper,1.0,-0.9656
121,2010-11,1,01_Oil,0,00_Copper,1.0,-1.1054
122,2010-12,1,01_Oil,0,00_Copper,1.0,-1.0219
123,2011-01,1,01_Oil,0,00_Copper,1.0,-0.859
124,2011-02,1,01_Oil,0,00_Copper,1.0,-0.6219
125,2011-03,1,01_Oil,0,00_Copper,1.0,-0.0962
126,2011-04,1,01_Oil,0,00_Copper,1.0,0.7224
127,2011-05,1,01_Oil,0,00_Copper,1.0,1.0765
128,2011-06,1,01_Oil,0,00_Copper,1.0,1.1078
129,2011-07,1,01_Oil,0,00_Copper,1.0,0.9877
130,2011-08,1,01_Oil,0,00_Copper,1.0,0.7777
131,2011-09,1,01_Oil,0,00_Copper,1.0,0.5373
132,2011-10,1,01_Oil,0,00_Copper,1.0,0.3323
133,2011-11,1,01_Oil,0,00_Copper,1.0,0.1974
134,2011-12,1,01_Oil,0,00_Copper,1.0,0.1355
135,2012-01,1,01_Oil,0,00_Copper,1.0,0.1408
136,2012-02,1,01_Oil,0,00_Copper,1.0,0.2155
137,2012-03,1,01_Oil,0,00_Copper,1.0,0.3798
138,2012-04,1,01_Oil,0,00_Copper,1.0,0.6748
139,2012-05,1,01_Oil,0,00_Copper,1.0,1.105
140,2012-06,1,01_Oil,0,00_Copper,1.0,1.5354
141,2012-07,1,01_Oil,0,00_Copper,1.0,1.864
142,2012-08,1,01_Oil,0,00_Copper,1.0,2.2125
143,2012-09,1,01_Oil,0,00_Copper,1.0,-2.6177
144,2012-10,1,01_Oil,0,00_Copper,1.0,-1.5602
145,2012-11,1,01_Oil,0,00_Copper,1.0,-1.3776
146,2012-12,1,01_Oil,0,00_Copper,1.0,-1.3262
147,2013-01,1,01_Oil,0,00_Copper,1.0,-1.3422
148,2013-02,1,01_Oil,0,00_Copper,1.0,-1.4196
149,2013-03,1,01_Oil,0,00_Copper,1.0,-1.552
150,2013-04,1,01_Oil,0,00_Copper,1.0,-1.7007
151,2013-05,1,01_Oil,0,00_Copper,1.0,-1.8006
152,2013-06,1,01_Oil,0,00_Copper,1.0,-1.8081
153,2013-07,1,01_Oil,0,00_Copper,1.0,-1.7187
154,2013-08,1,01_Oil,0,00_Copper,1.0,-1.5494
155,2013-09,1,01_Oil,0,00_Copper,1.0,-1.3218
156,2013-10,1,01_Oil,0,00_Copper,1.0,-1.0672
157,2013-11,1,01_Oil,0,00_Copper,1.0,-0.8363
158,2013-12,1,01_Oil,0,00_Copper,1.0,-0.6385
159,2014-01,1,01_Oil,0,00_Copper,1.0,-0.4435
160,2014-02,1,01_Oil,0,00_Copper,1.0,-0.2749
161,2014-03,1,01_Oil,0,00_Copper,1.0,-0.1635
162,2014-04,1,01_Oil,0,00_Copper,1.0,-0.1255
163,2014-05,1,01_Oil,0,00_Copper,1.0,-0.1769
164,2014-06,1,01_Oil,0,00_Copper,1.0,-0.348
165,2014-07,1,01_Oil,0,00_Copper,1.0,-0.6877
166,2014-08,1,01_Oil,0,00_Copper,1.0,-1.2213
167,2014-09,1,01_Oil,0,00_Copper,1.0,-1.8471
168,2014-10,1,01_Oil,0,00_Copper,1.0,-2.4384
169,2014-11,1,01_Oil,0,00_Copper,1.0,-2.9947
170,2014-12,1,01_Oil,0,00_Copper,1.0,2.761
171,2015-01,1,01_Oil,0,00_Copper,1.0,2.2872
172,2015-02,1,01_Oil,0,00_Copper,1.0,1.8808
173,2015-03,1,01_Oil,0,00_Copper,1.0,1.5466
174,2015-04,1,01_Oil,0,00_Copper,1.0,1.2856
175,2015-05,1,01_Oil,0,00_Copper,1.0,1.0898
176,2015-06,1,01_Oil,0,00_Copper,1.0,0.9458
177,2015-07,1,01_Oil,0,00_Copper,1.0,0.8419
178,2015-08,1,01_Oil,0,00_Copper,1.0,0.7727
179,2015-09,1,01_Oil,0,00_Copper,1.0,0.7566
180,2015-10,1,01_Oil,0,00_Copper,1.0,1.0796
181,2015-11,1,01_Oil,0,00_Copper,1.0,1.6548
182,2015-12,1,01_Oil,0,00_Copper,1.0,0.5751
183,2016-01,1,01_Oil,0,00_Copper,1.0,0.4356
184,2016-02,1,01_Oil,0,00_Copper,1.0,0.3551
185,2016-03,1,01_Oil,0,00_Copper,1.0,0.2786
186,2016-04,1,01_Oil,0,00_Copper,1.0,0.3441
187,2016-05,1,01_Oil,0,00_Copper,1.0,2.3804
188,2016-06,1,01_Oil,0,00_Copper,1.0,2.6091
189,2016-07,1,01_Oil,0,00_Copper,1.0,2.6592
190,2016-08,1,01_Oil,0,00_Copper,1.0,2.7367
191,2016-09,1,01_Oil,0,00_Copper,1.0,2.8237
192,2016-10,1,01_Oil,0,00_Copper,1.0,2.8973
193,2016-11,1,01_Oil,0,00_Copper,1.0,2.9441
194,2016-12,1,01_Oil,0,00_Copper,1.0,2.9569
195,2017-01,1,01_Oil,0,00_Copper,1.0,2.9313
196,2017-02,1,01_Oil,0,00_Copper,1.0,2.8598
197,2017-03,1,01_Oil,0,00_Copper,1.0,2.7232
198,2017-04,1,01_Oil,0,00_Copper,1.0,2.4705
199,2017-05,1,01_Oil,0,00_Copper,1.0,2.0018
200,2017-06,1,01_Oil,0,00_Copper,1.0,1.2656
201,2017-07,1,01_Oil,0,00_Copper,1.0,0.5567
202,2017-08,1,01_Oil,0,00_Copper,1.0,0.1794
203,2017-09,1,01_Oil,0,00_Copper,1.0,0.1106
204,2017-10,1,01_Oil,0,00_Copper,1.0,0.1656
205,2017-11,1,01_Oil,0,00_Copper,1.0,0.2025
206,2017-12,1,01_Oil,0,00_Copper,1.0,0.1754
207,2018-01,1,01_Oil,0,00_Copper,1.0,0.0742
208,2018-02,1,01_Oil,0,00_Copper,1.0,-0.1598
209,2018-03,1,01_Oil,0,00_Copper,1.0,-2.0022
210,2018-04,1,01_Oil,0,00_Copper,1.0,3.0076
211,2018-05,1,01_Oil,0,00_Copper,1.0,2.4826
212,2018-06,1,01_Oil,0,00_Copper,1.0,1.1496
213,2018-07,1,01_Oil,0,00_Copper,1.0,0.0085
214,2018-08,1,01_Oil,0,00_Copper,1.0,-0.3806
215,2018-09,1,01_Oil,0,00_Copper,1.0,-0.6163
216,2018-10,1,01_Oil,0,00_Copper,1.0,-0.7995
217,2018-11,1,01_Oil,0,00_Copper,1.0,-0.9602
218,2018-12,1,01_Oil,0,00_Copper,1.0,-1.1103
219,2019-01,1,01_Oil,0,00_Copper,1.0,-1.248
220,2019-02,1,01_Oil,0,00_Copper,1.0,-1.349
221,2019-03,1,01_Oil,0,00_Copper,1.0,-1.3259
222,2019-04,1,01_Oil,0,00_Copper,1.0,-0.8129
223,2019-05,1,01_Oil,0,00_Copper,1.0,0.18
224,2019-06,1,01_Oil,0,00_Copper,1.0,0.4777
225,2019-07,1,01_Oil,0,00_Copper,1.0,0.5517
226,2019-08,1,01_Oil,0,00_Copper,1.0,0.5622
227,2019-09,1,01_Oil,0,00_Copper,1.0,0.5217
228,2019-10,1,01_Oil,0,00_Copper,1.0,0.4063
229,2019-11,1,01_Oil,0,00_Copper,1.0,0.193
230,2019-12,1,01_Oil,0,00_Copper,1.0,-0.0853
231,2020-01,1,01_Oil,0,00_Copper,1.0,-0.3362
232,2020-02,1,01_Oil,0,00_Copper,1.0,-0.5137
233,2020-03,1,01_Oil,0,00_Copper,1.0,-0.6342
234,2020-04,1,01_Oil,0,00_Copper,1.0,-0.7268
235,2020-05,1,01_Oil,0,00_Copper,1.0,-0.8178
236,2020-06,1,01_Oil,0,00_Copper,1.0,-0.9313
237,2020-07,1,01_Oil,0,00_Copper,1.0,-1.0956
238,2020-08,1,01_Oil,0,00_Copper,1.0,-1.3592
239,2020-09,1,01_Oil,0,00_Copper,1.0,-1.9738
240,2020-10,1,01_Oil,0,00_Copper,1.0,1.0379
241,2020-11,1,01_Oil,0,00_Copper,1.0,0.5622
242,2020-12,1,01_Oil,0,00_Copper,1.0,0.298
243,2021-01,1,01_Oil,0,00_Copper,1.0,0.2304
244,2021-02,1,01_Oil,0,00_Copper,1.0,0.379
245,2021-03,1,01_Oil,0,00_Copper,1.0,0.8497
246,2021-04,1,01_Oil,0,00_Copper,1.0,1.5486
247,2021-05,1,01_Oil,0,00_Copper,1.0,2.0395
248,2021-06,1,01_Oil,0,00_Copper,1.0,2.3407
249,2021-07,1,01_Oil,0,00_Copper,1.0,2.5734
250,2021-08,1,01_Oil,0,00_Copper,1.0,2.7908
251,2021-09,1,01_Oil,0,00_Copper,1.0,3.0029
252,2021-10,1,01_Oil,0,00_Copper,1.0,-3.0896
253,2021-11,1,01_Oil,0,00_Copper,1.0,-2.9419
254,2021-12,1,01_Oil,0,00_Copper,1.0,-2.8475
255,2022-01,1,01_Oil,0,00_Copper,1.0,-2.8075
256,2022-02,1,01_Oil,0,00_Copper,1.0,-2.8243
257,2022-03,1,01_Oil,0,00_Copper,1.0,-2.9057
258,2022-04,1,01_Oil,0,00_Copper,1.0,-3.0446
259,2022-05,1,01_Oil,0,00_Copper,1.0,-3.1365
260,2022-06,1,01_Oil,0,00_Copper,1.0,-3.0025
261,2022-07,1,01_Oil,0,00_Copper,1.0,-2.7454
262,2022-08,1,01_Oil,0,00_Copper,1.0,-2.5418
263,2022-09,1,01_Oil,0,00_Copper,1.0,-2.3615
264,2022-10,1,01_Oil,0,00_Copper,1.0,-2.1355
265,2022-11,1,01_Oil,0,00_Copper,1.0,-1.8247
266,2022-12,1,01_Oil,0,00_Copper,1.0,-1.4376
267,2023-01,1,01_Oil,0,00_Copper,1.0,-0.9508
268,2023-02,1,01_Oil,0,00_Copper,1.0,-0.2305
12,2001-10,1,01_Oil,1,01_Oil,1.0,-0.0
13,2001-11,1,01_Oil,1,01_Oil,1.0,-0.0
14,2001-12,1,01_Oil,1,01_Oil,1.0,-0.0
15,2002-01,1,01_Oil,1,01_Oil,1.0,0.0
16,2002-02,1,01_Oil,1,01_Oil,1.0,0.0
17,2002-03,1,01_Oil,1,01_Oil,1.0,-0.0
18,2002-04,1,01_Oil,1,01_Oil,1.0,0.0
19,2002-05,1,01_Oil,1,01_Oil,1.0,-0.0
20,2002-06,1,01_Oil,1,01_Oil,1.0,0.0
21,2002-07,1,01_Oil,1,01_Oil,1.0,-0.0
22,2002-08,1,01_Oil,1,01_Oil,1.0,-0.0
23,2002-09,1,01_Oil,1,01_Oil,1.0,0.0
24,2002-10,1,01_Oil,1,01_Oil,1.0,0.0
25,2002-11,1,01_Oil,1,01_Oil,1.0,0.0
26,2002-12,1,01_Oil,1,01_Oil,1.0,-0.0
27,2003-01,1,01_Oil,1,01_Oil,1.0,-0.0
28,2003-02,1,01_Oil,1,01_Oil,1.0,-0.0
29,2003-03,1,01_Oil,1,01_Oil,1.0,-0.0
30,2003-04,1,01_Oil,1,01_Oil,1.0,-0.0
31,2003-05,1,01_Oil,1,01_Oil,1.0,-0.0
32,2003-06,1,01_Oil,1,01_Oil,1.0,0.0
33,2003-07,1,01_Oil,1,01_Oil,1.0,0.0
34,2003-08,1,01_Oil,1,01_Oil,1.0,0.0
35,2003-09,1,01_Oil,1,01_Oil,1.0,0.0
36,2003-10,1,01_Oil,1,01_Oil,1.0,0.0
37,2003-11,1,01_Oil,1,01_Oil,1.0,-0.0
38,2003-12,1,01_Oil,1,01_Oil,1.0,-0.0
39,2004-01,1,01_Oil,1,01_Oil,1.0,-0.0
40,2004-02,1,01_Oil,1,01_Oil,1.0,0.0
41,2004-03,1,01_Oil,1,01_Oil,1.0,-0.0
42,2004-04,1,01_Oil,1,01_Oil,1.0,0.0
43,2004-05,1,01_Oil,1,01_Oil,1.0,-0.0
44,2004-06,1,01_Oil,1,01_Oil,1.0,0.0
45,2004-07,1,01_Oil,1,01_Oil,1.0,0.0
46,2004-08,1,01_Oil,1,01_Oil,1.0,0.0
47,2004-09,1,01_Oil,1,01_Oil,1.0,0.0
48,2004-10,1,01_Oil,1,01_Oil,1.0,0.0
49,2004-11,1,01_Oil,1,01_Oil,1.0,-0.0
50,2004-12,1,01_Oil,1,01_Oil,1.0,-0.0
51,2005-01,1,01_Oil,1,01_Oil,1.0,-0.0
52,2005-02,1,01_Oil,1,01_Oil,1.0,0.0
53,2005-03,1,01_Oil,1,01_Oil,1.0,0.0
54,2005-04,1,01_Oil,1,01_Oil,1.0,0.0
55,2005-05,1,01_Oil,1,01_Oil,1.0,-0.0
56,2005-06,1,01_Oil,1,01_Oil,1.0,-0.0
57,2005-07,1,01_Oil,1,01_Oil,1.0,0.0
58,2005-08,1,01_Oil,1,01_Oil,1.0,0.0
59,2005-09,1,01_Oil,1,01_Oil,1.0,-0.0
60,2005-10,1,01_Oil,1,01_Oil,1.0,-0.0
61,2005-11,1,01_Oil,1,01_Oil,1.0,-0.0
62,2005-12,1,01_Oil,1,01_Oil,1.0,-0.0
63,2006-01,1,01_Oil,1,01_Oil,1.0,-0.0
64,2006-02,1,01_Oil,1,01_Oil,1.0,0.0
65,2006-03,1,01_Oil,1,01_Oil,1.0,0.0
66,2006-04,1,01_Oil,1,01_Oil,1.0,0.0
67,2006-05,1,01_Oil,1,01_Oil,1.0,0.0
68,2006-06,1,01_Oil,1,01_Oil,1.0,0.0
69,2006-07,1,01_Oil,1,01_Oil,1.0,-0.0
70,2006-08,1,01_Oil,1,01_Oil,1.0,0.0
71,2006-09,1,01_Oil,1,01_Oil,1.0,0.0
72,2006-10,1,01_Oil,1,01_Oil,1.0,-0.0
73,2006-11,1,01_Oil,1,01_Oil,1.0,-0.0
74,2006-12,1,01_Oil,1,01_Oil,1.0,0.0
75,2007-01,1,01_Oil,1,01_Oil,1.0,-0.0
76,2007-02,1,01_Oil,1,01_Oil,1.0,0.0
77,2007-03,1,01_Oil,1,01_Oil,1.0,-0.0
78,2007-04,1,01_Oil,1,01_Oil,1.0,0.0
79,2007-05,1,01_Oil,1,01_Oil,1.0,-0.0
80,2007-06,1,01_Oil,1,01_Oil,1.0,-0.0
81,2007-07,1,01_Oil,1,01_Oil,1.0,-0.0
82,2007-08,1,01_Oil,1,01_Oil,1.0,-0.0
83,2007-09,1,01_Oil,1,01_Oil,1.0,0.0
84,2007-10,1,01_Oil,1,01_Oil,1.0,-0.0
85,2007-11,1,01_Oil,1,01_Oil,1.0,0.0
86,2007-12,1,01_Oil,1,01_Oil,1.0,0.0
87,2008-01,1,01_Oil,1,01_Oil,1.0,0.0
88,2008-02,1,01_Oil,1,01_Oil,1.0,0.0
89,2008-03,1,01_Oil,1,01_Oil,1.0,0.0
90,2008-04,1,01_Oil,1,01_Oil,1.0,-0.0
91,2008-05,1,01_Oil,1,01_Oil,1.0,-0.0
92,2008-06,1,01_Oil,1,01_Oil,1.0,0.0
93,2008-07,1,01_Oil,1,01_Oil,1.0,-0.0
94,2008-08,1,01_Oil,1,01_Oil,1.0,-0.0
95,2008-09,1,01_Oil,1,01_Oil,1.0,-0.0
96,2008-10,1,01_Oil,1,01_Oil,1.0,0.0
97,2008-11,1,01_Oil,1,01_Oil,1.0,-0.0
98,2008-12,1,01_Oil,1,01_Oil,1.0,0.0
99,2009-01,1,01_Oil,1,01_Oil,1.0,-0.0
100,2009-02,1,01_Oil,1,01_Oil,1.0,0.0
101,2009-03,1,01_Oil,1,01_Oil,1.0,-0.0
102,2009-04,1,01_Oil,1,01_Oil,1.0,-0.0
103,2009-05,1,01_Oil,1,01_Oil,1.0,0.0
104,2009-06,1,01_Oil,1,01_Oil,1.0,-0.0
105,2009-07,1,01_Oil,1,01_Oil,1.0,0.0
106,2009-08,1,01_Oil,1,01_Oil,1.0,-0.0
107,2009-09,1,01_Oil,1,01_Oil,1.0,-0.0
108,2009-10,1,01_Oil,1,01_Oil,1.0,0.0
109,2009-11,1,01_Oil,1,01_Oil,1.0,0.0
110,2009-12,1,01_Oil,1,01_Oil,1.0,-0.0
111,2010-01,1,01_Oil,1,01_Oil,1.0,-0.0
112,2010-02,1,01_Oil,1,01_Oil,1.0,-0.0
113,2010-03,1,01_Oil,1,01_Oil,1.0,0.0
114,2010-04,1,01_Oil,1,01_Oil,1.0,-0.0
115,2010-05,1,01_Oil,1,01_Oil,1.0,-0.0
116,2010-06,1,01_Oil,1,01_Oil,1.0,-0.0
117,2010-07,1,01_Oil,1,01_Oil,1.0,-0.0
118,2010-08,1,01_Oil,1,01_Oil,1.0,0.0
119,2010-09,1,01_Oil,1,01_Oil,1.0,0.0
120,2010-10,1,01_Oil,1,01_Oil,1.0,-0.0
121,2010-11,1,01_Oil,1,01_Oil,1.0,0.0
122,2010-12,1,01_Oil,1,01_Oil,1.0,0.0
123,2011-01,1,01_Oil,1,01_Oil,1.0,-0.0
124,2011-02,1,01_Oil,1,01_Oil,1.0,0.0
125,2011-03,1,01_Oil,1,01_Oil,1.0,-0.0
126,2011-04,1,01_Oil,1,01_Oil,1.0,-0.0
127,2011-05,1,01_Oil,1,01_Oil,1.0,-0.0
128,2011-06,1,01_Oil,1,01_Oil,1.0,-0.0
129,2011-07,1,01_Oil,1,01_Oil,1.0,-0.0
130,2011-08,1,01_Oil,1,01_Oil,1.0,-0.0
131,2011-09,1,01_Oil,1,01_Oil,1.0,0.0
132,2011-10,1,01_Oil,1,01_Oil,1.0,0.0
133,2011-11,1,01_Oil,1,01_Oil,1.0,-0.0
134,2011-12,1,01_Oil,1,01_Oil,1.0,0.0
135,2012-01,1,01_Oil,1,01_Oil,1.0,0.0
136,2012-02,1,01_Oil,1,01_Oil,1.0,0.0
137,2012-03,1,01_Oil,1,01_Oil,1.0,0.0
138,2012-04,1,01_Oil,1,01_Oil,1.0,-0.0
139,2012-05,1,01_Oil,1,01_Oil,1.0,-0.0
140,2012-06,1,01_Oil,1,01_Oil,1.0,-0.0
141,2012-07,1,01_Oil,1,01_Oil,1.0,-0.0
142,2012-08,1,01_Oil,1,01_Oil,1.0,0.0
143,2012-09,1,01_Oil,1,01_Oil,1.0,0.0
144,2012-10,1,01_Oil,1,01_Oil,1.0,-0.0
145,2012-11,1,01_Oil,1,01_Oil,1.0,-0.0
146,2012-12,1,01_Oil,1,01_Oil,1.0,0.0
147,2013-01,1,01_Oil,1,01_Oil,1.0,-0.0
148,2013-02,1,01_Oil,1,01_Oil,1.0,0.0
149,2013-03,1,01_Oil,1,01_Oil,1.0,-0.0
150,2013-04,1,01_Oil,1,01_Oil,1.0,-0.0
151,2013-05,1,01_Oil,1,01_Oil,1.0,0.0
152,2013-06,1,01_Oil,1,01_Oil,1.0,-0.0
153,2013-07,1,01_Oil,1,01_Oil,1.0,-0.0
154,2013-08,1,01_Oil,1,01_Oil,1.0,0.0
155,2013-09,1,01_Oil,1,01_Oil,1.0,0.0
156,2013-10,1,01_Oil,1,01_Oil,1.0,-0.0
157,2013-11,1,01_Oil,1,01_Oil,1.0,0.0
158,2013-12,1,01_Oil,1,01_Oil,1.0,0.0
159,2014-01,1,01_Oil,1,01_Oil,1.0,-0.0
160,2014-02,1,01_Oil,1,01_Oil,1.0,-0.0
161,2014-03,1,01_Oil,1,01_Oil,1.0,-0.0
162,2014-04,1,01_Oil,1,01_Oil,1.0,-0.0
163,2014-05,1,01_Oil,1,01_Oil,1.0,-0.0
164,2014-06,1,01_Oil,1,01_Oil,1.0,0.0
165,2014-07,1,01_Oil,1,01_Oil,1.0,0.0
166,2014-08,1,01_Oil,1,01_Oil,1.0,0.0
167,2014-09,1,01_Oil,1,01_Oil,1.0,0.0
168,2014-10,1,01_Oil,1,01_Oil,1.0,0.0
169,2014-11,1,01_Oil,1,01_Oil,1.0,0.0
170,2014-12,1,01_Oil,1,01_Oil,1.0,0.0
171,2015-01,1,01_Oil,1,01_Oil,1.0,-0.0
172,2015-02,1,01_Oil,1,01_Oil,1.0,0.0
173,2015-03,1,01_Oil,1,01_Oil,1.0,-0.0
174,2015-04,1,01_Oil,1,01_Oil,1.0,0.0
175,2015-05,1,01_Oil,1,01_Oil,1.0,0.0
176,2015-06,1,01_Oil,1,01_Oil,1.0,0.0
177,2015-07,1,01_Oil,1,01_Oil,1.0,-0.0
178,2015-08,1,01_Oil,1,01_Oil,1.0,0.0
179,2015-09,1,01_Oil,1,01_Oil,1.0,-0.0
180,2015-10,1,01_Oil,1,01_Oil,1.0,-0.0
181,2015-11,1,01_Oil,1,01_Oil,1.0,-0.0
182,2015-12,1,01_Oil,1,01_Oil,1.0,0.0
183,2016-01,1,01_Oil,1,01_Oil,1.0,-0.0
184,2016-02,1,01_Oil,1,01_Oil,1.0,0.0
185,2016-03,1,01_Oil,1,01_Oil,1.0,0.0
186,2016-04,1,01_Oil,1,01_Oil,1.0,0.0
187,2016-05,1,01_Oil,1,01_Oil,1.0,-0.0
188,2016-06,1,01_Oil,1,01_Oil,1.0,0.0
189,2016-07,1,01_Oil,1,01_Oil,1.0,-0.0
190,2016-08,1,01_Oil,1,01_Oil,1.0,0.0
191,2016-09,1,01_Oil,1,01_Oil,1.0,0.0
192,2016-10,1,01_Oil,1,01_Oil,1.0,0.0
193,2016-11,1,01_Oil,1,01_Oil,1.0,0.0
194,2016-12,1,01_Oil,1,01_Oil,1.0,-0.0
195,2017-01,1,01_Oil,1,01_Oil,1.0,0.0
196,2017-02,1,01_Oil,1,01_Oil,1.0,-0.0
197,2017-03,1,01_Oil,1,01_Oil,1.0,-0.0
198,2017-04,1,01_Oil,1,01_Oil,1.0,0.0
199,2017-05,1,01_Oil,1,01_Oil,1.0,0.0
200,2017-06,1,01_Oil,1,01_Oil,1.0,-0.0
201,2017-07,1,01_Oil,1,01_Oil,1.0,-0.0
202,2017-08,1,01_Oil,1,01_Oil,1.0,0.0
203,2017-09,1,01_Oil,1,01_Oil,1.0,-0.0
204,2017-10,1,01_Oil,1,01_Oil,1.0,-0.0
205,2017-11,1,01_Oil,1,01_Oil,1.0,-0.0
206,2017-12,1,01_Oil,1,01_Oil,1.0,0.0
207,2018-01,1,01_Oil,1,01_Oil,1.0,0.0
208,2018-02,1,01_Oil,1,01_Oil,1.0,0.0
209,2018-03,1,01_Oil,1,01_Oil,1.0,-0.0
210,2018-04,1,01_Oil,1,01_Oil,1.0,-0.0
211,2018-05,1,01_Oil,1,01_Oil,1.0,-0.0
212,2018-06,1,01_Oil,1,01_Oil,1.0,-0.0
213,2018-07,1,01_Oil,1,01_Oil,1.0,0.0
214,2018-08,1,01_Oil,1,01_Oil,1.0,-0.0
215,2018-09,1,01_Oil,1,01_Oil,1.0,-0.0
216,2018-10,1,01_Oil,1,01_Oil,1.0,0.0
217,2018-11,1,01_Oil,1,01_Oil,1.0,0.0
218,2018-12,1,01_Oil,1,01_Oil,1.0,0.0
219,2019-01,1,01_Oil,1,01_Oil,1.0,-0.0
220,2019-02,1,01_Oil,1,01_Oil,1.0,-0.0
221,2019-03,1,01_Oil,1,01_Oil,1.0,-0.0
222,2019-04,1,01_Oil,1,01_Oil,1.0,-0.0
223,2019-05,1,01_Oil,1,01_Oil,1.0,0.0
224,2019-06,1,01_Oil,1,01_Oil,1.0,-0.0
225,2019-07,1,01_Oil,1,01_Oil,1.0,0.0
226,2019-08,1,01_Oil,1,01_Oil,1.0,-0.0
227,2019-09,1,01_Oil,1,01_Oil,1.0,-0.0
228,2019-10,1,01_Oil,1,01_Oil,1.0,0.0
229,2019-11,1,01_Oil,1,01_Oil,1.0,0.0
230,2019-12,1,01_Oil,1,01_Oil,1.0,0.0
231,2020-01,1,01_Oil,1,01_Oil,1.0,0.0
232,2020-02,1,01_Oil,1,01_Oil,1.0,-0.0
233,2020-03,1,01_Oil,1,01_Oil,1.0,0.0
234,2020-04,1,01_Oil,1,01_Oil,1.0,-0.0
235,2020-05,1,01_Oil,1,01_Oil,1.0,-0.0
236,2020-06,1,01_Oil,1,01_Oil,1.0,0.0
237,2020-07,1,01_Oil,1,01_Oil,1.0,0.0
238,2020-08,1,01_Oil,1,01_Oil,1.0,-0.0
239,2020-09,1,01_Oil,1,01_Oil,1.0,0.0
240,2020-10,1,01_Oil,1,01_Oil,1.0,0.0
241,2020-11,1,01_Oil,1,01_Oil,1.0,0.0
242,2020-12,1,01_Oil,1,01_Oil,1.0,0.0
243,2021-01,1,01_Oil,1,01_Oil,1.0,0.0
244,2021-02,1,01_Oil,1,01_Oil,1.0,-0.0
245,2021-03,1,01_Oil,1,01_Oil,1.0,0.0
246,2021-04,1,01_Oil,1,01_Oil,1.0,0.0
247,2021-05,1,01_Oil,1,01_Oil,1.0,0.0
248,2021-06,1,01_Oil,1,01_Oil,1.0,0.0
249,2021-07,1,01_Oil,1,01_Oil,1.0,0.0
250,2021-08,1,01_Oil,1,01_Oil,1.0,-0.0
251,2021-09,1,01_Oil,1,01_Oil,1.0,0.0
252,2021-10,1,01_Oil,1,01_Oil,1.0,-0.0
253,2021-11,1,01_Oil,1,01_Oil,1.0,-0.0
254,2021-12,1,01_Oil,1,01_Oil,1.0,0.0
255,2022-01,1,01_Oil,1,01_Oil,1.0,0.0
256,2022-02,1,01_Oil,1,01_Oil,1.0,0.0
257,2022-03,1,01_Oil,1,01_Oil,1.0,0.0
258,2022-04,1,01_Oil,1,01_Oil,1.0,0.0
259,2022-05,1,01_Oil,1,01_Oil,1.0,0.0
260,2022-06,1,01_Oil,1,01_Oil,1.0,-0.0
261,2022-07,1,01_Oil,1,01_Oil,1.0,-0.0
262,2022-08,1,01_Oil,1,01_Oil,1.0,-0.0
263,2022-09,1,01_Oil,1,01_Oil,1.0,-0.0
264,2022-10,1,01_Oil,1,01_Oil,1.0,0.0
265,2022-11,1,01_Oil,1,01_Oil,1.0,-0.0
266,2022-12,1,01_Oil,1,01_Oil,1.0,0.0
267,2023-01,1,01_Oil,1,01_Oil,1.0,-0.0
268,2023-02,1,01_Oil,1,01_Oil,1.0,-0.0
12,2001-10,1,01_Oil,2,02_SP500,1.0,1.0457
13,2001-11,1,01_Oil,2,02_SP500,1.0,0.9237
14,2001-12,1,01_Oil,2,02_SP500,1.0,0.7442
15,2002-01,1,01_Oil,2,02_SP500,1.0,0.5572
16,2002-02,1,01_Oil,2,02_SP500,1.0,0.3906
17,2002-03,1,01_Oil,2,02_SP500,1.0,0.2545
18,2002-04,1,01_Oil,2,02_SP500,1.0,0.1529
19,2002-05,1,01_Oil,2,02_SP500,1.0,0.1012
20,2002-06,1,01_Oil,2,02_SP500,1.0,0.1248
21,2002-07,1,01_Oil,2,02_SP500,1.0,0.2225
22,2002-08,1,01_Oil,2,02_SP500,1.0,0.3228
23,2002-09,1,01_Oil,2,02_SP500,1.0,-2.4148
24,2002-10,1,01_Oil,2,02_SP500,1.0,-2.4111
25,2002-11,1,01_Oil,2,02_SP500,1.0,-2.3276
26,2002-12,1,01_Oil,2,02_SP500,1.0,-2.2623
27,2003-01,1,01_Oil,2,02_SP500,1.0,-2.2289
28,2003-02,1,01_Oil,2,02_SP500,1.0,-2.2452
29,2003-03,1,01_Oil,2,02_SP500,1.0,-2.3608
30,2003-04,1,01_Oil,2,02_SP500,1.0,-2.7406
31,2003-05,1,01_Oil,2,02_SP500,1.0,2.732
32,2003-06,1,01_Oil,2,02_SP500,1.0,2.202
33,2003-07,1,01_Oil,2,02_SP500,1.0,1.9991
34,2003-08,1,01_Oil,2,02_SP500,1.0,1.8521
35,2003-09,1,01_Oil,2,02_SP500,1.0,1.3603
36,2003-10,1,01_Oil,2,02_SP500,1.0,-0.4519
37,2003-11,1,01_Oil,2,02_SP500,1.0,-2.2039
38,2003-12,1,01_Oil,2,02_SP500,1.0,-2.8288
39,2004-01,1,01_Oil,2,02_SP500,1.0,-2.8631
40,2004-02,1,01_Oil,2,02_SP500,1.0,-2.8146
41,2004-03,1,01_Oil,2,02_SP500,1.0,-2.7607
42,2004-04,1,01_Oil,2,02_SP500,1.0,-2.7214
43,2004-05,1,01_Oil,2,02_SP500,1.0,-2.7027
44,2004-06,1,01_Oil,2,02_SP500,1.0,-2.7159
45,2004-07,1,01_Oil,2,02_SP500,1.0,-2.9123
46,2004-08,1,01_Oil,2,02_SP500,1.0,0.7697
47,2004-09,1,01_Oil,2,02_SP500,1.0,0.59
48,2004-10,1,01_Oil,2,02_SP500,1.0,0.2444
49,2004-11,1,01_Oil,2,02_SP500,1.0,-1.1817
50,2004-12,1,01_Oil,2,02_SP500,1.0,-1.5168
51,2005-01,1,01_Oil,2,02_SP500,1.0,-1.4133
52,2005-02,1,01_Oil,2,02_SP500,1.0,-1.1857
53,2005-03,1,01_Oil,2,02_SP500,1.0,-0.9041
54,2005-04,1,01_Oil,2,02_SP500,1.0,-0.6167
55,2005-05,1,01_Oil,2,02_SP500,1.0,-0.3537
56,2005-06,1,01_Oil,2,02_SP500,1.0,-0.0828
57,2005-07,1,01_Oil,2,02_SP500,1.0,0.4909
58,2005-08,1,01_Oil,2,02_SP500,1.0,1.3244
59,2005-09,1,01_Oil,2,02_SP500,1.0,1.3003
60,2005-10,1,01_Oil,2,02_SP500,1.0,1.0963
61,2005-11,1,01_Oil,2,02_SP500,1.0,0.9395
62,2005-12,1,01_Oil,2,02_SP500,1.0,0.8153
63,2006-01,1,01_Oil,2,02_SP500,1.0,0.6915
64,2006-02,1,01_Oil,2,02_SP500,1.0,0.5456
65,2006-03,1,01_Oil,2,02_SP500,1.0,0.3619
66,2006-04,1,01_Oil,2,02_SP500,1.0,0.1327
67,2006-05,1,01_Oil,2,02_SP500,1.0,-0.1297
68,2006-06,1,01_Oil,2,02_SP500,1.0,-0.3861
69,2006-07,1,01_Oil,2,02_SP500,1.0,-0.6165
70,2006-08,1,01_Oil,2,02_SP500,1.0,-0.8743
71,2006-09,1,01_Oil,2,02_SP500,1.0,-1.3331
72,2006-10,1,01_Oil,2,02_SP500,1.0,-2.0582
73,2006-11,1,01_Oil,2,02_SP500,1.0,-2.521
74,2006-12,1,01_Oil,2,02_SP500,1.0,-2.7131
75,2007-01,1,01_Oil,2,02_SP500,1.0,-2.8188
76,2007-02,1,01_Oil,2,02_SP500,1.0,-2.9256
77,2007-03,1,01_Oil,2,02_SP500,1.0,-3.0774
78,2007-04,1,01_Oil,2,02_SP500,1.0,2.9886
79,2007-05,1,01_Oil,2,02_SP500,1.0,2.7051
80,2007-06,1,01_Oil,2,02_SP500,1.0,2.3788
81,2007-07,1,01_Oil,2,02_SP500,1.0,2.0537
82,2007-08,1,01_Oil,2,02_SP500,1.0,1.7712
83,2007-09,1,01_Oil,2,02_SP500,1.0,1.5537
84,2007-10,1,01_Oil,2,02_SP500,1.0,1.4124
85,2007-11,1,01_Oil,2,02_SP500,1.0,1.3602
86,2007-12,1,01_Oil,2,02_SP500,1.0,1.4021
87,2008-01,1,01_Oil,2,02_SP500,1.0,1.4891
88,2008-02,1,01_Oil,2,02_SP500,1.0,1.5236
89,2008-03,1,01_Oil,2,02_SP500,1.0,1.455
90,2008-04,1,01_Oil,2,02_SP500,1.0,1.3038
91,2008-05,1,01_Oil,2,02_SP500,1.0,1.1161
92,2008-06,1,01_Oil,2,02_SP500,1.0,0.9324
93,2008-07,1,01_Oil,2,02_SP500,1.0,0.7758
94,2008-08,1,01_Oil,2,02_SP500,1.0,0.6568
95,2008-09,1,01_Oil,2,02_SP500,1.0,0.5796
96,2008-10,1,01_Oil,2,02_SP500,1.0,0.5477
97,2008-11,1,01_Oil,2,02_SP500,1.0,0.5664
98,2008-12,1,01_Oil,2,02_SP500,1.0,0.6436
99,2009-01,1,01_Oil,2,02_SP500,1.0,0.7862
100,2009-02,1,01_Oil,2,02_SP500,1.0,0.9897
101,2009-03,1,01_Oil,2,02_SP500,1.0,1.2274
102,2009-04,1,01_Oil,2,02_SP500,1.0,1.4592
103,2009-05,1,01_Oil,2,02_SP500,1.0,1.6604
104,2009-06,1,01_Oil,2,02_SP500,1.0,1.8356
105,2009-07,1,01_Oil,2,02_SP500,1.0,2.011
106,2009-08,1,01_Oil,2,02_SP500,1.0,2.23
107,2009-09,1,01_Oil,2,02_SP500,1.0,2.5899
108,2009-10,1,01_Oil,2,02_SP500,1.0,-2.8127
109,2009-11,1,01_Oil,2,02_SP500,1.0,-1.5314
110,2009-12,1,01_Oil,2,02_SP500,1.0,-1.0088
111,2010-01,1,01_Oil,2,02_SP500,1.0,-0.749
112,2010-02,1,01_Oil,2,02_SP500,1.0,-0.5817
113,2010-03,1,01_Oil,2,02_SP500,1.0,-0.46
114,2010-04,1,01_Oil,2,02_SP500,1.0,-0.3624
115,2010-05,1,01_Oil,2,02_SP500,1.0,-0.275
116,2010-06,1,01_Oil,2,02_SP500,1.0,-0.1846
117,2010-07,1,01_Oil,2,02_SP500,1.0,-0.0747
118,2010-08,1,01_Oil,2,02_SP500,1.0,0.0829
119,2010-09,1,01_Oil,2,02_SP500,1.0,0.3589
120,2010-10,1,01_Oil,2,02_SP500,1.0,1.1078
121,2010-11,1,01_Oil,2,02_SP500,1.0,3.0228
122,2010-12,1,01_Oil,2,02_SP500,1.0,-2.5158
123,2011-01,1,01_Oil,2,02_SP500,1.0,-2.1041
124,2011-02,1,01_Oil,2,02_SP500,1.0,-1.8335
125,2011-03,1,01_Oil,2,02_SP500,1.0,-1.6485
126,2011-04,1,01_Oil,2,02_SP500,1.0,-1.4707
127,2011-05,1,01_Oil,2,02_SP500,1.0,1.4875
128,2011-06,1,01_Oil,2,02_SP500,1.0,1.5189
129,2011-07,1,01_Oil,2,02_SP500,1.0,1.4174
130,2011-08,1,01_Oil,2,02_SP500,1.0,1.2324
131,2011-09,1,01_Oil,2,02_SP500,1.0,1.0072
132,2011-10,1,01_Oil,2,02_SP500,1.0,0.7991
133,2011-11,1,01_Oil,2,02_SP500,1.0,0.6375
134,2011-12,1,01_Oil,2,02_SP500,1.0,0.521
135,2012-01,1,01_Oil,2,02_SP500,1.0,0.4413
136,2012-02,1,01_Oil,2,02_SP500,1.0,0.4005
137,2012-03,1,01_Oil,2,02_SP500,1.0,0.424
138,2012-04,1,01_Oil,2,02_SP500,1.0,0.5661
139,2012-05,1,01_Oil,2,02_SP500,1.0,0.8502
140,2012-06,1,01_Oil,2,02_SP500,1.0,1.1532
141,2012-07,1,01_Oil,2,02_SP500,1.0,1.3608
142,2012-08,1,01_Oil,2,02_SP500,1.0,1.4933
143,2012-09,1,01_Oil,2,02_SP500,1.0,1.5963
144,2012-10,1,01_Oil,2,02_SP500,1.0,-1.5272
145,2012-11,1,01_Oil,2,02_SP500,1.0,-1.3869
146,2012-12,1,01_Oil,2,02_SP500,1.0,-1.3129
147,2013-01,1,01_Oil,2,02_SP500,1.0,-1.2571
148,2013-02,1,01_Oil,2,02_SP500,1.0,-1.2129
149,2013-03,1,01_Oil,2,02_SP500,1.0,-1.1236
150,2013-04,1,01_Oil,2,02_SP500,1.0,-0.7465
151,2013-05,1,01_Oil,2,02_SP500,1.0,0.1207
152,2013-06,1,01_Oil,2,02_SP500,1.0,0.639
153,2013-07,1,01_Oil,2,02_SP500,1.0,0.9223
154,2013-08,1,01_Oil,2,02_SP500,1.0,1.1936
155,2013-09,1,01_Oil,2,02_SP500,1.0,1.5324
156,2013-10,1,01_Oil,2,02_SP500,1.0,1.9908
157,2013-11,1,01_Oil,2,02_SP500,1.0,2.5742
158,2013-12,1,01_Oil,2,02_SP500,1.0,-3.1139
159,2014-01,1,01_Oil,2,02_SP500,1.0,-2.63
160,2014-02,1,01_Oil,2,02_SP500,1.0,-2.2692
161,2014-03,1,01_Oil,2,02_SP500,1.0,-2.0033
162,2014-04,1,01_Oil,2,02_SP500,1.0,-1.812
163,2014-05,1,01_Oil,2,02_SP500,1.0,-1.6993
164,2014-06,1,01_Oil,2,02_SP500,1.0,-1.7188
165,2014-07,1,01_Oil,2,02_SP500,1.0,-1.9614
166,2014-08,1,01_Oil,2,02_SP500,1.0,-2.2957
167,2014-09,1,01_Oil,2,02_SP500,1.0,-2.4668
168,2014-10,1,01_Oil,2,02_SP500,1.0,-2.508
169,2014-11,1,01_Oil,2,02_SP500,1.0,-2.5022
170,2014-12,1,01_Oil,2,02_SP500,1.0,-2.4963
171,2015-01,1,01_Oil,2,02_SP500,1.0,-2.513
172,2015-02,1,01_Oil,2,02_SP500,1.0,-2.5525
173,2015-03,1,01_Oil,2,02_SP500,1.0,-2.5986
174,2015-04,1,01_Oil,2,02_SP500,1.0,-2.6381
175,2015-05,1,01_Oil,2,02_SP500,1.0,-2.6699
176,2015-06,1,01_Oil,2,02_SP500,1.0,-2.6977
177,2015-07,1,01_Oil,2,02_SP500,1.0,-2.7179
178,2015-08,1,01_Oil,2,02_SP500,1.0,-2.7154
179,2015-09,1,01_Oil,2,02_SP500,1.0,-2.6439
180,2015-10,1,01_Oil,2,02_SP500,1.0,-2.138
181,2015-11,1,01_Oil,2,02_SP500,1.0,-0.3671
182,2015-12,1,01_Oil,2,02_SP500,1.0,-0.1153
183,2016-01,1,01_Oil,2,02_SP500,1.0,-0.0912
184,2016-02,1,01_Oil,2,02_SP500,1.0,-0.1218
185,2016-03,1,01_Oil,2,02_SP500,1.0,-0.1596
186,2016-04,1,01_Oil,2,02_SP500,1.0,-0.0352
187,2016-05,1,01_Oil,2,02_SP500,1.0,2.0567
188,2016-06,1,01_Oil,2,02_SP500,1.0,2.2732
189,2016-07,1,01_Oil,2,02_SP500,1.0,2.2233
190,2016-08,1,01_Oil,2,02_SP500,1.0,2.1519
191,2016-09,1,01_Oil,2,02_SP500,1.0,2.0873
192,2016-10,1,01_Oil,2,02_SP500,1.0,2.0357
193,2016-11,1,01_Oil,2,02_SP500,1.0,2.0032
194,2016-12,1,01_Oil,2,02_SP500,1.0,2.0084
195,2017-01,1,01_Oil,2,02_SP500,1.0,2.0954
196,2017-02,1,01_Oil,2,02_SP500,1.0,2.3449
197,2017-03,1,01_Oil,2,02_SP500,1.0,2.7427
198,2017-04,1,01_Oil,2,02_SP500,1.0,2.968
199,2017-05,1,01_Oil,2,02_SP500,1.0,2.8667
200,2017-06,1,01_Oil,2,02_SP500,1.0,2.5511
201,2017-07,1,01_Oil,2,02_SP500,1.0,2.4064
202,2017-08,1,01_Oil,2,02_SP500,1.0,2.6777
203,2017-09,1,01_Oil,2,02_SP500,1.0,-3.0385
204,2017-10,1,01_Oil,2,02_SP500,1.0,-2.4777
205,2017-11,1,01_Oil,2,02_SP500,1.0,-2.0939
206,2017-12,1,01_Oil,2,02_SP500,1.0,-1.872
207,2018-01,1,01_Oil,2,02_SP500,1.0,-1.7643
208,2018-02,1,01_Oil,2,02_SP500,1.0,-1.79
209,2018-03,1,01_Oil,2,02_SP500,1.0,2.8879
210,2018-04,1,01_Oil,2,02_SP500,1.0,1.9142
211,2018-05,1,01_Oil,2,02_SP500,1.0,1.869
212,2018-06,1,01_Oil,2,02_SP500,1.0,1.8797
213,2018-07,1,01_Oil,2,02_SP500,1.0,1.8951
214,2018-08,1,01_Oil,2,02_SP500,1.0,1.8987
215,2018-09,1,01_Oil,2,02_SP500,1.0,1.8867
216,2018-10,1,01_Oil,2,02_SP500,1.0,1.8693
217,2018-11,1,01_Oil,2,02_SP500,1.0,2.0387
218,2018-12,1,01_Oil,2,02_SP500,1.0,-1.6242
219,2019-01,1,01_Oil,2,02_SP500,1.0,-1.6467
220,2019-02,1,01_Oil,2,02_SP500,1.0,-1.6913
221,2019-03,1,01_Oil,2,02_SP500,1.0,-1.6266
222,2019-04,1,01_Oil,2,02_SP500,1.0,-1.0851
223,2019-05,1,01_Oil,2,02_SP500,1.0,-0.0785
224,2019-06,1,01_Oil,2,02_SP500,1.0,0.2217
225,2019-07,1,01_Oil,2,02_SP500,1.0,0.2948
226,2019-08,1,01_Oil,2,02_SP500,1.0,0.3084
227,2019-09,1,01_Oil,2,02_SP500,1.0,0.2853
228,2019-10,1,01_Oil,2,02_SP500,1.0,0.3732
229,2019-11,1,01_Oil,2,02_SP500,1.0,3.0215
230,2019-12,1,01_Oil,2,02_SP500,1.0,2.7784
231,2020-01,1,01_Oil,2,02_SP500,1.0,2.5523
232,2020-02,1,01_Oil,2,02_SP500,1.0,2.4091
233,2020-03,1,01_Oil,2,02_SP500,1.0,2.3386
234,2020-04,1,01_Oil,2,02_SP500,1.0,2.3203
235,2020-05,1,01_Oil,2,02_SP500,1.0,2.3415
236,2020-06,1,01_Oil,2,02_SP500,1.0,2.3926
237,2020-07,1,01_Oil,2,02_SP500,1.0,2.4517
238,2020-08,1,01_Oil,2,02_SP500,1.0,2.4657
239,2020-09,1,01_Oil,2,02_SP500,1.0,2.354
240,2020-10,1,01_Oil,2,02_SP500,1.0,2.0987
241,2020-11,1,01_Oil,2,02_SP500,1.0,1.8494
242,2020-12,1,01_Oil,2,02_SP500,1.0,1.7271
243,2021-01,1,01_Oil,2,02_SP500,1.0,1.7365
244,2021-02,1,01_Oil,2,02_SP500,1.0,1.9059
245,2021-03,1,01_Oil,2,02_SP500,1.0,2.3519
246,2021-04,1,01_Oil,2,02_SP500,1.0,2.989
247,2021-05,1,01_Oil,2,02_SP500,1.0,-2.8981
248,2021-06,1,01_Oil,2,02_SP500,1.0,-2.7292
249,2021-07,1,01_Oil,2,02_SP500,1.0,-2.674
250,2021-08,1,01_Oil,2,02_SP500,1.0,-2.6805
251,2021-09,1,01_Oil,2,02_SP500,1.0,-2.7217
252,2021-10,1,01_Oil,2,02_SP500,1.0,-2.7826
253,2021-11,1,01_Oil,2,02_SP500,1.0,-2.8531
254,2021-12,1,01_Oil,2,02_SP500,1.0,-2.9259
255,2022-01,1,01_Oil,2,02_SP500,1.0,-2.9903
256,2022-02,1,01_Oil,2,02_SP500,1.0,-3.0283
257,2022-03,1,01_Oil,2,02_SP500,1.0,-3.0118
258,2022-04,1,01_Oil,2,02_SP500,1.0,-2.8961
259,2022-05,1,01_Oil,2,02_SP500,1.0,-2.615
260,2022-06,1,01_Oil,2,02_SP500,1.0,-2.1428
261,2022-07,1,01_Oil,2,02_SP500,1.0,-1.6729
262,2022-08,1,01_Oil,2,02_SP500,1.0,-1.3739
263,2022-09,1,01_Oil,2,02_SP500,1.0,-1.2015
264,2022-10,1,01_Oil,2,02_SP500,1.0,-1.086
265,2022-11,1,01_Oil,2,02_SP500,1.0,-0.9757
266,2022-12,1,01_Oil,2,02_SP500,1.0,-0.8155
267,2023-01,1,01_Oil,2,02_SP500,1.0,-0.5068
268,2023-02,1,01_Oil,2,02_SP500,1.0,0.0955
12,2001-10,1,01_Oil,3,03_US10Y,1.0,-0.1571
13,2001-11,1,01_Oil,3,03_US10Y,1.0,-0.2621
14,2001-12,1,01_Oil,3,03_US10Y,1.0,-0.4094
15,2002-01,1,01_Oil,3,03_US10Y,1.0,-0.5486
16,2002-02,1,01_Oil,3,03_US10Y,1.0,-0.6412
17,2002-03,1,01_Oil,3,03_US10Y,1.0,-0.6629
18,2002-04,1,01_Oil,3,03_US10Y,1.0,-0.5974
19,2002-05,1,01_Oil,3,03_US10Y,1.0,-0.4321
20,2002-06,1,01_Oil,3,03_US10Y,1.0,-0.1707
21,2002-07,1,01_Oil,3,03_US10Y,1.0,0.139
22,2002-08,1,01_Oil,3,03_US10Y,1.0,0.3839
23,2002-09,1,01_Oil,3,03_US10Y,1.0,-2.2938
24,2002-10,1,01_Oil,3,03_US10Y,1.0,-2.3283
25,2002-11,1,01_Oil,3,03_US10Y,1.0,-2.4194
26,2002-12,1,01_Oil,3,03_US10Y,1.0,-2.7074
27,2003-01,1,01_Oil,3,03_US10Y,1.0,-3.0761
28,2003-02,1,01_Oil,3,03_US10Y,1.0,2.9714
29,2003-03,1,01_Oil,3,03_US10Y,1.0,2.8722
30,2003-04,1,01_Oil,3,03_US10Y,1.0,2.8446
31,2003-05,1,01_Oil,3,03_US10Y,1.0,2.8482
32,2003-06,1,01_Oil,3,03_US10Y,1.0,2.8591
33,2003-07,1,01_Oil,3,03_US10Y,1.0,2.8526
34,2003-08,1,01_Oil,3,03_US10Y,1.0,2.7763
35,2003-09,1,01_Oil,3,03_US10Y,1.0,2.3227
36,2003-10,1,01_Oil,3,03_US10Y,1.0,0.6931
37,2003-11,1,01_Oil,3,03_US10Y,1.0,0.2549
38,2003-12,1,01_Oil,3,03_US10Y,1.0,0.0057
39,2004-01,1,01_Oil,3,03_US10Y,1.0,-0.3935
40,2004-02,1,01_Oil,3,03_US10Y,1.0,-0.9311
41,2004-03,1,01_Oil,3,03_US10Y,1.0,-1.3021
42,2004-04,1,01_Oil,3,03_US10Y,1.0,-1.4834
43,2004-05,1,01_Oil,3,03_US10Y,1.0,-1.5797
44,2004-06,1,01_Oil,3,03_US10Y,1.0,-1.6548
45,2004-07,1,01_Oil,3,03_US10Y,1.0,-1.8771
46,2004-08,1,01_Oil,3,03_US10Y,1.0,1.8284
47,2004-09,1,01_Oil,3,03_US10Y,1.0,1.8038
48,2004-10,1,01_Oil,3,03_US10Y,1.0,2.2583
49,2004-11,1,01_Oil,3,03_US10Y,1.0,-2.5958
50,2004-12,1,01_Oil,3,03_US10Y,1.0,-2.1293
51,2005-01,1,01_Oil,3,03_US10Y,1.0,-1.9802
52,2005-02,1,01_Oil,3,03_US10Y,1.0,-1.8836
53,2005-03,1,01_Oil,3,03_US10Y,1.0,-1.7861
54,2005-04,1,01_Oil,3,03_US10Y,1.0,-1.6633
55,2005-05,1,01_Oil,3,03_US10Y,1.0,-1.4875
56,2005-06,1,01_Oil,3,03_US10Y,1.0,-1.1821
57,2005-07,1,01_Oil,3,03_US10Y,1.0,-0.406
58,2005-08,1,01_Oil,3,03_US10Y,1.0,0.8419
59,2005-09,1,01_Oil,3,03_US10Y,1.0,1.3573
60,2005-10,1,01_Oil,3,03_US10Y,1.0,1.6012
61,2005-11,1,01_Oil,3,03_US10Y,1.0,1.7469
62,2005-12,1,01_Oil,3,03_US10Y,1.0,1.8234
63,2006-01,1,01_Oil,3,03_US10Y,1.0,1.8286
64,2006-02,1,01_Oil,3,03_US10Y,1.0,1.7517
65,2006-03,1,01_Oil,3,03_US10Y,1.0,1.582
66,2006-04,1,01_Oil,3,03_US10Y,1.0,1.3295
67,2006-05,1,01_Oil,3,03_US10Y,1.0,1.0665
68,2006-06,1,01_Oil,3,03_US10Y,1.0,0.9473
69,2006-07,1,01_Oil,3,03_US10Y,1.0,1.0985
70,2006-08,1,01_Oil,3,03_US10Y,1.0,1.4018
71,2006-09,1,01_Oil,3,03_US10Y,1.0,1.6505
72,2006-10,1,01_Oil,3,03_US10Y,1.0,1.824
73,2006-11,1,01_Oil,3,03_US10Y,1.0,1.946
74,2006-12,1,01_Oil,3,03_US10Y,1.0,2.0192
75,2007-01,1,01_Oil,3,03_US10Y,1.0,2.032
76,2007-02,1,01_Oil,3,03_US10Y,1.0,1.9646
77,2007-03,1,01_Oil,3,03_US10Y,1.0,1.798
78,2007-04,1,01_Oil,3,03_US10Y,1.0,1.5273
79,2007-05,1,01_Oil,3,03_US10Y,1.0,1.1732
80,2007-06,1,01_Oil,3,03_US10Y,1.0,0.784
81,2007-07,1,01_Oil,3,03_US10Y,1.0,0.4208
82,2007-08,1,01_Oil,3,03_US10Y,1.0,0.1255
83,2007-09,1,01_Oil,3,03_US10Y,1.0,-0.0933
84,2007-10,1,01_Oil,3,03_US10Y,1.0,-0.2459
85,2007-11,1,01_Oil,3,03_US10Y,1.0,-0.3434
86,2007-12,1,01_Oil,3,03_US10Y,1.0,-0.3933
87,2008-01,1,01_Oil,3,03_US10Y,1.0,-0.4129
88,2008-02,1,01_Oil,3,03_US10Y,1.0,-0.4508
89,2008-03,1,01_Oil,3,03_US10Y,1.0,-0.5878
90,2008-04,1,01_Oil,3,03_US10Y,1.0,-0.8832
91,2008-05,1,01_Oil,3,03_US10Y,1.0,-1.3187
92,2008-06,1,01_Oil,3,03_US10Y,1.0,-1.7798
93,2008-07,1,01_Oil,3,03_US10Y,1.0,-2.1522
94,2008-08,1,01_Oil,3,03_US10Y,1.0,-2.4101
95,2008-09,1,01_Oil,3,03_US10Y,1.0,-2.5721
96,2008-10,1,01_Oil,3,03_US10Y,1.0,-2.6542
97,2008-11,1,01_Oil,3,03_US10Y,1.0,-2.6618
98,2008-12,1,01_Oil,3,03_US10Y,1.0,-2.5918
99,2009-01,1,01_Oil,3,03_US10Y,1.0,-2.4393
100,2009-02,1,01_Oil,3,03_US10Y,1.0,-2.2105
101,2009-03,1,01_Oil,3,03_US10Y,1.0,-1.9351
102,2009-04,1,01_Oil,3,03_US10Y,1.0,-1.6569
103,2009-05,1,01_Oil,3,03_US10Y,1.0,-1.4046
104,2009-06,1,01_Oil,3,03_US10Y,1.0,-1.1779
105,2009-07,1,01_Oil,3,03_US10Y,1.0,-0.9539
106,2009-08,1,01_Oil,3,03_US10Y,1.0,-0.6848
107,2009-09,1,01_Oil,3,03_US10Y,1.0,-0.2418
108,2009-10,1,01_Oil,3,03_US10Y,1.0,0.8741
109,2009-11,1,01_Oil,3,03_US10Y,1.0,2.7848
110,2009-12,1,01_Oil,3,03_US10Y,1.0,-2.3485
111,2010-01,1,01_Oil,3,03_US10Y,1.0,-1.8269
112,2010-02,1,01_Oil,3,03_US10Y,1.0,-1.5406
113,2010-03,1,01_Oil,3,03_US10Y,1.0,-1.3439
114,2010-04,1,01_Oil,3,03_US10Y,1.0,-1.1894
115,2010-05,1,01_Oil,3,03_US10Y,1.0,-1.0637
116,2010-06,1,01_Oil,3,03_US10Y,1.0,-0.9679
117,2010-07,1,01_Oil,3,03_US10Y,1.0,-0.9078
118,2010-08,1,01_Oil,3,03_US10Y,1.0,-0.8848
119,2010-09,1,01_Oil,3,03_US10Y,1.0,-0.8844
120,2010-10,1,01_Oil,3,03_US10Y,1.0,-0.862
121,2010-11,1,01_Oil,3,03_US10Y,1.0,-0.7594
122,2010-12,1,01_Oil,3,03_US10Y,1.0,-0.5803
123,2011-01,1,01_Oil,3,03_US10Y,1.0,-0.3814
124,2011-02,1,01_Oil,3,03_US10Y,1.0,-0.162
125,2011-03,1,01_Oil,3,03_US10Y,1.0,0.1559
126,2011-04,1,01_Oil,3,03_US10Y,1.0,0.6463
127,2011-05,1,01_Oil,3,03_US10Y,1.0,1.1033
128,2011-06,1,01_Oil,3,03_US10Y,1.0,1.2949
129,2011-07,1,01_Oil,3,03_US10Y,1.0,1.2684
130,2011-08,1,01_Oil,3,03_US10Y,1.0,1.1042
131,2011-09,1,01_Oil,3,03_US10Y,1.0,0.8771
132,2011-10,1,01_Oil,3,03_US10Y,1.0,0.6576
133,2011-11,1,01_Oil,3,03_US10Y,1.0,0.4789
134,2011-12,1,01_Oil,3,03_US10Y,1.0,0.3361
135,2012-01,1,01_Oil,3,03_US10Y,1.0,0.2084
136,2012-02,1,01_Oil,3,03_US10Y,1.0,0.0741
137,2012-03,1,01_Oil,3,03_US10Y,1.0,-0.0707
138,2012-04,1,01_Oil,3,03_US10Y,1.0,-0.1659
139,2012-05,1,01_Oil,3,03_US10Y,1.0,-0.1263
140,2012-06,1,01_Oil,3,03_US10Y,1.0,-0.0506
141,2012-07,1,01_Oil,3,03_US10Y,1.0,-0.1111
142,2012-08,1,01_Oil,3,03_US10Y,1.0,-0.386
143,2012-09,1,01_Oil,3,03_US10Y,1.0,-0.8739
144,2012-10,1,01_Oil,3,03_US10Y,1.0,-1.3881
145,2012-11,1,01_Oil,3,03_US10Y,1.0,-1.7982
146,2012-12,1,01_Oil,3,03_US10Y,1.0,-2.1509
147,2013-01,1,01_Oil,3,03_US10Y,1.0,-2.4958
148,2013-02,1,01_Oil,3,03_US10Y,1.0,-2.8503
149,2013-03,1,01_Oil,3,03_US10Y,1.0,3.0699
150,2013-04,1,01_Oil,3,03_US10Y,1.0,2.7291
151,2013-05,1,01_Oil,3,03_US10Y,1.0,2.4631
152,2013-06,1,01_Oil,3,03_US10Y,1.0,2.3005
153,2013-07,1,01_Oil,3,03_US10Y,1.0,2.217
154,2013-08,1,01_Oil,3,03_US10Y,1.0,1.94
155,2013-09,1,01_Oil,3,03_US10Y,1.0,-0.0131
156,2013-10,1,01_Oil,3,03_US10Y,1.0,0.149
157,2013-11,1,01_Oil,3,03_US10Y,1.0,0.6375
158,2013-12,1,01_Oil,3,03_US10Y,1.0,1.187
159,2014-01,1,01_Oil,3,03_US10Y,1.0,1.6476
160,2014-02,1,01_Oil,3,03_US10Y,1.0,1.9953
161,2014-03,1,01_Oil,3,03_US10Y,1.0,2.2522
162,2014-04,1,01_Oil,3,03_US10Y,1.0,2.4413
163,2014-05,1,01_Oil,3,03_US10Y,1.0,2.5885
164,2014-06,1,01_Oil,3,03_US10Y,1.0,2.7275
165,2014-07,1,01_Oil,3,03_US10Y,1.0,2.9005
166,2014-08,1,01_Oil,3,03_US10Y,1.0,3.1169
167,2014-09,1,01_Oil,3,03_US10Y,1.0,-2.9797
168,2014-10,1,01_Oil,3,03_US10Y,1.0,-2.8591
169,2014-11,1,01_Oil,3,03_US10Y,1.0,-2.7723
170,2014-12,1,01_Oil,3,03_US10Y,1.0,-2.698
171,2015-01,1,01_Oil,3,03_US10Y,1.0,-2.633
172,2015-02,1,01_Oil,3,03_US10Y,1.0,-2.5726
173,2015-03,1,01_Oil,3,03_US10Y,1.0,-2.505
174,2015-04,1,01_Oil,3,03_US10Y,1.0,-2.423
175,2015-05,1,01_Oil,3,03_US10Y,1.0,-2.3308
176,2015-06,1,01_Oil,3,03_US10Y,1.0,-2.2393
177,2015-07,1,01_Oil,3,03_US10Y,1.0,-2.1619
178,2015-08,1,01_Oil,3,03_US10Y,1.0,-2.1233
179,2015-09,1,01_Oil,3,03_US10Y,1.0,-2.2172
180,2015-10,1,01_Oil,3,03_US10Y,1.0,-2.6685
181,2015-11,1,01_Oil,3,03_US10Y,1.0,-1.6551
182,2015-12,1,01_Oil,3,03_US10Y,1.0,-1.5359
183,2016-01,1,01_Oil,3,03_US10Y,1.0,-1.5079
184,2016-02,1,01_Oil,3,03_US10Y,1.0,-1.494
185,2016-03,1,01_Oil,3,03_US10Y,1.0,-1.4754
186,2016-04,1,01_Oil,3,03_US10Y,1.0,-1.3001
187,2016-05,1,01_Oil,3,03_US10Y,1.0,0.8287
188,2016-06,1,01_Oil,3,03_US10Y,1.0,1.0777
189,2016-07,1,01_Oil,3,03_US10Y,1.0,1.0847
190,2016-08,1,01_Oil,3,03_US10Y,1.0,1.1175
191,2016-09,1,01_Oil,3,03_US10Y,1.0,1.1979
192,2016-10,1,01_Oil,3,03_US10Y,1.0,1.3008
193,2016-11,1,01_Oil,3,03_US10Y,1.0,1.3943
194,2016-12,1,01_Oil,3,03_US10Y,1.0,1.461
195,2017-01,1,01_Oil,3,03_US10Y,1.0,1.5007
196,2017-02,1,01_Oil,3,03_US10Y,1.0,1.5208
197,2017-03,1,01_Oil,3,03_US10Y,1.0,1.5238
198,2017-04,1,01_Oil,3,03_US10Y,1.0,1.4922
199,2017-05,1,01_Oil,3,03_US10Y,1.0,1.3735
200,2017-06,1,01_Oil,3,03_US10Y,1.0,1.1655
201,2017-07,1,01_Oil,3,03_US10Y,1.0,1.1302
202,2017-08,1,01_Oil,3,03_US10Y,1.0,1.4016
203,2017-09,1,01_Oil,3,03_US10Y,1.0,1.8458
204,2017-10,1,01_Oil,3,03_US10Y,1.0,2.2974
205,2017-11,1,01_Oil,3,03_US10Y,1.0,2.6583
206,2017-12,1,01_Oil,3,03_US10Y,1.0,2.9126
207,2018-01,1,01_Oil,3,03_US10Y,1.0,3.0685
208,2018-02,1,01_Oil,3,03_US10Y,1.0,3.0811
209,2018-03,1,01_Oil,3,03_US10Y,1.0,1.4861
210,2018-04,1,01_Oil,3,03_US10Y,1.0,0.4816
211,2018-05,1,01_Oil,3,03_US10Y,1.0,0.3523
212,2018-06,1,01_Oil,3,03_US10Y,1.0,0.2154
213,2018-07,1,01_Oil,3,03_US10Y,1.0,0.0178
214,2018-08,1,01_Oil,3,03_US10Y,1.0,-0.2415
215,2018-09,1,01_Oil,3,03_US10Y,1.0,-0.5241
216,2018-10,1,01_Oil,3,03_US10Y,1.0,-0.777
217,2018-11,1,01_Oil,3,03_US10Y,1.0,-0.9759
218,2018-12,1,01_Oil,3,03_US10Y,1.0,-1.1235
219,2019-01,1,01_Oil,3,03_US10Y,1.0,-1.2268
220,2019-02,1,01_Oil,3,03_US10Y,1.0,-1.2808
221,2019-03,1,01_Oil,3,03_US10Y,1.0,-1.228
222,2019-04,1,01_Oil,3,03_US10Y,1.0,-0.7354
223,2019-05,1,01_Oil,3,03_US10Y,1.0,0.1818
224,2019-06,1,01_Oil,3,03_US10Y,1.0,0.4068
225,2019-07,1,01_Oil,3,03_US10Y,1.0,0.4945
226,2019-08,1,01_Oil,3,03_US10Y,1.0,0.6528
227,2019-09,1,01_Oil,3,03_US10Y,1.0,0.9271
228,2019-10,1,01_Oil,3,03_US10Y,1.0,1.28
229,2019-11,1,01_Oil,3,03_US10Y,1.0,1.5081
230,2019-12,1,01_Oil,3,03_US10Y,1.0,1.5065
231,2020-01,1,01_Oil,3,03_US10Y,1.0,1.4004
232,2020-02,1,01_Oil,3,03_US10Y,1.0,1.2901
233,2020-03,1,01_Oil,3,03_US10Y,1.0,1.1886
234,2020-04,1,01_Oil,3,03_US10Y,1.0,1.0825
235,2020-05,1,01_Oil,3,03_US10Y,1.0,0.9576
236,2020-06,1,01_Oil,3,03_US10Y,1.0,0.7999
237,2020-07,1,01_Oil,3,03_US10Y,1.0,0.588
238,2020-08,1,01_Oil,3,03_US10Y,1.0,0.2812
239,2020-09,1,01_Oil,3,03_US10Y,1.0,-0.1896
240,2020-10,1,01_Oil,3,03_US10Y,1.0,-0.8751
241,2020-11,1,01_Oil,3,03_US10Y,1.0,-1.741
242,2020-12,1,01_Oil,3,03_US10Y,1.0,-2.6221
243,2021-01,1,01_Oil,3,03_US10Y,1.0,-3.1169
244,2021-02,1,01_Oil,3,03_US10Y,1.0,3.0972
245,2021-03,1,01_Oil,3,03_US10Y,1.0,-2.8263
246,2021-04,1,01_Oil,3,03_US10Y,1.0,-2.1467
247,2021-05,1,01_Oil,3,03_US10Y,1.0,-1.5366
248,2021-06,1,01_Oil,3,03_US10Y,1.0,-0.9833
249,2021-07,1,01_Oil,3,03_US10Y,1.0,-0.5823
250,2021-08,1,01_Oil,3,03_US10Y,1.0,-0.3949
251,2021-09,1,01_Oil,3,03_US10Y,1.0,-0.3298
252,2021-10,1,01_Oil,3,03_US10Y,1.0,-0.3083
253,2021-11,1,01_Oil,3,03_US10Y,1.0,-0.2843
254,2021-12,1,01_Oil,3,03_US10Y,1.0,-0.2315
255,2022-01,1,01_Oil,3,03_US10Y,1.0,-0.1393
256,2022-02,1,01_Oil,3,03_US10Y,1.0,-0.0214
257,2022-03,1,01_Oil,3,03_US10Y,1.0,0.0918
258,2022-04,1,01_Oil,3,03_US10Y,1.0,0.1995
259,2022-05,1,01_Oil,3,03_US10Y,1.0,0.3649
260,2022-06,1,01_Oil,3,03_US10Y,1.0,0.6429
261,2022-07,1,01_Oil,3,03_US10Y,1.0,0.8798
262,2022-08,1,01_Oil,3,03_US10Y,1.0,0.9385
263,2022-09,1,01_Oil,3,03_US10Y,1.0,0.88
264,2022-10,1,01_Oil,3,03_US10Y,1.0,0.7786
265,2022-11,1,01_Oil,3,03_US10Y,1.0,0.6853
266,2022-12,1,01_Oil,3,03_US10Y,1.0,0.6532
267,2023-01,1,01_Oil,3,03_US10Y,1.0,0.7837
268,2023-02,1,01_Oil,3,03_US10Y,1.0,1.2378
12,2001-10,1,01_Oil,4,04_US_Economy,1.0,1.0104
13,2001-11,1,01_Oil,4,04_US_Economy,1.0,0.8937
14,2001-12,1,01_Oil,4,04_US_Economy,1.0,0.7173
15,2002-01,1,01_Oil,4,04_US_Economy,1.0,0.5321
16,2002-02,1,01_Oil,4,04_US_Economy,1.0,0.3668
17,2002-03,1,01_Oil,4,04_US_Economy,1.0,0.2323
18,2002-04,1,01_Oil,4,04_US_Economy,1.0,0.1333
19,2002-05,1,01_Oil,4,04_US_Economy,1.0,0.085
20,2002-06,1,01_Oil,4,04_US_Economy,1.0,0.1106
21,2002-07,1,01_Oil,4,04_US_Economy,1.0,0.2105
22,2002-08,1,01_Oil,4,04_US_Economy,1.0,0.3182
23,2002-09,1,01_Oil,4,04_US_Economy,1.0,-2.4061
24,2002-10,1,01_Oil,4,04_US_Economy,1.0,-2.3851
25,2002-11,1,01_Oil,4,04_US_Economy,1.0,-2.2808
26,2002-12,1,01_Oil,4,04_US_Economy,1.0,-2.1895
27,2003-01,1,01_Oil,4,04_US_Economy,1.0,-2.1207
28,2003-02,1,01_Oil,4,04_US_Economy,1.0,-2.0829
29,2003-03,1,01_Oil,4,04_US_Economy,1.0,-2.1064
30,2003-04,1,01_Oil,4,04_US_Economy,1.0,-2.3741
31,2003-05,1,01_Oil,4,04_US_Economy,1.0,2.4277
32,2003-06,1,01_Oil,4,04_US_Economy,1.0,1.8776
33,2003-07,1,01_Oil,4,04_US_Economy,1.0,1.7889
34,2003-08,1,01_Oil,4,04_US_Economy,1.0,1.7229
35,2003-09,1,01_Oil,4,04_US_Economy,1.0,1.3058
36,2003-10,1,01_Oil,4,04_US_Economy,1.0,-0.3649
37,2003-11,1,01_Oil,4,04_US_Economy,1.0,-1.6258
38,2003-12,1,01_Oil,4,04_US_Economy,1.0,-2.6645
39,2004-01,1,01_Oil,4,04_US_Economy,1.0,-2.7664
40,2004-02,1,01_Oil,4,04_US_Economy,1.0,-2.7378
41,2004-03,1,01_Oil,4,04_US_Economy,1.0,-2.6965
42,2004-04,1,01_Oil,4,04_US_Economy,1.0,-2.6683
43,2004-05,1,01_Oil,4,04_US_Economy,1.0,-2.6612
44,2004-06,1,01_Oil,4,04_US_Economy,1.0,-2.6888
45,2004-07,1,01_Oil,4,04_US_Economy,1.0,-2.9066
46,2004-08,1,01_Oil,4,04_US_Economy,1.0,0.7386
47,2004-09,1,01_Oil,4,04_US_Economy,1.0,0.4897
48,2004-10,1,01_Oil,4,04_US_Economy,1.0,0.1054
49,2004-11,1,01_Oil,4,04_US_Economy,1.0,-0.6048
50,2004-12,1,01_Oil,4,04_US_Economy,1.0,-0.9621
51,2005-01,1,01_Oil,4,04_US_Economy,1.0,-0.9663
52,2005-02,1,01_Oil,4,04_US_Economy,1.0,-0.8351
53,2005-03,1,01_Oil,4,04_US_Economy,1.0,-0.658
54,2005-04,1,01_Oil,4,04_US_Economy,1.0,-0.4756
55,2005-05,1,01_Oil,4,04_US_Economy,1.0,-0.3015
56,2005-06,1,01_Oil,4,04_US_Economy,1.0,-0.1009
57,2005-07,1,01_Oil,4,04_US_Economy,1.0,0.4015
58,2005-08,1,01_Oil,4,04_US_Economy,1.0,1.126
59,2005-09,1,01_Oil,4,04_US_Economy,1.0,1.0124
60,2005-10,1,01_Oil,4,04_US_Economy,1.0,0.8098
61,2005-11,1,01_Oil,4,04_US_Economy,1.0,0.6846
62,2005-12,1,01_Oil,4,04_US_Economy,1.0,0.5953
63,2006-01,1,01_Oil,4,04_US_Economy,1.0,0.5086
64,2006-02,1,01_Oil,4,04_US_Economy,1.0,0.4034
65,2006-03,1,01_Oil,4,04_US_Economy,1.0,0.2628
66,2006-04,1,01_Oil,4,04_US_Economy,1.0,0.077
67,2006-05,1,01_Oil,4,04_US_Economy,1.0,-0.1419
68,2006-06,1,01_Oil,4,04_US_Economy,1.0,-0.3516
69,2006-07,1,01_Oil,4,04_US_Economy,1.0,-0.5215
70,2006-08,1,01_Oil,4,04_US_Economy,1.0,-0.6722
71,2006-09,1,01_Oil,4,04_US_Economy,1.0,-0.8893
72,2006-10,1,01_Oil,4,04_US_Economy,1.0,-1.3514
73,2006-11,1,01_Oil,4,04_US_Economy,1.0,-2.0455
74,2006-12,1,01_Oil,4,04_US_Economy,1.0,-2.479
75,2007-01,1,01_Oil,4,04_US_Economy,1.0,-2.6957
76,2007-02,1,01_Oil,4,04_US_Economy,1.0,-2.8621
77,2007-03,1,01_Oil,4,04_US_Economy,1.0,-3.0555
78,2007-04,1,01_Oil,4,04_US_Economy,1.0,2.9765
79,2007-05,1,01_Oil,4,04_US_Economy,1.0,2.6643
80,2007-06,1,01_Oil,4,04_US_Economy,1.0,2.3148
81,2007-07,1,01_Oil,4,04_US_Economy,1.0,1.9724
82,2007-08,1,01_Oil,4,04_US_Economy,1.0,1.6777
83,2007-09,1,01_Oil,4,04_US_Economy,1.0,1.4515
84,2007-10,1,01_Oil,4,04_US_Economy,1.0,1.3028
85,2007-11,1,01_Oil,4,04_US_Economy,1.0,1.243
86,2007-12,1,01_Oil,4,04_US_Economy,1.0,1.2804
87,2008-01,1,01_Oil,4,04_US_Economy,1.0,1.3761
88,2008-02,1,01_Oil,4,04_US_Economy,1.0,1.4319
89,2008-03,1,01_Oil,4,04_US_Economy,1.0,1.3845
90,2008-04,1,01_Oil,4,04_US_Economy,1.0,1.2492
91,2008-05,1,01_Oil,4,04_US_Economy,1.0,1.0728
92,2008-06,1,01_Oil,4,04_US_Economy,1.0,0.8973
93,2008-07,1,01_Oil,4,04_US_Economy,1.0,0.7469
94,2008-08,1,01_Oil,4,04_US_Economy,1.0,0.6323
95,2008-09,1,01_Oil,4,04_US_Economy,1.0,0.5576
96,2008-10,1,01_Oil,4,04_US_Economy,1.0,0.5263
97,2008-11,1,01_Oil,4,04_US_Economy,1.0,0.5434
98,2008-12,1,01_Oil,4,04_US_Economy,1.0,0.6166
99,2009-01,1,01_Oil,4,04_US_Economy,1.0,0.753
100,2009-02,1,01_Oil,4,04_US_Economy,1.0,0.9485
101,2009-03,1,01_Oil,4,04_US_Economy,1.0,1.1771
102,2009-04,1,01_Oil,4,04_US_Economy,1.0,1.3998
103,2009-05,1,01_Oil,4,04_US_Economy,1.0,1.5937
104,2009-06,1,01_Oil,4,04_US_Economy,1.0,1.7661
105,2009-07,1,01_Oil,4,04_US_Economy,1.0,1.9463
106,2009-08,1,01_Oil,4,04_US_Economy,1.0,2.1807
107,2009-09,1,01_Oil,4,04_US_Economy,1.0,2.5666
108,2009-10,1,01_Oil,4,04_US_Economy,1.0,-2.8059
109,2009-11,1,01_Oil,4,04_US_Economy,1.0,-1.5016
110,2009-12,1,01_Oil,4,04_US_Economy,1.0,-0.9684
111,2010-01,1,01_Oil,4,04_US_Economy,1.0,-0.7076
112,2010-02,1,01_Oil,4,04_US_Economy,1.0,-0.5438
113,2010-03,1,01_Oil,4,04_US_Economy,1.0,-0.4273
114,2010-04,1,01_Oil,4,04_US_Economy,1.0,-0.3354
115,2010-05,1,01_Oil,4,04_US_Economy,1.0,-0.2545
116,2010-06,1,01_Oil,4,04_US_Economy,1.0,-0.1725
117,2010-07,1,01_Oil,4,04_US_Economy,1.0,-0.0757
118,2010-08,1,01_Oil,4,04_US_Economy,1.0,0.056
119,2010-09,1,01_Oil,4,04_US_Economy,1.0,0.2609
120,2010-10,1,01_Oil,4,04_US_Economy,1.0,0.6603
121,2010-11,1,01_Oil,4,04_US_Economy,1.0,3.0327
122,2010-12,1,01_Oil,4,04_US_Economy,1.0,-2.2368
123,2011-01,1,01_Oil,4,04_US_Economy,1.0,-1.7975
124,2011-02,1,01_Oil,4,04_US_Economy,1.0,-1.4574
125,2011-03,1,01_Oil,4,04_US_Economy,1.0,-1.1114
126,2011-04,1,01_Oil,4,04_US_Economy,1.0,-0.497
127,2011-05,1,01_Oil,4,04_US_Economy,1.0,0.6435
128,2011-06,1,01_Oil,4,04_US_Economy,1.0,1.1312
129,2011-07,1,01_Oil,4,04_US_Economy,1.0,1.1931
130,2011-08,1,01_Oil,4,04_US_Economy,1.0,1.0819
131,2011-09,1,01_Oil,4,04_US_Economy,1.0,0.8964
132,2011-10,1,01_Oil,4,04_US_Economy,1.0,0.7122
133,2011-11,1,01_Oil,4,04_US_Economy,1.0,0.5664
134,2011-12,1,01_Oil,4,04_US_Economy,1.0,0.4616
135,2012-01,1,01_Oil,4,04_US_Economy,1.0,0.391
136,2012-02,1,01_Oil,4,04_US_Economy,1.0,0.3565
137,2012-03,1,01_Oil,4,04_US_Economy,1.0,0.3804
138,2012-04,1,01_Oil,4,04_US_Economy,1.0,0.5119
139,2012-05,1,01_Oil,4,04_US_Economy,1.0,0.7692
140,2012-06,1,01_Oil,4,04_US_Economy,1.0,1.0254
141,2012-07,1,01_Oil,4,04_US_Economy,1.0,1.1572
142,2012-08,1,01_Oil,4,04_US_Economy,1.0,1.1499
143,2012-09,1,01_Oil,4,04_US_Economy,1.0,0.8847
144,2012-10,1,01_Oil,4,04_US_Economy,1.0,-0.1801
145,2012-11,1,01_Oil,4,04_US_Economy,1.0,-0.845
146,2012-12,1,01_Oil,4,04_US_Economy,1.0,-0.9875
147,2013-01,1,01_Oil,4,04_US_Economy,1.0,-1.0179
148,2013-02,1,01_Oil,4,04_US_Economy,1.0,-1.0079
149,2013-03,1,01_Oil,4,04_US_Economy,1.0,-0.9161
150,2013-04,1,01_Oil,4,04_US_Economy,1.0,-0.5496
151,2013-05,1,01_Oil,4,04_US_Economy,1.0,0.1107
152,2013-06,1,01_Oil,4,04_US_Economy,1.0,0.5524
153,2013-07,1,01_Oil,4,04_US_Economy,1.0,0.8383
154,2013-08,1,01_Oil,4,04_US_Economy,1.0,1.1215
155,2013-09,1,01_Oil,4,04_US_Economy,1.0,1.4743
156,2013-10,1,01_Oil,4,04_US_Economy,1.0,1.9487
157,2013-11,1,01_Oil,4,04_US_Economy,1.0,2.5499
158,2013-12,1,01_Oil,4,04_US_Economy,1.0,-3.1181
159,2014-01,1,01_Oil,4,04_US_Economy,1.0,-2.611
160,2014-02,1,01_Oil,4,04_US_Economy,1.0,-2.2231
161,2014-03,1,01_Oil,4,04_US_Economy,1.0,-1.9238
162,2014-04,1,01_Oil,4,04_US_Economy,1.0,-1.6901
163,2014-05,1,01_Oil,4,04_US_Economy,1.0,-1.5215
164,2014-06,1,01_Oil,4,04_US_Economy,1.0,-1.4661
165,2014-07,1,01_Oil,4,04_US_Economy,1.0,-1.6465
166,2014-08,1,01_Oil,4,04_US_Economy,1.0,-2.0525
167,2014-09,1,01_Oil,4,04_US_Economy,1.0,-2.3292
168,2014-10,1,01_Oil,4,04_US_Economy,1.0,-2.424
169,2014-11,1,01_Oil,4,04_US_Economy,1.0,-2.4446
170,2014-12,1,01_Oil,4,04_US_Economy,1.0,-2.4534
171,2015-01,1,01_Oil,4,04_US_Economy,1.0,-2.4793
172,2015-02,1,01_Oil,4,04_US_Economy,1.0,-2.5244
173,2015-03,1,01_Oil,4,04_US_Economy,1.0,-2.5735
174,2015-04,1,01_Oil,4,04_US_Economy,1.0,-2.6147
175,2015-05,1,01_Oil,4,04_US_Economy,1.0,-2.6485
176,2015-06,1,01_Oil,4,04_US_Economy,1.0,-2.6798
177,2015-07,1,01_Oil,4,04_US_Economy,1.0,-2.7046
178,2015-08,1,01_Oil,4,04_US_Economy,1.0,-2.7066
179,2015-09,1,01_Oil,4,04_US_Economy,1.0,-2.6387
180,2015-10,1,01_Oil,4,04_US_Economy,1.0,-2.1356
181,2015-11,1,01_Oil,4,04_US_Economy,1.0,-0.3666
182,2015-12,1,01_Oil,4,04_US_Economy,1.0,-0.1157
183,2016-01,1,01_Oil,4,04_US_Economy,1.0,-0.0917
184,2016-02,1,01_Oil,4,04_US_Economy,1.0,-0.1219
185,2016-03,1,01_Oil,4,04_US_Economy,1.0,-0.16
186,2016-04,1,01_Oil,4,04_US_Economy,1.0,-0.0382
187,2016-05,1,01_Oil,4,04_US_Economy,1.0,2.047
188,2016-06,1,01_Oil,4,04_US_Economy,1.0,2.2521
189,2016-07,1,01_Oil,4,04_US_Economy,1.0,2.1876
190,2016-08,1,01_Oil,4,04_US_Economy,1.0,2.0998
191,2016-09,1,01_Oil,4,04_US_Economy,1.0,2.018
192,2016-10,1,01_Oil,4,04_US_Economy,1.0,1.9487
193,2016-11,1,01_Oil,4,04_US_Economy,1.0,1.8967
194,2016-12,1,01_Oil,4,04_US_Economy,1.0,1.8788
195,2017-01,1,01_Oil,4,04_US_Economy,1.0,1.9385
196,2017-02,1,01_Oil,4,04_US_Economy,1.0,2.1783
197,2017-03,1,01_Oil,4,04_US_Economy,1.0,2.6525
198,2017-04,1,01_Oil,4,04_US_Economy,1.0,2.9472
199,2017-05,1,01_Oil,4,04_US_Economy,1.0,2.8565
200,2017-06,1,01_Oil,4,04_US_Economy,1.0,2.5381
201,2017-07,1,01_Oil,4,04_US_Economy,1.0,2.3922
202,2017-08,1,01_Oil,4,04_US_Economy,1.0,2.6696
203,2017-09,1,01_Oil,4,04_US_Economy,1.0,-3.0321
204,2017-10,1,01_Oil,4,04_US_Economy,1.0,-2.4608
205,2017-11,1,01_Oil,4,04_US_Economy,1.0,-2.0752
206,2017-12,1,01_Oil,4,04_US_Economy,1.0,-1.8556
207,2018-01,1,01_Oil,4,04_US_Economy,1.0,-1.7521
208,2018-02,1,01_Oil,4,04_US_Economy,1.0,-1.7834
209,2018-03,1,01_Oil,4,04_US_Economy,1.0,2.8875
210,2018-04,1,01_Oil,4,04_US_Economy,1.0,1.9048
211,2018-05,1,01_Oil,4,04_US_Economy,1.0,1.8476
212,2018-06,1,01_Oil,4,04_US_Economy,1.0,1.842
213,2018-07,1,01_Oil,4,04_US_Economy,1.0,1.8345
214,2018-08,1,01_Oil,4,04_US_Economy,1.0,1.8034
215,2018-09,1,01_Oil,4,04_US_Economy,1.0,1.7302
216,2018-10,1,01_Oil,4,04_US_Economy,1.0,1.566
217,2018-11,1,01_Oil,4,04_US_Economy,1.0,0.7906
218,2018-12,1,01_Oil,4,04_US_Economy,1.0,-1.1609
219,2019-01,1,01_Oil,4,04_US_Economy,1.0,-1.4715
220,2019-02,1,01_Oil,4,04_US_Economy,1.0,-1.6095
221,2019-03,1,01_Oil,4,04_US_Economy,1.0,-1.5919
222,2019-04,1,01_Oil,4,04_US_Economy,1.0,-1.0761
223,2019-05,1,01_Oil,4,04_US_Economy,1.0,-0.0832
224,2019-06,1,01_Oil,4,04_US_Economy,1.0,0.2099
225,2019-07,1,01_Oil,4,04_US_Economy,1.0,0.2787
226,2019-08,1,01_Oil,4,04_US_Economy,1.0,0.2884
227,2019-09,1,01_Oil,4,04_US_Economy,1.0,0.2584
228,2019-10,1,01_Oil,4,04_US_Economy,1.0,0.2465
229,2019-11,1,01_Oil,4,04_US_Economy,1.0,3.0071
230,2019-12,1,01_Oil,4,04_US_Economy,1.0,2.759
231,2020-01,1,01_Oil,4,04_US_Economy,1.0,2.5295
232,2020-02,1,01_Oil,4,04_US_Economy,1.0,2.3836
233,2020-03,1,01_Oil,4,04_US_Economy,1.0,2.3114
234,2020-04,1,01_Oil,4,04_US_Economy,1.0,2.2925
235,2020-05,1,01_Oil,4,04_US_Economy,1.0,2.3153
236,2020-06,1,01_Oil,4,04_US_Economy,1.0,2.3707
237,2020-07,1,01_Oil,4,04_US_Economy,1.0,2.4363
238,2020-08,1,01_Oil,4,04_US_Economy,1.0,2.4562
239,2020-09,1,01_Oil,4,04_US_Economy,1.0,2.3468
240,2020-10,1,01_Oil,4,04_US_Economy,1.0,2.0901
241,2020-11,1,01_Oil,4,04_US_Economy,1.0,1.8379
242,2020-12,1,01_Oil,4,04_US_Economy,1.0,1.7129
243,2021-01,1,01_Oil,4,04_US_Economy,1.0,1.7208
244,2021-02,1,01_Oil,4,04_US_Economy,1.0,1.8909
245,2021-03,1,01_Oil,4,04_US_Economy,1.0,2.34
246,2021-04,1,01_Oil,4,04_US_Economy,1.0,2.9828
247,2021-05,1,01_Oil,4,04_US_Economy,1.0,-2.8962
248,2021-06,1,01_Oil,4,04_US_Economy,1.0,-2.7176
249,2021-07,1,01_Oil,4,04_US_Economy,1.0,-2.6532
250,2021-08,1,01_Oil,4,04_US_Economy,1.0,-2.653
251,2021-09,1,01_Oil,4,04_US_Economy,1.0,-2.6914
252,2021-10,1,01_Oil,4,04_US_Economy,1.0,-2.7529
253,2021-11,1,01_Oil,4,04_US_Economy,1.0,-2.8266
254,2021-12,1,01_Oil,4,04_US_Economy,1.0,-2.9041
255,2022-01,1,01_Oil,4,04_US_Economy,1.0,-2.9734
256,2022-02,1,01_Oil,4,04_US_Economy,1.0,-3.015
257,2022-03,1,01_Oil,4,04_US_Economy,1.0,-2.9999
258,2022-04,1,01_Oil,4,04_US_Economy,1.0,-2.8836
259,2022-05,1,01_Oil,4,04_US_Economy,1.0,-2.6008
260,2022-06,1,01_Oil,4,04_US_Economy,1.0,-2.1267
261,2022-07,1,01_Oil,4,04_US_Economy,1.0,-1.6551
262,2022-08,1,01_Oil,4,04_US_Economy,1.0,-1.3549
263,2022-09,1,01_Oil,4,04_US_Economy,1.0,-1.1818
264,2022-10,1,01_Oil,4,04_US_Economy,1.0,-1.0664
265,2022-11,1,01_Oil,4,04_US_Economy,1.0,-0.957
266,2022-12,1,01_Oil,4,04_US_Economy,1.0,-0.799
267,2023-01,1,01_Oil,4,04_US_Economy,1.0,-0.4943
268,2023-02,1,01_Oil,4,04_US_Economy,1.0,0.1019
12,2001-10,1,01_Oil,5,05_US_Inflation,1.0,-1.9162
13,2001-11,1,01_Oil,5,05_US_Inflation,1.0,-2.0649
14,2001-12,1,01_Oil,5,05_US_Inflation,1.0,-2.1591
15,2002-01,1,01_Oil,5,05_US_Inflation,1.0,-2.1538
16,2002-02,1,01_Oil,5,05_US_Inflation,1.0,-2.0234
17,2002-03,1,01_Oil,5,05_US_Inflation,1.0,-1.8057
18,2002-04,1,01_Oil,5,05_US_Inflation,1.0,-1.5863
19,2002-05,1,01_Oil,5,05_US_Inflation,1.0,-1.4108
20,2002-06,1,01_Oil,5,05_US_Inflation,1.0,-1.2763
21,2002-07,1,01_Oil,5,05_US_Inflation,1.0,-1.1655
22,2002-08,1,01_Oil,5,05_US_Inflation,1.0,-1.0791
23,2002-09,1,01_Oil,5,05_US_Inflation,1.0,2.5958
24,2002-10,1,01_Oil,5,05_US_Inflation,1.0,-2.0532
25,2002-11,1,01_Oil,5,05_US_Inflation,1.0,-1.3259
26,2002-12,1,01_Oil,5,05_US_Inflation,1.0,-1.206
27,2003-01,1,01_Oil,5,05_US_Inflation,1.0,-1.1725
28,2003-02,1,01_Oil,5,05_US_Inflation,1.0,-1.1742
29,2003-03,1,01_Oil,5,05_US_Inflation,1.0,-1.1975
30,2003-04,1,01_Oil,5,05_US_Inflation,1.0,-1.2372
31,2003-05,1,01_Oil,5,05_US_Inflation,1.0,-1.291
32,2003-06,1,01_Oil,5,05_US_Inflation,1.0,-1.3597
33,2003-07,1,01_Oil,5,05_US_Inflation,1.0,-1.4457
34,2003-08,1,01_Oil,5,05_US_Inflation,1.0,1.0988
35,2003-09,1,01_Oil,5,05_US_Inflation,1.0,0.9059
36,2003-10,1,01_Oil,5,05_US_Inflation,1.0,-0.7888
37,2003-11,1,01_Oil,5,05_US_Inflation,1.0,-1.2641
38,2003-12,1,01_Oil,5,05_US_Inflation,1.0,-1.4683
39,2004-01,1,01_Oil,5,05_US_Inflation,1.0,-1.6539
40,2004-02,1,01_Oil,5,05_US_Inflation,1.0,-1.8785
41,2004-03,1,01_Oil,5,05_US_Inflation,1.0,-2.1601
42,2004-04,1,01_Oil,5,05_US_Inflation,1.0,-2.4796
43,2004-05,1,01_Oil,5,05_US_Inflation,1.0,-2.8011
44,2004-06,1,01_Oil,5,05_US_Inflation,1.0,-3.1177
45,2004-07,1,01_Oil,5,05_US_Inflation,1.0,2.701
46,2004-08,1,01_Oil,5,05_US_Inflation,1.0,-0.131
47,2004-09,1,01_Oil,5,05_US_Inflation,1.0,-0.4706
48,2004-10,1,01_Oil,5,05_US_Inflation,1.0,-0.6763
49,2004-11,1,01_Oil,5,05_US_Inflation,1.0,-0.842
50,2004-12,1,01_Oil,5,05_US_Inflation,1.0,-0.9808
51,2005-01,1,01_Oil,5,05_US_Inflation,1.0,-1.0953
52,2005-02,1,01_Oil,5,05_US_Inflation,1.0,-1.1853
53,2005-03,1,01_Oil,5,05_US_Inflation,1.0,-1.2536
54,2005-04,1,01_Oil,5,05_US_Inflation,1.0,-1.3125
55,2005-05,1,01_Oil,5,05_US_Inflation,1.0,-1.4556
56,2005-06,1,01_Oil,5,05_US_Inflation,1.0,2.9562
57,2005-07,1,01_Oil,5,05_US_Inflation,1.0,3.0603
58,2005-08,1,01_Oil,5,05_US_Inflation,1.0,-2.1918
59,2005-09,1,01_Oil,5,05_US_Inflation,1.0,-1.8404
60,2005-10,1,01_Oil,5,05_US_Inflation,1.0,-1.735
61,2005-11,1,01_Oil,5,05_US_Inflation,1.0,-1.6991
62,2005-12,1,01_Oil,5,05_US_Inflation,1.0,-1.6921
63,2006-01,1,01_Oil,5,05_US_Inflation,1.0,-1.7008
64,2006-02,1,01_Oil,5,05_US_Inflation,1.0,-1.7162
65,2006-03,1,01_Oil,5,05_US_Inflation,1.0,-1.7196
66,2006-04,1,01_Oil,5,05_US_Inflation,1.0,-1.6683
67,2006-05,1,01_Oil,5,05_US_Inflation,1.0,-1.5282
68,2006-06,1,01_Oil,5,05_US_Inflation,1.0,-1.3881
69,2006-07,1,01_Oil,5,05_US_Inflation,1.0,-1.3413
70,2006-08,1,01_Oil,5,05_US_Inflation,1.0,-1.3572
71,2006-09,1,01_Oil,5,05_US_Inflation,1.0,-1.3934
72,2006-10,1,01_Oil,5,05_US_Inflation,1.0,-1.4309
73,2006-11,1,01_Oil,5,05_US_Inflation,1.0,-1.4645
74,2006-12,1,01_Oil,5,05_US_Inflation,1.0,-1.4958
75,2007-01,1,01_Oil,5,05_US_Inflation,1.0,-1.5293
76,2007-02,1,01_Oil,5,05_US_Inflation,1.0,-1.5726
77,2007-03,1,01_Oil,5,05_US_Inflation,1.0,-1.6274
78,2007-04,1,01_Oil,5,05_US_Inflation,1.0,-1.6672
79,2007-05,1,01_Oil,5,05_US_Inflation,1.0,-1.5672
80,2007-06,1,01_Oil,5,05_US_Inflation,1.0,-1.0876
81,2007-07,1,01_Oil,5,05_US_Inflation,1.0,-0.7717
82,2007-08,1,01_Oil,5,05_US_Inflation,1.0,-0.8703
83,2007-09,1,01_Oil,5,05_US_Inflation,1.0,-1.1211
84,2007-10,1,01_Oil,5,05_US_Inflation,1.0,-1.3982
85,2007-11,1,01_Oil,5,05_US_Inflation,1.0,-1.6298
86,2007-12,1,01_Oil,5,05_US_Inflation,1.0,-1.7883
87,2008-01,1,01_Oil,5,05_US_Inflation,1.0,-1.8906
88,2008-02,1,01_Oil,5,05_US_Inflation,1.0,-1.9668
89,2008-03,1,01_Oil,5,05_US_Inflation,1.0,-2.0368
90,2008-04,1,01_Oil,5,05_US_Inflation,1.0,-2.0947
91,2008-05,1,01_Oil,5,05_US_Inflation,1.0,-2.1166
92,2008-06,1,01_Oil,5,05_US_Inflation,1.0,-2.0852
93,2008-07,1,01_Oil,5,05_US_Inflation,1.0,-2.0117
94,2008-08,1,01_Oil,5,05_US_Inflation,1.0,-1.9265
95,2008-09,1,01_Oil,5,05_US_Inflation,1.0,-1.8529
96,2008-10,1,01_Oil,5,05_US_Inflation,1.0,-1.793
97,2008-11,1,01_Oil,5,05_US_Inflation,1.0,-1.7346
98,2008-12,1,01_Oil,5,05_US_Inflation,1.0,-1.6601
99,2009-01,1,01_Oil,5,05_US_Inflation,1.0,-1.5544
100,2009-02,1,01_Oil,5,05_US_Inflation,1.0,-1.4164
101,2009-03,1,01_Oil,5,05_US_Inflation,1.0,-1.2699
102,2009-04,1,01_Oil,5,05_US_Inflation,1.0,-1.1533
103,2009-05,1,01_Oil,5,05_US_Inflation,1.0,-1.0887
104,2009-06,1,01_Oil,5,05_US_Inflation,1.0,-1.0682
105,2009-07,1,01_Oil,5,05_US_Inflation,1.0,-1.0631
106,2009-08,1,01_Oil,5,05_US_Inflation,1.0,-1.0325
107,2009-09,1,01_Oil,5,05_US_Inflation,1.0,-0.8877
108,2009-10,1,01_Oil,5,05_US_Inflation,1.0,-0.2619
109,2009-11,1,01_Oil,5,05_US_Inflation,1.0,0.6938
110,2009-12,1,01_Oil,5,05_US_Inflation,1.0,0.6891
111,2010-01,1,01_Oil,5,05_US_Inflation,1.0,0.0132
112,2010-02,1,01_Oil,5,05_US_Inflation,1.0,-0.5212
113,2010-03,1,01_Oil,5,05_US_Inflation,1.0,-0.6984
114,2010-04,1,01_Oil,5,05_US_Inflation,1.0,-0.7434
115,2010-05,1,01_Oil,5,05_US_Inflation,1.0,-0.7348
116,2010-06,1,01_Oil,5,05_US_Inflation,1.0,-0.6957
117,2010-07,1,01_Oil,5,05_US_Inflation,1.0,-0.6296
118,2010-08,1,01_Oil,5,05_US_Inflation,1.0,-0.5354
119,2010-09,1,01_Oil,5,05_US_Inflation,1.0,-0.4213
120,2010-10,1,01_Oil,5,05_US_Inflation,1.0,-0.3046
121,2010-11,1,01_Oil,5,05_US_Inflation,1.0,-0.2115
122,2010-12,1,01_Oil,5,05_US_Inflation,1.0,-0.171
123,2011-01,1,01_Oil,5,05_US_Inflation,1.0,-0.1843
124,2011-02,1,01_Oil,5,05_US_Inflation,1.0,-0.23
125,2011-03,1,01_Oil,5,05_US_Inflation,1.0,-0.299
126,2011-04,1,01_Oil,5,05_US_Inflation,1.0,-0.3945
127,2011-05,1,01_Oil,5,05_US_Inflation,1.0,-0.5263
128,2011-06,1,01_Oil,5,05_US_Inflation,1.0,-0.7087
129,2011-07,1,01_Oil,5,05_US_Inflation,1.0,-0.9551
130,2011-08,1,01_Oil,5,05_US_Inflation,1.0,-1.26
131,2011-09,1,01_Oil,5,05_US_Inflation,1.0,-1.579
132,2011-10,1,01_Oil,5,05_US_Inflation,1.0,-1.8422
133,2011-11,1,01_Oil,5,05_US_Inflation,1.0,-1.995
134,2011-12,1,01_Oil,5,05_US_Inflation,1.0,-2.0075
135,2012-01,1,01_Oil,5,05_US_Inflation,1.0,-1.9174
136,2012-02,1,01_Oil,5,05_US_Inflation,1.0,-1.855
137,2012-03,1,01_Oil,5,05_US_Inflation,1.0,-1.8474
138,2012-04,1,01_Oil,5,05_US_Inflation,1.0,-1.783
139,2012-05,1,01_Oil,5,05_US_Inflation,1.0,-1.5978
140,2012-06,1,01_Oil,5,05_US_Inflation,1.0,-1.4233
141,2012-07,1,01_Oil,5,05_US_Inflation,1.0,-1.4037
142,2012-08,1,01_Oil,5,05_US_Inflation,1.0,-1.5443
143,2012-09,1,01_Oil,5,05_US_Inflation,1.0,-1.7968
144,2012-10,1,01_Oil,5,05_US_Inflation,1.0,-2.0836
145,2012-11,1,01_Oil,5,05_US_Inflation,1.0,-2.3393
146,2012-12,1,01_Oil,5,05_US_Inflation,1.0,-2.5545
147,2013-01,1,01_Oil,5,05_US_Inflation,1.0,-2.7559
148,2013-02,1,01_Oil,5,05_US_Inflation,1.0,-2.9758
149,2013-03,1,01_Oil,5,05_US_Inflation,1.0,3.0553
150,2013-04,1,01_Oil,5,05_US_Inflation,1.0,2.7987
151,2013-05,1,01_Oil,5,05_US_Inflation,1.0,2.5974
152,2013-06,1,01_Oil,5,05_US_Inflation,1.0,2.4924
153,2013-07,1,01_Oil,5,05_US_Inflation,1.0,2.4904
154,2013-08,1,01_Oil,5,05_US_Inflation,1.0,2.5849
155,2013-09,1,01_Oil,5,05_US_Inflation,1.0,2.7416
156,2013-10,1,01_Oil,5,05_US_Inflation,1.0,0.1103
157,2013-11,1,01_Oil,5,05_US_Inflation,1.0,0.5597
158,2013-12,1,01_Oil,5,05_US_Inflation,1.0,1.0491
159,2014-01,1,01_Oil,5,05_US_Inflation,1.0,1.4243
160,2014-02,1,01_Oil,5,05_US_Inflation,1.0,1.6663
161,2014-03,1,01_Oil,5,05_US_Inflation,1.0,1.8029
162,2014-04,1,01_Oil,5,05_US_Inflation,1.0,1.8692
163,2014-05,1,01_Oil,5,05_US_Inflation,1.0,1.9599
164,2014-06,1,01_Oil,5,05_US_Inflation,1.0,2.9029
165,2014-07,1,01_Oil,5,05_US_Inflation,1.0,-2.2107
166,2014-08,1,01_Oil,5,05_US_Inflation,1.0,-2.1733
167,2014-09,1,01_Oil,5,05_US_Inflation,1.0,-2.2443
168,2014-10,1,01_Oil,5,05_US_Inflation,1.0,-2.3247
169,2014-11,1,01_Oil,5,05_US_Inflation,1.0,-2.4034
170,2014-12,1,01_Oil,5,05_US_Inflation,1.0,-2.492
171,2015-01,1,01_Oil,5,05_US_Inflation,1.0,-2.6013
172,2015-02,1,01_Oil,5,05_US_Inflation,1.0,-2.7263
173,2015-03,1,01_Oil,5,05_US_Inflation,1.0,-2.845
174,2015-04,1,01_Oil,5,05_US_Inflation,1.0,-2.9363
175,2015-05,1,01_Oil,5,05_US_Inflation,1.0,-2.9942
176,2015-06,1,01_Oil,5,05_US_Inflation,1.0,-3.0272
177,2015-07,1,01_Oil,5,05_US_Inflation,1.0,-3.0482
178,2015-08,1,01_Oil,5,05_US_Inflation,1.0,-3.0646
179,2015-09,1,01_Oil,5,05_US_Inflation,1.0,-3.0469
180,2015-10,1,01_Oil,5,05_US_Inflation,1.0,-2.6292
181,2015-11,1,01_Oil,5,05_US_Inflation,1.0,-0.9631
182,2015-12,1,01_Oil,5,05_US_Inflation,1.0,-0.8119
183,2016-01,1,01_Oil,5,05_US_Inflation,1.0,-0.8754
184,2016-02,1,01_Oil,5,05_US_Inflation,1.0,-0.9883
185,2016-03,1,01_Oil,5,05_US_Inflation,1.0,-1.1319
186,2016-04,1,01_Oil,5,05_US_Inflation,1.0,-1.2071
187,2016-05,1,01_Oil,5,05_US_Inflation,1.0,0.4431
188,2016-06,1,01_Oil,5,05_US_Inflation,1.0,0.0201
189,2016-07,1,01_Oil,5,05_US_Inflation,1.0,-0.4268
190,2016-08,1,01_Oil,5,05_US_Inflation,1.0,-0.6624
191,2016-09,1,01_Oil,5,05_US_Inflation,1.0,-0.7903
192,2016-10,1,01_Oil,5,05_US_Inflation,1.0,-0.8661
193,2016-11,1,01_Oil,5,05_US_Inflation,1.0,-0.917
194,2016-12,1,01_Oil,5,05_US_Inflation,1.0,-0.9567
195,2017-01,1,01_Oil,5,05_US_Inflation,1.0,-0.9903
196,2017-02,1,01_Oil,5,05_US_Inflation,1.0,-1.0215
197,2017-03,1,01_Oil,5,05_US_Inflation,1.0,-1.0628
198,2017-04,1,01_Oil,5,05_US_Inflation,1.0,-1.1543
199,2017-05,1,01_Oil,5,05_US_Inflation,1.0,-1.3774
200,2017-06,1,01_Oil,5,05_US_Inflation,1.0,-1.7588
201,2017-07,1,01_Oil,5,05_US_Inflation,1.0,-2.0364
202,2017-08,1,01_Oil,5,05_US_Inflation,1.0,-2.0508
203,2017-09,1,01_Oil,5,05_US_Inflation,1.0,-1.9059
204,2017-10,1,01_Oil,5,05_US_Inflation,1.0,-1.7496
205,2017-11,1,01_Oil,5,05_US_Inflation,1.0,-1.6708
206,2017-12,1,01_Oil,5,05_US_Inflation,1.0,-1.6786
207,2018-01,1,01_Oil,5,05_US_Inflation,1.0,-1.7588
208,2018-02,1,01_Oil,5,05_US_Inflation,1.0,-1.9542
209,2018-03,1,01_Oil,5,05_US_Inflation,1.0,2.5566
210,2018-04,1,01_Oil,5,05_US_Inflation,1.0,1.4104
211,2018-05,1,01_Oil,5,05_US_Inflation,1.0,1.1845
212,2018-06,1,01_Oil,5,05_US_Inflation,1.0,1.0083
213,2018-07,1,01_Oil,5,05_US_Inflation,1.0,0.8358
214,2018-08,1,01_Oil,5,05_US_Inflation,1.0,0.6533
215,2018-09,1,01_Oil,5,05_US_Inflation,1.0,0.4492
216,2018-10,1,01_Oil,5,05_US_Inflation,1.0,0.1936
217,2018-11,1,01_Oil,5,05_US_Inflation,1.0,-0.3154
218,2018-12,1,01_Oil,5,05_US_Inflation,1.0,-2.3299
219,2019-01,1,01_Oil,5,05_US_Inflation,1.0,-2.8968
220,2019-02,1,01_Oil,5,05_US_Inflation,1.0,-3.0487
221,2019-03,1,01_Oil,5,05_US_Inflation,1.0,-3.0001
222,2019-04,1,01_Oil,5,05_US_Inflation,1.0,-2.4388
223,2019-05,1,01_Oil,5,05_US_Inflation,1.0,-1.3983
224,2019-06,1,01_Oil,5,05_US_Inflation,1.0,-1.0603
225,2019-07,1,01_Oil,5,05_US_Inflation,1.0,-0.9458
226,2019-08,1,01_Oil,5,05_US_Inflation,1.0,-0.8701
227,2019-09,1,01_Oil,5,05_US_Inflation,1.0,-0.7528
228,2019-10,1,01_Oil,5,05_US_Inflation,1.0,-0.4109
229,2019-11,1,01_Oil,5,05_US_Inflation,1.0,0.2029
230,2019-12,1,01_Oil,5,05_US_Inflation,1.0,0.3388
231,2020-01,1,01_Oil,5,05_US_Inflation,1.0,0.1976
232,2020-02,1,01_Oil,5,05_US_Inflation,1.0,0.0271
233,2020-03,1,01_Oil,5,05_US_Inflation,1.0,-0.1279
234,2020-04,1,01_Oil,5,05_US_Inflation,1.0,-0.2748
235,2020-05,1,01_Oil,5,05_US_Inflation,1.0,-0.4278
236,2020-06,1,01_Oil,5,05_US_Inflation,1.0,-0.6048
237,2020-07,1,01_Oil,5,05_US_Inflation,1.0,-0.8345
238,2020-08,1,01_Oil,5,05_US_Inflation,1.0,-1.1732
239,2020-09,1,01_Oil,5,05_US_Inflation,1.0,-1.7376
240,2020-10,1,01_Oil,5,05_US_Inflation,1.0,-2.7633
241,2020-11,1,01_Oil,5,05_US_Inflation,1.0,2.1513
242,2020-12,1,01_Oil,5,05_US_Inflation,1.0,1.4725
243,2021-01,1,01_Oil,5,05_US_Inflation,1.0,1.2783
244,2021-02,1,01_Oil,5,05_US_Inflation,1.0,1.4435
245,2021-03,1,01_Oil,5,05_US_Inflation,1.0,2.2753
246,2021-04,1,01_Oil,5,05_US_Inflation,1.0,-2.2457
247,2021-05,1,01_Oil,5,05_US_Inflation,1.0,-1.4395
248,2021-06,1,01_Oil,5,05_US_Inflation,1.0,-1.2236
249,2021-07,1,01_Oil,5,05_US_Inflation,1.0,-1.2204
250,2021-08,1,01_Oil,5,05_US_Inflation,1.0,-1.3204
251,2021-09,1,01_Oil,5,05_US_Inflation,1.0,-1.4744
252,2021-10,1,01_Oil,5,05_US_Inflation,1.0,-1.644
253,2021-11,1,01_Oil,5,05_US_Inflation,1.0,-1.7916
254,2021-12,1,01_Oil,5,05_US_Inflation,1.0,-1.8842
255,2022-01,1,01_Oil,5,05_US_Inflation,1.0,-1.9005
256,2022-02,1,01_Oil,5,05_US_Inflation,1.0,-1.8317
257,2022-03,1,01_Oil,5,05_US_Inflation,1.0,-1.6787
258,2022-04,1,01_Oil,5,05_US_Inflation,1.0,-1.4347
259,2022-05,1,01_Oil,5,05_US_Inflation,1.0,-1.0605
260,2022-06,1,01_Oil,5,05_US_Inflation,1.0,-0.5374
261,2022-07,1,01_Oil,5,05_US_Inflation,1.0,-0.052
262,2022-08,1,01_Oil,5,05_US_Inflation,1.0,0.2375
263,2022-09,1,01_Oil,5,05_US_Inflation,1.0,0.3851
264,2022-10,1,01_Oil,5,05_US_Inflation,1.0,0.4675
265,2022-11,1,01_Oil,5,05_US_Inflation,1.0,0.5425
266,2022-12,1,01_Oil,5,05_US_Inflation,1.0,0.6722
267,2023-01,1,01_Oil,5,05_US_Inflation,1.0,0.9701
268,2023-02,1,01_Oil,5,05_US_Inflation,1.0,1.6136
12,2001-10,1,01_Oil,6,06_US_Production,1.0,-1.4489
13,2001-11,1,01_Oil,6,06_US_Production,1.0,-1.7958
14,2001-12,1,01_Oil,6,06_US_Production,1.0,-2.1084
15,2002-01,1,01_Oil,6,06_US_Production,1.0,-2.3926
16,2002-02,1,01_Oil,6,06_US_Production,1.0,-2.662
17,2002-03,1,01_Oil,6,06_US_Production,1.0,-2.9597
18,2002-04,1,01_Oil,6,06_US_Production,1.0,2.9036
19,2002-05,1,01_Oil,6,06_US_Production,1.0,2.3454
20,2002-06,1,01_Oil,6,06_US_Production,1.0,1.9357
21,2002-07,1,01_Oil,6,06_US_Production,1.0,1.7761
22,2002-08,1,01_Oil,6,06_US_Production,1.0,1.7345
23,2002-09,1,01_Oil,6,06_US_Production,1.0,-1.0612
24,2002-10,1,01_Oil,6,06_US_Production,1.0,-1.0581
25,2002-11,1,01_Oil,6,06_US_Production,1.0,-0.9469
26,2002-12,1,01_Oil,6,06_US_Production,1.0,-0.8454
27,2003-01,1,01_Oil,6,06_US_Production,1.0,-0.7712
28,2003-02,1,01_Oil,6,06_US_Production,1.0,-0.7284
29,2003-03,1,01_Oil,6,06_US_Production,1.0,-0.7163
30,2003-04,1,01_Oil,6,06_US_Production,1.0,-0.7353
31,2003-05,1,01_Oil,6,06_US_Production,1.0,-0.7895
32,2003-06,1,01_Oil,6,06_US_Production,1.0,-0.8862
33,2003-07,1,01_Oil,6,06_US_Production,1.0,-1.033
34,2003-08,1,01_Oil,6,06_US_Production,1.0,-1.2513
35,2003-09,1,01_Oil,6,06_US_Production,1.0,-1.7961
36,2003-10,1,01_Oil,6,06_US_Production,1.0,2.8734
37,2003-11,1,01_Oil,6,06_US_Production,1.0,2.6138
38,2003-12,1,01_Oil,6,06_US_Production,1.0,2.7882
39,2004-01,1,01_Oil,6,06_US_Production,1.0,-3.1146
40,2004-02,1,01_Oil,6,06_US_Production,1.0,-2.6301
41,2004-03,1,01_Oil,6,06_US_Production,1.0,-2.1806
42,2004-04,1,01_Oil,6,06_US_Production,1.0,-1.8263
43,2004-05,1,01_Oil,6,06_US_Production,1.0,-1.5509
44,2004-06,1,01_Oil,6,06_US_Production,1.0,-1.3369
45,2004-07,1,01_Oil,6,06_US_Production,1.0,-1.3128
46,2004-08,1,01_Oil,6,06_US_Production,1.0,2.6111
47,2004-09,1,01_Oil,6,06_US_Production,1.0,2.7646
48,2004-10,1,01_Oil,6,06_US_Production,1.0,-3.0701
49,2004-11,1,01_Oil,6,06_US_Production,1.0,-1.2439
50,2004-12,1,01_Oil,6,06_US_Production,1.0,-0.3159
51,2005-01,1,01_Oil,6,06_US_Production,1.0,-0.0181
52,2005-02,1,01_Oil,6,06_US_Production,1.0,0.1259
53,2005-03,1,01_Oil,6,06_US_Production,1.0,0.1001
54,2005-04,1,01_Oil,6,06_US_Production,1.0,-0.215
55,2005-05,1,01_Oil,6,06_US_Production,1.0,-0.6563
56,2005-06,1,01_Oil,6,06_US_Production,1.0,-0.7336
57,2005-07,1,01_Oil,6,06_US_Production,1.0,-0.1681
58,2005-08,1,01_Oil,6,06_US_Production,1.0,0.9276
59,2005-09,1,01_Oil,6,06_US_Production,1.0,1.308
60,2005-10,1,01_Oil,6,06_US_Production,1.0,1.4258
61,2005-11,1,01_Oil,6,06_US_Production,1.0,1.4578
62,2005-12,1,01_Oil,6,06_US_Production,1.0,1.4395
63,2006-01,1,01_Oil,6,06_US_Production,1.0,1.3719
64,2006-02,1,01_Oil,6,06_US_Production,1.0,1.2403
65,2006-03,1,01_Oil,6,06_US_Production,1.0,1.0129
66,2006-04,1,01_Oil,6,06_US_Production,1.0,0.6347
67,2006-05,1,01_Oil,6,06_US_Production,1.0,0.033
68,2006-06,1,01_Oil,6,06_US_Production,1.0,-0.7168
69,2006-07,1,01_Oil,6,06_US_Production,1.0,-1.2708
70,2006-08,1,01_Oil,6,06_US_Production,1.0,-1.5544
71,2006-09,1,01_Oil,6,06_US_Production,1.0,-1.6785
72,2006-10,1,01_Oil,6,06_US_Production,1.0,-1.7208
73,2006-11,1,01_Oil,6,06_US_Production,1.0,-1.7219
74,2006-12,1,01_Oil,6,06_US_Production,1.0,-1.7088
75,2007-01,1,01_Oil,6,06_US_Production,1.0,-1.7065
76,2007-02,1,01_Oil,6,06_US_Production,1.0,-1.7448
77,2007-03,1,01_Oil,6,06_US_Production,1.0,-1.8588
78,2007-04,1,01_Oil,6,06_US_Production,1.0,-2.0809
79,2007-05,1,01_Oil,6,06_US_Production,1.0,-2.4166
80,2007-06,1,01_Oil,6,06_US_Production,1.0,-2.8048
81,2007-07,1,01_Oil,6,06_US_Production,1.0,-3.1412
82,2007-08,1,01_Oil,6,06_US_Production,1.0,2.9146
83,2007-09,1,01_Oil,6,06_US_Production,1.0,2.7908
84,2007-10,1,01_Oil,6,06_US_Production,1.0,2.7433
85,2007-11,1,01_Oil,6,06_US_Production,1.0,2.7554
86,2007-12,1,01_Oil,6,06_US_Production,1.0,2.8329
87,2008-01,1,01_Oil,6,06_US_Production,1.0,2.9887
88,2008-02,1,01_Oil,6,06_US_Production,1.0,-3.1214
89,2008-03,1,01_Oil,6,06_US_Production,1.0,-3.0491
90,2008-04,1,01_Oil,6,06_US_Production,1.0,-3.1005
91,2008-05,1,01_Oil,6,06_US_Production,1.0,3.0626
92,2008-06,1,01_Oil,6,06_US_Production,1.0,2.9275
93,2008-07,1,01_Oil,6,06_US_Production,1.0,2.8078
94,2008-08,1,01_Oil,6,06_US_Production,1.0,2.7175
95,2008-09,1,01_Oil,6,06_US_Production,1.0,2.6633
96,2008-10,1,01_Oil,6,06_US_Production,1.0,2.6505
97,2008-11,1,01_Oil,6,06_US_Production,1.0,2.6851
98,2008-12,1,01_Oil,6,06_US_Production,1.0,2.7749
99,2009-01,1,01_Oil,6,06_US_Production,1.0,2.9255
100,2009-02,1,01_Oil,6,06_US_Production,1.0,3.1276
101,2009-03,1,01_Oil,6,06_US_Production,1.0,-2.9395
102,2009-04,1,01_Oil,6,06_US_Production,1.0,-2.7718
103,2009-05,1,01_Oil,6,06_US_Production,1.0,-2.7242
104,2009-06,1,01_Oil,6,06_US_Production,1.0,-2.8902
105,2009-07,1,01_Oil,6,06_US_Production,1.0,2.9519
106,2009-08,1,01_Oil,6,06_US_Production,1.0,2.5269
107,2009-09,1,01_Oil,6,06_US_Production,1.0,2.3917
108,2009-10,1,01_Oil,6,06_US_Production,1.0,2.7996
109,2009-11,1,01_Oil,6,06_US_Production,1.0,-2.7416
110,2009-12,1,01_Oil,6,06_US_Production,1.0,-2.7867
111,2010-01,1,01_Oil,6,06_US_Production,1.0,-2.9806
112,2010-02,1,01_Oil,6,06_US_Production,1.0,-3.0979
113,2010-03,1,01_Oil,6,06_US_Production,1.0,-3.1301
114,2010-04,1,01_Oil,6,06_US_Production,1.0,-3.0941
115,2010-05,1,01_Oil,6,06_US_Production,1.0,-2.9944
116,2010-06,1,01_Oil,6,06_US_Production,1.0,-2.8269
117,2010-07,1,01_Oil,6,06_US_Production,1.0,-2.5904
118,2010-08,1,01_Oil,6,06_US_Production,1.0,-2.2925
119,2010-09,1,01_Oil,6,06_US_Production,1.0,-1.943
120,2010-10,1,01_Oil,6,06_US_Production,1.0,-1.5388
121,2010-11,1,01_Oil,6,06_US_Production,1.0,-1.0788
122,2010-12,1,01_Oil,6,06_US_Production,1.0,-0.615
123,2011-01,1,01_Oil,6,06_US_Production,1.0,-0.2288
124,2011-02,1,01_Oil,6,06_US_Production,1.0,0.0552
125,2011-03,1,01_Oil,6,06_US_Production,1.0,0.2546
126,2011-04,1,01_Oil,6,06_US_Production,1.0,0.3857
127,2011-05,1,01_Oil,6,06_US_Production,1.0,0.4519
128,2011-06,1,01_Oil,6,06_US_Production,1.0,0.4473
129,2011-07,1,01_Oil,6,06_US_Production,1.0,0.3653
130,2011-08,1,01_Oil,6,06_US_Production,1.0,0.2203
131,2011-09,1,01_Oil,6,06_US_Production,1.0,0.088
132,2011-10,1,01_Oil,6,06_US_Production,1.0,0.4021
133,2011-11,1,01_Oil,6,06_US_Production,1.0,2.3885
134,2011-12,1,01_Oil,6,06_US_Production,1.0,2.5108
135,2012-01,1,01_Oil,6,06_US_Production,1.0,2.5521
136,2012-02,1,01_Oil,6,06_US_Production,1.0,2.6313
137,2012-03,1,01_Oil,6,06_US_Production,1.0,2.7922
138,2012-04,1,01_Oil,6,06_US_Production,1.0,3.0855
139,2012-05,1,01_Oil,6,06_US_Production,1.0,-2.768
140,2012-06,1,01_Oil,6,06_US_Production,1.0,-2.3553
141,2012-07,1,01_Oil,6,06_US_Production,1.0,-2.1593
142,2012-08,1,01_Oil,6,06_US_Production,1.0,2.1041
143,2012-09,1,01_Oil,6,06_US_Production,1.0,1.7441
144,2012-10,1,01_Oil,6,06_US_Production,1.0,1.7969
145,2012-11,1,01_Oil,6,06_US_Production,1.0,1.8593
146,2012-12,1,01_Oil,6,06_US_Production,1.0,1.9033
147,2013-01,1,01_Oil,6,06_US_Production,1.0,1.918
148,2013-02,1,01_Oil,6,06_US_Production,1.0,1.8988
149,2013-03,1,01_Oil,6,06_US_Production,1.0,1.8656
150,2013-04,1,01_Oil,6,06_US_Production,1.0,1.9059
151,2013-05,1,01_Oil,6,06_US_Production,1.0,2.2172
152,2013-06,1,01_Oil,6,06_US_Production,1.0,2.9644
153,2013-07,1,01_Oil,6,06_US_Production,1.0,-2.5931
154,2013-08,1,01_Oil,6,06_US_Production,1.0,-2.0281
155,2013-09,1,01_Oil,6,06_US_Production,1.0,-1.3842
156,2013-10,1,01_Oil,6,06_US_Production,1.0,-0.4239
157,2013-11,1,01_Oil,6,06_US_Production,1.0,0.928
158,2013-12,1,01_Oil,6,06_US_Production,1.0,2.0965
159,2014-01,1,01_Oil,6,06_US_Production,1.0,2.8686
160,2014-02,1,01_Oil,6,06_US_Production,1.0,-2.9014
161,2014-03,1,01_Oil,6,06_US_Production,1.0,-2.5514
162,2014-04,1,01_Oil,6,06_US_Production,1.0,-2.3168
163,2014-05,1,01_Oil,6,06_US_Production,1.0,-2.1729
164,2014-06,1,01_Oil,6,06_US_Production,1.0,-2.1102
165,2014-07,1,01_Oil,6,06_US_Production,1.0,-2.1337
166,2014-08,1,01_Oil,6,06_US_Production,1.0,-2.2599
167,2014-09,1,01_Oil,6,06_US_Production,1.0,-2.4989
168,2014-10,1,01_Oil,6,06_US_Production,1.0,-2.8076
169,2014-11,1,01_Oil,6,06_US_Production,1.0,-3.0942
170,2014-12,1,01_Oil,6,06_US_Production,1.0,2.9626
171,2015-01,1,01_Oil,6,06_US_Production,1.0,2.7744
172,2015-02,1,01_Oil,6,06_US_Production,1.0,2.6065
173,2015-03,1,01_Oil,6,06_US_Production,1.0,2.4657
174,2015-04,1,01_Oil,6,06_US_Production,1.0,2.367
175,2015-05,1,01_Oil,6,06_US_Production,1.0,2.3154
176,2015-06,1,01_Oil,6,06_US_Production,1.0,2.307
177,2015-07,1,01_Oil,6,06_US_Production,1.0,2.3352
178,2015-08,1,01_Oil,6,06_US_Production,1.0,2.3932
179,2015-09,1,01_Oil,6,06_US_Production,1.0,2.4488
180,2015-10,1,01_Oil,6,06_US_Production,1.0,0.3999
181,2015-11,1,01_Oil,6,06_US_Production,1.0,2.0569
182,2015-12,1,01_Oil,6,06_US_Production,1.0,2.3923
183,2016-01,1,01_Oil,6,06_US_Production,1.0,2.5341
184,2016-02,1,01_Oil,6,06_US_Production,1.0,2.642
185,2016-03,1,01_Oil,6,06_US_Production,1.0,2.7571
186,2016-04,1,01_Oil,6,06_US_Production,1.0,3.0393
187,2016-05,1,01_Oil,6,06_US_Production,1.0,-1.0007
188,2016-06,1,01_Oil,6,06_US_Production,1.0,-0.6387
189,2016-07,1,01_Oil,6,06_US_Production,1.0,-0.502
190,2016-08,1,01_Oil,6,06_US_Production,1.0,-0.211
191,2016-09,1,01_Oil,6,06_US_Production,1.0,0.2724
192,2016-10,1,01_Oil,6,06_US_Production,1.0,0.5816
193,2016-11,1,01_Oil,6,06_US_Production,1.0,0.6847
194,2016-12,1,01_Oil,6,06_US_Production,1.0,0.6949
195,2017-01,1,01_Oil,6,06_US_Production,1.0,0.664
196,2017-02,1,01_Oil,6,06_US_Production,1.0,0.6099
197,2017-03,1,01_Oil,6,06_US_Production,1.0,0.5344
198,2017-04,1,01_Oil,6,06_US_Production,1.0,0.4212
199,2017-05,1,01_Oil,6,06_US_Production,1.0,0.2427
200,2017-06,1,01_Oil,6,06_US_Production,1.0,0.1231
201,2017-07,1,01_Oil,6,06_US_Production,1.0,0.6989
202,2017-08,1,01_Oil,6,06_US_Production,1.0,1.4458
203,2017-09,1,01_Oil,6,06_US_Production,1.0,1.8615
204,2017-10,1,01_Oil,6,06_US_Production,1.0,2.1205
205,2017-11,1,01_Oil,6,06_US_Production,1.0,2.1998
206,2017-12,1,01_Oil,6,06_US_Production,1.0,2.0655
207,2018-01,1,01_Oil,6,06_US_Production,1.0,1.698
208,2018-02,1,01_Oil,6,06_US_Production,1.0,1.14
209,2018-03,1,01_Oil,6,06_US_Production,1.0,-0.9059
210,2018-04,1,01_Oil,6,06_US_Production,1.0,-2.2091
211,2018-05,1,01_Oil,6,06_US_Production,1.0,-2.5187
212,2018-06,1,01_Oil,6,06_US_Production,1.0,-2.7364
213,2018-07,1,01_Oil,6,06_US_Production,1.0,-2.9203
214,2018-08,1,01_Oil,6,06_US_Production,1.0,-3.0838
215,2018-09,1,01_Oil,6,06_US_Production,1.0,3.0557
216,2018-10,1,01_Oil,6,06_US_Production,1.0,2.938
217,2018-11,1,01_Oil,6,06_US_Production,1.0,2.8537
218,2018-12,1,01_Oil,6,06_US_Production,1.0,2.807
219,2019-01,1,01_Oil,6,06_US_Production,1.0,2.7962
220,2019-02,1,01_Oil,6,06_US_Production,1.0,2.8165
221,2019-03,1,01_Oil,6,06_US_Production,1.0,2.8938
222,2019-04,1,01_Oil,6,06_US_Production,1.0,-2.9758
223,2019-05,1,01_Oil,6,06_US_Production,1.0,-2.2155
224,2019-06,1,01_Oil,6,06_US_Production,1.0,-2.0743
225,2019-07,1,01_Oil,6,06_US_Production,1.0,-1.9901
226,2019-08,1,01_Oil,6,06_US_Production,1.0,-1.7875
227,2019-09,1,01_Oil,6,06_US_Production,1.0,-0.4839
228,2019-10,1,01_Oil,6,06_US_Production,1.0,0.5547
229,2019-11,1,01_Oil,6,06_US_Production,1.0,0.5143
230,2019-12,1,01_Oil,6,06_US_Production,1.0,0.2931
231,2020-01,1,01_Oil,6,06_US_Production,1.0,0.0638
232,2020-02,1,01_Oil,6,06_US_Production,1.0,-0.1079
233,2020-03,1,01_Oil,6,06_US_Production,1.0,-0.2324
234,2020-04,1,01_Oil,6,06_US_Production,1.0,-0.3357
235,2020-05,1,01_Oil,6,06_US_Production,1.0,-0.4377
236,2020-06,1,01_Oil,6,06_US_Production,1.0,-0.5565
237,2020-07,1,01_Oil,6,06_US_Production,1.0,-0.7151
238,2020-08,1,01_Oil,6,06_US_Production,1.0,-0.9524
239,2020-09,1,01_Oil,6,06_US_Production,1.0,-1.3256
240,2020-10,1,01_Oil,6,06_US_Production,1.0,-1.8564
241,2020-11,1,01_Oil,6,06_US_Production,1.0,-2.556
242,2020-12,1,01_Oil,6,06_US_Production,1.0,2.0405
243,2021-01,1,01_Oil,6,06_US_Production,1.0,1.3372
244,2021-02,1,01_Oil,6,06_US_Production,1.0,1.3546
245,2021-03,1,01_Oil,6,06_US_Production,1.0,1.7715
246,2021-04,1,01_Oil,6,06_US_Production,1.0,2.4431
247,2021-05,1,01_Oil,6,06_US_Production,1.0,2.9327
248,2021-06,1,01_Oil,6,06_US_Production,1.0,-3.0159
249,2021-07,1,01_Oil,6,06_US_Production,1.0,-2.7251
250,2021-08,1,01_Oil,6,06_US_Production,1.0,-2.4756
251,2021-09,1,01_Oil,6,06_US_Production,1.0,-2.3065
252,2021-10,1,01_Oil,6,06_US_Production,1.0,-2.2248
253,2021-11,1,01_Oil,6,06_US_Production,1.0,-2.2082
254,2021-12,1,01_Oil,6,06_US_Production,1.0,-2.2312
255,2022-01,1,01_Oil,6,06_US_Production,1.0,-2.2722
256,2022-02,1,01_Oil,6,06_US_Production,1.0,-2.3109
257,2022-03,1,01_Oil,6,06_US_Production,1.0,-2.3215
258,2022-04,1,01_Oil,6,06_US_Production,1.0,-2.2597
259,2022-05,1,01_Oil,6,06_US_Production,1.0,-2.0434
260,2022-06,1,01_Oil,6,06_US_Production,1.0,-1.6005
261,2022-07,1,01_Oil,6,06_US_Production,1.0,-1.0431
262,2022-08,1,01_Oil,6,06_US_Production,1.0,-0.4842
263,2022-09,1,01_Oil,6,06_US_Production,1.0,-0.0186
264,2022-10,1,01_Oil,6,06_US_Production,1.0,0.2557
265,2022-11,1,01_Oil,6,06_US_Production,1.0,0.4088
266,2022-12,1,01_Oil,6,06_US_Production,1.0,0.5501
267,2023-01,1,01_Oil,6,06_US_Production,1.0,0.8137
268,2023-02,1,01_Oil,6,06_US_Production,1.0,1.3742
12,2001-10,1,01_Oil,7,07_US_Unemployment,1.0,0.7113
13,2001-11,1,01_Oil,7,07_US_Unemployment,1.0,0.3264
14,2001-12,1,01_Oil,7,07_US_Unemployment,1.0,-0.0716
15,2002-01,1,01_Oil,7,07_US_Unemployment,1.0,-0.416
16,2002-02,1,01_Oil,7,07_US_Unemployment,1.0,-0.664
17,2002-03,1,01_Oil,7,07_US_Unemployment,1.0,-0.8074
18,2002-04,1,01_Oil,7,07_US_Unemployment,1.0,-0.8545
19,2002-05,1,01_Oil,7,07_US_Unemployment,1.0,-0.8121
20,2002-06,1,01_Oil,7,07_US_Unemployment,1.0,-0.6892
21,2002-07,1,01_Oil,7,07_US_Unemployment,1.0,-0.5088
22,2002-08,1,01_Oil,7,07_US_Unemployment,1.0,-0.341
23,2002-09,1,01_Oil,7,07_US_Unemployment,1.0,-3.0239
24,2002-10,1,01_Oil,7,07_US_Unemployment,1.0,-2.9776
25,2002-11,1,01_Oil,7,07_US_Unemployment,1.0,-2.8548
26,2002-12,1,01_Oil,7,07_US_Unemployment,1.0,-2.7348
27,2003-01,1,01_Oil,7,07_US_Unemployment,1.0,-2.6038
28,2003-02,1,01_Oil,7,07_US_Unemployment,1.0,-2.4332
29,2003-03,1,01_Oil,7,07_US_Unemployment,1.0,-2.174
30,2003-04,1,01_Oil,7,07_US_Unemployment,1.0,-1.7589
31,2003-05,1,01_Oil,7,07_US_Unemployment,1.0,-1.2241
32,2003-06,1,01_Oil,7,07_US_Unemployment,1.0,-0.7923
33,2003-07,1,01_Oil,7,07_US_Unemployment,1.0,-0.5486
34,2003-08,1,01_Oil,7,07_US_Unemployment,1.0,-0.4776
35,2003-09,1,01_Oil,7,07_US_Unemployment,1.0,-0.8326
36,2003-10,1,01_Oil,7,07_US_Unemployment,1.0,-2.3818
37,2003-11,1,01_Oil,7,07_US_Unemployment,1.0,-2.7373
38,2003-12,1,01_Oil,7,07_US_Unemployment,1.0,-2.8813
39,2004-01,1,01_Oil,7,07_US_Unemployment,1.0,3.1409
40,2004-02,1,01_Oil,7,07_US_Unemployment,1.0,2.6932
41,2004-03,1,01_Oil,7,07_US_Unemployment,1.0,2.3585
42,2004-04,1,01_Oil,7,07_US_Unemployment,1.0,2.2595
43,2004-05,1,01_Oil,7,07_US_Unemployment,1.0,2.2841
44,2004-06,1,01_Oil,7,07_US_Unemployment,1.0,2.3475
45,2004-07,1,01_Oil,7,07_US_Unemployment,1.0,2.2643
46,2004-08,1,01_Oil,7,07_US_Unemployment,1.0,-0.1978
47,2004-09,1,01_Oil,7,07_US_Unemployment,1.0,-0.188
48,2004-10,1,01_Oil,7,07_US_Unemployment,1.0,-0.0708
49,2004-11,1,01_Oil,7,07_US_Unemployment,1.0,0.0595
50,2004-12,1,01_Oil,7,07_US_Unemployment,1.0,0.1916
51,2005-01,1,01_Oil,7,07_US_Unemployment,1.0,0.3262
52,2005-02,1,01_Oil,7,07_US_Unemployment,1.0,0.4691
53,2005-03,1,01_Oil,7,07_US_Unemployment,1.0,0.6276
54,2005-04,1,01_Oil,7,07_US_Unemployment,1.0,0.806
55,2005-05,1,01_Oil,7,07_US_Unemployment,1.0,0.9997
56,2005-06,1,01_Oil,7,07_US_Unemployment,1.0,1.2262
57,2005-07,1,01_Oil,7,07_US_Unemployment,1.0,1.751
58,2005-08,1,01_Oil,7,07_US_Unemployment,1.0,2.5638
59,2005-09,1,01_Oil,7,07_US_Unemployment,1.0,2.6282
60,2005-10,1,01_Oil,7,07_US_Unemployment,1.0,2.5352
61,2005-11,1,01_Oil,7,07_US_Unemployment,1.0,2.4378
62,2005-12,1,01_Oil,7,07_US_Unemployment,1.0,2.325
63,2006-01,1,01_Oil,7,07_US_Unemployment,1.0,2.1691
64,2006-02,1,01_Oil,7,07_US_Unemployment,1.0,1.9393
65,2006-03,1,01_Oil,7,07_US_Unemployment,1.0,1.6102
66,2006-04,1,01_Oil,7,07_US_Unemployment,1.0,1.1872
67,2006-05,1,01_Oil,7,07_US_Unemployment,1.0,0.7223
68,2006-06,1,01_Oil,7,07_US_Unemployment,1.0,0.2942
69,2006-07,1,01_Oil,7,07_US_Unemployment,1.0,-0.0446
70,2006-08,1,01_Oil,7,07_US_Unemployment,1.0,-0.2926
71,2006-09,1,01_Oil,7,07_US_Unemployment,1.0,-0.4751
72,2006-10,1,01_Oil,7,07_US_Unemployment,1.0,-0.621
73,2006-11,1,01_Oil,7,07_US_Unemployment,1.0,-0.7602
74,2006-12,1,01_Oil,7,07_US_Unemployment,1.0,-0.9291
75,2007-01,1,01_Oil,7,07_US_Unemployment,1.0,-1.1867
76,2007-02,1,01_Oil,7,07_US_Unemployment,1.0,-1.7169
77,2007-03,1,01_Oil,7,07_US_Unemployment,1.0,2.368
78,2007-04,1,01_Oil,7,07_US_Unemployment,1.0,1.3238
79,2007-05,1,01_Oil,7,07_US_Unemployment,1.0,0.7852
80,2007-06,1,01_Oil,7,07_US_Unemployment,1.0,0.3603
81,2007-07,1,01_Oil,7,07_US_Unemployment,1.0,0.0104
82,2007-08,1,01_Oil,7,07_US_Unemployment,1.0,-0.2663
83,2007-09,1,01_Oil,7,07_US_Unemployment,1.0,2.0511
84,2007-10,1,01_Oil,7,07_US_Unemployment,1.0,2.4176
85,2007-11,1,01_Oil,7,07_US_Unemployment,1.0,2.2466
86,2007-12,1,01_Oil,7,07_US_Unemployment,1.0,2.0704
87,2008-01,1,01_Oil,7,07_US_Unemployment,1.0,1.883
88,2008-02,1,01_Oil,7,07_US_Unemployment,1.0,1.6772
89,2008-03,1,01_Oil,7,07_US_Unemployment,1.0,1.4518
90,2008-04,1,01_Oil,7,07_US_Unemployment,1.0,1.2269
91,2008-05,1,01_Oil,7,07_US_Unemployment,1.0,1.0826
92,2008-06,1,01_Oil,7,07_US_Unemployment,1.0,1.6793
93,2008-07,1,01_Oil,7,07_US_Unemployment,1.0,2.9178
94,2008-08,1,01_Oil,7,07_US_Unemployment,1.0,2.8876
95,2008-09,1,01_Oil,7,07_US_Unemployment,1.0,2.7588
96,2008-10,1,01_Oil,7,07_US_Unemployment,1.0,2.6956
97,2008-11,1,01_Oil,7,07_US_Unemployment,1.0,2.8278
98,2008-12,1,01_Oil,7,07_US_Unemployment,1.0,-2.8556
99,2009-01,1,01_Oil,7,07_US_Unemployment,1.0,-1.9281
100,2009-02,1,01_Oil,7,07_US_Unemployment,1.0,-1.3817
101,2009-03,1,01_Oil,7,07_US_Unemployment,1.0,-1.0241
102,2009-04,1,01_Oil,7,07_US_Unemployment,1.0,-0.747
103,2009-05,1,01_Oil,7,07_US_Unemployment,1.0,-0.537
104,2009-06,1,01_Oil,7,07_US_Unemployment,1.0,-0.3829
105,2009-07,1,01_Oil,7,07_US_Unemployment,1.0,-0.2615
106,2009-08,1,01_Oil,7,07_US_Unemployment,1.0,-0.1344
107,2009-09,1,01_Oil,7,07_US_Unemployment,1.0,0.0933
108,2009-10,1,01_Oil,7,07_US_Unemployment,1.0,0.8109
109,2009-11,1,01_Oil,7,07_US_Unemployment,1.0,1.9214
110,2009-12,1,01_Oil,7,07_US_Unemployment,1.0,2.2926
111,2010-01,1,01_Oil,7,07_US_Unemployment,1.0,-1.0664
112,2010-02,1,01_Oil,7,07_US_Unemployment,1.0,-0.7524
113,2010-03,1,01_Oil,7,07_US_Unemployment,1.0,-0.731
114,2010-04,1,01_Oil,7,07_US_Unemployment,1.0,-0.718
115,2010-05,1,01_Oil,7,07_US_Unemployment,1.0,-0.6904
116,2010-06,1,01_Oil,7,07_US_Unemployment,1.0,-0.6333
117,2010-07,1,01_Oil,7,07_US_Unemployment,1.0,-0.5352
118,2010-08,1,01_Oil,7,07_US_Unemployment,1.0,-0.3863
119,2010-09,1,01_Oil,7,07_US_Unemployment,1.0,-0.1745
120,2010-10,1,01_Oil,7,07_US_Unemployment,1.0,0.1147
121,2010-11,1,01_Oil,7,07_US_Unemployment,1.0,0.4771
122,2010-12,1,01_Oil,7,07_US_Unemployment,1.0,0.8487
123,2011-01,1,01_Oil,7,07_US_Unemployment,1.0,1.1368
124,2011-02,1,01_Oil,7,07_US_Unemployment,1.0,1.3119
125,2011-03,1,01_Oil,7,07_US_Unemployment,1.0,1.3923
126,2011-04,1,01_Oil,7,07_US_Unemployment,1.0,1.3988
127,2011-05,1,01_Oil,7,07_US_Unemployment,1.0,1.3402
128,2011-06,1,01_Oil,7,07_US_Unemployment,1.0,1.2139
129,2011-07,1,01_Oil,7,07_US_Unemployment,1.0,1.0091
130,2011-08,1,01_Oil,7,07_US_Unemployment,1.0,-2.3862
131,2011-09,1,01_Oil,7,07_US_Unemployment,1.0,-2.6799
132,2011-10,1,01_Oil,7,07_US_Unemployment,1.0,-2.9404
133,2011-11,1,01_Oil,7,07_US_Unemployment,1.0,-3.1372
134,2011-12,1,01_Oil,7,07_US_Unemployment,1.0,3.0233
135,2012-01,1,01_Oil,7,07_US_Unemployment,1.0,2.9862
136,2012-02,1,01_Oil,7,07_US_Unemployment,1.0,3.0839
137,2012-03,1,01_Oil,7,07_US_Unemployment,1.0,-2.0288
138,2012-04,1,01_Oil,7,07_US_Unemployment,1.0,-0.1586
139,2012-05,1,01_Oil,7,07_US_Unemployment,1.0,0.3014
140,2012-06,1,01_Oil,7,07_US_Unemployment,1.0,0.6469
141,2012-07,1,01_Oil,7,07_US_Unemployment,1.0,0.7729
142,2012-08,1,01_Oil,7,07_US_Unemployment,1.0,0.6201
143,2012-09,1,01_Oil,7,07_US_Unemployment,1.0,0.1526
144,2012-10,1,01_Oil,7,07_US_Unemployment,1.0,-0.3299
145,2012-11,1,01_Oil,7,07_US_Unemployment,1.0,-0.5977
146,2012-12,1,01_Oil,7,07_US_Unemployment,1.0,-0.7543
147,2013-01,1,01_Oil,7,07_US_Unemployment,1.0,-0.8927
148,2013-02,1,01_Oil,7,07_US_Unemployment,1.0,-1.0647
149,2013-03,1,01_Oil,7,07_US_Unemployment,1.0,-1.2931
150,2013-04,1,01_Oil,7,07_US_Unemployment,1.0,-1.561
151,2013-05,1,01_Oil,7,07_US_Unemployment,1.0,-1.8275
152,2013-06,1,01_Oil,7,07_US_Unemployment,1.0,-2.0816
153,2013-07,1,01_Oil,7,07_US_Unemployment,1.0,-2.3491
154,2013-08,1,01_Oil,7,07_US_Unemployment,1.0,-2.6164
155,2013-09,1,01_Oil,7,07_US_Unemployment,1.0,-2.7514
156,2013-10,1,01_Oil,7,07_US_Unemployment,1.0,-2.6361
157,2013-11,1,01_Oil,7,07_US_Unemployment,1.0,-2.2935
158,2013-12,1,01_Oil,7,07_US_Unemployment,1.0,-1.8822
159,2014-01,1,01_Oil,7,07_US_Unemployment,1.0,-1.555
160,2014-02,1,01_Oil,7,07_US_Unemployment,1.0,-1.344
161,2014-03,1,01_Oil,7,07_US_Unemployment,1.0,-1.2375
162,2014-04,1,01_Oil,7,07_US_Unemployment,1.0,-1.2253
163,2014-05,1,01_Oil,7,07_US_Unemployment,1.0,-1.3031
164,2014-06,1,01_Oil,7,07_US_Unemployment,1.0,-1.4743
165,2014-07,1,01_Oil,7,07_US_Unemployment,1.0,-1.7502
166,2014-08,1,01_Oil,7,07_US_Unemployment,1.0,-2.124
167,2014-09,1,01_Oil,7,07_US_Unemployment,1.0,-2.5355
168,2014-10,1,01_Oil,7,07_US_Unemployment,1.0,-2.9322
169,2014-11,1,01_Oil,7,07_US_Unemployment,1.0,2.8948
170,2014-12,1,01_Oil,7,07_US_Unemployment,1.0,2.0812
171,2015-01,1,01_Oil,7,07_US_Unemployment,1.0,1.0637
172,2015-02,1,01_Oil,7,07_US_Unemployment,1.0,0.543
173,2015-03,1,01_Oil,7,07_US_Unemployment,1.0,0.2788
174,2015-04,1,01_Oil,7,07_US_Unemployment,1.0,0.1394
175,2015-05,1,01_Oil,7,07_US_Unemployment,1.0,0.0901
176,2015-06,1,01_Oil,7,07_US_Unemployment,1.0,0.1205
177,2015-07,1,01_Oil,7,07_US_Unemployment,1.0,0.245
178,2015-08,1,01_Oil,7,07_US_Unemployment,1.0,0.543
179,2015-09,1,01_Oil,7,07_US_Unemployment,1.0,1.2689
180,2015-10,1,01_Oil,7,07_US_Unemployment,1.0,2.6693
181,2015-11,1,01_Oil,7,07_US_Unemployment,1.0,-1.3524
182,2015-12,1,01_Oil,7,07_US_Unemployment,1.0,-0.8447
183,2016-01,1,01_Oil,7,07_US_Unemployment,1.0,-0.6422
184,2016-02,1,01_Oil,7,07_US_Unemployment,1.0,-0.5172
185,2016-03,1,01_Oil,7,07_US_Unemployment,1.0,-0.404
186,2016-04,1,01_Oil,7,07_US_Unemployment,1.0,-0.1338
187,2016-05,1,01_Oil,7,07_US_Unemployment,1.0,2.0854
188,2016-06,1,01_Oil,7,07_US_Unemployment,1.0,2.3862
189,2016-07,1,01_Oil,7,07_US_Unemployment,1.0,2.2938
190,2016-08,1,01_Oil,7,07_US_Unemployment,1.0,0.7738
191,2016-09,1,01_Oil,7,07_US_Unemployment,1.0,-0.2618
192,2016-10,1,01_Oil,7,07_US_Unemployment,1.0,-0.3971
193,2016-11,1,01_Oil,7,07_US_Unemployment,1.0,-0.4667
194,2016-12,1,01_Oil,7,07_US_Unemployment,1.0,-0.5262
195,2017-01,1,01_Oil,7,07_US_Unemployment,1.0,-0.5842
196,2017-02,1,01_Oil,7,07_US_Unemployment,1.0,-0.6409
197,2017-03,1,01_Oil,7,07_US_Unemployment,1.0,-0.7005
198,2017-04,1,01_Oil,7,07_US_Unemployment,1.0,-0.7881
199,2017-05,1,01_Oil,7,07_US_Unemployment,1.0,-0.9643
200,2017-06,1,01_Oil,7,07_US_Unemployment,1.0,-1.2371
201,2017-07,1,01_Oil,7,07_US_Unemployment,1.0,-1.3373
202,2017-08,1,01_Oil,7,07_US_Unemployment,1.0,-1.1074
203,2017-09,1,01_Oil,7,07_US_Unemployment,1.0,-0.6503
204,2017-10,1,01_Oil,7,07_US_Unemployment,1.0,-0.1018
205,2017-11,1,01_Oil,7,07_US_Unemployment,1.0,0.4642
206,2017-12,1,01_Oil,7,07_US_Unemployment,1.0,1.0098
207,2018-01,1,01_Oil,7,07_US_Unemployment,1.0,1.4432
208,2018-02,1,01_Oil,7,07_US_Unemployment,1.0,1.642
209,2018-03,1,01_Oil,7,07_US_Unemployment,1.0,0.1488
210,2018-04,1,01_Oil,7,07_US_Unemployment,1.0,-0.798
211,2018-05,1,01_Oil,7,07_US_Unemployment,1.0,-0.8709
212,2018-06,1,01_Oil,7,07_US_Unemployment,1.0,-0.9115
213,2018-07,1,01_Oil,7,07_US_Unemployment,1.0,-0.9388
214,2018-08,1,01_Oil,7,07_US_Unemployment,1.0,-0.936
215,2018-09,1,01_Oil,7,07_US_Unemployment,1.0,-0.8682
216,2018-10,1,01_Oil,7,07_US_Unemployment,1.0,-0.6554
217,2018-11,1,01_Oil,7,07_US_Unemployment,1.0,-0.0922
218,2018-12,1,01_Oil,7,07_US_Unemployment,1.0,0.7983
219,2019-01,1,01_Oil,7,07_US_Unemployment,1.0,1.3912
220,2019-02,1,01_Oil,7,07_US_Unemployment,1.0,1.8401
221,2019-03,1,01_Oil,7,07_US_Unemployment,1.0,2.4134
222,2019-04,1,01_Oil,7,07_US_Unemployment,1.0,-2.781
223,2019-05,1,01_Oil,7,07_US_Unemployment,1.0,-1.2769
224,2019-06,1,01_Oil,7,07_US_Unemployment,1.0,-0.6444
225,2019-07,1,01_Oil,7,07_US_Unemployment,1.0,-0.5445
226,2019-08,1,01_Oil,7,07_US_Unemployment,1.0,-1.2843
227,2019-09,1,01_Oil,7,07_US_Unemployment,1.0,-2.0333
228,2019-10,1,01_Oil,7,07_US_Unemployment,1.0,-2.2954
229,2019-11,1,01_Oil,7,07_US_Unemployment,1.0,-2.5353
230,2019-12,1,01_Oil,7,07_US_Unemployment,1.0,-2.8152
231,2020-01,1,01_Oil,7,07_US_Unemployment,1.0,-3.0605
232,2020-02,1,01_Oil,7,07_US_Unemployment,1.0,3.0541
233,2020-03,1,01_Oil,7,07_US_Unemployment,1.0,2.9436
234,2020-04,1,01_Oil,7,07_US_Unemployment,1.0,2.8622
235,2020-05,1,01_Oil,7,07_US_Unemployment,1.0,2.7883
236,2020-06,1,01_Oil,7,07_US_Unemployment,1.0,2.7042
237,2020-07,1,01_Oil,7,07_US_Unemployment,1.0,2.5887
238,2020-08,1,01_Oil,7,07_US_Unemployment,1.0,2.408
239,2020-09,1,01_Oil,7,07_US_Unemployment,1.0,2.1166
240,2020-10,1,01_Oil,7,07_US_Unemployment,1.0,1.7276
241,2020-11,1,01_Oil,7,07_US_Unemployment,1.0,1.4044
242,2020-12,1,01_Oil,7,07_US_Unemployment,1.0,1.2683
243,2021-01,1,01_Oil,7,07_US_Unemployment,1.0,1.3147
244,2021-02,1,01_Oil,7,07_US_Unemployment,1.0,1.5502
245,2021-03,1,01_Oil,7,07_US_Unemployment,1.0,2.0724
246,2021-04,1,01_Oil,7,07_US_Unemployment,1.0,2.8407
247,2021-05,1,01_Oil,7,07_US_Unemployment,1.0,-2.6881
248,2021-06,1,01_Oil,7,07_US_Unemployment,1.0,-1.6057
249,2021-07,1,01_Oil,7,07_US_Unemployment,1.0,-0.8386
250,2021-08,1,01_Oil,7,07_US_Unemployment,1.0,-0.5476
251,2021-09,1,01_Oil,7,07_US_Unemployment,1.0,-0.4075
252,2021-10,1,01_Oil,7,07_US_Unemployment,1.0,-0.3158
253,2021-11,1,01_Oil,7,07_US_Unemployment,1.0,-0.2392
254,2021-12,1,01_Oil,7,07_US_Unemployment,1.0,-0.1653
255,2022-01,1,01_Oil,7,07_US_Unemployment,1.0,-0.0869
256,2022-02,1,01_Oil,7,07_US_Unemployment,1.0,0.0057
257,2022-03,1,01_Oil,7,07_US_Unemployment,1.0,0.1306
258,2022-04,1,01_Oil,7,07_US_Unemployment,1.0,0.3246
259,2022-05,1,01_Oil,7,07_US_Unemployment,1.0,0.653
260,2022-06,1,01_Oil,7,07_US_Unemployment,1.0,1.1414
261,2022-07,1,01_Oil,7,07_US_Unemployment,1.0,1.569
262,2022-08,1,01_Oil,7,07_US_Unemployment,1.0,1.4891
263,2022-09,1,01_Oil,7,07_US_Unemployment,1.0,0.0324
264,2022-10,1,01_Oil,7,07_US_Unemployment,1.0,-0.1423
265,2022-11,1,01_Oil,7,07_US_Unemployment,1.0,-0.022
266,2022-12,1,01_Oil,7,07_US_Unemployment,1.0,0.2057
267,2023-01,1,01_Oil,7,07_US_Unemployment,1.0,0.6037
268,2023-02,1,01_Oil,7,07_US_Unemployment,1.0,1.3207
12,2001-10,2,02_SP500,0,00_Copper,1.0,0.1085
13,2001-11,2,02_SP500,0,00_Copper,1.0,0.2175
14,2001-12,2,02_SP500,0,00_Copper,1.0,0.3922
15,2002-01,2,02_SP500,0,00_Copper,1.0,0.6492
16,2002-02,2,02_SP500,0,00_Copper,1.0,1.0124
17,2002-03,2,02_SP500,0,00_Copper,1.0,1.4638
18,2002-04,2,02_SP500,0,00_Copper,1.0,1.9037
19,2002-05,2,02_SP500,0,00_Copper,1.0,2.2349
20,2002-06,2,02_SP500,0,00_Copper,1.0,2.4252
21,2002-07,2,02_SP500,0,00_Copper,1.0,2.4921
22,2002-08,2,02_SP500,0,00_Copper,1.0,2.4907
23,2002-09,2,02_SP500,0,00_Copper,1.0,2.474
24,2002-10,2,02_SP500,0,00_Copper,1.0,2.4694
25,2002-11,2,02_SP500,0,00_Copper,1.0,2.4871
26,2002-12,2,02_SP500,0,00_Copper,1.0,2.5294
27,2003-01,2,02_SP500,0,00_Copper,1.0,2.5917
28,2003-02,2,02_SP500,0,00_Copper,1.0,2.673
29,2003-03,2,02_SP500,0,00_Copper,1.0,2.8101
30,2003-04,2,02_SP500,0,00_Copper,1.0,-3.1214
31,2003-05,2,02_SP500,0,00_Copper,1.0,-2.3882
32,2003-06,2,02_SP500,0,00_Copper,1.0,-1.9737
33,2003-07,2,02_SP500,0,00_Copper,1.0,-1.9169
34,2003-08,2,02_SP500,0,00_Copper,1.0,-1.9802
35,2003-09,2,02_SP500,0,00_Copper,1.0,-2.0625
36,2003-10,2,02_SP500,0,00_Copper,1.0,-1.9898
37,2003-11,2,02_SP500,0,00_Copper,1.0,-0.8173
38,2003-12,2,02_SP500,0,00_Copper,1.0,-0.7791
39,2004-01,2,02_SP500,0,00_Copper,1.0,-1.6059
40,2004-02,2,02_SP500,0,00_Copper,1.0,-2.0812
41,2004-03,2,02_SP500,0,00_Copper,1.0,-2.2865
42,2004-04,2,02_SP500,0,00_Copper,1.0,-2.4067
43,2004-05,2,02_SP500,0,00_Copper,1.0,-2.5115
44,2004-06,2,02_SP500,0,00_Copper,1.0,-2.6351
45,2004-07,2,02_SP500,0,00_Copper,1.0,-2.7939
46,2004-08,2,02_SP500,0,00_Copper,1.0,-2.9718
47,2004-09,2,02_SP500,0,00_Copper,1.0,-3.0874
48,2004-10,2,02_SP500,0,00_Copper,1.0,-2.8552
49,2004-11,2,02_SP500,0,00_Copper,1.0,-1.4199
50,2004-12,2,02_SP500,0,00_Copper,1.0,-0.9599
51,2005-01,2,02_SP500,0,00_Copper,1.0,-0.8382
52,2005-02,2,02_SP500,0,00_Copper,1.0,-0.769
53,2005-03,2,02_SP500,0,00_Copper,1.0,-0.7278
54,2005-04,2,02_SP500,0,00_Copper,1.0,-0.7087
55,2005-05,2,02_SP500,0,00_Copper,1.0,-0.6886
56,2005-06,2,02_SP500,0,00_Copper,1.0,-0.6365
57,2005-07,2,02_SP500,0,00_Copper,1.0,-0.5176
58,2005-08,2,02_SP500,0,00_Copper,1.0,-0.3152
59,2005-09,2,02_SP500,0,00_Copper,1.0,-0.1699
60,2005-10,2,02_SP500,0,00_Copper,1.0,-0.3158
61,2005-11,2,02_SP500,0,00_Copper,1.0,-0.5896
62,2005-12,2,02_SP500,0,00_Copper,1.0,-0.7639
63,2006-01,2,02_SP500,0,00_Copper,1.0,-0.8487
64,2006-02,2,02_SP500,0,00_Copper,1.0,-0.8915
65,2006-03,2,02_SP500,0,00_Copper,1.0,-0.9213
66,2006-04,2,02_SP500,0,00_Copper,1.0,-0.9541
67,2006-05,2,02_SP500,0,00_Copper,1.0,-0.9928
68,2006-06,2,02_SP500,0,00_Copper,1.0,-1.027
69,2006-07,2,02_SP500,0,00_Copper,1.0,-1.0238
70,2006-08,2,02_SP500,0,00_Copper,1.0,-0.8966
71,2006-09,2,02_SP500,0,00_Copper,1.0,-0.3969
72,2006-10,2,02_SP500,0,00_Copper,1.0,1.0923
73,2006-11,2,02_SP500,0,00_Copper,1.0,2.6866
74,2006-12,2,02_SP500,0,00_Copper,1.0,3.068
75,2007-01,2,02_SP500,0,00_Copper,1.0,-3.0939
76,2007-02,2,02_SP500,0,00_Copper,1.0,-3.0198
77,2007-03,2,02_SP500,0,00_Copper,1.0,-2.9219
78,2007-04,2,02_SP500,0,00_Copper,1.0,-2.7538
79,2007-05,2,02_SP500,0,00_Copper,1.0,-2.4617
80,2007-06,2,02_SP500,0,00_Copper,1.0,-2.0035
81,2007-07,2,02_SP500,0,00_Copper,1.0,-1.4984
82,2007-08,2,02_SP500,0,00_Copper,1.0,-1.1534
83,2007-09,2,02_SP500,0,00_Copper,1.0,-0.9926
84,2007-10,2,02_SP500,0,00_Copper,1.0,-0.981
85,2007-11,2,02_SP500,0,00_Copper,1.0,-1.1124
86,2007-12,2,02_SP500,0,00_Copper,1.0,-1.392
87,2008-01,2,02_SP500,0,00_Copper,1.0,-1.7808
88,2008-02,2,02_SP500,0,00_Copper,1.0,-2.197
89,2008-03,2,02_SP500,0,00_Copper,1.0,-2.6205
90,2008-04,2,02_SP500,0,00_Copper,1.0,-3.1398
91,2008-05,2,02_SP500,0,00_Copper,1.0,2.4082
92,2008-06,2,02_SP500,0,00_Copper,1.0,1.6805
93,2008-07,2,02_SP500,0,00_Copper,1.0,1.2112
94,2008-08,2,02_SP500,0,00_Copper,1.0,0.8968
95,2008-09,2,02_SP500,0,00_Copper,1.0,0.6434
96,2008-10,2,02_SP500,0,00_Copper,1.0,0.4115
97,2008-11,2,02_SP500,0,00_Copper,1.0,0.19
98,2008-12,2,02_SP500,0,00_Copper,1.0,-0.0143
99,2009-01,2,02_SP500,0,00_Copper,1.0,-0.1843
100,2009-02,2,02_SP500,0,00_Copper,1.0,-0.3047
101,2009-03,2,02_SP500,0,00_Copper,1.0,-0.3701
102,2009-04,2,02_SP500,0,00_Copper,1.0,-0.3826
103,2009-05,2,02_SP500,0,00_Copper,1.0,-0.3496
104,2009-06,2,02_SP500,0,00_Copper,1.0,-0.2824
105,2009-07,2,02_SP500,0,00_Copper,1.0,-0.1968
106,2009-08,2,02_SP500,0,00_Copper,1.0,-0.1105
107,2009-09,2,02_SP500,0,00_Copper,1.0,-0.0377
108,2009-10,2,02_SP500,0,00_Copper,1.0,0.0193
109,2009-11,2,02_SP500,0,00_Copper,1.0,0.0674
110,2009-12,2,02_SP500,0,00_Copper,1.0,0.1117
111,2010-01,2,02_SP500,0,00_Copper,1.0,0.1505
112,2010-02,2,02_SP500,0,00_Copper,1.0,0.1789
113,2010-03,2,02_SP500,0,00_Copper,1.0,0.1933
114,2010-04,2,02_SP500,0,00_Copper,1.0,0.1888
115,2010-05,2,02_SP500,0,00_Copper,1.0,0.1571
116,2010-06,2,02_SP500,0,00_Copper,1.0,0.0817
117,2010-07,2,02_SP500,0,00_Copper,1.0,-0.0705
118,2010-08,2,02_SP500,0,00_Copper,1.0,-0.3698
119,2010-09,2,02_SP500,0,00_Copper,1.0,-0.9517
120,2010-10,2,02_SP500,0,00_Copper,1.0,-2.0734
121,2010-11,2,02_SP500,0,00_Copper,1.0,2.155
122,2010-12,2,02_SP500,0,00_Copper,1.0,1.4939
123,2011-01,2,02_SP500,0,00_Copper,1.0,1.2452
124,2011-02,2,02_SP500,0,00_Copper,1.0,1.2116
125,2011-03,2,02_SP500,0,00_Copper,1.0,1.5524
126,2011-04,2,02_SP500,0,00_Copper,1.0,2.1931
127,2011-05,2,02_SP500,0,00_Copper,1.0,-0.411
128,2011-06,2,02_SP500,0,00_Copper,1.0,-0.4111
129,2011-07,2,02_SP500,0,00_Copper,1.0,-0.4297
130,2011-08,2,02_SP500,0,00_Copper,1.0,-0.4547
131,2011-09,2,02_SP500,0,00_Copper,1.0,-0.4699
132,2011-10,2,02_SP500,0,00_Copper,1.0,-0.4668
133,2011-11,2,02_SP500,0,00_Copper,1.0,-0.4401
134,2011-12,2,02_SP500,0,00_Copper,1.0,-0.3855
135,2012-01,2,02_SP500,0,00_Copper,1.0,-0.3005
136,2012-02,2,02_SP500,0,00_Copper,1.0,-0.185
137,2012-03,2,02_SP500,0,00_Copper,1.0,-0.0442
138,2012-04,2,02_SP500,0,00_Copper,1.0,0.1087
139,2012-05,2,02_SP500,0,00_Copper,1.0,0.2548
140,2012-06,2,02_SP500,0,00_Copper,1.0,0.3822
141,2012-07,2,02_SP500,0,00_Copper,1.0,0.5032
142,2012-08,2,02_SP500,0,00_Copper,1.0,0.7193
143,2012-09,2,02_SP500,0,00_Copper,1.0,2.0692
144,2012-10,2,02_SP500,0,00_Copper,1.0,-0.033
145,2012-11,2,02_SP500,0,00_Copper,1.0,0.0093
146,2012-12,2,02_SP500,0,00_Copper,1.0,-0.0134
147,2013-01,2,02_SP500,0,00_Copper,1.0,-0.085
148,2013-02,2,02_SP500,0,00_Copper,1.0,-0.2068
149,2013-03,2,02_SP500,0,00_Copper,1.0,-0.4283
150,2013-04,2,02_SP500,0,00_Copper,1.0,-0.9542
151,2013-05,2,02_SP500,0,00_Copper,1.0,-1.9213
152,2013-06,2,02_SP500,0,00_Copper,1.0,-2.4471
153,2013-07,2,02_SP500,0,00_Copper,1.0,-2.6411
154,2013-08,2,02_SP500,0,00_Copper,1.0,-2.743
155,2013-09,2,02_SP500,0,00_Copper,1.0,-2.8541
156,2013-10,2,02_SP500,0,00_Copper,1.0,-3.0581
157,2013-11,2,02_SP500,0,00_Copper,1.0,2.8727
158,2013-12,2,02_SP500,0,00_Copper,1.0,2.4755
159,2014-01,2,02_SP500,0,00_Copper,1.0,2.1865
160,2014-02,2,02_SP500,0,00_Copper,1.0,1.9943
161,2014-03,2,02_SP500,0,00_Copper,1.0,1.8398
162,2014-04,2,02_SP500,0,00_Copper,1.0,1.6864
163,2014-05,2,02_SP500,0,00_Copper,1.0,1.5224
164,2014-06,2,02_SP500,0,00_Copper,1.0,1.3708
165,2014-07,2,02_SP500,0,00_Copper,1.0,1.2737
166,2014-08,2,02_SP500,0,00_Copper,1.0,1.0744
167,2014-09,2,02_SP500,0,00_Copper,1.0,0.6197
168,2014-10,2,02_SP500,0,00_Copper,1.0,0.0696
169,2014-11,2,02_SP500,0,00_Copper,1.0,-0.4924
170,2014-12,2,02_SP500,0,00_Copper,1.0,-1.026
171,2015-01,2,02_SP500,0,00_Copper,1.0,-1.483
172,2015-02,2,02_SP500,0,00_Copper,1.0,-1.85
173,2015-03,2,02_SP500,0,00_Copper,1.0,-2.1379
174,2015-04,2,02_SP500,0,00_Copper,1.0,-2.3594
175,2015-05,2,02_SP500,0,00_Copper,1.0,-2.5235
176,2015-06,2,02_SP500,0,00_Copper,1.0,-2.6397
177,2015-07,2,02_SP500,0,00_Copper,1.0,-2.7235
178,2015-08,2,02_SP500,0,00_Copper,1.0,-2.795
179,2015-09,2,02_SP500,0,00_Copper,1.0,-2.8827
180,2015-10,2,02_SP500,0,00_Copper,1.0,-3.0655
181,2015-11,2,02_SP500,0,00_Copper,1.0,2.022
182,2015-12,2,02_SP500,0,00_Copper,1.0,0.6904
183,2016-01,2,02_SP500,0,00_Copper,1.0,0.5268
184,2016-02,2,02_SP500,0,00_Copper,1.0,0.4769
185,2016-03,2,02_SP500,0,00_Copper,1.0,0.4382
186,2016-04,2,02_SP500,0,00_Copper,1.0,0.3793
187,2016-05,2,02_SP500,0,00_Copper,1.0,0.3237
188,2016-06,2,02_SP500,0,00_Copper,1.0,0.336
189,2016-07,2,02_SP500,0,00_Copper,1.0,0.4359
190,2016-08,2,02_SP500,0,00_Copper,1.0,0.5847
191,2016-09,2,02_SP500,0,00_Copper,1.0,0.7365
192,2016-10,2,02_SP500,0,00_Copper,1.0,0.8616
193,2016-11,2,02_SP500,0,00_Copper,1.0,0.9408
194,2016-12,2,02_SP500,0,00_Copper,1.0,0.9485
195,2017-01,2,02_SP500,0,00_Copper,1.0,0.8358
196,2017-02,2,02_SP500,0,00_Copper,1.0,0.5148
197,2017-03,2,02_SP500,0,00_Copper,1.0,-0.0195
198,2017-04,2,02_SP500,0,00_Copper,1.0,-0.4974
199,2017-05,2,02_SP500,0,00_Copper,1.0,-0.8649
200,2017-06,2,02_SP500,0,00_Copper,1.0,-1.2854
201,2017-07,2,02_SP500,0,00_Copper,1.0,-1.8497
202,2017-08,2,02_SP500,0,00_Copper,1.0,-2.4983
203,2017-09,2,02_SP500,0,00_Copper,1.0,-3.1341
204,2017-10,2,02_SP500,0,00_Copper,1.0,2.6433
205,2017-11,2,02_SP500,0,00_Copper,1.0,2.2964
206,2017-12,2,02_SP500,0,00_Copper,1.0,2.0474
207,2018-01,2,02_SP500,0,00_Copper,1.0,1.8385
208,2018-02,2,02_SP500,0,00_Copper,1.0,1.6302
209,2018-03,2,02_SP500,0,00_Copper,1.0,1.3931
210,2018-04,2,02_SP500,0,00_Copper,1.0,1.0934
211,2018-05,2,02_SP500,0,00_Copper,1.0,0.6136
212,2018-06,2,02_SP500,0,00_Copper,1.0,-0.7301
213,2018-07,2,02_SP500,0,00_Copper,1.0,-1.8866
214,2018-08,2,02_SP500,0,00_Copper,1.0,-2.2793
215,2018-09,2,02_SP500,0,00_Copper,1.0,-2.5031
216,2018-10,2,02_SP500,0,00_Copper,1.0,-2.6687
217,2018-11,2,02_SP500,0,00_Copper,1.0,-2.9989
218,2018-12,2,02_SP500,0,00_Copper,1.0,0.5139
219,2019-01,2,02_SP500,0,00_Copper,1.0,0.3987
220,2019-02,2,02_SP500,0,00_Copper,1.0,0.3424
221,2019-03,2,02_SP500,0,00_Copper,1.0,0.3007
222,2019-04,2,02_SP500,0,00_Copper,1.0,0.2722
223,2019-05,2,02_SP500,0,00_Copper,1.0,0.2584
224,2019-06,2,02_SP500,0,00_Copper,1.0,0.256
225,2019-07,2,02_SP500,0,00_Copper,1.0,0.2569
226,2019-08,2,02_SP500,0,00_Copper,1.0,0.2538
227,2019-09,2,02_SP500,0,00_Copper,1.0,0.2364
228,2019-10,2,02_SP500,0,00_Copper,1.0,0.0331
229,2019-11,2,02_SP500,0,00_Copper,1.0,-2.8284
230,2019-12,2,02_SP500,0,00_Copper,1.0,-2.8637
231,2020-01,2,02_SP500,0,00_Copper,1.0,-2.8885
232,2020-02,2,02_SP500,0,00_Copper,1.0,-2.9228
233,2020-03,2,02_SP500,0,00_Copper,1.0,-2.9728
234,2020-04,2,02_SP500,0,00_Copper,1.0,-3.047
235,2020-05,2,02_SP500,0,00_Copper,1.0,3.1239
236,2020-06,2,02_SP500,0,00_Copper,1.0,2.9593
237,2020-07,2,02_SP500,0,00_Copper,1.0,2.7359
238,2020-08,2,02_SP500,0,00_Copper,1.0,2.4582
239,2020-09,2,02_SP500,0,00_Copper,1.0,1.9554
240,2020-10,2,02_SP500,0,00_Copper,1.0,-1.0608
241,2020-11,2,02_SP500,0,00_Copper,1.0,-1.2872
242,2020-12,2,02_SP500,0,00_Copper,1.0,-1.4292
243,2021-01,2,02_SP500,0,00_Copper,1.0,-1.506
244,2021-02,2,02_SP500,0,00_Copper,1.0,-1.5269
245,2021-03,2,02_SP500,0,00_Copper,1.0,-1.5021
246,2021-04,2,02_SP500,0,00_Copper,1.0,-1.4405
247,2021-05,2,02_SP500,0,00_Copper,1.0,-1.3455
248,2021-06,2,02_SP500,0,00_Copper,1.0,-1.2133
249,2021-07,2,02_SP500,0,00_Copper,1.0,-1.0358
250,2021-08,2,02_SP500,0,00_Copper,1.0,-0.812
251,2021-09,2,02_SP500,0,00_Copper,1.0,-0.5586
252,2021-10,2,02_SP500,0,00_Copper,1.0,-0.307
253,2021-11,2,02_SP500,0,00_Copper,1.0,-0.0889
254,2021-12,2,02_SP500,0,00_Copper,1.0,0.0783
255,2022-01,2,02_SP500,0,00_Copper,1.0,0.1828
256,2022-02,2,02_SP500,0,00_Copper,1.0,0.204
257,2022-03,2,02_SP500,0,00_Copper,1.0,0.1061
258,2022-04,2,02_SP500,0,00_Copper,1.0,-0.1485
259,2022-05,2,02_SP500,0,00_Copper,1.0,-0.5215
260,2022-06,2,02_SP500,0,00_Copper,1.0,-0.8597
261,2022-07,2,02_SP500,0,00_Copper,1.0,-1.0725
262,2022-08,2,02_SP500,0,00_Copper,1.0,-1.1679
263,2022-09,2,02_SP500,0,00_Copper,1.0,-1.1601
264,2022-10,2,02_SP500,0,00_Copper,1.0,-1.0494
265,2022-11,2,02_SP500,0,00_Copper,1.0,-0.849
266,2022-12,2,02_SP500,0,00_Copper,1.0,-0.6221
267,2023-01,2,02_SP500,0,00_Copper,1.0,-0.444
268,2023-02,2,02_SP500,0,00_Copper,1.0,-0.3261
12,2001-10,2,02_SP500,1,01_Oil,1.0,-1.0457
13,2001-11,2,02_SP500,1,01_Oil,1.0,-0.9237
14,2001-12,2,02_SP500,1,01_Oil,1.0,-0.7442
15,2002-01,2,02_SP500,1,01_Oil,1.0,-0.5572
16,2002-02,2,02_SP500,1,01_Oil,1.0,-0.3906
17,2002-03,2,02_SP500,1,01_Oil,1.0,-0.2545
18,2002-04,2,02_SP500,1,01_Oil,1.0,-0.1529
19,2002-05,2,02_SP500,1,01_Oil,1.0,-0.1012
20,2002-06,2,02_SP500,1,01_Oil,1.0,-0.1248
21,2002-07,2,02_SP500,1,01_Oil,1.0,-0.2225
22,2002-08,2,02_SP500,1,01_Oil,1.0,-0.3228
23,2002-09,2,02_SP500,1,01_Oil,1.0,2.4148
24,2002-10,2,02_SP500,1,01_Oil,1.0,2.4111
25,2002-11,2,02_SP500,1,01_Oil,1.0,2.3276
26,2002-12,2,02_SP500,1,01_Oil,1.0,2.2623
27,2003-01,2,02_SP500,1,01_Oil,1.0,2.2289
28,2003-02,2,02_SP500,1,01_Oil,1.0,2.2452
29,2003-03,2,02_SP500,1,01_Oil,1.0,2.3608
30,2003-04,2,02_SP500,1,01_Oil,1.0,2.7406
31,2003-05,2,02_SP500,1,01_Oil,1.0,-2.732
32,2003-06,2,02_SP500,1,01_Oil,1.0,-2.202
33,2003-07,2,02_SP500,1,01_Oil,1.0,-1.9991
34,2003-08,2,02_SP500,1,01_Oil,1.0,-1.8521
35,2003-09,2,02_SP500,1,01_Oil,1.0,-1.3603
36,2003-10,2,02_SP500,1,01_Oil,1.0,0.4519
37,2003-11,2,02_SP500,1,01_Oil,1.0,2.2039
38,2003-12,2,02_SP500,1,01_Oil,1.0,2.8288
39,2004-01,2,02_SP500,1,01_Oil,1.0,2.8631
40,2004-02,2,02_SP500,1,01_Oil,1.0,2.8146
41,2004-03,2,02_SP500,1,01_Oil,1.0,2.7607
42,2004-04,2,02_SP500,1,01_Oil,1.0,2.7214
43,2004-05,2,02_SP500,1,01_Oil,1.0,2.7027
44,2004-06,2,02_SP500,1,01_Oil,1.0,2.7159
45,2004-07,2,02_SP500,1,01_Oil,1.0,2.9123
46,2004-08,2,02_SP500,1,01_Oil,1.0,-0.7697
47,2004-09,2,02_SP500,1,01_Oil,1.0,-0.59
48,2004-10,2,02_SP500,1,01_Oil,1.0,-0.2444
49,2004-11,2,02_SP500,1,01_Oil,1.0,1.1817
50,2004-12,2,02_SP500,1,01_Oil,1.0,1.5168
51,2005-01,2,02_SP500,1,01_Oil,1.0,1.4133
52,2005-02,2,02_SP500,1,01_Oil,1.0,1.1857
53,2005-03,2,02_SP500,1,01_Oil,1.0,0.9041
54,2005-04,2,02_SP500,1,01_Oil,1.0,0.6167
55,2005-05,2,02_SP500,1,01_Oil,1.0,0.3537
56,2005-06,2,02_SP500,1,01_Oil,1.0,0.0828
57,2005-07,2,02_SP500,1,01_Oil,1.0,-0.4909
58,2005-08,2,02_SP500,1,01_Oil,1.0,-1.3244
59,2005-09,2,02_SP500,1,01_Oil,1.0,-1.3003
60,2005-10,2,02_SP500,1,01_Oil,1.0,-1.0963
61,2005-11,2,02_SP500,1,01_Oil,1.0,-0.9395
62,2005-12,2,02_SP500,1,01_Oil,1.0,-0.8153
63,2006-01,2,02_SP500,1,01_Oil,1.0,-0.6915
64,2006-02,2,02_SP500,1,01_Oil,1.0,-0.5456
65,2006-03,2,02_SP500,1,01_Oil,1.0,-0.3619
66,2006-04,2,02_SP500,1,01_Oil,1.0,-0.1327
67,2006-05,2,02_SP500,1,01_Oil,1.0,0.1297
68,2006-06,2,02_SP500,1,01_Oil,1.0,0.3861
69,2006-07,2,02_SP500,1,01_Oil,1.0,0.6165
70,2006-08,2,02_SP500,1,01_Oil,1.0,0.8743
71,2006-09,2,02_SP500,1,01_Oil,1.0,1.3331
72,2006-10,2,02_SP500,1,01_Oil,1.0,2.0582
73,2006-11,2,02_SP500,1,01_Oil,1.0,2.521
74,2006-12,2,02_SP500,1,01_Oil,1.0,2.7131
75,2007-01,2,02_SP500,1,01_Oil,1.0,2.8188
76,2007-02,2,02_SP500,1,01_Oil,1.0,2.9256
77,2007-03,2,02_SP500,1,01_Oil,1.0,3.0774
78,2007-04,2,02_SP500,1,01_Oil,1.0,-2.9886
79,2007-05,2,02_SP500,1,01_Oil,1.0,-2.7051
80,2007-06,2,02_SP500,1,01_Oil,1.0,-2.3788
81,2007-07,2,02_SP500,1,01_Oil,1.0,-2.0537
82,2007-08,2,02_SP500,1,01_Oil,1.0,-1.7712
83,2007-09,2,02_SP500,1,01_Oil,1.0,-1.5537
84,2007-10,2,02_SP500,1,01_Oil,1.0,-1.4124
85,2007-11,2,02_SP500,1,01_Oil,1.0,-1.3602
86,2007-12,2,02_SP500,1,01_Oil,1.0,-1.4021
87,2008-01,2,02_SP500,1,01_Oil,1.0,-1.4891
88,2008-02,2,02_SP500,1,01_Oil,1.0,-1.5236
89,2008-03,2,02_SP500,1,01_Oil,1.0,-1.455
90,2008-04,2,02_SP500,1,01_Oil,1.0,-1.3038
91,2008-05,2,02_SP500,1,01_Oil,1.0,-1.1161
92,2008-06,2,02_SP500,1,01_Oil,1.0,-0.9324
93,2008-07,2,02_SP500,1,01_Oil,1.0,-0.7758
94,2008-08,2,02_SP500,1,01_Oil,1.0,-0.6568
95,2008-09,2,02_SP500,1,01_Oil,1.0,-0.5796
96,2008-10,2,02_SP500,1,01_Oil,1.0,-0.5477
97,2008-11,2,02_SP500,1,01_Oil,1.0,-0.5664
98,2008-12,2,02_SP500,1,01_Oil,1.0,-0.6436
99,2009-01,2,02_SP500,1,01_Oil,1.0,-0.7862
100,2009-02,2,02_SP500,1,01_Oil,1.0,-0.9897
101,2009-03,2,02_SP500,1,01_Oil,1.0,-1.2274
102,2009-04,2,02_SP500,1,01_Oil,1.0,-1.4592
103,2009-05,2,02_SP500,1,01_Oil,1.0,-1.6604
104,2009-06,2,02_SP500,1,01_Oil,1.0,-1.8356
105,2009-07,2,02_SP500,1,01_Oil,1.0,-2.011
106,2009-08,2,02_SP500,1,01_Oil,1.0,-2.23
107,2009-09,2,02_SP500,1,01_Oil,1.0,-2.5899
108,2009-10,2,02_SP500,1,01_Oil,1.0,2.8127
109,2009-11,2,02_SP500,1,01_Oil,1.0,1.5314
110,2009-12,2,02_SP500,1,01_Oil,1.0,1.0088
111,2010-01,2,02_SP500,1,01_Oil,1.0,0.749
112,2010-02,2,02_SP500,1,01_Oil,1.0,0.5817
113,2010-03,2,02_SP500,1,01_Oil,1.0,0.46
114,2010-04,2,02_SP500,1,01_Oil,1.0,0.3624
115,2010-05,2,02_SP500,1,01_Oil,1.0,0.275
116,2010-06,2,02_SP500,1,01_Oil,1.0,0.1846
117,2010-07,2,02_SP500,1,01_Oil,1.0,0.0747
118,2010-08,2,02_SP500,1,01_Oil,1.0,-0.0829
119,2010-09,2,02_SP500,1,01_Oil,1.0,-0.3589
120,2010-10,2,02_SP500,1,01_Oil,1.0,-1.1078
121,2010-11,2,02_SP500,1,01_Oil,1.0,-3.0228
122,2010-12,2,02_SP500,1,01_Oil,1.0,2.5158
123,2011-01,2,02_SP500,1,01_Oil,1.0,2.1041
124,2011-02,2,02_SP500,1,01_Oil,1.0,1.8335
125,2011-03,2,02_SP500,1,01_Oil,1.0,1.6485
126,2011-04,2,02_SP500,1,01_Oil,1.0,1.4707
127,2011-05,2,02_SP500,1,01_Oil,1.0,-1.4875
128,2011-06,2,02_SP500,1,01_Oil,1.0,-1.5189
129,2011-07,2,02_SP500,1,01_Oil,1.0,-1.4174
130,2011-08,2,02_SP500,1,01_Oil,1.0,-1.2324
131,2011-09,2,02_SP500,1,01_Oil,1.0,-1.0072
132,2011-10,2,02_SP500,1,01_Oil,1.0,-0.7991
133,2011-11,2,02_SP500,1,01_Oil,1.0,-0.6375
134,2011-12,2,02_SP500,1,01_Oil,1.0,-0.521
135,2012-01,2,02_SP500,1,01_Oil,1.0,-0.4413
136,2012-02,2,02_SP500,1,01_Oil,1.0,-0.4005
137,2012-03,2,02_SP500,1,01_Oil,1.0,-0.424
138,2012-04,2,02_SP500,1,01_Oil,1.0,-0.5661
139,2012-05,2,02_SP500,1,01_Oil,1.0,-0.8502
140,2012-06,2,02_SP500,1,01_Oil,1.0,-1.1532
141,2012-07,2,02_SP500,1,01_Oil,1.0,-1.3608
142,2012-08,2,02_SP500,1,01_Oil,1.0,-1.4933
143,2012-09,2,02_SP500,1,01_Oil,1.0,-1.5963
144,2012-10,2,02_SP500,1,01_Oil,1.0,1.5272
145,2012-11,2,02_SP500,1,01_Oil,1.0,1.3869
146,2012-12,2,02_SP500,1,01_Oil,1.0,1.3129
147,2013-01,2,02_SP500,1,01_Oil,1.0,1.2571
148,2013-02,2,02_SP500,1,01_Oil,1.0,1.2129
149,2013-03,2,02_SP500,1,01_Oil,1.0,1.1236
150,2013-04,2,02_SP500,1,01_Oil,1.0,0.7465
151,2013-05,2,02_SP500,1,01_Oil,1.0,-0.1207
152,2013-06,2,02_SP500,1,01_Oil,1.0,-0.639
153,2013-07,2,02_SP500,1,01_Oil,1.0,-0.9223
154,2013-08,2,02_SP500,1,01_Oil,1.0,-1.1936
155,2013-09,2,02_SP500,1,01_Oil,1.0,-1.5324
156,2013-10,2,02_SP500,1,01_Oil,1.0,-1.9908
157,2013-11,2,02_SP500,1,01_Oil,1.0,-2.5742
158,2013-12,2,02_SP500,1,01_Oil,1.0,3.1139
159,2014-01,2,02_SP500,1,01_Oil,1.0,2.63
160,2014-02,2,02_SP500,1,01_Oil,1.0,2.2692
161,2014-03,2,02_SP500,1,01_Oil,1.0,2.0033
162,2014-04,2,02_SP500,1,01_Oil,1.0,1.812
163,2014-05,2,02_SP500,1,01_Oil,1.0,1.6993
164,2014-06,2,02_SP500,1,01_Oil,1.0,1.7188
165,2014-07,2,02_SP500,1,01_Oil,1.0,1.9614
166,2014-08,2,02_SP500,1,01_Oil,1.0,2.2957
167,2014-09,2,02_SP500,1,01_Oil,1.0,2.4668
168,2014-10,2,02_SP500,1,01_Oil,1.0,2.508
169,2014-11,2,02_SP500,1,01_Oil,1.0,2.5022
170,2014-12,2,02_SP500,1,01_Oil,1.0,2.4963
171,2015-01,2,02_SP500,1,01_Oil,1.0,2.513
172,2015-02,2,02_SP500,1,01_Oil,1.0,2.5525
173,2015-03,2,02_SP500,1,01_Oil,1.0,2.5986
174,2015-04,2,02_SP500,1,01_Oil,1.0,2.6381
175,2015-05,2,02_SP500,1,01_Oil,1.0,2.6699
176,2015-06,2,02_SP500,1,01_Oil,1.0,2.6977
177,2015-07,2,02_SP500,1,01_Oil,1.0,2.7179
178,2015-08,2,02_SP500,1,01_Oil,1.0,2.7154
179,2015-09,2,02_SP500,1,01_Oil,1.0,2.6439
180,2015-10,2,02_SP500,1,01_Oil,1.0,2.138
181,2015-11,2,02_SP500,1,01_Oil,1.0,0.3671
182,2015-12,2,02_SP500,1,01_Oil,1.0,0.1153
183,2016-01,2,02_SP500,1,01_Oil,1.0,0.0912
184,2016-02,2,02_SP500,1,01_Oil,1.0,0.1218
185,2016-03,2,02_SP500,1,01_Oil,1.0,0.1596
186,2016-04,2,02_SP500,1,01_Oil,1.0,0.0352
187,2016-05,2,02_SP500,1,01_Oil,1.0,-2.0567
188,2016-06,2,02_SP500,1,01_Oil,1.0,-2.2732
189,2016-07,2,02_SP500,1,01_Oil,1.0,-2.2233
190,2016-08,2,02_SP500,1,01_Oil,1.0,-2.1519
191,2016-09,2,02_SP500,1,01_Oil,1.0,-2.0873
192,2016-10,2,02_SP500,1,01_Oil,1.0,-2.0357
193,2016-11,2,02_SP500,1,01_Oil,1.0,-2.0032
194,2016-12,2,02_SP500,1,01_Oil,1.0,-2.0084
195,2017-01,2,02_SP500,1,01_Oil,1.0,-2.0954
196,2017-02,2,02_SP500,1,01_Oil,1.0,-2.3449
197,2017-03,2,02_SP500,1,01_Oil,1.0,-2.7427
198,2017-04,2,02_SP500,1,01_Oil,1.0,-2.968
199,2017-05,2,02_SP500,1,01_Oil,1.0,-2.8667
200,2017-06,2,02_SP500,1,01_Oil,1.0,-2.5511
201,2017-07,2,02_SP500,1,01_Oil,1.0,-2.4064
202,2017-08,2,02_SP500,1,01_Oil,1.0,-2.6777
203,2017-09,2,02_SP500,1,01_Oil,1.0,3.0385
204,2017-10,2,02_SP500,1,01_Oil,1.0,2.4777
205,2017-11,2,02_SP500,1,01_Oil,1.0,2.0939
206,2017-12,2,02_SP500,1,01_Oil,1.0,1.872
207,2018-01,2,02_SP500,1,01_Oil,1.0,1.7643
208,2018-02,2,02_SP500,1,01_Oil,1.0,1.79
209,2018-03,2,02_SP500,1,01_Oil,1.0,-2.8879
210,2018-04,2,02_SP500,1,01_Oil,1.0,-1.9142
211,2018-05,2,02_SP500,1,01_Oil,1.0,-1.869
212,2018-06,2,02_SP500,1,01_Oil,1.0,-1.8797
213,2018-07,2,02_SP500,1,01_Oil,1.0,-1.8951
214,2018-08,2,02_SP500,1,01_Oil,1.0,-1.8987
215,2018-09,2,02_SP500,1,01_Oil,1.0,-1.8867
216,2018-10,2,02_SP500,1,01_Oil,1.0,-1.8693
217,2018-11,2,02_SP500,1,01_Oil,1.0,-2.0387
218,2018-12,2,02_SP500,1,01_Oil,1.0,1.6242
219,2019-01,2,02_SP500,1,01_Oil,1.0,1.6467
220,2019-02,2,02_SP500,1,01_Oil,1.0,1.6913
221,2019-03,2,02_SP500,1,01_Oil,1.0,1.6266
222,2019-04,2,02_SP500,1,01_Oil,1.0,1.0851
223,2019-05,2,02_SP500,1,01_Oil,1.0,0.0785
224,2019-06,2,02_SP500,1,01_Oil,1.0,-0.2217
225,2019-07,2,02_SP500,1,01_Oil,1.0,-0.2948
226,2019-08,2,02_SP500,1,01_Oil,1.0,-0.3084
227,2019-09,2,02_SP500,1,01_Oil,1.0,-0.2853
228,2019-10,2,02_SP500,1,01_Oil,1.0,-0.3732
229,2019-11,2,02_SP500,1,01_Oil,1.0,-3.0215
230,2019-12,2,02_SP500,1,01_Oil,1.0,-2.7784
231,2020-01,2,02_SP500,1,01_Oil,1.0,-2.5523
232,2020-02,2,02_SP500,1,01_Oil,1.0,-2.4091
233,2020-03,2,02_SP500,1,01_Oil,1.0,-2.3386
234,2020-04,2,02_SP500,1,01_Oil,1.0,-2.3203
235,2020-05,2,02_SP500,1,01_Oil,1.0,-2.3415
236,2020-06,2,02_SP500,1,01_Oil,1.0,-2.3926
237,2020-07,2,02_SP500,1,01_Oil,1.0,-2.4517
238,2020-08,2,02_SP500,1,01_Oil,1.0,-2.4657
239,2020-09,2,02_SP500,1,01_Oil,1.0,-2.354
240,2020-10,2,02_SP500,1,01_Oil,1.0,-2.0987
241,2020-11,2,02_SP500,1,01_Oil,1.0,-1.8494
242,2020-12,2,02_SP500,1,01_Oil,1.0,-1.7271
243,2021-01,2,02_SP500,1,01_Oil,1.0,-1.7365
244,2021-02,2,02_SP500,1,01_Oil,1.0,-1.9059
245,2021-03,2,02_SP500,1,01_Oil,1.0,-2.3519
246,2021-04,2,02_SP500,1,01_Oil,1.0,-2.989
247,2021-05,2,02_SP500,1,01_Oil,1.0,2.8981
248,2021-06,2,02_SP500,1,01_Oil,1.0,2.7292
249,2021-07,2,02_SP500,1,01_Oil,1.0,2.674
250,2021-08,2,02_SP500,1,01_Oil,1.0,2.6805
251,2021-09,2,02_SP500,1,01_Oil,1.0,2.7217
252,2021-10,2,02_SP500,1,01_Oil,1.0,2.7826
253,2021-11,2,02_SP500,1,01_Oil,1.0,2.8531
254,2021-12,2,02_SP500,1,01_Oil,1.0,2.9259
255,2022-01,2,02_SP500,1,01_Oil,1.0,2.9903
256,2022-02,2,02_SP500,1,01_Oil,1.0,3.0283
257,2022-03,2,02_SP500,1,01_Oil,1.0,3.0118
258,2022-04,2,02_SP500,1,01_Oil,1.0,2.8961
259,2022-05,2,02_SP500,1,01_Oil,1.0,2.615
260,2022-06,2,02_SP500,1,01_Oil,1.0,2.1428
261,2022-07,2,02_SP500,1,01_Oil,1.0,1.6729
262,2022-08,2,02_SP500,1,01_Oil,1.0,1.3739
263,2022-09,2,02_SP500,1,01_Oil,1.0,1.2015
264,2022-10,2,02_SP500,1,01_Oil,1.0,1.086
265,2022-11,2,02_SP500,1,01_Oil,1.0,0.9757
266,2022-12,2,02_SP500,1,01_Oil,1.0,0.8155
267,2023-01,2,02_SP500,1,01_Oil,1.0,0.5068
268,2023-02,2,02_SP500,1,01_Oil,1.0,-0.0955
12,2001-10,2,02_SP500,2,02_SP500,1.0,-0.0
13,2001-11,2,02_SP500,2,02_SP500,1.0,-0.0
14,2001-12,2,02_SP500,2,02_SP500,1.0,-0.0
15,2002-01,2,02_SP500,2,02_SP500,1.0,0.0
16,2002-02,2,02_SP500,2,02_SP500,1.0,-0.0
17,2002-03,2,02_SP500,2,02_SP500,1.0,0.0
18,2002-04,2,02_SP500,2,02_SP500,1.0,-0.0
19,2002-05,2,02_SP500,2,02_SP500,1.0,-0.0
20,2002-06,2,02_SP500,2,02_SP500,1.0,-0.0
21,2002-07,2,02_SP500,2,02_SP500,1.0,-0.0
22,2002-08,2,02_SP500,2,02_SP500,1.0,-0.0
23,2002-09,2,02_SP500,2,02_SP500,1.0,-0.0
24,2002-10,2,02_SP500,2,02_SP500,1.0,0.0
25,2002-11,2,02_SP500,2,02_SP500,1.0,0.0
26,2002-12,2,02_SP500,2,02_SP500,1.0,0.0
27,2003-01,2,02_SP500,2,02_SP500,1.0,0.0
28,2003-02,2,02_SP500,2,02_SP500,1.0,-0.0
29,2003-03,2,02_SP500,2,02_SP500,1.0,-0.0
30,2003-04,2,02_SP500,2,02_SP500,1.0,0.0
31,2003-05,2,02_SP500,2,02_SP500,1.0,-0.0
32,2003-06,2,02_SP500,2,02_SP500,1.0,-0.0
33,2003-07,2,02_SP500,2,02_SP500,1.0,0.0
34,2003-08,2,02_SP500,2,02_SP500,1.0,0.0
35,2003-09,2,02_SP500,2,02_SP500,1.0,-0.0
36,2003-10,2,02_SP500,2,02_SP500,1.0,-0.0
37,2003-11,2,02_SP500,2,02_SP500,1.0,0.0
38,2003-12,2,02_SP500,2,02_SP500,1.0,0.0
39,2004-01,2,02_SP500,2,02_SP500,1.0,0.0
40,2004-02,2,02_SP500,2,02_SP500,1.0,-0.0
41,2004-03,2,02_SP500,2,02_SP500,1.0,-0.0
42,2004-04,2,02_SP500,2,02_SP500,1.0,0.0
43,2004-05,2,02_SP500,2,02_SP500,1.0,0.0
44,2004-06,2,02_SP500,2,02_SP500,1.0,-0.0
45,2004-07,2,02_SP500,2,02_SP500,1.0,-0.0
46,2004-08,2,02_SP500,2,02_SP500,1.0,-0.0
47,2004-09,2,02_SP500,2,02_SP500,1.0,0.0
48,2004-10,2,02_SP500,2,02_SP500,1.0,0.0
49,2004-11,2,02_SP500,2,02_SP500,1.0,-0.0
50,2004-12,2,02_SP500,2,02_SP500,1.0,-0.0
51,2005-01,2,02_SP500,2,02_SP500,1.0,0.0
52,2005-02,2,02_SP500,2,02_SP500,1.0,-0.0
53,2005-03,2,02_SP500,2,02_SP500,1.0,-0.0
54,2005-04,2,02_SP500,2,02_SP500,1.0,-0.0
55,2005-05,2,02_SP500,2,02_SP500,1.0,-0.0
56,2005-06,2,02_SP500,2,02_SP500,1.0,0.0
57,2005-07,2,02_SP500,2,02_SP500,1.0,-0.0
58,2005-08,2,02_SP500,2,02_SP500,1.0,-0.0
59,2005-09,2,02_SP500,2,02_SP500,1.0,0.0
60,2005-10,2,02_SP500,2,02_SP500,1.0,0.0
61,2005-11,2,02_SP500,2,02_SP500,1.0,0.0
62,2005-12,2,02_SP500,2,02_SP500,1.0,0.0
63,2006-01,2,02_SP500,2,02_SP500,1.0,0.0
64,2006-02,2,02_SP500,2,02_SP500,1.0,0.0
65,2006-03,2,02_SP500,2,02_SP500,1.0,0.0
66,2006-04,2,02_SP500,2,02_SP500,1.0,-0.0
67,2006-05,2,02_SP500,2,02_SP500,1.0,0.0
68,2006-06,2,02_SP500,2,02_SP500,1.0,-0.0
69,2006-07,2,02_SP500,2,02_SP500,1.0,0.0
70,2006-08,2,02_SP500,2,02_SP500,1.0,-0.0
71,2006-09,2,02_SP500,2,02_SP500,1.0,-0.0
72,2006-10,2,02_SP500,2,02_SP500,1.0,0.0
73,2006-11,2,02_SP500,2,02_SP500,1.0,-0.0
74,2006-12,2,02_SP500,2,02_SP500,1.0,0.0
75,2007-01,2,02_SP500,2,02_SP500,1.0,-0.0
76,2007-02,2,02_SP500,2,02_SP500,1.0,-0.0
77,2007-03,2,02_SP500,2,02_SP500,1.0,-0.0
78,2007-04,2,02_SP500,2,02_SP500,1.0,0.0
79,2007-05,2,02_SP500,2,02_SP500,1.0,0.0
80,2007-06,2,02_SP500,2,02_SP500,1.0,-0.0
81,2007-07,2,02_SP500,2,02_SP500,1.0,0.0
82,2007-08,2,02_SP500,2,02_SP500,1.0,0.0
83,2007-09,2,02_SP500,2,02_SP500,1.0,0.0
84,2007-10,2,02_SP500,2,02_SP500,1.0,0.0
85,2007-11,2,02_SP500,2,02_SP500,1.0,-0.0
86,2007-12,2,02_SP500,2,02_SP500,1.0,-0.0
87,2008-01,2,02_SP500,2,02_SP500,1.0,-0.0
88,2008-02,2,02_SP500,2,02_SP500,1.0,-0.0
89,2008-03,2,02_SP500,2,02_SP500,1.0,-0.0
90,2008-04,2,02_SP500,2,02_SP500,1.0,-0.0
91,2008-05,2,02_SP500,2,02_SP500,1.0,0.0
92,2008-06,2,02_SP500,2,02_SP500,1.0,-0.0
93,2008-07,2,02_SP500,2,02_SP500,1.0,0.0
94,2008-08,2,02_SP500,2,02_SP500,1.0,0.0
95,2008-09,2,02_SP500,2,02_SP500,1.0,-0.0
96,2008-10,2,02_SP500,2,02_SP500,1.0,0.0
97,2008-11,2,02_SP500,2,02_SP500,1.0,-0.0
98,2008-12,2,02_SP500,2,02_SP500,1.0,0.0
99,2009-01,2,02_SP500,2,02_SP500,1.0,-0.0
100,2009-02,2,02_SP500,2,02_SP500,1.0,0.0
101,2009-03,2,02_SP500,2,02_SP500,1.0,0.0
102,2009-04,2,02_SP500,2,02_SP500,1.0,-0.0
103,2009-05,2,02_SP500,2,02_SP500,1.0,0.0
104,2009-06,2,02_SP500,2,02_SP500,1.0,0.0
105,2009-07,2,02_SP500,2,02_SP500,1.0,-0.0
106,2009-08,2,02_SP500,2,02_SP500,1.0,-0.0
107,2009-09,2,02_SP500,2,02_SP500,1.0,0.0
108,2009-10,2,02_SP500,2,02_SP500,1.0,0.0
109,2009-11,2,02_SP500,2,02_SP500,1.0,0.0
110,2009-12,2,02_SP500,2,02_SP500,1.0,-0.0
111,2010-01,2,02_SP500,2,02_SP500,1.0,-0.0
112,2010-02,2,02_SP500,2,02_SP500,1.0,0.0
113,2010-03,2,02_SP500,2,02_SP500,1.0,-0.0
114,2010-04,2,02_SP500,2,02_SP500,1.0,-0.0
115,2010-05,2,02_SP500,2,02_SP500,1.0,-0.0
116,2010-06,2,02_SP500,2,02_SP500,1.0,0.0
117,2010-07,2,02_SP500,2,02_SP500,1.0,0.0
118,2010-08,2,02_SP500,2,02_SP500,1.0,-0.0
119,2010-09,2,02_SP500,2,02_SP500,1.0,0.0
120,2010-10,2,02_SP500,2,02_SP500,1.0,0.0
121,2010-11,2,02_SP500,2,02_SP500,1.0,-0.0
122,2010-12,2,02_SP500,2,02_SP500,1.0,0.0
123,2011-01,2,02_SP500,2,02_SP500,1.0,0.0
124,2011-02,2,02_SP500,2,02_SP500,1.0,-0.0
125,2011-03,2,02_SP500,2,02_SP500,1.0,0.0
126,2011-04,2,02_SP500,2,02_SP500,1.0,0.0
127,2011-05,2,02_SP500,2,02_SP500,1.0,-0.0
128,2011-06,2,02_SP500,2,02_SP500,1.0,0.0
129,2011-07,2,02_SP500,2,02_SP500,1.0,0.0
130,2011-08,2,02_SP500,2,02_SP500,1.0,-0.0
131,2011-09,2,02_SP500,2,02_SP500,1.0,-0.0
132,2011-10,2,02_SP500,2,02_SP500,1.0,0.0
133,2011-11,2,02_SP500,2,02_SP500,1.0,0.0
134,2011-12,2,02_SP500,2,02_SP500,1.0,0.0
135,2012-01,2,02_SP500,2,02_SP500,1.0,0.0
136,2012-02,2,02_SP500,2,02_SP500,1.0,-0.0
137,2012-03,2,02_SP500,2,02_SP500,1.0,0.0
138,2012-04,2,02_SP500,2,02_SP500,1.0,0.0
139,2012-05,2,02_SP500,2,02_SP500,1.0,0.0
140,2012-06,2,02_SP500,2,02_SP500,1.0,-0.0
141,2012-07,2,02_SP500,2,02_SP500,1.0,0.0
142,2012-08,2,02_SP500,2,02_SP500,1.0,-0.0
143,2012-09,2,02_SP500,2,02_SP500,1.0,0.0
144,2012-10,2,02_SP500,2,02_SP500,1.0,-0.0
145,2012-11,2,02_SP500,2,02_SP500,1.0,-0.0
146,2012-12,2,02_SP500,2,02_SP500,1.0,-0.0
147,2013-01,2,02_SP500,2,02_SP500,1.0,-0.0
148,2013-02,2,02_SP500,2,02_SP500,1.0,-0.0
149,2013-03,2,02_SP500,2,02_SP500,1.0,-0.0
150,2013-04,2,02_SP500,2,02_SP500,1.0,0.0
151,2013-05,2,02_SP500,2,02_SP500,1.0,0.0
152,2013-06,2,02_SP500,2,02_SP500,1.0,0.0
153,2013-07,2,02_SP500,2,02_SP500,1.0,-0.0
154,2013-08,2,02_SP500,2,02_SP500,1.0,-0.0
155,2013-09,2,02_SP500,2,02_SP500,1.0,-0.0
156,2013-10,2,02_SP500,2,02_SP500,1.0,-0.0
157,2013-11,2,02_SP500,2,02_SP500,1.0,0.0
158,2013-12,2,02_SP500,2,02_SP500,1.0,0.0
159,2014-01,2,02_SP500,2,02_SP500,1.0,0.0
160,2014-02,2,02_SP500,2,02_SP500,1.0,-0.0
161,2014-03,2,02_SP500,2,02_SP500,1.0,-0.0
162,2014-04,2,02_SP500,2,02_SP500,1.0,-0.0
163,2014-05,2,02_SP500,2,02_SP500,1.0,-0.0
164,2014-06,2,02_SP500,2,02_SP500,1.0,0.0
165,2014-07,2,02_SP500,2,02_SP500,1.0,-0.0
166,2014-08,2,02_SP500,2,02_SP500,1.0,-0.0
167,2014-09,2,02_SP500,2,02_SP500,1.0,0.0
168,2014-10,2,02_SP500,2,02_SP500,1.0,0.0
169,2014-11,2,02_SP500,2,02_SP500,1.0,-0.0
170,2014-12,2,02_SP500,2,02_SP500,1.0,-0.0
171,2015-01,2,02_SP500,2,02_SP500,1.0,0.0
172,2015-02,2,02_SP500,2,02_SP500,1.0,-0.0
173,2015-03,2,02_SP500,2,02_SP500,1.0,0.0
174,2015-04,2,02_SP500,2,02_SP500,1.0,-0.0
175,2015-05,2,02_SP500,2,02_SP500,1.0,0.0
176,2015-06,2,02_SP500,2,02_SP500,1.0,0.0
177,2015-07,2,02_SP500,2,02_SP500,1.0,-0.0
178,2015-08,2,02_SP500,2,02_SP500,1.0,-0.0
179,2015-09,2,02_SP500,2,02_SP500,1.0,0.0
180,2015-10,2,02_SP500,2,02_SP500,1.0,-0.0
181,2015-11,2,02_SP500,2,02_SP500,1.0,-0.0
182,2015-12,2,02_SP500,2,02_SP500,1.0,0.0
183,2016-01,2,02_SP500,2,02_SP500,1.0,-0.0
184,2016-02,2,02_SP500,2,02_SP500,1.0,-0.0
185,2016-03,2,02_SP500,2,02_SP500,1.0,0.0
186,2016-04,2,02_SP500,2,02_SP500,1.0,-0.0
187,2016-05,2,02_SP500,2,02_SP500,1.0,0.0
188,2016-06,2,02_SP500,2,02_SP500,1.0,0.0
189,2016-07,2,02_SP500,2,02_SP500,1.0,-0.0
190,2016-08,2,02_SP500,2,02_SP500,1.0,0.0
191,2016-09,2,02_SP500,2,02_SP500,1.0,0.0
192,2016-10,2,02_SP500,2,02_SP500,1.0,0.0
193,2016-11,2,02_SP500,2,02_SP500,1.0,0.0
194,2016-12,2,02_SP500,2,02_SP500,1.0,0.0
195,2017-01,2,02_SP500,2,02_SP500,1.0,0.0
196,2017-02,2,02_SP500,2,02_SP500,1.0,-0.0
197,2017-03,2,02_SP500,2,02_SP500,1.0,0.0
198,2017-04,2,02_SP500,2,02_SP500,1.0,-0.0
199,2017-05,2,02_SP500,2,02_SP500,1.0,-0.0
200,2017-06,2,02_SP500,2,02_SP500,1.0,0.0
201,2017-07,2,02_SP500,2,02_SP500,1.0,0.0
202,2017-08,2,02_SP500,2,02_SP500,1.0,0.0
203,2017-09,2,02_SP500,2,02_SP500,1.0,-0.0
204,2017-10,2,02_SP500,2,02_SP500,1.0,0.0
205,2017-11,2,02_SP500,2,02_SP500,1.0,0.0
206,2017-12,2,02_SP500,2,02_SP500,1.0,0.0
207,2018-01,2,02_SP500,2,02_SP500,1.0,0.0
208,2018-02,2,02_SP500,2,02_SP500,1.0,-0.0
209,2018-03,2,02_SP500,2,02_SP500,1.0,0.0
210,2018-04,2,02_SP500,2,02_SP500,1.0,0.0
211,2018-05,2,02_SP500,2,02_SP500,1.0,0.0
212,2018-06,2,02_SP500,2,02_SP500,1.0,0.0
213,2018-07,2,02_SP500,2,02_SP500,1.0,0.0
214,2018-08,2,02_SP500,2,02_SP500,1.0,-0.0
215,2018-09,2,02_SP500,2,02_SP500,1.0,0.0
216,2018-10,2,02_SP500,2,02_SP500,1.0,-0.0
217,2018-11,2,02_SP500,2,02_SP500,1.0,-0.0
218,2018-12,2,02_SP500,2,02_SP500,1.0,-0.0
219,2019-01,2,02_SP500,2,02_SP500,1.0,0.0
220,2019-02,2,02_SP500,2,02_SP500,1.0,-0.0
221,2019-03,2,02_SP500,2,02_SP500,1.0,0.0
222,2019-04,2,02_SP500,2,02_SP500,1.0,0.0
223,2019-05,2,02_SP500,2,02_SP500,1.0,0.0
224,2019-06,2,02_SP500,2,02_SP500,1.0,-0.0
225,2019-07,2,02_SP500,2,02_SP500,1.0,0.0
226,2019-08,2,02_SP500,2,02_SP500,1.0,0.0
227,2019-09,2,02_SP500,2,02_SP500,1.0,-0.0
228,2019-10,2,02_SP500,2,02_SP500,1.0,-0.0
229,2019-11,2,02_SP500,2,02_SP500,1.0,-0.0
230,2019-12,2,02_SP500,2,02_SP500,1.0,-0.0
231,2020-01,2,02_SP500,2,02_SP500,1.0,0.0
232,2020-02,2,02_SP500,2,02_SP500,1.0,-0.0
233,2020-03,2,02_SP500,2,02_SP500,1.0,-0.0
234,2020-04,2,02_SP500,2,02_SP500,1.0,0.0
235,2020-05,2,02_SP500,2,02_SP500,1.0,0.0
236,2020-06,2,02_SP500,2,02_SP500,1.0,0.0
237,2020-07,2,02_SP500,2,02_SP500,1.0,0.0
238,2020-08,2,02_SP500,2,02_SP500,1.0,0.0
239,2020-09,2,02_SP500,2,02_SP500,1.0,0.0
240,2020-10,2,02_SP500,2,02_SP500,1.0,-0.0
241,2020-11,2,02_SP500,2,02_SP500,1.0,0.0
242,2020-12,2,02_SP500,2,02_SP500,1.0,0.0
243,2021-01,2,02_SP500,2,02_SP500,1.0,0.0
244,2021-02,2,02_SP500,2,02_SP500,1.0,0.0
245,2021-03,2,02_SP500,2,02_SP500,1.0,-0.0
246,2021-04,2,02_SP500,2,02_SP500,1.0,-0.0
247,2021-05,2,02_SP500,2,02_SP500,1.0,0.0
248,2021-06,2,02_SP500,2,02_SP500,1.0,0.0
249,2021-07,2,02_SP500,2,02_SP500,1.0,-0.0
250,2021-08,2,02_SP500,2,02_SP500,1.0,-0.0
251,2021-09,2,02_SP500,2,02_SP500,1.0,0.0
252,2021-10,2,02_SP500,2,02_SP500,1.0,-0.0
253,2021-11,2,02_SP500,2,02_SP500,1.0,-0.0
254,2021-12,2,02_SP500,2,02_SP500,1.0,-0.0
255,2022-01,2,02_SP500,2,02_SP500,1.0,0.0
256,2022-02,2,02_SP500,2,02_SP500,1.0,-0.0
257,2022-03,2,02_SP500,2,02_SP500,1.0,0.0
258,2022-04,2,02_SP500,2,02_SP500,1.0,-0.0
259,2022-05,2,02_SP500,2,02_SP500,1.0,-0.0
260,2022-06,2,02_SP500,2,02_SP500,1.0,-0.0
261,2022-07,2,02_SP500,2,02_SP500,1.0,-0.0
262,2022-08,2,02_SP500,2,02_SP500,1.0,0.0
263,2022-09,2,02_SP500,2,02_SP500,1.0,-0.0
264,2022-10,2,02_SP500,2,02_SP500,1.0,0.0
265,2022-11,2,02_SP500,2,02_SP500,1.0,0.0
266,2022-12,2,02_SP500,2,02_SP500,1.0,0.0
267,2023-01,2,02_SP500,2,02_SP500,1.0,0.0
268,2023-02,2,02_SP500,2,02_SP500,1.0,0.0
12,2001-10,2,02_SP500,3,03_US10Y,1.0,-1.2029
13,2001-11,2,02_SP500,3,03_US10Y,1.0,-1.1858
14,2001-12,2,02_SP500,3,03_US10Y,1.0,-1.1536
15,2002-01,2,02_SP500,3,03_US10Y,1.0,-1.1058
16,2002-02,2,02_SP500,3,03_US10Y,1.0,-1.0319
17,2002-03,2,02_SP500,3,03_US10Y,1.0,-0.9174
18,2002-04,2,02_SP500,3,03_US10Y,1.0,-0.7502
19,2002-05,2,02_SP500,3,03_US10Y,1.0,-0.5334
20,2002-06,2,02_SP500,3,03_US10Y,1.0,-0.2954
21,2002-07,2,02_SP500,3,03_US10Y,1.0,-0.0834
22,2002-08,2,02_SP500,3,03_US10Y,1.0,0.0611
23,2002-09,2,02_SP500,3,03_US10Y,1.0,0.121
24,2002-10,2,02_SP500,3,03_US10Y,1.0,0.0828
25,2002-11,2,02_SP500,3,03_US10Y,1.0,-0.0918
26,2002-12,2,02_SP500,3,03_US10Y,1.0,-0.4451
27,2003-01,2,02_SP500,3,03_US10Y,1.0,-0.8472
28,2003-02,2,02_SP500,3,03_US10Y,1.0,-1.0666
29,2003-03,2,02_SP500,3,03_US10Y,1.0,-1.0502
30,2003-04,2,02_SP500,3,03_US10Y,1.0,-0.6981
31,2003-05,2,02_SP500,3,03_US10Y,1.0,0.1162
32,2003-06,2,02_SP500,3,03_US10Y,1.0,0.657
33,2003-07,2,02_SP500,3,03_US10Y,1.0,0.8535
34,2003-08,2,02_SP500,3,03_US10Y,1.0,0.9243
35,2003-09,2,02_SP500,3,03_US10Y,1.0,0.9624
36,2003-10,2,02_SP500,3,03_US10Y,1.0,1.145
37,2003-11,2,02_SP500,3,03_US10Y,1.0,2.4588
38,2003-12,2,02_SP500,3,03_US10Y,1.0,2.8346
39,2004-01,2,02_SP500,3,03_US10Y,1.0,2.4697
40,2004-02,2,02_SP500,3,03_US10Y,1.0,1.8835
41,2004-03,2,02_SP500,3,03_US10Y,1.0,1.4586
42,2004-04,2,02_SP500,3,03_US10Y,1.0,1.238
43,2004-05,2,02_SP500,3,03_US10Y,1.0,1.1231
44,2004-06,2,02_SP500,3,03_US10Y,1.0,1.0611
45,2004-07,2,02_SP500,3,03_US10Y,1.0,1.0353
46,2004-08,2,02_SP500,3,03_US10Y,1.0,1.0586
47,2004-09,2,02_SP500,3,03_US10Y,1.0,1.2139
48,2004-10,2,02_SP500,3,03_US10Y,1.0,2.0139
49,2004-11,2,02_SP500,3,03_US10Y,1.0,-1.4141
50,2004-12,2,02_SP500,3,03_US10Y,1.0,-0.6125
51,2005-01,2,02_SP500,3,03_US10Y,1.0,-0.5669
52,2005-02,2,02_SP500,3,03_US10Y,1.0,-0.6979
53,2005-03,2,02_SP500,3,03_US10Y,1.0,-0.882
54,2005-04,2,02_SP500,3,03_US10Y,1.0,-1.0466
55,2005-05,2,02_SP500,3,03_US10Y,1.0,-1.1338
56,2005-06,2,02_SP500,3,03_US10Y,1.0,-1.0993
57,2005-07,2,02_SP500,3,03_US10Y,1.0,-0.8969
58,2005-08,2,02_SP500,3,03_US10Y,1.0,-0.4826
59,2005-09,2,02_SP500,3,03_US10Y,1.0,0.057
60,2005-10,2,02_SP500,3,03_US10Y,1.0,0.5049
61,2005-11,2,02_SP500,3,03_US10Y,1.0,0.8073
62,2005-12,2,02_SP500,3,03_US10Y,1.0,1.0081
63,2006-01,2,02_SP500,3,03_US10Y,1.0,1.1371
64,2006-02,2,02_SP500,3,03_US10Y,1.0,1.2061
65,2006-03,2,02_SP500,3,03_US10Y,1.0,1.2201
66,2006-04,2,02_SP500,3,03_US10Y,1.0,1.1969
67,2006-05,2,02_SP500,3,03_US10Y,1.0,1.1962
68,2006-06,2,02_SP500,3,03_US10Y,1.0,1.3334
69,2006-07,2,02_SP500,3,03_US10Y,1.0,1.7149
70,2006-08,2,02_SP500,3,03_US10Y,1.0,2.2761
71,2006-09,2,02_SP500,3,03_US10Y,1.0,2.9836
72,2006-10,2,02_SP500,3,03_US10Y,1.0,-2.401
73,2006-11,2,02_SP500,3,03_US10Y,1.0,-1.8162
74,2006-12,2,02_SP500,3,03_US10Y,1.0,-1.5509
75,2007-01,2,02_SP500,3,03_US10Y,1.0,-1.4323
76,2007-02,2,02_SP500,3,03_US10Y,1.0,-1.3929
77,2007-03,2,02_SP500,3,03_US10Y,1.0,-1.4078
78,2007-04,2,02_SP500,3,03_US10Y,1.0,-1.4612
79,2007-05,2,02_SP500,3,03_US10Y,1.0,-1.5319
80,2007-06,2,02_SP500,3,03_US10Y,1.0,-1.5948
81,2007-07,2,02_SP500,3,03_US10Y,1.0,-1.6328
82,2007-08,2,02_SP500,3,03_US10Y,1.0,-1.6457
83,2007-09,2,02_SP500,3,03_US10Y,1.0,-1.647
84,2007-10,2,02_SP500,3,03_US10Y,1.0,-1.6583
85,2007-11,2,02_SP500,3,03_US10Y,1.0,-1.7036
86,2007-12,2,02_SP500,3,03_US10Y,1.0,-1.7954
87,2008-01,2,02_SP500,3,03_US10Y,1.0,-1.9021
88,2008-02,2,02_SP500,3,03_US10Y,1.0,-1.9744
89,2008-03,2,02_SP500,3,03_US10Y,1.0,-2.0428
90,2008-04,2,02_SP500,3,03_US10Y,1.0,-2.187
91,2008-05,2,02_SP500,3,03_US10Y,1.0,-2.4349
92,2008-06,2,02_SP500,3,03_US10Y,1.0,-2.7122
93,2008-07,2,02_SP500,3,03_US10Y,1.0,-2.928
94,2008-08,2,02_SP500,3,03_US10Y,1.0,-3.0669
95,2008-09,2,02_SP500,3,03_US10Y,1.0,3.1315
96,2008-10,2,02_SP500,3,03_US10Y,1.0,3.0813
97,2008-11,2,02_SP500,3,03_US10Y,1.0,3.055
98,2008-12,2,02_SP500,3,03_US10Y,1.0,3.0477
99,2009-01,2,02_SP500,3,03_US10Y,1.0,3.0577
100,2009-02,2,02_SP500,3,03_US10Y,1.0,3.0829
101,2009-03,2,02_SP500,3,03_US10Y,1.0,3.1206
102,2009-04,2,02_SP500,3,03_US10Y,1.0,-3.1161
103,2009-05,2,02_SP500,3,03_US10Y,1.0,-3.0649
104,2009-06,2,02_SP500,3,03_US10Y,1.0,-3.0135
105,2009-07,2,02_SP500,3,03_US10Y,1.0,-2.9648
106,2009-08,2,02_SP500,3,03_US10Y,1.0,-2.9148
107,2009-09,2,02_SP500,3,03_US10Y,1.0,-2.8318
108,2009-10,2,02_SP500,3,03_US10Y,1.0,-2.5964
109,2009-11,2,02_SP500,3,03_US10Y,1.0,-1.967
110,2009-12,2,02_SP500,3,03_US10Y,1.0,-1.3398
111,2010-01,2,02_SP500,3,03_US10Y,1.0,-1.0779
112,2010-02,2,02_SP500,3,03_US10Y,1.0,-0.9589
113,2010-03,2,02_SP500,3,03_US10Y,1.0,-0.8839
114,2010-04,2,02_SP500,3,03_US10Y,1.0,-0.827
115,2010-05,2,02_SP500,3,03_US10Y,1.0,-0.7887
116,2010-06,2,02_SP500,3,03_US10Y,1.0,-0.7833
117,2010-07,2,02_SP500,3,03_US10Y,1.0,-0.8331
118,2010-08,2,02_SP500,3,03_US10Y,1.0,-0.9677
119,2010-09,2,02_SP500,3,03_US10Y,1.0,-1.2432
120,2010-10,2,02_SP500,3,03_US10Y,1.0,-1.9697
121,2010-11,2,02_SP500,3,03_US10Y,1.0,2.501
122,2010-12,2,02_SP500,3,03_US10Y,1.0,1.9355
123,2011-01,2,02_SP500,3,03_US10Y,1.0,1.7228
124,2011-02,2,02_SP500,3,03_US10Y,1.0,1.6715
125,2011-03,2,02_SP500,3,03_US10Y,1.0,1.8045
126,2011-04,2,02_SP500,3,03_US10Y,1.0,2.1169
127,2011-05,2,02_SP500,3,03_US10Y,1.0,-0.3842
128,2011-06,2,02_SP500,3,03_US10Y,1.0,-0.224
129,2011-07,2,02_SP500,3,03_US10Y,1.0,-0.1491
130,2011-08,2,02_SP500,3,03_US10Y,1.0,-0.1282
131,2011-09,2,02_SP500,3,03_US10Y,1.0,-0.13
132,2011-10,2,02_SP500,3,03_US10Y,1.0,-0.1414
133,2011-11,2,02_SP500,3,03_US10Y,1.0,-0.1586
134,2011-12,2,02_SP500,3,03_US10Y,1.0,-0.1849
135,2012-01,2,02_SP500,3,03_US10Y,1.0,-0.2329
136,2012-02,2,02_SP500,3,03_US10Y,1.0,-0.3264
137,2012-03,2,02_SP500,3,03_US10Y,1.0,-0.4947
138,2012-04,2,02_SP500,3,03_US10Y,1.0,-0.732
139,2012-05,2,02_SP500,3,03_US10Y,1.0,-0.9765
140,2012-06,2,02_SP500,3,03_US10Y,1.0,-1.2038
141,2012-07,2,02_SP500,3,03_US10Y,1.0,-1.4718
142,2012-08,2,02_SP500,3,03_US10Y,1.0,-1.8793
143,2012-09,2,02_SP500,3,03_US10Y,1.0,-2.4702
144,2012-10,2,02_SP500,3,03_US10Y,1.0,0.1391
145,2012-11,2,02_SP500,3,03_US10Y,1.0,-0.4112
146,2012-12,2,02_SP500,3,03_US10Y,1.0,-0.838
147,2013-01,2,02_SP500,3,03_US10Y,1.0,-1.2387
148,2013-02,2,02_SP500,3,03_US10Y,1.0,-1.6375
149,2013-03,2,02_SP500,3,03_US10Y,1.0,-2.0896
150,2013-04,2,02_SP500,3,03_US10Y,1.0,-2.8076
151,2013-05,2,02_SP500,3,03_US10Y,1.0,2.3424
152,2013-06,2,02_SP500,3,03_US10Y,1.0,1.6615
153,2013-07,2,02_SP500,3,03_US10Y,1.0,1.2947
154,2013-08,2,02_SP500,3,03_US10Y,1.0,0.7464
155,2013-09,2,02_SP500,3,03_US10Y,1.0,-1.5454
156,2013-10,2,02_SP500,3,03_US10Y,1.0,-1.8419
157,2013-11,2,02_SP500,3,03_US10Y,1.0,-1.9367
158,2013-12,2,02_SP500,3,03_US10Y,1.0,-1.9822
159,2014-01,2,02_SP500,3,03_US10Y,1.0,-2.0056
160,2014-02,2,02_SP500,3,03_US10Y,1.0,-2.0186
161,2014-03,2,02_SP500,3,03_US10Y,1.0,-2.0277
162,2014-04,2,02_SP500,3,03_US10Y,1.0,-2.0299
163,2014-05,2,02_SP500,3,03_US10Y,1.0,-1.9953
164,2014-06,2,02_SP500,3,03_US10Y,1.0,-1.8369
165,2014-07,2,02_SP500,3,03_US10Y,1.0,-1.4212
166,2014-08,2,02_SP500,3,03_US10Y,1.0,-0.8705
167,2014-09,2,02_SP500,3,03_US10Y,1.0,-0.5129
168,2014-10,2,02_SP500,3,03_US10Y,1.0,-0.3511
169,2014-11,2,02_SP500,3,03_US10Y,1.0,-0.2701
170,2014-12,2,02_SP500,3,03_US10Y,1.0,-0.2018
171,2015-01,2,02_SP500,3,03_US10Y,1.0,-0.12
172,2015-02,2,02_SP500,3,03_US10Y,1.0,-0.0201
173,2015-03,2,02_SP500,3,03_US10Y,1.0,0.0936
174,2015-04,2,02_SP500,3,03_US10Y,1.0,0.2151
175,2015-05,2,02_SP500,3,03_US10Y,1.0,0.3392
176,2015-06,2,02_SP500,3,03_US10Y,1.0,0.4584
177,2015-07,2,02_SP500,3,03_US10Y,1.0,0.556
178,2015-08,2,02_SP500,3,03_US10Y,1.0,0.5922
179,2015-09,2,02_SP500,3,03_US10Y,1.0,0.4267
180,2015-10,2,02_SP500,3,03_US10Y,1.0,-0.5305
181,2015-11,2,02_SP500,3,03_US10Y,1.0,-1.2879
182,2015-12,2,02_SP500,3,03_US10Y,1.0,-1.4205
183,2016-01,2,02_SP500,3,03_US10Y,1.0,-1.4166
184,2016-02,2,02_SP500,3,03_US10Y,1.0,-1.3722
185,2016-03,2,02_SP500,3,03_US10Y,1.0,-1.3159
186,2016-04,2,02_SP500,3,03_US10Y,1.0,-1.2649
187,2016-05,2,02_SP500,3,03_US10Y,1.0,-1.2281
188,2016-06,2,02_SP500,3,03_US10Y,1.0,-1.1955
189,2016-07,2,02_SP500,3,03_US10Y,1.0,-1.1386
190,2016-08,2,02_SP500,3,03_US10Y,1.0,-1.0344
191,2016-09,2,02_SP500,3,03_US10Y,1.0,-0.8894
192,2016-10,2,02_SP500,3,03_US10Y,1.0,-0.7349
193,2016-11,2,02_SP500,3,03_US10Y,1.0,-0.609
194,2016-12,2,02_SP500,3,03_US10Y,1.0,-0.5474
195,2017-01,2,02_SP500,3,03_US10Y,1.0,-0.5947
196,2017-02,2,02_SP500,3,03_US10Y,1.0,-0.8242
197,2017-03,2,02_SP500,3,03_US10Y,1.0,-1.2189
198,2017-04,2,02_SP500,3,03_US10Y,1.0,-1.4758
199,2017-05,2,02_SP500,3,03_US10Y,1.0,-1.4932
200,2017-06,2,02_SP500,3,03_US10Y,1.0,-1.3856
201,2017-07,2,02_SP500,3,03_US10Y,1.0,-1.2761
202,2017-08,2,02_SP500,3,03_US10Y,1.0,-1.2762
203,2017-09,2,02_SP500,3,03_US10Y,1.0,-1.3988
204,2017-10,2,02_SP500,3,03_US10Y,1.0,-1.5081
205,2017-11,2,02_SP500,3,03_US10Y,1.0,-1.5309
206,2017-12,2,02_SP500,3,03_US10Y,1.0,-1.4987
207,2018-01,2,02_SP500,3,03_US10Y,1.0,-1.4504
208,2018-02,2,02_SP500,3,03_US10Y,1.0,-1.4121
209,2018-03,2,02_SP500,3,03_US10Y,1.0,-1.4018
210,2018-04,2,02_SP500,3,03_US10Y,1.0,-1.4326
211,2018-05,2,02_SP500,3,03_US10Y,1.0,-1.5166
212,2018-06,2,02_SP500,3,03_US10Y,1.0,-1.6642
213,2018-07,2,02_SP500,3,03_US10Y,1.0,-1.8772
214,2018-08,2,02_SP500,3,03_US10Y,1.0,-2.1402
215,2018-09,2,02_SP500,3,03_US10Y,1.0,-2.4108
216,2018-10,2,02_SP500,3,03_US10Y,1.0,-2.6463
217,2018-11,2,02_SP500,3,03_US10Y,1.0,-3.0146
218,2018-12,2,02_SP500,3,03_US10Y,1.0,0.5007
219,2019-01,2,02_SP500,3,03_US10Y,1.0,0.42
220,2019-02,2,02_SP500,3,03_US10Y,1.0,0.4106
221,2019-03,2,02_SP500,3,03_US10Y,1.0,0.3986
222,2019-04,2,02_SP500,3,03_US10Y,1.0,0.3496
223,2019-05,2,02_SP500,3,03_US10Y,1.0,0.2602
224,2019-06,2,02_SP500,3,03_US10Y,1.0,0.1851
225,2019-07,2,02_SP500,3,03_US10Y,1.0,0.1997
226,2019-08,2,02_SP500,3,03_US10Y,1.0,0.3444
227,2019-09,2,02_SP500,3,03_US10Y,1.0,0.6418
228,2019-10,2,02_SP500,3,03_US10Y,1.0,0.9068
229,2019-11,2,02_SP500,3,03_US10Y,1.0,-1.5134
230,2019-12,2,02_SP500,3,03_US10Y,1.0,-1.2719
231,2020-01,2,02_SP500,3,03_US10Y,1.0,-1.1519
232,2020-02,2,02_SP500,3,03_US10Y,1.0,-1.119
233,2020-03,2,02_SP500,3,03_US10Y,1.0,-1.15
234,2020-04,2,02_SP500,3,03_US10Y,1.0,-1.2377
235,2020-05,2,02_SP500,3,03_US10Y,1.0,-1.3839
236,2020-06,2,02_SP500,3,03_US10Y,1.0,-1.5927
237,2020-07,2,02_SP500,3,03_US10Y,1.0,-1.8637
238,2020-08,2,02_SP500,3,03_US10Y,1.0,-2.1845
239,2020-09,2,02_SP500,3,03_US10Y,1.0,-2.5436
240,2020-10,2,02_SP500,3,03_US10Y,1.0,-2.9738
241,2020-11,2,02_SP500,3,03_US10Y,1.0,2.6927
242,2020-12,2,02_SP500,3,03_US10Y,1.0,1.9339
243,2021-01,2,02_SP500,3,03_US10Y,1.0,1.4298
244,2021-02,2,02_SP500,3,03_US10Y,1.0,1.1913
245,2021-03,2,02_SP500,3,03_US10Y,1.0,1.105
246,2021-04,2,02_SP500,3,03_US10Y,1.0,1.1475
247,2021-05,2,02_SP500,3,03_US10Y,1.0,1.3615
248,2021-06,2,02_SP500,3,03_US10Y,1.0,1.7459
249,2021-07,2,02_SP500,3,03_US10Y,1.0,2.0917
250,2021-08,2,02_SP500,3,03_US10Y,1.0,2.2855
251,2021-09,2,02_SP500,3,03_US10Y,1.0,2.3919
252,2021-10,2,02_SP500,3,03_US10Y,1.0,2.4743
253,2021-11,2,02_SP500,3,03_US10Y,1.0,2.5688
254,2021-12,2,02_SP500,3,03_US10Y,1.0,2.6944
255,2022-01,2,02_SP500,3,03_US10Y,1.0,2.851
256,2022-02,2,02_SP500,3,03_US10Y,1.0,3.0069
257,2022-03,2,02_SP500,3,03_US10Y,1.0,3.1035
258,2022-04,2,02_SP500,3,03_US10Y,1.0,3.0956
259,2022-05,2,02_SP500,3,03_US10Y,1.0,2.9799
260,2022-06,2,02_SP500,3,03_US10Y,1.0,2.7857
261,2022-07,2,02_SP500,3,03_US10Y,1.0,2.5528
262,2022-08,2,02_SP500,3,03_US10Y,1.0,2.3124
263,2022-09,2,02_SP500,3,03_US10Y,1.0,2.0814
264,2022-10,2,02_SP500,3,03_US10Y,1.0,1.8647
265,2022-11,2,02_SP500,3,03_US10Y,1.0,1.661
266,2022-12,2,02_SP500,3,03_US10Y,1.0,1.4687
267,2023-01,2,02_SP500,3,03_US10Y,1.0,1.2905
268,2023-02,2,02_SP500,3,03_US10Y,1.0,1.1423
12,2001-10,2,02_SP500,4,04_US_Economy,1.0,-0.0353
13,2001-11,2,02_SP500,4,04_US_Economy,1.0,-0.03
14,2001-12,2,02_SP500,4,04_US_Economy,1.0,-0.0269
15,2002-01,2,02_SP500,4,04_US_Economy,1.0,-0.0251
16,2002-02,2,02_SP500,4,04_US_Economy,1.0,-0.0238
17,2002-03,2,02_SP500,4,04_US_Economy,1.0,-0.0222
18,2002-04,2,02_SP500,4,04_US_Economy,1.0,-0.0195
19,2002-05,2,02_SP500,4,04_US_Economy,1.0,-0.0162
20,2002-06,2,02_SP500,4,04_US_Economy,1.0,-0.0142
21,2002-07,2,02_SP500,4,04_US_Economy,1.0,-0.0119
22,2002-08,2,02_SP500,4,04_US_Economy,1.0,-0.0046
23,2002-09,2,02_SP500,4,04_US_Economy,1.0,0.0087
24,2002-10,2,02_SP500,4,04_US_Economy,1.0,0.026
25,2002-11,2,02_SP500,4,04_US_Economy,1.0,0.0468
26,2002-12,2,02_SP500,4,04_US_Economy,1.0,0.0728
27,2003-01,2,02_SP500,4,04_US_Economy,1.0,0.1083
28,2003-02,2,02_SP500,4,04_US_Economy,1.0,0.1623
29,2003-03,2,02_SP500,4,04_US_Economy,1.0,0.2544
30,2003-04,2,02_SP500,4,04_US_Economy,1.0,0.3664
31,2003-05,2,02_SP500,4,04_US_Economy,1.0,-0.3044
32,2003-06,2,02_SP500,4,04_US_Economy,1.0,-0.3244
33,2003-07,2,02_SP500,4,04_US_Economy,1.0,-0.2102
34,2003-08,2,02_SP500,4,04_US_Economy,1.0,-0.1292
35,2003-09,2,02_SP500,4,04_US_Economy,1.0,-0.0545
36,2003-10,2,02_SP500,4,04_US_Economy,1.0,0.087
37,2003-11,2,02_SP500,4,04_US_Economy,1.0,0.5781
38,2003-12,2,02_SP500,4,04_US_Economy,1.0,0.1643
39,2004-01,2,02_SP500,4,04_US_Economy,1.0,0.0967
40,2004-02,2,02_SP500,4,04_US_Economy,1.0,0.0768
41,2004-03,2,02_SP500,4,04_US_Economy,1.0,0.0642
42,2004-04,2,02_SP500,4,04_US_Economy,1.0,0.0531
43,2004-05,2,02_SP500,4,04_US_Economy,1.0,0.0415
44,2004-06,2,02_SP500,4,04_US_Economy,1.0,0.0271
45,2004-07,2,02_SP500,4,04_US_Economy,1.0,0.0058
46,2004-08,2,02_SP500,4,04_US_Economy,1.0,-0.0311
47,2004-09,2,02_SP500,4,04_US_Economy,1.0,-0.1003
48,2004-10,2,02_SP500,4,04_US_Economy,1.0,-0.1389
49,2004-11,2,02_SP500,4,04_US_Economy,1.0,0.5769
50,2004-12,2,02_SP500,4,04_US_Economy,1.0,0.5547
51,2005-01,2,02_SP500,4,04_US_Economy,1.0,0.4469
52,2005-02,2,02_SP500,4,04_US_Economy,1.0,0.3506
53,2005-03,2,02_SP500,4,04_US_Economy,1.0,0.2461
54,2005-04,2,02_SP500,4,04_US_Economy,1.0,0.1411
55,2005-05,2,02_SP500,4,04_US_Economy,1.0,0.0521
56,2005-06,2,02_SP500,4,04_US_Economy,1.0,-0.018
57,2005-07,2,02_SP500,4,04_US_Economy,1.0,-0.0894
58,2005-08,2,02_SP500,4,04_US_Economy,1.0,-0.1984
59,2005-09,2,02_SP500,4,04_US_Economy,1.0,-0.2879
60,2005-10,2,02_SP500,4,04_US_Economy,1.0,-0.2866
61,2005-11,2,02_SP500,4,04_US_Economy,1.0,-0.2549
62,2005-12,2,02_SP500,4,04_US_Economy,1.0,-0.22
63,2006-01,2,02_SP500,4,04_US_Economy,1.0,-0.1829
64,2006-02,2,02_SP500,4,04_US_Economy,1.0,-0.1423
65,2006-03,2,02_SP500,4,04_US_Economy,1.0,-0.0991
66,2006-04,2,02_SP500,4,04_US_Economy,1.0,-0.0556
67,2006-05,2,02_SP500,4,04_US_Economy,1.0,-0.0121
68,2006-06,2,02_SP500,4,04_US_Economy,1.0,0.0345
69,2006-07,2,02_SP500,4,04_US_Economy,1.0,0.0949
70,2006-08,2,02_SP500,4,04_US_Economy,1.0,0.2021
71,2006-09,2,02_SP500,4,04_US_Economy,1.0,0.4438
72,2006-10,2,02_SP500,4,04_US_Economy,1.0,0.7068
73,2006-11,2,02_SP500,4,04_US_Economy,1.0,0.4756
74,2006-12,2,02_SP500,4,04_US_Economy,1.0,0.2341
75,2007-01,2,02_SP500,4,04_US_Economy,1.0,0.1231
76,2007-02,2,02_SP500,4,04_US_Economy,1.0,0.0635
77,2007-03,2,02_SP500,4,04_US_Economy,1.0,0.0219
78,2007-04,2,02_SP500,4,04_US_Economy,1.0,-0.0121
79,2007-05,2,02_SP500,4,04_US_Economy,1.0,-0.0408
80,2007-06,2,02_SP500,4,04_US_Economy,1.0,-0.064
81,2007-07,2,02_SP500,4,04_US_Economy,1.0,-0.0813
82,2007-08,2,02_SP500,4,04_US_Economy,1.0,-0.0935
83,2007-09,2,02_SP500,4,04_US_Economy,1.0,-0.1022
84,2007-10,2,02_SP500,4,04_US_Economy,1.0,-0.1095
85,2007-11,2,02_SP500,4,04_US_Economy,1.0,-0.1172
86,2007-12,2,02_SP500,4,04_US_Economy,1.0,-0.1217
87,2008-01,2,02_SP500,4,04_US_Economy,1.0,-0.113
88,2008-02,2,02_SP500,4,04_US_Economy,1.0,-0.0917
89,2008-03,2,02_SP500,4,04_US_Economy,1.0,-0.0705
90,2008-04,2,02_SP500,4,04_US_Economy,1.0,-0.0546
91,2008-05,2,02_SP500,4,04_US_Economy,1.0,-0.0434
92,2008-06,2,02_SP500,4,04_US_Economy,1.0,-0.0351
93,2008-07,2,02_SP500,4,04_US_Economy,1.0,-0.0289
94,2008-08,2,02_SP500,4,04_US_Economy,1.0,-0.0245
95,2008-09,2,02_SP500,4,04_US_Economy,1.0,-0.0219
96,2008-10,2,02_SP500,4,04_US_Economy,1.0,-0.0214
97,2008-11,2,02_SP500,4,04_US_Economy,1.0,-0.023
98,2008-12,2,02_SP500,4,04_US_Economy,1.0,-0.027
99,2009-01,2,02_SP500,4,04_US_Economy,1.0,-0.0332
100,2009-02,2,02_SP500,4,04_US_Economy,1.0,-0.0412
101,2009-03,2,02_SP500,4,04_US_Economy,1.0,-0.0503
102,2009-04,2,02_SP500,4,04_US_Economy,1.0,-0.0594
103,2009-05,2,02_SP500,4,04_US_Economy,1.0,-0.0666
104,2009-06,2,02_SP500,4,04_US_Economy,1.0,-0.0695
105,2009-07,2,02_SP500,4,04_US_Economy,1.0,-0.0647
106,2009-08,2,02_SP500,4,04_US_Economy,1.0,-0.0493
107,2009-09,2,02_SP500,4,04_US_Economy,1.0,-0.0233
108,2009-10,2,02_SP500,4,04_US_Economy,1.0,0.0068
109,2009-11,2,02_SP500,4,04_US_Economy,1.0,0.0298
110,2009-12,2,02_SP500,4,04_US_Economy,1.0,0.0403
111,2010-01,2,02_SP500,4,04_US_Economy,1.0,0.0414
112,2010-02,2,02_SP500,4,04_US_Economy,1.0,0.0379
113,2010-03,2,02_SP500,4,04_US_Economy,1.0,0.0327
114,2010-04,2,02_SP500,4,04_US_Economy,1.0,0.027
115,2010-05,2,02_SP500,4,04_US_Economy,1.0,0.0205
116,2010-06,2,02_SP500,4,04_US_Economy,1.0,0.0121
117,2010-07,2,02_SP500,4,04_US_Economy,1.0,-0.0009
118,2010-08,2,02_SP500,4,04_US_Economy,1.0,-0.0269
119,2010-09,2,02_SP500,4,04_US_Economy,1.0,-0.098
120,2010-10,2,02_SP500,4,04_US_Economy,1.0,-0.4475
121,2010-11,2,02_SP500,4,04_US_Economy,1.0,0.0099
122,2010-12,2,02_SP500,4,04_US_Economy,1.0,0.279
123,2011-01,2,02_SP500,4,04_US_Economy,1.0,0.3067
124,2011-02,2,02_SP500,4,04_US_Economy,1.0,0.3761
125,2011-03,2,02_SP500,4,04_US_Economy,1.0,0.5372
126,2011-04,2,02_SP500,4,04_US_Economy,1.0,0.9736
127,2011-05,2,02_SP500,4,04_US_Economy,1.0,-0.8441
128,2011-06,2,02_SP500,4,04_US_Economy,1.0,-0.3877
129,2011-07,2,02_SP500,4,04_US_Economy,1.0,-0.2244
130,2011-08,2,02_SP500,4,04_US_Economy,1.0,-0.1505
131,2011-09,2,02_SP500,4,04_US_Economy,1.0,-0.1108
132,2011-10,2,02_SP500,4,04_US_Economy,1.0,-0.0869
133,2011-11,2,02_SP500,4,04_US_Economy,1.0,-0.0711
134,2011-12,2,02_SP500,4,04_US_Economy,1.0,-0.0594
135,2012-01,2,02_SP500,4,04_US_Economy,1.0,-0.0503
136,2012-02,2,02_SP500,4,04_US_Economy,1.0,-0.044
137,2012-03,2,02_SP500,4,04_US_Economy,1.0,-0.0436
138,2012-04,2,02_SP500,4,04_US_Economy,1.0,-0.0542
139,2012-05,2,02_SP500,4,04_US_Economy,1.0,-0.081
140,2012-06,2,02_SP500,4,04_US_Economy,1.0,-0.1278
141,2012-07,2,02_SP500,4,04_US_Economy,1.0,-0.2035
142,2012-08,2,02_SP500,4,04_US_Economy,1.0,-0.3434
143,2012-09,2,02_SP500,4,04_US_Economy,1.0,-0.7116
144,2012-10,2,02_SP500,4,04_US_Economy,1.0,1.3471
145,2012-11,2,02_SP500,4,04_US_Economy,1.0,0.5419
146,2012-12,2,02_SP500,4,04_US_Economy,1.0,0.3254
147,2013-01,2,02_SP500,4,04_US_Economy,1.0,0.2392
148,2013-02,2,02_SP500,4,04_US_Economy,1.0,0.205
149,2013-03,2,02_SP500,4,04_US_Economy,1.0,0.2075
150,2013-04,2,02_SP500,4,04_US_Economy,1.0,0.1969
151,2013-05,2,02_SP500,4,04_US_Economy,1.0,-0.0101
152,2013-06,2,02_SP500,4,04_US_Economy,1.0,-0.0865
153,2013-07,2,02_SP500,4,04_US_Economy,1.0,-0.084
154,2013-08,2,02_SP500,4,04_US_Economy,1.0,-0.0721
155,2013-09,2,02_SP500,4,04_US_Economy,1.0,-0.058
156,2013-10,2,02_SP500,4,04_US_Economy,1.0,-0.0422
157,2013-11,2,02_SP500,4,04_US_Economy,1.0,-0.0243
158,2013-12,2,02_SP500,4,04_US_Economy,1.0,-0.0042
159,2014-01,2,02_SP500,4,04_US_Economy,1.0,0.0189
160,2014-02,2,02_SP500,4,04_US_Economy,1.0,0.0462
161,2014-03,2,02_SP500,4,04_US_Economy,1.0,0.0794
162,2014-04,2,02_SP500,4,04_US_Economy,1.0,0.1218
163,2014-05,2,02_SP500,4,04_US_Economy,1.0,0.1779
164,2014-06,2,02_SP500,4,04_US_Economy,1.0,0.2527
165,2014-07,2,02_SP500,4,04_US_Economy,1.0,0.3149
166,2014-08,2,02_SP500,4,04_US_Economy,1.0,0.2432
167,2014-09,2,02_SP500,4,04_US_Economy,1.0,0.1376
168,2014-10,2,02_SP500,4,04_US_Economy,1.0,0.0839
169,2014-11,2,02_SP500,4,04_US_Economy,1.0,0.0576
170,2014-12,2,02_SP500,4,04_US_Economy,1.0,0.0428
171,2015-01,2,02_SP500,4,04_US_Economy,1.0,0.0337
172,2015-02,2,02_SP500,4,04_US_Economy,1.0,0.0281
173,2015-03,2,02_SP500,4,04_US_Economy,1.0,0.0251
174,2015-04,2,02_SP500,4,04_US_Economy,1.0,0.0235
175,2015-05,2,02_SP500,4,04_US_Economy,1.0,0.0214
176,2015-06,2,02_SP500,4,04_US_Economy,1.0,0.0179
177,2015-07,2,02_SP500,4,04_US_Economy,1.0,0.0133
178,2015-08,2,02_SP500,4,04_US_Economy,1.0,0.0088
179,2015-09,2,02_SP500,4,04_US_Economy,1.0,0.0052
180,2015-10,2,02_SP500,4,04_US_Economy,1.0,0.0024
181,2015-11,2,02_SP500,4,04_US_Economy,1.0,0.0006
182,2015-12,2,02_SP500,4,04_US_Economy,1.0,-0.0004
183,2016-01,2,02_SP500,4,04_US_Economy,1.0,-0.0005
184,2016-02,2,02_SP500,4,04_US_Economy,1.0,-0.0001
185,2016-03,2,02_SP500,4,04_US_Economy,1.0,-0.0004
186,2016-04,2,02_SP500,4,04_US_Economy,1.0,-0.003
187,2016-05,2,02_SP500,4,04_US_Economy,1.0,-0.0098
188,2016-06,2,02_SP500,4,04_US_Economy,1.0,-0.021
189,2016-07,2,02_SP500,4,04_US_Economy,1.0,-0.0357
190,2016-08,2,02_SP500,4,04_US_Economy,1.0,-0.0521
191,2016-09,2,02_SP500,4,04_US_Economy,1.0,-0.0692
192,2016-10,2,02_SP500,4,04_US_Economy,1.0,-0.087
193,2016-11,2,02_SP500,4,04_US_Economy,1.0,-0.1065
194,2016-12,2,02_SP500,4,04_US_Economy,1.0,-0.1296
195,2017-01,2,02_SP500,4,04_US_Economy,1.0,-0.1569
196,2017-02,2,02_SP500,4,04_US_Economy,1.0,-0.1667
197,2017-03,2,02_SP500,4,04_US_Economy,1.0,-0.0902
198,2017-04,2,02_SP500,4,04_US_Economy,1.0,-0.0208
199,2017-05,2,02_SP500,4,04_US_Economy,1.0,-0.0102
200,2017-06,2,02_SP500,4,04_US_Economy,1.0,-0.013
201,2017-07,2,02_SP500,4,04_US_Economy,1.0,-0.0142
202,2017-08,2,02_SP500,4,04_US_Economy,1.0,-0.0081
203,2017-09,2,02_SP500,4,04_US_Economy,1.0,0.0064
204,2017-10,2,02_SP500,4,04_US_Economy,1.0,0.0169
205,2017-11,2,02_SP500,4,04_US_Economy,1.0,0.0187
206,2017-12,2,02_SP500,4,04_US_Economy,1.0,0.0164
207,2018-01,2,02_SP500,4,04_US_Economy,1.0,0.0122
208,2018-02,2,02_SP500,4,04_US_Economy,1.0,0.0066
209,2018-03,2,02_SP500,4,04_US_Economy,1.0,-0.0004
210,2018-04,2,02_SP500,4,04_US_Economy,1.0,-0.0094
211,2018-05,2,02_SP500,4,04_US_Economy,1.0,-0.0214
212,2018-06,2,02_SP500,4,04_US_Economy,1.0,-0.0376
213,2018-07,2,02_SP500,4,04_US_Economy,1.0,-0.0605
214,2018-08,2,02_SP500,4,04_US_Economy,1.0,-0.0953
215,2018-09,2,02_SP500,4,04_US_Economy,1.0,-0.1565
216,2018-10,2,02_SP500,4,04_US_Economy,1.0,-0.3033
217,2018-11,2,02_SP500,4,04_US_Economy,1.0,-1.2481
218,2018-12,2,02_SP500,4,04_US_Economy,1.0,0.4633
219,2019-01,2,02_SP500,4,04_US_Economy,1.0,0.1752
220,2019-02,2,02_SP500,4,04_US_Economy,1.0,0.0818
221,2019-03,2,02_SP500,4,04_US_Economy,1.0,0.0348
222,2019-04,2,02_SP500,4,04_US_Economy,1.0,0.009
223,2019-05,2,02_SP500,4,04_US_Economy,1.0,-0.0047
224,2019-06,2,02_SP500,4,04_US_Economy,1.0,-0.0118
225,2019-07,2,02_SP500,4,04_US_Economy,1.0,-0.0161
226,2019-08,2,02_SP500,4,04_US_Economy,1.0,-0.0201
227,2019-09,2,02_SP500,4,04_US_Economy,1.0,-0.0269
228,2019-10,2,02_SP500,4,04_US_Economy,1.0,-0.1267
229,2019-11,2,02_SP500,4,04_US_Economy,1.0,-0.0144
230,2019-12,2,02_SP500,4,04_US_Economy,1.0,-0.0194
231,2020-01,2,02_SP500,4,04_US_Economy,1.0,-0.0228
232,2020-02,2,02_SP500,4,04_US_Economy,1.0,-0.0254
233,2020-03,2,02_SP500,4,04_US_Economy,1.0,-0.0272
234,2020-04,2,02_SP500,4,04_US_Economy,1.0,-0.0277
235,2020-05,2,02_SP500,4,04_US_Economy,1.0,-0.0262
236,2020-06,2,02_SP500,4,04_US_Economy,1.0,-0.0219
237,2020-07,2,02_SP500,4,04_US_Economy,1.0,-0.0154
238,2020-08,2,02_SP500,4,04_US_Economy,1.0,-0.0095
239,2020-09,2,02_SP500,4,04_US_Economy,1.0,-0.0072
240,2020-10,2,02_SP500,4,04_US_Economy,1.0,-0.0085
241,2020-11,2,02_SP500,4,04_US_Economy,1.0,-0.0115
242,2020-12,2,02_SP500,4,04_US_Economy,1.0,-0.0143
243,2021-01,2,02_SP500,4,04_US_Economy,1.0,-0.0157
244,2021-02,2,02_SP500,4,04_US_Economy,1.0,-0.015
245,2021-03,2,02_SP500,4,04_US_Economy,1.0,-0.0119
246,2021-04,2,02_SP500,4,04_US_Economy,1.0,-0.0062
247,2021-05,2,02_SP500,4,04_US_Economy,1.0,0.002
248,2021-06,2,02_SP500,4,04_US_Economy,1.0,0.0116
249,2021-07,2,02_SP500,4,04_US_Economy,1.0,0.0209
250,2021-08,2,02_SP500,4,04_US_Economy,1.0,0.0274
251,2021-09,2,02_SP500,4,04_US_Economy,1.0,0.0303
252,2021-10,2,02_SP500,4,04_US_Economy,1.0,0.0297
253,2021-11,2,02_SP500,4,04_US_Economy,1.0,0.0265
254,2021-12,2,02_SP500,4,04_US_Economy,1.0,0.0218
255,2022-01,2,02_SP500,4,04_US_Economy,1.0,0.0169
256,2022-02,2,02_SP500,4,04_US_Economy,1.0,0.0133
257,2022-03,2,02_SP500,4,04_US_Economy,1.0,0.0118
258,2022-04,2,02_SP500,4,04_US_Economy,1.0,0.0124
259,2022-05,2,02_SP500,4,04_US_Economy,1.0,0.0142
260,2022-06,2,02_SP500,4,04_US_Economy,1.0,0.0161
261,2022-07,2,02_SP500,4,04_US_Economy,1.0,0.0178
262,2022-08,2,02_SP500,4,04_US_Economy,1.0,0.019
263,2022-09,2,02_SP500,4,04_US_Economy,1.0,0.0196
264,2022-10,2,02_SP500,4,04_US_Economy,1.0,0.0196
265,2022-11,2,02_SP500,4,04_US_Economy,1.0,0.0187
266,2022-12,2,02_SP500,4,04_US_Economy,1.0,0.0165
267,2023-01,2,02_SP500,4,04_US_Economy,1.0,0.0125
268,2023-02,2,02_SP500,4,04_US_Economy,1.0,0.0064
12,2001-10,2,02_SP500,5,05_US_Inflation,1.0,-2.962
13,2001-11,2,02_SP500,5,05_US_Inflation,1.0,-2.9886
14,2001-12,2,02_SP500,5,05_US_Inflation,1.0,-2.9033
15,2002-01,2,02_SP500,5,05_US_Inflation,1.0,-2.7111
16,2002-02,2,02_SP500,5,05_US_Inflation,1.0,-2.4141
17,2002-03,2,02_SP500,5,05_US_Inflation,1.0,-2.0602
18,2002-04,2,02_SP500,5,05_US_Inflation,1.0,-1.7392
19,2002-05,2,02_SP500,5,05_US_Inflation,1.0,-1.5121
20,2002-06,2,02_SP500,5,05_US_Inflation,1.0,-1.4011
21,2002-07,2,02_SP500,5,05_US_Inflation,1.0,-1.388
22,2002-08,2,02_SP500,5,05_US_Inflation,1.0,-1.4019
23,2002-09,2,02_SP500,5,05_US_Inflation,1.0,-1.2725
24,2002-10,2,02_SP500,5,05_US_Inflation,1.0,0.3579
25,2002-11,2,02_SP500,5,05_US_Inflation,1.0,1.0017
26,2002-12,2,02_SP500,5,05_US_Inflation,1.0,1.0563
27,2003-01,2,02_SP500,5,05_US_Inflation,1.0,1.0564
28,2003-02,2,02_SP500,5,05_US_Inflation,1.0,1.071
29,2003-03,2,02_SP500,5,05_US_Inflation,1.0,1.1633
30,2003-04,2,02_SP500,5,05_US_Inflation,1.0,1.5034
31,2003-05,2,02_SP500,5,05_US_Inflation,1.0,2.2602
32,2003-06,2,02_SP500,5,05_US_Inflation,1.0,2.7214
33,2003-07,2,02_SP500,5,05_US_Inflation,1.0,2.8384
34,2003-08,2,02_SP500,5,05_US_Inflation,1.0,-0.7533
35,2003-09,2,02_SP500,5,05_US_Inflation,1.0,-0.4544
36,2003-10,2,02_SP500,5,05_US_Inflation,1.0,-0.3369
37,2003-11,2,02_SP500,5,05_US_Inflation,1.0,0.9398
38,2003-12,2,02_SP500,5,05_US_Inflation,1.0,1.3606
39,2004-01,2,02_SP500,5,05_US_Inflation,1.0,1.2093
40,2004-02,2,02_SP500,5,05_US_Inflation,1.0,0.9361
41,2004-03,2,02_SP500,5,05_US_Inflation,1.0,0.6006
42,2004-04,2,02_SP500,5,05_US_Inflation,1.0,0.2419
43,2004-05,2,02_SP500,5,05_US_Inflation,1.0,-0.0984
44,2004-06,2,02_SP500,5,05_US_Inflation,1.0,-0.4018
45,2004-07,2,02_SP500,5,05_US_Inflation,1.0,-0.6698
46,2004-08,2,02_SP500,5,05_US_Inflation,1.0,-0.9008
47,2004-09,2,02_SP500,5,05_US_Inflation,1.0,-1.0606
48,2004-10,2,02_SP500,5,05_US_Inflation,1.0,-0.9207
49,2004-11,2,02_SP500,5,05_US_Inflation,1.0,0.3397
50,2004-12,2,02_SP500,5,05_US_Inflation,1.0,0.5361
51,2005-01,2,02_SP500,5,05_US_Inflation,1.0,0.3179
52,2005-02,2,02_SP500,5,05_US_Inflation,1.0,0.0004
53,2005-03,2,02_SP500,5,05_US_Inflation,1.0,-0.3496
54,2005-04,2,02_SP500,5,05_US_Inflation,1.0,-0.6959
55,2005-05,2,02_SP500,5,05_US_Inflation,1.0,-1.102
56,2005-06,2,02_SP500,5,05_US_Inflation,1.0,3.0391
57,2005-07,2,02_SP500,5,05_US_Inflation,1.0,2.5694
58,2005-08,2,02_SP500,5,05_US_Inflation,1.0,2.7669
59,2005-09,2,02_SP500,5,05_US_Inflation,1.0,-3.1407
60,2005-10,2,02_SP500,5,05_US_Inflation,1.0,-2.8313
61,2005-11,2,02_SP500,5,05_US_Inflation,1.0,-2.6387
62,2005-12,2,02_SP500,5,05_US_Inflation,1.0,-2.5074
63,2006-01,2,02_SP500,5,05_US_Inflation,1.0,-2.3923
64,2006-02,2,02_SP500,5,05_US_Inflation,1.0,-2.2618
65,2006-03,2,02_SP500,5,05_US_Inflation,1.0,-2.0815
66,2006-04,2,02_SP500,5,05_US_Inflation,1.0,-1.8009
67,2006-05,2,02_SP500,5,05_US_Inflation,1.0,-1.3985
68,2006-06,2,02_SP500,5,05_US_Inflation,1.0,-1.002
69,2006-07,2,02_SP500,5,05_US_Inflation,1.0,-0.7248
70,2006-08,2,02_SP500,5,05_US_Inflation,1.0,-0.4829
71,2006-09,2,02_SP500,5,05_US_Inflation,1.0,-0.0603
72,2006-10,2,02_SP500,5,05_US_Inflation,1.0,0.6273
73,2006-11,2,02_SP500,5,05_US_Inflation,1.0,1.0566
74,2006-12,2,02_SP500,5,05_US_Inflation,1.0,1.2173
75,2007-01,2,02_SP500,5,05_US_Inflation,1.0,1.2895
76,2007-02,2,02_SP500,5,05_US_Inflation,1.0,1.353
77,2007-03,2,02_SP500,5,05_US_Inflation,1.0,1.45
78,2007-04,2,02_SP500,5,05_US_Inflation,1.0,1.6274
79,2007-05,2,02_SP500,5,05_US_Inflation,1.0,2.0108
80,2007-06,2,02_SP500,5,05_US_Inflation,1.0,2.8168
81,2007-07,2,02_SP500,5,05_US_Inflation,1.0,-2.8254
82,2007-08,2,02_SP500,5,05_US_Inflation,1.0,-2.6415
83,2007-09,2,02_SP500,5,05_US_Inflation,1.0,-2.6748
84,2007-10,2,02_SP500,5,05_US_Inflation,1.0,-2.8106
85,2007-11,2,02_SP500,5,05_US_Inflation,1.0,-2.9899
86,2007-12,2,02_SP500,5,05_US_Inflation,1.0,3.0928
87,2008-01,2,02_SP500,5,05_US_Inflation,1.0,2.9034
88,2008-02,2,02_SP500,5,05_US_Inflation,1.0,2.7928
89,2008-03,2,02_SP500,5,05_US_Inflation,1.0,2.7914
90,2008-04,2,02_SP500,5,05_US_Inflation,1.0,2.8847
91,2008-05,2,02_SP500,5,05_US_Inflation,1.0,3.0505
92,2008-06,2,02_SP500,5,05_US_Inflation,1.0,-3.0176
93,2008-07,2,02_SP500,5,05_US_Inflation,1.0,-2.7875
94,2008-08,2,02_SP500,5,05_US_Inflation,1.0,-2.5833
95,2008-09,2,02_SP500,5,05_US_Inflation,1.0,-2.4324
96,2008-10,2,02_SP500,5,05_US_Inflation,1.0,-2.3407
97,2008-11,2,02_SP500,5,05_US_Inflation,1.0,-2.301
98,2008-12,2,02_SP500,5,05_US_Inflation,1.0,-2.3038
99,2009-01,2,02_SP500,5,05_US_Inflation,1.0,-2.3406
100,2009-02,2,02_SP500,5,05_US_Inflation,1.0,-2.4061
101,2009-03,2,02_SP500,5,05_US_Inflation,1.0,-2.4974
102,2009-04,2,02_SP500,5,05_US_Inflation,1.0,-2.6125
103,2009-05,2,02_SP500,5,05_US_Inflation,1.0,-2.7491
104,2009-06,2,02_SP500,5,05_US_Inflation,1.0,-2.9038
105,2009-07,2,02_SP500,5,05_US_Inflation,1.0,-3.0741
106,2009-08,2,02_SP500,5,05_US_Inflation,1.0,3.0207
107,2009-09,2,02_SP500,5,05_US_Inflation,1.0,2.8056
108,2009-10,2,02_SP500,5,05_US_Inflation,1.0,2.5508
109,2009-11,2,02_SP500,5,05_US_Inflation,1.0,2.2252
110,2009-12,2,02_SP500,5,05_US_Inflation,1.0,1.6979
111,2010-01,2,02_SP500,5,05_US_Inflation,1.0,0.7622
112,2010-02,2,02_SP500,5,05_US_Inflation,1.0,0.0605
113,2010-03,2,02_SP500,5,05_US_Inflation,1.0,-0.2384
114,2010-04,2,02_SP500,5,05_US_Inflation,1.0,-0.3811
115,2010-05,2,02_SP500,5,05_US_Inflation,1.0,-0.4598
116,2010-06,2,02_SP500,5,05_US_Inflation,1.0,-0.5111
117,2010-07,2,02_SP500,5,05_US_Inflation,1.0,-0.5548
118,2010-08,2,02_SP500,5,05_US_Inflation,1.0,-0.6183
119,2010-09,2,02_SP500,5,05_US_Inflation,1.0,-0.7801
120,2010-10,2,02_SP500,5,05_US_Inflation,1.0,-1.4124
121,2010-11,2,02_SP500,5,05_US_Inflation,1.0,3.0489
122,2010-12,2,02_SP500,5,05_US_Inflation,1.0,2.3449
123,2011-01,2,02_SP500,5,05_US_Inflation,1.0,1.9199
124,2011-02,2,02_SP500,5,05_US_Inflation,1.0,1.6035
125,2011-03,2,02_SP500,5,05_US_Inflation,1.0,1.3495
126,2011-04,2,02_SP500,5,05_US_Inflation,1.0,1.0761
127,2011-05,2,02_SP500,5,05_US_Inflation,1.0,-2.0138
128,2011-06,2,02_SP500,5,05_US_Inflation,1.0,-2.2276
129,2011-07,2,02_SP500,5,05_US_Inflation,1.0,-2.3725
130,2011-08,2,02_SP500,5,05_US_Inflation,1.0,-2.4924
131,2011-09,2,02_SP500,5,05_US_Inflation,1.0,-2.5862
132,2011-10,2,02_SP500,5,05_US_Inflation,1.0,-2.6412
133,2011-11,2,02_SP500,5,05_US_Inflation,1.0,-2.6325
134,2011-12,2,02_SP500,5,05_US_Inflation,1.0,-2.5285
135,2012-01,2,02_SP500,5,05_US_Inflation,1.0,-2.3587
136,2012-02,2,02_SP500,5,05_US_Inflation,1.0,-2.2554
137,2012-03,2,02_SP500,5,05_US_Inflation,1.0,-2.2714
138,2012-04,2,02_SP500,5,05_US_Inflation,1.0,-2.3491
139,2012-05,2,02_SP500,5,05_US_Inflation,1.0,-2.448
140,2012-06,2,02_SP500,5,05_US_Inflation,1.0,-2.5765
141,2012-07,2,02_SP500,5,05_US_Inflation,1.0,-2.7645
142,2012-08,2,02_SP500,5,05_US_Inflation,1.0,-3.0376
143,2012-09,2,02_SP500,5,05_US_Inflation,1.0,2.8901
144,2012-10,2,02_SP500,5,05_US_Inflation,1.0,-0.5564
145,2012-11,2,02_SP500,5,05_US_Inflation,1.0,-0.9524
146,2012-12,2,02_SP500,5,05_US_Inflation,1.0,-1.2416
147,2013-01,2,02_SP500,5,05_US_Inflation,1.0,-1.4988
148,2013-02,2,02_SP500,5,05_US_Inflation,1.0,-1.763
149,2013-03,2,02_SP500,5,05_US_Inflation,1.0,-2.1043
150,2013-04,2,02_SP500,5,05_US_Inflation,1.0,-2.738
151,2013-05,2,02_SP500,5,05_US_Inflation,1.0,2.4767
152,2013-06,2,02_SP500,5,05_US_Inflation,1.0,1.8534
153,2013-07,2,02_SP500,5,05_US_Inflation,1.0,1.5681
154,2013-08,2,02_SP500,5,05_US_Inflation,1.0,1.3912
155,2013-09,2,02_SP500,5,05_US_Inflation,1.0,1.2092
156,2013-10,2,02_SP500,5,05_US_Inflation,1.0,-1.8805
157,2013-11,2,02_SP500,5,05_US_Inflation,1.0,-2.0145
158,2013-12,2,02_SP500,5,05_US_Inflation,1.0,-2.1202
159,2014-01,2,02_SP500,5,05_US_Inflation,1.0,-2.2289
160,2014-02,2,02_SP500,5,05_US_Inflation,1.0,-2.3476
161,2014-03,2,02_SP500,5,05_US_Inflation,1.0,-2.477
162,2014-04,2,02_SP500,5,05_US_Inflation,1.0,-2.602
163,2014-05,2,02_SP500,5,05_US_Inflation,1.0,-2.6239
164,2014-06,2,02_SP500,5,05_US_Inflation,1.0,-1.6614
165,2014-07,2,02_SP500,5,05_US_Inflation,1.0,-0.2493
166,2014-08,2,02_SP500,5,05_US_Inflation,1.0,0.1224
167,2014-09,2,02_SP500,5,05_US_Inflation,1.0,0.2224
168,2014-10,2,02_SP500,5,05_US_Inflation,1.0,0.1833
169,2014-11,2,02_SP500,5,05_US_Inflation,1.0,0.0988
170,2014-12,2,02_SP500,5,05_US_Inflation,1.0,0.0043
171,2015-01,2,02_SP500,5,05_US_Inflation,1.0,-0.0883
172,2015-02,2,02_SP500,5,05_US_Inflation,1.0,-0.1738
173,2015-03,2,02_SP500,5,05_US_Inflation,1.0,-0.2463
174,2015-04,2,02_SP500,5,05_US_Inflation,1.0,-0.2982
175,2015-05,2,02_SP500,5,05_US_Inflation,1.0,-0.3243
176,2015-06,2,02_SP500,5,05_US_Inflation,1.0,-0.3295
177,2015-07,2,02_SP500,5,05_US_Inflation,1.0,-0.3303
178,2015-08,2,02_SP500,5,05_US_Inflation,1.0,-0.3492
179,2015-09,2,02_SP500,5,05_US_Inflation,1.0,-0.403
180,2015-10,2,02_SP500,5,05_US_Inflation,1.0,-0.4912
181,2015-11,2,02_SP500,5,05_US_Inflation,1.0,-0.596
182,2015-12,2,02_SP500,5,05_US_Inflation,1.0,-0.6966
183,2016-01,2,02_SP500,5,05_US_Inflation,1.0,-0.7842
184,2016-02,2,02_SP500,5,05_US_Inflation,1.0,-0.8666
185,2016-03,2,02_SP500,5,05_US_Inflation,1.0,-0.9723
186,2016-04,2,02_SP500,5,05_US_Inflation,1.0,-1.1719
187,2016-05,2,02_SP500,5,05_US_Inflation,1.0,-1.6137
188,2016-06,2,02_SP500,5,05_US_Inflation,1.0,-2.253
189,2016-07,2,02_SP500,5,05_US_Inflation,1.0,-2.6501
190,2016-08,2,02_SP500,5,05_US_Inflation,1.0,-2.8143
191,2016-09,2,02_SP500,5,05_US_Inflation,1.0,-2.8775
192,2016-10,2,02_SP500,5,05_US_Inflation,1.0,-2.9017
193,2016-11,2,02_SP500,5,05_US_Inflation,1.0,-2.9202
194,2016-12,2,02_SP500,5,05_US_Inflation,1.0,-2.9651
195,2017-01,2,02_SP500,5,05_US_Inflation,1.0,-3.0857
196,2017-02,2,02_SP500,5,05_US_Inflation,1.0,2.9167
197,2017-03,2,02_SP500,5,05_US_Inflation,1.0,2.4777
198,2017-04,2,02_SP500,5,05_US_Inflation,1.0,2.1609
199,2017-05,2,02_SP500,5,05_US_Inflation,1.0,2.0391
200,2017-06,2,02_SP500,5,05_US_Inflation,1.0,1.9733
201,2017-07,2,02_SP500,5,05_US_Inflation,1.0,1.8404
202,2017-08,2,02_SP500,5,05_US_Inflation,1.0,1.5546
203,2017-09,2,02_SP500,5,05_US_Inflation,1.0,1.1326
204,2017-10,2,02_SP500,5,05_US_Inflation,1.0,0.7281
205,2017-11,2,02_SP500,5,05_US_Inflation,1.0,0.4231
206,2017-12,2,02_SP500,5,05_US_Inflation,1.0,0.1934
207,2018-01,2,02_SP500,5,05_US_Inflation,1.0,0.0054
208,2018-02,2,02_SP500,5,05_US_Inflation,1.0,-0.1641
209,2018-03,2,02_SP500,5,05_US_Inflation,1.0,-0.3313
210,2018-04,2,02_SP500,5,05_US_Inflation,1.0,-0.5038
211,2018-05,2,02_SP500,5,05_US_Inflation,1.0,-0.6845
212,2018-06,2,02_SP500,5,05_US_Inflation,1.0,-0.8714
213,2018-07,2,02_SP500,5,05_US_Inflation,1.0,-1.0592
214,2018-08,2,02_SP500,5,05_US_Inflation,1.0,-1.2454
215,2018-09,2,02_SP500,5,05_US_Inflation,1.0,-1.4376
216,2018-10,2,02_SP500,5,05_US_Inflation,1.0,-1.6757
217,2018-11,2,02_SP500,5,05_US_Inflation,1.0,-2.3541
218,2018-12,2,02_SP500,5,05_US_Inflation,1.0,-0.7057
219,2019-01,2,02_SP500,5,05_US_Inflation,1.0,-1.2501
220,2019-02,2,02_SP500,5,05_US_Inflation,1.0,-1.3574
221,2019-03,2,02_SP500,5,05_US_Inflation,1.0,-1.3735
222,2019-04,2,02_SP500,5,05_US_Inflation,1.0,-1.3537
223,2019-05,2,02_SP500,5,05_US_Inflation,1.0,-1.3198
224,2019-06,2,02_SP500,5,05_US_Inflation,1.0,-1.282
225,2019-07,2,02_SP500,5,05_US_Inflation,1.0,-1.2406
226,2019-08,2,02_SP500,5,05_US_Inflation,1.0,-1.1785
227,2019-09,2,02_SP500,5,05_US_Inflation,1.0,-1.0381
228,2019-10,2,02_SP500,5,05_US_Inflation,1.0,-0.7841
229,2019-11,2,02_SP500,5,05_US_Inflation,1.0,-2.8186
230,2019-12,2,02_SP500,5,05_US_Inflation,1.0,-2.4396
231,2020-01,2,02_SP500,5,05_US_Inflation,1.0,-2.3547
232,2020-02,2,02_SP500,5,05_US_Inflation,1.0,-2.382
233,2020-03,2,02_SP500,5,05_US_Inflation,1.0,-2.4665
234,2020-04,2,02_SP500,5,05_US_Inflation,1.0,-2.5951
235,2020-05,2,02_SP500,5,05_US_Inflation,1.0,-2.7693
236,2020-06,2,02_SP500,5,05_US_Inflation,1.0,-2.9974
237,2020-07,2,02_SP500,5,05_US_Inflation,1.0,2.997
238,2020-08,2,02_SP500,5,05_US_Inflation,1.0,2.6443
239,2020-09,2,02_SP500,5,05_US_Inflation,1.0,2.1917
240,2020-10,2,02_SP500,5,05_US_Inflation,1.0,1.4213
241,2020-11,2,02_SP500,5,05_US_Inflation,1.0,0.3018
242,2020-12,2,02_SP500,5,05_US_Inflation,1.0,-0.2546
243,2021-01,2,02_SP500,5,05_US_Inflation,1.0,-0.4582
244,2021-02,2,02_SP500,5,05_US_Inflation,1.0,-0.4624
245,2021-03,2,02_SP500,5,05_US_Inflation,1.0,-0.0766
246,2021-04,2,02_SP500,5,05_US_Inflation,1.0,1.0485
247,2021-05,2,02_SP500,5,05_US_Inflation,1.0,1.4586
248,2021-06,2,02_SP500,5,05_US_Inflation,1.0,1.5057
249,2021-07,2,02_SP500,5,05_US_Inflation,1.0,1.4536
250,2021-08,2,02_SP500,5,05_US_Inflation,1.0,1.3601
251,2021-09,2,02_SP500,5,05_US_Inflation,1.0,1.2473
252,2021-10,2,02_SP500,5,05_US_Inflation,1.0,1.1386
253,2021-11,2,02_SP500,5,05_US_Inflation,1.0,1.0615
254,2021-12,2,02_SP500,5,05_US_Inflation,1.0,1.0417
255,2022-01,2,02_SP500,5,05_US_Inflation,1.0,1.0898
256,2022-02,2,02_SP500,5,05_US_Inflation,1.0,1.1966
257,2022-03,2,02_SP500,5,05_US_Inflation,1.0,1.3331
258,2022-04,2,02_SP500,5,05_US_Inflation,1.0,1.4614
259,2022-05,2,02_SP500,5,05_US_Inflation,1.0,1.5545
260,2022-06,2,02_SP500,5,05_US_Inflation,1.0,1.6055
261,2022-07,2,02_SP500,5,05_US_Inflation,1.0,1.6209
262,2022-08,2,02_SP500,5,05_US_Inflation,1.0,1.6113
263,2022-09,2,02_SP500,5,05_US_Inflation,1.0,1.5865
264,2022-10,2,02_SP500,5,05_US_Inflation,1.0,1.5536
265,2022-11,2,02_SP500,5,05_US_Inflation,1.0,1.5182
266,2022-12,2,02_SP500,5,05_US_Inflation,1.0,1.4877
267,2023-01,2,02_SP500,5,05_US_Inflation,1.0,1.4769
268,2023-02,2,02_SP500,5,05_US_Inflation,1.0,1.5181
12,2001-10,2,02_SP500,6,06_US_Production,1.0,-2.4946
13,2001-11,2,02_SP500,6,06_US_Production,1.0,-2.7195
14,2001-12,2,02_SP500,6,06_US_Production,1.0,-2.8526
15,2002-01,2,02_SP500,6,06_US_Production,1.0,-2.9498
16,2002-02,2,02_SP500,6,06_US_Production,1.0,-3.0526
17,2002-03,2,02_SP500,6,06_US_Production,1.0,3.069
18,2002-04,2,02_SP500,6,06_US_Production,1.0,2.7508
19,2002-05,2,02_SP500,6,06_US_Production,1.0,2.2442
20,2002-06,2,02_SP500,6,06_US_Production,1.0,1.8109
21,2002-07,2,02_SP500,6,06_US_Production,1.0,1.5536
22,2002-08,2,02_SP500,6,06_US_Production,1.0,1.4117
23,2002-09,2,02_SP500,6,06_US_Production,1.0,1.3536
24,2002-10,2,02_SP500,6,06_US_Production,1.0,1.353
25,2002-11,2,02_SP500,6,06_US_Production,1.0,1.3807
26,2002-12,2,02_SP500,6,06_US_Production,1.0,1.417
27,2003-01,2,02_SP500,6,06_US_Production,1.0,1.4577
28,2003-02,2,02_SP500,6,06_US_Production,1.0,1.5169
29,2003-03,2,02_SP500,6,06_US_Production,1.0,1.6444
30,2003-04,2,02_SP500,6,06_US_Production,1.0,2.0052
31,2003-05,2,02_SP500,6,06_US_Production,1.0,2.7616
32,2003-06,2,02_SP500,6,06_US_Production,1.0,-3.0882
33,2003-07,2,02_SP500,6,06_US_Production,1.0,-3.0321
34,2003-08,2,02_SP500,6,06_US_Production,1.0,-3.1034
35,2003-09,2,02_SP500,6,06_US_Production,1.0,3.1268
36,2003-10,2,02_SP500,6,06_US_Production,1.0,-2.9579
37,2003-11,2,02_SP500,6,06_US_Production,1.0,-1.4655
38,2003-12,2,02_SP500,6,06_US_Production,1.0,-0.6662
39,2004-01,2,02_SP500,6,06_US_Production,1.0,-0.2515
40,2004-02,2,02_SP500,6,06_US_Production,1.0,0.1844
41,2004-03,2,02_SP500,6,06_US_Production,1.0,0.5802
42,2004-04,2,02_SP500,6,06_US_Production,1.0,0.8951
43,2004-05,2,02_SP500,6,06_US_Production,1.0,1.1518
44,2004-06,2,02_SP500,6,06_US_Production,1.0,1.379
45,2004-07,2,02_SP500,6,06_US_Production,1.0,1.5995
46,2004-08,2,02_SP500,6,06_US_Production,1.0,1.8413
47,2004-09,2,02_SP500,6,06_US_Production,1.0,2.1746
48,2004-10,2,02_SP500,6,06_US_Production,1.0,2.9687
49,2004-11,2,02_SP500,6,06_US_Production,1.0,-0.0623
50,2004-12,2,02_SP500,6,06_US_Production,1.0,1.2009
51,2005-01,2,02_SP500,6,06_US_Production,1.0,1.3952
52,2005-02,2,02_SP500,6,06_US_Production,1.0,1.3116
53,2005-03,2,02_SP500,6,06_US_Production,1.0,1.0042
54,2005-04,2,02_SP500,6,06_US_Production,1.0,0.4017
55,2005-05,2,02_SP500,6,06_US_Production,1.0,-0.3026
56,2005-06,2,02_SP500,6,06_US_Production,1.0,-0.6508
57,2005-07,2,02_SP500,6,06_US_Production,1.0,-0.659
58,2005-08,2,02_SP500,6,06_US_Production,1.0,-0.3969
59,2005-09,2,02_SP500,6,06_US_Production,1.0,0.0077
60,2005-10,2,02_SP500,6,06_US_Production,1.0,0.3295
61,2005-11,2,02_SP500,6,06_US_Production,1.0,0.5183
62,2005-12,2,02_SP500,6,06_US_Production,1.0,0.6242
63,2006-01,2,02_SP500,6,06_US_Production,1.0,0.6804
64,2006-02,2,02_SP500,6,06_US_Production,1.0,0.6946
65,2006-03,2,02_SP500,6,06_US_Production,1.0,0.651
66,2006-04,2,02_SP500,6,06_US_Production,1.0,0.502
67,2006-05,2,02_SP500,6,06_US_Production,1.0,0.1627
68,2006-06,2,02_SP500,6,06_US_Production,1.0,-0.3307
69,2006-07,2,02_SP500,6,06_US_Production,1.0,-0.6544
70,2006-08,2,02_SP500,6,06_US_Production,1.0,-0.6801
71,2006-09,2,02_SP500,6,06_US_Production,1.0,-0.3454
72,2006-10,2,02_SP500,6,06_US_Production,1.0,0.3374
73,2006-11,2,02_SP500,6,06_US_Production,1.0,0.7991
74,2006-12,2,02_SP500,6,06_US_Production,1.0,1.0043
75,2007-01,2,02_SP500,6,06_US_Production,1.0,1.1123
76,2007-02,2,02_SP500,6,06_US_Production,1.0,1.1808
77,2007-03,2,02_SP500,6,06_US_Production,1.0,1.2186
78,2007-04,2,02_SP500,6,06_US_Production,1.0,1.2137
79,2007-05,2,02_SP500,6,06_US_Production,1.0,1.1615
80,2007-06,2,02_SP500,6,06_US_Production,1.0,1.0996
81,2007-07,2,02_SP500,6,06_US_Production,1.0,1.0883
82,2007-08,2,02_SP500,6,06_US_Production,1.0,1.1434
83,2007-09,2,02_SP500,6,06_US_Production,1.0,1.2371
84,2007-10,2,02_SP500,6,06_US_Production,1.0,1.3309
85,2007-11,2,02_SP500,6,06_US_Production,1.0,1.3952
86,2007-12,2,02_SP500,6,06_US_Production,1.0,1.4308
87,2008-01,2,02_SP500,6,06_US_Production,1.0,1.4996
88,2008-02,2,02_SP500,6,06_US_Production,1.0,1.6382
89,2008-03,2,02_SP500,6,06_US_Production,1.0,1.7792
90,2008-04,2,02_SP500,6,06_US_Production,1.0,1.8789
91,2008-05,2,02_SP500,6,06_US_Production,1.0,1.9464
92,2008-06,2,02_SP500,6,06_US_Production,1.0,1.9951
93,2008-07,2,02_SP500,6,06_US_Production,1.0,2.032
94,2008-08,2,02_SP500,6,06_US_Production,1.0,2.0607
95,2008-09,2,02_SP500,6,06_US_Production,1.0,2.0837
96,2008-10,2,02_SP500,6,06_US_Production,1.0,2.1028
97,2008-11,2,02_SP500,6,06_US_Production,1.0,2.1186
98,2008-12,2,02_SP500,6,06_US_Production,1.0,2.1313
99,2009-01,2,02_SP500,6,06_US_Production,1.0,2.1393
100,2009-02,2,02_SP500,6,06_US_Production,1.0,2.1379
101,2009-03,2,02_SP500,6,06_US_Production,1.0,2.1163
102,2009-04,2,02_SP500,6,06_US_Production,1.0,2.0522
103,2009-05,2,02_SP500,6,06_US_Production,1.0,1.8986
104,2009-06,2,02_SP500,6,06_US_Production,1.0,1.5575
105,2009-07,2,02_SP500,6,06_US_Production,1.0,0.941
106,2009-08,2,02_SP500,6,06_US_Production,1.0,0.2969
107,2009-09,2,02_SP500,6,06_US_Production,1.0,-0.1982
108,2009-10,2,02_SP500,6,06_US_Production,1.0,-0.671
109,2009-11,2,02_SP500,6,06_US_Production,1.0,-1.2103
110,2009-12,2,02_SP500,6,06_US_Production,1.0,-1.7779
111,2010-01,2,02_SP500,6,06_US_Production,1.0,-2.2317
112,2010-02,2,02_SP500,6,06_US_Production,1.0,-2.5161
113,2010-03,2,02_SP500,6,06_US_Production,1.0,-2.6701
114,2010-04,2,02_SP500,6,06_US_Production,1.0,-2.7317
115,2010-05,2,02_SP500,6,06_US_Production,1.0,-2.7194
116,2010-06,2,02_SP500,6,06_US_Production,1.0,-2.6422
117,2010-07,2,02_SP500,6,06_US_Production,1.0,-2.5156
118,2010-08,2,02_SP500,6,06_US_Production,1.0,-2.3754
119,2010-09,2,02_SP500,6,06_US_Production,1.0,-2.3019
120,2010-10,2,02_SP500,6,06_US_Production,1.0,-2.6466
121,2010-11,2,02_SP500,6,06_US_Production,1.0,2.1816
122,2010-12,2,02_SP500,6,06_US_Production,1.0,1.9009
123,2011-01,2,02_SP500,6,06_US_Production,1.0,1.8754
124,2011-02,2,02_SP500,6,06_US_Production,1.0,1.8887
125,2011-03,2,02_SP500,6,06_US_Production,1.0,1.9031
126,2011-04,2,02_SP500,6,06_US_Production,1.0,1.8563
127,2011-05,2,02_SP500,6,06_US_Production,1.0,-1.0356
128,2011-06,2,02_SP500,6,06_US_Production,1.0,-1.0715
129,2011-07,2,02_SP500,6,06_US_Production,1.0,-1.0522
130,2011-08,2,02_SP500,6,06_US_Production,1.0,-1.0121
131,2011-09,2,02_SP500,6,06_US_Production,1.0,-0.9192
132,2011-10,2,02_SP500,6,06_US_Production,1.0,-0.3969
133,2011-11,2,02_SP500,6,06_US_Production,1.0,1.751
134,2011-12,2,02_SP500,6,06_US_Production,1.0,1.9898
135,2012-01,2,02_SP500,6,06_US_Production,1.0,2.1108
136,2012-02,2,02_SP500,6,06_US_Production,1.0,2.2308
137,2012-03,2,02_SP500,6,06_US_Production,1.0,2.3682
138,2012-04,2,02_SP500,6,06_US_Production,1.0,2.5194
139,2012-05,2,02_SP500,6,06_US_Production,1.0,2.665
140,2012-06,2,02_SP500,6,06_US_Production,1.0,2.7747
141,2012-07,2,02_SP500,6,06_US_Production,1.0,2.7631
142,2012-08,2,02_SP500,6,06_US_Production,1.0,0.6109
143,2012-09,2,02_SP500,6,06_US_Production,1.0,0.1478
144,2012-10,2,02_SP500,6,06_US_Production,1.0,-2.9591
145,2012-11,2,02_SP500,6,06_US_Production,1.0,-3.0369
146,2012-12,2,02_SP500,6,06_US_Production,1.0,-3.0671
147,2013-01,2,02_SP500,6,06_US_Production,1.0,-3.108
148,2013-02,2,02_SP500,6,06_US_Production,1.0,3.1117
149,2013-03,2,02_SP500,6,06_US_Production,1.0,2.9892
150,2013-04,2,02_SP500,6,06_US_Production,1.0,2.6523
151,2013-05,2,02_SP500,6,06_US_Production,1.0,2.0965
152,2013-06,2,02_SP500,6,06_US_Production,1.0,2.3254
153,2013-07,2,02_SP500,6,06_US_Production,1.0,2.7677
154,2013-08,2,02_SP500,6,06_US_Production,1.0,3.0615
155,2013-09,2,02_SP500,6,06_US_Production,1.0,-2.9165
156,2013-10,2,02_SP500,6,06_US_Production,1.0,-2.4148
157,2013-11,2,02_SP500,6,06_US_Production,1.0,-1.6462
158,2013-12,2,02_SP500,6,06_US_Production,1.0,-1.0727
159,2014-01,2,02_SP500,6,06_US_Production,1.0,-0.7846
160,2014-02,2,02_SP500,6,06_US_Production,1.0,-0.6321
161,2014-03,2,02_SP500,6,06_US_Production,1.0,-0.5481
162,2014-04,2,02_SP500,6,06_US_Production,1.0,-0.5048
163,2014-05,2,02_SP500,6,06_US_Production,1.0,-0.4735
164,2014-06,2,02_SP500,6,06_US_Production,1.0,-0.3914
165,2014-07,2,02_SP500,6,06_US_Production,1.0,-0.1722
166,2014-08,2,02_SP500,6,06_US_Production,1.0,0.0358
167,2014-09,2,02_SP500,6,06_US_Production,1.0,-0.0321
168,2014-10,2,02_SP500,6,06_US_Production,1.0,-0.2996
169,2014-11,2,02_SP500,6,06_US_Production,1.0,-0.592
170,2014-12,2,02_SP500,6,06_US_Production,1.0,-0.8243
171,2015-01,2,02_SP500,6,06_US_Production,1.0,-0.9958
172,2015-02,2,02_SP500,6,06_US_Production,1.0,-1.1242
173,2015-03,2,02_SP500,6,06_US_Production,1.0,-1.2188
174,2015-04,2,02_SP500,6,06_US_Production,1.0,-1.278
175,2015-05,2,02_SP500,6,06_US_Production,1.0,-1.2979
176,2015-06,2,02_SP500,6,06_US_Production,1.0,-1.2785
177,2015-07,2,02_SP500,6,06_US_Production,1.0,-1.2301
178,2015-08,2,02_SP500,6,06_US_Production,1.0,-1.1746
179,2015-09,2,02_SP500,6,06_US_Production,1.0,-1.1905
180,2015-10,2,02_SP500,6,06_US_Production,1.0,2.5379
181,2015-11,2,02_SP500,6,06_US_Production,1.0,2.424
182,2015-12,2,02_SP500,6,06_US_Production,1.0,2.5076
183,2016-01,2,02_SP500,6,06_US_Production,1.0,2.6253
184,2016-02,2,02_SP500,6,06_US_Production,1.0,2.7637
185,2016-03,2,02_SP500,6,06_US_Production,1.0,2.9167
186,2016-04,2,02_SP500,6,06_US_Production,1.0,3.0746
187,2016-05,2,02_SP500,6,06_US_Production,1.0,-3.0575
188,2016-06,2,02_SP500,6,06_US_Production,1.0,-2.9118
189,2016-07,2,02_SP500,6,06_US_Production,1.0,-2.7253
190,2016-08,2,02_SP500,6,06_US_Production,1.0,-2.363
191,2016-09,2,02_SP500,6,06_US_Production,1.0,-1.8148
192,2016-10,2,02_SP500,6,06_US_Production,1.0,-1.4541
193,2016-11,2,02_SP500,6,06_US_Production,1.0,-1.3185
194,2016-12,2,02_SP500,6,06_US_Production,1.0,-1.3135
195,2017-01,2,02_SP500,6,06_US_Production,1.0,-1.4314
196,2017-02,2,02_SP500,6,06_US_Production,1.0,-1.735
197,2017-03,2,02_SP500,6,06_US_Production,1.0,-2.2083
198,2017-04,2,02_SP500,6,06_US_Production,1.0,-2.5467
199,2017-05,2,02_SP500,6,06_US_Production,1.0,-2.624
200,2017-06,2,02_SP500,6,06_US_Production,1.0,-2.428
201,2017-07,2,02_SP500,6,06_US_Production,1.0,-1.7074
202,2017-08,2,02_SP500,6,06_US_Production,1.0,-1.232
203,2017-09,2,02_SP500,6,06_US_Production,1.0,-1.3831
204,2017-10,2,02_SP500,6,06_US_Production,1.0,-1.6851
205,2017-11,2,02_SP500,6,06_US_Production,1.0,-1.9895
206,2017-12,2,02_SP500,6,06_US_Production,1.0,-2.3457
207,2018-01,2,02_SP500,6,06_US_Production,1.0,-2.8209
208,2018-02,2,02_SP500,6,06_US_Production,1.0,2.93
209,2018-03,2,02_SP500,6,06_US_Production,1.0,2.4894
210,2018-04,2,02_SP500,6,06_US_Production,1.0,2.1599
211,2018-05,2,02_SP500,6,06_US_Production,1.0,1.8955
212,2018-06,2,02_SP500,6,06_US_Production,1.0,1.6671
213,2018-07,2,02_SP500,6,06_US_Production,1.0,1.4678
214,2018-08,2,02_SP500,6,06_US_Production,1.0,1.3007
215,2018-09,2,02_SP500,6,06_US_Production,1.0,1.169
216,2018-10,2,02_SP500,6,06_US_Production,1.0,1.0687
217,2018-11,2,02_SP500,6,06_US_Production,1.0,0.815
218,2018-12,2,02_SP500,6,06_US_Production,1.0,-1.852
219,2019-01,2,02_SP500,6,06_US_Production,1.0,-1.8403
220,2019-02,2,02_SP500,6,06_US_Production,1.0,-1.7754
221,2019-03,2,02_SP500,6,06_US_Production,1.0,-1.7627
222,2019-04,2,02_SP500,6,06_US_Production,1.0,-1.8907
223,2019-05,2,02_SP500,6,06_US_Production,1.0,-2.1371
224,2019-06,2,02_SP500,6,06_US_Production,1.0,-2.296
225,2019-07,2,02_SP500,6,06_US_Production,1.0,-2.2849
226,2019-08,2,02_SP500,6,06_US_Production,1.0,-2.0959
227,2019-09,2,02_SP500,6,06_US_Production,1.0,-0.7691
228,2019-10,2,02_SP500,6,06_US_Production,1.0,0.1815
229,2019-11,2,02_SP500,6,06_US_Production,1.0,-2.5072
230,2019-12,2,02_SP500,6,06_US_Production,1.0,-2.4852
231,2020-01,2,02_SP500,6,06_US_Production,1.0,-2.4886
232,2020-02,2,02_SP500,6,06_US_Production,1.0,-2.517
233,2020-03,2,02_SP500,6,06_US_Production,1.0,-2.5711
234,2020-04,2,02_SP500,6,06_US_Production,1.0,-2.6559
235,2020-05,2,02_SP500,6,06_US_Production,1.0,-2.7792
236,2020-06,2,02_SP500,6,06_US_Production,1.0,-2.9491
237,2020-07,2,02_SP500,6,06_US_Production,1.0,3.1164
238,2020-08,2,02_SP500,6,06_US_Production,1.0,2.865
239,2020-09,2,02_SP500,6,06_US_Production,1.0,2.6036
240,2020-10,2,02_SP500,6,06_US_Production,1.0,2.3282
241,2020-11,2,02_SP500,6,06_US_Production,1.0,1.8777
242,2020-12,2,02_SP500,6,06_US_Production,1.0,0.3133
243,2021-01,2,02_SP500,6,06_US_Production,1.0,-0.3992
244,2021-02,2,02_SP500,6,06_US_Production,1.0,-0.5513
245,2021-03,2,02_SP500,6,06_US_Production,1.0,-0.5804
246,2021-04,2,02_SP500,6,06_US_Production,1.0,-0.546
247,2021-05,2,02_SP500,6,06_US_Production,1.0,-0.4523
248,2021-06,2,02_SP500,6,06_US_Production,1.0,-0.2867
249,2021-07,2,02_SP500,6,06_US_Production,1.0,-0.0511
250,2021-08,2,02_SP500,6,06_US_Production,1.0,0.2048
251,2021-09,2,02_SP500,6,06_US_Production,1.0,0.4152
252,2021-10,2,02_SP500,6,06_US_Production,1.0,0.5578
253,2021-11,2,02_SP500,6,06_US_Production,1.0,0.6448
254,2021-12,2,02_SP500,6,06_US_Production,1.0,0.6947
255,2022-01,2,02_SP500,6,06_US_Production,1.0,0.7181
256,2022-02,2,02_SP500,6,06_US_Production,1.0,0.7174
257,2022-03,2,02_SP500,6,06_US_Production,1.0,0.6902
258,2022-04,2,02_SP500,6,06_US_Production,1.0,0.6364
259,2022-05,2,02_SP500,6,06_US_Production,1.0,0.5716
260,2022-06,2,02_SP500,6,06_US_Production,1.0,0.5423
261,2022-07,2,02_SP500,6,06_US_Production,1.0,0.6298
262,2022-08,2,02_SP500,6,06_US_Production,1.0,0.8897
263,2022-09,2,02_SP500,6,06_US_Production,1.0,1.1829
264,2022-10,2,02_SP500,6,06_US_Production,1.0,1.3417
265,2022-11,2,02_SP500,6,06_US_Production,1.0,1.3846
266,2022-12,2,02_SP500,6,06_US_Production,1.0,1.3656
267,2023-01,2,02_SP500,6,06_US_Production,1.0,1.3204
268,2023-02,2,02_SP500,6,06_US_Production,1.0,1.2787
12,2001-10,2,02_SP500,7,07_US_Unemployment,1.0,-0.3345
13,2001-11,2,02_SP500,7,07_US_Unemployment,1.0,-0.5973
14,2001-12,2,02_SP500,7,07_US_Unemployment,1.0,-0.8157
15,2002-01,2,02_SP500,7,07_US_Unemployment,1.0,-0.9732
16,2002-02,2,02_SP500,7,07_US_Unemployment,1.0,-1.0546
17,2002-03,2,02_SP500,7,07_US_Unemployment,1.0,-1.0619
18,2002-04,2,02_SP500,7,07_US_Unemployment,1.0,-1.0073
19,2002-05,2,02_SP500,7,07_US_Unemployment,1.0,-0.9134
20,2002-06,2,02_SP500,7,07_US_Unemployment,1.0,-0.814
21,2002-07,2,02_SP500,7,07_US_Unemployment,1.0,-0.7313
22,2002-08,2,02_SP500,7,07_US_Unemployment,1.0,-0.6638
23,2002-09,2,02_SP500,7,07_US_Unemployment,1.0,-0.6091
24,2002-10,2,02_SP500,7,07_US_Unemployment,1.0,-0.5665
25,2002-11,2,02_SP500,7,07_US_Unemployment,1.0,-0.5272
26,2002-12,2,02_SP500,7,07_US_Unemployment,1.0,-0.4725
27,2003-01,2,02_SP500,7,07_US_Unemployment,1.0,-0.3748
28,2003-02,2,02_SP500,7,07_US_Unemployment,1.0,-0.1879
29,2003-03,2,02_SP500,7,07_US_Unemployment,1.0,0.1868
30,2003-04,2,02_SP500,7,07_US_Unemployment,1.0,0.9817
31,2003-05,2,02_SP500,7,07_US_Unemployment,1.0,2.327
32,2003-06,2,02_SP500,7,07_US_Unemployment,1.0,-2.9943
33,2003-07,2,02_SP500,7,07_US_Unemployment,1.0,-2.5477
34,2003-08,2,02_SP500,7,07_US_Unemployment,1.0,-2.3297
35,2003-09,2,02_SP500,7,07_US_Unemployment,1.0,-2.1929
36,2003-10,2,02_SP500,7,07_US_Unemployment,1.0,-1.9299
37,2003-11,2,02_SP500,7,07_US_Unemployment,1.0,-0.5334
38,2003-12,2,02_SP500,7,07_US_Unemployment,1.0,-0.0524
39,2004-01,2,02_SP500,7,07_US_Unemployment,1.0,-0.2792
40,2004-02,2,02_SP500,7,07_US_Unemployment,1.0,-0.7754
41,2004-03,2,02_SP500,7,07_US_Unemployment,1.0,-1.164
42,2004-04,2,02_SP500,7,07_US_Unemployment,1.0,-1.3022
43,2004-05,2,02_SP500,7,07_US_Unemployment,1.0,-1.2963
44,2004-06,2,02_SP500,7,07_US_Unemployment,1.0,-1.2197
45,2004-07,2,02_SP500,7,07_US_Unemployment,1.0,-1.1066
46,2004-08,2,02_SP500,7,07_US_Unemployment,1.0,-0.9676
47,2004-09,2,02_SP500,7,07_US_Unemployment,1.0,-0.778
48,2004-10,2,02_SP500,7,07_US_Unemployment,1.0,-0.3152
49,2004-11,2,02_SP500,7,07_US_Unemployment,1.0,1.2411
50,2004-12,2,02_SP500,7,07_US_Unemployment,1.0,1.7084
51,2005-01,2,02_SP500,7,07_US_Unemployment,1.0,1.7395
52,2005-02,2,02_SP500,7,07_US_Unemployment,1.0,1.6548
53,2005-03,2,02_SP500,7,07_US_Unemployment,1.0,1.5316
54,2005-04,2,02_SP500,7,07_US_Unemployment,1.0,1.4227
55,2005-05,2,02_SP500,7,07_US_Unemployment,1.0,1.3534
56,2005-06,2,02_SP500,7,07_US_Unemployment,1.0,1.309
57,2005-07,2,02_SP500,7,07_US_Unemployment,1.0,1.2601
58,2005-08,2,02_SP500,7,07_US_Unemployment,1.0,1.2394
59,2005-09,2,02_SP500,7,07_US_Unemployment,1.0,1.3279
60,2005-10,2,02_SP500,7,07_US_Unemployment,1.0,1.4388
61,2005-11,2,02_SP500,7,07_US_Unemployment,1.0,1.4983
62,2005-12,2,02_SP500,7,07_US_Unemployment,1.0,1.5097
63,2006-01,2,02_SP500,7,07_US_Unemployment,1.0,1.4776
64,2006-02,2,02_SP500,7,07_US_Unemployment,1.0,1.3937
65,2006-03,2,02_SP500,7,07_US_Unemployment,1.0,1.2482
66,2006-04,2,02_SP500,7,07_US_Unemployment,1.0,1.0546
67,2006-05,2,02_SP500,7,07_US_Unemployment,1.0,0.852
68,2006-06,2,02_SP500,7,07_US_Unemployment,1.0,0.6802
69,2006-07,2,02_SP500,7,07_US_Unemployment,1.0,0.5719
70,2006-08,2,02_SP500,7,07_US_Unemployment,1.0,0.5817
71,2006-09,2,02_SP500,7,07_US_Unemployment,1.0,0.858
72,2006-10,2,02_SP500,7,07_US_Unemployment,1.0,1.4372
73,2006-11,2,02_SP500,7,07_US_Unemployment,1.0,1.7608
74,2006-12,2,02_SP500,7,07_US_Unemployment,1.0,1.784
75,2007-01,2,02_SP500,7,07_US_Unemployment,1.0,1.6321
76,2007-02,2,02_SP500,7,07_US_Unemployment,1.0,1.2087
77,2007-03,2,02_SP500,7,07_US_Unemployment,1.0,-0.8377
78,2007-04,2,02_SP500,7,07_US_Unemployment,1.0,-1.6648
79,2007-05,2,02_SP500,7,07_US_Unemployment,1.0,-1.9199
80,2007-06,2,02_SP500,7,07_US_Unemployment,1.0,-2.0185
81,2007-07,2,02_SP500,7,07_US_Unemployment,1.0,-2.0433
82,2007-08,2,02_SP500,7,07_US_Unemployment,1.0,-2.0375
83,2007-09,2,02_SP500,7,07_US_Unemployment,1.0,0.4974
84,2007-10,2,02_SP500,7,07_US_Unemployment,1.0,1.0052
85,2007-11,2,02_SP500,7,07_US_Unemployment,1.0,0.8865
86,2007-12,2,02_SP500,7,07_US_Unemployment,1.0,0.6683
87,2008-01,2,02_SP500,7,07_US_Unemployment,1.0,0.3938
88,2008-02,2,02_SP500,7,07_US_Unemployment,1.0,0.1536
89,2008-03,2,02_SP500,7,07_US_Unemployment,1.0,-0.0031
90,2008-04,2,02_SP500,7,07_US_Unemployment,1.0,-0.0769
91,2008-05,2,02_SP500,7,07_US_Unemployment,1.0,-0.0335
92,2008-06,2,02_SP500,7,07_US_Unemployment,1.0,0.7469
93,2008-07,2,02_SP500,7,07_US_Unemployment,1.0,2.142
94,2008-08,2,02_SP500,7,07_US_Unemployment,1.0,2.2308
95,2008-09,2,02_SP500,7,07_US_Unemployment,1.0,2.1792
96,2008-10,2,02_SP500,7,07_US_Unemployment,1.0,2.1479
97,2008-11,2,02_SP500,7,07_US_Unemployment,1.0,2.2614
98,2008-12,2,02_SP500,7,07_US_Unemployment,1.0,2.7839
99,2009-01,2,02_SP500,7,07_US_Unemployment,1.0,-2.7143
100,2009-02,2,02_SP500,7,07_US_Unemployment,1.0,-2.3714
101,2009-03,2,02_SP500,7,07_US_Unemployment,1.0,-2.2515
102,2009-04,2,02_SP500,7,07_US_Unemployment,1.0,-2.2062
103,2009-05,2,02_SP500,7,07_US_Unemployment,1.0,-2.1974
104,2009-06,2,02_SP500,7,07_US_Unemployment,1.0,-2.2184
105,2009-07,2,02_SP500,7,07_US_Unemployment,1.0,-2.2724
106,2009-08,2,02_SP500,7,07_US_Unemployment,1.0,-2.3644
107,2009-09,2,02_SP500,7,07_US_Unemployment,1.0,-2.4967
108,2009-10,2,02_SP500,7,07_US_Unemployment,1.0,-2.6596
109,2009-11,2,02_SP500,7,07_US_Unemployment,1.0,-2.8304
110,2009-12,2,02_SP500,7,07_US_Unemployment,1.0,-2.9819
111,2010-01,2,02_SP500,7,07_US_Unemployment,1.0,-0.3174
112,2010-02,2,02_SP500,7,07_US_Unemployment,1.0,-0.1706
113,2010-03,2,02_SP500,7,07_US_Unemployment,1.0,-0.2711
114,2010-04,2,02_SP500,7,07_US_Unemployment,1.0,-0.3556
115,2010-05,2,02_SP500,7,07_US_Unemployment,1.0,-0.4154
116,2010-06,2,02_SP500,7,07_US_Unemployment,1.0,-0.4486
117,2010-07,2,02_SP500,7,07_US_Unemployment,1.0,-0.4605
118,2010-08,2,02_SP500,7,07_US_Unemployment,1.0,-0.4692
119,2010-09,2,02_SP500,7,07_US_Unemployment,1.0,-0.5333
120,2010-10,2,02_SP500,7,07_US_Unemployment,1.0,-0.9931
121,2010-11,2,02_SP500,7,07_US_Unemployment,1.0,-2.5456
122,2010-12,2,02_SP500,7,07_US_Unemployment,1.0,-2.9186
123,2011-01,2,02_SP500,7,07_US_Unemployment,1.0,-3.0422
124,2011-02,2,02_SP500,7,07_US_Unemployment,1.0,-3.1378
125,2011-03,2,02_SP500,7,07_US_Unemployment,1.0,3.0408
126,2011-04,2,02_SP500,7,07_US_Unemployment,1.0,2.8694
127,2011-05,2,02_SP500,7,07_US_Unemployment,1.0,-0.1473
128,2011-06,2,02_SP500,7,07_US_Unemployment,1.0,-0.305
129,2011-07,2,02_SP500,7,07_US_Unemployment,1.0,-0.4083
130,2011-08,2,02_SP500,7,07_US_Unemployment,1.0,2.6646
131,2011-09,2,02_SP500,7,07_US_Unemployment,1.0,2.5961
132,2011-10,2,02_SP500,7,07_US_Unemployment,1.0,2.5438
133,2011-11,2,02_SP500,7,07_US_Unemployment,1.0,2.5085
134,2011-12,2,02_SP500,7,07_US_Unemployment,1.0,2.5023
135,2012-01,2,02_SP500,7,07_US_Unemployment,1.0,2.5449
136,2012-02,2,02_SP500,7,07_US_Unemployment,1.0,2.6834
137,2012-03,2,02_SP500,7,07_US_Unemployment,1.0,-2.4527
138,2012-04,2,02_SP500,7,07_US_Unemployment,1.0,-0.7247
139,2012-05,2,02_SP500,7,07_US_Unemployment,1.0,-0.5488
140,2012-06,2,02_SP500,7,07_US_Unemployment,1.0,-0.5063
141,2012-07,2,02_SP500,7,07_US_Unemployment,1.0,-0.5878
142,2012-08,2,02_SP500,7,07_US_Unemployment,1.0,-0.8731
143,2012-09,2,02_SP500,7,07_US_Unemployment,1.0,-1.4437
144,2012-10,2,02_SP500,7,07_US_Unemployment,1.0,1.1973
145,2012-11,2,02_SP500,7,07_US_Unemployment,1.0,0.7892
146,2012-12,2,02_SP500,7,07_US_Unemployment,1.0,0.5586
147,2013-01,2,02_SP500,7,07_US_Unemployment,1.0,0.3644
148,2013-02,2,02_SP500,7,07_US_Unemployment,1.0,0.1482
149,2013-03,2,02_SP500,7,07_US_Unemployment,1.0,-0.1694
150,2013-04,2,02_SP500,7,07_US_Unemployment,1.0,-0.8145
151,2013-05,2,02_SP500,7,07_US_Unemployment,1.0,-1.9482
152,2013-06,2,02_SP500,7,07_US_Unemployment,1.0,-2.7205
153,2013-07,2,02_SP500,7,07_US_Unemployment,1.0,3.0118
154,2013-08,2,02_SP500,7,07_US_Unemployment,1.0,2.4732
155,2013-09,2,02_SP500,7,07_US_Unemployment,1.0,1.9995
156,2013-10,2,02_SP500,7,07_US_Unemployment,1.0,1.6563
157,2013-11,2,02_SP500,7,07_US_Unemployment,1.0,1.4155
158,2013-12,2,02_SP500,7,07_US_Unemployment,1.0,1.2317
159,2014-01,2,02_SP500,7,07_US_Unemployment,1.0,1.075
160,2014-02,2,02_SP500,7,07_US_Unemployment,1.0,0.9252
161,2014-03,2,02_SP500,7,07_US_Unemployment,1.0,0.7658
162,2014-04,2,02_SP500,7,07_US_Unemployment,1.0,0.5866
163,2014-05,2,02_SP500,7,07_US_Unemployment,1.0,0.3963
164,2014-06,2,02_SP500,7,07_US_Unemployment,1.0,0.2445
165,2014-07,2,02_SP500,7,07_US_Unemployment,1.0,0.2112
166,2014-08,2,02_SP500,7,07_US_Unemployment,1.0,0.1717
167,2014-09,2,02_SP500,7,07_US_Unemployment,1.0,-0.0688
168,2014-10,2,02_SP500,7,07_US_Unemployment,1.0,-0.4242
169,2014-11,2,02_SP500,7,07_US_Unemployment,1.0,-0.8862
170,2014-12,2,02_SP500,7,07_US_Unemployment,1.0,-1.7057
171,2015-01,2,02_SP500,7,07_US_Unemployment,1.0,-2.7065
172,2015-02,2,02_SP500,7,07_US_Unemployment,1.0,3.0955
173,2015-03,2,02_SP500,7,07_US_Unemployment,1.0,2.8774
174,2015-04,2,02_SP500,7,07_US_Unemployment,1.0,2.7775
175,2015-05,2,02_SP500,7,07_US_Unemployment,1.0,2.76
176,2015-06,2,02_SP500,7,07_US_Unemployment,1.0,2.8182
177,2015-07,2,02_SP500,7,07_US_Unemployment,1.0,2.9629
178,2015-08,2,02_SP500,7,07_US_Unemployment,1.0,-3.0247
179,2015-09,2,02_SP500,7,07_US_Unemployment,1.0,-2.3704
180,2015-10,2,02_SP500,7,07_US_Unemployment,1.0,-1.4759
181,2015-11,2,02_SP500,7,07_US_Unemployment,1.0,-0.9852
182,2015-12,2,02_SP500,7,07_US_Unemployment,1.0,-0.7294
183,2016-01,2,02_SP500,7,07_US_Unemployment,1.0,-0.551
184,2016-02,2,02_SP500,7,07_US_Unemployment,1.0,-0.3955
185,2016-03,2,02_SP500,7,07_US_Unemployment,1.0,-0.2444
186,2016-04,2,02_SP500,7,07_US_Unemployment,1.0,-0.0986
187,2016-05,2,02_SP500,7,07_US_Unemployment,1.0,0.0287
188,2016-06,2,02_SP500,7,07_US_Unemployment,1.0,0.113
189,2016-07,2,02_SP500,7,07_US_Unemployment,1.0,0.0705
190,2016-08,2,02_SP500,7,07_US_Unemployment,1.0,-1.3781
191,2016-09,2,02_SP500,7,07_US_Unemployment,1.0,-2.3491
192,2016-10,2,02_SP500,7,07_US_Unemployment,1.0,-2.4328
193,2016-11,2,02_SP500,7,07_US_Unemployment,1.0,-2.4699
194,2016-12,2,02_SP500,7,07_US_Unemployment,1.0,-2.5346
195,2017-01,2,02_SP500,7,07_US_Unemployment,1.0,-2.6797
196,2017-02,2,02_SP500,7,07_US_Unemployment,1.0,-2.9859
197,2017-03,2,02_SP500,7,07_US_Unemployment,1.0,2.84
198,2017-04,2,02_SP500,7,07_US_Unemployment,1.0,2.5271
199,2017-05,2,02_SP500,7,07_US_Unemployment,1.0,2.4522
200,2017-06,2,02_SP500,7,07_US_Unemployment,1.0,2.495
201,2017-07,2,02_SP500,7,07_US_Unemployment,1.0,2.5395
202,2017-08,2,02_SP500,7,07_US_Unemployment,1.0,2.4981
203,2017-09,2,02_SP500,7,07_US_Unemployment,1.0,2.3882
204,2017-10,2,02_SP500,7,07_US_Unemployment,1.0,2.3759
205,2017-11,2,02_SP500,7,07_US_Unemployment,1.0,2.5581
206,2017-12,2,02_SP500,7,07_US_Unemployment,1.0,2.8817
207,2018-01,2,02_SP500,7,07_US_Unemployment,1.0,-3.0757
208,2018-02,2,02_SP500,7,07_US_Unemployment,1.0,-2.8512
209,2018-03,2,02_SP500,7,07_US_Unemployment,1.0,-2.739
210,2018-04,2,02_SP500,7,07_US_Unemployment,1.0,-2.7122
211,2018-05,2,02_SP500,7,07_US_Unemployment,1.0,-2.7398
212,2018-06,2,02_SP500,7,07_US_Unemployment,1.0,-2.7912
213,2018-07,2,02_SP500,7,07_US_Unemployment,1.0,-2.8339
214,2018-08,2,02_SP500,7,07_US_Unemployment,1.0,-2.8347
215,2018-09,2,02_SP500,7,07_US_Unemployment,1.0,-2.7549
216,2018-10,2,02_SP500,7,07_US_Unemployment,1.0,-2.5247
217,2018-11,2,02_SP500,7,07_US_Unemployment,1.0,-2.1309
218,2018-12,2,02_SP500,7,07_US_Unemployment,1.0,2.4225
219,2019-01,2,02_SP500,7,07_US_Unemployment,1.0,3.0379
220,2019-02,2,02_SP500,7,07_US_Unemployment,1.0,-2.7517
221,2019-03,2,02_SP500,7,07_US_Unemployment,1.0,-2.2431
222,2019-04,2,02_SP500,7,07_US_Unemployment,1.0,-1.6959
223,2019-05,2,02_SP500,7,07_US_Unemployment,1.0,-1.1984
224,2019-06,2,02_SP500,7,07_US_Unemployment,1.0,-0.8661
225,2019-07,2,02_SP500,7,07_US_Unemployment,1.0,-0.8392
226,2019-08,2,02_SP500,7,07_US_Unemployment,1.0,-1.5928
227,2019-09,2,02_SP500,7,07_US_Unemployment,1.0,-2.3186
228,2019-10,2,02_SP500,7,07_US_Unemployment,1.0,-2.6686
229,2019-11,2,02_SP500,7,07_US_Unemployment,1.0,0.7264
230,2019-12,2,02_SP500,7,07_US_Unemployment,1.0,0.6897
231,2020-01,2,02_SP500,7,07_US_Unemployment,1.0,0.6703
232,2020-02,2,02_SP500,7,07_US_Unemployment,1.0,0.645
233,2020-03,2,02_SP500,7,07_US_Unemployment,1.0,0.605
234,2020-04,2,02_SP500,7,07_US_Unemployment,1.0,0.542
235,2020-05,2,02_SP500,7,07_US_Unemployment,1.0,0.4468
236,2020-06,2,02_SP500,7,07_US_Unemployment,1.0,0.3116
237,2020-07,2,02_SP500,7,07_US_Unemployment,1.0,0.137
238,2020-08,2,02_SP500,7,07_US_Unemployment,1.0,-0.0577
239,2020-09,2,02_SP500,7,07_US_Unemployment,1.0,-0.2374
240,2020-10,2,02_SP500,7,07_US_Unemployment,1.0,-0.371
241,2020-11,2,02_SP500,7,07_US_Unemployment,1.0,-0.445
242,2020-12,2,02_SP500,7,07_US_Unemployment,1.0,-0.4589
243,2021-01,2,02_SP500,7,07_US_Unemployment,1.0,-0.4217
244,2021-02,2,02_SP500,7,07_US_Unemployment,1.0,-0.3556
245,2021-03,2,02_SP500,7,07_US_Unemployment,1.0,-0.2794
246,2021-04,2,02_SP500,7,07_US_Unemployment,1.0,-0.1483
247,2021-05,2,02_SP500,7,07_US_Unemployment,1.0,0.21
248,2021-06,2,02_SP500,7,07_US_Unemployment,1.0,1.1235
249,2021-07,2,02_SP500,7,07_US_Unemployment,1.0,1.8354
250,2021-08,2,02_SP500,7,07_US_Unemployment,1.0,2.1329
251,2021-09,2,02_SP500,7,07_US_Unemployment,1.0,2.3142
252,2021-10,2,02_SP500,7,07_US_Unemployment,1.0,2.4668
253,2021-11,2,02_SP500,7,07_US_Unemployment,1.0,2.6139
254,2021-12,2,02_SP500,7,07_US_Unemployment,1.0,2.7606
255,2022-01,2,02_SP500,7,07_US_Unemployment,1.0,2.9034
256,2022-02,2,02_SP500,7,07_US_Unemployment,1.0,3.034
257,2022-03,2,02_SP500,7,07_US_Unemployment,1.0,-3.1408
258,2022-04,2,02_SP500,7,07_US_Unemployment,1.0,-3.0625
259,2022-05,2,02_SP500,7,07_US_Unemployment,1.0,-3.0151
260,2022-06,2,02_SP500,7,07_US_Unemployment,1.0,-2.9989
261,2022-07,2,02_SP500,7,07_US_Unemployment,1.0,-3.0413
262,2022-08,2,02_SP500,7,07_US_Unemployment,1.0,2.863
263,2022-09,2,02_SP500,7,07_US_Unemployment,1.0,1.2339
264,2022-10,2,02_SP500,7,07_US_Unemployment,1.0,0.9438
265,2022-11,2,02_SP500,7,07_US_Unemployment,1.0,0.9537
266,2022-12,2,02_SP500,7,07_US_Unemployment,1.0,1.0212
267,2023-01,2,02_SP500,7,07_US_Unemployment,1.0,1.1105
268,2023-02,2,02_SP500,7,07_US_Unemployment,1.0,1.2252
12,2001-10,3,03_US10Y,0,00_Copper,1.0,1.3114
13,2001-11,3,03_US10Y,0,00_Copper,1.0,1.4033
14,2001-12,3,03_US10Y,0,00_Copper,1.0,1.5458
15,2002-01,3,03_US10Y,0,00_Copper,1.0,1.755
16,2002-02,3,03_US10Y,0,00_Copper,1.0,2.0442
17,2002-03,3,03_US10Y,0,00_Copper,1.0,2.3812
18,2002-04,3,03_US10Y,0,00_Copper,1.0,2.6539
19,2002-05,3,03_US10Y,0,00_Copper,1.0,2.7683
20,2002-06,3,03_US10Y,0,00_Copper,1.0,2.7206
21,2002-07,3,03_US10Y,0,00_Copper,1.0,2.5755
22,2002-08,3,03_US10Y,0,00_Copper,1.0,2.4297
23,2002-09,3,03_US10Y,0,00_Copper,1.0,2.353
24,2002-10,3,03_US10Y,0,00_Copper,1.0,2.3866
25,2002-11,3,03_US10Y,0,00_Copper,1.0,2.579
26,2002-12,3,03_US10Y,0,00_Copper,1.0,2.9745
27,2003-01,3,03_US10Y,0,00_Copper,1.0,-2.8443
28,2003-02,3,03_US10Y,0,00_Copper,1.0,-2.5436
29,2003-03,3,03_US10Y,0,00_Copper,1.0,-2.4229
30,2003-04,3,03_US10Y,0,00_Copper,1.0,-2.4234
31,2003-05,3,03_US10Y,0,00_Copper,1.0,-2.5044
32,2003-06,3,03_US10Y,0,00_Copper,1.0,-2.6308
33,2003-07,3,03_US10Y,0,00_Copper,1.0,-2.7704
34,2003-08,3,03_US10Y,0,00_Copper,1.0,-2.9045
35,2003-09,3,03_US10Y,0,00_Copper,1.0,-3.0249
36,2003-10,3,03_US10Y,0,00_Copper,1.0,-3.1348
37,2003-11,3,03_US10Y,0,00_Copper,1.0,3.007
38,2003-12,3,03_US10Y,0,00_Copper,1.0,2.6695
39,2004-01,3,03_US10Y,0,00_Copper,1.0,2.2077
40,2004-02,3,03_US10Y,0,00_Copper,1.0,2.3185
41,2004-03,3,03_US10Y,0,00_Copper,1.0,2.5381
42,2004-04,3,03_US10Y,0,00_Copper,1.0,2.6385
43,2004-05,3,03_US10Y,0,00_Copper,1.0,2.6486
44,2004-06,3,03_US10Y,0,00_Copper,1.0,2.5869
45,2004-07,3,03_US10Y,0,00_Copper,1.0,2.454
46,2004-08,3,03_US10Y,0,00_Copper,1.0,2.2527
47,2004-09,3,03_US10Y,0,00_Copper,1.0,1.9819
48,2004-10,3,03_US10Y,0,00_Copper,1.0,1.4141
49,2004-11,3,03_US10Y,0,00_Copper,1.0,-0.0058
50,2004-12,3,03_US10Y,0,00_Copper,1.0,-0.3475
51,2005-01,3,03_US10Y,0,00_Copper,1.0,-0.2712
52,2005-02,3,03_US10Y,0,00_Copper,1.0,-0.071
53,2005-03,3,03_US10Y,0,00_Copper,1.0,0.1542
54,2005-04,3,03_US10Y,0,00_Copper,1.0,0.3379
55,2005-05,3,03_US10Y,0,00_Copper,1.0,0.4452
56,2005-06,3,03_US10Y,0,00_Copper,1.0,0.4628
57,2005-07,3,03_US10Y,0,00_Copper,1.0,0.3793
58,2005-08,3,03_US10Y,0,00_Copper,1.0,0.1673
59,2005-09,3,03_US10Y,0,00_Copper,1.0,-0.2269
60,2005-10,3,03_US10Y,0,00_Copper,1.0,-0.8207
61,2005-11,3,03_US10Y,0,00_Copper,1.0,-1.3969
62,2005-12,3,03_US10Y,0,00_Copper,1.0,-1.772
63,2006-01,3,03_US10Y,0,00_Copper,1.0,-1.9858
64,2006-02,3,03_US10Y,0,00_Copper,1.0,-2.0976
65,2006-03,3,03_US10Y,0,00_Copper,1.0,-2.1414
66,2006-04,3,03_US10Y,0,00_Copper,1.0,-2.151
67,2006-05,3,03_US10Y,0,00_Copper,1.0,-2.189
68,2006-06,3,03_US10Y,0,00_Copper,1.0,-2.3603
69,2006-07,3,03_US10Y,0,00_Copper,1.0,-2.7387
70,2006-08,3,03_US10Y,0,00_Copper,1.0,3.1106
71,2006-09,3,03_US10Y,0,00_Copper,1.0,2.9027
72,2006-10,3,03_US10Y,0,00_Copper,1.0,-2.7899
73,2006-11,3,03_US10Y,0,00_Copper,1.0,-1.7804
74,2006-12,3,03_US10Y,0,00_Copper,1.0,-1.6643
75,2007-01,3,03_US10Y,0,00_Copper,1.0,-1.6615
76,2007-02,3,03_US10Y,0,00_Copper,1.0,-1.6269
77,2007-03,3,03_US10Y,0,00_Copper,1.0,-1.5141
78,2007-04,3,03_US10Y,0,00_Copper,1.0,-1.2926
79,2007-05,3,03_US10Y,0,00_Copper,1.0,-0.9298
80,2007-06,3,03_US10Y,0,00_Copper,1.0,-0.4087
81,2007-07,3,03_US10Y,0,00_Copper,1.0,0.1344
82,2007-08,3,03_US10Y,0,00_Copper,1.0,0.4923
83,2007-09,3,03_US10Y,0,00_Copper,1.0,0.6543
84,2007-10,3,03_US10Y,0,00_Copper,1.0,0.6773
85,2007-11,3,03_US10Y,0,00_Copper,1.0,0.5912
86,2007-12,3,03_US10Y,0,00_Copper,1.0,0.4034
87,2008-01,3,03_US10Y,0,00_Copper,1.0,0.1212
88,2008-02,3,03_US10Y,0,00_Copper,1.0,-0.2225
89,2008-03,3,03_US10Y,0,00_Copper,1.0,-0.5777
90,2008-04,3,03_US10Y,0,00_Copper,1.0,-0.9529
91,2008-05,3,03_US10Y,0,00_Copper,1.0,-1.4402
92,2008-06,3,03_US10Y,0,00_Copper,1.0,-1.8905
93,2008-07,3,03_US10Y,0,00_Copper,1.0,-2.144
94,2008-08,3,03_US10Y,0,00_Copper,1.0,-2.3195
95,2008-09,3,03_US10Y,0,00_Copper,1.0,-2.4881
96,2008-10,3,03_US10Y,0,00_Copper,1.0,-2.6698
97,2008-11,3,03_US10Y,0,00_Copper,1.0,-2.8649
98,2008-12,3,03_US10Y,0,00_Copper,1.0,-3.062
99,2009-01,3,03_US10Y,0,00_Copper,1.0,3.0412
100,2009-02,3,03_US10Y,0,00_Copper,1.0,2.8955
101,2009-03,3,03_US10Y,0,00_Copper,1.0,2.7925
102,2009-04,3,03_US10Y,0,00_Copper,1.0,2.7335
103,2009-05,3,03_US10Y,0,00_Copper,1.0,2.7154
104,2009-06,3,03_US10Y,0,00_Copper,1.0,2.731
105,2009-07,3,03_US10Y,0,00_Copper,1.0,2.7681
106,2009-08,3,03_US10Y,0,00_Copper,1.0,2.8042
107,2009-09,3,03_US10Y,0,00_Copper,1.0,2.7941
108,2009-10,3,03_US10Y,0,00_Copper,1.0,2.6158
109,2009-11,3,03_US10Y,0,00_Copper,1.0,2.0344
110,2009-12,3,03_US10Y,0,00_Copper,1.0,1.4515
111,2010-01,3,03_US10Y,0,00_Copper,1.0,1.2284
112,2010-02,3,03_US10Y,0,00_Copper,1.0,1.1378
113,2010-03,3,03_US10Y,0,00_Copper,1.0,1.0772
114,2010-04,3,03_US10Y,0,00_Copper,1.0,1.0158
115,2010-05,3,03_US10Y,0,00_Copper,1.0,0.9458
116,2010-06,3,03_US10Y,0,00_Copper,1.0,0.865
117,2010-07,3,03_US10Y,0,00_Copper,1.0,0.7626
118,2010-08,3,03_US10Y,0,00_Copper,1.0,0.5979
119,2010-09,3,03_US10Y,0,00_Copper,1.0,0.2915
120,2010-10,3,03_US10Y,0,00_Copper,1.0,-0.1036
121,2010-11,3,03_US10Y,0,00_Copper,1.0,-0.346
122,2010-12,3,03_US10Y,0,00_Copper,1.0,-0.4416
123,2011-01,3,03_US10Y,0,00_Copper,1.0,-0.4776
124,2011-02,3,03_US10Y,0,00_Copper,1.0,-0.4599
125,2011-03,3,03_US10Y,0,00_Copper,1.0,-0.2521
126,2011-04,3,03_US10Y,0,00_Copper,1.0,0.0761
127,2011-05,3,03_US10Y,0,00_Copper,1.0,-0.0268
128,2011-06,3,03_US10Y,0,00_Copper,1.0,-0.1871
129,2011-07,3,03_US10Y,0,00_Copper,1.0,-0.2806
130,2011-08,3,03_US10Y,0,00_Copper,1.0,-0.3265
131,2011-09,3,03_US10Y,0,00_Copper,1.0,-0.3398
132,2011-10,3,03_US10Y,0,00_Copper,1.0,-0.3253
133,2011-11,3,03_US10Y,0,00_Copper,1.0,-0.2815
134,2011-12,3,03_US10Y,0,00_Copper,1.0,-0.2006
135,2012-01,3,03_US10Y,0,00_Copper,1.0,-0.0675
136,2012-02,3,03_US10Y,0,00_Copper,1.0,0.1414
137,2012-03,3,03_US10Y,0,00_Copper,1.0,0.4505
138,2012-04,3,03_US10Y,0,00_Copper,1.0,0.8407
139,2012-05,3,03_US10Y,0,00_Copper,1.0,1.2313
140,2012-06,3,03_US10Y,0,00_Copper,1.0,1.586
141,2012-07,3,03_US10Y,0,00_Copper,1.0,1.975
142,2012-08,3,03_US10Y,0,00_Copper,1.0,2.5986
143,2012-09,3,03_US10Y,0,00_Copper,1.0,-1.7438
144,2012-10,3,03_US10Y,0,00_Copper,1.0,-0.1721
145,2012-11,3,03_US10Y,0,00_Copper,1.0,0.4206
146,2012-12,3,03_US10Y,0,00_Copper,1.0,0.8246
147,2013-01,3,03_US10Y,0,00_Copper,1.0,1.1536
148,2013-02,3,03_US10Y,0,00_Copper,1.0,1.4307
149,2013-03,3,03_US10Y,0,00_Copper,1.0,1.6613
150,2013-04,3,03_US10Y,0,00_Copper,1.0,1.8534
151,2013-05,3,03_US10Y,0,00_Copper,1.0,2.0195
152,2013-06,3,03_US10Y,0,00_Copper,1.0,2.1746
153,2013-07,3,03_US10Y,0,00_Copper,1.0,2.3475
154,2013-08,3,03_US10Y,0,00_Copper,1.0,2.7938
155,2013-09,3,03_US10Y,0,00_Copper,1.0,-1.3087
156,2013-10,3,03_US10Y,0,00_Copper,1.0,-1.2162
157,2013-11,3,03_US10Y,0,00_Copper,1.0,-1.4738
158,2013-12,3,03_US10Y,0,00_Copper,1.0,-1.8255
159,2014-01,3,03_US10Y,0,00_Copper,1.0,-2.0911
160,2014-02,3,03_US10Y,0,00_Copper,1.0,-2.2702
161,2014-03,3,03_US10Y,0,00_Copper,1.0,-2.4157
162,2014-04,3,03_US10Y,0,00_Copper,1.0,-2.5669
163,2014-05,3,03_US10Y,0,00_Copper,1.0,-2.7654
164,2014-06,3,03_US10Y,0,00_Copper,1.0,-3.0755
165,2014-07,3,03_US10Y,0,00_Copper,1.0,2.6949
166,2014-08,3,03_US10Y,0,00_Copper,1.0,1.945
167,2014-09,3,03_US10Y,0,00_Copper,1.0,1.1326
168,2014-10,3,03_US10Y,0,00_Copper,1.0,0.4207
169,2014-11,3,03_US10Y,0,00_Copper,1.0,-0.2224
170,2014-12,3,03_US10Y,0,00_Copper,1.0,-0.8242
171,2015-01,3,03_US10Y,0,00_Copper,1.0,-1.363
172,2015-02,3,03_US10Y,0,00_Copper,1.0,-1.8298
173,2015-03,3,03_US10Y,0,00_Copper,1.0,-2.2316
174,2015-04,3,03_US10Y,0,00_Copper,1.0,-2.5746
175,2015-05,3,03_US10Y,0,00_Copper,1.0,-2.8626
176,2015-06,3,03_US10Y,0,00_Copper,1.0,-3.0981
177,2015-07,3,03_US10Y,0,00_Copper,1.0,3.0037
178,2015-08,3,03_US10Y,0,00_Copper,1.0,2.896
179,2015-09,3,03_US10Y,0,00_Copper,1.0,2.9738
180,2015-10,3,03_US10Y,0,00_Copper,1.0,-2.5351
181,2015-11,3,03_US10Y,0,00_Copper,1.0,-2.9733
182,2015-12,3,03_US10Y,0,00_Copper,1.0,2.111
183,2016-01,3,03_US10Y,0,00_Copper,1.0,1.9435
184,2016-02,3,03_US10Y,0,00_Copper,1.0,1.8491
185,2016-03,3,03_US10Y,0,00_Copper,1.0,1.754
186,2016-04,3,03_US10Y,0,00_Copper,1.0,1.6442
187,2016-05,3,03_US10Y,0,00_Copper,1.0,1.5517
188,2016-06,3,03_US10Y,0,00_Copper,1.0,1.5315
189,2016-07,3,03_US10Y,0,00_Copper,1.0,1.5744
190,2016-08,3,03_US10Y,0,00_Copper,1.0,1.6192
191,2016-09,3,03_US10Y,0,00_Copper,1.0,1.6258
192,2016-10,3,03_US10Y,0,00_Copper,1.0,1.5965
193,2016-11,3,03_US10Y,0,00_Copper,1.0,1.5498
194,2016-12,3,03_US10Y,0,00_Copper,1.0,1.4959
195,2017-01,3,03_US10Y,0,00_Copper,1.0,1.4305
196,2017-02,3,03_US10Y,0,00_Copper,1.0,1.339
197,2017-03,3,03_US10Y,0,00_Copper,1.0,1.1993
198,2017-04,3,03_US10Y,0,00_Copper,1.0,0.9783
199,2017-05,3,03_US10Y,0,00_Copper,1.0,0.6282
200,2017-06,3,03_US10Y,0,00_Copper,1.0,0.1002
201,2017-07,3,03_US10Y,0,00_Copper,1.0,-0.5735
202,2017-08,3,03_US10Y,0,00_Copper,1.0,-1.2222
203,2017-09,3,03_US10Y,0,00_Copper,1.0,-1.7352
204,2017-10,3,03_US10Y,0,00_Copper,1.0,-2.1319
205,2017-11,3,03_US10Y,0,00_Copper,1.0,-2.4558
206,2017-12,3,03_US10Y,0,00_Copper,1.0,-2.7372
207,2018-01,3,03_US10Y,0,00_Copper,1.0,-2.9943
208,2018-02,3,03_US10Y,0,00_Copper,1.0,3.0422
209,2018-03,3,03_US10Y,0,00_Copper,1.0,2.7949
210,2018-04,3,03_US10Y,0,00_Copper,1.0,2.5259
211,2018-05,3,03_US10Y,0,00_Copper,1.0,2.1302
212,2018-06,3,03_US10Y,0,00_Copper,1.0,0.9342
213,2018-07,3,03_US10Y,0,00_Copper,1.0,-0.0093
214,2018-08,3,03_US10Y,0,00_Copper,1.0,-0.1392
215,2018-09,3,03_US10Y,0,00_Copper,1.0,-0.0923
216,2018-10,3,03_US10Y,0,00_Copper,1.0,-0.0224
217,2018-11,3,03_US10Y,0,00_Copper,1.0,0.0157
218,2018-12,3,03_US10Y,0,00_Copper,1.0,0.0131
219,2019-01,3,03_US10Y,0,00_Copper,1.0,-0.0212
220,2019-02,3,03_US10Y,0,00_Copper,1.0,-0.0682
221,2019-03,3,03_US10Y,0,00_Copper,1.0,-0.0979
222,2019-04,3,03_US10Y,0,00_Copper,1.0,-0.0774
223,2019-05,3,03_US10Y,0,00_Copper,1.0,-0.0018
224,2019-06,3,03_US10Y,0,00_Copper,1.0,0.0709
225,2019-07,3,03_US10Y,0,00_Copper,1.0,0.0572
226,2019-08,3,03_US10Y,0,00_Copper,1.0,-0.0906
227,2019-09,3,03_US10Y,0,00_Copper,1.0,-0.4054
228,2019-10,3,03_US10Y,0,00_Copper,1.0,-0.8737
229,2019-11,3,03_US10Y,0,00_Copper,1.0,-1.3151
230,2019-12,3,03_US10Y,0,00_Copper,1.0,-1.5918
231,2020-01,3,03_US10Y,0,00_Copper,1.0,-1.7366
232,2020-02,3,03_US10Y,0,00_Copper,1.0,-1.8038
233,2020-03,3,03_US10Y,0,00_Copper,1.0,-1.8228
234,2020-04,3,03_US10Y,0,00_Copper,1.0,-1.8093
235,2020-05,3,03_US10Y,0,00_Copper,1.0,-1.7754
236,2020-06,3,03_US10Y,0,00_Copper,1.0,-1.7312
237,2020-07,3,03_US10Y,0,00_Copper,1.0,-1.6836
238,2020-08,3,03_US10Y,0,00_Copper,1.0,-1.6404
239,2020-09,3,03_US10Y,0,00_Copper,1.0,-1.7842
240,2020-10,3,03_US10Y,0,00_Copper,1.0,1.913
241,2020-11,3,03_US10Y,0,00_Copper,1.0,2.3032
242,2020-12,3,03_US10Y,0,00_Copper,1.0,2.9201
243,2021-01,3,03_US10Y,0,00_Copper,1.0,-2.9358
244,2021-02,3,03_US10Y,0,00_Copper,1.0,-2.7182
245,2021-03,3,03_US10Y,0,00_Copper,1.0,-2.6072
246,2021-04,3,03_US10Y,0,00_Copper,1.0,-2.5879
247,2021-05,3,03_US10Y,0,00_Copper,1.0,-2.707
248,2021-06,3,03_US10Y,0,00_Copper,1.0,-2.9591
249,2021-07,3,03_US10Y,0,00_Copper,1.0,-3.1275
250,2021-08,3,03_US10Y,0,00_Copper,1.0,-3.0975
251,2021-09,3,03_US10Y,0,00_Copper,1.0,-2.9504
252,2021-10,3,03_US10Y,0,00_Copper,1.0,-2.7813
253,2021-11,3,03_US10Y,0,00_Copper,1.0,-2.6576
254,2021-12,3,03_US10Y,0,00_Copper,1.0,-2.6161
255,2022-01,3,03_US10Y,0,00_Copper,1.0,-2.6682
256,2022-02,3,03_US10Y,0,00_Copper,1.0,-2.8029
257,2022-03,3,03_US10Y,0,00_Copper,1.0,-2.9974
258,2022-04,3,03_US10Y,0,00_Copper,1.0,3.0391
259,2022-05,3,03_US10Y,0,00_Copper,1.0,2.7818
260,2022-06,3,03_US10Y,0,00_Copper,1.0,2.6377
261,2022-07,3,03_US10Y,0,00_Copper,1.0,2.658
262,2022-08,3,03_US10Y,0,00_Copper,1.0,2.8028
263,2022-09,3,03_US10Y,0,00_Copper,1.0,3.0417
264,2022-10,3,03_US10Y,0,00_Copper,1.0,-2.9141
265,2022-11,3,03_US10Y,0,00_Copper,1.0,-2.51
266,2022-12,3,03_US10Y,0,00_Copper,1.0,-2.0908
267,2023-01,3,03_US10Y,0,00_Copper,1.0,-1.7345
268,2023-02,3,03_US10Y,0,00_Copper,1.0,-1.4683
12,2001-10,3,03_US10Y,1,01_Oil,1.0,0.1571
13,2001-11,3,03_US10Y,1,01_Oil,1.0,0.2621
14,2001-12,3,03_US10Y,1,01_Oil,1.0,0.4094
15,2002-01,3,03_US10Y,1,01_Oil,1.0,0.5486
16,2002-02,3,03_US10Y,1,01_Oil,1.0,0.6412
17,2002-03,3,03_US10Y,1,01_Oil,1.0,0.6629
18,2002-04,3,03_US10Y,1,01_Oil,1.0,0.5974
19,2002-05,3,03_US10Y,1,01_Oil,1.0,0.4321
20,2002-06,3,03_US10Y,1,01_Oil,1.0,0.1707
21,2002-07,3,03_US10Y,1,01_Oil,1.0,-0.139
22,2002-08,3,03_US10Y,1,01_Oil,1.0,-0.3839
23,2002-09,3,03_US10Y,1,01_Oil,1.0,2.2938
24,2002-10,3,03_US10Y,1,01_Oil,1.0,2.3283
25,2002-11,3,03_US10Y,1,01_Oil,1.0,2.4194
26,2002-12,3,03_US10Y,1,01_Oil,1.0,2.7074
27,2003-01,3,03_US10Y,1,01_Oil,1.0,3.0761
28,2003-02,3,03_US10Y,1,01_Oil,1.0,-2.9714
29,2003-03,3,03_US10Y,1,01_Oil,1.0,-2.8722
30,2003-04,3,03_US10Y,1,01_Oil,1.0,-2.8446
31,2003-05,3,03_US10Y,1,01_Oil,1.0,-2.8482
32,2003-06,3,03_US10Y,1,01_Oil,1.0,-2.8591
33,2003-07,3,03_US10Y,1,01_Oil,1.0,-2.8526
34,2003-08,3,03_US10Y,1,01_Oil,1.0,-2.7763
35,2003-09,3,03_US10Y,1,01_Oil,1.0,-2.3227
36,2003-10,3,03_US10Y,1,01_Oil,1.0,-0.6931
37,2003-11,3,03_US10Y,1,01_Oil,1.0,-0.2549
38,2003-12,3,03_US10Y,1,01_Oil,1.0,-0.0057
39,2004-01,3,03_US10Y,1,01_Oil,1.0,0.3935
40,2004-02,3,03_US10Y,1,01_Oil,1.0,0.9311
41,2004-03,3,03_US10Y,1,01_Oil,1.0,1.3021
42,2004-04,3,03_US10Y,1,01_Oil,1.0,1.4834
43,2004-05,3,03_US10Y,1,01_Oil,1.0,1.5797
44,2004-06,3,03_US10Y,1,01_Oil,1.0,1.6548
45,2004-07,3,03_US10Y,1,01_Oil,1.0,1.8771
46,2004-08,3,03_US10Y,1,01_Oil,1.0,-1.8284
47,2004-09,3,03_US10Y,1,01_Oil,1.0,-1.8038
48,2004-10,3,03_US10Y,1,01_Oil,1.0,-2.2583
49,2004-11,3,03_US10Y,1,01_Oil,1.0,2.5958
50,2004-12,3,03_US10Y,1,01_Oil,1.0,2.1293
51,2005-01,3,03_US10Y,1,01_Oil,1.0,1.9802
52,2005-02,3,03_US10Y,1,01_Oil,1.0,1.8836
53,2005-03,3,03_US10Y,1,01_Oil,1.0,1.7861
54,2005-04,3,03_US10Y,1,01_Oil,1.0,1.6633
55,2005-05,3,03_US10Y,1,01_Oil,1.0,1.4875
56,2005-06,3,03_US10Y,1,01_Oil,1.0,1.1821
57,2005-07,3,03_US10Y,1,01_Oil,1.0,0.406
58,2005-08,3,03_US10Y,1,01_Oil,1.0,-0.8419
59,2005-09,3,03_US10Y,1,01_Oil,1.0,-1.3573
60,2005-10,3,03_US10Y,1,01_Oil,1.0,-1.6012
61,2005-11,3,03_US10Y,1,01_Oil,1.0,-1.7469
62,2005-12,3,03_US10Y,1,01_Oil,1.0,-1.8234
63,2006-01,3,03_US10Y,1,01_Oil,1.0,-1.8286
64,2006-02,3,03_US10Y,1,01_Oil,1.0,-1.7517
65,2006-03,3,03_US10Y,1,01_Oil,1.0,-1.582
66,2006-04,3,03_US10Y,1,01_Oil,1.0,-1.3295
67,2006-05,3,03_US10Y,1,01_Oil,1.0,-1.0665
68,2006-06,3,03_US10Y,1,01_Oil,1.0,-0.9473
69,2006-07,3,03_US10Y,1,01_Oil,1.0,-1.0985
70,2006-08,3,03_US10Y,1,01_Oil,1.0,-1.4018
71,2006-09,3,03_US10Y,1,01_Oil,1.0,-1.6505
72,2006-10,3,03_US10Y,1,01_Oil,1.0,-1.824
73,2006-11,3,03_US10Y,1,01_Oil,1.0,-1.946
74,2006-12,3,03_US10Y,1,01_Oil,1.0,-2.0192
75,2007-01,3,03_US10Y,1,01_Oil,1.0,-2.032
76,2007-02,3,03_US10Y,1,01_Oil,1.0,-1.9646
77,2007-03,3,03_US10Y,1,01_Oil,1.0,-1.798
78,2007-04,3,03_US10Y,1,01_Oil,1.0,-1.5273
79,2007-05,3,03_US10Y,1,01_Oil,1.0,-1.1732
80,2007-06,3,03_US10Y,1,01_Oil,1.0,-0.784
81,2007-07,3,03_US10Y,1,01_Oil,1.0,-0.4208
82,2007-08,3,03_US10Y,1,01_Oil,1.0,-0.1255
83,2007-09,3,03_US10Y,1,01_Oil,1.0,0.0933
84,2007-10,3,03_US10Y,1,01_Oil,1.0,0.2459
85,2007-11,3,03_US10Y,1,01_Oil,1.0,0.3434
86,2007-12,3,03_US10Y,1,01_Oil,1.0,0.3933
87,2008-01,3,03_US10Y,1,01_Oil,1.0,0.4129
88,2008-02,3,03_US10Y,1,01_Oil,1.0,0.4508
89,2008-03,3,03_US10Y,1,01_Oil,1.0,0.5878
90,2008-04,3,03_US10Y,1,01_Oil,1.0,0.8832
91,2008-05,3,03_US10Y,1,01_Oil,1.0,1.3187
92,2008-06,3,03_US10Y,1,01_Oil,1.0,1.7798
93,2008-07,3,03_US10Y,1,01_Oil,1.0,2.1522
94,2008-08,3,03_US10Y,1,01_Oil,1.0,2.4101
95,2008-09,3,03_US10Y,1,01_Oil,1.0,2.5721
96,2008-10,3,03_US10Y,1,01_Oil,1.0,2.6542
97,2008-11,3,03_US10Y,1,01_Oil,1.0,2.6618
98,2008-12,3,03_US10Y,1,01_Oil,1.0,2.5918
99,2009-01,3,03_US10Y,1,01_Oil,1.0,2.4393
100,2009-02,3,03_US10Y,1,01_Oil,1.0,2.2105
101,2009-03,3,03_US10Y,1,01_Oil,1.0,1.9351
102,2009-04,3,03_US10Y,1,01_Oil,1.0,1.6569
103,2009-05,3,03_US10Y,1,01_Oil,1.0,1.4046
104,2009-06,3,03_US10Y,1,01_Oil,1.0,1.1779
105,2009-07,3,03_US10Y,1,01_Oil,1.0,0.9539
106,2009-08,3,03_US10Y,1,01_Oil,1.0,0.6848
107,2009-09,3,03_US10Y,1,01_Oil,1.0,0.2418
108,2009-10,3,03_US10Y,1,01_Oil,1.0,-0.8741
109,2009-11,3,03_US10Y,1,01_Oil,1.0,-2.7848
110,2009-12,3,03_US10Y,1,01_Oil,1.0,2.3485
111,2010-01,3,03_US10Y,1,01_Oil,1.0,1.8269
112,2010-02,3,03_US10Y,1,01_Oil,1.0,1.5406
113,2010-03,3,03_US10Y,1,01_Oil,1.0,1.3439
114,2010-04,3,03_US10Y,1,01_Oil,1.0,1.1894
115,2010-05,3,03_US10Y,1,01_Oil,1.0,1.0637
116,2010-06,3,03_US10Y,1,01_Oil,1.0,0.9679
117,2010-07,3,03_US10Y,1,01_Oil,1.0,0.9078
118,2010-08,3,03_US10Y,1,01_Oil,1.0,0.8848
119,2010-09,3,03_US10Y,1,01_Oil,1.0,0.8844
120,2010-10,3,03_US10Y,1,01_Oil,1.0,0.862
121,2010-11,3,03_US10Y,1,01_Oil,1.0,0.7594
122,2010-12,3,03_US10Y,1,01_Oil,1.0,0.5803
123,2011-01,3,03_US10Y,1,01_Oil,1.0,0.3814
124,2011-02,3,03_US10Y,1,01_Oil,1.0,0.162
125,2011-03,3,03_US10Y,1,01_Oil,1.0,-0.1559
126,2011-04,3,03_US10Y,1,01_Oil,1.0,-0.6463
127,2011-05,3,03_US10Y,1,01_Oil,1.0,-1.1033
128,2011-06,3,03_US10Y,1,01_Oil,1.0,-1.2949
129,2011-07,3,03_US10Y,1,01_Oil,1.0,-1.2684
130,2011-08,3,03_US10Y,1,01_Oil,1.0,-1.1042
131,2011-09,3,03_US10Y,1,01_Oil,1.0,-0.8771
132,2011-10,3,03_US10Y,1,01_Oil,1.0,-0.6576
133,2011-11,3,03_US10Y,1,01_Oil,1.0,-0.4789
134,2011-12,3,03_US10Y,1,01_Oil,1.0,-0.3361
135,2012-01,3,03_US10Y,1,01_Oil,1.0,-0.2084
136,2012-02,3,03_US10Y,1,01_Oil,1.0,-0.0741
137,2012-03,3,03_US10Y,1,01_Oil,1.0,0.0707
138,2012-04,3,03_US10Y,1,01_Oil,1.0,0.1659
139,2012-05,3,03_US10Y,1,01_Oil,1.0,0.1263
140,2012-06,3,03_US10Y,1,01_Oil,1.0,0.0506
141,2012-07,3,03_US10Y,1,01_Oil,1.0,0.1111
142,2012-08,3,03_US10Y,1,01_Oil,1.0,0.386
143,2012-09,3,03_US10Y,1,01_Oil,1.0,0.8739
144,2012-10,3,03_US10Y,1,01_Oil,1.0,1.3881
145,2012-11,3,03_US10Y,1,01_Oil,1.0,1.7982
146,2012-12,3,03_US10Y,1,01_Oil,1.0,2.1509
147,2013-01,3,03_US10Y,1,01_Oil,1.0,2.4958
148,2013-02,3,03_US10Y,1,01_Oil,1.0,2.8503
149,2013-03,3,03_US10Y,1,01_Oil,1.0,-3.0699
150,2013-04,3,03_US10Y,1,01_Oil,1.0,-2.7291
151,2013-05,3,03_US10Y,1,01_Oil,1.0,-2.4631
152,2013-06,3,03_US10Y,1,01_Oil,1.0,-2.3005
153,2013-07,3,03_US10Y,1,01_Oil,1.0,-2.217
154,2013-08,3,03_US10Y,1,01_Oil,1.0,-1.94
155,2013-09,3,03_US10Y,1,01_Oil,1.0,0.0131
156,2013-10,3,03_US10Y,1,01_Oil,1.0,-0.149
157,2013-11,3,03_US10Y,1,01_Oil,1.0,-0.6375
158,2013-12,3,03_US10Y,1,01_Oil,1.0,-1.187
159,2014-01,3,03_US10Y,1,01_Oil,1.0,-1.6476
160,2014-02,3,03_US10Y,1,01_Oil,1.0,-1.9953
161,2014-03,3,03_US10Y,1,01_Oil,1.0,-2.2522
162,2014-04,3,03_US10Y,1,01_Oil,1.0,-2.4413
163,2014-05,3,03_US10Y,1,01_Oil,1.0,-2.5885
164,2014-06,3,03_US10Y,1,01_Oil,1.0,-2.7275
165,2014-07,3,03_US10Y,1,01_Oil,1.0,-2.9005
166,2014-08,3,03_US10Y,1,01_Oil,1.0,-3.1169
167,2014-09,3,03_US10Y,1,01_Oil,1.0,2.9797
168,2014-10,3,03_US10Y,1,01_Oil,1.0,2.8591
169,2014-11,3,03_US10Y,1,01_Oil,1.0,2.7723
170,2014-12,3,03_US10Y,1,01_Oil,1.0,2.698
171,2015-01,3,03_US10Y,1,01_Oil,1.0,2.633
172,2015-02,3,03_US10Y,1,01_Oil,1.0,2.5726
173,2015-03,3,03_US10Y,1,01_Oil,1.0,2.505
174,2015-04,3,03_US10Y,1,01_Oil,1.0,2.423
175,2015-05,3,03_US10Y,1,01_Oil,1.0,2.3308
176,2015-06,3,03_US10Y,1,01_Oil,1.0,2.2393
177,2015-07,3,03_US10Y,1,01_Oil,1.0,2.1619
178,2015-08,3,03_US10Y,1,01_Oil,1.0,2.1233
179,2015-09,3,03_US10Y,1,01_Oil,1.0,2.2172
180,2015-10,3,03_US10Y,1,01_Oil,1.0,2.6685
181,2015-11,3,03_US10Y,1,01_Oil,1.0,1.6551
182,2015-12,3,03_US10Y,1,01_Oil,1.0,1.5359
183,2016-01,3,03_US10Y,1,01_Oil,1.0,1.5079
184,2016-02,3,03_US10Y,1,01_Oil,1.0,1.494
185,2016-03,3,03_US10Y,1,01_Oil,1.0,1.4754
186,2016-04,3,03_US10Y,1,01_Oil,1.0,1.3001
187,2016-05,3,03_US10Y,1,01_Oil,1.0,-0.8287
188,2016-06,3,03_US10Y,1,01_Oil,1.0,-1.0777
189,2016-07,3,03_US10Y,1,01_Oil,1.0,-1.0847
190,2016-08,3,03_US10Y,1,01_Oil,1.0,-1.1175
191,2016-09,3,03_US10Y,1,01_Oil,1.0,-1.1979
192,2016-10,3,03_US10Y,1,01_Oil,1.0,-1.3008
193,2016-11,3,03_US10Y,1,01_Oil,1.0,-1.3943
194,2016-12,3,03_US10Y,1,01_Oil,1.0,-1.461
195,2017-01,3,03_US10Y,1,01_Oil,1.0,-1.5007
196,2017-02,3,03_US10Y,1,01_Oil,1.0,-1.5208
197,2017-03,3,03_US10Y,1,01_Oil,1.0,-1.5238
198,2017-04,3,03_US10Y,1,01_Oil,1.0,-1.4922
199,2017-05,3,03_US10Y,1,01_Oil,1.0,-1.3735
200,2017-06,3,03_US10Y,1,01_Oil,1.0,-1.1655
201,2017-07,3,03_US10Y,1,01_Oil,1.0,-1.1302
202,2017-08,3,03_US10Y,1,01_Oil,1.0,-1.4016
203,2017-09,3,03_US10Y,1,01_Oil,1.0,-1.8458
204,2017-10,3,03_US10Y,1,01_Oil,1.0,-2.2974
205,2017-11,3,03_US10Y,1,01_Oil,1.0,-2.6583
206,2017-12,3,03_US10Y,1,01_Oil,1.0,-2.9126
207,2018-01,3,03_US10Y,1,01_Oil,1.0,-3.0685
208,2018-02,3,03_US10Y,1,01_Oil,1.0,-3.0811
209,2018-03,3,03_US10Y,1,01_Oil,1.0,-1.4861
210,2018-04,3,03_US10Y,1,01_Oil,1.0,-0.4816
211,2018-05,3,03_US10Y,1,01_Oil,1.0,-0.3523
212,2018-06,3,03_US10Y,1,01_Oil,1.0,-0.2154
213,2018-07,3,03_US10Y,1,01_Oil,1.0,-0.0178
214,2018-08,3,03_US10Y,1,01_Oil,1.0,0.2415
215,2018-09,3,03_US10Y,1,01_Oil,1.0,0.5241
216,2018-10,3,03_US10Y,1,01_Oil,1.0,0.777
217,2018-11,3,03_US10Y,1,01_Oil,1.0,0.9759
218,2018-12,3,03_US10Y,1,01_Oil,1.0,1.1235
219,2019-01,3,03_US10Y,1,01_Oil,1.0,1.2268
220,2019-02,3,03_US10Y,1,01_Oil,1.0,1.2808
221,2019-03,3,03_US10Y,1,01_Oil,1.0,1.228
222,2019-04,3,03_US10Y,1,01_Oil,1.0,0.7354
223,2019-05,3,03_US10Y,1,01_Oil,1.0,-0.1818
224,2019-06,3,03_US10Y,1,01_Oil,1.0,-0.4068
225,2019-07,3,03_US10Y,1,01_Oil,1.0,-0.4945
226,2019-08,3,03_US10Y,1,01_Oil,1.0,-0.6528
227,2019-09,3,03_US10Y,1,01_Oil,1.0,-0.9271
228,2019-10,3,03_US10Y,1,01_Oil,1.0,-1.28
229,2019-11,3,03_US10Y,1,01_Oil,1.0,-1.5081
230,2019-12,3,03_US10Y,1,01_Oil,1.0,-1.5065
231,2020-01,3,03_US10Y,1,01_Oil,1.0,-1.4004
232,2020-02,3,03_US10Y,1,01_Oil,1.0,-1.2901
233,2020-03,3,03_US10Y,1,01_Oil,1.0,-1.1886
234,2020-04,3,03_US10Y,1,01_Oil,1.0,-1.0825
235,2020-05,3,03_US10Y,1,01_Oil,1.0,-0.9576
236,2020-06,3,03_US10Y,1,01_Oil,1.0,-0.7999
237,2020-07,3,03_US10Y,1,01_Oil,1.0,-0.588
238,2020-08,3,03_US10Y,1,01_Oil,1.0,-0.2812
239,2020-09,3,03_US10Y,1,01_Oil,1.0,0.1896
240,2020-10,3,03_US10Y,1,01_Oil,1.0,0.8751
241,2020-11,3,03_US10Y,1,01_Oil,1.0,1.741
242,2020-12,3,03_US10Y,1,01_Oil,1.0,2.6221
243,2021-01,3,03_US10Y,1,01_Oil,1.0,3.1169
244,2021-02,3,03_US10Y,1,01_Oil,1.0,-3.0972
245,2021-03,3,03_US10Y,1,01_Oil,1.0,2.8263
246,2021-04,3,03_US10Y,1,01_Oil,1.0,2.1467
247,2021-05,3,03_US10Y,1,01_Oil,1.0,1.5366
248,2021-06,3,03_US10Y,1,01_Oil,1.0,0.9833
249,2021-07,3,03_US10Y,1,01_Oil,1.0,0.5823
250,2021-08,3,03_US10Y,1,01_Oil,1.0,0.3949
251,2021-09,3,03_US10Y,1,01_Oil,1.0,0.3298
252,2021-10,3,03_US10Y,1,01_Oil,1.0,0.3083
253,2021-11,3,03_US10Y,1,01_Oil,1.0,0.2843
254,2021-12,3,03_US10Y,1,01_Oil,1.0,0.2315
255,2022-01,3,03_US10Y,1,01_Oil,1.0,0.1393
256,2022-02,3,03_US10Y,1,01_Oil,1.0,0.0214
257,2022-03,3,03_US10Y,1,01_Oil,1.0,-0.0918
258,2022-04,3,03_US10Y,1,01_Oil,1.0,-0.1995
259,2022-05,3,03_US10Y,1,01_Oil,1.0,-0.3649
260,2022-06,3,03_US10Y,1,01_Oil,1.0,-0.6429
261,2022-07,3,03_US10Y,1,01_Oil,1.0,-0.8798
262,2022-08,3,03_US10Y,1,01_Oil,1.0,-0.9385
263,2022-09,3,03_US10Y,1,01_Oil,1.0,-0.88
264,2022-10,3,03_US10Y,1,01_Oil,1.0,-0.7786
265,2022-11,3,03_US10Y,1,01_Oil,1.0,-0.6853
266,2022-12,3,03_US10Y,1,01_Oil,1.0,-0.6532
267,2023-01,3,03_US10Y,1,01_Oil,1.0,-0.7837
268,2023-02,3,03_US10Y,1,01_Oil,1.0,-1.2378
12,2001-10,3,03_US10Y,2,02_SP500,1.0,1.2029
13,2001-11,3,03_US10Y,2,02_SP500,1.0,1.1858
14,2001-12,3,03_US10Y,2,02_SP500,1.0,1.1536
15,2002-01,3,03_US10Y,2,02_SP500,1.0,1.1058
16,2002-02,3,03_US10Y,2,02_SP500,1.0,1.0319
17,2002-03,3,03_US10Y,2,02_SP500,1.0,0.9174
18,2002-04,3,03_US10Y,2,02_SP500,1.0,0.7502
19,2002-05,3,03_US10Y,2,02_SP500,1.0,0.5334
20,2002-06,3,03_US10Y,2,02_SP500,1.0,0.2954
21,2002-07,3,03_US10Y,2,02_SP500,1.0,0.0834
22,2002-08,3,03_US10Y,2,02_SP500,1.0,-0.0611
23,2002-09,3,03_US10Y,2,02_SP500,1.0,-0.121
24,2002-10,3,03_US10Y,2,02_SP500,1.0,-0.0828
25,2002-11,3,03_US10Y,2,02_SP500,1.0,0.0918
26,2002-12,3,03_US10Y,2,02_SP500,1.0,0.4451
27,2003-01,3,03_US10Y,2,02_SP500,1.0,0.8472
28,2003-02,3,03_US10Y,2,02_SP500,1.0,1.0666
29,2003-03,3,03_US10Y,2,02_SP500,1.0,1.0502
30,2003-04,3,03_US10Y,2,02_SP500,1.0,0.6981
31,2003-05,3,03_US10Y,2,02_SP500,1.0,-0.1162
32,2003-06,3,03_US10Y,2,02_SP500,1.0,-0.657
33,2003-07,3,03_US10Y,2,02_SP500,1.0,-0.8535
34,2003-08,3,03_US10Y,2,02_SP500,1.0,-0.9243
35,2003-09,3,03_US10Y,2,02_SP500,1.0,-0.9624
36,2003-10,3,03_US10Y,2,02_SP500,1.0,-1.145
37,2003-11,3,03_US10Y,2,02_SP500,1.0,-2.4588
38,2003-12,3,03_US10Y,2,02_SP500,1.0,-2.8346
39,2004-01,3,03_US10Y,2,02_SP500,1.0,-2.4697
40,2004-02,3,03_US10Y,2,02_SP500,1.0,-1.8835
41,2004-03,3,03_US10Y,2,02_SP500,1.0,-1.4586
42,2004-04,3,03_US10Y,2,02_SP500,1.0,-1.238
43,2004-05,3,03_US10Y,2,02_SP500,1.0,-1.1231
44,2004-06,3,03_US10Y,2,02_SP500,1.0,-1.0611
45,2004-07,3,03_US10Y,2,02_SP500,1.0,-1.0353
46,2004-08,3,03_US10Y,2,02_SP500,1.0,-1.0586
47,2004-09,3,03_US10Y,2,02_SP500,1.0,-1.2139
48,2004-10,3,03_US10Y,2,02_SP500,1.0,-2.0139
49,2004-11,3,03_US10Y,2,02_SP500,1.0,1.4141
50,2004-12,3,03_US10Y,2,02_SP500,1.0,0.6125
51,2005-01,3,03_US10Y,2,02_SP500,1.0,0.5669
52,2005-02,3,03_US10Y,2,02_SP500,1.0,0.6979
53,2005-03,3,03_US10Y,2,02_SP500,1.0,0.882
54,2005-04,3,03_US10Y,2,02_SP500,1.0,1.0466
55,2005-05,3,03_US10Y,2,02_SP500,1.0,1.1338
56,2005-06,3,03_US10Y,2,02_SP500,1.0,1.0993
57,2005-07,3,03_US10Y,2,02_SP500,1.0,0.8969
58,2005-08,3,03_US10Y,2,02_SP500,1.0,0.4826
59,2005-09,3,03_US10Y,2,02_SP500,1.0,-0.057
60,2005-10,3,03_US10Y,2,02_SP500,1.0,-0.5049
61,2005-11,3,03_US10Y,2,02_SP500,1.0,-0.8073
62,2005-12,3,03_US10Y,2,02_SP500,1.0,-1.0081
63,2006-01,3,03_US10Y,2,02_SP500,1.0,-1.1371
64,2006-02,3,03_US10Y,2,02_SP500,1.0,-1.2061
65,2006-03,3,03_US10Y,2,02_SP500,1.0,-1.2201
66,2006-04,3,03_US10Y,2,02_SP500,1.0,-1.1969
67,2006-05,3,03_US10Y,2,02_SP500,1.0,-1.1962
68,2006-06,3,03_US10Y,2,02_SP500,1.0,-1.3334
69,2006-07,3,03_US10Y,2,02_SP500,1.0,-1.7149
70,2006-08,3,03_US10Y,2,02_SP500,1.0,-2.2761
71,2006-09,3,03_US10Y,2,02_SP500,1.0,-2.9836
72,2006-10,3,03_US10Y,2,02_SP500,1.0,2.401
73,2006-11,3,03_US10Y,2,02_SP500,1.0,1.8162
74,2006-12,3,03_US10Y,2,02_SP500,1.0,1.5509
75,2007-01,3,03_US10Y,2,02_SP500,1.0,1.4323
76,2007-02,3,03_US10Y,2,02_SP500,1.0,1.3929
77,2007-03,3,03_US10Y,2,02_SP500,1.0,1.4078
78,2007-04,3,03_US10Y,2,02_SP500,1.0,1.4612
79,2007-05,3,03_US10Y,2,02_SP500,1.0,1.5319
80,2007-06,3,03_US10Y,2,02_SP500,1.0,1.5948
81,2007-07,3,03_US10Y,2,02_SP500,1.0,1.6328
82,2007-08,3,03_US10Y,2,02_SP500,1.0,1.6457
83,2007-09,3,03_US10Y,2,02_SP500,1.0,1.647
84,2007-10,3,03_US10Y,2,02_SP500,1.0,1.6583
85,2007-11,3,03_US10Y,2,02_SP500,1.0,1.7036
86,2007-12,3,03_US10Y,2,02_SP500,1.0,1.7954
87,2008-01,3,03_US10Y,2,02_SP500,1.0,1.9021
88,2008-02,3,03_US10Y,2,02_SP500,1.0,1.9744
89,2008-03,3,03_US10Y,2,02_SP500,1.0,2.0428
90,2008-04,3,03_US10Y,2,02_SP500,1.0,2.187
91,2008-05,3,03_US10Y,2,02_SP500,1.0,2.4349
92,2008-06,3,03_US10Y,2,02_SP500,1.0,2.7122
93,2008-07,3,03_US10Y,2,02_SP500,1.0,2.928
94,2008-08,3,03_US10Y,2,02_SP500,1.0,3.0669
95,2008-09,3,03_US10Y,2,02_SP500,1.0,-3.1315
96,2008-10,3,03_US10Y,2,02_SP500,1.0,-3.0813
97,2008-11,3,03_US10Y,2,02_SP500,1.0,-3.055
98,2008-12,3,03_US10Y,2,02_SP500,1.0,-3.0477
99,2009-01,3,03_US10Y,2,02_SP500,1.0,-3.0577
100,2009-02,3,03_US10Y,2,02_SP500,1.0,-3.0829
101,2009-03,3,03_US10Y,2,02_SP500,1.0,-3.1206
102,2009-04,3,03_US10Y,2,02_SP500,1.0,3.1161
103,2009-05,3,03_US10Y,2,02_SP500,1.0,3.0649
104,2009-06,3,03_US10Y,2,02_SP500,1.0,3.0135
105,2009-07,3,03_US10Y,2,02_SP500,1.0,2.9648
106,2009-08,3,03_US10Y,2,02_SP500,1.0,2.9148
107,2009-09,3,03_US10Y,2,02_SP500,1.0,2.8318
108,2009-10,3,03_US10Y,2,02_SP500,1.0,2.5964
109,2009-11,3,03_US10Y,2,02_SP500,1.0,1.967
110,2009-12,3,03_US10Y,2,02_SP500,1.0,1.3398
111,2010-01,3,03_US10Y,2,02_SP500,1.0,1.0779
112,2010-02,3,03_US10Y,2,02_SP500,1.0,0.9589
113,2010-03,3,03_US10Y,2,02_SP500,1.0,0.8839
114,2010-04,3,03_US10Y,2,02_SP500,1.0,0.827
115,2010-05,3,03_US10Y,2,02_SP500,1.0,0.7887
116,2010-06,3,03_US10Y,2,02_SP500,1.0,0.7833
117,2010-07,3,03_US10Y,2,02_SP500,1.0,0.8331
118,2010-08,3,03_US10Y,2,02_SP500,1.0,0.9677
119,2010-09,3,03_US10Y,2,02_SP500,1.0,1.2432
120,2010-10,3,03_US10Y,2,02_SP500,1.0,1.9697
121,2010-11,3,03_US10Y,2,02_SP500,1.0,-2.501
122,2010-12,3,03_US10Y,2,02_SP500,1.0,-1.9355
123,2011-01,3,03_US10Y,2,02_SP500,1.0,-1.7228
124,2011-02,3,03_US10Y,2,02_SP500,1.0,-1.6715
125,2011-03,3,03_US10Y,2,02_SP500,1.0,-1.8045
126,2011-04,3,03_US10Y,2,02_SP500,1.0,-2.1169
127,2011-05,3,03_US10Y,2,02_SP500,1.0,0.3842
128,2011-06,3,03_US10Y,2,02_SP500,1.0,0.224
129,2011-07,3,03_US10Y,2,02_SP500,1.0,0.1491
130,2011-08,3,03_US10Y,2,02_SP500,1.0,0.1282
131,2011-09,3,03_US10Y,2,02_SP500,1.0,0.13
132,2011-10,3,03_US10Y,2,02_SP500,1.0,0.1414
133,2011-11,3,03_US10Y,2,02_SP500,1.0,0.1586
134,2011-12,3,03_US10Y,2,02_SP500,1.0,0.1849
135,2012-01,3,03_US10Y,2,02_SP500,1.0,0.2329
136,2012-02,3,03_US10Y,2,02_SP500,1.0,0.3264
137,2012-03,3,03_US10Y,2,02_SP500,1.0,0.4947
138,2012-04,3,03_US10Y,2,02_SP500,1.0,0.732
139,2012-05,3,03_US10Y,2,02_SP500,1.0,0.9765
140,2012-06,3,03_US10Y,2,02_SP500,1.0,1.2038
141,2012-07,3,03_US10Y,2,02_SP500,1.0,1.4718
142,2012-08,3,03_US10Y,2,02_SP500,1.0,1.8793
143,2012-09,3,03_US10Y,2,02_SP500,1.0,2.4702
144,2012-10,3,03_US10Y,2,02_SP500,1.0,-0.1391
145,2012-11,3,03_US10Y,2,02_SP500,1.0,0.4112
146,2012-12,3,03_US10Y,2,02_SP500,1.0,0.838
147,2013-01,3,03_US10Y,2,02_SP500,1.0,1.2387
148,2013-02,3,03_US10Y,2,02_SP500,1.0,1.6375
149,2013-03,3,03_US10Y,2,02_SP500,1.0,2.0896
150,2013-04,3,03_US10Y,2,02_SP500,1.0,2.8076
151,2013-05,3,03_US10Y,2,02_SP500,1.0,-2.3424
152,2013-06,3,03_US10Y,2,02_SP500,1.0,-1.6615
153,2013-07,3,03_US10Y,2,02_SP500,1.0,-1.2947
154,2013-08,3,03_US10Y,2,02_SP500,1.0,-0.7464
155,2013-09,3,03_US10Y,2,02_SP500,1.0,1.5454
156,2013-10,3,03_US10Y,2,02_SP500,1.0,1.8419
157,2013-11,3,03_US10Y,2,02_SP500,1.0,1.9367
158,2013-12,3,03_US10Y,2,02_SP500,1.0,1.9822
159,2014-01,3,03_US10Y,2,02_SP500,1.0,2.0056
160,2014-02,3,03_US10Y,2,02_SP500,1.0,2.0186
161,2014-03,3,03_US10Y,2,02_SP500,1.0,2.0277
162,2014-04,3,03_US10Y,2,02_SP500,1.0,2.0299
163,2014-05,3,03_US10Y,2,02_SP500,1.0,1.9953
164,2014-06,3,03_US10Y,2,02_SP500,1.0,1.8369
165,2014-07,3,03_US10Y,2,02_SP500,1.0,1.4212
166,2014-08,3,03_US10Y,2,02_SP500,1.0,0.8705
167,2014-09,3,03_US10Y,2,02_SP500,1.0,0.5129
168,2014-10,3,03_US10Y,2,02_SP500,1.0,0.3511
169,2014-11,3,03_US10Y,2,02_SP500,1.0,0.2701
170,2014-12,3,03_US10Y,2,02_SP500,1.0,0.2018
171,2015-01,3,03_US10Y,2,02_SP500,1.0,0.12
172,2015-02,3,03_US10Y,2,02_SP500,1.0,0.0201
173,2015-03,3,03_US10Y,2,02_SP500,1.0,-0.0936
174,2015-04,3,03_US10Y,2,02_SP500,1.0,-0.2151
175,2015-05,3,03_US10Y,2,02_SP500,1.0,-0.3392
176,2015-06,3,03_US10Y,2,02_SP500,1.0,-0.4584
177,2015-07,3,03_US10Y,2,02_SP500,1.0,-0.556
178,2015-08,3,03_US10Y,2,02_SP500,1.0,-0.5922
179,2015-09,3,03_US10Y,2,02_SP500,1.0,-0.4267
180,2015-10,3,03_US10Y,2,02_SP500,1.0,0.5305
181,2015-11,3,03_US10Y,2,02_SP500,1.0,1.2879
182,2015-12,3,03_US10Y,2,02_SP500,1.0,1.4205
183,2016-01,3,03_US10Y,2,02_SP500,1.0,1.4166
184,2016-02,3,03_US10Y,2,02_SP500,1.0,1.3722
185,2016-03,3,03_US10Y,2,02_SP500,1.0,1.3159
186,2016-04,3,03_US10Y,2,02_SP500,1.0,1.2649
187,2016-05,3,03_US10Y,2,02_SP500,1.0,1.2281
188,2016-06,3,03_US10Y,2,02_SP500,1.0,1.1955
189,2016-07,3,03_US10Y,2,02_SP500,1.0,1.1386
190,2016-08,3,03_US10Y,2,02_SP500,1.0,1.0344
191,2016-09,3,03_US10Y,2,02_SP500,1.0,0.8894
192,2016-10,3,03_US10Y,2,02_SP500,1.0,0.7349
193,2016-11,3,03_US10Y,2,02_SP500,1.0,0.609
194,2016-12,3,03_US10Y,2,02_SP500,1.0,0.5474
195,2017-01,3,03_US10Y,2,02_SP500,1.0,0.5947
196,2017-02,3,03_US10Y,2,02_SP500,1.0,0.8242
197,2017-03,3,03_US10Y,2,02_SP500,1.0,1.2189
198,2017-04,3,03_US10Y,2,02_SP500,1.0,1.4758
199,2017-05,3,03_US10Y,2,02_SP500,1.0,1.4932
200,2017-06,3,03_US10Y,2,02_SP500,1.0,1.3856
201,2017-07,3,03_US10Y,2,02_SP500,1.0,1.2761
202,2017-08,3,03_US10Y,2,02_SP500,1.0,1.2762
203,2017-09,3,03_US10Y,2,02_SP500,1.0,1.3988
204,2017-10,3,03_US10Y,2,02_SP500,1.0,1.5081
205,2017-11,3,03_US10Y,2,02_SP500,1.0,1.5309
206,2017-12,3,03_US10Y,2,02_SP500,1.0,1.4987
207,2018-01,3,03_US10Y,2,02_SP500,1.0,1.4504
208,2018-02,3,03_US10Y,2,02_SP500,1.0,1.4121
209,2018-03,3,03_US10Y,2,02_SP500,1.0,1.4018
210,2018-04,3,03_US10Y,2,02_SP500,1.0,1.4326
211,2018-05,3,03_US10Y,2,02_SP500,1.0,1.5166
212,2018-06,3,03_US10Y,2,02_SP500,1.0,1.6642
213,2018-07,3,03_US10Y,2,02_SP500,1.0,1.8772
214,2018-08,3,03_US10Y,2,02_SP500,1.0,2.1402
215,2018-09,3,03_US10Y,2,02_SP500,1.0,2.4108
216,2018-10,3,03_US10Y,2,02_SP500,1.0,2.6463
217,2018-11,3,03_US10Y,2,02_SP500,1.0,3.0146
218,2018-12,3,03_US10Y,2,02_SP500,1.0,-0.5007
219,2019-01,3,03_US10Y,2,02_SP500,1.0,-0.42
220,2019-02,3,03_US10Y,2,02_SP500,1.0,-0.4106
221,2019-03,3,03_US10Y,2,02_SP500,1.0,-0.3986
222,2019-04,3,03_US10Y,2,02_SP500,1.0,-0.3496
223,2019-05,3,03_US10Y,2,02_SP500,1.0,-0.2602
224,2019-06,3,03_US10Y,2,02_SP500,1.0,-0.1851
225,2019-07,3,03_US10Y,2,02_SP500,1.0,-0.1997
226,2019-08,3,03_US10Y,2,02_SP500,1.0,-0.3444
227,2019-09,3,03_US10Y,2,02_SP500,1.0,-0.6418
228,2019-10,3,03_US10Y,2,02_SP500,1.0,-0.9068
229,2019-11,3,03_US10Y,2,02_SP500,1.0,1.5134
230,2019-12,3,03_US10Y,2,02_SP500,1.0,1.2719
231,2020-01,3,03_US10Y,2,02_SP500,1.0,1.1519
232,2020-02,3,03_US10Y,2,02_SP500,1.0,1.119
233,2020-03,3,03_US10Y,2,02_SP500,1.0,1.15
234,2020-04,3,03_US10Y,2,02_SP500,1.0,1.2377
235,2020-05,3,03_US10Y,2,02_SP500,1.0,1.3839
236,2020-06,3,03_US10Y,2,02_SP500,1.0,1.5927
237,2020-07,3,03_US10Y,2,02_SP500,1.0,1.8637
238,2020-08,3,03_US10Y,2,02_SP500,1.0,2.1845
239,2020-09,3,03_US10Y,2,02_SP500,1.0,2.5436
240,2020-10,3,03_US10Y,2,02_SP500,1.0,2.9738
241,2020-11,3,03_US10Y,2,02_SP500,1.0,-2.6927
242,2020-12,3,03_US10Y,2,02_SP500,1.0,-1.9339
243,2021-01,3,03_US10Y,2,02_SP500,1.0,-1.4298
244,2021-02,3,03_US10Y,2,02_SP500,1.0,-1.1913
245,2021-03,3,03_US10Y,2,02_SP500,1.0,-1.105
246,2021-04,3,03_US10Y,2,02_SP500,1.0,-1.1475
247,2021-05,3,03_US10Y,2,02_SP500,1.0,-1.3615
248,2021-06,3,03_US10Y,2,02_SP500,1.0,-1.7459
249,2021-07,3,03_US10Y,2,02_SP500,1.0,-2.0917
250,2021-08,3,03_US10Y,2,02_SP500,1.0,-2.2855
251,2021-09,3,03_US10Y,2,02_SP500,1.0,-2.3919
252,2021-10,3,03_US10Y,2,02_SP500,1.0,-2.4743
253,2021-11,3,03_US10Y,2,02_SP500,1.0,-2.5688
254,2021-12,3,03_US10Y,2,02_SP500,1.0,-2.6944
255,2022-01,3,03_US10Y,2,02_SP500,1.0,-2.851
256,2022-02,3,03_US10Y,2,02_SP500,1.0,-3.0069
257,2022-03,3,03_US10Y,2,02_SP500,1.0,-3.1035
258,2022-04,3,03_US10Y,2,02_SP500,1.0,-3.0956
259,2022-05,3,03_US10Y,2,02_SP500,1.0,-2.9799
260,2022-06,3,03_US10Y,2,02_SP500,1.0,-2.7857
261,2022-07,3,03_US10Y,2,02_SP500,1.0,-2.5528
262,2022-08,3,03_US10Y,2,02_SP500,1.0,-2.3124
263,2022-09,3,03_US10Y,2,02_SP500,1.0,-2.0814
264,2022-10,3,03_US10Y,2,02_SP500,1.0,-1.8647
265,2022-11,3,03_US10Y,2,02_SP500,1.0,-1.661
266,2022-12,3,03_US10Y,2,02_SP500,1.0,-1.4687
267,2023-01,3,03_US10Y,2,02_SP500,1.0,-1.2905
268,2023-02,3,03_US10Y,2,02_SP500,1.0,-1.1423
12,2001-10,3,03_US10Y,3,03_US10Y,1.0,0.0
13,2001-11,3,03_US10Y,3,03_US10Y,1.0,0.0
14,2001-12,3,03_US10Y,3,03_US10Y,1.0,-0.0
15,2002-01,3,03_US10Y,3,03_US10Y,1.0,0.0
16,2002-02,3,03_US10Y,3,03_US10Y,1.0,0.0
17,2002-03,3,03_US10Y,3,03_US10Y,1.0,0.0
18,2002-04,3,03_US10Y,3,03_US10Y,1.0,-0.0
19,2002-05,3,03_US10Y,3,03_US10Y,1.0,0.0
20,2002-06,3,03_US10Y,3,03_US10Y,1.0,-0.0
21,2002-07,3,03_US10Y,3,03_US10Y,1.0,0.0
22,2002-08,3,03_US10Y,3,03_US10Y,1.0,-0.0
23,2002-09,3,03_US10Y,3,03_US10Y,1.0,-0.0
24,2002-10,3,03_US10Y,3,03_US10Y,1.0,0.0
25,2002-11,3,03_US10Y,3,03_US10Y,1.0,0.0
26,2002-12,3,03_US10Y,3,03_US10Y,1.0,0.0
27,2003-01,3,03_US10Y,3,03_US10Y,1.0,0.0
28,2003-02,3,03_US10Y,3,03_US10Y,1.0,-0.0
29,2003-03,3,03_US10Y,3,03_US10Y,1.0,-0.0
30,2003-04,3,03_US10Y,3,03_US10Y,1.0,-0.0
31,2003-05,3,03_US10Y,3,03_US10Y,1.0,-0.0
32,2003-06,3,03_US10Y,3,03_US10Y,1.0,0.0
33,2003-07,3,03_US10Y,3,03_US10Y,1.0,0.0
34,2003-08,3,03_US10Y,3,03_US10Y,1.0,0.0
35,2003-09,3,03_US10Y,3,03_US10Y,1.0,-0.0
36,2003-10,3,03_US10Y,3,03_US10Y,1.0,-0.0
37,2003-11,3,03_US10Y,3,03_US10Y,1.0,-0.0
38,2003-12,3,03_US10Y,3,03_US10Y,1.0,0.0
39,2004-01,3,03_US10Y,3,03_US10Y,1.0,0.0
40,2004-02,3,03_US10Y,3,03_US10Y,1.0,-0.0
41,2004-03,3,03_US10Y,3,03_US10Y,1.0,0.0
42,2004-04,3,03_US10Y,3,03_US10Y,1.0,-0.0
43,2004-05,3,03_US10Y,3,03_US10Y,1.0,0.0
44,2004-06,3,03_US10Y,3,03_US10Y,1.0,-0.0
45,2004-07,3,03_US10Y,3,03_US10Y,1.0,0.0
46,2004-08,3,03_US10Y,3,03_US10Y,1.0,0.0
47,2004-09,3,03_US10Y,3,03_US10Y,1.0,-0.0
48,2004-10,3,03_US10Y,3,03_US10Y,1.0,0.0
49,2004-11,3,03_US10Y,3,03_US10Y,1.0,-0.0
50,2004-12,3,03_US10Y,3,03_US10Y,1.0,0.0
51,2005-01,3,03_US10Y,3,03_US10Y,1.0,0.0
52,2005-02,3,03_US10Y,3,03_US10Y,1.0,0.0
53,2005-03,3,03_US10Y,3,03_US10Y,1.0,0.0
54,2005-04,3,03_US10Y,3,03_US10Y,1.0,0.0
55,2005-05,3,03_US10Y,3,03_US10Y,1.0,0.0
56,2005-06,3,03_US10Y,3,03_US10Y,1.0,0.0
57,2005-07,3,03_US10Y,3,03_US10Y,1.0,0.0
58,2005-08,3,03_US10Y,3,03_US10Y,1.0,0.0
59,2005-09,3,03_US10Y,3,03_US10Y,1.0,0.0
60,2005-10,3,03_US10Y,3,03_US10Y,1.0,-0.0
61,2005-11,3,03_US10Y,3,03_US10Y,1.0,-0.0
62,2005-12,3,03_US10Y,3,03_US10Y,1.0,0.0
63,2006-01,3,03_US10Y,3,03_US10Y,1.0,-0.0
64,2006-02,3,03_US10Y,3,03_US10Y,1.0,-0.0
65,2006-03,3,03_US10Y,3,03_US10Y,1.0,-0.0
66,2006-04,3,03_US10Y,3,03_US10Y,1.0,-0.0
67,2006-05,3,03_US10Y,3,03_US10Y,1.0,-0.0
68,2006-06,3,03_US10Y,3,03_US10Y,1.0,0.0
69,2006-07,3,03_US10Y,3,03_US10Y,1.0,0.0
70,2006-08,3,03_US10Y,3,03_US10Y,1.0,-0.0
71,2006-09,3,03_US10Y,3,03_US10Y,1.0,0.0
72,2006-10,3,03_US10Y,3,03_US10Y,1.0,0.0
73,2006-11,3,03_US10Y,3,03_US10Y,1.0,0.0
74,2006-12,3,03_US10Y,3,03_US10Y,1.0,0.0
75,2007-01,3,03_US10Y,3,03_US10Y,1.0,-0.0
76,2007-02,3,03_US10Y,3,03_US10Y,1.0,0.0
77,2007-03,3,03_US10Y,3,03_US10Y,1.0,0.0
78,2007-04,3,03_US10Y,3,03_US10Y,1.0,0.0
79,2007-05,3,03_US10Y,3,03_US10Y,1.0,0.0
80,2007-06,3,03_US10Y,3,03_US10Y,1.0,0.0
81,2007-07,3,03_US10Y,3,03_US10Y,1.0,-0.0
82,2007-08,3,03_US10Y,3,03_US10Y,1.0,0.0
83,2007-09,3,03_US10Y,3,03_US10Y,1.0,-0.0
84,2007-10,3,03_US10Y,3,03_US10Y,1.0,-0.0
85,2007-11,3,03_US10Y,3,03_US10Y,1.0,-0.0
86,2007-12,3,03_US10Y,3,03_US10Y,1.0,0.0
87,2008-01,3,03_US10Y,3,03_US10Y,1.0,0.0
88,2008-02,3,03_US10Y,3,03_US10Y,1.0,-0.0
89,2008-03,3,03_US10Y,3,03_US10Y,1.0,-0.0
90,2008-04,3,03_US10Y,3,03_US10Y,1.0,-0.0
91,2008-05,3,03_US10Y,3,03_US10Y,1.0,-0.0
92,2008-06,3,03_US10Y,3,03_US10Y,1.0,0.0
93,2008-07,3,03_US10Y,3,03_US10Y,1.0,-0.0
94,2008-08,3,03_US10Y,3,03_US10Y,1.0,-0.0
95,2008-09,3,03_US10Y,3,03_US10Y,1.0,0.0
96,2008-10,3,03_US10Y,3,03_US10Y,1.0,0.0
97,2008-11,3,03_US10Y,3,03_US10Y,1.0,-0.0
98,2008-12,3,03_US10Y,3,03_US10Y,1.0,-0.0
99,2009-01,3,03_US10Y,3,03_US10Y,1.0,-0.0
100,2009-02,3,03_US10Y,3,03_US10Y,1.0,0.0
101,2009-03,3,03_US10Y,3,03_US10Y,1.0,-0.0
102,2009-04,3,03_US10Y,3,03_US10Y,1.0,-0.0
103,2009-05,3,03_US10Y,3,03_US10Y,1.0,-0.0
104,2009-06,3,03_US10Y,3,03_US10Y,1.0,0.0
105,2009-07,3,03_US10Y,3,03_US10Y,1.0,-0.0
106,2009-08,3,03_US10Y,3,03_US10Y,1.0,-0.0
107,2009-09,3,03_US10Y,3,03_US10Y,1.0,-0.0
108,2009-10,3,03_US10Y,3,03_US10Y,1.0,0.0
109,2009-11,3,03_US10Y,3,03_US10Y,1.0,0.0
110,2009-12,3,03_US10Y,3,03_US10Y,1.0,0.0
111,2010-01,3,03_US10Y,3,03_US10Y,1.0,0.0
112,2010-02,3,03_US10Y,3,03_US10Y,1.0,0.0
113,2010-03,3,03_US10Y,3,03_US10Y,1.0,0.0
114,2010-04,3,03_US10Y,3,03_US10Y,1.0,0.0
115,2010-05,3,03_US10Y,3,03_US10Y,1.0,-0.0
116,2010-06,3,03_US10Y,3,03_US10Y,1.0,0.0
117,2010-07,3,03_US10Y,3,03_US10Y,1.0,0.0
118,2010-08,3,03_US10Y,3,03_US10Y,1.0,0.0
119,2010-09,3,03_US10Y,3,03_US10Y,1.0,0.0
120,2010-10,3,03_US10Y,3,03_US10Y,1.0,-0.0
121,2010-11,3,03_US10Y,3,03_US10Y,1.0,-0.0
122,2010-12,3,03_US10Y,3,03_US10Y,1.0,0.0
123,2011-01,3,03_US10Y,3,03_US10Y,1.0,-0.0
124,2011-02,3,03_US10Y,3,03_US10Y,1.0,-0.0
125,2011-03,3,03_US10Y,3,03_US10Y,1.0,0.0
126,2011-04,3,03_US10Y,3,03_US10Y,1.0,0.0
127,2011-05,3,03_US10Y,3,03_US10Y,1.0,0.0
128,2011-06,3,03_US10Y,3,03_US10Y,1.0,0.0
129,2011-07,3,03_US10Y,3,03_US10Y,1.0,0.0
130,2011-08,3,03_US10Y,3,03_US10Y,1.0,0.0
131,2011-09,3,03_US10Y,3,03_US10Y,1.0,0.0
132,2011-10,3,03_US10Y,3,03_US10Y,1.0,-0.0
133,2011-11,3,03_US10Y,3,03_US10Y,1.0,-0.0
134,2011-12,3,03_US10Y,3,03_US10Y,1.0,0.0
135,2012-01,3,03_US10Y,3,03_US10Y,1.0,-0.0
136,2012-02,3,03_US10Y,3,03_US10Y,1.0,-0.0
137,2012-03,3,03_US10Y,3,03_US10Y,1.0,0.0
138,2012-04,3,03_US10Y,3,03_US10Y,1.0,-0.0
139,2012-05,3,03_US10Y,3,03_US10Y,1.0,-0.0
140,2012-06,3,03_US10Y,3,03_US10Y,1.0,-0.0
141,2012-07,3,03_US10Y,3,03_US10Y,1.0,0.0
142,2012-08,3,03_US10Y,3,03_US10Y,1.0,0.0
143,2012-09,3,03_US10Y,3,03_US10Y,1.0,-0.0
144,2012-10,3,03_US10Y,3,03_US10Y,1.0,0.0
145,2012-11,3,03_US10Y,3,03_US10Y,1.0,0.0
146,2012-12,3,03_US10Y,3,03_US10Y,1.0,-0.0
147,2013-01,3,03_US10Y,3,03_US10Y,1.0,-0.0
148,2013-02,3,03_US10Y,3,03_US10Y,1.0,0.0
149,2013-03,3,03_US10Y,3,03_US10Y,1.0,-0.0
150,2013-04,3,03_US10Y,3,03_US10Y,1.0,0.0
151,2013-05,3,03_US10Y,3,03_US10Y,1.0,-0.0
152,2013-06,3,03_US10Y,3,03_US10Y,1.0,0.0
153,2013-07,3,03_US10Y,3,03_US10Y,1.0,-0.0
154,2013-08,3,03_US10Y,3,03_US10Y,1.0,0.0
155,2013-09,3,03_US10Y,3,03_US10Y,1.0,-0.0
156,2013-10,3,03_US10Y,3,03_US10Y,1.0,0.0
157,2013-11,3,03_US10Y,3,03_US10Y,1.0,-0.0
158,2013-12,3,03_US10Y,3,03_US10Y,1.0,-0.0
159,2014-01,3,03_US10Y,3,03_US10Y,1.0,0.0
160,2014-02,3,03_US10Y,3,03_US10Y,1.0,-0.0
161,2014-03,3,03_US10Y,3,03_US10Y,1.0,-0.0
162,2014-04,3,03_US10Y,3,03_US10Y,1.0,-0.0
163,2014-05,3,03_US10Y,3,03_US10Y,1.0,0.0
164,2014-06,3,03_US10Y,3,03_US10Y,1.0,-0.0
165,2014-07,3,03_US10Y,3,03_US10Y,1.0,-0.0
166,2014-08,3,03_US10Y,3,03_US10Y,1.0,0.0
167,2014-09,3,03_US10Y,3,03_US10Y,1.0,-0.0
168,2014-10,3,03_US10Y,3,03_US10Y,1.0,-0.0
169,2014-11,3,03_US10Y,3,03_US10Y,1.0,-0.0
170,2014-12,3,03_US10Y,3,03_US10Y,1.0,-0.0
171,2015-01,3,03_US10Y,3,03_US10Y,1.0,-0.0
172,2015-02,3,03_US10Y,3,03_US10Y,1.0,0.0
173,2015-03,3,03_US10Y,3,03_US10Y,1.0,0.0
174,2015-04,3,03_US10Y,3,03_US10Y,1.0,-0.0
175,2015-05,3,03_US10Y,3,03_US10Y,1.0,0.0
176,2015-06,3,03_US10Y,3,03_US10Y,1.0,-0.0
177,2015-07,3,03_US10Y,3,03_US10Y,1.0,-0.0
178,2015-08,3,03_US10Y,3,03_US10Y,1.0,0.0
179,2015-09,3,03_US10Y,3,03_US10Y,1.0,0.0
180,2015-10,3,03_US10Y,3,03_US10Y,1.0,0.0
181,2015-11,3,03_US10Y,3,03_US10Y,1.0,-0.0
182,2015-12,3,03_US10Y,3,03_US10Y,1.0,-0.0
183,2016-01,3,03_US10Y,3,03_US10Y,1.0,-0.0
184,2016-02,3,03_US10Y,3,03_US10Y,1.0,-0.0
185,2016-03,3,03_US10Y,3,03_US10Y,1.0,0.0
186,2016-04,3,03_US10Y,3,03_US10Y,1.0,-0.0
187,2016-05,3,03_US10Y,3,03_US10Y,1.0,-0.0
188,2016-06,3,03_US10Y,3,03_US10Y,1.0,-0.0
189,2016-07,3,03_US10Y,3,03_US10Y,1.0,0.0
190,2016-08,3,03_US10Y,3,03_US10Y,1.0,-0.0
191,2016-09,3,03_US10Y,3,03_US10Y,1.0,0.0
192,2016-10,3,03_US10Y,3,03_US10Y,1.0,0.0
193,2016-11,3,03_US10Y,3,03_US10Y,1.0,0.0
194,2016-12,3,03_US10Y,3,03_US10Y,1.0,0.0
195,2017-01,3,03_US10Y,3,03_US10Y,1.0,0.0
196,2017-02,3,03_US10Y,3,03_US10Y,1.0,0.0
197,2017-03,3,03_US10Y,3,03_US10Y,1.0,0.0
198,2017-04,3,03_US10Y,3,03_US10Y,1.0,0.0
199,2017-05,3,03_US10Y,3,03_US10Y,1.0,-0.0
200,2017-06,3,03_US10Y,3,03_US10Y,1.0,-0.0
201,2017-07,3,03_US10Y,3,03_US10Y,1.0,-0.0
202,2017-08,3,03_US10Y,3,03_US10Y,1.0,0.0
203,2017-09,3,03_US10Y,3,03_US10Y,1.0,0.0
204,2017-10,3,03_US10Y,3,03_US10Y,1.0,-0.0
205,2017-11,3,03_US10Y,3,03_US10Y,1.0,0.0
206,2017-12,3,03_US10Y,3,03_US10Y,1.0,0.0
207,2018-01,3,03_US10Y,3,03_US10Y,1.0,0.0
208,2018-02,3,03_US10Y,3,03_US10Y,1.0,-0.0
209,2018-03,3,03_US10Y,3,03_US10Y,1.0,0.0
210,2018-04,3,03_US10Y,3,03_US10Y,1.0,-0.0
211,2018-05,3,03_US10Y,3,03_US10Y,1.0,-0.0
212,2018-06,3,03_US10Y,3,03_US10Y,1.0,-0.0
213,2018-07,3,03_US10Y,3,03_US10Y,1.0,0.0
214,2018-08,3,03_US10Y,3,03_US10Y,1.0,0.0
215,2018-09,3,03_US10Y,3,03_US10Y,1.0,0.0
216,2018-10,3,03_US10Y,3,03_US10Y,1.0,-0.0
217,2018-11,3,03_US10Y,3,03_US10Y,1.0,-0.0
218,2018-12,3,03_US10Y,3,03_US10Y,1.0,-0.0
219,2019-01,3,03_US10Y,3,03_US10Y,1.0,0.0
220,2019-02,3,03_US10Y,3,03_US10Y,1.0,0.0
221,2019-03,3,03_US10Y,3,03_US10Y,1.0,-0.0
222,2019-04,3,03_US10Y,3,03_US10Y,1.0,0.0
223,2019-05,3,03_US10Y,3,03_US10Y,1.0,0.0
224,2019-06,3,03_US10Y,3,03_US10Y,1.0,-0.0
225,2019-07,3,03_US10Y,3,03_US10Y,1.0,-0.0
226,2019-08,3,03_US10Y,3,03_US10Y,1.0,0.0
227,2019-09,3,03_US10Y,3,03_US10Y,1.0,0.0
228,2019-10,3,03_US10Y,3,03_US10Y,1.0,-0.0
229,2019-11,3,03_US10Y,3,03_US10Y,1.0,0.0
230,2019-12,3,03_US10Y,3,03_US10Y,1.0,0.0
231,2020-01,3,03_US10Y,3,03_US10Y,1.0,-0.0
232,2020-02,3,03_US10Y,3,03_US10Y,1.0,0.0
233,2020-03,3,03_US10Y,3,03_US10Y,1.0,0.0
234,2020-04,3,03_US10Y,3,03_US10Y,1.0,0.0
235,2020-05,3,03_US10Y,3,03_US10Y,1.0,-0.0
236,2020-06,3,03_US10Y,3,03_US10Y,1.0,0.0
237,2020-07,3,03_US10Y,3,03_US10Y,1.0,0.0
238,2020-08,3,03_US10Y,3,03_US10Y,1.0,-0.0
239,2020-09,3,03_US10Y,3,03_US10Y,1.0,-0.0
240,2020-10,3,03_US10Y,3,03_US10Y,1.0,-0.0
241,2020-11,3,03_US10Y,3,03_US10Y,1.0,-0.0
242,2020-12,3,03_US10Y,3,03_US10Y,1.0,-0.0
243,2021-01,3,03_US10Y,3,03_US10Y,1.0,-0.0
244,2021-02,3,03_US10Y,3,03_US10Y,1.0,0.0
245,2021-03,3,03_US10Y,3,03_US10Y,1.0,-0.0
246,2021-04,3,03_US10Y,3,03_US10Y,1.0,-0.0
247,2021-05,3,03_US10Y,3,03_US10Y,1.0,-0.0
248,2021-06,3,03_US10Y,3,03_US10Y,1.0,0.0
249,2021-07,3,03_US10Y,3,03_US10Y,1.0,-0.0
250,2021-08,3,03_US10Y,3,03_US10Y,1.0,-0.0
251,2021-09,3,03_US10Y,3,03_US10Y,1.0,-0.0
252,2021-10,3,03_US10Y,3,03_US10Y,1.0,0.0
253,2021-11,3,03_US10Y,3,03_US10Y,1.0,0.0
254,2021-12,3,03_US10Y,3,03_US10Y,1.0,-0.0
255,2022-01,3,03_US10Y,3,03_US10Y,1.0,0.0
256,2022-02,3,03_US10Y,3,03_US10Y,1.0,-0.0
257,2022-03,3,03_US10Y,3,03_US10Y,1.0,-0.0
258,2022-04,3,03_US10Y,3,03_US10Y,1.0,-0.0
259,2022-05,3,03_US10Y,3,03_US10Y,1.0,-0.0
260,2022-06,3,03_US10Y,3,03_US10Y,1.0,0.0
261,2022-07,3,03_US10Y,3,03_US10Y,1.0,-0.0
262,2022-08,3,03_US10Y,3,03_US10Y,1.0,-0.0
263,2022-09,3,03_US10Y,3,03_US10Y,1.0,0.0
264,2022-10,3,03_US10Y,3,03_US10Y,1.0,0.0
265,2022-11,3,03_US10Y,3,03_US10Y,1.0,0.0
266,2022-12,3,03_US10Y,3,03_US10Y,1.0,-0.0
267,2023-01,3,03_US10Y,3,03_US10Y,1.0,-0.0
268,2023-02,3,03_US10Y,3,03_US10Y,1.0,0.0
12,2001-10,3,03_US10Y,4,04_US_Economy,1.0,1.1675
13,2001-11,3,03_US10Y,4,04_US_Economy,1.0,1.1558
14,2001-12,3,03_US10Y,4,04_US_Economy,1.0,1.1267
15,2002-01,3,03_US10Y,4,04_US_Economy,1.0,1.0807
16,2002-02,3,03_US10Y,4,04_US_Economy,1.0,1.0081
17,2002-03,3,03_US10Y,4,04_US_Economy,1.0,0.8951
18,2002-04,3,03_US10Y,4,04_US_Economy,1.0,0.7307
19,2002-05,3,03_US10Y,4,04_US_Economy,1.0,0.5171
20,2002-06,3,03_US10Y,4,04_US_Economy,1.0,0.2812
21,2002-07,3,03_US10Y,4,04_US_Economy,1.0,0.0715
22,2002-08,3,03_US10Y,4,04_US_Economy,1.0,-0.0657
23,2002-09,3,03_US10Y,4,04_US_Economy,1.0,-0.1123
24,2002-10,3,03_US10Y,4,04_US_Economy,1.0,-0.0568
25,2002-11,3,03_US10Y,4,04_US_Economy,1.0,0.1387
26,2002-12,3,03_US10Y,4,04_US_Economy,1.0,0.5179
27,2003-01,3,03_US10Y,4,04_US_Economy,1.0,0.9554
28,2003-02,3,03_US10Y,4,04_US_Economy,1.0,1.2289
29,2003-03,3,03_US10Y,4,04_US_Economy,1.0,1.3046
30,2003-04,3,03_US10Y,4,04_US_Economy,1.0,1.0645
31,2003-05,3,03_US10Y,4,04_US_Economy,1.0,-0.4206
32,2003-06,3,03_US10Y,4,04_US_Economy,1.0,-0.9814
33,2003-07,3,03_US10Y,4,04_US_Economy,1.0,-1.0637
34,2003-08,3,03_US10Y,4,04_US_Economy,1.0,-1.0534
35,2003-09,3,03_US10Y,4,04_US_Economy,1.0,-1.0169
36,2003-10,3,03_US10Y,4,04_US_Economy,1.0,-1.0581
37,2003-11,3,03_US10Y,4,04_US_Economy,1.0,-1.8807
38,2003-12,3,03_US10Y,4,04_US_Economy,1.0,-2.6703
39,2004-01,3,03_US10Y,4,04_US_Economy,1.0,-2.3729
40,2004-02,3,03_US10Y,4,04_US_Economy,1.0,-1.8067
41,2004-03,3,03_US10Y,4,04_US_Economy,1.0,-1.3944
42,2004-04,3,03_US10Y,4,04_US_Economy,1.0,-1.1848
43,2004-05,3,03_US10Y,4,04_US_Economy,1.0,-1.0815
44,2004-06,3,03_US10Y,4,04_US_Economy,1.0,-1.034
45,2004-07,3,03_US10Y,4,04_US_Economy,1.0,-1.0295
46,2004-08,3,03_US10Y,4,04_US_Economy,1.0,-1.0898
47,2004-09,3,03_US10Y,4,04_US_Economy,1.0,-1.3142
48,2004-10,3,03_US10Y,4,04_US_Economy,1.0,-2.1528
49,2004-11,3,03_US10Y,4,04_US_Economy,1.0,1.991
50,2004-12,3,03_US10Y,4,04_US_Economy,1.0,1.1671
51,2005-01,3,03_US10Y,4,04_US_Economy,1.0,1.0139
52,2005-02,3,03_US10Y,4,04_US_Economy,1.0,1.0485
53,2005-03,3,03_US10Y,4,04_US_Economy,1.0,1.1281
54,2005-04,3,03_US10Y,4,04_US_Economy,1.0,1.1877
55,2005-05,3,03_US10Y,4,04_US_Economy,1.0,1.1859
56,2005-06,3,03_US10Y,4,04_US_Economy,1.0,1.0813
57,2005-07,3,03_US10Y,4,04_US_Economy,1.0,0.8075
58,2005-08,3,03_US10Y,4,04_US_Economy,1.0,0.2841
59,2005-09,3,03_US10Y,4,04_US_Economy,1.0,-0.345
60,2005-10,3,03_US10Y,4,04_US_Economy,1.0,-0.7915
61,2005-11,3,03_US10Y,4,04_US_Economy,1.0,-1.0622
62,2005-12,3,03_US10Y,4,04_US_Economy,1.0,-1.2281
63,2006-01,3,03_US10Y,4,04_US_Economy,1.0,-1.32
64,2006-02,3,03_US10Y,4,04_US_Economy,1.0,-1.3484
65,2006-03,3,03_US10Y,4,04_US_Economy,1.0,-1.3192
66,2006-04,3,03_US10Y,4,04_US_Economy,1.0,-1.2525
67,2006-05,3,03_US10Y,4,04_US_Economy,1.0,-1.2084
68,2006-06,3,03_US10Y,4,04_US_Economy,1.0,-1.2989
69,2006-07,3,03_US10Y,4,04_US_Economy,1.0,-1.62
70,2006-08,3,03_US10Y,4,04_US_Economy,1.0,-2.0739
71,2006-09,3,03_US10Y,4,04_US_Economy,1.0,-2.5398
72,2006-10,3,03_US10Y,4,04_US_Economy,1.0,3.1078
73,2006-11,3,03_US10Y,4,04_US_Economy,1.0,2.2917
74,2006-12,3,03_US10Y,4,04_US_Economy,1.0,1.785
75,2007-01,3,03_US10Y,4,04_US_Economy,1.0,1.5555
76,2007-02,3,03_US10Y,4,04_US_Economy,1.0,1.4564
77,2007-03,3,03_US10Y,4,04_US_Economy,1.0,1.4297
78,2007-04,3,03_US10Y,4,04_US_Economy,1.0,1.4492
79,2007-05,3,03_US10Y,4,04_US_Economy,1.0,1.4911
80,2007-06,3,03_US10Y,4,04_US_Economy,1.0,1.5308
81,2007-07,3,03_US10Y,4,04_US_Economy,1.0,1.5515
82,2007-08,3,03_US10Y,4,04_US_Economy,1.0,1.5522
83,2007-09,3,03_US10Y,4,04_US_Economy,1.0,1.5448
84,2007-10,3,03_US10Y,4,04_US_Economy,1.0,1.5487
85,2007-11,3,03_US10Y,4,04_US_Economy,1.0,1.5864
86,2007-12,3,03_US10Y,4,04_US_Economy,1.0,1.6737
87,2008-01,3,03_US10Y,4,04_US_Economy,1.0,1.7891
88,2008-02,3,03_US10Y,4,04_US_Economy,1.0,1.8827
89,2008-03,3,03_US10Y,4,04_US_Economy,1.0,1.9723
90,2008-04,3,03_US10Y,4,04_US_Economy,1.0,2.1323
91,2008-05,3,03_US10Y,4,04_US_Economy,1.0,2.3915
92,2008-06,3,03_US10Y,4,04_US_Economy,1.0,2.6772
93,2008-07,3,03_US10Y,4,04_US_Economy,1.0,2.8991
94,2008-08,3,03_US10Y,4,04_US_Economy,1.0,3.0425
95,2008-09,3,03_US10Y,4,04_US_Economy,1.0,3.1297
96,2008-10,3,03_US10Y,4,04_US_Economy,1.0,-3.1027
97,2008-11,3,03_US10Y,4,04_US_Economy,1.0,-3.078
98,2008-12,3,03_US10Y,4,04_US_Economy,1.0,-3.0748
99,2009-01,3,03_US10Y,4,04_US_Economy,1.0,-3.0909
100,2009-02,3,03_US10Y,4,04_US_Economy,1.0,-3.1241
101,2009-03,3,03_US10Y,4,04_US_Economy,1.0,3.1122
102,2009-04,3,03_US10Y,4,04_US_Economy,1.0,3.0567
103,2009-05,3,03_US10Y,4,04_US_Economy,1.0,2.9983
104,2009-06,3,03_US10Y,4,04_US_Economy,1.0,2.944
105,2009-07,3,03_US10Y,4,04_US_Economy,1.0,2.9002
106,2009-08,3,03_US10Y,4,04_US_Economy,1.0,2.8654
107,2009-09,3,03_US10Y,4,04_US_Economy,1.0,2.8085
108,2009-10,3,03_US10Y,4,04_US_Economy,1.0,2.6032
109,2009-11,3,03_US10Y,4,04_US_Economy,1.0,1.9968
110,2009-12,3,03_US10Y,4,04_US_Economy,1.0,1.3801
111,2010-01,3,03_US10Y,4,04_US_Economy,1.0,1.1193
112,2010-02,3,03_US10Y,4,04_US_Economy,1.0,0.9968
113,2010-03,3,03_US10Y,4,04_US_Economy,1.0,0.9166
114,2010-04,3,03_US10Y,4,04_US_Economy,1.0,0.8539
115,2010-05,3,03_US10Y,4,04_US_Economy,1.0,0.8092
116,2010-06,3,03_US10Y,4,04_US_Economy,1.0,0.7954
117,2010-07,3,03_US10Y,4,04_US_Economy,1.0,0.8321
118,2010-08,3,03_US10Y,4,04_US_Economy,1.0,0.9408
119,2010-09,3,03_US10Y,4,04_US_Economy,1.0,1.1452
120,2010-10,3,03_US10Y,4,04_US_Economy,1.0,1.5223
121,2010-11,3,03_US10Y,4,04_US_Economy,1.0,-2.4911
122,2010-12,3,03_US10Y,4,04_US_Economy,1.0,-1.6565
123,2011-01,3,03_US10Y,4,04_US_Economy,1.0,-1.4161
124,2011-02,3,03_US10Y,4,04_US_Economy,1.0,-1.2954
125,2011-03,3,03_US10Y,4,04_US_Economy,1.0,-1.2673
126,2011-04,3,03_US10Y,4,04_US_Economy,1.0,-1.1433
127,2011-05,3,03_US10Y,4,04_US_Economy,1.0,-0.4599
128,2011-06,3,03_US10Y,4,04_US_Economy,1.0,-0.1637
129,2011-07,3,03_US10Y,4,04_US_Economy,1.0,-0.0753
130,2011-08,3,03_US10Y,4,04_US_Economy,1.0,-0.0223
131,2011-09,3,03_US10Y,4,04_US_Economy,1.0,0.0193
132,2011-10,3,03_US10Y,4,04_US_Economy,1.0,0.0545
133,2011-11,3,03_US10Y,4,04_US_Economy,1.0,0.0875
134,2011-12,3,03_US10Y,4,04_US_Economy,1.0,0.1255
135,2012-01,3,03_US10Y,4,04_US_Economy,1.0,0.1826
136,2012-02,3,03_US10Y,4,04_US_Economy,1.0,0.2824
137,2012-03,3,03_US10Y,4,04_US_Economy,1.0,0.4511
138,2012-04,3,03_US10Y,4,04_US_Economy,1.0,0.6778
139,2012-05,3,03_US10Y,4,04_US_Economy,1.0,0.8955
140,2012-06,3,03_US10Y,4,04_US_Economy,1.0,1.076
141,2012-07,3,03_US10Y,4,04_US_Economy,1.0,1.2683
142,2012-08,3,03_US10Y,4,04_US_Economy,1.0,1.5359
143,2012-09,3,03_US10Y,4,04_US_Economy,1.0,1.7586
144,2012-10,3,03_US10Y,4,04_US_Economy,1.0,1.2079
145,2012-11,3,03_US10Y,4,04_US_Economy,1.0,0.9531
146,2012-12,3,03_US10Y,4,04_US_Economy,1.0,1.1634
147,2013-01,3,03_US10Y,4,04_US_Economy,1.0,1.4779
148,2013-02,3,03_US10Y,4,04_US_Economy,1.0,1.8424
149,2013-03,3,03_US10Y,4,04_US_Economy,1.0,2.2971
150,2013-04,3,03_US10Y,4,04_US_Economy,1.0,3.0045
151,2013-05,3,03_US10Y,4,04_US_Economy,1.0,-2.3524
152,2013-06,3,03_US10Y,4,04_US_Economy,1.0,-1.7481
153,2013-07,3,03_US10Y,4,04_US_Economy,1.0,-1.3787
154,2013-08,3,03_US10Y,4,04_US_Economy,1.0,-0.8185
155,2013-09,3,03_US10Y,4,04_US_Economy,1.0,1.4874
156,2013-10,3,03_US10Y,4,04_US_Economy,1.0,1.7997
157,2013-11,3,03_US10Y,4,04_US_Economy,1.0,1.9124
158,2013-12,3,03_US10Y,4,04_US_Economy,1.0,1.9781
159,2014-01,3,03_US10Y,4,04_US_Economy,1.0,2.0245
160,2014-02,3,03_US10Y,4,04_US_Economy,1.0,2.0648
161,2014-03,3,03_US10Y,4,04_US_Economy,1.0,2.1072
162,2014-04,3,03_US10Y,4,04_US_Economy,1.0,2.1518
163,2014-05,3,03_US10Y,4,04_US_Economy,1.0,2.1732
164,2014-06,3,03_US10Y,4,04_US_Economy,1.0,2.0895
165,2014-07,3,03_US10Y,4,04_US_Economy,1.0,1.7361
166,2014-08,3,03_US10Y,4,04_US_Economy,1.0,1.1138
167,2014-09,3,03_US10Y,4,04_US_Economy,1.0,0.6505
168,2014-10,3,03_US10Y,4,04_US_Economy,1.0,0.435
169,2014-11,3,03_US10Y,4,04_US_Economy,1.0,0.3277
170,2014-12,3,03_US10Y,4,04_US_Economy,1.0,0.2446
171,2015-01,3,03_US10Y,4,04_US_Economy,1.0,0.1537
172,2015-02,3,03_US10Y,4,04_US_Economy,1.0,0.0482
173,2015-03,3,03_US10Y,4,04_US_Economy,1.0,-0.0685
174,2015-04,3,03_US10Y,4,04_US_Economy,1.0,-0.1916
175,2015-05,3,03_US10Y,4,04_US_Economy,1.0,-0.3177
176,2015-06,3,03_US10Y,4,04_US_Economy,1.0,-0.4405
177,2015-07,3,03_US10Y,4,04_US_Economy,1.0,-0.5427
178,2015-08,3,03_US10Y,4,04_US_Economy,1.0,-0.5833
179,2015-09,3,03_US10Y,4,04_US_Economy,1.0,-0.4216
180,2015-10,3,03_US10Y,4,04_US_Economy,1.0,0.5329
181,2015-11,3,03_US10Y,4,04_US_Economy,1.0,1.2885
182,2015-12,3,03_US10Y,4,04_US_Economy,1.0,1.4202
183,2016-01,3,03_US10Y,4,04_US_Economy,1.0,1.4162
184,2016-02,3,03_US10Y,4,04_US_Economy,1.0,1.3721
185,2016-03,3,03_US10Y,4,04_US_Economy,1.0,1.3155
186,2016-04,3,03_US10Y,4,04_US_Economy,1.0,1.2619
187,2016-05,3,03_US10Y,4,04_US_Economy,1.0,1.2183
188,2016-06,3,03_US10Y,4,04_US_Economy,1.0,1.1745
189,2016-07,3,03_US10Y,4,04_US_Economy,1.0,1.1029
190,2016-08,3,03_US10Y,4,04_US_Economy,1.0,0.9823
191,2016-09,3,03_US10Y,4,04_US_Economy,1.0,0.8201
192,2016-10,3,03_US10Y,4,04_US_Economy,1.0,0.6478
193,2016-11,3,03_US10Y,4,04_US_Economy,1.0,0.5025
194,2016-12,3,03_US10Y,4,04_US_Economy,1.0,0.4178
195,2017-01,3,03_US10Y,4,04_US_Economy,1.0,0.4378
196,2017-02,3,03_US10Y,4,04_US_Economy,1.0,0.6575
197,2017-03,3,03_US10Y,4,04_US_Economy,1.0,1.1287
198,2017-04,3,03_US10Y,4,04_US_Economy,1.0,1.455
199,2017-05,3,03_US10Y,4,04_US_Economy,1.0,1.483
200,2017-06,3,03_US10Y,4,04_US_Economy,1.0,1.3727
201,2017-07,3,03_US10Y,4,04_US_Economy,1.0,1.262
202,2017-08,3,03_US10Y,4,04_US_Economy,1.0,1.268
203,2017-09,3,03_US10Y,4,04_US_Economy,1.0,1.4053
204,2017-10,3,03_US10Y,4,04_US_Economy,1.0,1.525
205,2017-11,3,03_US10Y,4,04_US_Economy,1.0,1.5497
206,2017-12,3,03_US10Y,4,04_US_Economy,1.0,1.515
207,2018-01,3,03_US10Y,4,04_US_Economy,1.0,1.4626
208,2018-02,3,03_US10Y,4,04_US_Economy,1.0,1.4187
209,2018-03,3,03_US10Y,4,04_US_Economy,1.0,1.4014
210,2018-04,3,03_US10Y,4,04_US_Economy,1.0,1.4231
211,2018-05,3,03_US10Y,4,04_US_Economy,1.0,1.4952
212,2018-06,3,03_US10Y,4,04_US_Economy,1.0,1.6266
213,2018-07,3,03_US10Y,4,04_US_Economy,1.0,1.8167
214,2018-08,3,03_US10Y,4,04_US_Economy,1.0,2.0448
215,2018-09,3,03_US10Y,4,04_US_Economy,1.0,2.2543
216,2018-10,3,03_US10Y,4,04_US_Economy,1.0,2.343
217,2018-11,3,03_US10Y,4,04_US_Economy,1.0,1.7665
218,2018-12,3,03_US10Y,4,04_US_Economy,1.0,-0.0374
219,2019-01,3,03_US10Y,4,04_US_Economy,1.0,-0.2447
220,2019-02,3,03_US10Y,4,04_US_Economy,1.0,-0.3288
221,2019-03,3,03_US10Y,4,04_US_Economy,1.0,-0.3639
222,2019-04,3,03_US10Y,4,04_US_Economy,1.0,-0.3406
223,2019-05,3,03_US10Y,4,04_US_Economy,1.0,-0.2649
224,2019-06,3,03_US10Y,4,04_US_Economy,1.0,-0.1969
225,2019-07,3,03_US10Y,4,04_US_Economy,1.0,-0.2158
226,2019-08,3,03_US10Y,4,04_US_Economy,1.0,-0.3644
227,2019-09,3,03_US10Y,4,04_US_Economy,1.0,-0.6687
228,2019-10,3,03_US10Y,4,04_US_Economy,1.0,-1.0335
229,2019-11,3,03_US10Y,4,04_US_Economy,1.0,1.499
230,2019-12,3,03_US10Y,4,04_US_Economy,1.0,1.2525
231,2020-01,3,03_US10Y,4,04_US_Economy,1.0,1.1291
232,2020-02,3,03_US10Y,4,04_US_Economy,1.0,1.0936
233,2020-03,3,03_US10Y,4,04_US_Economy,1.0,1.1228
234,2020-04,3,03_US10Y,4,04_US_Economy,1.0,1.21
235,2020-05,3,03_US10Y,4,04_US_Economy,1.0,1.3577
236,2020-06,3,03_US10Y,4,04_US_Economy,1.0,1.5708
237,2020-07,3,03_US10Y,4,04_US_Economy,1.0,1.8482
238,2020-08,3,03_US10Y,4,04_US_Economy,1.0,2.175
239,2020-09,3,03_US10Y,4,04_US_Economy,1.0,2.5364
240,2020-10,3,03_US10Y,4,04_US_Economy,1.0,2.9653
241,2020-11,3,03_US10Y,4,04_US_Economy,1.0,-2.7043
242,2020-12,3,03_US10Y,4,04_US_Economy,1.0,-1.9482
243,2021-01,3,03_US10Y,4,04_US_Economy,1.0,-1.4455
244,2021-02,3,03_US10Y,4,04_US_Economy,1.0,-1.2063
245,2021-03,3,03_US10Y,4,04_US_Economy,1.0,-1.1169
246,2021-04,3,03_US10Y,4,04_US_Economy,1.0,-1.1537
247,2021-05,3,03_US10Y,4,04_US_Economy,1.0,-1.3595
248,2021-06,3,03_US10Y,4,04_US_Economy,1.0,-1.7342
249,2021-07,3,03_US10Y,4,04_US_Economy,1.0,-2.0709
250,2021-08,3,03_US10Y,4,04_US_Economy,1.0,-2.2581
251,2021-09,3,03_US10Y,4,04_US_Economy,1.0,-2.3616
252,2021-10,3,03_US10Y,4,04_US_Economy,1.0,-2.4446
253,2021-11,3,03_US10Y,4,04_US_Economy,1.0,-2.5423
254,2021-12,3,03_US10Y,4,04_US_Economy,1.0,-2.6726
255,2022-01,3,03_US10Y,4,04_US_Economy,1.0,-2.8341
256,2022-02,3,03_US10Y,4,04_US_Economy,1.0,-2.9936
257,2022-03,3,03_US10Y,4,04_US_Economy,1.0,-3.0917
258,2022-04,3,03_US10Y,4,04_US_Economy,1.0,-3.0832
259,2022-05,3,03_US10Y,4,04_US_Economy,1.0,-2.9657
260,2022-06,3,03_US10Y,4,04_US_Economy,1.0,-2.7696
261,2022-07,3,03_US10Y,4,04_US_Economy,1.0,-2.535
262,2022-08,3,03_US10Y,4,04_US_Economy,1.0,-2.2934
263,2022-09,3,03_US10Y,4,04_US_Economy,1.0,-2.0618
264,2022-10,3,03_US10Y,4,04_US_Economy,1.0,-1.845
265,2022-11,3,03_US10Y,4,04_US_Economy,1.0,-1.6423
266,2022-12,3,03_US10Y,4,04_US_Economy,1.0,-1.4522
267,2023-01,3,03_US10Y,4,04_US_Economy,1.0,-1.278
268,2023-02,3,03_US10Y,4,04_US_Economy,1.0,-1.1359
12,2001-10,3,03_US10Y,5,05_US_Inflation,1.0,-1.7591
13,2001-11,3,03_US10Y,5,05_US_Inflation,1.0,-1.8027
14,2001-12,3,03_US10Y,5,05_US_Inflation,1.0,-1.7497
15,2002-01,3,03_US10Y,5,05_US_Inflation,1.0,-1.6052
16,2002-02,3,03_US10Y,5,05_US_Inflation,1.0,-1.3822
17,2002-03,3,03_US10Y,5,05_US_Inflation,1.0,-1.1428
18,2002-04,3,03_US10Y,5,05_US_Inflation,1.0,-0.989
19,2002-05,3,03_US10Y,5,05_US_Inflation,1.0,-0.9787
20,2002-06,3,03_US10Y,5,05_US_Inflation,1.0,-1.1056
21,2002-07,3,03_US10Y,5,05_US_Inflation,1.0,-1.3046
22,2002-08,3,03_US10Y,5,05_US_Inflation,1.0,-1.463
23,2002-09,3,03_US10Y,5,05_US_Inflation,1.0,-1.3936
24,2002-10,3,03_US10Y,5,05_US_Inflation,1.0,0.2751
25,2002-11,3,03_US10Y,5,05_US_Inflation,1.0,1.0936
26,2002-12,3,03_US10Y,5,05_US_Inflation,1.0,1.5014
27,2003-01,3,03_US10Y,5,05_US_Inflation,1.0,1.9036
28,2003-02,3,03_US10Y,5,05_US_Inflation,1.0,2.1376
29,2003-03,3,03_US10Y,5,05_US_Inflation,1.0,2.2135
30,2003-04,3,03_US10Y,5,05_US_Inflation,1.0,2.2014
31,2003-05,3,03_US10Y,5,05_US_Inflation,1.0,2.144
32,2003-06,3,03_US10Y,5,05_US_Inflation,1.0,2.0644
33,2003-07,3,03_US10Y,5,05_US_Inflation,1.0,1.9849
34,2003-08,3,03_US10Y,5,05_US_Inflation,1.0,-1.6776
35,2003-09,3,03_US10Y,5,05_US_Inflation,1.0,-1.4168
36,2003-10,3,03_US10Y,5,05_US_Inflation,1.0,-1.482
37,2003-11,3,03_US10Y,5,05_US_Inflation,1.0,-1.5191
38,2003-12,3,03_US10Y,5,05_US_Inflation,1.0,-1.474
39,2004-01,3,03_US10Y,5,05_US_Inflation,1.0,-1.2604
40,2004-02,3,03_US10Y,5,05_US_Inflation,1.0,-0.9474
41,2004-03,3,03_US10Y,5,05_US_Inflation,1.0,-0.858
42,2004-04,3,03_US10Y,5,05_US_Inflation,1.0,-0.9961
43,2004-05,3,03_US10Y,5,05_US_Inflation,1.0,-1.2215
44,2004-06,3,03_US10Y,5,05_US_Inflation,1.0,-1.4629
45,2004-07,3,03_US10Y,5,05_US_Inflation,1.0,-1.7051
46,2004-08,3,03_US10Y,5,05_US_Inflation,1.0,-1.9594
47,2004-09,3,03_US10Y,5,05_US_Inflation,1.0,-2.2744
48,2004-10,3,03_US10Y,5,05_US_Inflation,1.0,-2.9346
49,2004-11,3,03_US10Y,5,05_US_Inflation,1.0,1.7538
50,2004-12,3,03_US10Y,5,05_US_Inflation,1.0,1.1485
51,2005-01,3,03_US10Y,5,05_US_Inflation,1.0,0.8849
52,2005-02,3,03_US10Y,5,05_US_Inflation,1.0,0.6983
53,2005-03,3,03_US10Y,5,05_US_Inflation,1.0,0.5324
54,2005-04,3,03_US10Y,5,05_US_Inflation,1.0,0.3507
55,2005-05,3,03_US10Y,5,05_US_Inflation,1.0,0.0318
56,2005-06,3,03_US10Y,5,05_US_Inflation,1.0,-2.1448
57,2005-07,3,03_US10Y,5,05_US_Inflation,1.0,-2.8169
58,2005-08,3,03_US10Y,5,05_US_Inflation,1.0,-3.0337
59,2005-09,3,03_US10Y,5,05_US_Inflation,1.0,3.0854
60,2005-10,3,03_US10Y,5,05_US_Inflation,1.0,2.947
61,2005-11,3,03_US10Y,5,05_US_Inflation,1.0,2.8372
62,2005-12,3,03_US10Y,5,05_US_Inflation,1.0,2.7677
63,2006-01,3,03_US10Y,5,05_US_Inflation,1.0,2.7538
64,2006-02,3,03_US10Y,5,05_US_Inflation,1.0,2.8153
65,2006-03,3,03_US10Y,5,05_US_Inflation,1.0,2.9816
66,2006-04,3,03_US10Y,5,05_US_Inflation,1.0,-2.9978
67,2006-05,3,03_US10Y,5,05_US_Inflation,1.0,-2.5947
68,2006-06,3,03_US10Y,5,05_US_Inflation,1.0,-2.3354
69,2006-07,3,03_US10Y,5,05_US_Inflation,1.0,-2.4397
70,2006-08,3,03_US10Y,5,05_US_Inflation,1.0,-2.759
71,2006-09,3,03_US10Y,5,05_US_Inflation,1.0,-3.0439
72,2006-10,3,03_US10Y,5,05_US_Inflation,1.0,3.0283
73,2006-11,3,03_US10Y,5,05_US_Inflation,1.0,2.8727
74,2006-12,3,03_US10Y,5,05_US_Inflation,1.0,2.7682
75,2007-01,3,03_US10Y,5,05_US_Inflation,1.0,2.7218
76,2007-02,3,03_US10Y,5,05_US_Inflation,1.0,2.746
77,2007-03,3,03_US10Y,5,05_US_Inflation,1.0,2.8578
78,2007-04,3,03_US10Y,5,05_US_Inflation,1.0,3.0887
79,2007-05,3,03_US10Y,5,05_US_Inflation,1.0,-2.7404
80,2007-06,3,03_US10Y,5,05_US_Inflation,1.0,-1.8716
81,2007-07,3,03_US10Y,5,05_US_Inflation,1.0,-1.1926
82,2007-08,3,03_US10Y,5,05_US_Inflation,1.0,-0.9958
83,2007-09,3,03_US10Y,5,05_US_Inflation,1.0,-1.0278
84,2007-10,3,03_US10Y,5,05_US_Inflation,1.0,-1.1523
85,2007-11,3,03_US10Y,5,05_US_Inflation,1.0,-1.2864
86,2007-12,3,03_US10Y,5,05_US_Inflation,1.0,-1.3949
87,2008-01,3,03_US10Y,5,05_US_Inflation,1.0,-1.4777
88,2008-02,3,03_US10Y,5,05_US_Inflation,1.0,-1.516
89,2008-03,3,03_US10Y,5,05_US_Inflation,1.0,-1.449
90,2008-04,3,03_US10Y,5,05_US_Inflation,1.0,-1.2115
91,2008-05,3,03_US10Y,5,05_US_Inflation,1.0,-0.7978
92,2008-06,3,03_US10Y,5,05_US_Inflation,1.0,-0.3054
93,2008-07,3,03_US10Y,5,05_US_Inflation,1.0,0.1405
94,2008-08,3,03_US10Y,5,05_US_Inflation,1.0,0.4836
95,2008-09,3,03_US10Y,5,05_US_Inflation,1.0,0.7192
96,2008-10,3,03_US10Y,5,05_US_Inflation,1.0,0.8612
97,2008-11,3,03_US10Y,5,05_US_Inflation,1.0,0.9272
98,2008-12,3,03_US10Y,5,05_US_Inflation,1.0,0.9317
99,2009-01,3,03_US10Y,5,05_US_Inflation,1.0,0.8849
100,2009-02,3,03_US10Y,5,05_US_Inflation,1.0,0.7942
101,2009-03,3,03_US10Y,5,05_US_Inflation,1.0,0.6652
102,2009-04,3,03_US10Y,5,05_US_Inflation,1.0,0.5036
103,2009-05,3,03_US10Y,5,05_US_Inflation,1.0,0.3158
104,2009-06,3,03_US10Y,5,05_US_Inflation,1.0,0.1097
105,2009-07,3,03_US10Y,5,05_US_Inflation,1.0,-0.1093
106,2009-08,3,03_US10Y,5,05_US_Inflation,1.0,-0.3477
107,2009-09,3,03_US10Y,5,05_US_Inflation,1.0,-0.6458
108,2009-10,3,03_US10Y,5,05_US_Inflation,1.0,-1.136
109,2009-11,3,03_US10Y,5,05_US_Inflation,1.0,-2.091
110,2009-12,3,03_US10Y,5,05_US_Inflation,1.0,3.0377
111,2010-01,3,03_US10Y,5,05_US_Inflation,1.0,1.8401
112,2010-02,3,03_US10Y,5,05_US_Inflation,1.0,1.0194
113,2010-03,3,03_US10Y,5,05_US_Inflation,1.0,0.6455
114,2010-04,3,03_US10Y,5,05_US_Inflation,1.0,0.4459
115,2010-05,3,03_US10Y,5,05_US_Inflation,1.0,0.3288
116,2010-06,3,03_US10Y,5,05_US_Inflation,1.0,0.2722
117,2010-07,3,03_US10Y,5,05_US_Inflation,1.0,0.2782
118,2010-08,3,03_US10Y,5,05_US_Inflation,1.0,0.3494
119,2010-09,3,03_US10Y,5,05_US_Inflation,1.0,0.4631
120,2010-10,3,03_US10Y,5,05_US_Inflation,1.0,0.5574
121,2010-11,3,03_US10Y,5,05_US_Inflation,1.0,0.5479
122,2010-12,3,03_US10Y,5,05_US_Inflation,1.0,0.4094
123,2011-01,3,03_US10Y,5,05_US_Inflation,1.0,0.1971
124,2011-02,3,03_US10Y,5,05_US_Inflation,1.0,-0.068
125,2011-03,3,03_US10Y,5,05_US_Inflation,1.0,-0.4549
126,2011-04,3,03_US10Y,5,05_US_Inflation,1.0,-1.0408
127,2011-05,3,03_US10Y,5,05_US_Inflation,1.0,-1.6296
128,2011-06,3,03_US10Y,5,05_US_Inflation,1.0,-2.0035
129,2011-07,3,03_US10Y,5,05_US_Inflation,1.0,-2.2234
130,2011-08,3,03_US10Y,5,05_US_Inflation,1.0,-2.3642
131,2011-09,3,03_US10Y,5,05_US_Inflation,1.0,-2.4561
132,2011-10,3,03_US10Y,5,05_US_Inflation,1.0,-2.4998
133,2011-11,3,03_US10Y,5,05_US_Inflation,1.0,-2.4739
134,2011-12,3,03_US10Y,5,05_US_Inflation,1.0,-2.3436
135,2012-01,3,03_US10Y,5,05_US_Inflation,1.0,-2.1258
136,2012-02,3,03_US10Y,5,05_US_Inflation,1.0,-1.929
137,2012-03,3,03_US10Y,5,05_US_Inflation,1.0,-1.7767
138,2012-04,3,03_US10Y,5,05_US_Inflation,1.0,-1.6171
139,2012-05,3,03_US10Y,5,05_US_Inflation,1.0,-1.4715
140,2012-06,3,03_US10Y,5,05_US_Inflation,1.0,-1.3727
141,2012-07,3,03_US10Y,5,05_US_Inflation,1.0,-1.2926
142,2012-08,3,03_US10Y,5,05_US_Inflation,1.0,-1.1583
143,2012-09,3,03_US10Y,5,05_US_Inflation,1.0,-0.9229
144,2012-10,3,03_US10Y,5,05_US_Inflation,1.0,-0.6955
145,2012-11,3,03_US10Y,5,05_US_Inflation,1.0,-0.5412
146,2012-12,3,03_US10Y,5,05_US_Inflation,1.0,-0.4036
147,2013-01,3,03_US10Y,5,05_US_Inflation,1.0,-0.2601
148,2013-02,3,03_US10Y,5,05_US_Inflation,1.0,-0.1255
149,2013-03,3,03_US10Y,5,05_US_Inflation,1.0,-0.0147
150,2013-04,3,03_US10Y,5,05_US_Inflation,1.0,0.0697
151,2013-05,3,03_US10Y,5,05_US_Inflation,1.0,0.1343
152,2013-06,3,03_US10Y,5,05_US_Inflation,1.0,0.1919
153,2013-07,3,03_US10Y,5,05_US_Inflation,1.0,0.2734
154,2013-08,3,03_US10Y,5,05_US_Inflation,1.0,0.6449
155,2013-09,3,03_US10Y,5,05_US_Inflation,1.0,2.7547
156,2013-10,3,03_US10Y,5,05_US_Inflation,1.0,-0.0386
157,2013-11,3,03_US10Y,5,05_US_Inflation,1.0,-0.0777
158,2013-12,3,03_US10Y,5,05_US_Inflation,1.0,-0.1379
159,2014-01,3,03_US10Y,5,05_US_Inflation,1.0,-0.2233
160,2014-02,3,03_US10Y,5,05_US_Inflation,1.0,-0.329
161,2014-03,3,03_US10Y,5,05_US_Inflation,1.0,-0.4493
162,2014-04,3,03_US10Y,5,05_US_Inflation,1.0,-0.5721
163,2014-05,3,03_US10Y,5,05_US_Inflation,1.0,-0.6286
164,2014-06,3,03_US10Y,5,05_US_Inflation,1.0,0.1754
165,2014-07,3,03_US10Y,5,05_US_Inflation,1.0,1.1719
166,2014-08,3,03_US10Y,5,05_US_Inflation,1.0,0.9929
167,2014-09,3,03_US10Y,5,05_US_Inflation,1.0,0.7354
168,2014-10,3,03_US10Y,5,05_US_Inflation,1.0,0.5344
169,2014-11,3,03_US10Y,5,05_US_Inflation,1.0,0.3689
170,2014-12,3,03_US10Y,5,05_US_Inflation,1.0,0.2061
171,2015-01,3,03_US10Y,5,05_US_Inflation,1.0,0.0316
172,2015-02,3,03_US10Y,5,05_US_Inflation,1.0,-0.1537
173,2015-03,3,03_US10Y,5,05_US_Inflation,1.0,-0.34
174,2015-04,3,03_US10Y,5,05_US_Inflation,1.0,-0.5133
175,2015-05,3,03_US10Y,5,05_US_Inflation,1.0,-0.6635
176,2015-06,3,03_US10Y,5,05_US_Inflation,1.0,-0.7879
177,2015-07,3,03_US10Y,5,05_US_Inflation,1.0,-0.8863
178,2015-08,3,03_US10Y,5,05_US_Inflation,1.0,-0.9413
179,2015-09,3,03_US10Y,5,05_US_Inflation,1.0,-0.8298
180,2015-10,3,03_US10Y,5,05_US_Inflation,1.0,0.0392
181,2015-11,3,03_US10Y,5,05_US_Inflation,1.0,0.6919
182,2015-12,3,03_US10Y,5,05_US_Inflation,1.0,0.7239
183,2016-01,3,03_US10Y,5,05_US_Inflation,1.0,0.6325
184,2016-02,3,03_US10Y,5,05_US_Inflation,1.0,0.5056
185,2016-03,3,03_US10Y,5,05_US_Inflation,1.0,0.3436
186,2016-04,3,03_US10Y,5,05_US_Inflation,1.0,0.093
187,2016-05,3,03_US10Y,5,05_US_Inflation,1.0,-0.3856
188,2016-06,3,03_US10Y,5,05_US_Inflation,1.0,-1.0576
189,2016-07,3,03_US10Y,5,05_US_Inflation,1.0,-1.5115
190,2016-08,3,03_US10Y,5,05_US_Inflation,1.0,-1.7799
191,2016-09,3,03_US10Y,5,05_US_Inflation,1.0,-1.9882
192,2016-10,3,03_US10Y,5,05_US_Inflation,1.0,-2.1669
193,2016-11,3,03_US10Y,5,05_US_Inflation,1.0,-2.3113
194,2016-12,3,03_US10Y,5,05_US_Inflation,1.0,-2.4177
195,2017-01,3,03_US10Y,5,05_US_Inflation,1.0,-2.4911
196,2017-02,3,03_US10Y,5,05_US_Inflation,1.0,-2.5423
197,2017-03,3,03_US10Y,5,05_US_Inflation,1.0,-2.5866
198,2017-04,3,03_US10Y,5,05_US_Inflation,1.0,-2.6465
199,2017-05,3,03_US10Y,5,05_US_Inflation,1.0,-2.7509
200,2017-06,3,03_US10Y,5,05_US_Inflation,1.0,-2.9242
201,2017-07,3,03_US10Y,5,05_US_Inflation,1.0,3.1166
202,2017-08,3,03_US10Y,5,05_US_Inflation,1.0,2.8308
203,2017-09,3,03_US10Y,5,05_US_Inflation,1.0,2.5315
204,2017-10,3,03_US10Y,5,05_US_Inflation,1.0,2.2362
205,2017-11,3,03_US10Y,5,05_US_Inflation,1.0,1.954
206,2017-12,3,03_US10Y,5,05_US_Inflation,1.0,1.692
207,2018-01,3,03_US10Y,5,05_US_Inflation,1.0,1.4558
208,2018-02,3,03_US10Y,5,05_US_Inflation,1.0,1.2479
209,2018-03,3,03_US10Y,5,05_US_Inflation,1.0,1.0705
210,2018-04,3,03_US10Y,5,05_US_Inflation,1.0,0.9288
211,2018-05,3,03_US10Y,5,05_US_Inflation,1.0,0.8321
212,2018-06,3,03_US10Y,5,05_US_Inflation,1.0,0.7929
213,2018-07,3,03_US10Y,5,05_US_Inflation,1.0,0.818
214,2018-08,3,03_US10Y,5,05_US_Inflation,1.0,0.8948
215,2018-09,3,03_US10Y,5,05_US_Inflation,1.0,0.9732
216,2018-10,3,03_US10Y,5,05_US_Inflation,1.0,0.9706
217,2018-11,3,03_US10Y,5,05_US_Inflation,1.0,0.6605
218,2018-12,3,03_US10Y,5,05_US_Inflation,1.0,-1.2065
219,2019-01,3,03_US10Y,5,05_US_Inflation,1.0,-1.67
220,2019-02,3,03_US10Y,5,05_US_Inflation,1.0,-1.7679
221,2019-03,3,03_US10Y,5,05_US_Inflation,1.0,-1.7721
222,2019-04,3,03_US10Y,5,05_US_Inflation,1.0,-1.7034
223,2019-05,3,03_US10Y,5,05_US_Inflation,1.0,-1.5801
224,2019-06,3,03_US10Y,5,05_US_Inflation,1.0,-1.4671
225,2019-07,3,03_US10Y,5,05_US_Inflation,1.0,-1.4403
226,2019-08,3,03_US10Y,5,05_US_Inflation,1.0,-1.5229
227,2019-09,3,03_US10Y,5,05_US_Inflation,1.0,-1.6799
228,2019-10,3,03_US10Y,5,05_US_Inflation,1.0,-1.6909
229,2019-11,3,03_US10Y,5,05_US_Inflation,1.0,-1.3052
230,2019-12,3,03_US10Y,5,05_US_Inflation,1.0,-1.1677
231,2020-01,3,03_US10Y,5,05_US_Inflation,1.0,-1.2028
232,2020-02,3,03_US10Y,5,05_US_Inflation,1.0,-1.2629
233,2020-03,3,03_US10Y,5,05_US_Inflation,1.0,-1.3165
234,2020-04,3,03_US10Y,5,05_US_Inflation,1.0,-1.3573
235,2020-05,3,03_US10Y,5,05_US_Inflation,1.0,-1.3854
236,2020-06,3,03_US10Y,5,05_US_Inflation,1.0,-1.4047
237,2020-07,3,03_US10Y,5,05_US_Inflation,1.0,-1.4225
238,2020-08,3,03_US10Y,5,05_US_Inflation,1.0,-1.4544
239,2020-09,3,03_US10Y,5,05_US_Inflation,1.0,-1.5479
240,2020-10,3,03_US10Y,5,05_US_Inflation,1.0,-1.8881
241,2020-11,3,03_US10Y,5,05_US_Inflation,1.0,-2.3909
242,2020-12,3,03_US10Y,5,05_US_Inflation,1.0,-2.1885
243,2021-01,3,03_US10Y,5,05_US_Inflation,1.0,-1.888
244,2021-02,3,03_US10Y,5,05_US_Inflation,1.0,-1.6537
245,2021-03,3,03_US10Y,5,05_US_Inflation,1.0,-1.1817
246,2021-04,3,03_US10Y,5,05_US_Inflation,1.0,-0.099
247,2021-05,3,03_US10Y,5,05_US_Inflation,1.0,0.0971
248,2021-06,3,03_US10Y,5,05_US_Inflation,1.0,-0.2402
249,2021-07,3,03_US10Y,5,05_US_Inflation,1.0,-0.6381
250,2021-08,3,03_US10Y,5,05_US_Inflation,1.0,-0.9254
251,2021-09,3,03_US10Y,5,05_US_Inflation,1.0,-1.1446
252,2021-10,3,03_US10Y,5,05_US_Inflation,1.0,-1.3358
253,2021-11,3,03_US10Y,5,05_US_Inflation,1.0,-1.5073
254,2021-12,3,03_US10Y,5,05_US_Inflation,1.0,-1.6527
255,2022-01,3,03_US10Y,5,05_US_Inflation,1.0,-1.7612
256,2022-02,3,03_US10Y,5,05_US_Inflation,1.0,-1.8102
257,2022-03,3,03_US10Y,5,05_US_Inflation,1.0,-1.7704
258,2022-04,3,03_US10Y,5,05_US_Inflation,1.0,-1.6342
259,2022-05,3,03_US10Y,5,05_US_Inflation,1.0,-1.4254
260,2022-06,3,03_US10Y,5,05_US_Inflation,1.0,-1.1803
261,2022-07,3,03_US10Y,5,05_US_Inflation,1.0,-0.9319
262,2022-08,3,03_US10Y,5,05_US_Inflation,1.0,-0.7011
263,2022-09,3,03_US10Y,5,05_US_Inflation,1.0,-0.4949
264,2022-10,3,03_US10Y,5,05_US_Inflation,1.0,-0.3111
265,2022-11,3,03_US10Y,5,05_US_Inflation,1.0,-0.1428
266,2022-12,3,03_US10Y,5,05_US_Inflation,1.0,0.019
267,2023-01,3,03_US10Y,5,05_US_Inflation,1.0,0.1864
268,2023-02,3,03_US10Y,5,05_US_Inflation,1.0,0.3758
12,2001-10,3,03_US10Y,6,06_US_Production,1.0,-1.2918
13,2001-11,3,03_US10Y,6,06_US_Production,1.0,-1.5337
14,2001-12,3,03_US10Y,6,06_US_Production,1.0,-1.699
15,2002-01,3,03_US10Y,6,06_US_Production,1.0,-1.844
16,2002-02,3,03_US10Y,6,06_US_Production,1.0,-2.0207
17,2002-03,3,03_US10Y,6,06_US_Production,1.0,-2.2968
18,2002-04,3,03_US10Y,6,06_US_Production,1.0,-2.7822
19,2002-05,3,03_US10Y,6,06_US_Production,1.0,2.7776
20,2002-06,3,03_US10Y,6,06_US_Production,1.0,2.1063
21,2002-07,3,03_US10Y,6,06_US_Production,1.0,1.6371
22,2002-08,3,03_US10Y,6,06_US_Production,1.0,1.3506
23,2002-09,3,03_US10Y,6,06_US_Production,1.0,1.2326
24,2002-10,3,03_US10Y,6,06_US_Production,1.0,1.2702
25,2002-11,3,03_US10Y,6,06_US_Production,1.0,1.4725
26,2002-12,3,03_US10Y,6,06_US_Production,1.0,1.862
27,2003-01,3,03_US10Y,6,06_US_Production,1.0,2.3049
28,2003-02,3,03_US10Y,6,06_US_Production,1.0,2.5834
29,2003-03,3,03_US10Y,6,06_US_Production,1.0,2.6947
30,2003-04,3,03_US10Y,6,06_US_Production,1.0,2.7033
31,2003-05,3,03_US10Y,6,06_US_Production,1.0,2.6454
32,2003-06,3,03_US10Y,6,06_US_Production,1.0,2.538
33,2003-07,3,03_US10Y,6,06_US_Production,1.0,2.3975
34,2003-08,3,03_US10Y,6,06_US_Production,1.0,2.2555
35,2003-09,3,03_US10Y,6,06_US_Production,1.0,2.1643
36,2003-10,3,03_US10Y,6,06_US_Production,1.0,2.1802
37,2003-11,3,03_US10Y,6,06_US_Production,1.0,2.3588
38,2003-12,3,03_US10Y,6,06_US_Production,1.0,2.7824
39,2004-01,3,03_US10Y,6,06_US_Production,1.0,-2.7212
40,2004-02,3,03_US10Y,6,06_US_Production,1.0,-1.6991
41,2004-03,3,03_US10Y,6,06_US_Production,1.0,-0.8785
42,2004-04,3,03_US10Y,6,06_US_Production,1.0,-0.3428
43,2004-05,3,03_US10Y,6,06_US_Production,1.0,0.0287
44,2004-06,3,03_US10Y,6,06_US_Production,1.0,0.3179
45,2004-07,3,03_US10Y,6,06_US_Production,1.0,0.5642
46,2004-08,3,03_US10Y,6,06_US_Production,1.0,0.7827
47,2004-09,3,03_US10Y,6,06_US_Production,1.0,0.9608
48,2004-10,3,03_US10Y,6,06_US_Production,1.0,0.9548
49,2004-11,3,03_US10Y,6,06_US_Production,1.0,1.3518
50,2004-12,3,03_US10Y,6,06_US_Production,1.0,1.8134
51,2005-01,3,03_US10Y,6,06_US_Production,1.0,1.9622
52,2005-02,3,03_US10Y,6,06_US_Production,1.0,2.0096
53,2005-03,3,03_US10Y,6,06_US_Production,1.0,1.8862
54,2005-04,3,03_US10Y,6,06_US_Production,1.0,1.4483
55,2005-05,3,03_US10Y,6,06_US_Production,1.0,0.8312
56,2005-06,3,03_US10Y,6,06_US_Production,1.0,0.4485
57,2005-07,3,03_US10Y,6,06_US_Production,1.0,0.2379
58,2005-08,3,03_US10Y,6,06_US_Production,1.0,0.0857
59,2005-09,3,03_US10Y,6,06_US_Production,1.0,-0.0493
60,2005-10,3,03_US10Y,6,06_US_Production,1.0,-0.1754
61,2005-11,3,03_US10Y,6,06_US_Production,1.0,-0.2891
62,2005-12,3,03_US10Y,6,06_US_Production,1.0,-0.3839
63,2006-01,3,03_US10Y,6,06_US_Production,1.0,-0.4567
64,2006-02,3,03_US10Y,6,06_US_Production,1.0,-0.5115
65,2006-03,3,03_US10Y,6,06_US_Production,1.0,-0.5691
66,2006-04,3,03_US10Y,6,06_US_Production,1.0,-0.6949
67,2006-05,3,03_US10Y,6,06_US_Production,1.0,-1.0335
68,2006-06,3,03_US10Y,6,06_US_Production,1.0,-1.6641
69,2006-07,3,03_US10Y,6,06_US_Production,1.0,-2.3693
70,2006-08,3,03_US10Y,6,06_US_Production,1.0,-2.9561
71,2006-09,3,03_US10Y,6,06_US_Production,1.0,2.9542
72,2006-10,3,03_US10Y,6,06_US_Production,1.0,2.7384
73,2006-11,3,03_US10Y,6,06_US_Production,1.0,2.6153
74,2006-12,3,03_US10Y,6,06_US_Production,1.0,2.5552
75,2007-01,3,03_US10Y,6,06_US_Production,1.0,2.5446
76,2007-02,3,03_US10Y,6,06_US_Production,1.0,2.5737
77,2007-03,3,03_US10Y,6,06_US_Production,1.0,2.6264
78,2007-04,3,03_US10Y,6,06_US_Production,1.0,2.6749
79,2007-05,3,03_US10Y,6,06_US_Production,1.0,2.6934
80,2007-06,3,03_US10Y,6,06_US_Production,1.0,2.6944
81,2007-07,3,03_US10Y,6,06_US_Production,1.0,2.7211
82,2007-08,3,03_US10Y,6,06_US_Production,1.0,2.7891
83,2007-09,3,03_US10Y,6,06_US_Production,1.0,2.8841
84,2007-10,3,03_US10Y,6,06_US_Production,1.0,2.9892
85,2007-11,3,03_US10Y,6,06_US_Production,1.0,3.0988
86,2007-12,3,03_US10Y,6,06_US_Production,1.0,-3.057
87,2008-01,3,03_US10Y,6,06_US_Production,1.0,-2.8815
88,2008-02,3,03_US10Y,6,06_US_Production,1.0,-2.6706
89,2008-03,3,03_US10Y,6,06_US_Production,1.0,-2.4612
90,2008-04,3,03_US10Y,6,06_US_Production,1.0,-2.2173
91,2008-05,3,03_US10Y,6,06_US_Production,1.0,-1.9019
92,2008-06,3,03_US10Y,6,06_US_Production,1.0,-1.5758
93,2008-07,3,03_US10Y,6,06_US_Production,1.0,-1.3232
94,2008-08,3,03_US10Y,6,06_US_Production,1.0,-1.1556
95,2008-09,3,03_US10Y,6,06_US_Production,1.0,-1.0478
96,2008-10,3,03_US10Y,6,06_US_Production,1.0,-0.9785
97,2008-11,3,03_US10Y,6,06_US_Production,1.0,-0.9363
98,2008-12,3,03_US10Y,6,06_US_Production,1.0,-0.9165
99,2009-01,3,03_US10Y,6,06_US_Production,1.0,-0.9184
100,2009-02,3,03_US10Y,6,06_US_Production,1.0,-0.945
101,2009-03,3,03_US10Y,6,06_US_Production,1.0,-1.0043
102,2009-04,3,03_US10Y,6,06_US_Production,1.0,-1.1149
103,2009-05,3,03_US10Y,6,06_US_Production,1.0,-1.3197
104,2009-06,3,03_US10Y,6,06_US_Production,1.0,-1.7122
105,2009-07,3,03_US10Y,6,06_US_Production,1.0,-2.3774
106,2009-08,3,03_US10Y,6,06_US_Production,1.0,-3.0716
107,2009-09,3,03_US10Y,6,06_US_Production,1.0,2.6335
108,2009-10,3,03_US10Y,6,06_US_Production,1.0,1.9255
109,2009-11,3,03_US10Y,6,06_US_Production,1.0,0.7567
110,2009-12,3,03_US10Y,6,06_US_Production,1.0,-0.4382
111,2010-01,3,03_US10Y,6,06_US_Production,1.0,-1.1537
112,2010-02,3,03_US10Y,6,06_US_Production,1.0,-1.5573
113,2010-03,3,03_US10Y,6,06_US_Production,1.0,-1.7862
114,2010-04,3,03_US10Y,6,06_US_Production,1.0,-1.9047
115,2010-05,3,03_US10Y,6,06_US_Production,1.0,-1.9307
116,2010-06,3,03_US10Y,6,06_US_Production,1.0,-1.859
117,2010-07,3,03_US10Y,6,06_US_Production,1.0,-1.6826
118,2010-08,3,03_US10Y,6,06_US_Production,1.0,-1.4077
119,2010-09,3,03_US10Y,6,06_US_Production,1.0,-1.0587
120,2010-10,3,03_US10Y,6,06_US_Production,1.0,-0.6768
121,2010-11,3,03_US10Y,6,06_US_Production,1.0,-0.3195
122,2010-12,3,03_US10Y,6,06_US_Production,1.0,-0.0346
123,2011-01,3,03_US10Y,6,06_US_Production,1.0,0.1526
124,2011-02,3,03_US10Y,6,06_US_Production,1.0,0.2172
125,2011-03,3,03_US10Y,6,06_US_Production,1.0,0.0986
126,2011-04,3,03_US10Y,6,06_US_Production,1.0,-0.2606
127,2011-05,3,03_US10Y,6,06_US_Production,1.0,-0.6514
128,2011-06,3,03_US10Y,6,06_US_Production,1.0,-0.8475
129,2011-07,3,03_US10Y,6,06_US_Production,1.0,-0.9031
130,2011-08,3,03_US10Y,6,06_US_Production,1.0,-0.8839
131,2011-09,3,03_US10Y,6,06_US_Production,1.0,-0.7892
132,2011-10,3,03_US10Y,6,06_US_Production,1.0,-0.2555
133,2011-11,3,03_US10Y,6,06_US_Production,1.0,1.9096
134,2011-12,3,03_US10Y,6,06_US_Production,1.0,2.1747
135,2012-01,3,03_US10Y,6,06_US_Production,1.0,2.3437
136,2012-02,3,03_US10Y,6,06_US_Production,1.0,2.5572
137,2012-03,3,03_US10Y,6,06_US_Production,1.0,2.8629
138,2012-04,3,03_US10Y,6,06_US_Production,1.0,-3.0318
139,2012-05,3,03_US10Y,6,06_US_Production,1.0,-2.6417
140,2012-06,3,03_US10Y,6,06_US_Production,1.0,-2.3046
141,2012-07,3,03_US10Y,6,06_US_Production,1.0,-2.0482
142,2012-08,3,03_US10Y,6,06_US_Production,1.0,2.4901
143,2012-09,3,03_US10Y,6,06_US_Production,1.0,2.618
144,2012-10,3,03_US10Y,6,06_US_Production,1.0,-3.0982
145,2012-11,3,03_US10Y,6,06_US_Production,1.0,-2.6257
146,2012-12,3,03_US10Y,6,06_US_Production,1.0,-2.229
147,2013-01,3,03_US10Y,6,06_US_Production,1.0,-1.8693
148,2013-02,3,03_US10Y,6,06_US_Production,1.0,-1.5341
149,2013-03,3,03_US10Y,6,06_US_Production,1.0,-1.2044
150,2013-04,3,03_US10Y,6,06_US_Production,1.0,-0.8232
151,2013-05,3,03_US10Y,6,06_US_Production,1.0,-0.2459
152,2013-06,3,03_US10Y,6,06_US_Production,1.0,0.6639
153,2013-07,3,03_US10Y,6,06_US_Production,1.0,1.4731
154,2013-08,3,03_US10Y,6,06_US_Production,1.0,2.3151
155,2013-09,3,03_US10Y,6,06_US_Production,1.0,-1.3711
156,2013-10,3,03_US10Y,6,06_US_Production,1.0,-0.5729
157,2013-11,3,03_US10Y,6,06_US_Production,1.0,0.2906
158,2013-12,3,03_US10Y,6,06_US_Production,1.0,0.9095
159,2014-01,3,03_US10Y,6,06_US_Production,1.0,1.221
160,2014-02,3,03_US10Y,6,06_US_Production,1.0,1.3865
161,2014-03,3,03_US10Y,6,06_US_Production,1.0,1.4796
162,2014-04,3,03_US10Y,6,06_US_Production,1.0,1.5251
163,2014-05,3,03_US10Y,6,06_US_Production,1.0,1.5218
164,2014-06,3,03_US10Y,6,06_US_Production,1.0,1.4455
165,2014-07,3,03_US10Y,6,06_US_Production,1.0,1.249
166,2014-08,3,03_US10Y,6,06_US_Production,1.0,0.9064
167,2014-09,3,03_US10Y,6,06_US_Production,1.0,0.4808
168,2014-10,3,03_US10Y,6,06_US_Production,1.0,0.0515
169,2014-11,3,03_US10Y,6,06_US_Production,1.0,-0.3219
170,2014-12,3,03_US10Y,6,06_US_Production,1.0,-0.6226
171,2015-01,3,03_US10Y,6,06_US_Production,1.0,-0.8758
172,2015-02,3,03_US10Y,6,06_US_Production,1.0,-1.1041
173,2015-03,3,03_US10Y,6,06_US_Production,1.0,-1.3125
174,2015-04,3,03_US10Y,6,06_US_Production,1.0,-1.4931
175,2015-05,3,03_US10Y,6,06_US_Production,1.0,-1.637
176,2015-06,3,03_US10Y,6,06_US_Production,1.0,-1.7369
177,2015-07,3,03_US10Y,6,06_US_Production,1.0,-1.7861
178,2015-08,3,03_US10Y,6,06_US_Production,1.0,-1.7667
179,2015-09,3,03_US10Y,6,06_US_Production,1.0,-1.6172
180,2015-10,3,03_US10Y,6,06_US_Production,1.0,3.0684
181,2015-11,3,03_US10Y,6,06_US_Production,1.0,-2.5712
182,2015-12,3,03_US10Y,6,06_US_Production,1.0,-2.3551
183,2016-01,3,03_US10Y,6,06_US_Production,1.0,-2.2412
184,2016-02,3,03_US10Y,6,06_US_Production,1.0,-2.1473
185,2016-03,3,03_US10Y,6,06_US_Production,1.0,-2.0506
186,2016-04,3,03_US10Y,6,06_US_Production,1.0,-1.9437
187,2016-05,3,03_US10Y,6,06_US_Production,1.0,-1.8294
188,2016-06,3,03_US10Y,6,06_US_Production,1.0,-1.7163
189,2016-07,3,03_US10Y,6,06_US_Production,1.0,-1.5867
190,2016-08,3,03_US10Y,6,06_US_Production,1.0,-1.3285
191,2016-09,3,03_US10Y,6,06_US_Production,1.0,-0.9255
192,2016-10,3,03_US10Y,6,06_US_Production,1.0,-0.7192
193,2016-11,3,03_US10Y,6,06_US_Production,1.0,-0.7096
194,2016-12,3,03_US10Y,6,06_US_Production,1.0,-0.7661
195,2017-01,3,03_US10Y,6,06_US_Production,1.0,-0.8368
196,2017-02,3,03_US10Y,6,06_US_Production,1.0,-0.9109
197,2017-03,3,03_US10Y,6,06_US_Production,1.0,-0.9895
198,2017-04,3,03_US10Y,6,06_US_Production,1.0,-1.071
199,2017-05,3,03_US10Y,6,06_US_Production,1.0,-1.1308
200,2017-06,3,03_US10Y,6,06_US_Production,1.0,-1.0424
201,2017-07,3,03_US10Y,6,06_US_Production,1.0,-0.4313
202,2017-08,3,03_US10Y,6,06_US_Production,1.0,0.0442
203,2017-09,3,03_US10Y,6,06_US_Production,1.0,0.0157
204,2017-10,3,03_US10Y,6,06_US_Production,1.0,-0.177
205,2017-11,3,03_US10Y,6,06_US_Production,1.0,-0.4585
206,2017-12,3,03_US10Y,6,06_US_Production,1.0,-0.847
207,2018-01,3,03_US10Y,6,06_US_Production,1.0,-1.3705
208,2018-02,3,03_US10Y,6,06_US_Production,1.0,-1.9412
209,2018-03,3,03_US10Y,6,06_US_Production,1.0,-2.392
210,2018-04,3,03_US10Y,6,06_US_Production,1.0,-2.6907
211,2018-05,3,03_US10Y,6,06_US_Production,1.0,-2.871
212,2018-06,3,03_US10Y,6,06_US_Production,1.0,-2.9519
213,2018-07,3,03_US10Y,6,06_US_Production,1.0,-2.9381
214,2018-08,3,03_US10Y,6,06_US_Production,1.0,-2.8424
215,2018-09,3,03_US10Y,6,06_US_Production,1.0,-2.7034
216,2018-10,3,03_US10Y,6,06_US_Production,1.0,-2.5682
217,2018-11,3,03_US10Y,6,06_US_Production,1.0,-2.4536
218,2018-12,3,03_US10Y,6,06_US_Production,1.0,-2.3527
219,2019-01,3,03_US10Y,6,06_US_Production,1.0,-2.2603
220,2019-02,3,03_US10Y,6,06_US_Production,1.0,-2.1859
221,2019-03,3,03_US10Y,6,06_US_Production,1.0,-2.1613
222,2019-04,3,03_US10Y,6,06_US_Production,1.0,-2.2403
223,2019-05,3,03_US10Y,6,06_US_Production,1.0,-2.3973
224,2019-06,3,03_US10Y,6,06_US_Production,1.0,-2.4811
225,2019-07,3,03_US10Y,6,06_US_Production,1.0,-2.4846
226,2019-08,3,03_US10Y,6,06_US_Production,1.0,-2.4403
227,2019-09,3,03_US10Y,6,06_US_Production,1.0,-1.4109
228,2019-10,3,03_US10Y,6,06_US_Production,1.0,-0.7253
229,2019-11,3,03_US10Y,6,06_US_Production,1.0,-0.9938
230,2019-12,3,03_US10Y,6,06_US_Production,1.0,-1.2134
231,2020-01,3,03_US10Y,6,06_US_Production,1.0,-1.3367
232,2020-02,3,03_US10Y,6,06_US_Production,1.0,-1.398
233,2020-03,3,03_US10Y,6,06_US_Production,1.0,-1.4211
234,2020-04,3,03_US10Y,6,06_US_Production,1.0,-1.4182
235,2020-05,3,03_US10Y,6,06_US_Production,1.0,-1.3953
236,2020-06,3,03_US10Y,6,06_US_Production,1.0,-1.3564
237,2020-07,3,03_US10Y,6,06_US_Production,1.0,-1.3032
238,2020-08,3,03_US10Y,6,06_US_Production,1.0,-1.2336
239,2020-09,3,03_US10Y,6,06_US_Production,1.0,-1.136
240,2020-10,3,03_US10Y,6,06_US_Production,1.0,-0.9812
241,2020-11,3,03_US10Y,6,06_US_Production,1.0,-0.815
242,2020-12,3,03_US10Y,6,06_US_Production,1.0,-1.6206
243,2021-01,3,03_US10Y,6,06_US_Production,1.0,-1.829
244,2021-02,3,03_US10Y,6,06_US_Production,1.0,-1.7426
245,2021-03,3,03_US10Y,6,06_US_Production,1.0,-1.6854
246,2021-04,3,03_US10Y,6,06_US_Production,1.0,-1.6934
247,2021-05,3,03_US10Y,6,06_US_Production,1.0,-1.8138
248,2021-06,3,03_US10Y,6,06_US_Production,1.0,-2.0325
249,2021-07,3,03_US10Y,6,06_US_Production,1.0,-2.1428
250,2021-08,3,03_US10Y,6,06_US_Production,1.0,-2.0807
251,2021-09,3,03_US10Y,6,06_US_Production,1.0,-1.9767
252,2021-10,3,03_US10Y,6,06_US_Production,1.0,-1.9165
253,2021-11,3,03_US10Y,6,06_US_Production,1.0,-1.9239
254,2021-12,3,03_US10Y,6,06_US_Production,1.0,-1.9997
255,2022-01,3,03_US10Y,6,06_US_Production,1.0,-2.1329
256,2022-02,3,03_US10Y,6,06_US_Production,1.0,-2.2895
257,2022-03,3,03_US10Y,6,06_US_Production,1.0,-2.4133
258,2022-04,3,03_US10Y,6,06_US_Production,1.0,-2.4592
259,2022-05,3,03_US10Y,6,06_US_Production,1.0,-2.4083
260,2022-06,3,03_US10Y,6,06_US_Production,1.0,-2.2434
261,2022-07,3,03_US10Y,6,06_US_Production,1.0,-1.923
262,2022-08,3,03_US10Y,6,06_US_Production,1.0,-1.4227
263,2022-09,3,03_US10Y,6,06_US_Production,1.0,-0.8985
264,2022-10,3,03_US10Y,6,06_US_Production,1.0,-0.523
265,2022-11,3,03_US10Y,6,06_US_Production,1.0,-0.2764
266,2022-12,3,03_US10Y,6,06_US_Production,1.0,-0.103
267,2023-01,3,03_US10Y,6,06_US_Production,1.0,0.03
268,2023-02,3,03_US10Y,6,06_US_Production,1.0,0.1364
12,2001-10,3,03_US10Y,7,07_US_Unemployment,1.0,0.8684
13,2001-11,3,03_US10Y,7,07_US_Unemployment,1.0,0.5885
14,2001-12,3,03_US10Y,7,07_US_Unemployment,1.0,0.3378
15,2002-01,3,03_US10Y,7,07_US_Unemployment,1.0,0.1327
16,2002-02,3,03_US10Y,7,07_US_Unemployment,1.0,-0.0228
17,2002-03,3,03_US10Y,7,07_US_Unemployment,1.0,-0.1445
18,2002-04,3,03_US10Y,7,07_US_Unemployment,1.0,-0.2571
19,2002-05,3,03_US10Y,7,07_US_Unemployment,1.0,-0.38
20,2002-06,3,03_US10Y,7,07_US_Unemployment,1.0,-0.5185
21,2002-07,3,03_US10Y,7,07_US_Unemployment,1.0,-0.6478
22,2002-08,3,03_US10Y,7,07_US_Unemployment,1.0,-0.7249
23,2002-09,3,03_US10Y,7,07_US_Unemployment,1.0,-0.7301
24,2002-10,3,03_US10Y,7,07_US_Unemployment,1.0,-0.6493
25,2002-11,3,03_US10Y,7,07_US_Unemployment,1.0,-0.4354
26,2002-12,3,03_US10Y,7,07_US_Unemployment,1.0,-0.0275
27,2003-01,3,03_US10Y,7,07_US_Unemployment,1.0,0.4723
28,2003-02,3,03_US10Y,7,07_US_Unemployment,1.0,0.8786
29,2003-03,3,03_US10Y,7,07_US_Unemployment,1.0,1.237
30,2003-04,3,03_US10Y,7,07_US_Unemployment,1.0,1.6797
31,2003-05,3,03_US10Y,7,07_US_Unemployment,1.0,2.2108
32,2003-06,3,03_US10Y,7,07_US_Unemployment,1.0,2.6318
33,2003-07,3,03_US10Y,7,07_US_Unemployment,1.0,2.882
34,2003-08,3,03_US10Y,7,07_US_Unemployment,1.0,3.0292
35,2003-09,3,03_US10Y,7,07_US_Unemployment,1.0,3.1278
36,2003-10,3,03_US10Y,7,07_US_Unemployment,1.0,-3.0749
37,2003-11,3,03_US10Y,7,07_US_Unemployment,1.0,-2.9923
38,2003-12,3,03_US10Y,7,07_US_Unemployment,1.0,-2.887
39,2004-01,3,03_US10Y,7,07_US_Unemployment,1.0,-2.7488
40,2004-02,3,03_US10Y,7,07_US_Unemployment,1.0,-2.6588
41,2004-03,3,03_US10Y,7,07_US_Unemployment,1.0,-2.6226
42,2004-04,3,03_US10Y,7,07_US_Unemployment,1.0,-2.5402
43,2004-05,3,03_US10Y,7,07_US_Unemployment,1.0,-2.4194
44,2004-06,3,03_US10Y,7,07_US_Unemployment,1.0,-2.2809
45,2004-07,3,03_US10Y,7,07_US_Unemployment,1.0,-2.1418
46,2004-08,3,03_US10Y,7,07_US_Unemployment,1.0,-2.0262
47,2004-09,3,03_US10Y,7,07_US_Unemployment,1.0,-1.9918
48,2004-10,3,03_US10Y,7,07_US_Unemployment,1.0,-2.3291
49,2004-11,3,03_US10Y,7,07_US_Unemployment,1.0,2.6552
50,2004-12,3,03_US10Y,7,07_US_Unemployment,1.0,2.3209
51,2005-01,3,03_US10Y,7,07_US_Unemployment,1.0,2.3064
52,2005-02,3,03_US10Y,7,07_US_Unemployment,1.0,2.3527
53,2005-03,3,03_US10Y,7,07_US_Unemployment,1.0,2.4136
54,2005-04,3,03_US10Y,7,07_US_Unemployment,1.0,2.4693
55,2005-05,3,03_US10Y,7,07_US_Unemployment,1.0,2.4872
56,2005-06,3,03_US10Y,7,07_US_Unemployment,1.0,2.4083
57,2005-07,3,03_US10Y,7,07_US_Unemployment,1.0,2.157
58,2005-08,3,03_US10Y,7,07_US_Unemployment,1.0,1.7219
59,2005-09,3,03_US10Y,7,07_US_Unemployment,1.0,1.2709
60,2005-10,3,03_US10Y,7,07_US_Unemployment,1.0,0.934
61,2005-11,3,03_US10Y,7,07_US_Unemployment,1.0,0.691
62,2005-12,3,03_US10Y,7,07_US_Unemployment,1.0,0.5016
63,2006-01,3,03_US10Y,7,07_US_Unemployment,1.0,0.3405
64,2006-02,3,03_US10Y,7,07_US_Unemployment,1.0,0.1876
65,2006-03,3,03_US10Y,7,07_US_Unemployment,1.0,0.0282
66,2006-04,3,03_US10Y,7,07_US_Unemployment,1.0,-0.1423
67,2006-05,3,03_US10Y,7,07_US_Unemployment,1.0,-0.3442
68,2006-06,3,03_US10Y,7,07_US_Unemployment,1.0,-0.6531
69,2006-07,3,03_US10Y,7,07_US_Unemployment,1.0,-1.143
70,2006-08,3,03_US10Y,7,07_US_Unemployment,1.0,-1.6944
71,2006-09,3,03_US10Y,7,07_US_Unemployment,1.0,-2.1256
72,2006-10,3,03_US10Y,7,07_US_Unemployment,1.0,-2.445
73,2006-11,3,03_US10Y,7,07_US_Unemployment,1.0,-2.7062
74,2006-12,3,03_US10Y,7,07_US_Unemployment,1.0,-2.9483
75,2007-01,3,03_US10Y,7,07_US_Unemployment,1.0,3.0644
76,2007-02,3,03_US10Y,7,07_US_Unemployment,1.0,2.6017
77,2007-03,3,03_US10Y,7,07_US_Unemployment,1.0,0.5701
78,2007-04,3,03_US10Y,7,07_US_Unemployment,1.0,-0.2035
79,2007-05,3,03_US10Y,7,07_US_Unemployment,1.0,-0.388
80,2007-06,3,03_US10Y,7,07_US_Unemployment,1.0,-0.4237
81,2007-07,3,03_US10Y,7,07_US_Unemployment,1.0,-0.4105
82,2007-08,3,03_US10Y,7,07_US_Unemployment,1.0,-0.3918
83,2007-09,3,03_US10Y,7,07_US_Unemployment,1.0,2.1443
84,2007-10,3,03_US10Y,7,07_US_Unemployment,1.0,2.6635
85,2007-11,3,03_US10Y,7,07_US_Unemployment,1.0,2.5901
86,2007-12,3,03_US10Y,7,07_US_Unemployment,1.0,2.4637
87,2008-01,3,03_US10Y,7,07_US_Unemployment,1.0,2.2959
88,2008-02,3,03_US10Y,7,07_US_Unemployment,1.0,2.128
89,2008-03,3,03_US10Y,7,07_US_Unemployment,1.0,2.0396
90,2008-04,3,03_US10Y,7,07_US_Unemployment,1.0,2.1101
91,2008-05,3,03_US10Y,7,07_US_Unemployment,1.0,2.4013
92,2008-06,3,03_US10Y,7,07_US_Unemployment,1.0,-2.824
93,2008-07,3,03_US10Y,7,07_US_Unemployment,1.0,-1.2132
94,2008-08,3,03_US10Y,7,07_US_Unemployment,1.0,-0.9855
95,2008-09,3,03_US10Y,7,07_US_Unemployment,1.0,-0.9523
96,2008-10,3,03_US10Y,7,07_US_Unemployment,1.0,-0.9334
97,2008-11,3,03_US10Y,7,07_US_Unemployment,1.0,-0.7936
98,2008-12,3,03_US10Y,7,07_US_Unemployment,1.0,-0.2638
99,2009-01,3,03_US10Y,7,07_US_Unemployment,1.0,0.5112
100,2009-02,3,03_US10Y,7,07_US_Unemployment,1.0,0.8288
101,2009-03,3,03_US10Y,7,07_US_Unemployment,1.0,0.9111
102,2009-04,3,03_US10Y,7,07_US_Unemployment,1.0,0.9099
103,2009-05,3,03_US10Y,7,07_US_Unemployment,1.0,0.8676
104,2009-06,3,03_US10Y,7,07_US_Unemployment,1.0,0.795
105,2009-07,3,03_US10Y,7,07_US_Unemployment,1.0,0.6924
106,2009-08,3,03_US10Y,7,07_US_Unemployment,1.0,0.5504
107,2009-09,3,03_US10Y,7,07_US_Unemployment,1.0,0.3351
108,2009-10,3,03_US10Y,7,07_US_Unemployment,1.0,-0.0631
109,2009-11,3,03_US10Y,7,07_US_Unemployment,1.0,-0.8634
110,2009-12,3,03_US10Y,7,07_US_Unemployment,1.0,-1.6421
111,2010-01,3,03_US10Y,7,07_US_Unemployment,1.0,0.7605
112,2010-02,3,03_US10Y,7,07_US_Unemployment,1.0,0.7882
113,2010-03,3,03_US10Y,7,07_US_Unemployment,1.0,0.6129
114,2010-04,3,03_US10Y,7,07_US_Unemployment,1.0,0.4713
115,2010-05,3,03_US10Y,7,07_US_Unemployment,1.0,0.3733
116,2010-06,3,03_US10Y,7,07_US_Unemployment,1.0,0.3347
117,2010-07,3,03_US10Y,7,07_US_Unemployment,1.0,0.3726
118,2010-08,3,03_US10Y,7,07_US_Unemployment,1.0,0.4985
119,2010-09,3,03_US10Y,7,07_US_Unemployment,1.0,0.7099
120,2010-10,3,03_US10Y,7,07_US_Unemployment,1.0,0.9766
121,2010-11,3,03_US10Y,7,07_US_Unemployment,1.0,1.2365
122,2010-12,3,03_US10Y,7,07_US_Unemployment,1.0,1.4291
123,2011-01,3,03_US10Y,7,07_US_Unemployment,1.0,1.5182
124,2011-02,3,03_US10Y,7,07_US_Unemployment,1.0,1.4739
125,2011-03,3,03_US10Y,7,07_US_Unemployment,1.0,1.2363
126,2011-04,3,03_US10Y,7,07_US_Unemployment,1.0,0.7525
127,2011-05,3,03_US10Y,7,07_US_Unemployment,1.0,0.2369
128,2011-06,3,03_US10Y,7,07_US_Unemployment,1.0,-0.081
129,2011-07,3,03_US10Y,7,07_US_Unemployment,1.0,-0.2592
130,2011-08,3,03_US10Y,7,07_US_Unemployment,1.0,2.7928
131,2011-09,3,03_US10Y,7,07_US_Unemployment,1.0,2.7262
132,2011-10,3,03_US10Y,7,07_US_Unemployment,1.0,2.6852
133,2011-11,3,03_US10Y,7,07_US_Unemployment,1.0,2.6671
134,2011-12,3,03_US10Y,7,07_US_Unemployment,1.0,2.6872
135,2012-01,3,03_US10Y,7,07_US_Unemployment,1.0,2.7778
136,2012-02,3,03_US10Y,7,07_US_Unemployment,1.0,3.0098
137,2012-03,3,03_US10Y,7,07_US_Unemployment,1.0,-1.9581
138,2012-04,3,03_US10Y,7,07_US_Unemployment,1.0,0.0073
139,2012-05,3,03_US10Y,7,07_US_Unemployment,1.0,0.4277
140,2012-06,3,03_US10Y,7,07_US_Unemployment,1.0,0.6975
141,2012-07,3,03_US10Y,7,07_US_Unemployment,1.0,0.884
142,2012-08,3,03_US10Y,7,07_US_Unemployment,1.0,1.0061
143,2012-09,3,03_US10Y,7,07_US_Unemployment,1.0,1.0265
144,2012-10,3,03_US10Y,7,07_US_Unemployment,1.0,1.0582
145,2012-11,3,03_US10Y,7,07_US_Unemployment,1.0,1.2005
146,2012-12,3,03_US10Y,7,07_US_Unemployment,1.0,1.3966
147,2013-01,3,03_US10Y,7,07_US_Unemployment,1.0,1.6031
148,2013-02,3,03_US10Y,7,07_US_Unemployment,1.0,1.7856
149,2013-03,3,03_US10Y,7,07_US_Unemployment,1.0,1.9202
150,2013-04,3,03_US10Y,7,07_US_Unemployment,1.0,1.9931
151,2013-05,3,03_US10Y,7,07_US_Unemployment,1.0,1.9926
152,2013-06,3,03_US10Y,7,07_US_Unemployment,1.0,1.9012
153,2013-07,3,03_US10Y,7,07_US_Unemployment,1.0,1.7171
154,2013-08,3,03_US10Y,7,07_US_Unemployment,1.0,1.7268
155,2013-09,3,03_US10Y,7,07_US_Unemployment,1.0,-2.7383
156,2013-10,3,03_US10Y,7,07_US_Unemployment,1.0,-2.785
157,2013-11,3,03_US10Y,7,07_US_Unemployment,1.0,-2.9309
158,2013-12,3,03_US10Y,7,07_US_Unemployment,1.0,-3.0692
159,2014-01,3,03_US10Y,7,07_US_Unemployment,1.0,3.0806
160,2014-02,3,03_US10Y,7,07_US_Unemployment,1.0,2.9438
161,2014-03,3,03_US10Y,7,07_US_Unemployment,1.0,2.7935
162,2014-04,3,03_US10Y,7,07_US_Unemployment,1.0,2.6165
163,2014-05,3,03_US10Y,7,07_US_Unemployment,1.0,2.3916
164,2014-06,3,03_US10Y,7,07_US_Unemployment,1.0,2.0814
165,2014-07,3,03_US10Y,7,07_US_Unemployment,1.0,1.6324
166,2014-08,3,03_US10Y,7,07_US_Unemployment,1.0,1.0423
167,2014-09,3,03_US10Y,7,07_US_Unemployment,1.0,0.4442
168,2014-10,3,03_US10Y,7,07_US_Unemployment,1.0,-0.0731
169,2014-11,3,03_US10Y,7,07_US_Unemployment,1.0,-0.6161
170,2014-12,3,03_US10Y,7,07_US_Unemployment,1.0,-1.504
171,2015-01,3,03_US10Y,7,07_US_Unemployment,1.0,-2.5866
172,2015-02,3,03_US10Y,7,07_US_Unemployment,1.0,3.1156
173,2015-03,3,03_US10Y,7,07_US_Unemployment,1.0,2.7838
174,2015-04,3,03_US10Y,7,07_US_Unemployment,1.0,2.5624
175,2015-05,3,03_US10Y,7,07_US_Unemployment,1.0,2.4209
176,2015-06,3,03_US10Y,7,07_US_Unemployment,1.0,2.3598
177,2015-07,3,03_US10Y,7,07_US_Unemployment,1.0,2.4069
178,2015-08,3,03_US10Y,7,07_US_Unemployment,1.0,2.6663
179,2015-09,3,03_US10Y,7,07_US_Unemployment,1.0,-2.7971
180,2015-10,3,03_US10Y,7,07_US_Unemployment,1.0,-0.9454
181,2015-11,3,03_US10Y,7,07_US_Unemployment,1.0,0.3027
182,2015-12,3,03_US10Y,7,07_US_Unemployment,1.0,0.6911
183,2016-01,3,03_US10Y,7,07_US_Unemployment,1.0,0.8656
184,2016-02,3,03_US10Y,7,07_US_Unemployment,1.0,0.9768
185,2016-03,3,03_US10Y,7,07_US_Unemployment,1.0,1.0715
186,2016-04,3,03_US10Y,7,07_US_Unemployment,1.0,1.1663
187,2016-05,3,03_US10Y,7,07_US_Unemployment,1.0,1.2568
188,2016-06,3,03_US10Y,7,07_US_Unemployment,1.0,1.3085
189,2016-07,3,03_US10Y,7,07_US_Unemployment,1.0,1.209
190,2016-08,3,03_US10Y,7,07_US_Unemployment,1.0,-0.3437
191,2016-09,3,03_US10Y,7,07_US_Unemployment,1.0,-1.4597
192,2016-10,3,03_US10Y,7,07_US_Unemployment,1.0,-1.6979
193,2016-11,3,03_US10Y,7,07_US_Unemployment,1.0,-1.8609
194,2016-12,3,03_US10Y,7,07_US_Unemployment,1.0,-1.9872
195,2017-01,3,03_US10Y,7,07_US_Unemployment,1.0,-2.085
196,2017-02,3,03_US10Y,7,07_US_Unemployment,1.0,-2.1617
197,2017-03,3,03_US10Y,7,07_US_Unemployment,1.0,-2.2243
198,2017-04,3,03_US10Y,7,07_US_Unemployment,1.0,-2.2803
199,2017-05,3,03_US10Y,7,07_US_Unemployment,1.0,-2.3378
200,2017-06,3,03_US10Y,7,07_US_Unemployment,1.0,-2.4026
201,2017-07,3,03_US10Y,7,07_US_Unemployment,1.0,-2.4675
202,2017-08,3,03_US10Y,7,07_US_Unemployment,1.0,-2.509
203,2017-09,3,03_US10Y,7,07_US_Unemployment,1.0,-2.4961
204,2017-10,3,03_US10Y,7,07_US_Unemployment,1.0,-2.3993
205,2017-11,3,03_US10Y,7,07_US_Unemployment,1.0,-2.1941
206,2017-12,3,03_US10Y,7,07_US_Unemployment,1.0,-1.9028
207,2018-01,3,03_US10Y,7,07_US_Unemployment,1.0,-1.6253
208,2018-02,3,03_US10Y,7,07_US_Unemployment,1.0,-1.4391
209,2018-03,3,03_US10Y,7,07_US_Unemployment,1.0,-1.3372
210,2018-04,3,03_US10Y,7,07_US_Unemployment,1.0,-1.2796
211,2018-05,3,03_US10Y,7,07_US_Unemployment,1.0,-1.2232
212,2018-06,3,03_US10Y,7,07_US_Unemployment,1.0,-1.1269
213,2018-07,3,03_US10Y,7,07_US_Unemployment,1.0,-0.9566
214,2018-08,3,03_US10Y,7,07_US_Unemployment,1.0,-0.6945
215,2018-09,3,03_US10Y,7,07_US_Unemployment,1.0,-0.3441
216,2018-10,3,03_US10Y,7,07_US_Unemployment,1.0,0.1216
217,2018-11,3,03_US10Y,7,07_US_Unemployment,1.0,0.8837
218,2018-12,3,03_US10Y,7,07_US_Unemployment,1.0,1.9218
219,2019-01,3,03_US10Y,7,07_US_Unemployment,1.0,2.618
220,2019-02,3,03_US10Y,7,07_US_Unemployment,1.0,3.1209
221,2019-03,3,03_US10Y,7,07_US_Unemployment,1.0,-2.6418
222,2019-04,3,03_US10Y,7,07_US_Unemployment,1.0,-2.0456
223,2019-05,3,03_US10Y,7,07_US_Unemployment,1.0,-1.4587
224,2019-06,3,03_US10Y,7,07_US_Unemployment,1.0,-1.0512
225,2019-07,3,03_US10Y,7,07_US_Unemployment,1.0,-1.0389
226,2019-08,3,03_US10Y,7,07_US_Unemployment,1.0,-1.9371
227,2019-09,3,03_US10Y,7,07_US_Unemployment,1.0,-2.9604
228,2019-10,3,03_US10Y,7,07_US_Unemployment,1.0,2.7078
229,2019-11,3,03_US10Y,7,07_US_Unemployment,1.0,2.2398
230,2019-12,3,03_US10Y,7,07_US_Unemployment,1.0,1.9615
231,2020-01,3,03_US10Y,7,07_US_Unemployment,1.0,1.8222
232,2020-02,3,03_US10Y,7,07_US_Unemployment,1.0,1.764
233,2020-03,3,03_US10Y,7,07_US_Unemployment,1.0,1.755
234,2020-04,3,03_US10Y,7,07_US_Unemployment,1.0,1.7797
235,2020-05,3,03_US10Y,7,07_US_Unemployment,1.0,1.8307
236,2020-06,3,03_US10Y,7,07_US_Unemployment,1.0,1.9043
237,2020-07,3,03_US10Y,7,07_US_Unemployment,1.0,2.0007
238,2020-08,3,03_US10Y,7,07_US_Unemployment,1.0,2.1268
239,2020-09,3,03_US10Y,7,07_US_Unemployment,1.0,2.3062
240,2020-10,3,03_US10Y,7,07_US_Unemployment,1.0,2.6028
241,2020-11,3,03_US10Y,7,07_US_Unemployment,1.0,-3.1378
242,2020-12,3,03_US10Y,7,07_US_Unemployment,1.0,-2.3928
243,2021-01,3,03_US10Y,7,07_US_Unemployment,1.0,-1.8515
244,2021-02,3,03_US10Y,7,07_US_Unemployment,1.0,-1.547
245,2021-03,3,03_US10Y,7,07_US_Unemployment,1.0,-1.3845
246,2021-04,3,03_US10Y,7,07_US_Unemployment,1.0,-1.2958
247,2021-05,3,03_US10Y,7,07_US_Unemployment,1.0,-1.1515
248,2021-06,3,03_US10Y,7,07_US_Unemployment,1.0,-0.6223
249,2021-07,3,03_US10Y,7,07_US_Unemployment,1.0,-0.2564
250,2021-08,3,03_US10Y,7,07_US_Unemployment,1.0,-0.1527
251,2021-09,3,03_US10Y,7,07_US_Unemployment,1.0,-0.0777
252,2021-10,3,03_US10Y,7,07_US_Unemployment,1.0,-0.0075
253,2021-11,3,03_US10Y,7,07_US_Unemployment,1.0,0.0451
254,2021-12,3,03_US10Y,7,07_US_Unemployment,1.0,0.0662
255,2022-01,3,03_US10Y,7,07_US_Unemployment,1.0,0.0524
256,2022-02,3,03_US10Y,7,07_US_Unemployment,1.0,0.0271
257,2022-03,3,03_US10Y,7,07_US_Unemployment,1.0,0.0388
258,2022-04,3,03_US10Y,7,07_US_Unemployment,1.0,0.1251
259,2022-05,3,03_US10Y,7,07_US_Unemployment,1.0,0.2882
260,2022-06,3,03_US10Y,7,07_US_Unemployment,1.0,0.4985
261,2022-07,3,03_US10Y,7,07_US_Unemployment,1.0,0.6891
262,2022-08,3,03_US10Y,7,07_US_Unemployment,1.0,0.5505
263,2022-09,3,03_US10Y,7,07_US_Unemployment,1.0,-0.8476
264,2022-10,3,03_US10Y,7,07_US_Unemployment,1.0,-0.9209
265,2022-11,3,03_US10Y,7,07_US_Unemployment,1.0,-0.7073
266,2022-12,3,03_US10Y,7,07_US_Unemployment,1.0,-0.4475
267,2023-01,3,03_US10Y,7,07_US_Unemployment,1.0,-0.18
268,2023-02,3,03_US10Y,7,07_US_Unemployment,1.0,0.0829
12,2001-10,4,04_US_Economy,0,00_Copper,1.0,0.1439
13,2001-11,4,04_US_Economy,0,00_Copper,1.0,0.2475
14,2001-12,4,04_US_Economy,0,00_Copper,1.0,0.4191
15,2002-01,4,04_US_Economy,0,00_Copper,1.0,0.6743
16,2002-02,4,04_US_Economy,0,00_Copper,1.0,1.0362
17,2002-03,4,04_US_Economy,0,00_Copper,1.0,1.4861
18,2002-04,4,04_US_Economy,0,00_Copper,1.0,1.9232
19,2002-05,4,04_US_Economy,0,00_Copper,1.0,2.2512
20,2002-06,4,04_US_Economy,0,00_Copper,1.0,2.4394
21,2002-07,4,04_US_Economy,0,00_Copper,1.0,2.504
22,2002-08,4,04_US_Economy,0,00_Copper,1.0,2.4953
23,2002-09,4,04_US_Economy,0,00_Copper,1.0,2.4653
24,2002-10,4,04_US_Economy,0,00_Copper,1.0,2.4433
25,2002-11,4,04_US_Economy,0,00_Copper,1.0,2.4403
26,2002-12,4,04_US_Economy,0,00_Copper,1.0,2.4566
27,2003-01,4,04_US_Economy,0,00_Copper,1.0,2.4834
28,2003-02,4,04_US_Economy,0,00_Copper,1.0,2.5107
29,2003-03,4,04_US_Economy,0,00_Copper,1.0,2.5557
30,2003-04,4,04_US_Economy,0,00_Copper,1.0,2.7953
31,2003-05,4,04_US_Economy,0,00_Copper,1.0,-2.0839
32,2003-06,4,04_US_Economy,0,00_Copper,1.0,-1.6494
33,2003-07,4,04_US_Economy,0,00_Copper,1.0,-1.7067
34,2003-08,4,04_US_Economy,0,00_Copper,1.0,-1.8511
35,2003-09,4,04_US_Economy,0,00_Copper,1.0,-2.008
36,2003-10,4,04_US_Economy,0,00_Copper,1.0,-2.0768
37,2003-11,4,04_US_Economy,0,00_Copper,1.0,-1.3955
38,2003-12,4,04_US_Economy,0,00_Copper,1.0,-0.9434
39,2004-01,4,04_US_Economy,0,00_Copper,1.0,-1.7026
40,2004-02,4,04_US_Economy,0,00_Copper,1.0,-2.158
41,2004-03,4,04_US_Economy,0,00_Copper,1.0,-2.3507
42,2004-04,4,04_US_Economy,0,00_Copper,1.0,-2.4599
43,2004-05,4,04_US_Economy,0,00_Copper,1.0,-2.553
44,2004-06,4,04_US_Economy,0,00_Copper,1.0,-2.6623
45,2004-07,4,04_US_Economy,0,00_Copper,1.0,-2.7997
46,2004-08,4,04_US_Economy,0,00_Copper,1.0,-2.9407
47,2004-09,4,04_US_Economy,0,00_Copper,1.0,-2.9871
48,2004-10,4,04_US_Economy,0,00_Copper,1.0,-2.7163
49,2004-11,4,04_US_Economy,0,00_Copper,1.0,-1.9968
50,2004-12,4,04_US_Economy,0,00_Copper,1.0,-1.5146
51,2005-01,4,04_US_Economy,0,00_Copper,1.0,-1.2851
52,2005-02,4,04_US_Economy,0,00_Copper,1.0,-1.1196
53,2005-03,4,04_US_Economy,0,00_Copper,1.0,-0.9738
54,2005-04,4,04_US_Economy,0,00_Copper,1.0,-0.8498
55,2005-05,4,04_US_Economy,0,00_Copper,1.0,-0.7407
56,2005-06,4,04_US_Economy,0,00_Copper,1.0,-0.6185
57,2005-07,4,04_US_Economy,0,00_Copper,1.0,-0.4282
58,2005-08,4,04_US_Economy,0,00_Copper,1.0,-0.1168
59,2005-09,4,04_US_Economy,0,00_Copper,1.0,0.118
60,2005-10,4,04_US_Economy,0,00_Copper,1.0,-0.0293
61,2005-11,4,04_US_Economy,0,00_Copper,1.0,-0.3347
62,2005-12,4,04_US_Economy,0,00_Copper,1.0,-0.5438
63,2006-01,4,04_US_Economy,0,00_Copper,1.0,-0.6658
64,2006-02,4,04_US_Economy,0,00_Copper,1.0,-0.7492
65,2006-03,4,04_US_Economy,0,00_Copper,1.0,-0.8222
66,2006-04,4,04_US_Economy,0,00_Copper,1.0,-0.8985
67,2006-05,4,04_US_Economy,0,00_Copper,1.0,-0.9806
68,2006-06,4,04_US_Economy,0,00_Copper,1.0,-1.0614
69,2006-07,4,04_US_Economy,0,00_Copper,1.0,-1.1187
70,2006-08,4,04_US_Economy,0,00_Copper,1.0,-1.0987
71,2006-09,4,04_US_Economy,0,00_Copper,1.0,-0.8407
72,2006-10,4,04_US_Economy,0,00_Copper,1.0,0.3855
73,2006-11,4,04_US_Economy,0,00_Copper,1.0,2.211
74,2006-12,4,04_US_Economy,0,00_Copper,1.0,2.8339
75,2007-01,4,04_US_Economy,0,00_Copper,1.0,3.0662
76,2007-02,4,04_US_Economy,0,00_Copper,1.0,-3.0834
77,2007-03,4,04_US_Economy,0,00_Copper,1.0,-2.9438
78,2007-04,4,04_US_Economy,0,00_Copper,1.0,-2.7417
79,2007-05,4,04_US_Economy,0,00_Copper,1.0,-2.4209
80,2007-06,4,04_US_Economy,0,00_Copper,1.0,-1.9395
81,2007-07,4,04_US_Economy,0,00_Copper,1.0,-1.4171
82,2007-08,4,04_US_Economy,0,00_Copper,1.0,-1.0599
83,2007-09,4,04_US_Economy,0,00_Copper,1.0,-0.8905
84,2007-10,4,04_US_Economy,0,00_Copper,1.0,-0.8714
85,2007-11,4,04_US_Economy,0,00_Copper,1.0,-0.9952
86,2007-12,4,04_US_Economy,0,00_Copper,1.0,-1.2703
87,2008-01,4,04_US_Economy,0,00_Copper,1.0,-1.6678
88,2008-02,4,04_US_Economy,0,00_Copper,1.0,-2.1052
89,2008-03,4,04_US_Economy,0,00_Copper,1.0,-2.55
90,2008-04,4,04_US_Economy,0,00_Copper,1.0,-3.0852
91,2008-05,4,04_US_Economy,0,00_Copper,1.0,2.4515
92,2008-06,4,04_US_Economy,0,00_Copper,1.0,1.7156
93,2008-07,4,04_US_Economy,0,00_Copper,1.0,1.24
94,2008-08,4,04_US_Economy,0,00_Copper,1.0,0.9213
95,2008-09,4,04_US_Economy,0,00_Copper,1.0,0.6653
96,2008-10,4,04_US_Economy,0,00_Copper,1.0,0.4329
97,2008-11,4,04_US_Economy,0,00_Copper,1.0,0.2131
98,2008-12,4,04_US_Economy,0,00_Copper,1.0,0.0127
99,2009-01,4,04_US_Economy,0,00_Copper,1.0,-0.1511
100,2009-02,4,04_US_Economy,0,00_Copper,1.0,-0.2636
101,2009-03,4,04_US_Economy,0,00_Copper,1.0,-0.3197
102,2009-04,4,04_US_Economy,0,00_Copper,1.0,-0.3232
103,2009-05,4,04_US_Economy,0,00_Copper,1.0,-0.2829
104,2009-06,4,04_US_Economy,0,00_Copper,1.0,-0.213
105,2009-07,4,04_US_Economy,0,00_Copper,1.0,-0.1321
106,2009-08,4,04_US_Economy,0,00_Copper,1.0,-0.0612
107,2009-09,4,04_US_Economy,0,00_Copper,1.0,-0.0144
108,2009-10,4,04_US_Economy,0,00_Copper,1.0,0.0126
109,2009-11,4,04_US_Economy,0,00_Copper,1.0,0.0376
110,2009-12,4,04_US_Economy,0,00_Copper,1.0,0.0714
111,2010-01,4,04_US_Economy,0,00_Copper,1.0,0.1091
112,2010-02,4,04_US_Economy,0,00_Copper,1.0,0.141
113,2010-03,4,04_US_Economy,0,00_Copper,1.0,0.1605
114,2010-04,4,04_US_Economy,0,00_Copper,1.0,0.1618
115,2010-05,4,04_US_Economy,0,00_Copper,1.0,0.1366
116,2010-06,4,04_US_Economy,0,00_Copper,1.0,0.0695
117,2010-07,4,04_US_Economy,0,00_Copper,1.0,-0.0696
118,2010-08,4,04_US_Economy,0,00_Copper,1.0,-0.3429
119,2010-09,4,04_US_Economy,0,00_Copper,1.0,-0.8537
120,2010-10,4,04_US_Economy,0,00_Copper,1.0,-1.6259
121,2010-11,4,04_US_Economy,0,00_Copper,1.0,2.1451
122,2010-12,4,04_US_Economy,0,00_Copper,1.0,1.2149
123,2011-01,4,04_US_Economy,0,00_Copper,1.0,0.9385
124,2011-02,4,04_US_Economy,0,00_Copper,1.0,0.8355
125,2011-03,4,04_US_Economy,0,00_Copper,1.0,1.0152
126,2011-04,4,04_US_Economy,0,00_Copper,1.0,1.2194
127,2011-05,4,04_US_Economy,0,00_Copper,1.0,0.4331
128,2011-06,4,04_US_Economy,0,00_Copper,1.0,-0.0234
129,2011-07,4,04_US_Economy,0,00_Copper,1.0,-0.2053
130,2011-08,4,04_US_Economy,0,00_Copper,1.0,-0.3042
131,2011-09,4,04_US_Economy,0,00_Copper,1.0,-0.3591
132,2011-10,4,04_US_Economy,0,00_Copper,1.0,-0.3799
133,2011-11,4,04_US_Economy,0,00_Copper,1.0,-0.369
134,2011-12,4,04_US_Economy,0,00_Copper,1.0,-0.3261
135,2012-01,4,04_US_Economy,0,00_Copper,1.0,-0.2502
136,2012-02,4,04_US_Economy,0,00_Copper,1.0,-0.1409
137,2012-03,4,04_US_Economy,0,00_Copper,1.0,-0.0006
138,2012-04,4,04_US_Economy,0,00_Copper,1.0,0.1629
139,2012-05,4,04_US_Economy,0,00_Copper,1.0,0.3358
140,2012-06,4,04_US_Economy,0,00_Copper,1.0,0.51
141,2012-07,4,04_US_Economy,0,00_Copper,1.0,0.7067
142,2012-08,4,04_US_Economy,0,00_Copper,1.0,1.0627
143,2012-09,4,04_US_Economy,0,00_Copper,1.0,2.7808
144,2012-10,4,04_US_Economy,0,00_Copper,1.0,-1.3801
145,2012-11,4,04_US_Economy,0,00_Copper,1.0,-0.5325
146,2012-12,4,04_US_Economy,0,00_Copper,1.0,-0.3388
147,2013-01,4,04_US_Economy,0,00_Copper,1.0,-0.3242
148,2013-02,4,04_US_Economy,0,00_Copper,1.0,-0.4117
149,2013-03,4,04_US_Economy,0,00_Copper,1.0,-0.6358
150,2013-04,4,04_US_Economy,0,00_Copper,1.0,-1.151
151,2013-05,4,04_US_Economy,0,00_Copper,1.0,-1.9113
152,2013-06,4,04_US_Economy,0,00_Copper,1.0,-2.3606
153,2013-07,4,04_US_Economy,0,00_Copper,1.0,-2.557
154,2013-08,4,04_US_Economy,0,00_Copper,1.0,-2.6709
155,2013-09,4,04_US_Economy,0,00_Copper,1.0,-2.7961
156,2013-10,4,04_US_Economy,0,00_Copper,1.0,-3.0159
157,2013-11,4,04_US_Economy,0,00_Copper,1.0,2.897
158,2013-12,4,04_US_Economy,0,00_Copper,1.0,2.4796
159,2014-01,4,04_US_Economy,0,00_Copper,1.0,2.1676
160,2014-02,4,04_US_Economy,0,00_Copper,1.0,1.9482
161,2014-03,4,04_US_Economy,0,00_Copper,1.0,1.7604
162,2014-04,4,04_US_Economy,0,00_Copper,1.0,1.5646
163,2014-05,4,04_US_Economy,0,00_Copper,1.0,1.3445
164,2014-06,4,04_US_Economy,0,00_Copper,1.0,1.1182
165,2014-07,4,04_US_Economy,0,00_Copper,1.0,0.9588
166,2014-08,4,04_US_Economy,0,00_Copper,1.0,0.8312
167,2014-09,4,04_US_Economy,0,00_Copper,1.0,0.4821
168,2014-10,4,04_US_Economy,0,00_Copper,1.0,-0.0143
169,2014-11,4,04_US_Economy,0,00_Copper,1.0,-0.5501
170,2014-12,4,04_US_Economy,0,00_Copper,1.0,-1.0688
171,2015-01,4,04_US_Economy,0,00_Copper,1.0,-1.5167
172,2015-02,4,04_US_Economy,0,00_Copper,1.0,-1.8781
173,2015-03,4,04_US_Economy,0,00_Copper,1.0,-2.163
174,2015-04,4,04_US_Economy,0,00_Copper,1.0,-2.3829
175,2015-05,4,04_US_Economy,0,00_Copper,1.0,-2.5449
176,2015-06,4,04_US_Economy,0,00_Copper,1.0,-2.6576
177,2015-07,4,04_US_Economy,0,00_Copper,1.0,-2.7368
178,2015-08,4,04_US_Economy,0,00_Copper,1.0,-2.8039
179,2015-09,4,04_US_Economy,0,00_Copper,1.0,-2.8878
180,2015-10,4,04_US_Economy,0,00_Copper,1.0,-3.068
181,2015-11,4,04_US_Economy,0,00_Copper,1.0,2.0214
182,2015-12,4,04_US_Economy,0,00_Copper,1.0,0.6908
183,2016-01,4,04_US_Economy,0,00_Copper,1.0,0.5273
184,2016-02,4,04_US_Economy,0,00_Copper,1.0,0.477
185,2016-03,4,04_US_Economy,0,00_Copper,1.0,0.4385
186,2016-04,4,04_US_Economy,0,00_Copper,1.0,0.3824
187,2016-05,4,04_US_Economy,0,00_Copper,1.0,0.3334
188,2016-06,4,04_US_Economy,0,00_Copper,1.0,0.357
189,2016-07,4,04_US_Economy,0,00_Copper,1.0,0.4715
190,2016-08,4,04_US_Economy,0,00_Copper,1.0,0.6368
191,2016-09,4,04_US_Economy,0,00_Copper,1.0,0.8057
192,2016-10,4,04_US_Economy,0,00_Copper,1.0,0.9486
193,2016-11,4,04_US_Economy,0,00_Copper,1.0,1.0473
194,2016-12,4,04_US_Economy,0,00_Copper,1.0,1.078
195,2017-01,4,04_US_Economy,0,00_Copper,1.0,0.9927
196,2017-02,4,04_US_Economy,0,00_Copper,1.0,0.6815
197,2017-03,4,04_US_Economy,0,00_Copper,1.0,0.0707
198,2017-04,4,04_US_Economy,0,00_Copper,1.0,-0.4767
199,2017-05,4,04_US_Economy,0,00_Copper,1.0,-0.8547
200,2017-06,4,04_US_Economy,0,00_Copper,1.0,-1.2725
201,2017-07,4,04_US_Economy,0,00_Copper,1.0,-1.8355
202,2017-08,4,04_US_Economy,0,00_Copper,1.0,-2.4902
203,2017-09,4,04_US_Economy,0,00_Copper,1.0,-3.1405
204,2017-10,4,04_US_Economy,0,00_Copper,1.0,2.6264
205,2017-11,4,04_US_Economy,0,00_Copper,1.0,2.2777
206,2017-12,4,04_US_Economy,0,00_Copper,1.0,2.031
207,2018-01,4,04_US_Economy,0,00_Copper,1.0,1.8263
208,2018-02,4,04_US_Economy,0,00_Copper,1.0,1.6236
209,2018-03,4,04_US_Economy,0,00_Copper,1.0,1.3935
210,2018-04,4,04_US_Economy,0,00_Copper,1.0,1.1028
211,2018-05,4,04_US_Economy,0,00_Copper,1.0,0.635
212,2018-06,4,04_US_Economy,0,00_Copper,1.0,-0.6924
213,2018-07,4,04_US_Economy,0,00_Copper,1.0,-1.826
214,2018-08,4,04_US_Economy,0,00_Copper,1.0,-2.184
215,2018-09,4,04_US_Economy,0,00_Copper,1.0,-2.3465
216,2018-10,4,04_US_Economy,0,00_Copper,1.0,-2.3654
217,2018-11,4,04_US_Economy,0,00_Copper,1.0,-1.7508
218,2018-12,4,04_US_Economy,0,00_Copper,1.0,0.0506
219,2019-01,4,04_US_Economy,0,00_Copper,1.0,0.2235
220,2019-02,4,04_US_Economy,0,00_Copper,1.0,0.2606
221,2019-03,4,04_US_Economy,0,00_Copper,1.0,0.2659
222,2019-04,4,04_US_Economy,0,00_Copper,1.0,0.2632
223,2019-05,4,04_US_Economy,0,00_Copper,1.0,0.2631
224,2019-06,4,04_US_Economy,0,00_Copper,1.0,0.2679
225,2019-07,4,04_US_Economy,0,00_Copper,1.0,0.273
226,2019-08,4,04_US_Economy,0,00_Copper,1.0,0.2738
227,2019-09,4,04_US_Economy,0,00_Copper,1.0,0.2633
228,2019-10,4,04_US_Economy,0,00_Copper,1.0,0.1598
229,2019-11,4,04_US_Economy,0,00_Copper,1.0,-2.8141
230,2019-12,4,04_US_Economy,0,00_Copper,1.0,-2.8443
231,2020-01,4,04_US_Economy,0,00_Copper,1.0,-2.8657
232,2020-02,4,04_US_Economy,0,00_Copper,1.0,-2.8974
233,2020-03,4,04_US_Economy,0,00_Copper,1.0,-2.9456
234,2020-04,4,04_US_Economy,0,00_Copper,1.0,-3.0193
235,2020-05,4,04_US_Economy,0,00_Copper,1.0,-3.1331
236,2020-06,4,04_US_Economy,0,00_Copper,1.0,2.9812
237,2020-07,4,04_US_Economy,0,00_Copper,1.0,2.7514
238,2020-08,4,04_US_Economy,0,00_Copper,1.0,2.4677
239,2020-09,4,04_US_Economy,0,00_Copper,1.0,1.9626
240,2020-10,4,04_US_Economy,0,00_Copper,1.0,-1.0523
241,2020-11,4,04_US_Economy,0,00_Copper,1.0,-1.2757
242,2020-12,4,04_US_Economy,0,00_Copper,1.0,-1.4149
243,2021-01,4,04_US_Economy,0,00_Copper,1.0,-1.4904
244,2021-02,4,04_US_Economy,0,00_Copper,1.0,-1.5119
245,2021-03,4,04_US_Economy,0,00_Copper,1.0,-1.4902
246,2021-04,4,04_US_Economy,0,00_Copper,1.0,-1.4343
247,2021-05,4,04_US_Economy,0,00_Copper,1.0,-1.3475
248,2021-06,4,04_US_Economy,0,00_Copper,1.0,-1.2249
249,2021-07,4,04_US_Economy,0,00_Copper,1.0,-1.0567
250,2021-08,4,04_US_Economy,0,00_Copper,1.0,-0.8394
251,2021-09,4,04_US_Economy,0,00_Copper,1.0,-0.5889
252,2021-10,4,04_US_Economy,0,00_Copper,1.0,-0.3367
253,2021-11,4,04_US_Economy,0,00_Copper,1.0,-0.1154
254,2021-12,4,04_US_Economy,0,00_Copper,1.0,0.0566
255,2022-01,4,04_US_Economy,0,00_Copper,1.0,0.1659
256,2022-02,4,04_US_Economy,0,00_Copper,1.0,0.1907
257,2022-03,4,04_US_Economy,0,00_Copper,1.0,0.0943
258,2022-04,4,04_US_Economy,0,00_Copper,1.0,-0.161
259,2022-05,4,04_US_Economy,0,00_Copper,1.0,-0.5357
260,2022-06,4,04_US_Economy,0,00_Copper,1.0,-0.8758
261,2022-07,4,04_US_Economy,0,00_Copper,1.0,-1.0903
262,2022-08,4,04_US_Economy,0,00_Copper,1.0,-1.1869
263,2022-09,4,04_US_Economy,0,00_Copper,1.0,-1.1797
264,2022-10,4,04_US_Economy,0,00_Copper,1.0,-1.0691
265,2022-11,4,04_US_Economy,0,00_Copper,1.0,-0.8677
266,2022-12,4,04_US_Economy,0,00_Copper,1.0,-0.6386
267,2023-01,4,04_US_Economy,0,00_Copper,1.0,-0.4565
268,2023-02,4,04_US_Economy,0,00_Copper,1.0,-0.3324
12,2001-10,4,04_US_Economy,1,01_Oil,1.0,-1.0104
13,2001-11,4,04_US_Economy,1,01_Oil,1.0,-0.8937
14,2001-12,4,04_US_Economy,1,01_Oil,1.0,-0.7173
15,2002-01,4,04_US_Economy,1,01_Oil,1.0,-0.5321
16,2002-02,4,04_US_Economy,1,01_Oil,1.0,-0.3668
17,2002-03,4,04_US_Economy,1,01_Oil,1.0,-0.2323
18,2002-04,4,04_US_Economy,1,01_Oil,1.0,-0.1333
19,2002-05,4,04_US_Economy,1,01_Oil,1.0,-0.085
20,2002-06,4,04_US_Economy,1,01_Oil,1.0,-0.1106
21,2002-07,4,04_US_Economy,1,01_Oil,1.0,-0.2105
22,2002-08,4,04_US_Economy,1,01_Oil,1.0,-0.3182
23,2002-09,4,04_US_Economy,1,01_Oil,1.0,2.4061
24,2002-10,4,04_US_Economy,1,01_Oil,1.0,2.3851
25,2002-11,4,04_US_Economy,1,01_Oil,1.0,2.2808
26,2002-12,4,04_US_Economy,1,01_Oil,1.0,2.1895
27,2003-01,4,04_US_Economy,1,01_Oil,1.0,2.1207
28,2003-02,4,04_US_Economy,1,01_Oil,1.0,2.0829
29,2003-03,4,04_US_Economy,1,01_Oil,1.0,2.1064
30,2003-04,4,04_US_Economy,1,01_Oil,1.0,2.3741
31,2003-05,4,04_US_Economy,1,01_Oil,1.0,-2.4277
32,2003-06,4,04_US_Economy,1,01_Oil,1.0,-1.8776
33,2003-07,4,04_US_Economy,1,01_Oil,1.0,-1.7889
34,2003-08,4,04_US_Economy,1,01_Oil,1.0,-1.7229
35,2003-09,4,04_US_Economy,1,01_Oil,1.0,-1.3058
36,2003-10,4,04_US_Economy,1,01_Oil,1.0,0.3649
37,2003-11,4,04_US_Economy,1,01_Oil,1.0,1.6258
38,2003-12,4,04_US_Economy,1,01_Oil,1.0,2.6645
39,2004-01,4,04_US_Economy,1,01_Oil,1.0,2.7664
40,2004-02,4,04_US_Economy,1,01_Oil,1.0,2.7378
41,2004-03,4,04_US_Economy,1,01_Oil,1.0,2.6965
42,2004-04,4,04_US_Economy,1,01_Oil,1.0,2.6683
43,2004-05,4,04_US_Economy,1,01_Oil,1.0,2.6612
44,2004-06,4,04_US_Economy,1,01_Oil,1.0,2.6888
45,2004-07,4,04_US_Economy,1,01_Oil,1.0,2.9066
46,2004-08,4,04_US_Economy,1,01_Oil,1.0,-0.7386
47,2004-09,4,04_US_Economy,1,01_Oil,1.0,-0.4897
48,2004-10,4,04_US_Economy,1,01_Oil,1.0,-0.1054
49,2004-11,4,04_US_Economy,1,01_Oil,1.0,0.6048
50,2004-12,4,04_US_Economy,1,01_Oil,1.0,0.9621
51,2005-01,4,04_US_Economy,1,01_Oil,1.0,0.9663
52,2005-02,4,04_US_Economy,1,01_Oil,1.0,0.8351
53,2005-03,4,04_US_Economy,1,01_Oil,1.0,0.658
54,2005-04,4,04_US_Economy,1,01_Oil,1.0,0.4756
55,2005-05,4,04_US_Economy,1,01_Oil,1.0,0.3015
56,2005-06,4,04_US_Economy,1,01_Oil,1.0,0.1009
57,2005-07,4,04_US_Economy,1,01_Oil,1.0,-0.4015
58,2005-08,4,04_US_Economy,1,01_Oil,1.0,-1.126
59,2005-09,4,04_US_Economy,1,01_Oil,1.0,-1.0124
60,2005-10,4,04_US_Economy,1,01_Oil,1.0,-0.8098
61,2005-11,4,04_US_Economy,1,01_Oil,1.0,-0.6846
62,2005-12,4,04_US_Economy,1,01_Oil,1.0,-0.5953
63,2006-01,4,04_US_Economy,1,01_Oil,1.0,-0.5086
64,2006-02,4,04_US_Economy,1,01_Oil,1.0,-0.4034
65,2006-03,4,04_US_Economy,1,01_Oil,1.0,-0.2628
66,2006-04,4,04_US_Economy,1,01_Oil,1.0,-0.077
67,2006-05,4,04_US_Economy,1,01_Oil,1.0,0.1419
68,2006-06,4,04_US_Economy,1,01_Oil,1.0,0.3516
69,2006-07,4,04_US_Economy,1,01_Oil,1.0,0.5215
70,2006-08,4,04_US_Economy,1,01_Oil,1.0,0.6722
71,2006-09,4,04_US_Economy,1,01_Oil,1.0,0.8893
72,2006-10,4,04_US_Economy,1,01_Oil,1.0,1.3514
73,2006-11,4,04_US_Economy,1,01_Oil,1.0,2.0455
74,2006-12,4,04_US_Economy,1,01_Oil,1.0,2.479
75,2007-01,4,04_US_Economy,1,01_Oil,1.0,2.6957
76,2007-02,4,04_US_Economy,1,01_Oil,1.0,2.8621
77,2007-03,4,04_US_Economy,1,01_Oil,1.0,3.0555
78,2007-04,4,04_US_Economy,1,01_Oil,1.0,-2.9765
79,2007-05,4,04_US_Economy,1,01_Oil,1.0,-2.6643
80,2007-06,4,04_US_Economy,1,01_Oil,1.0,-2.3148
81,2007-07,4,04_US_Economy,1,01_Oil,1.0,-1.9724
82,2007-08,4,04_US_Economy,1,01_Oil,1.0,-1.6777
83,2007-09,4,04_US_Economy,1,01_Oil,1.0,-1.4515
84,2007-10,4,04_US_Economy,1,01_Oil,1.0,-1.3028
85,2007-11,4,04_US_Economy,1,01_Oil,1.0,-1.243
86,2007-12,4,04_US_Economy,1,01_Oil,1.0,-1.2804
87,2008-01,4,04_US_Economy,1,01_Oil,1.0,-1.3761
88,2008-02,4,04_US_Economy,1,01_Oil,1.0,-1.4319
89,2008-03,4,04_US_Economy,1,01_Oil,1.0,-1.3845
90,2008-04,4,04_US_Economy,1,01_Oil,1.0,-1.2492
91,2008-05,4,04_US_Economy,1,01_Oil,1.0,-1.0728
92,2008-06,4,04_US_Economy,1,01_Oil,1.0,-0.8973
93,2008-07,4,04_US_Economy,1,01_Oil,1.0,-0.7469
94,2008-08,4,04_US_Economy,1,01_Oil,1.0,-0.6323
95,2008-09,4,04_US_Economy,1,01_Oil,1.0,-0.5576
96,2008-10,4,04_US_Economy,1,01_Oil,1.0,-0.5263
97,2008-11,4,04_US_Economy,1,01_Oil,1.0,-0.5434
98,2008-12,4,04_US_Economy,1,01_Oil,1.0,-0.6166
99,2009-01,4,04_US_Economy,1,01_Oil,1.0,-0.753
100,2009-02,4,04_US_Economy,1,01_Oil,1.0,-0.9485
101,2009-03,4,04_US_Economy,1,01_Oil,1.0,-1.1771
102,2009-04,4,04_US_Economy,1,01_Oil,1.0,-1.3998
103,2009-05,4,04_US_Economy,1,01_Oil,1.0,-1.5937
104,2009-06,4,04_US_Economy,1,01_Oil,1.0,-1.7661
105,2009-07,4,04_US_Economy,1,01_Oil,1.0,-1.9463
106,2009-08,4,04_US_Economy,1,01_Oil,1.0,-2.1807
107,2009-09,4,04_US_Economy,1,01_Oil,1.0,-2.5666
108,2009-10,4,04_US_Economy,1,01_Oil,1.0,2.8059
109,2009-11,4,04_US_Economy,1,01_Oil,1.0,1.5016
110,2009-12,4,04_US_Economy,1,01_Oil,1.0,0.9684
111,2010-01,4,04_US_Economy,1,01_Oil,1.0,0.7076
112,2010-02,4,04_US_Economy,1,01_Oil,1.0,0.5438
113,2010-03,4,04_US_Economy,1,01_Oil,1.0,0.4273
114,2010-04,4,04_US_Economy,1,01_Oil,1.0,0.3354
115,2010-05,4,04_US_Economy,1,01_Oil,1.0,0.2545
116,2010-06,4,04_US_Economy,1,01_Oil,1.0,0.1725
117,2010-07,4,04_US_Economy,1,01_Oil,1.0,0.0757
118,2010-08,4,04_US_Economy,1,01_Oil,1.0,-0.056
119,2010-09,4,04_US_Economy,1,01_Oil,1.0,-0.2609
120,2010-10,4,04_US_Economy,1,01_Oil,1.0,-0.6603
121,2010-11,4,04_US_Economy,1,01_Oil,1.0,-3.0327
122,2010-12,4,04_US_Economy,1,01_Oil,1.0,2.2368
123,2011-01,4,04_US_Economy,1,01_Oil,1.0,1.7975
124,2011-02,4,04_US_Economy,1,01_Oil,1.0,1.4574
125,2011-03,4,04_US_Economy,1,01_Oil,1.0,1.1114
126,2011-04,4,04_US_Economy,1,01_Oil,1.0,0.497
127,2011-05,4,04_US_Economy,1,01_Oil,1.0,-0.6435
128,2011-06,4,04_US_Economy,1,01_Oil,1.0,-1.1312
129,2011-07,4,04_US_Economy,1,01_Oil,1.0,-1.1931
130,2011-08,4,04_US_Economy,1,01_Oil,1.0,-1.0819
131,2011-09,4,04_US_Economy,1,01_Oil,1.0,-0.8964
132,2011-10,4,04_US_Economy,1,01_Oil,1.0,-0.7122
133,2011-11,4,04_US_Economy,1,01_Oil,1.0,-0.5664
134,2011-12,4,04_US_Economy,1,01_Oil,1.0,-0.4616
135,2012-01,4,04_US_Economy,1,01_Oil,1.0,-0.391
136,2012-02,4,04_US_Economy,1,01_Oil,1.0,-0.3565
137,2012-03,4,04_US_Economy,1,01_Oil,1.0,-0.3804
138,2012-04,4,04_US_Economy,1,01_Oil,1.0,-0.5119
139,2012-05,4,04_US_Economy,1,01_Oil,1.0,-0.7692
140,2012-06,4,04_US_Economy,1,01_Oil,1.0,-1.0254
141,2012-07,4,04_US_Economy,1,01_Oil,1.0,-1.1572
142,2012-08,4,04_US_Economy,1,01_Oil,1.0,-1.1499
143,2012-09,4,04_US_Economy,1,01_Oil,1.0,-0.8847
144,2012-10,4,04_US_Economy,1,01_Oil,1.0,0.1801
145,2012-11,4,04_US_Economy,1,01_Oil,1.0,0.845
146,2012-12,4,04_US_Economy,1,01_Oil,1.0,0.9875
147,2013-01,4,04_US_Economy,1,01_Oil,1.0,1.0179
148,2013-02,4,04_US_Economy,1,01_Oil,1.0,1.0079
149,2013-03,4,04_US_Economy,1,01_Oil,1.0,0.9161
150,2013-04,4,04_US_Economy,1,01_Oil,1.0,0.5496
151,2013-05,4,04_US_Economy,1,01_Oil,1.0,-0.1107
152,2013-06,4,04_US_Economy,1,01_Oil,1.0,-0.5524
153,2013-07,4,04_US_Economy,1,01_Oil,1.0,-0.8383
154,2013-08,4,04_US_Economy,1,01_Oil,1.0,-1.1215
155,2013-09,4,04_US_Economy,1,01_Oil,1.0,-1.4743
156,2013-10,4,04_US_Economy,1,01_Oil,1.0,-1.9487
157,2013-11,4,04_US_Economy,1,01_Oil,1.0,-2.5499
158,2013-12,4,04_US_Economy,1,01_Oil,1.0,3.1181
159,2014-01,4,04_US_Economy,1,01_Oil,1.0,2.611
160,2014-02,4,04_US_Economy,1,01_Oil,1.0,2.2231
161,2014-03,4,04_US_Economy,1,01_Oil,1.0,1.9238
162,2014-04,4,04_US_Economy,1,01_Oil,1.0,1.6901
163,2014-05,4,04_US_Economy,1,01_Oil,1.0,1.5215
164,2014-06,4,04_US_Economy,1,01_Oil,1.0,1.4661
165,2014-07,4,04_US_Economy,1,01_Oil,1.0,1.6465
166,2014-08,4,04_US_Economy,1,01_Oil,1.0,2.0525
167,2014-09,4,04_US_Economy,1,01_Oil,1.0,2.3292
168,2014-10,4,04_US_Economy,1,01_Oil,1.0,2.424
169,2014-11,4,04_US_Economy,1,01_Oil,1.0,2.4446
170,2014-12,4,04_US_Economy,1,01_Oil,1.0,2.4534
171,2015-01,4,04_US_Economy,1,01_Oil,1.0,2.4793
172,2015-02,4,04_US_Economy,1,01_Oil,1.0,2.5244
173,2015-03,4,04_US_Economy,1,01_Oil,1.0,2.5735
174,2015-04,4,04_US_Economy,1,01_Oil,1.0,2.6147
175,2015-05,4,04_US_Economy,1,01_Oil,1.0,2.6485
176,2015-06,4,04_US_Economy,1,01_Oil,1.0,2.6798
177,2015-07,4,04_US_Economy,1,01_Oil,1.0,2.7046
178,2015-08,4,04_US_Economy,1,01_Oil,1.0,2.7066
179,2015-09,4,04_US_Economy,1,01_Oil,1.0,2.6387
180,2015-10,4,04_US_Economy,1,01_Oil,1.0,2.1356
181,2015-11,4,04_US_Economy,1,01_Oil,1.0,0.3666
182,2015-12,4,04_US_Economy,1,01_Oil,1.0,0.1157
183,2016-01,4,04_US_Economy,1,01_Oil,1.0,0.0917
184,2016-02,4,04_US_Economy,1,01_Oil,1.0,0.1219
185,2016-03,4,04_US_Economy,1,01_Oil,1.0,0.16
186,2016-04,4,04_US_Economy,1,01_Oil,1.0,0.0382
187,2016-05,4,04_US_Economy,1,01_Oil,1.0,-2.047
188,2016-06,4,04_US_Economy,1,01_Oil,1.0,-2.2521
189,2016-07,4,04_US_Economy,1,01_Oil,1.0,-2.1876
190,2016-08,4,04_US_Economy,1,01_Oil,1.0,-2.0998
191,2016-09,4,04_US_Economy,1,01_Oil,1.0,-2.018
192,2016-10,4,04_US_Economy,1,01_Oil,1.0,-1.9487
193,2016-11,4,04_US_Economy,1,01_Oil,1.0,-1.8967
194,2016-12,4,04_US_Economy,1,01_Oil,1.0,-1.8788
195,2017-01,4,04_US_Economy,1,01_Oil,1.0,-1.9385
196,2017-02,4,04_US_Economy,1,01_Oil,1.0,-2.1783
197,2017-03,4,04_US_Economy,1,01_Oil,1.0,-2.6525
198,2017-04,4,04_US_Economy,1,01_Oil,1.0,-2.9472
199,2017-05,4,04_US_Economy,1,01_Oil,1.0,-2.8565
200,2017-06,4,04_US_Economy,1,01_Oil,1.0,-2.5381
201,2017-07,4,04_US_Economy,1,01_Oil,1.0,-2.3922
202,2017-08,4,04_US_Economy,1,01_Oil,1.0,-2.6696
203,2017-09,4,04_US_Economy,1,01_Oil,1.0,3.0321
204,2017-10,4,04_US_Economy,1,01_Oil,1.0,2.4608
205,2017-11,4,04_US_Economy,1,01_Oil,1.0,2.0752
206,2017-12,4,04_US_Economy,1,01_Oil,1.0,1.8556
207,2018-01,4,04_US_Economy,1,01_Oil,1.0,1.7521
208,2018-02,4,04_US_Economy,1,01_Oil,1.0,1.7834
209,2018-03,4,04_US_Economy,1,01_Oil,1.0,-2.8875
210,2018-04,4,04_US_Economy,1,01_Oil,1.0,-1.9048
211,2018-05,4,04_US_Economy,1,01_Oil,1.0,-1.8476
212,2018-06,4,04_US_Economy,1,01_Oil,1.0,-1.842
213,2018-07,4,04_US_Economy,1,01_Oil,1.0,-1.8345
214,2018-08,4,04_US_Economy,1,01_Oil,1.0,-1.8034
215,2018-09,4,04_US_Economy,1,01_Oil,1.0,-1.7302
216,2018-10,4,04_US_Economy,1,01_Oil,1.0,-1.566
217,2018-11,4,04_US_Economy,1,01_Oil,1.0,-0.7906
218,2018-12,4,04_US_Economy,1,01_Oil,1.0,1.1609
219,2019-01,4,04_US_Economy,1,01_Oil,1.0,1.4715
220,2019-02,4,04_US_Economy,1,01_Oil,1.0,1.6095
221,2019-03,4,04_US_Economy,1,01_Oil,1.0,1.5919
222,2019-04,4,04_US_Economy,1,01_Oil,1.0,1.0761
223,2019-05,4,04_US_Economy,1,01_Oil,1.0,0.0832
224,2019-06,4,04_US_Economy,1,01_Oil,1.0,-0.2099
225,2019-07,4,04_US_Economy,1,01_Oil,1.0,-0.2787
226,2019-08,4,04_US_Economy,1,01_Oil,1.0,-0.2884
227,2019-09,4,04_US_Economy,1,01_Oil,1.0,-0.2584
228,2019-10,4,04_US_Economy,1,01_Oil,1.0,-0.2465
229,2019-11,4,04_US_Economy,1,01_Oil,1.0,-3.0071
230,2019-12,4,04_US_Economy,1,01_Oil,1.0,-2.759
231,2020-01,4,04_US_Economy,1,01_Oil,1.0,-2.5295
232,2020-02,4,04_US_Economy,1,01_Oil,1.0,-2.3836
233,2020-03,4,04_US_Economy,1,01_Oil,1.0,-2.3114
234,2020-04,4,04_US_Economy,1,01_Oil,1.0,-2.2925
235,2020-05,4,04_US_Economy,1,01_Oil,1.0,-2.3153
236,2020-06,4,04_US_Economy,1,01_Oil,1.0,-2.3707
237,2020-07,4,04_US_Economy,1,01_Oil,1.0,-2.4363
238,2020-08,4,04_US_Economy,1,01_Oil,1.0,-2.4562
239,2020-09,4,04_US_Economy,1,01_Oil,1.0,-2.3468
240,2020-10,4,04_US_Economy,1,01_Oil,1.0,-2.0901
241,2020-11,4,04_US_Economy,1,01_Oil,1.0,-1.8379
242,2020-12,4,04_US_Economy,1,01_Oil,1.0,-1.7129
243,2021-01,4,04_US_Economy,1,01_Oil,1.0,-1.7208
244,2021-02,4,04_US_Economy,1,01_Oil,1.0,-1.8909
245,2021-03,4,04_US_Economy,1,01_Oil,1.0,-2.34
246,2021-04,4,04_US_Economy,1,01_Oil,1.0,-2.9828
247,2021-05,4,04_US_Economy,1,01_Oil,1.0,2.8962
248,2021-06,4,04_US_Economy,1,01_Oil,1.0,2.7176
249,2021-07,4,04_US_Economy,1,01_Oil,1.0,2.6532
250,2021-08,4,04_US_Economy,1,01_Oil,1.0,2.653
251,2021-09,4,04_US_Economy,1,01_Oil,1.0,2.6914
252,2021-10,4,04_US_Economy,1,01_Oil,1.0,2.7529
253,2021-11,4,04_US_Economy,1,01_Oil,1.0,2.8266
254,2021-12,4,04_US_Economy,1,01_Oil,1.0,2.9041
255,2022-01,4,04_US_Economy,1,01_Oil,1.0,2.9734
256,2022-02,4,04_US_Economy,1,01_Oil,1.0,3.015
257,2022-03,4,04_US_Economy,1,01_Oil,1.0,2.9999
258,2022-04,4,04_US_Economy,1,01_Oil,1.0,2.8836
259,2022-05,4,04_US_Economy,1,01_Oil,1.0,2.6008
260,2022-06,4,04_US_Economy,1,01_Oil,1.0,2.1267
261,2022-07,4,04_US_Economy,1,01_Oil,1.0,1.6551
262,2022-08,4,04_US_Economy,1,01_Oil,1.0,1.3549
263,2022-09,4,04_US_Economy,1,01_Oil,1.0,1.1818
264,2022-10,4,04_US_Economy,1,01_Oil,1.0,1.0664
265,2022-11,4,04_US_Economy,1,01_Oil,1.0,0.957
266,2022-12,4,04_US_Economy,1,01_Oil,1.0,0.799
267,2023-01,4,04_US_Economy,1,01_Oil,1.0,0.4943
268,2023-02,4,04_US_Economy,1,01_Oil,1.0,-0.1019
12,2001-10,4,04_US_Economy,2,02_SP500,1.0,0.0353
13,2001-11,4,04_US_Economy,2,02_SP500,1.0,0.03
14,2001-12,4,04_US_Economy,2,02_SP500,1.0,0.0269
15,2002-01,4,04_US_Economy,2,02_SP500,1.0,0.0251
16,2002-02,4,04_US_Economy,2,02_SP500,1.0,0.0238
17,2002-03,4,04_US_Economy,2,02_SP500,1.0,0.0222
18,2002-04,4,04_US_Economy,2,02_SP500,1.0,0.0195
19,2002-05,4,04_US_Economy,2,02_SP500,1.0,0.0162
20,2002-06,4,04_US_Economy,2,02_SP500,1.0,0.0142
21,2002-07,4,04_US_Economy,2,02_SP500,1.0,0.0119
22,2002-08,4,04_US_Economy,2,02_SP500,1.0,0.0046
23,2002-09,4,04_US_Economy,2,02_SP500,1.0,-0.0087
24,2002-10,4,04_US_Economy,2,02_SP500,1.0,-0.026
25,2002-11,4,04_US_Economy,2,02_SP500,1.0,-0.0468
26,2002-12,4,04_US_Economy,2,02_SP500,1.0,-0.0728
27,2003-01,4,04_US_Economy,2,02_SP500,1.0,-0.1083
28,2003-02,4,04_US_Economy,2,02_SP500,1.0,-0.1623
29,2003-03,4,04_US_Economy,2,02_SP500,1.0,-0.2544
30,2003-04,4,04_US_Economy,2,02_SP500,1.0,-0.3664
31,2003-05,4,04_US_Economy,2,02_SP500,1.0,0.3044
32,2003-06,4,04_US_Economy,2,02_SP500,1.0,0.3244
33,2003-07,4,04_US_Economy,2,02_SP500,1.0,0.2102
34,2003-08,4,04_US_Economy,2,02_SP500,1.0,0.1292
35,2003-09,4,04_US_Economy,2,02_SP500,1.0,0.0545
36,2003-10,4,04_US_Economy,2,02_SP500,1.0,-0.087
37,2003-11,4,04_US_Economy,2,02_SP500,1.0,-0.5781
38,2003-12,4,04_US_Economy,2,02_SP500,1.0,-0.1643
39,2004-01,4,04_US_Economy,2,02_SP500,1.0,-0.0967
40,2004-02,4,04_US_Economy,2,02_SP500,1.0,-0.0768
41,2004-03,4,04_US_Economy,2,02_SP500,1.0,-0.0642
42,2004-04,4,04_US_Economy,2,02_SP500,1.0,-0.0531
43,2004-05,4,04_US_Economy,2,02_SP500,1.0,-0.0415
44,2004-06,4,04_US_Economy,2,02_SP500,1.0,-0.0271
45,2004-07,4,04_US_Economy,2,02_SP500,1.0,-0.0058
46,2004-08,4,04_US_Economy,2,02_SP500,1.0,0.0311
47,2004-09,4,04_US_Economy,2,02_SP500,1.0,0.1003
48,2004-10,4,04_US_Economy,2,02_SP500,1.0,0.1389
49,2004-11,4,04_US_Economy,2,02_SP500,1.0,-0.5769
50,2004-12,4,04_US_Economy,2,02_SP500,1.0,-0.5547
51,2005-01,4,04_US_Economy,2,02_SP500,1.0,-0.4469
52,2005-02,4,04_US_Economy,2,02_SP500,1.0,-0.3506
53,2005-03,4,04_US_Economy,2,02_SP500,1.0,-0.2461
54,2005-04,4,04_US_Economy,2,02_SP500,1.0,-0.1411
55,2005-05,4,04_US_Economy,2,02_SP500,1.0,-0.0521
56,2005-06,4,04_US_Economy,2,02_SP500,1.0,0.018
57,2005-07,4,04_US_Economy,2,02_SP500,1.0,0.0894
58,2005-08,4,04_US_Economy,2,02_SP500,1.0,0.1984
59,2005-09,4,04_US_Economy,2,02_SP500,1.0,0.2879
60,2005-10,4,04_US_Economy,2,02_SP500,1.0,0.2866
61,2005-11,4,04_US_Economy,2,02_SP500,1.0,0.2549
62,2005-12,4,04_US_Economy,2,02_SP500,1.0,0.22
63,2006-01,4,04_US_Economy,2,02_SP500,1.0,0.1829
64,2006-02,4,04_US_Economy,2,02_SP500,1.0,0.1423
65,2006-03,4,04_US_Economy,2,02_SP500,1.0,0.0991
66,2006-04,4,04_US_Economy,2,02_SP500,1.0,0.0556
67,2006-05,4,04_US_Economy,2,02_SP500,1.0,0.0121
68,2006-06,4,04_US_Economy,2,02_SP500,1.0,-0.0345
69,2006-07,4,04_US_Economy,2,02_SP500,1.0,-0.0949
70,2006-08,4,04_US_Economy,2,02_SP500,1.0,-0.2021
71,2006-09,4,04_US_Economy,2,02_SP500,1.0,-0.4438
72,2006-10,4,04_US_Economy,2,02_SP500,1.0,-0.7068
73,2006-11,4,04_US_Economy,2,02_SP500,1.0,-0.4756
74,2006-12,4,04_US_Economy,2,02_SP500,1.0,-0.2341
75,2007-01,4,04_US_Economy,2,02_SP500,1.0,-0.1231
76,2007-02,4,04_US_Economy,2,02_SP500,1.0,-0.0635
77,2007-03,4,04_US_Economy,2,02_SP500,1.0,-0.0219
78,2007-04,4,04_US_Economy,2,02_SP500,1.0,0.0121
79,2007-05,4,04_US_Economy,2,02_SP500,1.0,0.0408
80,2007-06,4,04_US_Economy,2,02_SP500,1.0,0.064
81,2007-07,4,04_US_Economy,2,02_SP500,1.0,0.0813
82,2007-08,4,04_US_Economy,2,02_SP500,1.0,0.0935
83,2007-09,4,04_US_Economy,2,02_SP500,1.0,0.1022
84,2007-10,4,04_US_Economy,2,02_SP500,1.0,0.1095
85,2007-11,4,04_US_Economy,2,02_SP500,1.0,0.1172
86,2007-12,4,04_US_Economy,2,02_SP500,1.0,0.1217
87,2008-01,4,04_US_Economy,2,02_SP500,1.0,0.113
88,2008-02,4,04_US_Economy,2,02_SP500,1.0,0.0917
89,2008-03,4,04_US_Economy,2,02_SP500,1.0,0.0705
90,2008-04,4,04_US_Economy,2,02_SP500,1.0,0.0546
91,2008-05,4,04_US_Economy,2,02_SP500,1.0,0.0434
92,2008-06,4,04_US_Economy,2,02_SP500,1.0,0.0351
93,2008-07,4,04_US_Economy,2,02_SP500,1.0,0.0289
94,2008-08,4,04_US_Economy,2,02_SP500,1.0,0.0245
95,2008-09,4,04_US_Economy,2,02_SP500,1.0,0.0219
96,2008-10,4,04_US_Economy,2,02_SP500,1.0,0.0214
97,2008-11,4,04_US_Economy,2,02_SP500,1.0,0.023
98,2008-12,4,04_US_Economy,2,02_SP500,1.0,0.027
99,2009-01,4,04_US_Economy,2,02_SP500,1.0,0.0332
100,2009-02,4,04_US_Economy,2,02_SP500,1.0,0.0412
101,2009-03,4,04_US_Economy,2,02_SP500,1.0,0.0503
102,2009-04,4,04_US_Economy,2,02_SP500,1.0,0.0594
103,2009-05,4,04_US_Economy,2,02_SP500,1.0,0.0666
104,2009-06,4,04_US_Economy,2,02_SP500,1.0,0.0695
105,2009-07,4,04_US_Economy,2,02_SP500,1.0,0.0647
106,2009-08,4,04_US_Economy,2,02_SP500,1.0,0.0493
107,2009-09,4,04_US_Economy,2,02_SP500,1.0,0.0233
108,2009-10,4,04_US_Economy,2,02_SP500,1.0,-0.0068
109,2009-11,4,04_US_Economy,2,02_SP500,1.0,-0.0298
110,2009-12,4,04_US_Economy,2,02_SP500,1.0,-0.0403
111,2010-01,4,04_US_Economy,2,02_SP500,1.0,-0.0414
112,2010-02,4,04_US_Economy,2,02_SP500,1.0,-0.0379
113,2010-03,4,04_US_Economy,2,02_SP500,1.0,-0.0327
114,2010-04,4,04_US_Economy,2,02_SP500,1.0,-0.027
115,2010-05,4,04_US_Economy,2,02_SP500,1.0,-0.0205
116,2010-06,4,04_US_Economy,2,02_SP500,1.0,-0.0121
117,2010-07,4,04_US_Economy,2,02_SP500,1.0,0.0009
118,2010-08,4,04_US_Economy,2,02_SP500,1.0,0.0269
119,2010-09,4,04_US_Economy,2,02_SP500,1.0,0.098
120,2010-10,4,04_US_Economy,2,02_SP500,1.0,0.4475
121,2010-11,4,04_US_Economy,2,02_SP500,1.0,-0.0099
122,2010-12,4,04_US_Economy,2,02_SP500,1.0,-0.279
123,2011-01,4,04_US_Economy,2,02_SP500,1.0,-0.3067
124,2011-02,4,04_US_Economy,2,02_SP500,1.0,-0.3761
125,2011-03,4,04_US_Economy,2,02_SP500,1.0,-0.5372
126,2011-04,4,04_US_Economy,2,02_SP500,1.0,-0.9736
127,2011-05,4,04_US_Economy,2,02_SP500,1.0,0.8441
128,2011-06,4,04_US_Economy,2,02_SP500,1.0,0.3877
129,2011-07,4,04_US_Economy,2,02_SP500,1.0,0.2244
130,2011-08,4,04_US_Economy,2,02_SP500,1.0,0.1505
131,2011-09,4,04_US_Economy,2,02_SP500,1.0,0.1108
132,2011-10,4,04_US_Economy,2,02_SP500,1.0,0.0869
133,2011-11,4,04_US_Economy,2,02_SP500,1.0,0.0711
134,2011-12,4,04_US_Economy,2,02_SP500,1.0,0.0594
135,2012-01,4,04_US_Economy,2,02_SP500,1.0,0.0503
136,2012-02,4,04_US_Economy,2,02_SP500,1.0,0.044
137,2012-03,4,04_US_Economy,2,02_SP500,1.0,0.0436
138,2012-04,4,04_US_Economy,2,02_SP500,1.0,0.0542
139,2012-05,4,04_US_Economy,2,02_SP500,1.0,0.081
140,2012-06,4,04_US_Economy,2,02_SP500,1.0,0.1278
141,2012-07,4,04_US_Economy,2,02_SP500,1.0,0.2035
142,2012-08,4,04_US_Economy,2,02_SP500,1.0,0.3434
143,2012-09,4,04_US_Economy,2,02_SP500,1.0,0.7116
144,2012-10,4,04_US_Economy,2,02_SP500,1.0,-1.3471
145,2012-11,4,04_US_Economy,2,02_SP500,1.0,-0.5419
146,2012-12,4,04_US_Economy,2,02_SP500,1.0,-0.3254
147,2013-01,4,04_US_Economy,2,02_SP500,1.0,-0.2392
148,2013-02,4,04_US_Economy,2,02_SP500,1.0,-0.205
149,2013-03,4,04_US_Economy,2,02_SP500,1.0,-0.2075
150,2013-04,4,04_US_Economy,2,02_SP500,1.0,-0.1969
151,2013-05,4,04_US_Economy,2,02_SP500,1.0,0.0101
152,2013-06,4,04_US_Economy,2,02_SP500,1.0,0.0865
153,2013-07,4,04_US_Economy,2,02_SP500,1.0,0.084
154,2013-08,4,04_US_Economy,2,02_SP500,1.0,0.0721
155,2013-09,4,04_US_Economy,2,02_SP500,1.0,0.058
156,2013-10,4,04_US_Economy,2,02_SP500,1.0,0.0422
157,2013-11,4,04_US_Economy,2,02_SP500,1.0,0.0243
158,2013-12,4,04_US_Economy,2,02_SP500,1.0,0.0042
159,2014-01,4,04_US_Economy,2,02_SP500,1.0,-0.0189
160,2014-02,4,04_US_Economy,2,02_SP500,1.0,-0.0462
161,2014-03,4,04_US_Economy,2,02_SP500,1.0,-0.0794
162,2014-04,4,04_US_Economy,2,02_SP500,1.0,-0.1218
163,2014-05,4,04_US_Economy,2,02_SP500,1.0,-0.1779
164,2014-06,4,04_US_Economy,2,02_SP500,1.0,-0.2527
165,2014-07,4,04_US_Economy,2,02_SP500,1.0,-0.3149
166,2014-08,4,04_US_Economy,2,02_SP500,1.0,-0.2432
167,2014-09,4,04_US_Economy,2,02_SP500,1.0,-0.1376
168,2014-10,4,04_US_Economy,2,02_SP500,1.0,-0.0839
169,2014-11,4,04_US_Economy,2,02_SP500,1.0,-0.0576
170,2014-12,4,04_US_Economy,2,02_SP500,1.0,-0.0428
171,2015-01,4,04_US_Economy,2,02_SP500,1.0,-0.0337
172,2015-02,4,04_US_Economy,2,02_SP500,1.0,-0.0281
173,2015-03,4,04_US_Economy,2,02_SP500,1.0,-0.0251
174,2015-04,4,04_US_Economy,2,02_SP500,1.0,-0.0235
175,2015-05,4,04_US_Economy,2,02_SP500,1.0,-0.0214
176,2015-06,4,04_US_Economy,2,02_SP500,1.0,-0.0179
177,2015-07,4,04_US_Economy,2,02_SP500,1.0,-0.0133
178,2015-08,4,04_US_Economy,2,02_SP500,1.0,-0.0088
179,2015-09,4,04_US_Economy,2,02_SP500,1.0,-0.0052
180,2015-10,4,04_US_Economy,2,02_SP500,1.0,-0.0024
181,2015-11,4,04_US_Economy,2,02_SP500,1.0,-0.0006
182,2015-12,4,04_US_Economy,2,02_SP500,1.0,0.0004
183,2016-01,4,04_US_Economy,2,02_SP500,1.0,0.0005
184,2016-02,4,04_US_Economy,2,02_SP500,1.0,0.0001
185,2016-03,4,04_US_Economy,2,02_SP500,1.0,0.0004
186,2016-04,4,04_US_Economy,2,02_SP500,1.0,0.003
187,2016-05,4,04_US_Economy,2,02_SP500,1.0,0.0098
188,2016-06,4,04_US_Economy,2,02_SP500,1.0,0.021
189,2016-07,4,04_US_Economy,2,02_SP500,1.0,0.0357
190,2016-08,4,04_US_Economy,2,02_SP500,1.0,0.0521
191,2016-09,4,04_US_Economy,2,02_SP500,1.0,0.0692
192,2016-10,4,04_US_Economy,2,02_SP500,1.0,0.087
193,2016-11,4,04_US_Economy,2,02_SP500,1.0,0.1065
194,2016-12,4,04_US_Economy,2,02_SP500,1.0,0.1296
195,2017-01,4,04_US_Economy,2,02_SP500,1.0,0.1569
196,2017-02,4,04_US_Economy,2,02_SP500,1.0,0.1667
197,2017-03,4,04_US_Economy,2,02_SP500,1.0,0.0902
198,2017-04,4,04_US_Economy,2,02_SP500,1.0,0.0208
199,2017-05,4,04_US_Economy,2,02_SP500,1.0,0.0102
200,2017-06,4,04_US_Economy,2,02_SP500,1.0,0.013
201,2017-07,4,04_US_Economy,2,02_SP500,1.0,0.0142
202,2017-08,4,04_US_Economy,2,02_SP500,1.0,0.0081
203,2017-09,4,04_US_Economy,2,02_SP500,1.0,-0.0064
204,2017-10,4,04_US_Economy,2,02_SP500,1.0,-0.0169
205,2017-11,4,04_US_Economy,2,02_SP500,1.0,-0.0187
206,2017-12,4,04_US_Economy,2,02_SP500,1.0,-0.0164
207,2018-01,4,04_US_Economy,2,02_SP500,1.0,-0.0122
208,2018-02,4,04_US_Economy,2,02_SP500,1.0,-0.0066
209,2018-03,4,04_US_Economy,2,02_SP500,1.0,0.0004
210,2018-04,4,04_US_Economy,2,02_SP500,1.0,0.0094
211,2018-05,4,04_US_Economy,2,02_SP500,1.0,0.0214
212,2018-06,4,04_US_Economy,2,02_SP500,1.0,0.0376
213,2018-07,4,04_US_Economy,2,02_SP500,1.0,0.0605
214,2018-08,4,04_US_Economy,2,02_SP500,1.0,0.0953
215,2018-09,4,04_US_Economy,2,02_SP500,1.0,0.1565
216,2018-10,4,04_US_Economy,2,02_SP500,1.0,0.3033
217,2018-11,4,04_US_Economy,2,02_SP500,1.0,1.2481
218,2018-12,4,04_US_Economy,2,02_SP500,1.0,-0.4633
219,2019-01,4,04_US_Economy,2,02_SP500,1.0,-0.1752
220,2019-02,4,04_US_Economy,2,02_SP500,1.0,-0.0818
221,2019-03,4,04_US_Economy,2,02_SP500,1.0,-0.0348
222,2019-04,4,04_US_Economy,2,02_SP500,1.0,-0.009
223,2019-05,4,04_US_Economy,2,02_SP500,1.0,0.0047
224,2019-06,4,04_US_Economy,2,02_SP500,1.0,0.0118
225,2019-07,4,04_US_Economy,2,02_SP500,1.0,0.0161
226,2019-08,4,04_US_Economy,2,02_SP500,1.0,0.0201
227,2019-09,4,04_US_Economy,2,02_SP500,1.0,0.0269
228,2019-10,4,04_US_Economy,2,02_SP500,1.0,0.1267
229,2019-11,4,04_US_Economy,2,02_SP500,1.0,0.0144
230,2019-12,4,04_US_Economy,2,02_SP500,1.0,0.0194
231,2020-01,4,04_US_Economy,2,02_SP500,1.0,0.0228
232,2020-02,4,04_US_Economy,2,02_SP500,1.0,0.0254
233,2020-03,4,04_US_Economy,2,02_SP500,1.0,0.0272
234,2020-04,4,04_US_Economy,2,02_SP500,1.0,0.0277
235,2020-05,4,04_US_Economy,2,02_SP500,1.0,0.0262
236,2020-06,4,04_US_Economy,2,02_SP500,1.0,0.0219
237,2020-07,4,04_US_Economy,2,02_SP500,1.0,0.0154
238,2020-08,4,04_US_Economy,2,02_SP500,1.0,0.0095
239,2020-09,4,04_US_Economy,2,02_SP500,1.0,0.0072
240,2020-10,4,04_US_Economy,2,02_SP500,1.0,0.0085
241,2020-11,4,04_US_Economy,2,02_SP500,1.0,0.0115
242,2020-12,4,04_US_Economy,2,02_SP500,1.0,0.0143
243,2021-01,4,04_US_Economy,2,02_SP500,1.0,0.0157
244,2021-02,4,04_US_Economy,2,02_SP500,1.0,0.015
245,2021-03,4,04_US_Economy,2,02_SP500,1.0,0.0119
246,2021-04,4,04_US_Economy,2,02_SP500,1.0,0.0062
247,2021-05,4,04_US_Economy,2,02_SP500,1.0,-0.002
248,2021-06,4,04_US_Economy,2,02_SP500,1.0,-0.0116
249,2021-07,4,04_US_Economy,2,02_SP500,1.0,-0.0209
250,2021-08,4,04_US_Economy,2,02_SP500,1.0,-0.0274
251,2021-09,4,04_US_Economy,2,02_SP500,1.0,-0.0303
252,2021-10,4,04_US_Economy,2,02_SP500,1.0,-0.0297
253,2021-11,4,04_US_Economy,2,02_SP500,1.0,-0.0265
254,2021-12,4,04_US_Economy,2,02_SP500,1.0,-0.0218
255,2022-01,4,04_US_Economy,2,02_SP500,1.0,-0.0169
256,2022-02,4,04_US_Economy,2,02_SP500,1.0,-0.0133
257,2022-03,4,04_US_Economy,2,02_SP500,1.0,-0.0118
258,2022-04,4,04_US_Economy,2,02_SP500,1.0,-0.0124
259,2022-05,4,04_US_Economy,2,02_SP500,1.0,-0.0142
260,2022-06,4,04_US_Economy,2,02_SP500,1.0,-0.0161
261,2022-07,4,04_US_Economy,2,02_SP500,1.0,-0.0178
262,2022-08,4,04_US_Economy,2,02_SP500,1.0,-0.019
263,2022-09,4,04_US_Economy,2,02_SP500,1.0,-0.0196
264,2022-10,4,04_US_Economy,2,02_SP500,1.0,-0.0196
265,2022-11,4,04_US_Economy,2,02_SP500,1.0,-0.0187
266,2022-12,4,04_US_Economy,2,02_SP500,1.0,-0.0165
267,2023-01,4,04_US_Economy,2,02_SP500,1.0,-0.0125
268,2023-02,4,04_US_Economy,2,02_SP500,1.0,-0.0064
12,2001-10,4,04_US_Economy,3,03_US10Y,1.0,-1.1675
13,2001-11,4,04_US_Economy,3,03_US10Y,1.0,-1.1558
14,2001-12,4,04_US_Economy,3,03_US10Y,1.0,-1.1267
15,2002-01,4,04_US_Economy,3,03_US10Y,1.0,-1.0807
16,2002-02,4,04_US_Economy,3,03_US10Y,1.0,-1.0081
17,2002-03,4,04_US_Economy,3,03_US10Y,1.0,-0.8951
18,2002-04,4,04_US_Economy,3,03_US10Y,1.0,-0.7307
19,2002-05,4,04_US_Economy,3,03_US10Y,1.0,-0.5171
20,2002-06,4,04_US_Economy,3,03_US10Y,1.0,-0.2812
21,2002-07,4,04_US_Economy,3,03_US10Y,1.0,-0.0715
22,2002-08,4,04_US_Economy,3,03_US10Y,1.0,0.0657
23,2002-09,4,04_US_Economy,3,03_US10Y,1.0,0.1123
24,2002-10,4,04_US_Economy,3,03_US10Y,1.0,0.0568
25,2002-11,4,04_US_Economy,3,03_US10Y,1.0,-0.1387
26,2002-12,4,04_US_Economy,3,03_US10Y,1.0,-0.5179
27,2003-01,4,04_US_Economy,3,03_US10Y,1.0,-0.9554
28,2003-02,4,04_US_Economy,3,03_US10Y,1.0,-1.2289
29,2003-03,4,04_US_Economy,3,03_US10Y,1.0,-1.3046
30,2003-04,4,04_US_Economy,3,03_US10Y,1.0,-1.0645
31,2003-05,4,04_US_Economy,3,03_US10Y,1.0,0.4206
32,2003-06,4,04_US_Economy,3,03_US10Y,1.0,0.9814
33,2003-07,4,04_US_Economy,3,03_US10Y,1.0,1.0637
34,2003-08,4,04_US_Economy,3,03_US10Y,1.0,1.0534
35,2003-09,4,04_US_Economy,3,03_US10Y,1.0,1.0169
36,2003-10,4,04_US_Economy,3,03_US10Y,1.0,1.0581
37,2003-11,4,04_US_Economy,3,03_US10Y,1.0,1.8807
38,2003-12,4,04_US_Economy,3,03_US10Y,1.0,2.6703
39,2004-01,4,04_US_Economy,3,03_US10Y,1.0,2.3729
40,2004-02,4,04_US_Economy,3,03_US10Y,1.0,1.8067
41,2004-03,4,04_US_Economy,3,03_US10Y,1.0,1.3944
42,2004-04,4,04_US_Economy,3,03_US10Y,1.0,1.1848
43,2004-05,4,04_US_Economy,3,03_US10Y,1.0,1.0815
44,2004-06,4,04_US_Economy,3,03_US10Y,1.0,1.034
45,2004-07,4,04_US_Economy,3,03_US10Y,1.0,1.0295
46,2004-08,4,04_US_Economy,3,03_US10Y,1.0,1.0898
47,2004-09,4,04_US_Economy,3,03_US10Y,1.0,1.3142
48,2004-10,4,04_US_Economy,3,03_US10Y,1.0,2.1528
49,2004-11,4,04_US_Economy,3,03_US10Y,1.0,-1.991
50,2004-12,4,04_US_Economy,3,03_US10Y,1.0,-1.1671
51,2005-01,4,04_US_Economy,3,03_US10Y,1.0,-1.0139
52,2005-02,4,04_US_Economy,3,03_US10Y,1.0,-1.0485
53,2005-03,4,04_US_Economy,3,03_US10Y,1.0,-1.1281
54,2005-04,4,04_US_Economy,3,03_US10Y,1.0,-1.1877
55,2005-05,4,04_US_Economy,3,03_US10Y,1.0,-1.1859
56,2005-06,4,04_US_Economy,3,03_US10Y,1.0,-1.0813
57,2005-07,4,04_US_Economy,3,03_US10Y,1.0,-0.8075
58,2005-08,4,04_US_Economy,3,03_US10Y,1.0,-0.2841
59,2005-09,4,04_US_Economy,3,03_US10Y,1.0,0.345
60,2005-10,4,04_US_Economy,3,03_US10Y,1.0,0.7915
61,2005-11,4,04_US_Economy,3,03_US10Y,1.0,1.0622
62,2005-12,4,04_US_Economy,3,03_US10Y,1.0,1.2281
63,2006-01,4,04_US_Economy,3,03_US10Y,1.0,1.32
64,2006-02,4,04_US_Economy,3,03_US10Y,1.0,1.3484
65,2006-03,4,04_US_Economy,3,03_US10Y,1.0,1.3192
66,2006-04,4,04_US_Economy,3,03_US10Y,1.0,1.2525
67,2006-05,4,04_US_Economy,3,03_US10Y,1.0,1.2084
68,2006-06,4,04_US_Economy,3,03_US10Y,1.0,1.2989
69,2006-07,4,04_US_Economy,3,03_US10Y,1.0,1.62
70,2006-08,4,04_US_Economy,3,03_US10Y,1.0,2.0739
71,2006-09,4,04_US_Economy,3,03_US10Y,1.0,2.5398
72,2006-10,4,04_US_Economy,3,03_US10Y,1.0,-3.1078
73,2006-11,4,04_US_Economy,3,03_US10Y,1.0,-2.2917
74,2006-12,4,04_US_Economy,3,03_US10Y,1.0,-1.785
75,2007-01,4,04_US_Economy,3,03_US10Y,1.0,-1.5555
76,2007-02,4,04_US_Economy,3,03_US10Y,1.0,-1.4564
77,2007-03,4,04_US_Economy,3,03_US10Y,1.0,-1.4297
78,2007-04,4,04_US_Economy,3,03_US10Y,1.0,-1.4492
79,2007-05,4,04_US_Economy,3,03_US10Y,1.0,-1.4911
80,2007-06,4,04_US_Economy,3,03_US10Y,1.0,-1.5308
81,2007-07,4,04_US_Economy,3,03_US10Y,1.0,-1.5515
82,2007-08,4,04_US_Economy,3,03_US10Y,1.0,-1.5522
83,2007-09,4,04_US_Economy,3,03_US10Y,1.0,-1.5448
84,2007-10,4,04_US_Economy,3,03_US10Y,1.0,-1.5487
85,2007-11,4,04_US_Economy,3,03_US10Y,1.0,-1.5864
86,2007-12,4,04_US_Economy,3,03_US10Y,1.0,-1.6737
87,2008-01,4,04_US_Economy,3,03_US10Y,1.0,-1.7891
88,2008-02,4,04_US_Economy,3,03_US10Y,1.0,-1.8827
89,2008-03,4,04_US_Economy,3,03_US10Y,1.0,-1.9723
90,2008-04,4,04_US_Economy,3,03_US10Y,1.0,-2.1323
91,2008-05,4,04_US_Economy,3,03_US10Y,1.0,-2.3915
92,2008-06,4,04_US_Economy,3,03_US10Y,1.0,-2.6772
93,2008-07,4,04_US_Economy,3,03_US10Y,1.0,-2.8991
94,2008-08,4,04_US_Economy,3,03_US10Y,1.0,-3.0425
95,2008-09,4,04_US_Economy,3,03_US10Y,1.0,-3.1297
96,2008-10,4,04_US_Economy,3,03_US10Y,1.0,3.1027
97,2008-11,4,04_US_Economy,3,03_US10Y,1.0,3.078
98,2008-12,4,04_US_Economy,3,03_US10Y,1.0,3.0748
99,2009-01,4,04_US_Economy,3,03_US10Y,1.0,3.0909
100,2009-02,4,04_US_Economy,3,03_US10Y,1.0,3.1241
101,2009-03,4,04_US_Economy,3,03_US10Y,1.0,-3.1122
102,2009-04,4,04_US_Economy,3,03_US10Y,1.0,-3.0567
103,2009-05,4,04_US_Economy,3,03_US10Y,1.0,-2.9983
104,2009-06,4,04_US_Economy,3,03_US10Y,1.0,-2.944
105,2009-07,4,04_US_Economy,3,03_US10Y,1.0,-2.9002
106,2009-08,4,04_US_Economy,3,03_US10Y,1.0,-2.8654
107,2009-09,4,04_US_Economy,3,03_US10Y,1.0,-2.8085
108,2009-10,4,04_US_Economy,3,03_US10Y,1.0,-2.6032
109,2009-11,4,04_US_Economy,3,03_US10Y,1.0,-1.9968
110,2009-12,4,04_US_Economy,3,03_US10Y,1.0,-1.3801
111,2010-01,4,04_US_Economy,3,03_US10Y,1.0,-1.1193
112,2010-02,4,04_US_Economy,3,03_US10Y,1.0,-0.9968
113,2010-03,4,04_US_Economy,3,03_US10Y,1.0,-0.9166
114,2010-04,4,04_US_Economy,3,03_US10Y,1.0,-0.8539
115,2010-05,4,04_US_Economy,3,03_US10Y,1.0,-0.8092
116,2010-06,4,04_US_Economy,3,03_US10Y,1.0,-0.7954
117,2010-07,4,04_US_Economy,3,03_US10Y,1.0,-0.8321
118,2010-08,4,04_US_Economy,3,03_US10Y,1.0,-0.9408
119,2010-09,4,04_US_Economy,3,03_US10Y,1.0,-1.1452
120,2010-10,4,04_US_Economy,3,03_US10Y,1.0,-1.5223
121,2010-11,4,04_US_Economy,3,03_US10Y,1.0,2.4911
122,2010-12,4,04_US_Economy,3,03_US10Y,1.0,1.6565
123,2011-01,4,04_US_Economy,3,03_US10Y,1.0,1.4161
124,2011-02,4,04_US_Economy,3,03_US10Y,1.0,1.2954
125,2011-03,4,04_US_Economy,3,03_US10Y,1.0,1.2673
126,2011-04,4,04_US_Economy,3,03_US10Y,1.0,1.1433
127,2011-05,4,04_US_Economy,3,03_US10Y,1.0,0.4599
128,2011-06,4,04_US_Economy,3,03_US10Y,1.0,0.1637
129,2011-07,4,04_US_Economy,3,03_US10Y,1.0,0.0753
130,2011-08,4,04_US_Economy,3,03_US10Y,1.0,0.0223
131,2011-09,4,04_US_Economy,3,03_US10Y,1.0,-0.0193
132,2011-10,4,04_US_Economy,3,03_US10Y,1.0,-0.0545
133,2011-11,4,04_US_Economy,3,03_US10Y,1.0,-0.0875
134,2011-12,4,04_US_Economy,3,03_US10Y,1.0,-0.1255
135,2012-01,4,04_US_Economy,3,03_US10Y,1.0,-0.1826
136,2012-02,4,04_US_Economy,3,03_US10Y,1.0,-0.2824
137,2012-03,4,04_US_Economy,3,03_US10Y,1.0,-0.4511
138,2012-04,4,04_US_Economy,3,03_US10Y,1.0,-0.6778
139,2012-05,4,04_US_Economy,3,03_US10Y,1.0,-0.8955
140,2012-06,4,04_US_Economy,3,03_US10Y,1.0,-1.076
141,2012-07,4,04_US_Economy,3,03_US10Y,1.0,-1.2683
142,2012-08,4,04_US_Economy,3,03_US10Y,1.0,-1.5359
143,2012-09,4,04_US_Economy,3,03_US10Y,1.0,-1.7586
144,2012-10,4,04_US_Economy,3,03_US10Y,1.0,-1.2079
145,2012-11,4,04_US_Economy,3,03_US10Y,1.0,-0.9531
146,2012-12,4,04_US_Economy,3,03_US10Y,1.0,-1.1634
147,2013-01,4,04_US_Economy,3,03_US10Y,1.0,-1.4779
148,2013-02,4,04_US_Economy,3,03_US10Y,1.0,-1.8424
149,2013-03,4,04_US_Economy,3,03_US10Y,1.0,-2.2971
150,2013-04,4,04_US_Economy,3,03_US10Y,1.0,-3.0045
151,2013-05,4,04_US_Economy,3,03_US10Y,1.0,2.3524
152,2013-06,4,04_US_Economy,3,03_US10Y,1.0,1.7481
153,2013-07,4,04_US_Economy,3,03_US10Y,1.0,1.3787
154,2013-08,4,04_US_Economy,3,03_US10Y,1.0,0.8185
155,2013-09,4,04_US_Economy,3,03_US10Y,1.0,-1.4874
156,2013-10,4,04_US_Economy,3,03_US10Y,1.0,-1.7997
157,2013-11,4,04_US_Economy,3,03_US10Y,1.0,-1.9124
158,2013-12,4,04_US_Economy,3,03_US10Y,1.0,-1.9781
159,2014-01,4,04_US_Economy,3,03_US10Y,1.0,-2.0245
160,2014-02,4,04_US_Economy,3,03_US10Y,1.0,-2.0648
161,2014-03,4,04_US_Economy,3,03_US10Y,1.0,-2.1072
162,2014-04,4,04_US_Economy,3,03_US10Y,1.0,-2.1518
163,2014-05,4,04_US_Economy,3,03_US10Y,1.0,-2.1732
164,2014-06,4,04_US_Economy,3,03_US10Y,1.0,-2.0895
165,2014-07,4,04_US_Economy,3,03_US10Y,1.0,-1.7361
166,2014-08,4,04_US_Economy,3,03_US10Y,1.0,-1.1138
167,2014-09,4,04_US_Economy,3,03_US10Y,1.0,-0.6505
168,2014-10,4,04_US_Economy,3,03_US10Y,1.0,-0.435
169,2014-11,4,04_US_Economy,3,03_US10Y,1.0,-0.3277
170,2014-12,4,04_US_Economy,3,03_US10Y,1.0,-0.2446
171,2015-01,4,04_US_Economy,3,03_US10Y,1.0,-0.1537
172,2015-02,4,04_US_Economy,3,03_US10Y,1.0,-0.0482
173,2015-03,4,04_US_Economy,3,03_US10Y,1.0,0.0685
174,2015-04,4,04_US_Economy,3,03_US10Y,1.0,0.1916
175,2015-05,4,04_US_Economy,3,03_US10Y,1.0,0.3177
176,2015-06,4,04_US_Economy,3,03_US10Y,1.0,0.4405
177,2015-07,4,04_US_Economy,3,03_US10Y,1.0,0.5427
178,2015-08,4,04_US_Economy,3,03_US10Y,1.0,0.5833
179,2015-09,4,04_US_Economy,3,03_US10Y,1.0,0.4216
180,2015-10,4,04_US_Economy,3,03_US10Y,1.0,-0.5329
181,2015-11,4,04_US_Economy,3,03_US10Y,1.0,-1.2885
182,2015-12,4,04_US_Economy,3,03_US10Y,1.0,-1.4202
183,2016-01,4,04_US_Economy,3,03_US10Y,1.0,-1.4162
184,2016-02,4,04_US_Economy,3,03_US10Y,1.0,-1.3721
185,2016-03,4,04_US_Economy,3,03_US10Y,1.0,-1.3155
186,2016-04,4,04_US_Economy,3,03_US10Y,1.0,-1.2619
187,2016-05,4,04_US_Economy,3,03_US10Y,1.0,-1.2183
188,2016-06,4,04_US_Economy,3,03_US10Y,1.0,-1.1745
189,2016-07,4,04_US_Economy,3,03_US10Y,1.0,-1.1029
190,2016-08,4,04_US_Economy,3,03_US10Y,1.0,-0.9823
191,2016-09,4,04_US_Economy,3,03_US10Y,1.0,-0.8201
192,2016-10,4,04_US_Economy,3,03_US10Y,1.0,-0.6478
193,2016-11,4,04_US_Economy,3,03_US10Y,1.0,-0.5025
194,2016-12,4,04_US_Economy,3,03_US10Y,1.0,-0.4178
195,2017-01,4,04_US_Economy,3,03_US10Y,1.0,-0.4378
196,2017-02,4,04_US_Economy,3,03_US10Y,1.0,-0.6575
197,2017-03,4,04_US_Economy,3,03_US10Y,1.0,-1.1287
198,2017-04,4,04_US_Economy,3,03_US10Y,1.0,-1.455
199,2017-05,4,04_US_Economy,3,03_US10Y,1.0,-1.483
200,2017-06,4,04_US_Economy,3,03_US10Y,1.0,-1.3727
201,2017-07,4,04_US_Economy,3,03_US10Y,1.0,-1.262
202,2017-08,4,04_US_Economy,3,03_US10Y,1.0,-1.268
203,2017-09,4,04_US_Economy,3,03_US10Y,1.0,-1.4053
204,2017-10,4,04_US_Economy,3,03_US10Y,1.0,-1.525
205,2017-11,4,04_US_Economy,3,03_US10Y,1.0,-1.5497
206,2017-12,4,04_US_Economy,3,03_US10Y,1.0,-1.515
207,2018-01,4,04_US_Economy,3,03_US10Y,1.0,-1.4626
208,2018-02,4,04_US_Economy,3,03_US10Y,1.0,-1.4187
209,2018-03,4,04_US_Economy,3,03_US10Y,1.0,-1.4014
210,2018-04,4,04_US_Economy,3,03_US10Y,1.0,-1.4231
211,2018-05,4,04_US_Economy,3,03_US10Y,1.0,-1.4952
212,2018-06,4,04_US_Economy,3,03_US10Y,1.0,-1.6266
213,2018-07,4,04_US_Economy,3,03_US10Y,1.0,-1.8167
214,2018-08,4,04_US_Economy,3,03_US10Y,1.0,-2.0448
215,2018-09,4,04_US_Economy,3,03_US10Y,1.0,-2.2543
216,2018-10,4,04_US_Economy,3,03_US10Y,1.0,-2.343
217,2018-11,4,04_US_Economy,3,03_US10Y,1.0,-1.7665
218,2018-12,4,04_US_Economy,3,03_US10Y,1.0,0.0374
219,2019-01,4,04_US_Economy,3,03_US10Y,1.0,0.2447
220,2019-02,4,04_US_Economy,3,03_US10Y,1.0,0.3288
221,2019-03,4,04_US_Economy,3,03_US10Y,1.0,0.3639
222,2019-04,4,04_US_Economy,3,03_US10Y,1.0,0.3406
223,2019-05,4,04_US_Economy,3,03_US10Y,1.0,0.2649
224,2019-06,4,04_US_Economy,3,03_US10Y,1.0,0.1969
225,2019-07,4,04_US_Economy,3,03_US10Y,1.0,0.2158
226,2019-08,4,04_US_Economy,3,03_US10Y,1.0,0.3644
227,2019-09,4,04_US_Economy,3,03_US10Y,1.0,0.6687
228,2019-10,4,04_US_Economy,3,03_US10Y,1.0,1.0335
229,2019-11,4,04_US_Economy,3,03_US10Y,1.0,-1.499
230,2019-12,4,04_US_Economy,3,03_US10Y,1.0,-1.2525
231,2020-01,4,04_US_Economy,3,03_US10Y,1.0,-1.1291
232,2020-02,4,04_US_Economy,3,03_US10Y,1.0,-1.0936
233,2020-03,4,04_US_Economy,3,03_US10Y,1.0,-1.1228
234,2020-04,4,04_US_Economy,3,03_US10Y,1.0,-1.21
235,2020-05,4,04_US_Economy,3,03_US10Y,1.0,-1.3577
236,2020-06,4,04_US_Economy,3,03_US10Y,1.0,-1.5708
237,2020-07,4,04_US_Economy,3,03_US10Y,1.0,-1.8482
238,2020-08,4,04_US_Economy,3,03_US10Y,1.0,-2.175
239,2020-09,4,04_US_Economy,3,03_US10Y,1.0,-2.5364
240,2020-10,4,04_US_Economy,3,03_US10Y,1.0,-2.9653
241,2020-11,4,04_US_Economy,3,03_US10Y,1.0,2.7043
242,2020-12,4,04_US_Economy,3,03_US10Y,1.0,1.9482
243,2021-01,4,04_US_Economy,3,03_US10Y,1.0,1.4455
244,2021-02,4,04_US_Economy,3,03_US10Y,1.0,1.2063
245,2021-03,4,04_US_Economy,3,03_US10Y,1.0,1.1169
246,2021-04,4,04_US_Economy,3,03_US10Y,1.0,1.1537
247,2021-05,4,04_US_Economy,3,03_US10Y,1.0,1.3595
248,2021-06,4,04_US_Economy,3,03_US10Y,1.0,1.7342
249,2021-07,4,04_US_Economy,3,03_US10Y,1.0,2.0709
250,2021-08,4,04_US_Economy,3,03_US10Y,1.0,2.2581
251,2021-09,4,04_US_Economy,3,03_US10Y,1.0,2.3616
252,2021-10,4,04_US_Economy,3,03_US10Y,1.0,2.4446
253,2021-11,4,04_US_Economy,3,03_US10Y,1.0,2.5423
254,2021-12,4,04_US_Economy,3,03_US10Y,1.0,2.6726
255,2022-01,4,04_US_Economy,3,03_US10Y,1.0,2.8341
256,2022-02,4,04_US_Economy,3,03_US10Y,1.0,2.9936
257,2022-03,4,04_US_Economy,3,03_US10Y,1.0,3.0917
258,2022-04,4,04_US_Economy,3,03_US10Y,1.0,3.0832
259,2022-05,4,04_US_Economy,3,03_US10Y,1.0,2.9657
260,2022-06,4,04_US_Economy,3,03_US10Y,1.0,2.7696
261,2022-07,4,04_US_Economy,3,03_US10Y,1.0,2.535
262,2022-08,4,04_US_Economy,3,03_US10Y,1.0,2.2934
263,2022-09,4,04_US_Economy,3,03_US10Y,1.0,2.0618
264,2022-10,4,04_US_Economy,3,03_US10Y,1.0,1.845
265,2022-11,4,04_US_Economy,3,03_US10Y,1.0,1.6423
266,2022-12,4,04_US_Economy,3,03_US10Y,1.0,1.4522
267,2023-01,4,04_US_Economy,3,03_US10Y,1.0,1.278
268,2023-02,4,04_US_Economy,3,03_US10Y,1.0,1.1359
12,2001-10,4,04_US_Economy,4,04_US_Economy,1.0,-0.0
13,2001-11,4,04_US_Economy,4,04_US_Economy,1.0,-0.0
14,2001-12,4,04_US_Economy,4,04_US_Economy,1.0,0.0
15,2002-01,4,04_US_Economy,4,04_US_Economy,1.0,-0.0
16,2002-02,4,04_US_Economy,4,04_US_Economy,1.0,-0.0
17,2002-03,4,04_US_Economy,4,04_US_Economy,1.0,0.0
18,2002-04,4,04_US_Economy,4,04_US_Economy,1.0,-0.0
19,2002-05,4,04_US_Economy,4,04_US_Economy,1.0,-0.0
20,2002-06,4,04_US_Economy,4,04_US_Economy,1.0,0.0
21,2002-07,4,04_US_Economy,4,04_US_Economy,1.0,-0.0
22,2002-08,4,04_US_Economy,4,04_US_Economy,1.0,0.0
23,2002-09,4,04_US_Economy,4,04_US_Economy,1.0,-0.0
24,2002-10,4,04_US_Economy,4,04_US_Economy,1.0,-0.0
25,2002-11,4,04_US_Economy,4,04_US_Economy,1.0,0.0
26,2002-12,4,04_US_Economy,4,04_US_Economy,1.0,-0.0
27,2003-01,4,04_US_Economy,4,04_US_Economy,1.0,-0.0
28,2003-02,4,04_US_Economy,4,04_US_Economy,1.0,-0.0
29,2003-03,4,04_US_Economy,4,04_US_Economy,1.0,-0.0
30,2003-04,4,04_US_Economy,4,04_US_Economy,1.0,-0.0
31,2003-05,4,04_US_Economy,4,04_US_Economy,1.0,-0.0
32,2003-06,4,04_US_Economy,4,04_US_Economy,1.0,0.0
33,2003-07,4,04_US_Economy,4,04_US_Economy,1.0,-0.0
34,2003-08,4,04_US_Economy,4,04_US_Economy,1.0,-0.0
35,2003-09,4,04_US_Economy,4,04_US_Economy,1.0,0.0
36,2003-10,4,04_US_Economy,4,04_US_Economy,1.0,0.0
37,2003-11,4,04_US_Economy,4,04_US_Economy,1.0,0.0
38,2003-12,4,04_US_Economy,4,04_US_Economy,1.0,-0.0
39,2004-01,4,04_US_Economy,4,04_US_Economy,1.0,-0.0
40,2004-02,4,04_US_Economy,4,04_US_Economy,1.0,-0.0
41,2004-03,4,04_US_Economy,4,04_US_Economy,1.0,0.0
42,2004-04,4,04_US_Economy,4,04_US_Economy,1.0,-0.0
43,2004-05,4,04_US_Economy,4,04_US_Economy,1.0,-0.0
44,2004-06,4,04_US_Economy,4,04_US_Economy,1.0,0.0
45,2004-07,4,04_US_Economy,4,04_US_Economy,1.0,0.0
46,2004-08,4,04_US_Economy,4,04_US_Economy,1.0,-0.0
47,2004-09,4,04_US_Economy,4,04_US_Economy,1.0,0.0
48,2004-10,4,04_US_Economy,4,04_US_Economy,1.0,0.0
49,2004-11,4,04_US_Economy,4,04_US_Economy,1.0,-0.0
50,2004-12,4,04_US_Economy,4,04_US_Economy,1.0,0.0
51,2005-01,4,04_US_Economy,4,04_US_Economy,1.0,0.0
52,2005-02,4,04_US_Economy,4,04_US_Economy,1.0,0.0
53,2005-03,4,04_US_Economy,4,04_US_Economy,1.0,-0.0
54,2005-04,4,04_US_Economy,4,04_US_Economy,1.0,0.0
55,2005-05,4,04_US_Economy,4,04_US_Economy,1.0,-0.0
56,2005-06,4,04_US_Economy,4,04_US_Economy,1.0,0.0
57,2005-07,4,04_US_Economy,4,04_US_Economy,1.0,0.0
58,2005-08,4,04_US_Economy,4,04_US_Economy,1.0,-0.0
59,2005-09,4,04_US_Economy,4,04_US_Economy,1.0,-0.0
60,2005-10,4,04_US_Economy,4,04_US_Economy,1.0,-0.0
61,2005-11,4,04_US_Economy,4,04_US_Economy,1.0,0.0
62,2005-12,4,04_US_Economy,4,04_US_Economy,1.0,0.0
63,2006-01,4,04_US_Economy,4,04_US_Economy,1.0,-0.0
64,2006-02,4,04_US_Economy,4,04_US_Economy,1.0,0.0
65,2006-03,4,04_US_Economy,4,04_US_Economy,1.0,-0.0
66,2006-04,4,04_US_Economy,4,04_US_Economy,1.0,0.0
67,2006-05,4,04_US_Economy,4,04_US_Economy,1.0,-0.0
68,2006-06,4,04_US_Economy,4,04_US_Economy,1.0,0.0
69,2006-07,4,04_US_Economy,4,04_US_Economy,1.0,-0.0
70,2006-08,4,04_US_Economy,4,04_US_Economy,1.0,0.0
71,2006-09,4,04_US_Economy,4,04_US_Economy,1.0,0.0
72,2006-10,4,04_US_Economy,4,04_US_Economy,1.0,-0.0
73,2006-11,4,04_US_Economy,4,04_US_Economy,1.0,-0.0
74,2006-12,4,04_US_Economy,4,04_US_Economy,1.0,0.0
75,2007-01,4,04_US_Economy,4,04_US_Economy,1.0,-0.0
76,2007-02,4,04_US_Economy,4,04_US_Economy,1.0,0.0
77,2007-03,4,04_US_Economy,4,04_US_Economy,1.0,-0.0
78,2007-04,4,04_US_Economy,4,04_US_Economy,1.0,-0.0
79,2007-05,4,04_US_Economy,4,04_US_Economy,1.0,0.0
80,2007-06,4,04_US_Economy,4,04_US_Economy,1.0,-0.0
81,2007-07,4,04_US_Economy,4,04_US_Economy,1.0,0.0
82,2007-08,4,04_US_Economy,4,04_US_Economy,1.0,0.0
83,2007-09,4,04_US_Economy,4,04_US_Economy,1.0,0.0
84,2007-10,4,04_US_Economy,4,04_US_Economy,1.0,0.0
85,2007-11,4,04_US_Economy,4,04_US_Economy,1.0,-0.0
86,2007-12,4,04_US_Economy,4,04_US_Economy,1.0,-0.0
87,2008-01,4,04_US_Economy,4,04_US_Economy,1.0,0.0
88,2008-02,4,04_US_Economy,4,04_US_Economy,1.0,0.0
89,2008-03,4,04_US_Economy,4,04_US_Economy,1.0,-0.0
90,2008-04,4,04_US_Economy,4,04_US_Economy,1.0,-0.0
91,2008-05,4,04_US_Economy,4,04_US_Economy,1.0,0.0
92,2008-06,4,04_US_Economy,4,04_US_Economy,1.0,-0.0
93,2008-07,4,04_US_Economy,4,04_US_Economy,1.0,-0.0
94,2008-08,4,04_US_Economy,4,04_US_Economy,1.0,-0.0
95,2008-09,4,04_US_Economy,4,04_US_Economy,1.0,0.0
96,2008-10,4,04_US_Economy,4,04_US_Economy,1.0,-0.0
97,2008-11,4,04_US_Economy,4,04_US_Economy,1.0,0.0
98,2008-12,4,04_US_Economy,4,04_US_Economy,1.0,-0.0
99,2009-01,4,04_US_Economy,4,04_US_Economy,1.0,0.0
100,2009-02,4,04_US_Economy,4,04_US_Economy,1.0,0.0
101,2009-03,4,04_US_Economy,4,04_US_Economy,1.0,0.0
102,2009-04,4,04_US_Economy,4,04_US_Economy,1.0,0.0
103,2009-05,4,04_US_Economy,4,04_US_Economy,1.0,0.0
104,2009-06,4,04_US_Economy,4,04_US_Economy,1.0,-0.0
105,2009-07,4,04_US_Economy,4,04_US_Economy,1.0,-0.0
106,2009-08,4,04_US_Economy,4,04_US_Economy,1.0,0.0
107,2009-09,4,04_US_Economy,4,04_US_Economy,1.0,0.0
108,2009-10,4,04_US_Economy,4,04_US_Economy,1.0,0.0
109,2009-11,4,04_US_Economy,4,04_US_Economy,1.0,-0.0
110,2009-12,4,04_US_Economy,4,04_US_Economy,1.0,-0.0
111,2010-01,4,04_US_Economy,4,04_US_Economy,1.0,-0.0
112,2010-02,4,04_US_Economy,4,04_US_Economy,1.0,-0.0
113,2010-03,4,04_US_Economy,4,04_US_Economy,1.0,-0.0
114,2010-04,4,04_US_Economy,4,04_US_Economy,1.0,0.0
115,2010-05,4,04_US_Economy,4,04_US_Economy,1.0,0.0
116,2010-06,4,04_US_Economy,4,04_US_Economy,1.0,0.0
117,2010-07,4,04_US_Economy,4,04_US_Economy,1.0,0.0
118,2010-08,4,04_US_Economy,4,04_US_Economy,1.0,0.0
119,2010-09,4,04_US_Economy,4,04_US_Economy,1.0,0.0
120,2010-10,4,04_US_Economy,4,04_US_Economy,1.0,-0.0
121,2010-11,4,04_US_Economy,4,04_US_Economy,1.0,-0.0
122,2010-12,4,04_US_Economy,4,04_US_Economy,1.0,0.0
123,2011-01,4,04_US_Economy,4,04_US_Economy,1.0,0.0
124,2011-02,4,04_US_Economy,4,04_US_Economy,1.0,-0.0
125,2011-03,4,04_US_Economy,4,04_US_Economy,1.0,-0.0
126,2011-04,4,04_US_Economy,4,04_US_Economy,1.0,0.0
127,2011-05,4,04_US_Economy,4,04_US_Economy,1.0,0.0
128,2011-06,4,04_US_Economy,4,04_US_Economy,1.0,-0.0
129,2011-07,4,04_US_Economy,4,04_US_Economy,1.0,-0.0
130,2011-08,4,04_US_Economy,4,04_US_Economy,1.0,0.0
131,2011-09,4,04_US_Economy,4,04_US_Economy,1.0,0.0
132,2011-10,4,04_US_Economy,4,04_US_Economy,1.0,-0.0
133,2011-11,4,04_US_Economy,4,04_US_Economy,1.0,-0.0
134,2011-12,4,04_US_Economy,4,04_US_Economy,1.0,0.0
135,2012-01,4,04_US_Economy,4,04_US_Economy,1.0,0.0
136,2012-02,4,04_US_Economy,4,04_US_Economy,1.0,-0.0
137,2012-03,4,04_US_Economy,4,04_US_Economy,1.0,0.0
138,2012-04,4,04_US_Economy,4,04_US_Economy,1.0,-0.0
139,2012-05,4,04_US_Economy,4,04_US_Economy,1.0,-0.0
140,2012-06,4,04_US_Economy,4,04_US_Economy,1.0,-0.0
141,2012-07,4,04_US_Economy,4,04_US_Economy,1.0,0.0
142,2012-08,4,04_US_Economy,4,04_US_Economy,1.0,-0.0
143,2012-09,4,04_US_Economy,4,04_US_Economy,1.0,0.0
144,2012-10,4,04_US_Economy,4,04_US_Economy,1.0,-0.0
145,2012-11,4,04_US_Economy,4,04_US_Economy,1.0,0.0
146,2012-12,4,04_US_Economy,4,04_US_Economy,1.0,0.0
147,2013-01,4,04_US_Economy,4,04_US_Economy,1.0,-0.0
148,2013-02,4,04_US_Economy,4,04_US_Economy,1.0,0.0
149,2013-03,4,04_US_Economy,4,04_US_Economy,1.0,-0.0
150,2013-04,4,04_US_Economy,4,04_US_Economy,1.0,0.0
151,2013-05,4,04_US_Economy,4,04_US_Economy,1.0,0.0
152,2013-06,4,04_US_Economy,4,04_US_Economy,1.0,-0.0
153,2013-07,4,04_US_Economy,4,04_US_Economy,1.0,0.0
154,2013-08,4,04_US_Economy,4,04_US_Economy,1.0,-0.0
155,2013-09,4,04_US_Economy,4,04_US_Economy,1.0,0.0
156,2013-10,4,04_US_Economy,4,04_US_Economy,1.0,0.0
157,2013-11,4,04_US_Economy,4,04_US_Economy,1.0,-0.0
158,2013-12,4,04_US_Economy,4,04_US_Economy,1.0,0.0
159,2014-01,4,04_US_Economy,4,04_US_Economy,1.0,-0.0
160,2014-02,4,04_US_Economy,4,04_US_Economy,1.0,0.0
161,2014-03,4,04_US_Economy,4,04_US_Economy,1.0,0.0
162,2014-04,4,04_US_Economy,4,04_US_Economy,1.0,-0.0
163,2014-05,4,04_US_Economy,4,04_US_Economy,1.0,0.0
164,2014-06,4,04_US_Economy,4,04_US_Economy,1.0,0.0
165,2014-07,4,04_US_Economy,4,04_US_Economy,1.0,0.0
166,2014-08,4,04_US_Economy,4,04_US_Economy,1.0,-0.0
167,2014-09,4,04_US_Economy,4,04_US_Economy,1.0,0.0
168,2014-10,4,04_US_Economy,4,04_US_Economy,1.0,0.0
169,2014-11,4,04_US_Economy,4,04_US_Economy,1.0,-0.0
170,2014-12,4,04_US_Economy,4,04_US_Economy,1.0,-0.0
171,2015-01,4,04_US_Economy,4,04_US_Economy,1.0,0.0
172,2015-02,4,04_US_Economy,4,04_US_Economy,1.0,0.0
173,2015-03,4,04_US_Economy,4,04_US_Economy,1.0,0.0
174,2015-04,4,04_US_Economy,4,04_US_Economy,1.0,-0.0
175,2015-05,4,04_US_Economy,4,04_US_Economy,1.0,0.0
176,2015-06,4,04_US_Economy,4,04_US_Economy,1.0,-0.0
177,2015-07,4,04_US_Economy,4,04_US_Economy,1.0,-0.0
178,2015-08,4,04_US_Economy,4,04_US_Economy,1.0,-0.0
179,2015-09,4,04_US_Economy,4,04_US_Economy,1.0,0.0
180,2015-10,4,04_US_Economy,4,04_US_Economy,1.0,0.0
181,2015-11,4,04_US_Economy,4,04_US_Economy,1.0,-0.0
182,2015-12,4,04_US_Economy,4,04_US_Economy,1.0,-0.0
183,2016-01,4,04_US_Economy,4,04_US_Economy,1.0,-0.0
184,2016-02,4,04_US_Economy,4,04_US_Economy,1.0,-0.0
185,2016-03,4,04_US_Economy,4,04_US_Economy,1.0,0.0
186,2016-04,4,04_US_Economy,4,04_US_Economy,1.0,-0.0
187,2016-05,4,04_US_Economy,4,04_US_Economy,1.0,-0.0
188,2016-06,4,04_US_Economy,4,04_US_Economy,1.0,-0.0
189,2016-07,4,04_US_Economy,4,04_US_Economy,1.0,0.0
190,2016-08,4,04_US_Economy,4,04_US_Economy,1.0,0.0
191,2016-09,4,04_US_Economy,4,04_US_Economy,1.0,0.0
192,2016-10,4,04_US_Economy,4,04_US_Economy,1.0,-0.0
193,2016-11,4,04_US_Economy,4,04_US_Economy,1.0,0.0
194,2016-12,4,04_US_Economy,4,04_US_Economy,1.0,-0.0
195,2017-01,4,04_US_Economy,4,04_US_Economy,1.0,0.0
196,2017-02,4,04_US_Economy,4,04_US_Economy,1.0,-0.0
197,2017-03,4,04_US_Economy,4,04_US_Economy,1.0,0.0
198,2017-04,4,04_US_Economy,4,04_US_Economy,1.0,0.0
199,2017-05,4,04_US_Economy,4,04_US_Economy,1.0,-0.0
200,2017-06,4,04_US_Economy,4,04_US_Economy,1.0,-0.0
201,2017-07,4,04_US_Economy,4,04_US_Economy,1.0,-0.0
202,2017-08,4,04_US_Economy,4,04_US_Economy,1.0,-0.0
203,2017-09,4,04_US_Economy,4,04_US_Economy,1.0,-0.0
204,2017-10,4,04_US_Economy,4,04_US_Economy,1.0,-0.0
205,2017-11,4,04_US_Economy,4,04_US_Economy,1.0,-0.0
206,2017-12,4,04_US_Economy,4,04_US_Economy,1.0,0.0
207,2018-01,4,04_US_Economy,4,04_US_Economy,1.0,0.0
208,2018-02,4,04_US_Economy,4,04_US_Economy,1.0,-0.0
209,2018-03,4,04_US_Economy,4,04_US_Economy,1.0,0.0
210,2018-04,4,04_US_Economy,4,04_US_Economy,1.0,-0.0
211,2018-05,4,04_US_Economy,4,04_US_Economy,1.0,0.0
212,2018-06,4,04_US_Economy,4,04_US_Economy,1.0,-0.0
213,2018-07,4,04_US_Economy,4,04_US_Economy,1.0,-0.0
214,2018-08,4,04_US_Economy,4,04_US_Economy,1.0,-0.0
215,2018-09,4,04_US_Economy,4,04_US_Economy,1.0,0.0
216,2018-10,4,04_US_Economy,4,04_US_Economy,1.0,-0.0
217,2018-11,4,04_US_Economy,4,04_US_Economy,1.0,-0.0
218,2018-12,4,04_US_Economy,4,04_US_Economy,1.0,-0.0
219,2019-01,4,04_US_Economy,4,04_US_Economy,1.0,-0.0
220,2019-02,4,04_US_Economy,4,04_US_Economy,1.0,0.0
221,2019-03,4,04_US_Economy,4,04_US_Economy,1.0,-0.0
222,2019-04,4,04_US_Economy,4,04_US_Economy,1.0,-0.0
223,2019-05,4,04_US_Economy,4,04_US_Economy,1.0,-0.0
224,2019-06,4,04_US_Economy,4,04_US_Economy,1.0,0.0
225,2019-07,4,04_US_Economy,4,04_US_Economy,1.0,0.0
226,2019-08,4,04_US_Economy,4,04_US_Economy,1.0,0.0
227,2019-09,4,04_US_Economy,4,04_US_Economy,1.0,0.0
228,2019-10,4,04_US_Economy,4,04_US_Economy,1.0,-0.0
229,2019-11,4,04_US_Economy,4,04_US_Economy,1.0,-0.0
230,2019-12,4,04_US_Economy,4,04_US_Economy,1.0,-0.0
231,2020-01,4,04_US_Economy,4,04_US_Economy,1.0,-0.0
232,2020-02,4,04_US_Economy,4,04_US_Economy,1.0,0.0
233,2020-03,4,04_US_Economy,4,04_US_Economy,1.0,0.0
234,2020-04,4,04_US_Economy,4,04_US_Economy,1.0,0.0
235,2020-05,4,04_US_Economy,4,04_US_Economy,1.0,0.0
236,2020-06,4,04_US_Economy,4,04_US_Economy,1.0,0.0
237,2020-07,4,04_US_Economy,4,04_US_Economy,1.0,-0.0
238,2020-08,4,04_US_Economy,4,04_US_Economy,1.0,-0.0
239,2020-09,4,04_US_Economy,4,04_US_Economy,1.0,0.0
240,2020-10,4,04_US_Economy,4,04_US_Economy,1.0,0.0
241,2020-11,4,04_US_Economy,4,04_US_Economy,1.0,-0.0
242,2020-12,4,04_US_Economy,4,04_US_Economy,1.0,0.0
243,2021-01,4,04_US_Economy,4,04_US_Economy,1.0,-0.0
244,2021-02,4,04_US_Economy,4,04_US_Economy,1.0,0.0
245,2021-03,4,04_US_Economy,4,04_US_Economy,1.0,0.0
246,2021-04,4,04_US_Economy,4,04_US_Economy,1.0,0.0
247,2021-05,4,04_US_Economy,4,04_US_Economy,1.0,-0.0
248,2021-06,4,04_US_Economy,4,04_US_Economy,1.0,0.0
249,2021-07,4,04_US_Economy,4,04_US_Economy,1.0,-0.0
250,2021-08,4,04_US_Economy,4,04_US_Economy,1.0,0.0
251,2021-09,4,04_US_Economy,4,04_US_Economy,1.0,0.0
252,2021-10,4,04_US_Economy,4,04_US_Economy,1.0,0.0
253,2021-11,4,04_US_Economy,4,04_US_Economy,1.0,-0.0
254,2021-12,4,04_US_Economy,4,04_US_Economy,1.0,0.0
255,2022-01,4,04_US_Economy,4,04_US_Economy,1.0,0.0
256,2022-02,4,04_US_Economy,4,04_US_Economy,1.0,0.0
257,2022-03,4,04_US_Economy,4,04_US_Economy,1.0,-0.0
258,2022-04,4,04_US_Economy,4,04_US_Economy,1.0,-0.0
259,2022-05,4,04_US_Economy,4,04_US_Economy,1.0,-0.0
260,2022-06,4,04_US_Economy,4,04_US_Economy,1.0,0.0
261,2022-07,4,04_US_Economy,4,04_US_Economy,1.0,0.0
262,2022-08,4,04_US_Economy,4,04_US_Economy,1.0,-0.0
263,2022-09,4,04_US_Economy,4,04_US_Economy,1.0,0.0
264,2022-10,4,04_US_Economy,4,04_US_Economy,1.0,-0.0
265,2022-11,4,04_US_Economy,4,04_US_Economy,1.0,-0.0
266,2022-12,4,04_US_Economy,4,04_US_Economy,1.0,0.0
267,2023-01,4,04_US_Economy,4,04_US_Economy,1.0,-0.0
268,2023-02,4,04_US_Economy,4,04_US_Economy,1.0,-0.0
12,2001-10,4,04_US_Economy,5,05_US_Inflation,1.0,-2.9267
13,2001-11,4,04_US_Economy,5,05_US_Inflation,1.0,-2.9585
14,2001-12,4,04_US_Economy,5,05_US_Inflation,1.0,-2.8764
15,2002-01,4,04_US_Economy,5,05_US_Inflation,1.0,-2.686
16,2002-02,4,04_US_Economy,5,05_US_Inflation,1.0,-2.3902
17,2002-03,4,04_US_Economy,5,05_US_Inflation,1.0,-2.038
18,2002-04,4,04_US_Economy,5,05_US_Inflation,1.0,-1.7196
19,2002-05,4,04_US_Economy,5,05_US_Inflation,1.0,-1.4958
20,2002-06,4,04_US_Economy,5,05_US_Inflation,1.0,-1.3869
21,2002-07,4,04_US_Economy,5,05_US_Inflation,1.0,-1.3761
22,2002-08,4,04_US_Economy,5,05_US_Inflation,1.0,-1.3973
23,2002-09,4,04_US_Economy,5,05_US_Inflation,1.0,-1.2813
24,2002-10,4,04_US_Economy,5,05_US_Inflation,1.0,0.3318
25,2002-11,4,04_US_Economy,5,05_US_Inflation,1.0,0.9549
26,2002-12,4,04_US_Economy,5,05_US_Inflation,1.0,0.9835
27,2003-01,4,04_US_Economy,5,05_US_Inflation,1.0,0.9482
28,2003-02,4,04_US_Economy,5,05_US_Inflation,1.0,0.9087
29,2003-03,4,04_US_Economy,5,05_US_Inflation,1.0,0.9089
30,2003-04,4,04_US_Economy,5,05_US_Inflation,1.0,1.137
31,2003-05,4,04_US_Economy,5,05_US_Inflation,1.0,2.5645
32,2003-06,4,04_US_Economy,5,05_US_Inflation,1.0,3.0458
33,2003-07,4,04_US_Economy,5,05_US_Inflation,1.0,3.0486
34,2003-08,4,04_US_Economy,5,05_US_Inflation,1.0,-0.6241
35,2003-09,4,04_US_Economy,5,05_US_Inflation,1.0,-0.3999
36,2003-10,4,04_US_Economy,5,05_US_Inflation,1.0,-0.4239
37,2003-11,4,04_US_Economy,5,05_US_Inflation,1.0,0.3616
38,2003-12,4,04_US_Economy,5,05_US_Inflation,1.0,1.1963
39,2004-01,4,04_US_Economy,5,05_US_Inflation,1.0,1.1125
40,2004-02,4,04_US_Economy,5,05_US_Inflation,1.0,0.8593
41,2004-03,4,04_US_Economy,5,05_US_Inflation,1.0,0.5364
42,2004-04,4,04_US_Economy,5,05_US_Inflation,1.0,0.1887
43,2004-05,4,04_US_Economy,5,05_US_Inflation,1.0,-0.14
44,2004-06,4,04_US_Economy,5,05_US_Inflation,1.0,-0.4289
45,2004-07,4,04_US_Economy,5,05_US_Inflation,1.0,-0.6756
46,2004-08,4,04_US_Economy,5,05_US_Inflation,1.0,-0.8696
47,2004-09,4,04_US_Economy,5,05_US_Inflation,1.0,-0.9603
48,2004-10,4,04_US_Economy,5,05_US_Inflation,1.0,-0.7818
49,2004-11,4,04_US_Economy,5,05_US_Inflation,1.0,-0.2372
50,2004-12,4,04_US_Economy,5,05_US_Inflation,1.0,-0.0186
51,2005-01,4,04_US_Economy,5,05_US_Inflation,1.0,-0.129
52,2005-02,4,04_US_Economy,5,05_US_Inflation,1.0,-0.3503
53,2005-03,4,04_US_Economy,5,05_US_Inflation,1.0,-0.5956
54,2005-04,4,04_US_Economy,5,05_US_Inflation,1.0,-0.837
55,2005-05,4,04_US_Economy,5,05_US_Inflation,1.0,-1.1541
56,2005-06,4,04_US_Economy,5,05_US_Inflation,1.0,3.0571
57,2005-07,4,04_US_Economy,5,05_US_Inflation,1.0,2.6588
58,2005-08,4,04_US_Economy,5,05_US_Inflation,1.0,2.9654
59,2005-09,4,04_US_Economy,5,05_US_Inflation,1.0,-2.8528
60,2005-10,4,04_US_Economy,5,05_US_Inflation,1.0,-2.5448
61,2005-11,4,04_US_Economy,5,05_US_Inflation,1.0,-2.3838
62,2005-12,4,04_US_Economy,5,05_US_Inflation,1.0,-2.2873
63,2006-01,4,04_US_Economy,5,05_US_Inflation,1.0,-2.2094
64,2006-02,4,04_US_Economy,5,05_US_Inflation,1.0,-2.1196
65,2006-03,4,04_US_Economy,5,05_US_Inflation,1.0,-1.9824
66,2006-04,4,04_US_Economy,5,05_US_Inflation,1.0,-1.7453
67,2006-05,4,04_US_Economy,5,05_US_Inflation,1.0,-1.3863
68,2006-06,4,04_US_Economy,5,05_US_Inflation,1.0,-1.0365
69,2006-07,4,04_US_Economy,5,05_US_Inflation,1.0,-0.8198
70,2006-08,4,04_US_Economy,5,05_US_Inflation,1.0,-0.685
71,2006-09,4,04_US_Economy,5,05_US_Inflation,1.0,-0.5041
72,2006-10,4,04_US_Economy,5,05_US_Inflation,1.0,-0.0795
73,2006-11,4,04_US_Economy,5,05_US_Inflation,1.0,0.581
74,2006-12,4,04_US_Economy,5,05_US_Inflation,1.0,0.9833
75,2007-01,4,04_US_Economy,5,05_US_Inflation,1.0,1.1663
76,2007-02,4,04_US_Economy,5,05_US_Inflation,1.0,1.2895
77,2007-03,4,04_US_Economy,5,05_US_Inflation,1.0,1.4281
78,2007-04,4,04_US_Economy,5,05_US_Inflation,1.0,1.6395
79,2007-05,4,04_US_Economy,5,05_US_Inflation,1.0,2.0517
80,2007-06,4,04_US_Economy,5,05_US_Inflation,1.0,2.8808
81,2007-07,4,04_US_Economy,5,05_US_Inflation,1.0,-2.7441
82,2007-08,4,04_US_Economy,5,05_US_Inflation,1.0,-2.5481
83,2007-09,4,04_US_Economy,5,05_US_Inflation,1.0,-2.5726
84,2007-10,4,04_US_Economy,5,05_US_Inflation,1.0,-2.701
85,2007-11,4,04_US_Economy,5,05_US_Inflation,1.0,-2.8728
86,2007-12,4,04_US_Economy,5,05_US_Inflation,1.0,-3.0686
87,2008-01,4,04_US_Economy,5,05_US_Inflation,1.0,3.0165
88,2008-02,4,04_US_Economy,5,05_US_Inflation,1.0,2.8845
89,2008-03,4,04_US_Economy,5,05_US_Inflation,1.0,2.8619
90,2008-04,4,04_US_Economy,5,05_US_Inflation,1.0,2.9394
91,2008-05,4,04_US_Economy,5,05_US_Inflation,1.0,3.0938
92,2008-06,4,04_US_Economy,5,05_US_Inflation,1.0,-2.9825
93,2008-07,4,04_US_Economy,5,05_US_Inflation,1.0,-2.7586
94,2008-08,4,04_US_Economy,5,05_US_Inflation,1.0,-2.5588
95,2008-09,4,04_US_Economy,5,05_US_Inflation,1.0,-2.4105
96,2008-10,4,04_US_Economy,5,05_US_Inflation,1.0,-2.3193
97,2008-11,4,04_US_Economy,5,05_US_Inflation,1.0,-2.278
98,2008-12,4,04_US_Economy,5,05_US_Inflation,1.0,-2.2767
99,2009-01,4,04_US_Economy,5,05_US_Inflation,1.0,-2.3074
100,2009-02,4,04_US_Economy,5,05_US_Inflation,1.0,-2.3649
101,2009-03,4,04_US_Economy,5,05_US_Inflation,1.0,-2.4471
102,2009-04,4,04_US_Economy,5,05_US_Inflation,1.0,-2.5531
103,2009-05,4,04_US_Economy,5,05_US_Inflation,1.0,-2.6825
104,2009-06,4,04_US_Economy,5,05_US_Inflation,1.0,-2.8343
105,2009-07,4,04_US_Economy,5,05_US_Inflation,1.0,-3.0094
106,2009-08,4,04_US_Economy,5,05_US_Inflation,1.0,3.07
107,2009-09,4,04_US_Economy,5,05_US_Inflation,1.0,2.8289
108,2009-10,4,04_US_Economy,5,05_US_Inflation,1.0,2.544
109,2009-11,4,04_US_Economy,5,05_US_Inflation,1.0,2.1954
110,2009-12,4,04_US_Economy,5,05_US_Inflation,1.0,1.6576
111,2010-01,4,04_US_Economy,5,05_US_Inflation,1.0,0.7208
112,2010-02,4,04_US_Economy,5,05_US_Inflation,1.0,0.0226
113,2010-03,4,04_US_Economy,5,05_US_Inflation,1.0,-0.2711
114,2010-04,4,04_US_Economy,5,05_US_Inflation,1.0,-0.408
115,2010-05,4,04_US_Economy,5,05_US_Inflation,1.0,-0.4803
116,2010-06,4,04_US_Economy,5,05_US_Inflation,1.0,-0.5232
117,2010-07,4,04_US_Economy,5,05_US_Inflation,1.0,-0.5539
118,2010-08,4,04_US_Economy,5,05_US_Inflation,1.0,-0.5914
119,2010-09,4,04_US_Economy,5,05_US_Inflation,1.0,-0.6821
120,2010-10,4,04_US_Economy,5,05_US_Inflation,1.0,-0.9649
121,2010-11,4,04_US_Economy,5,05_US_Inflation,1.0,3.039
122,2010-12,4,04_US_Economy,5,05_US_Inflation,1.0,2.0659
123,2011-01,4,04_US_Economy,5,05_US_Inflation,1.0,1.6132
124,2011-02,4,04_US_Economy,5,05_US_Inflation,1.0,1.2274
125,2011-03,4,04_US_Economy,5,05_US_Inflation,1.0,0.8124
126,2011-04,4,04_US_Economy,5,05_US_Inflation,1.0,0.1025
127,2011-05,4,04_US_Economy,5,05_US_Inflation,1.0,-1.1697
128,2011-06,4,04_US_Economy,5,05_US_Inflation,1.0,-1.8399
129,2011-07,4,04_US_Economy,5,05_US_Inflation,1.0,-2.1481
130,2011-08,4,04_US_Economy,5,05_US_Inflation,1.0,-2.342
131,2011-09,4,04_US_Economy,5,05_US_Inflation,1.0,-2.4754
132,2011-10,4,04_US_Economy,5,05_US_Inflation,1.0,-2.5543
133,2011-11,4,04_US_Economy,5,05_US_Inflation,1.0,-2.5614
134,2011-12,4,04_US_Economy,5,05_US_Inflation,1.0,-2.4691
135,2012-01,4,04_US_Economy,5,05_US_Inflation,1.0,-2.3084
136,2012-02,4,04_US_Economy,5,05_US_Inflation,1.0,-2.2114
137,2012-03,4,04_US_Economy,5,05_US_Inflation,1.0,-2.2278
138,2012-04,4,04_US_Economy,5,05_US_Inflation,1.0,-2.2949
139,2012-05,4,04_US_Economy,5,05_US_Inflation,1.0,-2.367
140,2012-06,4,04_US_Economy,5,05_US_Inflation,1.0,-2.4487
141,2012-07,4,04_US_Economy,5,05_US_Inflation,1.0,-2.5609
142,2012-08,4,04_US_Economy,5,05_US_Inflation,1.0,-2.6942
143,2012-09,4,04_US_Economy,5,05_US_Inflation,1.0,-2.6815
144,2012-10,4,04_US_Economy,5,05_US_Inflation,1.0,-1.9035
145,2012-11,4,04_US_Economy,5,05_US_Inflation,1.0,-1.4943
146,2012-12,4,04_US_Economy,5,05_US_Inflation,1.0,-1.567
147,2013-01,4,04_US_Economy,5,05_US_Inflation,1.0,-1.738
148,2013-02,4,04_US_Economy,5,05_US_Inflation,1.0,-1.9679
149,2013-03,4,04_US_Economy,5,05_US_Inflation,1.0,-2.3118
150,2013-04,4,04_US_Economy,5,05_US_Inflation,1.0,-2.9348
151,2013-05,4,04_US_Economy,5,05_US_Inflation,1.0,2.4867
152,2013-06,4,04_US_Economy,5,05_US_Inflation,1.0,1.94
153,2013-07,4,04_US_Economy,5,05_US_Inflation,1.0,1.6521
154,2013-08,4,04_US_Economy,5,05_US_Inflation,1.0,1.4633
155,2013-09,4,04_US_Economy,5,05_US_Inflation,1.0,1.2672
156,2013-10,4,04_US_Economy,5,05_US_Inflation,1.0,-1.8383
157,2013-11,4,04_US_Economy,5,05_US_Inflation,1.0,-1.9901
158,2013-12,4,04_US_Economy,5,05_US_Inflation,1.0,-2.116
159,2014-01,4,04_US_Economy,5,05_US_Inflation,1.0,-2.2478
160,2014-02,4,04_US_Economy,5,05_US_Inflation,1.0,-2.3938
161,2014-03,4,04_US_Economy,5,05_US_Inflation,1.0,-2.5565
162,2014-04,4,04_US_Economy,5,05_US_Inflation,1.0,-2.7239
163,2014-05,4,04_US_Economy,5,05_US_Inflation,1.0,-2.8018
164,2014-06,4,04_US_Economy,5,05_US_Inflation,1.0,-1.9141
165,2014-07,4,04_US_Economy,5,05_US_Inflation,1.0,-0.5642
166,2014-08,4,04_US_Economy,5,05_US_Inflation,1.0,-0.1209
167,2014-09,4,04_US_Economy,5,05_US_Inflation,1.0,0.0849
168,2014-10,4,04_US_Economy,5,05_US_Inflation,1.0,0.0994
169,2014-11,4,04_US_Economy,5,05_US_Inflation,1.0,0.0412
170,2014-12,4,04_US_Economy,5,05_US_Inflation,1.0,-0.0386
171,2015-01,4,04_US_Economy,5,05_US_Inflation,1.0,-0.122
172,2015-02,4,04_US_Economy,5,05_US_Inflation,1.0,-0.2019
173,2015-03,4,04_US_Economy,5,05_US_Inflation,1.0,-0.2715
174,2015-04,4,04_US_Economy,5,05_US_Inflation,1.0,-0.3216
175,2015-05,4,04_US_Economy,5,05_US_Inflation,1.0,-0.3457
176,2015-06,4,04_US_Economy,5,05_US_Inflation,1.0,-0.3474
177,2015-07,4,04_US_Economy,5,05_US_Inflation,1.0,-0.3436
178,2015-08,4,04_US_Economy,5,05_US_Inflation,1.0,-0.358
179,2015-09,4,04_US_Economy,5,05_US_Inflation,1.0,-0.4082
180,2015-10,4,04_US_Economy,5,05_US_Inflation,1.0,-0.4936
181,2015-11,4,04_US_Economy,5,05_US_Inflation,1.0,-0.5966
182,2015-12,4,04_US_Economy,5,05_US_Inflation,1.0,-0.6962
183,2016-01,4,04_US_Economy,5,05_US_Inflation,1.0,-0.7837
184,2016-02,4,04_US_Economy,5,05_US_Inflation,1.0,-0.8665
185,2016-03,4,04_US_Economy,5,05_US_Inflation,1.0,-0.9719
186,2016-04,4,04_US_Economy,5,05_US_Inflation,1.0,-1.1689
187,2016-05,4,04_US_Economy,5,05_US_Inflation,1.0,-1.6039
188,2016-06,4,04_US_Economy,5,05_US_Inflation,1.0,-2.232
189,2016-07,4,04_US_Economy,5,05_US_Inflation,1.0,-2.6144
190,2016-08,4,04_US_Economy,5,05_US_Inflation,1.0,-2.7622
191,2016-09,4,04_US_Economy,5,05_US_Inflation,1.0,-2.8083
192,2016-10,4,04_US_Economy,5,05_US_Inflation,1.0,-2.8147
193,2016-11,4,04_US_Economy,5,05_US_Inflation,1.0,-2.8137
194,2016-12,4,04_US_Economy,5,05_US_Inflation,1.0,-2.8355
195,2017-01,4,04_US_Economy,5,05_US_Inflation,1.0,-2.9288
196,2017-02,4,04_US_Economy,5,05_US_Inflation,1.0,3.0834
197,2017-03,4,04_US_Economy,5,05_US_Inflation,1.0,2.5679
198,2017-04,4,04_US_Economy,5,05_US_Inflation,1.0,2.1816
199,2017-05,4,04_US_Economy,5,05_US_Inflation,1.0,2.0493
200,2017-06,4,04_US_Economy,5,05_US_Inflation,1.0,1.9863
201,2017-07,4,04_US_Economy,5,05_US_Inflation,1.0,1.8546
202,2017-08,4,04_US_Economy,5,05_US_Inflation,1.0,1.5628
203,2017-09,4,04_US_Economy,5,05_US_Inflation,1.0,1.1262
204,2017-10,4,04_US_Economy,5,05_US_Inflation,1.0,0.7112
205,2017-11,4,04_US_Economy,5,05_US_Inflation,1.0,0.4044
206,2017-12,4,04_US_Economy,5,05_US_Inflation,1.0,0.177
207,2018-01,4,04_US_Economy,5,05_US_Inflation,1.0,-0.0067
208,2018-02,4,04_US_Economy,5,05_US_Inflation,1.0,-0.1708
209,2018-03,4,04_US_Economy,5,05_US_Inflation,1.0,-0.3309
210,2018-04,4,04_US_Economy,5,05_US_Inflation,1.0,-0.4943
211,2018-05,4,04_US_Economy,5,05_US_Inflation,1.0,-0.6631
212,2018-06,4,04_US_Economy,5,05_US_Inflation,1.0,-0.8337
213,2018-07,4,04_US_Economy,5,05_US_Inflation,1.0,-0.9987
214,2018-08,4,04_US_Economy,5,05_US_Inflation,1.0,-1.15
215,2018-09,4,04_US_Economy,5,05_US_Inflation,1.0,-1.281
216,2018-10,4,04_US_Economy,5,05_US_Inflation,1.0,-1.3724
217,2018-11,4,04_US_Economy,5,05_US_Inflation,1.0,-1.106
218,2018-12,4,04_US_Economy,5,05_US_Inflation,1.0,-1.1691
219,2019-01,4,04_US_Economy,5,05_US_Inflation,1.0,-1.4253
220,2019-02,4,04_US_Economy,5,05_US_Inflation,1.0,-1.4392
221,2019-03,4,04_US_Economy,5,05_US_Inflation,1.0,-1.4082
222,2019-04,4,04_US_Economy,5,05_US_Inflation,1.0,-1.3628
223,2019-05,4,04_US_Economy,5,05_US_Inflation,1.0,-1.3151
224,2019-06,4,04_US_Economy,5,05_US_Inflation,1.0,-1.2702
225,2019-07,4,04_US_Economy,5,05_US_Inflation,1.0,-1.2245
226,2019-08,4,04_US_Economy,5,05_US_Inflation,1.0,-1.1584
227,2019-09,4,04_US_Economy,5,05_US_Inflation,1.0,-1.0112
228,2019-10,4,04_US_Economy,5,05_US_Inflation,1.0,-0.6574
229,2019-11,4,04_US_Economy,5,05_US_Inflation,1.0,-2.8042
230,2019-12,4,04_US_Economy,5,05_US_Inflation,1.0,-2.4202
231,2020-01,4,04_US_Economy,5,05_US_Inflation,1.0,-2.3318
232,2020-02,4,04_US_Economy,5,05_US_Inflation,1.0,-2.3565
233,2020-03,4,04_US_Economy,5,05_US_Inflation,1.0,-2.4393
234,2020-04,4,04_US_Economy,5,05_US_Inflation,1.0,-2.5673
235,2020-05,4,04_US_Economy,5,05_US_Inflation,1.0,-2.7431
236,2020-06,4,04_US_Economy,5,05_US_Inflation,1.0,-2.9754
237,2020-07,4,04_US_Economy,5,05_US_Inflation,1.0,3.0124
238,2020-08,4,04_US_Economy,5,05_US_Inflation,1.0,2.6538
239,2020-09,4,04_US_Economy,5,05_US_Inflation,1.0,2.1988
240,2020-10,4,04_US_Economy,5,05_US_Inflation,1.0,1.4298
241,2020-11,4,04_US_Economy,5,05_US_Inflation,1.0,0.3134
242,2020-12,4,04_US_Economy,5,05_US_Inflation,1.0,-0.2403
243,2021-01,4,04_US_Economy,5,05_US_Inflation,1.0,-0.4425
244,2021-02,4,04_US_Economy,5,05_US_Inflation,1.0,-0.4474
245,2021-03,4,04_US_Economy,5,05_US_Inflation,1.0,-0.0647
246,2021-04,4,04_US_Economy,5,05_US_Inflation,1.0,1.0546
247,2021-05,4,04_US_Economy,5,05_US_Inflation,1.0,1.4566
248,2021-06,4,04_US_Economy,5,05_US_Inflation,1.0,1.494
249,2021-07,4,04_US_Economy,5,05_US_Inflation,1.0,1.4328
250,2021-08,4,04_US_Economy,5,05_US_Inflation,1.0,1.3327
251,2021-09,4,04_US_Economy,5,05_US_Inflation,1.0,1.217
252,2021-10,4,04_US_Economy,5,05_US_Inflation,1.0,1.1089
253,2021-11,4,04_US_Economy,5,05_US_Inflation,1.0,1.035
254,2021-12,4,04_US_Economy,5,05_US_Inflation,1.0,1.0199
255,2022-01,4,04_US_Economy,5,05_US_Inflation,1.0,1.0729
256,2022-02,4,04_US_Economy,5,05_US_Inflation,1.0,1.1834
257,2022-03,4,04_US_Economy,5,05_US_Inflation,1.0,1.3213
258,2022-04,4,04_US_Economy,5,05_US_Inflation,1.0,1.4489
259,2022-05,4,04_US_Economy,5,05_US_Inflation,1.0,1.5403
260,2022-06,4,04_US_Economy,5,05_US_Inflation,1.0,1.5893
261,2022-07,4,04_US_Economy,5,05_US_Inflation,1.0,1.6031
262,2022-08,4,04_US_Economy,5,05_US_Inflation,1.0,1.5924
263,2022-09,4,04_US_Economy,5,05_US_Inflation,1.0,1.5669
264,2022-10,4,04_US_Economy,5,05_US_Inflation,1.0,1.5339
265,2022-11,4,04_US_Economy,5,05_US_Inflation,1.0,1.4995
266,2022-12,4,04_US_Economy,5,05_US_Inflation,1.0,1.4712
267,2023-01,4,04_US_Economy,5,05_US_Inflation,1.0,1.4644
268,2023-02,4,04_US_Economy,5,05_US_Inflation,1.0,1.5117
12,2001-10,4,04_US_Economy,6,06_US_Production,1.0,-2.4593
13,2001-11,4,04_US_Economy,6,06_US_Production,1.0,-2.6895
14,2001-12,4,04_US_Economy,6,06_US_Production,1.0,-2.8257
15,2002-01,4,04_US_Economy,6,06_US_Production,1.0,-2.9247
16,2002-02,4,04_US_Economy,6,06_US_Production,1.0,-3.0288
17,2002-03,4,04_US_Economy,6,06_US_Production,1.0,3.0912
18,2002-04,4,04_US_Economy,6,06_US_Production,1.0,2.7703
19,2002-05,4,04_US_Economy,6,06_US_Production,1.0,2.2604
20,2002-06,4,04_US_Economy,6,06_US_Production,1.0,1.8251
21,2002-07,4,04_US_Economy,6,06_US_Production,1.0,1.5656
22,2002-08,4,04_US_Economy,6,06_US_Production,1.0,1.4163
23,2002-09,4,04_US_Economy,6,06_US_Production,1.0,1.3449
24,2002-10,4,04_US_Economy,6,06_US_Production,1.0,1.3269
25,2002-11,4,04_US_Economy,6,06_US_Production,1.0,1.3338
26,2002-12,4,04_US_Economy,6,06_US_Production,1.0,1.3442
27,2003-01,4,04_US_Economy,6,06_US_Production,1.0,1.3494
28,2003-02,4,04_US_Economy,6,06_US_Production,1.0,1.3546
29,2003-03,4,04_US_Economy,6,06_US_Production,1.0,1.3901
30,2003-04,4,04_US_Economy,6,06_US_Production,1.0,1.6388
31,2003-05,4,04_US_Economy,6,06_US_Production,1.0,3.066
32,2003-06,4,04_US_Economy,6,06_US_Production,1.0,-2.7638
33,2003-07,4,04_US_Economy,6,06_US_Production,1.0,-2.822
34,2003-08,4,04_US_Economy,6,06_US_Production,1.0,-2.9742
35,2003-09,4,04_US_Economy,6,06_US_Production,1.0,-3.1019
36,2003-10,4,04_US_Economy,6,06_US_Production,1.0,-3.0449
37,2003-11,4,04_US_Economy,6,06_US_Production,1.0,-2.0436
38,2003-12,4,04_US_Economy,6,06_US_Production,1.0,-0.8305
39,2004-01,4,04_US_Economy,6,06_US_Production,1.0,-0.3483
40,2004-02,4,04_US_Economy,6,06_US_Production,1.0,0.1077
41,2004-03,4,04_US_Economy,6,06_US_Production,1.0,0.516
42,2004-04,4,04_US_Economy,6,06_US_Production,1.0,0.842
43,2004-05,4,04_US_Economy,6,06_US_Production,1.0,1.1102
44,2004-06,4,04_US_Economy,6,06_US_Production,1.0,1.3519
45,2004-07,4,04_US_Economy,6,06_US_Production,1.0,1.5937
46,2004-08,4,04_US_Economy,6,06_US_Production,1.0,1.8725
47,2004-09,4,04_US_Economy,6,06_US_Production,1.0,2.2749
48,2004-10,4,04_US_Economy,6,06_US_Production,1.0,3.1076
49,2004-11,4,04_US_Economy,6,06_US_Production,1.0,-0.6391
50,2004-12,4,04_US_Economy,6,06_US_Production,1.0,0.6462
51,2005-01,4,04_US_Economy,6,06_US_Production,1.0,0.9483
52,2005-02,4,04_US_Economy,6,06_US_Production,1.0,0.961
53,2005-03,4,04_US_Economy,6,06_US_Production,1.0,0.7581
54,2005-04,4,04_US_Economy,6,06_US_Production,1.0,0.2606
55,2005-05,4,04_US_Economy,6,06_US_Production,1.0,-0.3548
56,2005-06,4,04_US_Economy,6,06_US_Production,1.0,-0.6327
57,2005-07,4,04_US_Economy,6,06_US_Production,1.0,-0.5696
58,2005-08,4,04_US_Economy,6,06_US_Production,1.0,-0.1984
59,2005-09,4,04_US_Economy,6,06_US_Production,1.0,0.2956
60,2005-10,4,04_US_Economy,6,06_US_Production,1.0,0.616
61,2005-11,4,04_US_Economy,6,06_US_Production,1.0,0.7732
62,2005-12,4,04_US_Economy,6,06_US_Production,1.0,0.8442
63,2006-01,4,04_US_Economy,6,06_US_Production,1.0,0.8633
64,2006-02,4,04_US_Economy,6,06_US_Production,1.0,0.8369
65,2006-03,4,04_US_Economy,6,06_US_Production,1.0,0.7501
66,2006-04,4,04_US_Economy,6,06_US_Production,1.0,0.5576
67,2006-05,4,04_US_Economy,6,06_US_Production,1.0,0.1748
68,2006-06,4,04_US_Economy,6,06_US_Production,1.0,-0.3652
69,2006-07,4,04_US_Economy,6,06_US_Production,1.0,-0.7493
70,2006-08,4,04_US_Economy,6,06_US_Production,1.0,-0.8822
71,2006-09,4,04_US_Economy,6,06_US_Production,1.0,-0.7893
72,2006-10,4,04_US_Economy,6,06_US_Production,1.0,-0.3694
73,2006-11,4,04_US_Economy,6,06_US_Production,1.0,0.3235
74,2006-12,4,04_US_Economy,6,06_US_Production,1.0,0.7702
75,2007-01,4,04_US_Economy,6,06_US_Production,1.0,0.9892
76,2007-02,4,04_US_Economy,6,06_US_Production,1.0,1.1173
77,2007-03,4,04_US_Economy,6,06_US_Production,1.0,1.1967
78,2007-04,4,04_US_Economy,6,06_US_Production,1.0,1.2258
79,2007-05,4,04_US_Economy,6,06_US_Production,1.0,1.2023
80,2007-06,4,04_US_Economy,6,06_US_Production,1.0,1.1636
81,2007-07,4,04_US_Economy,6,06_US_Production,1.0,1.1696
82,2007-08,4,04_US_Economy,6,06_US_Production,1.0,1.2369
83,2007-09,4,04_US_Economy,6,06_US_Production,1.0,1.3393
84,2007-10,4,04_US_Economy,6,06_US_Production,1.0,1.4404
85,2007-11,4,04_US_Economy,6,06_US_Production,1.0,1.5124
86,2007-12,4,04_US_Economy,6,06_US_Production,1.0,1.5525
87,2008-01,4,04_US_Economy,6,06_US_Production,1.0,1.6126
88,2008-02,4,04_US_Economy,6,06_US_Production,1.0,1.7299
89,2008-03,4,04_US_Economy,6,06_US_Production,1.0,1.8497
90,2008-04,4,04_US_Economy,6,06_US_Production,1.0,1.9335
91,2008-05,4,04_US_Economy,6,06_US_Production,1.0,1.9898
92,2008-06,4,04_US_Economy,6,06_US_Production,1.0,2.0302
93,2008-07,4,04_US_Economy,6,06_US_Production,1.0,2.0609
94,2008-08,4,04_US_Economy,6,06_US_Production,1.0,2.0852
95,2008-09,4,04_US_Economy,6,06_US_Production,1.0,2.1057
96,2008-10,4,04_US_Economy,6,06_US_Production,1.0,2.1241
97,2008-11,4,04_US_Economy,6,06_US_Production,1.0,2.1417
98,2008-12,4,04_US_Economy,6,06_US_Production,1.0,2.1583
99,2009-01,4,04_US_Economy,6,06_US_Production,1.0,2.1725
100,2009-02,4,04_US_Economy,6,06_US_Production,1.0,2.1791
101,2009-03,4,04_US_Economy,6,06_US_Production,1.0,2.1666
102,2009-04,4,04_US_Economy,6,06_US_Production,1.0,2.1116
103,2009-05,4,04_US_Economy,6,06_US_Production,1.0,1.9652
104,2009-06,4,04_US_Economy,6,06_US_Production,1.0,1.6269
105,2009-07,4,04_US_Economy,6,06_US_Production,1.0,1.0056
106,2009-08,4,04_US_Economy,6,06_US_Production,1.0,0.3462
107,2009-09,4,04_US_Economy,6,06_US_Production,1.0,-0.1749
108,2009-10,4,04_US_Economy,6,06_US_Production,1.0,-0.6777
109,2009-11,4,04_US_Economy,6,06_US_Production,1.0,-1.24
110,2009-12,4,04_US_Economy,6,06_US_Production,1.0,-1.8183
111,2010-01,4,04_US_Economy,6,06_US_Production,1.0,-2.2731
112,2010-02,4,04_US_Economy,6,06_US_Production,1.0,-2.554
113,2010-03,4,04_US_Economy,6,06_US_Production,1.0,-2.7028
114,2010-04,4,04_US_Economy,6,06_US_Production,1.0,-2.7586
115,2010-05,4,04_US_Economy,6,06_US_Production,1.0,-2.7399
116,2010-06,4,04_US_Economy,6,06_US_Production,1.0,-2.6544
117,2010-07,4,04_US_Economy,6,06_US_Production,1.0,-2.5147
118,2010-08,4,04_US_Economy,6,06_US_Production,1.0,-2.3485
119,2010-09,4,04_US_Economy,6,06_US_Production,1.0,-2.2039
120,2010-10,4,04_US_Economy,6,06_US_Production,1.0,-2.1991
121,2010-11,4,04_US_Economy,6,06_US_Production,1.0,2.1717
122,2010-12,4,04_US_Economy,6,06_US_Production,1.0,1.6219
123,2011-01,4,04_US_Economy,6,06_US_Production,1.0,1.5687
124,2011-02,4,04_US_Economy,6,06_US_Production,1.0,1.5127
125,2011-03,4,04_US_Economy,6,06_US_Production,1.0,1.3659
126,2011-04,4,04_US_Economy,6,06_US_Production,1.0,0.8827
127,2011-05,4,04_US_Economy,6,06_US_Production,1.0,-0.1916
128,2011-06,4,04_US_Economy,6,06_US_Production,1.0,-0.6838
129,2011-07,4,04_US_Economy,6,06_US_Production,1.0,-0.8278
130,2011-08,4,04_US_Economy,6,06_US_Production,1.0,-0.8616
131,2011-09,4,04_US_Economy,6,06_US_Production,1.0,-0.8084
132,2011-10,4,04_US_Economy,6,06_US_Production,1.0,-0.31
133,2011-11,4,04_US_Economy,6,06_US_Production,1.0,1.8221
134,2011-12,4,04_US_Economy,6,06_US_Production,1.0,2.0492
135,2012-01,4,04_US_Economy,6,06_US_Production,1.0,2.161
136,2012-02,4,04_US_Economy,6,06_US_Production,1.0,2.2748
137,2012-03,4,04_US_Economy,6,06_US_Production,1.0,2.4118
138,2012-04,4,04_US_Economy,6,06_US_Production,1.0,2.5736
139,2012-05,4,04_US_Economy,6,06_US_Production,1.0,2.746
140,2012-06,4,04_US_Economy,6,06_US_Production,1.0,2.9025
141,2012-07,4,04_US_Economy,6,06_US_Production,1.0,2.9667
142,2012-08,4,04_US_Economy,6,06_US_Production,1.0,0.9542
143,2012-09,4,04_US_Economy,6,06_US_Production,1.0,0.8595
144,2012-10,4,04_US_Economy,6,06_US_Production,1.0,1.977
145,2012-11,4,04_US_Economy,6,06_US_Production,1.0,2.7044
146,2012-12,4,04_US_Economy,6,06_US_Production,1.0,2.8907
147,2013-01,4,04_US_Economy,6,06_US_Production,1.0,2.936
148,2013-02,4,04_US_Economy,6,06_US_Production,1.0,2.9067
149,2013-03,4,04_US_Economy,6,06_US_Production,1.0,2.7817
150,2013-04,4,04_US_Economy,6,06_US_Production,1.0,2.4555
151,2013-05,4,04_US_Economy,6,06_US_Production,1.0,2.1066
152,2013-06,4,04_US_Economy,6,06_US_Production,1.0,2.412
153,2013-07,4,04_US_Economy,6,06_US_Production,1.0,2.8518
154,2013-08,4,04_US_Economy,6,06_US_Production,1.0,3.1336
155,2013-09,4,04_US_Economy,6,06_US_Production,1.0,-2.8585
156,2013-10,4,04_US_Economy,6,06_US_Production,1.0,-2.3726
157,2013-11,4,04_US_Economy,6,06_US_Production,1.0,-1.6218
158,2013-12,4,04_US_Economy,6,06_US_Production,1.0,-1.0686
159,2014-01,4,04_US_Economy,6,06_US_Production,1.0,-0.8035
160,2014-02,4,04_US_Economy,6,06_US_Production,1.0,-0.6783
161,2014-03,4,04_US_Economy,6,06_US_Production,1.0,-0.6275
162,2014-04,4,04_US_Economy,6,06_US_Production,1.0,-0.6267
163,2014-05,4,04_US_Economy,6,06_US_Production,1.0,-0.6514
164,2014-06,4,04_US_Economy,6,06_US_Production,1.0,-0.644
165,2014-07,4,04_US_Economy,6,06_US_Production,1.0,-0.4872
166,2014-08,4,04_US_Economy,6,06_US_Production,1.0,-0.2074
167,2014-09,4,04_US_Economy,6,06_US_Production,1.0,-0.1697
168,2014-10,4,04_US_Economy,6,06_US_Production,1.0,-0.3835
169,2014-11,4,04_US_Economy,6,06_US_Production,1.0,-0.6496
170,2014-12,4,04_US_Economy,6,06_US_Production,1.0,-0.8672
171,2015-01,4,04_US_Economy,6,06_US_Production,1.0,-1.0295
172,2015-02,4,04_US_Economy,6,06_US_Production,1.0,-1.1523
173,2015-03,4,04_US_Economy,6,06_US_Production,1.0,-1.2439
174,2015-04,4,04_US_Economy,6,06_US_Production,1.0,-1.3015
175,2015-05,4,04_US_Economy,6,06_US_Production,1.0,-1.3193
176,2015-06,4,04_US_Economy,6,06_US_Production,1.0,-1.2964
177,2015-07,4,04_US_Economy,6,06_US_Production,1.0,-1.2434
178,2015-08,4,04_US_Economy,6,06_US_Production,1.0,-1.1834
179,2015-09,4,04_US_Economy,6,06_US_Production,1.0,-1.1957
180,2015-10,4,04_US_Economy,6,06_US_Production,1.0,2.5355
181,2015-11,4,04_US_Economy,6,06_US_Production,1.0,2.4235
182,2015-12,4,04_US_Economy,6,06_US_Production,1.0,2.508
183,2016-01,4,04_US_Economy,6,06_US_Production,1.0,2.6258
184,2016-02,4,04_US_Economy,6,06_US_Production,1.0,2.7638
185,2016-03,4,04_US_Economy,6,06_US_Production,1.0,2.9171
186,2016-04,4,04_US_Economy,6,06_US_Production,1.0,3.0776
187,2016-05,4,04_US_Economy,6,06_US_Production,1.0,-3.0477
188,2016-06,4,04_US_Economy,6,06_US_Production,1.0,-2.8908
189,2016-07,4,04_US_Economy,6,06_US_Production,1.0,-2.6896
190,2016-08,4,04_US_Economy,6,06_US_Production,1.0,-2.3109
191,2016-09,4,04_US_Economy,6,06_US_Production,1.0,-1.7456
192,2016-10,4,04_US_Economy,6,06_US_Production,1.0,-1.3671
193,2016-11,4,04_US_Economy,6,06_US_Production,1.0,-1.212
194,2016-12,4,04_US_Economy,6,06_US_Production,1.0,-1.1839
195,2017-01,4,04_US_Economy,6,06_US_Production,1.0,-1.2745
196,2017-02,4,04_US_Economy,6,06_US_Production,1.0,-1.5684
197,2017-03,4,04_US_Economy,6,06_US_Production,1.0,-2.1181
198,2017-04,4,04_US_Economy,6,06_US_Production,1.0,-2.526
199,2017-05,4,04_US_Economy,6,06_US_Production,1.0,-2.6138
200,2017-06,4,04_US_Economy,6,06_US_Production,1.0,-2.4151
201,2017-07,4,04_US_Economy,6,06_US_Production,1.0,-1.6932
202,2017-08,4,04_US_Economy,6,06_US_Production,1.0,-1.2238
203,2017-09,4,04_US_Economy,6,06_US_Production,1.0,-1.3895
204,2017-10,4,04_US_Economy,6,06_US_Production,1.0,-1.702
205,2017-11,4,04_US_Economy,6,06_US_Production,1.0,-2.0082
206,2017-12,4,04_US_Economy,6,06_US_Production,1.0,-2.3621
207,2018-01,4,04_US_Economy,6,06_US_Production,1.0,-2.8331
208,2018-02,4,04_US_Economy,6,06_US_Production,1.0,2.9234
209,2018-03,4,04_US_Economy,6,06_US_Production,1.0,2.4898
210,2018-04,4,04_US_Economy,6,06_US_Production,1.0,2.1694
211,2018-05,4,04_US_Economy,6,06_US_Production,1.0,1.9169
212,2018-06,4,04_US_Economy,6,06_US_Production,1.0,1.7047
213,2018-07,4,04_US_Economy,6,06_US_Production,1.0,1.5283
214,2018-08,4,04_US_Economy,6,06_US_Production,1.0,1.396
215,2018-09,4,04_US_Economy,6,06_US_Production,1.0,1.3255
216,2018-10,4,04_US_Economy,6,06_US_Production,1.0,1.372
217,2018-11,4,04_US_Economy,6,06_US_Production,1.0,2.0631
218,2018-12,4,04_US_Economy,6,06_US_Production,1.0,-2.3153
219,2019-01,4,04_US_Economy,6,06_US_Production,1.0,-2.0155
220,2019-02,4,04_US_Economy,6,06_US_Production,1.0,-1.8572
221,2019-03,4,04_US_Economy,6,06_US_Production,1.0,-1.7975
222,2019-04,4,04_US_Economy,6,06_US_Production,1.0,-1.8997
223,2019-05,4,04_US_Economy,6,06_US_Production,1.0,-2.1324
224,2019-06,4,04_US_Economy,6,06_US_Production,1.0,-2.2842
225,2019-07,4,04_US_Economy,6,06_US_Production,1.0,-2.2688
226,2019-08,4,04_US_Economy,6,06_US_Production,1.0,-2.0758
227,2019-09,4,04_US_Economy,6,06_US_Production,1.0,-0.7422
228,2019-10,4,04_US_Economy,6,06_US_Production,1.0,0.3082
229,2019-11,4,04_US_Economy,6,06_US_Production,1.0,-2.4928
230,2019-12,4,04_US_Economy,6,06_US_Production,1.0,-2.4659
231,2020-01,4,04_US_Economy,6,06_US_Production,1.0,-2.4657
232,2020-02,4,04_US_Economy,6,06_US_Production,1.0,-2.4915
233,2020-03,4,04_US_Economy,6,06_US_Production,1.0,-2.5438
234,2020-04,4,04_US_Economy,6,06_US_Production,1.0,-2.6282
235,2020-05,4,04_US_Economy,6,06_US_Production,1.0,-2.753
236,2020-06,4,04_US_Economy,6,06_US_Production,1.0,-2.9272
237,2020-07,4,04_US_Economy,6,06_US_Production,1.0,3.1318
238,2020-08,4,04_US_Economy,6,06_US_Production,1.0,2.8745
239,2020-09,4,04_US_Economy,6,06_US_Production,1.0,2.6108
240,2020-10,4,04_US_Economy,6,06_US_Production,1.0,2.3367
241,2020-11,4,04_US_Economy,6,06_US_Production,1.0,1.8892
242,2020-12,4,04_US_Economy,6,06_US_Production,1.0,0.3276
243,2021-01,4,04_US_Economy,6,06_US_Production,1.0,-0.3835
244,2021-02,4,04_US_Economy,6,06_US_Production,1.0,-0.5363
245,2021-03,4,04_US_Economy,6,06_US_Production,1.0,-0.5685
246,2021-04,4,04_US_Economy,6,06_US_Production,1.0,-0.5398
247,2021-05,4,04_US_Economy,6,06_US_Production,1.0,-0.4543
248,2021-06,4,04_US_Economy,6,06_US_Production,1.0,-0.2983
249,2021-07,4,04_US_Economy,6,06_US_Production,1.0,-0.072
250,2021-08,4,04_US_Economy,6,06_US_Production,1.0,0.1774
251,2021-09,4,04_US_Economy,6,06_US_Production,1.0,0.3849
252,2021-10,4,04_US_Economy,6,06_US_Production,1.0,0.5281
253,2021-11,4,04_US_Economy,6,06_US_Production,1.0,0.6184
254,2021-12,4,04_US_Economy,6,06_US_Production,1.0,0.6729
255,2022-01,4,04_US_Economy,6,06_US_Production,1.0,0.7012
256,2022-02,4,04_US_Economy,6,06_US_Production,1.0,0.7041
257,2022-03,4,04_US_Economy,6,06_US_Production,1.0,0.6784
258,2022-04,4,04_US_Economy,6,06_US_Production,1.0,0.624
259,2022-05,4,04_US_Economy,6,06_US_Production,1.0,0.5575
260,2022-06,4,04_US_Economy,6,06_US_Production,1.0,0.5262
261,2022-07,4,04_US_Economy,6,06_US_Production,1.0,0.612
262,2022-08,4,04_US_Economy,6,06_US_Production,1.0,0.8707
263,2022-09,4,04_US_Economy,6,06_US_Production,1.0,1.1633
264,2022-10,4,04_US_Economy,6,06_US_Production,1.0,1.3221
265,2022-11,4,04_US_Economy,6,06_US_Production,1.0,1.3658
266,2022-12,4,04_US_Economy,6,06_US_Production,1.0,1.3491
267,2023-01,4,04_US_Economy,6,06_US_Production,1.0,1.308
268,2023-02,4,04_US_Economy,6,06_US_Production,1.0,1.2723
12,2001-10,4,04_US_Economy,7,07_US_Unemployment,1.0,-0.2992
13,2001-11,4,04_US_Economy,7,07_US_Unemployment,1.0,-0.5673
14,2001-12,4,04_US_Economy,7,07_US_Unemployment,1.0,-0.7888
15,2002-01,4,04_US_Economy,7,07_US_Unemployment,1.0,-0.9481
16,2002-02,4,04_US_Economy,7,07_US_Unemployment,1.0,-1.0308
17,2002-03,4,04_US_Economy,7,07_US_Unemployment,1.0,-1.0397
18,2002-04,4,04_US_Economy,7,07_US_Unemployment,1.0,-0.9878
19,2002-05,4,04_US_Economy,7,07_US_Unemployment,1.0,-0.8971
20,2002-06,4,04_US_Economy,7,07_US_Unemployment,1.0,-0.7998
21,2002-07,4,04_US_Economy,7,07_US_Unemployment,1.0,-0.7193
22,2002-08,4,04_US_Economy,7,07_US_Unemployment,1.0,-0.6592
23,2002-09,4,04_US_Economy,7,07_US_Unemployment,1.0,-0.6178
24,2002-10,4,04_US_Economy,7,07_US_Unemployment,1.0,-0.5926
25,2002-11,4,04_US_Economy,7,07_US_Unemployment,1.0,-0.574
26,2002-12,4,04_US_Economy,7,07_US_Unemployment,1.0,-0.5453
27,2003-01,4,04_US_Economy,7,07_US_Unemployment,1.0,-0.4831
28,2003-02,4,04_US_Economy,7,07_US_Unemployment,1.0,-0.3502
29,2003-03,4,04_US_Economy,7,07_US_Unemployment,1.0,-0.0676
30,2003-04,4,04_US_Economy,7,07_US_Unemployment,1.0,0.6152
31,2003-05,4,04_US_Economy,7,07_US_Unemployment,1.0,2.6314
32,2003-06,4,04_US_Economy,7,07_US_Unemployment,1.0,-2.6699
33,2003-07,4,04_US_Economy,7,07_US_Unemployment,1.0,-2.3375
34,2003-08,4,04_US_Economy,7,07_US_Unemployment,1.0,-2.2005
35,2003-09,4,04_US_Economy,7,07_US_Unemployment,1.0,-2.1384
36,2003-10,4,04_US_Economy,7,07_US_Unemployment,1.0,-2.0169
37,2003-11,4,04_US_Economy,7,07_US_Unemployment,1.0,-1.1116
38,2003-12,4,04_US_Economy,7,07_US_Unemployment,1.0,-0.2167
39,2004-01,4,04_US_Economy,7,07_US_Unemployment,1.0,-0.3759
40,2004-02,4,04_US_Economy,7,07_US_Unemployment,1.0,-0.8521
41,2004-03,4,04_US_Economy,7,07_US_Unemployment,1.0,-1.2282
42,2004-04,4,04_US_Economy,7,07_US_Unemployment,1.0,-1.3554
43,2004-05,4,04_US_Economy,7,07_US_Unemployment,1.0,-1.3379
44,2004-06,4,04_US_Economy,7,07_US_Unemployment,1.0,-1.2468
45,2004-07,4,04_US_Economy,7,07_US_Unemployment,1.0,-1.1123
46,2004-08,4,04_US_Economy,7,07_US_Unemployment,1.0,-0.9365
47,2004-09,4,04_US_Economy,7,07_US_Unemployment,1.0,-0.6777
48,2004-10,4,04_US_Economy,7,07_US_Unemployment,1.0,-0.1763
49,2004-11,4,04_US_Economy,7,07_US_Unemployment,1.0,0.6643
50,2004-12,4,04_US_Economy,7,07_US_Unemployment,1.0,1.1538
51,2005-01,4,04_US_Economy,7,07_US_Unemployment,1.0,1.2925
52,2005-02,4,04_US_Economy,7,07_US_Unemployment,1.0,1.3042
53,2005-03,4,04_US_Economy,7,07_US_Unemployment,1.0,1.2856
54,2005-04,4,04_US_Economy,7,07_US_Unemployment,1.0,1.2816
55,2005-05,4,04_US_Economy,7,07_US_Unemployment,1.0,1.3012
56,2005-06,4,04_US_Economy,7,07_US_Unemployment,1.0,1.327
57,2005-07,4,04_US_Economy,7,07_US_Unemployment,1.0,1.3495
58,2005-08,4,04_US_Economy,7,07_US_Unemployment,1.0,1.4378
59,2005-09,4,04_US_Economy,7,07_US_Unemployment,1.0,1.6158
60,2005-10,4,04_US_Economy,7,07_US_Unemployment,1.0,1.7254
61,2005-11,4,04_US_Economy,7,07_US_Unemployment,1.0,1.7532
62,2005-12,4,04_US_Economy,7,07_US_Unemployment,1.0,1.7297
63,2006-01,4,04_US_Economy,7,07_US_Unemployment,1.0,1.6605
64,2006-02,4,04_US_Economy,7,07_US_Unemployment,1.0,1.5359
65,2006-03,4,04_US_Economy,7,07_US_Unemployment,1.0,1.3474
66,2006-04,4,04_US_Economy,7,07_US_Unemployment,1.0,1.1102
67,2006-05,4,04_US_Economy,7,07_US_Unemployment,1.0,0.8641
68,2006-06,4,04_US_Economy,7,07_US_Unemployment,1.0,0.6458
69,2006-07,4,04_US_Economy,7,07_US_Unemployment,1.0,0.477
70,2006-08,4,04_US_Economy,7,07_US_Unemployment,1.0,0.3795
71,2006-09,4,04_US_Economy,7,07_US_Unemployment,1.0,0.4142
72,2006-10,4,04_US_Economy,7,07_US_Unemployment,1.0,0.7304
73,2006-11,4,04_US_Economy,7,07_US_Unemployment,1.0,1.2852
74,2006-12,4,04_US_Economy,7,07_US_Unemployment,1.0,1.55
75,2007-01,4,04_US_Economy,7,07_US_Unemployment,1.0,1.509
76,2007-02,4,04_US_Economy,7,07_US_Unemployment,1.0,1.1452
77,2007-03,4,04_US_Economy,7,07_US_Unemployment,1.0,-0.8597
78,2007-04,4,04_US_Economy,7,07_US_Unemployment,1.0,-1.6527
79,2007-05,4,04_US_Economy,7,07_US_Unemployment,1.0,-1.8791
80,2007-06,4,04_US_Economy,7,07_US_Unemployment,1.0,-1.9545
81,2007-07,4,04_US_Economy,7,07_US_Unemployment,1.0,-1.962
82,2007-08,4,04_US_Economy,7,07_US_Unemployment,1.0,-1.944
83,2007-09,4,04_US_Economy,7,07_US_Unemployment,1.0,0.5995
84,2007-10,4,04_US_Economy,7,07_US_Unemployment,1.0,1.1147
85,2007-11,4,04_US_Economy,7,07_US_Unemployment,1.0,1.0037
86,2007-12,4,04_US_Economy,7,07_US_Unemployment,1.0,0.79
87,2008-01,4,04_US_Economy,7,07_US_Unemployment,1.0,0.5069
88,2008-02,4,04_US_Economy,7,07_US_Unemployment,1.0,0.2453
89,2008-03,4,04_US_Economy,7,07_US_Unemployment,1.0,0.0673
90,2008-04,4,04_US_Economy,7,07_US_Unemployment,1.0,-0.0222
91,2008-05,4,04_US_Economy,7,07_US_Unemployment,1.0,0.0098
92,2008-06,4,04_US_Economy,7,07_US_Unemployment,1.0,0.782
93,2008-07,4,04_US_Economy,7,07_US_Unemployment,1.0,2.1709
94,2008-08,4,04_US_Economy,7,07_US_Unemployment,1.0,2.2553
95,2008-09,4,04_US_Economy,7,07_US_Unemployment,1.0,2.2011
96,2008-10,4,04_US_Economy,7,07_US_Unemployment,1.0,2.1693
97,2008-11,4,04_US_Economy,7,07_US_Unemployment,1.0,2.2844
98,2008-12,4,04_US_Economy,7,07_US_Unemployment,1.0,2.8109
99,2009-01,4,04_US_Economy,7,07_US_Unemployment,1.0,-2.6812
100,2009-02,4,04_US_Economy,7,07_US_Unemployment,1.0,-2.3303
101,2009-03,4,04_US_Economy,7,07_US_Unemployment,1.0,-2.2012
102,2009-04,4,04_US_Economy,7,07_US_Unemployment,1.0,-2.1468
103,2009-05,4,04_US_Economy,7,07_US_Unemployment,1.0,-2.1307
104,2009-06,4,04_US_Economy,7,07_US_Unemployment,1.0,-2.149
105,2009-07,4,04_US_Economy,7,07_US_Unemployment,1.0,-2.2078
106,2009-08,4,04_US_Economy,7,07_US_Unemployment,1.0,-2.3151
107,2009-09,4,04_US_Economy,7,07_US_Unemployment,1.0,-2.4734
108,2009-10,4,04_US_Economy,7,07_US_Unemployment,1.0,-2.6664
109,2009-11,4,04_US_Economy,7,07_US_Unemployment,1.0,-2.8602
110,2009-12,4,04_US_Economy,7,07_US_Unemployment,1.0,-3.0222
111,2010-01,4,04_US_Economy,7,07_US_Unemployment,1.0,-0.3588
112,2010-02,4,04_US_Economy,7,07_US_Unemployment,1.0,-0.2085
113,2010-03,4,04_US_Economy,7,07_US_Unemployment,1.0,-0.3038
114,2010-04,4,04_US_Economy,7,07_US_Unemployment,1.0,-0.3826
115,2010-05,4,04_US_Economy,7,07_US_Unemployment,1.0,-0.4359
116,2010-06,4,04_US_Economy,7,07_US_Unemployment,1.0,-0.4608
117,2010-07,4,04_US_Economy,7,07_US_Unemployment,1.0,-0.4596
118,2010-08,4,04_US_Economy,7,07_US_Unemployment,1.0,-0.4423
119,2010-09,4,04_US_Economy,7,07_US_Unemployment,1.0,-0.4353
120,2010-10,4,04_US_Economy,7,07_US_Unemployment,1.0,-0.5456
121,2010-11,4,04_US_Economy,7,07_US_Unemployment,1.0,-2.5555
122,2010-12,4,04_US_Economy,7,07_US_Unemployment,1.0,3.0856
123,2011-01,4,04_US_Economy,7,07_US_Unemployment,1.0,2.9343
124,2011-02,4,04_US_Economy,7,07_US_Unemployment,1.0,2.7693
125,2011-03,4,04_US_Economy,7,07_US_Unemployment,1.0,2.5036
126,2011-04,4,04_US_Economy,7,07_US_Unemployment,1.0,1.8958
127,2011-05,4,04_US_Economy,7,07_US_Unemployment,1.0,0.6968
128,2011-06,4,04_US_Economy,7,07_US_Unemployment,1.0,0.0827
129,2011-07,4,04_US_Economy,7,07_US_Unemployment,1.0,-0.1839
130,2011-08,4,04_US_Economy,7,07_US_Unemployment,1.0,2.8151
131,2011-09,4,04_US_Economy,7,07_US_Unemployment,1.0,2.7069
132,2011-10,4,04_US_Economy,7,07_US_Unemployment,1.0,2.6307
133,2011-11,4,04_US_Economy,7,07_US_Unemployment,1.0,2.5796
134,2011-12,4,04_US_Economy,7,07_US_Unemployment,1.0,2.5617
135,2012-01,4,04_US_Economy,7,07_US_Unemployment,1.0,2.5951
136,2012-02,4,04_US_Economy,7,07_US_Unemployment,1.0,2.7274
137,2012-03,4,04_US_Economy,7,07_US_Unemployment,1.0,-2.4091
138,2012-04,4,04_US_Economy,7,07_US_Unemployment,1.0,-0.6705
139,2012-05,4,04_US_Economy,7,07_US_Unemployment,1.0,-0.4678
140,2012-06,4,04_US_Economy,7,07_US_Unemployment,1.0,-0.3785
141,2012-07,4,04_US_Economy,7,07_US_Unemployment,1.0,-0.3843
142,2012-08,4,04_US_Economy,7,07_US_Unemployment,1.0,-0.5298
143,2012-09,4,04_US_Economy,7,07_US_Unemployment,1.0,-0.7321
144,2012-10,4,04_US_Economy,7,07_US_Unemployment,1.0,-0.1498
145,2012-11,4,04_US_Economy,7,07_US_Unemployment,1.0,0.2474
146,2012-12,4,04_US_Economy,7,07_US_Unemployment,1.0,0.2331
147,2013-01,4,04_US_Economy,7,07_US_Unemployment,1.0,0.1253
148,2013-02,4,04_US_Economy,7,07_US_Unemployment,1.0,-0.0568
149,2013-03,4,04_US_Economy,7,07_US_Unemployment,1.0,-0.3769
150,2013-04,4,04_US_Economy,7,07_US_Unemployment,1.0,-1.0113
151,2013-05,4,04_US_Economy,7,07_US_Unemployment,1.0,-1.9381
152,2013-06,4,04_US_Economy,7,07_US_Unemployment,1.0,-2.634
153,2013-07,4,04_US_Economy,7,07_US_Unemployment,1.0,3.0958
154,2013-08,4,04_US_Economy,7,07_US_Unemployment,1.0,2.5453
155,2013-09,4,04_US_Economy,7,07_US_Unemployment,1.0,2.0575
156,2013-10,4,04_US_Economy,7,07_US_Unemployment,1.0,1.6984
157,2013-11,4,04_US_Economy,7,07_US_Unemployment,1.0,1.4398
158,2013-12,4,04_US_Economy,7,07_US_Unemployment,1.0,1.2359
159,2014-01,4,04_US_Economy,7,07_US_Unemployment,1.0,1.0561
160,2014-02,4,04_US_Economy,7,07_US_Unemployment,1.0,0.879
161,2014-03,4,04_US_Economy,7,07_US_Unemployment,1.0,0.6864
162,2014-04,4,04_US_Economy,7,07_US_Unemployment,1.0,0.4648
163,2014-05,4,04_US_Economy,7,07_US_Unemployment,1.0,0.2184
164,2014-06,4,04_US_Economy,7,07_US_Unemployment,1.0,-0.0081
165,2014-07,4,04_US_Economy,7,07_US_Unemployment,1.0,-0.1037
166,2014-08,4,04_US_Economy,7,07_US_Unemployment,1.0,-0.0715
167,2014-09,4,04_US_Economy,7,07_US_Unemployment,1.0,-0.2064
168,2014-10,4,04_US_Economy,7,07_US_Unemployment,1.0,-0.5081
169,2014-11,4,04_US_Economy,7,07_US_Unemployment,1.0,-0.9438
170,2014-12,4,04_US_Economy,7,07_US_Unemployment,1.0,-1.7486
171,2015-01,4,04_US_Economy,7,07_US_Unemployment,1.0,-2.7402
172,2015-02,4,04_US_Economy,7,07_US_Unemployment,1.0,3.0673
173,2015-03,4,04_US_Economy,7,07_US_Unemployment,1.0,2.8523
174,2015-04,4,04_US_Economy,7,07_US_Unemployment,1.0,2.754
175,2015-05,4,04_US_Economy,7,07_US_Unemployment,1.0,2.7386
176,2015-06,4,04_US_Economy,7,07_US_Unemployment,1.0,2.8003
177,2015-07,4,04_US_Economy,7,07_US_Unemployment,1.0,2.9496
178,2015-08,4,04_US_Economy,7,07_US_Unemployment,1.0,-3.0335
179,2015-09,4,04_US_Economy,7,07_US_Unemployment,1.0,-2.3756
180,2015-10,4,04_US_Economy,7,07_US_Unemployment,1.0,-1.4783
181,2015-11,4,04_US_Economy,7,07_US_Unemployment,1.0,-0.9858
182,2015-12,4,04_US_Economy,7,07_US_Unemployment,1.0,-0.729
183,2016-01,4,04_US_Economy,7,07_US_Unemployment,1.0,-0.5506
184,2016-02,4,04_US_Economy,7,07_US_Unemployment,1.0,-0.3953
185,2016-03,4,04_US_Economy,7,07_US_Unemployment,1.0,-0.244
186,2016-04,4,04_US_Economy,7,07_US_Unemployment,1.0,-0.0956
187,2016-05,4,04_US_Economy,7,07_US_Unemployment,1.0,0.0385
188,2016-06,4,04_US_Economy,7,07_US_Unemployment,1.0,0.134
189,2016-07,4,04_US_Economy,7,07_US_Unemployment,1.0,0.1062
190,2016-08,4,04_US_Economy,7,07_US_Unemployment,1.0,-1.326
191,2016-09,4,04_US_Economy,7,07_US_Unemployment,1.0,-2.2799
192,2016-10,4,04_US_Economy,7,07_US_Unemployment,1.0,-2.3458
193,2016-11,4,04_US_Economy,7,07_US_Unemployment,1.0,-2.3634
194,2016-12,4,04_US_Economy,7,07_US_Unemployment,1.0,-2.405
195,2017-01,4,04_US_Economy,7,07_US_Unemployment,1.0,-2.5228
196,2017-02,4,04_US_Economy,7,07_US_Unemployment,1.0,-2.8192
197,2017-03,4,04_US_Economy,7,07_US_Unemployment,1.0,2.9302
198,2017-04,4,04_US_Economy,7,07_US_Unemployment,1.0,2.5479
199,2017-05,4,04_US_Economy,7,07_US_Unemployment,1.0,2.4624
200,2017-06,4,04_US_Economy,7,07_US_Unemployment,1.0,2.5079
201,2017-07,4,04_US_Economy,7,07_US_Unemployment,1.0,2.5537
202,2017-08,4,04_US_Economy,7,07_US_Unemployment,1.0,2.5062
203,2017-09,4,04_US_Economy,7,07_US_Unemployment,1.0,2.3818
204,2017-10,4,04_US_Economy,7,07_US_Unemployment,1.0,2.3589
205,2017-11,4,04_US_Economy,7,07_US_Unemployment,1.0,2.5394
206,2017-12,4,04_US_Economy,7,07_US_Unemployment,1.0,2.8654
207,2018-01,4,04_US_Economy,7,07_US_Unemployment,1.0,-3.0879
208,2018-02,4,04_US_Economy,7,07_US_Unemployment,1.0,-2.8578
209,2018-03,4,04_US_Economy,7,07_US_Unemployment,1.0,-2.7386
210,2018-04,4,04_US_Economy,7,07_US_Unemployment,1.0,-2.7028
211,2018-05,4,04_US_Economy,7,07_US_Unemployment,1.0,-2.7184
212,2018-06,4,04_US_Economy,7,07_US_Unemployment,1.0,-2.7535
213,2018-07,4,04_US_Economy,7,07_US_Unemployment,1.0,-2.7734
214,2018-08,4,04_US_Economy,7,07_US_Unemployment,1.0,-2.7394
215,2018-09,4,04_US_Economy,7,07_US_Unemployment,1.0,-2.5984
216,2018-10,4,04_US_Economy,7,07_US_Unemployment,1.0,-2.2214
217,2018-11,4,04_US_Economy,7,07_US_Unemployment,1.0,-0.8828
218,2018-12,4,04_US_Economy,7,07_US_Unemployment,1.0,1.9592
219,2019-01,4,04_US_Economy,7,07_US_Unemployment,1.0,2.8627
220,2019-02,4,04_US_Economy,7,07_US_Unemployment,1.0,-2.8335
221,2019-03,4,04_US_Economy,7,07_US_Unemployment,1.0,-2.2779
222,2019-04,4,04_US_Economy,7,07_US_Unemployment,1.0,-1.705
223,2019-05,4,04_US_Economy,7,07_US_Unemployment,1.0,-1.1937
224,2019-06,4,04_US_Economy,7,07_US_Unemployment,1.0,-0.8543
225,2019-07,4,04_US_Economy,7,07_US_Unemployment,1.0,-0.8231
226,2019-08,4,04_US_Economy,7,07_US_Unemployment,1.0,-1.5727
227,2019-09,4,04_US_Economy,7,07_US_Unemployment,1.0,-2.2917
228,2019-10,4,04_US_Economy,7,07_US_Unemployment,1.0,-2.5419
229,2019-11,4,04_US_Economy,7,07_US_Unemployment,1.0,0.7408
230,2019-12,4,04_US_Economy,7,07_US_Unemployment,1.0,0.709
231,2020-01,4,04_US_Economy,7,07_US_Unemployment,1.0,0.6932
232,2020-02,4,04_US_Economy,7,07_US_Unemployment,1.0,0.6705
233,2020-03,4,04_US_Economy,7,07_US_Unemployment,1.0,0.6322
234,2020-04,4,04_US_Economy,7,07_US_Unemployment,1.0,0.5697
235,2020-05,4,04_US_Economy,7,07_US_Unemployment,1.0,0.473
236,2020-06,4,04_US_Economy,7,07_US_Unemployment,1.0,0.3335
237,2020-07,4,04_US_Economy,7,07_US_Unemployment,1.0,0.1525
238,2020-08,4,04_US_Economy,7,07_US_Unemployment,1.0,-0.0482
239,2020-09,4,04_US_Economy,7,07_US_Unemployment,1.0,-0.2302
240,2020-10,4,04_US_Economy,7,07_US_Unemployment,1.0,-0.3625
241,2020-11,4,04_US_Economy,7,07_US_Unemployment,1.0,-0.4335
242,2020-12,4,04_US_Economy,7,07_US_Unemployment,1.0,-0.4446
243,2021-01,4,04_US_Economy,7,07_US_Unemployment,1.0,-0.406
244,2021-02,4,04_US_Economy,7,07_US_Unemployment,1.0,-0.3406
245,2021-03,4,04_US_Economy,7,07_US_Unemployment,1.0,-0.2675
246,2021-04,4,04_US_Economy,7,07_US_Unemployment,1.0,-0.1421
247,2021-05,4,04_US_Economy,7,07_US_Unemployment,1.0,0.2081
248,2021-06,4,04_US_Economy,7,07_US_Unemployment,1.0,1.1119
249,2021-07,4,04_US_Economy,7,07_US_Unemployment,1.0,1.8145
250,2021-08,4,04_US_Economy,7,07_US_Unemployment,1.0,2.1054
251,2021-09,4,04_US_Economy,7,07_US_Unemployment,1.0,2.2839
252,2021-10,4,04_US_Economy,7,07_US_Unemployment,1.0,2.4371
253,2021-11,4,04_US_Economy,7,07_US_Unemployment,1.0,2.5874
254,2021-12,4,04_US_Economy,7,07_US_Unemployment,1.0,2.7388
255,2022-01,4,04_US_Economy,7,07_US_Unemployment,1.0,2.8865
256,2022-02,4,04_US_Economy,7,07_US_Unemployment,1.0,3.0207
257,2022-03,4,04_US_Economy,7,07_US_Unemployment,1.0,3.1305
258,2022-04,4,04_US_Economy,7,07_US_Unemployment,1.0,-3.075
259,2022-05,4,04_US_Economy,7,07_US_Unemployment,1.0,-3.0293
260,2022-06,4,04_US_Economy,7,07_US_Unemployment,1.0,-3.0151
261,2022-07,4,04_US_Economy,7,07_US_Unemployment,1.0,-3.0591
262,2022-08,4,04_US_Economy,7,07_US_Unemployment,1.0,2.844
263,2022-09,4,04_US_Economy,7,07_US_Unemployment,1.0,1.2142
264,2022-10,4,04_US_Economy,7,07_US_Unemployment,1.0,0.9241
265,2022-11,4,04_US_Economy,7,07_US_Unemployment,1.0,0.935
266,2022-12,4,04_US_Economy,7,07_US_Unemployment,1.0,1.0047
267,2023-01,4,04_US_Economy,7,07_US_Unemployment,1.0,1.098
268,2023-02,4,04_US_Economy,7,07_US_Unemployment,1.0,1.2188
12,2001-10,5,05_US_Inflation,0,00_Copper,1.0,3.0705
13,2001-11,5,05_US_Inflation,0,00_Copper,1.0,-3.0772
14,2001-12,5,05_US_Inflation,0,00_Copper,1.0,-2.9877
15,2002-01,5,05_US_Inflation,0,00_Copper,1.0,-2.923
16,2002-02,5,05_US_Inflation,0,00_Copper,1.0,-2.8568
17,2002-03,5,05_US_Inflation,0,00_Copper,1.0,-2.7591
18,2002-04,5,05_US_Inflation,0,00_Copper,1.0,-2.6403
19,2002-05,5,05_US_Inflation,0,00_Copper,1.0,-2.5362
20,2002-06,5,05_US_Inflation,0,00_Copper,1.0,-2.4569
21,2002-07,5,05_US_Inflation,0,00_Copper,1.0,-2.4031
22,2002-08,5,05_US_Inflation,0,00_Copper,1.0,-2.3906
23,2002-09,5,05_US_Inflation,0,00_Copper,1.0,-2.5366
24,2002-10,5,05_US_Inflation,0,00_Copper,1.0,2.1115
25,2002-11,5,05_US_Inflation,0,00_Copper,1.0,1.4854
26,2002-12,5,05_US_Inflation,0,00_Copper,1.0,1.4731
27,2003-01,5,05_US_Inflation,0,00_Copper,1.0,1.5353
28,2003-02,5,05_US_Inflation,0,00_Copper,1.0,1.602
29,2003-03,5,05_US_Inflation,0,00_Copper,1.0,1.6468
30,2003-04,5,05_US_Inflation,0,00_Copper,1.0,1.6584
31,2003-05,5,05_US_Inflation,0,00_Copper,1.0,1.6348
32,2003-06,5,05_US_Inflation,0,00_Copper,1.0,1.588
33,2003-07,5,05_US_Inflation,0,00_Copper,1.0,1.5279
34,2003-08,5,05_US_Inflation,0,00_Copper,1.0,-1.2269
35,2003-09,5,05_US_Inflation,0,00_Copper,1.0,-1.6081
36,2003-10,5,05_US_Inflation,0,00_Copper,1.0,-1.6529
37,2003-11,5,05_US_Inflation,0,00_Copper,1.0,-1.7571
38,2003-12,5,05_US_Inflation,0,00_Copper,1.0,-2.1396
39,2004-01,5,05_US_Inflation,0,00_Copper,1.0,-2.8151
40,2004-02,5,05_US_Inflation,0,00_Copper,1.0,-3.0174
41,2004-03,5,05_US_Inflation,0,00_Copper,1.0,-2.8871
42,2004-04,5,05_US_Inflation,0,00_Copper,1.0,-2.6486
43,2004-05,5,05_US_Inflation,0,00_Copper,1.0,-2.413
44,2004-06,5,05_US_Inflation,0,00_Copper,1.0,-2.2334
45,2004-07,5,05_US_Inflation,0,00_Copper,1.0,-2.1241
46,2004-08,5,05_US_Inflation,0,00_Copper,1.0,-2.0711
47,2004-09,5,05_US_Inflation,0,00_Copper,1.0,-2.0269
48,2004-10,5,05_US_Inflation,0,00_Copper,1.0,-1.9345
49,2004-11,5,05_US_Inflation,0,00_Copper,1.0,-1.7596
50,2004-12,5,05_US_Inflation,0,00_Copper,1.0,-1.496
51,2005-01,5,05_US_Inflation,0,00_Copper,1.0,-1.1561
52,2005-02,5,05_US_Inflation,0,00_Copper,1.0,-0.7693
53,2005-03,5,05_US_Inflation,0,00_Copper,1.0,-0.3782
54,2005-04,5,05_US_Inflation,0,00_Copper,1.0,-0.0129
55,2005-05,5,05_US_Inflation,0,00_Copper,1.0,0.4134
56,2005-06,5,05_US_Inflation,0,00_Copper,1.0,2.6076
57,2005-07,5,05_US_Inflation,0,00_Copper,1.0,-3.087
58,2005-08,5,05_US_Inflation,0,00_Copper,1.0,-3.0822
59,2005-09,5,05_US_Inflation,0,00_Copper,1.0,2.9708
60,2005-10,5,05_US_Inflation,0,00_Copper,1.0,2.5155
61,2005-11,5,05_US_Inflation,0,00_Copper,1.0,2.0491
62,2005-12,5,05_US_Inflation,0,00_Copper,1.0,1.7435
63,2006-01,5,05_US_Inflation,0,00_Copper,1.0,1.5436
64,2006-02,5,05_US_Inflation,0,00_Copper,1.0,1.3704
65,2006-03,5,05_US_Inflation,0,00_Copper,1.0,1.1602
66,2006-04,5,05_US_Inflation,0,00_Copper,1.0,0.8468
67,2006-05,5,05_US_Inflation,0,00_Copper,1.0,0.4057
68,2006-06,5,05_US_Inflation,0,00_Copper,1.0,-0.0249
69,2006-07,5,05_US_Inflation,0,00_Copper,1.0,-0.299
70,2006-08,5,05_US_Inflation,0,00_Copper,1.0,-0.4136
71,2006-09,5,05_US_Inflation,0,00_Copper,1.0,-0.3366
72,2006-10,5,05_US_Inflation,0,00_Copper,1.0,0.465
73,2006-11,5,05_US_Inflation,0,00_Copper,1.0,1.63
74,2006-12,5,05_US_Inflation,0,00_Copper,1.0,1.8506
75,2007-01,5,05_US_Inflation,0,00_Copper,1.0,1.8998
76,2007-02,5,05_US_Inflation,0,00_Copper,1.0,1.9103
77,2007-03,5,05_US_Inflation,0,00_Copper,1.0,1.9113
78,2007-04,5,05_US_Inflation,0,00_Copper,1.0,1.902
79,2007-05,5,05_US_Inflation,0,00_Copper,1.0,1.8106
80,2007-06,5,05_US_Inflation,0,00_Copper,1.0,1.4629
81,2007-07,5,05_US_Inflation,0,00_Copper,1.0,1.327
82,2007-08,5,05_US_Inflation,0,00_Copper,1.0,1.4882
83,2007-09,5,05_US_Inflation,0,00_Copper,1.0,1.6821
84,2007-10,5,05_US_Inflation,0,00_Copper,1.0,1.8296
85,2007-11,5,05_US_Inflation,0,00_Copper,1.0,1.8776
86,2007-12,5,05_US_Inflation,0,00_Copper,1.0,1.7983
87,2008-01,5,05_US_Inflation,0,00_Copper,1.0,1.5989
88,2008-02,5,05_US_Inflation,0,00_Copper,1.0,1.2935
89,2008-03,5,05_US_Inflation,0,00_Copper,1.0,0.8713
90,2008-04,5,05_US_Inflation,0,00_Copper,1.0,0.2586
91,2008-05,5,05_US_Inflation,0,00_Copper,1.0,-0.6423
92,2008-06,5,05_US_Inflation,0,00_Copper,1.0,-1.5851
93,2008-07,5,05_US_Inflation,0,00_Copper,1.0,-2.2845
94,2008-08,5,05_US_Inflation,0,00_Copper,1.0,-2.8031
95,2008-09,5,05_US_Inflation,0,00_Copper,1.0,3.0759
96,2008-10,5,05_US_Inflation,0,00_Copper,1.0,2.7522
97,2008-11,5,05_US_Inflation,0,00_Copper,1.0,2.4911
98,2008-12,5,05_US_Inflation,0,00_Copper,1.0,2.2895
99,2009-01,5,05_US_Inflation,0,00_Copper,1.0,2.1563
100,2009-02,5,05_US_Inflation,0,00_Copper,1.0,2.1014
101,2009-03,5,05_US_Inflation,0,00_Copper,1.0,2.1273
102,2009-04,5,05_US_Inflation,0,00_Copper,1.0,2.2299
103,2009-05,5,05_US_Inflation,0,00_Copper,1.0,2.3995
104,2009-06,5,05_US_Inflation,0,00_Copper,1.0,2.6213
105,2009-07,5,05_US_Inflation,0,00_Copper,1.0,2.8773
106,2009-08,5,05_US_Inflation,0,00_Copper,1.0,-3.1312
107,2009-09,5,05_US_Inflation,0,00_Copper,1.0,-2.8433
108,2009-10,5,05_US_Inflation,0,00_Copper,1.0,-2.5314
109,2009-11,5,05_US_Inflation,0,00_Copper,1.0,-2.1578
110,2009-12,5,05_US_Inflation,0,00_Copper,1.0,-1.5862
111,2010-01,5,05_US_Inflation,0,00_Copper,1.0,-0.6117
112,2010-02,5,05_US_Inflation,0,00_Copper,1.0,0.1184
113,2010-03,5,05_US_Inflation,0,00_Copper,1.0,0.4316
114,2010-04,5,05_US_Inflation,0,00_Copper,1.0,0.5699
115,2010-05,5,05_US_Inflation,0,00_Copper,1.0,0.617
116,2010-06,5,05_US_Inflation,0,00_Copper,1.0,0.5928
117,2010-07,5,05_US_Inflation,0,00_Copper,1.0,0.4843
118,2010-08,5,05_US_Inflation,0,00_Copper,1.0,0.2485
119,2010-09,5,05_US_Inflation,0,00_Copper,1.0,-0.1716
120,2010-10,5,05_US_Inflation,0,00_Copper,1.0,-0.661
121,2010-11,5,05_US_Inflation,0,00_Copper,1.0,-0.8939
122,2010-12,5,05_US_Inflation,0,00_Copper,1.0,-0.851
123,2011-01,5,05_US_Inflation,0,00_Copper,1.0,-0.6747
124,2011-02,5,05_US_Inflation,0,00_Copper,1.0,-0.3919
125,2011-03,5,05_US_Inflation,0,00_Copper,1.0,0.2028
126,2011-04,5,05_US_Inflation,0,00_Copper,1.0,1.1169
127,2011-05,5,05_US_Inflation,0,00_Copper,1.0,1.6028
128,2011-06,5,05_US_Inflation,0,00_Copper,1.0,1.8164
129,2011-07,5,05_US_Inflation,0,00_Copper,1.0,1.9428
130,2011-08,5,05_US_Inflation,0,00_Copper,1.0,2.0377
131,2011-09,5,05_US_Inflation,0,00_Copper,1.0,2.1163
132,2011-10,5,05_US_Inflation,0,00_Copper,1.0,2.1744
133,2011-11,5,05_US_Inflation,0,00_Copper,1.0,2.1924
134,2011-12,5,05_US_Inflation,0,00_Copper,1.0,2.143
135,2012-01,5,05_US_Inflation,0,00_Copper,1.0,2.0582
136,2012-02,5,05_US_Inflation,0,00_Copper,1.0,2.0705
137,2012-03,5,05_US_Inflation,0,00_Copper,1.0,2.2272
138,2012-04,5,05_US_Inflation,0,00_Copper,1.0,2.4578
139,2012-05,5,05_US_Inflation,0,00_Copper,1.0,2.7028
140,2012-06,5,05_US_Inflation,0,00_Copper,1.0,2.9587
141,2012-07,5,05_US_Inflation,0,00_Copper,1.0,-3.0155
142,2012-08,5,05_US_Inflation,0,00_Copper,1.0,-2.5263
143,2012-09,5,05_US_Inflation,0,00_Copper,1.0,-0.8209
144,2012-10,5,05_US_Inflation,0,00_Copper,1.0,0.5234
145,2012-11,5,05_US_Inflation,0,00_Copper,1.0,0.9617
146,2012-12,5,05_US_Inflation,0,00_Copper,1.0,1.2282
147,2013-01,5,05_US_Inflation,0,00_Copper,1.0,1.4138
148,2013-02,5,05_US_Inflation,0,00_Copper,1.0,1.5562
149,2013-03,5,05_US_Inflation,0,00_Copper,1.0,1.676
150,2013-04,5,05_US_Inflation,0,00_Copper,1.0,1.7838
151,2013-05,5,05_US_Inflation,0,00_Copper,1.0,1.8852
152,2013-06,5,05_US_Inflation,0,00_Copper,1.0,1.9826
153,2013-07,5,05_US_Inflation,0,00_Copper,1.0,2.074
154,2013-08,5,05_US_Inflation,0,00_Copper,1.0,2.149
155,2013-09,5,05_US_Inflation,0,00_Copper,1.0,2.2198
156,2013-10,5,05_US_Inflation,0,00_Copper,1.0,-1.1776
157,2013-11,5,05_US_Inflation,0,00_Copper,1.0,-1.3961
158,2013-12,5,05_US_Inflation,0,00_Copper,1.0,-1.6875
159,2014-01,5,05_US_Inflation,0,00_Copper,1.0,-1.8678
160,2014-02,5,05_US_Inflation,0,00_Copper,1.0,-1.9412
161,2014-03,5,05_US_Inflation,0,00_Copper,1.0,-1.9663
162,2014-04,5,05_US_Inflation,0,00_Copper,1.0,-1.9947
163,2014-05,5,05_US_Inflation,0,00_Copper,1.0,-2.1368
164,2014-06,5,05_US_Inflation,0,00_Copper,1.0,3.0323
165,2014-07,5,05_US_Inflation,0,00_Copper,1.0,1.523
166,2014-08,5,05_US_Inflation,0,00_Copper,1.0,0.9521
167,2014-09,5,05_US_Inflation,0,00_Copper,1.0,0.3972
168,2014-10,5,05_US_Inflation,0,00_Copper,1.0,-0.1137
169,2014-11,5,05_US_Inflation,0,00_Copper,1.0,-0.5912
170,2014-12,5,05_US_Inflation,0,00_Copper,1.0,-1.0302
171,2015-01,5,05_US_Inflation,0,00_Copper,1.0,-1.3946
172,2015-02,5,05_US_Inflation,0,00_Copper,1.0,-1.6761
173,2015-03,5,05_US_Inflation,0,00_Copper,1.0,-1.8916
174,2015-04,5,05_US_Inflation,0,00_Copper,1.0,-2.0613
175,2015-05,5,05_US_Inflation,0,00_Copper,1.0,-2.1992
176,2015-06,5,05_US_Inflation,0,00_Copper,1.0,-2.3102
177,2015-07,5,05_US_Inflation,0,00_Copper,1.0,-2.3931
178,2015-08,5,05_US_Inflation,0,00_Copper,1.0,-2.4458
179,2015-09,5,05_US_Inflation,0,00_Copper,1.0,-2.4796
180,2015-10,5,05_US_Inflation,0,00_Copper,1.0,-2.5743
181,2015-11,5,05_US_Inflation,0,00_Copper,1.0,2.6179
182,2015-12,5,05_US_Inflation,0,00_Copper,1.0,1.387
183,2016-01,5,05_US_Inflation,0,00_Copper,1.0,1.311
184,2016-02,5,05_US_Inflation,0,00_Copper,1.0,1.3435
185,2016-03,5,05_US_Inflation,0,00_Copper,1.0,1.4105
186,2016-04,5,05_US_Inflation,0,00_Copper,1.0,1.5512
187,2016-05,5,05_US_Inflation,0,00_Copper,1.0,1.9374
188,2016-06,5,05_US_Inflation,0,00_Copper,1.0,2.589
189,2016-07,5,05_US_Inflation,0,00_Copper,1.0,3.086
190,2016-08,5,05_US_Inflation,0,00_Copper,1.0,-2.8842
191,2016-09,5,05_US_Inflation,0,00_Copper,1.0,-2.6692
192,2016-10,5,05_US_Inflation,0,00_Copper,1.0,-2.5198
193,2016-11,5,05_US_Inflation,0,00_Copper,1.0,-2.4221
194,2016-12,5,05_US_Inflation,0,00_Copper,1.0,-2.3696
195,2017-01,5,05_US_Inflation,0,00_Copper,1.0,-2.3616
196,2017-02,5,05_US_Inflation,0,00_Copper,1.0,-2.4019
197,2017-03,5,05_US_Inflation,0,00_Copper,1.0,-2.4972
198,2017-04,5,05_US_Inflation,0,00_Copper,1.0,-2.6583
199,2017-05,5,05_US_Inflation,0,00_Copper,1.0,-2.904
200,2017-06,5,05_US_Inflation,0,00_Copper,1.0,3.0244
201,2017-07,5,05_US_Inflation,0,00_Copper,1.0,2.5931
202,2017-08,5,05_US_Inflation,0,00_Copper,1.0,2.2302
203,2017-09,5,05_US_Inflation,0,00_Copper,1.0,2.0165
204,2017-10,5,05_US_Inflation,0,00_Copper,1.0,1.9152
205,2017-11,5,05_US_Inflation,0,00_Copper,1.0,1.8733
206,2017-12,5,05_US_Inflation,0,00_Copper,1.0,1.854
207,2018-01,5,05_US_Inflation,0,00_Copper,1.0,1.833
208,2018-02,5,05_US_Inflation,0,00_Copper,1.0,1.7943
209,2018-03,5,05_US_Inflation,0,00_Copper,1.0,1.7244
210,2018-04,5,05_US_Inflation,0,00_Copper,1.0,1.5971
211,2018-05,5,05_US_Inflation,0,00_Copper,1.0,1.2981
212,2018-06,5,05_US_Inflation,0,00_Copper,1.0,0.1413
213,2018-07,5,05_US_Inflation,0,00_Copper,1.0,-0.8273
214,2018-08,5,05_US_Inflation,0,00_Copper,1.0,-1.034
215,2018-09,5,05_US_Inflation,0,00_Copper,1.0,-1.0655
216,2018-10,5,05_US_Inflation,0,00_Copper,1.0,-0.993
217,2018-11,5,05_US_Inflation,0,00_Copper,1.0,-0.6448
218,2018-12,5,05_US_Inflation,0,00_Copper,1.0,1.2196
219,2019-01,5,05_US_Inflation,0,00_Copper,1.0,1.6488
220,2019-02,5,05_US_Inflation,0,00_Copper,1.0,1.6997
221,2019-03,5,05_US_Inflation,0,00_Copper,1.0,1.6742
222,2019-04,5,05_US_Inflation,0,00_Copper,1.0,1.6259
223,2019-05,5,05_US_Inflation,0,00_Copper,1.0,1.5783
224,2019-06,5,05_US_Inflation,0,00_Copper,1.0,1.538
225,2019-07,5,05_US_Inflation,0,00_Copper,1.0,1.4975
226,2019-08,5,05_US_Inflation,0,00_Copper,1.0,1.4323
227,2019-09,5,05_US_Inflation,0,00_Copper,1.0,1.2745
228,2019-10,5,05_US_Inflation,0,00_Copper,1.0,0.8172
229,2019-11,5,05_US_Inflation,0,00_Copper,1.0,-0.0099
230,2019-12,5,05_US_Inflation,0,00_Copper,1.0,-0.4241
231,2020-01,5,05_US_Inflation,0,00_Copper,1.0,-0.5338
232,2020-02,5,05_US_Inflation,0,00_Copper,1.0,-0.5409
233,2020-03,5,05_US_Inflation,0,00_Copper,1.0,-0.5063
234,2020-04,5,05_US_Inflation,0,00_Copper,1.0,-0.452
235,2020-05,5,05_US_Inflation,0,00_Copper,1.0,-0.39
236,2020-06,5,05_US_Inflation,0,00_Copper,1.0,-0.3265
237,2020-07,5,05_US_Inflation,0,00_Copper,1.0,-0.2611
238,2020-08,5,05_US_Inflation,0,00_Copper,1.0,-0.186
239,2020-09,5,05_US_Inflation,0,00_Copper,1.0,-0.2362
240,2020-10,5,05_US_Inflation,0,00_Copper,1.0,-2.4821
241,2020-11,5,05_US_Inflation,0,00_Copper,1.0,-1.5891
242,2020-12,5,05_US_Inflation,0,00_Copper,1.0,-1.1746
243,2021-01,5,05_US_Inflation,0,00_Copper,1.0,-1.0479
244,2021-02,5,05_US_Inflation,0,00_Copper,1.0,-1.0645
245,2021-03,5,05_US_Inflation,0,00_Copper,1.0,-1.4255
246,2021-04,5,05_US_Inflation,0,00_Copper,1.0,-2.4889
247,2021-05,5,05_US_Inflation,0,00_Copper,1.0,-2.8041
248,2021-06,5,05_US_Inflation,0,00_Copper,1.0,-2.7189
249,2021-07,5,05_US_Inflation,0,00_Copper,1.0,-2.4894
250,2021-08,5,05_US_Inflation,0,00_Copper,1.0,-2.1721
251,2021-09,5,05_US_Inflation,0,00_Copper,1.0,-1.8058
252,2021-10,5,05_US_Inflation,0,00_Copper,1.0,-1.4456
253,2021-11,5,05_US_Inflation,0,00_Copper,1.0,-1.1504
254,2021-12,5,05_US_Inflation,0,00_Copper,1.0,-0.9633
255,2022-01,5,05_US_Inflation,0,00_Copper,1.0,-0.907
256,2022-02,5,05_US_Inflation,0,00_Copper,1.0,-0.9926
257,2022-03,5,05_US_Inflation,0,00_Copper,1.0,-1.227
258,2022-04,5,05_US_Inflation,0,00_Copper,1.0,-1.6099
259,2022-05,5,05_US_Inflation,0,00_Copper,1.0,-2.076
260,2022-06,5,05_US_Inflation,0,00_Copper,1.0,-2.4652
261,2022-07,5,05_US_Inflation,0,00_Copper,1.0,-2.6933
262,2022-08,5,05_US_Inflation,0,00_Copper,1.0,-2.7793
263,2022-09,5,05_US_Inflation,0,00_Copper,1.0,-2.7466
264,2022-10,5,05_US_Inflation,0,00_Copper,1.0,-2.603
265,2022-11,5,05_US_Inflation,0,00_Copper,1.0,-2.3672
266,2022-12,5,05_US_Inflation,0,00_Copper,1.0,-2.1098
267,2023-01,5,05_US_Inflation,0,00_Copper,1.0,-1.9209
268,2023-02,5,05_US_Inflation,0,00_Copper,1.0,-1.8441
12,2001-10,5,05_US_Inflation,1,01_Oil,1.0,1.9162
13,2001-11,5,05_US_Inflation,1,01_Oil,1.0,2.0649
14,2001-12,5,05_US_Inflation,1,01_Oil,1.0,2.1591
15,2002-01,5,05_US_Inflation,1,01_Oil,1.0,2.1538
16,2002-02,5,05_US_Inflation,1,01_Oil,1.0,2.0234
17,2002-03,5,05_US_Inflation,1,01_Oil,1.0,1.8057
18,2002-04,5,05_US_Inflation,1,01_Oil,1.0,1.5863
19,2002-05,5,05_US_Inflation,1,01_Oil,1.0,1.4108
20,2002-06,5,05_US_Inflation,1,01_Oil,1.0,1.2763
21,2002-07,5,05_US_Inflation,1,01_Oil,1.0,1.1655
22,2002-08,5,05_US_Inflation,1,01_Oil,1.0,1.0791
23,2002-09,5,05_US_Inflation,1,01_Oil,1.0,-2.5958
24,2002-10,5,05_US_Inflation,1,01_Oil,1.0,2.0532
25,2002-11,5,05_US_Inflation,1,01_Oil,1.0,1.3259
26,2002-12,5,05_US_Inflation,1,01_Oil,1.0,1.206
27,2003-01,5,05_US_Inflation,1,01_Oil,1.0,1.1725
28,2003-02,5,05_US_Inflation,1,01_Oil,1.0,1.1742
29,2003-03,5,05_US_Inflation,1,01_Oil,1.0,1.1975
30,2003-04,5,05_US_Inflation,1,01_Oil,1.0,1.2372
31,2003-05,5,05_US_Inflation,1,01_Oil,1.0,1.291
32,2003-06,5,05_US_Inflation,1,01_Oil,1.0,1.3597
33,2003-07,5,05_US_Inflation,1,01_Oil,1.0,1.4457
34,2003-08,5,05_US_Inflation,1,01_Oil,1.0,-1.0988
35,2003-09,5,05_US_Inflation,1,01_Oil,1.0,-0.9059
36,2003-10,5,05_US_Inflation,1,01_Oil,1.0,0.7888
37,2003-11,5,05_US_Inflation,1,01_Oil,1.0,1.2641
38,2003-12,5,05_US_Inflation,1,01_Oil,1.0,1.4683
39,2004-01,5,05_US_Inflation,1,01_Oil,1.0,1.6539
40,2004-02,5,05_US_Inflation,1,01_Oil,1.0,1.8785
41,2004-03,5,05_US_Inflation,1,01_Oil,1.0,2.1601
42,2004-04,5,05_US_Inflation,1,01_Oil,1.0,2.4796
43,2004-05,5,05_US_Inflation,1,01_Oil,1.0,2.8011
44,2004-06,5,05_US_Inflation,1,01_Oil,1.0,3.1177
45,2004-07,5,05_US_Inflation,1,01_Oil,1.0,-2.701
46,2004-08,5,05_US_Inflation,1,01_Oil,1.0,0.131
47,2004-09,5,05_US_Inflation,1,01_Oil,1.0,0.4706
48,2004-10,5,05_US_Inflation,1,01_Oil,1.0,0.6763
49,2004-11,5,05_US_Inflation,1,01_Oil,1.0,0.842
50,2004-12,5,05_US_Inflation,1,01_Oil,1.0,0.9808
51,2005-01,5,05_US_Inflation,1,01_Oil,1.0,1.0953
52,2005-02,5,05_US_Inflation,1,01_Oil,1.0,1.1853
53,2005-03,5,05_US_Inflation,1,01_Oil,1.0,1.2536
54,2005-04,5,05_US_Inflation,1,01_Oil,1.0,1.3125
55,2005-05,5,05_US_Inflation,1,01_Oil,1.0,1.4556
56,2005-06,5,05_US_Inflation,1,01_Oil,1.0,-2.9562
57,2005-07,5,05_US_Inflation,1,01_Oil,1.0,-3.0603
58,2005-08,5,05_US_Inflation,1,01_Oil,1.0,2.1918
59,2005-09,5,05_US_Inflation,1,01_Oil,1.0,1.8404
60,2005-10,5,05_US_Inflation,1,01_Oil,1.0,1.735
61,2005-11,5,05_US_Inflation,1,01_Oil,1.0,1.6991
62,2005-12,5,05_US_Inflation,1,01_Oil,1.0,1.6921
63,2006-01,5,05_US_Inflation,1,01_Oil,1.0,1.7008
64,2006-02,5,05_US_Inflation,1,01_Oil,1.0,1.7162
65,2006-03,5,05_US_Inflation,1,01_Oil,1.0,1.7196
66,2006-04,5,05_US_Inflation,1,01_Oil,1.0,1.6683
67,2006-05,5,05_US_Inflation,1,01_Oil,1.0,1.5282
68,2006-06,5,05_US_Inflation,1,01_Oil,1.0,1.3881
69,2006-07,5,05_US_Inflation,1,01_Oil,1.0,1.3413
70,2006-08,5,05_US_Inflation,1,01_Oil,1.0,1.3572
71,2006-09,5,05_US_Inflation,1,01_Oil,1.0,1.3934
72,2006-10,5,05_US_Inflation,1,01_Oil,1.0,1.4309
73,2006-11,5,05_US_Inflation,1,01_Oil,1.0,1.4645
74,2006-12,5,05_US_Inflation,1,01_Oil,1.0,1.4958
75,2007-01,5,05_US_Inflation,1,01_Oil,1.0,1.5293
76,2007-02,5,05_US_Inflation,1,01_Oil,1.0,1.5726
77,2007-03,5,05_US_Inflation,1,01_Oil,1.0,1.6274
78,2007-04,5,05_US_Inflation,1,01_Oil,1.0,1.6672
79,2007-05,5,05_US_Inflation,1,01_Oil,1.0,1.5672
80,2007-06,5,05_US_Inflation,1,01_Oil,1.0,1.0876
81,2007-07,5,05_US_Inflation,1,01_Oil,1.0,0.7717
82,2007-08,5,05_US_Inflation,1,01_Oil,1.0,0.8703
83,2007-09,5,05_US_Inflation,1,01_Oil,1.0,1.1211
84,2007-10,5,05_US_Inflation,1,01_Oil,1.0,1.3982
85,2007-11,5,05_US_Inflation,1,01_Oil,1.0,1.6298
86,2007-12,5,05_US_Inflation,1,01_Oil,1.0,1.7883
87,2008-01,5,05_US_Inflation,1,01_Oil,1.0,1.8906
88,2008-02,5,05_US_Inflation,1,01_Oil,1.0,1.9668
89,2008-03,5,05_US_Inflation,1,01_Oil,1.0,2.0368
90,2008-04,5,05_US_Inflation,1,01_Oil,1.0,2.0947
91,2008-05,5,05_US_Inflation,1,01_Oil,1.0,2.1166
92,2008-06,5,05_US_Inflation,1,01_Oil,1.0,2.0852
93,2008-07,5,05_US_Inflation,1,01_Oil,1.0,2.0117
94,2008-08,5,05_US_Inflation,1,01_Oil,1.0,1.9265
95,2008-09,5,05_US_Inflation,1,01_Oil,1.0,1.8529
96,2008-10,5,05_US_Inflation,1,01_Oil,1.0,1.793
97,2008-11,5,05_US_Inflation,1,01_Oil,1.0,1.7346
98,2008-12,5,05_US_Inflation,1,01_Oil,1.0,1.6601
99,2009-01,5,05_US_Inflation,1,01_Oil,1.0,1.5544
100,2009-02,5,05_US_Inflation,1,01_Oil,1.0,1.4164
101,2009-03,5,05_US_Inflation,1,01_Oil,1.0,1.2699
102,2009-04,5,05_US_Inflation,1,01_Oil,1.0,1.1533
103,2009-05,5,05_US_Inflation,1,01_Oil,1.0,1.0887
104,2009-06,5,05_US_Inflation,1,01_Oil,1.0,1.0682
105,2009-07,5,05_US_Inflation,1,01_Oil,1.0,1.0631
106,2009-08,5,05_US_Inflation,1,01_Oil,1.0,1.0325
107,2009-09,5,05_US_Inflation,1,01_Oil,1.0,0.8877
108,2009-10,5,05_US_Inflation,1,01_Oil,1.0,0.2619
109,2009-11,5,05_US_Inflation,1,01_Oil,1.0,-0.6938
110,2009-12,5,05_US_Inflation,1,01_Oil,1.0,-0.6891
111,2010-01,5,05_US_Inflation,1,01_Oil,1.0,-0.0132
112,2010-02,5,05_US_Inflation,1,01_Oil,1.0,0.5212
113,2010-03,5,05_US_Inflation,1,01_Oil,1.0,0.6984
114,2010-04,5,05_US_Inflation,1,01_Oil,1.0,0.7434
115,2010-05,5,05_US_Inflation,1,01_Oil,1.0,0.7348
116,2010-06,5,05_US_Inflation,1,01_Oil,1.0,0.6957
117,2010-07,5,05_US_Inflation,1,01_Oil,1.0,0.6296
118,2010-08,5,05_US_Inflation,1,01_Oil,1.0,0.5354
119,2010-09,5,05_US_Inflation,1,01_Oil,1.0,0.4213
120,2010-10,5,05_US_Inflation,1,01_Oil,1.0,0.3046
121,2010-11,5,05_US_Inflation,1,01_Oil,1.0,0.2115
122,2010-12,5,05_US_Inflation,1,01_Oil,1.0,0.171
123,2011-01,5,05_US_Inflation,1,01_Oil,1.0,0.1843
124,2011-02,5,05_US_Inflation,1,01_Oil,1.0,0.23
125,2011-03,5,05_US_Inflation,1,01_Oil,1.0,0.299
126,2011-04,5,05_US_Inflation,1,01_Oil,1.0,0.3945
127,2011-05,5,05_US_Inflation,1,01_Oil,1.0,0.5263
128,2011-06,5,05_US_Inflation,1,01_Oil,1.0,0.7087
129,2011-07,5,05_US_Inflation,1,01_Oil,1.0,0.9551
130,2011-08,5,05_US_Inflation,1,01_Oil,1.0,1.26
131,2011-09,5,05_US_Inflation,1,01_Oil,1.0,1.579
132,2011-10,5,05_US_Inflation,1,01_Oil,1.0,1.8422
133,2011-11,5,05_US_Inflation,1,01_Oil,1.0,1.995
134,2011-12,5,05_US_Inflation,1,01_Oil,1.0,2.0075
135,2012-01,5,05_US_Inflation,1,01_Oil,1.0,1.9174
136,2012-02,5,05_US_Inflation,1,01_Oil,1.0,1.855
137,2012-03,5,05_US_Inflation,1,01_Oil,1.0,1.8474
138,2012-04,5,05_US_Inflation,1,01_Oil,1.0,1.783
139,2012-05,5,05_US_Inflation,1,01_Oil,1.0,1.5978
140,2012-06,5,05_US_Inflation,1,01_Oil,1.0,1.4233
141,2012-07,5,05_US_Inflation,1,01_Oil,1.0,1.4037
142,2012-08,5,05_US_Inflation,1,01_Oil,1.0,1.5443
143,2012-09,5,05_US_Inflation,1,01_Oil,1.0,1.7968
144,2012-10,5,05_US_Inflation,1,01_Oil,1.0,2.0836
145,2012-11,5,05_US_Inflation,1,01_Oil,1.0,2.3393
146,2012-12,5,05_US_Inflation,1,01_Oil,1.0,2.5545
147,2013-01,5,05_US_Inflation,1,01_Oil,1.0,2.7559
148,2013-02,5,05_US_Inflation,1,01_Oil,1.0,2.9758
149,2013-03,5,05_US_Inflation,1,01_Oil,1.0,-3.0553
150,2013-04,5,05_US_Inflation,1,01_Oil,1.0,-2.7987
151,2013-05,5,05_US_Inflation,1,01_Oil,1.0,-2.5974
152,2013-06,5,05_US_Inflation,1,01_Oil,1.0,-2.4924
153,2013-07,5,05_US_Inflation,1,01_Oil,1.0,-2.4904
154,2013-08,5,05_US_Inflation,1,01_Oil,1.0,-2.5849
155,2013-09,5,05_US_Inflation,1,01_Oil,1.0,-2.7416
156,2013-10,5,05_US_Inflation,1,01_Oil,1.0,-0.1103
157,2013-11,5,05_US_Inflation,1,01_Oil,1.0,-0.5597
158,2013-12,5,05_US_Inflation,1,01_Oil,1.0,-1.0491
159,2014-01,5,05_US_Inflation,1,01_Oil,1.0,-1.4243
160,2014-02,5,05_US_Inflation,1,01_Oil,1.0,-1.6663
161,2014-03,5,05_US_Inflation,1,01_Oil,1.0,-1.8029
162,2014-04,5,05_US_Inflation,1,01_Oil,1.0,-1.8692
163,2014-05,5,05_US_Inflation,1,01_Oil,1.0,-1.9599
164,2014-06,5,05_US_Inflation,1,01_Oil,1.0,-2.9029
165,2014-07,5,05_US_Inflation,1,01_Oil,1.0,2.2107
166,2014-08,5,05_US_Inflation,1,01_Oil,1.0,2.1733
167,2014-09,5,05_US_Inflation,1,01_Oil,1.0,2.2443
168,2014-10,5,05_US_Inflation,1,01_Oil,1.0,2.3247
169,2014-11,5,05_US_Inflation,1,01_Oil,1.0,2.4034
170,2014-12,5,05_US_Inflation,1,01_Oil,1.0,2.492
171,2015-01,5,05_US_Inflation,1,01_Oil,1.0,2.6013
172,2015-02,5,05_US_Inflation,1,01_Oil,1.0,2.7263
173,2015-03,5,05_US_Inflation,1,01_Oil,1.0,2.845
174,2015-04,5,05_US_Inflation,1,01_Oil,1.0,2.9363
175,2015-05,5,05_US_Inflation,1,01_Oil,1.0,2.9942
176,2015-06,5,05_US_Inflation,1,01_Oil,1.0,3.0272
177,2015-07,5,05_US_Inflation,1,01_Oil,1.0,3.0482
178,2015-08,5,05_US_Inflation,1,01_Oil,1.0,3.0646
179,2015-09,5,05_US_Inflation,1,01_Oil,1.0,3.0469
180,2015-10,5,05_US_Inflation,1,01_Oil,1.0,2.6292
181,2015-11,5,05_US_Inflation,1,01_Oil,1.0,0.9631
182,2015-12,5,05_US_Inflation,1,01_Oil,1.0,0.8119
183,2016-01,5,05_US_Inflation,1,01_Oil,1.0,0.8754
184,2016-02,5,05_US_Inflation,1,01_Oil,1.0,0.9883
185,2016-03,5,05_US_Inflation,1,01_Oil,1.0,1.1319
186,2016-04,5,05_US_Inflation,1,01_Oil,1.0,1.2071
187,2016-05,5,05_US_Inflation,1,01_Oil,1.0,-0.4431
188,2016-06,5,05_US_Inflation,1,01_Oil,1.0,-0.0201
189,2016-07,5,05_US_Inflation,1,01_Oil,1.0,0.4268
190,2016-08,5,05_US_Inflation,1,01_Oil,1.0,0.6624
191,2016-09,5,05_US_Inflation,1,01_Oil,1.0,0.7903
192,2016-10,5,05_US_Inflation,1,01_Oil,1.0,0.8661
193,2016-11,5,05_US_Inflation,1,01_Oil,1.0,0.917
194,2016-12,5,05_US_Inflation,1,01_Oil,1.0,0.9567
195,2017-01,5,05_US_Inflation,1,01_Oil,1.0,0.9903
196,2017-02,5,05_US_Inflation,1,01_Oil,1.0,1.0215
197,2017-03,5,05_US_Inflation,1,01_Oil,1.0,1.0628
198,2017-04,5,05_US_Inflation,1,01_Oil,1.0,1.1543
199,2017-05,5,05_US_Inflation,1,01_Oil,1.0,1.3774
200,2017-06,5,05_US_Inflation,1,01_Oil,1.0,1.7588
201,2017-07,5,05_US_Inflation,1,01_Oil,1.0,2.0364
202,2017-08,5,05_US_Inflation,1,01_Oil,1.0,2.0508
203,2017-09,5,05_US_Inflation,1,01_Oil,1.0,1.9059
204,2017-10,5,05_US_Inflation,1,01_Oil,1.0,1.7496
205,2017-11,5,05_US_Inflation,1,01_Oil,1.0,1.6708
206,2017-12,5,05_US_Inflation,1,01_Oil,1.0,1.6786
207,2018-01,5,05_US_Inflation,1,01_Oil,1.0,1.7588
208,2018-02,5,05_US_Inflation,1,01_Oil,1.0,1.9542
209,2018-03,5,05_US_Inflation,1,01_Oil,1.0,-2.5566
210,2018-04,5,05_US_Inflation,1,01_Oil,1.0,-1.4104
211,2018-05,5,05_US_Inflation,1,01_Oil,1.0,-1.1845
212,2018-06,5,05_US_Inflation,1,01_Oil,1.0,-1.0083
213,2018-07,5,05_US_Inflation,1,01_Oil,1.0,-0.8358
214,2018-08,5,05_US_Inflation,1,01_Oil,1.0,-0.6533
215,2018-09,5,05_US_Inflation,1,01_Oil,1.0,-0.4492
216,2018-10,5,05_US_Inflation,1,01_Oil,1.0,-0.1936
217,2018-11,5,05_US_Inflation,1,01_Oil,1.0,0.3154
218,2018-12,5,05_US_Inflation,1,01_Oil,1.0,2.3299
219,2019-01,5,05_US_Inflation,1,01_Oil,1.0,2.8968
220,2019-02,5,05_US_Inflation,1,01_Oil,1.0,3.0487
221,2019-03,5,05_US_Inflation,1,01_Oil,1.0,3.0001
222,2019-04,5,05_US_Inflation,1,01_Oil,1.0,2.4388
223,2019-05,5,05_US_Inflation,1,01_Oil,1.0,1.3983
224,2019-06,5,05_US_Inflation,1,01_Oil,1.0,1.0603
225,2019-07,5,05_US_Inflation,1,01_Oil,1.0,0.9458
226,2019-08,5,05_US_Inflation,1,01_Oil,1.0,0.8701
227,2019-09,5,05_US_Inflation,1,01_Oil,1.0,0.7528
228,2019-10,5,05_US_Inflation,1,01_Oil,1.0,0.4109
229,2019-11,5,05_US_Inflation,1,01_Oil,1.0,-0.2029
230,2019-12,5,05_US_Inflation,1,01_Oil,1.0,-0.3388
231,2020-01,5,05_US_Inflation,1,01_Oil,1.0,-0.1976
232,2020-02,5,05_US_Inflation,1,01_Oil,1.0,-0.0271
233,2020-03,5,05_US_Inflation,1,01_Oil,1.0,0.1279
234,2020-04,5,05_US_Inflation,1,01_Oil,1.0,0.2748
235,2020-05,5,05_US_Inflation,1,01_Oil,1.0,0.4278
236,2020-06,5,05_US_Inflation,1,01_Oil,1.0,0.6048
237,2020-07,5,05_US_Inflation,1,01_Oil,1.0,0.8345
238,2020-08,5,05_US_Inflation,1,01_Oil,1.0,1.1732
239,2020-09,5,05_US_Inflation,1,01_Oil,1.0,1.7376
240,2020-10,5,05_US_Inflation,1,01_Oil,1.0,2.7633
241,2020-11,5,05_US_Inflation,1,01_Oil,1.0,-2.1513
242,2020-12,5,05_US_Inflation,1,01_Oil,1.0,-1.4725
243,2021-01,5,05_US_Inflation,1,01_Oil,1.0,-1.2783
244,2021-02,5,05_US_Inflation,1,01_Oil,1.0,-1.4435
245,2021-03,5,05_US_Inflation,1,01_Oil,1.0,-2.2753
246,2021-04,5,05_US_Inflation,1,01_Oil,1.0,2.2457
247,2021-05,5,05_US_Inflation,1,01_Oil,1.0,1.4395
248,2021-06,5,05_US_Inflation,1,01_Oil,1.0,1.2236
249,2021-07,5,05_US_Inflation,1,01_Oil,1.0,1.2204
250,2021-08,5,05_US_Inflation,1,01_Oil,1.0,1.3204
251,2021-09,5,05_US_Inflation,1,01_Oil,1.0,1.4744
252,2021-10,5,05_US_Inflation,1,01_Oil,1.0,1.644
253,2021-11,5,05_US_Inflation,1,01_Oil,1.0,1.7916
254,2021-12,5,05_US_Inflation,1,01_Oil,1.0,1.8842
255,2022-01,5,05_US_Inflation,1,01_Oil,1.0,1.9005
256,2022-02,5,05_US_Inflation,1,01_Oil,1.0,1.8317
257,2022-03,5,05_US_Inflation,1,01_Oil,1.0,1.6787
258,2022-04,5,05_US_Inflation,1,01_Oil,1.0,1.4347
259,2022-05,5,05_US_Inflation,1,01_Oil,1.0,1.0605
260,2022-06,5,05_US_Inflation,1,01_Oil,1.0,0.5374
261,2022-07,5,05_US_Inflation,1,01_Oil,1.0,0.052
262,2022-08,5,05_US_Inflation,1,01_Oil,1.0,-0.2375
263,2022-09,5,05_US_Inflation,1,01_Oil,1.0,-0.3851
264,2022-10,5,05_US_Inflation,1,01_Oil,1.0,-0.4675
265,2022-11,5,05_US_Inflation,1,01_Oil,1.0,-0.5425
266,2022-12,5,05_US_Inflation,1,01_Oil,1.0,-0.6722
267,2023-01,5,05_US_Inflation,1,01_Oil,1.0,-0.9701
268,2023-02,5,05_US_Inflation,1,01_Oil,1.0,-1.6136
12,2001-10,5,05_US_Inflation,2,02_SP500,1.0,2.962
13,2001-11,5,05_US_Inflation,2,02_SP500,1.0,2.9886
14,2001-12,5,05_US_Inflation,2,02_SP500,1.0,2.9033
15,2002-01,5,05_US_Inflation,2,02_SP500,1.0,2.7111
16,2002-02,5,05_US_Inflation,2,02_SP500,1.0,2.4141
17,2002-03,5,05_US_Inflation,2,02_SP500,1.0,2.0602
18,2002-04,5,05_US_Inflation,2,02_SP500,1.0,1.7392
19,2002-05,5,05_US_Inflation,2,02_SP500,1.0,1.5121
20,2002-06,5,05_US_Inflation,2,02_SP500,1.0,1.4011
21,2002-07,5,05_US_Inflation,2,02_SP500,1.0,1.388
22,2002-08,5,05_US_Inflation,2,02_SP500,1.0,1.4019
23,2002-09,5,05_US_Inflation,2,02_SP500,1.0,1.2725
24,2002-10,5,05_US_Inflation,2,02_SP500,1.0,-0.3579
25,2002-11,5,05_US_Inflation,2,02_SP500,1.0,-1.0017
26,2002-12,5,05_US_Inflation,2,02_SP500,1.0,-1.0563
27,2003-01,5,05_US_Inflation,2,02_SP500,1.0,-1.0564
28,2003-02,5,05_US_Inflation,2,02_SP500,1.0,-1.071
29,2003-03,5,05_US_Inflation,2,02_SP500,1.0,-1.1633
30,2003-04,5,05_US_Inflation,2,02_SP500,1.0,-1.5034
31,2003-05,5,05_US_Inflation,2,02_SP500,1.0,-2.2602
32,2003-06,5,05_US_Inflation,2,02_SP500,1.0,-2.7214
33,2003-07,5,05_US_Inflation,2,02_SP500,1.0,-2.8384
34,2003-08,5,05_US_Inflation,2,02_SP500,1.0,0.7533
35,2003-09,5,05_US_Inflation,2,02_SP500,1.0,0.4544
36,2003-10,5,05_US_Inflation,2,02_SP500,1.0,0.3369
37,2003-11,5,05_US_Inflation,2,02_SP500,1.0,-0.9398
38,2003-12,5,05_US_Inflation,2,02_SP500,1.0,-1.3606
39,2004-01,5,05_US_Inflation,2,02_SP500,1.0,-1.2093
40,2004-02,5,05_US_Inflation,2,02_SP500,1.0,-0.9361
41,2004-03,5,05_US_Inflation,2,02_SP500,1.0,-0.6006
42,2004-04,5,05_US_Inflation,2,02_SP500,1.0,-0.2419
43,2004-05,5,05_US_Inflation,2,02_SP500,1.0,0.0984
44,2004-06,5,05_US_Inflation,2,02_SP500,1.0,0.4018
45,2004-07,5,05_US_Inflation,2,02_SP500,1.0,0.6698
46,2004-08,5,05_US_Inflation,2,02_SP500,1.0,0.9008
47,2004-09,5,05_US_Inflation,2,02_SP500,1.0,1.0606
48,2004-10,5,05_US_Inflation,2,02_SP500,1.0,0.9207
49,2004-11,5,05_US_Inflation,2,02_SP500,1.0,-0.3397
50,2004-12,5,05_US_Inflation,2,02_SP500,1.0,-0.5361
51,2005-01,5,05_US_Inflation,2,02_SP500,1.0,-0.3179
52,2005-02,5,05_US_Inflation,2,02_SP500,1.0,-0.0004
53,2005-03,5,05_US_Inflation,2,02_SP500,1.0,0.3496
54,2005-04,5,05_US_Inflation,2,02_SP500,1.0,0.6959
55,2005-05,5,05_US_Inflation,2,02_SP500,1.0,1.102
56,2005-06,5,05_US_Inflation,2,02_SP500,1.0,-3.0391
57,2005-07,5,05_US_Inflation,2,02_SP500,1.0,-2.5694
58,2005-08,5,05_US_Inflation,2,02_SP500,1.0,-2.7669
59,2005-09,5,05_US_Inflation,2,02_SP500,1.0,3.1407
60,2005-10,5,05_US_Inflation,2,02_SP500,1.0,2.8313
61,2005-11,5,05_US_Inflation,2,02_SP500,1.0,2.6387
62,2005-12,5,05_US_Inflation,2,02_SP500,1.0,2.5074
63,2006-01,5,05_US_Inflation,2,02_SP500,1.0,2.3923
64,2006-02,5,05_US_Inflation,2,02_SP500,1.0,2.2618
65,2006-03,5,05_US_Inflation,2,02_SP500,1.0,2.0815
66,2006-04,5,05_US_Inflation,2,02_SP500,1.0,1.8009
67,2006-05,5,05_US_Inflation,2,02_SP500,1.0,1.3985
68,2006-06,5,05_US_Inflation,2,02_SP500,1.0,1.002
69,2006-07,5,05_US_Inflation,2,02_SP500,1.0,0.7248
70,2006-08,5,05_US_Inflation,2,02_SP500,1.0,0.4829
71,2006-09,5,05_US_Inflation,2,02_SP500,1.0,0.0603
72,2006-10,5,05_US_Inflation,2,02_SP500,1.0,-0.6273
73,2006-11,5,05_US_Inflation,2,02_SP500,1.0,-1.0566
74,2006-12,5,05_US_Inflation,2,02_SP500,1.0,-1.2173
75,2007-01,5,05_US_Inflation,2,02_SP500,1.0,-1.2895
76,2007-02,5,05_US_Inflation,2,02_SP500,1.0,-1.353
77,2007-03,5,05_US_Inflation,2,02_SP500,1.0,-1.45
78,2007-04,5,05_US_Inflation,2,02_SP500,1.0,-1.6274
79,2007-05,5,05_US_Inflation,2,02_SP500,1.0,-2.0108
80,2007-06,5,05_US_Inflation,2,02_SP500,1.0,-2.8168
81,2007-07,5,05_US_Inflation,2,02_SP500,1.0,2.8254
82,2007-08,5,05_US_Inflation,2,02_SP500,1.0,2.6415
83,2007-09,5,05_US_Inflation,2,02_SP500,1.0,2.6748
84,2007-10,5,05_US_Inflation,2,02_SP500,1.0,2.8106
85,2007-11,5,05_US_Inflation,2,02_SP500,1.0,2.9899
86,2007-12,5,05_US_Inflation,2,02_SP500,1.0,-3.0928
87,2008-01,5,05_US_Inflation,2,02_SP500,1.0,-2.9034
88,2008-02,5,05_US_Inflation,2,02_SP500,1.0,-2.7928
89,2008-03,5,05_US_Inflation,2,02_SP500,1.0,-2.7914
90,2008-04,5,05_US_Inflation,2,02_SP500,1.0,-2.8847
91,2008-05,5,05_US_Inflation,2,02_SP500,1.0,-3.0505
92,2008-06,5,05_US_Inflation,2,02_SP500,1.0,3.0176
93,2008-07,5,05_US_Inflation,2,02_SP500,1.0,2.7875
94,2008-08,5,05_US_Inflation,2,02_SP500,1.0,2.5833
95,2008-09,5,05_US_Inflation,2,02_SP500,1.0,2.4324
96,2008-10,5,05_US_Inflation,2,02_SP500,1.0,2.3407
97,2008-11,5,05_US_Inflation,2,02_SP500,1.0,2.301
98,2008-12,5,05_US_Inflation,2,02_SP500,1.0,2.3038
99,2009-01,5,05_US_Inflation,2,02_SP500,1.0,2.3406
100,2009-02,5,05_US_Inflation,2,02_SP500,1.0,2.4061
101,2009-03,5,05_US_Inflation,2,02_SP500,1.0,2.4974
102,2009-04,5,05_US_Inflation,2,02_SP500,1.0,2.6125
103,2009-05,5,05_US_Inflation,2,02_SP500,1.0,2.7491
104,2009-06,5,05_US_Inflation,2,02_SP500,1.0,2.9038
105,2009-07,5,05_US_Inflation,2,02_SP500,1.0,3.0741
106,2009-08,5,05_US_Inflation,2,02_SP500,1.0,-3.0207
107,2009-09,5,05_US_Inflation,2,02_SP500,1.0,-2.8056
108,2009-10,5,05_US_Inflation,2,02_SP500,1.0,-2.5508
109,2009-11,5,05_US_Inflation,2,02_SP500,1.0,-2.2252
110,2009-12,5,05_US_Inflation,2,02_SP500,1.0,-1.6979
111,2010-01,5,05_US_Inflation,2,02_SP500,1.0,-0.7622
112,2010-02,5,05_US_Inflation,2,02_SP500,1.0,-0.0605
113,2010-03,5,05_US_Inflation,2,02_SP500,1.0,0.2384
114,2010-04,5,05_US_Inflation,2,02_SP500,1.0,0.3811
115,2010-05,5,05_US_Inflation,2,02_SP500,1.0,0.4598
116,2010-06,5,05_US_Inflation,2,02_SP500,1.0,0.5111
117,2010-07,5,05_US_Inflation,2,02_SP500,1.0,0.5548
118,2010-08,5,05_US_Inflation,2,02_SP500,1.0,0.6183
119,2010-09,5,05_US_Inflation,2,02_SP500,1.0,0.7801
120,2010-10,5,05_US_Inflation,2,02_SP500,1.0,1.4124
121,2010-11,5,05_US_Inflation,2,02_SP500,1.0,-3.0489
122,2010-12,5,05_US_Inflation,2,02_SP500,1.0,-2.3449
123,2011-01,5,05_US_Inflation,2,02_SP500,1.0,-1.9199
124,2011-02,5,05_US_Inflation,2,02_SP500,1.0,-1.6035
125,2011-03,5,05_US_Inflation,2,02_SP500,1.0,-1.3495
126,2011-04,5,05_US_Inflation,2,02_SP500,1.0,-1.0761
127,2011-05,5,05_US_Inflation,2,02_SP500,1.0,2.0138
128,2011-06,5,05_US_Inflation,2,02_SP500,1.0,2.2276
129,2011-07,5,05_US_Inflation,2,02_SP500,1.0,2.3725
130,2011-08,5,05_US_Inflation,2,02_SP500,1.0,2.4924
131,2011-09,5,05_US_Inflation,2,02_SP500,1.0,2.5862
132,2011-10,5,05_US_Inflation,2,02_SP500,1.0,2.6412
133,2011-11,5,05_US_Inflation,2,02_SP500,1.0,2.6325
134,2011-12,5,05_US_Inflation,2,02_SP500,1.0,2.5285
135,2012-01,5,05_US_Inflation,2,02_SP500,1.0,2.3587
136,2012-02,5,05_US_Inflation,2,02_SP500,1.0,2.2554
137,2012-03,5,05_US_Inflation,2,02_SP500,1.0,2.2714
138,2012-04,5,05_US_Inflation,2,02_SP500,1.0,2.3491
139,2012-05,5,05_US_Inflation,2,02_SP500,1.0,2.448
140,2012-06,5,05_US_Inflation,2,02_SP500,1.0,2.5765
141,2012-07,5,05_US_Inflation,2,02_SP500,1.0,2.7645
142,2012-08,5,05_US_Inflation,2,02_SP500,1.0,3.0376
143,2012-09,5,05_US_Inflation,2,02_SP500,1.0,-2.8901
144,2012-10,5,05_US_Inflation,2,02_SP500,1.0,0.5564
145,2012-11,5,05_US_Inflation,2,02_SP500,1.0,0.9524
146,2012-12,5,05_US_Inflation,2,02_SP500,1.0,1.2416
147,2013-01,5,05_US_Inflation,2,02_SP500,1.0,1.4988
148,2013-02,5,05_US_Inflation,2,02_SP500,1.0,1.763
149,2013-03,5,05_US_Inflation,2,02_SP500,1.0,2.1043
150,2013-04,5,05_US_Inflation,2,02_SP500,1.0,2.738
151,2013-05,5,05_US_Inflation,2,02_SP500,1.0,-2.4767
152,2013-06,5,05_US_Inflation,2,02_SP500,1.0,-1.8534
153,2013-07,5,05_US_Inflation,2,02_SP500,1.0,-1.5681
154,2013-08,5,05_US_Inflation,2,02_SP500,1.0,-1.3912
155,2013-09,5,05_US_Inflation,2,02_SP500,1.0,-1.2092
156,2013-10,5,05_US_Inflation,2,02_SP500,1.0,1.8805
157,2013-11,5,05_US_Inflation,2,02_SP500,1.0,2.0145
158,2013-12,5,05_US_Inflation,2,02_SP500,1.0,2.1202
159,2014-01,5,05_US_Inflation,2,02_SP500,1.0,2.2289
160,2014-02,5,05_US_Inflation,2,02_SP500,1.0,2.3476
161,2014-03,5,05_US_Inflation,2,02_SP500,1.0,2.477
162,2014-04,5,05_US_Inflation,2,02_SP500,1.0,2.602
163,2014-05,5,05_US_Inflation,2,02_SP500,1.0,2.6239
164,2014-06,5,05_US_Inflation,2,02_SP500,1.0,1.6614
165,2014-07,5,05_US_Inflation,2,02_SP500,1.0,0.2493
166,2014-08,5,05_US_Inflation,2,02_SP500,1.0,-0.1224
167,2014-09,5,05_US_Inflation,2,02_SP500,1.0,-0.2224
168,2014-10,5,05_US_Inflation,2,02_SP500,1.0,-0.1833
169,2014-11,5,05_US_Inflation,2,02_SP500,1.0,-0.0988
170,2014-12,5,05_US_Inflation,2,02_SP500,1.0,-0.0043
171,2015-01,5,05_US_Inflation,2,02_SP500,1.0,0.0883
172,2015-02,5,05_US_Inflation,2,02_SP500,1.0,0.1738
173,2015-03,5,05_US_Inflation,2,02_SP500,1.0,0.2463
174,2015-04,5,05_US_Inflation,2,02_SP500,1.0,0.2982
175,2015-05,5,05_US_Inflation,2,02_SP500,1.0,0.3243
176,2015-06,5,05_US_Inflation,2,02_SP500,1.0,0.3295
177,2015-07,5,05_US_Inflation,2,02_SP500,1.0,0.3303
178,2015-08,5,05_US_Inflation,2,02_SP500,1.0,0.3492
179,2015-09,5,05_US_Inflation,2,02_SP500,1.0,0.403
180,2015-10,5,05_US_Inflation,2,02_SP500,1.0,0.4912
181,2015-11,5,05_US_Inflation,2,02_SP500,1.0,0.596
182,2015-12,5,05_US_Inflation,2,02_SP500,1.0,0.6966
183,2016-01,5,05_US_Inflation,2,02_SP500,1.0,0.7842
184,2016-02,5,05_US_Inflation,2,02_SP500,1.0,0.8666
185,2016-03,5,05_US_Inflation,2,02_SP500,1.0,0.9723
186,2016-04,5,05_US_Inflation,2,02_SP500,1.0,1.1719
187,2016-05,5,05_US_Inflation,2,02_SP500,1.0,1.6137
188,2016-06,5,05_US_Inflation,2,02_SP500,1.0,2.253
189,2016-07,5,05_US_Inflation,2,02_SP500,1.0,2.6501
190,2016-08,5,05_US_Inflation,2,02_SP500,1.0,2.8143
191,2016-09,5,05_US_Inflation,2,02_SP500,1.0,2.8775
192,2016-10,5,05_US_Inflation,2,02_SP500,1.0,2.9017
193,2016-11,5,05_US_Inflation,2,02_SP500,1.0,2.9202
194,2016-12,5,05_US_Inflation,2,02_SP500,1.0,2.9651
195,2017-01,5,05_US_Inflation,2,02_SP500,1.0,3.0857
196,2017-02,5,05_US_Inflation,2,02_SP500,1.0,-2.9167
197,2017-03,5,05_US_Inflation,2,02_SP500,1.0,-2.4777
198,2017-04,5,05_US_Inflation,2,02_SP500,1.0,-2.1609
199,2017-05,5,05_US_Inflation,2,02_SP500,1.0,-2.0391
200,2017-06,5,05_US_Inflation,2,02_SP500,1.0,-1.9733
201,2017-07,5,05_US_Inflation,2,02_SP500,1.0,-1.8404
202,2017-08,5,05_US_Inflation,2,02_SP500,1.0,-1.5546
203,2017-09,5,05_US_Inflation,2,02_SP500,1.0,-1.1326
204,2017-10,5,05_US_Inflation,2,02_SP500,1.0,-0.7281
205,2017-11,5,05_US_Inflation,2,02_SP500,1.0,-0.4231
206,2017-12,5,05_US_Inflation,2,02_SP500,1.0,-0.1934
207,2018-01,5,05_US_Inflation,2,02_SP500,1.0,-0.0054
208,2018-02,5,05_US_Inflation,2,02_SP500,1.0,0.1641
209,2018-03,5,05_US_Inflation,2,02_SP500,1.0,0.3313
210,2018-04,5,05_US_Inflation,2,02_SP500,1.0,0.5038
211,2018-05,5,05_US_Inflation,2,02_SP500,1.0,0.6845
212,2018-06,5,05_US_Inflation,2,02_SP500,1.0,0.8714
213,2018-07,5,05_US_Inflation,2,02_SP500,1.0,1.0592
214,2018-08,5,05_US_Inflation,2,02_SP500,1.0,1.2454
215,2018-09,5,05_US_Inflation,2,02_SP500,1.0,1.4376
216,2018-10,5,05_US_Inflation,2,02_SP500,1.0,1.6757
217,2018-11,5,05_US_Inflation,2,02_SP500,1.0,2.3541
218,2018-12,5,05_US_Inflation,2,02_SP500,1.0,0.7057
219,2019-01,5,05_US_Inflation,2,02_SP500,1.0,1.2501
220,2019-02,5,05_US_Inflation,2,02_SP500,1.0,1.3574
221,2019-03,5,05_US_Inflation,2,02_SP500,1.0,1.3735
222,2019-04,5,05_US_Inflation,2,02_SP500,1.0,1.3537
223,2019-05,5,05_US_Inflation,2,02_SP500,1.0,1.3198
224,2019-06,5,05_US_Inflation,2,02_SP500,1.0,1.282
225,2019-07,5,05_US_Inflation,2,02_SP500,1.0,1.2406
226,2019-08,5,05_US_Inflation,2,02_SP500,1.0,1.1785
227,2019-09,5,05_US_Inflation,2,02_SP500,1.0,1.0381
228,2019-10,5,05_US_Inflation,2,02_SP500,1.0,0.7841
229,2019-11,5,05_US_Inflation,2,02_SP500,1.0,2.8186
230,2019-12,5,05_US_Inflation,2,02_SP500,1.0,2.4396
231,2020-01,5,05_US_Inflation,2,02_SP500,1.0,2.3547
232,2020-02,5,05_US_Inflation,2,02_SP500,1.0,2.382
233,2020-03,5,05_US_Inflation,2,02_SP500,1.0,2.4665
234,2020-04,5,05_US_Inflation,2,02_SP500,1.0,2.5951
235,2020-05,5,05_US_Inflation,2,02_SP500,1.0,2.7693
236,2020-06,5,05_US_Inflation,2,02_SP500,1.0,2.9974
237,2020-07,5,05_US_Inflation,2,02_SP500,1.0,-2.997
238,2020-08,5,05_US_Inflation,2,02_SP500,1.0,-2.6443
239,2020-09,5,05_US_Inflation,2,02_SP500,1.0,-2.1917
240,2020-10,5,05_US_Inflation,2,02_SP500,1.0,-1.4213
241,2020-11,5,05_US_Inflation,2,02_SP500,1.0,-0.3018
242,2020-12,5,05_US_Inflation,2,02_SP500,1.0,0.2546
243,2021-01,5,05_US_Inflation,2,02_SP500,1.0,0.4582
244,2021-02,5,05_US_Inflation,2,02_SP500,1.0,0.4624
245,2021-03,5,05_US_Inflation,2,02_SP500,1.0,0.0766
246,2021-04,5,05_US_Inflation,2,02_SP500,1.0,-1.0485
247,2021-05,5,05_US_Inflation,2,02_SP500,1.0,-1.4586
248,2021-06,5,05_US_Inflation,2,02_SP500,1.0,-1.5057
249,2021-07,5,05_US_Inflation,2,02_SP500,1.0,-1.4536
250,2021-08,5,05_US_Inflation,2,02_SP500,1.0,-1.3601
251,2021-09,5,05_US_Inflation,2,02_SP500,1.0,-1.2473
252,2021-10,5,05_US_Inflation,2,02_SP500,1.0,-1.1386
253,2021-11,5,05_US_Inflation,2,02_SP500,1.0,-1.0615
254,2021-12,5,05_US_Inflation,2,02_SP500,1.0,-1.0417
255,2022-01,5,05_US_Inflation,2,02_SP500,1.0,-1.0898
256,2022-02,5,05_US_Inflation,2,02_SP500,1.0,-1.1966
257,2022-03,5,05_US_Inflation,2,02_SP500,1.0,-1.3331
258,2022-04,5,05_US_Inflation,2,02_SP500,1.0,-1.4614
259,2022-05,5,05_US_Inflation,2,02_SP500,1.0,-1.5545
260,2022-06,5,05_US_Inflation,2,02_SP500,1.0,-1.6055
261,2022-07,5,05_US_Inflation,2,02_SP500,1.0,-1.6209
262,2022-08,5,05_US_Inflation,2,02_SP500,1.0,-1.6113
263,2022-09,5,05_US_Inflation,2,02_SP500,1.0,-1.5865
264,2022-10,5,05_US_Inflation,2,02_SP500,1.0,-1.5536
265,2022-11,5,05_US_Inflation,2,02_SP500,1.0,-1.5182
266,2022-12,5,05_US_Inflation,2,02_SP500,1.0,-1.4877
267,2023-01,5,05_US_Inflation,2,02_SP500,1.0,-1.4769
268,2023-02,5,05_US_Inflation,2,02_SP500,1.0,-1.5181
12,2001-10,5,05_US_Inflation,3,03_US10Y,1.0,1.7591
13,2001-11,5,05_US_Inflation,3,03_US10Y,1.0,1.8027
14,2001-12,5,05_US_Inflation,3,03_US10Y,1.0,1.7497
15,2002-01,5,05_US_Inflation,3,03_US10Y,1.0,1.6052
16,2002-02,5,05_US_Inflation,3,03_US10Y,1.0,1.3822
17,2002-03,5,05_US_Inflation,3,03_US10Y,1.0,1.1428
18,2002-04,5,05_US_Inflation,3,03_US10Y,1.0,0.989
19,2002-05,5,05_US_Inflation,3,03_US10Y,1.0,0.9787
20,2002-06,5,05_US_Inflation,3,03_US10Y,1.0,1.1056
21,2002-07,5,05_US_Inflation,3,03_US10Y,1.0,1.3046
22,2002-08,5,05_US_Inflation,3,03_US10Y,1.0,1.463
23,2002-09,5,05_US_Inflation,3,03_US10Y,1.0,1.3936
24,2002-10,5,05_US_Inflation,3,03_US10Y,1.0,-0.2751
25,2002-11,5,05_US_Inflation,3,03_US10Y,1.0,-1.0936
26,2002-12,5,05_US_Inflation,3,03_US10Y,1.0,-1.5014
27,2003-01,5,05_US_Inflation,3,03_US10Y,1.0,-1.9036
28,2003-02,5,05_US_Inflation,3,03_US10Y,1.0,-2.1376
29,2003-03,5,05_US_Inflation,3,03_US10Y,1.0,-2.2135
30,2003-04,5,05_US_Inflation,3,03_US10Y,1.0,-2.2014
31,2003-05,5,05_US_Inflation,3,03_US10Y,1.0,-2.144
32,2003-06,5,05_US_Inflation,3,03_US10Y,1.0,-2.0644
33,2003-07,5,05_US_Inflation,3,03_US10Y,1.0,-1.9849
34,2003-08,5,05_US_Inflation,3,03_US10Y,1.0,1.6776
35,2003-09,5,05_US_Inflation,3,03_US10Y,1.0,1.4168
36,2003-10,5,05_US_Inflation,3,03_US10Y,1.0,1.482
37,2003-11,5,05_US_Inflation,3,03_US10Y,1.0,1.5191
38,2003-12,5,05_US_Inflation,3,03_US10Y,1.0,1.474
39,2004-01,5,05_US_Inflation,3,03_US10Y,1.0,1.2604
40,2004-02,5,05_US_Inflation,3,03_US10Y,1.0,0.9474
41,2004-03,5,05_US_Inflation,3,03_US10Y,1.0,0.858
42,2004-04,5,05_US_Inflation,3,03_US10Y,1.0,0.9961
43,2004-05,5,05_US_Inflation,3,03_US10Y,1.0,1.2215
44,2004-06,5,05_US_Inflation,3,03_US10Y,1.0,1.4629
45,2004-07,5,05_US_Inflation,3,03_US10Y,1.0,1.7051
46,2004-08,5,05_US_Inflation,3,03_US10Y,1.0,1.9594
47,2004-09,5,05_US_Inflation,3,03_US10Y,1.0,2.2744
48,2004-10,5,05_US_Inflation,3,03_US10Y,1.0,2.9346
49,2004-11,5,05_US_Inflation,3,03_US10Y,1.0,-1.7538
50,2004-12,5,05_US_Inflation,3,03_US10Y,1.0,-1.1485
51,2005-01,5,05_US_Inflation,3,03_US10Y,1.0,-0.8849
52,2005-02,5,05_US_Inflation,3,03_US10Y,1.0,-0.6983
53,2005-03,5,05_US_Inflation,3,03_US10Y,1.0,-0.5324
54,2005-04,5,05_US_Inflation,3,03_US10Y,1.0,-0.3507
55,2005-05,5,05_US_Inflation,3,03_US10Y,1.0,-0.0318
56,2005-06,5,05_US_Inflation,3,03_US10Y,1.0,2.1448
57,2005-07,5,05_US_Inflation,3,03_US10Y,1.0,2.8169
58,2005-08,5,05_US_Inflation,3,03_US10Y,1.0,3.0337
59,2005-09,5,05_US_Inflation,3,03_US10Y,1.0,-3.0854
60,2005-10,5,05_US_Inflation,3,03_US10Y,1.0,-2.947
61,2005-11,5,05_US_Inflation,3,03_US10Y,1.0,-2.8372
62,2005-12,5,05_US_Inflation,3,03_US10Y,1.0,-2.7677
63,2006-01,5,05_US_Inflation,3,03_US10Y,1.0,-2.7538
64,2006-02,5,05_US_Inflation,3,03_US10Y,1.0,-2.8153
65,2006-03,5,05_US_Inflation,3,03_US10Y,1.0,-2.9816
66,2006-04,5,05_US_Inflation,3,03_US10Y,1.0,2.9978
67,2006-05,5,05_US_Inflation,3,03_US10Y,1.0,2.5947
68,2006-06,5,05_US_Inflation,3,03_US10Y,1.0,2.3354
69,2006-07,5,05_US_Inflation,3,03_US10Y,1.0,2.4397
70,2006-08,5,05_US_Inflation,3,03_US10Y,1.0,2.759
71,2006-09,5,05_US_Inflation,3,03_US10Y,1.0,3.0439
72,2006-10,5,05_US_Inflation,3,03_US10Y,1.0,-3.0283
73,2006-11,5,05_US_Inflation,3,03_US10Y,1.0,-2.8727
74,2006-12,5,05_US_Inflation,3,03_US10Y,1.0,-2.7682
75,2007-01,5,05_US_Inflation,3,03_US10Y,1.0,-2.7218
76,2007-02,5,05_US_Inflation,3,03_US10Y,1.0,-2.746
77,2007-03,5,05_US_Inflation,3,03_US10Y,1.0,-2.8578
78,2007-04,5,05_US_Inflation,3,03_US10Y,1.0,-3.0887
79,2007-05,5,05_US_Inflation,3,03_US10Y,1.0,2.7404
80,2007-06,5,05_US_Inflation,3,03_US10Y,1.0,1.8716
81,2007-07,5,05_US_Inflation,3,03_US10Y,1.0,1.1926
82,2007-08,5,05_US_Inflation,3,03_US10Y,1.0,0.9958
83,2007-09,5,05_US_Inflation,3,03_US10Y,1.0,1.0278
84,2007-10,5,05_US_Inflation,3,03_US10Y,1.0,1.1523
85,2007-11,5,05_US_Inflation,3,03_US10Y,1.0,1.2864
86,2007-12,5,05_US_Inflation,3,03_US10Y,1.0,1.3949
87,2008-01,5,05_US_Inflation,3,03_US10Y,1.0,1.4777
88,2008-02,5,05_US_Inflation,3,03_US10Y,1.0,1.516
89,2008-03,5,05_US_Inflation,3,03_US10Y,1.0,1.449
90,2008-04,5,05_US_Inflation,3,03_US10Y,1.0,1.2115
91,2008-05,5,05_US_Inflation,3,03_US10Y,1.0,0.7978
92,2008-06,5,05_US_Inflation,3,03_US10Y,1.0,0.3054
93,2008-07,5,05_US_Inflation,3,03_US10Y,1.0,-0.1405
94,2008-08,5,05_US_Inflation,3,03_US10Y,1.0,-0.4836
95,2008-09,5,05_US_Inflation,3,03_US10Y,1.0,-0.7192
96,2008-10,5,05_US_Inflation,3,03_US10Y,1.0,-0.8612
97,2008-11,5,05_US_Inflation,3,03_US10Y,1.0,-0.9272
98,2008-12,5,05_US_Inflation,3,03_US10Y,1.0,-0.9317
99,2009-01,5,05_US_Inflation,3,03_US10Y,1.0,-0.8849
100,2009-02,5,05_US_Inflation,3,03_US10Y,1.0,-0.7942
101,2009-03,5,05_US_Inflation,3,03_US10Y,1.0,-0.6652
102,2009-04,5,05_US_Inflation,3,03_US10Y,1.0,-0.5036
103,2009-05,5,05_US_Inflation,3,03_US10Y,1.0,-0.3158
104,2009-06,5,05_US_Inflation,3,03_US10Y,1.0,-0.1097
105,2009-07,5,05_US_Inflation,3,03_US10Y,1.0,0.1093
106,2009-08,5,05_US_Inflation,3,03_US10Y,1.0,0.3477
107,2009-09,5,05_US_Inflation,3,03_US10Y,1.0,0.6458
108,2009-10,5,05_US_Inflation,3,03_US10Y,1.0,1.136
109,2009-11,5,05_US_Inflation,3,03_US10Y,1.0,2.091
110,2009-12,5,05_US_Inflation,3,03_US10Y,1.0,-3.0377
111,2010-01,5,05_US_Inflation,3,03_US10Y,1.0,-1.8401
112,2010-02,5,05_US_Inflation,3,03_US10Y,1.0,-1.0194
113,2010-03,5,05_US_Inflation,3,03_US10Y,1.0,-0.6455
114,2010-04,5,05_US_Inflation,3,03_US10Y,1.0,-0.4459
115,2010-05,5,05_US_Inflation,3,03_US10Y,1.0,-0.3288
116,2010-06,5,05_US_Inflation,3,03_US10Y,1.0,-0.2722
117,2010-07,5,05_US_Inflation,3,03_US10Y,1.0,-0.2782
118,2010-08,5,05_US_Inflation,3,03_US10Y,1.0,-0.3494
119,2010-09,5,05_US_Inflation,3,03_US10Y,1.0,-0.4631
120,2010-10,5,05_US_Inflation,3,03_US10Y,1.0,-0.5574
121,2010-11,5,05_US_Inflation,3,03_US10Y,1.0,-0.5479
122,2010-12,5,05_US_Inflation,3,03_US10Y,1.0,-0.4094
123,2011-01,5,05_US_Inflation,3,03_US10Y,1.0,-0.1971
124,2011-02,5,05_US_Inflation,3,03_US10Y,1.0,0.068
125,2011-03,5,05_US_Inflation,3,03_US10Y,1.0,0.4549
126,2011-04,5,05_US_Inflation,3,03_US10Y,1.0,1.0408
127,2011-05,5,05_US_Inflation,3,03_US10Y,1.0,1.6296
128,2011-06,5,05_US_Inflation,3,03_US10Y,1.0,2.0035
129,2011-07,5,05_US_Inflation,3,03_US10Y,1.0,2.2234
130,2011-08,5,05_US_Inflation,3,03_US10Y,1.0,2.3642
131,2011-09,5,05_US_Inflation,3,03_US10Y,1.0,2.4561
132,2011-10,5,05_US_Inflation,3,03_US10Y,1.0,2.4998
133,2011-11,5,05_US_Inflation,3,03_US10Y,1.0,2.4739
134,2011-12,5,05_US_Inflation,3,03_US10Y,1.0,2.3436
135,2012-01,5,05_US_Inflation,3,03_US10Y,1.0,2.1258
136,2012-02,5,05_US_Inflation,3,03_US10Y,1.0,1.929
137,2012-03,5,05_US_Inflation,3,03_US10Y,1.0,1.7767
138,2012-04,5,05_US_Inflation,3,03_US10Y,1.0,1.6171
139,2012-05,5,05_US_Inflation,3,03_US10Y,1.0,1.4715
140,2012-06,5,05_US_Inflation,3,03_US10Y,1.0,1.3727
141,2012-07,5,05_US_Inflation,3,03_US10Y,1.0,1.2926
142,2012-08,5,05_US_Inflation,3,03_US10Y,1.0,1.1583
143,2012-09,5,05_US_Inflation,3,03_US10Y,1.0,0.9229
144,2012-10,5,05_US_Inflation,3,03_US10Y,1.0,0.6955
145,2012-11,5,05_US_Inflation,3,03_US10Y,1.0,0.5412
146,2012-12,5,05_US_Inflation,3,03_US10Y,1.0,0.4036
147,2013-01,5,05_US_Inflation,3,03_US10Y,1.0,0.2601
148,2013-02,5,05_US_Inflation,3,03_US10Y,1.0,0.1255
149,2013-03,5,05_US_Inflation,3,03_US10Y,1.0,0.0147
150,2013-04,5,05_US_Inflation,3,03_US10Y,1.0,-0.0697
151,2013-05,5,05_US_Inflation,3,03_US10Y,1.0,-0.1343
152,2013-06,5,05_US_Inflation,3,03_US10Y,1.0,-0.1919
153,2013-07,5,05_US_Inflation,3,03_US10Y,1.0,-0.2734
154,2013-08,5,05_US_Inflation,3,03_US10Y,1.0,-0.6449
155,2013-09,5,05_US_Inflation,3,03_US10Y,1.0,-2.7547
156,2013-10,5,05_US_Inflation,3,03_US10Y,1.0,0.0386
157,2013-11,5,05_US_Inflation,3,03_US10Y,1.0,0.0777
158,2013-12,5,05_US_Inflation,3,03_US10Y,1.0,0.1379
159,2014-01,5,05_US_Inflation,3,03_US10Y,1.0,0.2233
160,2014-02,5,05_US_Inflation,3,03_US10Y,1.0,0.329
161,2014-03,5,05_US_Inflation,3,03_US10Y,1.0,0.4493
162,2014-04,5,05_US_Inflation,3,03_US10Y,1.0,0.5721
163,2014-05,5,05_US_Inflation,3,03_US10Y,1.0,0.6286
164,2014-06,5,05_US_Inflation,3,03_US10Y,1.0,-0.1754
165,2014-07,5,05_US_Inflation,3,03_US10Y,1.0,-1.1719
166,2014-08,5,05_US_Inflation,3,03_US10Y,1.0,-0.9929
167,2014-09,5,05_US_Inflation,3,03_US10Y,1.0,-0.7354
168,2014-10,5,05_US_Inflation,3,03_US10Y,1.0,-0.5344
169,2014-11,5,05_US_Inflation,3,03_US10Y,1.0,-0.3689
170,2014-12,5,05_US_Inflation,3,03_US10Y,1.0,-0.2061
171,2015-01,5,05_US_Inflation,3,03_US10Y,1.0,-0.0316
172,2015-02,5,05_US_Inflation,3,03_US10Y,1.0,0.1537
173,2015-03,5,05_US_Inflation,3,03_US10Y,1.0,0.34
174,2015-04,5,05_US_Inflation,3,03_US10Y,1.0,0.5133
175,2015-05,5,05_US_Inflation,3,03_US10Y,1.0,0.6635
176,2015-06,5,05_US_Inflation,3,03_US10Y,1.0,0.7879
177,2015-07,5,05_US_Inflation,3,03_US10Y,1.0,0.8863
178,2015-08,5,05_US_Inflation,3,03_US10Y,1.0,0.9413
179,2015-09,5,05_US_Inflation,3,03_US10Y,1.0,0.8298
180,2015-10,5,05_US_Inflation,3,03_US10Y,1.0,-0.0392
181,2015-11,5,05_US_Inflation,3,03_US10Y,1.0,-0.6919
182,2015-12,5,05_US_Inflation,3,03_US10Y,1.0,-0.7239
183,2016-01,5,05_US_Inflation,3,03_US10Y,1.0,-0.6325
184,2016-02,5,05_US_Inflation,3,03_US10Y,1.0,-0.5056
185,2016-03,5,05_US_Inflation,3,03_US10Y,1.0,-0.3436
186,2016-04,5,05_US_Inflation,3,03_US10Y,1.0,-0.093
187,2016-05,5,05_US_Inflation,3,03_US10Y,1.0,0.3856
188,2016-06,5,05_US_Inflation,3,03_US10Y,1.0,1.0576
189,2016-07,5,05_US_Inflation,3,03_US10Y,1.0,1.5115
190,2016-08,5,05_US_Inflation,3,03_US10Y,1.0,1.7799
191,2016-09,5,05_US_Inflation,3,03_US10Y,1.0,1.9882
192,2016-10,5,05_US_Inflation,3,03_US10Y,1.0,2.1669
193,2016-11,5,05_US_Inflation,3,03_US10Y,1.0,2.3113
194,2016-12,5,05_US_Inflation,3,03_US10Y,1.0,2.4177
195,2017-01,5,05_US_Inflation,3,03_US10Y,1.0,2.4911
196,2017-02,5,05_US_Inflation,3,03_US10Y,1.0,2.5423
197,2017-03,5,05_US_Inflation,3,03_US10Y,1.0,2.5866
198,2017-04,5,05_US_Inflation,3,03_US10Y,1.0,2.6465
199,2017-05,5,05_US_Inflation,3,03_US10Y,1.0,2.7509
200,2017-06,5,05_US_Inflation,3,03_US10Y,1.0,2.9242
201,2017-07,5,05_US_Inflation,3,03_US10Y,1.0,-3.1166
202,2017-08,5,05_US_Inflation,3,03_US10Y,1.0,-2.8308
203,2017-09,5,05_US_Inflation,3,03_US10Y,1.0,-2.5315
204,2017-10,5,05_US_Inflation,3,03_US10Y,1.0,-2.2362
205,2017-11,5,05_US_Inflation,3,03_US10Y,1.0,-1.954
206,2017-12,5,05_US_Inflation,3,03_US10Y,1.0,-1.692
207,2018-01,5,05_US_Inflation,3,03_US10Y,1.0,-1.4558
208,2018-02,5,05_US_Inflation,3,03_US10Y,1.0,-1.2479
209,2018-03,5,05_US_Inflation,3,03_US10Y,1.0,-1.0705
210,2018-04,5,05_US_Inflation,3,03_US10Y,1.0,-0.9288
211,2018-05,5,05_US_Inflation,3,03_US10Y,1.0,-0.8321
212,2018-06,5,05_US_Inflation,3,03_US10Y,1.0,-0.7929
213,2018-07,5,05_US_Inflation,3,03_US10Y,1.0,-0.818
214,2018-08,5,05_US_Inflation,3,03_US10Y,1.0,-0.8948
215,2018-09,5,05_US_Inflation,3,03_US10Y,1.0,-0.9732
216,2018-10,5,05_US_Inflation,3,03_US10Y,1.0,-0.9706
217,2018-11,5,05_US_Inflation,3,03_US10Y,1.0,-0.6605
218,2018-12,5,05_US_Inflation,3,03_US10Y,1.0,1.2065
219,2019-01,5,05_US_Inflation,3,03_US10Y,1.0,1.67
220,2019-02,5,05_US_Inflation,3,03_US10Y,1.0,1.7679
221,2019-03,5,05_US_Inflation,3,03_US10Y,1.0,1.7721
222,2019-04,5,05_US_Inflation,3,03_US10Y,1.0,1.7034
223,2019-05,5,05_US_Inflation,3,03_US10Y,1.0,1.5801
224,2019-06,5,05_US_Inflation,3,03_US10Y,1.0,1.4671
225,2019-07,5,05_US_Inflation,3,03_US10Y,1.0,1.4403
226,2019-08,5,05_US_Inflation,3,03_US10Y,1.0,1.5229
227,2019-09,5,05_US_Inflation,3,03_US10Y,1.0,1.6799
228,2019-10,5,05_US_Inflation,3,03_US10Y,1.0,1.6909
229,2019-11,5,05_US_Inflation,3,03_US10Y,1.0,1.3052
230,2019-12,5,05_US_Inflation,3,03_US10Y,1.0,1.1677
231,2020-01,5,05_US_Inflation,3,03_US10Y,1.0,1.2028
232,2020-02,5,05_US_Inflation,3,03_US10Y,1.0,1.2629
233,2020-03,5,05_US_Inflation,3,03_US10Y,1.0,1.3165
234,2020-04,5,05_US_Inflation,3,03_US10Y,1.0,1.3573
235,2020-05,5,05_US_Inflation,3,03_US10Y,1.0,1.3854
236,2020-06,5,05_US_Inflation,3,03_US10Y,1.0,1.4047
237,2020-07,5,05_US_Inflation,3,03_US10Y,1.0,1.4225
238,2020-08,5,05_US_Inflation,3,03_US10Y,1.0,1.4544
239,2020-09,5,05_US_Inflation,3,03_US10Y,1.0,1.5479
240,2020-10,5,05_US_Inflation,3,03_US10Y,1.0,1.8881
241,2020-11,5,05_US_Inflation,3,03_US10Y,1.0,2.3909
242,2020-12,5,05_US_Inflation,3,03_US10Y,1.0,2.1885
243,2021-01,5,05_US_Inflation,3,03_US10Y,1.0,1.888
244,2021-02,5,05_US_Inflation,3,03_US10Y,1.0,1.6537
245,2021-03,5,05_US_Inflation,3,03_US10Y,1.0,1.1817
246,2021-04,5,05_US_Inflation,3,03_US10Y,1.0,0.099
247,2021-05,5,05_US_Inflation,3,03_US10Y,1.0,-0.0971
248,2021-06,5,05_US_Inflation,3,03_US10Y,1.0,0.2402
249,2021-07,5,05_US_Inflation,3,03_US10Y,1.0,0.6381
250,2021-08,5,05_US_Inflation,3,03_US10Y,1.0,0.9254
251,2021-09,5,05_US_Inflation,3,03_US10Y,1.0,1.1446
252,2021-10,5,05_US_Inflation,3,03_US10Y,1.0,1.3358
253,2021-11,5,05_US_Inflation,3,03_US10Y,1.0,1.5073
254,2021-12,5,05_US_Inflation,3,03_US10Y,1.0,1.6527
255,2022-01,5,05_US_Inflation,3,03_US10Y,1.0,1.7612
256,2022-02,5,05_US_Inflation,3,03_US10Y,1.0,1.8102
257,2022-03,5,05_US_Inflation,3,03_US10Y,1.0,1.7704
258,2022-04,5,05_US_Inflation,3,03_US10Y,1.0,1.6342
259,2022-05,5,05_US_Inflation,3,03_US10Y,1.0,1.4254
260,2022-06,5,05_US_Inflation,3,03_US10Y,1.0,1.1803
261,2022-07,5,05_US_Inflation,3,03_US10Y,1.0,0.9319
262,2022-08,5,05_US_Inflation,3,03_US10Y,1.0,0.7011
263,2022-09,5,05_US_Inflation,3,03_US10Y,1.0,0.4949
264,2022-10,5,05_US_Inflation,3,03_US10Y,1.0,0.3111
265,2022-11,5,05_US_Inflation,3,03_US10Y,1.0,0.1428
266,2022-12,5,05_US_Inflation,3,03_US10Y,1.0,-0.019
267,2023-01,5,05_US_Inflation,3,03_US10Y,1.0,-0.1864
268,2023-02,5,05_US_Inflation,3,03_US10Y,1.0,-0.3758
12,2001-10,5,05_US_Inflation,4,04_US_Economy,1.0,2.9267
13,2001-11,5,05_US_Inflation,4,04_US_Economy,1.0,2.9585
14,2001-12,5,05_US_Inflation,4,04_US_Economy,1.0,2.8764
15,2002-01,5,05_US_Inflation,4,04_US_Economy,1.0,2.686
16,2002-02,5,05_US_Inflation,4,04_US_Economy,1.0,2.3902
17,2002-03,5,05_US_Inflation,4,04_US_Economy,1.0,2.038
18,2002-04,5,05_US_Inflation,4,04_US_Economy,1.0,1.7196
19,2002-05,5,05_US_Inflation,4,04_US_Economy,1.0,1.4958
20,2002-06,5,05_US_Inflation,4,04_US_Economy,1.0,1.3869
21,2002-07,5,05_US_Inflation,4,04_US_Economy,1.0,1.3761
22,2002-08,5,05_US_Inflation,4,04_US_Economy,1.0,1.3973
23,2002-09,5,05_US_Inflation,4,04_US_Economy,1.0,1.2813
24,2002-10,5,05_US_Inflation,4,04_US_Economy,1.0,-0.3318
25,2002-11,5,05_US_Inflation,4,04_US_Economy,1.0,-0.9549
26,2002-12,5,05_US_Inflation,4,04_US_Economy,1.0,-0.9835
27,2003-01,5,05_US_Inflation,4,04_US_Economy,1.0,-0.9482
28,2003-02,5,05_US_Inflation,4,04_US_Economy,1.0,-0.9087
29,2003-03,5,05_US_Inflation,4,04_US_Economy,1.0,-0.9089
30,2003-04,5,05_US_Inflation,4,04_US_Economy,1.0,-1.137
31,2003-05,5,05_US_Inflation,4,04_US_Economy,1.0,-2.5645
32,2003-06,5,05_US_Inflation,4,04_US_Economy,1.0,-3.0458
33,2003-07,5,05_US_Inflation,4,04_US_Economy,1.0,-3.0486
34,2003-08,5,05_US_Inflation,4,04_US_Economy,1.0,0.6241
35,2003-09,5,05_US_Inflation,4,04_US_Economy,1.0,0.3999
36,2003-10,5,05_US_Inflation,4,04_US_Economy,1.0,0.4239
37,2003-11,5,05_US_Inflation,4,04_US_Economy,1.0,-0.3616
38,2003-12,5,05_US_Inflation,4,04_US_Economy,1.0,-1.1963
39,2004-01,5,05_US_Inflation,4,04_US_Economy,1.0,-1.1125
40,2004-02,5,05_US_Inflation,4,04_US_Economy,1.0,-0.8593
41,2004-03,5,05_US_Inflation,4,04_US_Economy,1.0,-0.5364
42,2004-04,5,05_US_Inflation,4,04_US_Economy,1.0,-0.1887
43,2004-05,5,05_US_Inflation,4,04_US_Economy,1.0,0.14
44,2004-06,5,05_US_Inflation,4,04_US_Economy,1.0,0.4289
45,2004-07,5,05_US_Inflation,4,04_US_Economy,1.0,0.6756
46,2004-08,5,05_US_Inflation,4,04_US_Economy,1.0,0.8696
47,2004-09,5,05_US_Inflation,4,04_US_Economy,1.0,0.9603
48,2004-10,5,05_US_Inflation,4,04_US_Economy,1.0,0.7818
49,2004-11,5,05_US_Inflation,4,04_US_Economy,1.0,0.2372
50,2004-12,5,05_US_Inflation,4,04_US_Economy,1.0,0.0186
51,2005-01,5,05_US_Inflation,4,04_US_Economy,1.0,0.129
52,2005-02,5,05_US_Inflation,4,04_US_Economy,1.0,0.3503
53,2005-03,5,05_US_Inflation,4,04_US_Economy,1.0,0.5956
54,2005-04,5,05_US_Inflation,4,04_US_Economy,1.0,0.837
55,2005-05,5,05_US_Inflation,4,04_US_Economy,1.0,1.1541
56,2005-06,5,05_US_Inflation,4,04_US_Economy,1.0,-3.0571
57,2005-07,5,05_US_Inflation,4,04_US_Economy,1.0,-2.6588
58,2005-08,5,05_US_Inflation,4,04_US_Economy,1.0,-2.9654
59,2005-09,5,05_US_Inflation,4,04_US_Economy,1.0,2.8528
60,2005-10,5,05_US_Inflation,4,04_US_Economy,1.0,2.5448
61,2005-11,5,05_US_Inflation,4,04_US_Economy,1.0,2.3838
62,2005-12,5,05_US_Inflation,4,04_US_Economy,1.0,2.2873
63,2006-01,5,05_US_Inflation,4,04_US_Economy,1.0,2.2094
64,2006-02,5,05_US_Inflation,4,04_US_Economy,1.0,2.1196
65,2006-03,5,05_US_Inflation,4,04_US_Economy,1.0,1.9824
66,2006-04,5,05_US_Inflation,4,04_US_Economy,1.0,1.7453
67,2006-05,5,05_US_Inflation,4,04_US_Economy,1.0,1.3863
68,2006-06,5,05_US_Inflation,4,04_US_Economy,1.0,1.0365
69,2006-07,5,05_US_Inflation,4,04_US_Economy,1.0,0.8198
70,2006-08,5,05_US_Inflation,4,04_US_Economy,1.0,0.685
71,2006-09,5,05_US_Inflation,4,04_US_Economy,1.0,0.5041
72,2006-10,5,05_US_Inflation,4,04_US_Economy,1.0,0.0795
73,2006-11,5,05_US_Inflation,4,04_US_Economy,1.0,-0.581
74,2006-12,5,05_US_Inflation,4,04_US_Economy,1.0,-0.9833
75,2007-01,5,05_US_Inflation,4,04_US_Economy,1.0,-1.1663
76,2007-02,5,05_US_Inflation,4,04_US_Economy,1.0,-1.2895
77,2007-03,5,05_US_Inflation,4,04_US_Economy,1.0,-1.4281
78,2007-04,5,05_US_Inflation,4,04_US_Economy,1.0,-1.6395
79,2007-05,5,05_US_Inflation,4,04_US_Economy,1.0,-2.0517
80,2007-06,5,05_US_Inflation,4,04_US_Economy,1.0,-2.8808
81,2007-07,5,05_US_Inflation,4,04_US_Economy,1.0,2.7441
82,2007-08,5,05_US_Inflation,4,04_US_Economy,1.0,2.5481
83,2007-09,5,05_US_Inflation,4,04_US_Economy,1.0,2.5726
84,2007-10,5,05_US_Inflation,4,04_US_Economy,1.0,2.701
85,2007-11,5,05_US_Inflation,4,04_US_Economy,1.0,2.8728
86,2007-12,5,05_US_Inflation,4,04_US_Economy,1.0,3.0686
87,2008-01,5,05_US_Inflation,4,04_US_Economy,1.0,-3.0165
88,2008-02,5,05_US_Inflation,4,04_US_Economy,1.0,-2.8845
89,2008-03,5,05_US_Inflation,4,04_US_Economy,1.0,-2.8619
90,2008-04,5,05_US_Inflation,4,04_US_Economy,1.0,-2.9394
91,2008-05,5,05_US_Inflation,4,04_US_Economy,1.0,-3.0938
92,2008-06,5,05_US_Inflation,4,04_US_Economy,1.0,2.9825
93,2008-07,5,05_US_Inflation,4,04_US_Economy,1.0,2.7586
94,2008-08,5,05_US_Inflation,4,04_US_Economy,1.0,2.5588
95,2008-09,5,05_US_Inflation,4,04_US_Economy,1.0,2.4105
96,2008-10,5,05_US_Inflation,4,04_US_Economy,1.0,2.3193
97,2008-11,5,05_US_Inflation,4,04_US_Economy,1.0,2.278
98,2008-12,5,05_US_Inflation,4,04_US_Economy,1.0,2.2767
99,2009-01,5,05_US_Inflation,4,04_US_Economy,1.0,2.3074
100,2009-02,5,05_US_Inflation,4,04_US_Economy,1.0,2.3649
101,2009-03,5,05_US_Inflation,4,04_US_Economy,1.0,2.4471
102,2009-04,5,05_US_Inflation,4,04_US_Economy,1.0,2.5531
103,2009-05,5,05_US_Inflation,4,04_US_Economy,1.0,2.6825
104,2009-06,5,05_US_Inflation,4,04_US_Economy,1.0,2.8343
105,2009-07,5,05_US_Inflation,4,04_US_Economy,1.0,3.0094
106,2009-08,5,05_US_Inflation,4,04_US_Economy,1.0,-3.07
107,2009-09,5,05_US_Inflation,4,04_US_Economy,1.0,-2.8289
108,2009-10,5,05_US_Inflation,4,04_US_Economy,1.0,-2.544
109,2009-11,5,05_US_Inflation,4,04_US_Economy,1.0,-2.1954
110,2009-12,5,05_US_Inflation,4,04_US_Economy,1.0,-1.6576
111,2010-01,5,05_US_Inflation,4,04_US_Economy,1.0,-0.7208
112,2010-02,5,05_US_Inflation,4,04_US_Economy,1.0,-0.0226
113,2010-03,5,05_US_Inflation,4,04_US_Economy,1.0,0.2711
114,2010-04,5,05_US_Inflation,4,04_US_Economy,1.0,0.408
115,2010-05,5,05_US_Inflation,4,04_US_Economy,1.0,0.4803
116,2010-06,5,05_US_Inflation,4,04_US_Economy,1.0,0.5232
117,2010-07,5,05_US_Inflation,4,04_US_Economy,1.0,0.5539
118,2010-08,5,05_US_Inflation,4,04_US_Economy,1.0,0.5914
119,2010-09,5,05_US_Inflation,4,04_US_Economy,1.0,0.6821
120,2010-10,5,05_US_Inflation,4,04_US_Economy,1.0,0.9649
121,2010-11,5,05_US_Inflation,4,04_US_Economy,1.0,-3.039
122,2010-12,5,05_US_Inflation,4,04_US_Economy,1.0,-2.0659
123,2011-01,5,05_US_Inflation,4,04_US_Economy,1.0,-1.6132
124,2011-02,5,05_US_Inflation,4,04_US_Economy,1.0,-1.2274
125,2011-03,5,05_US_Inflation,4,04_US_Economy,1.0,-0.8124
126,2011-04,5,05_US_Inflation,4,04_US_Economy,1.0,-0.1025
127,2011-05,5,05_US_Inflation,4,04_US_Economy,1.0,1.1697
128,2011-06,5,05_US_Inflation,4,04_US_Economy,1.0,1.8399
129,2011-07,5,05_US_Inflation,4,04_US_Economy,1.0,2.1481
130,2011-08,5,05_US_Inflation,4,04_US_Economy,1.0,2.342
131,2011-09,5,05_US_Inflation,4,04_US_Economy,1.0,2.4754
132,2011-10,5,05_US_Inflation,4,04_US_Economy,1.0,2.5543
133,2011-11,5,05_US_Inflation,4,04_US_Economy,1.0,2.5614
134,2011-12,5,05_US_Inflation,4,04_US_Economy,1.0,2.4691
135,2012-01,5,05_US_Inflation,4,04_US_Economy,1.0,2.3084
136,2012-02,5,05_US_Inflation,4,04_US_Economy,1.0,2.2114
137,2012-03,5,05_US_Inflation,4,04_US_Economy,1.0,2.2278
138,2012-04,5,05_US_Inflation,4,04_US_Economy,1.0,2.2949
139,2012-05,5,05_US_Inflation,4,04_US_Economy,1.0,2.367
140,2012-06,5,05_US_Inflation,4,04_US_Economy,1.0,2.4487
141,2012-07,5,05_US_Inflation,4,04_US_Economy,1.0,2.5609
142,2012-08,5,05_US_Inflation,4,04_US_Economy,1.0,2.6942
143,2012-09,5,05_US_Inflation,4,04_US_Economy,1.0,2.6815
144,2012-10,5,05_US_Inflation,4,04_US_Economy,1.0,1.9035
145,2012-11,5,05_US_Inflation,4,04_US_Economy,1.0,1.4943
146,2012-12,5,05_US_Inflation,4,04_US_Economy,1.0,1.567
147,2013-01,5,05_US_Inflation,4,04_US_Economy,1.0,1.738
148,2013-02,5,05_US_Inflation,4,04_US_Economy,1.0,1.9679
149,2013-03,5,05_US_Inflation,4,04_US_Economy,1.0,2.3118
150,2013-04,5,05_US_Inflation,4,04_US_Economy,1.0,2.9348
151,2013-05,5,05_US_Inflation,4,04_US_Economy,1.0,-2.4867
152,2013-06,5,05_US_Inflation,4,04_US_Economy,1.0,-1.94
153,2013-07,5,05_US_Inflation,4,04_US_Economy,1.0,-1.6521
154,2013-08,5,05_US_Inflation,4,04_US_Economy,1.0,-1.4633
155,2013-09,5,05_US_Inflation,4,04_US_Economy,1.0,-1.2672
156,2013-10,5,05_US_Inflation,4,04_US_Economy,1.0,1.8383
157,2013-11,5,05_US_Inflation,4,04_US_Economy,1.0,1.9901
158,2013-12,5,05_US_Inflation,4,04_US_Economy,1.0,2.116
159,2014-01,5,05_US_Inflation,4,04_US_Economy,1.0,2.2478
160,2014-02,5,05_US_Inflation,4,04_US_Economy,1.0,2.3938
161,2014-03,5,05_US_Inflation,4,04_US_Economy,1.0,2.5565
162,2014-04,5,05_US_Inflation,4,04_US_Economy,1.0,2.7239
163,2014-05,5,05_US_Inflation,4,04_US_Economy,1.0,2.8018
164,2014-06,5,05_US_Inflation,4,04_US_Economy,1.0,1.9141
165,2014-07,5,05_US_Inflation,4,04_US_Economy,1.0,0.5642
166,2014-08,5,05_US_Inflation,4,04_US_Economy,1.0,0.1209
167,2014-09,5,05_US_Inflation,4,04_US_Economy,1.0,-0.0849
168,2014-10,5,05_US_Inflation,4,04_US_Economy,1.0,-0.0994
169,2014-11,5,05_US_Inflation,4,04_US_Economy,1.0,-0.0412
170,2014-12,5,05_US_Inflation,4,04_US_Economy,1.0,0.0386
171,2015-01,5,05_US_Inflation,4,04_US_Economy,1.0,0.122
172,2015-02,5,05_US_Inflation,4,04_US_Economy,1.0,0.2019
173,2015-03,5,05_US_Inflation,4,04_US_Economy,1.0,0.2715
174,2015-04,5,05_US_Inflation,4,04_US_Economy,1.0,0.3216
175,2015-05,5,05_US_Inflation,4,04_US_Economy,1.0,0.3457
176,2015-06,5,05_US_Inflation,4,04_US_Economy,1.0,0.3474
177,2015-07,5,05_US_Inflation,4,04_US_Economy,1.0,0.3436
178,2015-08,5,05_US_Inflation,4,04_US_Economy,1.0,0.358
179,2015-09,5,05_US_Inflation,4,04_US_Economy,1.0,0.4082
180,2015-10,5,05_US_Inflation,4,04_US_Economy,1.0,0.4936
181,2015-11,5,05_US_Inflation,4,04_US_Economy,1.0,0.5966
182,2015-12,5,05_US_Inflation,4,04_US_Economy,1.0,0.6962
183,2016-01,5,05_US_Inflation,4,04_US_Economy,1.0,0.7837
184,2016-02,5,05_US_Inflation,4,04_US_Economy,1.0,0.8665
185,2016-03,5,05_US_Inflation,4,04_US_Economy,1.0,0.9719
186,2016-04,5,05_US_Inflation,4,04_US_Economy,1.0,1.1689
187,2016-05,5,05_US_Inflation,4,04_US_Economy,1.0,1.6039
188,2016-06,5,05_US_Inflation,4,04_US_Economy,1.0,2.232
189,2016-07,5,05_US_Inflation,4,04_US_Economy,1.0,2.6144
190,2016-08,5,05_US_Inflation,4,04_US_Economy,1.0,2.7622
191,2016-09,5,05_US_Inflation,4,04_US_Economy,1.0,2.8083
192,2016-10,5,05_US_Inflation,4,04_US_Economy,1.0,2.8147
193,2016-11,5,05_US_Inflation,4,04_US_Economy,1.0,2.8137
194,2016-12,5,05_US_Inflation,4,04_US_Economy,1.0,2.8355
195,2017-01,5,05_US_Inflation,4,04_US_Economy,1.0,2.9288
196,2017-02,5,05_US_Inflation,4,04_US_Economy,1.0,-3.0834
197,2017-03,5,05_US_Inflation,4,04_US_Economy,1.0,-2.5679
198,2017-04,5,05_US_Inflation,4,04_US_Economy,1.0,-2.1816
199,2017-05,5,05_US_Inflation,4,04_US_Economy,1.0,-2.0493
200,2017-06,5,05_US_Inflation,4,04_US_Economy,1.0,-1.9863
201,2017-07,5,05_US_Inflation,4,04_US_Economy,1.0,-1.8546
202,2017-08,5,05_US_Inflation,4,04_US_Economy,1.0,-1.5628
203,2017-09,5,05_US_Inflation,4,04_US_Economy,1.0,-1.1262
204,2017-10,5,05_US_Inflation,4,04_US_Economy,1.0,-0.7112
205,2017-11,5,05_US_Inflation,4,04_US_Economy,1.0,-0.4044
206,2017-12,5,05_US_Inflation,4,04_US_Economy,1.0,-0.177
207,2018-01,5,05_US_Inflation,4,04_US_Economy,1.0,0.0067
208,2018-02,5,05_US_Inflation,4,04_US_Economy,1.0,0.1708
209,2018-03,5,05_US_Inflation,4,04_US_Economy,1.0,0.3309
210,2018-04,5,05_US_Inflation,4,04_US_Economy,1.0,0.4943
211,2018-05,5,05_US_Inflation,4,04_US_Economy,1.0,0.6631
212,2018-06,5,05_US_Inflation,4,04_US_Economy,1.0,0.8337
213,2018-07,5,05_US_Inflation,4,04_US_Economy,1.0,0.9987
214,2018-08,5,05_US_Inflation,4,04_US_Economy,1.0,1.15
215,2018-09,5,05_US_Inflation,4,04_US_Economy,1.0,1.281
216,2018-10,5,05_US_Inflation,4,04_US_Economy,1.0,1.3724
217,2018-11,5,05_US_Inflation,4,04_US_Economy,1.0,1.106
218,2018-12,5,05_US_Inflation,4,04_US_Economy,1.0,1.1691
219,2019-01,5,05_US_Inflation,4,04_US_Economy,1.0,1.4253
220,2019-02,5,05_US_Inflation,4,04_US_Economy,1.0,1.4392
221,2019-03,5,05_US_Inflation,4,04_US_Economy,1.0,1.4082
222,2019-04,5,05_US_Inflation,4,04_US_Economy,1.0,1.3628
223,2019-05,5,05_US_Inflation,4,04_US_Economy,1.0,1.3151
224,2019-06,5,05_US_Inflation,4,04_US_Economy,1.0,1.2702
225,2019-07,5,05_US_Inflation,4,04_US_Economy,1.0,1.2245
226,2019-08,5,05_US_Inflation,4,04_US_Economy,1.0,1.1584
227,2019-09,5,05_US_Inflation,4,04_US_Economy,1.0,1.0112
228,2019-10,5,05_US_Inflation,4,04_US_Economy,1.0,0.6574
229,2019-11,5,05_US_Inflation,4,04_US_Economy,1.0,2.8042
230,2019-12,5,05_US_Inflation,4,04_US_Economy,1.0,2.4202
231,2020-01,5,05_US_Inflation,4,04_US_Economy,1.0,2.3318
232,2020-02,5,05_US_Inflation,4,04_US_Economy,1.0,2.3565
233,2020-03,5,05_US_Inflation,4,04_US_Economy,1.0,2.4393
234,2020-04,5,05_US_Inflation,4,04_US_Economy,1.0,2.5673
235,2020-05,5,05_US_Inflation,4,04_US_Economy,1.0,2.7431
236,2020-06,5,05_US_Inflation,4,04_US_Economy,1.0,2.9754
237,2020-07,5,05_US_Inflation,4,04_US_Economy,1.0,-3.0124
238,2020-08,5,05_US_Inflation,4,04_US_Economy,1.0,-2.6538
239,2020-09,5,05_US_Inflation,4,04_US_Economy,1.0,-2.1988
240,2020-10,5,05_US_Inflation,4,04_US_Economy,1.0,-1.4298
241,2020-11,5,05_US_Inflation,4,04_US_Economy,1.0,-0.3134
242,2020-12,5,05_US_Inflation,4,04_US_Economy,1.0,0.2403
243,2021-01,5,05_US_Inflation,4,04_US_Economy,1.0,0.4425
244,2021-02,5,05_US_Inflation,4,04_US_Economy,1.0,0.4474
245,2021-03,5,05_US_Inflation,4,04_US_Economy,1.0,0.0647
246,2021-04,5,05_US_Inflation,4,04_US_Economy,1.0,-1.0546
247,2021-05,5,05_US_Inflation,4,04_US_Economy,1.0,-1.4566
248,2021-06,5,05_US_Inflation,4,04_US_Economy,1.0,-1.494
249,2021-07,5,05_US_Inflation,4,04_US_Economy,1.0,-1.4328
250,2021-08,5,05_US_Inflation,4,04_US_Economy,1.0,-1.3327
251,2021-09,5,05_US_Inflation,4,04_US_Economy,1.0,-1.217
252,2021-10,5,05_US_Inflation,4,04_US_Economy,1.0,-1.1089
253,2021-11,5,05_US_Inflation,4,04_US_Economy,1.0,-1.035
254,2021-12,5,05_US_Inflation,4,04_US_Economy,1.0,-1.0199
255,2022-01,5,05_US_Inflation,4,04_US_Economy,1.0,-1.0729
256,2022-02,5,05_US_Inflation,4,04_US_Economy,1.0,-1.1834
257,2022-03,5,05_US_Inflation,4,04_US_Economy,1.0,-1.3213
258,2022-04,5,05_US_Inflation,4,04_US_Economy,1.0,-1.4489
259,2022-05,5,05_US_Inflation,4,04_US_Economy,1.0,-1.5403
260,2022-06,5,05_US_Inflation,4,04_US_Economy,1.0,-1.5893
261,2022-07,5,05_US_Inflation,4,04_US_Economy,1.0,-1.6031
262,2022-08,5,05_US_Inflation,4,04_US_Economy,1.0,-1.5924
263,2022-09,5,05_US_Inflation,4,04_US_Economy,1.0,-1.5669
264,2022-10,5,05_US_Inflation,4,04_US_Economy,1.0,-1.5339
265,2022-11,5,05_US_Inflation,4,04_US_Economy,1.0,-1.4995
266,2022-12,5,05_US_Inflation,4,04_US_Economy,1.0,-1.4712
267,2023-01,5,05_US_Inflation,4,04_US_Economy,1.0,-1.4644
268,2023-02,5,05_US_Inflation,4,04_US_Economy,1.0,-1.5117
12,2001-10,5,05_US_Inflation,5,05_US_Inflation,1.0,-0.0
13,2001-11,5,05_US_Inflation,5,05_US_Inflation,1.0,-0.0
14,2001-12,5,05_US_Inflation,5,05_US_Inflation,1.0,0.0
15,2002-01,5,05_US_Inflation,5,05_US_Inflation,1.0,0.0
16,2002-02,5,05_US_Inflation,5,05_US_Inflation,1.0,-0.0
17,2002-03,5,05_US_Inflation,5,05_US_Inflation,1.0,-0.0
18,2002-04,5,05_US_Inflation,5,05_US_Inflation,1.0,-0.0
19,2002-05,5,05_US_Inflation,5,05_US_Inflation,1.0,0.0
20,2002-06,5,05_US_Inflation,5,05_US_Inflation,1.0,-0.0
21,2002-07,5,05_US_Inflation,5,05_US_Inflation,1.0,0.0
22,2002-08,5,05_US_Inflation,5,05_US_Inflation,1.0,0.0
23,2002-09,5,05_US_Inflation,5,05_US_Inflation,1.0,-0.0
24,2002-10,5,05_US_Inflation,5,05_US_Inflation,1.0,-0.0
25,2002-11,5,05_US_Inflation,5,05_US_Inflation,1.0,-0.0
26,2002-12,5,05_US_Inflation,5,05_US_Inflation,1.0,-0.0
27,2003-01,5,05_US_Inflation,5,05_US_Inflation,1.0,0.0
28,2003-02,5,05_US_Inflation,5,05_US_Inflation,1.0,0.0
29,2003-03,5,05_US_Inflation,5,05_US_Inflation,1.0,0.0
30,2003-04,5,05_US_Inflation,5,05_US_Inflation,1.0,-0.0
31,2003-05,5,05_US_Inflation,5,05_US_Inflation,1.0,-0.0
32,2003-06,5,05_US_Inflation,5,05_US_Inflation,1.0,0.0
33,2003-07,5,05_US_Inflation,5,05_US_Inflation,1.0,0.0
34,2003-08,5,05_US_Inflation,5,05_US_Inflation,1.0,0.0
35,2003-09,5,05_US_Inflation,5,05_US_Inflation,1.0,-0.0
36,2003-10,5,05_US_Inflation,5,05_US_Inflation,1.0,0.0
37,2003-11,5,05_US_Inflation,5,05_US_Inflation,1.0,-0.0
38,2003-12,5,05_US_Inflation,5,05_US_Inflation,1.0,0.0
39,2004-01,5,05_US_Inflation,5,05_US_Inflation,1.0,0.0
40,2004-02,5,05_US_Inflation,5,05_US_Inflation,1.0,0.0
41,2004-03,5,05_US_Inflation,5,05_US_Inflation,1.0,0.0
42,2004-04,5,05_US_Inflation,5,05_US_Inflation,1.0,0.0
43,2004-05,5,05_US_Inflation,5,05_US_Inflation,1.0,0.0
44,2004-06,5,05_US_Inflation,5,05_US_Inflation,1.0,-0.0
45,2004-07,5,05_US_Inflation,5,05_US_Inflation,1.0,0.0
46,2004-08,5,05_US_Inflation,5,05_US_Inflation,1.0,0.0
47,2004-09,5,05_US_Inflation,5,05_US_Inflation,1.0,0.0
48,2004-10,5,05_US_Inflation,5,05_US_Inflation,1.0,0.0
49,2004-11,5,05_US_Inflation,5,05_US_Inflation,1.0,-0.0
50,2004-12,5,05_US_Inflation,5,05_US_Inflation,1.0,0.0
51,2005-01,5,05_US_Inflation,5,05_US_Inflation,1.0,-0.0
52,2005-02,5,05_US_Inflation,5,05_US_Inflation,1.0,-0.0
53,2005-03,5,05_US_Inflation,5,05_US_Inflation,1.0,0.0
54,2005-04,5,05_US_Inflation,5,05_US_Inflation,1.0,-0.0
55,2005-05,5,05_US_Inflation,5,05_US_Inflation,1.0,-0.0
56,2005-06,5,05_US_Inflation,5,05_US_Inflation,1.0,-0.0
57,2005-07,5,05_US_Inflation,5,05_US_Inflation,1.0,-0.0
58,2005-08,5,05_US_Inflation,5,05_US_Inflation,1.0,-0.0
59,2005-09,5,05_US_Inflation,5,05_US_Inflation,1.0,-0.0
60,2005-10,5,05_US_Inflation,5,05_US_Inflation,1.0,-0.0
61,2005-11,5,05_US_Inflation,5,05_US_Inflation,1.0,-0.0
62,2005-12,5,05_US_Inflation,5,05_US_Inflation,1.0,0.0
63,2006-01,5,05_US_Inflation,5,05_US_Inflation,1.0,0.0
64,2006-02,5,05_US_Inflation,5,05_US_Inflation,1.0,-0.0
65,2006-03,5,05_US_Inflation,5,05_US_Inflation,1.0,0.0
66,2006-04,5,05_US_Inflation,5,05_US_Inflation,1.0,0.0
67,2006-05,5,05_US_Inflation,5,05_US_Inflation,1.0,0.0
68,2006-06,5,05_US_Inflation,5,05_US_Inflation,1.0,-0.0
69,2006-07,5,05_US_Inflation,5,05_US_Inflation,1.0,0.0
70,2006-08,5,05_US_Inflation,5,05_US_Inflation,1.0,0.0
71,2006-09,5,05_US_Inflation,5,05_US_Inflation,1.0,-0.0
72,2006-10,5,05_US_Inflation,5,05_US_Inflation,1.0,-0.0
73,2006-11,5,05_US_Inflation,5,05_US_Inflation,1.0,-0.0
74,2006-12,5,05_US_Inflation,5,05_US_Inflation,1.0,0.0
75,2007-01,5,05_US_Inflation,5,05_US_Inflation,1.0,-0.0
76,2007-02,5,05_US_Inflation,5,05_US_Inflation,1.0,0.0
77,2007-03,5,05_US_Inflation,5,05_US_Inflation,1.0,0.0
78,2007-04,5,05_US_Inflation,5,05_US_Inflation,1.0,-0.0
79,2007-05,5,05_US_Inflation,5,05_US_Inflation,1.0,-0.0
80,2007-06,5,05_US_Inflation,5,05_US_Inflation,1.0,-0.0
81,2007-07,5,05_US_Inflation,5,05_US_Inflation,1.0,0.0
82,2007-08,5,05_US_Inflation,5,05_US_Inflation,1.0,-0.0
83,2007-09,5,05_US_Inflation,5,05_US_Inflation,1.0,-0.0
84,2007-10,5,05_US_Inflation,5,05_US_Inflation,1.0,0.0
85,2007-11,5,05_US_Inflation,5,05_US_Inflation,1.0,0.0
86,2007-12,5,05_US_Inflation,5,05_US_Inflation,1.0,0.0
87,2008-01,5,05_US_Inflation,5,05_US_Inflation,1.0,-0.0
88,2008-02,5,05_US_Inflation,5,05_US_Inflation,1.0,0.0
89,2008-03,5,05_US_Inflation,5,05_US_Inflation,1.0,-0.0
90,2008-04,5,05_US_Inflation,5,05_US_Inflation,1.0,0.0
91,2008-05,5,05_US_Inflation,5,05_US_Inflation,1.0,0.0
92,2008-06,5,05_US_Inflation,5,05_US_Inflation,1.0,-0.0
93,2008-07,5,05_US_Inflation,5,05_US_Inflation,1.0,0.0
94,2008-08,5,05_US_Inflation,5,05_US_Inflation,1.0,-0.0
95,2008-09,5,05_US_Inflation,5,05_US_Inflation,1.0,0.0
96,2008-10,5,05_US_Inflation,5,05_US_Inflation,1.0,-0.0
97,2008-11,5,05_US_Inflation,5,05_US_Inflation,1.0,-0.0
98,2008-12,5,05_US_Inflation,5,05_US_Inflation,1.0,0.0
99,2009-01,5,05_US_Inflation,5,05_US_Inflation,1.0,-0.0
100,2009-02,5,05_US_Inflation,5,05_US_Inflation,1.0,0.0
101,2009-03,5,05_US_Inflation,5,05_US_Inflation,1.0,-0.0
102,2009-04,5,05_US_Inflation,5,05_US_Inflation,1.0,-0.0
103,2009-05,5,05_US_Inflation,5,05_US_Inflation,1.0,0.0
104,2009-06,5,05_US_Inflation,5,05_US_Inflation,1.0,-0.0
105,2009-07,5,05_US_Inflation,5,05_US_Inflation,1.0,-0.0
106,2009-08,5,05_US_Inflation,5,05_US_Inflation,1.0,0.0
107,2009-09,5,05_US_Inflation,5,05_US_Inflation,1.0,0.0
108,2009-10,5,05_US_Inflation,5,05_US_Inflation,1.0,0.0
109,2009-11,5,05_US_Inflation,5,05_US_Inflation,1.0,-0.0
110,2009-12,5,05_US_Inflation,5,05_US_Inflation,1.0,-0.0
111,2010-01,5,05_US_Inflation,5,05_US_Inflation,1.0,-0.0
112,2010-02,5,05_US_Inflation,5,05_US_Inflation,1.0,-0.0
113,2010-03,5,05_US_Inflation,5,05_US_Inflation,1.0,0.0
114,2010-04,5,05_US_Inflation,5,05_US_Inflation,1.0,-0.0
115,2010-05,5,05_US_Inflation,5,05_US_Inflation,1.0,-0.0
116,2010-06,5,05_US_Inflation,5,05_US_Inflation,1.0,0.0
117,2010-07,5,05_US_Inflation,5,05_US_Inflation,1.0,0.0
118,2010-08,5,05_US_Inflation,5,05_US_Inflation,1.0,-0.0
119,2010-09,5,05_US_Inflation,5,05_US_Inflation,1.0,-0.0
120,2010-10,5,05_US_Inflation,5,05_US_Inflation,1.0,-0.0
121,2010-11,5,05_US_Inflation,5,05_US_Inflation,1.0,-0.0
122,2010-12,5,05_US_Inflation,5,05_US_Inflation,1.0,0.0
123,2011-01,5,05_US_Inflation,5,05_US_Inflation,1.0,0.0
124,2011-02,5,05_US_Inflation,5,05_US_Inflation,1.0,-0.0
125,2011-03,5,05_US_Inflation,5,05_US_Inflation,1.0,-0.0
126,2011-04,5,05_US_Inflation,5,05_US_Inflation,1.0,-0.0
127,2011-05,5,05_US_Inflation,5,05_US_Inflation,1.0,0.0
128,2011-06,5,05_US_Inflation,5,05_US_Inflation,1.0,-0.0
129,2011-07,5,05_US_Inflation,5,05_US_Inflation,1.0,0.0
130,2011-08,5,05_US_Inflation,5,05_US_Inflation,1.0,0.0
131,2011-09,5,05_US_Inflation,5,05_US_Inflation,1.0,0.0
132,2011-10,5,05_US_Inflation,5,05_US_Inflation,1.0,-0.0
133,2011-11,5,05_US_Inflation,5,05_US_Inflation,1.0,-0.0
134,2011-12,5,05_US_Inflation,5,05_US_Inflation,1.0,0.0
135,2012-01,5,05_US_Inflation,5,05_US_Inflation,1.0,0.0
136,2012-02,5,05_US_Inflation,5,05_US_Inflation,1.0,0.0
137,2012-03,5,05_US_Inflation,5,05_US_Inflation,1.0,-0.0
138,2012-04,5,05_US_Inflation,5,05_US_Inflation,1.0,0.0
139,2012-05,5,05_US_Inflation,5,05_US_Inflation,1.0,-0.0
140,2012-06,5,05_US_Inflation,5,05_US_Inflation,1.0,0.0
141,2012-07,5,05_US_Inflation,5,05_US_Inflation,1.0,-0.0
142,2012-08,5,05_US_Inflation,5,05_US_Inflation,1.0,-0.0
143,2012-09,5,05_US_Inflation,5,05_US_Inflation,1.0,0.0
144,2012-10,5,05_US_Inflation,5,05_US_Inflation,1.0,0.0
145,2012-11,5,05_US_Inflation,5,05_US_Inflation,1.0,-0.0
146,2012-12,5,05_US_Inflation,5,05_US_Inflation,1.0,-0.0
147,2013-01,5,05_US_Inflation,5,05_US_Inflation,1.0,0.0
148,2013-02,5,05_US_Inflation,5,05_US_Inflation,1.0,0.0
149,2013-03,5,05_US_Inflation,5,05_US_Inflation,1.0,0.0
150,2013-04,5,05_US_Inflation,5,05_US_Inflation,1.0,0.0
151,2013-05,5,05_US_Inflation,5,05_US_Inflation,1.0,-0.0
152,2013-06,5,05_US_Inflation,5,05_US_Inflation,1.0,0.0
153,2013-07,5,05_US_Inflation,5,05_US_Inflation,1.0,0.0
154,2013-08,5,05_US_Inflation,5,05_US_Inflation,1.0,-0.0
155,2013-09,5,05_US_Inflation,5,05_US_Inflation,1.0,-0.0
156,2013-10,5,05_US_Inflation,5,05_US_Inflation,1.0,-0.0
157,2013-11,5,05_US_Inflation,5,05_US_Inflation,1.0,-0.0
158,2013-12,5,05_US_Inflation,5,05_US_Inflation,1.0,-0.0
159,2014-01,5,05_US_Inflation,5,05_US_Inflation,1.0,0.0
160,2014-02,5,05_US_Inflation,5,05_US_Inflation,1.0,-0.0
161,2014-03,5,05_US_Inflation,5,05_US_Inflation,1.0,-0.0
162,2014-04,5,05_US_Inflation,5,05_US_Inflation,1.0,-0.0
163,2014-05,5,05_US_Inflation,5,05_US_Inflation,1.0,-0.0
164,2014-06,5,05_US_Inflation,5,05_US_Inflation,1.0,-0.0
165,2014-07,5,05_US_Inflation,5,05_US_Inflation,1.0,0.0
166,2014-08,5,05_US_Inflation,5,05_US_Inflation,1.0,0.0
167,2014-09,5,05_US_Inflation,5,05_US_Inflation,1.0,0.0
168,2014-10,5,05_US_Inflation,5,05_US_Inflation,1.0,-0.0
169,2014-11,5,05_US_Inflation,5,05_US_Inflation,1.0,-0.0
170,2014-12,5,05_US_Inflation,5,05_US_Inflation,1.0,0.0
171,2015-01,5,05_US_Inflation,5,05_US_Inflation,1.0,0.0
172,2015-02,5,05_US_Inflation,5,05_US_Inflation,1.0,-0.0
173,2015-03,5,05_US_Inflation,5,05_US_Inflation,1.0,-0.0
174,2015-04,5,05_US_Inflation,5,05_US_Inflation,1.0,0.0
175,2015-05,5,05_US_Inflation,5,05_US_Inflation,1.0,-0.0
176,2015-06,5,05_US_Inflation,5,05_US_Inflation,1.0,-0.0
177,2015-07,5,05_US_Inflation,5,05_US_Inflation,1.0,0.0
178,2015-08,5,05_US_Inflation,5,05_US_Inflation,1.0,0.0
179,2015-09,5,05_US_Inflation,5,05_US_Inflation,1.0,0.0
180,2015-10,5,05_US_Inflation,5,05_US_Inflation,1.0,-0.0
181,2015-11,5,05_US_Inflation,5,05_US_Inflation,1.0,-0.0
182,2015-12,5,05_US_Inflation,5,05_US_Inflation,1.0,-0.0
183,2016-01,5,05_US_Inflation,5,05_US_Inflation,1.0,-0.0
184,2016-02,5,05_US_Inflation,5,05_US_Inflation,1.0,-0.0
185,2016-03,5,05_US_Inflation,5,05_US_Inflation,1.0,-0.0
186,2016-04,5,05_US_Inflation,5,05_US_Inflation,1.0,0.0
187,2016-05,5,05_US_Inflation,5,05_US_Inflation,1.0,0.0
188,2016-06,5,05_US_Inflation,5,05_US_Inflation,1.0,0.0
189,2016-07,5,05_US_Inflation,5,05_US_Inflation,1.0,0.0
190,2016-08,5,05_US_Inflation,5,05_US_Inflation,1.0,0.0
191,2016-09,5,05_US_Inflation,5,05_US_Inflation,1.0,-0.0
192,2016-10,5,05_US_Inflation,5,05_US_Inflation,1.0,-0.0
193,2016-11,5,05_US_Inflation,5,05_US_Inflation,1.0,0.0
194,2016-12,5,05_US_Inflation,5,05_US_Inflation,1.0,0.0
195,2017-01,5,05_US_Inflation,5,05_US_Inflation,1.0,0.0
196,2017-02,5,05_US_Inflation,5,05_US_Inflation,1.0,-0.0
197,2017-03,5,05_US_Inflation,5,05_US_Inflation,1.0,-0.0
198,2017-04,5,05_US_Inflation,5,05_US_Inflation,1.0,0.0
199,2017-05,5,05_US_Inflation,5,05_US_Inflation,1.0,-0.0
200,2017-06,5,05_US_Inflation,5,05_US_Inflation,1.0,0.0
201,2017-07,5,05_US_Inflation,5,05_US_Inflation,1.0,0.0
202,2017-08,5,05_US_Inflation,5,05_US_Inflation,1.0,-0.0
203,2017-09,5,05_US_Inflation,5,05_US_Inflation,1.0,0.0
204,2017-10,5,05_US_Inflation,5,05_US_Inflation,1.0,-0.0
205,2017-11,5,05_US_Inflation,5,05_US_Inflation,1.0,0.0
206,2017-12,5,05_US_Inflation,5,05_US_Inflation,1.0,-0.0
207,2018-01,5,05_US_Inflation,5,05_US_Inflation,1.0,0.0
208,2018-02,5,05_US_Inflation,5,05_US_Inflation,1.0,0.0
209,2018-03,5,05_US_Inflation,5,05_US_Inflation,1.0,0.0
210,2018-04,5,05_US_Inflation,5,05_US_Inflation,1.0,-0.0
211,2018-05,5,05_US_Inflation,5,05_US_Inflation,1.0,0.0
212,2018-06,5,05_US_Inflation,5,05_US_Inflation,1.0,0.0
213,2018-07,5,05_US_Inflation,5,05_US_Inflation,1.0,-0.0
214,2018-08,5,05_US_Inflation,5,05_US_Inflation,1.0,-0.0
215,2018-09,5,05_US_Inflation,5,05_US_Inflation,1.0,-0.0
216,2018-10,5,05_US_Inflation,5,05_US_Inflation,1.0,-0.0
217,2018-11,5,05_US_Inflation,5,05_US_Inflation,1.0,0.0
218,2018-12,5,05_US_Inflation,5,05_US_Inflation,1.0,0.0
219,2019-01,5,05_US_Inflation,5,05_US_Inflation,1.0,-0.0
220,2019-02,5,05_US_Inflation,5,05_US_Inflation,1.0,-0.0
221,2019-03,5,05_US_Inflation,5,05_US_Inflation,1.0,0.0
222,2019-04,5,05_US_Inflation,5,05_US_Inflation,1.0,-0.0
223,2019-05,5,05_US_Inflation,5,05_US_Inflation,1.0,-0.0
224,2019-06,5,05_US_Inflation,5,05_US_Inflation,1.0,0.0
225,2019-07,5,05_US_Inflation,5,05_US_Inflation,1.0,-0.0
226,2019-08,5,05_US_Inflation,5,05_US_Inflation,1.0,-0.0
227,2019-09,5,05_US_Inflation,5,05_US_Inflation,1.0,0.0
228,2019-10,5,05_US_Inflation,5,05_US_Inflation,1.0,0.0
229,2019-11,5,05_US_Inflation,5,05_US_Inflation,1.0,0.0
230,2019-12,5,05_US_Inflation,5,05_US_Inflation,1.0,-0.0
231,2020-01,5,05_US_Inflation,5,05_US_Inflation,1.0,-0.0
232,2020-02,5,05_US_Inflation,5,05_US_Inflation,1.0,-0.0
233,2020-03,5,05_US_Inflation,5,05_US_Inflation,1.0,0.0
234,2020-04,5,05_US_Inflation,5,05_US_Inflation,1.0,-0.0
235,2020-05,5,05_US_Inflation,5,05_US_Inflation,1.0,0.0
236,2020-06,5,05_US_Inflation,5,05_US_Inflation,1.0,-0.0
237,2020-07,5,05_US_Inflation,5,05_US_Inflation,1.0,0.0
238,2020-08,5,05_US_Inflation,5,05_US_Inflation,1.0,-0.0
239,2020-09,5,05_US_Inflation,5,05_US_Inflation,1.0,0.0
240,2020-10,5,05_US_Inflation,5,05_US_Inflation,1.0,0.0
241,2020-11,5,05_US_Inflation,5,05_US_Inflation,1.0,-0.0
242,2020-12,5,05_US_Inflation,5,05_US_Inflation,1.0,0.0
243,2021-01,5,05_US_Inflation,5,05_US_Inflation,1.0,-0.0
244,2021-02,5,05_US_Inflation,5,05_US_Inflation,1.0,-0.0
245,2021-03,5,05_US_Inflation,5,05_US_Inflation,1.0,-0.0
246,2021-04,5,05_US_Inflation,5,05_US_Inflation,1.0,0.0
247,2021-05,5,05_US_Inflation,5,05_US_Inflation,1.0,0.0
248,2021-06,5,05_US_Inflation,5,05_US_Inflation,1.0,-0.0
249,2021-07,5,05_US_Inflation,5,05_US_Inflation,1.0,-0.0
250,2021-08,5,05_US_Inflation,5,05_US_Inflation,1.0,-0.0
251,2021-09,5,05_US_Inflation,5,05_US_Inflation,1.0,-0.0
252,2021-10,5,05_US_Inflation,5,05_US_Inflation,1.0,-0.0
253,2021-11,5,05_US_Inflation,5,05_US_Inflation,1.0,0.0
254,2021-12,5,05_US_Inflation,5,05_US_Inflation,1.0,0.0
255,2022-01,5,05_US_Inflation,5,05_US_Inflation,1.0,-0.0
256,2022-02,5,05_US_Inflation,5,05_US_Inflation,1.0,0.0
257,2022-03,5,05_US_Inflation,5,05_US_Inflation,1.0,0.0
258,2022-04,5,05_US_Inflation,5,05_US_Inflation,1.0,-0.0
259,2022-05,5,05_US_Inflation,5,05_US_Inflation,1.0,0.0
260,2022-06,5,05_US_Inflation,5,05_US_Inflation,1.0,-0.0
261,2022-07,5,05_US_Inflation,5,05_US_Inflation,1.0,-0.0
262,2022-08,5,05_US_Inflation,5,05_US_Inflation,1.0,0.0
263,2022-09,5,05_US_Inflation,5,05_US_Inflation,1.0,0.0
264,2022-10,5,05_US_Inflation,5,05_US_Inflation,1.0,-0.0
265,2022-11,5,05_US_Inflation,5,05_US_Inflation,1.0,0.0
266,2022-12,5,05_US_Inflation,5,05_US_Inflation,1.0,-0.0
267,2023-01,5,05_US_Inflation,5,05_US_Inflation,1.0,0.0
268,2023-02,5,05_US_Inflation,5,05_US_Inflation,1.0,0.0
12,2001-10,5,05_US_Inflation,6,06_US_Production,1.0,0.4674
13,2001-11,5,05_US_Inflation,6,06_US_Production,1.0,0.2691
14,2001-12,5,05_US_Inflation,6,06_US_Production,1.0,0.0507
15,2002-01,5,05_US_Inflation,6,06_US_Production,1.0,-0.2388
16,2002-02,5,05_US_Inflation,6,06_US_Production,1.0,-0.6386
17,2002-03,5,05_US_Inflation,6,06_US_Production,1.0,-1.154
18,2002-04,5,05_US_Inflation,6,06_US_Production,1.0,-1.7932
19,2002-05,5,05_US_Inflation,6,06_US_Production,1.0,-2.5269
20,2002-06,5,05_US_Inflation,6,06_US_Production,1.0,-3.0712
21,2002-07,5,05_US_Inflation,6,06_US_Production,1.0,2.9416
22,2002-08,5,05_US_Inflation,6,06_US_Production,1.0,2.8136
23,2002-09,5,05_US_Inflation,6,06_US_Production,1.0,2.6262
24,2002-10,5,05_US_Inflation,6,06_US_Production,1.0,0.9951
25,2002-11,5,05_US_Inflation,6,06_US_Production,1.0,0.3789
26,2002-12,5,05_US_Inflation,6,06_US_Production,1.0,0.3607
27,2003-01,5,05_US_Inflation,6,06_US_Production,1.0,0.4013
28,2003-02,5,05_US_Inflation,6,06_US_Production,1.0,0.4458
29,2003-03,5,05_US_Inflation,6,06_US_Production,1.0,0.4812
30,2003-04,5,05_US_Inflation,6,06_US_Production,1.0,0.5018
31,2003-05,5,05_US_Inflation,6,06_US_Production,1.0,0.5015
32,2003-06,5,05_US_Inflation,6,06_US_Production,1.0,0.4736
33,2003-07,5,05_US_Inflation,6,06_US_Production,1.0,0.4126
34,2003-08,5,05_US_Inflation,6,06_US_Production,1.0,-2.3501
35,2003-09,5,05_US_Inflation,6,06_US_Production,1.0,-2.702
36,2003-10,5,05_US_Inflation,6,06_US_Production,1.0,-2.621
37,2003-11,5,05_US_Inflation,6,06_US_Production,1.0,-2.4053
38,2003-12,5,05_US_Inflation,6,06_US_Production,1.0,-2.0267
39,2004-01,5,05_US_Inflation,6,06_US_Production,1.0,-1.4608
40,2004-02,5,05_US_Inflation,6,06_US_Production,1.0,-0.7517
41,2004-03,5,05_US_Inflation,6,06_US_Production,1.0,-0.0205
42,2004-04,5,05_US_Inflation,6,06_US_Production,1.0,0.6533
43,2004-05,5,05_US_Inflation,6,06_US_Production,1.0,1.2502
44,2004-06,5,05_US_Inflation,6,06_US_Production,1.0,1.7808
45,2004-07,5,05_US_Inflation,6,06_US_Production,1.0,2.2693
46,2004-08,5,05_US_Inflation,6,06_US_Production,1.0,2.7421
47,2004-09,5,05_US_Inflation,6,06_US_Production,1.0,-3.048
48,2004-10,5,05_US_Inflation,6,06_US_Production,1.0,-2.3938
49,2004-11,5,05_US_Inflation,6,06_US_Production,1.0,-0.4019
50,2004-12,5,05_US_Inflation,6,06_US_Production,1.0,0.6648
51,2005-01,5,05_US_Inflation,6,06_US_Production,1.0,1.0773
52,2005-02,5,05_US_Inflation,6,06_US_Production,1.0,1.3113
53,2005-03,5,05_US_Inflation,6,06_US_Production,1.0,1.3537
54,2005-04,5,05_US_Inflation,6,06_US_Production,1.0,1.0975
55,2005-05,5,05_US_Inflation,6,06_US_Production,1.0,0.7993
56,2005-06,5,05_US_Inflation,6,06_US_Production,1.0,2.5933
57,2005-07,5,05_US_Inflation,6,06_US_Production,1.0,3.0548
58,2005-08,5,05_US_Inflation,6,06_US_Production,1.0,3.1194
59,2005-09,5,05_US_Inflation,6,06_US_Production,1.0,-3.1348
60,2005-10,5,05_US_Inflation,6,06_US_Production,1.0,-3.1224
61,2005-11,5,05_US_Inflation,6,06_US_Production,1.0,-3.1262
62,2005-12,5,05_US_Inflation,6,06_US_Production,1.0,3.1315
63,2006-01,5,05_US_Inflation,6,06_US_Production,1.0,3.0727
64,2006-02,5,05_US_Inflation,6,06_US_Production,1.0,2.9564
65,2006-03,5,05_US_Inflation,6,06_US_Production,1.0,2.7325
66,2006-04,5,05_US_Inflation,6,06_US_Production,1.0,2.3029
67,2006-05,5,05_US_Inflation,6,06_US_Production,1.0,1.5612
68,2006-06,5,05_US_Inflation,6,06_US_Production,1.0,0.6713
69,2006-07,5,05_US_Inflation,6,06_US_Production,1.0,0.0704
70,2006-08,5,05_US_Inflation,6,06_US_Production,1.0,-0.1971
71,2006-09,5,05_US_Inflation,6,06_US_Production,1.0,-0.2851
72,2006-10,5,05_US_Inflation,6,06_US_Production,1.0,-0.2899
73,2006-11,5,05_US_Inflation,6,06_US_Production,1.0,-0.2575
74,2006-12,5,05_US_Inflation,6,06_US_Production,1.0,-0.2131
75,2007-01,5,05_US_Inflation,6,06_US_Production,1.0,-0.1772
76,2007-02,5,05_US_Inflation,6,06_US_Production,1.0,-0.1722
77,2007-03,5,05_US_Inflation,6,06_US_Production,1.0,-0.2314
78,2007-04,5,05_US_Inflation,6,06_US_Production,1.0,-0.4137
79,2007-05,5,05_US_Inflation,6,06_US_Production,1.0,-0.8493
80,2007-06,5,05_US_Inflation,6,06_US_Production,1.0,-1.7172
81,2007-07,5,05_US_Inflation,6,06_US_Production,1.0,-2.3695
82,2007-08,5,05_US_Inflation,6,06_US_Production,1.0,-2.4983
83,2007-09,5,05_US_Inflation,6,06_US_Production,1.0,-2.3713
84,2007-10,5,05_US_Inflation,6,06_US_Production,1.0,-2.1417
85,2007-11,5,05_US_Inflation,6,06_US_Production,1.0,-1.898
86,2007-12,5,05_US_Inflation,6,06_US_Production,1.0,-1.662
87,2008-01,5,05_US_Inflation,6,06_US_Production,1.0,-1.4039
88,2008-02,5,05_US_Inflation,6,06_US_Production,1.0,-1.1546
89,2008-03,5,05_US_Inflation,6,06_US_Production,1.0,-1.0123
90,2008-04,5,05_US_Inflation,6,06_US_Production,1.0,-1.0058
91,2008-05,5,05_US_Inflation,6,06_US_Production,1.0,-1.1041
92,2008-06,5,05_US_Inflation,6,06_US_Production,1.0,-1.2705
93,2008-07,5,05_US_Inflation,6,06_US_Production,1.0,-1.4637
94,2008-08,5,05_US_Inflation,6,06_US_Production,1.0,-1.6392
95,2008-09,5,05_US_Inflation,6,06_US_Production,1.0,-1.767
96,2008-10,5,05_US_Inflation,6,06_US_Production,1.0,-1.8397
97,2008-11,5,05_US_Inflation,6,06_US_Production,1.0,-1.8635
98,2008-12,5,05_US_Inflation,6,06_US_Production,1.0,-1.8481
99,2009-01,5,05_US_Inflation,6,06_US_Production,1.0,-1.8033
100,2009-02,5,05_US_Inflation,6,06_US_Production,1.0,-1.7392
101,2009-03,5,05_US_Inflation,6,06_US_Production,1.0,-1.6695
102,2009-04,5,05_US_Inflation,6,06_US_Production,1.0,-1.6185
103,2009-05,5,05_US_Inflation,6,06_US_Production,1.0,-1.6355
104,2009-06,5,05_US_Inflation,6,06_US_Production,1.0,-1.822
105,2009-07,5,05_US_Inflation,6,06_US_Production,1.0,-2.2681
106,2009-08,5,05_US_Inflation,6,06_US_Production,1.0,-2.7238
107,2009-09,5,05_US_Inflation,6,06_US_Production,1.0,-3.0038
108,2009-10,5,05_US_Inflation,6,06_US_Production,1.0,3.0614
109,2009-11,5,05_US_Inflation,6,06_US_Production,1.0,2.8477
110,2009-12,5,05_US_Inflation,6,06_US_Production,1.0,2.8074
111,2010-01,5,05_US_Inflation,6,06_US_Production,1.0,-2.9938
112,2010-02,5,05_US_Inflation,6,06_US_Production,1.0,-2.5766
113,2010-03,5,05_US_Inflation,6,06_US_Production,1.0,-2.4317
114,2010-04,5,05_US_Inflation,6,06_US_Production,1.0,-2.3506
115,2010-05,5,05_US_Inflation,6,06_US_Production,1.0,-2.2596
116,2010-06,5,05_US_Inflation,6,06_US_Production,1.0,-2.1311
117,2010-07,5,05_US_Inflation,6,06_US_Production,1.0,-1.9608
118,2010-08,5,05_US_Inflation,6,06_US_Production,1.0,-1.7571
119,2010-09,5,05_US_Inflation,6,06_US_Production,1.0,-1.5218
120,2010-10,5,05_US_Inflation,6,06_US_Production,1.0,-1.2342
121,2010-11,5,05_US_Inflation,6,06_US_Production,1.0,-0.8673
122,2010-12,5,05_US_Inflation,6,06_US_Production,1.0,-0.444
123,2011-01,5,05_US_Inflation,6,06_US_Production,1.0,-0.0445
124,2011-02,5,05_US_Inflation,6,06_US_Production,1.0,0.2852
125,2011-03,5,05_US_Inflation,6,06_US_Production,1.0,0.5536
126,2011-04,5,05_US_Inflation,6,06_US_Production,1.0,0.7802
127,2011-05,5,05_US_Inflation,6,06_US_Production,1.0,0.9782
128,2011-06,5,05_US_Inflation,6,06_US_Production,1.0,1.156
129,2011-07,5,05_US_Inflation,6,06_US_Production,1.0,1.3203
130,2011-08,5,05_US_Inflation,6,06_US_Production,1.0,1.4804
131,2011-09,5,05_US_Inflation,6,06_US_Production,1.0,1.667
132,2011-10,5,05_US_Inflation,6,06_US_Production,1.0,2.2443
133,2011-11,5,05_US_Inflation,6,06_US_Production,1.0,-1.8997
134,2011-12,5,05_US_Inflation,6,06_US_Production,1.0,-1.7649
135,2012-01,5,05_US_Inflation,6,06_US_Production,1.0,-1.8137
136,2012-02,5,05_US_Inflation,6,06_US_Production,1.0,-1.797
137,2012-03,5,05_US_Inflation,6,06_US_Production,1.0,-1.6436
138,2012-04,5,05_US_Inflation,6,06_US_Production,1.0,-1.4146
139,2012-05,5,05_US_Inflation,6,06_US_Production,1.0,-1.1702
140,2012-06,5,05_US_Inflation,6,06_US_Production,1.0,-0.932
141,2012-07,5,05_US_Inflation,6,06_US_Production,1.0,-0.7556
142,2012-08,5,05_US_Inflation,6,06_US_Production,1.0,-2.6348
143,2012-09,5,05_US_Inflation,6,06_US_Production,1.0,-2.7423
144,2012-10,5,05_US_Inflation,6,06_US_Production,1.0,-2.4027
145,2012-11,5,05_US_Inflation,6,06_US_Production,1.0,-2.0845
146,2012-12,5,05_US_Inflation,6,06_US_Production,1.0,-1.8255
147,2013-01,5,05_US_Inflation,6,06_US_Production,1.0,-1.6092
148,2013-02,5,05_US_Inflation,6,06_US_Production,1.0,-1.4086
149,2013-03,5,05_US_Inflation,6,06_US_Production,1.0,-1.1897
150,2013-04,5,05_US_Inflation,6,06_US_Production,1.0,-0.8929
151,2013-05,5,05_US_Inflation,6,06_US_Production,1.0,-0.3802
152,2013-06,5,05_US_Inflation,6,06_US_Production,1.0,0.472
153,2013-07,5,05_US_Inflation,6,06_US_Production,1.0,1.1996
154,2013-08,5,05_US_Inflation,6,06_US_Production,1.0,1.6703
155,2013-09,5,05_US_Inflation,6,06_US_Production,1.0,2.1575
156,2013-10,5,05_US_Inflation,6,06_US_Production,1.0,-0.5343
157,2013-11,5,05_US_Inflation,6,06_US_Production,1.0,0.3683
158,2013-12,5,05_US_Inflation,6,06_US_Production,1.0,1.0475
159,2014-01,5,05_US_Inflation,6,06_US_Production,1.0,1.4443
160,2014-02,5,05_US_Inflation,6,06_US_Production,1.0,1.7155
161,2014-03,5,05_US_Inflation,6,06_US_Production,1.0,1.9289
162,2014-04,5,05_US_Inflation,6,06_US_Production,1.0,2.0972
163,2014-05,5,05_US_Inflation,6,06_US_Production,1.0,2.1504
164,2014-06,5,05_US_Inflation,6,06_US_Production,1.0,1.2701
165,2014-07,5,05_US_Inflation,6,06_US_Production,1.0,0.077
166,2014-08,5,05_US_Inflation,6,06_US_Production,1.0,-0.0866
167,2014-09,5,05_US_Inflation,6,06_US_Production,1.0,-0.2545
168,2014-10,5,05_US_Inflation,6,06_US_Production,1.0,-0.4829
169,2014-11,5,05_US_Inflation,6,06_US_Production,1.0,-0.6908
170,2014-12,5,05_US_Inflation,6,06_US_Production,1.0,-0.8286
171,2015-01,5,05_US_Inflation,6,06_US_Production,1.0,-0.9074
172,2015-02,5,05_US_Inflation,6,06_US_Production,1.0,-0.9504
173,2015-03,5,05_US_Inflation,6,06_US_Production,1.0,-0.9725
174,2015-04,5,05_US_Inflation,6,06_US_Production,1.0,-0.9799
175,2015-05,5,05_US_Inflation,6,06_US_Production,1.0,-0.9735
176,2015-06,5,05_US_Inflation,6,06_US_Production,1.0,-0.949
177,2015-07,5,05_US_Inflation,6,06_US_Production,1.0,-0.8998
178,2015-08,5,05_US_Inflation,6,06_US_Production,1.0,-0.8254
179,2015-09,5,05_US_Inflation,6,06_US_Production,1.0,-0.7875
180,2015-10,5,05_US_Inflation,6,06_US_Production,1.0,3.0292
181,2015-11,5,05_US_Inflation,6,06_US_Production,1.0,3.02
182,2015-12,5,05_US_Inflation,6,06_US_Production,1.0,-3.079
183,2016-01,5,05_US_Inflation,6,06_US_Production,1.0,-2.8737
184,2016-02,5,05_US_Inflation,6,06_US_Production,1.0,-2.6529
185,2016-03,5,05_US_Inflation,6,06_US_Production,1.0,-2.3942
186,2016-04,5,05_US_Inflation,6,06_US_Production,1.0,-2.0368
187,2016-05,5,05_US_Inflation,6,06_US_Production,1.0,-1.4438
188,2016-06,5,05_US_Inflation,6,06_US_Production,1.0,-0.6588
189,2016-07,5,05_US_Inflation,6,06_US_Production,1.0,-0.0752
190,2016-08,5,05_US_Inflation,6,06_US_Production,1.0,0.4513
191,2016-09,5,05_US_Inflation,6,06_US_Production,1.0,1.0627
192,2016-10,5,05_US_Inflation,6,06_US_Production,1.0,1.4477
193,2016-11,5,05_US_Inflation,6,06_US_Production,1.0,1.6017
194,2016-12,5,05_US_Inflation,6,06_US_Production,1.0,1.6516
195,2017-01,5,05_US_Inflation,6,06_US_Production,1.0,1.6543
196,2017-02,5,05_US_Inflation,6,06_US_Production,1.0,1.6314
197,2017-03,5,05_US_Inflation,6,06_US_Production,1.0,1.5972
198,2017-04,5,05_US_Inflation,6,06_US_Production,1.0,1.5756
199,2017-05,5,05_US_Inflation,6,06_US_Production,1.0,1.6201
200,2017-06,5,05_US_Inflation,6,06_US_Production,1.0,1.8818
201,2017-07,5,05_US_Inflation,6,06_US_Production,1.0,2.7353
202,2017-08,5,05_US_Inflation,6,06_US_Production,1.0,-2.7866
203,2017-09,5,05_US_Inflation,6,06_US_Production,1.0,-2.5157
204,2017-10,5,05_US_Inflation,6,06_US_Production,1.0,-2.4132
205,2017-11,5,05_US_Inflation,6,06_US_Production,1.0,-2.4126
206,2017-12,5,05_US_Inflation,6,06_US_Production,1.0,-2.5391
207,2018-01,5,05_US_Inflation,6,06_US_Production,1.0,-2.8263
208,2018-02,5,05_US_Inflation,6,06_US_Production,1.0,3.0941
209,2018-03,5,05_US_Inflation,6,06_US_Production,1.0,2.8207
210,2018-04,5,05_US_Inflation,6,06_US_Production,1.0,2.6637
211,2018-05,5,05_US_Inflation,6,06_US_Production,1.0,2.58
212,2018-06,5,05_US_Inflation,6,06_US_Production,1.0,2.5385
213,2018-07,5,05_US_Inflation,6,06_US_Production,1.0,2.527
214,2018-08,5,05_US_Inflation,6,06_US_Production,1.0,2.546
215,2018-09,5,05_US_Inflation,6,06_US_Production,1.0,2.6066
216,2018-10,5,05_US_Inflation,6,06_US_Production,1.0,2.7445
217,2018-11,5,05_US_Inflation,6,06_US_Production,1.0,-3.1141
218,2018-12,5,05_US_Inflation,6,06_US_Production,1.0,-1.1462
219,2019-01,5,05_US_Inflation,6,06_US_Production,1.0,-0.5902
220,2019-02,5,05_US_Inflation,6,06_US_Production,1.0,-0.418
221,2019-03,5,05_US_Inflation,6,06_US_Production,1.0,-0.3892
222,2019-04,5,05_US_Inflation,6,06_US_Production,1.0,-0.5369
223,2019-05,5,05_US_Inflation,6,06_US_Production,1.0,-0.8172
224,2019-06,5,05_US_Inflation,6,06_US_Production,1.0,-1.014
225,2019-07,5,05_US_Inflation,6,06_US_Production,1.0,-1.0443
226,2019-08,5,05_US_Inflation,6,06_US_Production,1.0,-0.9174
227,2019-09,5,05_US_Inflation,6,06_US_Production,1.0,0.269
228,2019-10,5,05_US_Inflation,6,06_US_Production,1.0,0.9656
229,2019-11,5,05_US_Inflation,6,06_US_Production,1.0,0.3114
230,2019-12,5,05_US_Inflation,6,06_US_Production,1.0,-0.0457
231,2020-01,5,05_US_Inflation,6,06_US_Production,1.0,-0.1339
232,2020-02,5,05_US_Inflation,6,06_US_Production,1.0,-0.135
233,2020-03,5,05_US_Inflation,6,06_US_Production,1.0,-0.1046
234,2020-04,5,05_US_Inflation,6,06_US_Production,1.0,-0.0609
235,2020-05,5,05_US_Inflation,6,06_US_Production,1.0,-0.0099
236,2020-06,5,05_US_Inflation,6,06_US_Production,1.0,0.0483
237,2020-07,5,05_US_Inflation,6,06_US_Production,1.0,0.1193
238,2020-08,5,05_US_Inflation,6,06_US_Production,1.0,0.2208
239,2020-09,5,05_US_Inflation,6,06_US_Production,1.0,0.412
240,2020-10,5,05_US_Inflation,6,06_US_Production,1.0,0.9069
241,2020-11,5,05_US_Inflation,6,06_US_Production,1.0,1.5759
242,2020-12,5,05_US_Inflation,6,06_US_Production,1.0,0.5679
243,2021-01,5,05_US_Inflation,6,06_US_Production,1.0,0.0589
244,2021-02,5,05_US_Inflation,6,06_US_Production,1.0,-0.0889
245,2021-03,5,05_US_Inflation,6,06_US_Production,1.0,-0.5038
246,2021-04,5,05_US_Inflation,6,06_US_Production,1.0,-1.5944
247,2021-05,5,05_US_Inflation,6,06_US_Production,1.0,-1.9109
248,2021-06,5,05_US_Inflation,6,06_US_Production,1.0,-1.7923
249,2021-07,5,05_US_Inflation,6,06_US_Production,1.0,-1.5047
250,2021-08,5,05_US_Inflation,6,06_US_Production,1.0,-1.1553
251,2021-09,5,05_US_Inflation,6,06_US_Production,1.0,-0.8321
252,2021-10,5,05_US_Inflation,6,06_US_Production,1.0,-0.5808
253,2021-11,5,05_US_Inflation,6,06_US_Production,1.0,-0.4167
254,2021-12,5,05_US_Inflation,6,06_US_Production,1.0,-0.347
255,2022-01,5,05_US_Inflation,6,06_US_Production,1.0,-0.3717
256,2022-02,5,05_US_Inflation,6,06_US_Production,1.0,-0.4793
257,2022-03,5,05_US_Inflation,6,06_US_Production,1.0,-0.6429
258,2022-04,5,05_US_Inflation,6,06_US_Production,1.0,-0.825
259,2022-05,5,05_US_Inflation,6,06_US_Production,1.0,-0.9828
260,2022-06,5,05_US_Inflation,6,06_US_Production,1.0,-1.0631
261,2022-07,5,05_US_Inflation,6,06_US_Production,1.0,-0.9911
262,2022-08,5,05_US_Inflation,6,06_US_Production,1.0,-0.7217
263,2022-09,5,05_US_Inflation,6,06_US_Production,1.0,-0.4036
264,2022-10,5,05_US_Inflation,6,06_US_Production,1.0,-0.2119
265,2022-11,5,05_US_Inflation,6,06_US_Production,1.0,-0.1336
266,2022-12,5,05_US_Inflation,6,06_US_Production,1.0,-0.122
267,2023-01,5,05_US_Inflation,6,06_US_Production,1.0,-0.1564
268,2023-02,5,05_US_Inflation,6,06_US_Production,1.0,-0.2394
12,2001-10,5,05_US_Inflation,7,07_US_Unemployment,1.0,2.6275
13,2001-11,5,05_US_Inflation,7,07_US_Unemployment,1.0,2.3912
14,2001-12,5,05_US_Inflation,7,07_US_Unemployment,1.0,2.0875
15,2002-01,5,05_US_Inflation,7,07_US_Unemployment,1.0,1.7379
16,2002-02,5,05_US_Inflation,7,07_US_Unemployment,1.0,1.3594
17,2002-03,5,05_US_Inflation,7,07_US_Unemployment,1.0,0.9983
18,2002-04,5,05_US_Inflation,7,07_US_Unemployment,1.0,0.7318
19,2002-05,5,05_US_Inflation,7,07_US_Unemployment,1.0,0.5987
20,2002-06,5,05_US_Inflation,7,07_US_Unemployment,1.0,0.5871
21,2002-07,5,05_US_Inflation,7,07_US_Unemployment,1.0,0.6567
22,2002-08,5,05_US_Inflation,7,07_US_Unemployment,1.0,0.7381
23,2002-09,5,05_US_Inflation,7,07_US_Unemployment,1.0,0.6635
24,2002-10,5,05_US_Inflation,7,07_US_Unemployment,1.0,-0.9244
25,2002-11,5,05_US_Inflation,7,07_US_Unemployment,1.0,-1.5289
26,2002-12,5,05_US_Inflation,7,07_US_Unemployment,1.0,-1.5288
27,2003-01,5,05_US_Inflation,7,07_US_Unemployment,1.0,-1.4313
28,2003-02,5,05_US_Inflation,7,07_US_Unemployment,1.0,-1.259
29,2003-03,5,05_US_Inflation,7,07_US_Unemployment,1.0,-0.9765
30,2003-04,5,05_US_Inflation,7,07_US_Unemployment,1.0,-0.5217
31,2003-05,5,05_US_Inflation,7,07_US_Unemployment,1.0,0.0668
32,2003-06,5,05_US_Inflation,7,07_US_Unemployment,1.0,0.5674
33,2003-07,5,05_US_Inflation,7,07_US_Unemployment,1.0,0.8971
34,2003-08,5,05_US_Inflation,7,07_US_Unemployment,1.0,-1.5764
35,2003-09,5,05_US_Inflation,7,07_US_Unemployment,1.0,-1.7385
36,2003-10,5,05_US_Inflation,7,07_US_Unemployment,1.0,-1.593
37,2003-11,5,05_US_Inflation,7,07_US_Unemployment,1.0,-1.4732
38,2003-12,5,05_US_Inflation,7,07_US_Unemployment,1.0,-1.413
39,2004-01,5,05_US_Inflation,7,07_US_Unemployment,1.0,-1.4884
40,2004-02,5,05_US_Inflation,7,07_US_Unemployment,1.0,-1.7115
41,2004-03,5,05_US_Inflation,7,07_US_Unemployment,1.0,-1.7646
42,2004-04,5,05_US_Inflation,7,07_US_Unemployment,1.0,-1.5441
43,2004-05,5,05_US_Inflation,7,07_US_Unemployment,1.0,-1.1979
44,2004-06,5,05_US_Inflation,7,07_US_Unemployment,1.0,-0.8179
45,2004-07,5,05_US_Inflation,7,07_US_Unemployment,1.0,-0.4367
46,2004-08,5,05_US_Inflation,7,07_US_Unemployment,1.0,-0.0668
47,2004-09,5,05_US_Inflation,7,07_US_Unemployment,1.0,0.2826
48,2004-10,5,05_US_Inflation,7,07_US_Unemployment,1.0,0.6055
49,2004-11,5,05_US_Inflation,7,07_US_Unemployment,1.0,0.9015
50,2004-12,5,05_US_Inflation,7,07_US_Unemployment,1.0,1.1724
51,2005-01,5,05_US_Inflation,7,07_US_Unemployment,1.0,1.4215
52,2005-02,5,05_US_Inflation,7,07_US_Unemployment,1.0,1.6544
53,2005-03,5,05_US_Inflation,7,07_US_Unemployment,1.0,1.8812
54,2005-04,5,05_US_Inflation,7,07_US_Unemployment,1.0,2.1185
55,2005-05,5,05_US_Inflation,7,07_US_Unemployment,1.0,2.4553
56,2005-06,5,05_US_Inflation,7,07_US_Unemployment,1.0,-1.7301
57,2005-07,5,05_US_Inflation,7,07_US_Unemployment,1.0,-1.3093
58,2005-08,5,05_US_Inflation,7,07_US_Unemployment,1.0,-1.5275
59,2005-09,5,05_US_Inflation,7,07_US_Unemployment,1.0,-1.8146
60,2005-10,5,05_US_Inflation,7,07_US_Unemployment,1.0,-2.013
61,2005-11,5,05_US_Inflation,7,07_US_Unemployment,1.0,-2.1462
62,2005-12,5,05_US_Inflation,7,07_US_Unemployment,1.0,-2.2661
63,2006-01,5,05_US_Inflation,7,07_US_Unemployment,1.0,-2.4132
64,2006-02,5,05_US_Inflation,7,07_US_Unemployment,1.0,-2.6277
65,2006-03,5,05_US_Inflation,7,07_US_Unemployment,1.0,-2.9535
66,2006-04,5,05_US_Inflation,7,07_US_Unemployment,1.0,2.8555
67,2006-05,5,05_US_Inflation,7,07_US_Unemployment,1.0,2.2505
68,2006-06,5,05_US_Inflation,7,07_US_Unemployment,1.0,1.6823
69,2006-07,5,05_US_Inflation,7,07_US_Unemployment,1.0,1.2967
70,2006-08,5,05_US_Inflation,7,07_US_Unemployment,1.0,1.0646
71,2006-09,5,05_US_Inflation,7,07_US_Unemployment,1.0,0.9183
72,2006-10,5,05_US_Inflation,7,07_US_Unemployment,1.0,0.8098
73,2006-11,5,05_US_Inflation,7,07_US_Unemployment,1.0,0.7042
74,2006-12,5,05_US_Inflation,7,07_US_Unemployment,1.0,0.5667
75,2007-01,5,05_US_Inflation,7,07_US_Unemployment,1.0,0.3426
76,2007-02,5,05_US_Inflation,7,07_US_Unemployment,1.0,-0.1443
77,2007-03,5,05_US_Inflation,7,07_US_Unemployment,1.0,-2.2877
78,2007-04,5,05_US_Inflation,7,07_US_Unemployment,1.0,2.991
79,2007-05,5,05_US_Inflation,7,07_US_Unemployment,1.0,2.3524
80,2007-06,5,05_US_Inflation,7,07_US_Unemployment,1.0,1.4479
81,2007-07,5,05_US_Inflation,7,07_US_Unemployment,1.0,0.7821
82,2007-08,5,05_US_Inflation,7,07_US_Unemployment,1.0,0.604
83,2007-09,5,05_US_Inflation,7,07_US_Unemployment,1.0,-3.111
84,2007-10,5,05_US_Inflation,7,07_US_Unemployment,1.0,-2.4674
85,2007-11,5,05_US_Inflation,7,07_US_Unemployment,1.0,-2.4067
86,2007-12,5,05_US_Inflation,7,07_US_Unemployment,1.0,-2.4245
87,2008-01,5,05_US_Inflation,7,07_US_Unemployment,1.0,-2.5096
88,2008-02,5,05_US_Inflation,7,07_US_Unemployment,1.0,-2.6392
89,2008-03,5,05_US_Inflation,7,07_US_Unemployment,1.0,-2.7946
90,2008-04,5,05_US_Inflation,7,07_US_Unemployment,1.0,-2.9616
91,2008-05,5,05_US_Inflation,7,07_US_Unemployment,1.0,-3.084
92,2008-06,5,05_US_Inflation,7,07_US_Unemployment,1.0,-2.5186
93,2008-07,5,05_US_Inflation,7,07_US_Unemployment,1.0,-1.3536
94,2008-08,5,05_US_Inflation,7,07_US_Unemployment,1.0,-1.4691
95,2008-09,5,05_US_Inflation,7,07_US_Unemployment,1.0,-1.6715
96,2008-10,5,05_US_Inflation,7,07_US_Unemployment,1.0,-1.7946
97,2008-11,5,05_US_Inflation,7,07_US_Unemployment,1.0,-1.7208
98,2008-12,5,05_US_Inflation,7,07_US_Unemployment,1.0,-1.1955
99,2009-01,5,05_US_Inflation,7,07_US_Unemployment,1.0,-0.3738
100,2009-02,5,05_US_Inflation,7,07_US_Unemployment,1.0,0.0346
101,2009-03,5,05_US_Inflation,7,07_US_Unemployment,1.0,0.2459
102,2009-04,5,05_US_Inflation,7,07_US_Unemployment,1.0,0.4063
103,2009-05,5,05_US_Inflation,7,07_US_Unemployment,1.0,0.5518
104,2009-06,5,05_US_Inflation,7,07_US_Unemployment,1.0,0.6853
105,2009-07,5,05_US_Inflation,7,07_US_Unemployment,1.0,0.8016
106,2009-08,5,05_US_Inflation,7,07_US_Unemployment,1.0,0.8981
107,2009-09,5,05_US_Inflation,7,07_US_Unemployment,1.0,0.981
108,2009-10,5,05_US_Inflation,7,07_US_Unemployment,1.0,1.0728
109,2009-11,5,05_US_Inflation,7,07_US_Unemployment,1.0,1.2276
110,2009-12,5,05_US_Inflation,7,07_US_Unemployment,1.0,1.6034
111,2010-01,5,05_US_Inflation,7,07_US_Unemployment,1.0,-1.0796
112,2010-02,5,05_US_Inflation,7,07_US_Unemployment,1.0,-0.2311
113,2010-03,5,05_US_Inflation,7,07_US_Unemployment,1.0,-0.0327
114,2010-04,5,05_US_Inflation,7,07_US_Unemployment,1.0,0.0254
115,2010-05,5,05_US_Inflation,7,07_US_Unemployment,1.0,0.0444
116,2010-06,5,05_US_Inflation,7,07_US_Unemployment,1.0,0.0625
117,2010-07,5,05_US_Inflation,7,07_US_Unemployment,1.0,0.0943
118,2010-08,5,05_US_Inflation,7,07_US_Unemployment,1.0,0.1491
119,2010-09,5,05_US_Inflation,7,07_US_Unemployment,1.0,0.2468
120,2010-10,5,05_US_Inflation,7,07_US_Unemployment,1.0,0.4193
121,2010-11,5,05_US_Inflation,7,07_US_Unemployment,1.0,0.6887
122,2010-12,5,05_US_Inflation,7,07_US_Unemployment,1.0,1.0197
123,2011-01,5,05_US_Inflation,7,07_US_Unemployment,1.0,1.3211
124,2011-02,5,05_US_Inflation,7,07_US_Unemployment,1.0,1.5419
125,2011-03,5,05_US_Inflation,7,07_US_Unemployment,1.0,1.6913
126,2011-04,5,05_US_Inflation,7,07_US_Unemployment,1.0,1.7933
127,2011-05,5,05_US_Inflation,7,07_US_Unemployment,1.0,1.8665
128,2011-06,5,05_US_Inflation,7,07_US_Unemployment,1.0,1.9226
129,2011-07,5,05_US_Inflation,7,07_US_Unemployment,1.0,1.9642
130,2011-08,5,05_US_Inflation,7,07_US_Unemployment,1.0,-1.1262
131,2011-09,5,05_US_Inflation,7,07_US_Unemployment,1.0,-1.1009
132,2011-10,5,05_US_Inflation,7,07_US_Unemployment,1.0,-1.0982
133,2011-11,5,05_US_Inflation,7,07_US_Unemployment,1.0,-1.1422
134,2011-12,5,05_US_Inflation,7,07_US_Unemployment,1.0,-1.2524
135,2012-01,5,05_US_Inflation,7,07_US_Unemployment,1.0,-1.3796
136,2012-02,5,05_US_Inflation,7,07_US_Unemployment,1.0,-1.3443
137,2012-03,5,05_US_Inflation,7,07_US_Unemployment,1.0,-0.1814
138,2012-04,5,05_US_Inflation,7,07_US_Unemployment,1.0,1.6245
139,2012-05,5,05_US_Inflation,7,07_US_Unemployment,1.0,1.8992
140,2012-06,5,05_US_Inflation,7,07_US_Unemployment,1.0,2.0702
141,2012-07,5,05_US_Inflation,7,07_US_Unemployment,1.0,2.1766
142,2012-08,5,05_US_Inflation,7,07_US_Unemployment,1.0,2.1644
143,2012-09,5,05_US_Inflation,7,07_US_Unemployment,1.0,1.9494
144,2012-10,5,05_US_Inflation,7,07_US_Unemployment,1.0,1.7537
145,2012-11,5,05_US_Inflation,7,07_US_Unemployment,1.0,1.7416
146,2012-12,5,05_US_Inflation,7,07_US_Unemployment,1.0,1.8001
147,2013-01,5,05_US_Inflation,7,07_US_Unemployment,1.0,1.8633
148,2013-02,5,05_US_Inflation,7,07_US_Unemployment,1.0,1.9111
149,2013-03,5,05_US_Inflation,7,07_US_Unemployment,1.0,1.9349
150,2013-04,5,05_US_Inflation,7,07_US_Unemployment,1.0,1.9235
151,2013-05,5,05_US_Inflation,7,07_US_Unemployment,1.0,1.8583
152,2013-06,5,05_US_Inflation,7,07_US_Unemployment,1.0,1.7092
153,2013-07,5,05_US_Inflation,7,07_US_Unemployment,1.0,1.4437
154,2013-08,5,05_US_Inflation,7,07_US_Unemployment,1.0,1.082
155,2013-09,5,05_US_Inflation,7,07_US_Unemployment,1.0,0.7903
156,2013-10,5,05_US_Inflation,7,07_US_Unemployment,1.0,-2.7464
157,2013-11,5,05_US_Inflation,7,07_US_Unemployment,1.0,-2.8532
158,2013-12,5,05_US_Inflation,7,07_US_Unemployment,1.0,-2.9313
159,2014-01,5,05_US_Inflation,7,07_US_Unemployment,1.0,-2.9793
160,2014-02,5,05_US_Inflation,7,07_US_Unemployment,1.0,-3.0104
161,2014-03,5,05_US_Inflation,7,07_US_Unemployment,1.0,-3.0403
162,2014-04,5,05_US_Inflation,7,07_US_Unemployment,1.0,-3.0945
163,2014-05,5,05_US_Inflation,7,07_US_Unemployment,1.0,3.0202
164,2014-06,5,05_US_Inflation,7,07_US_Unemployment,1.0,1.906
165,2014-07,5,05_US_Inflation,7,07_US_Unemployment,1.0,0.4605
166,2014-08,5,05_US_Inflation,7,07_US_Unemployment,1.0,0.0493
167,2014-09,5,05_US_Inflation,7,07_US_Unemployment,1.0,-0.2912
168,2014-10,5,05_US_Inflation,7,07_US_Unemployment,1.0,-0.6075
169,2014-11,5,05_US_Inflation,7,07_US_Unemployment,1.0,-0.985
170,2014-12,5,05_US_Inflation,7,07_US_Unemployment,1.0,-1.71
171,2015-01,5,05_US_Inflation,7,07_US_Unemployment,1.0,-2.6182
172,2015-02,5,05_US_Inflation,7,07_US_Unemployment,1.0,-3.0139
173,2015-03,5,05_US_Inflation,7,07_US_Unemployment,1.0,3.1238
174,2015-04,5,05_US_Inflation,7,07_US_Unemployment,1.0,3.0757
175,2015-05,5,05_US_Inflation,7,07_US_Unemployment,1.0,3.0843
176,2015-06,5,05_US_Inflation,7,07_US_Unemployment,1.0,-3.1354
177,2015-07,5,05_US_Inflation,7,07_US_Unemployment,1.0,-2.9899
178,2015-08,5,05_US_Inflation,7,07_US_Unemployment,1.0,-2.6755
179,2015-09,5,05_US_Inflation,7,07_US_Unemployment,1.0,-1.9674
180,2015-10,5,05_US_Inflation,7,07_US_Unemployment,1.0,-0.9846
181,2015-11,5,05_US_Inflation,7,07_US_Unemployment,1.0,-0.3892
182,2015-12,5,05_US_Inflation,7,07_US_Unemployment,1.0,-0.0328
183,2016-01,5,05_US_Inflation,7,07_US_Unemployment,1.0,0.2331
184,2016-02,5,05_US_Inflation,7,07_US_Unemployment,1.0,0.4711
185,2016-03,5,05_US_Inflation,7,07_US_Unemployment,1.0,0.7279
186,2016-04,5,05_US_Inflation,7,07_US_Unemployment,1.0,1.0732
187,2016-05,5,05_US_Inflation,7,07_US_Unemployment,1.0,1.6424
188,2016-06,5,05_US_Inflation,7,07_US_Unemployment,1.0,2.3661
189,2016-07,5,05_US_Inflation,7,07_US_Unemployment,1.0,2.7206
190,2016-08,5,05_US_Inflation,7,07_US_Unemployment,1.0,1.4362
191,2016-09,5,05_US_Inflation,7,07_US_Unemployment,1.0,0.5284
192,2016-10,5,05_US_Inflation,7,07_US_Unemployment,1.0,0.469
193,2016-11,5,05_US_Inflation,7,07_US_Unemployment,1.0,0.4503
194,2016-12,5,05_US_Inflation,7,07_US_Unemployment,1.0,0.4305
195,2017-01,5,05_US_Inflation,7,07_US_Unemployment,1.0,0.4061
196,2017-02,5,05_US_Inflation,7,07_US_Unemployment,1.0,0.3806
197,2017-03,5,05_US_Inflation,7,07_US_Unemployment,1.0,0.3623
198,2017-04,5,05_US_Inflation,7,07_US_Unemployment,1.0,0.3663
199,2017-05,5,05_US_Inflation,7,07_US_Unemployment,1.0,0.4131
200,2017-06,5,05_US_Inflation,7,07_US_Unemployment,1.0,0.5216
201,2017-07,5,05_US_Inflation,7,07_US_Unemployment,1.0,0.6991
202,2017-08,5,05_US_Inflation,7,07_US_Unemployment,1.0,0.9434
203,2017-09,5,05_US_Inflation,7,07_US_Unemployment,1.0,1.2556
204,2017-10,5,05_US_Inflation,7,07_US_Unemployment,1.0,1.6478
205,2017-11,5,05_US_Inflation,7,07_US_Unemployment,1.0,2.135
206,2017-12,5,05_US_Inflation,7,07_US_Unemployment,1.0,2.6883
207,2018-01,5,05_US_Inflation,7,07_US_Unemployment,1.0,-3.0811
208,2018-02,5,05_US_Inflation,7,07_US_Unemployment,1.0,-2.687
209,2018-03,5,05_US_Inflation,7,07_US_Unemployment,1.0,-2.4077
210,2018-04,5,05_US_Inflation,7,07_US_Unemployment,1.0,-2.2085
211,2018-05,5,05_US_Inflation,7,07_US_Unemployment,1.0,-2.0553
212,2018-06,5,05_US_Inflation,7,07_US_Unemployment,1.0,-1.9198
213,2018-07,5,05_US_Inflation,7,07_US_Unemployment,1.0,-1.7746
214,2018-08,5,05_US_Inflation,7,07_US_Unemployment,1.0,-1.5893
215,2018-09,5,05_US_Inflation,7,07_US_Unemployment,1.0,-1.3173
216,2018-10,5,05_US_Inflation,7,07_US_Unemployment,1.0,-0.849
217,2018-11,5,05_US_Inflation,7,07_US_Unemployment,1.0,0.2232
218,2018-12,5,05_US_Inflation,7,07_US_Unemployment,1.0,3.1282
219,2019-01,5,05_US_Inflation,7,07_US_Unemployment,1.0,-1.9952
220,2019-02,5,05_US_Inflation,7,07_US_Unemployment,1.0,-1.3944
221,2019-03,5,05_US_Inflation,7,07_US_Unemployment,1.0,-0.8697
222,2019-04,5,05_US_Inflation,7,07_US_Unemployment,1.0,-0.3422
223,2019-05,5,05_US_Inflation,7,07_US_Unemployment,1.0,0.1214
224,2019-06,5,05_US_Inflation,7,07_US_Unemployment,1.0,0.4159
225,2019-07,5,05_US_Inflation,7,07_US_Unemployment,1.0,0.4014
226,2019-08,5,05_US_Inflation,7,07_US_Unemployment,1.0,-0.4142
227,2019-09,5,05_US_Inflation,7,07_US_Unemployment,1.0,-1.2805
228,2019-10,5,05_US_Inflation,7,07_US_Unemployment,1.0,-1.8845
229,2019-11,5,05_US_Inflation,7,07_US_Unemployment,1.0,-2.7381
230,2019-12,5,05_US_Inflation,7,07_US_Unemployment,1.0,3.1292
231,2020-01,5,05_US_Inflation,7,07_US_Unemployment,1.0,3.025
232,2020-02,5,05_US_Inflation,7,07_US_Unemployment,1.0,3.027
233,2020-03,5,05_US_Inflation,7,07_US_Unemployment,1.0,3.0715
234,2020-04,5,05_US_Inflation,7,07_US_Unemployment,1.0,3.137
235,2020-05,5,05_US_Inflation,7,07_US_Unemployment,1.0,-3.0671
236,2020-06,5,05_US_Inflation,7,07_US_Unemployment,1.0,-2.9742
237,2020-07,5,05_US_Inflation,7,07_US_Unemployment,1.0,-2.86
238,2020-08,5,05_US_Inflation,7,07_US_Unemployment,1.0,-2.702
239,2020-09,5,05_US_Inflation,7,07_US_Unemployment,1.0,-2.4291
240,2020-10,5,05_US_Inflation,7,07_US_Unemployment,1.0,-1.7923
241,2020-11,5,05_US_Inflation,7,07_US_Unemployment,1.0,-0.7469
242,2020-12,5,05_US_Inflation,7,07_US_Unemployment,1.0,-0.2043
243,2021-01,5,05_US_Inflation,7,07_US_Unemployment,1.0,0.0364
244,2021-02,5,05_US_Inflation,7,07_US_Unemployment,1.0,0.1068
245,2021-03,5,05_US_Inflation,7,07_US_Unemployment,1.0,-0.2028
246,2021-04,5,05_US_Inflation,7,07_US_Unemployment,1.0,-1.1968
247,2021-05,5,05_US_Inflation,7,07_US_Unemployment,1.0,-1.2486
248,2021-06,5,05_US_Inflation,7,07_US_Unemployment,1.0,-0.3821
249,2021-07,5,05_US_Inflation,7,07_US_Unemployment,1.0,0.3817
250,2021-08,5,05_US_Inflation,7,07_US_Unemployment,1.0,0.7728
251,2021-09,5,05_US_Inflation,7,07_US_Unemployment,1.0,1.0669
252,2021-10,5,05_US_Inflation,7,07_US_Unemployment,1.0,1.3283
253,2021-11,5,05_US_Inflation,7,07_US_Unemployment,1.0,1.5524
254,2021-12,5,05_US_Inflation,7,07_US_Unemployment,1.0,1.7189
255,2022-01,5,05_US_Inflation,7,07_US_Unemployment,1.0,1.8136
256,2022-02,5,05_US_Inflation,7,07_US_Unemployment,1.0,1.8374
257,2022-03,5,05_US_Inflation,7,07_US_Unemployment,1.0,1.8092
258,2022-04,5,05_US_Inflation,7,07_US_Unemployment,1.0,1.7593
259,2022-05,5,05_US_Inflation,7,07_US_Unemployment,1.0,1.7136
260,2022-06,5,05_US_Inflation,7,07_US_Unemployment,1.0,1.6788
261,2022-07,5,05_US_Inflation,7,07_US_Unemployment,1.0,1.621
262,2022-08,5,05_US_Inflation,7,07_US_Unemployment,1.0,1.2516
263,2022-09,5,05_US_Inflation,7,07_US_Unemployment,1.0,-0.3526
264,2022-10,5,05_US_Inflation,7,07_US_Unemployment,1.0,-0.6098
265,2022-11,5,05_US_Inflation,7,07_US_Unemployment,1.0,-0.5645
266,2022-12,5,05_US_Inflation,7,07_US_Unemployment,1.0,-0.4665
267,2023-01,5,05_US_Inflation,7,07_US_Unemployment,1.0,-0.3664
268,2023-02,5,05_US_Inflation,7,07_US_Unemployment,1.0,-0.2929
12,2001-10,6,06_US_Production,0,00_Copper,1.0,2.6032
13,2001-11,6,06_US_Production,0,00_Copper,1.0,2.937
14,2001-12,6,06_US_Production,0,00_Copper,1.0,-3.0384
15,2002-01,6,06_US_Production,0,00_Copper,1.0,-2.6842
16,2002-02,6,06_US_Production,0,00_Copper,1.0,-2.2182
17,2002-03,6,06_US_Production,0,00_Copper,1.0,-1.6052
18,2002-04,6,06_US_Production,0,00_Copper,1.0,-0.8471
19,2002-05,6,06_US_Production,0,00_Copper,1.0,-0.0093
20,2002-06,6,06_US_Production,0,00_Copper,1.0,0.6143
21,2002-07,6,06_US_Production,0,00_Copper,1.0,0.9384
22,2002-08,6,06_US_Production,0,00_Copper,1.0,1.079
23,2002-09,6,06_US_Production,0,00_Copper,1.0,1.1204
24,2002-10,6,06_US_Production,0,00_Copper,1.0,1.1164
25,2002-11,6,06_US_Production,0,00_Copper,1.0,1.1065
26,2002-12,6,06_US_Production,0,00_Copper,1.0,1.1125
27,2003-01,6,06_US_Production,0,00_Copper,1.0,1.134
28,2003-02,6,06_US_Production,0,00_Copper,1.0,1.1562
29,2003-03,6,06_US_Production,0,00_Copper,1.0,1.1657
30,2003-04,6,06_US_Production,0,00_Copper,1.0,1.1565
31,2003-05,6,06_US_Production,0,00_Copper,1.0,1.1333
32,2003-06,6,06_US_Production,0,00_Copper,1.0,1.1144
33,2003-07,6,06_US_Production,0,00_Copper,1.0,1.1152
34,2003-08,6,06_US_Production,0,00_Copper,1.0,1.1232
35,2003-09,6,06_US_Production,0,00_Copper,1.0,1.0939
36,2003-10,6,06_US_Production,0,00_Copper,1.0,0.9681
37,2003-11,6,06_US_Production,0,00_Copper,1.0,0.6482
38,2003-12,6,06_US_Production,0,00_Copper,1.0,-0.1129
39,2004-01,6,06_US_Production,0,00_Copper,1.0,-1.3544
40,2004-02,6,06_US_Production,0,00_Copper,1.0,-2.2657
41,2004-03,6,06_US_Production,0,00_Copper,1.0,-2.8667
42,2004-04,6,06_US_Production,0,00_Copper,1.0,2.9813
43,2004-05,6,06_US_Production,0,00_Copper,1.0,2.6199
44,2004-06,6,06_US_Production,0,00_Copper,1.0,2.269
45,2004-07,6,06_US_Production,0,00_Copper,1.0,1.8898
46,2004-08,6,06_US_Production,0,00_Copper,1.0,1.47
47,2004-09,6,06_US_Production,0,00_Copper,1.0,1.0211
48,2004-10,6,06_US_Production,0,00_Copper,1.0,0.4593
49,2004-11,6,06_US_Production,0,00_Copper,1.0,-1.3576
50,2004-12,6,06_US_Production,0,00_Copper,1.0,-2.1608
51,2005-01,6,06_US_Production,0,00_Copper,1.0,-2.2334
52,2005-02,6,06_US_Production,0,00_Copper,1.0,-2.0806
53,2005-03,6,06_US_Production,0,00_Copper,1.0,-1.7319
54,2005-04,6,06_US_Production,0,00_Copper,1.0,-1.1104
55,2005-05,6,06_US_Production,0,00_Copper,1.0,-0.3859
56,2005-06,6,06_US_Production,0,00_Copper,1.0,0.0143
57,2005-07,6,06_US_Production,0,00_Copper,1.0,0.1414
58,2005-08,6,06_US_Production,0,00_Copper,1.0,0.0816
59,2005-09,6,06_US_Production,0,00_Copper,1.0,-0.1776
60,2005-10,6,06_US_Production,0,00_Copper,1.0,-0.6453
61,2005-11,6,06_US_Production,0,00_Copper,1.0,-1.1079
62,2005-12,6,06_US_Production,0,00_Copper,1.0,-1.388
63,2006-01,6,06_US_Production,0,00_Copper,1.0,-1.5292
64,2006-02,6,06_US_Production,0,00_Copper,1.0,-1.5861
65,2006-03,6,06_US_Production,0,00_Copper,1.0,-1.5723
66,2006-04,6,06_US_Production,0,00_Copper,1.0,-1.4561
67,2006-05,6,06_US_Production,0,00_Copper,1.0,-1.1555
68,2006-06,6,06_US_Production,0,00_Copper,1.0,-0.6962
69,2006-07,6,06_US_Production,0,00_Copper,1.0,-0.3694
70,2006-08,6,06_US_Production,0,00_Copper,1.0,-0.2165
71,2006-09,6,06_US_Production,0,00_Copper,1.0,-0.0515
72,2006-10,6,06_US_Production,0,00_Copper,1.0,0.7549
73,2006-11,6,06_US_Production,0,00_Copper,1.0,1.8875
74,2006-12,6,06_US_Production,0,00_Copper,1.0,2.0637
75,2007-01,6,06_US_Production,0,00_Copper,1.0,2.077
76,2007-02,6,06_US_Production,0,00_Copper,1.0,2.0825
77,2007-03,6,06_US_Production,0,00_Copper,1.0,2.1427
78,2007-04,6,06_US_Production,0,00_Copper,1.0,2.3157
79,2007-05,6,06_US_Production,0,00_Copper,1.0,2.66
80,2007-06,6,06_US_Production,0,00_Copper,1.0,-3.1031
81,2007-07,6,06_US_Production,0,00_Copper,1.0,-2.5867
82,2007-08,6,06_US_Production,0,00_Copper,1.0,-2.2968
83,2007-09,6,06_US_Production,0,00_Copper,1.0,-2.2298
84,2007-10,6,06_US_Production,0,00_Copper,1.0,-2.3119
85,2007-11,6,06_US_Production,0,00_Copper,1.0,-2.5076
86,2007-12,6,06_US_Production,0,00_Copper,1.0,-2.8229
87,2008-01,6,06_US_Production,0,00_Copper,1.0,3.0028
88,2008-02,6,06_US_Production,0,00_Copper,1.0,2.448
89,2008-03,6,06_US_Production,0,00_Copper,1.0,1.8835
90,2008-04,6,06_US_Production,0,00_Copper,1.0,1.2645
91,2008-05,6,06_US_Production,0,00_Copper,1.0,0.4617
92,2008-06,6,06_US_Production,0,00_Copper,1.0,-0.3146
93,2008-07,6,06_US_Production,0,00_Copper,1.0,-0.8208
94,2008-08,6,06_US_Production,0,00_Copper,1.0,-1.1639
95,2008-09,6,06_US_Production,0,00_Copper,1.0,-1.4403
96,2008-10,6,06_US_Production,0,00_Copper,1.0,-1.6912
97,2008-11,6,06_US_Production,0,00_Copper,1.0,-1.9286
98,2008-12,6,06_US_Production,0,00_Copper,1.0,-2.1456
99,2009-01,6,06_US_Production,0,00_Copper,1.0,-2.3236
100,2009-02,6,06_US_Production,0,00_Copper,1.0,-2.4427
101,2009-03,6,06_US_Production,0,00_Copper,1.0,-2.4864
102,2009-04,6,06_US_Production,0,00_Copper,1.0,-2.4348
103,2009-05,6,06_US_Production,0,00_Copper,1.0,-2.2482
104,2009-06,6,06_US_Production,0,00_Copper,1.0,-1.8399
105,2009-07,6,06_US_Production,0,00_Copper,1.0,-1.1377
106,2009-08,6,06_US_Production,0,00_Copper,1.0,-0.4074
107,2009-09,6,06_US_Production,0,00_Copper,1.0,0.1605
108,2009-10,6,06_US_Production,0,00_Copper,1.0,0.6903
109,2009-11,6,06_US_Production,0,00_Copper,1.0,1.2776
110,2009-12,6,06_US_Production,0,00_Copper,1.0,1.8897
111,2010-01,6,06_US_Production,0,00_Copper,1.0,2.3821
112,2010-02,6,06_US_Production,0,00_Copper,1.0,2.6951
113,2010-03,6,06_US_Production,0,00_Copper,1.0,2.8634
114,2010-04,6,06_US_Production,0,00_Copper,1.0,2.9205
115,2010-05,6,06_US_Production,0,00_Copper,1.0,2.8766
116,2010-06,6,06_US_Production,0,00_Copper,1.0,2.7239
117,2010-07,6,06_US_Production,0,00_Copper,1.0,2.4451
118,2010-08,6,06_US_Production,0,00_Copper,1.0,2.0056
119,2010-09,6,06_US_Production,0,00_Copper,1.0,1.3502
120,2010-10,6,06_US_Production,0,00_Copper,1.0,0.5732
121,2010-11,6,06_US_Production,0,00_Copper,1.0,-0.0266
122,2010-12,6,06_US_Production,0,00_Copper,1.0,-0.407
123,2011-01,6,06_US_Production,0,00_Copper,1.0,-0.6302
124,2011-02,6,06_US_Production,0,00_Copper,1.0,-0.6771
125,2011-03,6,06_US_Production,0,00_Copper,1.0,-0.3508
126,2011-04,6,06_US_Production,0,00_Copper,1.0,0.3367
127,2011-05,6,06_US_Production,0,00_Copper,1.0,0.6246
128,2011-06,6,06_US_Production,0,00_Copper,1.0,0.6604
129,2011-07,6,06_US_Production,0,00_Copper,1.0,0.6225
130,2011-08,6,06_US_Production,0,00_Copper,1.0,0.5574
131,2011-09,6,06_US_Production,0,00_Copper,1.0,0.4493
132,2011-10,6,06_US_Production,0,00_Copper,1.0,-0.0698
133,2011-11,6,06_US_Production,0,00_Copper,1.0,-2.1911
134,2011-12,6,06_US_Production,0,00_Copper,1.0,-2.3754
135,2012-01,6,06_US_Production,0,00_Copper,1.0,-2.4112
136,2012-02,6,06_US_Production,0,00_Copper,1.0,-2.4157
137,2012-03,6,06_US_Production,0,00_Copper,1.0,-2.4124
138,2012-04,6,06_US_Production,0,00_Copper,1.0,-2.4107
139,2012-05,6,06_US_Production,0,00_Copper,1.0,-2.4102
140,2012-06,6,06_US_Production,0,00_Copper,1.0,-2.3925
141,2012-07,6,06_US_Production,0,00_Copper,1.0,-2.2599
142,2012-08,6,06_US_Production,0,00_Copper,1.0,0.1084
143,2012-09,6,06_US_Production,0,00_Copper,1.0,1.9214
144,2012-10,6,06_US_Production,0,00_Copper,1.0,2.9261
145,2012-11,6,06_US_Production,0,00_Copper,1.0,3.0463
146,2012-12,6,06_US_Production,0,00_Copper,1.0,3.0537
147,2013-01,6,06_US_Production,0,00_Copper,1.0,3.023
148,2013-02,6,06_US_Production,0,00_Copper,1.0,2.9648
149,2013-03,6,06_US_Production,0,00_Copper,1.0,2.8656
150,2013-04,6,06_US_Production,0,00_Copper,1.0,2.6767
151,2013-05,6,06_US_Production,0,00_Copper,1.0,2.2653
152,2013-06,6,06_US_Production,0,00_Copper,1.0,1.5107
153,2013-07,6,06_US_Production,0,00_Copper,1.0,0.8744
154,2013-08,6,06_US_Production,0,00_Copper,1.0,0.4787
155,2013-09,6,06_US_Production,0,00_Copper,1.0,0.0624
156,2013-10,6,06_US_Production,0,00_Copper,1.0,-0.6433
157,2013-11,6,06_US_Production,0,00_Copper,1.0,-1.7644
158,2013-12,6,06_US_Production,0,00_Copper,1.0,-2.735
159,2014-01,6,06_US_Production,0,00_Copper,1.0,2.9711
160,2014-02,6,06_US_Production,0,00_Copper,1.0,2.6265
161,2014-03,6,06_US_Production,0,00_Copper,1.0,2.3879
162,2014-04,6,06_US_Production,0,00_Copper,1.0,2.1912
163,2014-05,6,06_US_Production,0,00_Copper,1.0,1.996
164,2014-06,6,06_US_Production,0,00_Copper,1.0,1.7622
165,2014-07,6,06_US_Production,0,00_Copper,1.0,1.446
166,2014-08,6,06_US_Production,0,00_Copper,1.0,1.0386
167,2014-09,6,06_US_Production,0,00_Copper,1.0,0.6518
168,2014-10,6,06_US_Production,0,00_Copper,1.0,0.3692
169,2014-11,6,06_US_Production,0,00_Copper,1.0,0.0995
170,2014-12,6,06_US_Production,0,00_Copper,1.0,-0.2016
171,2015-01,6,06_US_Production,0,00_Copper,1.0,-0.4872
172,2015-02,6,06_US_Production,0,00_Copper,1.0,-0.7257
173,2015-03,6,06_US_Production,0,00_Copper,1.0,-0.9191
174,2015-04,6,06_US_Production,0,00_Copper,1.0,-1.0814
175,2015-05,6,06_US_Production,0,00_Copper,1.0,-1.2256
176,2015-06,6,06_US_Production,0,00_Copper,1.0,-1.3612
177,2015-07,6,06_US_Production,0,00_Copper,1.0,-1.4933
178,2015-08,6,06_US_Production,0,00_Copper,1.0,-1.6204
179,2015-09,6,06_US_Production,0,00_Copper,1.0,-1.6921
180,2015-10,6,06_US_Production,0,00_Copper,1.0,0.6797
181,2015-11,6,06_US_Production,0,00_Copper,1.0,-0.4021
182,2015-12,6,06_US_Production,0,00_Copper,1.0,-1.8172
183,2016-01,6,06_US_Production,0,00_Copper,1.0,-2.0985
184,2016-02,6,06_US_Production,0,00_Copper,1.0,-2.2868
185,2016-03,6,06_US_Production,0,00_Copper,1.0,-2.4785
186,2016-04,6,06_US_Production,0,00_Copper,1.0,-2.6952
187,2016-05,6,06_US_Production,0,00_Copper,1.0,-2.902
188,2016-06,6,06_US_Production,0,00_Copper,1.0,-3.0354
189,2016-07,6,06_US_Production,0,00_Copper,1.0,-3.122
190,2016-08,6,06_US_Production,0,00_Copper,1.0,2.9477
191,2016-09,6,06_US_Production,0,00_Copper,1.0,2.5513
192,2016-10,6,06_US_Production,0,00_Copper,1.0,2.3157
193,2016-11,6,06_US_Production,0,00_Copper,1.0,2.2593
194,2016-12,6,06_US_Production,0,00_Copper,1.0,2.262
195,2017-01,6,06_US_Production,0,00_Copper,1.0,2.2673
196,2017-02,6,06_US_Production,0,00_Copper,1.0,2.2499
197,2017-03,6,06_US_Production,0,00_Copper,1.0,2.1888
198,2017-04,6,06_US_Production,0,00_Copper,1.0,2.0493
199,2017-05,6,06_US_Production,0,00_Copper,1.0,1.7591
200,2017-06,6,06_US_Production,0,00_Copper,1.0,1.1426
201,2017-07,6,06_US_Production,0,00_Copper,1.0,-0.1423
202,2017-08,6,06_US_Production,0,00_Copper,1.0,-1.2664
203,2017-09,6,06_US_Production,0,00_Copper,1.0,-1.751
204,2017-10,6,06_US_Production,0,00_Copper,1.0,-1.9549
205,2017-11,6,06_US_Production,0,00_Copper,1.0,-1.9973
206,2017-12,6,06_US_Production,0,00_Copper,1.0,-1.8901
207,2018-01,6,06_US_Production,0,00_Copper,1.0,-1.6238
208,2018-02,6,06_US_Production,0,00_Copper,1.0,-1.2998
209,2018-03,6,06_US_Production,0,00_Copper,1.0,-1.0963
210,2018-04,6,06_US_Production,0,00_Copper,1.0,-1.0666
211,2018-05,6,06_US_Production,0,00_Copper,1.0,-1.282
212,2018-06,6,06_US_Production,0,00_Copper,1.0,-2.3972
213,2018-07,6,06_US_Production,0,00_Copper,1.0,2.9288
214,2018-08,6,06_US_Production,0,00_Copper,1.0,2.7032
215,2018-09,6,06_US_Production,0,00_Copper,1.0,2.6111
216,2018-10,6,06_US_Production,0,00_Copper,1.0,2.5457
217,2018-11,6,06_US_Production,0,00_Copper,1.0,2.4693
218,2018-12,6,06_US_Production,0,00_Copper,1.0,2.3658
219,2019-01,6,06_US_Production,0,00_Copper,1.0,2.239
220,2019-02,6,06_US_Production,0,00_Copper,1.0,2.1177
221,2019-03,6,06_US_Production,0,00_Copper,1.0,2.0634
222,2019-04,6,06_US_Production,0,00_Copper,1.0,2.1629
223,2019-05,6,06_US_Production,0,00_Copper,1.0,2.3955
224,2019-06,6,06_US_Production,0,00_Copper,1.0,2.5521
225,2019-07,6,06_US_Production,0,00_Copper,1.0,2.5418
226,2019-08,6,06_US_Production,0,00_Copper,1.0,2.3497
227,2019-09,6,06_US_Production,0,00_Copper,1.0,1.0055
228,2019-10,6,06_US_Production,0,00_Copper,1.0,-0.1484
229,2019-11,6,06_US_Production,0,00_Copper,1.0,-0.3213
230,2019-12,6,06_US_Production,0,00_Copper,1.0,-0.3784
231,2020-01,6,06_US_Production,0,00_Copper,1.0,-0.4
232,2020-02,6,06_US_Production,0,00_Copper,1.0,-0.4059
233,2020-03,6,06_US_Production,0,00_Copper,1.0,-0.4017
234,2020-04,6,06_US_Production,0,00_Copper,1.0,-0.3911
235,2020-05,6,06_US_Production,0,00_Copper,1.0,-0.38
236,2020-06,6,06_US_Production,0,00_Copper,1.0,-0.3748
237,2020-07,6,06_US_Production,0,00_Copper,1.0,-0.3804
238,2020-08,6,06_US_Production,0,00_Copper,1.0,-0.4068
239,2020-09,6,06_US_Production,0,00_Copper,1.0,-0.6482
240,2020-10,6,06_US_Production,0,00_Copper,1.0,2.8942
241,2020-11,6,06_US_Production,0,00_Copper,1.0,3.1182
242,2020-12,6,06_US_Production,0,00_Copper,1.0,-1.7425
243,2021-01,6,06_US_Production,0,00_Copper,1.0,-1.1068
244,2021-02,6,06_US_Production,0,00_Copper,1.0,-0.9756
245,2021-03,6,06_US_Production,0,00_Copper,1.0,-0.9218
246,2021-04,6,06_US_Production,0,00_Copper,1.0,-0.8945
247,2021-05,6,06_US_Production,0,00_Copper,1.0,-0.8932
248,2021-06,6,06_US_Production,0,00_Copper,1.0,-0.9266
249,2021-07,6,06_US_Production,0,00_Copper,1.0,-0.9847
250,2021-08,6,06_US_Production,0,00_Copper,1.0,-1.0168
251,2021-09,6,06_US_Production,0,00_Copper,1.0,-0.9737
252,2021-10,6,06_US_Production,0,00_Copper,1.0,-0.8648
253,2021-11,6,06_US_Production,0,00_Copper,1.0,-0.7337
254,2021-12,6,06_US_Production,0,00_Copper,1.0,-0.6164
255,2022-01,6,06_US_Production,0,00_Copper,1.0,-0.5353
256,2022-02,6,06_US_Production,0,00_Copper,1.0,-0.5134
257,2022-03,6,06_US_Production,0,00_Copper,1.0,-0.5841
258,2022-04,6,06_US_Production,0,00_Copper,1.0,-0.7849
259,2022-05,6,06_US_Production,0,00_Copper,1.0,-1.0931
260,2022-06,6,06_US_Production,0,00_Copper,1.0,-1.4021
261,2022-07,6,06_US_Production,0,00_Copper,1.0,-1.7022
262,2022-08,6,06_US_Production,0,00_Copper,1.0,-2.0576
263,2022-09,6,06_US_Production,0,00_Copper,1.0,-2.343
264,2022-10,6,06_US_Production,0,00_Copper,1.0,-2.3912
265,2022-11,6,06_US_Production,0,00_Copper,1.0,-2.2336
266,2022-12,6,06_US_Production,0,00_Copper,1.0,-1.9877
267,2023-01,6,06_US_Production,0,00_Copper,1.0,-1.7644
268,2023-02,6,06_US_Production,0,00_Copper,1.0,-1.6047
12,2001-10,6,06_US_Production,1,01_Oil,1.0,1.4489
13,2001-11,6,06_US_Production,1,01_Oil,1.0,1.7958
14,2001-12,6,06_US_Production,1,01_Oil,1.0,2.1084
15,2002-01,6,06_US_Production,1,01_Oil,1.0,2.3926
16,2002-02,6,06_US_Production,1,01_Oil,1.0,2.662
17,2002-03,6,06_US_Production,1,01_Oil,1.0,2.9597
18,2002-04,6,06_US_Production,1,01_Oil,1.0,-2.9036
19,2002-05,6,06_US_Production,1,01_Oil,1.0,-2.3454
20,2002-06,6,06_US_Production,1,01_Oil,1.0,-1.9357
21,2002-07,6,06_US_Production,1,01_Oil,1.0,-1.7761
22,2002-08,6,06_US_Production,1,01_Oil,1.0,-1.7345
23,2002-09,6,06_US_Production,1,01_Oil,1.0,1.0612
24,2002-10,6,06_US_Production,1,01_Oil,1.0,1.0581
25,2002-11,6,06_US_Production,1,01_Oil,1.0,0.9469
26,2002-12,6,06_US_Production,1,01_Oil,1.0,0.8454
27,2003-01,6,06_US_Production,1,01_Oil,1.0,0.7712
28,2003-02,6,06_US_Production,1,01_Oil,1.0,0.7284
29,2003-03,6,06_US_Production,1,01_Oil,1.0,0.7163
30,2003-04,6,06_US_Production,1,01_Oil,1.0,0.7353
31,2003-05,6,06_US_Production,1,01_Oil,1.0,0.7895
32,2003-06,6,06_US_Production,1,01_Oil,1.0,0.8862
33,2003-07,6,06_US_Production,1,01_Oil,1.0,1.033
34,2003-08,6,06_US_Production,1,01_Oil,1.0,1.2513
35,2003-09,6,06_US_Production,1,01_Oil,1.0,1.7961
36,2003-10,6,06_US_Production,1,01_Oil,1.0,-2.8734
37,2003-11,6,06_US_Production,1,01_Oil,1.0,-2.6138
38,2003-12,6,06_US_Production,1,01_Oil,1.0,-2.7882
39,2004-01,6,06_US_Production,1,01_Oil,1.0,3.1146
40,2004-02,6,06_US_Production,1,01_Oil,1.0,2.6301
41,2004-03,6,06_US_Production,1,01_Oil,1.0,2.1806
42,2004-04,6,06_US_Production,1,01_Oil,1.0,1.8263
43,2004-05,6,06_US_Production,1,01_Oil,1.0,1.5509
44,2004-06,6,06_US_Production,1,01_Oil,1.0,1.3369
45,2004-07,6,06_US_Production,1,01_Oil,1.0,1.3128
46,2004-08,6,06_US_Production,1,01_Oil,1.0,-2.6111
47,2004-09,6,06_US_Production,1,01_Oil,1.0,-2.7646
48,2004-10,6,06_US_Production,1,01_Oil,1.0,3.0701
49,2004-11,6,06_US_Production,1,01_Oil,1.0,1.2439
50,2004-12,6,06_US_Production,1,01_Oil,1.0,0.3159
51,2005-01,6,06_US_Production,1,01_Oil,1.0,0.0181
52,2005-02,6,06_US_Production,1,01_Oil,1.0,-0.1259
53,2005-03,6,06_US_Production,1,01_Oil,1.0,-0.1001
54,2005-04,6,06_US_Production,1,01_Oil,1.0,0.215
55,2005-05,6,06_US_Production,1,01_Oil,1.0,0.6563
56,2005-06,6,06_US_Production,1,01_Oil,1.0,0.7336
57,2005-07,6,06_US_Production,1,01_Oil,1.0,0.1681
58,2005-08,6,06_US_Production,1,01_Oil,1.0,-0.9276
59,2005-09,6,06_US_Production,1,01_Oil,1.0,-1.308
60,2005-10,6,06_US_Production,1,01_Oil,1.0,-1.4258
61,2005-11,6,06_US_Production,1,01_Oil,1.0,-1.4578
62,2005-12,6,06_US_Production,1,01_Oil,1.0,-1.4395
63,2006-01,6,06_US_Production,1,01_Oil,1.0,-1.3719
64,2006-02,6,06_US_Production,1,01_Oil,1.0,-1.2403
65,2006-03,6,06_US_Production,1,01_Oil,1.0,-1.0129
66,2006-04,6,06_US_Production,1,01_Oil,1.0,-0.6347
67,2006-05,6,06_US_Production,1,01_Oil,1.0,-0.033
68,2006-06,6,06_US_Production,1,01_Oil,1.0,0.7168
69,2006-07,6,06_US_Production,1,01_Oil,1.0,1.2708
70,2006-08,6,06_US_Production,1,01_Oil,1.0,1.5544
71,2006-09,6,06_US_Production,1,01_Oil,1.0,1.6785
72,2006-10,6,06_US_Production,1,01_Oil,1.0,1.7208
73,2006-11,6,06_US_Production,1,01_Oil,1.0,1.7219
74,2006-12,6,06_US_Production,1,01_Oil,1.0,1.7088
75,2007-01,6,06_US_Production,1,01_Oil,1.0,1.7065
76,2007-02,6,06_US_Production,1,01_Oil,1.0,1.7448
77,2007-03,6,06_US_Production,1,01_Oil,1.0,1.8588
78,2007-04,6,06_US_Production,1,01_Oil,1.0,2.0809
79,2007-05,6,06_US_Production,1,01_Oil,1.0,2.4166
80,2007-06,6,06_US_Production,1,01_Oil,1.0,2.8048
81,2007-07,6,06_US_Production,1,01_Oil,1.0,3.1412
82,2007-08,6,06_US_Production,1,01_Oil,1.0,-2.9146
83,2007-09,6,06_US_Production,1,01_Oil,1.0,-2.7908
84,2007-10,6,06_US_Production,1,01_Oil,1.0,-2.7433
85,2007-11,6,06_US_Production,1,01_Oil,1.0,-2.7554
86,2007-12,6,06_US_Production,1,01_Oil,1.0,-2.8329
87,2008-01,6,06_US_Production,1,01_Oil,1.0,-2.9887
88,2008-02,6,06_US_Production,1,01_Oil,1.0,3.1214
89,2008-03,6,06_US_Production,1,01_Oil,1.0,3.0491
90,2008-04,6,06_US_Production,1,01_Oil,1.0,3.1005
91,2008-05,6,06_US_Production,1,01_Oil,1.0,-3.0626
92,2008-06,6,06_US_Production,1,01_Oil,1.0,-2.9275
93,2008-07,6,06_US_Production,1,01_Oil,1.0,-2.8078
94,2008-08,6,06_US_Production,1,01_Oil,1.0,-2.7175
95,2008-09,6,06_US_Production,1,01_Oil,1.0,-2.6633
96,2008-10,6,06_US_Production,1,01_Oil,1.0,-2.6505
97,2008-11,6,06_US_Production,1,01_Oil,1.0,-2.6851
98,2008-12,6,06_US_Production,1,01_Oil,1.0,-2.7749
99,2009-01,6,06_US_Production,1,01_Oil,1.0,-2.9255
100,2009-02,6,06_US_Production,1,01_Oil,1.0,-3.1276
101,2009-03,6,06_US_Production,1,01_Oil,1.0,2.9395
102,2009-04,6,06_US_Production,1,01_Oil,1.0,2.7718
103,2009-05,6,06_US_Production,1,01_Oil,1.0,2.7242
104,2009-06,6,06_US_Production,1,01_Oil,1.0,2.8902
105,2009-07,6,06_US_Production,1,01_Oil,1.0,-2.9519
106,2009-08,6,06_US_Production,1,01_Oil,1.0,-2.5269
107,2009-09,6,06_US_Production,1,01_Oil,1.0,-2.3917
108,2009-10,6,06_US_Production,1,01_Oil,1.0,-2.7996
109,2009-11,6,06_US_Production,1,01_Oil,1.0,2.7416
110,2009-12,6,06_US_Production,1,01_Oil,1.0,2.7867
111,2010-01,6,06_US_Production,1,01_Oil,1.0,2.9806
112,2010-02,6,06_US_Production,1,01_Oil,1.0,3.0979
113,2010-03,6,06_US_Production,1,01_Oil,1.0,3.1301
114,2010-04,6,06_US_Production,1,01_Oil,1.0,3.0941
115,2010-05,6,06_US_Production,1,01_Oil,1.0,2.9944
116,2010-06,6,06_US_Production,1,01_Oil,1.0,2.8269
117,2010-07,6,06_US_Production,1,01_Oil,1.0,2.5904
118,2010-08,6,06_US_Production,1,01_Oil,1.0,2.2925
119,2010-09,6,06_US_Production,1,01_Oil,1.0,1.943
120,2010-10,6,06_US_Production,1,01_Oil,1.0,1.5388
121,2010-11,6,06_US_Production,1,01_Oil,1.0,1.0788
122,2010-12,6,06_US_Production,1,01_Oil,1.0,0.615
123,2011-01,6,06_US_Production,1,01_Oil,1.0,0.2288
124,2011-02,6,06_US_Production,1,01_Oil,1.0,-0.0552
125,2011-03,6,06_US_Production,1,01_Oil,1.0,-0.2546
126,2011-04,6,06_US_Production,1,01_Oil,1.0,-0.3857
127,2011-05,6,06_US_Production,1,01_Oil,1.0,-0.4519
128,2011-06,6,06_US_Production,1,01_Oil,1.0,-0.4473
129,2011-07,6,06_US_Production,1,01_Oil,1.0,-0.3653
130,2011-08,6,06_US_Production,1,01_Oil,1.0,-0.2203
131,2011-09,6,06_US_Production,1,01_Oil,1.0,-0.088
132,2011-10,6,06_US_Production,1,01_Oil,1.0,-0.4021
133,2011-11,6,06_US_Production,1,01_Oil,1.0,-2.3885
134,2011-12,6,06_US_Production,1,01_Oil,1.0,-2.5108
135,2012-01,6,06_US_Production,1,01_Oil,1.0,-2.5521
136,2012-02,6,06_US_Production,1,01_Oil,1.0,-2.6313
137,2012-03,6,06_US_Production,1,01_Oil,1.0,-2.7922
138,2012-04,6,06_US_Production,1,01_Oil,1.0,-3.0855
139,2012-05,6,06_US_Production,1,01_Oil,1.0,2.768
140,2012-06,6,06_US_Production,1,01_Oil,1.0,2.3553
141,2012-07,6,06_US_Production,1,01_Oil,1.0,2.1593
142,2012-08,6,06_US_Production,1,01_Oil,1.0,-2.1041
143,2012-09,6,06_US_Production,1,01_Oil,1.0,-1.7441
144,2012-10,6,06_US_Production,1,01_Oil,1.0,-1.7969
145,2012-11,6,06_US_Production,1,01_Oil,1.0,-1.8593
146,2012-12,6,06_US_Production,1,01_Oil,1.0,-1.9033
147,2013-01,6,06_US_Production,1,01_Oil,1.0,-1.918
148,2013-02,6,06_US_Production,1,01_Oil,1.0,-1.8988
149,2013-03,6,06_US_Production,1,01_Oil,1.0,-1.8656
150,2013-04,6,06_US_Production,1,01_Oil,1.0,-1.9059
151,2013-05,6,06_US_Production,1,01_Oil,1.0,-2.2172
152,2013-06,6,06_US_Production,1,01_Oil,1.0,-2.9644
153,2013-07,6,06_US_Production,1,01_Oil,1.0,2.5931
154,2013-08,6,06_US_Production,1,01_Oil,1.0,2.0281
155,2013-09,6,06_US_Production,1,01_Oil,1.0,1.3842
156,2013-10,6,06_US_Production,1,01_Oil,1.0,0.4239
157,2013-11,6,06_US_Production,1,01_Oil,1.0,-0.928
158,2013-12,6,06_US_Production,1,01_Oil,1.0,-2.0965
159,2014-01,6,06_US_Production,1,01_Oil,1.0,-2.8686
160,2014-02,6,06_US_Production,1,01_Oil,1.0,2.9014
161,2014-03,6,06_US_Production,1,01_Oil,1.0,2.5514
162,2014-04,6,06_US_Production,1,01_Oil,1.0,2.3168
163,2014-05,6,06_US_Production,1,01_Oil,1.0,2.1729
164,2014-06,6,06_US_Production,1,01_Oil,1.0,2.1102
165,2014-07,6,06_US_Production,1,01_Oil,1.0,2.1337
166,2014-08,6,06_US_Production,1,01_Oil,1.0,2.2599
167,2014-09,6,06_US_Production,1,01_Oil,1.0,2.4989
168,2014-10,6,06_US_Production,1,01_Oil,1.0,2.8076
169,2014-11,6,06_US_Production,1,01_Oil,1.0,3.0942
170,2014-12,6,06_US_Production,1,01_Oil,1.0,-2.9626
171,2015-01,6,06_US_Production,1,01_Oil,1.0,-2.7744
172,2015-02,6,06_US_Production,1,01_Oil,1.0,-2.6065
173,2015-03,6,06_US_Production,1,01_Oil,1.0,-2.4657
174,2015-04,6,06_US_Production,1,01_Oil,1.0,-2.367
175,2015-05,6,06_US_Production,1,01_Oil,1.0,-2.3154
176,2015-06,6,06_US_Production,1,01_Oil,1.0,-2.307
177,2015-07,6,06_US_Production,1,01_Oil,1.0,-2.3352
178,2015-08,6,06_US_Production,1,01_Oil,1.0,-2.3932
179,2015-09,6,06_US_Production,1,01_Oil,1.0,-2.4488
180,2015-10,6,06_US_Production,1,01_Oil,1.0,-0.3999
181,2015-11,6,06_US_Production,1,01_Oil,1.0,-2.0569
182,2015-12,6,06_US_Production,1,01_Oil,1.0,-2.3923
183,2016-01,6,06_US_Production,1,01_Oil,1.0,-2.5341
184,2016-02,6,06_US_Production,1,01_Oil,1.0,-2.642
185,2016-03,6,06_US_Production,1,01_Oil,1.0,-2.7571
186,2016-04,6,06_US_Production,1,01_Oil,1.0,-3.0393
187,2016-05,6,06_US_Production,1,01_Oil,1.0,1.0007
188,2016-06,6,06_US_Production,1,01_Oil,1.0,0.6387
189,2016-07,6,06_US_Production,1,01_Oil,1.0,0.502
190,2016-08,6,06_US_Production,1,01_Oil,1.0,0.211
191,2016-09,6,06_US_Production,1,01_Oil,1.0,-0.2724
192,2016-10,6,06_US_Production,1,01_Oil,1.0,-0.5816
193,2016-11,6,06_US_Production,1,01_Oil,1.0,-0.6847
194,2016-12,6,06_US_Production,1,01_Oil,1.0,-0.6949
195,2017-01,6,06_US_Production,1,01_Oil,1.0,-0.664
196,2017-02,6,06_US_Production,1,01_Oil,1.0,-0.6099
197,2017-03,6,06_US_Production,1,01_Oil,1.0,-0.5344
198,2017-04,6,06_US_Production,1,01_Oil,1.0,-0.4212
199,2017-05,6,06_US_Production,1,01_Oil,1.0,-0.2427
200,2017-06,6,06_US_Production,1,01_Oil,1.0,-0.1231
201,2017-07,6,06_US_Production,1,01_Oil,1.0,-0.6989
202,2017-08,6,06_US_Production,1,01_Oil,1.0,-1.4458
203,2017-09,6,06_US_Production,1,01_Oil,1.0,-1.8615
204,2017-10,6,06_US_Production,1,01_Oil,1.0,-2.1205
205,2017-11,6,06_US_Production,1,01_Oil,1.0,-2.1998
206,2017-12,6,06_US_Production,1,01_Oil,1.0,-2.0655
207,2018-01,6,06_US_Production,1,01_Oil,1.0,-1.698
208,2018-02,6,06_US_Production,1,01_Oil,1.0,-1.14
209,2018-03,6,06_US_Production,1,01_Oil,1.0,0.9059
210,2018-04,6,06_US_Production,1,01_Oil,1.0,2.2091
211,2018-05,6,06_US_Production,1,01_Oil,1.0,2.5187
212,2018-06,6,06_US_Production,1,01_Oil,1.0,2.7364
213,2018-07,6,06_US_Production,1,01_Oil,1.0,2.9203
214,2018-08,6,06_US_Production,1,01_Oil,1.0,3.0838
215,2018-09,6,06_US_Production,1,01_Oil,1.0,-3.0557
216,2018-10,6,06_US_Production,1,01_Oil,1.0,-2.938
217,2018-11,6,06_US_Production,1,01_Oil,1.0,-2.8537
218,2018-12,6,06_US_Production,1,01_Oil,1.0,-2.807
219,2019-01,6,06_US_Production,1,01_Oil,1.0,-2.7962
220,2019-02,6,06_US_Production,1,01_Oil,1.0,-2.8165
221,2019-03,6,06_US_Production,1,01_Oil,1.0,-2.8938
222,2019-04,6,06_US_Production,1,01_Oil,1.0,2.9758
223,2019-05,6,06_US_Production,1,01_Oil,1.0,2.2155
224,2019-06,6,06_US_Production,1,01_Oil,1.0,2.0743
225,2019-07,6,06_US_Production,1,01_Oil,1.0,1.9901
226,2019-08,6,06_US_Production,1,01_Oil,1.0,1.7875
227,2019-09,6,06_US_Production,1,01_Oil,1.0,0.4839
228,2019-10,6,06_US_Production,1,01_Oil,1.0,-0.5547
229,2019-11,6,06_US_Production,1,01_Oil,1.0,-0.5143
230,2019-12,6,06_US_Production,1,01_Oil,1.0,-0.2931
231,2020-01,6,06_US_Production,1,01_Oil,1.0,-0.0638
232,2020-02,6,06_US_Production,1,01_Oil,1.0,0.1079
233,2020-03,6,06_US_Production,1,01_Oil,1.0,0.2324
234,2020-04,6,06_US_Production,1,01_Oil,1.0,0.3357
235,2020-05,6,06_US_Production,1,01_Oil,1.0,0.4377
236,2020-06,6,06_US_Production,1,01_Oil,1.0,0.5565
237,2020-07,6,06_US_Production,1,01_Oil,1.0,0.7151
238,2020-08,6,06_US_Production,1,01_Oil,1.0,0.9524
239,2020-09,6,06_US_Production,1,01_Oil,1.0,1.3256
240,2020-10,6,06_US_Production,1,01_Oil,1.0,1.8564
241,2020-11,6,06_US_Production,1,01_Oil,1.0,2.556
242,2020-12,6,06_US_Production,1,01_Oil,1.0,-2.0405
243,2021-01,6,06_US_Production,1,01_Oil,1.0,-1.3372
244,2021-02,6,06_US_Production,1,01_Oil,1.0,-1.3546
245,2021-03,6,06_US_Production,1,01_Oil,1.0,-1.7715
246,2021-04,6,06_US_Production,1,01_Oil,1.0,-2.4431
247,2021-05,6,06_US_Production,1,01_Oil,1.0,-2.9327
248,2021-06,6,06_US_Production,1,01_Oil,1.0,3.0159
249,2021-07,6,06_US_Production,1,01_Oil,1.0,2.7251
250,2021-08,6,06_US_Production,1,01_Oil,1.0,2.4756
251,2021-09,6,06_US_Production,1,01_Oil,1.0,2.3065
252,2021-10,6,06_US_Production,1,01_Oil,1.0,2.2248
253,2021-11,6,06_US_Production,1,01_Oil,1.0,2.2082
254,2021-12,6,06_US_Production,1,01_Oil,1.0,2.2312
255,2022-01,6,06_US_Production,1,01_Oil,1.0,2.2722
256,2022-02,6,06_US_Production,1,01_Oil,1.0,2.3109
257,2022-03,6,06_US_Production,1,01_Oil,1.0,2.3215
258,2022-04,6,06_US_Production,1,01_Oil,1.0,2.2597
259,2022-05,6,06_US_Production,1,01_Oil,1.0,2.0434
260,2022-06,6,06_US_Production,1,01_Oil,1.0,1.6005
261,2022-07,6,06_US_Production,1,01_Oil,1.0,1.0431
262,2022-08,6,06_US_Production,1,01_Oil,1.0,0.4842
263,2022-09,6,06_US_Production,1,01_Oil,1.0,0.0186
264,2022-10,6,06_US_Production,1,01_Oil,1.0,-0.2557
265,2022-11,6,06_US_Production,1,01_Oil,1.0,-0.4088
266,2022-12,6,06_US_Production,1,01_Oil,1.0,-0.5501
267,2023-01,6,06_US_Production,1,01_Oil,1.0,-0.8137
268,2023-02,6,06_US_Production,1,01_Oil,1.0,-1.3742
12,2001-10,6,06_US_Production,2,02_SP500,1.0,2.4946
13,2001-11,6,06_US_Production,2,02_SP500,1.0,2.7195
14,2001-12,6,06_US_Production,2,02_SP500,1.0,2.8526
15,2002-01,6,06_US_Production,2,02_SP500,1.0,2.9498
16,2002-02,6,06_US_Production,2,02_SP500,1.0,3.0526
17,2002-03,6,06_US_Production,2,02_SP500,1.0,-3.069
18,2002-04,6,06_US_Production,2,02_SP500,1.0,-2.7508
19,2002-05,6,06_US_Production,2,02_SP500,1.0,-2.2442
20,2002-06,6,06_US_Production,2,02_SP500,1.0,-1.8109
21,2002-07,6,06_US_Production,2,02_SP500,1.0,-1.5536
22,2002-08,6,06_US_Production,2,02_SP500,1.0,-1.4117
23,2002-09,6,06_US_Production,2,02_SP500,1.0,-1.3536
24,2002-10,6,06_US_Production,2,02_SP500,1.0,-1.353
25,2002-11,6,06_US_Production,2,02_SP500,1.0,-1.3807
26,2002-12,6,06_US_Production,2,02_SP500,1.0,-1.417
27,2003-01,6,06_US_Production,2,02_SP500,1.0,-1.4577
28,2003-02,6,06_US_Production,2,02_SP500,1.0,-1.5169
29,2003-03,6,06_US_Production,2,02_SP500,1.0,-1.6444
30,2003-04,6,06_US_Production,2,02_SP500,1.0,-2.0052
31,2003-05,6,06_US_Production,2,02_SP500,1.0,-2.7616
32,2003-06,6,06_US_Production,2,02_SP500,1.0,3.0882
33,2003-07,6,06_US_Production,2,02_SP500,1.0,3.0321
34,2003-08,6,06_US_Production,2,02_SP500,1.0,3.1034
35,2003-09,6,06_US_Production,2,02_SP500,1.0,-3.1268
36,2003-10,6,06_US_Production,2,02_SP500,1.0,2.9579
37,2003-11,6,06_US_Production,2,02_SP500,1.0,1.4655
38,2003-12,6,06_US_Production,2,02_SP500,1.0,0.6662
39,2004-01,6,06_US_Production,2,02_SP500,1.0,0.2515
40,2004-02,6,06_US_Production,2,02_SP500,1.0,-0.1844
41,2004-03,6,06_US_Production,2,02_SP500,1.0,-0.5802
42,2004-04,6,06_US_Production,2,02_SP500,1.0,-0.8951
43,2004-05,6,06_US_Production,2,02_SP500,1.0,-1.1518
44,2004-06,6,06_US_Production,2,02_SP500,1.0,-1.379
45,2004-07,6,06_US_Production,2,02_SP500,1.0,-1.5995
46,2004-08,6,06_US_Production,2,02_SP500,1.0,-1.8413
47,2004-09,6,06_US_Production,2,02_SP500,1.0,-2.1746
48,2004-10,6,06_US_Production,2,02_SP500,1.0,-2.9687
49,2004-11,6,06_US_Production,2,02_SP500,1.0,0.0623
50,2004-12,6,06_US_Production,2,02_SP500,1.0,-1.2009
51,2005-01,6,06_US_Production,2,02_SP500,1.0,-1.3952
52,2005-02,6,06_US_Production,2,02_SP500,1.0,-1.3116
53,2005-03,6,06_US_Production,2,02_SP500,1.0,-1.0042
54,2005-04,6,06_US_Production,2,02_SP500,1.0,-0.4017
55,2005-05,6,06_US_Production,2,02_SP500,1.0,0.3026
56,2005-06,6,06_US_Production,2,02_SP500,1.0,0.6508
57,2005-07,6,06_US_Production,2,02_SP500,1.0,0.659
58,2005-08,6,06_US_Production,2,02_SP500,1.0,0.3969
59,2005-09,6,06_US_Production,2,02_SP500,1.0,-0.0077
60,2005-10,6,06_US_Production,2,02_SP500,1.0,-0.3295
61,2005-11,6,06_US_Production,2,02_SP500,1.0,-0.5183
62,2005-12,6,06_US_Production,2,02_SP500,1.0,-0.6242
63,2006-01,6,06_US_Production,2,02_SP500,1.0,-0.6804
64,2006-02,6,06_US_Production,2,02_SP500,1.0,-0.6946
65,2006-03,6,06_US_Production,2,02_SP500,1.0,-0.651
66,2006-04,6,06_US_Production,2,02_SP500,1.0,-0.502
67,2006-05,6,06_US_Production,2,02_SP500,1.0,-0.1627
68,2006-06,6,06_US_Production,2,02_SP500,1.0,0.3307
69,2006-07,6,06_US_Production,2,02_SP500,1.0,0.6544
70,2006-08,6,06_US_Production,2,02_SP500,1.0,0.6801
71,2006-09,6,06_US_Production,2,02_SP500,1.0,0.3454
72,2006-10,6,06_US_Production,2,02_SP500,1.0,-0.3374
73,2006-11,6,06_US_Production,2,02_SP500,1.0,-0.7991
74,2006-12,6,06_US_Production,2,02_SP500,1.0,-1.0043
75,2007-01,6,06_US_Production,2,02_SP500,1.0,-1.1123
76,2007-02,6,06_US_Production,2,02_SP500,1.0,-1.1808
77,2007-03,6,06_US_Production,2,02_SP500,1.0,-1.2186
78,2007-04,6,06_US_Production,2,02_SP500,1.0,-1.2137
79,2007-05,6,06_US_Production,2,02_SP500,1.0,-1.1615
80,2007-06,6,06_US_Production,2,02_SP500,1.0,-1.0996
81,2007-07,6,06_US_Production,2,02_SP500,1.0,-1.0883
82,2007-08,6,06_US_Production,2,02_SP500,1.0,-1.1434
83,2007-09,6,06_US_Production,2,02_SP500,1.0,-1.2371
84,2007-10,6,06_US_Production,2,02_SP500,1.0,-1.3309
85,2007-11,6,06_US_Production,2,02_SP500,1.0,-1.3952
86,2007-12,6,06_US_Production,2,02_SP500,1.0,-1.4308
87,2008-01,6,06_US_Production,2,02_SP500,1.0,-1.4996
88,2008-02,6,06_US_Production,2,02_SP500,1.0,-1.6382
89,2008-03,6,06_US_Production,2,02_SP500,1.0,-1.7792
90,2008-04,6,06_US_Production,2,02_SP500,1.0,-1.8789
91,2008-05,6,06_US_Production,2,02_SP500,1.0,-1.9464
92,2008-06,6,06_US_Production,2,02_SP500,1.0,-1.9951
93,2008-07,6,06_US_Production,2,02_SP500,1.0,-2.032
94,2008-08,6,06_US_Production,2,02_SP500,1.0,-2.0607
95,2008-09,6,06_US_Production,2,02_SP500,1.0,-2.0837
96,2008-10,6,06_US_Production,2,02_SP500,1.0,-2.1028
97,2008-11,6,06_US_Production,2,02_SP500,1.0,-2.1186
98,2008-12,6,06_US_Production,2,02_SP500,1.0,-2.1313
99,2009-01,6,06_US_Production,2,02_SP500,1.0,-2.1393
100,2009-02,6,06_US_Production,2,02_SP500,1.0,-2.1379
101,2009-03,6,06_US_Production,2,02_SP500,1.0,-2.1163
102,2009-04,6,06_US_Production,2,02_SP500,1.0,-2.0522
103,2009-05,6,06_US_Production,2,02_SP500,1.0,-1.8986
104,2009-06,6,06_US_Production,2,02_SP500,1.0,-1.5575
105,2009-07,6,06_US_Production,2,02_SP500,1.0,-0.941
106,2009-08,6,06_US_Production,2,02_SP500,1.0,-0.2969
107,2009-09,6,06_US_Production,2,02_SP500,1.0,0.1982
108,2009-10,6,06_US_Production,2,02_SP500,1.0,0.671
109,2009-11,6,06_US_Production,2,02_SP500,1.0,1.2103
110,2009-12,6,06_US_Production,2,02_SP500,1.0,1.7779
111,2010-01,6,06_US_Production,2,02_SP500,1.0,2.2317
112,2010-02,6,06_US_Production,2,02_SP500,1.0,2.5161
113,2010-03,6,06_US_Production,2,02_SP500,1.0,2.6701
114,2010-04,6,06_US_Production,2,02_SP500,1.0,2.7317
115,2010-05,6,06_US_Production,2,02_SP500,1.0,2.7194
116,2010-06,6,06_US_Production,2,02_SP500,1.0,2.6422
117,2010-07,6,06_US_Production,2,02_SP500,1.0,2.5156
118,2010-08,6,06_US_Production,2,02_SP500,1.0,2.3754
119,2010-09,6,06_US_Production,2,02_SP500,1.0,2.3019
120,2010-10,6,06_US_Production,2,02_SP500,1.0,2.6466
121,2010-11,6,06_US_Production,2,02_SP500,1.0,-2.1816
122,2010-12,6,06_US_Production,2,02_SP500,1.0,-1.9009
123,2011-01,6,06_US_Production,2,02_SP500,1.0,-1.8754
124,2011-02,6,06_US_Production,2,02_SP500,1.0,-1.8887
125,2011-03,6,06_US_Production,2,02_SP500,1.0,-1.9031
126,2011-04,6,06_US_Production,2,02_SP500,1.0,-1.8563
127,2011-05,6,06_US_Production,2,02_SP500,1.0,1.0356
128,2011-06,6,06_US_Production,2,02_SP500,1.0,1.0715
129,2011-07,6,06_US_Production,2,02_SP500,1.0,1.0522
130,2011-08,6,06_US_Production,2,02_SP500,1.0,1.0121
131,2011-09,6,06_US_Production,2,02_SP500,1.0,0.9192
132,2011-10,6,06_US_Production,2,02_SP500,1.0,0.3969
133,2011-11,6,06_US_Production,2,02_SP500,1.0,-1.751
134,2011-12,6,06_US_Production,2,02_SP500,1.0,-1.9898
135,2012-01,6,06_US_Production,2,02_SP500,1.0,-2.1108
136,2012-02,6,06_US_Production,2,02_SP500,1.0,-2.2308
137,2012-03,6,06_US_Production,2,02_SP500,1.0,-2.3682
138,2012-04,6,06_US_Production,2,02_SP500,1.0,-2.5194
139,2012-05,6,06_US_Production,2,02_SP500,1.0,-2.665
140,2012-06,6,06_US_Production,2,02_SP500,1.0,-2.7747
141,2012-07,6,06_US_Production,2,02_SP500,1.0,-2.7631
142,2012-08,6,06_US_Production,2,02_SP500,1.0,-0.6109
143,2012-09,6,06_US_Production,2,02_SP500,1.0,-0.1478
144,2012-10,6,06_US_Production,2,02_SP500,1.0,2.9591
145,2012-11,6,06_US_Production,2,02_SP500,1.0,3.0369
146,2012-12,6,06_US_Production,2,02_SP500,1.0,3.0671
147,2013-01,6,06_US_Production,2,02_SP500,1.0,3.108
148,2013-02,6,06_US_Production,2,02_SP500,1.0,-3.1117
149,2013-03,6,06_US_Production,2,02_SP500,1.0,-2.9892
150,2013-04,6,06_US_Production,2,02_SP500,1.0,-2.6523
151,2013-05,6,06_US_Production,2,02_SP500,1.0,-2.0965
152,2013-06,6,06_US_Production,2,02_SP500,1.0,-2.3254
153,2013-07,6,06_US_Production,2,02_SP500,1.0,-2.7677
154,2013-08,6,06_US_Production,2,02_SP500,1.0,-3.0615
155,2013-09,6,06_US_Production,2,02_SP500,1.0,2.9165
156,2013-10,6,06_US_Production,2,02_SP500,1.0,2.4148
157,2013-11,6,06_US_Production,2,02_SP500,1.0,1.6462
158,2013-12,6,06_US_Production,2,02_SP500,1.0,1.0727
159,2014-01,6,06_US_Production,2,02_SP500,1.0,0.7846
160,2014-02,6,06_US_Production,2,02_SP500,1.0,0.6321
161,2014-03,6,06_US_Production,2,02_SP500,1.0,0.5481
162,2014-04,6,06_US_Production,2,02_SP500,1.0,0.5048
163,2014-05,6,06_US_Production,2,02_SP500,1.0,0.4735
164,2014-06,6,06_US_Production,2,02_SP500,1.0,0.3914
165,2014-07,6,06_US_Production,2,02_SP500,1.0,0.1722
166,2014-08,6,06_US_Production,2,02_SP500,1.0,-0.0358
167,2014-09,6,06_US_Production,2,02_SP500,1.0,0.0321
168,2014-10,6,06_US_Production,2,02_SP500,1.0,0.2996
169,2014-11,6,06_US_Production,2,02_SP500,1.0,0.592
170,2014-12,6,06_US_Production,2,02_SP500,1.0,0.8243
171,2015-01,6,06_US_Production,2,02_SP500,1.0,0.9958
172,2015-02,6,06_US_Production,2,02_SP500,1.0,1.1242
173,2015-03,6,06_US_Production,2,02_SP500,1.0,1.2188
174,2015-04,6,06_US_Production,2,02_SP500,1.0,1.278
175,2015-05,6,06_US_Production,2,02_SP500,1.0,1.2979
176,2015-06,6,06_US_Production,2,02_SP500,1.0,1.2785
177,2015-07,6,06_US_Production,2,02_SP500,1.0,1.2301
178,2015-08,6,06_US_Production,2,02_SP500,1.0,1.1746
179,2015-09,6,06_US_Production,2,02_SP500,1.0,1.1905
180,2015-10,6,06_US_Production,2,02_SP500,1.0,-2.5379
181,2015-11,6,06_US_Production,2,02_SP500,1.0,-2.424
182,2015-12,6,06_US_Production,2,02_SP500,1.0,-2.5076
183,2016-01,6,06_US_Production,2,02_SP500,1.0,-2.6253
184,2016-02,6,06_US_Production,2,02_SP500,1.0,-2.7637
185,2016-03,6,06_US_Production,2,02_SP500,1.0,-2.9167
186,2016-04,6,06_US_Production,2,02_SP500,1.0,-3.0746
187,2016-05,6,06_US_Production,2,02_SP500,1.0,3.0575
188,2016-06,6,06_US_Production,2,02_SP500,1.0,2.9118
189,2016-07,6,06_US_Production,2,02_SP500,1.0,2.7253
190,2016-08,6,06_US_Production,2,02_SP500,1.0,2.363
191,2016-09,6,06_US_Production,2,02_SP500,1.0,1.8148
192,2016-10,6,06_US_Production,2,02_SP500,1.0,1.4541
193,2016-11,6,06_US_Production,2,02_SP500,1.0,1.3185
194,2016-12,6,06_US_Production,2,02_SP500,1.0,1.3135
195,2017-01,6,06_US_Production,2,02_SP500,1.0,1.4314
196,2017-02,6,06_US_Production,2,02_SP500,1.0,1.735
197,2017-03,6,06_US_Production,2,02_SP500,1.0,2.2083
198,2017-04,6,06_US_Production,2,02_SP500,1.0,2.5467
199,2017-05,6,06_US_Production,2,02_SP500,1.0,2.624
200,2017-06,6,06_US_Production,2,02_SP500,1.0,2.428
201,2017-07,6,06_US_Production,2,02_SP500,1.0,1.7074
202,2017-08,6,06_US_Production,2,02_SP500,1.0,1.232
203,2017-09,6,06_US_Production,2,02_SP500,1.0,1.3831
204,2017-10,6,06_US_Production,2,02_SP500,1.0,1.6851
205,2017-11,6,06_US_Production,2,02_SP500,1.0,1.9895
206,2017-12,6,06_US_Production,2,02_SP500,1.0,2.3457
207,2018-01,6,06_US_Production,2,02_SP500,1.0,2.8209
208,2018-02,6,06_US_Production,2,02_SP500,1.0,-2.93
209,2018-03,6,06_US_Production,2,02_SP500,1.0,-2.4894
210,2018-04,6,06_US_Production,2,02_SP500,1.0,-2.1599
211,2018-05,6,06_US_Production,2,02_SP500,1.0,-1.8955
212,2018-06,6,06_US_Production,2,02_SP500,1.0,-1.6671
213,2018-07,6,06_US_Production,2,02_SP500,1.0,-1.4678
214,2018-08,6,06_US_Production,2,02_SP500,1.0,-1.3007
215,2018-09,6,06_US_Production,2,02_SP500,1.0,-1.169
216,2018-10,6,06_US_Production,2,02_SP500,1.0,-1.0687
217,2018-11,6,06_US_Production,2,02_SP500,1.0,-0.815
218,2018-12,6,06_US_Production,2,02_SP500,1.0,1.852
219,2019-01,6,06_US_Production,2,02_SP500,1.0,1.8403
220,2019-02,6,06_US_Production,2,02_SP500,1.0,1.7754
221,2019-03,6,06_US_Production,2,02_SP500,1.0,1.7627
222,2019-04,6,06_US_Production,2,02_SP500,1.0,1.8907
223,2019-05,6,06_US_Production,2,02_SP500,1.0,2.1371
224,2019-06,6,06_US_Production,2,02_SP500,1.0,2.296
225,2019-07,6,06_US_Production,2,02_SP500,1.0,2.2849
226,2019-08,6,06_US_Production,2,02_SP500,1.0,2.0959
227,2019-09,6,06_US_Production,2,02_SP500,1.0,0.7691
228,2019-10,6,06_US_Production,2,02_SP500,1.0,-0.1815
229,2019-11,6,06_US_Production,2,02_SP500,1.0,2.5072
230,2019-12,6,06_US_Production,2,02_SP500,1.0,2.4852
231,2020-01,6,06_US_Production,2,02_SP500,1.0,2.4886
232,2020-02,6,06_US_Production,2,02_SP500,1.0,2.517
233,2020-03,6,06_US_Production,2,02_SP500,1.0,2.5711
234,2020-04,6,06_US_Production,2,02_SP500,1.0,2.6559
235,2020-05,6,06_US_Production,2,02_SP500,1.0,2.7792
236,2020-06,6,06_US_Production,2,02_SP500,1.0,2.9491
237,2020-07,6,06_US_Production,2,02_SP500,1.0,-3.1164
238,2020-08,6,06_US_Production,2,02_SP500,1.0,-2.865
239,2020-09,6,06_US_Production,2,02_SP500,1.0,-2.6036
240,2020-10,6,06_US_Production,2,02_SP500,1.0,-2.3282
241,2020-11,6,06_US_Production,2,02_SP500,1.0,-1.8777
242,2020-12,6,06_US_Production,2,02_SP500,1.0,-0.3133
243,2021-01,6,06_US_Production,2,02_SP500,1.0,0.3992
244,2021-02,6,06_US_Production,2,02_SP500,1.0,0.5513
245,2021-03,6,06_US_Production,2,02_SP500,1.0,0.5804
246,2021-04,6,06_US_Production,2,02_SP500,1.0,0.546
247,2021-05,6,06_US_Production,2,02_SP500,1.0,0.4523
248,2021-06,6,06_US_Production,2,02_SP500,1.0,0.2867
249,2021-07,6,06_US_Production,2,02_SP500,1.0,0.0511
250,2021-08,6,06_US_Production,2,02_SP500,1.0,-0.2048
251,2021-09,6,06_US_Production,2,02_SP500,1.0,-0.4152
252,2021-10,6,06_US_Production,2,02_SP500,1.0,-0.5578
253,2021-11,6,06_US_Production,2,02_SP500,1.0,-0.6448
254,2021-12,6,06_US_Production,2,02_SP500,1.0,-0.6947
255,2022-01,6,06_US_Production,2,02_SP500,1.0,-0.7181
256,2022-02,6,06_US_Production,2,02_SP500,1.0,-0.7174
257,2022-03,6,06_US_Production,2,02_SP500,1.0,-0.6902
258,2022-04,6,06_US_Production,2,02_SP500,1.0,-0.6364
259,2022-05,6,06_US_Production,2,02_SP500,1.0,-0.5716
260,2022-06,6,06_US_Production,2,02_SP500,1.0,-0.5423
261,2022-07,6,06_US_Production,2,02_SP500,1.0,-0.6298
262,2022-08,6,06_US_Production,2,02_SP500,1.0,-0.8897
263,2022-09,6,06_US_Production,2,02_SP500,1.0,-1.1829
264,2022-10,6,06_US_Production,2,02_SP500,1.0,-1.3417
265,2022-11,6,06_US_Production,2,02_SP500,1.0,-1.3846
266,2022-12,6,06_US_Production,2,02_SP500,1.0,-1.3656
267,2023-01,6,06_US_Production,2,02_SP500,1.0,-1.3204
268,2023-02,6,06_US_Production,2,02_SP500,1.0,-1.2787
12,2001-10,6,06_US_Production,3,03_US10Y,1.0,1.2918
13,2001-11,6,06_US_Production,3,03_US10Y,1.0,1.5337
14,2001-12,6,06_US_Production,3,03_US10Y,1.0,1.699
15,2002-01,6,06_US_Production,3,03_US10Y,1.0,1.844
16,2002-02,6,06_US_Production,3,03_US10Y,1.0,2.0207
17,2002-03,6,06_US_Production,3,03_US10Y,1.0,2.2968
18,2002-04,6,06_US_Production,3,03_US10Y,1.0,2.7822
19,2002-05,6,06_US_Production,3,03_US10Y,1.0,-2.7776
20,2002-06,6,06_US_Production,3,03_US10Y,1.0,-2.1063
21,2002-07,6,06_US_Production,3,03_US10Y,1.0,-1.6371
22,2002-08,6,06_US_Production,3,03_US10Y,1.0,-1.3506
23,2002-09,6,06_US_Production,3,03_US10Y,1.0,-1.2326
24,2002-10,6,06_US_Production,3,03_US10Y,1.0,-1.2702
25,2002-11,6,06_US_Production,3,03_US10Y,1.0,-1.4725
26,2002-12,6,06_US_Production,3,03_US10Y,1.0,-1.862
27,2003-01,6,06_US_Production,3,03_US10Y,1.0,-2.3049
28,2003-02,6,06_US_Production,3,03_US10Y,1.0,-2.5834
29,2003-03,6,06_US_Production,3,03_US10Y,1.0,-2.6947
30,2003-04,6,06_US_Production,3,03_US10Y,1.0,-2.7033
31,2003-05,6,06_US_Production,3,03_US10Y,1.0,-2.6454
32,2003-06,6,06_US_Production,3,03_US10Y,1.0,-2.538
33,2003-07,6,06_US_Production,3,03_US10Y,1.0,-2.3975
34,2003-08,6,06_US_Production,3,03_US10Y,1.0,-2.2555
35,2003-09,6,06_US_Production,3,03_US10Y,1.0,-2.1643
36,2003-10,6,06_US_Production,3,03_US10Y,1.0,-2.1802
37,2003-11,6,06_US_Production,3,03_US10Y,1.0,-2.3588
38,2003-12,6,06_US_Production,3,03_US10Y,1.0,-2.7824
39,2004-01,6,06_US_Production,3,03_US10Y,1.0,2.7212
40,2004-02,6,06_US_Production,3,03_US10Y,1.0,1.6991
41,2004-03,6,06_US_Production,3,03_US10Y,1.0,0.8785
42,2004-04,6,06_US_Production,3,03_US10Y,1.0,0.3428
43,2004-05,6,06_US_Production,3,03_US10Y,1.0,-0.0287
44,2004-06,6,06_US_Production,3,03_US10Y,1.0,-0.3179
45,2004-07,6,06_US_Production,3,03_US10Y,1.0,-0.5642
46,2004-08,6,06_US_Production,3,03_US10Y,1.0,-0.7827
47,2004-09,6,06_US_Production,3,03_US10Y,1.0,-0.9608
48,2004-10,6,06_US_Production,3,03_US10Y,1.0,-0.9548
49,2004-11,6,06_US_Production,3,03_US10Y,1.0,-1.3518
50,2004-12,6,06_US_Production,3,03_US10Y,1.0,-1.8134
51,2005-01,6,06_US_Production,3,03_US10Y,1.0,-1.9622
52,2005-02,6,06_US_Production,3,03_US10Y,1.0,-2.0096
53,2005-03,6,06_US_Production,3,03_US10Y,1.0,-1.8862
54,2005-04,6,06_US_Production,3,03_US10Y,1.0,-1.4483
55,2005-05,6,06_US_Production,3,03_US10Y,1.0,-0.8312
56,2005-06,6,06_US_Production,3,03_US10Y,1.0,-0.4485
57,2005-07,6,06_US_Production,3,03_US10Y,1.0,-0.2379
58,2005-08,6,06_US_Production,3,03_US10Y,1.0,-0.0857
59,2005-09,6,06_US_Production,3,03_US10Y,1.0,0.0493
60,2005-10,6,06_US_Production,3,03_US10Y,1.0,0.1754
61,2005-11,6,06_US_Production,3,03_US10Y,1.0,0.2891
62,2005-12,6,06_US_Production,3,03_US10Y,1.0,0.3839
63,2006-01,6,06_US_Production,3,03_US10Y,1.0,0.4567
64,2006-02,6,06_US_Production,3,03_US10Y,1.0,0.5115
65,2006-03,6,06_US_Production,3,03_US10Y,1.0,0.5691
66,2006-04,6,06_US_Production,3,03_US10Y,1.0,0.6949
67,2006-05,6,06_US_Production,3,03_US10Y,1.0,1.0335
68,2006-06,6,06_US_Production,3,03_US10Y,1.0,1.6641
69,2006-07,6,06_US_Production,3,03_US10Y,1.0,2.3693
70,2006-08,6,06_US_Production,3,03_US10Y,1.0,2.9561
71,2006-09,6,06_US_Production,3,03_US10Y,1.0,-2.9542
72,2006-10,6,06_US_Production,3,03_US10Y,1.0,-2.7384
73,2006-11,6,06_US_Production,3,03_US10Y,1.0,-2.6153
74,2006-12,6,06_US_Production,3,03_US10Y,1.0,-2.5552
75,2007-01,6,06_US_Production,3,03_US10Y,1.0,-2.5446
76,2007-02,6,06_US_Production,3,03_US10Y,1.0,-2.5737
77,2007-03,6,06_US_Production,3,03_US10Y,1.0,-2.6264
78,2007-04,6,06_US_Production,3,03_US10Y,1.0,-2.6749
79,2007-05,6,06_US_Production,3,03_US10Y,1.0,-2.6934
80,2007-06,6,06_US_Production,3,03_US10Y,1.0,-2.6944
81,2007-07,6,06_US_Production,3,03_US10Y,1.0,-2.7211
82,2007-08,6,06_US_Production,3,03_US10Y,1.0,-2.7891
83,2007-09,6,06_US_Production,3,03_US10Y,1.0,-2.8841
84,2007-10,6,06_US_Production,3,03_US10Y,1.0,-2.9892
85,2007-11,6,06_US_Production,3,03_US10Y,1.0,-3.0988
86,2007-12,6,06_US_Production,3,03_US10Y,1.0,3.057
87,2008-01,6,06_US_Production,3,03_US10Y,1.0,2.8815
88,2008-02,6,06_US_Production,3,03_US10Y,1.0,2.6706
89,2008-03,6,06_US_Production,3,03_US10Y,1.0,2.4612
90,2008-04,6,06_US_Production,3,03_US10Y,1.0,2.2173
91,2008-05,6,06_US_Production,3,03_US10Y,1.0,1.9019
92,2008-06,6,06_US_Production,3,03_US10Y,1.0,1.5758
93,2008-07,6,06_US_Production,3,03_US10Y,1.0,1.3232
94,2008-08,6,06_US_Production,3,03_US10Y,1.0,1.1556
95,2008-09,6,06_US_Production,3,03_US10Y,1.0,1.0478
96,2008-10,6,06_US_Production,3,03_US10Y,1.0,0.9785
97,2008-11,6,06_US_Production,3,03_US10Y,1.0,0.9363
98,2008-12,6,06_US_Production,3,03_US10Y,1.0,0.9165
99,2009-01,6,06_US_Production,3,03_US10Y,1.0,0.9184
100,2009-02,6,06_US_Production,3,03_US10Y,1.0,0.945
101,2009-03,6,06_US_Production,3,03_US10Y,1.0,1.0043
102,2009-04,6,06_US_Production,3,03_US10Y,1.0,1.1149
103,2009-05,6,06_US_Production,3,03_US10Y,1.0,1.3197
104,2009-06,6,06_US_Production,3,03_US10Y,1.0,1.7122
105,2009-07,6,06_US_Production,3,03_US10Y,1.0,2.3774
106,2009-08,6,06_US_Production,3,03_US10Y,1.0,3.0716
107,2009-09,6,06_US_Production,3,03_US10Y,1.0,-2.6335
108,2009-10,6,06_US_Production,3,03_US10Y,1.0,-1.9255
109,2009-11,6,06_US_Production,3,03_US10Y,1.0,-0.7567
110,2009-12,6,06_US_Production,3,03_US10Y,1.0,0.4382
111,2010-01,6,06_US_Production,3,03_US10Y,1.0,1.1537
112,2010-02,6,06_US_Production,3,03_US10Y,1.0,1.5573
113,2010-03,6,06_US_Production,3,03_US10Y,1.0,1.7862
114,2010-04,6,06_US_Production,3,03_US10Y,1.0,1.9047
115,2010-05,6,06_US_Production,3,03_US10Y,1.0,1.9307
116,2010-06,6,06_US_Production,3,03_US10Y,1.0,1.859
117,2010-07,6,06_US_Production,3,03_US10Y,1.0,1.6826
118,2010-08,6,06_US_Production,3,03_US10Y,1.0,1.4077
119,2010-09,6,06_US_Production,3,03_US10Y,1.0,1.0587
120,2010-10,6,06_US_Production,3,03_US10Y,1.0,0.6768
121,2010-11,6,06_US_Production,3,03_US10Y,1.0,0.3195
122,2010-12,6,06_US_Production,3,03_US10Y,1.0,0.0346
123,2011-01,6,06_US_Production,3,03_US10Y,1.0,-0.1526
124,2011-02,6,06_US_Production,3,03_US10Y,1.0,-0.2172
125,2011-03,6,06_US_Production,3,03_US10Y,1.0,-0.0986
126,2011-04,6,06_US_Production,3,03_US10Y,1.0,0.2606
127,2011-05,6,06_US_Production,3,03_US10Y,1.0,0.6514
128,2011-06,6,06_US_Production,3,03_US10Y,1.0,0.8475
129,2011-07,6,06_US_Production,3,03_US10Y,1.0,0.9031
130,2011-08,6,06_US_Production,3,03_US10Y,1.0,0.8839
131,2011-09,6,06_US_Production,3,03_US10Y,1.0,0.7892
132,2011-10,6,06_US_Production,3,03_US10Y,1.0,0.2555
133,2011-11,6,06_US_Production,3,03_US10Y,1.0,-1.9096
134,2011-12,6,06_US_Production,3,03_US10Y,1.0,-2.1747
135,2012-01,6,06_US_Production,3,03_US10Y,1.0,-2.3437
136,2012-02,6,06_US_Production,3,03_US10Y,1.0,-2.5572
137,2012-03,6,06_US_Production,3,03_US10Y,1.0,-2.8629
138,2012-04,6,06_US_Production,3,03_US10Y,1.0,3.0318
139,2012-05,6,06_US_Production,3,03_US10Y,1.0,2.6417
140,2012-06,6,06_US_Production,3,03_US10Y,1.0,2.3046
141,2012-07,6,06_US_Production,3,03_US10Y,1.0,2.0482
142,2012-08,6,06_US_Production,3,03_US10Y,1.0,-2.4901
143,2012-09,6,06_US_Production,3,03_US10Y,1.0,-2.618
144,2012-10,6,06_US_Production,3,03_US10Y,1.0,3.0982
145,2012-11,6,06_US_Production,3,03_US10Y,1.0,2.6257
146,2012-12,6,06_US_Production,3,03_US10Y,1.0,2.229
147,2013-01,6,06_US_Production,3,03_US10Y,1.0,1.8693
148,2013-02,6,06_US_Production,3,03_US10Y,1.0,1.5341
149,2013-03,6,06_US_Production,3,03_US10Y,1.0,1.2044
150,2013-04,6,06_US_Production,3,03_US10Y,1.0,0.8232
151,2013-05,6,06_US_Production,3,03_US10Y,1.0,0.2459
152,2013-06,6,06_US_Production,3,03_US10Y,1.0,-0.6639
153,2013-07,6,06_US_Production,3,03_US10Y,1.0,-1.4731
154,2013-08,6,06_US_Production,3,03_US10Y,1.0,-2.3151
155,2013-09,6,06_US_Production,3,03_US10Y,1.0,1.3711
156,2013-10,6,06_US_Production,3,03_US10Y,1.0,0.5729
157,2013-11,6,06_US_Production,3,03_US10Y,1.0,-0.2906
158,2013-12,6,06_US_Production,3,03_US10Y,1.0,-0.9095
159,2014-01,6,06_US_Production,3,03_US10Y,1.0,-1.221
160,2014-02,6,06_US_Production,3,03_US10Y,1.0,-1.3865
161,2014-03,6,06_US_Production,3,03_US10Y,1.0,-1.4796
162,2014-04,6,06_US_Production,3,03_US10Y,1.0,-1.5251
163,2014-05,6,06_US_Production,3,03_US10Y,1.0,-1.5218
164,2014-06,6,06_US_Production,3,03_US10Y,1.0,-1.4455
165,2014-07,6,06_US_Production,3,03_US10Y,1.0,-1.249
166,2014-08,6,06_US_Production,3,03_US10Y,1.0,-0.9064
167,2014-09,6,06_US_Production,3,03_US10Y,1.0,-0.4808
168,2014-10,6,06_US_Production,3,03_US10Y,1.0,-0.0515
169,2014-11,6,06_US_Production,3,03_US10Y,1.0,0.3219
170,2014-12,6,06_US_Production,3,03_US10Y,1.0,0.6226
171,2015-01,6,06_US_Production,3,03_US10Y,1.0,0.8758
172,2015-02,6,06_US_Production,3,03_US10Y,1.0,1.1041
173,2015-03,6,06_US_Production,3,03_US10Y,1.0,1.3125
174,2015-04,6,06_US_Production,3,03_US10Y,1.0,1.4931
175,2015-05,6,06_US_Production,3,03_US10Y,1.0,1.637
176,2015-06,6,06_US_Production,3,03_US10Y,1.0,1.7369
177,2015-07,6,06_US_Production,3,03_US10Y,1.0,1.7861
178,2015-08,6,06_US_Production,3,03_US10Y,1.0,1.7667
179,2015-09,6,06_US_Production,3,03_US10Y,1.0,1.6172
180,2015-10,6,06_US_Production,3,03_US10Y,1.0,-3.0684
181,2015-11,6,06_US_Production,3,03_US10Y,1.0,2.5712
182,2015-12,6,06_US_Production,3,03_US10Y,1.0,2.3551
183,2016-01,6,06_US_Production,3,03_US10Y,1.0,2.2412
184,2016-02,6,06_US_Production,3,03_US10Y,1.0,2.1473
185,2016-03,6,06_US_Production,3,03_US10Y,1.0,2.0506
186,2016-04,6,06_US_Production,3,03_US10Y,1.0,1.9437
187,2016-05,6,06_US_Production,3,03_US10Y,1.0,1.8294
188,2016-06,6,06_US_Production,3,03_US10Y,1.0,1.7163
189,2016-07,6,06_US_Production,3,03_US10Y,1.0,1.5867
190,2016-08,6,06_US_Production,3,03_US10Y,1.0,1.3285
191,2016-09,6,06_US_Production,3,03_US10Y,1.0,0.9255
192,2016-10,6,06_US_Production,3,03_US10Y,1.0,0.7192
193,2016-11,6,06_US_Production,3,03_US10Y,1.0,0.7096
194,2016-12,6,06_US_Production,3,03_US10Y,1.0,0.7661
195,2017-01,6,06_US_Production,3,03_US10Y,1.0,0.8368
196,2017-02,6,06_US_Production,3,03_US10Y,1.0,0.9109
197,2017-03,6,06_US_Production,3,03_US10Y,1.0,0.9895
198,2017-04,6,06_US_Production,3,03_US10Y,1.0,1.071
199,2017-05,6,06_US_Production,3,03_US10Y,1.0,1.1308
200,2017-06,6,06_US_Production,3,03_US10Y,1.0,1.0424
201,2017-07,6,06_US_Production,3,03_US10Y,1.0,0.4313
202,2017-08,6,06_US_Production,3,03_US10Y,1.0,-0.0442
203,2017-09,6,06_US_Production,3,03_US10Y,1.0,-0.0157
204,2017-10,6,06_US_Production,3,03_US10Y,1.0,0.177
205,2017-11,6,06_US_Production,3,03_US10Y,1.0,0.4585
206,2017-12,6,06_US_Production,3,03_US10Y,1.0,0.847
207,2018-01,6,06_US_Production,3,03_US10Y,1.0,1.3705
208,2018-02,6,06_US_Production,3,03_US10Y,1.0,1.9412
209,2018-03,6,06_US_Production,3,03_US10Y,1.0,2.392
210,2018-04,6,06_US_Production,3,03_US10Y,1.0,2.6907
211,2018-05,6,06_US_Production,3,03_US10Y,1.0,2.871
212,2018-06,6,06_US_Production,3,03_US10Y,1.0,2.9519
213,2018-07,6,06_US_Production,3,03_US10Y,1.0,2.9381
214,2018-08,6,06_US_Production,3,03_US10Y,1.0,2.8424
215,2018-09,6,06_US_Production,3,03_US10Y,1.0,2.7034
216,2018-10,6,06_US_Production,3,03_US10Y,1.0,2.5682
217,2018-11,6,06_US_Production,3,03_US10Y,1.0,2.4536
218,2018-12,6,06_US_Production,3,03_US10Y,1.0,2.3527
219,2019-01,6,06_US_Production,3,03_US10Y,1.0,2.2603
220,2019-02,6,06_US_Production,3,03_US10Y,1.0,2.1859
221,2019-03,6,06_US_Production,3,03_US10Y,1.0,2.1613
222,2019-04,6,06_US_Production,3,03_US10Y,1.0,2.2403
223,2019-05,6,06_US_Production,3,03_US10Y,1.0,2.3973
224,2019-06,6,06_US_Production,3,03_US10Y,1.0,2.4811
225,2019-07,6,06_US_Production,3,03_US10Y,1.0,2.4846
226,2019-08,6,06_US_Production,3,03_US10Y,1.0,2.4403
227,2019-09,6,06_US_Production,3,03_US10Y,1.0,1.4109
228,2019-10,6,06_US_Production,3,03_US10Y,1.0,0.7253
229,2019-11,6,06_US_Production,3,03_US10Y,1.0,0.9938
230,2019-12,6,06_US_Production,3,03_US10Y,1.0,1.2134
231,2020-01,6,06_US_Production,3,03_US10Y,1.0,1.3367
232,2020-02,6,06_US_Production,3,03_US10Y,1.0,1.398
233,2020-03,6,06_US_Production,3,03_US10Y,1.0,1.4211
234,2020-04,6,06_US_Production,3,03_US10Y,1.0,1.4182
235,2020-05,6,06_US_Production,3,03_US10Y,1.0,1.3953
236,2020-06,6,06_US_Production,3,03_US10Y,1.0,1.3564
237,2020-07,6,06_US_Production,3,03_US10Y,1.0,1.3032
238,2020-08,6,06_US_Production,3,03_US10Y,1.0,1.2336
239,2020-09,6,06_US_Production,3,03_US10Y,1.0,1.136
240,2020-10,6,06_US_Production,3,03_US10Y,1.0,0.9812
241,2020-11,6,06_US_Production,3,03_US10Y,1.0,0.815
242,2020-12,6,06_US_Production,3,03_US10Y,1.0,1.6206
243,2021-01,6,06_US_Production,3,03_US10Y,1.0,1.829
244,2021-02,6,06_US_Production,3,03_US10Y,1.0,1.7426
245,2021-03,6,06_US_Production,3,03_US10Y,1.0,1.6854
246,2021-04,6,06_US_Production,3,03_US10Y,1.0,1.6934
247,2021-05,6,06_US_Production,3,03_US10Y,1.0,1.8138
248,2021-06,6,06_US_Production,3,03_US10Y,1.0,2.0325
249,2021-07,6,06_US_Production,3,03_US10Y,1.0,2.1428
250,2021-08,6,06_US_Production,3,03_US10Y,1.0,2.0807
251,2021-09,6,06_US_Production,3,03_US10Y,1.0,1.9767
252,2021-10,6,06_US_Production,3,03_US10Y,1.0,1.9165
253,2021-11,6,06_US_Production,3,03_US10Y,1.0,1.9239
254,2021-12,6,06_US_Production,3,03_US10Y,1.0,1.9997
255,2022-01,6,06_US_Production,3,03_US10Y,1.0,2.1329
256,2022-02,6,06_US_Production,3,03_US10Y,1.0,2.2895
257,2022-03,6,06_US_Production,3,03_US10Y,1.0,2.4133
258,2022-04,6,06_US_Production,3,03_US10Y,1.0,2.4592
259,2022-05,6,06_US_Production,3,03_US10Y,1.0,2.4083
260,2022-06,6,06_US_Production,3,03_US10Y,1.0,2.2434
261,2022-07,6,06_US_Production,3,03_US10Y,1.0,1.923
262,2022-08,6,06_US_Production,3,03_US10Y,1.0,1.4227
263,2022-09,6,06_US_Production,3,03_US10Y,1.0,0.8985
264,2022-10,6,06_US_Production,3,03_US10Y,1.0,0.523
265,2022-11,6,06_US_Production,3,03_US10Y,1.0,0.2764
266,2022-12,6,06_US_Production,3,03_US10Y,1.0,0.103
267,2023-01,6,06_US_Production,3,03_US10Y,1.0,-0.03
268,2023-02,6,06_US_Production,3,03_US10Y,1.0,-0.1364
12,2001-10,6,06_US_Production,4,04_US_Economy,1.0,2.4593
13,2001-11,6,06_US_Production,4,04_US_Economy,1.0,2.6895
14,2001-12,6,06_US_Production,4,04_US_Economy,1.0,2.8257
15,2002-01,6,06_US_Production,4,04_US_Economy,1.0,2.9247
16,2002-02,6,06_US_Production,4,04_US_Economy,1.0,3.0288
17,2002-03,6,06_US_Production,4,04_US_Economy,1.0,-3.0912
18,2002-04,6,06_US_Production,4,04_US_Economy,1.0,-2.7703
19,2002-05,6,06_US_Production,4,04_US_Economy,1.0,-2.2604
20,2002-06,6,06_US_Production,4,04_US_Economy,1.0,-1.8251
21,2002-07,6,06_US_Production,4,04_US_Economy,1.0,-1.5656
22,2002-08,6,06_US_Production,4,04_US_Economy,1.0,-1.4163
23,2002-09,6,06_US_Production,4,04_US_Economy,1.0,-1.3449
24,2002-10,6,06_US_Production,4,04_US_Economy,1.0,-1.3269
25,2002-11,6,06_US_Production,4,04_US_Economy,1.0,-1.3338
26,2002-12,6,06_US_Production,4,04_US_Economy,1.0,-1.3442
27,2003-01,6,06_US_Production,4,04_US_Economy,1.0,-1.3494
28,2003-02,6,06_US_Production,4,04_US_Economy,1.0,-1.3546
29,2003-03,6,06_US_Production,4,04_US_Economy,1.0,-1.3901
30,2003-04,6,06_US_Production,4,04_US_Economy,1.0,-1.6388
31,2003-05,6,06_US_Production,4,04_US_Economy,1.0,-3.066
32,2003-06,6,06_US_Production,4,04_US_Economy,1.0,2.7638
33,2003-07,6,06_US_Production,4,04_US_Economy,1.0,2.822
34,2003-08,6,06_US_Production,4,04_US_Economy,1.0,2.9742
35,2003-09,6,06_US_Production,4,04_US_Economy,1.0,3.1019
36,2003-10,6,06_US_Production,4,04_US_Economy,1.0,3.0449
37,2003-11,6,06_US_Production,4,04_US_Economy,1.0,2.0436
38,2003-12,6,06_US_Production,4,04_US_Economy,1.0,0.8305
39,2004-01,6,06_US_Production,4,04_US_Economy,1.0,0.3483
40,2004-02,6,06_US_Production,4,04_US_Economy,1.0,-0.1077
41,2004-03,6,06_US_Production,4,04_US_Economy,1.0,-0.516
42,2004-04,6,06_US_Production,4,04_US_Economy,1.0,-0.842
43,2004-05,6,06_US_Production,4,04_US_Economy,1.0,-1.1102
44,2004-06,6,06_US_Production,4,04_US_Economy,1.0,-1.3519
45,2004-07,6,06_US_Production,4,04_US_Economy,1.0,-1.5937
46,2004-08,6,06_US_Production,4,04_US_Economy,1.0,-1.8725
47,2004-09,6,06_US_Production,4,04_US_Economy,1.0,-2.2749
48,2004-10,6,06_US_Production,4,04_US_Economy,1.0,-3.1076
49,2004-11,6,06_US_Production,4,04_US_Economy,1.0,0.6391
50,2004-12,6,06_US_Production,4,04_US_Economy,1.0,-0.6462
51,2005-01,6,06_US_Production,4,04_US_Economy,1.0,-0.9483
52,2005-02,6,06_US_Production,4,04_US_Economy,1.0,-0.961
53,2005-03,6,06_US_Production,4,04_US_Economy,1.0,-0.7581
54,2005-04,6,06_US_Production,4,04_US_Economy,1.0,-0.2606
55,2005-05,6,06_US_Production,4,04_US_Economy,1.0,0.3548
56,2005-06,6,06_US_Production,4,04_US_Economy,1.0,0.6327
57,2005-07,6,06_US_Production,4,04_US_Economy,1.0,0.5696
58,2005-08,6,06_US_Production,4,04_US_Economy,1.0,0.1984
59,2005-09,6,06_US_Production,4,04_US_Economy,1.0,-0.2956
60,2005-10,6,06_US_Production,4,04_US_Economy,1.0,-0.616
61,2005-11,6,06_US_Production,4,04_US_Economy,1.0,-0.7732
62,2005-12,6,06_US_Production,4,04_US_Economy,1.0,-0.8442
63,2006-01,6,06_US_Production,4,04_US_Economy,1.0,-0.8633
64,2006-02,6,06_US_Production,4,04_US_Economy,1.0,-0.8369
65,2006-03,6,06_US_Production,4,04_US_Economy,1.0,-0.7501
66,2006-04,6,06_US_Production,4,04_US_Economy,1.0,-0.5576
67,2006-05,6,06_US_Production,4,04_US_Economy,1.0,-0.1748
68,2006-06,6,06_US_Production,4,04_US_Economy,1.0,0.3652
69,2006-07,6,06_US_Production,4,04_US_Economy,1.0,0.7493
70,2006-08,6,06_US_Production,4,04_US_Economy,1.0,0.8822
71,2006-09,6,06_US_Production,4,04_US_Economy,1.0,0.7893
72,2006-10,6,06_US_Production,4,04_US_Economy,1.0,0.3694
73,2006-11,6,06_US_Production,4,04_US_Economy,1.0,-0.3235
74,2006-12,6,06_US_Production,4,04_US_Economy,1.0,-0.7702
75,2007-01,6,06_US_Production,4,04_US_Economy,1.0,-0.9892
76,2007-02,6,06_US_Production,4,04_US_Economy,1.0,-1.1173
77,2007-03,6,06_US_Production,4,04_US_Economy,1.0,-1.1967
78,2007-04,6,06_US_Production,4,04_US_Economy,1.0,-1.2258
79,2007-05,6,06_US_Production,4,04_US_Economy,1.0,-1.2023
80,2007-06,6,06_US_Production,4,04_US_Economy,1.0,-1.1636
81,2007-07,6,06_US_Production,4,04_US_Economy,1.0,-1.1696
82,2007-08,6,06_US_Production,4,04_US_Economy,1.0,-1.2369
83,2007-09,6,06_US_Production,4,04_US_Economy,1.0,-1.3393
84,2007-10,6,06_US_Production,4,04_US_Economy,1.0,-1.4404
85,2007-11,6,06_US_Production,4,04_US_Economy,1.0,-1.5124
86,2007-12,6,06_US_Production,4,04_US_Economy,1.0,-1.5525
87,2008-01,6,06_US_Production,4,04_US_Economy,1.0,-1.6126
88,2008-02,6,06_US_Production,4,04_US_Economy,1.0,-1.7299
89,2008-03,6,06_US_Production,4,04_US_Economy,1.0,-1.8497
90,2008-04,6,06_US_Production,4,04_US_Economy,1.0,-1.9335
91,2008-05,6,06_US_Production,4,04_US_Economy,1.0,-1.9898
92,2008-06,6,06_US_Production,4,04_US_Economy,1.0,-2.0302
93,2008-07,6,06_US_Production,4,04_US_Economy,1.0,-2.0609
94,2008-08,6,06_US_Production,4,04_US_Economy,1.0,-2.0852
95,2008-09,6,06_US_Production,4,04_US_Economy,1.0,-2.1057
96,2008-10,6,06_US_Production,4,04_US_Economy,1.0,-2.1241
97,2008-11,6,06_US_Production,4,04_US_Economy,1.0,-2.1417
98,2008-12,6,06_US_Production,4,04_US_Economy,1.0,-2.1583
99,2009-01,6,06_US_Production,4,04_US_Economy,1.0,-2.1725
100,2009-02,6,06_US_Production,4,04_US_Economy,1.0,-2.1791
101,2009-03,6,06_US_Production,4,04_US_Economy,1.0,-2.1666
102,2009-04,6,06_US_Production,4,04_US_Economy,1.0,-2.1116
103,2009-05,6,06_US_Production,4,04_US_Economy,1.0,-1.9652
104,2009-06,6,06_US_Production,4,04_US_Economy,1.0,-1.6269
105,2009-07,6,06_US_Production,4,04_US_Economy,1.0,-1.0056
106,2009-08,6,06_US_Production,4,04_US_Economy,1.0,-0.3462
107,2009-09,6,06_US_Production,4,04_US_Economy,1.0,0.1749
108,2009-10,6,06_US_Production,4,04_US_Economy,1.0,0.6777
109,2009-11,6,06_US_Production,4,04_US_Economy,1.0,1.24
110,2009-12,6,06_US_Production,4,04_US_Economy,1.0,1.8183
111,2010-01,6,06_US_Production,4,04_US_Economy,1.0,2.2731
112,2010-02,6,06_US_Production,4,04_US_Economy,1.0,2.554
113,2010-03,6,06_US_Production,4,04_US_Economy,1.0,2.7028
114,2010-04,6,06_US_Production,4,04_US_Economy,1.0,2.7586
115,2010-05,6,06_US_Production,4,04_US_Economy,1.0,2.7399
116,2010-06,6,06_US_Production,4,04_US_Economy,1.0,2.6544
117,2010-07,6,06_US_Production,4,04_US_Economy,1.0,2.5147
118,2010-08,6,06_US_Production,4,04_US_Economy,1.0,2.3485
119,2010-09,6,06_US_Production,4,04_US_Economy,1.0,2.2039
120,2010-10,6,06_US_Production,4,04_US_Economy,1.0,2.1991
121,2010-11,6,06_US_Production,4,04_US_Economy,1.0,-2.1717
122,2010-12,6,06_US_Production,4,04_US_Economy,1.0,-1.6219
123,2011-01,6,06_US_Production,4,04_US_Economy,1.0,-1.5687
124,2011-02,6,06_US_Production,4,04_US_Economy,1.0,-1.5127
125,2011-03,6,06_US_Production,4,04_US_Economy,1.0,-1.3659
126,2011-04,6,06_US_Production,4,04_US_Economy,1.0,-0.8827
127,2011-05,6,06_US_Production,4,04_US_Economy,1.0,0.1916
128,2011-06,6,06_US_Production,4,04_US_Economy,1.0,0.6838
129,2011-07,6,06_US_Production,4,04_US_Economy,1.0,0.8278
130,2011-08,6,06_US_Production,4,04_US_Economy,1.0,0.8616
131,2011-09,6,06_US_Production,4,04_US_Economy,1.0,0.8084
132,2011-10,6,06_US_Production,4,04_US_Economy,1.0,0.31
133,2011-11,6,06_US_Production,4,04_US_Economy,1.0,-1.8221
134,2011-12,6,06_US_Production,4,04_US_Economy,1.0,-2.0492
135,2012-01,6,06_US_Production,4,04_US_Economy,1.0,-2.161
136,2012-02,6,06_US_Production,4,04_US_Economy,1.0,-2.2748
137,2012-03,6,06_US_Production,4,04_US_Economy,1.0,-2.4118
138,2012-04,6,06_US_Production,4,04_US_Economy,1.0,-2.5736
139,2012-05,6,06_US_Production,4,04_US_Economy,1.0,-2.746
140,2012-06,6,06_US_Production,4,04_US_Economy,1.0,-2.9025
141,2012-07,6,06_US_Production,4,04_US_Economy,1.0,-2.9667
142,2012-08,6,06_US_Production,4,04_US_Economy,1.0,-0.9542
143,2012-09,6,06_US_Production,4,04_US_Economy,1.0,-0.8595
144,2012-10,6,06_US_Production,4,04_US_Economy,1.0,-1.977
145,2012-11,6,06_US_Production,4,04_US_Economy,1.0,-2.7044
146,2012-12,6,06_US_Production,4,04_US_Economy,1.0,-2.8907
147,2013-01,6,06_US_Production,4,04_US_Economy,1.0,-2.936
148,2013-02,6,06_US_Production,4,04_US_Economy,1.0,-2.9067
149,2013-03,6,06_US_Production,4,04_US_Economy,1.0,-2.7817
150,2013-04,6,06_US_Production,4,04_US_Economy,1.0,-2.4555
151,2013-05,6,06_US_Production,4,04_US_Economy,1.0,-2.1066
152,2013-06,6,06_US_Production,4,04_US_Economy,1.0,-2.412
153,2013-07,6,06_US_Production,4,04_US_Economy,1.0,-2.8518
154,2013-08,6,06_US_Production,4,04_US_Economy,1.0,-3.1336
155,2013-09,6,06_US_Production,4,04_US_Economy,1.0,2.8585
156,2013-10,6,06_US_Production,4,04_US_Economy,1.0,2.3726
157,2013-11,6,06_US_Production,4,04_US_Economy,1.0,1.6218
158,2013-12,6,06_US_Production,4,04_US_Economy,1.0,1.0686
159,2014-01,6,06_US_Production,4,04_US_Economy,1.0,0.8035
160,2014-02,6,06_US_Production,4,04_US_Economy,1.0,0.6783
161,2014-03,6,06_US_Production,4,04_US_Economy,1.0,0.6275
162,2014-04,6,06_US_Production,4,04_US_Economy,1.0,0.6267
163,2014-05,6,06_US_Production,4,04_US_Economy,1.0,0.6514
164,2014-06,6,06_US_Production,4,04_US_Economy,1.0,0.644
165,2014-07,6,06_US_Production,4,04_US_Economy,1.0,0.4872
166,2014-08,6,06_US_Production,4,04_US_Economy,1.0,0.2074
167,2014-09,6,06_US_Production,4,04_US_Economy,1.0,0.1697
168,2014-10,6,06_US_Production,4,04_US_Economy,1.0,0.3835
169,2014-11,6,06_US_Production,4,04_US_Economy,1.0,0.6496
170,2014-12,6,06_US_Production,4,04_US_Economy,1.0,0.8672
171,2015-01,6,06_US_Production,4,04_US_Economy,1.0,1.0295
172,2015-02,6,06_US_Production,4,04_US_Economy,1.0,1.1523
173,2015-03,6,06_US_Production,4,04_US_Economy,1.0,1.2439
174,2015-04,6,06_US_Production,4,04_US_Economy,1.0,1.3015
175,2015-05,6,06_US_Production,4,04_US_Economy,1.0,1.3193
176,2015-06,6,06_US_Production,4,04_US_Economy,1.0,1.2964
177,2015-07,6,06_US_Production,4,04_US_Economy,1.0,1.2434
178,2015-08,6,06_US_Production,4,04_US_Economy,1.0,1.1834
179,2015-09,6,06_US_Production,4,04_US_Economy,1.0,1.1957
180,2015-10,6,06_US_Production,4,04_US_Economy,1.0,-2.5355
181,2015-11,6,06_US_Production,4,04_US_Economy,1.0,-2.4235
182,2015-12,6,06_US_Production,4,04_US_Economy,1.0,-2.508
183,2016-01,6,06_US_Production,4,04_US_Economy,1.0,-2.6258
184,2016-02,6,06_US_Production,4,04_US_Economy,1.0,-2.7638
185,2016-03,6,06_US_Production,4,04_US_Economy,1.0,-2.9171
186,2016-04,6,06_US_Production,4,04_US_Economy,1.0,-3.0776
187,2016-05,6,06_US_Production,4,04_US_Economy,1.0,3.0477
188,2016-06,6,06_US_Production,4,04_US_Economy,1.0,2.8908
189,2016-07,6,06_US_Production,4,04_US_Economy,1.0,2.6896
190,2016-08,6,06_US_Production,4,04_US_Economy,1.0,2.3109
191,2016-09,6,06_US_Production,4,04_US_Economy,1.0,1.7456
192,2016-10,6,06_US_Production,4,04_US_Economy,1.0,1.3671
193,2016-11,6,06_US_Production,4,04_US_Economy,1.0,1.212
194,2016-12,6,06_US_Production,4,04_US_Economy,1.0,1.1839
195,2017-01,6,06_US_Production,4,04_US_Economy,1.0,1.2745
196,2017-02,6,06_US_Production,4,04_US_Economy,1.0,1.5684
197,2017-03,6,06_US_Production,4,04_US_Economy,1.0,2.1181
198,2017-04,6,06_US_Production,4,04_US_Economy,1.0,2.526
199,2017-05,6,06_US_Production,4,04_US_Economy,1.0,2.6138
200,2017-06,6,06_US_Production,4,04_US_Economy,1.0,2.4151
201,2017-07,6,06_US_Production,4,04_US_Economy,1.0,1.6932
202,2017-08,6,06_US_Production,4,04_US_Economy,1.0,1.2238
203,2017-09,6,06_US_Production,4,04_US_Economy,1.0,1.3895
204,2017-10,6,06_US_Production,4,04_US_Economy,1.0,1.702
205,2017-11,6,06_US_Production,4,04_US_Economy,1.0,2.0082
206,2017-12,6,06_US_Production,4,04_US_Economy,1.0,2.3621
207,2018-01,6,06_US_Production,4,04_US_Economy,1.0,2.8331
208,2018-02,6,06_US_Production,4,04_US_Economy,1.0,-2.9234
209,2018-03,6,06_US_Production,4,04_US_Economy,1.0,-2.4898
210,2018-04,6,06_US_Production,4,04_US_Economy,1.0,-2.1694
211,2018-05,6,06_US_Production,4,04_US_Economy,1.0,-1.9169
212,2018-06,6,06_US_Production,4,04_US_Economy,1.0,-1.7047
213,2018-07,6,06_US_Production,4,04_US_Economy,1.0,-1.5283
214,2018-08,6,06_US_Production,4,04_US_Economy,1.0,-1.396
215,2018-09,6,06_US_Production,4,04_US_Economy,1.0,-1.3255
216,2018-10,6,06_US_Production,4,04_US_Economy,1.0,-1.372
217,2018-11,6,06_US_Production,4,04_US_Economy,1.0,-2.0631
218,2018-12,6,06_US_Production,4,04_US_Economy,1.0,2.3153
219,2019-01,6,06_US_Production,4,04_US_Economy,1.0,2.0155
220,2019-02,6,06_US_Production,4,04_US_Economy,1.0,1.8572
221,2019-03,6,06_US_Production,4,04_US_Economy,1.0,1.7975
222,2019-04,6,06_US_Production,4,04_US_Economy,1.0,1.8997
223,2019-05,6,06_US_Production,4,04_US_Economy,1.0,2.1324
224,2019-06,6,06_US_Production,4,04_US_Economy,1.0,2.2842
225,2019-07,6,06_US_Production,4,04_US_Economy,1.0,2.2688
226,2019-08,6,06_US_Production,4,04_US_Economy,1.0,2.0758
227,2019-09,6,06_US_Production,4,04_US_Economy,1.0,0.7422
228,2019-10,6,06_US_Production,4,04_US_Economy,1.0,-0.3082
229,2019-11,6,06_US_Production,4,04_US_Economy,1.0,2.4928
230,2019-12,6,06_US_Production,4,04_US_Economy,1.0,2.4659
231,2020-01,6,06_US_Production,4,04_US_Economy,1.0,2.4657
232,2020-02,6,06_US_Production,4,04_US_Economy,1.0,2.4915
233,2020-03,6,06_US_Production,4,04_US_Economy,1.0,2.5438
234,2020-04,6,06_US_Production,4,04_US_Economy,1.0,2.6282
235,2020-05,6,06_US_Production,4,04_US_Economy,1.0,2.753
236,2020-06,6,06_US_Production,4,04_US_Economy,1.0,2.9272
237,2020-07,6,06_US_Production,4,04_US_Economy,1.0,-3.1318
238,2020-08,6,06_US_Production,4,04_US_Economy,1.0,-2.8745
239,2020-09,6,06_US_Production,4,04_US_Economy,1.0,-2.6108
240,2020-10,6,06_US_Production,4,04_US_Economy,1.0,-2.3367
241,2020-11,6,06_US_Production,4,04_US_Economy,1.0,-1.8892
242,2020-12,6,06_US_Production,4,04_US_Economy,1.0,-0.3276
243,2021-01,6,06_US_Production,4,04_US_Economy,1.0,0.3835
244,2021-02,6,06_US_Production,4,04_US_Economy,1.0,0.5363
245,2021-03,6,06_US_Production,4,04_US_Economy,1.0,0.5685
246,2021-04,6,06_US_Production,4,04_US_Economy,1.0,0.5398
247,2021-05,6,06_US_Production,4,04_US_Economy,1.0,0.4543
248,2021-06,6,06_US_Production,4,04_US_Economy,1.0,0.2983
249,2021-07,6,06_US_Production,4,04_US_Economy,1.0,0.072
250,2021-08,6,06_US_Production,4,04_US_Economy,1.0,-0.1774
251,2021-09,6,06_US_Production,4,04_US_Economy,1.0,-0.3849
252,2021-10,6,06_US_Production,4,04_US_Economy,1.0,-0.5281
253,2021-11,6,06_US_Production,4,04_US_Economy,1.0,-0.6184
254,2021-12,6,06_US_Production,4,04_US_Economy,1.0,-0.6729
255,2022-01,6,06_US_Production,4,04_US_Economy,1.0,-0.7012
256,2022-02,6,06_US_Production,4,04_US_Economy,1.0,-0.7041
257,2022-03,6,06_US_Production,4,04_US_Economy,1.0,-0.6784
258,2022-04,6,06_US_Production,4,04_US_Economy,1.0,-0.624
259,2022-05,6,06_US_Production,4,04_US_Economy,1.0,-0.5575
260,2022-06,6,06_US_Production,4,04_US_Economy,1.0,-0.5262
261,2022-07,6,06_US_Production,4,04_US_Economy,1.0,-0.612
262,2022-08,6,06_US_Production,4,04_US_Economy,1.0,-0.8707
263,2022-09,6,06_US_Production,4,04_US_Economy,1.0,-1.1633
264,2022-10,6,06_US_Production,4,04_US_Economy,1.0,-1.3221
265,2022-11,6,06_US_Production,4,04_US_Economy,1.0,-1.3658
266,2022-12,6,06_US_Production,4,04_US_Economy,1.0,-1.3491
267,2023-01,6,06_US_Production,4,04_US_Economy,1.0,-1.308
268,2023-02,6,06_US_Production,4,04_US_Economy,1.0,-1.2723
12,2001-10,6,06_US_Production,5,05_US_Inflation,1.0,-0.4674
13,2001-11,6,06_US_Production,5,05_US_Inflation,1.0,-0.2691
14,2001-12,6,06_US_Production,5,05_US_Inflation,1.0,-0.0507
15,2002-01,6,06_US_Production,5,05_US_Inflation,1.0,0.2388
16,2002-02,6,06_US_Production,5,05_US_Inflation,1.0,0.6386
17,2002-03,6,06_US_Production,5,05_US_Inflation,1.0,1.154
18,2002-04,6,06_US_Production,5,05_US_Inflation,1.0,1.7932
19,2002-05,6,06_US_Production,5,05_US_Inflation,1.0,2.5269
20,2002-06,6,06_US_Production,5,05_US_Inflation,1.0,3.0712
21,2002-07,6,06_US_Production,5,05_US_Inflation,1.0,-2.9416
22,2002-08,6,06_US_Production,5,05_US_Inflation,1.0,-2.8136
23,2002-09,6,06_US_Production,5,05_US_Inflation,1.0,-2.6262
24,2002-10,6,06_US_Production,5,05_US_Inflation,1.0,-0.9951
25,2002-11,6,06_US_Production,5,05_US_Inflation,1.0,-0.3789
26,2002-12,6,06_US_Production,5,05_US_Inflation,1.0,-0.3607
27,2003-01,6,06_US_Production,5,05_US_Inflation,1.0,-0.4013
28,2003-02,6,06_US_Production,5,05_US_Inflation,1.0,-0.4458
29,2003-03,6,06_US_Production,5,05_US_Inflation,1.0,-0.4812
30,2003-04,6,06_US_Production,5,05_US_Inflation,1.0,-0.5018
31,2003-05,6,06_US_Production,5,05_US_Inflation,1.0,-0.5015
32,2003-06,6,06_US_Production,5,05_US_Inflation,1.0,-0.4736
33,2003-07,6,06_US_Production,5,05_US_Inflation,1.0,-0.4126
34,2003-08,6,06_US_Production,5,05_US_Inflation,1.0,2.3501
35,2003-09,6,06_US_Production,5,05_US_Inflation,1.0,2.702
36,2003-10,6,06_US_Production,5,05_US_Inflation,1.0,2.621
37,2003-11,6,06_US_Production,5,05_US_Inflation,1.0,2.4053
38,2003-12,6,06_US_Production,5,05_US_Inflation,1.0,2.0267
39,2004-01,6,06_US_Production,5,05_US_Inflation,1.0,1.4608
40,2004-02,6,06_US_Production,5,05_US_Inflation,1.0,0.7517
41,2004-03,6,06_US_Production,5,05_US_Inflation,1.0,0.0205
42,2004-04,6,06_US_Production,5,05_US_Inflation,1.0,-0.6533
43,2004-05,6,06_US_Production,5,05_US_Inflation,1.0,-1.2502
44,2004-06,6,06_US_Production,5,05_US_Inflation,1.0,-1.7808
45,2004-07,6,06_US_Production,5,05_US_Inflation,1.0,-2.2693
46,2004-08,6,06_US_Production,5,05_US_Inflation,1.0,-2.7421
47,2004-09,6,06_US_Production,5,05_US_Inflation,1.0,3.048
48,2004-10,6,06_US_Production,5,05_US_Inflation,1.0,2.3938
49,2004-11,6,06_US_Production,5,05_US_Inflation,1.0,0.4019
50,2004-12,6,06_US_Production,5,05_US_Inflation,1.0,-0.6648
51,2005-01,6,06_US_Production,5,05_US_Inflation,1.0,-1.0773
52,2005-02,6,06_US_Production,5,05_US_Inflation,1.0,-1.3113
53,2005-03,6,06_US_Production,5,05_US_Inflation,1.0,-1.3537
54,2005-04,6,06_US_Production,5,05_US_Inflation,1.0,-1.0975
55,2005-05,6,06_US_Production,5,05_US_Inflation,1.0,-0.7993
56,2005-06,6,06_US_Production,5,05_US_Inflation,1.0,-2.5933
57,2005-07,6,06_US_Production,5,05_US_Inflation,1.0,-3.0548
58,2005-08,6,06_US_Production,5,05_US_Inflation,1.0,-3.1194
59,2005-09,6,06_US_Production,5,05_US_Inflation,1.0,3.1348
60,2005-10,6,06_US_Production,5,05_US_Inflation,1.0,3.1224
61,2005-11,6,06_US_Production,5,05_US_Inflation,1.0,3.1262
62,2005-12,6,06_US_Production,5,05_US_Inflation,1.0,-3.1315
63,2006-01,6,06_US_Production,5,05_US_Inflation,1.0,-3.0727
64,2006-02,6,06_US_Production,5,05_US_Inflation,1.0,-2.9564
65,2006-03,6,06_US_Production,5,05_US_Inflation,1.0,-2.7325
66,2006-04,6,06_US_Production,5,05_US_Inflation,1.0,-2.3029
67,2006-05,6,06_US_Production,5,05_US_Inflation,1.0,-1.5612
68,2006-06,6,06_US_Production,5,05_US_Inflation,1.0,-0.6713
69,2006-07,6,06_US_Production,5,05_US_Inflation,1.0,-0.0704
70,2006-08,6,06_US_Production,5,05_US_Inflation,1.0,0.1971
71,2006-09,6,06_US_Production,5,05_US_Inflation,1.0,0.2851
72,2006-10,6,06_US_Production,5,05_US_Inflation,1.0,0.2899
73,2006-11,6,06_US_Production,5,05_US_Inflation,1.0,0.2575
74,2006-12,6,06_US_Production,5,05_US_Inflation,1.0,0.2131
75,2007-01,6,06_US_Production,5,05_US_Inflation,1.0,0.1772
76,2007-02,6,06_US_Production,5,05_US_Inflation,1.0,0.1722
77,2007-03,6,06_US_Production,5,05_US_Inflation,1.0,0.2314
78,2007-04,6,06_US_Production,5,05_US_Inflation,1.0,0.4137
79,2007-05,6,06_US_Production,5,05_US_Inflation,1.0,0.8493
80,2007-06,6,06_US_Production,5,05_US_Inflation,1.0,1.7172
81,2007-07,6,06_US_Production,5,05_US_Inflation,1.0,2.3695
82,2007-08,6,06_US_Production,5,05_US_Inflation,1.0,2.4983
83,2007-09,6,06_US_Production,5,05_US_Inflation,1.0,2.3713
84,2007-10,6,06_US_Production,5,05_US_Inflation,1.0,2.1417
85,2007-11,6,06_US_Production,5,05_US_Inflation,1.0,1.898
86,2007-12,6,06_US_Production,5,05_US_Inflation,1.0,1.662
87,2008-01,6,06_US_Production,5,05_US_Inflation,1.0,1.4039
88,2008-02,6,06_US_Production,5,05_US_Inflation,1.0,1.1546
89,2008-03,6,06_US_Production,5,05_US_Inflation,1.0,1.0123
90,2008-04,6,06_US_Production,5,05_US_Inflation,1.0,1.0058
91,2008-05,6,06_US_Production,5,05_US_Inflation,1.0,1.1041
92,2008-06,6,06_US_Production,5,05_US_Inflation,1.0,1.2705
93,2008-07,6,06_US_Production,5,05_US_Inflation,1.0,1.4637
94,2008-08,6,06_US_Production,5,05_US_Inflation,1.0,1.6392
95,2008-09,6,06_US_Production,5,05_US_Inflation,1.0,1.767
96,2008-10,6,06_US_Production,5,05_US_Inflation,1.0,1.8397
97,2008-11,6,06_US_Production,5,05_US_Inflation,1.0,1.8635
98,2008-12,6,06_US_Production,5,05_US_Inflation,1.0,1.8481
99,2009-01,6,06_US_Production,5,05_US_Inflation,1.0,1.8033
100,2009-02,6,06_US_Production,5,05_US_Inflation,1.0,1.7392
101,2009-03,6,06_US_Production,5,05_US_Inflation,1.0,1.6695
102,2009-04,6,06_US_Production,5,05_US_Inflation,1.0,1.6185
103,2009-05,6,06_US_Production,5,05_US_Inflation,1.0,1.6355
104,2009-06,6,06_US_Production,5,05_US_Inflation,1.0,1.822
105,2009-07,6,06_US_Production,5,05_US_Inflation,1.0,2.2681
106,2009-08,6,06_US_Production,5,05_US_Inflation,1.0,2.7238
107,2009-09,6,06_US_Production,5,05_US_Inflation,1.0,3.0038
108,2009-10,6,06_US_Production,5,05_US_Inflation,1.0,-3.0614
109,2009-11,6,06_US_Production,5,05_US_Inflation,1.0,-2.8477
110,2009-12,6,06_US_Production,5,05_US_Inflation,1.0,-2.8074
111,2010-01,6,06_US_Production,5,05_US_Inflation,1.0,2.9938
112,2010-02,6,06_US_Production,5,05_US_Inflation,1.0,2.5766
113,2010-03,6,06_US_Production,5,05_US_Inflation,1.0,2.4317
114,2010-04,6,06_US_Production,5,05_US_Inflation,1.0,2.3506
115,2010-05,6,06_US_Production,5,05_US_Inflation,1.0,2.2596
116,2010-06,6,06_US_Production,5,05_US_Inflation,1.0,2.1311
117,2010-07,6,06_US_Production,5,05_US_Inflation,1.0,1.9608
118,2010-08,6,06_US_Production,5,05_US_Inflation,1.0,1.7571
119,2010-09,6,06_US_Production,5,05_US_Inflation,1.0,1.5218
120,2010-10,6,06_US_Production,5,05_US_Inflation,1.0,1.2342
121,2010-11,6,06_US_Production,5,05_US_Inflation,1.0,0.8673
122,2010-12,6,06_US_Production,5,05_US_Inflation,1.0,0.444
123,2011-01,6,06_US_Production,5,05_US_Inflation,1.0,0.0445
124,2011-02,6,06_US_Production,5,05_US_Inflation,1.0,-0.2852
125,2011-03,6,06_US_Production,5,05_US_Inflation,1.0,-0.5536
126,2011-04,6,06_US_Production,5,05_US_Inflation,1.0,-0.7802
127,2011-05,6,06_US_Production,5,05_US_Inflation,1.0,-0.9782
128,2011-06,6,06_US_Production,5,05_US_Inflation,1.0,-1.156
129,2011-07,6,06_US_Production,5,05_US_Inflation,1.0,-1.3203
130,2011-08,6,06_US_Production,5,05_US_Inflation,1.0,-1.4804
131,2011-09,6,06_US_Production,5,05_US_Inflation,1.0,-1.667
132,2011-10,6,06_US_Production,5,05_US_Inflation,1.0,-2.2443
133,2011-11,6,06_US_Production,5,05_US_Inflation,1.0,1.8997
134,2011-12,6,06_US_Production,5,05_US_Inflation,1.0,1.7649
135,2012-01,6,06_US_Production,5,05_US_Inflation,1.0,1.8137
136,2012-02,6,06_US_Production,5,05_US_Inflation,1.0,1.797
137,2012-03,6,06_US_Production,5,05_US_Inflation,1.0,1.6436
138,2012-04,6,06_US_Production,5,05_US_Inflation,1.0,1.4146
139,2012-05,6,06_US_Production,5,05_US_Inflation,1.0,1.1702
140,2012-06,6,06_US_Production,5,05_US_Inflation,1.0,0.932
141,2012-07,6,06_US_Production,5,05_US_Inflation,1.0,0.7556
142,2012-08,6,06_US_Production,5,05_US_Inflation,1.0,2.6348
143,2012-09,6,06_US_Production,5,05_US_Inflation,1.0,2.7423
144,2012-10,6,06_US_Production,5,05_US_Inflation,1.0,2.4027
145,2012-11,6,06_US_Production,5,05_US_Inflation,1.0,2.0845
146,2012-12,6,06_US_Production,5,05_US_Inflation,1.0,1.8255
147,2013-01,6,06_US_Production,5,05_US_Inflation,1.0,1.6092
148,2013-02,6,06_US_Production,5,05_US_Inflation,1.0,1.4086
149,2013-03,6,06_US_Production,5,05_US_Inflation,1.0,1.1897
150,2013-04,6,06_US_Production,5,05_US_Inflation,1.0,0.8929
151,2013-05,6,06_US_Production,5,05_US_Inflation,1.0,0.3802
152,2013-06,6,06_US_Production,5,05_US_Inflation,1.0,-0.472
153,2013-07,6,06_US_Production,5,05_US_Inflation,1.0,-1.1996
154,2013-08,6,06_US_Production,5,05_US_Inflation,1.0,-1.6703
155,2013-09,6,06_US_Production,5,05_US_Inflation,1.0,-2.1575
156,2013-10,6,06_US_Production,5,05_US_Inflation,1.0,0.5343
157,2013-11,6,06_US_Production,5,05_US_Inflation,1.0,-0.3683
158,2013-12,6,06_US_Production,5,05_US_Inflation,1.0,-1.0475
159,2014-01,6,06_US_Production,5,05_US_Inflation,1.0,-1.4443
160,2014-02,6,06_US_Production,5,05_US_Inflation,1.0,-1.7155
161,2014-03,6,06_US_Production,5,05_US_Inflation,1.0,-1.9289
162,2014-04,6,06_US_Production,5,05_US_Inflation,1.0,-2.0972
163,2014-05,6,06_US_Production,5,05_US_Inflation,1.0,-2.1504
164,2014-06,6,06_US_Production,5,05_US_Inflation,1.0,-1.2701
165,2014-07,6,06_US_Production,5,05_US_Inflation,1.0,-0.077
166,2014-08,6,06_US_Production,5,05_US_Inflation,1.0,0.0866
167,2014-09,6,06_US_Production,5,05_US_Inflation,1.0,0.2545
168,2014-10,6,06_US_Production,5,05_US_Inflation,1.0,0.4829
169,2014-11,6,06_US_Production,5,05_US_Inflation,1.0,0.6908
170,2014-12,6,06_US_Production,5,05_US_Inflation,1.0,0.8286
171,2015-01,6,06_US_Production,5,05_US_Inflation,1.0,0.9074
172,2015-02,6,06_US_Production,5,05_US_Inflation,1.0,0.9504
173,2015-03,6,06_US_Production,5,05_US_Inflation,1.0,0.9725
174,2015-04,6,06_US_Production,5,05_US_Inflation,1.0,0.9799
175,2015-05,6,06_US_Production,5,05_US_Inflation,1.0,0.9735
176,2015-06,6,06_US_Production,5,05_US_Inflation,1.0,0.949
177,2015-07,6,06_US_Production,5,05_US_Inflation,1.0,0.8998
178,2015-08,6,06_US_Production,5,05_US_Inflation,1.0,0.8254
179,2015-09,6,06_US_Production,5,05_US_Inflation,1.0,0.7875
180,2015-10,6,06_US_Production,5,05_US_Inflation,1.0,-3.0292
181,2015-11,6,06_US_Production,5,05_US_Inflation,1.0,-3.02
182,2015-12,6,06_US_Production,5,05_US_Inflation,1.0,3.079
183,2016-01,6,06_US_Production,5,05_US_Inflation,1.0,2.8737
184,2016-02,6,06_US_Production,5,05_US_Inflation,1.0,2.6529
185,2016-03,6,06_US_Production,5,05_US_Inflation,1.0,2.3942
186,2016-04,6,06_US_Production,5,05_US_Inflation,1.0,2.0368
187,2016-05,6,06_US_Production,5,05_US_Inflation,1.0,1.4438
188,2016-06,6,06_US_Production,5,05_US_Inflation,1.0,0.6588
189,2016-07,6,06_US_Production,5,05_US_Inflation,1.0,0.0752
190,2016-08,6,06_US_Production,5,05_US_Inflation,1.0,-0.4513
191,2016-09,6,06_US_Production,5,05_US_Inflation,1.0,-1.0627
192,2016-10,6,06_US_Production,5,05_US_Inflation,1.0,-1.4477
193,2016-11,6,06_US_Production,5,05_US_Inflation,1.0,-1.6017
194,2016-12,6,06_US_Production,5,05_US_Inflation,1.0,-1.6516
195,2017-01,6,06_US_Production,5,05_US_Inflation,1.0,-1.6543
196,2017-02,6,06_US_Production,5,05_US_Inflation,1.0,-1.6314
197,2017-03,6,06_US_Production,5,05_US_Inflation,1.0,-1.5972
198,2017-04,6,06_US_Production,5,05_US_Inflation,1.0,-1.5756
199,2017-05,6,06_US_Production,5,05_US_Inflation,1.0,-1.6201
200,2017-06,6,06_US_Production,5,05_US_Inflation,1.0,-1.8818
201,2017-07,6,06_US_Production,5,05_US_Inflation,1.0,-2.7353
202,2017-08,6,06_US_Production,5,05_US_Inflation,1.0,2.7866
203,2017-09,6,06_US_Production,5,05_US_Inflation,1.0,2.5157
204,2017-10,6,06_US_Production,5,05_US_Inflation,1.0,2.4132
205,2017-11,6,06_US_Production,5,05_US_Inflation,1.0,2.4126
206,2017-12,6,06_US_Production,5,05_US_Inflation,1.0,2.5391
207,2018-01,6,06_US_Production,5,05_US_Inflation,1.0,2.8263
208,2018-02,6,06_US_Production,5,05_US_Inflation,1.0,-3.0941
209,2018-03,6,06_US_Production,5,05_US_Inflation,1.0,-2.8207
210,2018-04,6,06_US_Production,5,05_US_Inflation,1.0,-2.6637
211,2018-05,6,06_US_Production,5,05_US_Inflation,1.0,-2.58
212,2018-06,6,06_US_Production,5,05_US_Inflation,1.0,-2.5385
213,2018-07,6,06_US_Production,5,05_US_Inflation,1.0,-2.527
214,2018-08,6,06_US_Production,5,05_US_Inflation,1.0,-2.546
215,2018-09,6,06_US_Production,5,05_US_Inflation,1.0,-2.6066
216,2018-10,6,06_US_Production,5,05_US_Inflation,1.0,-2.7445
217,2018-11,6,06_US_Production,5,05_US_Inflation,1.0,3.1141
218,2018-12,6,06_US_Production,5,05_US_Inflation,1.0,1.1462
219,2019-01,6,06_US_Production,5,05_US_Inflation,1.0,0.5902
220,2019-02,6,06_US_Production,5,05_US_Inflation,1.0,0.418
221,2019-03,6,06_US_Production,5,05_US_Inflation,1.0,0.3892
222,2019-04,6,06_US_Production,5,05_US_Inflation,1.0,0.5369
223,2019-05,6,06_US_Production,5,05_US_Inflation,1.0,0.8172
224,2019-06,6,06_US_Production,5,05_US_Inflation,1.0,1.014
225,2019-07,6,06_US_Production,5,05_US_Inflation,1.0,1.0443
226,2019-08,6,06_US_Production,5,05_US_Inflation,1.0,0.9174
227,2019-09,6,06_US_Production,5,05_US_Inflation,1.0,-0.269
228,2019-10,6,06_US_Production,5,05_US_Inflation,1.0,-0.9656
229,2019-11,6,06_US_Production,5,05_US_Inflation,1.0,-0.3114
230,2019-12,6,06_US_Production,5,05_US_Inflation,1.0,0.0457
231,2020-01,6,06_US_Production,5,05_US_Inflation,1.0,0.1339
232,2020-02,6,06_US_Production,5,05_US_Inflation,1.0,0.135
233,2020-03,6,06_US_Production,5,05_US_Inflation,1.0,0.1046
234,2020-04,6,06_US_Production,5,05_US_Inflation,1.0,0.0609
235,2020-05,6,06_US_Production,5,05_US_Inflation,1.0,0.0099
236,2020-06,6,06_US_Production,5,05_US_Inflation,1.0,-0.0483
237,2020-07,6,06_US_Production,5,05_US_Inflation,1.0,-0.1193
238,2020-08,6,06_US_Production,5,05_US_Inflation,1.0,-0.2208
239,2020-09,6,06_US_Production,5,05_US_Inflation,1.0,-0.412
240,2020-10,6,06_US_Production,5,05_US_Inflation,1.0,-0.9069
241,2020-11,6,06_US_Production,5,05_US_Inflation,1.0,-1.5759
242,2020-12,6,06_US_Production,5,05_US_Inflation,1.0,-0.5679
243,2021-01,6,06_US_Production,5,05_US_Inflation,1.0,-0.0589
244,2021-02,6,06_US_Production,5,05_US_Inflation,1.0,0.0889
245,2021-03,6,06_US_Production,5,05_US_Inflation,1.0,0.5038
246,2021-04,6,06_US_Production,5,05_US_Inflation,1.0,1.5944
247,2021-05,6,06_US_Production,5,05_US_Inflation,1.0,1.9109
248,2021-06,6,06_US_Production,5,05_US_Inflation,1.0,1.7923
249,2021-07,6,06_US_Production,5,05_US_Inflation,1.0,1.5047
250,2021-08,6,06_US_Production,5,05_US_Inflation,1.0,1.1553
251,2021-09,6,06_US_Production,5,05_US_Inflation,1.0,0.8321
252,2021-10,6,06_US_Production,5,05_US_Inflation,1.0,0.5808
253,2021-11,6,06_US_Production,5,05_US_Inflation,1.0,0.4167
254,2021-12,6,06_US_Production,5,05_US_Inflation,1.0,0.347
255,2022-01,6,06_US_Production,5,05_US_Inflation,1.0,0.3717
256,2022-02,6,06_US_Production,5,05_US_Inflation,1.0,0.4793
257,2022-03,6,06_US_Production,5,05_US_Inflation,1.0,0.6429
258,2022-04,6,06_US_Production,5,05_US_Inflation,1.0,0.825
259,2022-05,6,06_US_Production,5,05_US_Inflation,1.0,0.9828
260,2022-06,6,06_US_Production,5,05_US_Inflation,1.0,1.0631
261,2022-07,6,06_US_Production,5,05_US_Inflation,1.0,0.9911
262,2022-08,6,06_US_Production,5,05_US_Inflation,1.0,0.7217
263,2022-09,6,06_US_Production,5,05_US_Inflation,1.0,0.4036
264,2022-10,6,06_US_Production,5,05_US_Inflation,1.0,0.2119
265,2022-11,6,06_US_Production,5,05_US_Inflation,1.0,0.1336
266,2022-12,6,06_US_Production,5,05_US_Inflation,1.0,0.122
267,2023-01,6,06_US_Production,5,05_US_Inflation,1.0,0.1564
268,2023-02,6,06_US_Production,5,05_US_Inflation,1.0,0.2394
12,2001-10,6,06_US_Production,6,06_US_Production,1.0,-0.0
13,2001-11,6,06_US_Production,6,06_US_Production,1.0,-0.0
14,2001-12,6,06_US_Production,6,06_US_Production,1.0,0.0
15,2002-01,6,06_US_Production,6,06_US_Production,1.0,-0.0
16,2002-02,6,06_US_Production,6,06_US_Production,1.0,0.0
17,2002-03,6,06_US_Production,6,06_US_Production,1.0,0.0
18,2002-04,6,06_US_Production,6,06_US_Production,1.0,0.0
19,2002-05,6,06_US_Production,6,06_US_Production,1.0,-0.0
20,2002-06,6,06_US_Production,6,06_US_Production,1.0,-0.0
21,2002-07,6,06_US_Production,6,06_US_Production,1.0,-0.0
22,2002-08,6,06_US_Production,6,06_US_Production,1.0,-0.0
23,2002-09,6,06_US_Production,6,06_US_Production,1.0,0.0
24,2002-10,6,06_US_Production,6,06_US_Production,1.0,0.0
25,2002-11,6,06_US_Production,6,06_US_Production,1.0,-0.0
26,2002-12,6,06_US_Production,6,06_US_Production,1.0,0.0
27,2003-01,6,06_US_Production,6,06_US_Production,1.0,0.0
28,2003-02,6,06_US_Production,6,06_US_Production,1.0,-0.0
29,2003-03,6,06_US_Production,6,06_US_Production,1.0,0.0
30,2003-04,6,06_US_Production,6,06_US_Production,1.0,0.0
31,2003-05,6,06_US_Production,6,06_US_Production,1.0,0.0
32,2003-06,6,06_US_Production,6,06_US_Production,1.0,0.0
33,2003-07,6,06_US_Production,6,06_US_Production,1.0,0.0
34,2003-08,6,06_US_Production,6,06_US_Production,1.0,-0.0
35,2003-09,6,06_US_Production,6,06_US_Production,1.0,-0.0
36,2003-10,6,06_US_Production,6,06_US_Production,1.0,0.0
37,2003-11,6,06_US_Production,6,06_US_Production,1.0,-0.0
38,2003-12,6,06_US_Production,6,06_US_Production,1.0,-0.0
39,2004-01,6,06_US_Production,6,06_US_Production,1.0,-0.0
40,2004-02,6,06_US_Production,6,06_US_Production,1.0,-0.0
41,2004-03,6,06_US_Production,6,06_US_Production,1.0,-0.0
42,2004-04,6,06_US_Production,6,06_US_Production,1.0,0.0
43,2004-05,6,06_US_Production,6,06_US_Production,1.0,-0.0
44,2004-06,6,06_US_Production,6,06_US_Production,1.0,0.0
45,2004-07,6,06_US_Production,6,06_US_Production,1.0,0.0
46,2004-08,6,06_US_Production,6,06_US_Production,1.0,0.0
47,2004-09,6,06_US_Production,6,06_US_Production,1.0,0.0
48,2004-10,6,06_US_Production,6,06_US_Production,1.0,0.0
49,2004-11,6,06_US_Production,6,06_US_Production,1.0,0.0
50,2004-12,6,06_US_Production,6,06_US_Production,1.0,0.0
51,2005-01,6,06_US_Production,6,06_US_Production,1.0,0.0
52,2005-02,6,06_US_Production,6,06_US_Production,1.0,0.0
53,2005-03,6,06_US_Production,6,06_US_Production,1.0,-0.0
54,2005-04,6,06_US_Production,6,06_US_Production,1.0,-0.0
55,2005-05,6,06_US_Production,6,06_US_Production,1.0,0.0
56,2005-06,6,06_US_Production,6,06_US_Production,1.0,-0.0
57,2005-07,6,06_US_Production,6,06_US_Production,1.0,-0.0
58,2005-08,6,06_US_Production,6,06_US_Production,1.0,-0.0
59,2005-09,6,06_US_Production,6,06_US_Production,1.0,0.0
60,2005-10,6,06_US_Production,6,06_US_Production,1.0,0.0
61,2005-11,6,06_US_Production,6,06_US_Production,1.0,-0.0
62,2005-12,6,06_US_Production,6,06_US_Production,1.0,-0.0
63,2006-01,6,06_US_Production,6,06_US_Production,1.0,-0.0
64,2006-02,6,06_US_Production,6,06_US_Production,1.0,0.0
65,2006-03,6,06_US_Production,6,06_US_Production,1.0,-0.0
66,2006-04,6,06_US_Production,6,06_US_Production,1.0,0.0
67,2006-05,6,06_US_Production,6,06_US_Production,1.0,-0.0
68,2006-06,6,06_US_Production,6,06_US_Production,1.0,-0.0
69,2006-07,6,06_US_Production,6,06_US_Production,1.0,0.0
70,2006-08,6,06_US_Production,6,06_US_Production,1.0,-0.0
71,2006-09,6,06_US_Production,6,06_US_Production,1.0,0.0
72,2006-10,6,06_US_Production,6,06_US_Production,1.0,0.0
73,2006-11,6,06_US_Production,6,06_US_Production,1.0,-0.0
74,2006-12,6,06_US_Production,6,06_US_Production,1.0,0.0
75,2007-01,6,06_US_Production,6,06_US_Production,1.0,0.0
76,2007-02,6,06_US_Production,6,06_US_Production,1.0,-0.0
77,2007-03,6,06_US_Production,6,06_US_Production,1.0,0.0
78,2007-04,6,06_US_Production,6,06_US_Production,1.0,0.0
79,2007-05,6,06_US_Production,6,06_US_Production,1.0,0.0
80,2007-06,6,06_US_Production,6,06_US_Production,1.0,0.0
81,2007-07,6,06_US_Production,6,06_US_Production,1.0,-0.0
82,2007-08,6,06_US_Production,6,06_US_Production,1.0,-0.0
83,2007-09,6,06_US_Production,6,06_US_Production,1.0,0.0
84,2007-10,6,06_US_Production,6,06_US_Production,1.0,0.0
85,2007-11,6,06_US_Production,6,06_US_Production,1.0,-0.0
86,2007-12,6,06_US_Production,6,06_US_Production,1.0,0.0
87,2008-01,6,06_US_Production,6,06_US_Production,1.0,-0.0
88,2008-02,6,06_US_Production,6,06_US_Production,1.0,0.0
89,2008-03,6,06_US_Production,6,06_US_Production,1.0,0.0
90,2008-04,6,06_US_Production,6,06_US_Production,1.0,-0.0
91,2008-05,6,06_US_Production,6,06_US_Production,1.0,-0.0
92,2008-06,6,06_US_Production,6,06_US_Production,1.0,-0.0
93,2008-07,6,06_US_Production,6,06_US_Production,1.0,-0.0
94,2008-08,6,06_US_Production,6,06_US_Production,1.0,-0.0
95,2008-09,6,06_US_Production,6,06_US_Production,1.0,-0.0
96,2008-10,6,06_US_Production,6,06_US_Production,1.0,0.0
97,2008-11,6,06_US_Production,6,06_US_Production,1.0,-0.0
98,2008-12,6,06_US_Production,6,06_US_Production,1.0,-0.0
99,2009-01,6,06_US_Production,6,06_US_Production,1.0,0.0
100,2009-02,6,06_US_Production,6,06_US_Production,1.0,0.0
101,2009-03,6,06_US_Production,6,06_US_Production,1.0,-0.0
102,2009-04,6,06_US_Production,6,06_US_Production,1.0,0.0
103,2009-05,6,06_US_Production,6,06_US_Production,1.0,0.0
104,2009-06,6,06_US_Production,6,06_US_Production,1.0,0.0
105,2009-07,6,06_US_Production,6,06_US_Production,1.0,-0.0
106,2009-08,6,06_US_Production,6,06_US_Production,1.0,-0.0
107,2009-09,6,06_US_Production,6,06_US_Production,1.0,0.0
108,2009-10,6,06_US_Production,6,06_US_Production,1.0,0.0
109,2009-11,6,06_US_Production,6,06_US_Production,1.0,-0.0
110,2009-12,6,06_US_Production,6,06_US_Production,1.0,0.0
111,2010-01,6,06_US_Production,6,06_US_Production,1.0,-0.0
112,2010-02,6,06_US_Production,6,06_US_Production,1.0,-0.0
113,2010-03,6,06_US_Production,6,06_US_Production,1.0,0.0
114,2010-04,6,06_US_Production,6,06_US_Production,1.0,-0.0
115,2010-05,6,06_US_Production,6,06_US_Production,1.0,-0.0
116,2010-06,6,06_US_Production,6,06_US_Production,1.0,-0.0
117,2010-07,6,06_US_Production,6,06_US_Production,1.0,-0.0
118,2010-08,6,06_US_Production,6,06_US_Production,1.0,-0.0
119,2010-09,6,06_US_Production,6,06_US_Production,1.0,-0.0
120,2010-10,6,06_US_Production,6,06_US_Production,1.0,0.0
121,2010-11,6,06_US_Production,6,06_US_Production,1.0,0.0
122,2010-12,6,06_US_Production,6,06_US_Production,1.0,-0.0
123,2011-01,6,06_US_Production,6,06_US_Production,1.0,0.0
124,2011-02,6,06_US_Production,6,06_US_Production,1.0,-0.0
125,2011-03,6,06_US_Production,6,06_US_Production,1.0,0.0
126,2011-04,6,06_US_Production,6,06_US_Production,1.0,-0.0
127,2011-05,6,06_US_Production,6,06_US_Production,1.0,0.0
128,2011-06,6,06_US_Production,6,06_US_Production,1.0,0.0
129,2011-07,6,06_US_Production,6,06_US_Production,1.0,-0.0
130,2011-08,6,06_US_Production,6,06_US_Production,1.0,-0.0
131,2011-09,6,06_US_Production,6,06_US_Production,1.0,0.0
132,2011-10,6,06_US_Production,6,06_US_Production,1.0,-0.0
133,2011-11,6,06_US_Production,6,06_US_Production,1.0,-0.0
134,2011-12,6,06_US_Production,6,06_US_Production,1.0,0.0
135,2012-01,6,06_US_Production,6,06_US_Production,1.0,0.0
136,2012-02,6,06_US_Production,6,06_US_Production,1.0,-0.0
137,2012-03,6,06_US_Production,6,06_US_Production,1.0,-0.0
138,2012-04,6,06_US_Production,6,06_US_Production,1.0,0.0
139,2012-05,6,06_US_Production,6,06_US_Production,1.0,0.0
140,2012-06,6,06_US_Production,6,06_US_Production,1.0,0.0
141,2012-07,6,06_US_Production,6,06_US_Production,1.0,0.0
142,2012-08,6,06_US_Production,6,06_US_Production,1.0,0.0
143,2012-09,6,06_US_Production,6,06_US_Production,1.0,0.0
144,2012-10,6,06_US_Production,6,06_US_Production,1.0,-0.0
145,2012-11,6,06_US_Production,6,06_US_Production,1.0,-0.0
146,2012-12,6,06_US_Production,6,06_US_Production,1.0,0.0
147,2013-01,6,06_US_Production,6,06_US_Production,1.0,0.0
148,2013-02,6,06_US_Production,6,06_US_Production,1.0,-0.0
149,2013-03,6,06_US_Production,6,06_US_Production,1.0,0.0
150,2013-04,6,06_US_Production,6,06_US_Production,1.0,-0.0
151,2013-05,6,06_US_Production,6,06_US_Production,1.0,-0.0
152,2013-06,6,06_US_Production,6,06_US_Production,1.0,0.0
153,2013-07,6,06_US_Production,6,06_US_Production,1.0,0.0
154,2013-08,6,06_US_Production,6,06_US_Production,1.0,-0.0
155,2013-09,6,06_US_Production,6,06_US_Production,1.0,-0.0
156,2013-10,6,06_US_Production,6,06_US_Production,1.0,-0.0
157,2013-11,6,06_US_Production,6,06_US_Production,1.0,-0.0
158,2013-12,6,06_US_Production,6,06_US_Production,1.0,0.0
159,2014-01,6,06_US_Production,6,06_US_Production,1.0,-0.0
160,2014-02,6,06_US_Production,6,06_US_Production,1.0,-0.0
161,2014-03,6,06_US_Production,6,06_US_Production,1.0,-0.0
162,2014-04,6,06_US_Production,6,06_US_Production,1.0,-0.0
163,2014-05,6,06_US_Production,6,06_US_Production,1.0,0.0
164,2014-06,6,06_US_Production,6,06_US_Production,1.0,-0.0
165,2014-07,6,06_US_Production,6,06_US_Production,1.0,-0.0
166,2014-08,6,06_US_Production,6,06_US_Production,1.0,-0.0
167,2014-09,6,06_US_Production,6,06_US_Production,1.0,-0.0
168,2014-10,6,06_US_Production,6,06_US_Production,1.0,0.0
169,2014-11,6,06_US_Production,6,06_US_Production,1.0,-0.0
170,2014-12,6,06_US_Production,6,06_US_Production,1.0,0.0
171,2015-01,6,06_US_Production,6,06_US_Production,1.0,-0.0
172,2015-02,6,06_US_Production,6,06_US_Production,1.0,0.0
173,2015-03,6,06_US_Production,6,06_US_Production,1.0,0.0
174,2015-04,6,06_US_Production,6,06_US_Production,1.0,0.0
175,2015-05,6,06_US_Production,6,06_US_Production,1.0,-0.0
176,2015-06,6,06_US_Production,6,06_US_Production,1.0,0.0
177,2015-07,6,06_US_Production,6,06_US_Production,1.0,-0.0
178,2015-08,6,06_US_Production,6,06_US_Production,1.0,0.0
179,2015-09,6,06_US_Production,6,06_US_Production,1.0,0.0
180,2015-10,6,06_US_Production,6,06_US_Production,1.0,-0.0
181,2015-11,6,06_US_Production,6,06_US_Production,1.0,-0.0
182,2015-12,6,06_US_Production,6,06_US_Production,1.0,0.0
183,2016-01,6,06_US_Production,6,06_US_Production,1.0,0.0
184,2016-02,6,06_US_Production,6,06_US_Production,1.0,-0.0
185,2016-03,6,06_US_Production,6,06_US_Production,1.0,-0.0
186,2016-04,6,06_US_Production,6,06_US_Production,1.0,-0.0
187,2016-05,6,06_US_Production,6,06_US_Production,1.0,-0.0
188,2016-06,6,06_US_Production,6,06_US_Production,1.0,0.0
189,2016-07,6,06_US_Production,6,06_US_Production,1.0,0.0
190,2016-08,6,06_US_Production,6,06_US_Production,1.0,-0.0
191,2016-09,6,06_US_Production,6,06_US_Production,1.0,-0.0
192,2016-10,6,06_US_Production,6,06_US_Production,1.0,-0.0
193,2016-11,6,06_US_Production,6,06_US_Production,1.0,0.0
194,2016-12,6,06_US_Production,6,06_US_Production,1.0,0.0
195,2017-01,6,06_US_Production,6,06_US_Production,1.0,0.0
196,2017-02,6,06_US_Production,6,06_US_Production,1.0,0.0
197,2017-03,6,06_US_Production,6,06_US_Production,1.0,0.0
198,2017-04,6,06_US_Production,6,06_US_Production,1.0,-0.0
199,2017-05,6,06_US_Production,6,06_US_Production,1.0,-0.0
200,2017-06,6,06_US_Production,6,06_US_Production,1.0,-0.0
201,2017-07,6,06_US_Production,6,06_US_Production,1.0,0.0
202,2017-08,6,06_US_Production,6,06_US_Production,1.0,-0.0
203,2017-09,6,06_US_Production,6,06_US_Production,1.0,-0.0
204,2017-10,6,06_US_Production,6,06_US_Production,1.0,-0.0
205,2017-11,6,06_US_Production,6,06_US_Production,1.0,0.0
206,2017-12,6,06_US_Production,6,06_US_Production,1.0,-0.0
207,2018-01,6,06_US_Production,6,06_US_Production,1.0,-0.0
208,2018-02,6,06_US_Production,6,06_US_Production,1.0,0.0
209,2018-03,6,06_US_Production,6,06_US_Production,1.0,-0.0
210,2018-04,6,06_US_Production,6,06_US_Production,1.0,0.0
211,2018-05,6,06_US_Production,6,06_US_Production,1.0,-0.0
212,2018-06,6,06_US_Production,6,06_US_Production,1.0,-0.0
213,2018-07,6,06_US_Production,6,06_US_Production,1.0,0.0
214,2018-08,6,06_US_Production,6,06_US_Production,1.0,0.0
215,2018-09,6,06_US_Production,6,06_US_Production,1.0,-0.0
216,2018-10,6,06_US_Production,6,06_US_Production,1.0,-0.0
217,2018-11,6,06_US_Production,6,06_US_Production,1.0,0.0
218,2018-12,6,06_US_Production,6,06_US_Production,1.0,-0.0
219,2019-01,6,06_US_Production,6,06_US_Production,1.0,-0.0
220,2019-02,6,06_US_Production,6,06_US_Production,1.0,0.0
221,2019-03,6,06_US_Production,6,06_US_Production,1.0,-0.0
222,2019-04,6,06_US_Production,6,06_US_Production,1.0,-0.0
223,2019-05,6,06_US_Production,6,06_US_Production,1.0,0.0
224,2019-06,6,06_US_Production,6,06_US_Production,1.0,0.0
225,2019-07,6,06_US_Production,6,06_US_Production,1.0,-0.0
226,2019-08,6,06_US_Production,6,06_US_Production,1.0,0.0
227,2019-09,6,06_US_Production,6,06_US_Production,1.0,0.0
228,2019-10,6,06_US_Production,6,06_US_Production,1.0,0.0
229,2019-11,6,06_US_Production,6,06_US_Production,1.0,-0.0
230,2019-12,6,06_US_Production,6,06_US_Production,1.0,-0.0
231,2020-01,6,06_US_Production,6,06_US_Production,1.0,-0.0
232,2020-02,6,06_US_Production,6,06_US_Production,1.0,0.0
233,2020-03,6,06_US_Production,6,06_US_Production,1.0,-0.0
234,2020-04,6,06_US_Production,6,06_US_Production,1.0,-0.0
235,2020-05,6,06_US_Production,6,06_US_Production,1.0,0.0
236,2020-06,6,06_US_Production,6,06_US_Production,1.0,-0.0
237,2020-07,6,06_US_Production,6,06_US_Production,1.0,-0.0
238,2020-08,6,06_US_Production,6,06_US_Production,1.0,-0.0
239,2020-09,6,06_US_Production,6,06_US_Production,1.0,0.0
240,2020-10,6,06_US_Production,6,06_US_Production,1.0,-0.0
241,2020-11,6,06_US_Production,6,06_US_Production,1.0,-0.0
242,2020-12,6,06_US_Production,6,06_US_Production,1.0,-0.0
243,2021-01,6,06_US_Production,6,06_US_Production,1.0,-0.0
244,2021-02,6,06_US_Production,6,06_US_Production,1.0,-0.0
245,2021-03,6,06_US_Production,6,06_US_Production,1.0,0.0
246,2021-04,6,06_US_Production,6,06_US_Production,1.0,0.0
247,2021-05,6,06_US_Production,6,06_US_Production,1.0,0.0
248,2021-06,6,06_US_Production,6,06_US_Production,1.0,-0.0
249,2021-07,6,06_US_Production,6,06_US_Production,1.0,0.0
250,2021-08,6,06_US_Production,6,06_US_Production,1.0,-0.0
251,2021-09,6,06_US_Production,6,06_US_Production,1.0,-0.0
252,2021-10,6,06_US_Production,6,06_US_Production,1.0,-0.0
253,2021-11,6,06_US_Production,6,06_US_Production,1.0,0.0
254,2021-12,6,06_US_Production,6,06_US_Production,1.0,-0.0
255,2022-01,6,06_US_Production,6,06_US_Production,1.0,-0.0
256,2022-02,6,06_US_Production,6,06_US_Production,1.0,0.0
257,2022-03,6,06_US_Production,6,06_US_Production,1.0,0.0
258,2022-04,6,06_US_Production,6,06_US_Production,1.0,-0.0
259,2022-05,6,06_US_Production,6,06_US_Production,1.0,-0.0
260,2022-06,6,06_US_Production,6,06_US_Production,1.0,0.0
261,2022-07,6,06_US_Production,6,06_US_Production,1.0,0.0
262,2022-08,6,06_US_Production,6,06_US_Production,1.0,-0.0
263,2022-09,6,06_US_Production,6,06_US_Production,1.0,0.0
264,2022-10,6,06_US_Production,6,06_US_Production,1.0,-0.0
265,2022-11,6,06_US_Production,6,06_US_Production,1.0,0.0
266,2022-12,6,06_US_Production,6,06_US_Production,1.0,-0.0
267,2023-01,6,06_US_Production,6,06_US_Production,1.0,0.0
268,2023-02,6,06_US_Production,6,06_US_Production,1.0,-0.0
12,2001-10,6,06_US_Production,7,07_US_Unemployment,1.0,2.1601
13,2001-11,6,06_US_Production,7,07_US_Unemployment,1.0,2.1222
14,2001-12,6,06_US_Production,7,07_US_Unemployment,1.0,2.0368
15,2002-01,6,06_US_Production,7,07_US_Unemployment,1.0,1.9766
16,2002-02,6,06_US_Production,7,07_US_Unemployment,1.0,1.998
17,2002-03,6,06_US_Production,7,07_US_Unemployment,1.0,2.1523
18,2002-04,6,06_US_Production,7,07_US_Unemployment,1.0,2.5251
19,2002-05,6,06_US_Production,7,07_US_Unemployment,1.0,3.1256
20,2002-06,6,06_US_Production,7,07_US_Unemployment,1.0,-2.6249
21,2002-07,6,06_US_Production,7,07_US_Unemployment,1.0,-2.2849
22,2002-08,6,06_US_Production,7,07_US_Unemployment,1.0,-2.0755
23,2002-09,6,06_US_Production,7,07_US_Unemployment,1.0,-1.9627
24,2002-10,6,06_US_Production,7,07_US_Unemployment,1.0,-1.9195
25,2002-11,6,06_US_Production,7,07_US_Unemployment,1.0,-1.9079
26,2002-12,6,06_US_Production,7,07_US_Unemployment,1.0,-1.8895
27,2003-01,6,06_US_Production,7,07_US_Unemployment,1.0,-1.8325
28,2003-02,6,06_US_Production,7,07_US_Unemployment,1.0,-1.7048
29,2003-03,6,06_US_Production,7,07_US_Unemployment,1.0,-1.4577
30,2003-04,6,06_US_Production,7,07_US_Unemployment,1.0,-1.0236
31,2003-05,6,06_US_Production,7,07_US_Unemployment,1.0,-0.4346
32,2003-06,6,06_US_Production,7,07_US_Unemployment,1.0,0.0939
33,2003-07,6,06_US_Production,7,07_US_Unemployment,1.0,0.4844
34,2003-08,6,06_US_Production,7,07_US_Unemployment,1.0,0.7737
35,2003-09,6,06_US_Production,7,07_US_Unemployment,1.0,0.9635
36,2003-10,6,06_US_Production,7,07_US_Unemployment,1.0,1.028
37,2003-11,6,06_US_Production,7,07_US_Unemployment,1.0,0.9321
38,2003-12,6,06_US_Production,7,07_US_Unemployment,1.0,0.6138
39,2004-01,6,06_US_Production,7,07_US_Unemployment,1.0,-0.0277
40,2004-02,6,06_US_Production,7,07_US_Unemployment,1.0,-0.9598
41,2004-03,6,06_US_Production,7,07_US_Unemployment,1.0,-1.7441
42,2004-04,6,06_US_Production,7,07_US_Unemployment,1.0,-2.1974
43,2004-05,6,06_US_Production,7,07_US_Unemployment,1.0,-2.4481
44,2004-06,6,06_US_Production,7,07_US_Unemployment,1.0,-2.5988
45,2004-07,6,06_US_Production,7,07_US_Unemployment,1.0,-2.706
46,2004-08,6,06_US_Production,7,07_US_Unemployment,1.0,-2.8089
47,2004-09,6,06_US_Production,7,07_US_Unemployment,1.0,-2.9526
48,2004-10,6,06_US_Production,7,07_US_Unemployment,1.0,2.9993
49,2004-11,6,06_US_Production,7,07_US_Unemployment,1.0,1.3034
50,2004-12,6,06_US_Production,7,07_US_Unemployment,1.0,0.5075
51,2005-01,6,06_US_Production,7,07_US_Unemployment,1.0,0.3442
52,2005-02,6,06_US_Production,7,07_US_Unemployment,1.0,0.3432
53,2005-03,6,06_US_Production,7,07_US_Unemployment,1.0,0.5275
54,2005-04,6,06_US_Production,7,07_US_Unemployment,1.0,1.021
55,2005-05,6,06_US_Production,7,07_US_Unemployment,1.0,1.656
56,2005-06,6,06_US_Production,7,07_US_Unemployment,1.0,1.9598
57,2005-07,6,06_US_Production,7,07_US_Unemployment,1.0,1.9191
58,2005-08,6,06_US_Production,7,07_US_Unemployment,1.0,1.6362
59,2005-09,6,06_US_Production,7,07_US_Unemployment,1.0,1.3202
60,2005-10,6,06_US_Production,7,07_US_Unemployment,1.0,1.1094
61,2005-11,6,06_US_Production,7,07_US_Unemployment,1.0,0.98
62,2005-12,6,06_US_Production,7,07_US_Unemployment,1.0,0.8856
63,2006-01,6,06_US_Production,7,07_US_Unemployment,1.0,0.7972
64,2006-02,6,06_US_Production,7,07_US_Unemployment,1.0,0.6991
65,2006-03,6,06_US_Production,7,07_US_Unemployment,1.0,0.5972
66,2006-04,6,06_US_Production,7,07_US_Unemployment,1.0,0.5526
67,2006-05,6,06_US_Production,7,07_US_Unemployment,1.0,0.6893
68,2006-06,6,06_US_Production,7,07_US_Unemployment,1.0,1.011
69,2006-07,6,06_US_Production,7,07_US_Unemployment,1.0,1.2263
70,2006-08,6,06_US_Production,7,07_US_Unemployment,1.0,1.2617
71,2006-09,6,06_US_Production,7,07_US_Unemployment,1.0,1.2034
72,2006-10,6,06_US_Production,7,07_US_Unemployment,1.0,1.0997
73,2006-11,6,06_US_Production,7,07_US_Unemployment,1.0,0.9617
74,2006-12,6,06_US_Production,7,07_US_Unemployment,1.0,0.7798
75,2007-01,6,06_US_Production,7,07_US_Unemployment,1.0,0.5198
76,2007-02,6,06_US_Production,7,07_US_Unemployment,1.0,0.0279
77,2007-03,6,06_US_Production,7,07_US_Unemployment,1.0,-2.0563
78,2007-04,6,06_US_Production,7,07_US_Unemployment,1.0,-2.8784
79,2007-05,6,06_US_Production,7,07_US_Unemployment,1.0,-3.0814
80,2007-06,6,06_US_Production,7,07_US_Unemployment,1.0,-3.1181
81,2007-07,6,06_US_Production,7,07_US_Unemployment,1.0,-3.1316
82,2007-08,6,06_US_Production,7,07_US_Unemployment,1.0,3.1023
83,2007-09,6,06_US_Production,7,07_US_Unemployment,1.0,-0.7398
84,2007-10,6,06_US_Production,7,07_US_Unemployment,1.0,-0.3257
85,2007-11,6,06_US_Production,7,07_US_Unemployment,1.0,-0.5087
86,2007-12,6,06_US_Production,7,07_US_Unemployment,1.0,-0.7625
87,2008-01,6,06_US_Production,7,07_US_Unemployment,1.0,-1.1057
88,2008-02,6,06_US_Production,7,07_US_Unemployment,1.0,-1.4846
89,2008-03,6,06_US_Production,7,07_US_Unemployment,1.0,-1.7823
90,2008-04,6,06_US_Production,7,07_US_Unemployment,1.0,-1.9558
91,2008-05,6,06_US_Production,7,07_US_Unemployment,1.0,-1.9799
92,2008-06,6,06_US_Production,7,07_US_Unemployment,1.0,-1.2481
93,2008-07,6,06_US_Production,7,07_US_Unemployment,1.0,0.11
94,2008-08,6,06_US_Production,7,07_US_Unemployment,1.0,0.1701
95,2008-09,6,06_US_Production,7,07_US_Unemployment,1.0,0.0954
96,2008-10,6,06_US_Production,7,07_US_Unemployment,1.0,0.0452
97,2008-11,6,06_US_Production,7,07_US_Unemployment,1.0,0.1427
98,2008-12,6,06_US_Production,7,07_US_Unemployment,1.0,0.6526
99,2009-01,6,06_US_Production,7,07_US_Unemployment,1.0,1.4296
100,2009-02,6,06_US_Production,7,07_US_Unemployment,1.0,1.7738
101,2009-03,6,06_US_Production,7,07_US_Unemployment,1.0,1.9154
102,2009-04,6,06_US_Production,7,07_US_Unemployment,1.0,2.0248
103,2009-05,6,06_US_Production,7,07_US_Unemployment,1.0,2.1872
104,2009-06,6,06_US_Production,7,07_US_Unemployment,1.0,2.5073
105,2009-07,6,06_US_Production,7,07_US_Unemployment,1.0,3.0698
106,2009-08,6,06_US_Production,7,07_US_Unemployment,1.0,-2.6613
107,2009-09,6,06_US_Production,7,07_US_Unemployment,1.0,-2.2984
108,2009-10,6,06_US_Production,7,07_US_Unemployment,1.0,-1.9886
109,2009-11,6,06_US_Production,7,07_US_Unemployment,1.0,-1.6202
110,2009-12,6,06_US_Production,7,07_US_Unemployment,1.0,-1.2039
111,2010-01,6,06_US_Production,7,07_US_Unemployment,1.0,1.9143
112,2010-02,6,06_US_Production,7,07_US_Unemployment,1.0,2.3455
113,2010-03,6,06_US_Production,7,07_US_Unemployment,1.0,2.3991
114,2010-04,6,06_US_Production,7,07_US_Unemployment,1.0,2.376
115,2010-05,6,06_US_Production,7,07_US_Unemployment,1.0,2.304
116,2010-06,6,06_US_Production,7,07_US_Unemployment,1.0,2.1936
117,2010-07,6,06_US_Production,7,07_US_Unemployment,1.0,2.0551
118,2010-08,6,06_US_Production,7,07_US_Unemployment,1.0,1.9062
119,2010-09,6,06_US_Production,7,07_US_Unemployment,1.0,1.7686
120,2010-10,6,06_US_Production,7,07_US_Unemployment,1.0,1.6535
121,2010-11,6,06_US_Production,7,07_US_Unemployment,1.0,1.556
122,2010-12,6,06_US_Production,7,07_US_Unemployment,1.0,1.4637
123,2011-01,6,06_US_Production,7,07_US_Unemployment,1.0,1.3656
124,2011-02,6,06_US_Production,7,07_US_Unemployment,1.0,1.2566
125,2011-03,6,06_US_Production,7,07_US_Unemployment,1.0,1.1377
126,2011-04,6,06_US_Production,7,07_US_Unemployment,1.0,1.0131
127,2011-05,6,06_US_Production,7,07_US_Unemployment,1.0,0.8883
128,2011-06,6,06_US_Production,7,07_US_Unemployment,1.0,0.7665
129,2011-07,6,06_US_Production,7,07_US_Unemployment,1.0,0.6438
130,2011-08,6,06_US_Production,7,07_US_Unemployment,1.0,-2.6065
131,2011-09,6,06_US_Production,7,07_US_Unemployment,1.0,-2.7678
132,2011-10,6,06_US_Production,7,07_US_Unemployment,1.0,2.9407
133,2011-11,6,06_US_Production,7,07_US_Unemployment,1.0,0.7575
134,2011-12,6,06_US_Production,7,07_US_Unemployment,1.0,0.5125
135,2012-01,6,06_US_Production,7,07_US_Unemployment,1.0,0.4341
136,2012-02,6,06_US_Production,7,07_US_Unemployment,1.0,0.4526
137,2012-03,6,06_US_Production,7,07_US_Unemployment,1.0,1.4622
138,2012-04,6,06_US_Production,7,07_US_Unemployment,1.0,3.0391
139,2012-05,6,06_US_Production,7,07_US_Unemployment,1.0,3.0694
140,2012-06,6,06_US_Production,7,07_US_Unemployment,1.0,3.0021
141,2012-07,6,06_US_Production,7,07_US_Unemployment,1.0,2.9322
142,2012-08,6,06_US_Production,7,07_US_Unemployment,1.0,-1.484
143,2012-09,6,06_US_Production,7,07_US_Unemployment,1.0,-1.5915
144,2012-10,6,06_US_Production,7,07_US_Unemployment,1.0,-2.1268
145,2012-11,6,06_US_Production,7,07_US_Unemployment,1.0,-2.457
146,2012-12,6,06_US_Production,7,07_US_Unemployment,1.0,-2.6576
147,2013-01,6,06_US_Production,7,07_US_Unemployment,1.0,-2.8107
148,2013-02,6,06_US_Production,7,07_US_Unemployment,1.0,-2.9635
149,2013-03,6,06_US_Production,7,07_US_Unemployment,1.0,3.1245
150,2013-04,6,06_US_Production,7,07_US_Unemployment,1.0,2.8164
151,2013-05,6,06_US_Production,7,07_US_Unemployment,1.0,2.2385
152,2013-06,6,06_US_Production,7,07_US_Unemployment,1.0,1.2372
153,2013-07,6,06_US_Production,7,07_US_Unemployment,1.0,0.2441
154,2013-08,6,06_US_Production,7,07_US_Unemployment,1.0,-0.5883
155,2013-09,6,06_US_Production,7,07_US_Unemployment,1.0,-1.3672
156,2013-10,6,06_US_Production,7,07_US_Unemployment,1.0,-2.2122
157,2013-11,6,06_US_Production,7,07_US_Unemployment,1.0,3.0617
158,2013-12,6,06_US_Production,7,07_US_Unemployment,1.0,2.3045
159,2014-01,6,06_US_Production,7,07_US_Unemployment,1.0,1.8596
160,2014-02,6,06_US_Production,7,07_US_Unemployment,1.0,1.5573
161,2014-03,6,06_US_Production,7,07_US_Unemployment,1.0,1.3139
162,2014-04,6,06_US_Production,7,07_US_Unemployment,1.0,1.0914
163,2014-05,6,06_US_Production,7,07_US_Unemployment,1.0,0.8698
164,2014-06,6,06_US_Production,7,07_US_Unemployment,1.0,0.6359
165,2014-07,6,06_US_Production,7,07_US_Unemployment,1.0,0.3835
166,2014-08,6,06_US_Production,7,07_US_Unemployment,1.0,0.1359
167,2014-09,6,06_US_Production,7,07_US_Unemployment,1.0,-0.0367
168,2014-10,6,06_US_Production,7,07_US_Unemployment,1.0,-0.1246
169,2014-11,6,06_US_Production,7,07_US_Unemployment,1.0,-0.2942
170,2014-12,6,06_US_Production,7,07_US_Unemployment,1.0,-0.8814
171,2015-01,6,06_US_Production,7,07_US_Unemployment,1.0,-1.7108
172,2015-02,6,06_US_Production,7,07_US_Unemployment,1.0,-2.0635
173,2015-03,6,06_US_Production,7,07_US_Unemployment,1.0,-2.187
174,2015-04,6,06_US_Production,7,07_US_Unemployment,1.0,-2.2277
175,2015-05,6,06_US_Production,7,07_US_Unemployment,1.0,-2.2253
176,2015-06,6,06_US_Production,7,07_US_Unemployment,1.0,-2.1865
177,2015-07,6,06_US_Production,7,07_US_Unemployment,1.0,-2.0902
178,2015-08,6,06_US_Production,7,07_US_Unemployment,1.0,-1.8501
179,2015-09,6,06_US_Production,7,07_US_Unemployment,1.0,-1.1799
180,2015-10,6,06_US_Production,7,07_US_Unemployment,1.0,2.2694
181,2015-11,6,06_US_Production,7,07_US_Unemployment,1.0,2.8739
182,2015-12,6,06_US_Production,7,07_US_Unemployment,1.0,3.0462
183,2016-01,6,06_US_Production,7,07_US_Unemployment,1.0,3.1068
184,2016-02,6,06_US_Production,7,07_US_Unemployment,1.0,3.124
185,2016-03,6,06_US_Production,7,07_US_Unemployment,1.0,3.1221
186,2016-04,6,06_US_Production,7,07_US_Unemployment,1.0,3.11
187,2016-05,6,06_US_Production,7,07_US_Unemployment,1.0,3.0862
188,2016-06,6,06_US_Production,7,07_US_Unemployment,1.0,3.0248
189,2016-07,6,06_US_Production,7,07_US_Unemployment,1.0,2.7958
190,2016-08,6,06_US_Production,7,07_US_Unemployment,1.0,0.9848
191,2016-09,6,06_US_Production,7,07_US_Unemployment,1.0,-0.5343
192,2016-10,6,06_US_Production,7,07_US_Unemployment,1.0,-0.9787
193,2016-11,6,06_US_Production,7,07_US_Unemployment,1.0,-1.1514
194,2016-12,6,06_US_Production,7,07_US_Unemployment,1.0,-1.2211
195,2017-01,6,06_US_Production,7,07_US_Unemployment,1.0,-1.2482
196,2017-02,6,06_US_Production,7,07_US_Unemployment,1.0,-1.2508
197,2017-03,6,06_US_Production,7,07_US_Unemployment,1.0,-1.2348
198,2017-04,6,06_US_Production,7,07_US_Unemployment,1.0,-1.2093
199,2017-05,6,06_US_Production,7,07_US_Unemployment,1.0,-1.207
200,2017-06,6,06_US_Production,7,07_US_Unemployment,1.0,-1.3602
201,2017-07,6,06_US_Production,7,07_US_Unemployment,1.0,-2.0363
202,2017-08,6,06_US_Production,7,07_US_Unemployment,1.0,-2.5532
203,2017-09,6,06_US_Production,7,07_US_Unemployment,1.0,-2.5119
204,2017-10,6,06_US_Production,7,07_US_Unemployment,1.0,-2.2223
205,2017-11,6,06_US_Production,7,07_US_Unemployment,1.0,-1.7356
206,2017-12,6,06_US_Production,7,07_US_Unemployment,1.0,-1.0558
207,2018-01,6,06_US_Production,7,07_US_Unemployment,1.0,-0.2548
208,2018-02,6,06_US_Production,7,07_US_Unemployment,1.0,0.502
209,2018-03,6,06_US_Production,7,07_US_Unemployment,1.0,1.0548
210,2018-04,6,06_US_Production,7,07_US_Unemployment,1.0,1.411
211,2018-05,6,06_US_Production,7,07_US_Unemployment,1.0,1.6478
212,2018-06,6,06_US_Production,7,07_US_Unemployment,1.0,1.8249
213,2018-07,6,06_US_Production,7,07_US_Unemployment,1.0,1.9815
214,2018-08,6,06_US_Production,7,07_US_Unemployment,1.0,2.1478
215,2018-09,6,06_US_Production,7,07_US_Unemployment,1.0,2.3593
216,2018-10,6,06_US_Production,7,07_US_Unemployment,1.0,2.6898
217,2018-11,6,06_US_Production,7,07_US_Unemployment,1.0,-2.9459
218,2018-12,6,06_US_Production,7,07_US_Unemployment,1.0,-2.0087
219,2019-01,6,06_US_Production,7,07_US_Unemployment,1.0,-1.405
220,2019-02,6,06_US_Production,7,07_US_Unemployment,1.0,-0.9764
221,2019-03,6,06_US_Production,7,07_US_Unemployment,1.0,-0.4804
222,2019-04,6,06_US_Production,7,07_US_Unemployment,1.0,0.1947
223,2019-05,6,06_US_Production,7,07_US_Unemployment,1.0,0.9386
224,2019-06,6,06_US_Production,7,07_US_Unemployment,1.0,1.43
225,2019-07,6,06_US_Production,7,07_US_Unemployment,1.0,1.4457
226,2019-08,6,06_US_Production,7,07_US_Unemployment,1.0,0.5031
227,2019-09,6,06_US_Production,7,07_US_Unemployment,1.0,-1.5494
228,2019-10,6,06_US_Production,7,07_US_Unemployment,1.0,-2.8501
229,2019-11,6,06_US_Production,7,07_US_Unemployment,1.0,-3.0495
230,2019-12,6,06_US_Production,7,07_US_Unemployment,1.0,-3.1083
231,2020-01,6,06_US_Production,7,07_US_Unemployment,1.0,-3.1243
232,2020-02,6,06_US_Production,7,07_US_Unemployment,1.0,-3.1212
233,2020-03,6,06_US_Production,7,07_US_Unemployment,1.0,-3.1071
234,2020-04,6,06_US_Production,7,07_US_Unemployment,1.0,-3.0853
235,2020-05,6,06_US_Production,7,07_US_Unemployment,1.0,-3.0571
236,2020-06,6,06_US_Production,7,07_US_Unemployment,1.0,-3.0225
237,2020-07,6,06_US_Production,7,07_US_Unemployment,1.0,-2.9793
238,2020-08,6,06_US_Production,7,07_US_Unemployment,1.0,-2.9227
239,2020-09,6,06_US_Production,7,07_US_Unemployment,1.0,-2.841
240,2020-10,6,06_US_Production,7,07_US_Unemployment,1.0,-2.6992
241,2020-11,6,06_US_Production,7,07_US_Unemployment,1.0,-2.3228
242,2020-12,6,06_US_Production,7,07_US_Unemployment,1.0,-0.7722
243,2021-01,6,06_US_Production,7,07_US_Unemployment,1.0,-0.0225
244,2021-02,6,06_US_Production,7,07_US_Unemployment,1.0,0.1956
245,2021-03,6,06_US_Production,7,07_US_Unemployment,1.0,0.3009
246,2021-04,6,06_US_Production,7,07_US_Unemployment,1.0,0.3976
247,2021-05,6,06_US_Production,7,07_US_Unemployment,1.0,0.6624
248,2021-06,6,06_US_Production,7,07_US_Unemployment,1.0,1.4102
249,2021-07,6,06_US_Production,7,07_US_Unemployment,1.0,1.8865
250,2021-08,6,06_US_Production,7,07_US_Unemployment,1.0,1.928
251,2021-09,6,06_US_Production,7,07_US_Unemployment,1.0,1.899
252,2021-10,6,06_US_Production,7,07_US_Unemployment,1.0,1.909
253,2021-11,6,06_US_Production,7,07_US_Unemployment,1.0,1.9691
254,2021-12,6,06_US_Production,7,07_US_Unemployment,1.0,2.0659
255,2022-01,6,06_US_Production,7,07_US_Unemployment,1.0,2.1853
256,2022-02,6,06_US_Production,7,07_US_Unemployment,1.0,2.3166
257,2022-03,6,06_US_Production,7,07_US_Unemployment,1.0,2.4521
258,2022-04,6,06_US_Production,7,07_US_Unemployment,1.0,2.5843
259,2022-05,6,06_US_Production,7,07_US_Unemployment,1.0,2.6964
260,2022-06,6,06_US_Production,7,07_US_Unemployment,1.0,2.7419
261,2022-07,6,06_US_Production,7,07_US_Unemployment,1.0,2.6121
262,2022-08,6,06_US_Production,7,07_US_Unemployment,1.0,1.9733
263,2022-09,6,06_US_Production,7,07_US_Unemployment,1.0,0.051
264,2022-10,6,06_US_Production,7,07_US_Unemployment,1.0,-0.3979
265,2022-11,6,06_US_Production,7,07_US_Unemployment,1.0,-0.4309
266,2022-12,6,06_US_Production,7,07_US_Unemployment,1.0,-0.3444
267,2023-01,6,06_US_Production,7,07_US_Unemployment,1.0,-0.21
268,2023-02,6,06_US_Production,7,07_US_Unemployment,1.0,-0.0535
12,2001-10,7,07_US_Unemployment,0,00_Copper,1.0,0.443
13,2001-11,7,07_US_Unemployment,0,00_Copper,1.0,0.8148
14,2001-12,7,07_US_Unemployment,0,00_Copper,1.0,1.208
15,2002-01,7,07_US_Unemployment,0,00_Copper,1.0,1.6224
16,2002-02,7,07_US_Unemployment,0,00_Copper,1.0,2.067
17,2002-03,7,07_US_Unemployment,0,00_Copper,1.0,2.5257
18,2002-04,7,07_US_Unemployment,0,00_Copper,1.0,2.911
19,2002-05,7,07_US_Unemployment,0,00_Copper,1.0,-3.1349
20,2002-06,7,07_US_Unemployment,0,00_Copper,1.0,-3.044
21,2002-07,7,07_US_Unemployment,0,00_Copper,1.0,-3.0598
22,2002-08,7,07_US_Unemployment,0,00_Copper,1.0,-3.1286
23,2002-09,7,07_US_Unemployment,0,00_Copper,1.0,3.0831
24,2002-10,7,07_US_Unemployment,0,00_Copper,1.0,3.0359
25,2002-11,7,07_US_Unemployment,0,00_Copper,1.0,3.0143
26,2002-12,7,07_US_Unemployment,0,00_Copper,1.0,3.0019
27,2003-01,7,07_US_Unemployment,0,00_Copper,1.0,2.9666
28,2003-02,7,07_US_Unemployment,0,00_Copper,1.0,2.861
29,2003-03,7,07_US_Unemployment,0,00_Copper,1.0,2.6233
30,2003-04,7,07_US_Unemployment,0,00_Copper,1.0,2.1801
31,2003-05,7,07_US_Unemployment,0,00_Copper,1.0,1.5679
32,2003-06,7,07_US_Unemployment,0,00_Copper,1.0,1.0206
33,2003-07,7,07_US_Unemployment,0,00_Copper,1.0,0.6308
34,2003-08,7,07_US_Unemployment,0,00_Copper,1.0,0.3495
35,2003-09,7,07_US_Unemployment,0,00_Copper,1.0,0.1305
36,2003-10,7,07_US_Unemployment,0,00_Copper,1.0,-0.0599
37,2003-11,7,07_US_Unemployment,0,00_Copper,1.0,-0.2839
38,2003-12,7,07_US_Unemployment,0,00_Copper,1.0,-0.7266
39,2004-01,7,07_US_Unemployment,0,00_Copper,1.0,-1.3267
40,2004-02,7,07_US_Unemployment,0,00_Copper,1.0,-1.3059
41,2004-03,7,07_US_Unemployment,0,00_Copper,1.0,-1.1225
42,2004-04,7,07_US_Unemployment,0,00_Copper,1.0,-1.1045
43,2004-05,7,07_US_Unemployment,0,00_Copper,1.0,-1.2151
44,2004-06,7,07_US_Unemployment,0,00_Copper,1.0,-1.4154
45,2004-07,7,07_US_Unemployment,0,00_Copper,1.0,-1.6874
46,2004-08,7,07_US_Unemployment,0,00_Copper,1.0,-2.0042
47,2004-09,7,07_US_Unemployment,0,00_Copper,1.0,-2.3095
48,2004-10,7,07_US_Unemployment,0,00_Copper,1.0,-2.54
49,2004-11,7,07_US_Unemployment,0,00_Copper,1.0,-2.661
50,2004-12,7,07_US_Unemployment,0,00_Copper,1.0,-2.6684
51,2005-01,7,07_US_Unemployment,0,00_Copper,1.0,-2.5776
52,2005-02,7,07_US_Unemployment,0,00_Copper,1.0,-2.4238
53,2005-03,7,07_US_Unemployment,0,00_Copper,1.0,-2.2594
54,2005-04,7,07_US_Unemployment,0,00_Copper,1.0,-2.1314
55,2005-05,7,07_US_Unemployment,0,00_Copper,1.0,-2.0419
56,2005-06,7,07_US_Unemployment,0,00_Copper,1.0,-1.9455
57,2005-07,7,07_US_Unemployment,0,00_Copper,1.0,-1.7777
58,2005-08,7,07_US_Unemployment,0,00_Copper,1.0,-1.5546
59,2005-09,7,07_US_Unemployment,0,00_Copper,1.0,-1.4978
60,2005-10,7,07_US_Unemployment,0,00_Copper,1.0,-1.7547
61,2005-11,7,07_US_Unemployment,0,00_Copper,1.0,-2.0879
62,2005-12,7,07_US_Unemployment,0,00_Copper,1.0,-2.2736
63,2006-01,7,07_US_Unemployment,0,00_Copper,1.0,-2.3264
64,2006-02,7,07_US_Unemployment,0,00_Copper,1.0,-2.2852
65,2006-03,7,07_US_Unemployment,0,00_Copper,1.0,-2.1695
66,2006-04,7,07_US_Unemployment,0,00_Copper,1.0,-2.0087
67,2006-05,7,07_US_Unemployment,0,00_Copper,1.0,-1.8448
68,2006-06,7,07_US_Unemployment,0,00_Copper,1.0,-1.7072
69,2006-07,7,07_US_Unemployment,0,00_Copper,1.0,-1.5957
70,2006-08,7,07_US_Unemployment,0,00_Copper,1.0,-1.4782
71,2006-09,7,07_US_Unemployment,0,00_Copper,1.0,-1.2549
72,2006-10,7,07_US_Unemployment,0,00_Copper,1.0,-0.3449
73,2006-11,7,07_US_Unemployment,0,00_Copper,1.0,0.9258
74,2006-12,7,07_US_Unemployment,0,00_Copper,1.0,1.2839
75,2007-01,7,07_US_Unemployment,0,00_Copper,1.0,1.5572
76,2007-02,7,07_US_Unemployment,0,00_Copper,1.0,2.0546
77,2007-03,7,07_US_Unemployment,0,00_Copper,1.0,-2.0841
78,2007-04,7,07_US_Unemployment,0,00_Copper,1.0,-1.0891
79,2007-05,7,07_US_Unemployment,0,00_Copper,1.0,-0.5418
80,2007-06,7,07_US_Unemployment,0,00_Copper,1.0,0.015
81,2007-07,7,07_US_Unemployment,0,00_Copper,1.0,0.5449
82,2007-08,7,07_US_Unemployment,0,00_Copper,1.0,0.8841
83,2007-09,7,07_US_Unemployment,0,00_Copper,1.0,-1.49
84,2007-10,7,07_US_Unemployment,0,00_Copper,1.0,-1.9862
85,2007-11,7,07_US_Unemployment,0,00_Copper,1.0,-1.9988
86,2007-12,7,07_US_Unemployment,0,00_Copper,1.0,-2.0603
87,2008-01,7,07_US_Unemployment,0,00_Copper,1.0,-2.1747
88,2008-02,7,07_US_Unemployment,0,00_Copper,1.0,-2.3505
89,2008-03,7,07_US_Unemployment,0,00_Copper,1.0,-2.6173
90,2008-04,7,07_US_Unemployment,0,00_Copper,1.0,-3.063
91,2008-05,7,07_US_Unemployment,0,00_Copper,1.0,2.4417
92,2008-06,7,07_US_Unemployment,0,00_Copper,1.0,0.9335
93,2008-07,7,07_US_Unemployment,0,00_Copper,1.0,-0.9309
94,2008-08,7,07_US_Unemployment,0,00_Copper,1.0,-1.334
95,2008-09,7,07_US_Unemployment,0,00_Copper,1.0,-1.5358
96,2008-10,7,07_US_Unemployment,0,00_Copper,1.0,-1.7364
97,2008-11,7,07_US_Unemployment,0,00_Copper,1.0,-2.0713
98,2008-12,7,07_US_Unemployment,0,00_Copper,1.0,-2.7982
99,2009-01,7,07_US_Unemployment,0,00_Copper,1.0,2.5301
100,2009-02,7,07_US_Unemployment,0,00_Copper,1.0,2.0667
101,2009-03,7,07_US_Unemployment,0,00_Copper,1.0,1.8814
102,2009-04,7,07_US_Unemployment,0,00_Copper,1.0,1.8236
103,2009-05,7,07_US_Unemployment,0,00_Copper,1.0,1.8478
104,2009-06,7,07_US_Unemployment,0,00_Copper,1.0,1.936
105,2009-07,7,07_US_Unemployment,0,00_Copper,1.0,2.0757
106,2009-08,7,07_US_Unemployment,0,00_Copper,1.0,2.2539
107,2009-09,7,07_US_Unemployment,0,00_Copper,1.0,2.459
108,2009-10,7,07_US_Unemployment,0,00_Copper,1.0,2.6789
109,2009-11,7,07_US_Unemployment,0,00_Copper,1.0,2.8978
110,2009-12,7,07_US_Unemployment,0,00_Copper,1.0,3.0936
111,2010-01,7,07_US_Unemployment,0,00_Copper,1.0,0.4679
112,2010-02,7,07_US_Unemployment,0,00_Copper,1.0,0.3496
113,2010-03,7,07_US_Unemployment,0,00_Copper,1.0,0.4643
114,2010-04,7,07_US_Unemployment,0,00_Copper,1.0,0.5444
115,2010-05,7,07_US_Unemployment,0,00_Copper,1.0,0.5725
116,2010-06,7,07_US_Unemployment,0,00_Copper,1.0,0.5303
117,2010-07,7,07_US_Unemployment,0,00_Copper,1.0,0.39
118,2010-08,7,07_US_Unemployment,0,00_Copper,1.0,0.0993
119,2010-09,7,07_US_Unemployment,0,00_Copper,1.0,-0.4184
120,2010-10,7,07_US_Unemployment,0,00_Copper,1.0,-1.0802
121,2010-11,7,07_US_Unemployment,0,00_Copper,1.0,-1.5825
122,2010-12,7,07_US_Unemployment,0,00_Copper,1.0,-1.8707
123,2011-01,7,07_US_Unemployment,0,00_Copper,1.0,-1.9958
124,2011-02,7,07_US_Unemployment,0,00_Copper,1.0,-1.9338
125,2011-03,7,07_US_Unemployment,0,00_Copper,1.0,-1.4885
126,2011-04,7,07_US_Unemployment,0,00_Copper,1.0,-0.6764
127,2011-05,7,07_US_Unemployment,0,00_Copper,1.0,-0.2637
128,2011-06,7,07_US_Unemployment,0,00_Copper,1.0,-0.1061
129,2011-07,7,07_US_Unemployment,0,00_Copper,1.0,-0.0214
130,2011-08,7,07_US_Unemployment,0,00_Copper,1.0,-3.1193
131,2011-09,7,07_US_Unemployment,0,00_Copper,1.0,-3.066
132,2011-10,7,07_US_Unemployment,0,00_Copper,1.0,-3.0105
133,2011-11,7,07_US_Unemployment,0,00_Copper,1.0,-2.9486
134,2011-12,7,07_US_Unemployment,0,00_Copper,1.0,-2.8878
135,2012-01,7,07_US_Unemployment,0,00_Copper,1.0,-2.8453
136,2012-02,7,07_US_Unemployment,0,00_Copper,1.0,-2.8684
137,2012-03,7,07_US_Unemployment,0,00_Copper,1.0,2.4085
138,2012-04,7,07_US_Unemployment,0,00_Copper,1.0,0.8334
139,2012-05,7,07_US_Unemployment,0,00_Copper,1.0,0.8036
140,2012-06,7,07_US_Unemployment,0,00_Copper,1.0,0.8885
141,2012-07,7,07_US_Unemployment,0,00_Copper,1.0,1.091
142,2012-08,7,07_US_Unemployment,0,00_Copper,1.0,1.5924
143,2012-09,7,07_US_Unemployment,0,00_Copper,1.0,-2.7703
144,2012-10,7,07_US_Unemployment,0,00_Copper,1.0,-1.2303
145,2012-11,7,07_US_Unemployment,0,00_Copper,1.0,-0.7799
146,2012-12,7,07_US_Unemployment,0,00_Copper,1.0,-0.5719
147,2013-01,7,07_US_Unemployment,0,00_Copper,1.0,-0.4495
148,2013-02,7,07_US_Unemployment,0,00_Copper,1.0,-0.3549
149,2013-03,7,07_US_Unemployment,0,00_Copper,1.0,-0.2589
150,2013-04,7,07_US_Unemployment,0,00_Copper,1.0,-0.1397
151,2013-05,7,07_US_Unemployment,0,00_Copper,1.0,0.0269
152,2013-06,7,07_US_Unemployment,0,00_Copper,1.0,0.2734
153,2013-07,7,07_US_Unemployment,0,00_Copper,1.0,0.6304
154,2013-08,7,07_US_Unemployment,0,00_Copper,1.0,1.067
155,2013-09,7,07_US_Unemployment,0,00_Copper,1.0,1.4296
156,2013-10,7,07_US_Unemployment,0,00_Copper,1.0,1.5688
157,2013-11,7,07_US_Unemployment,0,00_Copper,1.0,1.4571
158,2013-12,7,07_US_Unemployment,0,00_Copper,1.0,1.2437
159,2014-01,7,07_US_Unemployment,0,00_Copper,1.0,1.1115
160,2014-02,7,07_US_Unemployment,0,00_Copper,1.0,1.0691
161,2014-03,7,07_US_Unemployment,0,00_Copper,1.0,1.074
162,2014-04,7,07_US_Unemployment,0,00_Copper,1.0,1.0998
163,2014-05,7,07_US_Unemployment,0,00_Copper,1.0,1.1262
164,2014-06,7,07_US_Unemployment,0,00_Copper,1.0,1.1263
165,2014-07,7,07_US_Unemployment,0,00_Copper,1.0,1.0625
166,2014-08,7,07_US_Unemployment,0,00_Copper,1.0,0.9027
167,2014-09,7,07_US_Unemployment,0,00_Copper,1.0,0.6885
168,2014-10,7,07_US_Unemployment,0,00_Copper,1.0,0.4938
169,2014-11,7,07_US_Unemployment,0,00_Copper,1.0,0.3937
170,2014-12,7,07_US_Unemployment,0,00_Copper,1.0,0.6798
171,2015-01,7,07_US_Unemployment,0,00_Copper,1.0,1.2236
172,2015-02,7,07_US_Unemployment,0,00_Copper,1.0,1.3378
173,2015-03,7,07_US_Unemployment,0,00_Copper,1.0,1.2679
174,2015-04,7,07_US_Unemployment,0,00_Copper,1.0,1.1462
175,2015-05,7,07_US_Unemployment,0,00_Copper,1.0,0.9997
176,2015-06,7,07_US_Unemployment,0,00_Copper,1.0,0.8253
177,2015-07,7,07_US_Unemployment,0,00_Copper,1.0,0.5968
178,2015-08,7,07_US_Unemployment,0,00_Copper,1.0,0.2297
179,2015-09,7,07_US_Unemployment,0,00_Copper,1.0,-0.5123
180,2015-10,7,07_US_Unemployment,0,00_Copper,1.0,-1.5897
181,2015-11,7,07_US_Unemployment,0,00_Copper,1.0,3.0072
182,2015-12,7,07_US_Unemployment,0,00_Copper,1.0,1.4198
183,2016-01,7,07_US_Unemployment,0,00_Copper,1.0,1.0779
184,2016-02,7,07_US_Unemployment,0,00_Copper,1.0,0.8724
185,2016-03,7,07_US_Unemployment,0,00_Copper,1.0,0.6826
186,2016-04,7,07_US_Unemployment,0,00_Copper,1.0,0.478
187,2016-05,7,07_US_Unemployment,0,00_Copper,1.0,0.295
188,2016-06,7,07_US_Unemployment,0,00_Copper,1.0,0.223
189,2016-07,7,07_US_Unemployment,0,00_Copper,1.0,0.3654
190,2016-08,7,07_US_Unemployment,0,00_Copper,1.0,1.9629
191,2016-09,7,07_US_Unemployment,0,00_Copper,1.0,3.0856
192,2016-10,7,07_US_Unemployment,0,00_Copper,1.0,-2.9888
193,2016-11,7,07_US_Unemployment,0,00_Copper,1.0,-2.8725
194,2016-12,7,07_US_Unemployment,0,00_Copper,1.0,-2.8001
195,2017-01,7,07_US_Unemployment,0,00_Copper,1.0,-2.7677
196,2017-02,7,07_US_Unemployment,0,00_Copper,1.0,-2.7825
197,2017-03,7,07_US_Unemployment,0,00_Copper,1.0,-2.8595
198,2017-04,7,07_US_Unemployment,0,00_Copper,1.0,-3.0246
199,2017-05,7,07_US_Unemployment,0,00_Copper,1.0,2.9661
200,2017-06,7,07_US_Unemployment,0,00_Copper,1.0,2.5028
201,2017-07,7,07_US_Unemployment,0,00_Copper,1.0,1.894
202,2017-08,7,07_US_Unemployment,0,00_Copper,1.0,1.2868
203,2017-09,7,07_US_Unemployment,0,00_Copper,1.0,0.7609
204,2017-10,7,07_US_Unemployment,0,00_Copper,1.0,0.2674
205,2017-11,7,07_US_Unemployment,0,00_Copper,1.0,-0.2617
206,2017-12,7,07_US_Unemployment,0,00_Copper,1.0,-0.8343
207,2018-01,7,07_US_Unemployment,0,00_Copper,1.0,-1.369
208,2018-02,7,07_US_Unemployment,0,00_Copper,1.0,-1.8018
209,2018-03,7,07_US_Unemployment,0,00_Copper,1.0,-2.151
210,2018-04,7,07_US_Unemployment,0,00_Copper,1.0,-2.4776
211,2018-05,7,07_US_Unemployment,0,00_Copper,1.0,-2.9298
212,2018-06,7,07_US_Unemployment,0,00_Copper,1.0,2.0611
213,2018-07,7,07_US_Unemployment,0,00_Copper,1.0,0.9473
214,2018-08,7,07_US_Unemployment,0,00_Copper,1.0,0.5554
215,2018-09,7,07_US_Unemployment,0,00_Copper,1.0,0.2519
216,2018-10,7,07_US_Unemployment,0,00_Copper,1.0,-0.144
217,2018-11,7,07_US_Unemployment,0,00_Copper,1.0,-0.868
218,2018-12,7,07_US_Unemployment,0,00_Copper,1.0,-1.9086
219,2019-01,7,07_US_Unemployment,0,00_Copper,1.0,-2.6392
220,2019-02,7,07_US_Unemployment,0,00_Copper,1.0,3.0941
221,2019-03,7,07_US_Unemployment,0,00_Copper,1.0,2.5438
222,2019-04,7,07_US_Unemployment,0,00_Copper,1.0,1.9681
223,2019-05,7,07_US_Unemployment,0,00_Copper,1.0,1.4569
224,2019-06,7,07_US_Unemployment,0,00_Copper,1.0,1.1221
225,2019-07,7,07_US_Unemployment,0,00_Copper,1.0,1.0961
226,2019-08,7,07_US_Unemployment,0,00_Copper,1.0,1.8465
227,2019-09,7,07_US_Unemployment,0,00_Copper,1.0,2.555
228,2019-10,7,07_US_Unemployment,0,00_Copper,1.0,2.7017
229,2019-11,7,07_US_Unemployment,0,00_Copper,1.0,2.7283
230,2019-12,7,07_US_Unemployment,0,00_Copper,1.0,2.7299
231,2020-01,7,07_US_Unemployment,0,00_Copper,1.0,2.7243
232,2020-02,7,07_US_Unemployment,0,00_Copper,1.0,2.7153
233,2020-03,7,07_US_Unemployment,0,00_Copper,1.0,2.7054
234,2020-04,7,07_US_Unemployment,0,00_Copper,1.0,2.6942
235,2020-05,7,07_US_Unemployment,0,00_Copper,1.0,2.6771
236,2020-06,7,07_US_Unemployment,0,00_Copper,1.0,2.6477
237,2020-07,7,07_US_Unemployment,0,00_Copper,1.0,2.5989
238,2020-08,7,07_US_Unemployment,0,00_Copper,1.0,2.5159
239,2020-09,7,07_US_Unemployment,0,00_Copper,1.0,2.1928
240,2020-10,7,07_US_Unemployment,0,00_Copper,1.0,-0.6898
241,2020-11,7,07_US_Unemployment,0,00_Copper,1.0,-0.8422
242,2020-12,7,07_US_Unemployment,0,00_Copper,1.0,-0.9703
243,2021-01,7,07_US_Unemployment,0,00_Copper,1.0,-1.0843
244,2021-02,7,07_US_Unemployment,0,00_Copper,1.0,-1.1713
245,2021-03,7,07_US_Unemployment,0,00_Copper,1.0,-1.2227
246,2021-04,7,07_US_Unemployment,0,00_Copper,1.0,-1.2922
247,2021-05,7,07_US_Unemployment,0,00_Copper,1.0,-1.5556
248,2021-06,7,07_US_Unemployment,0,00_Copper,1.0,-2.3368
249,2021-07,7,07_US_Unemployment,0,00_Copper,1.0,-2.8712
250,2021-08,7,07_US_Unemployment,0,00_Copper,1.0,-2.9448
251,2021-09,7,07_US_Unemployment,0,00_Copper,1.0,-2.8727
252,2021-10,7,07_US_Unemployment,0,00_Copper,1.0,-2.7738
253,2021-11,7,07_US_Unemployment,0,00_Copper,1.0,-2.7028
254,2021-12,7,07_US_Unemployment,0,00_Copper,1.0,-2.6822
255,2022-01,7,07_US_Unemployment,0,00_Copper,1.0,-2.7206
256,2022-02,7,07_US_Unemployment,0,00_Copper,1.0,-2.83
257,2022-03,7,07_US_Unemployment,0,00_Copper,1.0,-3.0363
258,2022-04,7,07_US_Unemployment,0,00_Copper,1.0,2.914
259,2022-05,7,07_US_Unemployment,0,00_Copper,1.0,2.4936
260,2022-06,7,07_US_Unemployment,0,00_Copper,1.0,2.1392
261,2022-07,7,07_US_Unemployment,0,00_Copper,1.0,1.9688
262,2022-08,7,07_US_Unemployment,0,00_Copper,1.0,2.2523
263,2022-09,7,07_US_Unemployment,0,00_Copper,1.0,-2.394
264,2022-10,7,07_US_Unemployment,0,00_Copper,1.0,-1.9932
265,2022-11,7,07_US_Unemployment,0,00_Copper,1.0,-1.8027
266,2022-12,7,07_US_Unemployment,0,00_Copper,1.0,-1.6433
267,2023-01,7,07_US_Unemployment,0,00_Copper,1.0,-1.5545
268,2023-02,7,07_US_Unemployment,0,00_Copper,1.0,-1.5512
12,2001-10,7,07_US_Unemployment,1,01_Oil,1.0,-0.7113
13,2001-11,7,07_US_Unemployment,1,01_Oil,1.0,-0.3264
14,2001-12,7,07_US_Unemployment,1,01_Oil,1.0,0.0716
15,2002-01,7,07_US_Unemployment,1,01_Oil,1.0,0.416
16,2002-02,7,07_US_Unemployment,1,01_Oil,1.0,0.664
17,2002-03,7,07_US_Unemployment,1,01_Oil,1.0,0.8074
18,2002-04,7,07_US_Unemployment,1,01_Oil,1.0,0.8545
19,2002-05,7,07_US_Unemployment,1,01_Oil,1.0,0.8121
20,2002-06,7,07_US_Unemployment,1,01_Oil,1.0,0.6892
21,2002-07,7,07_US_Unemployment,1,01_Oil,1.0,0.5088
22,2002-08,7,07_US_Unemployment,1,01_Oil,1.0,0.341
23,2002-09,7,07_US_Unemployment,1,01_Oil,1.0,3.0239
24,2002-10,7,07_US_Unemployment,1,01_Oil,1.0,2.9776
25,2002-11,7,07_US_Unemployment,1,01_Oil,1.0,2.8548
26,2002-12,7,07_US_Unemployment,1,01_Oil,1.0,2.7348
27,2003-01,7,07_US_Unemployment,1,01_Oil,1.0,2.6038
28,2003-02,7,07_US_Unemployment,1,01_Oil,1.0,2.4332
29,2003-03,7,07_US_Unemployment,1,01_Oil,1.0,2.174
30,2003-04,7,07_US_Unemployment,1,01_Oil,1.0,1.7589
31,2003-05,7,07_US_Unemployment,1,01_Oil,1.0,1.2241
32,2003-06,7,07_US_Unemployment,1,01_Oil,1.0,0.7923
33,2003-07,7,07_US_Unemployment,1,01_Oil,1.0,0.5486
34,2003-08,7,07_US_Unemployment,1,01_Oil,1.0,0.4776
35,2003-09,7,07_US_Unemployment,1,01_Oil,1.0,0.8326
36,2003-10,7,07_US_Unemployment,1,01_Oil,1.0,2.3818
37,2003-11,7,07_US_Unemployment,1,01_Oil,1.0,2.7373
38,2003-12,7,07_US_Unemployment,1,01_Oil,1.0,2.8813
39,2004-01,7,07_US_Unemployment,1,01_Oil,1.0,-3.1409
40,2004-02,7,07_US_Unemployment,1,01_Oil,1.0,-2.6932
41,2004-03,7,07_US_Unemployment,1,01_Oil,1.0,-2.3585
42,2004-04,7,07_US_Unemployment,1,01_Oil,1.0,-2.2595
43,2004-05,7,07_US_Unemployment,1,01_Oil,1.0,-2.2841
44,2004-06,7,07_US_Unemployment,1,01_Oil,1.0,-2.3475
45,2004-07,7,07_US_Unemployment,1,01_Oil,1.0,-2.2643
46,2004-08,7,07_US_Unemployment,1,01_Oil,1.0,0.1978
47,2004-09,7,07_US_Unemployment,1,01_Oil,1.0,0.188
48,2004-10,7,07_US_Unemployment,1,01_Oil,1.0,0.0708
49,2004-11,7,07_US_Unemployment,1,01_Oil,1.0,-0.0595
50,2004-12,7,07_US_Unemployment,1,01_Oil,1.0,-0.1916
51,2005-01,7,07_US_Unemployment,1,01_Oil,1.0,-0.3262
52,2005-02,7,07_US_Unemployment,1,01_Oil,1.0,-0.4691
53,2005-03,7,07_US_Unemployment,1,01_Oil,1.0,-0.6276
54,2005-04,7,07_US_Unemployment,1,01_Oil,1.0,-0.806
55,2005-05,7,07_US_Unemployment,1,01_Oil,1.0,-0.9997
56,2005-06,7,07_US_Unemployment,1,01_Oil,1.0,-1.2262
57,2005-07,7,07_US_Unemployment,1,01_Oil,1.0,-1.751
58,2005-08,7,07_US_Unemployment,1,01_Oil,1.0,-2.5638
59,2005-09,7,07_US_Unemployment,1,01_Oil,1.0,-2.6282
60,2005-10,7,07_US_Unemployment,1,01_Oil,1.0,-2.5352
61,2005-11,7,07_US_Unemployment,1,01_Oil,1.0,-2.4378
62,2005-12,7,07_US_Unemployment,1,01_Oil,1.0,-2.325
63,2006-01,7,07_US_Unemployment,1,01_Oil,1.0,-2.1691
64,2006-02,7,07_US_Unemployment,1,01_Oil,1.0,-1.9393
65,2006-03,7,07_US_Unemployment,1,01_Oil,1.0,-1.6102
66,2006-04,7,07_US_Unemployment,1,01_Oil,1.0,-1.1872
67,2006-05,7,07_US_Unemployment,1,01_Oil,1.0,-0.7223
68,2006-06,7,07_US_Unemployment,1,01_Oil,1.0,-0.2942
69,2006-07,7,07_US_Unemployment,1,01_Oil,1.0,0.0446
70,2006-08,7,07_US_Unemployment,1,01_Oil,1.0,0.2926
71,2006-09,7,07_US_Unemployment,1,01_Oil,1.0,0.4751
72,2006-10,7,07_US_Unemployment,1,01_Oil,1.0,0.621
73,2006-11,7,07_US_Unemployment,1,01_Oil,1.0,0.7602
74,2006-12,7,07_US_Unemployment,1,01_Oil,1.0,0.9291
75,2007-01,7,07_US_Unemployment,1,01_Oil,1.0,1.1867
76,2007-02,7,07_US_Unemployment,1,01_Oil,1.0,1.7169
77,2007-03,7,07_US_Unemployment,1,01_Oil,1.0,-2.368
78,2007-04,7,07_US_Unemployment,1,01_Oil,1.0,-1.3238
79,2007-05,7,07_US_Unemployment,1,01_Oil,1.0,-0.7852
80,2007-06,7,07_US_Unemployment,1,01_Oil,1.0,-0.3603
81,2007-07,7,07_US_Unemployment,1,01_Oil,1.0,-0.0104
82,2007-08,7,07_US_Unemployment,1,01_Oil,1.0,0.2663
83,2007-09,7,07_US_Unemployment,1,01_Oil,1.0,-2.0511
84,2007-10,7,07_US_Unemployment,1,01_Oil,1.0,-2.4176
85,2007-11,7,07_US_Unemployment,1,01_Oil,1.0,-2.2466
86,2007-12,7,07_US_Unemployment,1,01_Oil,1.0,-2.0704
87,2008-01,7,07_US_Unemployment,1,01_Oil,1.0,-1.883
88,2008-02,7,07_US_Unemployment,1,01_Oil,1.0,-1.6772
89,2008-03,7,07_US_Unemployment,1,01_Oil,1.0,-1.4518
90,2008-04,7,07_US_Unemployment,1,01_Oil,1.0,-1.2269
91,2008-05,7,07_US_Unemployment,1,01_Oil,1.0,-1.0826
92,2008-06,7,07_US_Unemployment,1,01_Oil,1.0,-1.6793
93,2008-07,7,07_US_Unemployment,1,01_Oil,1.0,-2.9178
94,2008-08,7,07_US_Unemployment,1,01_Oil,1.0,-2.8876
95,2008-09,7,07_US_Unemployment,1,01_Oil,1.0,-2.7588
96,2008-10,7,07_US_Unemployment,1,01_Oil,1.0,-2.6956
97,2008-11,7,07_US_Unemployment,1,01_Oil,1.0,-2.8278
98,2008-12,7,07_US_Unemployment,1,01_Oil,1.0,2.8556
99,2009-01,7,07_US_Unemployment,1,01_Oil,1.0,1.9281
100,2009-02,7,07_US_Unemployment,1,01_Oil,1.0,1.3817
101,2009-03,7,07_US_Unemployment,1,01_Oil,1.0,1.0241
102,2009-04,7,07_US_Unemployment,1,01_Oil,1.0,0.747
103,2009-05,7,07_US_Unemployment,1,01_Oil,1.0,0.537
104,2009-06,7,07_US_Unemployment,1,01_Oil,1.0,0.3829
105,2009-07,7,07_US_Unemployment,1,01_Oil,1.0,0.2615
106,2009-08,7,07_US_Unemployment,1,01_Oil,1.0,0.1344
107,2009-09,7,07_US_Unemployment,1,01_Oil,1.0,-0.0933
108,2009-10,7,07_US_Unemployment,1,01_Oil,1.0,-0.8109
109,2009-11,7,07_US_Unemployment,1,01_Oil,1.0,-1.9214
110,2009-12,7,07_US_Unemployment,1,01_Oil,1.0,-2.2926
111,2010-01,7,07_US_Unemployment,1,01_Oil,1.0,1.0664
112,2010-02,7,07_US_Unemployment,1,01_Oil,1.0,0.7524
113,2010-03,7,07_US_Unemployment,1,01_Oil,1.0,0.731
114,2010-04,7,07_US_Unemployment,1,01_Oil,1.0,0.718
115,2010-05,7,07_US_Unemployment,1,01_Oil,1.0,0.6904
116,2010-06,7,07_US_Unemployment,1,01_Oil,1.0,0.6333
117,2010-07,7,07_US_Unemployment,1,01_Oil,1.0,0.5352
118,2010-08,7,07_US_Unemployment,1,01_Oil,1.0,0.3863
119,2010-09,7,07_US_Unemployment,1,01_Oil,1.0,0.1745
120,2010-10,7,07_US_Unemployment,1,01_Oil,1.0,-0.1147
121,2010-11,7,07_US_Unemployment,1,01_Oil,1.0,-0.4771
122,2010-12,7,07_US_Unemployment,1,01_Oil,1.0,-0.8487
123,2011-01,7,07_US_Unemployment,1,01_Oil,1.0,-1.1368
124,2011-02,7,07_US_Unemployment,1,01_Oil,1.0,-1.3119
125,2011-03,7,07_US_Unemployment,1,01_Oil,1.0,-1.3923
126,2011-04,7,07_US_Unemployment,1,01_Oil,1.0,-1.3988
127,2011-05,7,07_US_Unemployment,1,01_Oil,1.0,-1.3402
128,2011-06,7,07_US_Unemployment,1,01_Oil,1.0,-1.2139
129,2011-07,7,07_US_Unemployment,1,01_Oil,1.0,-1.0091
130,2011-08,7,07_US_Unemployment,1,01_Oil,1.0,2.3862
131,2011-09,7,07_US_Unemployment,1,01_Oil,1.0,2.6799
132,2011-10,7,07_US_Unemployment,1,01_Oil,1.0,2.9404
133,2011-11,7,07_US_Unemployment,1,01_Oil,1.0,3.1372
134,2011-12,7,07_US_Unemployment,1,01_Oil,1.0,-3.0233
135,2012-01,7,07_US_Unemployment,1,01_Oil,1.0,-2.9862
136,2012-02,7,07_US_Unemployment,1,01_Oil,1.0,-3.0839
137,2012-03,7,07_US_Unemployment,1,01_Oil,1.0,2.0288
138,2012-04,7,07_US_Unemployment,1,01_Oil,1.0,0.1586
139,2012-05,7,07_US_Unemployment,1,01_Oil,1.0,-0.3014
140,2012-06,7,07_US_Unemployment,1,01_Oil,1.0,-0.6469
141,2012-07,7,07_US_Unemployment,1,01_Oil,1.0,-0.7729
142,2012-08,7,07_US_Unemployment,1,01_Oil,1.0,-0.6201
143,2012-09,7,07_US_Unemployment,1,01_Oil,1.0,-0.1526
144,2012-10,7,07_US_Unemployment,1,01_Oil,1.0,0.3299
145,2012-11,7,07_US_Unemployment,1,01_Oil,1.0,0.5977
146,2012-12,7,07_US_Unemployment,1,01_Oil,1.0,0.7543
147,2013-01,7,07_US_Unemployment,1,01_Oil,1.0,0.8927
148,2013-02,7,07_US_Unemployment,1,01_Oil,1.0,1.0647
149,2013-03,7,07_US_Unemployment,1,01_Oil,1.0,1.2931
150,2013-04,7,07_US_Unemployment,1,01_Oil,1.0,1.561
151,2013-05,7,07_US_Unemployment,1,01_Oil,1.0,1.8275
152,2013-06,7,07_US_Unemployment,1,01_Oil,1.0,2.0816
153,2013-07,7,07_US_Unemployment,1,01_Oil,1.0,2.3491
154,2013-08,7,07_US_Unemployment,1,01_Oil,1.0,2.6164
155,2013-09,7,07_US_Unemployment,1,01_Oil,1.0,2.7514
156,2013-10,7,07_US_Unemployment,1,01_Oil,1.0,2.6361
157,2013-11,7,07_US_Unemployment,1,01_Oil,1.0,2.2935
158,2013-12,7,07_US_Unemployment,1,01_Oil,1.0,1.8822
159,2014-01,7,07_US_Unemployment,1,01_Oil,1.0,1.555
160,2014-02,7,07_US_Unemployment,1,01_Oil,1.0,1.344
161,2014-03,7,07_US_Unemployment,1,01_Oil,1.0,1.2375
162,2014-04,7,07_US_Unemployment,1,01_Oil,1.0,1.2253
163,2014-05,7,07_US_Unemployment,1,01_Oil,1.0,1.3031
164,2014-06,7,07_US_Unemployment,1,01_Oil,1.0,1.4743
165,2014-07,7,07_US_Unemployment,1,01_Oil,1.0,1.7502
166,2014-08,7,07_US_Unemployment,1,01_Oil,1.0,2.124
167,2014-09,7,07_US_Unemployment,1,01_Oil,1.0,2.5355
168,2014-10,7,07_US_Unemployment,1,01_Oil,1.0,2.9322
169,2014-11,7,07_US_Unemployment,1,01_Oil,1.0,-2.8948
170,2014-12,7,07_US_Unemployment,1,01_Oil,1.0,-2.0812
171,2015-01,7,07_US_Unemployment,1,01_Oil,1.0,-1.0637
172,2015-02,7,07_US_Unemployment,1,01_Oil,1.0,-0.543
173,2015-03,7,07_US_Unemployment,1,01_Oil,1.0,-0.2788
174,2015-04,7,07_US_Unemployment,1,01_Oil,1.0,-0.1394
175,2015-05,7,07_US_Unemployment,1,01_Oil,1.0,-0.0901
176,2015-06,7,07_US_Unemployment,1,01_Oil,1.0,-0.1205
177,2015-07,7,07_US_Unemployment,1,01_Oil,1.0,-0.245
178,2015-08,7,07_US_Unemployment,1,01_Oil,1.0,-0.543
179,2015-09,7,07_US_Unemployment,1,01_Oil,1.0,-1.2689
180,2015-10,7,07_US_Unemployment,1,01_Oil,1.0,-2.6693
181,2015-11,7,07_US_Unemployment,1,01_Oil,1.0,1.3524
182,2015-12,7,07_US_Unemployment,1,01_Oil,1.0,0.8447
183,2016-01,7,07_US_Unemployment,1,01_Oil,1.0,0.6422
184,2016-02,7,07_US_Unemployment,1,01_Oil,1.0,0.5172
185,2016-03,7,07_US_Unemployment,1,01_Oil,1.0,0.404
186,2016-04,7,07_US_Unemployment,1,01_Oil,1.0,0.1338
187,2016-05,7,07_US_Unemployment,1,01_Oil,1.0,-2.0854
188,2016-06,7,07_US_Unemployment,1,01_Oil,1.0,-2.3862
189,2016-07,7,07_US_Unemployment,1,01_Oil,1.0,-2.2938
190,2016-08,7,07_US_Unemployment,1,01_Oil,1.0,-0.7738
191,2016-09,7,07_US_Unemployment,1,01_Oil,1.0,0.2618
192,2016-10,7,07_US_Unemployment,1,01_Oil,1.0,0.3971
193,2016-11,7,07_US_Unemployment,1,01_Oil,1.0,0.4667
194,2016-12,7,07_US_Unemployment,1,01_Oil,1.0,0.5262
195,2017-01,7,07_US_Unemployment,1,01_Oil,1.0,0.5842
196,2017-02,7,07_US_Unemployment,1,01_Oil,1.0,0.6409
197,2017-03,7,07_US_Unemployment,1,01_Oil,1.0,0.7005
198,2017-04,7,07_US_Unemployment,1,01_Oil,1.0,0.7881
199,2017-05,7,07_US_Unemployment,1,01_Oil,1.0,0.9643
200,2017-06,7,07_US_Unemployment,1,01_Oil,1.0,1.2371
201,2017-07,7,07_US_Unemployment,1,01_Oil,1.0,1.3373
202,2017-08,7,07_US_Unemployment,1,01_Oil,1.0,1.1074
203,2017-09,7,07_US_Unemployment,1,01_Oil,1.0,0.6503
204,2017-10,7,07_US_Unemployment,1,01_Oil,1.0,0.1018
205,2017-11,7,07_US_Unemployment,1,01_Oil,1.0,-0.4642
206,2017-12,7,07_US_Unemployment,1,01_Oil,1.0,-1.0098
207,2018-01,7,07_US_Unemployment,1,01_Oil,1.0,-1.4432
208,2018-02,7,07_US_Unemployment,1,01_Oil,1.0,-1.642
209,2018-03,7,07_US_Unemployment,1,01_Oil,1.0,-0.1488
210,2018-04,7,07_US_Unemployment,1,01_Oil,1.0,0.798
211,2018-05,7,07_US_Unemployment,1,01_Oil,1.0,0.8709
212,2018-06,7,07_US_Unemployment,1,01_Oil,1.0,0.9115
213,2018-07,7,07_US_Unemployment,1,01_Oil,1.0,0.9388
214,2018-08,7,07_US_Unemployment,1,01_Oil,1.0,0.936
215,2018-09,7,07_US_Unemployment,1,01_Oil,1.0,0.8682
216,2018-10,7,07_US_Unemployment,1,01_Oil,1.0,0.6554
217,2018-11,7,07_US_Unemployment,1,01_Oil,1.0,0.0922
218,2018-12,7,07_US_Unemployment,1,01_Oil,1.0,-0.7983
219,2019-01,7,07_US_Unemployment,1,01_Oil,1.0,-1.3912
220,2019-02,7,07_US_Unemployment,1,01_Oil,1.0,-1.8401
221,2019-03,7,07_US_Unemployment,1,01_Oil,1.0,-2.4134
222,2019-04,7,07_US_Unemployment,1,01_Oil,1.0,2.781
223,2019-05,7,07_US_Unemployment,1,01_Oil,1.0,1.2769
224,2019-06,7,07_US_Unemployment,1,01_Oil,1.0,0.6444
225,2019-07,7,07_US_Unemployment,1,01_Oil,1.0,0.5445
226,2019-08,7,07_US_Unemployment,1,01_Oil,1.0,1.2843
227,2019-09,7,07_US_Unemployment,1,01_Oil,1.0,2.0333
228,2019-10,7,07_US_Unemployment,1,01_Oil,1.0,2.2954
229,2019-11,7,07_US_Unemployment,1,01_Oil,1.0,2.5353
230,2019-12,7,07_US_Unemployment,1,01_Oil,1.0,2.8152
231,2020-01,7,07_US_Unemployment,1,01_Oil,1.0,3.0605
232,2020-02,7,07_US_Unemployment,1,01_Oil,1.0,-3.0541
233,2020-03,7,07_US_Unemployment,1,01_Oil,1.0,-2.9436
234,2020-04,7,07_US_Unemployment,1,01_Oil,1.0,-2.8622
235,2020-05,7,07_US_Unemployment,1,01_Oil,1.0,-2.7883
236,2020-06,7,07_US_Unemployment,1,01_Oil,1.0,-2.7042
237,2020-07,7,07_US_Unemployment,1,01_Oil,1.0,-2.5887
238,2020-08,7,07_US_Unemployment,1,01_Oil,1.0,-2.408
239,2020-09,7,07_US_Unemployment,1,01_Oil,1.0,-2.1166
240,2020-10,7,07_US_Unemployment,1,01_Oil,1.0,-1.7276
241,2020-11,7,07_US_Unemployment,1,01_Oil,1.0,-1.4044
242,2020-12,7,07_US_Unemployment,1,01_Oil,1.0,-1.2683
243,2021-01,7,07_US_Unemployment,1,01_Oil,1.0,-1.3147
244,2021-02,7,07_US_Unemployment,1,01_Oil,1.0,-1.5502
245,2021-03,7,07_US_Unemployment,1,01_Oil,1.0,-2.0724
246,2021-04,7,07_US_Unemployment,1,01_Oil,1.0,-2.8407
247,2021-05,7,07_US_Unemployment,1,01_Oil,1.0,2.6881
248,2021-06,7,07_US_Unemployment,1,01_Oil,1.0,1.6057
249,2021-07,7,07_US_Unemployment,1,01_Oil,1.0,0.8386
250,2021-08,7,07_US_Unemployment,1,01_Oil,1.0,0.5476
251,2021-09,7,07_US_Unemployment,1,01_Oil,1.0,0.4075
252,2021-10,7,07_US_Unemployment,1,01_Oil,1.0,0.3158
253,2021-11,7,07_US_Unemployment,1,01_Oil,1.0,0.2392
254,2021-12,7,07_US_Unemployment,1,01_Oil,1.0,0.1653
255,2022-01,7,07_US_Unemployment,1,01_Oil,1.0,0.0869
256,2022-02,7,07_US_Unemployment,1,01_Oil,1.0,-0.0057
257,2022-03,7,07_US_Unemployment,1,01_Oil,1.0,-0.1306
258,2022-04,7,07_US_Unemployment,1,01_Oil,1.0,-0.3246
259,2022-05,7,07_US_Unemployment,1,01_Oil,1.0,-0.653
260,2022-06,7,07_US_Unemployment,1,01_Oil,1.0,-1.1414
261,2022-07,7,07_US_Unemployment,1,01_Oil,1.0,-1.569
262,2022-08,7,07_US_Unemployment,1,01_Oil,1.0,-1.4891
263,2022-09,7,07_US_Unemployment,1,01_Oil,1.0,-0.0324
264,2022-10,7,07_US_Unemployment,1,01_Oil,1.0,0.1423
265,2022-11,7,07_US_Unemployment,1,01_Oil,1.0,0.022
266,2022-12,7,07_US_Unemployment,1,01_Oil,1.0,-0.2057
267,2023-01,7,07_US_Unemployment,1,01_Oil,1.0,-0.6037
268,2023-02,7,07_US_Unemployment,1,01_Oil,1.0,-1.3207
12,2001-10,7,07_US_Unemployment,2,02_SP500,1.0,0.3345
13,2001-11,7,07_US_Unemployment,2,02_SP500,1.0,0.5973
14,2001-12,7,07_US_Unemployment,2,02_SP500,1.0,0.8157
15,2002-01,7,07_US_Unemployment,2,02_SP500,1.0,0.9732
16,2002-02,7,07_US_Unemployment,2,02_SP500,1.0,1.0546
17,2002-03,7,07_US_Unemployment,2,02_SP500,1.0,1.0619
18,2002-04,7,07_US_Unemployment,2,02_SP500,1.0,1.0073
19,2002-05,7,07_US_Unemployment,2,02_SP500,1.0,0.9134
20,2002-06,7,07_US_Unemployment,2,02_SP500,1.0,0.814
21,2002-07,7,07_US_Unemployment,2,02_SP500,1.0,0.7313
22,2002-08,7,07_US_Unemployment,2,02_SP500,1.0,0.6638
23,2002-09,7,07_US_Unemployment,2,02_SP500,1.0,0.6091
24,2002-10,7,07_US_Unemployment,2,02_SP500,1.0,0.5665
25,2002-11,7,07_US_Unemployment,2,02_SP500,1.0,0.5272
26,2002-12,7,07_US_Unemployment,2,02_SP500,1.0,0.4725
27,2003-01,7,07_US_Unemployment,2,02_SP500,1.0,0.3748
28,2003-02,7,07_US_Unemployment,2,02_SP500,1.0,0.1879
29,2003-03,7,07_US_Unemployment,2,02_SP500,1.0,-0.1868
30,2003-04,7,07_US_Unemployment,2,02_SP500,1.0,-0.9817
31,2003-05,7,07_US_Unemployment,2,02_SP500,1.0,-2.327
32,2003-06,7,07_US_Unemployment,2,02_SP500,1.0,2.9943
33,2003-07,7,07_US_Unemployment,2,02_SP500,1.0,2.5477
34,2003-08,7,07_US_Unemployment,2,02_SP500,1.0,2.3297
35,2003-09,7,07_US_Unemployment,2,02_SP500,1.0,2.1929
36,2003-10,7,07_US_Unemployment,2,02_SP500,1.0,1.9299
37,2003-11,7,07_US_Unemployment,2,02_SP500,1.0,0.5334
38,2003-12,7,07_US_Unemployment,2,02_SP500,1.0,0.0524
39,2004-01,7,07_US_Unemployment,2,02_SP500,1.0,0.2792
40,2004-02,7,07_US_Unemployment,2,02_SP500,1.0,0.7754
41,2004-03,7,07_US_Unemployment,2,02_SP500,1.0,1.164
42,2004-04,7,07_US_Unemployment,2,02_SP500,1.0,1.3022
43,2004-05,7,07_US_Unemployment,2,02_SP500,1.0,1.2963
44,2004-06,7,07_US_Unemployment,2,02_SP500,1.0,1.2197
45,2004-07,7,07_US_Unemployment,2,02_SP500,1.0,1.1066
46,2004-08,7,07_US_Unemployment,2,02_SP500,1.0,0.9676
47,2004-09,7,07_US_Unemployment,2,02_SP500,1.0,0.778
48,2004-10,7,07_US_Unemployment,2,02_SP500,1.0,0.3152
49,2004-11,7,07_US_Unemployment,2,02_SP500,1.0,-1.2411
50,2004-12,7,07_US_Unemployment,2,02_SP500,1.0,-1.7084
51,2005-01,7,07_US_Unemployment,2,02_SP500,1.0,-1.7395
52,2005-02,7,07_US_Unemployment,2,02_SP500,1.0,-1.6548
53,2005-03,7,07_US_Unemployment,2,02_SP500,1.0,-1.5316
54,2005-04,7,07_US_Unemployment,2,02_SP500,1.0,-1.4227
55,2005-05,7,07_US_Unemployment,2,02_SP500,1.0,-1.3534
56,2005-06,7,07_US_Unemployment,2,02_SP500,1.0,-1.309
57,2005-07,7,07_US_Unemployment,2,02_SP500,1.0,-1.2601
58,2005-08,7,07_US_Unemployment,2,02_SP500,1.0,-1.2394
59,2005-09,7,07_US_Unemployment,2,02_SP500,1.0,-1.3279
60,2005-10,7,07_US_Unemployment,2,02_SP500,1.0,-1.4388
61,2005-11,7,07_US_Unemployment,2,02_SP500,1.0,-1.4983
62,2005-12,7,07_US_Unemployment,2,02_SP500,1.0,-1.5097
63,2006-01,7,07_US_Unemployment,2,02_SP500,1.0,-1.4776
64,2006-02,7,07_US_Unemployment,2,02_SP500,1.0,-1.3937
65,2006-03,7,07_US_Unemployment,2,02_SP500,1.0,-1.2482
66,2006-04,7,07_US_Unemployment,2,02_SP500,1.0,-1.0546
67,2006-05,7,07_US_Unemployment,2,02_SP500,1.0,-0.852
68,2006-06,7,07_US_Unemployment,2,02_SP500,1.0,-0.6802
69,2006-07,7,07_US_Unemployment,2,02_SP500,1.0,-0.5719
70,2006-08,7,07_US_Unemployment,2,02_SP500,1.0,-0.5817
71,2006-09,7,07_US_Unemployment,2,02_SP500,1.0,-0.858
72,2006-10,7,07_US_Unemployment,2,02_SP500,1.0,-1.4372
73,2006-11,7,07_US_Unemployment,2,02_SP500,1.0,-1.7608
74,2006-12,7,07_US_Unemployment,2,02_SP500,1.0,-1.784
75,2007-01,7,07_US_Unemployment,2,02_SP500,1.0,-1.6321
76,2007-02,7,07_US_Unemployment,2,02_SP500,1.0,-1.2087
77,2007-03,7,07_US_Unemployment,2,02_SP500,1.0,0.8377
78,2007-04,7,07_US_Unemployment,2,02_SP500,1.0,1.6648
79,2007-05,7,07_US_Unemployment,2,02_SP500,1.0,1.9199
80,2007-06,7,07_US_Unemployment,2,02_SP500,1.0,2.0185
81,2007-07,7,07_US_Unemployment,2,02_SP500,1.0,2.0433
82,2007-08,7,07_US_Unemployment,2,02_SP500,1.0,2.0375
83,2007-09,7,07_US_Unemployment,2,02_SP500,1.0,-0.4974
84,2007-10,7,07_US_Unemployment,2,02_SP500,1.0,-1.0052
85,2007-11,7,07_US_Unemployment,2,02_SP500,1.0,-0.8865
86,2007-12,7,07_US_Unemployment,2,02_SP500,1.0,-0.6683
87,2008-01,7,07_US_Unemployment,2,02_SP500,1.0,-0.3938
88,2008-02,7,07_US_Unemployment,2,02_SP500,1.0,-0.1536
89,2008-03,7,07_US_Unemployment,2,02_SP500,1.0,0.0031
90,2008-04,7,07_US_Unemployment,2,02_SP500,1.0,0.0769
91,2008-05,7,07_US_Unemployment,2,02_SP500,1.0,0.0335
92,2008-06,7,07_US_Unemployment,2,02_SP500,1.0,-0.7469
93,2008-07,7,07_US_Unemployment,2,02_SP500,1.0,-2.142
94,2008-08,7,07_US_Unemployment,2,02_SP500,1.0,-2.2308
95,2008-09,7,07_US_Unemployment,2,02_SP500,1.0,-2.1792
96,2008-10,7,07_US_Unemployment,2,02_SP500,1.0,-2.1479
97,2008-11,7,07_US_Unemployment,2,02_SP500,1.0,-2.2614
98,2008-12,7,07_US_Unemployment,2,02_SP500,1.0,-2.7839
99,2009-01,7,07_US_Unemployment,2,02_SP500,1.0,2.7143
100,2009-02,7,07_US_Unemployment,2,02_SP500,1.0,2.3714
101,2009-03,7,07_US_Unemployment,2,02_SP500,1.0,2.2515
102,2009-04,7,07_US_Unemployment,2,02_SP500,1.0,2.2062
103,2009-05,7,07_US_Unemployment,2,02_SP500,1.0,2.1974
104,2009-06,7,07_US_Unemployment,2,02_SP500,1.0,2.2184
105,2009-07,7,07_US_Unemployment,2,02_SP500,1.0,2.2724
106,2009-08,7,07_US_Unemployment,2,02_SP500,1.0,2.3644
107,2009-09,7,07_US_Unemployment,2,02_SP500,1.0,2.4967
108,2009-10,7,07_US_Unemployment,2,02_SP500,1.0,2.6596
109,2009-11,7,07_US_Unemployment,2,02_SP500,1.0,2.8304
110,2009-12,7,07_US_Unemployment,2,02_SP500,1.0,2.9819
111,2010-01,7,07_US_Unemployment,2,02_SP500,1.0,0.3174
112,2010-02,7,07_US_Unemployment,2,02_SP500,1.0,0.1706
113,2010-03,7,07_US_Unemployment,2,02_SP500,1.0,0.2711
114,2010-04,7,07_US_Unemployment,2,02_SP500,1.0,0.3556
115,2010-05,7,07_US_Unemployment,2,02_SP500,1.0,0.4154
116,2010-06,7,07_US_Unemployment,2,02_SP500,1.0,0.4486
117,2010-07,7,07_US_Unemployment,2,02_SP500,1.0,0.4605
118,2010-08,7,07_US_Unemployment,2,02_SP500,1.0,0.4692
119,2010-09,7,07_US_Unemployment,2,02_SP500,1.0,0.5333
120,2010-10,7,07_US_Unemployment,2,02_SP500,1.0,0.9931
121,2010-11,7,07_US_Unemployment,2,02_SP500,1.0,2.5456
122,2010-12,7,07_US_Unemployment,2,02_SP500,1.0,2.9186
123,2011-01,7,07_US_Unemployment,2,02_SP500,1.0,3.0422
124,2011-02,7,07_US_Unemployment,2,02_SP500,1.0,3.1378
125,2011-03,7,07_US_Unemployment,2,02_SP500,1.0,-3.0408
126,2011-04,7,07_US_Unemployment,2,02_SP500,1.0,-2.8694
127,2011-05,7,07_US_Unemployment,2,02_SP500,1.0,0.1473
128,2011-06,7,07_US_Unemployment,2,02_SP500,1.0,0.305
129,2011-07,7,07_US_Unemployment,2,02_SP500,1.0,0.4083
130,2011-08,7,07_US_Unemployment,2,02_SP500,1.0,-2.6646
131,2011-09,7,07_US_Unemployment,2,02_SP500,1.0,-2.5961
132,2011-10,7,07_US_Unemployment,2,02_SP500,1.0,-2.5438
133,2011-11,7,07_US_Unemployment,2,02_SP500,1.0,-2.5085
134,2011-12,7,07_US_Unemployment,2,02_SP500,1.0,-2.5023
135,2012-01,7,07_US_Unemployment,2,02_SP500,1.0,-2.5449
136,2012-02,7,07_US_Unemployment,2,02_SP500,1.0,-2.6834
137,2012-03,7,07_US_Unemployment,2,02_SP500,1.0,2.4527
138,2012-04,7,07_US_Unemployment,2,02_SP500,1.0,0.7247
139,2012-05,7,07_US_Unemployment,2,02_SP500,1.0,0.5488
140,2012-06,7,07_US_Unemployment,2,02_SP500,1.0,0.5063
141,2012-07,7,07_US_Unemployment,2,02_SP500,1.0,0.5878
142,2012-08,7,07_US_Unemployment,2,02_SP500,1.0,0.8731
143,2012-09,7,07_US_Unemployment,2,02_SP500,1.0,1.4437
144,2012-10,7,07_US_Unemployment,2,02_SP500,1.0,-1.1973
145,2012-11,7,07_US_Unemployment,2,02_SP500,1.0,-0.7892
146,2012-12,7,07_US_Unemployment,2,02_SP500,1.0,-0.5586
147,2013-01,7,07_US_Unemployment,2,02_SP500,1.0,-0.3644
148,2013-02,7,07_US_Unemployment,2,02_SP500,1.0,-0.1482
149,2013-03,7,07_US_Unemployment,2,02_SP500,1.0,0.1694
150,2013-04,7,07_US_Unemployment,2,02_SP500,1.0,0.8145
151,2013-05,7,07_US_Unemployment,2,02_SP500,1.0,1.9482
152,2013-06,7,07_US_Unemployment,2,02_SP500,1.0,2.7205
153,2013-07,7,07_US_Unemployment,2,02_SP500,1.0,-3.0118
154,2013-08,7,07_US_Unemployment,2,02_SP500,1.0,-2.4732
155,2013-09,7,07_US_Unemployment,2,02_SP500,1.0,-1.9995
156,2013-10,7,07_US_Unemployment,2,02_SP500,1.0,-1.6563
157,2013-11,7,07_US_Unemployment,2,02_SP500,1.0,-1.4155
158,2013-12,7,07_US_Unemployment,2,02_SP500,1.0,-1.2317
159,2014-01,7,07_US_Unemployment,2,02_SP500,1.0,-1.075
160,2014-02,7,07_US_Unemployment,2,02_SP500,1.0,-0.9252
161,2014-03,7,07_US_Unemployment,2,02_SP500,1.0,-0.7658
162,2014-04,7,07_US_Unemployment,2,02_SP500,1.0,-0.5866
163,2014-05,7,07_US_Unemployment,2,02_SP500,1.0,-0.3963
164,2014-06,7,07_US_Unemployment,2,02_SP500,1.0,-0.2445
165,2014-07,7,07_US_Unemployment,2,02_SP500,1.0,-0.2112
166,2014-08,7,07_US_Unemployment,2,02_SP500,1.0,-0.1717
167,2014-09,7,07_US_Unemployment,2,02_SP500,1.0,0.0688
168,2014-10,7,07_US_Unemployment,2,02_SP500,1.0,0.4242
169,2014-11,7,07_US_Unemployment,2,02_SP500,1.0,0.8862
170,2014-12,7,07_US_Unemployment,2,02_SP500,1.0,1.7057
171,2015-01,7,07_US_Unemployment,2,02_SP500,1.0,2.7065
172,2015-02,7,07_US_Unemployment,2,02_SP500,1.0,-3.0955
173,2015-03,7,07_US_Unemployment,2,02_SP500,1.0,-2.8774
174,2015-04,7,07_US_Unemployment,2,02_SP500,1.0,-2.7775
175,2015-05,7,07_US_Unemployment,2,02_SP500,1.0,-2.76
176,2015-06,7,07_US_Unemployment,2,02_SP500,1.0,-2.8182
177,2015-07,7,07_US_Unemployment,2,02_SP500,1.0,-2.9629
178,2015-08,7,07_US_Unemployment,2,02_SP500,1.0,3.0247
179,2015-09,7,07_US_Unemployment,2,02_SP500,1.0,2.3704
180,2015-10,7,07_US_Unemployment,2,02_SP500,1.0,1.4759
181,2015-11,7,07_US_Unemployment,2,02_SP500,1.0,0.9852
182,2015-12,7,07_US_Unemployment,2,02_SP500,1.0,0.7294
183,2016-01,7,07_US_Unemployment,2,02_SP500,1.0,0.551
184,2016-02,7,07_US_Unemployment,2,02_SP500,1.0,0.3955
185,2016-03,7,07_US_Unemployment,2,02_SP500,1.0,0.2444
186,2016-04,7,07_US_Unemployment,2,02_SP500,1.0,0.0986
187,2016-05,7,07_US_Unemployment,2,02_SP500,1.0,-0.0287
188,2016-06,7,07_US_Unemployment,2,02_SP500,1.0,-0.113
189,2016-07,7,07_US_Unemployment,2,02_SP500,1.0,-0.0705
190,2016-08,7,07_US_Unemployment,2,02_SP500,1.0,1.3781
191,2016-09,7,07_US_Unemployment,2,02_SP500,1.0,2.3491
192,2016-10,7,07_US_Unemployment,2,02_SP500,1.0,2.4328
193,2016-11,7,07_US_Unemployment,2,02_SP500,1.0,2.4699
194,2016-12,7,07_US_Unemployment,2,02_SP500,1.0,2.5346
195,2017-01,7,07_US_Unemployment,2,02_SP500,1.0,2.6797
196,2017-02,7,07_US_Unemployment,2,02_SP500,1.0,2.9859
197,2017-03,7,07_US_Unemployment,2,02_SP500,1.0,-2.84
198,2017-04,7,07_US_Unemployment,2,02_SP500,1.0,-2.5271
199,2017-05,7,07_US_Unemployment,2,02_SP500,1.0,-2.4522
200,2017-06,7,07_US_Unemployment,2,02_SP500,1.0,-2.495
201,2017-07,7,07_US_Unemployment,2,02_SP500,1.0,-2.5395
202,2017-08,7,07_US_Unemployment,2,02_SP500,1.0,-2.4981
203,2017-09,7,07_US_Unemployment,2,02_SP500,1.0,-2.3882
204,2017-10,7,07_US_Unemployment,2,02_SP500,1.0,-2.3759
205,2017-11,7,07_US_Unemployment,2,02_SP500,1.0,-2.5581
206,2017-12,7,07_US_Unemployment,2,02_SP500,1.0,-2.8817
207,2018-01,7,07_US_Unemployment,2,02_SP500,1.0,3.0757
208,2018-02,7,07_US_Unemployment,2,02_SP500,1.0,2.8512
209,2018-03,7,07_US_Unemployment,2,02_SP500,1.0,2.739
210,2018-04,7,07_US_Unemployment,2,02_SP500,1.0,2.7122
211,2018-05,7,07_US_Unemployment,2,02_SP500,1.0,2.7398
212,2018-06,7,07_US_Unemployment,2,02_SP500,1.0,2.7912
213,2018-07,7,07_US_Unemployment,2,02_SP500,1.0,2.8339
214,2018-08,7,07_US_Unemployment,2,02_SP500,1.0,2.8347
215,2018-09,7,07_US_Unemployment,2,02_SP500,1.0,2.7549
216,2018-10,7,07_US_Unemployment,2,02_SP500,1.0,2.5247
217,2018-11,7,07_US_Unemployment,2,02_SP500,1.0,2.1309
218,2018-12,7,07_US_Unemployment,2,02_SP500,1.0,-2.4225
219,2019-01,7,07_US_Unemployment,2,02_SP500,1.0,-3.0379
220,2019-02,7,07_US_Unemployment,2,02_SP500,1.0,2.7517
221,2019-03,7,07_US_Unemployment,2,02_SP500,1.0,2.2431
222,2019-04,7,07_US_Unemployment,2,02_SP500,1.0,1.6959
223,2019-05,7,07_US_Unemployment,2,02_SP500,1.0,1.1984
224,2019-06,7,07_US_Unemployment,2,02_SP500,1.0,0.8661
225,2019-07,7,07_US_Unemployment,2,02_SP500,1.0,0.8392
226,2019-08,7,07_US_Unemployment,2,02_SP500,1.0,1.5928
227,2019-09,7,07_US_Unemployment,2,02_SP500,1.0,2.3186
228,2019-10,7,07_US_Unemployment,2,02_SP500,1.0,2.6686
229,2019-11,7,07_US_Unemployment,2,02_SP500,1.0,-0.7264
230,2019-12,7,07_US_Unemployment,2,02_SP500,1.0,-0.6897
231,2020-01,7,07_US_Unemployment,2,02_SP500,1.0,-0.6703
232,2020-02,7,07_US_Unemployment,2,02_SP500,1.0,-0.645
233,2020-03,7,07_US_Unemployment,2,02_SP500,1.0,-0.605
234,2020-04,7,07_US_Unemployment,2,02_SP500,1.0,-0.542
235,2020-05,7,07_US_Unemployment,2,02_SP500,1.0,-0.4468
236,2020-06,7,07_US_Unemployment,2,02_SP500,1.0,-0.3116
237,2020-07,7,07_US_Unemployment,2,02_SP500,1.0,-0.137
238,2020-08,7,07_US_Unemployment,2,02_SP500,1.0,0.0577
239,2020-09,7,07_US_Unemployment,2,02_SP500,1.0,0.2374
240,2020-10,7,07_US_Unemployment,2,02_SP500,1.0,0.371
241,2020-11,7,07_US_Unemployment,2,02_SP500,1.0,0.445
242,2020-12,7,07_US_Unemployment,2,02_SP500,1.0,0.4589
243,2021-01,7,07_US_Unemployment,2,02_SP500,1.0,0.4217
244,2021-02,7,07_US_Unemployment,2,02_SP500,1.0,0.3556
245,2021-03,7,07_US_Unemployment,2,02_SP500,1.0,0.2794
246,2021-04,7,07_US_Unemployment,2,02_SP500,1.0,0.1483
247,2021-05,7,07_US_Unemployment,2,02_SP500,1.0,-0.21
248,2021-06,7,07_US_Unemployment,2,02_SP500,1.0,-1.1235
249,2021-07,7,07_US_Unemployment,2,02_SP500,1.0,-1.8354
250,2021-08,7,07_US_Unemployment,2,02_SP500,1.0,-2.1329
251,2021-09,7,07_US_Unemployment,2,02_SP500,1.0,-2.3142
252,2021-10,7,07_US_Unemployment,2,02_SP500,1.0,-2.4668
253,2021-11,7,07_US_Unemployment,2,02_SP500,1.0,-2.6139
254,2021-12,7,07_US_Unemployment,2,02_SP500,1.0,-2.7606
255,2022-01,7,07_US_Unemployment,2,02_SP500,1.0,-2.9034
256,2022-02,7,07_US_Unemployment,2,02_SP500,1.0,-3.034
257,2022-03,7,07_US_Unemployment,2,02_SP500,1.0,3.1408
258,2022-04,7,07_US_Unemployment,2,02_SP500,1.0,3.0625
259,2022-05,7,07_US_Unemployment,2,02_SP500,1.0,3.0151
260,2022-06,7,07_US_Unemployment,2,02_SP500,1.0,2.9989
261,2022-07,7,07_US_Unemployment,2,02_SP500,1.0,3.0413
262,2022-08,7,07_US_Unemployment,2,02_SP500,1.0,-2.863
263,2022-09,7,07_US_Unemployment,2,02_SP500,1.0,-1.2339
264,2022-10,7,07_US_Unemployment,2,02_SP500,1.0,-0.9438
265,2022-11,7,07_US_Unemployment,2,02_SP500,1.0,-0.9537
266,2022-12,7,07_US_Unemployment,2,02_SP500,1.0,-1.0212
267,2023-01,7,07_US_Unemployment,2,02_SP500,1.0,-1.1105
268,2023-02,7,07_US_Unemployment,2,02_SP500,1.0,-1.2252
12,2001-10,7,07_US_Unemployment,3,03_US10Y,1.0,-0.8684
13,2001-11,7,07_US_Unemployment,3,03_US10Y,1.0,-0.5885
14,2001-12,7,07_US_Unemployment,3,03_US10Y,1.0,-0.3378
15,2002-01,7,07_US_Unemployment,3,03_US10Y,1.0,-0.1327
16,2002-02,7,07_US_Unemployment,3,03_US10Y,1.0,0.0228
17,2002-03,7,07_US_Unemployment,3,03_US10Y,1.0,0.1445
18,2002-04,7,07_US_Unemployment,3,03_US10Y,1.0,0.2571
19,2002-05,7,07_US_Unemployment,3,03_US10Y,1.0,0.38
20,2002-06,7,07_US_Unemployment,3,03_US10Y,1.0,0.5185
21,2002-07,7,07_US_Unemployment,3,03_US10Y,1.0,0.6478
22,2002-08,7,07_US_Unemployment,3,03_US10Y,1.0,0.7249
23,2002-09,7,07_US_Unemployment,3,03_US10Y,1.0,0.7301
24,2002-10,7,07_US_Unemployment,3,03_US10Y,1.0,0.6493
25,2002-11,7,07_US_Unemployment,3,03_US10Y,1.0,0.4354
26,2002-12,7,07_US_Unemployment,3,03_US10Y,1.0,0.0275
27,2003-01,7,07_US_Unemployment,3,03_US10Y,1.0,-0.4723
28,2003-02,7,07_US_Unemployment,3,03_US10Y,1.0,-0.8786
29,2003-03,7,07_US_Unemployment,3,03_US10Y,1.0,-1.237
30,2003-04,7,07_US_Unemployment,3,03_US10Y,1.0,-1.6797
31,2003-05,7,07_US_Unemployment,3,03_US10Y,1.0,-2.2108
32,2003-06,7,07_US_Unemployment,3,03_US10Y,1.0,-2.6318
33,2003-07,7,07_US_Unemployment,3,03_US10Y,1.0,-2.882
34,2003-08,7,07_US_Unemployment,3,03_US10Y,1.0,-3.0292
35,2003-09,7,07_US_Unemployment,3,03_US10Y,1.0,-3.1278
36,2003-10,7,07_US_Unemployment,3,03_US10Y,1.0,3.0749
37,2003-11,7,07_US_Unemployment,3,03_US10Y,1.0,2.9923
38,2003-12,7,07_US_Unemployment,3,03_US10Y,1.0,2.887
39,2004-01,7,07_US_Unemployment,3,03_US10Y,1.0,2.7488
40,2004-02,7,07_US_Unemployment,3,03_US10Y,1.0,2.6588
41,2004-03,7,07_US_Unemployment,3,03_US10Y,1.0,2.6226
42,2004-04,7,07_US_Unemployment,3,03_US10Y,1.0,2.5402
43,2004-05,7,07_US_Unemployment,3,03_US10Y,1.0,2.4194
44,2004-06,7,07_US_Unemployment,3,03_US10Y,1.0,2.2809
45,2004-07,7,07_US_Unemployment,3,03_US10Y,1.0,2.1418
46,2004-08,7,07_US_Unemployment,3,03_US10Y,1.0,2.0262
47,2004-09,7,07_US_Unemployment,3,03_US10Y,1.0,1.9918
48,2004-10,7,07_US_Unemployment,3,03_US10Y,1.0,2.3291
49,2004-11,7,07_US_Unemployment,3,03_US10Y,1.0,-2.6552
50,2004-12,7,07_US_Unemployment,3,03_US10Y,1.0,-2.3209
51,2005-01,7,07_US_Unemployment,3,03_US10Y,1.0,-2.3064
52,2005-02,7,07_US_Unemployment,3,03_US10Y,1.0,-2.3527
53,2005-03,7,07_US_Unemployment,3,03_US10Y,1.0,-2.4136
54,2005-04,7,07_US_Unemployment,3,03_US10Y,1.0,-2.4693
55,2005-05,7,07_US_Unemployment,3,03_US10Y,1.0,-2.4872
56,2005-06,7,07_US_Unemployment,3,03_US10Y,1.0,-2.4083
57,2005-07,7,07_US_Unemployment,3,03_US10Y,1.0,-2.157
58,2005-08,7,07_US_Unemployment,3,03_US10Y,1.0,-1.7219
59,2005-09,7,07_US_Unemployment,3,03_US10Y,1.0,-1.2709
60,2005-10,7,07_US_Unemployment,3,03_US10Y,1.0,-0.934
61,2005-11,7,07_US_Unemployment,3,03_US10Y,1.0,-0.691
62,2005-12,7,07_US_Unemployment,3,03_US10Y,1.0,-0.5016
63,2006-01,7,07_US_Unemployment,3,03_US10Y,1.0,-0.3405
64,2006-02,7,07_US_Unemployment,3,03_US10Y,1.0,-0.1876
65,2006-03,7,07_US_Unemployment,3,03_US10Y,1.0,-0.0282
66,2006-04,7,07_US_Unemployment,3,03_US10Y,1.0,0.1423
67,2006-05,7,07_US_Unemployment,3,03_US10Y,1.0,0.3442
68,2006-06,7,07_US_Unemployment,3,03_US10Y,1.0,0.6531
69,2006-07,7,07_US_Unemployment,3,03_US10Y,1.0,1.143
70,2006-08,7,07_US_Unemployment,3,03_US10Y,1.0,1.6944
71,2006-09,7,07_US_Unemployment,3,03_US10Y,1.0,2.1256
72,2006-10,7,07_US_Unemployment,3,03_US10Y,1.0,2.445
73,2006-11,7,07_US_Unemployment,3,03_US10Y,1.0,2.7062
74,2006-12,7,07_US_Unemployment,3,03_US10Y,1.0,2.9483
75,2007-01,7,07_US_Unemployment,3,03_US10Y,1.0,-3.0644
76,2007-02,7,07_US_Unemployment,3,03_US10Y,1.0,-2.6017
77,2007-03,7,07_US_Unemployment,3,03_US10Y,1.0,-0.5701
78,2007-04,7,07_US_Unemployment,3,03_US10Y,1.0,0.2035
79,2007-05,7,07_US_Unemployment,3,03_US10Y,1.0,0.388
80,2007-06,7,07_US_Unemployment,3,03_US10Y,1.0,0.4237
81,2007-07,7,07_US_Unemployment,3,03_US10Y,1.0,0.4105
82,2007-08,7,07_US_Unemployment,3,03_US10Y,1.0,0.3918
83,2007-09,7,07_US_Unemployment,3,03_US10Y,1.0,-2.1443
84,2007-10,7,07_US_Unemployment,3,03_US10Y,1.0,-2.6635
85,2007-11,7,07_US_Unemployment,3,03_US10Y,1.0,-2.5901
86,2007-12,7,07_US_Unemployment,3,03_US10Y,1.0,-2.4637
87,2008-01,7,07_US_Unemployment,3,03_US10Y,1.0,-2.2959
88,2008-02,7,07_US_Unemployment,3,03_US10Y,1.0,-2.128
89,2008-03,7,07_US_Unemployment,3,03_US10Y,1.0,-2.0396
90,2008-04,7,07_US_Unemployment,3,03_US10Y,1.0,-2.1101
91,2008-05,7,07_US_Unemployment,3,03_US10Y,1.0,-2.4013
92,2008-06,7,07_US_Unemployment,3,03_US10Y,1.0,2.824
93,2008-07,7,07_US_Unemployment,3,03_US10Y,1.0,1.2132
94,2008-08,7,07_US_Unemployment,3,03_US10Y,1.0,0.9855
95,2008-09,7,07_US_Unemployment,3,03_US10Y,1.0,0.9523
96,2008-10,7,07_US_Unemployment,3,03_US10Y,1.0,0.9334
97,2008-11,7,07_US_Unemployment,3,03_US10Y,1.0,0.7936
98,2008-12,7,07_US_Unemployment,3,03_US10Y,1.0,0.2638
99,2009-01,7,07_US_Unemployment,3,03_US10Y,1.0,-0.5112
100,2009-02,7,07_US_Unemployment,3,03_US10Y,1.0,-0.8288
101,2009-03,7,07_US_Unemployment,3,03_US10Y,1.0,-0.9111
102,2009-04,7,07_US_Unemployment,3,03_US10Y,1.0,-0.9099
103,2009-05,7,07_US_Unemployment,3,03_US10Y,1.0,-0.8676
104,2009-06,7,07_US_Unemployment,3,03_US10Y,1.0,-0.795
105,2009-07,7,07_US_Unemployment,3,03_US10Y,1.0,-0.6924
106,2009-08,7,07_US_Unemployment,3,03_US10Y,1.0,-0.5504
107,2009-09,7,07_US_Unemployment,3,03_US10Y,1.0,-0.3351
108,2009-10,7,07_US_Unemployment,3,03_US10Y,1.0,0.0631
109,2009-11,7,07_US_Unemployment,3,03_US10Y,1.0,0.8634
110,2009-12,7,07_US_Unemployment,3,03_US10Y,1.0,1.6421
111,2010-01,7,07_US_Unemployment,3,03_US10Y,1.0,-0.7605
112,2010-02,7,07_US_Unemployment,3,03_US10Y,1.0,-0.7882
113,2010-03,7,07_US_Unemployment,3,03_US10Y,1.0,-0.6129
114,2010-04,7,07_US_Unemployment,3,03_US10Y,1.0,-0.4713
115,2010-05,7,07_US_Unemployment,3,03_US10Y,1.0,-0.3733
116,2010-06,7,07_US_Unemployment,3,03_US10Y,1.0,-0.3347
117,2010-07,7,07_US_Unemployment,3,03_US10Y,1.0,-0.3726
118,2010-08,7,07_US_Unemployment,3,03_US10Y,1.0,-0.4985
119,2010-09,7,07_US_Unemployment,3,03_US10Y,1.0,-0.7099
120,2010-10,7,07_US_Unemployment,3,03_US10Y,1.0,-0.9766
121,2010-11,7,07_US_Unemployment,3,03_US10Y,1.0,-1.2365
122,2010-12,7,07_US_Unemployment,3,03_US10Y,1.0,-1.4291
123,2011-01,7,07_US_Unemployment,3,03_US10Y,1.0,-1.5182
124,2011-02,7,07_US_Unemployment,3,03_US10Y,1.0,-1.4739
125,2011-03,7,07_US_Unemployment,3,03_US10Y,1.0,-1.2363
126,2011-04,7,07_US_Unemployment,3,03_US10Y,1.0,-0.7525
127,2011-05,7,07_US_Unemployment,3,03_US10Y,1.0,-0.2369
128,2011-06,7,07_US_Unemployment,3,03_US10Y,1.0,0.081
129,2011-07,7,07_US_Unemployment,3,03_US10Y,1.0,0.2592
130,2011-08,7,07_US_Unemployment,3,03_US10Y,1.0,-2.7928
131,2011-09,7,07_US_Unemployment,3,03_US10Y,1.0,-2.7262
132,2011-10,7,07_US_Unemployment,3,03_US10Y,1.0,-2.6852
133,2011-11,7,07_US_Unemployment,3,03_US10Y,1.0,-2.6671
134,2011-12,7,07_US_Unemployment,3,03_US10Y,1.0,-2.6872
135,2012-01,7,07_US_Unemployment,3,03_US10Y,1.0,-2.7778
136,2012-02,7,07_US_Unemployment,3,03_US10Y,1.0,-3.0098
137,2012-03,7,07_US_Unemployment,3,03_US10Y,1.0,1.9581
138,2012-04,7,07_US_Unemployment,3,03_US10Y,1.0,-0.0073
139,2012-05,7,07_US_Unemployment,3,03_US10Y,1.0,-0.4277
140,2012-06,7,07_US_Unemployment,3,03_US10Y,1.0,-0.6975
141,2012-07,7,07_US_Unemployment,3,03_US10Y,1.0,-0.884
142,2012-08,7,07_US_Unemployment,3,03_US10Y,1.0,-1.0061
143,2012-09,7,07_US_Unemployment,3,03_US10Y,1.0,-1.0265
144,2012-10,7,07_US_Unemployment,3,03_US10Y,1.0,-1.0582
145,2012-11,7,07_US_Unemployment,3,03_US10Y,1.0,-1.2005
146,2012-12,7,07_US_Unemployment,3,03_US10Y,1.0,-1.3966
147,2013-01,7,07_US_Unemployment,3,03_US10Y,1.0,-1.6031
148,2013-02,7,07_US_Unemployment,3,03_US10Y,1.0,-1.7856
149,2013-03,7,07_US_Unemployment,3,03_US10Y,1.0,-1.9202
150,2013-04,7,07_US_Unemployment,3,03_US10Y,1.0,-1.9931
151,2013-05,7,07_US_Unemployment,3,03_US10Y,1.0,-1.9926
152,2013-06,7,07_US_Unemployment,3,03_US10Y,1.0,-1.9012
153,2013-07,7,07_US_Unemployment,3,03_US10Y,1.0,-1.7171
154,2013-08,7,07_US_Unemployment,3,03_US10Y,1.0,-1.7268
155,2013-09,7,07_US_Unemployment,3,03_US10Y,1.0,2.7383
156,2013-10,7,07_US_Unemployment,3,03_US10Y,1.0,2.785
157,2013-11,7,07_US_Unemployment,3,03_US10Y,1.0,2.9309
158,2013-12,7,07_US_Unemployment,3,03_US10Y,1.0,3.0692
159,2014-01,7,07_US_Unemployment,3,03_US10Y,1.0,-3.0806
160,2014-02,7,07_US_Unemployment,3,03_US10Y,1.0,-2.9438
161,2014-03,7,07_US_Unemployment,3,03_US10Y,1.0,-2.7935
162,2014-04,7,07_US_Unemployment,3,03_US10Y,1.0,-2.6165
163,2014-05,7,07_US_Unemployment,3,03_US10Y,1.0,-2.3916
164,2014-06,7,07_US_Unemployment,3,03_US10Y,1.0,-2.0814
165,2014-07,7,07_US_Unemployment,3,03_US10Y,1.0,-1.6324
166,2014-08,7,07_US_Unemployment,3,03_US10Y,1.0,-1.0423
167,2014-09,7,07_US_Unemployment,3,03_US10Y,1.0,-0.4442
168,2014-10,7,07_US_Unemployment,3,03_US10Y,1.0,0.0731
169,2014-11,7,07_US_Unemployment,3,03_US10Y,1.0,0.6161
170,2014-12,7,07_US_Unemployment,3,03_US10Y,1.0,1.504
171,2015-01,7,07_US_Unemployment,3,03_US10Y,1.0,2.5866
172,2015-02,7,07_US_Unemployment,3,03_US10Y,1.0,-3.1156
173,2015-03,7,07_US_Unemployment,3,03_US10Y,1.0,-2.7838
174,2015-04,7,07_US_Unemployment,3,03_US10Y,1.0,-2.5624
175,2015-05,7,07_US_Unemployment,3,03_US10Y,1.0,-2.4209
176,2015-06,7,07_US_Unemployment,3,03_US10Y,1.0,-2.3598
177,2015-07,7,07_US_Unemployment,3,03_US10Y,1.0,-2.4069
178,2015-08,7,07_US_Unemployment,3,03_US10Y,1.0,-2.6663
179,2015-09,7,07_US_Unemployment,3,03_US10Y,1.0,2.7971
180,2015-10,7,07_US_Unemployment,3,03_US10Y,1.0,0.9454
181,2015-11,7,07_US_Unemployment,3,03_US10Y,1.0,-0.3027
182,2015-12,7,07_US_Unemployment,3,03_US10Y,1.0,-0.6911
183,2016-01,7,07_US_Unemployment,3,03_US10Y,1.0,-0.8656
184,2016-02,7,07_US_Unemployment,3,03_US10Y,1.0,-0.9768
185,2016-03,7,07_US_Unemployment,3,03_US10Y,1.0,-1.0715
186,2016-04,7,07_US_Unemployment,3,03_US10Y,1.0,-1.1663
187,2016-05,7,07_US_Unemployment,3,03_US10Y,1.0,-1.2568
188,2016-06,7,07_US_Unemployment,3,03_US10Y,1.0,-1.3085
189,2016-07,7,07_US_Unemployment,3,03_US10Y,1.0,-1.209
190,2016-08,7,07_US_Unemployment,3,03_US10Y,1.0,0.3437
191,2016-09,7,07_US_Unemployment,3,03_US10Y,1.0,1.4597
192,2016-10,7,07_US_Unemployment,3,03_US10Y,1.0,1.6979
193,2016-11,7,07_US_Unemployment,3,03_US10Y,1.0,1.8609
194,2016-12,7,07_US_Unemployment,3,03_US10Y,1.0,1.9872
195,2017-01,7,07_US_Unemployment,3,03_US10Y,1.0,2.085
196,2017-02,7,07_US_Unemployment,3,03_US10Y,1.0,2.1617
197,2017-03,7,07_US_Unemployment,3,03_US10Y,1.0,2.2243
198,2017-04,7,07_US_Unemployment,3,03_US10Y,1.0,2.2803
199,2017-05,7,07_US_Unemployment,3,03_US10Y,1.0,2.3378
200,2017-06,7,07_US_Unemployment,3,03_US10Y,1.0,2.4026
201,2017-07,7,07_US_Unemployment,3,03_US10Y,1.0,2.4675
202,2017-08,7,07_US_Unemployment,3,03_US10Y,1.0,2.509
203,2017-09,7,07_US_Unemployment,3,03_US10Y,1.0,2.4961
204,2017-10,7,07_US_Unemployment,3,03_US10Y,1.0,2.3993
205,2017-11,7,07_US_Unemployment,3,03_US10Y,1.0,2.1941
206,2017-12,7,07_US_Unemployment,3,03_US10Y,1.0,1.9028
207,2018-01,7,07_US_Unemployment,3,03_US10Y,1.0,1.6253
208,2018-02,7,07_US_Unemployment,3,03_US10Y,1.0,1.4391
209,2018-03,7,07_US_Unemployment,3,03_US10Y,1.0,1.3372
210,2018-04,7,07_US_Unemployment,3,03_US10Y,1.0,1.2796
211,2018-05,7,07_US_Unemployment,3,03_US10Y,1.0,1.2232
212,2018-06,7,07_US_Unemployment,3,03_US10Y,1.0,1.1269
213,2018-07,7,07_US_Unemployment,3,03_US10Y,1.0,0.9566
214,2018-08,7,07_US_Unemployment,3,03_US10Y,1.0,0.6945
215,2018-09,7,07_US_Unemployment,3,03_US10Y,1.0,0.3441
216,2018-10,7,07_US_Unemployment,3,03_US10Y,1.0,-0.1216
217,2018-11,7,07_US_Unemployment,3,03_US10Y,1.0,-0.8837
218,2018-12,7,07_US_Unemployment,3,03_US10Y,1.0,-1.9218
219,2019-01,7,07_US_Unemployment,3,03_US10Y,1.0,-2.618
220,2019-02,7,07_US_Unemployment,3,03_US10Y,1.0,-3.1209
221,2019-03,7,07_US_Unemployment,3,03_US10Y,1.0,2.6418
222,2019-04,7,07_US_Unemployment,3,03_US10Y,1.0,2.0456
223,2019-05,7,07_US_Unemployment,3,03_US10Y,1.0,1.4587
224,2019-06,7,07_US_Unemployment,3,03_US10Y,1.0,1.0512
225,2019-07,7,07_US_Unemployment,3,03_US10Y,1.0,1.0389
226,2019-08,7,07_US_Unemployment,3,03_US10Y,1.0,1.9371
227,2019-09,7,07_US_Unemployment,3,03_US10Y,1.0,2.9604
228,2019-10,7,07_US_Unemployment,3,03_US10Y,1.0,-2.7078
229,2019-11,7,07_US_Unemployment,3,03_US10Y,1.0,-2.2398
230,2019-12,7,07_US_Unemployment,3,03_US10Y,1.0,-1.9615
231,2020-01,7,07_US_Unemployment,3,03_US10Y,1.0,-1.8222
232,2020-02,7,07_US_Unemployment,3,03_US10Y,1.0,-1.764
233,2020-03,7,07_US_Unemployment,3,03_US10Y,1.0,-1.755
234,2020-04,7,07_US_Unemployment,3,03_US10Y,1.0,-1.7797
235,2020-05,7,07_US_Unemployment,3,03_US10Y,1.0,-1.8307
236,2020-06,7,07_US_Unemployment,3,03_US10Y,1.0,-1.9043
237,2020-07,7,07_US_Unemployment,3,03_US10Y,1.0,-2.0007
238,2020-08,7,07_US_Unemployment,3,03_US10Y,1.0,-2.1268
239,2020-09,7,07_US_Unemployment,3,03_US10Y,1.0,-2.3062
240,2020-10,7,07_US_Unemployment,3,03_US10Y,1.0,-2.6028
241,2020-11,7,07_US_Unemployment,3,03_US10Y,1.0,3.1378
242,2020-12,7,07_US_Unemployment,3,03_US10Y,1.0,2.3928
243,2021-01,7,07_US_Unemployment,3,03_US10Y,1.0,1.8515
244,2021-02,7,07_US_Unemployment,3,03_US10Y,1.0,1.547
245,2021-03,7,07_US_Unemployment,3,03_US10Y,1.0,1.3845
246,2021-04,7,07_US_Unemployment,3,03_US10Y,1.0,1.2958
247,2021-05,7,07_US_Unemployment,3,03_US10Y,1.0,1.1515
248,2021-06,7,07_US_Unemployment,3,03_US10Y,1.0,0.6223
249,2021-07,7,07_US_Unemployment,3,03_US10Y,1.0,0.2564
250,2021-08,7,07_US_Unemployment,3,03_US10Y,1.0,0.1527
251,2021-09,7,07_US_Unemployment,3,03_US10Y,1.0,0.0777
252,2021-10,7,07_US_Unemployment,3,03_US10Y,1.0,0.0075
253,2021-11,7,07_US_Unemployment,3,03_US10Y,1.0,-0.0451
254,2021-12,7,07_US_Unemployment,3,03_US10Y,1.0,-0.0662
255,2022-01,7,07_US_Unemployment,3,03_US10Y,1.0,-0.0524
256,2022-02,7,07_US_Unemployment,3,03_US10Y,1.0,-0.0271
257,2022-03,7,07_US_Unemployment,3,03_US10Y,1.0,-0.0388
258,2022-04,7,07_US_Unemployment,3,03_US10Y,1.0,-0.1251
259,2022-05,7,07_US_Unemployment,3,03_US10Y,1.0,-0.2882
260,2022-06,7,07_US_Unemployment,3,03_US10Y,1.0,-0.4985
261,2022-07,7,07_US_Unemployment,3,03_US10Y,1.0,-0.6891
262,2022-08,7,07_US_Unemployment,3,03_US10Y,1.0,-0.5505
263,2022-09,7,07_US_Unemployment,3,03_US10Y,1.0,0.8476
264,2022-10,7,07_US_Unemployment,3,03_US10Y,1.0,0.9209
265,2022-11,7,07_US_Unemployment,3,03_US10Y,1.0,0.7073
266,2022-12,7,07_US_Unemployment,3,03_US10Y,1.0,0.4475
267,2023-01,7,07_US_Unemployment,3,03_US10Y,1.0,0.18
268,2023-02,7,07_US_Unemployment,3,03_US10Y,1.0,-0.0829
12,2001-10,7,07_US_Unemployment,4,04_US_Economy,1.0,0.2992
13,2001-11,7,07_US_Unemployment,4,04_US_Economy,1.0,0.5673
14,2001-12,7,07_US_Unemployment,4,04_US_Economy,1.0,0.7888
15,2002-01,7,07_US_Unemployment,4,04_US_Economy,1.0,0.9481
16,2002-02,7,07_US_Unemployment,4,04_US_Economy,1.0,1.0308
17,2002-03,7,07_US_Unemployment,4,04_US_Economy,1.0,1.0397
18,2002-04,7,07_US_Unemployment,4,04_US_Economy,1.0,0.9878
19,2002-05,7,07_US_Unemployment,4,04_US_Economy,1.0,0.8971
20,2002-06,7,07_US_Unemployment,4,04_US_Economy,1.0,0.7998
21,2002-07,7,07_US_Unemployment,4,04_US_Economy,1.0,0.7193
22,2002-08,7,07_US_Unemployment,4,04_US_Economy,1.0,0.6592
23,2002-09,7,07_US_Unemployment,4,04_US_Economy,1.0,0.6178
24,2002-10,7,07_US_Unemployment,4,04_US_Economy,1.0,0.5926
25,2002-11,7,07_US_Unemployment,4,04_US_Economy,1.0,0.574
26,2002-12,7,07_US_Unemployment,4,04_US_Economy,1.0,0.5453
27,2003-01,7,07_US_Unemployment,4,04_US_Economy,1.0,0.4831
28,2003-02,7,07_US_Unemployment,4,04_US_Economy,1.0,0.3502
29,2003-03,7,07_US_Unemployment,4,04_US_Economy,1.0,0.0676
30,2003-04,7,07_US_Unemployment,4,04_US_Economy,1.0,-0.6152
31,2003-05,7,07_US_Unemployment,4,04_US_Economy,1.0,-2.6314
32,2003-06,7,07_US_Unemployment,4,04_US_Economy,1.0,2.6699
33,2003-07,7,07_US_Unemployment,4,04_US_Economy,1.0,2.3375
34,2003-08,7,07_US_Unemployment,4,04_US_Economy,1.0,2.2005
35,2003-09,7,07_US_Unemployment,4,04_US_Economy,1.0,2.1384
36,2003-10,7,07_US_Unemployment,4,04_US_Economy,1.0,2.0169
37,2003-11,7,07_US_Unemployment,4,04_US_Economy,1.0,1.1116
38,2003-12,7,07_US_Unemployment,4,04_US_Economy,1.0,0.2167
39,2004-01,7,07_US_Unemployment,4,04_US_Economy,1.0,0.3759
40,2004-02,7,07_US_Unemployment,4,04_US_Economy,1.0,0.8521
41,2004-03,7,07_US_Unemployment,4,04_US_Economy,1.0,1.2282
42,2004-04,7,07_US_Unemployment,4,04_US_Economy,1.0,1.3554
43,2004-05,7,07_US_Unemployment,4,04_US_Economy,1.0,1.3379
44,2004-06,7,07_US_Unemployment,4,04_US_Economy,1.0,1.2468
45,2004-07,7,07_US_Unemployment,4,04_US_Economy,1.0,1.1123
46,2004-08,7,07_US_Unemployment,4,04_US_Economy,1.0,0.9365
47,2004-09,7,07_US_Unemployment,4,04_US_Economy,1.0,0.6777
48,2004-10,7,07_US_Unemployment,4,04_US_Economy,1.0,0.1763
49,2004-11,7,07_US_Unemployment,4,04_US_Economy,1.0,-0.6643
50,2004-12,7,07_US_Unemployment,4,04_US_Economy,1.0,-1.1538
51,2005-01,7,07_US_Unemployment,4,04_US_Economy,1.0,-1.2925
52,2005-02,7,07_US_Unemployment,4,04_US_Economy,1.0,-1.3042
53,2005-03,7,07_US_Unemployment,4,04_US_Economy,1.0,-1.2856
54,2005-04,7,07_US_Unemployment,4,04_US_Economy,1.0,-1.2816
55,2005-05,7,07_US_Unemployment,4,04_US_Economy,1.0,-1.3012
56,2005-06,7,07_US_Unemployment,4,04_US_Economy,1.0,-1.327
57,2005-07,7,07_US_Unemployment,4,04_US_Economy,1.0,-1.3495
58,2005-08,7,07_US_Unemployment,4,04_US_Economy,1.0,-1.4378
59,2005-09,7,07_US_Unemployment,4,04_US_Economy,1.0,-1.6158
60,2005-10,7,07_US_Unemployment,4,04_US_Economy,1.0,-1.7254
61,2005-11,7,07_US_Unemployment,4,04_US_Economy,1.0,-1.7532
62,2005-12,7,07_US_Unemployment,4,04_US_Economy,1.0,-1.7297
63,2006-01,7,07_US_Unemployment,4,04_US_Economy,1.0,-1.6605
64,2006-02,7,07_US_Unemployment,4,04_US_Economy,1.0,-1.5359
65,2006-03,7,07_US_Unemployment,4,04_US_Economy,1.0,-1.3474
66,2006-04,7,07_US_Unemployment,4,04_US_Economy,1.0,-1.1102
67,2006-05,7,07_US_Unemployment,4,04_US_Economy,1.0,-0.8641
68,2006-06,7,07_US_Unemployment,4,04_US_Economy,1.0,-0.6458
69,2006-07,7,07_US_Unemployment,4,04_US_Economy,1.0,-0.477
70,2006-08,7,07_US_Unemployment,4,04_US_Economy,1.0,-0.3795
71,2006-09,7,07_US_Unemployment,4,04_US_Economy,1.0,-0.4142
72,2006-10,7,07_US_Unemployment,4,04_US_Economy,1.0,-0.7304
73,2006-11,7,07_US_Unemployment,4,04_US_Economy,1.0,-1.2852
74,2006-12,7,07_US_Unemployment,4,04_US_Economy,1.0,-1.55
75,2007-01,7,07_US_Unemployment,4,04_US_Economy,1.0,-1.509
76,2007-02,7,07_US_Unemployment,4,04_US_Economy,1.0,-1.1452
77,2007-03,7,07_US_Unemployment,4,04_US_Economy,1.0,0.8597
78,2007-04,7,07_US_Unemployment,4,04_US_Economy,1.0,1.6527
79,2007-05,7,07_US_Unemployment,4,04_US_Economy,1.0,1.8791
80,2007-06,7,07_US_Unemployment,4,04_US_Economy,1.0,1.9545
81,2007-07,7,07_US_Unemployment,4,04_US_Economy,1.0,1.962
82,2007-08,7,07_US_Unemployment,4,04_US_Economy,1.0,1.944
83,2007-09,7,07_US_Unemployment,4,04_US_Economy,1.0,-0.5995
84,2007-10,7,07_US_Unemployment,4,04_US_Economy,1.0,-1.1147
85,2007-11,7,07_US_Unemployment,4,04_US_Economy,1.0,-1.0037
86,2007-12,7,07_US_Unemployment,4,04_US_Economy,1.0,-0.79
87,2008-01,7,07_US_Unemployment,4,04_US_Economy,1.0,-0.5069
88,2008-02,7,07_US_Unemployment,4,04_US_Economy,1.0,-0.2453
89,2008-03,7,07_US_Unemployment,4,04_US_Economy,1.0,-0.0673
90,2008-04,7,07_US_Unemployment,4,04_US_Economy,1.0,0.0222
91,2008-05,7,07_US_Unemployment,4,04_US_Economy,1.0,-0.0098
92,2008-06,7,07_US_Unemployment,4,04_US_Economy,1.0,-0.782
93,2008-07,7,07_US_Unemployment,4,04_US_Economy,1.0,-2.1709
94,2008-08,7,07_US_Unemployment,4,04_US_Economy,1.0,-2.2553
95,2008-09,7,07_US_Unemployment,4,04_US_Economy,1.0,-2.2011
96,2008-10,7,07_US_Unemployment,4,04_US_Economy,1.0,-2.1693
97,2008-11,7,07_US_Unemployment,4,04_US_Economy,1.0,-2.2844
98,2008-12,7,07_US_Unemployment,4,04_US_Economy,1.0,-2.8109
99,2009-01,7,07_US_Unemployment,4,04_US_Economy,1.0,2.6812
100,2009-02,7,07_US_Unemployment,4,04_US_Economy,1.0,2.3303
101,2009-03,7,07_US_Unemployment,4,04_US_Economy,1.0,2.2012
102,2009-04,7,07_US_Unemployment,4,04_US_Economy,1.0,2.1468
103,2009-05,7,07_US_Unemployment,4,04_US_Economy,1.0,2.1307
104,2009-06,7,07_US_Unemployment,4,04_US_Economy,1.0,2.149
105,2009-07,7,07_US_Unemployment,4,04_US_Economy,1.0,2.2078
106,2009-08,7,07_US_Unemployment,4,04_US_Economy,1.0,2.3151
107,2009-09,7,07_US_Unemployment,4,04_US_Economy,1.0,2.4734
108,2009-10,7,07_US_Unemployment,4,04_US_Economy,1.0,2.6664
109,2009-11,7,07_US_Unemployment,4,04_US_Economy,1.0,2.8602
110,2009-12,7,07_US_Unemployment,4,04_US_Economy,1.0,3.0222
111,2010-01,7,07_US_Unemployment,4,04_US_Economy,1.0,0.3588
112,2010-02,7,07_US_Unemployment,4,04_US_Economy,1.0,0.2085
113,2010-03,7,07_US_Unemployment,4,04_US_Economy,1.0,0.3038
114,2010-04,7,07_US_Unemployment,4,04_US_Economy,1.0,0.3826
115,2010-05,7,07_US_Unemployment,4,04_US_Economy,1.0,0.4359
116,2010-06,7,07_US_Unemployment,4,04_US_Economy,1.0,0.4608
117,2010-07,7,07_US_Unemployment,4,04_US_Economy,1.0,0.4596
118,2010-08,7,07_US_Unemployment,4,04_US_Economy,1.0,0.4423
119,2010-09,7,07_US_Unemployment,4,04_US_Economy,1.0,0.4353
120,2010-10,7,07_US_Unemployment,4,04_US_Economy,1.0,0.5456
121,2010-11,7,07_US_Unemployment,4,04_US_Economy,1.0,2.5555
122,2010-12,7,07_US_Unemployment,4,04_US_Economy,1.0,-3.0856
123,2011-01,7,07_US_Unemployment,4,04_US_Economy,1.0,-2.9343
124,2011-02,7,07_US_Unemployment,4,04_US_Economy,1.0,-2.7693
125,2011-03,7,07_US_Unemployment,4,04_US_Economy,1.0,-2.5036
126,2011-04,7,07_US_Unemployment,4,04_US_Economy,1.0,-1.8958
127,2011-05,7,07_US_Unemployment,4,04_US_Economy,1.0,-0.6968
128,2011-06,7,07_US_Unemployment,4,04_US_Economy,1.0,-0.0827
129,2011-07,7,07_US_Unemployment,4,04_US_Economy,1.0,0.1839
130,2011-08,7,07_US_Unemployment,4,04_US_Economy,1.0,-2.8151
131,2011-09,7,07_US_Unemployment,4,04_US_Economy,1.0,-2.7069
132,2011-10,7,07_US_Unemployment,4,04_US_Economy,1.0,-2.6307
133,2011-11,7,07_US_Unemployment,4,04_US_Economy,1.0,-2.5796
134,2011-12,7,07_US_Unemployment,4,04_US_Economy,1.0,-2.5617
135,2012-01,7,07_US_Unemployment,4,04_US_Economy,1.0,-2.5951
136,2012-02,7,07_US_Unemployment,4,04_US_Economy,1.0,-2.7274
137,2012-03,7,07_US_Unemployment,4,04_US_Economy,1.0,2.4091
138,2012-04,7,07_US_Unemployment,4,04_US_Economy,1.0,0.6705
139,2012-05,7,07_US_Unemployment,4,04_US_Economy,1.0,0.4678
140,2012-06,7,07_US_Unemployment,4,04_US_Economy,1.0,0.3785
141,2012-07,7,07_US_Unemployment,4,04_US_Economy,1.0,0.3843
142,2012-08,7,07_US_Unemployment,4,04_US_Economy,1.0,0.5298
143,2012-09,7,07_US_Unemployment,4,04_US_Economy,1.0,0.7321
144,2012-10,7,07_US_Unemployment,4,04_US_Economy,1.0,0.1498
145,2012-11,7,07_US_Unemployment,4,04_US_Economy,1.0,-0.2474
146,2012-12,7,07_US_Unemployment,4,04_US_Economy,1.0,-0.2331
147,2013-01,7,07_US_Unemployment,4,04_US_Economy,1.0,-0.1253
148,2013-02,7,07_US_Unemployment,4,04_US_Economy,1.0,0.0568
149,2013-03,7,07_US_Unemployment,4,04_US_Economy,1.0,0.3769
150,2013-04,7,07_US_Unemployment,4,04_US_Economy,1.0,1.0113
151,2013-05,7,07_US_Unemployment,4,04_US_Economy,1.0,1.9381
152,2013-06,7,07_US_Unemployment,4,04_US_Economy,1.0,2.634
153,2013-07,7,07_US_Unemployment,4,04_US_Economy,1.0,-3.0958
154,2013-08,7,07_US_Unemployment,4,04_US_Economy,1.0,-2.5453
155,2013-09,7,07_US_Unemployment,4,04_US_Economy,1.0,-2.0575
156,2013-10,7,07_US_Unemployment,4,04_US_Economy,1.0,-1.6984
157,2013-11,7,07_US_Unemployment,4,04_US_Economy,1.0,-1.4398
158,2013-12,7,07_US_Unemployment,4,04_US_Economy,1.0,-1.2359
159,2014-01,7,07_US_Unemployment,4,04_US_Economy,1.0,-1.0561
160,2014-02,7,07_US_Unemployment,4,04_US_Economy,1.0,-0.879
161,2014-03,7,07_US_Unemployment,4,04_US_Economy,1.0,-0.6864
162,2014-04,7,07_US_Unemployment,4,04_US_Economy,1.0,-0.4648
163,2014-05,7,07_US_Unemployment,4,04_US_Economy,1.0,-0.2184
164,2014-06,7,07_US_Unemployment,4,04_US_Economy,1.0,0.0081
165,2014-07,7,07_US_Unemployment,4,04_US_Economy,1.0,0.1037
166,2014-08,7,07_US_Unemployment,4,04_US_Economy,1.0,0.0715
167,2014-09,7,07_US_Unemployment,4,04_US_Economy,1.0,0.2064
168,2014-10,7,07_US_Unemployment,4,04_US_Economy,1.0,0.5081
169,2014-11,7,07_US_Unemployment,4,04_US_Economy,1.0,0.9438
170,2014-12,7,07_US_Unemployment,4,04_US_Economy,1.0,1.7486
171,2015-01,7,07_US_Unemployment,4,04_US_Economy,1.0,2.7402
172,2015-02,7,07_US_Unemployment,4,04_US_Economy,1.0,-3.0673
173,2015-03,7,07_US_Unemployment,4,04_US_Economy,1.0,-2.8523
174,2015-04,7,07_US_Unemployment,4,04_US_Economy,1.0,-2.754
175,2015-05,7,07_US_Unemployment,4,04_US_Economy,1.0,-2.7386
176,2015-06,7,07_US_Unemployment,4,04_US_Economy,1.0,-2.8003
177,2015-07,7,07_US_Unemployment,4,04_US_Economy,1.0,-2.9496
178,2015-08,7,07_US_Unemployment,4,04_US_Economy,1.0,3.0335
179,2015-09,7,07_US_Unemployment,4,04_US_Economy,1.0,2.3756
180,2015-10,7,07_US_Unemployment,4,04_US_Economy,1.0,1.4783
181,2015-11,7,07_US_Unemployment,4,04_US_Economy,1.0,0.9858
182,2015-12,7,07_US_Unemployment,4,04_US_Economy,1.0,0.729
183,2016-01,7,07_US_Unemployment,4,04_US_Economy,1.0,0.5506
184,2016-02,7,07_US_Unemployment,4,04_US_Economy,1.0,0.3953
185,2016-03,7,07_US_Unemployment,4,04_US_Economy,1.0,0.244
186,2016-04,7,07_US_Unemployment,4,04_US_Economy,1.0,0.0956
187,2016-05,7,07_US_Unemployment,4,04_US_Economy,1.0,-0.0385
188,2016-06,7,07_US_Unemployment,4,04_US_Economy,1.0,-0.134
189,2016-07,7,07_US_Unemployment,4,04_US_Economy,1.0,-0.1062
190,2016-08,7,07_US_Unemployment,4,04_US_Economy,1.0,1.326
191,2016-09,7,07_US_Unemployment,4,04_US_Economy,1.0,2.2799
192,2016-10,7,07_US_Unemployment,4,04_US_Economy,1.0,2.3458
193,2016-11,7,07_US_Unemployment,4,04_US_Economy,1.0,2.3634
194,2016-12,7,07_US_Unemployment,4,04_US_Economy,1.0,2.405
195,2017-01,7,07_US_Unemployment,4,04_US_Economy,1.0,2.5228
196,2017-02,7,07_US_Unemployment,4,04_US_Economy,1.0,2.8192
197,2017-03,7,07_US_Unemployment,4,04_US_Economy,1.0,-2.9302
198,2017-04,7,07_US_Unemployment,4,04_US_Economy,1.0,-2.5479
199,2017-05,7,07_US_Unemployment,4,04_US_Economy,1.0,-2.4624
200,2017-06,7,07_US_Unemployment,4,04_US_Economy,1.0,-2.5079
201,2017-07,7,07_US_Unemployment,4,04_US_Economy,1.0,-2.5537
202,2017-08,7,07_US_Unemployment,4,04_US_Economy,1.0,-2.5062
203,2017-09,7,07_US_Unemployment,4,04_US_Economy,1.0,-2.3818
204,2017-10,7,07_US_Unemployment,4,04_US_Economy,1.0,-2.3589
205,2017-11,7,07_US_Unemployment,4,04_US_Economy,1.0,-2.5394
206,2017-12,7,07_US_Unemployment,4,04_US_Economy,1.0,-2.8654
207,2018-01,7,07_US_Unemployment,4,04_US_Economy,1.0,3.0879
208,2018-02,7,07_US_Unemployment,4,04_US_Economy,1.0,2.8578
209,2018-03,7,07_US_Unemployment,4,04_US_Economy,1.0,2.7386
210,2018-04,7,07_US_Unemployment,4,04_US_Economy,1.0,2.7028
211,2018-05,7,07_US_Unemployment,4,04_US_Economy,1.0,2.7184
212,2018-06,7,07_US_Unemployment,4,04_US_Economy,1.0,2.7535
213,2018-07,7,07_US_Unemployment,4,04_US_Economy,1.0,2.7734
214,2018-08,7,07_US_Unemployment,4,04_US_Economy,1.0,2.7394
215,2018-09,7,07_US_Unemployment,4,04_US_Economy,1.0,2.5984
216,2018-10,7,07_US_Unemployment,4,04_US_Economy,1.0,2.2214
217,2018-11,7,07_US_Unemployment,4,04_US_Economy,1.0,0.8828
218,2018-12,7,07_US_Unemployment,4,04_US_Economy,1.0,-1.9592
219,2019-01,7,07_US_Unemployment,4,04_US_Economy,1.0,-2.8627
220,2019-02,7,07_US_Unemployment,4,04_US_Economy,1.0,2.8335
221,2019-03,7,07_US_Unemployment,4,04_US_Economy,1.0,2.2779
222,2019-04,7,07_US_Unemployment,4,04_US_Economy,1.0,1.705
223,2019-05,7,07_US_Unemployment,4,04_US_Economy,1.0,1.1937
224,2019-06,7,07_US_Unemployment,4,04_US_Economy,1.0,0.8543
225,2019-07,7,07_US_Unemployment,4,04_US_Economy,1.0,0.8231
226,2019-08,7,07_US_Unemployment,4,04_US_Economy,1.0,1.5727
227,2019-09,7,07_US_Unemployment,4,04_US_Economy,1.0,2.2917
228,2019-10,7,07_US_Unemployment,4,04_US_Economy,1.0,2.5419
229,2019-11,7,07_US_Unemployment,4,04_US_Economy,1.0,-0.7408
230,2019-12,7,07_US_Unemployment,4,04_US_Economy,1.0,-0.709
231,2020-01,7,07_US_Unemployment,4,04_US_Economy,1.0,-0.6932
232,2020-02,7,07_US_Unemployment,4,04_US_Economy,1.0,-0.6705
233,2020-03,7,07_US_Unemployment,4,04_US_Economy,1.0,-0.6322
234,2020-04,7,07_US_Unemployment,4,04_US_Economy,1.0,-0.5697
235,2020-05,7,07_US_Unemployment,4,04_US_Economy,1.0,-0.473
236,2020-06,7,07_US_Unemployment,4,04_US_Economy,1.0,-0.3335
237,2020-07,7,07_US_Unemployment,4,04_US_Economy,1.0,-0.1525
238,2020-08,7,07_US_Unemployment,4,04_US_Economy,1.0,0.0482
239,2020-09,7,07_US_Unemployment,4,04_US_Economy,1.0,0.2302
240,2020-10,7,07_US_Unemployment,4,04_US_Economy,1.0,0.3625
241,2020-11,7,07_US_Unemployment,4,04_US_Economy,1.0,0.4335
242,2020-12,7,07_US_Unemployment,4,04_US_Economy,1.0,0.4446
243,2021-01,7,07_US_Unemployment,4,04_US_Economy,1.0,0.406
244,2021-02,7,07_US_Unemployment,4,04_US_Economy,1.0,0.3406
245,2021-03,7,07_US_Unemployment,4,04_US_Economy,1.0,0.2675
246,2021-04,7,07_US_Unemployment,4,04_US_Economy,1.0,0.1421
247,2021-05,7,07_US_Unemployment,4,04_US_Economy,1.0,-0.2081
248,2021-06,7,07_US_Unemployment,4,04_US_Economy,1.0,-1.1119
249,2021-07,7,07_US_Unemployment,4,04_US_Economy,1.0,-1.8145
250,2021-08,7,07_US_Unemployment,4,04_US_Economy,1.0,-2.1054
251,2021-09,7,07_US_Unemployment,4,04_US_Economy,1.0,-2.2839
252,2021-10,7,07_US_Unemployment,4,04_US_Economy,1.0,-2.4371
253,2021-11,7,07_US_Unemployment,4,04_US_Economy,1.0,-2.5874
254,2021-12,7,07_US_Unemployment,4,04_US_Economy,1.0,-2.7388
255,2022-01,7,07_US_Unemployment,4,04_US_Economy,1.0,-2.8865
256,2022-02,7,07_US_Unemployment,4,04_US_Economy,1.0,-3.0207
257,2022-03,7,07_US_Unemployment,4,04_US_Economy,1.0,-3.1305
258,2022-04,7,07_US_Unemployment,4,04_US_Economy,1.0,3.075
259,2022-05,7,07_US_Unemployment,4,04_US_Economy,1.0,3.0293
260,2022-06,7,07_US_Unemployment,4,04_US_Economy,1.0,3.0151
261,2022-07,7,07_US_Unemployment,4,04_US_Economy,1.0,3.0591
262,2022-08,7,07_US_Unemployment,4,04_US_Economy,1.0,-2.844
263,2022-09,7,07_US_Unemployment,4,04_US_Economy,1.0,-1.2142
264,2022-10,7,07_US_Unemployment,4,04_US_Economy,1.0,-0.9241
265,2022-11,7,07_US_Unemployment,4,04_US_Economy,1.0,-0.935
266,2022-12,7,07_US_Unemployment,4,04_US_Economy,1.0,-1.0047
267,2023-01,7,07_US_Unemployment,4,04_US_Economy,1.0,-1.098
268,2023-02,7,07_US_Unemployment,4,04_US_Economy,1.0,-1.2188
12,2001-10,7,07_US_Unemployment,5,05_US_Inflation,1.0,-2.6275
13,2001-11,7,07_US_Unemployment,5,05_US_Inflation,1.0,-2.3912
14,2001-12,7,07_US_Unemployment,5,05_US_Inflation,1.0,-2.0875
15,2002-01,7,07_US_Unemployment,5,05_US_Inflation,1.0,-1.7379
16,2002-02,7,07_US_Unemployment,5,05_US_Inflation,1.0,-1.3594
17,2002-03,7,07_US_Unemployment,5,05_US_Inflation,1.0,-0.9983
18,2002-04,7,07_US_Unemployment,5,05_US_Inflation,1.0,-0.7318
19,2002-05,7,07_US_Unemployment,5,05_US_Inflation,1.0,-0.5987
20,2002-06,7,07_US_Unemployment,5,05_US_Inflation,1.0,-0.5871
21,2002-07,7,07_US_Unemployment,5,05_US_Inflation,1.0,-0.6567
22,2002-08,7,07_US_Unemployment,5,05_US_Inflation,1.0,-0.7381
23,2002-09,7,07_US_Unemployment,5,05_US_Inflation,1.0,-0.6635
24,2002-10,7,07_US_Unemployment,5,05_US_Inflation,1.0,0.9244
25,2002-11,7,07_US_Unemployment,5,05_US_Inflation,1.0,1.5289
26,2002-12,7,07_US_Unemployment,5,05_US_Inflation,1.0,1.5288
27,2003-01,7,07_US_Unemployment,5,05_US_Inflation,1.0,1.4313
28,2003-02,7,07_US_Unemployment,5,05_US_Inflation,1.0,1.259
29,2003-03,7,07_US_Unemployment,5,05_US_Inflation,1.0,0.9765
30,2003-04,7,07_US_Unemployment,5,05_US_Inflation,1.0,0.5217
31,2003-05,7,07_US_Unemployment,5,05_US_Inflation,1.0,-0.0668
32,2003-06,7,07_US_Unemployment,5,05_US_Inflation,1.0,-0.5674
33,2003-07,7,07_US_Unemployment,5,05_US_Inflation,1.0,-0.8971
34,2003-08,7,07_US_Unemployment,5,05_US_Inflation,1.0,1.5764
35,2003-09,7,07_US_Unemployment,5,05_US_Inflation,1.0,1.7385
36,2003-10,7,07_US_Unemployment,5,05_US_Inflation,1.0,1.593
37,2003-11,7,07_US_Unemployment,5,05_US_Inflation,1.0,1.4732
38,2003-12,7,07_US_Unemployment,5,05_US_Inflation,1.0,1.413
39,2004-01,7,07_US_Unemployment,5,05_US_Inflation,1.0,1.4884
40,2004-02,7,07_US_Unemployment,5,05_US_Inflation,1.0,1.7115
41,2004-03,7,07_US_Unemployment,5,05_US_Inflation,1.0,1.7646
42,2004-04,7,07_US_Unemployment,5,05_US_Inflation,1.0,1.5441
43,2004-05,7,07_US_Unemployment,5,05_US_Inflation,1.0,1.1979
44,2004-06,7,07_US_Unemployment,5,05_US_Inflation,1.0,0.8179
45,2004-07,7,07_US_Unemployment,5,05_US_Inflation,1.0,0.4367
46,2004-08,7,07_US_Unemployment,5,05_US_Inflation,1.0,0.0668
47,2004-09,7,07_US_Unemployment,5,05_US_Inflation,1.0,-0.2826
48,2004-10,7,07_US_Unemployment,5,05_US_Inflation,1.0,-0.6055
49,2004-11,7,07_US_Unemployment,5,05_US_Inflation,1.0,-0.9015
50,2004-12,7,07_US_Unemployment,5,05_US_Inflation,1.0,-1.1724
51,2005-01,7,07_US_Unemployment,5,05_US_Inflation,1.0,-1.4215
52,2005-02,7,07_US_Unemployment,5,05_US_Inflation,1.0,-1.6544
53,2005-03,7,07_US_Unemployment,5,05_US_Inflation,1.0,-1.8812
54,2005-04,7,07_US_Unemployment,5,05_US_Inflation,1.0,-2.1185
55,2005-05,7,07_US_Unemployment,5,05_US_Inflation,1.0,-2.4553
56,2005-06,7,07_US_Unemployment,5,05_US_Inflation,1.0,1.7301
57,2005-07,7,07_US_Unemployment,5,05_US_Inflation,1.0,1.3093
58,2005-08,7,07_US_Unemployment,5,05_US_Inflation,1.0,1.5275
59,2005-09,7,07_US_Unemployment,5,05_US_Inflation,1.0,1.8146
60,2005-10,7,07_US_Unemployment,5,05_US_Inflation,1.0,2.013
61,2005-11,7,07_US_Unemployment,5,05_US_Inflation,1.0,2.1462
62,2005-12,7,07_US_Unemployment,5,05_US_Inflation,1.0,2.2661
63,2006-01,7,07_US_Unemployment,5,05_US_Inflation,1.0,2.4132
64,2006-02,7,07_US_Unemployment,5,05_US_Inflation,1.0,2.6277
65,2006-03,7,07_US_Unemployment,5,05_US_Inflation,1.0,2.9535
66,2006-04,7,07_US_Unemployment,5,05_US_Inflation,1.0,-2.8555
67,2006-05,7,07_US_Unemployment,5,05_US_Inflation,1.0,-2.2505
68,2006-06,7,07_US_Unemployment,5,05_US_Inflation,1.0,-1.6823
69,2006-07,7,07_US_Unemployment,5,05_US_Inflation,1.0,-1.2967
70,2006-08,7,07_US_Unemployment,5,05_US_Inflation,1.0,-1.0646
71,2006-09,7,07_US_Unemployment,5,05_US_Inflation,1.0,-0.9183
72,2006-10,7,07_US_Unemployment,5,05_US_Inflation,1.0,-0.8098
73,2006-11,7,07_US_Unemployment,5,05_US_Inflation,1.0,-0.7042
74,2006-12,7,07_US_Unemployment,5,05_US_Inflation,1.0,-0.5667
75,2007-01,7,07_US_Unemployment,5,05_US_Inflation,1.0,-0.3426
76,2007-02,7,07_US_Unemployment,5,05_US_Inflation,1.0,0.1443
77,2007-03,7,07_US_Unemployment,5,05_US_Inflation,1.0,2.2877
78,2007-04,7,07_US_Unemployment,5,05_US_Inflation,1.0,-2.991
79,2007-05,7,07_US_Unemployment,5,05_US_Inflation,1.0,-2.3524
80,2007-06,7,07_US_Unemployment,5,05_US_Inflation,1.0,-1.4479
81,2007-07,7,07_US_Unemployment,5,05_US_Inflation,1.0,-0.7821
82,2007-08,7,07_US_Unemployment,5,05_US_Inflation,1.0,-0.604
83,2007-09,7,07_US_Unemployment,5,05_US_Inflation,1.0,3.111
84,2007-10,7,07_US_Unemployment,5,05_US_Inflation,1.0,2.4674
85,2007-11,7,07_US_Unemployment,5,05_US_Inflation,1.0,2.4067
86,2007-12,7,07_US_Unemployment,5,05_US_Inflation,1.0,2.4245
87,2008-01,7,07_US_Unemployment,5,05_US_Inflation,1.0,2.5096
88,2008-02,7,07_US_Unemployment,5,05_US_Inflation,1.0,2.6392
89,2008-03,7,07_US_Unemployment,5,05_US_Inflation,1.0,2.7946
90,2008-04,7,07_US_Unemployment,5,05_US_Inflation,1.0,2.9616
91,2008-05,7,07_US_Unemployment,5,05_US_Inflation,1.0,3.084
92,2008-06,7,07_US_Unemployment,5,05_US_Inflation,1.0,2.5186
93,2008-07,7,07_US_Unemployment,5,05_US_Inflation,1.0,1.3536
94,2008-08,7,07_US_Unemployment,5,05_US_Inflation,1.0,1.4691
95,2008-09,7,07_US_Unemployment,5,05_US_Inflation,1.0,1.6715
96,2008-10,7,07_US_Unemployment,5,05_US_Inflation,1.0,1.7946
97,2008-11,7,07_US_Unemployment,5,05_US_Inflation,1.0,1.7208
98,2008-12,7,07_US_Unemployment,5,05_US_Inflation,1.0,1.1955
99,2009-01,7,07_US_Unemployment,5,05_US_Inflation,1.0,0.3738
100,2009-02,7,07_US_Unemployment,5,05_US_Inflation,1.0,-0.0346
101,2009-03,7,07_US_Unemployment,5,05_US_Inflation,1.0,-0.2459
102,2009-04,7,07_US_Unemployment,5,05_US_Inflation,1.0,-0.4063
103,2009-05,7,07_US_Unemployment,5,05_US_Inflation,1.0,-0.5518
104,2009-06,7,07_US_Unemployment,5,05_US_Inflation,1.0,-0.6853
105,2009-07,7,07_US_Unemployment,5,05_US_Inflation,1.0,-0.8016
106,2009-08,7,07_US_Unemployment,5,05_US_Inflation,1.0,-0.8981
107,2009-09,7,07_US_Unemployment,5,05_US_Inflation,1.0,-0.981
108,2009-10,7,07_US_Unemployment,5,05_US_Inflation,1.0,-1.0728
109,2009-11,7,07_US_Unemployment,5,05_US_Inflation,1.0,-1.2276
110,2009-12,7,07_US_Unemployment,5,05_US_Inflation,1.0,-1.6034
111,2010-01,7,07_US_Unemployment,5,05_US_Inflation,1.0,1.0796
112,2010-02,7,07_US_Unemployment,5,05_US_Inflation,1.0,0.2311
113,2010-03,7,07_US_Unemployment,5,05_US_Inflation,1.0,0.0327
114,2010-04,7,07_US_Unemployment,5,05_US_Inflation,1.0,-0.0254
115,2010-05,7,07_US_Unemployment,5,05_US_Inflation,1.0,-0.0444
116,2010-06,7,07_US_Unemployment,5,05_US_Inflation,1.0,-0.0625
117,2010-07,7,07_US_Unemployment,5,05_US_Inflation,1.0,-0.0943
118,2010-08,7,07_US_Unemployment,5,05_US_Inflation,1.0,-0.1491
119,2010-09,7,07_US_Unemployment,5,05_US_Inflation,1.0,-0.2468
120,2010-10,7,07_US_Unemployment,5,05_US_Inflation,1.0,-0.4193
121,2010-11,7,07_US_Unemployment,5,05_US_Inflation,1.0,-0.6887
122,2010-12,7,07_US_Unemployment,5,05_US_Inflation,1.0,-1.0197
123,2011-01,7,07_US_Unemployment,5,05_US_Inflation,1.0,-1.3211
124,2011-02,7,07_US_Unemployment,5,05_US_Inflation,1.0,-1.5419
125,2011-03,7,07_US_Unemployment,5,05_US_Inflation,1.0,-1.6913
126,2011-04,7,07_US_Unemployment,5,05_US_Inflation,1.0,-1.7933
127,2011-05,7,07_US_Unemployment,5,05_US_Inflation,1.0,-1.8665
128,2011-06,7,07_US_Unemployment,5,05_US_Inflation,1.0,-1.9226
129,2011-07,7,07_US_Unemployment,5,05_US_Inflation,1.0,-1.9642
130,2011-08,7,07_US_Unemployment,5,05_US_Inflation,1.0,1.1262
131,2011-09,7,07_US_Unemployment,5,05_US_Inflation,1.0,1.1009
132,2011-10,7,07_US_Unemployment,5,05_US_Inflation,1.0,1.0982
133,2011-11,7,07_US_Unemployment,5,05_US_Inflation,1.0,1.1422
134,2011-12,7,07_US_Unemployment,5,05_US_Inflation,1.0,1.2524
135,2012-01,7,07_US_Unemployment,5,05_US_Inflation,1.0,1.3796
136,2012-02,7,07_US_Unemployment,5,05_US_Inflation,1.0,1.3443
137,2012-03,7,07_US_Unemployment,5,05_US_Inflation,1.0,0.1814
138,2012-04,7,07_US_Unemployment,5,05_US_Inflation,1.0,-1.6245
139,2012-05,7,07_US_Unemployment,5,05_US_Inflation,1.0,-1.8992
140,2012-06,7,07_US_Unemployment,5,05_US_Inflation,1.0,-2.0702
141,2012-07,7,07_US_Unemployment,5,05_US_Inflation,1.0,-2.1766
142,2012-08,7,07_US_Unemployment,5,05_US_Inflation,1.0,-2.1644
143,2012-09,7,07_US_Unemployment,5,05_US_Inflation,1.0,-1.9494
144,2012-10,7,07_US_Unemployment,5,05_US_Inflation,1.0,-1.7537
145,2012-11,7,07_US_Unemployment,5,05_US_Inflation,1.0,-1.7416
146,2012-12,7,07_US_Unemployment,5,05_US_Inflation,1.0,-1.8001
147,2013-01,7,07_US_Unemployment,5,05_US_Inflation,1.0,-1.8633
148,2013-02,7,07_US_Unemployment,5,05_US_Inflation,1.0,-1.9111
149,2013-03,7,07_US_Unemployment,5,05_US_Inflation,1.0,-1.9349
150,2013-04,7,07_US_Unemployment,5,05_US_Inflation,1.0,-1.9235
151,2013-05,7,07_US_Unemployment,5,05_US_Inflation,1.0,-1.8583
152,2013-06,7,07_US_Unemployment,5,05_US_Inflation,1.0,-1.7092
153,2013-07,7,07_US_Unemployment,5,05_US_Inflation,1.0,-1.4437
154,2013-08,7,07_US_Unemployment,5,05_US_Inflation,1.0,-1.082
155,2013-09,7,07_US_Unemployment,5,05_US_Inflation,1.0,-0.7903
156,2013-10,7,07_US_Unemployment,5,05_US_Inflation,1.0,2.7464
157,2013-11,7,07_US_Unemployment,5,05_US_Inflation,1.0,2.8532
158,2013-12,7,07_US_Unemployment,5,05_US_Inflation,1.0,2.9313
159,2014-01,7,07_US_Unemployment,5,05_US_Inflation,1.0,2.9793
160,2014-02,7,07_US_Unemployment,5,05_US_Inflation,1.0,3.0104
161,2014-03,7,07_US_Unemployment,5,05_US_Inflation,1.0,3.0403
162,2014-04,7,07_US_Unemployment,5,05_US_Inflation,1.0,3.0945
163,2014-05,7,07_US_Unemployment,5,05_US_Inflation,1.0,-3.0202
164,2014-06,7,07_US_Unemployment,5,05_US_Inflation,1.0,-1.906
165,2014-07,7,07_US_Unemployment,5,05_US_Inflation,1.0,-0.4605
166,2014-08,7,07_US_Unemployment,5,05_US_Inflation,1.0,-0.0493
167,2014-09,7,07_US_Unemployment,5,05_US_Inflation,1.0,0.2912
168,2014-10,7,07_US_Unemployment,5,05_US_Inflation,1.0,0.6075
169,2014-11,7,07_US_Unemployment,5,05_US_Inflation,1.0,0.985
170,2014-12,7,07_US_Unemployment,5,05_US_Inflation,1.0,1.71
171,2015-01,7,07_US_Unemployment,5,05_US_Inflation,1.0,2.6182
172,2015-02,7,07_US_Unemployment,5,05_US_Inflation,1.0,3.0139
173,2015-03,7,07_US_Unemployment,5,05_US_Inflation,1.0,-3.1238
174,2015-04,7,07_US_Unemployment,5,05_US_Inflation,1.0,-3.0757
175,2015-05,7,07_US_Unemployment,5,05_US_Inflation,1.0,-3.0843
176,2015-06,7,07_US_Unemployment,5,05_US_Inflation,1.0,3.1354
177,2015-07,7,07_US_Unemployment,5,05_US_Inflation,1.0,2.9899
178,2015-08,7,07_US_Unemployment,5,05_US_Inflation,1.0,2.6755
179,2015-09,7,07_US_Unemployment,5,05_US_Inflation,1.0,1.9674
180,2015-10,7,07_US_Unemployment,5,05_US_Inflation,1.0,0.9846
181,2015-11,7,07_US_Unemployment,5,05_US_Inflation,1.0,0.3892
182,2015-12,7,07_US_Unemployment,5,05_US_Inflation,1.0,0.0328
183,2016-01,7,07_US_Unemployment,5,05_US_Inflation,1.0,-0.2331
184,2016-02,7,07_US_Unemployment,5,05_US_Inflation,1.0,-0.4711
185,2016-03,7,07_US_Unemployment,5,05_US_Inflation,1.0,-0.7279
186,2016-04,7,07_US_Unemployment,5,05_US_Inflation,1.0,-1.0732
187,2016-05,7,07_US_Unemployment,5,05_US_Inflation,1.0,-1.6424
188,2016-06,7,07_US_Unemployment,5,05_US_Inflation,1.0,-2.3661
189,2016-07,7,07_US_Unemployment,5,05_US_Inflation,1.0,-2.7206
190,2016-08,7,07_US_Unemployment,5,05_US_Inflation,1.0,-1.4362
191,2016-09,7,07_US_Unemployment,5,05_US_Inflation,1.0,-0.5284
192,2016-10,7,07_US_Unemployment,5,05_US_Inflation,1.0,-0.469
193,2016-11,7,07_US_Unemployment,5,05_US_Inflation,1.0,-0.4503
194,2016-12,7,07_US_Unemployment,5,05_US_Inflation,1.0,-0.4305
195,2017-01,7,07_US_Unemployment,5,05_US_Inflation,1.0,-0.4061
196,2017-02,7,07_US_Unemployment,5,05_US_Inflation,1.0,-0.3806
197,2017-03,7,07_US_Unemployment,5,05_US_Inflation,1.0,-0.3623
198,2017-04,7,07_US_Unemployment,5,05_US_Inflation,1.0,-0.3663
199,2017-05,7,07_US_Unemployment,5,05_US_Inflation,1.0,-0.4131
200,2017-06,7,07_US_Unemployment,5,05_US_Inflation,1.0,-0.5216
201,2017-07,7,07_US_Unemployment,5,05_US_Inflation,1.0,-0.6991
202,2017-08,7,07_US_Unemployment,5,05_US_Inflation,1.0,-0.9434
203,2017-09,7,07_US_Unemployment,5,05_US_Inflation,1.0,-1.2556
204,2017-10,7,07_US_Unemployment,5,05_US_Inflation,1.0,-1.6478
205,2017-11,7,07_US_Unemployment,5,05_US_Inflation,1.0,-2.135
206,2017-12,7,07_US_Unemployment,5,05_US_Inflation,1.0,-2.6883
207,2018-01,7,07_US_Unemployment,5,05_US_Inflation,1.0,3.0811
208,2018-02,7,07_US_Unemployment,5,05_US_Inflation,1.0,2.687
209,2018-03,7,07_US_Unemployment,5,05_US_Inflation,1.0,2.4077
210,2018-04,7,07_US_Unemployment,5,05_US_Inflation,1.0,2.2085
211,2018-05,7,07_US_Unemployment,5,05_US_Inflation,1.0,2.0553
212,2018-06,7,07_US_Unemployment,5,05_US_Inflation,1.0,1.9198
213,2018-07,7,07_US_Unemployment,5,05_US_Inflation,1.0,1.7746
214,2018-08,7,07_US_Unemployment,5,05_US_Inflation,1.0,1.5893
215,2018-09,7,07_US_Unemployment,5,05_US_Inflation,1.0,1.3173
216,2018-10,7,07_US_Unemployment,5,05_US_Inflation,1.0,0.849
217,2018-11,7,07_US_Unemployment,5,05_US_Inflation,1.0,-0.2232
218,2018-12,7,07_US_Unemployment,5,05_US_Inflation,1.0,-3.1282
219,2019-01,7,07_US_Unemployment,5,05_US_Inflation,1.0,1.9952
220,2019-02,7,07_US_Unemployment,5,05_US_Inflation,1.0,1.3944
221,2019-03,7,07_US_Unemployment,5,05_US_Inflation,1.0,0.8697
222,2019-04,7,07_US_Unemployment,5,05_US_Inflation,1.0,0.3422
223,2019-05,7,07_US_Unemployment,5,05_US_Inflation,1.0,-0.1214
224,2019-06,7,07_US_Unemployment,5,05_US_Inflation,1.0,-0.4159
225,2019-07,7,07_US_Unemployment,5,05_US_Inflation,1.0,-0.4014
226,2019-08,7,07_US_Unemployment,5,05_US_Inflation,1.0,0.4142
227,2019-09,7,07_US_Unemployment,5,05_US_Inflation,1.0,1.2805
228,2019-10,7,07_US_Unemployment,5,05_US_Inflation,1.0,1.8845
229,2019-11,7,07_US_Unemployment,5,05_US_Inflation,1.0,2.7381
230,2019-12,7,07_US_Unemployment,5,05_US_Inflation,1.0,-3.1292
231,2020-01,7,07_US_Unemployment,5,05_US_Inflation,1.0,-3.025
232,2020-02,7,07_US_Unemployment,5,05_US_Inflation,1.0,-3.027
233,2020-03,7,07_US_Unemployment,5,05_US_Inflation,1.0,-3.0715
234,2020-04,7,07_US_Unemployment,5,05_US_Inflation,1.0,-3.137
235,2020-05,7,07_US_Unemployment,5,05_US_Inflation,1.0,3.0671
236,2020-06,7,07_US_Unemployment,5,05_US_Inflation,1.0,2.9742
237,2020-07,7,07_US_Unemployment,5,05_US_Inflation,1.0,2.86
238,2020-08,7,07_US_Unemployment,5,05_US_Inflation,1.0,2.702
239,2020-09,7,07_US_Unemployment,5,05_US_Inflation,1.0,2.4291
240,2020-10,7,07_US_Unemployment,5,05_US_Inflation,1.0,1.7923
241,2020-11,7,07_US_Unemployment,5,05_US_Inflation,1.0,0.7469
242,2020-12,7,07_US_Unemployment,5,05_US_Inflation,1.0,0.2043
243,2021-01,7,07_US_Unemployment,5,05_US_Inflation,1.0,-0.0364
244,2021-02,7,07_US_Unemployment,5,05_US_Inflation,1.0,-0.1068
245,2021-03,7,07_US_Unemployment,5,05_US_Inflation,1.0,0.2028
246,2021-04,7,07_US_Unemployment,5,05_US_Inflation,1.0,1.1968
247,2021-05,7,07_US_Unemployment,5,05_US_Inflation,1.0,1.2486
248,2021-06,7,07_US_Unemployment,5,05_US_Inflation,1.0,0.3821
249,2021-07,7,07_US_Unemployment,5,05_US_Inflation,1.0,-0.3817
250,2021-08,7,07_US_Unemployment,5,05_US_Inflation,1.0,-0.7728
251,2021-09,7,07_US_Unemployment,5,05_US_Inflation,1.0,-1.0669
252,2021-10,7,07_US_Unemployment,5,05_US_Inflation,1.0,-1.3283
253,2021-11,7,07_US_Unemployment,5,05_US_Inflation,1.0,-1.5524
254,2021-12,7,07_US_Unemployment,5,05_US_Inflation,1.0,-1.7189
255,2022-01,7,07_US_Unemployment,5,05_US_Inflation,1.0,-1.8136
256,2022-02,7,07_US_Unemployment,5,05_US_Inflation,1.0,-1.8374
257,2022-03,7,07_US_Unemployment,5,05_US_Inflation,1.0,-1.8092
258,2022-04,7,07_US_Unemployment,5,05_US_Inflation,1.0,-1.7593
259,2022-05,7,07_US_Unemployment,5,05_US_Inflation,1.0,-1.7136
260,2022-06,7,07_US_Unemployment,5,05_US_Inflation,1.0,-1.6788
261,2022-07,7,07_US_Unemployment,5,05_US_Inflation,1.0,-1.621
262,2022-08,7,07_US_Unemployment,5,05_US_Inflation,1.0,-1.2516
263,2022-09,7,07_US_Unemployment,5,05_US_Inflation,1.0,0.3526
264,2022-10,7,07_US_Unemployment,5,05_US_Inflation,1.0,0.6098
265,2022-11,7,07_US_Unemployment,5,05_US_Inflation,1.0,0.5645
266,2022-12,7,07_US_Unemployment,5,05_US_Inflation,1.0,0.4665
267,2023-01,7,07_US_Unemployment,5,05_US_Inflation,1.0,0.3664
268,2023-02,7,07_US_Unemployment,5,05_US_Inflation,1.0,0.2929
12,2001-10,7,07_US_Unemployment,6,06_US_Production,1.0,-2.1601
13,2001-11,7,07_US_Unemployment,6,06_US_Production,1.0,-2.1222
14,2001-12,7,07_US_Unemployment,6,06_US_Production,1.0,-2.0368
15,2002-01,7,07_US_Unemployment,6,06_US_Production,1.0,-1.9766
16,2002-02,7,07_US_Unemployment,6,06_US_Production,1.0,-1.998
17,2002-03,7,07_US_Unemployment,6,06_US_Production,1.0,-2.1523
18,2002-04,7,07_US_Unemployment,6,06_US_Production,1.0,-2.5251
19,2002-05,7,07_US_Unemployment,6,06_US_Production,1.0,-3.1256
20,2002-06,7,07_US_Unemployment,6,06_US_Production,1.0,2.6249
21,2002-07,7,07_US_Unemployment,6,06_US_Production,1.0,2.2849
22,2002-08,7,07_US_Unemployment,6,06_US_Production,1.0,2.0755
23,2002-09,7,07_US_Unemployment,6,06_US_Production,1.0,1.9627
24,2002-10,7,07_US_Unemployment,6,06_US_Production,1.0,1.9195
25,2002-11,7,07_US_Unemployment,6,06_US_Production,1.0,1.9079
26,2002-12,7,07_US_Unemployment,6,06_US_Production,1.0,1.8895
27,2003-01,7,07_US_Unemployment,6,06_US_Production,1.0,1.8325
28,2003-02,7,07_US_Unemployment,6,06_US_Production,1.0,1.7048
29,2003-03,7,07_US_Unemployment,6,06_US_Production,1.0,1.4577
30,2003-04,7,07_US_Unemployment,6,06_US_Production,1.0,1.0236
31,2003-05,7,07_US_Unemployment,6,06_US_Production,1.0,0.4346
32,2003-06,7,07_US_Unemployment,6,06_US_Production,1.0,-0.0939
33,2003-07,7,07_US_Unemployment,6,06_US_Production,1.0,-0.4844
34,2003-08,7,07_US_Unemployment,6,06_US_Production,1.0,-0.7737
35,2003-09,7,07_US_Unemployment,6,06_US_Production,1.0,-0.9635
36,2003-10,7,07_US_Unemployment,6,06_US_Production,1.0,-1.028
37,2003-11,7,07_US_Unemployment,6,06_US_Production,1.0,-0.9321
38,2003-12,7,07_US_Unemployment,6,06_US_Production,1.0,-0.6138
39,2004-01,7,07_US_Unemployment,6,06_US_Production,1.0,0.0277
40,2004-02,7,07_US_Unemployment,6,06_US_Production,1.0,0.9598
41,2004-03,7,07_US_Unemployment,6,06_US_Production,1.0,1.7441
42,2004-04,7,07_US_Unemployment,6,06_US_Production,1.0,2.1974
43,2004-05,7,07_US_Unemployment,6,06_US_Production,1.0,2.4481
44,2004-06,7,07_US_Unemployment,6,06_US_Production,1.0,2.5988
45,2004-07,7,07_US_Unemployment,6,06_US_Production,1.0,2.706
46,2004-08,7,07_US_Unemployment,6,06_US_Production,1.0,2.8089
47,2004-09,7,07_US_Unemployment,6,06_US_Production,1.0,2.9526
48,2004-10,7,07_US_Unemployment,6,06_US_Production,1.0,-2.9993
49,2004-11,7,07_US_Unemployment,6,06_US_Production,1.0,-1.3034
50,2004-12,7,07_US_Unemployment,6,06_US_Production,1.0,-0.5075
51,2005-01,7,07_US_Unemployment,6,06_US_Production,1.0,-0.3442
52,2005-02,7,07_US_Unemployment,6,06_US_Production,1.0,-0.3432
53,2005-03,7,07_US_Unemployment,6,06_US_Production,1.0,-0.5275
54,2005-04,7,07_US_Unemployment,6,06_US_Production,1.0,-1.021
55,2005-05,7,07_US_Unemployment,6,06_US_Production,1.0,-1.656
56,2005-06,7,07_US_Unemployment,6,06_US_Production,1.0,-1.9598
57,2005-07,7,07_US_Unemployment,6,06_US_Production,1.0,-1.9191
58,2005-08,7,07_US_Unemployment,6,06_US_Production,1.0,-1.6362
59,2005-09,7,07_US_Unemployment,6,06_US_Production,1.0,-1.3202
60,2005-10,7,07_US_Unemployment,6,06_US_Production,1.0,-1.1094
61,2005-11,7,07_US_Unemployment,6,06_US_Production,1.0,-0.98
62,2005-12,7,07_US_Unemployment,6,06_US_Production,1.0,-0.8856
63,2006-01,7,07_US_Unemployment,6,06_US_Production,1.0,-0.7972
64,2006-02,7,07_US_Unemployment,6,06_US_Production,1.0,-0.6991
65,2006-03,7,07_US_Unemployment,6,06_US_Production,1.0,-0.5972
66,2006-04,7,07_US_Unemployment,6,06_US_Production,1.0,-0.5526
67,2006-05,7,07_US_Unemployment,6,06_US_Production,1.0,-0.6893
68,2006-06,7,07_US_Unemployment,6,06_US_Production,1.0,-1.011
69,2006-07,7,07_US_Unemployment,6,06_US_Production,1.0,-1.2263
70,2006-08,7,07_US_Unemployment,6,06_US_Production,1.0,-1.2617
71,2006-09,7,07_US_Unemployment,6,06_US_Production,1.0,-1.2034
72,2006-10,7,07_US_Unemployment,6,06_US_Production,1.0,-1.0997
73,2006-11,7,07_US_Unemployment,6,06_US_Production,1.0,-0.9617
74,2006-12,7,07_US_Unemployment,6,06_US_Production,1.0,-0.7798
75,2007-01,7,07_US_Unemployment,6,06_US_Production,1.0,-0.5198
76,2007-02,7,07_US_Unemployment,6,06_US_Production,1.0,-0.0279
77,2007-03,7,07_US_Unemployment,6,06_US_Production,1.0,2.0563
78,2007-04,7,07_US_Unemployment,6,06_US_Production,1.0,2.8784
79,2007-05,7,07_US_Unemployment,6,06_US_Production,1.0,3.0814
80,2007-06,7,07_US_Unemployment,6,06_US_Production,1.0,3.1181
81,2007-07,7,07_US_Unemployment,6,06_US_Production,1.0,3.1316
82,2007-08,7,07_US_Unemployment,6,06_US_Production,1.0,-3.1023
83,2007-09,7,07_US_Unemployment,6,06_US_Production,1.0,0.7398
84,2007-10,7,07_US_Unemployment,6,06_US_Production,1.0,0.3257
85,2007-11,7,07_US_Unemployment,6,06_US_Production,1.0,0.5087
86,2007-12,7,07_US_Unemployment,6,06_US_Production,1.0,0.7625
87,2008-01,7,07_US_Unemployment,6,06_US_Production,1.0,1.1057
88,2008-02,7,07_US_Unemployment,6,06_US_Production,1.0,1.4846
89,2008-03,7,07_US_Unemployment,6,06_US_Production,1.0,1.7823
90,2008-04,7,07_US_Unemployment,6,06_US_Production,1.0,1.9558
91,2008-05,7,07_US_Unemployment,6,06_US_Production,1.0,1.9799
92,2008-06,7,07_US_Unemployment,6,06_US_Production,1.0,1.2481
93,2008-07,7,07_US_Unemployment,6,06_US_Production,1.0,-0.11
94,2008-08,7,07_US_Unemployment,6,06_US_Production,1.0,-0.1701
95,2008-09,7,07_US_Unemployment,6,06_US_Production,1.0,-0.0954
96,2008-10,7,07_US_Unemployment,6,06_US_Production,1.0,-0.0452
97,2008-11,7,07_US_Unemployment,6,06_US_Production,1.0,-0.1427
98,2008-12,7,07_US_Unemployment,6,06_US_Production,1.0,-0.6526
99,2009-01,7,07_US_Unemployment,6,06_US_Production,1.0,-1.4296
100,2009-02,7,07_US_Unemployment,6,06_US_Production,1.0,-1.7738
101,2009-03,7,07_US_Unemployment,6,06_US_Production,1.0,-1.9154
102,2009-04,7,07_US_Unemployment,6,06_US_Production,1.0,-2.0248
103,2009-05,7,07_US_Unemployment,6,06_US_Production,1.0,-2.1872
104,2009-06,7,07_US_Unemployment,6,06_US_Production,1.0,-2.5073
105,2009-07,7,07_US_Unemployment,6,06_US_Production,1.0,-3.0698
106,2009-08,7,07_US_Unemployment,6,06_US_Production,1.0,2.6613
107,2009-09,7,07_US_Unemployment,6,06_US_Production,1.0,2.2984
108,2009-10,7,07_US_Unemployment,6,06_US_Production,1.0,1.9886
109,2009-11,7,07_US_Unemployment,6,06_US_Production,1.0,1.6202
110,2009-12,7,07_US_Unemployment,6,06_US_Production,1.0,1.2039
111,2010-01,7,07_US_Unemployment,6,06_US_Production,1.0,-1.9143
112,2010-02,7,07_US_Unemployment,6,06_US_Production,1.0,-2.3455
113,2010-03,7,07_US_Unemployment,6,06_US_Production,1.0,-2.3991
114,2010-04,7,07_US_Unemployment,6,06_US_Production,1.0,-2.376
115,2010-05,7,07_US_Unemployment,6,06_US_Production,1.0,-2.304
116,2010-06,7,07_US_Unemployment,6,06_US_Production,1.0,-2.1936
117,2010-07,7,07_US_Unemployment,6,06_US_Production,1.0,-2.0551
118,2010-08,7,07_US_Unemployment,6,06_US_Production,1.0,-1.9062
119,2010-09,7,07_US_Unemployment,6,06_US_Production,1.0,-1.7686
120,2010-10,7,07_US_Unemployment,6,06_US_Production,1.0,-1.6535
121,2010-11,7,07_US_Unemployment,6,06_US_Production,1.0,-1.556
122,2010-12,7,07_US_Unemployment,6,06_US_Production,1.0,-1.4637
123,2011-01,7,07_US_Unemployment,6,06_US_Production,1.0,-1.3656
124,2011-02,7,07_US_Unemployment,6,06_US_Production,1.0,-1.2566
125,2011-03,7,07_US_Unemployment,6,06_US_Production,1.0,-1.1377
126,2011-04,7,07_US_Unemployment,6,06_US_Production,1.0,-1.0131
127,2011-05,7,07_US_Unemployment,6,06_US_Production,1.0,-0.8883
128,2011-06,7,07_US_Unemployment,6,06_US_Production,1.0,-0.7665
129,2011-07,7,07_US_Unemployment,6,06_US_Production,1.0,-0.6438
130,2011-08,7,07_US_Unemployment,6,06_US_Production,1.0,2.6065
131,2011-09,7,07_US_Unemployment,6,06_US_Production,1.0,2.7678
132,2011-10,7,07_US_Unemployment,6,06_US_Production,1.0,-2.9407
133,2011-11,7,07_US_Unemployment,6,06_US_Production,1.0,-0.7575
134,2011-12,7,07_US_Unemployment,6,06_US_Production,1.0,-0.5125
135,2012-01,7,07_US_Unemployment,6,06_US_Production,1.0,-0.4341
136,2012-02,7,07_US_Unemployment,6,06_US_Production,1.0,-0.4526
137,2012-03,7,07_US_Unemployment,6,06_US_Production,1.0,-1.4622
138,2012-04,7,07_US_Unemployment,6,06_US_Production,1.0,-3.0391
139,2012-05,7,07_US_Unemployment,6,06_US_Production,1.0,-3.0694
140,2012-06,7,07_US_Unemployment,6,06_US_Production,1.0,-3.0021
141,2012-07,7,07_US_Unemployment,6,06_US_Production,1.0,-2.9322
142,2012-08,7,07_US_Unemployment,6,06_US_Production,1.0,1.484
143,2012-09,7,07_US_Unemployment,6,06_US_Production,1.0,1.5915
144,2012-10,7,07_US_Unemployment,6,06_US_Production,1.0,2.1268
145,2012-11,7,07_US_Unemployment,6,06_US_Production,1.0,2.457
146,2012-12,7,07_US_Unemployment,6,06_US_Production,1.0,2.6576
147,2013-01,7,07_US_Unemployment,6,06_US_Production,1.0,2.8107
148,2013-02,7,07_US_Unemployment,6,06_US_Production,1.0,2.9635
149,2013-03,7,07_US_Unemployment,6,06_US_Production,1.0,-3.1245
150,2013-04,7,07_US_Unemployment,6,06_US_Production,1.0,-2.8164
151,2013-05,7,07_US_Unemployment,6,06_US_Production,1.0,-2.2385
152,2013-06,7,07_US_Unemployment,6,06_US_Production,1.0,-1.2372
153,2013-07,7,07_US_Unemployment,6,06_US_Production,1.0,-0.2441
154,2013-08,7,07_US_Unemployment,6,06_US_Production,1.0,0.5883
155,2013-09,7,07_US_Unemployment,6,06_US_Production,1.0,1.3672
156,2013-10,7,07_US_Unemployment,6,06_US_Production,1.0,2.2122
157,2013-11,7,07_US_Unemployment,6,06_US_Production,1.0,-3.0617
158,2013-12,7,07_US_Unemployment,6,06_US_Production,1.0,-2.3045
159,2014-01,7,07_US_Unemployment,6,06_US_Production,1.0,-1.8596
160,2014-02,7,07_US_Unemployment,6,06_US_Production,1.0,-1.5573
161,2014-03,7,07_US_Unemployment,6,06_US_Production,1.0,-1.3139
162,2014-04,7,07_US_Unemployment,6,06_US_Production,1.0,-1.0914
163,2014-05,7,07_US_Unemployment,6,06_US_Production,1.0,-0.8698
164,2014-06,7,07_US_Unemployment,6,06_US_Production,1.0,-0.6359
165,2014-07,7,07_US_Unemployment,6,06_US_Production,1.0,-0.3835
166,2014-08,7,07_US_Unemployment,6,06_US_Production,1.0,-0.1359
167,2014-09,7,07_US_Unemployment,6,06_US_Production,1.0,0.0367
168,2014-10,7,07_US_Unemployment,6,06_US_Production,1.0,0.1246
169,2014-11,7,07_US_Unemployment,6,06_US_Production,1.0,0.2942
170,2014-12,7,07_US_Unemployment,6,06_US_Production,1.0,0.8814
171,2015-01,7,07_US_Unemployment,6,06_US_Production,1.0,1.7108
172,2015-02,7,07_US_Unemployment,6,06_US_Production,1.0,2.0635
173,2015-03,7,07_US_Unemployment,6,06_US_Production,1.0,2.187
174,2015-04,7,07_US_Unemployment,6,06_US_Production,1.0,2.2277
175,2015-05,7,07_US_Unemployment,6,06_US_Production,1.0,2.2253
176,2015-06,7,07_US_Unemployment,6,06_US_Production,1.0,2.1865
177,2015-07,7,07_US_Unemployment,6,06_US_Production,1.0,2.0902
178,2015-08,7,07_US_Unemployment,6,06_US_Production,1.0,1.8501
179,2015-09,7,07_US_Unemployment,6,06_US_Production,1.0,1.1799
180,2015-10,7,07_US_Unemployment,6,06_US_Production,1.0,-2.2694
181,2015-11,7,07_US_Unemployment,6,06_US_Production,1.0,-2.8739
182,2015-12,7,07_US_Unemployment,6,06_US_Production,1.0,-3.0462
183,2016-01,7,07_US_Unemployment,6,06_US_Production,1.0,-3.1068
184,2016-02,7,07_US_Unemployment,6,06_US_Production,1.0,-3.124
185,2016-03,7,07_US_Unemployment,6,06_US_Production,1.0,-3.1221
186,2016-04,7,07_US_Unemployment,6,06_US_Production,1.0,-3.11
187,2016-05,7,07_US_Unemployment,6,06_US_Production,1.0,-3.0862
188,2016-06,7,07_US_Unemployment,6,06_US_Production,1.0,-3.0248
189,2016-07,7,07_US_Unemployment,6,06_US_Production,1.0,-2.7958
190,2016-08,7,07_US_Unemployment,6,06_US_Production,1.0,-0.9848
191,2016-09,7,07_US_Unemployment,6,06_US_Production,1.0,0.5343
192,2016-10,7,07_US_Unemployment,6,06_US_Production,1.0,0.9787
193,2016-11,7,07_US_Unemployment,6,06_US_Production,1.0,1.1514
194,2016-12,7,07_US_Unemployment,6,06_US_Production,1.0,1.2211
195,2017-01,7,07_US_Unemployment,6,06_US_Production,1.0,1.2482
196,2017-02,7,07_US_Unemployment,6,06_US_Production,1.0,1.2508
197,2017-03,7,07_US_Unemployment,6,06_US_Production,1.0,1.2348
198,2017-04,7,07_US_Unemployment,6,06_US_Production,1.0,1.2093
199,2017-05,7,07_US_Unemployment,6,06_US_Production,1.0,1.207
200,2017-06,7,07_US_Unemployment,6,06_US_Production,1.0,1.3602
201,2017-07,7,07_US_Unemployment,6,06_US_Production,1.0,2.0363
202,2017-08,7,07_US_Unemployment,6,06_US_Production,1.0,2.5532
203,2017-09,7,07_US_Unemployment,6,06_US_Production,1.0,2.5119
204,2017-10,7,07_US_Unemployment,6,06_US_Production,1.0,2.2223
205,2017-11,7,07_US_Unemployment,6,06_US_Production,1.0,1.7356
206,2017-12,7,07_US_Unemployment,6,06_US_Production,1.0,1.0558
207,2018-01,7,07_US_Unemployment,6,06_US_Production,1.0,0.2548
208,2018-02,7,07_US_Unemployment,6,06_US_Production,1.0,-0.502
209,2018-03,7,07_US_Unemployment,6,06_US_Production,1.0,-1.0548
210,2018-04,7,07_US_Unemployment,6,06_US_Production,1.0,-1.411
211,2018-05,7,07_US_Unemployment,6,06_US_Production,1.0,-1.6478
212,2018-06,7,07_US_Unemployment,6,06_US_Production,1.0,-1.8249
213,2018-07,7,07_US_Unemployment,6,06_US_Production,1.0,-1.9815
214,2018-08,7,07_US_Unemployment,6,06_US_Production,1.0,-2.1478
215,2018-09,7,07_US_Unemployment,6,06_US_Production,1.0,-2.3593
216,2018-10,7,07_US_Unemployment,6,06_US_Production,1.0,-2.6898
217,2018-11,7,07_US_Unemployment,6,06_US_Production,1.0,2.9459
218,2018-12,7,07_US_Unemployment,6,06_US_Production,1.0,2.0087
219,2019-01,7,07_US_Unemployment,6,06_US_Production,1.0,1.405
220,2019-02,7,07_US_Unemployment,6,06_US_Production,1.0,0.9764
221,2019-03,7,07_US_Unemployment,6,06_US_Production,1.0,0.4804
222,2019-04,7,07_US_Unemployment,6,06_US_Production,1.0,-0.1947
223,2019-05,7,07_US_Unemployment,6,06_US_Production,1.0,-0.9386
224,2019-06,7,07_US_Unemployment,6,06_US_Production,1.0,-1.43
225,2019-07,7,07_US_Unemployment,6,06_US_Production,1.0,-1.4457
226,2019-08,7,07_US_Unemployment,6,06_US_Production,1.0,-0.5031
227,2019-09,7,07_US_Unemployment,6,06_US_Production,1.0,1.5494
228,2019-10,7,07_US_Unemployment,6,06_US_Production,1.0,2.8501
229,2019-11,7,07_US_Unemployment,6,06_US_Production,1.0,3.0495
230,2019-12,7,07_US_Unemployment,6,06_US_Production,1.0,3.1083
231,2020-01,7,07_US_Unemployment,6,06_US_Production,1.0,3.1243
232,2020-02,7,07_US_Unemployment,6,06_US_Production,1.0,3.1212
233,2020-03,7,07_US_Unemployment,6,06_US_Production,1.0,3.1071
234,2020-04,7,07_US_Unemployment,6,06_US_Production,1.0,3.0853
235,2020-05,7,07_US_Unemployment,6,06_US_Production,1.0,3.0571
236,2020-06,7,07_US_Unemployment,6,06_US_Production,1.0,3.0225
237,2020-07,7,07_US_Unemployment,6,06_US_Production,1.0,2.9793
238,2020-08,7,07_US_Unemployment,6,06_US_Production,1.0,2.9227
239,2020-09,7,07_US_Unemployment,6,06_US_Production,1.0,2.841
240,2020-10,7,07_US_Unemployment,6,06_US_Production,1.0,2.6992
241,2020-11,7,07_US_Unemployment,6,06_US_Production,1.0,2.3228
242,2020-12,7,07_US_Unemployment,6,06_US_Production,1.0,0.7722
243,2021-01,7,07_US_Unemployment,6,06_US_Production,1.0,0.0225
244,2021-02,7,07_US_Unemployment,6,06_US_Production,1.0,-0.1956
245,2021-03,7,07_US_Unemployment,6,06_US_Production,1.0,-0.3009
246,2021-04,7,07_US_Unemployment,6,06_US_Production,1.0,-0.3976
247,2021-05,7,07_US_Unemployment,6,06_US_Production,1.0,-0.6624
248,2021-06,7,07_US_Unemployment,6,06_US_Production,1.0,-1.4102
249,2021-07,7,07_US_Unemployment,6,06_US_Production,1.0,-1.8865
250,2021-08,7,07_US_Unemployment,6,06_US_Production,1.0,-1.928
251,2021-09,7,07_US_Unemployment,6,06_US_Production,1.0,-1.899
252,2021-10,7,07_US_Unemployment,6,06_US_Production,1.0,-1.909
253,2021-11,7,07_US_Unemployment,6,06_US_Production,1.0,-1.9691
254,2021-12,7,07_US_Unemployment,6,06_US_Production,1.0,-2.0659
255,2022-01,7,07_US_Unemployment,6,06_US_Production,1.0,-2.1853
256,2022-02,7,07_US_Unemployment,6,06_US_Production,1.0,-2.3166
257,2022-03,7,07_US_Unemployment,6,06_US_Production,1.0,-2.4521
258,2022-04,7,07_US_Unemployment,6,06_US_Production,1.0,-2.5843
259,2022-05,7,07_US_Unemployment,6,06_US_Production,1.0,-2.6964
260,2022-06,7,07_US_Unemployment,6,06_US_Production,1.0,-2.7419
261,2022-07,7,07_US_Unemployment,6,06_US_Production,1.0,-2.6121
262,2022-08,7,07_US_Unemployment,6,06_US_Production,1.0,-1.9733
263,2022-09,7,07_US_Unemployment,6,06_US_Production,1.0,-0.051
264,2022-10,7,07_US_Unemployment,6,06_US_Production,1.0,0.3979
265,2022-11,7,07_US_Unemployment,6,06_US_Production,1.0,0.4309
266,2022-12,7,07_US_Unemployment,6,06_US_Production,1.0,0.3444
267,2023-01,7,07_US_Unemployment,6,06_US_Production,1.0,0.21
268,2023-02,7,07_US_Unemployment,6,06_US_Production,1.0,0.0535
12,2001-10,7,07_US_Unemployment,7,07_US_Unemployment,1.0,0.0
13,2001-11,7,07_US_Unemployment,7,07_US_Unemployment,1.0,0.0
14,2001-12,7,07_US_Unemployment,7,07_US_Unemployment,1.0,0.0
15,2002-01,7,07_US_Unemployment,7,07_US_Unemployment,1.0,-0.0
16,2002-02,7,07_US_Unemployment,7,07_US_Unemployment,1.0,0.0
17,2002-03,7,07_US_Unemployment,7,07_US_Unemployment,1.0,0.0
18,2002-04,7,07_US_Unemployment,7,07_US_Unemployment,1.0,0.0
19,2002-05,7,07_US_Unemployment,7,07_US_Unemployment,1.0,-0.0
20,2002-06,7,07_US_Unemployment,7,07_US_Unemployment,1.0,-0.0
21,2002-07,7,07_US_Unemployment,7,07_US_Unemployment,1.0,0.0
22,2002-08,7,07_US_Unemployment,7,07_US_Unemployment,1.0,0.0
23,2002-09,7,07_US_Unemployment,7,07_US_Unemployment,1.0,-0.0
24,2002-10,7,07_US_Unemployment,7,07_US_Unemployment,1.0,0.0
25,2002-11,7,07_US_Unemployment,7,07_US_Unemployment,1.0,0.0
26,2002-12,7,07_US_Unemployment,7,07_US_Unemployment,1.0,0.0
27,2003-01,7,07_US_Unemployment,7,07_US_Unemployment,1.0,0.0
28,2003-02,7,07_US_Unemployment,7,07_US_Unemployment,1.0,0.0
29,2003-03,7,07_US_Unemployment,7,07_US_Unemployment,1.0,-0.0
30,2003-04,7,07_US_Unemployment,7,07_US_Unemployment,1.0,0.0
31,2003-05,7,07_US_Unemployment,7,07_US_Unemployment,1.0,0.0
32,2003-06,7,07_US_Unemployment,7,07_US_Unemployment,1.0,0.0
33,2003-07,7,07_US_Unemployment,7,07_US_Unemployment,1.0,-0.0
34,2003-08,7,07_US_Unemployment,7,07_US_Unemployment,1.0,0.0
35,2003-09,7,07_US_Unemployment,7,07_US_Unemployment,1.0,0.0
36,2003-10,7,07_US_Unemployment,7,07_US_Unemployment,1.0,0.0
37,2003-11,7,07_US_Unemployment,7,07_US_Unemployment,1.0,0.0
38,2003-12,7,07_US_Unemployment,7,07_US_Unemployment,1.0,-0.0
39,2004-01,7,07_US_Unemployment,7,07_US_Unemployment,1.0,0.0
40,2004-02,7,07_US_Unemployment,7,07_US_Unemployment,1.0,0.0
41,2004-03,7,07_US_Unemployment,7,07_US_Unemployment,1.0,0.0
42,2004-04,7,07_US_Unemployment,7,07_US_Unemployment,1.0,-0.0
43,2004-05,7,07_US_Unemployment,7,07_US_Unemployment,1.0,-0.0
44,2004-06,7,07_US_Unemployment,7,07_US_Unemployment,1.0,-0.0
45,2004-07,7,07_US_Unemployment,7,07_US_Unemployment,1.0,0.0
46,2004-08,7,07_US_Unemployment,7,07_US_Unemployment,1.0,0.0
47,2004-09,7,07_US_Unemployment,7,07_US_Unemployment,1.0,-0.0
48,2004-10,7,07_US_Unemployment,7,07_US_Unemployment,1.0,-0.0
49,2004-11,7,07_US_Unemployment,7,07_US_Unemployment,1.0,0.0
50,2004-12,7,07_US_Unemployment,7,07_US_Unemployment,1.0,-0.0
51,2005-01,7,07_US_Unemployment,7,07_US_Unemployment,1.0,-0.0
52,2005-02,7,07_US_Unemployment,7,07_US_Unemployment,1.0,0.0
53,2005-03,7,07_US_Unemployment,7,07_US_Unemployment,1.0,-0.0
54,2005-04,7,07_US_Unemployment,7,07_US_Unemployment,1.0,-0.0
55,2005-05,7,07_US_Unemployment,7,07_US_Unemployment,1.0,0.0
56,2005-06,7,07_US_Unemployment,7,07_US_Unemployment,1.0,-0.0
57,2005-07,7,07_US_Unemployment,7,07_US_Unemployment,1.0,-0.0
58,2005-08,7,07_US_Unemployment,7,07_US_Unemployment,1.0,-0.0
59,2005-09,7,07_US_Unemployment,7,07_US_Unemployment,1.0,0.0
60,2005-10,7,07_US_Unemployment,7,07_US_Unemployment,1.0,-0.0
61,2005-11,7,07_US_Unemployment,7,07_US_Unemployment,1.0,0.0
62,2005-12,7,07_US_Unemployment,7,07_US_Unemployment,1.0,-0.0
63,2006-01,7,07_US_Unemployment,7,07_US_Unemployment,1.0,0.0
64,2006-02,7,07_US_Unemployment,7,07_US_Unemployment,1.0,-0.0
65,2006-03,7,07_US_Unemployment,7,07_US_Unemployment,1.0,-0.0
66,2006-04,7,07_US_Unemployment,7,07_US_Unemployment,1.0,-0.0
67,2006-05,7,07_US_Unemployment,7,07_US_Unemployment,1.0,-0.0
68,2006-06,7,07_US_Unemployment,7,07_US_Unemployment,1.0,-0.0
69,2006-07,7,07_US_Unemployment,7,07_US_Unemployment,1.0,0.0
70,2006-08,7,07_US_Unemployment,7,07_US_Unemployment,1.0,-0.0
71,2006-09,7,07_US_Unemployment,7,07_US_Unemployment,1.0,0.0
72,2006-10,7,07_US_Unemployment,7,07_US_Unemployment,1.0,-0.0
73,2006-11,7,07_US_Unemployment,7,07_US_Unemployment,1.0,0.0
74,2006-12,7,07_US_Unemployment,7,07_US_Unemployment,1.0,0.0
75,2007-01,7,07_US_Unemployment,7,07_US_Unemployment,1.0,0.0
76,2007-02,7,07_US_Unemployment,7,07_US_Unemployment,1.0,-0.0
77,2007-03,7,07_US_Unemployment,7,07_US_Unemployment,1.0,0.0
78,2007-04,7,07_US_Unemployment,7,07_US_Unemployment,1.0,0.0
79,2007-05,7,07_US_Unemployment,7,07_US_Unemployment,1.0,0.0
80,2007-06,7,07_US_Unemployment,7,07_US_Unemployment,1.0,0.0
81,2007-07,7,07_US_Unemployment,7,07_US_Unemployment,1.0,-0.0
82,2007-08,7,07_US_Unemployment,7,07_US_Unemployment,1.0,0.0
83,2007-09,7,07_US_Unemployment,7,07_US_Unemployment,1.0,-0.0
84,2007-10,7,07_US_Unemployment,7,07_US_Unemployment,1.0,-0.0
85,2007-11,7,07_US_Unemployment,7,07_US_Unemployment,1.0,0.0
86,2007-12,7,07_US_Unemployment,7,07_US_Unemployment,1.0,-0.0
87,2008-01,7,07_US_Unemployment,7,07_US_Unemployment,1.0,-0.0
88,2008-02,7,07_US_Unemployment,7,07_US_Unemployment,1.0,-0.0
89,2008-03,7,07_US_Unemployment,7,07_US_Unemployment,1.0,-0.0
90,2008-04,7,07_US_Unemployment,7,07_US_Unemployment,1.0,-0.0
91,2008-05,7,07_US_Unemployment,7,07_US_Unemployment,1.0,-0.0
92,2008-06,7,07_US_Unemployment,7,07_US_Unemployment,1.0,-0.0
93,2008-07,7,07_US_Unemployment,7,07_US_Unemployment,1.0,0.0
94,2008-08,7,07_US_Unemployment,7,07_US_Unemployment,1.0,-0.0
95,2008-09,7,07_US_Unemployment,7,07_US_Unemployment,1.0,0.0
96,2008-10,7,07_US_Unemployment,7,07_US_Unemployment,1.0,0.0
97,2008-11,7,07_US_Unemployment,7,07_US_Unemployment,1.0,-0.0
98,2008-12,7,07_US_Unemployment,7,07_US_Unemployment,1.0,-0.0
99,2009-01,7,07_US_Unemployment,7,07_US_Unemployment,1.0,0.0
100,2009-02,7,07_US_Unemployment,7,07_US_Unemployment,1.0,-0.0
101,2009-03,7,07_US_Unemployment,7,07_US_Unemployment,1.0,-0.0
102,2009-04,7,07_US_Unemployment,7,07_US_Unemployment,1.0,-0.0
103,2009-05,7,07_US_Unemployment,7,07_US_Unemployment,1.0,-0.0
104,2009-06,7,07_US_Unemployment,7,07_US_Unemployment,1.0,-0.0
105,2009-07,7,07_US_Unemployment,7,07_US_Unemployment,1.0,-0.0
106,2009-08,7,07_US_Unemployment,7,07_US_Unemployment,1.0,-0.0
107,2009-09,7,07_US_Unemployment,7,07_US_Unemployment,1.0,-0.0
108,2009-10,7,07_US_Unemployment,7,07_US_Unemployment,1.0,0.0
109,2009-11,7,07_US_Unemployment,7,07_US_Unemployment,1.0,-0.0
110,2009-12,7,07_US_Unemployment,7,07_US_Unemployment,1.0,0.0
111,2010-01,7,07_US_Unemployment,7,07_US_Unemployment,1.0,0.0
112,2010-02,7,07_US_Unemployment,7,07_US_Unemployment,1.0,-0.0
113,2010-03,7,07_US_Unemployment,7,07_US_Unemployment,1.0,0.0
114,2010-04,7,07_US_Unemployment,7,07_US_Unemployment,1.0,-0.0
115,2010-05,7,07_US_Unemployment,7,07_US_Unemployment,1.0,0.0
116,2010-06,7,07_US_Unemployment,7,07_US_Unemployment,1.0,0.0
117,2010-07,7,07_US_Unemployment,7,07_US_Unemployment,1.0,0.0
118,2010-08,7,07_US_Unemployment,7,07_US_Unemployment,1.0,-0.0
119,2010-09,7,07_US_Unemployment,7,07_US_Unemployment,1.0,-0.0
120,2010-10,7,07_US_Unemployment,7,07_US_Unemployment,1.0,0.0
121,2010-11,7,07_US_Unemployment,7,07_US_Unemployment,1.0,-0.0
122,2010-12,7,07_US_Unemployment,7,07_US_Unemployment,1.0,0.0
123,2011-01,7,07_US_Unemployment,7,07_US_Unemployment,1.0,-0.0
124,2011-02,7,07_US_Unemployment,7,07_US_Unemployment,1.0,0.0
125,2011-03,7,07_US_Unemployment,7,07_US_Unemployment,1.0,0.0
126,2011-04,7,07_US_Unemployment,7,07_US_Unemployment,1.0,0.0
127,2011-05,7,07_US_Unemployment,7,07_US_Unemployment,1.0,0.0
128,2011-06,7,07_US_Unemployment,7,07_US_Unemployment,1.0,-0.0
129,2011-07,7,07_US_Unemployment,7,07_US_Unemployment,1.0,-0.0
130,2011-08,7,07_US_Unemployment,7,07_US_Unemployment,1.0,0.0
131,2011-09,7,07_US_Unemployment,7,07_US_Unemployment,1.0,0.0
132,2011-10,7,07_US_Unemployment,7,07_US_Unemployment,1.0,0.0
133,2011-11,7,07_US_Unemployment,7,07_US_Unemployment,1.0,0.0
134,2011-12,7,07_US_Unemployment,7,07_US_Unemployment,1.0,-0.0
135,2012-01,7,07_US_Unemployment,7,07_US_Unemployment,1.0,-0.0
136,2012-02,7,07_US_Unemployment,7,07_US_Unemployment,1.0,0.0
137,2012-03,7,07_US_Unemployment,7,07_US_Unemployment,1.0,-0.0
138,2012-04,7,07_US_Unemployment,7,07_US_Unemployment,1.0,-0.0
139,2012-05,7,07_US_Unemployment,7,07_US_Unemployment,1.0,0.0
140,2012-06,7,07_US_Unemployment,7,07_US_Unemployment,1.0,-0.0
141,2012-07,7,07_US_Unemployment,7,07_US_Unemployment,1.0,-0.0
142,2012-08,7,07_US_Unemployment,7,07_US_Unemployment,1.0,0.0
143,2012-09,7,07_US_Unemployment,7,07_US_Unemployment,1.0,-0.0
144,2012-10,7,07_US_Unemployment,7,07_US_Unemployment,1.0,-0.0
145,2012-11,7,07_US_Unemployment,7,07_US_Unemployment,1.0,0.0
146,2012-12,7,07_US_Unemployment,7,07_US_Unemployment,1.0,0.0
147,2013-01,7,07_US_Unemployment,7,07_US_Unemployment,1.0,0.0
148,2013-02,7,07_US_Unemployment,7,07_US_Unemployment,1.0,-0.0
149,2013-03,7,07_US_Unemployment,7,07_US_Unemployment,1.0,-0.0
150,2013-04,7,07_US_Unemployment,7,07_US_Unemployment,1.0,-0.0
151,2013-05,7,07_US_Unemployment,7,07_US_Unemployment,1.0,-0.0
152,2013-06,7,07_US_Unemployment,7,07_US_Unemployment,1.0,-0.0
153,2013-07,7,07_US_Unemployment,7,07_US_Unemployment,1.0,-0.0
154,2013-08,7,07_US_Unemployment,7,07_US_Unemployment,1.0,-0.0
155,2013-09,7,07_US_Unemployment,7,07_US_Unemployment,1.0,0.0
156,2013-10,7,07_US_Unemployment,7,07_US_Unemployment,1.0,0.0
157,2013-11,7,07_US_Unemployment,7,07_US_Unemployment,1.0,-0.0
158,2013-12,7,07_US_Unemployment,7,07_US_Unemployment,1.0,-0.0
159,2014-01,7,07_US_Unemployment,7,07_US_Unemployment,1.0,0.0
160,2014-02,7,07_US_Unemployment,7,07_US_Unemployment,1.0,0.0
161,2014-03,7,07_US_Unemployment,7,07_US_Unemployment,1.0,-0.0
162,2014-04,7,07_US_Unemployment,7,07_US_Unemployment,1.0,0.0
163,2014-05,7,07_US_Unemployment,7,07_US_Unemployment,1.0,-0.0
164,2014-06,7,07_US_Unemployment,7,07_US_Unemployment,1.0,0.0
165,2014-07,7,07_US_Unemployment,7,07_US_Unemployment,1.0,-0.0
166,2014-08,7,07_US_Unemployment,7,07_US_Unemployment,1.0,-0.0
167,2014-09,7,07_US_Unemployment,7,07_US_Unemployment,1.0,-0.0
168,2014-10,7,07_US_Unemployment,7,07_US_Unemployment,1.0,0.0
169,2014-11,7,07_US_Unemployment,7,07_US_Unemployment,1.0,-0.0
170,2014-12,7,07_US_Unemployment,7,07_US_Unemployment,1.0,-0.0
171,2015-01,7,07_US_Unemployment,7,07_US_Unemployment,1.0,0.0
172,2015-02,7,07_US_Unemployment,7,07_US_Unemployment,1.0,-0.0
173,2015-03,7,07_US_Unemployment,7,07_US_Unemployment,1.0,0.0
174,2015-04,7,07_US_Unemployment,7,07_US_Unemployment,1.0,-0.0
175,2015-05,7,07_US_Unemployment,7,07_US_Unemployment,1.0,-0.0
176,2015-06,7,07_US_Unemployment,7,07_US_Unemployment,1.0,0.0
177,2015-07,7,07_US_Unemployment,7,07_US_Unemployment,1.0,0.0
178,2015-08,7,07_US_Unemployment,7,07_US_Unemployment,1.0,0.0
179,2015-09,7,07_US_Unemployment,7,07_US_Unemployment,1.0,-0.0
180,2015-10,7,07_US_Unemployment,7,07_US_Unemployment,1.0,-0.0
181,2015-11,7,07_US_Unemployment,7,07_US_Unemployment,1.0,-0.0
182,2015-12,7,07_US_Unemployment,7,07_US_Unemployment,1.0,-0.0
183,2016-01,7,07_US_Unemployment,7,07_US_Unemployment,1.0,0.0
184,2016-02,7,07_US_Unemployment,7,07_US_Unemployment,1.0,-0.0
185,2016-03,7,07_US_Unemployment,7,07_US_Unemployment,1.0,0.0
186,2016-04,7,07_US_Unemployment,7,07_US_Unemployment,1.0,-0.0
187,2016-05,7,07_US_Unemployment,7,07_US_Unemployment,1.0,-0.0
188,2016-06,7,07_US_Unemployment,7,07_US_Unemployment,1.0,-0.0
189,2016-07,7,07_US_Unemployment,7,07_US_Unemployment,1.0,-0.0
190,2016-08,7,07_US_Unemployment,7,07_US_Unemployment,1.0,0.0
191,2016-09,7,07_US_Unemployment,7,07_US_Unemployment,1.0,-0.0
192,2016-10,7,07_US_Unemployment,7,07_US_Unemployment,1.0,-0.0
193,2016-11,7,07_US_Unemployment,7,07_US_Unemployment,1.0,0.0
194,2016-12,7,07_US_Unemployment,7,07_US_Unemployment,1.0,-0.0
195,2017-01,7,07_US_Unemployment,7,07_US_Unemployment,1.0,0.0
196,2017-02,7,07_US_Unemployment,7,07_US_Unemployment,1.0,-0.0
197,2017-03,7,07_US_Unemployment,7,07_US_Unemployment,1.0,0.0
198,2017-04,7,07_US_Unemployment,7,07_US_Unemployment,1.0,0.0
199,2017-05,7,07_US_Unemployment,7,07_US_Unemployment,1.0,0.0
200,2017-06,7,07_US_Unemployment,7,07_US_Unemployment,1.0,-0.0
201,2017-07,7,07_US_Unemployment,7,07_US_Unemployment,1.0,0.0
202,2017-08,7,07_US_Unemployment,7,07_US_Unemployment,1.0,-0.0
203,2017-09,7,07_US_Unemployment,7,07_US_Unemployment,1.0,-0.0
204,2017-10,7,07_US_Unemployment,7,07_US_Unemployment,1.0,-0.0
205,2017-11,7,07_US_Unemployment,7,07_US_Unemployment,1.0,0.0
206,2017-12,7,07_US_Unemployment,7,07_US_Unemployment,1.0,-0.0
207,2018-01,7,07_US_Unemployment,7,07_US_Unemployment,1.0,-0.0
208,2018-02,7,07_US_Unemployment,7,07_US_Unemployment,1.0,-0.0
209,2018-03,7,07_US_Unemployment,7,07_US_Unemployment,1.0,-0.0
210,2018-04,7,07_US_Unemployment,7,07_US_Unemployment,1.0,-0.0
211,2018-05,7,07_US_Unemployment,7,07_US_Unemployment,1.0,0.0
212,2018-06,7,07_US_Unemployment,7,07_US_Unemployment,1.0,0.0
213,2018-07,7,07_US_Unemployment,7,07_US_Unemployment,1.0,-0.0
214,2018-08,7,07_US_Unemployment,7,07_US_Unemployment,1.0,0.0
215,2018-09,7,07_US_Unemployment,7,07_US_Unemployment,1.0,-0.0
216,2018-10,7,07_US_Unemployment,7,07_US_Unemployment,1.0,0.0
217,2018-11,7,07_US_Unemployment,7,07_US_Unemployment,1.0,0.0
218,2018-12,7,07_US_Unemployment,7,07_US_Unemployment,1.0,0.0
219,2019-01,7,07_US_Unemployment,7,07_US_Unemployment,1.0,0.0
220,2019-02,7,07_US_Unemployment,7,07_US_Unemployment,1.0,-0.0
221,2019-03,7,07_US_Unemployment,7,07_US_Unemployment,1.0,-0.0
222,2019-04,7,07_US_Unemployment,7,07_US_Unemployment,1.0,0.0
223,2019-05,7,07_US_Unemployment,7,07_US_Unemployment,1.0,0.0
224,2019-06,7,07_US_Unemployment,7,07_US_Unemployment,1.0,-0.0
225,2019-07,7,07_US_Unemployment,7,07_US_Unemployment,1.0,0.0
226,2019-08,7,07_US_Unemployment,7,07_US_Unemployment,1.0,0.0
227,2019-09,7,07_US_Unemployment,7,07_US_Unemployment,1.0,-0.0
228,2019-10,7,07_US_Unemployment,7,07_US_Unemployment,1.0,-0.0
229,2019-11,7,07_US_Unemployment,7,07_US_Unemployment,1.0,-0.0
230,2019-12,7,07_US_Unemployment,7,07_US_Unemployment,1.0,-0.0
231,2020-01,7,07_US_Unemployment,7,07_US_Unemployment,1.0,0.0
232,2020-02,7,07_US_Unemployment,7,07_US_Unemployment,1.0,0.0
233,2020-03,7,07_US_Unemployment,7,07_US_Unemployment,1.0,-0.0
234,2020-04,7,07_US_Unemployment,7,07_US_Unemployment,1.0,0.0
235,2020-05,7,07_US_Unemployment,7,07_US_Unemployment,1.0,0.0
236,2020-06,7,07_US_Unemployment,7,07_US_Unemployment,1.0,-0.0
237,2020-07,7,07_US_Unemployment,7,07_US_Unemployment,1.0,0.0
238,2020-08,7,07_US_Unemployment,7,07_US_Unemployment,1.0,-0.0
239,2020-09,7,07_US_Unemployment,7,07_US_Unemployment,1.0,-0.0
240,2020-10,7,07_US_Unemployment,7,07_US_Unemployment,1.0,-0.0
241,2020-11,7,07_US_Unemployment,7,07_US_Unemployment,1.0,0.0
242,2020-12,7,07_US_Unemployment,7,07_US_Unemployment,1.0,0.0
243,2021-01,7,07_US_Unemployment,7,07_US_Unemployment,1.0,0.0
244,2021-02,7,07_US_Unemployment,7,07_US_Unemployment,1.0,0.0
245,2021-03,7,07_US_Unemployment,7,07_US_Unemployment,1.0,0.0
246,2021-04,7,07_US_Unemployment,7,07_US_Unemployment,1.0,0.0
247,2021-05,7,07_US_Unemployment,7,07_US_Unemployment,1.0,0.0
248,2021-06,7,07_US_Unemployment,7,07_US_Unemployment,1.0,0.0
249,2021-07,7,07_US_Unemployment,7,07_US_Unemployment,1.0,-0.0
250,2021-08,7,07_US_Unemployment,7,07_US_Unemployment,1.0,0.0
251,2021-09,7,07_US_Unemployment,7,07_US_Unemployment,1.0,-0.0
252,2021-10,7,07_US_Unemployment,7,07_US_Unemployment,1.0,-0.0
253,2021-11,7,07_US_Unemployment,7,07_US_Unemployment,1.0,0.0
254,2021-12,7,07_US_Unemployment,7,07_US_Unemployment,1.0,-0.0
255,2022-01,7,07_US_Unemployment,7,07_US_Unemployment,1.0,0.0
256,2022-02,7,07_US_Unemployment,7,07_US_Unemployment,1.0,0.0
257,2022-03,7,07_US_Unemployment,7,07_US_Unemployment,1.0,-0.0
258,2022-04,7,07_US_Unemployment,7,07_US_Unemployment,1.0,0.0
259,2022-05,7,07_US_Unemployment,7,07_US_Unemployment,1.0,-0.0
260,2022-06,7,07_US_Unemployment,7,07_US_Unemployment,1.0,0.0
261,2022-07,7,07_US_Unemployment,7,07_US_Unemployment,1.0,-0.0
262,2022-08,7,07_US_Unemployment,7,07_US_Unemployment,1.0,-0.0
263,2022-09,7,07_US_Unemployment,7,07_US_Unemployment,1.0,-0.0
264,2022-10,7,07_US_Unemployment,7,07_US_Unemployment,1.0,-0.0
265,2022-11,7,07_US_Unemployment,7,07_US_Unemployment,1.0,-0.0
266,2022-12,7,07_US_Unemployment,7,07_US_Unemployment,1.0,0.0
267,2023-01,7,07_US_Unemployment,7,07_US_Unemployment,1.0,-0.0
268,2023-02,7,07_US_Unemployment,7,07_US_Unemployment,1.0,0.0
